Date,InterfaceID,priority_weight,process_impact_weight,frequency,days_to_quarter_end,close_calendar_multiplier,CoIF
2024-09-01,IF_ORD_001,100,90,61,29,1.032,67.53
2024-09-01,IF_PAY_001,100,100,66,29,1.032,73.71
2024-09-01,IF_PAY_002,25,30,17,29,1.032,31.12
2024-09-01,IF_ORD_002,100,90,37,29,1.032,68.9
2024-09-01,IF_ORD_003,60,80,45,29,1.032,58.99
2024-09-01,IF_MFG_001,60,75,22,29,1.032,51.47
2024-09-01,IF_MFG_002,25,65,14,29,1.032,37.22
2024-09-01,IF_MFG_003,25,35,19,29,1.032,33.13
2024-09-01,IF_MFG_004,5,20,11,29,1.032,21.82
2024-09-01,IF_PRC_001,60,70,24,29,1.032,50.9
2024-09-01,IF_PRC_002,25,55,11,29,1.032,31.35
2024-09-01,IF_PRC_003,5,15,8,29,1.032,12.69
2024-09-01,IF_ASM_001,60,85,20,29,1.032,56.81
2024-09-01,IF_ASM_002,60,80,33,29,1.032,57.26
2024-09-01,IF_DLV_001,100,100,96,29,1.032,76.71
2024-09-02,IF_ORD_001,100,90,48,28,1.037,71.97
2024-09-02,IF_PAY_001,100,100,35,28,1.037,69.26
2024-09-02,IF_PAY_002,25,30,26,28,1.037,35.69
2024-09-02,IF_ORD_002,100,90,52,28,1.037,69.8
2024-09-02,IF_ORD_003,60,80,32,28,1.037,56.51
2024-09-02,IF_MFG_001,60,75,26,28,1.037,54.24
2024-09-02,IF_MFG_002,25,65,21,28,1.037,40.06
2024-09-02,IF_MFG_003,25,35,9,28,1.037,32.48
2024-09-02,IF_MFG_004,5,20,16,28,1.037,16.86
2024-09-02,IF_PRC_001,60,70,154,28,1.037,63.38
2024-09-02,IF_PRC_002,25,55,25,28,1.037,31.46
2024-09-02,IF_PRC_003,5,15,7,28,1.037,14.52
2024-09-02,IF_ASM_001,60,85,28,28,1.037,59.35
2024-09-02,IF_ASM_002,60,80,36,28,1.037,58.88
2024-09-02,IF_DLV_001,100,100,34,28,1.037,72.96
2024-09-03,IF_ORD_001,100,90,40,27,1.042,67.59
2024-09-03,IF_PAY_001,100,100,67,27,1.042,77.3
2024-09-03,IF_PAY_002,25,30,17,27,1.042,31.11
2024-09-03,IF_ORD_002,100,90,66,27,1.042,78.82
2024-09-03,IF_ORD_003,60,80,30,27,1.042,52.21
2024-09-03,IF_MFG_001,60,75,19,27,1.042,56.32
2024-09-03,IF_MFG_002,25,65,8,27,1.042,32.59
2024-09-03,IF_MFG_003,25,35,22,27,1.042,28.31
2024-09-03,IF_MFG_004,5,20,8,27,1.042,18.6
2024-09-03,IF_PRC_001,60,70,25,27,1.042,59.71
2024-09-03,IF_PRC_002,25,55,23,27,1.042,35.73
2024-09-03,IF_PRC_003,5,15,10,27,1.042,12.34
2024-09-03,IF_ASM_001,60,85,24,27,1.042,61.22
2024-09-03,IF_ASM_002,60,80,22,27,1.042,59.23
2024-09-03,IF_DLV_001,100,100,48,27,1.042,73.68
2024-09-04,IF_ORD_001,100,90,26,26,1.049,70.83
2024-09-04,IF_PAY_001,100,100,46,26,1.049,74.67
2024-09-04,IF_PAY_002,25,30,17,26,1.049,36.17
2024-09-04,IF_ORD_002,100,90,31,26,1.049,71.04
2024-09-04,IF_ORD_003,60,80,14,26,1.049,53.35
2024-09-04,IF_MFG_001,60,75,46,26,1.049,55.55
2024-09-04,IF_MFG_002,25,65,13,26,1.049,29.69
2024-09-04,IF_MFG_003,25,35,13,26,1.049,24.62
2024-09-04,IF_MFG_004,5,20,14,26,1.049,20.68
2024-09-04,IF_PRC_001,60,70,20,26,1.049,50.59
2024-09-04,IF_PRC_002,25,55,22,26,1.049,32.65
2024-09-04,IF_PRC_003,5,15,9,26,1.049,20.68
2024-09-04,IF_ASM_001,60,85,31,26,1.049,58.25
2024-09-04,IF_ASM_002,60,80,39,26,1.049,52.13
2024-09-04,IF_DLV_001,100,100,29,26,1.049,74.88
2024-09-05,IF_ORD_001,100,90,44,25,1.056,69.44
2024-09-05,IF_PAY_001,100,100,37,25,1.056,78.13
2024-09-05,IF_PAY_002,25,30,22,25,1.056,31.22
2024-09-05,IF_ORD_002,100,90,77,25,1.056,81.75
2024-09-05,IF_ORD_003,60,80,34,25,1.056,56.6
2024-09-05,IF_MFG_001,60,75,25,25,1.056,51.16
2024-09-05,IF_MFG_002,25,65,18,25,1.056,32.05
2024-09-05,IF_MFG_003,25,35,27,25,1.056,33.83
2024-09-05,IF_MFG_004,5,20,3,25,1.056,16.43
2024-09-05,IF_PRC_001,60,70,22,25,1.056,54.17
2024-09-05,IF_PRC_002,25,55,15,25,1.056,33.59
2024-09-05,IF_PRC_003,5,15,15,25,1.056,23.61
2024-09-05,IF_ASM_001,60,85,13,25,1.056,57.02
2024-09-05,IF_ASM_002,60,80,26,25,1.056,52.32
2024-09-05,IF_DLV_001,100,100,24,25,1.056,73.02
2024-09-06,IF_ORD_001,100,90,48,24,1.065,70.94
2024-09-06,IF_PAY_001,100,100,66,24,1.065,77.59
2024-09-06,IF_PAY_002,25,30,10,24,1.065,30.8
2024-09-06,IF_ORD_002,100,90,40,24,1.065,72.7
2024-09-06,IF_ORD_003,60,80,22,24,1.065,57.5
2024-09-06,IF_MFG_001,60,75,30,24,1.065,52.01
2024-09-06,IF_MFG_002,25,65,11,24,1.065,35.9
2024-09-06,IF_MFG_003,25,35,18,24,1.065,30.35
2024-09-06,IF_MFG_004,5,20,9,24,1.065,21.81
2024-09-06,IF_PRC_001,60,70,26,24,1.065,56.87
2024-09-06,IF_PRC_002,25,55,22,24,1.065,35.19
2024-09-06,IF_PRC_003,5,15,5,24,1.065,16.19
2024-09-06,IF_ASM_001,60,85,26,24,1.065,50.35
2024-09-06,IF_ASM_002,60,80,30,24,1.065,51.25
2024-09-06,IF_DLV_001,100,100,36,24,1.065,68.96
2024-09-07,IF_ORD_001,100,90,41,23,1.075,69.81
2024-09-07,IF_PAY_001,100,100,56,23,1.075,79.9
2024-09-07,IF_PAY_002,25,30,11,23,1.075,28.53
2024-09-07,IF_ORD_002,100,90,34,23,1.075,69.62
2024-09-07,IF_ORD_003,60,80,17,23,1.075,56.6
2024-09-07,IF_MFG_001,60,75,25,23,1.075,54.48
2024-09-07,IF_MFG_002,25,65,23,23,1.075,37.31
2024-09-07,IF_MFG_003,25,35,23,23,1.075,33.72
2024-09-07,IF_MFG_004,5,20,18,23,1.075,18.82
2024-09-07,IF_PRC_001,60,70,27,23,1.075,52.64
2024-09-07,IF_PRC_002,25,55,17,23,1.075,38.62
2024-09-07,IF_PRC_003,5,15,3,23,1.075,13.69
2024-09-07,IF_ASM_001,60,85,34,23,1.075,58.81
2024-09-07,IF_ASM_002,60,80,26,23,1.075,51.64
2024-09-07,IF_DLV_001,100,100,41,23,1.075,69.42
2024-09-08,IF_ORD_001,100,90,28,22,1.086,73.96
2024-09-08,IF_PAY_001,100,100,58,22,1.086,77.52
2024-09-08,IF_PAY_002,25,30,10,22,1.086,23.54
2024-09-08,IF_ORD_002,100,90,58,22,1.086,74.4
2024-09-08,IF_ORD_003,60,80,30,22,1.086,56.78
2024-09-08,IF_MFG_001,60,75,135,22,1.086,58.97
2024-09-08,IF_MFG_002,25,65,28,22,1.086,35.58
2024-09-08,IF_MFG_003,25,35,22,22,1.086,34.47
2024-09-08,IF_MFG_004,5,20,12,22,1.086,25.14
2024-09-08,IF_PRC_001,60,70,22,22,1.086,51.01
2024-09-08,IF_PRC_002,25,55,24,22,1.086,37.9
2024-09-08,IF_PRC_003,5,15,10,22,1.086,19.32
2024-09-08,IF_ASM_001,60,85,35,22,1.086,61.72
2024-09-08,IF_ASM_002,60,80,28,22,1.086,60.13
2024-09-08,IF_DLV_001,100,100,49,22,1.086,78.21
2024-09-09,IF_ORD_001,100,90,40,21,1.1,69.11
2024-09-09,IF_PAY_001,100,100,39,21,1.1,71.29
2024-09-09,IF_PAY_002,25,30,18,21,1.1,32.35
2024-09-09,IF_ORD_002,100,90,49,21,1.1,72.36
2024-09-09,IF_ORD_003,60,80,29,21,1.1,52.88
2024-09-09,IF_MFG_001,60,75,21,21,1.1,50.38
2024-09-09,IF_MFG_002,25,65,21,21,1.1,36.79
2024-09-09,IF_MFG_003,25,35,10,21,1.1,30.03
2024-09-09,IF_MFG_004,5,20,3,21,1.1,17.97
2024-09-09,IF_PRC_001,60,70,34,21,1.1,53.1
2024-09-09,IF_PRC_002,25,55,30,21,1.1,45.51
2024-09-09,IF_PRC_003,5,15,18,21,1.1,22.84
2024-09-09,IF_ASM_001,60,85,31,21,1.1,59.43
2024-09-09,IF_ASM_002,60,80,23,21,1.1,60.02
2024-09-09,IF_DLV_001,100,100,40,21,1.1,75.11
2024-09-10,IF_ORD_001,100,90,61,20,1.115,70.97
2024-09-10,IF_PAY_001,100,100,39,20,1.115,75.7
2024-09-10,IF_PAY_002,25,30,79,20,1.115,38.1
2024-09-10,IF_ORD_002,100,90,46,20,1.115,76.7
2024-09-10,IF_ORD_003,60,80,32,20,1.115,54.84
2024-09-10,IF_MFG_001,60,75,22,20,1.115,52.32
2024-09-10,IF_MFG_002,25,65,31,20,1.115,46.48
2024-09-10,IF_MFG_003,25,35,18,20,1.115,26.49
2024-09-10,IF_MFG_004,5,20,13,20,1.115,12.78
2024-09-10,IF_PRC_001,60,70,44,20,1.115,54.64
2024-09-10,IF_PRC_002,25,55,12,20,1.115,34.9
2024-09-10,IF_PRC_003,5,15,10,20,1.115,19.62
2024-09-10,IF_ASM_001,60,85,22,20,1.115,55.85
2024-09-10,IF_ASM_002,60,80,32,20,1.115,55.35
2024-09-10,IF_DLV_001,100,100,28,20,1.115,75.1
2024-09-11,IF_ORD_001,100,90,40,19,1.133,71.67
2024-09-11,IF_PAY_001,100,100,40,19,1.133,78.57
2024-09-11,IF_PAY_002,25,30,23,19,1.133,30.49
2024-09-11,IF_ORD_002,100,90,27,19,1.133,68.41
2024-09-11,IF_ORD_003,60,80,33,19,1.133,57.21
2024-09-11,IF_MFG_001,60,75,49,19,1.133,56.9
2024-09-11,IF_MFG_002,25,65,17,19,1.133,40.67
2024-09-11,IF_MFG_003,25,35,22,19,1.133,34.79
2024-09-11,IF_MFG_004,5,20,10,19,1.133,21.12
2024-09-11,IF_PRC_001,60,70,24,19,1.133,49.42
2024-09-11,IF_PRC_002,25,55,12,19,1.133,38.96
2024-09-11,IF_PRC_003,5,15,9,19,1.133,16.6
2024-09-11,IF_ASM_001,60,85,38,19,1.133,59.23
2024-09-11,IF_ASM_002,60,80,25,19,1.133,58.34
2024-09-11,IF_DLV_001,100,100,35,19,1.133,76.04
2024-09-12,IF_ORD_001,100,90,38,18,1.153,68.03
2024-09-12,IF_PAY_001,100,100,41,18,1.153,77.36
2024-09-12,IF_PAY_002,25,30,21,18,1.153,31.02
2024-09-12,IF_ORD_002,100,90,66,18,1.153,78.93
2024-09-12,IF_ORD_003,60,80,32,18,1.153,57.34
2024-09-12,IF_MFG_001,60,75,26,18,1.153,56.6
2024-09-12,IF_MFG_002,25,65,15,18,1.153,41.36
2024-09-12,IF_MFG_003,25,35,8,18,1.153,23.76
2024-09-12,IF_MFG_004,5,20,6,18,1.153,19.57
2024-09-12,IF_PRC_001,60,70,37,18,1.153,55.14
2024-09-12,IF_PRC_002,25,55,14,18,1.153,37.73
2024-09-12,IF_PRC_003,5,15,18,18,1.153,25.87
2024-09-12,IF_ASM_001,60,85,29,18,1.153,57.27
2024-09-12,IF_ASM_002,60,80,30,18,1.153,56.46
2024-09-12,IF_DLV_001,100,100,47,18,1.153,75.23
2024-09-13,IF_ORD_001,100,90,26,17,1.176,79.11
2024-09-13,IF_PAY_001,100,100,45,17,1.176,77.14
2024-09-13,IF_PAY_002,25,30,17,17,1.176,26.53
2024-09-13,IF_ORD_002,100,90,35,17,1.176,74.5
2024-09-13,IF_ORD_003,60,80,25,17,1.176,58.92
2024-09-13,IF_MFG_001,60,75,25,17,1.176,56.3
2024-09-13,IF_MFG_002,25,65,15,17,1.176,43.79
2024-09-13,IF_MFG_003,25,35,28,17,1.176,35.03
2024-09-13,IF_MFG_004,5,20,3,17,1.176,12.92
2024-09-13,IF_PRC_001,60,70,40,17,1.176,55.47
2024-09-13,IF_PRC_002,25,55,17,17,1.176,35.35
2024-09-13,IF_PRC_003,5,15,8,17,1.176,18.0
2024-09-13,IF_ASM_001,60,85,17,17,1.176,58.5
2024-09-13,IF_ASM_002,60,80,21,17,1.176,57.26
2024-09-13,IF_DLV_001,100,100,35,17,1.176,73.53
2024-09-14,IF_ORD_001,100,90,40,16,1.203,80.41
2024-09-14,IF_PAY_001,100,100,141,16,1.203,81.37
2024-09-14,IF_PAY_002,25,30,21,16,1.203,32.88
2024-09-14,IF_ORD_002,100,90,34,16,1.203,69.84
2024-09-14,IF_ORD_003,60,80,75,16,1.203,63.45
2024-09-14,IF_MFG_001,60,75,39,16,1.203,59.41
2024-09-14,IF_MFG_002,25,65,10,16,1.203,42.18
2024-09-14,IF_MFG_003,25,35,12,16,1.203,30.75
2024-09-14,IF_MFG_004,5,20,12,16,1.203,28.16
2024-09-14,IF_PRC_001,60,70,21,16,1.203,50.79
2024-09-14,IF_PRC_002,25,55,7,16,1.203,30.06
2024-09-14,IF_PRC_003,5,15,17,16,1.203,24.03
2024-09-14,IF_ASM_001,60,85,18,16,1.203,57.63
2024-09-14,IF_ASM_002,60,80,35,16,1.203,55.51
2024-09-14,IF_DLV_001,100,100,27,16,1.203,77.46
2024-09-15,IF_ORD_001,100,90,47,15,1.235,74.34
2024-09-15,IF_PAY_001,100,100,58,15,1.235,80.57
2024-09-15,IF_PAY_002,25,30,21,15,1.235,30.87
2024-09-15,IF_ORD_002,100,90,31,15,1.235,75.12
2024-09-15,IF_ORD_003,60,80,29,15,1.235,56.95
2024-09-15,IF_MFG_001,60,75,40,15,1.235,62.21
2024-09-15,IF_MFG_002,25,65,32,15,1.235,43.59
2024-09-15,IF_MFG_003,25,35,12,15,1.235,34.96
2024-09-15,IF_MFG_004,5,20,13,15,1.235,22.75
2024-09-15,IF_PRC_001,60,70,25,15,1.235,54.59
2024-09-15,IF_PRC_002,25,55,13,15,1.235,39.29
2024-09-15,IF_PRC_003,5,15,10,15,1.235,19.71
2024-09-15,IF_ASM_001,60,85,33,15,1.235,58.42
2024-09-15,IF_ASM_002,60,80,40,15,1.235,57.81
2024-09-15,IF_DLV_001,100,100,39,15,1.235,77.43
2024-09-16,IF_ORD_001,100,90,223,14,1.271,77.93
2024-09-16,IF_PAY_001,100,100,54,14,1.271,80.58
2024-09-16,IF_PAY_002,25,30,13,14,1.271,25.23
2024-09-16,IF_ORD_002,100,90,31,14,1.271,78.06
2024-09-16,IF_ORD_003,60,80,28,14,1.271,55.09
2024-09-16,IF_MFG_001,60,75,43,14,1.271,56.12
2024-09-16,IF_MFG_002,25,65,20,14,1.271,43.8
2024-09-16,IF_MFG_003,25,35,23,14,1.271,33.56
2024-09-16,IF_MFG_004,5,20,9,14,1.271,23.17
2024-09-16,IF_PRC_001,60,70,31,14,1.271,57.15
2024-09-16,IF_PRC_002,25,55,18,14,1.271,38.14
2024-09-16,IF_PRC_003,5,15,6,14,1.271,19.04
2024-09-16,IF_ASM_001,60,85,20,14,1.271,58.86
2024-09-16,IF_ASM_002,60,80,27,14,1.271,55.84
2024-09-16,IF_DLV_001,100,100,46,14,1.271,76.87
2024-09-17,IF_ORD_001,100,90,38,13,1.312,77.66
2024-09-17,IF_PAY_001,100,100,36,13,1.312,79.03
2024-09-17,IF_PAY_002,25,30,17,13,1.312,36.73
2024-09-17,IF_ORD_002,100,90,50,13,1.312,77.18
2024-09-17,IF_ORD_003,60,80,19,13,1.312,51.14
2024-09-17,IF_MFG_001,60,75,32,13,1.312,55.3
2024-09-17,IF_MFG_002,25,65,9,13,1.312,39.21
2024-09-17,IF_MFG_003,25,35,32,13,1.312,35.82
2024-09-17,IF_MFG_004,5,20,16,13,1.312,23.39
2024-09-17,IF_PRC_001,60,70,37,13,1.312,59.63
2024-09-17,IF_PRC_002,25,55,23,13,1.312,40.33
2024-09-17,IF_PRC_003,5,15,9,13,1.312,20.17
2024-09-17,IF_ASM_001,60,85,21,13,1.312,53.4
2024-09-17,IF_ASM_002,60,80,20,13,1.312,56.63
2024-09-17,IF_DLV_001,100,100,48,13,1.312,73.39
2024-09-18,IF_ORD_001,100,90,31,12,1.36,71.5
2024-09-18,IF_PAY_001,100,100,54,12,1.36,75.12
2024-09-18,IF_PAY_002,25,30,28,12,1.36,39.35
2024-09-18,IF_ORD_002,100,90,34,12,1.36,73.69
2024-09-18,IF_ORD_003,60,80,21,12,1.36,59.69
2024-09-18,IF_MFG_001,60,75,29,12,1.36,51.49
2024-09-18,IF_MFG_002,25,65,30,12,1.36,48.06
2024-09-18,IF_MFG_003,25,35,12,12,1.36,33.56
2024-09-18,IF_MFG_004,5,20,6,12,1.36,22.04
2024-09-18,IF_PRC_001,60,70,36,12,1.36,56.78
2024-09-18,IF_PRC_002,25,55,18,12,1.36,41.18
2024-09-18,IF_PRC_003,5,15,8,12,1.36,18.62
2024-09-18,IF_ASM_001,60,85,28,12,1.36,57.72
2024-09-18,IF_ASM_002,60,80,41,12,1.36,60.3
2024-09-18,IF_DLV_001,100,100,54,12,1.36,74.78
2024-09-19,IF_ORD_001,100,90,25,11,1.415,74.53
2024-09-19,IF_PAY_001,100,100,38,11,1.415,80.23
2024-09-19,IF_PAY_002,25,30,14,11,1.415,32.12
2024-09-19,IF_ORD_002,100,90,53,11,1.415,77.24
2024-09-19,IF_ORD_003,60,80,30,11,1.415,63.05
2024-09-19,IF_MFG_001,60,75,25,11,1.415,57.72
2024-09-19,IF_MFG_002,25,65,21,11,1.415,43.17
2024-09-19,IF_MFG_003,25,35,13,11,1.415,28.22
2024-09-19,IF_MFG_004,5,20,6,11,1.415,22.63
2024-09-19,IF_PRC_001,60,70,21,11,1.415,58.29
2024-09-19,IF_PRC_002,25,55,19,11,1.415,41.18
2024-09-19,IF_PRC_003,5,15,14,11,1.415,22.28
2024-09-19,IF_ASM_001,60,85,43,11,1.415,64.2
2024-09-19,IF_ASM_002,60,80,26,11,1.415,58.04
2024-09-19,IF_DLV_001,100,100,52,11,1.415,77.78
2024-09-20,IF_ORD_001,100,90,52,10,1.479,80.65
2024-09-20,IF_PAY_001,100,100,42,10,1.479,76.44
2024-09-20,IF_PAY_002,25,30,23,10,1.479,34.94
2024-09-20,IF_ORD_002,100,90,46,10,1.479,75.63
2024-09-20,IF_ORD_003,60,80,27,10,1.479,57.48
2024-09-20,IF_MFG_001,60,75,41,10,1.479,55.45
2024-09-20,IF_MFG_002,25,65,31,10,1.479,47.04
2024-09-20,IF_MFG_003,25,35,19,10,1.479,32.58
2024-09-20,IF_MFG_004,5,20,16,10,1.479,31.12
2024-09-20,IF_PRC_001,60,70,37,10,1.479,60.34
2024-09-20,IF_PRC_002,25,55,12,10,1.479,34.81
2024-09-20,IF_PRC_003,5,15,5,10,1.479,19.19
2024-09-20,IF_ASM_001,60,85,38,10,1.479,57.97
2024-09-20,IF_ASM_002,60,80,31,10,1.479,57.6
2024-09-20,IF_DLV_001,100,100,35,10,1.479,73.71
2024-09-21,IF_ORD_001,100,90,43,9,1.553,75.41
2024-09-21,IF_PAY_001,100,100,49,9,1.553,78.33
2024-09-21,IF_PAY_002,25,30,18,9,1.553,32.11
2024-09-21,IF_ORD_002,100,90,39,9,1.553,73.24
2024-09-21,IF_ORD_003,60,80,23,9,1.553,56.61
2024-09-21,IF_MFG_001,60,75,46,9,1.553,61.68
2024-09-21,IF_MFG_002,25,65,20,9,1.553,40.41
2024-09-21,IF_MFG_003,25,35,23,9,1.553,37.9
2024-09-21,IF_MFG_004,5,20,11,9,1.553,27.74
2024-09-21,IF_PRC_001,60,70,27,9,1.553,57.61
2024-09-21,IF_PRC_002,25,55,21,9,1.553,41.2
2024-09-21,IF_PRC_003,5,15,12,9,1.553,24.38
2024-09-21,IF_ASM_001,60,85,29,9,1.553,64.04
2024-09-21,IF_ASM_002,60,80,32,9,1.553,63.53
2024-09-21,IF_DLV_001,100,100,80,9,1.553,82.6
2024-09-22,IF_ORD_001,100,90,45,8,1.638,78.62
2024-09-22,IF_PAY_001,100,100,43,8,1.638,80.27
2024-09-22,IF_PAY_002,25,30,14,8,1.638,34.97
2024-09-22,IF_ORD_002,100,90,158,8,1.638,82.98
2024-09-22,IF_ORD_003,60,80,24,8,1.638,63.55
2024-09-22,IF_MFG_001,60,75,24,8,1.638,63.41
2024-09-22,IF_MFG_002,25,65,32,8,1.638,48.26
2024-09-22,IF_MFG_003,25,35,18,8,1.638,34.11
2024-09-22,IF_MFG_004,5,20,11,8,1.638,20.38
2024-09-22,IF_PRC_001,60,70,26,8,1.638,52.28
2024-09-22,IF_PRC_002,25,55,25,8,1.638,41.51
2024-09-22,IF_PRC_003,5,15,4,8,1.638,15.0
2024-09-22,IF_ASM_001,60,85,44,8,1.638,65.04
2024-09-22,IF_ASM_002,60,80,34,8,1.638,65.67
2024-09-22,IF_DLV_001,100,100,56,8,1.638,77.13
2024-09-23,IF_ORD_001,100,90,42,7,1.736,78.44
2024-09-23,IF_PAY_001,100,100,49,7,1.736,84.05
2024-09-23,IF_PAY_002,25,30,24,7,1.736,34.35
2024-09-23,IF_ORD_002,100,90,74,7,1.736,78.97
2024-09-23,IF_ORD_003,60,80,37,7,1.736,61.23
2024-09-23,IF_MFG_001,60,75,30,7,1.736,61.96
2024-09-23,IF_MFG_002,25,65,18,7,1.736,48.51
2024-09-23,IF_MFG_003,25,35,27,7,1.736,39.51
2024-09-23,IF_MFG_004,5,20,11,7,1.736,24.95
2024-09-23,IF_PRC_001,60,70,29,7,1.736,64.9
2024-09-23,IF_PRC_002,25,55,12,7,1.736,46.12
2024-09-23,IF_PRC_003,5,15,15,7,1.736,25.67
2024-09-23,IF_ASM_001,60,85,134,7,1.736,66.97
2024-09-23,IF_ASM_002,60,80,47,7,1.736,65.56
2024-09-23,IF_DLV_001,100,100,55,7,1.736,83.17
2024-09-24,IF_ORD_001,100,90,54,6,1.849,77.16
2024-09-24,IF_PAY_001,100,100,60,6,1.849,88.74
2024-09-24,IF_PAY_002,25,30,10,6,1.849,36.87
2024-09-24,IF_ORD_002,100,90,47,6,1.849,76.28
2024-09-24,IF_ORD_003,60,80,41,6,1.849,63.68
2024-09-24,IF_MFG_001,60,75,44,6,1.849,64.55
2024-09-24,IF_MFG_002,25,65,12,6,1.849,45.9
2024-09-24,IF_MFG_003,25,35,21,6,1.849,36.0
2024-09-24,IF_MFG_004,5,20,13,6,1.849,24.47
2024-09-24,IF_PRC_001,60,70,30,6,1.849,62.85
2024-09-24,IF_PRC_002,25,55,31,6,1.849,42.67
2024-09-24,IF_PRC_003,5,15,11,6,1.849,25.6
2024-09-24,IF_ASM_001,60,85,175,6,1.849,68.52
2024-09-24,IF_ASM_002,60,80,23,6,1.849,62.49
2024-09-24,IF_DLV_001,100,100,35,6,1.849,77.88
2024-09-25,IF_ORD_001,100,90,79,5,1.979,82.72
2024-09-25,IF_PAY_001,100,100,52,5,1.979,84.97
2024-09-25,IF_PAY_002,25,30,25,5,1.979,38.61
2024-09-25,IF_ORD_002,100,90,43,5,1.979,79.0
2024-09-25,IF_ORD_003,60,80,29,5,1.979,61.6
2024-09-25,IF_MFG_001,60,75,24,5,1.979,65.31
2024-09-25,IF_MFG_002,25,65,16,5,1.979,47.98
2024-09-25,IF_MFG_003,25,35,24,5,1.979,39.65
2024-09-25,IF_MFG_004,5,20,6,5,1.979,24.41
2024-09-25,IF_PRC_001,60,70,41,5,1.979,64.66
2024-09-25,IF_PRC_002,25,55,17,5,1.979,44.45
2024-09-25,IF_PRC_003,5,15,7,5,1.979,22.86
2024-09-25,IF_ASM_001,60,85,41,5,1.979,65.24
2024-09-25,IF_ASM_002,60,80,34,5,1.979,69.41
2024-09-25,IF_DLV_001,100,100,41,5,1.979,78.29
2024-09-26,IF_ORD_001,100,90,70,4,2.129,84.13
2024-09-26,IF_PAY_001,100,100,38,4,2.129,86.07
2024-09-26,IF_PAY_002,25,30,12,4,2.129,33.48
2024-09-26,IF_ORD_002,100,90,85,4,2.129,84.58
2024-09-26,IF_ORD_003,60,80,30,4,2.129,63.4
2024-09-26,IF_MFG_001,60,75,25,4,2.129,64.32
2024-09-26,IF_MFG_002,25,65,20,4,2.129,50.48
2024-09-26,IF_MFG_003,25,35,23,4,2.129,44.69
2024-09-26,IF_MFG_004,5,20,12,4,2.129,28.19
2024-09-26,IF_PRC_001,60,70,49,4,2.129,72.84
2024-09-26,IF_PRC_002,25,55,19,4,2.129,52.22
2024-09-26,IF_PRC_003,5,15,10,4,2.129,26.25
2024-09-26,IF_ASM_001,60,85,34,4,2.129,70.28
2024-09-26,IF_ASM_002,60,80,34,4,2.129,67.75
2024-09-26,IF_DLV_001,100,100,57,4,2.129,87.96
2024-09-27,IF_ORD_001,100,90,54,3,2.303,84.13
2024-09-27,IF_PAY_001,100,100,36,3,2.303,86.4
2024-09-27,IF_PAY_002,25,30,25,3,2.303,38.31
2024-09-27,IF_ORD_002,100,90,69,3,2.303,88.07
2024-09-27,IF_ORD_003,60,80,42,3,2.303,65.03
2024-09-27,IF_MFG_001,60,75,33,3,2.303,70.85
2024-09-27,IF_MFG_002,25,65,20,3,2.303,51.03
2024-09-27,IF_MFG_003,25,35,12,3,2.303,43.17
2024-09-27,IF_MFG_004,5,20,22,3,2.303,36.25
2024-09-27,IF_PRC_001,60,70,30,3,2.303,66.9
2024-09-27,IF_PRC_002,25,55,16,3,2.303,49.95
2024-09-27,IF_PRC_003,5,15,11,3,2.303,27.96
2024-09-27,IF_ASM_001,60,85,21,3,2.303,67.11
2024-09-27,IF_ASM_002,60,80,126,3,2.303,77.42
2024-09-27,IF_DLV_001,100,100,69,3,2.303,89.65
2024-09-28,IF_ORD_001,100,90,64,2,2.503,85.34
2024-09-28,IF_PAY_001,100,100,56,2,2.503,93.53
2024-09-28,IF_PAY_002,25,30,33,2,2.503,46.89
2024-09-28,IF_ORD_002,100,90,84,2,2.503,91.18
2024-09-28,IF_ORD_003,60,80,51,2,2.503,75.09
2024-09-28,IF_MFG_001,60,75,45,2,2.503,74.23
2024-09-28,IF_MFG_002,25,65,22,2,2.503,55.33
2024-09-28,IF_MFG_003,25,35,12,2,2.503,42.13
2024-09-28,IF_MFG_004,5,20,17,2,2.503,33.84
2024-09-28,IF_PRC_001,60,70,46,2,2.503,70.59
2024-09-28,IF_PRC_002,25,55,26,2,2.503,57.43
2024-09-28,IF_PRC_003,5,15,14,2,2.503,31.54
2024-09-28,IF_ASM_001,60,85,43,2,2.503,72.29
2024-09-28,IF_ASM_002,60,80,29,2,2.503,76.3
2024-09-28,IF_DLV_001,100,100,72,2,2.503,94.49
2024-09-29,IF_ORD_001,100,90,84,1,2.734,89.03
2024-09-29,IF_PAY_001,100,100,58,1,2.734,94.88
2024-09-29,IF_PAY_002,25,30,42,1,2.734,49.48
2024-09-29,IF_ORD_002,100,90,54,1,2.734,90.08
2024-09-29,IF_ORD_003,60,80,32,1,2.734,68.98
2024-09-29,IF_MFG_001,60,75,46,1,2.734,70.95
2024-09-29,IF_MFG_002,25,65,16,1,2.734,53.82
2024-09-29,IF_MFG_003,25,35,20,1,2.734,49.4
2024-09-29,IF_MFG_004,5,20,81,1,2.734,45.69
2024-09-29,IF_PRC_001,60,70,27,1,2.734,73.58
2024-09-29,IF_PRC_002,25,55,15,1,2.734,50.12
2024-09-29,IF_PRC_003,5,15,12,1,2.734,37.03
2024-09-29,IF_ASM_001,60,85,38,1,2.734,75.92
2024-09-29,IF_ASM_002,60,80,28,1,2.734,72.77
2024-09-29,IF_DLV_001,100,100,344,1,2.734,99.01
2024-09-30,IF_ORD_001,100,90,81,0,3.0,96.09
2024-09-30,IF_PAY_001,100,100,31,0,3.0,92.06
2024-09-30,IF_PAY_002,25,30,19,0,3.0,51.55
2024-09-30,IF_ORD_002,100,90,82,0,3.0,91.91
2024-09-30,IF_ORD_003,60,80,55,0,3.0,79.5
2024-09-30,IF_MFG_001,60,75,40,0,3.0,73.79
2024-09-30,IF_MFG_002,25,65,15,0,3.0,52.53
2024-09-30,IF_MFG_003,25,35,33,0,3.0,52.68
2024-09-30,IF_MFG_004,5,20,24,0,3.0,45.94
2024-09-30,IF_PRC_001,60,70,47,0,3.0,76.2
2024-09-30,IF_PRC_002,25,55,20,0,3.0,56.2
2024-09-30,IF_PRC_003,5,15,15,0,3.0,43.18
2024-09-30,IF_ASM_001,60,85,39,0,3.0,79.01
2024-09-30,IF_ASM_002,60,80,41,0,3.0,78.5
2024-09-30,IF_DLV_001,100,100,79,0,3.0,92.01
2024-10-01,IF_ORD_001,100,90,40,91,1.0,74.12
2024-10-01,IF_PAY_001,100,100,33,91,1.0,76.11
2024-10-01,IF_PAY_002,25,30,23,91,1.0,26.84
2024-10-01,IF_ORD_002,100,90,41,91,1.0,65.55
2024-10-01,IF_ORD_003,60,80,31,91,1.0,60.24
2024-10-01,IF_MFG_001,60,75,32,91,1.0,52.52
2024-10-01,IF_MFG_002,25,65,11,91,1.0,36.0
2024-10-01,IF_MFG_003,25,35,16,91,1.0,33.79
2024-10-01,IF_MFG_004,5,20,16,91,1.0,19.98
2024-10-01,IF_PRC_001,60,70,38,91,1.0,50.85
2024-10-01,IF_PRC_002,25,55,26,91,1.0,36.13
2024-10-01,IF_PRC_003,5,15,8,91,1.0,16.69
2024-10-01,IF_ASM_001,60,85,37,91,1.0,54.35
2024-10-01,IF_ASM_002,60,80,31,91,1.0,55.63
2024-10-01,IF_DLV_001,100,100,41,91,1.0,72.23
2024-10-02,IF_ORD_001,100,90,43,90,1.0,72.88
2024-10-02,IF_PAY_001,100,100,24,90,1.0,74.03
2024-10-02,IF_PAY_002,25,30,16,90,1.0,28.4
2024-10-02,IF_ORD_002,100,90,41,90,1.0,70.93
2024-10-02,IF_ORD_003,60,80,39,90,1.0,56.82
2024-10-02,IF_MFG_001,60,75,24,90,1.0,55.3
2024-10-02,IF_MFG_002,25,65,25,90,1.0,31.4
2024-10-02,IF_MFG_003,25,35,18,90,1.0,30.7
2024-10-02,IF_MFG_004,5,20,5,90,1.0,19.3
2024-10-02,IF_PRC_001,60,70,26,90,1.0,49.21
2024-10-02,IF_PRC_002,25,55,16,90,1.0,34.16
2024-10-02,IF_PRC_003,5,15,5,90,1.0,11.68
2024-10-02,IF_ASM_001,60,85,27,90,1.0,54.44
2024-10-02,IF_ASM_002,60,80,22,90,1.0,52.44
2024-10-02,IF_DLV_001,100,100,47,90,1.0,76.21
2024-10-03,IF_ORD_001,100,90,36,89,1.0,68.41
2024-10-03,IF_PAY_001,100,100,50,89,1.0,77.49
2024-10-03,IF_PAY_002,25,30,21,89,1.0,38.31
2024-10-03,IF_ORD_002,100,90,28,89,1.0,73.79
2024-10-03,IF_ORD_003,60,80,19,89,1.0,53.21
2024-10-03,IF_MFG_001,60,75,26,89,1.0,57.61
2024-10-03,IF_MFG_002,25,65,22,89,1.0,41.4
2024-10-03,IF_MFG_003,25,35,14,89,1.0,28.96
2024-10-03,IF_MFG_004,5,20,5,89,1.0,11.3
2024-10-03,IF_PRC_001,60,70,22,89,1.0,51.15
2024-10-03,IF_PRC_002,25,55,13,89,1.0,36.93
2024-10-03,IF_PRC_003,5,15,29,89,1.0,21.85
2024-10-03,IF_ASM_001,60,85,33,89,1.0,58.3
2024-10-03,IF_ASM_002,60,80,25,89,1.0,57.52
2024-10-03,IF_DLV_001,100,100,30,89,1.0,70.41
2024-10-04,IF_ORD_001,100,90,43,88,1.0,75.65
2024-10-04,IF_PAY_001,100,100,58,88,1.0,70.91
2024-10-04,IF_PAY_002,25,30,17,88,1.0,25.63
2024-10-04,IF_ORD_002,100,90,42,88,1.0,65.71
2024-10-04,IF_ORD_003,60,80,21,88,1.0,46.67
2024-10-04,IF_MFG_001,60,75,18,88,1.0,52.34
2024-10-04,IF_MFG_002,25,65,10,88,1.0,36.12
2024-10-04,IF_MFG_003,25,35,20,88,1.0,31.14
2024-10-04,IF_MFG_004,5,20,9,88,1.0,16.36
2024-10-04,IF_PRC_001,60,70,43,88,1.0,50.76
2024-10-04,IF_PRC_002,25,55,20,88,1.0,42.25
2024-10-04,IF_PRC_003,5,15,8,88,1.0,14.03
2024-10-04,IF_ASM_001,60,85,19,88,1.0,55.01
2024-10-04,IF_ASM_002,60,80,30,88,1.0,49.81
2024-10-04,IF_DLV_001,100,100,31,88,1.0,76.06
2024-10-05,IF_ORD_001,100,90,62,87,1.0,77.94
2024-10-05,IF_PAY_001,100,100,49,87,1.0,76.76
2024-10-05,IF_PAY_002,25,30,16,87,1.0,26.06
2024-10-05,IF_ORD_002,100,90,33,87,1.0,66.26
2024-10-05,IF_ORD_003,60,80,17,87,1.0,47.6
2024-10-05,IF_MFG_001,60,75,42,87,1.0,58.58
2024-10-05,IF_MFG_002,25,65,26,87,1.0,41.13
2024-10-05,IF_MFG_003,25,35,19,87,1.0,29.35
2024-10-05,IF_MFG_004,5,20,7,87,1.0,17.53
2024-10-05,IF_PRC_001,60,70,27,87,1.0,59.27
2024-10-05,IF_PRC_002,25,55,12,87,1.0,36.49
2024-10-05,IF_PRC_003,5,15,9,87,1.0,15.66
2024-10-05,IF_ASM_001,60,85,32,87,1.0,54.78
2024-10-05,IF_ASM_002,60,80,30,87,1.0,52.82
2024-10-05,IF_DLV_001,100,100,45,87,1.0,75.79
2024-10-06,IF_ORD_001,100,90,34,86,1.0,67.71
2024-10-06,IF_PAY_001,100,100,51,86,1.0,73.21
2024-10-06,IF_PAY_002,25,30,10,86,1.0,29.62
2024-10-06,IF_ORD_002,100,90,35,86,1.0,70.13
2024-10-06,IF_ORD_003,60,80,32,86,1.0,53.41
2024-10-06,IF_MFG_001,60,75,18,86,1.0,52.73
2024-10-06,IF_MFG_002,25,65,28,86,1.0,35.82
2024-10-06,IF_MFG_003,25,35,15,86,1.0,24.89
2024-10-06,IF_MFG_004,5,20,5,86,1.0,11.94
2024-10-06,IF_PRC_001,60,70,43,86,1.0,52.36
2024-10-06,IF_PRC_002,25,55,6,86,1.0,34.93
2024-10-06,IF_PRC_003,5,15,10,86,1.0,17.33
2024-10-06,IF_ASM_001,60,85,38,86,1.0,58.21
2024-10-06,IF_ASM_002,60,80,26,86,1.0,56.67
2024-10-06,IF_DLV_001,100,100,137,86,1.0,80.11
2024-10-07,IF_ORD_001,100,90,56,85,1.0,74.65
2024-10-07,IF_PAY_001,100,100,93,85,1.0,81.44
2024-10-07,IF_PAY_002,25,30,21,85,1.0,39.5
2024-10-07,IF_ORD_002,100,90,25,85,1.0,71.24
2024-10-07,IF_ORD_003,60,80,38,85,1.0,55.85
2024-10-07,IF_MFG_001,60,75,21,85,1.0,47.78
2024-10-07,IF_MFG_002,25,65,21,85,1.0,41.18
2024-10-07,IF_MFG_003,25,35,15,85,1.0,27.31
2024-10-07,IF_MFG_004,5,20,8,85,1.0,14.49
2024-10-07,IF_PRC_001,60,70,22,85,1.0,47.02
2024-10-07,IF_PRC_002,25,55,19,85,1.0,31.91
2024-10-07,IF_PRC_003,5,15,11,85,1.0,16.6
2024-10-07,IF_ASM_001,60,85,12,85,1.0,52.15
2024-10-07,IF_ASM_002,60,80,23,85,1.0,55.23
2024-10-07,IF_DLV_001,100,100,50,85,1.0,78.87
2024-10-08,IF_ORD_001,100,90,51,84,1.0,70.41
2024-10-08,IF_PAY_001,100,100,23,84,1.0,69.49
2024-10-08,IF_PAY_002,25,30,19,84,1.0,32.15
2024-10-08,IF_ORD_002,100,90,21,84,1.0,68.68
2024-10-08,IF_ORD_003,60,80,20,84,1.0,53.73
2024-10-08,IF_MFG_001,60,75,33,84,1.0,52.38
2024-10-08,IF_MFG_002,25,65,16,84,1.0,34.59
2024-10-08,IF_MFG_003,25,35,22,84,1.0,23.63
2024-10-08,IF_MFG_004,5,20,6,84,1.0,19.08
2024-10-08,IF_PRC_001,60,70,30,84,1.0,54.92
2024-10-08,IF_PRC_002,25,55,17,84,1.0,31.58
2024-10-08,IF_PRC_003,5,15,7,84,1.0,15.43
2024-10-08,IF_ASM_001,60,85,130,84,1.0,66.47
2024-10-08,IF_ASM_002,60,80,38,84,1.0,53.23
2024-10-08,IF_DLV_001,100,100,44,84,1.0,74.38
2024-10-09,IF_ORD_001,100,90,62,83,1.0,68.33
2024-10-09,IF_PAY_001,100,100,50,83,1.0,74.78
2024-10-09,IF_PAY_002,25,30,17,83,1.0,23.75
2024-10-09,IF_ORD_002,100,90,49,83,1.0,73.46
2024-10-09,IF_ORD_003,60,80,28,83,1.0,59.84
2024-10-09,IF_MFG_001,60,75,40,83,1.0,55.79
2024-10-09,IF_MFG_002,25,65,22,83,1.0,38.34
2024-10-09,IF_MFG_003,25,35,14,83,1.0,26.68
2024-10-09,IF_MFG_004,5,20,30,83,1.0,25.07
2024-10-09,IF_PRC_001,60,70,24,83,1.0,51.91
2024-10-09,IF_PRC_002,25,55,17,83,1.0,35.63
2024-10-09,IF_PRC_003,5,15,7,83,1.0,16.89
2024-10-09,IF_ASM_001,60,85,37,83,1.0,54.15
2024-10-09,IF_ASM_002,60,80,38,83,1.0,58.06
2024-10-09,IF_DLV_001,100,100,58,83,1.0,73.18
2024-10-10,IF_ORD_001,100,90,51,82,1.0,77.2
2024-10-10,IF_PAY_001,100,100,35,82,1.0,66.27
2024-10-10,IF_PAY_002,25,30,22,82,1.0,33.46
2024-10-10,IF_ORD_002,100,90,45,82,1.0,80.02
2024-10-10,IF_ORD_003,60,80,41,82,1.0,58.2
2024-10-10,IF_MFG_001,60,75,31,82,1.0,59.97
2024-10-10,IF_MFG_002,25,65,15,82,1.0,36.58
2024-10-10,IF_MFG_003,25,35,11,82,1.0,23.89
2024-10-10,IF_MFG_004,5,20,8,82,1.0,13.5
2024-10-10,IF_PRC_001,60,70,29,82,1.0,51.54
2024-10-10,IF_PRC_002,25,55,14,82,1.0,28.33
2024-10-10,IF_PRC_003,5,15,10,82,1.0,17.99
2024-10-10,IF_ASM_001,60,85,31,82,1.0,55.67
2024-10-10,IF_ASM_002,60,80,23,82,1.0,57.07
2024-10-10,IF_DLV_001,100,100,50,82,1.0,76.5
2024-10-11,IF_ORD_001,100,90,52,81,1.0,73.63
2024-10-11,IF_PAY_001,100,100,60,81,1.0,73.61
2024-10-11,IF_PAY_002,25,30,22,81,1.0,30.44
2024-10-11,IF_ORD_002,100,90,56,81,1.0,71.71
2024-10-11,IF_ORD_003,60,80,19,81,1.0,48.96
2024-10-11,IF_MFG_001,60,75,33,81,1.0,58.24
2024-10-11,IF_MFG_002,25,65,22,81,1.0,38.37
2024-10-11,IF_MFG_003,25,35,18,81,1.0,30.46
2024-10-11,IF_MFG_004,5,20,8,81,1.0,20.6
2024-10-11,IF_PRC_001,60,70,33,81,1.0,56.17
2024-10-11,IF_PRC_002,25,55,14,81,1.0,35.97
2024-10-11,IF_PRC_003,5,15,11,81,1.0,21.78
2024-10-11,IF_ASM_001,60,85,31,81,1.0,59.07
2024-10-11,IF_ASM_002,60,80,19,81,1.0,52.79
2024-10-11,IF_DLV_001,100,100,32,81,1.0,74.36
2024-10-12,IF_ORD_001,100,90,32,80,1.0,76.02
2024-10-12,IF_PAY_001,100,100,44,80,1.0,73.82
2024-10-12,IF_PAY_002,25,30,12,80,1.0,35.26
2024-10-12,IF_ORD_002,100,90,33,80,1.0,72.98
2024-10-12,IF_ORD_003,60,80,28,80,1.0,57.2
2024-10-12,IF_MFG_001,60,75,32,80,1.0,56.11
2024-10-12,IF_MFG_002,25,65,20,80,1.0,41.51
2024-10-12,IF_MFG_003,25,35,14,80,1.0,30.73
2024-10-12,IF_MFG_004,5,20,24,80,1.0,26.64
2024-10-12,IF_PRC_001,60,70,29,80,1.0,54.6
2024-10-12,IF_PRC_002,25,55,13,80,1.0,31.68
2024-10-12,IF_PRC_003,5,15,7,80,1.0,16.02
2024-10-12,IF_ASM_001,60,85,22,80,1.0,51.73
2024-10-12,IF_ASM_002,60,80,20,80,1.0,54.85
2024-10-12,IF_DLV_001,100,100,47,80,1.0,76.44
2024-10-13,IF_ORD_001,100,90,65,79,1.0,72.88
2024-10-13,IF_PAY_001,100,100,47,79,1.0,72.07
2024-10-13,IF_PAY_002,25,30,14,79,1.0,27.66
2024-10-13,IF_ORD_002,100,90,47,79,1.0,69.44
2024-10-13,IF_ORD_003,60,80,28,79,1.0,56.87
2024-10-13,IF_MFG_001,60,75,28,79,1.0,54.21
2024-10-13,IF_MFG_002,25,65,15,79,1.0,39.67
2024-10-13,IF_MFG_003,25,35,23,79,1.0,30.62
2024-10-13,IF_MFG_004,5,20,9,79,1.0,15.7
2024-10-13,IF_PRC_001,60,70,34,79,1.0,48.22
2024-10-13,IF_PRC_002,25,55,16,79,1.0,33.47
2024-10-13,IF_PRC_003,5,15,11,79,1.0,17.44
2024-10-13,IF_ASM_001,60,85,37,79,1.0,59.63
2024-10-13,IF_ASM_002,60,80,18,79,1.0,49.95
2024-10-13,IF_DLV_001,100,100,48,79,1.0,68.83
2024-10-14,IF_ORD_001,100,90,32,78,1.0,75.27
2024-10-14,IF_PAY_001,100,100,31,78,1.0,71.76
2024-10-14,IF_PAY_002,25,30,32,78,1.0,31.47
2024-10-14,IF_ORD_002,100,90,49,78,1.0,64.12
2024-10-14,IF_ORD_003,60,80,19,78,1.0,53.73
2024-10-14,IF_MFG_001,60,75,36,78,1.0,53.47
2024-10-14,IF_MFG_002,25,65,21,78,1.0,38.25
2024-10-14,IF_MFG_003,25,35,15,78,1.0,29.08
2024-10-14,IF_MFG_004,5,20,12,78,1.0,15.9
2024-10-14,IF_PRC_001,60,70,48,78,1.0,59.19
2024-10-14,IF_PRC_002,25,55,18,78,1.0,35.66
2024-10-14,IF_PRC_003,5,15,5,78,1.0,15.95
2024-10-14,IF_ASM_001,60,85,18,78,1.0,53.95
2024-10-14,IF_ASM_002,60,80,28,78,1.0,49.63
2024-10-14,IF_DLV_001,100,100,47,78,1.0,75.98
2024-10-15,IF_ORD_001,100,90,27,77,1.0,65.27
2024-10-15,IF_PAY_001,100,100,42,77,1.0,69.84
2024-10-15,IF_PAY_002,25,30,9,77,1.0,30.18
2024-10-15,IF_ORD_002,100,90,29,77,1.0,68.66
2024-10-15,IF_ORD_003,60,80,23,77,1.0,50.67
2024-10-15,IF_MFG_001,60,75,15,77,1.0,46.0
2024-10-15,IF_MFG_002,25,65,10,77,1.0,32.55
2024-10-15,IF_MFG_003,25,35,25,77,1.0,31.06
2024-10-15,IF_MFG_004,5,20,6,77,1.0,12.89
2024-10-15,IF_PRC_001,60,70,30,77,1.0,48.35
2024-10-15,IF_PRC_002,25,55,15,77,1.0,38.66
2024-10-15,IF_PRC_003,5,15,11,77,1.0,16.72
2024-10-15,IF_ASM_001,60,85,18,77,1.0,53.77
2024-10-15,IF_ASM_002,60,80,41,77,1.0,54.44
2024-10-15,IF_DLV_001,100,100,37,77,1.0,76.09
2024-10-16,IF_ORD_001,100,90,54,76,1.0,69.98
2024-10-16,IF_PAY_001,100,100,51,76,1.0,71.7
2024-10-16,IF_PAY_002,25,30,21,76,1.0,31.06
2024-10-16,IF_ORD_002,100,90,46,76,1.0,72.62
2024-10-16,IF_ORD_003,60,80,26,76,1.0,53.66
2024-10-16,IF_MFG_001,60,75,26,76,1.0,49.8
2024-10-16,IF_MFG_002,25,65,12,76,1.0,33.43
2024-10-16,IF_MFG_003,25,35,10,76,1.0,31.23
2024-10-16,IF_MFG_004,5,20,8,76,1.0,20.13
2024-10-16,IF_PRC_001,60,70,34,76,1.0,52.26
2024-10-16,IF_PRC_002,25,55,12,76,1.0,39.2
2024-10-16,IF_PRC_003,5,15,11,76,1.0,16.67
2024-10-16,IF_ASM_001,60,85,25,76,1.0,50.86
2024-10-16,IF_ASM_002,60,80,32,76,1.0,51.75
2024-10-16,IF_DLV_001,100,100,32,76,1.0,72.91
2024-10-17,IF_ORD_001,100,90,49,75,1.0,72.27
2024-10-17,IF_PAY_001,100,100,34,75,1.0,72.27
2024-10-17,IF_PAY_002,25,30,15,75,1.0,30.01
2024-10-17,IF_ORD_002,100,90,48,75,1.0,70.73
2024-10-17,IF_ORD_003,60,80,29,75,1.0,55.68
2024-10-17,IF_MFG_001,60,75,16,75,1.0,52.11
2024-10-17,IF_MFG_002,25,65,23,75,1.0,38.93
2024-10-17,IF_MFG_003,25,35,13,75,1.0,27.87
2024-10-17,IF_MFG_004,5,20,13,75,1.0,17.2
2024-10-17,IF_PRC_001,60,70,34,75,1.0,53.4
2024-10-17,IF_PRC_002,25,55,6,75,1.0,32.6
2024-10-17,IF_PRC_003,5,15,12,75,1.0,18.54
2024-10-17,IF_ASM_001,60,85,18,75,1.0,46.67
2024-10-17,IF_ASM_002,60,80,36,75,1.0,57.67
2024-10-17,IF_DLV_001,100,100,46,75,1.0,77.57
2024-10-18,IF_ORD_001,100,90,25,74,1.0,70.93
2024-10-18,IF_PAY_001,100,100,50,74,1.0,77.62
2024-10-18,IF_PAY_002,25,30,17,74,1.0,27.1
2024-10-18,IF_ORD_002,100,90,69,74,1.0,77.82
2024-10-18,IF_ORD_003,60,80,29,74,1.0,65.31
2024-10-18,IF_MFG_001,60,75,39,74,1.0,55.41
2024-10-18,IF_MFG_002,25,65,25,74,1.0,44.35
2024-10-18,IF_MFG_003,25,35,15,74,1.0,31.15
2024-10-18,IF_MFG_004,5,20,21,74,1.0,17.87
2024-10-18,IF_PRC_001,60,70,44,74,1.0,54.19
2024-10-18,IF_PRC_002,25,55,12,74,1.0,35.04
2024-10-18,IF_PRC_003,5,15,15,74,1.0,14.81
2024-10-18,IF_ASM_001,60,85,40,74,1.0,56.65
2024-10-18,IF_ASM_002,60,80,25,74,1.0,55.96
2024-10-18,IF_DLV_001,100,100,35,74,1.0,67.94
2024-10-19,IF_ORD_001,100,90,50,73,1.0,73.71
2024-10-19,IF_PAY_001,100,100,60,73,1.0,74.45
2024-10-19,IF_PAY_002,25,30,23,73,1.0,30.48
2024-10-19,IF_ORD_002,100,90,53,73,1.0,71.22
2024-10-19,IF_ORD_003,60,80,38,73,1.0,54.19
2024-10-19,IF_MFG_001,60,75,40,73,1.0,57.37
2024-10-19,IF_MFG_002,25,65,15,73,1.0,38.18
2024-10-19,IF_MFG_003,25,35,14,73,1.0,27.2
2024-10-19,IF_MFG_004,5,20,12,73,1.0,17.4
2024-10-19,IF_PRC_001,60,70,17,73,1.0,53.25
2024-10-19,IF_PRC_002,25,55,17,73,1.0,38.26
2024-10-19,IF_PRC_003,5,15,10,73,1.0,20.67
2024-10-19,IF_ASM_001,60,85,31,73,1.0,62.05
2024-10-19,IF_ASM_002,60,80,20,73,1.0,57.4
2024-10-19,IF_DLV_001,100,100,50,73,1.0,79.67
2024-10-20,IF_ORD_001,100,90,51,72,1.0,70.86
2024-10-20,IF_PAY_001,100,100,32,72,1.0,73.78
2024-10-20,IF_PAY_002,25,30,24,72,1.0,29.71
2024-10-20,IF_ORD_002,100,90,53,72,1.0,72.38
2024-10-20,IF_ORD_003,60,80,16,72,1.0,52.25
2024-10-20,IF_MFG_001,60,75,66,72,1.0,54.86
2024-10-20,IF_MFG_002,25,65,12,72,1.0,36.88
2024-10-20,IF_MFG_003,25,35,55,72,1.0,30.99
2024-10-20,IF_MFG_004,5,20,14,72,1.0,21.73
2024-10-20,IF_PRC_001,60,70,22,72,1.0,50.37
2024-10-20,IF_PRC_002,25,55,11,72,1.0,31.95
2024-10-20,IF_PRC_003,5,15,7,72,1.0,13.36
2024-10-20,IF_ASM_001,60,85,25,72,1.0,56.54
2024-10-20,IF_ASM_002,60,80,18,72,1.0,52.13
2024-10-20,IF_DLV_001,100,100,48,72,1.0,70.98
2024-10-21,IF_ORD_001,100,90,37,71,1.0,66.65
2024-10-21,IF_PAY_001,100,100,61,71,1.0,77.73
2024-10-21,IF_PAY_002,25,30,11,71,1.0,31.22
2024-10-21,IF_ORD_002,100,90,45,71,1.0,71.43
2024-10-21,IF_ORD_003,60,80,22,71,1.0,57.43
2024-10-21,IF_MFG_001,60,75,39,71,1.0,59.42
2024-10-21,IF_MFG_002,25,65,12,71,1.0,33.93
2024-10-21,IF_MFG_003,25,35,14,71,1.0,25.48
2024-10-21,IF_MFG_004,5,20,12,71,1.0,15.11
2024-10-21,IF_PRC_001,60,70,33,71,1.0,54.66
2024-10-21,IF_PRC_002,25,55,20,71,1.0,35.15
2024-10-21,IF_PRC_003,5,15,12,71,1.0,11.56
2024-10-21,IF_ASM_001,60,85,20,71,1.0,55.69
2024-10-21,IF_ASM_002,60,80,15,71,1.0,51.07
2024-10-21,IF_DLV_001,100,100,205,71,1.0,80.64
2024-10-22,IF_ORD_001,100,90,50,70,1.0,72.06
2024-10-22,IF_PAY_001,100,100,39,70,1.0,71.13
2024-10-22,IF_PAY_002,25,30,6,70,1.0,25.47
2024-10-22,IF_ORD_002,100,90,58,70,1.0,72.69
2024-10-22,IF_ORD_003,60,80,47,70,1.0,62.37
2024-10-22,IF_MFG_001,60,75,33,70,1.0,51.41
2024-10-22,IF_MFG_002,25,65,17,70,1.0,33.69
2024-10-22,IF_MFG_003,25,35,27,70,1.0,29.83
2024-10-22,IF_MFG_004,5,20,9,70,1.0,14.8
2024-10-22,IF_PRC_001,60,70,19,70,1.0,46.87
2024-10-22,IF_PRC_002,25,55,6,70,1.0,33.67
2024-10-22,IF_PRC_003,5,15,1,70,1.0,9.8
2024-10-22,IF_ASM_001,60,85,15,70,1.0,47.51
2024-10-22,IF_ASM_002,60,80,28,70,1.0,53.87
2024-10-22,IF_DLV_001,100,100,44,70,1.0,71.94
2024-10-23,IF_ORD_001,100,90,48,69,1.0,72.97
2024-10-23,IF_PAY_001,100,100,37,69,1.0,72.21
2024-10-23,IF_PAY_002,25,30,14,69,1.0,19.27
2024-10-23,IF_ORD_002,100,90,29,69,1.0,70.76
2024-10-23,IF_ORD_003,60,80,36,69,1.0,54.56
2024-10-23,IF_MFG_001,60,75,40,69,1.0,59.12
2024-10-23,IF_MFG_002,25,65,15,69,1.0,37.03
2024-10-23,IF_MFG_003,25,35,14,69,1.0,32.01
2024-10-23,IF_MFG_004,5,20,11,69,1.0,24.55
2024-10-23,IF_PRC_001,60,70,24,69,1.0,51.19
2024-10-23,IF_PRC_002,25,55,7,69,1.0,30.32
2024-10-23,IF_PRC_003,5,15,8,69,1.0,16.07
2024-10-23,IF_ASM_001,60,85,27,69,1.0,54.23
2024-10-23,IF_ASM_002,60,80,19,69,1.0,48.23
2024-10-23,IF_DLV_001,100,100,31,69,1.0,62.84
2024-10-24,IF_ORD_001,100,90,57,68,1.0,70.23
2024-10-24,IF_PAY_001,100,100,39,68,1.0,70.55
2024-10-24,IF_PAY_002,25,30,15,68,1.0,28.56
2024-10-24,IF_ORD_002,100,90,110,68,1.0,74.89
2024-10-24,IF_ORD_003,60,80,40,68,1.0,48.82
2024-10-24,IF_MFG_001,60,75,47,68,1.0,58.44
2024-10-24,IF_MFG_002,25,65,17,68,1.0,36.28
2024-10-24,IF_MFG_003,25,35,13,68,1.0,24.9
2024-10-24,IF_MFG_004,5,20,8,68,1.0,17.47
2024-10-24,IF_PRC_001,60,70,34,68,1.0,55.39
2024-10-24,IF_PRC_002,25,55,18,68,1.0,37.58
2024-10-24,IF_PRC_003,5,15,13,68,1.0,16.65
2024-10-24,IF_ASM_001,60,85,41,68,1.0,58.34
2024-10-24,IF_ASM_002,60,80,27,68,1.0,55.34
2024-10-24,IF_DLV_001,100,100,37,68,1.0,72.15
2024-10-25,IF_ORD_001,100,90,26,67,1.0,67.76
2024-10-25,IF_PAY_001,100,100,44,67,1.0,73.82
2024-10-25,IF_PAY_002,25,30,11,67,1.0,26.82
2024-10-25,IF_ORD_002,100,90,42,67,1.0,66.0
2024-10-25,IF_ORD_003,60,80,27,67,1.0,59.96
2024-10-25,IF_MFG_001,60,75,32,67,1.0,52.53
2024-10-25,IF_MFG_002,25,65,11,67,1.0,39.75
2024-10-25,IF_MFG_003,25,35,20,67,1.0,36.22
2024-10-25,IF_MFG_004,5,20,10,67,1.0,15.9
2024-10-25,IF_PRC_001,60,70,25,67,1.0,51.77
2024-10-25,IF_PRC_002,25,55,9,67,1.0,34.92
2024-10-25,IF_PRC_003,5,15,12,67,1.0,23.96
2024-10-25,IF_ASM_001,60,85,39,67,1.0,56.47
2024-10-25,IF_ASM_002,60,80,18,67,1.0,58.31
2024-10-25,IF_DLV_001,100,100,56,67,1.0,73.13
2024-10-26,IF_ORD_001,100,90,66,66,1.0,72.09
2024-10-26,IF_PAY_001,100,100,42,66,1.0,67.9
2024-10-26,IF_PAY_002,25,30,19,66,1.0,23.88
2024-10-26,IF_ORD_002,100,90,32,66,1.0,66.91
2024-10-26,IF_ORD_003,60,80,21,66,1.0,51.19
2024-10-26,IF_MFG_001,60,75,29,66,1.0,48.41
2024-10-26,IF_MFG_002,25,65,12,66,1.0,34.94
2024-10-26,IF_MFG_003,25,35,19,66,1.0,32.7
2024-10-26,IF_MFG_004,5,20,3,66,1.0,9.85
2024-10-26,IF_PRC_001,60,70,35,66,1.0,52.02
2024-10-26,IF_PRC_002,25,55,18,66,1.0,34.3
2024-10-26,IF_PRC_003,5,15,4,66,1.0,12.22
2024-10-26,IF_ASM_001,60,85,31,66,1.0,58.2
2024-10-26,IF_ASM_002,60,80,18,66,1.0,52.4
2024-10-26,IF_DLV_001,100,100,42,66,1.0,67.49
2024-10-27,IF_ORD_001,100,90,58,65,1.0,76.54
2024-10-27,IF_PAY_001,100,100,17,65,1.0,67.08
2024-10-27,IF_PAY_002,25,30,12,65,1.0,28.09
2024-10-27,IF_ORD_002,100,90,38,65,1.0,69.74
2024-10-27,IF_ORD_003,60,80,21,65,1.0,54.37
2024-10-27,IF_MFG_001,60,75,38,65,1.0,60.2
2024-10-27,IF_MFG_002,25,65,22,65,1.0,34.36
2024-10-27,IF_MFG_003,25,35,7,65,1.0,25.82
2024-10-27,IF_MFG_004,5,20,14,65,1.0,21.06
2024-10-27,IF_PRC_001,60,70,27,65,1.0,51.87
2024-10-27,IF_PRC_002,25,55,23,65,1.0,30.71
2024-10-27,IF_PRC_003,5,15,12,65,1.0,18.79
2024-10-27,IF_ASM_001,60,85,44,65,1.0,54.89
2024-10-27,IF_ASM_002,60,80,29,65,1.0,57.91
2024-10-27,IF_DLV_001,100,100,63,65,1.0,77.41
2024-10-28,IF_ORD_001,100,90,50,64,1.0,66.96
2024-10-28,IF_PAY_001,100,100,45,64,1.0,74.9
2024-10-28,IF_PAY_002,25,30,23,64,1.0,29.14
2024-10-28,IF_ORD_002,100,90,33,64,1.0,72.41
2024-10-28,IF_ORD_003,60,80,26,64,1.0,52.33
2024-10-28,IF_MFG_001,60,75,29,64,1.0,54.97
2024-10-28,IF_MFG_002,25,65,18,64,1.0,34.19
2024-10-28,IF_MFG_003,25,35,12,64,1.0,26.23
2024-10-28,IF_MFG_004,5,20,13,64,1.0,22.93
2024-10-28,IF_PRC_001,60,70,33,64,1.0,52.71
2024-10-28,IF_PRC_002,25,55,8,64,1.0,34.66
2024-10-28,IF_PRC_003,5,15,23,64,1.0,18.77
2024-10-28,IF_ASM_001,60,85,31,64,1.0,57.65
2024-10-28,IF_ASM_002,60,80,39,64,1.0,53.35
2024-10-28,IF_DLV_001,100,100,58,64,1.0,75.76
2024-10-29,IF_ORD_001,100,90,29,63,1.0,69.67
2024-10-29,IF_PAY_001,100,100,35,63,1.0,75.53
2024-10-29,IF_PAY_002,25,30,17,63,1.0,30.65
2024-10-29,IF_ORD_002,100,90,29,63,1.0,67.53
2024-10-29,IF_ORD_003,60,80,27,63,1.0,51.68
2024-10-29,IF_MFG_001,60,75,27,63,1.0,53.35
2024-10-29,IF_MFG_002,25,65,7,63,1.0,31.27
2024-10-29,IF_MFG_003,25,35,12,63,1.0,28.62
2024-10-29,IF_MFG_004,5,20,8,63,1.0,19.2
2024-10-29,IF_PRC_001,60,70,27,63,1.0,52.62
2024-10-29,IF_PRC_002,25,55,17,63,1.0,40.1
2024-10-29,IF_PRC_003,5,15,5,63,1.0,11.37
2024-10-29,IF_ASM_001,60,85,36,63,1.0,56.27
2024-10-29,IF_ASM_002,60,80,24,63,1.0,53.49
2024-10-29,IF_DLV_001,100,100,36,63,1.0,73.33
2024-10-30,IF_ORD_001,100,90,51,62,1.0,72.33
2024-10-30,IF_PAY_001,100,100,38,62,1.0,74.74
2024-10-30,IF_PAY_002,25,30,13,62,1.0,33.0
2024-10-30,IF_ORD_002,100,90,48,62,1.0,68.59
2024-10-30,IF_ORD_003,60,80,31,62,1.0,53.97
2024-10-30,IF_MFG_001,60,75,35,62,1.0,58.79
2024-10-30,IF_MFG_002,25,65,16,62,1.0,37.69
2024-10-30,IF_MFG_003,25,35,18,62,1.0,32.77
2024-10-30,IF_MFG_004,5,20,7,62,1.0,17.08
2024-10-30,IF_PRC_001,60,70,30,62,1.0,51.18
2024-10-30,IF_PRC_002,25,55,20,62,1.0,32.01
2024-10-30,IF_PRC_003,5,15,9,62,1.0,18.53
2024-10-30,IF_ASM_001,60,85,23,62,1.0,58.12
2024-10-30,IF_ASM_002,60,80,41,62,1.0,55.69
2024-10-30,IF_DLV_001,100,100,55,62,1.0,73.18
2024-10-31,IF_ORD_001,100,90,46,61,1.0,74.15
2024-10-31,IF_PAY_001,100,100,39,61,1.0,70.75
2024-10-31,IF_PAY_002,25,30,10,61,1.0,28.41
2024-10-31,IF_ORD_002,100,90,38,61,1.0,73.46
2024-10-31,IF_ORD_003,60,80,29,61,1.0,50.43
2024-10-31,IF_MFG_001,60,75,27,61,1.0,56.68
2024-10-31,IF_MFG_002,25,65,22,61,1.0,39.74
2024-10-31,IF_MFG_003,25,35,15,61,1.0,31.21
2024-10-31,IF_MFG_004,5,20,6,61,1.0,13.5
2024-10-31,IF_PRC_001,60,70,20,61,1.0,48.45
2024-10-31,IF_PRC_002,25,55,12,61,1.0,39.44
2024-10-31,IF_PRC_003,5,15,13,61,1.0,15.45
2024-10-31,IF_ASM_001,60,85,17,61,1.0,56.87
2024-10-31,IF_ASM_002,60,80,51,61,1.0,59.77
2024-10-31,IF_DLV_001,100,100,38,61,1.0,78.14
2024-11-01,IF_ORD_001,100,90,65,60,1.0,74.54
2024-11-01,IF_PAY_001,100,100,34,60,1.0,69.54
2024-11-01,IF_PAY_002,25,30,15,60,1.0,29.18
2024-11-01,IF_ORD_002,100,90,25,60,1.0,68.64
2024-11-01,IF_ORD_003,60,80,7,60,1.0,50.97
2024-11-01,IF_MFG_001,60,75,20,60,1.0,57.69
2024-11-01,IF_MFG_002,25,65,11,60,1.0,41.58
2024-11-01,IF_MFG_003,25,35,12,60,1.0,28.83
2024-11-01,IF_MFG_004,5,20,8,60,1.0,15.44
2024-11-01,IF_PRC_001,60,70,23,60,1.0,50.53
2024-11-01,IF_PRC_002,25,55,14,60,1.0,32.26
2024-11-01,IF_PRC_003,5,15,12,60,1.0,18.12
2024-11-01,IF_ASM_001,60,85,41,60,1.0,56.27
2024-11-01,IF_ASM_002,60,80,26,60,1.0,57.3
2024-11-01,IF_DLV_001,100,100,34,60,1.0,72.18
2024-11-02,IF_ORD_001,100,90,52,59,1.0,72.58
2024-11-02,IF_PAY_001,100,100,45,59,1.0,70.82
2024-11-02,IF_PAY_002,25,30,9,59,1.0,26.24
2024-11-02,IF_ORD_002,100,90,134,59,1.0,76.78
2024-11-02,IF_ORD_003,60,80,47,59,1.0,61.18
2024-11-02,IF_MFG_001,60,75,30,59,1.0,50.77
2024-11-02,IF_MFG_002,25,65,18,59,1.0,40.29
2024-11-02,IF_MFG_003,25,35,22,59,1.0,33.33
2024-11-02,IF_MFG_004,5,20,11,59,1.0,17.99
2024-11-02,IF_PRC_001,60,70,39,59,1.0,50.7
2024-11-02,IF_PRC_002,25,55,13,59,1.0,34.45
2024-11-02,IF_PRC_003,5,15,7,59,1.0,13.98
2024-11-02,IF_ASM_001,60,85,22,59,1.0,57.04
2024-11-02,IF_ASM_002,60,80,14,59,1.0,49.27
2024-11-02,IF_DLV_001,100,100,34,59,1.0,73.92
2024-11-03,IF_ORD_001,100,90,34,58,1.001,68.37
2024-11-03,IF_PAY_001,100,100,50,58,1.001,77.04
2024-11-03,IF_PAY_002,25,30,19,58,1.001,25.71
2024-11-03,IF_ORD_002,100,90,139,58,1.001,78.96
2024-11-03,IF_ORD_003,60,80,26,58,1.001,51.75
2024-11-03,IF_MFG_001,60,75,38,58,1.001,56.13
2024-11-03,IF_MFG_002,25,65,16,58,1.001,43.02
2024-11-03,IF_MFG_003,25,35,16,58,1.001,29.9
2024-11-03,IF_MFG_004,5,20,8,58,1.001,18.8
2024-11-03,IF_PRC_001,60,70,43,58,1.001,50.73
2024-11-03,IF_PRC_002,25,55,19,58,1.001,31.5
2024-11-03,IF_PRC_003,5,15,8,58,1.001,14.55
2024-11-03,IF_ASM_001,60,85,37,58,1.001,58.56
2024-11-03,IF_ASM_002,60,80,32,58,1.001,56.3
2024-11-03,IF_DLV_001,100,100,34,58,1.001,73.86
2024-11-04,IF_ORD_001,100,90,42,57,1.001,71.94
2024-11-04,IF_PAY_001,100,100,55,57,1.001,76.49
2024-11-04,IF_PAY_002,25,30,18,57,1.001,28.23
2024-11-04,IF_ORD_002,100,90,29,57,1.001,75.21
2024-11-04,IF_ORD_003,60,80,36,57,1.001,55.98
2024-11-04,IF_MFG_001,60,75,19,57,1.001,53.44
2024-11-04,IF_MFG_002,25,65,23,57,1.001,34.82
2024-11-04,IF_MFG_003,25,35,26,57,1.001,34.49
2024-11-04,IF_MFG_004,5,20,13,57,1.001,20.8
2024-11-04,IF_PRC_001,60,70,31,57,1.001,52.49
2024-11-04,IF_PRC_002,25,55,21,57,1.001,35.0
2024-11-04,IF_PRC_003,5,15,7,57,1.001,21.31
2024-11-04,IF_ASM_001,60,85,33,57,1.001,61.43
2024-11-04,IF_ASM_002,60,80,29,57,1.001,53.9
2024-11-04,IF_DLV_001,100,100,48,57,1.001,75.15
2024-11-05,IF_ORD_001,100,90,54,56,1.001,75.91
2024-11-05,IF_PAY_001,100,100,31,56,1.001,75.32
2024-11-05,IF_PAY_002,25,30,25,56,1.001,21.85
2024-11-05,IF_ORD_002,100,90,62,56,1.001,73.13
2024-11-05,IF_ORD_003,60,80,20,56,1.001,55.57
2024-11-05,IF_MFG_001,60,75,28,56,1.001,56.98
2024-11-05,IF_MFG_002,25,65,15,56,1.001,37.7
2024-11-05,IF_MFG_003,25,35,10,56,1.001,22.86
2024-11-05,IF_MFG_004,5,20,13,56,1.001,21.62
2024-11-05,IF_PRC_001,60,70,35,56,1.001,51.16
2024-11-05,IF_PRC_002,25,55,18,56,1.001,39.38
2024-11-05,IF_PRC_003,5,15,14,56,1.001,19.72
2024-11-05,IF_ASM_001,60,85,21,56,1.001,60.44
2024-11-05,IF_ASM_002,60,80,23,56,1.001,53.53
2024-11-05,IF_DLV_001,100,100,43,56,1.001,77.2
2024-11-06,IF_ORD_001,100,90,27,55,1.001,73.04
2024-11-06,IF_PAY_001,100,100,62,55,1.001,74.1
2024-11-06,IF_PAY_002,25,30,9,55,1.001,24.3
2024-11-06,IF_ORD_002,100,90,63,55,1.001,76.61
2024-11-06,IF_ORD_003,60,80,20,55,1.001,53.8
2024-11-06,IF_MFG_001,60,75,26,55,1.001,55.29
2024-11-06,IF_MFG_002,25,65,23,55,1.001,39.15
2024-11-06,IF_MFG_003,25,35,10,55,1.001,29.93
2024-11-06,IF_MFG_004,5,20,7,55,1.001,16.26
2024-11-06,IF_PRC_001,60,70,32,55,1.001,51.76
2024-11-06,IF_PRC_002,25,55,18,55,1.001,33.5
2024-11-06,IF_PRC_003,5,15,19,55,1.001,20.08
2024-11-06,IF_ASM_001,60,85,28,55,1.001,57.48
2024-11-06,IF_ASM_002,60,80,39,55,1.001,58.1
2024-11-06,IF_DLV_001,100,100,39,55,1.001,69.03
2024-11-07,IF_ORD_001,100,90,60,54,1.001,76.4
2024-11-07,IF_PAY_001,100,100,61,54,1.001,77.02
2024-11-07,IF_PAY_002,25,30,14,54,1.001,29.04
2024-11-07,IF_ORD_002,100,90,33,54,1.001,68.14
2024-11-07,IF_ORD_003,60,80,27,54,1.001,56.96
2024-11-07,IF_MFG_001,60,75,29,54,1.001,53.0
2024-11-07,IF_MFG_002,25,65,10,54,1.001,39.27
2024-11-07,IF_MFG_003,25,35,18,54,1.001,32.23
2024-11-07,IF_MFG_004,5,20,40,54,1.001,30.17
2024-11-07,IF_PRC_001,60,70,23,54,1.001,55.45
2024-11-07,IF_PRC_002,25,55,27,54,1.001,38.81
2024-11-07,IF_PRC_003,5,15,12,54,1.001,17.31
2024-11-07,IF_ASM_001,60,85,25,54,1.001,52.62
2024-11-07,IF_ASM_002,60,80,11,54,1.001,51.98
2024-11-07,IF_DLV_001,100,100,56,54,1.001,71.67
2024-11-08,IF_ORD_001,100,90,42,53,1.001,73.24
2024-11-08,IF_PAY_001,100,100,40,53,1.001,70.85
2024-11-08,IF_PAY_002,25,30,11,53,1.001,28.67
2024-11-08,IF_ORD_002,100,90,49,53,1.001,67.66
2024-11-08,IF_ORD_003,60,80,29,53,1.001,58.62
2024-11-08,IF_MFG_001,60,75,19,53,1.001,51.09
2024-11-08,IF_MFG_002,25,65,11,53,1.001,31.94
2024-11-08,IF_MFG_003,25,35,9,53,1.001,29.85
2024-11-08,IF_MFG_004,5,20,7,53,1.001,13.97
2024-11-08,IF_PRC_001,60,70,15,53,1.001,45.18
2024-11-08,IF_PRC_002,25,55,22,53,1.001,36.32
2024-11-08,IF_PRC_003,5,15,2,53,1.001,8.13
2024-11-08,IF_ASM_001,60,85,30,53,1.001,55.88
2024-11-08,IF_ASM_002,60,80,32,53,1.001,57.27
2024-11-08,IF_DLV_001,100,100,56,53,1.001,77.72
2024-11-09,IF_ORD_001,100,90,56,52,1.001,73.83
2024-11-09,IF_PAY_001,100,100,34,52,1.001,70.3
2024-11-09,IF_PAY_002,25,30,16,52,1.001,25.09
2024-11-09,IF_ORD_002,100,90,47,52,1.001,74.29
2024-11-09,IF_ORD_003,60,80,21,52,1.001,59.38
2024-11-09,IF_MFG_001,60,75,30,52,1.001,52.26
2024-11-09,IF_MFG_002,25,65,16,52,1.001,35.27
2024-11-09,IF_MFG_003,25,35,10,52,1.001,33.14
2024-11-09,IF_MFG_004,5,20,6,52,1.001,16.44
2024-11-09,IF_PRC_001,60,70,18,52,1.001,45.83
2024-11-09,IF_PRC_002,25,55,27,52,1.001,34.64
2024-11-09,IF_PRC_003,5,15,6,52,1.001,16.35
2024-11-09,IF_ASM_001,60,85,32,52,1.001,56.55
2024-11-09,IF_ASM_002,60,80,35,52,1.001,56.79
2024-11-09,IF_DLV_001,100,100,46,52,1.001,72.03
2024-11-10,IF_ORD_001,100,90,40,51,1.001,72.33
2024-11-10,IF_PAY_001,100,100,61,51,1.001,74.26
2024-11-10,IF_PAY_002,25,30,18,51,1.001,28.82
2024-11-10,IF_ORD_002,100,90,54,51,1.001,73.71
2024-11-10,IF_ORD_003,60,80,33,51,1.001,51.17
2024-11-10,IF_MFG_001,60,75,47,51,1.001,55.64
2024-11-10,IF_MFG_002,25,65,14,51,1.001,35.9
2024-11-10,IF_MFG_003,25,35,31,51,1.001,31.6
2024-11-10,IF_MFG_004,5,20,10,51,1.001,17.39
2024-11-10,IF_PRC_001,60,70,30,51,1.001,52.84
2024-11-10,IF_PRC_002,25,55,17,51,1.001,27.66
2024-11-10,IF_PRC_003,5,15,10,51,1.001,13.95
2024-11-10,IF_ASM_001,60,85,24,51,1.001,58.33
2024-11-10,IF_ASM_002,60,80,46,51,1.001,56.5
2024-11-10,IF_DLV_001,100,100,52,51,1.001,76.39
2024-11-11,IF_ORD_001,100,90,58,50,1.002,74.5
2024-11-11,IF_PAY_001,100,100,57,50,1.002,79.72
2024-11-11,IF_PAY_002,25,30,15,50,1.002,23.94
2024-11-11,IF_ORD_002,100,90,33,50,1.002,68.21
2024-11-11,IF_ORD_003,60,80,35,50,1.002,55.01
2024-11-11,IF_MFG_001,60,75,37,50,1.002,59.35
2024-11-11,IF_MFG_002,25,65,16,50,1.002,40.57
2024-11-11,IF_MFG_003,25,35,15,50,1.002,29.79
2024-11-11,IF_MFG_004,5,20,14,50,1.002,16.06
2024-11-11,IF_PRC_001,60,70,30,50,1.002,51.18
2024-11-11,IF_PRC_002,25,55,22,50,1.002,35.41
2024-11-11,IF_PRC_003,5,15,33,50,1.002,21.13
2024-11-11,IF_ASM_001,60,85,25,50,1.002,53.82
2024-11-11,IF_ASM_002,60,80,23,50,1.002,50.41
2024-11-11,IF_DLV_001,100,100,32,50,1.002,73.56
2024-11-12,IF_ORD_001,100,90,32,49,1.002,69.58
2024-11-12,IF_PAY_001,100,100,39,49,1.002,75.09
2024-11-12,IF_PAY_002,25,30,17,49,1.002,25.58
2024-11-12,IF_ORD_002,100,90,48,49,1.002,70.27
2024-11-12,IF_ORD_003,60,80,32,49,1.002,49.83
2024-11-12,IF_MFG_001,60,75,38,49,1.002,59.74
2024-11-12,IF_MFG_002,25,65,20,49,1.002,45.23
2024-11-12,IF_MFG_003,25,35,22,49,1.002,32.13
2024-11-12,IF_MFG_004,5,20,11,49,1.002,17.6
2024-11-12,IF_PRC_001,60,70,44,49,1.002,53.74
2024-11-12,IF_PRC_002,25,55,14,49,1.002,34.85
2024-11-12,IF_PRC_003,5,15,19,49,1.002,17.24
2024-11-12,IF_ASM_001,60,85,24,49,1.002,55.34
2024-11-12,IF_ASM_002,60,80,25,49,1.002,58.92
2024-11-12,IF_DLV_001,100,100,36,49,1.002,70.49
2024-11-13,IF_ORD_001,100,90,34,48,1.002,70.34
2024-11-13,IF_PAY_001,100,100,18,48,1.002,71.57
2024-11-13,IF_PAY_002,25,30,12,48,1.002,28.23
2024-11-13,IF_ORD_002,100,90,35,48,1.002,69.2
2024-11-13,IF_ORD_003,60,80,22,48,1.002,59.87
2024-11-13,IF_MFG_001,60,75,15,48,1.002,50.37
2024-11-13,IF_MFG_002,25,65,28,48,1.002,39.79
2024-11-13,IF_MFG_003,25,35,23,48,1.002,35.36
2024-11-13,IF_MFG_004,5,20,12,48,1.002,18.55
2024-11-13,IF_PRC_001,60,70,34,48,1.002,53.45
2024-11-13,IF_PRC_002,25,55,28,48,1.002,42.13
2024-11-13,IF_PRC_003,5,15,4,48,1.002,13.14
2024-11-13,IF_ASM_001,60,85,31,48,1.002,55.75
2024-11-13,IF_ASM_002,60,80,17,48,1.002,55.12
2024-11-13,IF_DLV_001,100,100,26,48,1.002,71.95
2024-11-14,IF_ORD_001,100,90,50,47,1.002,76.98
2024-11-14,IF_PAY_001,100,100,38,47,1.002,74.22
2024-11-14,IF_PAY_002,25,30,23,47,1.002,34.72
2024-11-14,IF_ORD_002,100,90,51,47,1.002,72.65
2024-11-14,IF_ORD_003,60,80,26,47,1.002,54.93
2024-11-14,IF_MFG_001,60,75,33,47,1.002,48.02
2024-11-14,IF_MFG_002,25,65,51,47,1.002,48.63
2024-11-14,IF_MFG_003,25,35,19,47,1.002,28.89
2024-11-14,IF_MFG_004,5,20,12,47,1.002,19.17
2024-11-14,IF_PRC_001,60,70,18,47,1.002,51.55
2024-11-14,IF_PRC_002,25,55,21,47,1.002,38.95
2024-11-14,IF_PRC_003,5,15,10,47,1.002,14.57
2024-11-14,IF_ASM_001,60,85,40,47,1.002,60.99
2024-11-14,IF_ASM_002,60,80,24,47,1.002,55.19
2024-11-14,IF_DLV_001,100,100,42,47,1.002,77.22
2024-11-15,IF_ORD_001,100,90,38,46,1.003,67.36
2024-11-15,IF_PAY_001,100,100,34,46,1.003,74.78
2024-11-15,IF_PAY_002,25,30,23,46,1.003,35.93
2024-11-15,IF_ORD_002,100,90,54,46,1.003,71.72
2024-11-15,IF_ORD_003,60,80,20,46,1.003,52.49
2024-11-15,IF_MFG_001,60,75,23,46,1.003,54.0
2024-11-15,IF_MFG_002,25,65,22,46,1.003,36.37
2024-11-15,IF_MFG_003,25,35,14,46,1.003,34.24
2024-11-15,IF_MFG_004,5,20,2,46,1.003,7.2
2024-11-15,IF_PRC_001,60,70,33,46,1.003,54.35
2024-11-15,IF_PRC_002,25,55,20,46,1.003,34.51
2024-11-15,IF_PRC_003,5,15,10,46,1.003,20.87
2024-11-15,IF_ASM_001,60,85,35,46,1.003,54.11
2024-11-15,IF_ASM_002,60,80,27,46,1.003,55.3
2024-11-15,IF_DLV_001,100,100,42,46,1.003,75.64
2024-11-16,IF_ORD_001,100,90,49,45,1.003,72.21
2024-11-16,IF_PAY_001,100,100,50,45,1.003,77.93
2024-11-16,IF_PAY_002,25,30,25,45,1.003,38.49
2024-11-16,IF_ORD_002,100,90,53,45,1.003,71.65
2024-11-16,IF_ORD_003,60,80,17,45,1.003,51.07
2024-11-16,IF_MFG_001,60,75,28,45,1.003,52.84
2024-11-16,IF_MFG_002,25,65,9,45,1.003,32.89
2024-11-16,IF_MFG_003,25,35,18,45,1.003,35.08
2024-11-16,IF_MFG_004,5,20,51,45,1.003,33.55
2024-11-16,IF_PRC_001,60,70,25,45,1.003,51.43
2024-11-16,IF_PRC_002,25,55,26,45,1.003,35.78
2024-11-16,IF_PRC_003,5,15,8,45,1.003,18.69
2024-11-16,IF_ASM_001,60,85,18,45,1.003,55.27
2024-11-16,IF_ASM_002,60,80,21,45,1.003,52.56
2024-11-16,IF_DLV_001,100,100,30,45,1.003,77.35
2024-11-17,IF_ORD_001,100,90,36,44,1.004,69.06
2024-11-17,IF_PAY_001,100,100,29,44,1.004,70.77
2024-11-17,IF_PAY_002,25,30,23,44,1.004,29.56
2024-11-17,IF_ORD_002,100,90,38,44,1.004,74.16
2024-11-17,IF_ORD_003,60,80,15,44,1.004,55.19
2024-11-17,IF_MFG_001,60,75,28,44,1.004,53.27
2024-11-17,IF_MFG_002,25,65,19,44,1.004,44.07
2024-11-17,IF_MFG_003,25,35,19,44,1.004,35.64
2024-11-17,IF_MFG_004,5,20,10,44,1.004,17.57
2024-11-17,IF_PRC_001,60,70,37,44,1.004,53.23
2024-11-17,IF_PRC_002,25,55,12,44,1.004,36.72
2024-11-17,IF_PRC_003,5,15,12,44,1.004,17.93
2024-11-17,IF_ASM_001,60,85,34,44,1.004,57.09
2024-11-17,IF_ASM_002,60,80,39,44,1.004,56.14
2024-11-17,IF_DLV_001,100,100,37,44,1.004,69.7
2024-11-18,IF_ORD_001,100,90,43,43,1.004,69.46
2024-11-18,IF_PAY_001,100,100,40,43,1.004,74.61
2024-11-18,IF_PAY_002,25,30,13,43,1.004,27.14
2024-11-18,IF_ORD_002,100,90,53,43,1.004,74.25
2024-11-18,IF_ORD_003,60,80,36,43,1.004,57.08
2024-11-18,IF_MFG_001,60,75,27,43,1.004,53.53
2024-11-18,IF_MFG_002,25,65,9,43,1.004,34.88
2024-11-18,IF_MFG_003,25,35,24,43,1.004,35.85
2024-11-18,IF_MFG_004,5,20,17,43,1.004,20.23
2024-11-18,IF_PRC_001,60,70,44,43,1.004,54.55
2024-11-18,IF_PRC_002,25,55,32,43,1.004,44.03
2024-11-18,IF_PRC_003,5,15,2,43,1.004,9.87
2024-11-18,IF_ASM_001,60,85,37,43,1.004,63.08
2024-11-18,IF_ASM_002,60,80,31,43,1.004,52.29
2024-11-18,IF_DLV_001,100,100,27,43,1.004,67.76
2024-11-19,IF_ORD_001,100,90,64,42,1.005,71.59
2024-11-19,IF_PAY_001,100,100,28,42,1.005,71.23
2024-11-19,IF_PAY_002,25,30,11,42,1.005,25.97
2024-11-19,IF_ORD_002,100,90,38,42,1.005,73.19
2024-11-19,IF_ORD_003,60,80,17,42,1.005,55.43
2024-11-19,IF_MFG_001,60,75,33,42,1.005,54.09
2024-11-19,IF_MFG_002,25,65,14,42,1.005,34.19
2024-11-19,IF_MFG_003,25,35,17,42,1.005,30.82
2024-11-19,IF_MFG_004,5,20,9,42,1.005,20.08
2024-11-19,IF_PRC_001,60,70,35,42,1.005,52.15
2024-11-19,IF_PRC_002,25,55,12,42,1.005,33.48
2024-11-19,IF_PRC_003,5,15,5,42,1.005,16.67
2024-11-19,IF_ASM_001,60,85,23,42,1.005,52.96
2024-11-19,IF_ASM_002,60,80,34,42,1.005,49.7
2024-11-19,IF_DLV_001,100,100,57,42,1.005,79.43
2024-11-20,IF_ORD_001,100,90,45,41,1.006,73.76
2024-11-20,IF_PAY_001,100,100,47,41,1.006,72.19
2024-11-20,IF_PAY_002,25,30,15,41,1.006,30.24
2024-11-20,IF_ORD_002,100,90,39,41,1.006,78.13
2024-11-20,IF_ORD_003,60,80,29,41,1.006,54.14
2024-11-20,IF_MFG_001,60,75,36,41,1.006,60.71
2024-11-20,IF_MFG_002,25,65,17,41,1.006,34.55
2024-11-20,IF_MFG_003,25,35,15,41,1.006,28.54
2024-11-20,IF_MFG_004,5,20,39,41,1.006,24.01
2024-11-20,IF_PRC_001,60,70,69,41,1.006,54.45
2024-11-20,IF_PRC_002,25,55,11,41,1.006,33.16
2024-11-20,IF_PRC_003,5,15,12,41,1.006,18.22
2024-11-20,IF_ASM_001,60,85,38,41,1.006,59.08
2024-11-20,IF_ASM_002,60,80,22,41,1.006,52.3
2024-11-20,IF_DLV_001,100,100,34,41,1.006,68.9
2024-11-21,IF_ORD_001,100,90,31,40,1.007,68.56
2024-11-21,IF_PAY_001,100,100,23,40,1.007,73.9
2024-11-21,IF_PAY_002,25,30,11,40,1.007,30.15
2024-11-21,IF_ORD_002,100,90,45,40,1.007,71.73
2024-11-21,IF_ORD_003,60,80,30,40,1.007,59.92
2024-11-21,IF_MFG_001,60,75,30,40,1.007,56.81
2024-11-21,IF_MFG_002,25,65,23,40,1.007,41.42
2024-11-21,IF_MFG_003,25,35,15,40,1.007,29.87
2024-11-21,IF_MFG_004,5,20,8,40,1.007,14.38
2024-11-21,IF_PRC_001,60,70,35,40,1.007,57.15
2024-11-21,IF_PRC_002,25,55,18,40,1.007,39.71
2024-11-21,IF_PRC_003,5,15,6,40,1.007,14.6
2024-11-21,IF_ASM_001,60,85,44,40,1.007,55.34
2024-11-21,IF_ASM_002,60,80,19,40,1.007,52.65
2024-11-21,IF_DLV_001,100,100,52,40,1.007,76.67
2024-11-22,IF_ORD_001,100,90,51,39,1.008,73.82
2024-11-22,IF_PAY_001,100,100,35,39,1.008,72.36
2024-11-22,IF_PAY_002,25,30,16,39,1.008,27.52
2024-11-22,IF_ORD_002,100,90,54,39,1.008,69.82
2024-11-22,IF_ORD_003,60,80,27,39,1.008,56.38
2024-11-22,IF_MFG_001,60,75,35,39,1.008,58.31
2024-11-22,IF_MFG_002,25,65,24,39,1.008,40.62
2024-11-22,IF_MFG_003,25,35,19,39,1.008,31.32
2024-11-22,IF_MFG_004,5,20,5,39,1.008,14.04
2024-11-22,IF_PRC_001,60,70,39,39,1.008,55.82
2024-11-22,IF_PRC_002,25,55,14,39,1.008,35.58
2024-11-22,IF_PRC_003,5,15,9,39,1.008,14.08
2024-11-22,IF_ASM_001,60,85,46,39,1.008,55.61
2024-11-22,IF_ASM_002,60,80,31,39,1.008,52.31
2024-11-22,IF_DLV_001,100,100,55,39,1.008,75.36
2024-11-23,IF_ORD_001,100,90,47,38,1.009,69.8
2024-11-23,IF_PAY_001,100,100,26,38,1.009,70.27
2024-11-23,IF_PAY_002,25,30,12,38,1.009,29.82
2024-11-23,IF_ORD_002,100,90,36,38,1.009,70.92
2024-11-23,IF_ORD_003,60,80,41,38,1.009,55.7
2024-11-23,IF_MFG_001,60,75,36,38,1.009,58.34
2024-11-23,IF_MFG_002,25,65,13,38,1.009,40.29
2024-11-23,IF_MFG_003,25,35,13,38,1.009,30.89
2024-11-23,IF_MFG_004,5,20,16,38,1.009,21.01
2024-11-23,IF_PRC_001,60,70,26,38,1.009,48.89
2024-11-23,IF_PRC_002,25,55,25,38,1.009,39.24
2024-11-23,IF_PRC_003,5,15,10,38,1.009,19.14
2024-11-23,IF_ASM_001,60,85,22,38,1.009,50.58
2024-11-23,IF_ASM_002,60,80,36,38,1.009,55.32
2024-11-23,IF_DLV_001,100,100,58,38,1.009,70.72
2024-11-24,IF_ORD_001,100,90,35,37,1.01,73.61
2024-11-24,IF_PAY_001,100,100,37,37,1.01,70.65
2024-11-24,IF_PAY_002,25,30,20,37,1.01,30.48
2024-11-24,IF_ORD_002,100,90,59,37,1.01,72.87
2024-11-24,IF_ORD_003,60,80,92,37,1.01,58.12
2024-11-24,IF_MFG_001,60,75,28,37,1.01,53.58
2024-11-24,IF_MFG_002,25,65,19,37,1.01,31.1
2024-11-24,IF_MFG_003,25,35,25,37,1.01,36.75
2024-11-24,IF_MFG_004,5,20,12,37,1.01,19.57
2024-11-24,IF_PRC_001,60,70,35,37,1.01,57.46
2024-11-24,IF_PRC_002,25,55,11,37,1.01,30.04
2024-11-24,IF_PRC_003,5,15,11,37,1.01,12.16
2024-11-24,IF_ASM_001,60,85,10,37,1.01,55.41
2024-11-24,IF_ASM_002,60,80,22,37,1.01,50.62
2024-11-24,IF_DLV_001,100,100,36,37,1.01,71.7
2024-11-25,IF_ORD_001,100,90,152,36,1.012,81.67
2024-11-25,IF_PAY_001,100,100,45,36,1.012,71.57
2024-11-25,IF_PAY_002,25,30,19,36,1.012,26.01
2024-11-25,IF_ORD_002,100,90,26,36,1.012,68.77
2024-11-25,IF_ORD_003,60,80,20,36,1.012,49.26
2024-11-25,IF_MFG_001,60,75,25,36,1.012,53.66
2024-11-25,IF_MFG_002,25,65,22,36,1.012,38.67
2024-11-25,IF_MFG_003,25,35,18,36,1.012,29.63
2024-11-25,IF_MFG_004,5,20,11,36,1.012,15.21
2024-11-25,IF_PRC_001,60,70,32,36,1.012,53.66
2024-11-25,IF_PRC_002,25,55,19,36,1.012,39.44
2024-11-25,IF_PRC_003,5,15,7,36,1.012,13.15
2024-11-25,IF_ASM_001,60,85,45,36,1.012,61.71
2024-11-25,IF_ASM_002,60,80,29,36,1.012,48.06
2024-11-25,IF_DLV_001,100,100,55,36,1.012,76.19
2024-11-26,IF_ORD_001,100,90,41,35,1.013,72.31
2024-11-26,IF_PAY_001,100,100,44,35,1.013,69.32
2024-11-26,IF_PAY_002,25,30,13,35,1.013,30.65
2024-11-26,IF_ORD_002,100,90,53,35,1.013,76.18
2024-11-26,IF_ORD_003,60,80,26,35,1.013,52.83
2024-11-26,IF_MFG_001,60,75,25,35,1.013,52.48
2024-11-26,IF_MFG_002,25,65,13,35,1.013,37.69
2024-11-26,IF_MFG_003,25,35,24,35,1.013,30.75
2024-11-26,IF_MFG_004,5,20,6,35,1.013,12.69
2024-11-26,IF_PRC_001,60,70,23,35,1.013,53.84
2024-11-26,IF_PRC_002,25,55,17,35,1.013,36.91
2024-11-26,IF_PRC_003,5,15,8,35,1.013,20.99
2024-11-26,IF_ASM_001,60,85,25,35,1.013,51.71
2024-11-26,IF_ASM_002,60,80,18,35,1.013,51.04
2024-11-26,IF_DLV_001,100,100,45,35,1.013,76.48
2024-11-27,IF_ORD_001,100,90,40,34,1.016,73.17
2024-11-27,IF_PAY_001,100,100,60,34,1.016,74.21
2024-11-27,IF_PAY_002,25,30,16,34,1.016,24.9
2024-11-27,IF_ORD_002,100,90,32,34,1.016,62.28
2024-11-27,IF_ORD_003,60,80,42,34,1.016,56.32
2024-11-27,IF_MFG_001,60,75,146,34,1.016,56.42
2024-11-27,IF_MFG_002,25,65,14,34,1.016,33.85
2024-11-27,IF_MFG_003,25,35,25,34,1.016,31.38
2024-11-27,IF_MFG_004,5,20,14,34,1.016,18.94
2024-11-27,IF_PRC_001,60,70,21,34,1.016,55.04
2024-11-27,IF_PRC_002,25,55,20,34,1.016,36.59
2024-11-27,IF_PRC_003,5,15,11,34,1.016,20.88
2024-11-27,IF_ASM_001,60,85,30,34,1.016,56.39
2024-11-27,IF_ASM_002,60,80,46,34,1.016,56.28
2024-11-27,IF_DLV_001,100,100,37,34,1.016,76.96
2024-11-28,IF_ORD_001,100,90,42,33,1.018,62.42
2024-11-28,IF_PAY_001,100,100,33,33,1.018,71.1
2024-11-28,IF_PAY_002,25,30,12,33,1.018,25.59
2024-11-28,IF_ORD_002,100,90,58,33,1.018,76.22
2024-11-28,IF_ORD_003,60,80,19,33,1.018,53.74
2024-11-28,IF_MFG_001,60,75,19,33,1.018,48.01
2024-11-28,IF_MFG_002,25,65,12,33,1.018,35.85
2024-11-28,IF_MFG_003,25,35,6,33,1.018,21.57
2024-11-28,IF_MFG_004,5,20,9,33,1.018,14.74
2024-11-28,IF_PRC_001,60,70,31,33,1.018,56.49
2024-11-28,IF_PRC_002,25,55,20,33,1.018,29.34
2024-11-28,IF_PRC_003,5,15,10,33,1.018,21.3
2024-11-28,IF_ASM_001,60,85,29,33,1.018,50.18
2024-11-28,IF_ASM_002,60,80,47,33,1.018,59.42
2024-11-28,IF_DLV_001,100,100,39,33,1.018,70.65
2024-11-29,IF_ORD_001,100,90,47,32,1.021,71.92
2024-11-29,IF_PAY_001,100,100,51,32,1.021,76.22
2024-11-29,IF_PAY_002,25,30,15,32,1.021,25.13
2024-11-29,IF_ORD_002,100,90,45,32,1.021,72.35
2024-11-29,IF_ORD_003,60,80,42,32,1.021,58.53
2024-11-29,IF_MFG_001,60,75,40,32,1.021,52.6
2024-11-29,IF_MFG_002,25,65,19,32,1.021,40.55
2024-11-29,IF_MFG_003,25,35,19,32,1.021,29.77
2024-11-29,IF_MFG_004,5,20,5,32,1.021,16.44
2024-11-29,IF_PRC_001,60,70,18,32,1.021,49.32
2024-11-29,IF_PRC_002,25,55,26,32,1.021,41.4
2024-11-29,IF_PRC_003,5,15,18,32,1.021,17.44
2024-11-29,IF_ASM_001,60,85,11,32,1.021,51.4
2024-11-29,IF_ASM_002,60,80,41,32,1.021,58.01
2024-11-29,IF_DLV_001,100,100,169,32,1.021,82.35
2024-11-30,IF_ORD_001,100,90,58,31,1.024,73.11
2024-11-30,IF_PAY_001,100,100,39,31,1.024,73.6
2024-11-30,IF_PAY_002,25,30,21,31,1.024,36.85
2024-11-30,IF_ORD_002,100,90,45,31,1.024,75.59
2024-11-30,IF_ORD_003,60,80,30,31,1.024,58.11
2024-11-30,IF_MFG_001,60,75,35,31,1.024,56.62
2024-11-30,IF_MFG_002,25,65,23,31,1.024,40.34
2024-11-30,IF_MFG_003,25,35,21,31,1.024,30.81
2024-11-30,IF_MFG_004,5,20,13,31,1.024,22.51
2024-11-30,IF_PRC_001,60,70,28,31,1.024,50.83
2024-11-30,IF_PRC_002,25,55,11,31,1.024,31.43
2024-11-30,IF_PRC_003,5,15,7,31,1.024,17.72
2024-11-30,IF_ASM_001,60,85,30,31,1.024,61.55
2024-11-30,IF_ASM_002,60,80,12,31,1.024,57.14
2024-11-30,IF_DLV_001,100,100,19,31,1.024,67.94
2024-12-01,IF_ORD_001,100,90,49,30,1.028,64.66
2024-12-01,IF_PAY_001,100,100,172,30,1.028,78.85
2024-12-01,IF_PAY_002,25,30,15,30,1.028,28.04
2024-12-01,IF_ORD_002,100,90,52,30,1.028,77.77
2024-12-01,IF_ORD_003,60,80,38,30,1.028,59.81
2024-12-01,IF_MFG_001,60,75,36,30,1.028,57.33
2024-12-01,IF_MFG_002,25,65,15,30,1.028,37.42
2024-12-01,IF_MFG_003,25,35,12,30,1.028,33.14
2024-12-01,IF_MFG_004,5,20,8,30,1.028,16.54
2024-12-01,IF_PRC_001,60,70,21,30,1.028,50.59
2024-12-01,IF_PRC_002,25,55,24,30,1.028,41.85
2024-12-01,IF_PRC_003,5,15,12,30,1.028,15.1
2024-12-01,IF_ASM_001,60,85,39,30,1.028,58.35
2024-12-01,IF_ASM_002,60,80,24,30,1.028,54.74
2024-12-01,IF_DLV_001,100,100,55,30,1.028,73.58
2024-12-02,IF_ORD_001,100,90,60,29,1.032,77.01
2024-12-02,IF_PAY_001,100,100,37,29,1.032,72.89
2024-12-02,IF_PAY_002,25,30,13,29,1.032,24.79
2024-12-02,IF_ORD_002,100,90,45,29,1.032,76.58
2024-12-02,IF_ORD_003,60,80,21,29,1.032,52.24
2024-12-02,IF_MFG_001,60,75,23,29,1.032,53.55
2024-12-02,IF_MFG_002,25,65,14,29,1.032,32.68
2024-12-02,IF_MFG_003,25,35,29,29,1.032,32.1
2024-12-02,IF_MFG_004,5,20,9,29,1.032,19.39
2024-12-02,IF_PRC_001,60,70,54,29,1.032,56.91
2024-12-02,IF_PRC_002,25,55,8,29,1.032,29.66
2024-12-02,IF_PRC_003,5,15,14,29,1.032,26.5
2024-12-02,IF_ASM_001,60,85,38,29,1.032,57.23
2024-12-02,IF_ASM_002,60,80,23,29,1.032,52.95
2024-12-02,IF_DLV_001,100,100,38,29,1.032,69.68
2024-12-03,IF_ORD_001,100,90,36,28,1.037,76.2
2024-12-03,IF_PAY_001,100,100,44,28,1.037,74.19
2024-12-03,IF_PAY_002,25,30,14,28,1.037,26.39
2024-12-03,IF_ORD_002,100,90,49,28,1.037,73.99
2024-12-03,IF_ORD_003,60,80,36,28,1.037,59.13
2024-12-03,IF_MFG_001,60,75,26,28,1.037,57.3
2024-12-03,IF_MFG_002,25,65,18,28,1.037,38.16
2024-12-03,IF_MFG_003,25,35,9,28,1.037,24.94
2024-12-03,IF_MFG_004,5,20,8,28,1.037,19.15
2024-12-03,IF_PRC_001,60,70,15,28,1.037,46.63
2024-12-03,IF_PRC_002,25,55,26,28,1.037,37.45
2024-12-03,IF_PRC_003,5,15,11,28,1.037,24.56
2024-12-03,IF_ASM_001,60,85,19,28,1.037,53.31
2024-12-03,IF_ASM_002,60,80,29,28,1.037,56.77
2024-12-03,IF_DLV_001,100,100,49,28,1.037,80.37
2024-12-04,IF_ORD_001,100,90,42,27,1.042,71.29
2024-12-04,IF_PAY_001,100,100,57,27,1.042,76.25
2024-12-04,IF_PAY_002,25,30,19,27,1.042,33.67
2024-12-04,IF_ORD_002,100,90,45,27,1.042,66.89
2024-12-04,IF_ORD_003,60,80,43,27,1.042,53.9
2024-12-04,IF_MFG_001,60,75,41,27,1.042,55.34
2024-12-04,IF_MFG_002,25,65,19,27,1.042,41.61
2024-12-04,IF_MFG_003,25,35,12,27,1.042,28.19
2024-12-04,IF_MFG_004,5,20,2,27,1.042,12.1
2024-12-04,IF_PRC_001,60,70,38,27,1.042,52.9
2024-12-04,IF_PRC_002,25,55,27,27,1.042,35.28
2024-12-04,IF_PRC_003,5,15,6,27,1.042,15.93
2024-12-04,IF_ASM_001,60,85,49,27,1.042,60.88
2024-12-04,IF_ASM_002,60,80,41,27,1.042,57.8
2024-12-04,IF_DLV_001,100,100,44,27,1.042,78.4
2024-12-05,IF_ORD_001,100,90,40,26,1.049,72.87
2024-12-05,IF_PAY_001,100,100,34,26,1.049,70.23
2024-12-05,IF_PAY_002,25,30,15,26,1.049,28.66
2024-12-05,IF_ORD_002,100,90,59,26,1.049,71.44
2024-12-05,IF_ORD_003,60,80,29,26,1.049,55.97
2024-12-05,IF_MFG_001,60,75,44,26,1.049,59.54
2024-12-05,IF_MFG_002,25,65,20,26,1.049,40.97
2024-12-05,IF_MFG_003,25,35,22,26,1.049,28.48
2024-12-05,IF_MFG_004,5,20,9,26,1.049,20.49
2024-12-05,IF_PRC_001,60,70,30,26,1.049,53.81
2024-12-05,IF_PRC_002,25,55,16,26,1.049,42.57
2024-12-05,IF_PRC_003,5,15,10,26,1.049,17.4
2024-12-05,IF_ASM_001,60,85,23,26,1.049,51.9
2024-12-05,IF_ASM_002,60,80,33,26,1.049,56.92
2024-12-05,IF_DLV_001,100,100,60,26,1.049,78.49
2024-12-06,IF_ORD_001,100,90,61,25,1.056,67.07
2024-12-06,IF_PAY_001,100,100,54,25,1.056,74.63
2024-12-06,IF_PAY_002,25,30,21,25,1.056,29.26
2024-12-06,IF_ORD_002,100,90,70,25,1.056,72.89
2024-12-06,IF_ORD_003,60,80,19,25,1.056,48.11
2024-12-06,IF_MFG_001,60,75,136,25,1.056,66.2
2024-12-06,IF_MFG_002,25,65,17,25,1.056,43.41
2024-12-06,IF_MFG_003,25,35,20,25,1.056,31.3
2024-12-06,IF_MFG_004,5,20,9,25,1.056,19.07
2024-12-06,IF_PRC_001,60,70,24,25,1.056,51.84
2024-12-06,IF_PRC_002,25,55,13,25,1.056,36.93
2024-12-06,IF_PRC_003,5,15,13,25,1.056,20.23
2024-12-06,IF_ASM_001,60,85,24,25,1.056,55.69
2024-12-06,IF_ASM_002,60,80,106,25,1.056,62.08
2024-12-06,IF_DLV_001,100,100,37,25,1.056,73.42
2024-12-07,IF_ORD_001,100,90,49,24,1.065,74.77
2024-12-07,IF_PAY_001,100,100,48,24,1.065,81.07
2024-12-07,IF_PAY_002,25,30,14,24,1.065,28.31
2024-12-07,IF_ORD_002,100,90,47,24,1.065,73.6
2024-12-07,IF_ORD_003,60,80,30,24,1.065,57.91
2024-12-07,IF_MFG_001,60,75,21,24,1.065,54.49
2024-12-07,IF_MFG_002,25,65,25,24,1.065,41.25
2024-12-07,IF_MFG_003,25,35,24,24,1.065,33.03
2024-12-07,IF_MFG_004,5,20,12,24,1.065,19.58
2024-12-07,IF_PRC_001,60,70,19,24,1.065,57.24
2024-12-07,IF_PRC_002,25,55,10,24,1.065,36.8
2024-12-07,IF_PRC_003,5,15,3,24,1.065,8.46
2024-12-07,IF_ASM_001,60,85,40,24,1.065,58.29
2024-12-07,IF_ASM_002,60,80,10,24,1.065,48.75
2024-12-07,IF_DLV_001,100,100,59,24,1.065,76.34
2024-12-08,IF_ORD_001,100,90,55,23,1.075,71.98
2024-12-08,IF_PAY_001,100,100,33,23,1.075,72.74
2024-12-08,IF_PAY_002,25,30,12,23,1.075,29.11
2024-12-08,IF_ORD_002,100,90,22,23,1.075,72.51
2024-12-08,IF_ORD_003,60,80,34,23,1.075,59.31
2024-12-08,IF_MFG_001,60,75,40,23,1.075,56.29
2024-12-08,IF_MFG_002,25,65,10,23,1.075,39.28
2024-12-08,IF_MFG_003,25,35,15,23,1.075,30.43
2024-12-08,IF_MFG_004,5,20,12,23,1.075,14.44
2024-12-08,IF_PRC_001,60,70,19,23,1.075,56.2
2024-12-08,IF_PRC_002,25,55,16,23,1.075,35.78
2024-12-08,IF_PRC_003,5,15,15,23,1.075,13.08
2024-12-08,IF_ASM_001,60,85,22,23,1.075,55.2
2024-12-08,IF_ASM_002,60,80,20,23,1.075,53.07
2024-12-08,IF_DLV_001,100,100,37,23,1.075,77.36
2024-12-09,IF_ORD_001,100,90,56,22,1.086,72.0
2024-12-09,IF_PAY_001,100,100,51,22,1.086,75.15
2024-12-09,IF_PAY_002,25,30,26,22,1.086,36.21
2024-12-09,IF_ORD_002,100,90,22,22,1.086,67.27
2024-12-09,IF_ORD_003,60,80,22,22,1.086,58.97
2024-12-09,IF_MFG_001,60,75,18,22,1.086,52.93
2024-12-09,IF_MFG_002,25,65,20,22,1.086,44.98
2024-12-09,IF_MFG_003,25,35,20,22,1.086,31.89
2024-12-09,IF_MFG_004,5,20,19,22,1.086,18.58
2024-12-09,IF_PRC_001,60,70,30,22,1.086,55.38
2024-12-09,IF_PRC_002,25,55,16,22,1.086,38.03
2024-12-09,IF_PRC_003,5,15,7,22,1.086,21.0
2024-12-09,IF_ASM_001,60,85,32,22,1.086,53.47
2024-12-09,IF_ASM_002,60,80,41,22,1.086,57.41
2024-12-09,IF_DLV_001,100,100,28,22,1.086,71.52
2024-12-10,IF_ORD_001,100,90,44,21,1.1,74.39
2024-12-10,IF_PAY_001,100,100,42,21,1.1,70.58
2024-12-10,IF_PAY_002,25,30,17,21,1.1,28.97
2024-12-10,IF_ORD_002,100,90,31,21,1.1,66.73
2024-12-10,IF_ORD_003,60,80,27,21,1.1,59.86
2024-12-10,IF_MFG_001,60,75,37,21,1.1,57.04
2024-12-10,IF_MFG_002,25,65,9,21,1.1,32.67
2024-12-10,IF_MFG_003,25,35,16,21,1.1,30.93
2024-12-10,IF_MFG_004,5,20,12,21,1.1,21.58
2024-12-10,IF_PRC_001,60,70,28,21,1.1,54.38
2024-12-10,IF_PRC_002,25,55,8,21,1.1,39.11
2024-12-10,IF_PRC_003,5,15,7,21,1.1,20.26
2024-12-10,IF_ASM_001,60,85,47,21,1.1,62.81
2024-12-10,IF_ASM_002,60,80,12,21,1.1,52.18
2024-12-10,IF_DLV_001,100,100,52,21,1.1,75.17
2024-12-11,IF_ORD_001,100,90,61,20,1.115,70.76
2024-12-11,IF_PAY_001,100,100,37,20,1.115,74.75
2024-12-11,IF_PAY_002,25,30,23,20,1.115,37.04
2024-12-11,IF_ORD_002,100,90,70,20,1.115,77.93
2024-12-11,IF_ORD_003,60,80,71,20,1.115,61.83
2024-12-11,IF_MFG_001,60,75,25,20,1.115,53.34
2024-12-11,IF_MFG_002,25,65,27,20,1.115,46.78
2024-12-11,IF_MFG_003,25,35,22,20,1.115,28.56
2024-12-11,IF_MFG_004,5,20,8,20,1.115,18.25
2024-12-11,IF_PRC_001,60,70,24,20,1.115,53.09
2024-12-11,IF_PRC_002,25,55,15,20,1.115,33.11
2024-12-11,IF_PRC_003,5,15,13,20,1.115,25.35
2024-12-11,IF_ASM_001,60,85,34,20,1.115,54.57
2024-12-11,IF_ASM_002,60,80,26,20,1.115,61.71
2024-12-11,IF_DLV_001,100,100,35,20,1.115,72.47
2024-12-12,IF_ORD_001,100,90,34,19,1.133,71.18
2024-12-12,IF_PAY_001,100,100,37,19,1.133,72.06
2024-12-12,IF_PAY_002,25,30,14,19,1.133,34.54
2024-12-12,IF_ORD_002,100,90,46,19,1.133,78.29
2024-12-12,IF_ORD_003,60,80,26,19,1.133,57.89
2024-12-12,IF_MFG_001,60,75,34,19,1.133,55.46
2024-12-12,IF_MFG_002,25,65,24,19,1.133,42.81
2024-12-12,IF_MFG_003,25,35,23,19,1.133,31.92
2024-12-12,IF_MFG_004,5,20,15,19,1.133,23.19
2024-12-12,IF_PRC_001,60,70,43,19,1.133,55.04
2024-12-12,IF_PRC_002,25,55,11,19,1.133,35.9
2024-12-12,IF_PRC_003,5,15,13,19,1.133,18.85
2024-12-12,IF_ASM_001,60,85,24,19,1.133,55.63
2024-12-12,IF_ASM_002,60,80,34,19,1.133,61.09
2024-12-12,IF_DLV_001,100,100,39,19,1.133,79.97
2024-12-13,IF_ORD_001,100,90,30,18,1.153,75.04
2024-12-13,IF_PAY_001,100,100,51,18,1.153,71.2
2024-12-13,IF_PAY_002,25,30,10,18,1.153,24.62
2024-12-13,IF_ORD_002,100,90,29,18,1.153,69.97
2024-12-13,IF_ORD_003,60,80,13,18,1.153,48.69
2024-12-13,IF_MFG_001,60,75,41,18,1.153,57.08
2024-12-13,IF_MFG_002,25,65,17,18,1.153,40.26
2024-12-13,IF_MFG_003,25,35,18,18,1.153,30.49
2024-12-13,IF_MFG_004,5,20,18,18,1.153,14.55
2024-12-13,IF_PRC_001,60,70,22,18,1.153,47.73
2024-12-13,IF_PRC_002,25,55,19,18,1.153,34.35
2024-12-13,IF_PRC_003,5,15,8,18,1.153,19.69
2024-12-13,IF_ASM_001,60,85,47,18,1.153,58.19
2024-12-13,IF_ASM_002,60,80,47,18,1.153,60.14
2024-12-13,IF_DLV_001,100,100,36,18,1.153,74.67
2024-12-14,IF_ORD_001,100,90,40,17,1.176,78.05
2024-12-14,IF_PAY_001,100,100,53,17,1.176,78.32
2024-12-14,IF_PAY_002,25,30,22,17,1.176,31.82
2024-12-14,IF_ORD_002,100,90,33,17,1.176,67.94
2024-12-14,IF_ORD_003,60,80,22,17,1.176,53.99
2024-12-14,IF_MFG_001,60,75,41,17,1.176,58.42
2024-12-14,IF_MFG_002,25,65,20,17,1.176,45.22
2024-12-14,IF_MFG_003,25,35,19,17,1.176,34.41
2024-12-14,IF_MFG_004,5,20,12,17,1.176,19.48
2024-12-14,IF_PRC_001,60,70,28,17,1.176,53.19
2024-12-14,IF_PRC_002,25,55,14,17,1.176,34.73
2024-12-14,IF_PRC_003,5,15,8,17,1.176,17.82
2024-12-14,IF_ASM_001,60,85,29,17,1.176,59.5
2024-12-14,IF_ASM_002,60,80,28,17,1.176,59.03
2024-12-14,IF_DLV_001,100,100,32,17,1.176,70.22
2024-12-15,IF_ORD_001,100,90,47,16,1.203,75.01
2024-12-15,IF_PAY_001,100,100,57,16,1.203,78.49
2024-12-15,IF_PAY_002,25,30,48,16,1.203,33.98
2024-12-15,IF_ORD_002,100,90,46,16,1.203,72.56
2024-12-15,IF_ORD_003,60,80,35,16,1.203,60.78
2024-12-15,IF_MFG_001,60,75,44,16,1.203,56.5
2024-12-15,IF_MFG_002,25,65,17,16,1.203,39.64
2024-12-15,IF_MFG_003,25,35,24,16,1.203,34.65
2024-12-15,IF_MFG_004,5,20,7,16,1.203,17.77
2024-12-15,IF_PRC_001,60,70,30,16,1.203,55.25
2024-12-15,IF_PRC_002,25,55,27,16,1.203,42.91
2024-12-15,IF_PRC_003,5,15,13,16,1.203,18.11
2024-12-15,IF_ASM_001,60,85,37,16,1.203,62.03
2024-12-15,IF_ASM_002,60,80,35,16,1.203,52.3
2024-12-15,IF_DLV_001,100,100,47,16,1.203,73.14
2024-12-16,IF_ORD_001,100,90,29,15,1.235,68.97
2024-12-16,IF_PAY_001,100,100,41,15,1.235,73.99
2024-12-16,IF_PAY_002,25,30,20,15,1.235,28.25
2024-12-16,IF_ORD_002,100,90,45,15,1.235,73.83
2024-12-16,IF_ORD_003,60,80,32,15,1.235,54.13
2024-12-16,IF_MFG_001,60,75,23,15,1.235,55.3
2024-12-16,IF_MFG_002,25,65,22,15,1.235,44.17
2024-12-16,IF_MFG_003,25,35,14,15,1.235,33.93
2024-12-16,IF_MFG_004,5,20,16,15,1.235,22.27
2024-12-16,IF_PRC_001,60,70,19,15,1.235,51.08
2024-12-16,IF_PRC_002,25,55,21,15,1.235,38.81
2024-12-16,IF_PRC_003,5,15,15,15,1.235,24.73
2024-12-16,IF_ASM_001,60,85,29,15,1.235,54.74
2024-12-16,IF_ASM_002,60,80,18,15,1.235,55.5
2024-12-16,IF_DLV_001,100,100,52,15,1.235,75.07
2024-12-17,IF_ORD_001,100,90,25,14,1.271,72.49
2024-12-17,IF_PAY_001,100,100,46,14,1.271,78.05
2024-12-17,IF_PAY_002,25,30,15,14,1.271,31.06
2024-12-17,IF_ORD_002,100,90,32,14,1.271,69.57
2024-12-17,IF_ORD_003,60,80,26,14,1.271,49.94
2024-12-17,IF_MFG_001,60,75,43,14,1.271,64.83
2024-12-17,IF_MFG_002,25,65,24,14,1.271,42.97
2024-12-17,IF_MFG_003,25,35,21,14,1.271,36.97
2024-12-17,IF_MFG_004,5,20,2,14,1.271,11.33
2024-12-17,IF_PRC_001,60,70,38,14,1.271,56.0
2024-12-17,IF_PRC_002,25,55,14,14,1.271,42.22
2024-12-17,IF_PRC_003,5,15,14,14,1.271,20.14
2024-12-17,IF_ASM_001,60,85,23,14,1.271,66.67
2024-12-17,IF_ASM_002,60,80,12,14,1.271,57.5
2024-12-17,IF_DLV_001,100,100,53,14,1.271,76.8
2024-12-18,IF_ORD_001,100,90,37,13,1.312,74.5
2024-12-18,IF_PAY_001,100,100,42,13,1.312,79.55
2024-12-18,IF_PAY_002,25,30,21,13,1.312,41.56
2024-12-18,IF_ORD_002,100,90,46,13,1.312,82.51
2024-12-18,IF_ORD_003,60,80,22,13,1.312,55.14
2024-12-18,IF_MFG_001,60,75,42,13,1.312,53.91
2024-12-18,IF_MFG_002,25,65,23,13,1.312,40.95
2024-12-18,IF_MFG_003,25,35,22,13,1.312,34.37
2024-12-18,IF_MFG_004,5,20,12,13,1.312,19.92
2024-12-18,IF_PRC_001,60,70,23,13,1.312,54.43
2024-12-18,IF_PRC_002,25,55,10,13,1.312,32.78
2024-12-18,IF_PRC_003,5,15,12,13,1.312,21.8
2024-12-18,IF_ASM_001,60,85,17,13,1.312,60.69
2024-12-18,IF_ASM_002,60,80,52,13,1.312,58.43
2024-12-18,IF_DLV_001,100,100,59,13,1.312,82.27
2024-12-19,IF_ORD_001,100,90,52,12,1.36,74.84
2024-12-19,IF_PAY_001,100,100,53,12,1.36,83.7
2024-12-19,IF_PAY_002,25,30,18,12,1.36,31.01
2024-12-19,IF_ORD_002,100,90,56,12,1.36,79.65
2024-12-19,IF_ORD_003,60,80,25,12,1.36,65.56
2024-12-19,IF_MFG_001,60,75,39,12,1.36,59.12
2024-12-19,IF_MFG_002,25,65,26,12,1.36,44.88
2024-12-19,IF_MFG_003,25,35,20,12,1.36,37.1
2024-12-19,IF_MFG_004,5,20,9,12,1.36,21.48
2024-12-19,IF_PRC_001,60,70,32,12,1.36,55.64
2024-12-19,IF_PRC_002,25,55,16,12,1.36,39.27
2024-12-19,IF_PRC_003,5,15,15,12,1.36,21.15
2024-12-19,IF_ASM_001,60,85,40,12,1.36,60.69
2024-12-19,IF_ASM_002,60,80,28,12,1.36,65.44
2024-12-19,IF_DLV_001,100,100,40,12,1.36,75.21
2024-12-20,IF_ORD_001,100,90,52,11,1.415,73.98
2024-12-20,IF_PAY_001,100,100,39,11,1.415,76.13
2024-12-20,IF_PAY_002,25,30,16,11,1.415,32.02
2024-12-20,IF_ORD_002,100,90,41,11,1.415,75.29
2024-12-20,IF_ORD_003,60,80,21,11,1.415,59.46
2024-12-20,IF_MFG_001,60,75,23,11,1.415,55.31
2024-12-20,IF_MFG_002,25,65,15,11,1.415,38.58
2024-12-20,IF_MFG_003,25,35,14,11,1.415,34.2
2024-12-20,IF_MFG_004,5,20,5,11,1.415,18.36
2024-12-20,IF_PRC_001,60,70,52,11,1.415,54.31
2024-12-20,IF_PRC_002,25,55,24,11,1.415,46.07
2024-12-20,IF_PRC_003,5,15,8,11,1.415,23.3
2024-12-20,IF_ASM_001,60,85,118,11,1.415,71.92
2024-12-20,IF_ASM_002,60,80,28,11,1.415,54.77
2024-12-20,IF_DLV_001,100,100,47,11,1.415,79.85
2024-12-21,IF_ORD_001,100,90,37,10,1.479,79.02
2024-12-21,IF_PAY_001,100,100,36,10,1.479,77.79
2024-12-21,IF_PAY_002,25,30,6,10,1.479,29.52
2024-12-21,IF_ORD_002,100,90,72,10,1.479,80.18
2024-12-21,IF_ORD_003,60,80,31,10,1.479,62.92
2024-12-21,IF_MFG_001,60,75,39,10,1.479,62.13
2024-12-21,IF_MFG_002,25,65,18,10,1.479,45.76
2024-12-21,IF_MFG_003,25,35,25,10,1.479,36.45
2024-12-21,IF_MFG_004,5,20,13,10,1.479,27.3
2024-12-21,IF_PRC_001,60,70,37,10,1.479,58.4
2024-12-21,IF_PRC_002,25,55,21,10,1.479,43.62
2024-12-21,IF_PRC_003,5,15,15,10,1.479,23.93
2024-12-21,IF_ASM_001,60,85,29,10,1.479,54.86
2024-12-21,IF_ASM_002,60,80,43,10,1.479,63.51
2024-12-21,IF_DLV_001,100,100,37,10,1.479,80.79
2024-12-22,IF_ORD_001,100,90,53,9,1.553,79.69
2024-12-22,IF_PAY_001,100,100,58,9,1.553,80.23
2024-12-22,IF_PAY_002,25,30,18,9,1.553,31.5
2024-12-22,IF_ORD_002,100,90,49,9,1.553,77.25
2024-12-22,IF_ORD_003,60,80,186,9,1.553,70.96
2024-12-22,IF_MFG_001,60,75,25,9,1.553,54.72
2024-12-22,IF_MFG_002,25,65,17,9,1.553,42.2
2024-12-22,IF_MFG_003,25,35,17,9,1.553,30.54
2024-12-22,IF_MFG_004,5,20,8,9,1.553,24.31
2024-12-22,IF_PRC_001,60,70,23,9,1.553,53.18
2024-12-22,IF_PRC_002,25,55,22,9,1.553,43.94
2024-12-22,IF_PRC_003,5,15,6,9,1.553,23.25
2024-12-22,IF_ASM_001,60,85,26,9,1.553,55.55
2024-12-22,IF_ASM_002,60,80,22,9,1.553,58.5
2024-12-22,IF_DLV_001,100,100,38,9,1.553,73.29
2024-12-23,IF_ORD_001,100,90,40,8,1.638,78.08
2024-12-23,IF_PAY_001,100,100,34,8,1.638,81.3
2024-12-23,IF_PAY_002,25,30,21,8,1.638,38.53
2024-12-23,IF_ORD_002,100,90,58,8,1.638,73.56
2024-12-23,IF_ORD_003,60,80,44,8,1.638,64.03
2024-12-23,IF_MFG_001,60,75,37,8,1.638,56.17
2024-12-23,IF_MFG_002,25,65,24,8,1.638,42.2
2024-12-23,IF_MFG_003,25,35,62,8,1.638,42.11
2024-12-23,IF_MFG_004,5,20,9,8,1.638,19.19
2024-12-23,IF_PRC_001,60,70,39,8,1.638,59.7
2024-12-23,IF_PRC_002,25,55,25,8,1.638,42.17
2024-12-23,IF_PRC_003,5,15,9,8,1.638,24.47
2024-12-23,IF_ASM_001,60,85,26,8,1.638,62.3
2024-12-23,IF_ASM_002,60,80,16,8,1.638,62.33
2024-12-23,IF_DLV_001,100,100,68,8,1.638,84.52
2024-12-24,IF_ORD_001,100,90,53,7,1.736,73.54
2024-12-24,IF_PAY_001,100,100,52,7,1.736,80.23
2024-12-24,IF_PAY_002,25,30,26,7,1.736,43.09
2024-12-24,IF_ORD_002,100,90,32,7,1.736,75.41
2024-12-24,IF_ORD_003,60,80,16,7,1.736,59.35
2024-12-24,IF_MFG_001,60,75,30,7,1.736,64.45
2024-12-24,IF_MFG_002,25,65,21,7,1.736,46.34
2024-12-24,IF_MFG_003,25,35,18,7,1.736,36.19
2024-12-24,IF_MFG_004,5,20,7,7,1.736,21.4
2024-12-24,IF_PRC_001,60,70,47,7,1.736,65.99
2024-12-24,IF_PRC_002,25,55,24,7,1.736,44.51
2024-12-24,IF_PRC_003,5,15,7,7,1.736,20.54
2024-12-24,IF_ASM_001,60,85,20,7,1.736,55.38
2024-12-24,IF_ASM_002,60,80,23,7,1.736,64.32
2024-12-24,IF_DLV_001,100,100,48,7,1.736,83.66
2024-12-25,IF_ORD_001,100,90,37,6,1.849,78.29
2024-12-25,IF_PAY_001,100,100,39,6,1.849,83.44
2024-12-25,IF_PAY_002,25,30,24,6,1.849,42.78
2024-12-25,IF_ORD_002,100,90,47,6,1.849,79.89
2024-12-25,IF_ORD_003,60,80,138,6,1.849,68.17
2024-12-25,IF_MFG_001,60,75,25,6,1.849,62.38
2024-12-25,IF_MFG_002,25,65,27,6,1.849,47.26
2024-12-25,IF_MFG_003,25,35,12,6,1.849,37.78
2024-12-25,IF_MFG_004,5,20,13,6,1.849,25.09
2024-12-25,IF_PRC_001,60,70,25,6,1.849,60.42
2024-12-25,IF_PRC_002,25,55,14,6,1.849,45.83
2024-12-25,IF_PRC_003,5,15,17,6,1.849,26.02
2024-12-25,IF_ASM_001,60,85,50,6,1.849,66.6
2024-12-25,IF_ASM_002,60,80,49,6,1.849,61.21
2024-12-25,IF_DLV_001,100,100,44,6,1.849,84.11
2024-12-26,IF_ORD_001,100,90,51,5,1.979,79.87
2024-12-26,IF_PAY_001,100,100,46,5,1.979,85.49
2024-12-26,IF_PAY_002,25,30,35,5,1.979,37.13
2024-12-26,IF_ORD_002,100,90,51,5,1.979,78.44
2024-12-26,IF_ORD_003,60,80,30,5,1.979,61.16
2024-12-26,IF_MFG_001,60,75,28,5,1.979,60.92
2024-12-26,IF_MFG_002,25,65,30,5,1.979,52.72
2024-12-26,IF_MFG_003,25,35,27,5,1.979,44.89
2024-12-26,IF_MFG_004,5,20,37,5,1.979,35.59
2024-12-26,IF_PRC_001,60,70,35,5,1.979,63.54
2024-12-26,IF_PRC_002,25,55,13,5,1.979,38.92
2024-12-26,IF_PRC_003,5,15,9,5,1.979,23.43
2024-12-26,IF_ASM_001,60,85,41,5,1.979,66.52
2024-12-26,IF_ASM_002,60,80,45,5,1.979,64.7
2024-12-26,IF_DLV_001,100,100,56,5,1.979,91.68
2024-12-27,IF_ORD_001,100,90,67,4,2.129,83.71
2024-12-27,IF_PAY_001,100,100,31,4,2.129,81.78
2024-12-27,IF_PAY_002,25,30,17,4,2.129,42.0
2024-12-27,IF_ORD_002,100,90,59,4,2.129,87.0
2024-12-27,IF_ORD_003,60,80,196,4,2.129,73.7
2024-12-27,IF_MFG_001,60,75,34,4,2.129,68.82
2024-12-27,IF_MFG_002,25,65,25,4,2.129,55.09
2024-12-27,IF_MFG_003,25,35,15,4,2.129,36.13
2024-12-27,IF_MFG_004,5,20,8,4,2.129,26.42
2024-12-27,IF_PRC_001,60,70,30,4,2.129,62.4
2024-12-27,IF_PRC_002,25,55,18,4,2.129,45.75
2024-12-27,IF_PRC_003,5,15,10,4,2.129,27.25
2024-12-27,IF_ASM_001,60,85,49,4,2.129,69.87
2024-12-27,IF_ASM_002,60,80,52,4,2.129,61.83
2024-12-27,IF_DLV_001,100,100,34,4,2.129,83.58
2024-12-28,IF_ORD_001,100,90,66,3,2.303,87.57
2024-12-28,IF_PAY_001,100,100,47,3,2.303,93.24
2024-12-28,IF_PAY_002,25,30,17,3,2.303,43.74
2024-12-28,IF_ORD_002,100,90,48,3,2.303,89.07
2024-12-28,IF_ORD_003,60,80,36,3,2.303,66.58
2024-12-28,IF_MFG_001,60,75,53,3,2.303,69.3
2024-12-28,IF_MFG_002,25,65,13,3,2.303,51.95
2024-12-28,IF_MFG_003,25,35,28,3,2.303,47.78
2024-12-28,IF_MFG_004,5,20,13,3,2.303,30.43
2024-12-28,IF_PRC_001,60,70,47,3,2.303,69.11
2024-12-28,IF_PRC_002,25,55,15,3,2.303,49.99
2024-12-28,IF_PRC_003,5,15,8,3,2.303,28.39
2024-12-28,IF_ASM_001,60,85,52,3,2.303,71.35
2024-12-28,IF_ASM_002,60,80,37,3,2.303,67.91
2024-12-28,IF_DLV_001,100,100,45,3,2.303,86.18
2024-12-29,IF_ORD_001,100,90,65,2,2.503,87.62
2024-12-29,IF_PAY_001,100,100,74,2,2.503,89.12
2024-12-29,IF_PAY_002,25,30,34,2,2.503,45.95
2024-12-29,IF_ORD_002,100,90,76,2,2.503,84.94
2024-12-29,IF_ORD_003,60,80,35,2,2.503,74.27
2024-12-29,IF_MFG_001,60,75,46,2,2.503,72.97
2024-12-29,IF_MFG_002,25,65,17,2,2.503,56.67
2024-12-29,IF_MFG_003,25,35,21,2,2.503,44.42
2024-12-29,IF_MFG_004,5,20,12,2,2.503,32.59
2024-12-29,IF_PRC_001,60,70,49,2,2.503,72.56
2024-12-29,IF_PRC_002,25,55,43,2,2.503,53.04
2024-12-29,IF_PRC_003,5,15,13,2,2.503,27.75
2024-12-29,IF_ASM_001,60,85,59,2,2.503,79.73
2024-12-29,IF_ASM_002,60,80,53,2,2.503,74.11
2024-12-29,IF_DLV_001,100,100,74,2,2.503,93.44
2024-12-30,IF_ORD_001,100,90,81,1,2.734,87.1
2024-12-30,IF_PAY_001,100,100,44,1,2.734,89.29
2024-12-30,IF_PAY_002,25,30,35,1,2.734,52.93
2024-12-30,IF_ORD_002,100,90,75,1,2.734,89.9
2024-12-30,IF_ORD_003,60,80,54,1,2.734,70.6
2024-12-30,IF_MFG_001,60,75,46,1,2.734,72.15
2024-12-30,IF_MFG_002,25,65,27,1,2.734,56.09
2024-12-30,IF_MFG_003,25,35,29,1,2.734,45.59
2024-12-30,IF_MFG_004,5,20,15,1,2.734,39.45
2024-12-30,IF_PRC_001,60,70,19,1,2.734,64.71
2024-12-30,IF_PRC_002,25,55,30,1,2.734,58.84
2024-12-30,IF_PRC_003,5,15,16,1,2.734,34.69
2024-12-30,IF_ASM_001,60,85,56,1,2.734,78.6
2024-12-30,IF_ASM_002,60,80,53,1,2.734,77.51
2024-12-30,IF_DLV_001,100,100,74,1,2.734,93.8
2024-12-31,IF_ORD_001,100,90,79,0,3.0,92.8
2024-12-31,IF_PAY_001,100,100,53,0,3.0,98.0
2024-12-31,IF_PAY_002,25,30,19,0,3.0,50.8
2024-12-31,IF_ORD_002,100,90,56,0,3.0,91.26
2024-12-31,IF_ORD_003,60,80,35,0,3.0,76.77
2024-12-31,IF_MFG_001,60,75,39,0,3.0,79.29
2024-12-31,IF_MFG_002,25,65,22,0,3.0,58.82
2024-12-31,IF_MFG_003,25,35,20,0,3.0,57.75
2024-12-31,IF_MFG_004,5,20,13,0,3.0,38.82
2024-12-31,IF_PRC_001,60,70,53,0,3.0,79.18
2024-12-31,IF_PRC_002,25,55,33,0,3.0,56.37
2024-12-31,IF_PRC_003,5,15,13,0,3.0,34.85
2024-12-31,IF_ASM_001,60,85,48,0,3.0,75.44
2024-12-31,IF_ASM_002,60,80,33,0,3.0,75.87
2024-12-31,IF_DLV_001,100,100,63,0,3.0,89.35
2025-01-01,IF_ORD_001,100,90,40,89,1.0,69.79
2025-01-01,IF_PAY_001,100,100,39,89,1.0,74.93
2025-01-01,IF_PAY_002,25,30,9,89,1.0,23.35
2025-01-01,IF_ORD_002,100,90,49,89,1.0,73.63
2025-01-01,IF_ORD_003,60,80,27,89,1.0,57.36
2025-01-01,IF_MFG_001,60,75,40,89,1.0,58.28
2025-01-01,IF_MFG_002,25,65,9,89,1.0,31.72
2025-01-01,IF_MFG_003,25,35,11,89,1.0,29.06
2025-01-01,IF_MFG_004,5,20,12,89,1.0,18.81
2025-01-01,IF_PRC_001,60,70,22,89,1.0,55.73
2025-01-01,IF_PRC_002,25,55,10,89,1.0,32.22
2025-01-01,IF_PRC_003,5,15,14,89,1.0,20.47
2025-01-01,IF_ASM_001,60,85,39,89,1.0,58.96
2025-01-01,IF_ASM_002,60,80,24,89,1.0,56.63
2025-01-01,IF_DLV_001,100,100,47,89,1.0,73.53
2025-01-02,IF_ORD_001,100,90,30,88,1.0,71.65
2025-01-02,IF_PAY_001,100,100,49,88,1.0,72.75
2025-01-02,IF_PAY_002,25,30,15,88,1.0,33.72
2025-01-02,IF_ORD_002,100,90,29,88,1.0,70.03
2025-01-02,IF_ORD_003,60,80,32,88,1.0,64.8
2025-01-02,IF_MFG_001,60,75,23,88,1.0,55.13
2025-01-02,IF_MFG_002,25,65,27,88,1.0,40.84
2025-01-02,IF_MFG_003,25,35,7,88,1.0,26.8
2025-01-02,IF_MFG_004,5,20,11,88,1.0,11.55
2025-01-02,IF_PRC_001,60,70,142,88,1.0,63.54
2025-01-02,IF_PRC_002,25,55,20,88,1.0,36.72
2025-01-02,IF_PRC_003,5,15,12,88,1.0,23.99
2025-01-02,IF_ASM_001,60,85,26,88,1.0,52.05
2025-01-02,IF_ASM_002,60,80,46,88,1.0,61.74
2025-01-02,IF_DLV_001,100,100,37,88,1.0,75.38
2025-01-03,IF_ORD_001,100,90,59,87,1.0,75.88
2025-01-03,IF_PAY_001,100,100,35,87,1.0,73.4
2025-01-03,IF_PAY_002,25,30,21,87,1.0,30.88
2025-01-03,IF_ORD_002,100,90,59,87,1.0,75.28
2025-01-03,IF_ORD_003,60,80,24,87,1.0,52.73
2025-01-03,IF_MFG_001,60,75,25,87,1.0,46.69
2025-01-03,IF_MFG_002,25,65,30,87,1.0,46.25
2025-01-03,IF_MFG_003,25,35,16,87,1.0,29.82
2025-01-03,IF_MFG_004,5,20,8,87,1.0,16.43
2025-01-03,IF_PRC_001,60,70,27,87,1.0,50.37
2025-01-03,IF_PRC_002,25,55,15,87,1.0,36.73
2025-01-03,IF_PRC_003,5,15,8,87,1.0,20.68
2025-01-03,IF_ASM_001,60,85,27,87,1.0,57.36
2025-01-03,IF_ASM_002,60,80,33,87,1.0,54.37
2025-01-03,IF_DLV_001,100,100,56,87,1.0,70.0
2025-01-04,IF_ORD_001,100,90,33,86,1.0,68.93
2025-01-04,IF_PAY_001,100,100,32,86,1.0,70.76
2025-01-04,IF_PAY_002,25,30,12,86,1.0,27.0
2025-01-04,IF_ORD_002,100,90,43,86,1.0,69.69
2025-01-04,IF_ORD_003,60,80,20,86,1.0,50.43
2025-01-04,IF_MFG_001,60,75,29,86,1.0,59.69
2025-01-04,IF_MFG_002,25,65,23,86,1.0,42.76
2025-01-04,IF_MFG_003,25,35,17,86,1.0,27.39
2025-01-04,IF_MFG_004,5,20,8,86,1.0,15.92
2025-01-04,IF_PRC_001,60,70,39,86,1.0,53.18
2025-01-04,IF_PRC_002,25,55,24,86,1.0,32.84
2025-01-04,IF_PRC_003,5,15,7,86,1.0,17.57
2025-01-04,IF_ASM_001,60,85,27,86,1.0,62.0
2025-01-04,IF_ASM_002,60,80,36,86,1.0,50.38
2025-01-04,IF_DLV_001,100,100,48,86,1.0,68.82
2025-01-05,IF_ORD_001,100,90,52,85,1.0,76.95
2025-01-05,IF_PAY_001,100,100,40,85,1.0,71.47
2025-01-05,IF_PAY_002,25,30,8,85,1.0,32.6
2025-01-05,IF_ORD_002,100,90,61,85,1.0,72.45
2025-01-05,IF_ORD_003,60,80,28,85,1.0,55.0
2025-01-05,IF_MFG_001,60,75,43,85,1.0,60.84
2025-01-05,IF_MFG_002,25,65,22,85,1.0,43.04
2025-01-05,IF_MFG_003,25,35,21,85,1.0,30.67
2025-01-05,IF_MFG_004,5,20,4,85,1.0,13.28
2025-01-05,IF_PRC_001,60,70,27,85,1.0,54.31
2025-01-05,IF_PRC_002,25,55,21,85,1.0,35.68
2025-01-05,IF_PRC_003,5,15,5,85,1.0,17.17
2025-01-05,IF_ASM_001,60,85,35,85,1.0,59.64
2025-01-05,IF_ASM_002,60,80,25,85,1.0,59.02
2025-01-05,IF_DLV_001,100,100,56,85,1.0,67.26
2025-01-06,IF_ORD_001,100,90,48,84,1.0,74.45
2025-01-06,IF_PAY_001,100,100,40,84,1.0,71.43
2025-01-06,IF_PAY_002,25,30,28,84,1.0,34.89
2025-01-06,IF_ORD_002,100,90,46,84,1.0,73.55
2025-01-06,IF_ORD_003,60,80,22,84,1.0,50.62
2025-01-06,IF_MFG_001,60,75,20,84,1.0,48.98
2025-01-06,IF_MFG_002,25,65,16,84,1.0,39.48
2025-01-06,IF_MFG_003,25,35,13,84,1.0,31.42
2025-01-06,IF_MFG_004,5,20,10,84,1.0,19.1
2025-01-06,IF_PRC_001,60,70,18,84,1.0,51.11
2025-01-06,IF_PRC_002,25,55,11,84,1.0,38.3
2025-01-06,IF_PRC_003,5,15,5,84,1.0,19.95
2025-01-06,IF_ASM_001,60,85,34,84,1.0,61.2
2025-01-06,IF_ASM_002,60,80,29,84,1.0,62.79
2025-01-06,IF_DLV_001,100,100,64,84,1.0,75.44
2025-01-07,IF_ORD_001,100,90,49,83,1.0,71.55
2025-01-07,IF_PAY_001,100,100,166,83,1.0,78.31
2025-01-07,IF_PAY_002,25,30,10,83,1.0,27.34
2025-01-07,IF_ORD_002,100,90,46,83,1.0,71.5
2025-01-07,IF_ORD_003,60,80,34,83,1.0,54.16
2025-01-07,IF_MFG_001,60,75,35,83,1.0,59.23
2025-01-07,IF_MFG_002,25,65,11,83,1.0,37.16
2025-01-07,IF_MFG_003,25,35,16,83,1.0,26.68
2025-01-07,IF_MFG_004,5,20,19,83,1.0,20.2
2025-01-07,IF_PRC_001,60,70,19,83,1.0,51.12
2025-01-07,IF_PRC_002,25,55,22,83,1.0,35.0
2025-01-07,IF_PRC_003,5,15,12,83,1.0,21.81
2025-01-07,IF_ASM_001,60,85,41,83,1.0,55.83
2025-01-07,IF_ASM_002,60,80,39,83,1.0,57.11
2025-01-07,IF_DLV_001,100,100,34,83,1.0,72.88
2025-01-08,IF_ORD_001,100,90,25,82,1.0,66.45
2025-01-08,IF_PAY_001,100,100,40,82,1.0,72.46
2025-01-08,IF_PAY_002,25,30,25,82,1.0,30.76
2025-01-08,IF_ORD_002,100,90,31,82,1.0,65.63
2025-01-08,IF_ORD_003,60,80,23,82,1.0,57.06
2025-01-08,IF_MFG_001,60,75,35,82,1.0,55.0
2025-01-08,IF_MFG_002,25,65,24,82,1.0,39.4
2025-01-08,IF_MFG_003,25,35,14,82,1.0,29.01
2025-01-08,IF_MFG_004,5,20,5,82,1.0,10.98
2025-01-08,IF_PRC_001,60,70,29,82,1.0,51.8
2025-01-08,IF_PRC_002,25,55,11,82,1.0,32.81
2025-01-08,IF_PRC_003,5,15,6,82,1.0,18.56
2025-01-08,IF_ASM_001,60,85,18,82,1.0,52.66
2025-01-08,IF_ASM_002,60,80,36,82,1.0,52.53
2025-01-08,IF_DLV_001,100,100,48,82,1.0,76.68
2025-01-09,IF_ORD_001,100,90,95,81,1.0,72.11
2025-01-09,IF_PAY_001,100,100,38,81,1.0,71.07
2025-01-09,IF_PAY_002,25,30,23,81,1.0,37.34
2025-01-09,IF_ORD_002,100,90,69,81,1.0,71.15
2025-01-09,IF_ORD_003,60,80,19,81,1.0,52.02
2025-01-09,IF_MFG_001,60,75,32,81,1.0,53.27
2025-01-09,IF_MFG_002,25,65,73,81,1.0,38.73
2025-01-09,IF_MFG_003,25,35,15,81,1.0,28.9
2025-01-09,IF_MFG_004,5,20,7,81,1.0,17.66
2025-01-09,IF_PRC_001,60,70,36,81,1.0,55.98
2025-01-09,IF_PRC_002,25,55,16,81,1.0,34.11
2025-01-09,IF_PRC_003,5,15,16,81,1.0,19.0
2025-01-09,IF_ASM_001,60,85,40,81,1.0,61.76
2025-01-09,IF_ASM_002,60,80,18,81,1.0,52.15
2025-01-09,IF_DLV_001,100,100,30,81,1.0,67.22
2025-01-10,IF_ORD_001,100,90,59,80,1.0,76.82
2025-01-10,IF_PAY_001,100,100,32,80,1.0,75.82
2025-01-10,IF_PAY_002,25,30,14,80,1.0,27.38
2025-01-10,IF_ORD_002,100,90,25,80,1.0,70.24
2025-01-10,IF_ORD_003,60,80,26,80,1.0,46.84
2025-01-10,IF_MFG_001,60,75,34,80,1.0,50.73
2025-01-10,IF_MFG_002,25,65,22,80,1.0,38.36
2025-01-10,IF_MFG_003,25,35,14,80,1.0,24.92
2025-01-10,IF_MFG_004,5,20,9,80,1.0,17.35
2025-01-10,IF_PRC_001,60,70,27,80,1.0,53.07
2025-01-10,IF_PRC_002,25,55,19,80,1.0,35.32
2025-01-10,IF_PRC_003,5,15,11,80,1.0,16.93
2025-01-10,IF_ASM_001,60,85,34,80,1.0,54.99
2025-01-10,IF_ASM_002,60,80,28,80,1.0,48.17
2025-01-10,IF_DLV_001,100,100,48,80,1.0,71.82
2025-01-11,IF_ORD_001,100,90,54,79,1.0,69.64
2025-01-11,IF_PAY_001,100,100,31,79,1.0,72.69
2025-01-11,IF_PAY_002,25,30,22,79,1.0,30.9
2025-01-11,IF_ORD_002,100,90,49,79,1.0,71.65
2025-01-11,IF_ORD_003,60,80,29,79,1.0,56.0
2025-01-11,IF_MFG_001,60,75,34,79,1.0,54.83
2025-01-11,IF_MFG_002,25,65,14,79,1.0,33.18
2025-01-11,IF_MFG_003,25,35,18,79,1.0,29.38
2025-01-11,IF_MFG_004,5,20,11,79,1.0,22.33
2025-01-11,IF_PRC_001,60,70,28,79,1.0,54.64
2025-01-11,IF_PRC_002,25,55,18,79,1.0,40.07
2025-01-11,IF_PRC_003,5,15,9,79,1.0,14.85
2025-01-11,IF_ASM_001,60,85,31,79,1.0,59.99
2025-01-11,IF_ASM_002,60,80,32,79,1.0,52.12
2025-01-11,IF_DLV_001,100,100,44,79,1.0,73.26
2025-01-12,IF_ORD_001,100,90,24,78,1.0,69.65
2025-01-12,IF_PAY_001,100,100,66,78,1.0,76.98
2025-01-12,IF_PAY_002,25,30,18,78,1.0,30.19
2025-01-12,IF_ORD_002,100,90,59,78,1.0,72.55
2025-01-12,IF_ORD_003,60,80,23,78,1.0,53.54
2025-01-12,IF_MFG_001,60,75,55,78,1.0,55.02
2025-01-12,IF_MFG_002,25,65,12,78,1.0,37.1
2025-01-12,IF_MFG_003,25,35,9,78,1.0,28.98
2025-01-12,IF_MFG_004,5,20,13,78,1.0,17.27
2025-01-12,IF_PRC_001,60,70,32,78,1.0,51.46
2025-01-12,IF_PRC_002,25,55,23,78,1.0,38.83
2025-01-12,IF_PRC_003,5,15,11,78,1.0,15.14
2025-01-12,IF_ASM_001,60,85,39,78,1.0,58.62
2025-01-12,IF_ASM_002,60,80,23,78,1.0,58.21
2025-01-12,IF_DLV_001,100,100,57,78,1.0,71.28
2025-01-13,IF_ORD_001,100,90,24,77,1.0,66.71
2025-01-13,IF_PAY_001,100,100,41,77,1.0,72.58
2025-01-13,IF_PAY_002,25,30,28,77,1.0,33.13
2025-01-13,IF_ORD_002,100,90,47,77,1.0,73.49
2025-01-13,IF_ORD_003,60,80,16,77,1.0,53.43
2025-01-13,IF_MFG_001,60,75,19,77,1.0,46.47
2025-01-13,IF_MFG_002,25,65,22,77,1.0,42.48
2025-01-13,IF_MFG_003,25,35,11,77,1.0,25.0
2025-01-13,IF_MFG_004,5,20,9,77,1.0,15.96
2025-01-13,IF_PRC_001,60,70,21,77,1.0,52.64
2025-01-13,IF_PRC_002,25,55,16,77,1.0,35.68
2025-01-13,IF_PRC_003,5,15,8,77,1.0,19.4
2025-01-13,IF_ASM_001,60,85,25,77,1.0,49.88
2025-01-13,IF_ASM_002,60,80,38,77,1.0,59.74
2025-01-13,IF_DLV_001,100,100,64,77,1.0,81.61
2025-01-14,IF_ORD_001,100,90,45,76,1.0,71.66
2025-01-14,IF_PAY_001,100,100,32,76,1.0,73.98
2025-01-14,IF_PAY_002,25,30,22,76,1.0,30.75
2025-01-14,IF_ORD_002,100,90,52,76,1.0,70.09
2025-01-14,IF_ORD_003,60,80,24,76,1.0,54.33
2025-01-14,IF_MFG_001,60,75,22,76,1.0,54.82
2025-01-14,IF_MFG_002,25,65,18,76,1.0,38.56
2025-01-14,IF_MFG_003,25,35,20,76,1.0,31.29
2025-01-14,IF_MFG_004,5,20,8,76,1.0,23.02
2025-01-14,IF_PRC_001,60,70,23,76,1.0,52.0
2025-01-14,IF_PRC_002,25,55,17,76,1.0,37.71
2025-01-14,IF_PRC_003,5,15,9,76,1.0,14.77
2025-01-14,IF_ASM_001,60,85,36,76,1.0,56.03
2025-01-14,IF_ASM_002,60,80,35,76,1.0,54.91
2025-01-14,IF_DLV_001,100,100,69,76,1.0,75.46
2025-01-15,IF_ORD_001,100,90,38,75,1.0,75.9
2025-01-15,IF_PAY_001,100,100,33,75,1.0,73.62
2025-01-15,IF_PAY_002,25,30,18,75,1.0,30.25
2025-01-15,IF_ORD_002,100,90,38,75,1.0,68.04
2025-01-15,IF_ORD_003,60,80,38,75,1.0,55.72
2025-01-15,IF_MFG_001,60,75,28,75,1.0,50.56
2025-01-15,IF_MFG_002,25,65,18,75,1.0,36.07
2025-01-15,IF_MFG_003,25,35,10,75,1.0,26.47
2025-01-15,IF_MFG_004,5,20,15,75,1.0,20.48
2025-01-15,IF_PRC_001,60,70,24,75,1.0,52.22
2025-01-15,IF_PRC_002,25,55,27,75,1.0,39.4
2025-01-15,IF_PRC_003,5,15,10,75,1.0,15.75
2025-01-15,IF_ASM_001,60,85,38,75,1.0,57.45
2025-01-15,IF_ASM_002,60,80,27,75,1.0,50.03
2025-01-15,IF_DLV_001,100,100,41,75,1.0,74.59
2025-01-16,IF_ORD_001,100,90,41,74,1.0,75.71
2025-01-16,IF_PAY_001,100,100,45,74,1.0,69.81
2025-01-16,IF_PAY_002,25,30,21,74,1.0,28.89
2025-01-16,IF_ORD_002,100,90,27,74,1.0,71.19
2025-01-16,IF_ORD_003,60,80,30,74,1.0,55.69
2025-01-16,IF_MFG_001,60,75,29,74,1.0,56.92
2025-01-16,IF_MFG_002,25,65,20,74,1.0,35.59
2025-01-16,IF_MFG_003,25,35,16,74,1.0,28.33
2025-01-16,IF_MFG_004,5,20,12,74,1.0,22.24
2025-01-16,IF_PRC_001,60,70,37,74,1.0,54.8
2025-01-16,IF_PRC_002,25,55,14,74,1.0,37.84
2025-01-16,IF_PRC_003,5,15,10,74,1.0,23.25
2025-01-16,IF_ASM_001,60,85,30,74,1.0,59.82
2025-01-16,IF_ASM_002,60,80,22,74,1.0,59.94
2025-01-16,IF_DLV_001,100,100,50,74,1.0,72.05
2025-01-17,IF_ORD_001,100,90,53,73,1.0,69.96
2025-01-17,IF_PAY_001,100,100,60,73,1.0,75.19
2025-01-17,IF_PAY_002,25,30,8,73,1.0,25.18
2025-01-17,IF_ORD_002,100,90,26,73,1.0,69.65
2025-01-17,IF_ORD_003,60,80,28,73,1.0,52.08
2025-01-17,IF_MFG_001,60,75,28,73,1.0,53.11
2025-01-17,IF_MFG_002,25,65,23,73,1.0,37.53
2025-01-17,IF_MFG_003,25,35,14,73,1.0,30.33
2025-01-17,IF_MFG_004,5,20,5,73,1.0,15.14
2025-01-17,IF_PRC_001,60,70,31,73,1.0,50.82
2025-01-17,IF_PRC_002,25,55,15,73,1.0,30.6
2025-01-17,IF_PRC_003,5,15,9,73,1.0,14.93
2025-01-17,IF_ASM_001,60,85,37,73,1.0,58.38
2025-01-17,IF_ASM_002,60,80,20,73,1.0,53.87
2025-01-17,IF_DLV_001,100,100,32,73,1.0,69.97
2025-01-18,IF_ORD_001,100,90,51,72,1.0,74.94
2025-01-18,IF_PAY_001,100,100,50,72,1.0,73.81
2025-01-18,IF_PAY_002,25,30,9,72,1.0,26.04
2025-01-18,IF_ORD_002,100,90,66,72,1.0,74.3
2025-01-18,IF_ORD_003,60,80,29,72,1.0,51.23
2025-01-18,IF_MFG_001,60,75,41,72,1.0,58.27
2025-01-18,IF_MFG_002,25,65,21,72,1.0,38.52
2025-01-18,IF_MFG_003,25,35,18,72,1.0,32.02
2025-01-18,IF_MFG_004,5,20,13,72,1.0,21.11
2025-01-18,IF_PRC_001,60,70,28,72,1.0,56.02
2025-01-18,IF_PRC_002,25,55,11,72,1.0,34.58
2025-01-18,IF_PRC_003,5,15,6,72,1.0,15.27
2025-01-18,IF_ASM_001,60,85,33,72,1.0,47.9
2025-01-18,IF_ASM_002,60,80,36,72,1.0,55.19
2025-01-18,IF_DLV_001,100,100,67,72,1.0,73.22
2025-01-19,IF_ORD_001,100,90,46,71,1.0,78.12
2025-01-19,IF_PAY_001,100,100,40,71,1.0,75.86
2025-01-19,IF_PAY_002,25,30,14,71,1.0,26.52
2025-01-19,IF_ORD_002,100,90,47,71,1.0,73.98
2025-01-19,IF_ORD_003,60,80,19,71,1.0,51.52
2025-01-19,IF_MFG_001,60,75,36,71,1.0,57.62
2025-01-19,IF_MFG_002,25,65,21,71,1.0,39.66
2025-01-19,IF_MFG_003,25,35,12,71,1.0,33.18
2025-01-19,IF_MFG_004,5,20,18,71,1.0,21.48
2025-01-19,IF_PRC_001,60,70,19,71,1.0,49.99
2025-01-19,IF_PRC_002,25,55,55,71,1.0,38.33
2025-01-19,IF_PRC_003,5,15,3,71,1.0,10.94
2025-01-19,IF_ASM_001,60,85,30,71,1.0,50.79
2025-01-19,IF_ASM_002,60,80,31,71,1.0,57.58
2025-01-19,IF_DLV_001,100,100,49,71,1.0,71.18
2025-01-20,IF_ORD_001,100,90,38,70,1.0,68.4
2025-01-20,IF_PAY_001,100,100,29,70,1.0,69.1
2025-01-20,IF_PAY_002,25,30,18,70,1.0,33.64
2025-01-20,IF_ORD_002,100,90,29,70,1.0,68.59
2025-01-20,IF_ORD_003,60,80,34,70,1.0,57.19
2025-01-20,IF_MFG_001,60,75,31,70,1.0,56.43
2025-01-20,IF_MFG_002,25,65,13,70,1.0,37.16
2025-01-20,IF_MFG_003,25,35,42,70,1.0,34.15
2025-01-20,IF_MFG_004,5,20,12,70,1.0,16.48
2025-01-20,IF_PRC_001,60,70,30,70,1.0,50.25
2025-01-20,IF_PRC_002,25,55,11,70,1.0,30.45
2025-01-20,IF_PRC_003,5,15,6,70,1.0,12.69
2025-01-20,IF_ASM_001,60,85,37,70,1.0,55.82
2025-01-20,IF_ASM_002,60,80,16,70,1.0,56.21
2025-01-20,IF_DLV_001,100,100,36,70,1.0,71.72
2025-01-21,IF_ORD_001,100,90,48,69,1.0,69.27
2025-01-21,IF_PAY_001,100,100,29,69,1.0,70.3
2025-01-21,IF_PAY_002,25,30,12,69,1.0,27.85
2025-01-21,IF_ORD_002,100,90,61,69,1.0,72.2
2025-01-21,IF_ORD_003,60,80,21,69,1.0,57.42
2025-01-21,IF_MFG_001,60,75,32,69,1.0,52.41
2025-01-21,IF_MFG_002,25,65,15,69,1.0,38.57
2025-01-21,IF_MFG_003,25,35,20,69,1.0,29.24
2025-01-21,IF_MFG_004,5,20,13,69,1.0,22.02
2025-01-21,IF_PRC_001,60,70,34,69,1.0,51.07
2025-01-21,IF_PRC_002,25,55,20,69,1.0,43.0
2025-01-21,IF_PRC_003,5,15,13,69,1.0,14.72
2025-01-21,IF_ASM_001,60,85,26,69,1.0,56.81
2025-01-21,IF_ASM_002,60,80,32,69,1.0,55.31
2025-01-21,IF_DLV_001,100,100,65,69,1.0,80.15
2025-01-22,IF_ORD_001,100,90,25,68,1.0,69.84
2025-01-22,IF_PAY_001,100,100,48,68,1.0,76.03
2025-01-22,IF_PAY_002,25,30,23,68,1.0,29.66
2025-01-22,IF_ORD_002,100,90,50,68,1.0,74.82
2025-01-22,IF_ORD_003,60,80,19,68,1.0,49.37
2025-01-22,IF_MFG_001,60,75,26,68,1.0,53.73
2025-01-22,IF_MFG_002,25,65,9,68,1.0,35.78
2025-01-22,IF_MFG_003,25,35,22,68,1.0,33.57
2025-01-22,IF_MFG_004,5,20,8,68,1.0,19.61
2025-01-22,IF_PRC_001,60,70,24,68,1.0,52.04
2025-01-22,IF_PRC_002,25,55,14,68,1.0,35.94
2025-01-22,IF_PRC_003,5,15,4,68,1.0,10.57
2025-01-22,IF_ASM_001,60,85,27,68,1.0,59.57
2025-01-22,IF_ASM_002,60,80,27,68,1.0,54.31
2025-01-22,IF_DLV_001,100,100,52,68,1.0,78.33
2025-01-23,IF_ORD_001,100,90,47,67,1.0,66.62
2025-01-23,IF_PAY_001,100,100,28,67,1.0,65.39
2025-01-23,IF_PAY_002,25,30,14,67,1.0,29.0
2025-01-23,IF_ORD_002,100,90,45,67,1.0,68.97
2025-01-23,IF_ORD_003,60,80,12,67,1.0,56.21
2025-01-23,IF_MFG_001,60,75,24,67,1.0,48.56
2025-01-23,IF_MFG_002,25,65,18,67,1.0,34.58
2025-01-23,IF_MFG_003,25,35,15,67,1.0,27.45
2025-01-23,IF_MFG_004,5,20,17,67,1.0,17.97
2025-01-23,IF_PRC_001,60,70,19,67,1.0,49.34
2025-01-23,IF_PRC_002,25,55,18,67,1.0,35.64
2025-01-23,IF_PRC_003,5,15,8,67,1.0,13.33
2025-01-23,IF_ASM_001,60,85,13,67,1.0,53.34
2025-01-23,IF_ASM_002,60,80,20,67,1.0,49.96
2025-01-23,IF_DLV_001,100,100,40,67,1.0,74.28
2025-01-24,IF_ORD_001,100,90,55,66,1.0,67.57
2025-01-24,IF_PAY_001,100,100,29,66,1.0,74.67
2025-01-24,IF_PAY_002,25,30,26,66,1.0,27.01
2025-01-24,IF_ORD_002,100,90,28,66,1.0,68.62
2025-01-24,IF_ORD_003,60,80,15,66,1.0,56.63
2025-01-24,IF_MFG_001,60,75,37,66,1.0,53.28
2025-01-24,IF_MFG_002,25,65,13,66,1.0,41.12
2025-01-24,IF_MFG_003,25,35,8,66,1.0,28.48
2025-01-24,IF_MFG_004,5,20,7,66,1.0,14.39
2025-01-24,IF_PRC_001,60,70,24,66,1.0,49.49
2025-01-24,IF_PRC_002,25,55,7,66,1.0,31.22
2025-01-24,IF_PRC_003,5,15,11,66,1.0,17.83
2025-01-24,IF_ASM_001,60,85,25,66,1.0,56.25
2025-01-24,IF_ASM_002,60,80,27,66,1.0,51.0
2025-01-24,IF_DLV_001,100,100,26,66,1.0,73.07
2025-01-25,IF_ORD_001,100,90,30,65,1.0,73.75
2025-01-25,IF_PAY_001,100,100,48,65,1.0,76.7
2025-01-25,IF_PAY_002,25,30,13,65,1.0,24.89
2025-01-25,IF_ORD_002,100,90,38,65,1.0,70.22
2025-01-25,IF_ORD_003,60,80,29,65,1.0,50.63
2025-01-25,IF_MFG_001,60,75,40,65,1.0,52.16
2025-01-25,IF_MFG_002,25,65,9,65,1.0,34.95
2025-01-25,IF_MFG_003,25,35,28,65,1.0,33.61
2025-01-25,IF_MFG_004,5,20,7,65,1.0,11.79
2025-01-25,IF_PRC_001,60,70,11,65,1.0,50.45
2025-01-25,IF_PRC_002,25,55,17,65,1.0,42.01
2025-01-25,IF_PRC_003,5,15,11,65,1.0,15.53
2025-01-25,IF_ASM_001,60,85,22,65,1.0,56.61
2025-01-25,IF_ASM_002,60,80,31,65,1.0,59.76
2025-01-25,IF_DLV_001,100,100,52,65,1.0,78.83
2025-01-26,IF_ORD_001,100,90,31,64,1.0,69.02
2025-01-26,IF_PAY_001,100,100,33,64,1.0,71.19
2025-01-26,IF_PAY_002,25,30,21,64,1.0,25.37
2025-01-26,IF_ORD_002,100,90,49,64,1.0,70.87
2025-01-26,IF_ORD_003,60,80,15,64,1.0,54.02
2025-01-26,IF_MFG_001,60,75,32,64,1.0,53.86
2025-01-26,IF_MFG_002,25,65,16,64,1.0,35.6
2025-01-26,IF_MFG_003,25,35,19,64,1.0,33.29
2025-01-26,IF_MFG_004,5,20,10,64,1.0,17.6
2025-01-26,IF_PRC_001,60,70,20,64,1.0,49.21
2025-01-26,IF_PRC_002,25,55,12,64,1.0,34.23
2025-01-26,IF_PRC_003,5,15,5,64,1.0,9.01
2025-01-26,IF_ASM_001,60,85,30,64,1.0,61.57
2025-01-26,IF_ASM_002,60,80,24,64,1.0,51.32
2025-01-26,IF_DLV_001,100,100,28,64,1.0,70.04
2025-01-27,IF_ORD_001,100,90,46,63,1.0,69.85
2025-01-27,IF_PAY_001,100,100,43,63,1.0,74.59
2025-01-27,IF_PAY_002,25,30,23,63,1.0,31.83
2025-01-27,IF_ORD_002,100,90,45,63,1.0,77.61
2025-01-27,IF_ORD_003,60,80,39,63,1.0,56.39
2025-01-27,IF_MFG_001,60,75,27,63,1.0,60.8
2025-01-27,IF_MFG_002,25,65,24,63,1.0,39.56
2025-01-27,IF_MFG_003,25,35,7,63,1.0,28.02
2025-01-27,IF_MFG_004,5,20,10,63,1.0,16.68
2025-01-27,IF_PRC_001,60,70,25,63,1.0,53.98
2025-01-27,IF_PRC_002,25,55,13,63,1.0,35.16
2025-01-27,IF_PRC_003,5,15,9,63,1.0,16.38
2025-01-27,IF_ASM_001,60,85,33,63,1.0,51.31
2025-01-27,IF_ASM_002,60,80,40,63,1.0,58.48
2025-01-27,IF_DLV_001,100,100,41,63,1.0,72.01
2025-01-28,IF_ORD_001,100,90,43,62,1.0,66.51
2025-01-28,IF_PAY_001,100,100,49,62,1.0,75.48
2025-01-28,IF_PAY_002,25,30,20,62,1.0,31.69
2025-01-28,IF_ORD_002,100,90,34,62,1.0,68.29
2025-01-28,IF_ORD_003,60,80,29,62,1.0,50.3
2025-01-28,IF_MFG_001,60,75,47,62,1.0,55.89
2025-01-28,IF_MFG_002,25,65,11,62,1.0,36.95
2025-01-28,IF_MFG_003,25,35,12,62,1.0,33.93
2025-01-28,IF_MFG_004,5,20,6,62,1.0,20.45
2025-01-28,IF_PRC_001,60,70,141,62,1.0,58.54
2025-01-28,IF_PRC_002,25,55,13,62,1.0,33.84
2025-01-28,IF_PRC_003,5,15,12,62,1.0,22.75
2025-01-28,IF_ASM_001,60,85,28,62,1.0,55.29
2025-01-28,IF_ASM_002,60,80,33,62,1.0,54.41
2025-01-28,IF_DLV_001,100,100,39,62,1.0,64.3
2025-01-29,IF_ORD_001,100,90,45,61,1.0,64.58
2025-01-29,IF_PAY_001,100,100,37,61,1.0,71.23
2025-01-29,IF_PAY_002,25,30,22,61,1.0,30.8
2025-01-29,IF_ORD_002,100,90,27,61,1.0,70.09
2025-01-29,IF_ORD_003,60,80,26,61,1.0,52.02
2025-01-29,IF_MFG_001,60,75,26,61,1.0,55.25
2025-01-29,IF_MFG_002,25,65,13,61,1.0,37.56
2025-01-29,IF_MFG_003,25,35,21,61,1.0,26.83
2025-01-29,IF_MFG_004,5,20,5,61,1.0,14.37
2025-01-29,IF_PRC_001,60,70,40,61,1.0,58.64
2025-01-29,IF_PRC_002,25,55,10,61,1.0,33.73
2025-01-29,IF_PRC_003,5,15,16,61,1.0,21.23
2025-01-29,IF_ASM_001,60,85,31,61,1.0,58.16
2025-01-29,IF_ASM_002,60,80,134,61,1.0,65.49
2025-01-29,IF_DLV_001,100,100,22,61,1.0,71.22
2025-01-30,IF_ORD_001,100,90,56,60,1.0,71.36
2025-01-30,IF_PAY_001,100,100,36,60,1.0,70.53
2025-01-30,IF_PAY_002,25,30,16,60,1.0,25.6
2025-01-30,IF_ORD_002,100,90,20,60,1.0,70.23
2025-01-30,IF_ORD_003,60,80,23,60,1.0,51.38
2025-01-30,IF_MFG_001,60,75,42,60,1.0,53.11
2025-01-30,IF_MFG_002,25,65,12,60,1.0,35.8
2025-01-30,IF_MFG_003,25,35,8,60,1.0,25.44
2025-01-30,IF_MFG_004,5,20,8,60,1.0,16.72
2025-01-30,IF_PRC_001,60,70,36,60,1.0,52.08
2025-01-30,IF_PRC_002,25,55,23,60,1.0,36.28
2025-01-30,IF_PRC_003,5,15,7,60,1.0,17.19
2025-01-30,IF_ASM_001,60,85,25,60,1.0,57.1
2025-01-30,IF_ASM_002,60,80,21,60,1.0,53.93
2025-01-30,IF_DLV_001,100,100,33,60,1.0,77.45
2025-01-31,IF_ORD_001,100,90,44,59,1.0,75.66
2025-01-31,IF_PAY_001,100,100,54,59,1.0,68.68
2025-01-31,IF_PAY_002,25,30,14,59,1.0,20.4
2025-01-31,IF_ORD_002,100,90,50,59,1.0,73.26
2025-01-31,IF_ORD_003,60,80,15,59,1.0,52.07
2025-01-31,IF_MFG_001,60,75,21,59,1.0,52.53
2025-01-31,IF_MFG_002,25,65,20,59,1.0,38.06
2025-01-31,IF_MFG_003,25,35,15,59,1.0,28.23
2025-01-31,IF_MFG_004,5,20,7,59,1.0,20.61
2025-01-31,IF_PRC_001,60,70,22,59,1.0,51.38
2025-01-31,IF_PRC_002,25,55,16,59,1.0,40.09
2025-01-31,IF_PRC_003,5,15,9,59,1.0,14.59
2025-01-31,IF_ASM_001,60,85,26,59,1.0,57.68
2025-01-31,IF_ASM_002,60,80,22,59,1.0,53.6
2025-01-31,IF_DLV_001,100,100,52,59,1.0,72.49
2025-02-01,IF_ORD_001,100,90,43,58,1.001,70.21
2025-02-01,IF_PAY_001,100,100,25,58,1.001,77.26
2025-02-01,IF_PAY_002,25,30,22,58,1.001,33.22
2025-02-01,IF_ORD_002,100,90,55,58,1.001,71.33
2025-02-01,IF_ORD_003,60,80,19,58,1.001,56.85
2025-02-01,IF_MFG_001,60,75,32,58,1.001,53.6
2025-02-01,IF_MFG_002,25,65,19,58,1.001,39.57
2025-02-01,IF_MFG_003,25,35,26,58,1.001,28.73
2025-02-01,IF_MFG_004,5,20,14,58,1.001,20.68
2025-02-01,IF_PRC_001,60,70,28,58,1.001,48.87
2025-02-01,IF_PRC_002,25,55,23,58,1.001,39.34
2025-02-01,IF_PRC_003,5,15,11,58,1.001,16.05
2025-02-01,IF_ASM_001,60,85,32,58,1.001,57.54
2025-02-01,IF_ASM_002,60,80,32,58,1.001,63.05
2025-02-01,IF_DLV_001,100,100,35,58,1.001,76.07
2025-02-02,IF_ORD_001,100,90,24,57,1.001,69.88
2025-02-02,IF_PAY_001,100,100,26,57,1.001,72.54
2025-02-02,IF_PAY_002,25,30,11,57,1.001,33.03
2025-02-02,IF_ORD_002,100,90,29,57,1.001,67.81
2025-02-02,IF_ORD_003,60,80,42,57,1.001,53.67
2025-02-02,IF_MFG_001,60,75,31,57,1.001,56.48
2025-02-02,IF_MFG_002,25,65,9,57,1.001,35.76
2025-02-02,IF_MFG_003,25,35,15,57,1.001,29.08
2025-02-02,IF_MFG_004,5,20,7,57,1.001,17.09
2025-02-02,IF_PRC_001,60,70,37,57,1.001,47.5
2025-02-02,IF_PRC_002,25,55,11,57,1.001,34.79
2025-02-02,IF_PRC_003,5,15,12,57,1.001,17.96
2025-02-02,IF_ASM_001,60,85,32,57,1.001,53.24
2025-02-02,IF_ASM_002,60,80,29,57,1.001,51.33
2025-02-02,IF_DLV_001,100,100,132,57,1.001,79.9
2025-02-03,IF_ORD_001,100,90,34,56,1.001,74.38
2025-02-03,IF_PAY_001,100,100,25,56,1.001,72.87
2025-02-03,IF_PAY_002,25,30,13,56,1.001,28.75
2025-02-03,IF_ORD_002,100,90,20,56,1.001,69.32
2025-02-03,IF_ORD_003,60,80,20,56,1.001,52.09
2025-02-03,IF_MFG_001,60,75,34,56,1.001,55.19
2025-02-03,IF_MFG_002,25,65,16,56,1.001,37.1
2025-02-03,IF_MFG_003,25,35,18,56,1.001,33.4
2025-02-03,IF_MFG_004,5,20,11,56,1.001,18.6
2025-02-03,IF_PRC_001,60,70,32,56,1.001,51.47
2025-02-03,IF_PRC_002,25,55,21,56,1.001,39.08
2025-02-03,IF_PRC_003,5,15,16,56,1.001,21.28
2025-02-03,IF_ASM_001,60,85,36,56,1.001,58.48
2025-02-03,IF_ASM_002,60,80,24,56,1.001,55.78
2025-02-03,IF_DLV_001,100,100,45,56,1.001,80.82
2025-02-04,IF_ORD_001,100,90,60,55,1.001,73.05
2025-02-04,IF_PAY_001,100,100,46,55,1.001,69.75
2025-02-04,IF_PAY_002,25,30,18,55,1.001,26.62
2025-02-04,IF_ORD_002,100,90,44,55,1.001,71.37
2025-02-04,IF_ORD_003,60,80,24,55,1.001,49.67
2025-02-04,IF_MFG_001,60,75,30,55,1.001,57.69
2025-02-04,IF_MFG_002,25,65,9,55,1.001,33.45
2025-02-04,IF_MFG_003,25,35,9,55,1.001,31.62
2025-02-04,IF_MFG_004,5,20,12,55,1.001,18.25
2025-02-04,IF_PRC_001,60,70,25,55,1.001,56.8
2025-02-04,IF_PRC_002,25,55,10,55,1.001,33.4
2025-02-04,IF_PRC_003,5,15,8,55,1.001,9.11
2025-02-04,IF_ASM_001,60,85,19,55,1.001,55.17
2025-02-04,IF_ASM_002,60,80,32,55,1.001,58.44
2025-02-04,IF_DLV_001,100,100,34,55,1.001,69.17
2025-02-05,IF_ORD_001,100,90,66,54,1.001,75.43
2025-02-05,IF_PAY_001,100,100,56,54,1.001,73.38
2025-02-05,IF_PAY_002,25,30,12,54,1.001,24.89
2025-02-05,IF_ORD_002,100,90,43,54,1.001,65.46
2025-02-05,IF_ORD_003,60,80,31,54,1.001,55.05
2025-02-05,IF_MFG_001,60,75,31,54,1.001,54.47
2025-02-05,IF_MFG_002,25,65,16,54,1.001,33.58
2025-02-05,IF_MFG_003,25,35,18,54,1.001,32.77
2025-02-05,IF_MFG_004,5,20,5,54,1.001,18.84
2025-02-05,IF_PRC_001,60,70,30,54,1.001,50.27
2025-02-05,IF_PRC_002,25,55,23,54,1.001,38.42
2025-02-05,IF_PRC_003,5,15,15,54,1.001,20.72
2025-02-05,IF_ASM_001,60,85,27,54,1.001,58.73
2025-02-05,IF_ASM_002,60,80,38,54,1.001,51.43
2025-02-05,IF_DLV_001,100,100,39,54,1.001,71.89
2025-02-06,IF_ORD_001,100,90,69,53,1.001,74.27
2025-02-06,IF_PAY_001,100,100,57,53,1.001,74.55
2025-02-06,IF_PAY_002,25,30,28,53,1.001,31.83
2025-02-06,IF_ORD_002,100,90,59,53,1.001,76.06
2025-02-06,IF_ORD_003,60,80,29,53,1.001,54.44
2025-02-06,IF_MFG_001,60,75,33,53,1.001,57.67
2025-02-06,IF_MFG_002,25,65,24,53,1.001,38.21
2025-02-06,IF_MFG_003,25,35,18,53,1.001,25.32
2025-02-06,IF_MFG_004,5,20,15,53,1.001,23.67
2025-02-06,IF_PRC_001,60,70,22,53,1.001,49.98
2025-02-06,IF_PRC_002,25,55,15,53,1.001,36.69
2025-02-06,IF_PRC_003,5,15,16,53,1.001,20.59
2025-02-06,IF_ASM_001,60,85,25,53,1.001,61.03
2025-02-06,IF_ASM_002,60,80,32,53,1.001,52.54
2025-02-06,IF_DLV_001,100,100,39,53,1.001,71.19
2025-02-07,IF_ORD_001,100,90,52,52,1.001,78.08
2025-02-07,IF_PAY_001,100,100,40,52,1.001,75.55
2025-02-07,IF_PAY_002,25,30,21,52,1.001,29.7
2025-02-07,IF_ORD_002,100,90,30,52,1.001,72.85
2025-02-07,IF_ORD_003,60,80,34,52,1.001,59.48
2025-02-07,IF_MFG_001,60,75,39,52,1.001,58.33
2025-02-07,IF_MFG_002,25,65,16,52,1.001,37.52
2025-02-07,IF_MFG_003,25,35,16,52,1.001,27.62
2025-02-07,IF_MFG_004,5,20,3,52,1.001,17.17
2025-02-07,IF_PRC_001,60,70,25,52,1.001,51.64
2025-02-07,IF_PRC_002,25,55,29,52,1.001,42.7
2025-02-07,IF_PRC_003,5,15,11,52,1.001,15.55
2025-02-07,IF_ASM_001,60,85,147,52,1.001,63.24
2025-02-07,IF_ASM_002,60,80,24,52,1.001,54.98
2025-02-07,IF_DLV_001,100,100,38,52,1.001,82.57
2025-02-08,IF_ORD_001,100,90,41,51,1.001,70.91
2025-02-08,IF_PAY_001,100,100,38,51,1.001,72.66
2025-02-08,IF_PAY_002,25,30,17,51,1.001,28.82
2025-02-08,IF_ORD_002,100,90,27,51,1.001,70.33
2025-02-08,IF_ORD_003,60,80,34,51,1.001,61.95
2025-02-08,IF_MFG_001,60,75,31,51,1.001,53.82
2025-02-08,IF_MFG_002,25,65,22,51,1.001,45.71
2025-02-08,IF_MFG_003,25,35,17,51,1.001,29.05
2025-02-08,IF_MFG_004,5,20,10,51,1.001,19.83
2025-02-08,IF_PRC_001,60,70,43,51,1.001,55.86
2025-02-08,IF_PRC_002,25,55,16,51,1.001,37.18
2025-02-08,IF_PRC_003,5,15,18,51,1.001,20.13
2025-02-08,IF_ASM_001,60,85,34,51,1.001,55.82
2025-02-08,IF_ASM_002,60,80,18,51,1.001,52.85
2025-02-08,IF_DLV_001,100,100,45,51,1.001,75.83
2025-02-09,IF_ORD_001,100,90,46,50,1.002,74.31
2025-02-09,IF_PAY_001,100,100,29,50,1.002,69.91
2025-02-09,IF_PAY_002,25,30,24,50,1.002,28.58
2025-02-09,IF_ORD_002,100,90,25,50,1.002,63.67
2025-02-09,IF_ORD_003,60,80,35,50,1.002,61.59
2025-02-09,IF_MFG_001,60,75,28,50,1.002,61.32
2025-02-09,IF_MFG_002,25,65,16,50,1.002,40.29
2025-02-09,IF_MFG_003,25,35,13,50,1.002,33.65
2025-02-09,IF_MFG_004,5,20,16,50,1.002,20.2
2025-02-09,IF_PRC_001,60,70,44,50,1.002,56.49
2025-02-09,IF_PRC_002,25,55,18,50,1.002,40.3
2025-02-09,IF_PRC_003,5,15,7,50,1.002,12.18
2025-02-09,IF_ASM_001,60,85,33,50,1.002,52.53
2025-02-09,IF_ASM_002,60,80,46,50,1.002,60.75
2025-02-09,IF_DLV_001,100,100,32,50,1.002,69.86
2025-02-10,IF_ORD_001,100,90,40,49,1.002,72.3
2025-02-10,IF_PAY_001,100,100,70,49,1.002,68.58
2025-02-10,IF_PAY_002,25,30,20,49,1.002,31.39
2025-02-10,IF_ORD_002,100,90,54,49,1.002,67.17
2025-02-10,IF_ORD_003,60,80,18,49,1.002,59.79
2025-02-10,IF_MFG_001,60,75,11,49,1.002,47.8
2025-02-10,IF_MFG_002,25,65,20,49,1.002,40.38
2025-02-10,IF_MFG_003,25,35,14,49,1.002,30.06
2025-02-10,IF_MFG_004,5,20,17,49,1.002,20.9
2025-02-10,IF_PRC_001,60,70,41,49,1.002,52.88
2025-02-10,IF_PRC_002,25,55,22,49,1.002,37.6
2025-02-10,IF_PRC_003,5,15,10,49,1.002,17.22
2025-02-10,IF_ASM_001,60,85,48,49,1.002,61.65
2025-02-10,IF_ASM_002,60,80,31,49,1.002,55.84
2025-02-10,IF_DLV_001,100,100,47,49,1.002,75.94
2025-02-11,IF_ORD_001,100,90,51,48,1.002,67.8
2025-02-11,IF_PAY_001,100,100,28,48,1.002,71.03
2025-02-11,IF_PAY_002,25,30,22,48,1.002,29.09
2025-02-11,IF_ORD_002,100,90,45,48,1.002,76.51
2025-02-11,IF_ORD_003,60,80,35,48,1.002,56.01
2025-02-11,IF_MFG_001,60,75,39,48,1.002,50.03
2025-02-11,IF_MFG_002,25,65,20,48,1.002,39.99
2025-02-11,IF_MFG_003,25,35,26,48,1.002,26.38
2025-02-11,IF_MFG_004,5,20,8,48,1.002,21.08
2025-02-11,IF_PRC_001,60,70,22,48,1.002,51.16
2025-02-11,IF_PRC_002,25,55,11,48,1.002,31.97
2025-02-11,IF_PRC_003,5,15,5,48,1.002,8.97
2025-02-11,IF_ASM_001,60,85,20,48,1.002,58.83
2025-02-11,IF_ASM_002,60,80,35,48,1.002,57.08
2025-02-11,IF_DLV_001,100,100,42,48,1.002,69.8
2025-02-12,IF_ORD_001,100,90,118,47,1.002,78.09
2025-02-12,IF_PAY_001,100,100,34,47,1.002,77.31
2025-02-12,IF_PAY_002,25,30,16,47,1.002,27.3
2025-02-12,IF_ORD_002,100,90,42,47,1.002,70.79
2025-02-12,IF_ORD_003,60,80,33,47,1.002,56.44
2025-02-12,IF_MFG_001,60,75,21,47,1.002,58.05
2025-02-12,IF_MFG_002,25,65,11,47,1.002,35.51
2025-02-12,IF_MFG_003,25,35,25,47,1.002,31.47
2025-02-12,IF_MFG_004,5,20,3,47,1.002,10.29
2025-02-12,IF_PRC_001,60,70,20,47,1.002,48.74
2025-02-12,IF_PRC_002,25,55,25,47,1.002,39.06
2025-02-12,IF_PRC_003,5,15,13,47,1.002,18.59
2025-02-12,IF_ASM_001,60,85,10,47,1.002,49.1
2025-02-12,IF_ASM_002,60,80,25,47,1.002,54.8
2025-02-12,IF_DLV_001,100,100,64,47,1.002,75.12
2025-02-13,IF_ORD_001,100,90,43,46,1.003,65.26
2025-02-13,IF_PAY_001,100,100,24,46,1.003,69.76
2025-02-13,IF_PAY_002,25,30,20,46,1.003,27.74
2025-02-13,IF_ORD_002,100,90,33,46,1.003,68.17
2025-02-13,IF_ORD_003,60,80,31,46,1.003,52.2
2025-02-13,IF_MFG_001,60,75,28,46,1.003,57.94
2025-02-13,IF_MFG_002,25,65,14,46,1.003,42.14
2025-02-13,IF_MFG_003,25,35,72,46,1.003,40.94
2025-02-13,IF_MFG_004,5,20,9,46,1.003,18.84
2025-02-13,IF_PRC_001,60,70,28,46,1.003,50.02
2025-02-13,IF_PRC_002,25,55,23,46,1.003,36.55
2025-02-13,IF_PRC_003,5,15,12,46,1.003,12.68
2025-02-13,IF_ASM_001,60,85,18,46,1.003,53.32
2025-02-13,IF_ASM_002,60,80,29,46,1.003,59.83
2025-02-13,IF_DLV_001,100,100,21,46,1.003,69.31
2025-02-14,IF_ORD_001,100,90,33,45,1.003,72.71
2025-02-14,IF_PAY_001,100,100,37,45,1.003,77.33
2025-02-14,IF_PAY_002,25,30,27,45,1.003,29.79
2025-02-14,IF_ORD_002,100,90,64,45,1.003,75.93
2025-02-14,IF_ORD_003,60,80,26,45,1.003,59.05
2025-02-14,IF_MFG_001,60,75,30,45,1.003,56.33
2025-02-14,IF_MFG_002,25,65,9,45,1.003,38.28
2025-02-14,IF_MFG_003,25,35,19,45,1.003,32.62
2025-02-14,IF_MFG_004,5,20,5,45,1.003,21.79
2025-02-14,IF_PRC_001,60,70,22,45,1.003,53.01
2025-02-14,IF_PRC_002,25,55,13,45,1.003,31.03
2025-02-14,IF_PRC_003,5,15,14,45,1.003,22.22
2025-02-14,IF_ASM_001,60,85,35,45,1.003,55.35
2025-02-14,IF_ASM_002,60,80,36,45,1.003,53.24
2025-02-14,IF_DLV_001,100,100,51,45,1.003,74.54
2025-02-15,IF_ORD_001,100,90,52,44,1.004,73.75
2025-02-15,IF_PAY_001,100,100,41,44,1.004,79.85
2025-02-15,IF_PAY_002,25,30,7,44,1.004,22.38
2025-02-15,IF_ORD_002,100,90,41,44,1.004,68.27
2025-02-15,IF_ORD_003,60,80,42,44,1.004,53.9
2025-02-15,IF_MFG_001,60,75,20,44,1.004,49.73
2025-02-15,IF_MFG_002,25,65,12,44,1.004,36.16
2025-02-15,IF_MFG_003,25,35,26,44,1.004,33.11
2025-02-15,IF_MFG_004,5,20,9,44,1.004,16.07
2025-02-15,IF_PRC_001,60,70,18,44,1.004,47.93
2025-02-15,IF_PRC_002,25,55,16,44,1.004,40.56
2025-02-15,IF_PRC_003,5,15,6,44,1.004,14.36
2025-02-15,IF_ASM_001,60,85,35,44,1.004,56.16
2025-02-15,IF_ASM_002,60,80,24,44,1.004,51.85
2025-02-15,IF_DLV_001,100,100,27,44,1.004,73.28
2025-02-16,IF_ORD_001,100,90,32,43,1.004,70.92
2025-02-16,IF_PAY_001,100,100,50,43,1.004,71.74
2025-02-16,IF_PAY_002,25,30,14,43,1.004,29.34
2025-02-16,IF_ORD_002,100,90,31,43,1.004,68.65
2025-02-16,IF_ORD_003,60,80,18,43,1.004,50.53
2025-02-16,IF_MFG_001,60,75,36,43,1.004,54.31
2025-02-16,IF_MFG_002,25,65,20,43,1.004,38.63
2025-02-16,IF_MFG_003,25,35,15,43,1.004,31.87
2025-02-16,IF_MFG_004,5,20,11,43,1.004,21.46
2025-02-16,IF_PRC_001,60,70,17,43,1.004,51.62
2025-02-16,IF_PRC_002,25,55,17,43,1.004,31.46
2025-02-16,IF_PRC_003,5,15,8,43,1.004,21.85
2025-02-16,IF_ASM_001,60,85,41,43,1.004,52.51
2025-02-16,IF_ASM_002,60,80,30,43,1.004,56.9
2025-02-16,IF_DLV_001,100,100,42,43,1.004,75.05
2025-02-17,IF_ORD_001,100,90,25,42,1.005,67.0
2025-02-17,IF_PAY_001,100,100,50,42,1.005,75.48
2025-02-17,IF_PAY_002,25,30,17,42,1.005,27.76
2025-02-17,IF_ORD_002,100,90,33,42,1.005,70.48
2025-02-17,IF_ORD_003,60,80,31,42,1.005,50.5
2025-02-17,IF_MFG_001,60,75,29,42,1.005,56.81
2025-02-17,IF_MFG_002,25,65,11,42,1.005,39.23
2025-02-17,IF_MFG_003,25,35,19,42,1.005,26.87
2025-02-17,IF_MFG_004,5,20,12,42,1.005,17.47
2025-02-17,IF_PRC_001,60,70,27,42,1.005,55.1
2025-02-17,IF_PRC_002,25,55,19,42,1.005,41.49
2025-02-17,IF_PRC_003,5,15,9,42,1.005,17.67
2025-02-17,IF_ASM_001,60,85,29,42,1.005,58.23
2025-02-17,IF_ASM_002,60,80,23,42,1.005,59.2
2025-02-17,IF_DLV_001,100,100,46,42,1.005,76.53
2025-02-18,IF_ORD_001,100,90,38,41,1.006,68.51
2025-02-18,IF_PAY_001,100,100,65,41,1.006,69.56
2025-02-18,IF_PAY_002,25,30,25,41,1.006,28.45
2025-02-18,IF_ORD_002,100,90,49,41,1.006,75.67
2025-02-18,IF_ORD_003,60,80,31,41,1.006,59.89
2025-02-18,IF_MFG_001,60,75,10,41,1.006,47.41
2025-02-18,IF_MFG_002,25,65,10,41,1.006,37.19
2025-02-18,IF_MFG_003,25,35,20,41,1.006,34.97
2025-02-18,IF_MFG_004,5,20,13,41,1.006,25.36
2025-02-18,IF_PRC_001,60,70,29,41,1.006,48.72
2025-02-18,IF_PRC_002,25,55,18,41,1.006,31.27
2025-02-18,IF_PRC_003,5,15,12,41,1.006,18.55
2025-02-18,IF_ASM_001,60,85,23,41,1.006,49.9
2025-02-18,IF_ASM_002,60,80,24,41,1.006,57.19
2025-02-18,IF_DLV_001,100,100,34,41,1.006,73.36
2025-02-19,IF_ORD_001,100,90,52,40,1.007,72.04
2025-02-19,IF_PAY_001,100,100,35,40,1.007,77.88
2025-02-19,IF_PAY_002,25,30,14,40,1.007,27.88
2025-02-19,IF_ORD_002,100,90,189,40,1.007,82.96
2025-02-19,IF_ORD_003,60,80,23,40,1.007,48.5
2025-02-19,IF_MFG_001,60,75,39,40,1.007,52.46
2025-02-19,IF_MFG_002,25,65,13,40,1.007,37.86
2025-02-19,IF_MFG_003,25,35,22,40,1.007,32.97
2025-02-19,IF_MFG_004,5,20,6,40,1.007,15.08
2025-02-19,IF_PRC_001,60,70,18,40,1.007,48.4
2025-02-19,IF_PRC_002,25,55,21,40,1.007,39.67
2025-02-19,IF_PRC_003,5,15,7,40,1.007,13.8
2025-02-19,IF_ASM_001,60,85,21,40,1.007,55.99
2025-02-19,IF_ASM_002,60,80,19,40,1.007,52.81
2025-02-19,IF_DLV_001,100,100,65,40,1.007,77.45
2025-02-20,IF_ORD_001,100,90,45,39,1.008,70.05
2025-02-20,IF_PAY_001,100,100,46,39,1.008,69.8
2025-02-20,IF_PAY_002,25,30,7,39,1.008,23.65
2025-02-20,IF_ORD_002,100,90,27,39,1.008,76.62
2025-02-20,IF_ORD_003,60,80,22,39,1.008,57.88
2025-02-20,IF_MFG_001,60,75,40,39,1.008,55.33
2025-02-20,IF_MFG_002,25,65,22,39,1.008,39.65
2025-02-20,IF_MFG_003,25,35,20,39,1.008,31.46
2025-02-20,IF_MFG_004,5,20,10,39,1.008,18.36
2025-02-20,IF_PRC_001,60,70,22,39,1.008,49.39
2025-02-20,IF_PRC_002,25,55,18,39,1.008,33.05
2025-02-20,IF_PRC_003,5,15,16,39,1.008,21.64
2025-02-20,IF_ASM_001,60,85,16,39,1.008,59.78
2025-02-20,IF_ASM_002,60,80,25,39,1.008,52.48
2025-02-20,IF_DLV_001,100,100,44,39,1.008,74.43
2025-02-21,IF_ORD_001,100,90,97,38,1.009,72.29
2025-02-21,IF_PAY_001,100,100,26,38,1.009,74.85
2025-02-21,IF_PAY_002,25,30,27,38,1.009,34.73
2025-02-21,IF_ORD_002,100,90,64,38,1.009,69.45
2025-02-21,IF_ORD_003,60,80,21,38,1.009,57.05
2025-02-21,IF_MFG_001,60,75,15,38,1.009,49.17
2025-02-21,IF_MFG_002,25,65,16,38,1.009,35.71
2025-02-21,IF_MFG_003,25,35,20,38,1.009,23.66
2025-02-21,IF_MFG_004,5,20,12,38,1.009,20.83
2025-02-21,IF_PRC_001,60,70,32,38,1.009,51.35
2025-02-21,IF_PRC_002,25,55,10,38,1.009,31.65
2025-02-21,IF_PRC_003,5,15,14,38,1.009,18.69
2025-02-21,IF_ASM_001,60,85,32,38,1.009,54.4
2025-02-21,IF_ASM_002,60,80,30,38,1.009,53.32
2025-02-21,IF_DLV_001,100,100,37,38,1.009,70.87
2025-02-22,IF_ORD_001,100,90,44,37,1.01,71.73
2025-02-22,IF_PAY_001,100,100,33,37,1.01,78.19
2025-02-22,IF_PAY_002,25,30,24,37,1.01,29.45
2025-02-22,IF_ORD_002,100,90,34,37,1.01,73.2
2025-02-22,IF_ORD_003,60,80,36,37,1.01,57.33
2025-02-22,IF_MFG_001,60,75,30,37,1.01,51.59
2025-02-22,IF_MFG_002,25,65,15,37,1.01,42.36
2025-02-22,IF_MFG_003,25,35,14,37,1.01,30.47
2025-02-22,IF_MFG_004,5,20,21,37,1.01,23.98
2025-02-22,IF_PRC_001,60,70,30,37,1.01,53.32
2025-02-22,IF_PRC_002,25,55,12,37,1.01,37.72
2025-02-22,IF_PRC_003,5,15,14,37,1.01,19.24
2025-02-22,IF_ASM_001,60,85,25,37,1.01,56.78
2025-02-22,IF_ASM_002,60,80,21,37,1.01,50.94
2025-02-22,IF_DLV_001,100,100,34,37,1.01,75.9
2025-02-23,IF_ORD_001,100,90,50,36,1.012,72.5
2025-02-23,IF_PAY_001,100,100,54,36,1.012,78.24
2025-02-23,IF_PAY_002,25,30,12,36,1.012,23.84
2025-02-23,IF_ORD_002,100,90,53,36,1.012,72.44
2025-02-23,IF_ORD_003,60,80,27,36,1.012,48.14
2025-02-23,IF_MFG_001,60,75,30,36,1.012,55.8
2025-02-23,IF_MFG_002,25,65,27,36,1.012,40.32
2025-02-23,IF_MFG_003,25,35,12,36,1.012,28.94
2025-02-23,IF_MFG_004,5,20,8,36,1.012,23.46
2025-02-23,IF_PRC_001,60,70,20,36,1.012,50.75
2025-02-23,IF_PRC_002,25,55,7,36,1.012,35.49
2025-02-23,IF_PRC_003,5,15,12,36,1.012,19.44
2025-02-23,IF_ASM_001,60,85,31,36,1.012,60.83
2025-02-23,IF_ASM_002,60,80,43,36,1.012,60.28
2025-02-23,IF_DLV_001,100,100,24,36,1.012,68.9
2025-02-24,IF_ORD_001,100,90,51,35,1.013,76.24
2025-02-24,IF_PAY_001,100,100,44,35,1.013,76.31
2025-02-24,IF_PAY_002,25,30,18,35,1.013,31.62
2025-02-24,IF_ORD_002,100,90,35,35,1.013,71.19
2025-02-24,IF_ORD_003,60,80,28,35,1.013,54.98
2025-02-24,IF_MFG_001,60,75,28,35,1.013,55.69
2025-02-24,IF_MFG_002,25,65,18,35,1.013,38.41
2025-02-24,IF_MFG_003,25,35,21,35,1.013,24.64
2025-02-24,IF_MFG_004,5,20,10,35,1.013,18.62
2025-02-24,IF_PRC_001,60,70,44,35,1.013,55.8
2025-02-24,IF_PRC_002,25,55,24,35,1.013,32.5
2025-02-24,IF_PRC_003,5,15,5,35,1.013,13.66
2025-02-24,IF_ASM_001,60,85,115,35,1.013,61.94
2025-02-24,IF_ASM_002,60,80,22,35,1.013,53.04
2025-02-24,IF_DLV_001,100,100,33,35,1.013,73.21
2025-02-25,IF_ORD_001,100,90,27,34,1.016,69.72
2025-02-25,IF_PAY_001,100,100,23,34,1.016,71.69
2025-02-25,IF_PAY_002,25,30,19,34,1.016,31.78
2025-02-25,IF_ORD_002,100,90,47,34,1.016,69.76
2025-02-25,IF_ORD_003,60,80,36,34,1.016,53.88
2025-02-25,IF_MFG_001,60,75,26,34,1.016,53.41
2025-02-25,IF_MFG_002,25,65,21,34,1.016,43.55
2025-02-25,IF_MFG_003,25,35,11,34,1.016,32.27
2025-02-25,IF_MFG_004,5,20,13,34,1.016,19.48
2025-02-25,IF_PRC_001,60,70,24,34,1.016,50.79
2025-02-25,IF_PRC_002,25,55,22,34,1.016,38.46
2025-02-25,IF_PRC_003,5,15,10,34,1.016,15.32
2025-02-25,IF_ASM_001,60,85,19,34,1.016,54.74
2025-02-25,IF_ASM_002,60,80,46,34,1.016,61.05
2025-02-25,IF_DLV_001,100,100,44,34,1.016,77.8
2025-02-26,IF_ORD_001,100,90,45,33,1.018,69.38
2025-02-26,IF_PAY_001,100,100,30,33,1.018,79.97
2025-02-26,IF_PAY_002,25,30,8,33,1.018,26.94
2025-02-26,IF_ORD_002,100,90,55,33,1.018,71.86
2025-02-26,IF_ORD_003,60,80,39,33,1.018,54.9
2025-02-26,IF_MFG_001,60,75,22,33,1.018,52.15
2025-02-26,IF_MFG_002,25,65,14,33,1.018,39.15
2025-02-26,IF_MFG_003,25,35,17,33,1.018,33.08
2025-02-26,IF_MFG_004,5,20,8,33,1.018,17.46
2025-02-26,IF_PRC_001,60,70,29,33,1.018,55.38
2025-02-26,IF_PRC_002,25,55,12,33,1.018,33.57
2025-02-26,IF_PRC_003,5,15,7,33,1.018,16.3
2025-02-26,IF_ASM_001,60,85,40,33,1.018,54.53
2025-02-26,IF_ASM_002,60,80,31,33,1.018,57.85
2025-02-26,IF_DLV_001,100,100,32,33,1.018,71.65
2025-02-27,IF_ORD_001,100,90,52,32,1.021,77.14
2025-02-27,IF_PAY_001,100,100,28,32,1.021,76.76
2025-02-27,IF_PAY_002,25,30,76,32,1.021,36.24
2025-02-27,IF_ORD_002,100,90,49,32,1.021,72.03
2025-02-27,IF_ORD_003,60,80,40,32,1.021,53.74
2025-02-27,IF_MFG_001,60,75,122,32,1.021,64.81
2025-02-27,IF_MFG_002,25,65,21,32,1.021,35.28
2025-02-27,IF_MFG_003,25,35,20,32,1.021,25.84
2025-02-27,IF_MFG_004,5,20,10,32,1.021,17.92
2025-02-27,IF_PRC_001,60,70,45,32,1.021,49.87
2025-02-27,IF_PRC_002,25,55,30,32,1.021,35.67
2025-02-27,IF_PRC_003,5,15,11,32,1.021,17.32
2025-02-27,IF_ASM_001,60,85,52,32,1.021,57.61
2025-02-27,IF_ASM_002,60,80,42,32,1.021,57.61
2025-02-27,IF_DLV_001,100,100,48,32,1.021,77.59
2025-02-28,IF_ORD_001,100,90,75,31,1.024,77.97
2025-02-28,IF_PAY_001,100,100,51,31,1.024,76.46
2025-02-28,IF_PAY_002,25,30,8,31,1.024,22.41
2025-02-28,IF_ORD_002,100,90,49,31,1.024,75.28
2025-02-28,IF_ORD_003,60,80,35,31,1.024,57.54
2025-02-28,IF_MFG_001,60,75,16,31,1.024,52.12
2025-02-28,IF_MFG_002,25,65,14,31,1.024,37.14
2025-02-28,IF_MFG_003,25,35,13,31,1.024,24.95
2025-02-28,IF_MFG_004,5,20,42,31,1.024,26.32
2025-02-28,IF_PRC_001,60,70,23,31,1.024,48.49
2025-02-28,IF_PRC_002,25,55,38,31,1.024,37.12
2025-02-28,IF_PRC_003,5,15,9,31,1.024,20.82
2025-02-28,IF_ASM_001,60,85,27,31,1.024,55.13
2025-02-28,IF_ASM_002,60,80,35,31,1.024,59.43
2025-02-28,IF_DLV_001,100,100,44,31,1.024,70.74
2025-03-01,IF_ORD_001,100,90,52,30,1.028,74.09
2025-03-01,IF_PAY_001,100,100,40,30,1.028,76.29
2025-03-01,IF_PAY_002,25,30,28,30,1.028,27.66
2025-03-01,IF_ORD_002,100,90,59,30,1.028,71.88
2025-03-01,IF_ORD_003,60,80,18,30,1.028,50.22
2025-03-01,IF_MFG_001,60,75,36,30,1.028,51.08
2025-03-01,IF_MFG_002,25,65,13,30,1.028,37.87
2025-03-01,IF_MFG_003,25,35,7,30,1.028,32.54
2025-03-01,IF_MFG_004,5,20,15,30,1.028,23.22
2025-03-01,IF_PRC_001,60,70,20,30,1.028,50.22
2025-03-01,IF_PRC_002,25,55,12,30,1.028,33.16
2025-03-01,IF_PRC_003,5,15,12,30,1.028,19.22
2025-03-01,IF_ASM_001,60,85,39,30,1.028,60.27
2025-03-01,IF_ASM_002,60,80,43,30,1.028,57.03
2025-03-01,IF_DLV_001,100,100,31,30,1.028,74.79
2025-03-02,IF_ORD_001,100,90,29,29,1.032,70.9
2025-03-02,IF_PAY_001,100,100,38,29,1.032,70.59
2025-03-02,IF_PAY_002,25,30,6,29,1.032,22.28
2025-03-02,IF_ORD_002,100,90,59,29,1.032,71.1
2025-03-02,IF_ORD_003,60,80,98,29,1.032,57.08
2025-03-02,IF_MFG_001,60,75,33,29,1.032,54.74
2025-03-02,IF_MFG_002,25,65,18,29,1.032,42.44
2025-03-02,IF_MFG_003,25,35,12,29,1.032,31.8
2025-03-02,IF_MFG_004,5,20,17,29,1.032,22.79
2025-03-02,IF_PRC_001,60,70,159,29,1.032,61.14
2025-03-02,IF_PRC_002,25,55,70,29,1.032,42.5
2025-03-02,IF_PRC_003,5,15,7,29,1.032,21.8
2025-03-02,IF_ASM_001,60,85,23,29,1.032,53.44
2025-03-02,IF_ASM_002,60,80,34,29,1.032,53.39
2025-03-02,IF_DLV_001,100,100,30,29,1.032,72.45
2025-03-03,IF_ORD_001,100,90,50,28,1.037,72.0
2025-03-03,IF_PAY_001,100,100,49,28,1.037,67.29
2025-03-03,IF_PAY_002,25,30,6,28,1.037,22.51
2025-03-03,IF_ORD_002,100,90,42,28,1.037,73.16
2025-03-03,IF_ORD_003,60,80,24,28,1.037,57.39
2025-03-03,IF_MFG_001,60,75,34,28,1.037,51.57
2025-03-03,IF_MFG_002,25,65,34,28,1.037,38.91
2025-03-03,IF_MFG_003,25,35,16,28,1.037,27.65
2025-03-03,IF_MFG_004,5,20,7,28,1.037,14.36
2025-03-03,IF_PRC_001,60,70,35,28,1.037,52.27
2025-03-03,IF_PRC_002,25,55,25,28,1.037,32.41
2025-03-03,IF_PRC_003,5,15,12,28,1.037,16.81
2025-03-03,IF_ASM_001,60,85,28,28,1.037,57.05
2025-03-03,IF_ASM_002,60,80,45,28,1.037,58.97
2025-03-03,IF_DLV_001,100,100,26,28,1.037,77.19
2025-03-04,IF_ORD_001,100,90,31,27,1.042,72.94
2025-03-04,IF_PAY_001,100,100,54,27,1.042,75.94
2025-03-04,IF_PAY_002,25,30,8,27,1.042,29.91
2025-03-04,IF_ORD_002,100,90,32,27,1.042,71.74
2025-03-04,IF_ORD_003,60,80,26,27,1.042,55.2
2025-03-04,IF_MFG_001,60,75,54,27,1.042,55.27
2025-03-04,IF_MFG_002,25,65,15,27,1.042,37.97
2025-03-04,IF_MFG_003,25,35,15,27,1.042,25.83
2025-03-04,IF_MFG_004,5,20,12,27,1.042,16.84
2025-03-04,IF_PRC_001,60,70,26,27,1.042,53.05
2025-03-04,IF_PRC_002,25,55,18,27,1.042,34.85
2025-03-04,IF_PRC_003,5,15,14,27,1.042,11.73
2025-03-04,IF_ASM_001,60,85,32,27,1.042,58.1
2025-03-04,IF_ASM_002,60,80,35,27,1.042,53.03
2025-03-04,IF_DLV_001,100,100,38,27,1.042,73.44
2025-03-05,IF_ORD_001,100,90,53,26,1.049,76.45
2025-03-05,IF_PAY_001,100,100,31,26,1.049,72.17
2025-03-05,IF_PAY_002,25,30,18,26,1.049,31.99
2025-03-05,IF_ORD_002,100,90,40,26,1.049,71.79
2025-03-05,IF_ORD_003,60,80,35,26,1.049,53.16
2025-03-05,IF_MFG_001,60,75,35,26,1.049,54.46
2025-03-05,IF_MFG_002,25,65,14,26,1.049,36.82
2025-03-05,IF_MFG_003,25,35,24,26,1.049,33.73
2025-03-05,IF_MFG_004,5,20,8,26,1.049,17.23
2025-03-05,IF_PRC_001,60,70,38,26,1.049,50.28
2025-03-05,IF_PRC_002,25,55,11,26,1.049,34.97
2025-03-05,IF_PRC_003,5,15,8,26,1.049,14.95
2025-03-05,IF_ASM_001,60,85,26,26,1.049,56.26
2025-03-05,IF_ASM_002,60,80,33,26,1.049,58.93
2025-03-05,IF_DLV_001,100,100,44,26,1.049,72.23
2025-03-06,IF_ORD_001,100,90,36,25,1.056,69.44
2025-03-06,IF_PAY_001,100,100,47,25,1.056,74.82
2025-03-06,IF_PAY_002,25,30,16,25,1.056,24.73
2025-03-06,IF_ORD_002,100,90,42,25,1.056,70.2
2025-03-06,IF_ORD_003,60,80,45,25,1.056,56.84
2025-03-06,IF_MFG_001,60,75,21,25,1.056,53.53
2025-03-06,IF_MFG_002,25,65,20,25,1.056,34.68
2025-03-06,IF_MFG_003,25,35,27,25,1.056,33.65
2025-03-06,IF_MFG_004,5,20,6,25,1.056,17.05
2025-03-06,IF_PRC_001,60,70,31,25,1.056,53.42
2025-03-06,IF_PRC_002,25,55,31,25,1.056,38.75
2025-03-06,IF_PRC_003,5,15,15,25,1.056,18.19
2025-03-06,IF_ASM_001,60,85,50,25,1.056,63.29
2025-03-06,IF_ASM_002,60,80,29,25,1.056,59.57
2025-03-06,IF_DLV_001,100,100,44,25,1.056,75.1
2025-03-07,IF_ORD_001,100,90,69,24,1.065,73.97
2025-03-07,IF_PAY_001,100,100,58,24,1.065,78.16
2025-03-07,IF_PAY_002,25,30,15,24,1.065,27.97
2025-03-07,IF_ORD_002,100,90,55,24,1.065,74.59
2025-03-07,IF_ORD_003,60,80,36,24,1.065,60.38
2025-03-07,IF_MFG_001,60,75,20,24,1.065,48.4
2025-03-07,IF_MFG_002,25,65,13,24,1.065,40.68
2025-03-07,IF_MFG_003,25,35,17,24,1.065,30.86
2025-03-07,IF_MFG_004,5,20,15,24,1.065,24.83
2025-03-07,IF_PRC_001,60,70,28,24,1.065,52.37
2025-03-07,IF_PRC_002,25,55,18,24,1.065,36.2
2025-03-07,IF_PRC_003,5,15,5,24,1.065,16.83
2025-03-07,IF_ASM_001,60,85,51,24,1.065,57.05
2025-03-07,IF_ASM_002,60,80,41,24,1.065,52.51
2025-03-07,IF_DLV_001,100,100,37,24,1.065,72.07
2025-03-08,IF_ORD_001,100,90,37,23,1.075,75.22
2025-03-08,IF_PAY_001,100,100,34,23,1.075,76.01
2025-03-08,IF_PAY_002,25,30,64,23,1.075,41.28
2025-03-08,IF_ORD_002,100,90,57,23,1.075,73.29
2025-03-08,IF_ORD_003,60,80,36,23,1.075,55.13
2025-03-08,IF_MFG_001,60,75,133,23,1.075,70.14
2025-03-08,IF_MFG_002,25,65,33,23,1.075,45.3
2025-03-08,IF_MFG_003,25,35,20,23,1.075,28.84
2025-03-08,IF_MFG_004,5,20,11,23,1.075,16.09
2025-03-08,IF_PRC_001,60,70,39,23,1.075,55.29
2025-03-08,IF_PRC_002,25,55,14,23,1.075,37.08
2025-03-08,IF_PRC_003,5,15,6,23,1.075,10.58
2025-03-08,IF_ASM_001,60,85,33,23,1.075,57.92
2025-03-08,IF_ASM_002,60,80,21,23,1.075,49.23
2025-03-08,IF_DLV_001,100,100,38,23,1.075,70.94
2025-03-09,IF_ORD_001,100,90,38,22,1.086,74.19
2025-03-09,IF_PAY_001,100,100,41,22,1.086,76.7
2025-03-09,IF_PAY_002,25,30,24,22,1.086,30.45
2025-03-09,IF_ORD_002,100,90,46,22,1.086,75.51
2025-03-09,IF_ORD_003,60,80,19,22,1.086,50.65
2025-03-09,IF_MFG_001,60,75,30,22,1.086,51.66
2025-03-09,IF_MFG_002,25,65,11,22,1.086,35.87
2025-03-09,IF_MFG_003,25,35,13,22,1.086,31.04
2025-03-09,IF_MFG_004,5,20,17,22,1.086,21.43
2025-03-09,IF_PRC_001,60,70,34,22,1.086,55.82
2025-03-09,IF_PRC_002,25,55,15,22,1.086,39.27
2025-03-09,IF_PRC_003,5,15,11,22,1.086,17.39
2025-03-09,IF_ASM_001,60,85,37,22,1.086,60.82
2025-03-09,IF_ASM_002,60,80,22,22,1.086,55.52
2025-03-09,IF_DLV_001,100,100,60,22,1.086,75.29
2025-03-10,IF_ORD_001,100,90,50,21,1.1,71.69
2025-03-10,IF_PAY_001,100,100,42,21,1.1,76.7
2025-03-10,IF_PAY_002,25,30,15,21,1.1,32.22
2025-03-10,IF_ORD_002,100,90,52,21,1.1,75.39
2025-03-10,IF_ORD_003,60,80,29,21,1.1,53.34
2025-03-10,IF_MFG_001,60,75,24,21,1.1,53.07
2025-03-10,IF_MFG_002,25,65,23,21,1.1,42.86
2025-03-10,IF_MFG_003,25,35,29,21,1.1,32.68
2025-03-10,IF_MFG_004,5,20,17,21,1.1,19.44
2025-03-10,IF_PRC_001,60,70,159,21,1.1,59.99
2025-03-10,IF_PRC_002,25,55,17,21,1.1,36.43
2025-03-10,IF_PRC_003,5,15,8,21,1.1,14.89
2025-03-10,IF_ASM_001,60,85,28,21,1.1,57.02
2025-03-10,IF_ASM_002,60,80,32,21,1.1,55.3
2025-03-10,IF_DLV_001,100,100,65,21,1.1,74.74
2025-03-11,IF_ORD_001,100,90,54,20,1.115,71.36
2025-03-11,IF_PAY_001,100,100,53,20,1.115,78.55
2025-03-11,IF_PAY_002,25,30,22,20,1.115,34.39
2025-03-11,IF_ORD_002,100,90,44,20,1.115,73.15
2025-03-11,IF_ORD_003,60,80,25,20,1.115,55.04
2025-03-11,IF_MFG_001,60,75,21,20,1.115,53.75
2025-03-11,IF_MFG_002,25,65,30,20,1.115,42.52
2025-03-11,IF_MFG_003,25,35,15,20,1.115,35.44
2025-03-11,IF_MFG_004,5,20,10,20,1.115,16.12
2025-03-11,IF_PRC_001,60,70,35,20,1.115,54.29
2025-03-11,IF_PRC_002,25,55,7,20,1.115,31.87
2025-03-11,IF_PRC_003,5,15,14,20,1.115,24.45
2025-03-11,IF_ASM_001,60,85,22,20,1.115,51.62
2025-03-11,IF_ASM_002,60,80,50,20,1.115,55.88
2025-03-11,IF_DLV_001,100,100,41,20,1.115,75.97
2025-03-12,IF_ORD_001,100,90,39,19,1.133,70.95
2025-03-12,IF_PAY_001,100,100,61,19,1.133,69.38
2025-03-12,IF_PAY_002,25,30,22,19,1.133,38.02
2025-03-12,IF_ORD_002,100,90,28,19,1.133,67.53
2025-03-12,IF_ORD_003,60,80,24,19,1.133,52.53
2025-03-12,IF_MFG_001,60,75,32,19,1.133,53.84
2025-03-12,IF_MFG_002,25,65,77,19,1.133,48.72
2025-03-12,IF_MFG_003,25,35,19,19,1.133,34.24
2025-03-12,IF_MFG_004,5,20,8,19,1.133,18.03
2025-03-12,IF_PRC_001,60,70,48,19,1.133,55.45
2025-03-12,IF_PRC_002,25,55,15,19,1.133,35.91
2025-03-12,IF_PRC_003,5,15,3,19,1.133,17.65
2025-03-12,IF_ASM_001,60,85,38,19,1.133,58.71
2025-03-12,IF_ASM_002,60,80,33,19,1.133,53.11
2025-03-12,IF_DLV_001,100,100,64,19,1.133,76.2
2025-03-13,IF_ORD_001,100,90,49,18,1.153,68.8
2025-03-13,IF_PAY_001,100,100,46,18,1.153,78.92
2025-03-13,IF_PAY_002,25,30,29,18,1.153,33.37
2025-03-13,IF_ORD_002,100,90,35,18,1.153,69.07
2025-03-13,IF_ORD_003,60,80,40,18,1.153,55.07
2025-03-13,IF_MFG_001,60,75,31,18,1.153,45.78
2025-03-13,IF_MFG_002,25,65,23,18,1.153,46.42
2025-03-13,IF_MFG_003,25,35,17,18,1.153,33.54
2025-03-13,IF_MFG_004,5,20,16,18,1.153,26.92
2025-03-13,IF_PRC_001,60,70,47,18,1.153,57.92
2025-03-13,IF_PRC_002,25,55,14,18,1.153,29.91
2025-03-13,IF_PRC_003,5,15,7,18,1.153,19.31
2025-03-13,IF_ASM_001,60,85,38,18,1.153,63.86
2025-03-13,IF_ASM_002,60,80,55,18,1.153,61.77
2025-03-13,IF_DLV_001,100,100,53,18,1.153,72.4
2025-03-14,IF_ORD_001,100,90,42,17,1.176,76.48
2025-03-14,IF_PAY_001,100,100,58,17,1.176,78.26
2025-03-14,IF_PAY_002,25,30,11,17,1.176,34.39
2025-03-14,IF_ORD_002,100,90,60,17,1.176,82.19
2025-03-14,IF_ORD_003,60,80,32,17,1.176,56.89
2025-03-14,IF_MFG_001,60,75,33,17,1.176,59.76
2025-03-14,IF_MFG_002,25,65,10,17,1.176,42.95
2025-03-14,IF_MFG_003,25,35,14,17,1.176,33.4
2025-03-14,IF_MFG_004,5,20,10,17,1.176,24.27
2025-03-14,IF_PRC_001,60,70,29,17,1.176,58.18
2025-03-14,IF_PRC_002,25,55,13,17,1.176,41.25
2025-03-14,IF_PRC_003,5,15,7,17,1.176,14.71
2025-03-14,IF_ASM_001,60,85,43,17,1.176,57.22
2025-03-14,IF_ASM_002,60,80,25,17,1.176,60.01
2025-03-14,IF_DLV_001,100,100,54,17,1.176,75.7
2025-03-15,IF_ORD_001,100,90,41,16,1.203,74.57
2025-03-15,IF_PAY_001,100,100,53,16,1.203,76.73
2025-03-15,IF_PAY_002,25,30,23,16,1.203,28.68
2025-03-15,IF_ORD_002,100,90,48,16,1.203,74.67
2025-03-15,IF_ORD_003,60,80,27,16,1.203,58.1
2025-03-15,IF_MFG_001,60,75,32,16,1.203,53.75
2025-03-15,IF_MFG_002,25,65,16,16,1.203,37.13
2025-03-15,IF_MFG_003,25,35,16,16,1.203,34.41
2025-03-15,IF_MFG_004,5,20,4,16,1.203,17.02
2025-03-15,IF_PRC_001,60,70,32,16,1.203,48.88
2025-03-15,IF_PRC_002,25,55,8,16,1.203,36.84
2025-03-15,IF_PRC_003,5,15,7,16,1.203,18.52
2025-03-15,IF_ASM_001,60,85,18,16,1.203,59.29
2025-03-15,IF_ASM_002,60,80,36,16,1.203,56.28
2025-03-15,IF_DLV_001,100,100,52,16,1.203,78.18
2025-03-16,IF_ORD_001,100,90,51,15,1.235,74.33
2025-03-16,IF_PAY_001,100,100,253,15,1.235,84.4
2025-03-16,IF_PAY_002,25,30,12,15,1.235,28.4
2025-03-16,IF_ORD_002,100,90,47,15,1.235,74.17
2025-03-16,IF_ORD_003,60,80,21,15,1.235,56.57
2025-03-16,IF_MFG_001,60,75,22,15,1.235,55.16
2025-03-16,IF_MFG_002,25,65,12,15,1.235,39.17
2025-03-16,IF_MFG_003,25,35,21,15,1.235,41.82
2025-03-16,IF_MFG_004,5,20,11,15,1.235,22.63
2025-03-16,IF_PRC_001,60,70,35,15,1.235,57.37
2025-03-16,IF_PRC_002,25,55,22,15,1.235,43.0
2025-03-16,IF_PRC_003,5,15,9,15,1.235,14.84
2025-03-16,IF_ASM_001,60,85,32,15,1.235,58.11
2025-03-16,IF_ASM_002,60,80,38,15,1.235,62.43
2025-03-16,IF_DLV_001,100,100,49,15,1.235,73.01
2025-03-17,IF_ORD_001,100,90,49,14,1.271,78.67
2025-03-17,IF_PAY_001,100,100,199,14,1.271,87.67
2025-03-17,IF_PAY_002,25,30,22,14,1.271,33.66
2025-03-17,IF_ORD_002,100,90,214,14,1.271,79.34
2025-03-17,IF_ORD_003,60,80,27,14,1.271,60.34
2025-03-17,IF_MFG_001,60,75,33,14,1.271,60.86
2025-03-17,IF_MFG_002,25,65,6,14,1.271,40.4
2025-03-17,IF_MFG_003,25,35,20,14,1.271,36.03
2025-03-17,IF_MFG_004,5,20,9,14,1.271,18.99
2025-03-17,IF_PRC_001,60,70,29,14,1.271,51.25
2025-03-17,IF_PRC_002,25,55,25,14,1.271,39.12
2025-03-17,IF_PRC_003,5,15,10,14,1.271,17.42
2025-03-17,IF_ASM_001,60,85,36,14,1.271,64.88
2025-03-17,IF_ASM_002,60,80,32,14,1.271,58.85
2025-03-17,IF_DLV_001,100,100,43,14,1.271,79.38
2025-03-18,IF_ORD_001,100,90,56,13,1.312,73.12
2025-03-18,IF_PAY_001,100,100,50,13,1.312,75.35
2025-03-18,IF_PAY_002,25,30,11,13,1.312,29.39
2025-03-18,IF_ORD_002,100,90,28,13,1.312,70.11
2025-03-18,IF_ORD_003,60,80,36,13,1.312,57.95
2025-03-18,IF_MFG_001,60,75,25,13,1.312,59.48
2025-03-18,IF_MFG_002,25,65,16,13,1.312,40.96
2025-03-18,IF_MFG_003,25,35,19,13,1.312,31.52
2025-03-18,IF_MFG_004,5,20,10,13,1.312,19.45
2025-03-18,IF_PRC_001,60,70,31,13,1.312,56.03
2025-03-18,IF_PRC_002,25,55,11,13,1.312,36.56
2025-03-18,IF_PRC_003,5,15,44,13,1.312,27.39
2025-03-18,IF_ASM_001,60,85,32,13,1.312,64.17
2025-03-18,IF_ASM_002,60,80,22,13,1.312,59.53
2025-03-18,IF_DLV_001,100,100,57,13,1.312,77.82
2025-03-19,IF_ORD_001,100,90,49,12,1.36,73.59
2025-03-19,IF_PAY_001,100,100,50,12,1.36,79.25
2025-03-19,IF_PAY_002,25,30,15,12,1.36,31.38
2025-03-19,IF_ORD_002,100,90,55,12,1.36,73.42
2025-03-19,IF_ORD_003,60,80,27,12,1.36,53.89
2025-03-19,IF_MFG_001,60,75,24,12,1.36,53.55
2025-03-19,IF_MFG_002,25,65,9,12,1.36,40.93
2025-03-19,IF_MFG_003,25,35,16,12,1.36,32.49
2025-03-19,IF_MFG_004,5,20,12,12,1.36,20.01
2025-03-19,IF_PRC_001,60,70,46,12,1.36,59.49
2025-03-19,IF_PRC_002,25,55,20,12,1.36,43.06
2025-03-19,IF_PRC_003,5,15,22,12,1.36,24.16
2025-03-19,IF_ASM_001,60,85,24,12,1.36,56.56
2025-03-19,IF_ASM_002,60,80,43,12,1.36,64.21
2025-03-19,IF_DLV_001,100,100,38,12,1.36,77.42
2025-03-20,IF_ORD_001,100,90,27,11,1.415,69.13
2025-03-20,IF_PAY_001,100,100,35,11,1.415,76.2
2025-03-20,IF_PAY_002,25,30,21,11,1.415,33.86
2025-03-20,IF_ORD_002,100,90,64,11,1.415,76.98
2025-03-20,IF_ORD_003,60,80,31,11,1.415,58.58
2025-03-20,IF_MFG_001,60,75,30,11,1.415,55.59
2025-03-20,IF_MFG_002,25,65,40,11,1.415,50.65
2025-03-20,IF_MFG_003,25,35,22,11,1.415,39.61
2025-03-20,IF_MFG_004,5,20,37,11,1.415,33.95
2025-03-20,IF_PRC_001,60,70,55,11,1.415,58.03
2025-03-20,IF_PRC_002,25,55,21,11,1.415,37.97
2025-03-20,IF_PRC_003,5,15,9,11,1.415,20.09
2025-03-20,IF_ASM_001,60,85,25,11,1.415,59.04
2025-03-20,IF_ASM_002,60,80,24,11,1.415,59.39
2025-03-20,IF_DLV_001,100,100,54,11,1.415,74.33
2025-03-21,IF_ORD_001,100,90,62,10,1.479,81.8
2025-03-21,IF_PAY_001,100,100,62,10,1.479,81.86
2025-03-21,IF_PAY_002,25,30,13,10,1.479,32.08
2025-03-21,IF_ORD_002,100,90,49,10,1.479,81.31
2025-03-21,IF_ORD_003,60,80,42,10,1.479,55.2
2025-03-21,IF_MFG_001,60,75,36,10,1.479,56.99
2025-03-21,IF_MFG_002,25,65,17,10,1.479,40.93
2025-03-21,IF_MFG_003,25,35,5,10,1.479,29.53
2025-03-21,IF_MFG_004,5,20,20,10,1.479,28.79
2025-03-21,IF_PRC_001,60,70,46,10,1.479,53.34
2025-03-21,IF_PRC_002,25,55,11,10,1.479,34.25
2025-03-21,IF_PRC_003,5,15,13,10,1.479,25.73
2025-03-21,IF_ASM_001,60,85,35,10,1.479,63.2
2025-03-21,IF_ASM_002,60,80,31,10,1.479,61.18
2025-03-21,IF_DLV_001,100,100,39,10,1.479,74.27
2025-03-22,IF_ORD_001,100,90,29,9,1.553,77.17
2025-03-22,IF_PAY_001,100,100,32,9,1.553,81.29
2025-03-22,IF_PAY_002,25,30,18,9,1.553,32.84
2025-03-22,IF_ORD_002,100,90,52,9,1.553,71.46
2025-03-22,IF_ORD_003,60,80,31,9,1.553,61.46
2025-03-22,IF_MFG_001,60,75,28,9,1.553,59.35
2025-03-22,IF_MFG_002,25,65,107,9,1.553,54.38
2025-03-22,IF_MFG_003,25,35,21,9,1.553,35.23
2025-03-22,IF_MFG_004,5,20,7,9,1.553,22.09
2025-03-22,IF_PRC_001,60,70,36,9,1.553,59.09
2025-03-22,IF_PRC_002,25,55,24,9,1.553,38.15
2025-03-22,IF_PRC_003,5,15,14,9,1.553,21.49
2025-03-22,IF_ASM_001,60,85,168,9,1.553,72.16
2025-03-22,IF_ASM_002,60,80,39,9,1.553,62.01
2025-03-22,IF_DLV_001,100,100,42,9,1.553,77.51
2025-03-23,IF_ORD_001,100,90,87,8,1.638,80.88
2025-03-23,IF_PAY_001,100,100,72,8,1.638,80.72
2025-03-23,IF_PAY_002,25,30,10,8,1.638,30.02
2025-03-23,IF_ORD_002,100,90,62,8,1.638,79.38
2025-03-23,IF_ORD_003,60,80,19,8,1.638,53.53
2025-03-23,IF_MFG_001,60,75,49,8,1.638,64.89
2025-03-23,IF_MFG_002,25,65,31,8,1.638,47.61
2025-03-23,IF_MFG_003,25,35,34,8,1.638,40.03
2025-03-23,IF_MFG_004,5,20,13,8,1.638,23.47
2025-03-23,IF_PRC_001,60,70,46,8,1.638,64.63
2025-03-23,IF_PRC_002,25,55,34,8,1.638,44.63
2025-03-23,IF_PRC_003,5,15,35,8,1.638,29.55
2025-03-23,IF_ASM_001,60,85,23,8,1.638,64.04
2025-03-23,IF_ASM_002,60,80,45,8,1.638,63.81
2025-03-23,IF_DLV_001,100,100,58,8,1.638,82.23
2025-03-24,IF_ORD_001,100,90,54,7,1.736,80.62
2025-03-24,IF_PAY_001,100,100,49,7,1.736,85.58
2025-03-24,IF_PAY_002,25,30,29,7,1.736,38.73
2025-03-24,IF_ORD_002,100,90,68,7,1.736,81.87
2025-03-24,IF_ORD_003,60,80,38,7,1.736,64.32
2025-03-24,IF_MFG_001,60,75,58,7,1.736,64.41
2025-03-24,IF_MFG_002,25,65,27,7,1.736,50.71
2025-03-24,IF_MFG_003,25,35,23,7,1.736,42.16
2025-03-24,IF_MFG_004,5,20,6,7,1.736,25.53
2025-03-24,IF_PRC_001,60,70,28,7,1.736,55.39
2025-03-24,IF_PRC_002,25,55,22,7,1.736,43.69
2025-03-24,IF_PRC_003,5,15,14,7,1.736,20.36
2025-03-24,IF_ASM_001,60,85,42,7,1.736,67.03
2025-03-24,IF_ASM_002,60,80,61,7,1.736,69.72
2025-03-24,IF_DLV_001,100,100,63,7,1.736,82.91
2025-03-25,IF_ORD_001,100,90,45,6,1.849,75.83
2025-03-25,IF_PAY_001,100,100,52,6,1.849,82.04
2025-03-25,IF_PAY_002,25,30,12,6,1.849,40.54
2025-03-25,IF_ORD_002,100,90,58,6,1.849,77.85
2025-03-25,IF_ORD_003,60,80,35,6,1.849,66.32
2025-03-25,IF_MFG_001,60,75,29,6,1.849,56.76
2025-03-25,IF_MFG_002,25,65,21,6,1.849,49.29
2025-03-25,IF_MFG_003,25,35,17,6,1.849,38.86
2025-03-25,IF_MFG_004,5,20,11,6,1.849,25.48
2025-03-25,IF_PRC_001,60,70,53,6,1.849,64.51
2025-03-25,IF_PRC_002,25,55,14,6,1.849,41.5
2025-03-25,IF_PRC_003,5,15,13,6,1.849,30.27
2025-03-25,IF_ASM_001,60,85,43,6,1.849,71.54
2025-03-25,IF_ASM_002,60,80,47,6,1.849,65.73
2025-03-25,IF_DLV_001,100,100,66,6,1.849,86.31
2025-03-26,IF_ORD_001,100,90,60,5,1.979,83.79
2025-03-26,IF_PAY_001,100,100,57,5,1.979,89.61
2025-03-26,IF_PAY_002,25,30,15,5,1.979,38.94
2025-03-26,IF_ORD_002,100,90,29,5,1.979,82.8
2025-03-26,IF_ORD_003,60,80,23,5,1.979,65.22
2025-03-26,IF_MFG_001,60,75,14,5,1.979,58.86
2025-03-26,IF_MFG_002,25,65,21,5,1.979,50.51
2025-03-26,IF_MFG_003,25,35,22,5,1.979,42.06
2025-03-26,IF_MFG_004,5,20,20,5,1.979,25.1
2025-03-26,IF_PRC_001,60,70,15,5,1.979,60.35
2025-03-26,IF_PRC_002,25,55,28,5,1.979,47.23
2025-03-26,IF_PRC_003,5,15,25,5,1.979,25.24
2025-03-26,IF_ASM_001,60,85,31,5,1.979,68.01
2025-03-26,IF_ASM_002,60,80,25,5,1.979,60.74
2025-03-26,IF_DLV_001,100,100,68,5,1.979,89.2
2025-03-27,IF_ORD_001,100,90,72,4,2.129,81.99
2025-03-27,IF_PAY_001,100,100,51,4,2.129,87.63
2025-03-27,IF_PAY_002,25,30,23,4,2.129,41.26
2025-03-27,IF_ORD_002,100,90,41,4,2.129,77.73
2025-03-27,IF_ORD_003,60,80,31,4,2.129,71.37
2025-03-27,IF_MFG_001,60,75,36,4,2.129,65.24
2025-03-27,IF_MFG_002,25,65,28,4,2.129,49.31
2025-03-27,IF_MFG_003,25,35,30,4,2.129,42.14
2025-03-27,IF_MFG_004,5,20,15,4,2.129,30.53
2025-03-27,IF_PRC_001,60,70,31,4,2.129,69.64
2025-03-27,IF_PRC_002,25,55,19,4,2.129,44.45
2025-03-27,IF_PRC_003,5,15,55,4,2.129,35.4
2025-03-27,IF_ASM_001,60,85,32,4,2.129,68.96
2025-03-27,IF_ASM_002,60,80,38,4,2.129,61.64
2025-03-27,IF_DLV_001,100,100,42,4,2.129,87.09
2025-03-28,IF_ORD_001,100,90,63,3,2.303,87.42
2025-03-28,IF_PAY_001,100,100,71,3,2.303,90.64
2025-03-28,IF_PAY_002,25,30,26,3,2.303,44.65
2025-03-28,IF_ORD_002,100,90,28,3,2.303,87.55
2025-03-28,IF_ORD_003,60,80,44,3,2.303,69.86
2025-03-28,IF_MFG_001,60,75,57,3,2.303,72.72
2025-03-28,IF_MFG_002,25,65,87,3,2.303,56.34
2025-03-28,IF_MFG_003,25,35,20,3,2.303,41.27
2025-03-28,IF_MFG_004,5,20,22,3,2.303,40.24
2025-03-28,IF_PRC_001,60,70,42,3,2.303,70.23
2025-03-28,IF_PRC_002,25,55,20,3,2.303,48.98
2025-03-28,IF_PRC_003,5,15,12,3,2.303,30.54
2025-03-28,IF_ASM_001,60,85,28,3,2.303,74.77
2025-03-28,IF_ASM_002,60,80,42,3,2.303,72.03
2025-03-28,IF_DLV_001,100,100,84,3,2.303,88.4
2025-03-29,IF_ORD_001,100,90,69,2,2.503,88.43
2025-03-29,IF_PAY_001,100,100,66,2,2.503,93.95
2025-03-29,IF_PAY_002,25,30,34,2,2.503,48.41
2025-03-29,IF_ORD_002,100,90,68,2,2.503,91.43
2025-03-29,IF_ORD_003,60,80,17,2,2.503,63.89
2025-03-29,IF_MFG_001,60,75,32,2,2.503,69.6
2025-03-29,IF_MFG_002,25,65,27,2,2.503,54.76
2025-03-29,IF_MFG_003,25,35,17,2,2.503,46.87
2025-03-29,IF_MFG_004,5,20,12,2,2.503,34.77
2025-03-29,IF_PRC_001,60,70,53,2,2.503,71.4
2025-03-29,IF_PRC_002,25,55,17,2,2.503,47.45
2025-03-29,IF_PRC_003,5,15,17,2,2.503,30.46
2025-03-29,IF_ASM_001,60,85,25,2,2.503,70.18
2025-03-29,IF_ASM_002,60,80,23,2,2.503,73.71
2025-03-29,IF_DLV_001,100,100,67,2,2.503,93.13
2025-03-30,IF_ORD_001,100,90,76,1,2.734,91.38
2025-03-30,IF_PAY_001,100,100,72,1,2.734,93.95
2025-03-30,IF_PAY_002,25,30,31,1,2.734,51.42
2025-03-30,IF_ORD_002,100,90,78,1,2.734,95.17
2025-03-30,IF_ORD_003,60,80,56,1,2.734,75.93
2025-03-30,IF_MFG_001,60,75,45,1,2.734,80.15
2025-03-30,IF_MFG_002,25,65,18,1,2.734,57.6
2025-03-30,IF_MFG_003,25,35,22,1,2.734,50.92
2025-03-30,IF_MFG_004,5,20,12,1,2.734,38.52
2025-03-30,IF_PRC_001,60,70,45,1,2.734,68.84
2025-03-30,IF_PRC_002,25,55,33,1,2.734,53.41
2025-03-30,IF_PRC_003,5,15,20,1,2.734,37.46
2025-03-30,IF_ASM_001,60,85,47,1,2.734,78.08
2025-03-30,IF_ASM_002,60,80,43,1,2.734,76.76
2025-03-30,IF_DLV_001,100,100,69,1,2.734,95.17
2025-03-31,IF_ORD_001,100,90,63,0,3.0,98.53
2025-03-31,IF_PAY_001,100,100,46,0,3.0,90.89
2025-03-31,IF_PAY_002,25,30,14,0,3.0,41.61
2025-03-31,IF_ORD_002,100,90,37,0,3.0,92.27
2025-03-31,IF_ORD_003,60,80,35,0,3.0,75.58
2025-03-31,IF_MFG_001,60,75,50,0,3.0,73.45
2025-03-31,IF_MFG_002,25,65,37,0,3.0,61.18
2025-03-31,IF_MFG_003,25,35,27,0,3.0,55.24
2025-03-31,IF_MFG_004,5,20,70,0,3.0,46.78
2025-03-31,IF_PRC_001,60,70,41,0,3.0,76.14
2025-03-31,IF_PRC_002,25,55,24,0,3.0,59.36
2025-03-31,IF_PRC_003,5,15,11,0,3.0,36.61
2025-03-31,IF_ASM_001,60,85,35,0,3.0,74.79
2025-03-31,IF_ASM_002,60,80,37,0,3.0,80.17
2025-03-31,IF_DLV_001,100,100,60,0,3.0,93.87
2025-04-01,IF_ORD_001,100,90,49,90,1.0,69.34
2025-04-01,IF_PAY_001,100,100,61,90,1.0,76.29
2025-04-01,IF_PAY_002,25,30,14,90,1.0,29.21
2025-04-01,IF_ORD_002,100,90,69,90,1.0,70.9
2025-04-01,IF_ORD_003,60,80,21,90,1.0,49.82
2025-04-01,IF_MFG_001,60,75,33,90,1.0,54.77
2025-04-01,IF_MFG_002,25,65,18,90,1.0,39.16
2025-04-01,IF_MFG_003,25,35,15,90,1.0,28.24
2025-04-01,IF_MFG_004,5,20,8,90,1.0,20.09
2025-04-01,IF_PRC_001,60,70,26,90,1.0,49.73
2025-04-01,IF_PRC_002,25,55,14,90,1.0,34.45
2025-04-01,IF_PRC_003,5,15,4,90,1.0,10.71
2025-04-01,IF_ASM_001,60,85,29,90,1.0,54.27
2025-04-01,IF_ASM_002,60,80,19,90,1.0,48.83
2025-04-01,IF_DLV_001,100,100,57,90,1.0,75.99
2025-04-02,IF_ORD_001,100,90,36,89,1.0,67.52
2025-04-02,IF_PAY_001,100,100,37,89,1.0,72.8
2025-04-02,IF_PAY_002,25,30,19,89,1.0,33.84
2025-04-02,IF_ORD_002,100,90,43,89,1.0,70.29
2025-04-02,IF_ORD_003,60,80,14,89,1.0,48.32
2025-04-02,IF_MFG_001,60,75,28,89,1.0,50.87
2025-04-02,IF_MFG_002,25,65,14,89,1.0,33.43
2025-04-02,IF_MFG_003,25,35,7,89,1.0,28.35
2025-04-02,IF_MFG_004,5,20,11,89,1.0,14.85
2025-04-02,IF_PRC_001,60,70,38,89,1.0,55.2
2025-04-02,IF_PRC_002,25,55,14,89,1.0,31.52
2025-04-02,IF_PRC_003,5,15,8,89,1.0,18.0
2025-04-02,IF_ASM_001,60,85,20,89,1.0,56.39
2025-04-02,IF_ASM_002,60,80,51,89,1.0,56.24
2025-04-02,IF_DLV_001,100,100,46,89,1.0,68.25
2025-04-03,IF_ORD_001,100,90,40,88,1.0,77.21
2025-04-03,IF_PAY_001,100,100,24,88,1.0,72.65
2025-04-03,IF_PAY_002,25,30,11,88,1.0,22.6
2025-04-03,IF_ORD_002,100,90,45,88,1.0,68.16
2025-04-03,IF_ORD_003,60,80,26,88,1.0,54.18
2025-04-03,IF_MFG_001,60,75,35,88,1.0,56.17
2025-04-03,IF_MFG_002,25,65,11,88,1.0,36.68
2025-04-03,IF_MFG_003,25,35,11,88,1.0,29.82
2025-04-03,IF_MFG_004,5,20,16,88,1.0,19.54
2025-04-03,IF_PRC_001,60,70,43,88,1.0,57.25
2025-04-03,IF_PRC_002,25,55,7,88,1.0,24.91
2025-04-03,IF_PRC_003,5,15,7,88,1.0,18.66
2025-04-03,IF_ASM_001,60,85,27,88,1.0,56.76
2025-04-03,IF_ASM_002,60,80,24,88,1.0,51.17
2025-04-03,IF_DLV_001,100,100,57,88,1.0,75.98
2025-04-04,IF_ORD_001,100,90,58,87,1.0,65.22
2025-04-04,IF_PAY_001,100,100,36,87,1.0,73.48
2025-04-04,IF_PAY_002,25,30,17,87,1.0,27.59
2025-04-04,IF_ORD_002,100,90,69,87,1.0,74.35
2025-04-04,IF_ORD_003,60,80,33,87,1.0,53.28
2025-04-04,IF_MFG_001,60,75,40,87,1.0,55.7
2025-04-04,IF_MFG_002,25,65,8,87,1.0,28.91
2025-04-04,IF_MFG_003,25,35,12,87,1.0,29.8
2025-04-04,IF_MFG_004,5,20,32,87,1.0,26.03
2025-04-04,IF_PRC_001,60,70,19,87,1.0,51.84
2025-04-04,IF_PRC_002,25,55,17,87,1.0,40.05
2025-04-04,IF_PRC_003,5,15,9,87,1.0,14.93
2025-04-04,IF_ASM_001,60,85,22,87,1.0,52.46
2025-04-04,IF_ASM_002,60,80,26,87,1.0,59.5
2025-04-04,IF_DLV_001,100,100,58,87,1.0,72.11
2025-04-05,IF_ORD_001,100,90,37,86,1.0,74.13
2025-04-05,IF_PAY_001,100,100,53,86,1.0,71.35
2025-04-05,IF_PAY_002,25,30,12,86,1.0,28.47
2025-04-05,IF_ORD_002,100,90,50,86,1.0,70.82
2025-04-05,IF_ORD_003,60,80,33,86,1.0,52.53
2025-04-05,IF_MFG_001,60,75,29,86,1.0,53.69
2025-04-05,IF_MFG_002,25,65,15,86,1.0,35.68
2025-04-05,IF_MFG_003,25,35,15,86,1.0,32.3
2025-04-05,IF_MFG_004,5,20,12,86,1.0,17.22
2025-04-05,IF_PRC_001,60,70,31,86,1.0,55.05
2025-04-05,IF_PRC_002,25,55,18,86,1.0,31.63
2025-04-05,IF_PRC_003,5,15,16,86,1.0,13.38
2025-04-05,IF_ASM_001,60,85,29,86,1.0,58.93
2025-04-05,IF_ASM_002,60,80,15,86,1.0,56.24
2025-04-05,IF_DLV_001,100,100,38,86,1.0,70.48
2025-04-06,IF_ORD_001,100,90,34,85,1.0,67.87
2025-04-06,IF_PAY_001,100,100,38,85,1.0,79.54
2025-04-06,IF_PAY_002,25,30,12,85,1.0,25.81
2025-04-06,IF_ORD_002,100,90,33,85,1.0,72.54
2025-04-06,IF_ORD_003,60,80,124,85,1.0,62.75
2025-04-06,IF_MFG_001,60,75,23,85,1.0,56.16
2025-04-06,IF_MFG_002,25,65,22,85,1.0,37.2
2025-04-06,IF_MFG_003,25,35,16,85,1.0,32.87
2025-04-06,IF_MFG_004,5,20,17,85,1.0,22.41
2025-04-06,IF_PRC_001,60,70,20,85,1.0,56.02
2025-04-06,IF_PRC_002,25,55,26,85,1.0,33.99
2025-04-06,IF_PRC_003,5,15,8,85,1.0,12.74
2025-04-06,IF_ASM_001,60,85,29,85,1.0,56.71
2025-04-06,IF_ASM_002,60,80,31,85,1.0,54.74
2025-04-06,IF_DLV_001,100,100,27,85,1.0,67.3
2025-04-07,IF_ORD_001,100,90,40,84,1.0,71.13
2025-04-07,IF_PAY_001,100,100,55,84,1.0,76.92
2025-04-07,IF_PAY_002,25,30,21,84,1.0,32.83
2025-04-07,IF_ORD_002,100,90,45,84,1.0,77.64
2025-04-07,IF_ORD_003,60,80,31,84,1.0,54.64
2025-04-07,IF_MFG_001,60,75,172,84,1.0,66.68
2025-04-07,IF_MFG_002,25,65,15,84,1.0,39.43
2025-04-07,IF_MFG_003,25,35,13,84,1.0,27.42
2025-04-07,IF_MFG_004,5,20,9,84,1.0,23.22
2025-04-07,IF_PRC_001,60,70,38,84,1.0,57.26
2025-04-07,IF_PRC_002,25,55,51,84,1.0,39.23
2025-04-07,IF_PRC_003,5,15,3,84,1.0,11.61
2025-04-07,IF_ASM_001,60,85,39,84,1.0,58.64
2025-04-07,IF_ASM_002,60,80,24,84,1.0,52.69
2025-04-07,IF_DLV_001,100,100,33,84,1.0,75.17
2025-04-08,IF_ORD_001,100,90,98,83,1.0,73.68
2025-04-08,IF_PAY_001,100,100,38,83,1.0,78.85
2025-04-08,IF_PAY_002,25,30,16,83,1.0,29.63
2025-04-08,IF_ORD_002,100,90,37,83,1.0,69.99
2025-04-08,IF_ORD_003,60,80,23,83,1.0,49.89
2025-04-08,IF_MFG_001,60,75,35,83,1.0,57.1
2025-04-08,IF_MFG_002,25,65,22,83,1.0,41.09
2025-04-08,IF_MFG_003,25,35,8,83,1.0,23.98
2025-04-08,IF_MFG_004,5,20,5,83,1.0,11.85
2025-04-08,IF_PRC_001,60,70,43,83,1.0,53.68
2025-04-08,IF_PRC_002,25,55,26,83,1.0,38.39
2025-04-08,IF_PRC_003,5,15,14,83,1.0,17.77
2025-04-08,IF_ASM_001,60,85,41,83,1.0,63.28
2025-04-08,IF_ASM_002,60,80,20,83,1.0,56.78
2025-04-08,IF_DLV_001,100,100,36,83,1.0,76.02
2025-04-09,IF_ORD_001,100,90,59,82,1.0,70.58
2025-04-09,IF_PAY_001,100,100,50,82,1.0,73.84
2025-04-09,IF_PAY_002,25,30,27,82,1.0,35.34
2025-04-09,IF_ORD_002,100,90,44,82,1.0,73.37
2025-04-09,IF_ORD_003,60,80,19,82,1.0,55.26
2025-04-09,IF_MFG_001,60,75,26,82,1.0,56.69
2025-04-09,IF_MFG_002,25,65,23,82,1.0,40.82
2025-04-09,IF_MFG_003,25,35,22,82,1.0,31.93
2025-04-09,IF_MFG_004,5,20,8,82,1.0,17.72
2025-04-09,IF_PRC_001,60,70,24,82,1.0,46.0
2025-04-09,IF_PRC_002,25,55,32,82,1.0,37.72
2025-04-09,IF_PRC_003,5,15,13,82,1.0,19.39
2025-04-09,IF_ASM_001,60,85,37,82,1.0,55.29
2025-04-09,IF_ASM_002,60,80,17,82,1.0,52.27
2025-04-09,IF_DLV_001,100,100,31,82,1.0,69.56
2025-04-10,IF_ORD_001,100,90,43,81,1.0,68.27
2025-04-10,IF_PAY_001,100,100,43,81,1.0,76.86
2025-04-10,IF_PAY_002,25,30,14,81,1.0,27.96
2025-04-10,IF_ORD_002,100,90,39,81,1.0,76.06
2025-04-10,IF_ORD_003,60,80,29,81,1.0,56.57
2025-04-10,IF_MFG_001,60,75,26,81,1.0,57.3
2025-04-10,IF_MFG_002,25,65,14,81,1.0,39.64
2025-04-10,IF_MFG_003,25,35,21,81,1.0,28.67
2025-04-10,IF_MFG_004,5,20,10,81,1.0,15.49
2025-04-10,IF_PRC_001,60,70,23,81,1.0,51.74
2025-04-10,IF_PRC_002,25,55,12,81,1.0,35.91
2025-04-10,IF_PRC_003,5,15,13,81,1.0,16.52
2025-04-10,IF_ASM_001,60,85,34,81,1.0,54.76
2025-04-10,IF_ASM_002,60,80,23,81,1.0,50.04
2025-04-10,IF_DLV_001,100,100,19,81,1.0,73.09
2025-04-11,IF_ORD_001,100,90,40,80,1.0,68.9
2025-04-11,IF_PAY_001,100,100,172,80,1.0,77.78
2025-04-11,IF_PAY_002,25,30,23,80,1.0,23.09
2025-04-11,IF_ORD_002,100,90,36,80,1.0,67.06
2025-04-11,IF_ORD_003,60,80,24,80,1.0,49.48
2025-04-11,IF_MFG_001,60,75,19,80,1.0,50.79
2025-04-11,IF_MFG_002,25,65,20,80,1.0,33.56
2025-04-11,IF_MFG_003,25,35,17,80,1.0,29.87
2025-04-11,IF_MFG_004,5,20,14,80,1.0,16.38
2025-04-11,IF_PRC_001,60,70,33,80,1.0,54.59
2025-04-11,IF_PRC_002,25,55,19,80,1.0,36.71
2025-04-11,IF_PRC_003,5,15,10,80,1.0,17.61
2025-04-11,IF_ASM_001,60,85,25,80,1.0,55.14
2025-04-11,IF_ASM_002,60,80,31,80,1.0,57.57
2025-04-11,IF_DLV_001,100,100,50,80,1.0,76.03
2025-04-12,IF_ORD_001,100,90,47,79,1.0,71.58
2025-04-12,IF_PAY_001,100,100,34,79,1.0,70.54
2025-04-12,IF_PAY_002,25,30,21,79,1.0,31.43
2025-04-12,IF_ORD_002,100,90,46,79,1.0,69.07
2025-04-12,IF_ORD_003,60,80,31,79,1.0,57.06
2025-04-12,IF_MFG_001,60,75,37,79,1.0,57.08
2025-04-12,IF_MFG_002,25,65,26,79,1.0,40.36
2025-04-12,IF_MFG_003,25,35,11,79,1.0,27.58
2025-04-12,IF_MFG_004,5,20,12,79,1.0,21.07
2025-04-12,IF_PRC_001,60,70,32,79,1.0,57.13
2025-04-12,IF_PRC_002,25,55,11,79,1.0,33.17
2025-04-12,IF_PRC_003,5,15,13,79,1.0,19.07
2025-04-12,IF_ASM_001,60,85,91,79,1.0,57.23
2025-04-12,IF_ASM_002,60,80,30,79,1.0,57.55
2025-04-12,IF_DLV_001,100,100,62,79,1.0,75.22
2025-04-13,IF_ORD_001,100,90,38,78,1.0,66.22
2025-04-13,IF_PAY_001,100,100,52,78,1.0,73.33
2025-04-13,IF_PAY_002,25,30,11,78,1.0,27.8
2025-04-13,IF_ORD_002,100,90,167,78,1.0,78.55
2025-04-13,IF_ORD_003,60,80,41,78,1.0,53.77
2025-04-13,IF_MFG_001,60,75,24,78,1.0,59.11
2025-04-13,IF_MFG_002,25,65,15,78,1.0,40.86
2025-04-13,IF_MFG_003,25,35,11,78,1.0,26.59
2025-04-13,IF_MFG_004,5,20,8,78,1.0,19.25
2025-04-13,IF_PRC_001,60,70,36,78,1.0,54.83
2025-04-13,IF_PRC_002,25,55,19,78,1.0,36.64
2025-04-13,IF_PRC_003,5,15,3,78,1.0,8.71
2025-04-13,IF_ASM_001,60,85,28,78,1.0,56.33
2025-04-13,IF_ASM_002,60,80,19,78,1.0,55.95
2025-04-13,IF_DLV_001,100,100,36,78,1.0,74.74
2025-04-14,IF_ORD_001,100,90,47,77,1.0,74.84
2025-04-14,IF_PAY_001,100,100,53,77,1.0,76.25
2025-04-14,IF_PAY_002,25,30,14,77,1.0,25.68
2025-04-14,IF_ORD_002,100,90,31,77,1.0,65.51
2025-04-14,IF_ORD_003,60,80,34,77,1.0,60.35
2025-04-14,IF_MFG_001,60,75,29,77,1.0,58.1
2025-04-14,IF_MFG_002,25,65,27,77,1.0,40.42
2025-04-14,IF_MFG_003,25,35,13,77,1.0,29.11
2025-04-14,IF_MFG_004,5,20,10,77,1.0,20.8
2025-04-14,IF_PRC_001,60,70,19,77,1.0,50.23
2025-04-14,IF_PRC_002,25,55,27,77,1.0,31.38
2025-04-14,IF_PRC_003,5,15,9,77,1.0,15.97
2025-04-14,IF_ASM_001,60,85,18,77,1.0,56.89
2025-04-14,IF_ASM_002,60,80,25,77,1.0,54.38
2025-04-14,IF_DLV_001,100,100,58,77,1.0,77.05
2025-04-15,IF_ORD_001,100,90,40,76,1.0,70.68
2025-04-15,IF_PAY_001,100,100,60,76,1.0,80.96
2025-04-15,IF_PAY_002,25,30,14,76,1.0,27.27
2025-04-15,IF_ORD_002,100,90,24,76,1.0,73.0
2025-04-15,IF_ORD_003,60,80,33,76,1.0,58.36
2025-04-15,IF_MFG_001,60,75,23,76,1.0,56.35
2025-04-15,IF_MFG_002,25,65,15,76,1.0,37.73
2025-04-15,IF_MFG_003,25,35,16,76,1.0,28.63
2025-04-15,IF_MFG_004,5,20,4,76,1.0,14.85
2025-04-15,IF_PRC_001,60,70,25,76,1.0,53.65
2025-04-15,IF_PRC_002,25,55,33,76,1.0,39.76
2025-04-15,IF_PRC_003,5,15,41,76,1.0,19.59
2025-04-15,IF_ASM_001,60,85,31,76,1.0,53.39
2025-04-15,IF_ASM_002,60,80,23,76,1.0,54.53
2025-04-15,IF_DLV_001,100,100,52,76,1.0,75.74
2025-04-16,IF_ORD_001,100,90,47,75,1.0,73.86
2025-04-16,IF_PAY_001,100,100,57,75,1.0,74.41
2025-04-16,IF_PAY_002,25,30,17,75,1.0,30.04
2025-04-16,IF_ORD_002,100,90,54,75,1.0,67.78
2025-04-16,IF_ORD_003,60,80,37,75,1.0,46.82
2025-04-16,IF_MFG_001,60,75,32,75,1.0,53.95
2025-04-16,IF_MFG_002,25,65,19,75,1.0,37.41
2025-04-16,IF_MFG_003,25,35,15,75,1.0,30.04
2025-04-16,IF_MFG_004,5,20,8,75,1.0,22.05
2025-04-16,IF_PRC_001,60,70,25,75,1.0,51.81
2025-04-16,IF_PRC_002,25,55,18,75,1.0,40.02
2025-04-16,IF_PRC_003,5,15,5,75,1.0,12.87
2025-04-16,IF_ASM_001,60,85,28,75,1.0,57.39
2025-04-16,IF_ASM_002,60,80,17,75,1.0,46.63
2025-04-16,IF_DLV_001,100,100,20,75,1.0,74.92
2025-04-17,IF_ORD_001,100,90,40,74,1.0,74.83
2025-04-17,IF_PAY_001,100,100,51,74,1.0,73.25
2025-04-17,IF_PAY_002,25,30,9,74,1.0,28.26
2025-04-17,IF_ORD_002,100,90,27,74,1.0,71.2
2025-04-17,IF_ORD_003,60,80,34,74,1.0,55.93
2025-04-17,IF_MFG_001,60,75,35,74,1.0,57.32
2025-04-17,IF_MFG_002,25,65,8,74,1.0,36.03
2025-04-17,IF_MFG_003,25,35,17,74,1.0,31.62
2025-04-17,IF_MFG_004,5,20,5,74,1.0,12.43
2025-04-17,IF_PRC_001,60,70,27,74,1.0,52.82
2025-04-17,IF_PRC_002,25,55,24,74,1.0,34.78
2025-04-17,IF_PRC_003,5,15,10,74,1.0,18.93
2025-04-17,IF_ASM_001,60,85,27,74,1.0,56.8
2025-04-17,IF_ASM_002,60,80,21,74,1.0,51.98
2025-04-17,IF_DLV_001,100,100,49,74,1.0,77.92
2025-04-18,IF_ORD_001,100,90,58,73,1.0,72.21
2025-04-18,IF_PAY_001,100,100,23,73,1.0,69.6
2025-04-18,IF_PAY_002,25,30,19,73,1.0,24.0
2025-04-18,IF_ORD_002,100,90,42,73,1.0,69.65
2025-04-18,IF_ORD_003,60,80,27,73,1.0,58.43
2025-04-18,IF_MFG_001,60,75,27,73,1.0,55.98
2025-04-18,IF_MFG_002,25,65,100,73,1.0,43.79
2025-04-18,IF_MFG_003,25,35,29,73,1.0,32.59
2025-04-18,IF_MFG_004,5,20,15,73,1.0,24.19
2025-04-18,IF_PRC_001,60,70,24,73,1.0,48.97
2025-04-18,IF_PRC_002,25,55,6,73,1.0,32.96
2025-04-18,IF_PRC_003,5,15,9,73,1.0,21.93
2025-04-18,IF_ASM_001,60,85,40,73,1.0,56.86
2025-04-18,IF_ASM_002,60,80,50,73,1.0,56.61
2025-04-18,IF_DLV_001,100,100,34,73,1.0,72.78
2025-04-19,IF_ORD_001,100,90,26,72,1.0,67.46
2025-04-19,IF_PAY_001,100,100,20,72,1.0,67.49
2025-04-19,IF_PAY_002,25,30,10,72,1.0,28.98
2025-04-19,IF_ORD_002,100,90,60,72,1.0,72.9
2025-04-19,IF_ORD_003,60,80,17,72,1.0,55.15
2025-04-19,IF_MFG_001,60,75,53,72,1.0,48.94
2025-04-19,IF_MFG_002,25,65,24,72,1.0,43.16
2025-04-19,IF_MFG_003,25,35,22,72,1.0,28.65
2025-04-19,IF_MFG_004,5,20,13,72,1.0,14.6
2025-04-19,IF_PRC_001,60,70,20,72,1.0,50.53
2025-04-19,IF_PRC_002,25,55,6,72,1.0,28.18
2025-04-19,IF_PRC_003,5,15,10,72,1.0,23.21
2025-04-19,IF_ASM_001,60,85,18,72,1.0,52.22
2025-04-19,IF_ASM_002,60,80,19,72,1.0,53.46
2025-04-19,IF_DLV_001,100,100,31,72,1.0,68.05
2025-04-20,IF_ORD_001,100,90,47,71,1.0,73.39
2025-04-20,IF_PAY_001,100,100,31,71,1.0,73.53
2025-04-20,IF_PAY_002,25,30,22,71,1.0,34.76
2025-04-20,IF_ORD_002,100,90,59,71,1.0,69.93
2025-04-20,IF_ORD_003,60,80,37,71,1.0,54.59
2025-04-20,IF_MFG_001,60,75,38,71,1.0,56.55
2025-04-20,IF_MFG_002,25,65,23,71,1.0,36.67
2025-04-20,IF_MFG_003,25,35,12,71,1.0,26.87
2025-04-20,IF_MFG_004,5,20,25,71,1.0,25.06
2025-04-20,IF_PRC_001,60,70,38,71,1.0,53.02
2025-04-20,IF_PRC_002,25,55,15,71,1.0,42.62
2025-04-20,IF_PRC_003,5,15,9,71,1.0,16.84
2025-04-20,IF_ASM_001,60,85,38,71,1.0,58.29
2025-04-20,IF_ASM_002,60,80,135,71,1.0,64.08
2025-04-20,IF_DLV_001,100,100,27,71,1.0,65.66
2025-04-21,IF_ORD_001,100,90,38,70,1.0,67.4
2025-04-21,IF_PAY_001,100,100,42,70,1.0,71.86
2025-04-21,IF_PAY_002,25,30,22,70,1.0,29.48
2025-04-21,IF_ORD_002,100,90,33,70,1.0,72.03
2025-04-21,IF_ORD_003,60,80,32,70,1.0,54.42
2025-04-21,IF_MFG_001,60,75,50,70,1.0,58.78
2025-04-21,IF_MFG_002,25,65,13,70,1.0,34.69
2025-04-21,IF_MFG_003,25,35,24,70,1.0,33.88
2025-04-21,IF_MFG_004,5,20,17,70,1.0,19.1
2025-04-21,IF_PRC_001,60,70,32,70,1.0,49.51
2025-04-21,IF_PRC_002,25,55,14,70,1.0,36.97
2025-04-21,IF_PRC_003,5,15,9,70,1.0,20.24
2025-04-21,IF_ASM_001,60,85,21,70,1.0,52.27
2025-04-21,IF_ASM_002,60,80,51,70,1.0,62.1
2025-04-21,IF_DLV_001,100,100,30,70,1.0,76.02
2025-04-22,IF_ORD_001,100,90,42,69,1.0,71.08
2025-04-22,IF_PAY_001,100,100,26,69,1.0,70.63
2025-04-22,IF_PAY_002,25,30,13,69,1.0,32.11
2025-04-22,IF_ORD_002,100,90,59,69,1.0,69.72
2025-04-22,IF_ORD_003,60,80,24,69,1.0,49.67
2025-04-22,IF_MFG_001,60,75,29,69,1.0,51.54
2025-04-22,IF_MFG_002,25,65,19,69,1.0,33.02
2025-04-22,IF_MFG_003,25,35,23,69,1.0,32.11
2025-04-22,IF_MFG_004,5,20,4,69,1.0,11.22
2025-04-22,IF_PRC_001,60,70,18,69,1.0,48.46
2025-04-22,IF_PRC_002,25,55,24,69,1.0,44.38
2025-04-22,IF_PRC_003,5,15,12,69,1.0,19.96
2025-04-22,IF_ASM_001,60,85,34,69,1.0,49.87
2025-04-22,IF_ASM_002,60,80,22,69,1.0,59.42
2025-04-22,IF_DLV_001,100,100,57,69,1.0,80.54
2025-04-23,IF_ORD_001,100,90,48,68,1.0,75.64
2025-04-23,IF_PAY_001,100,100,75,68,1.0,75.36
2025-04-23,IF_PAY_002,25,30,12,68,1.0,25.5
2025-04-23,IF_ORD_002,100,90,31,68,1.0,65.87
2025-04-23,IF_ORD_003,60,80,37,68,1.0,60.2
2025-04-23,IF_MFG_001,60,75,33,68,1.0,53.96
2025-04-23,IF_MFG_002,25,65,21,68,1.0,44.59
2025-04-23,IF_MFG_003,25,35,17,68,1.0,35.59
2025-04-23,IF_MFG_004,5,20,11,68,1.0,22.99
2025-04-23,IF_PRC_001,60,70,21,68,1.0,49.58
2025-04-23,IF_PRC_002,25,55,18,68,1.0,33.54
2025-04-23,IF_PRC_003,5,15,12,68,1.0,16.46
2025-04-23,IF_ASM_001,60,85,41,68,1.0,53.99
2025-04-23,IF_ASM_002,60,80,44,68,1.0,60.57
2025-04-23,IF_DLV_001,100,100,44,68,1.0,76.34
2025-04-24,IF_ORD_001,100,90,36,67,1.0,67.93
2025-04-24,IF_PAY_001,100,100,31,67,1.0,68.31
2025-04-24,IF_PAY_002,25,30,28,67,1.0,36.48
2025-04-24,IF_ORD_002,100,90,57,67,1.0,76.28
2025-04-24,IF_ORD_003,60,80,29,67,1.0,53.52
2025-04-24,IF_MFG_001,60,75,34,67,1.0,54.14
2025-04-24,IF_MFG_002,25,65,19,67,1.0,39.85
2025-04-24,IF_MFG_003,25,35,11,67,1.0,27.66
2025-04-24,IF_MFG_004,5,20,6,67,1.0,16.29
2025-04-24,IF_PRC_001,60,70,37,67,1.0,50.55
2025-04-24,IF_PRC_002,25,55,20,67,1.0,35.55
2025-04-24,IF_PRC_003,5,15,10,67,1.0,16.44
2025-04-24,IF_ASM_001,60,85,28,67,1.0,61.07
2025-04-24,IF_ASM_002,60,80,57,67,1.0,55.29
2025-04-24,IF_DLV_001,100,100,41,67,1.0,69.68
2025-04-25,IF_ORD_001,100,90,73,66,1.0,73.85
2025-04-25,IF_PAY_001,100,100,48,66,1.0,77.76
2025-04-25,IF_PAY_002,25,30,18,66,1.0,32.08
2025-04-25,IF_ORD_002,100,90,32,66,1.0,68.49
2025-04-25,IF_ORD_003,60,80,35,66,1.0,52.05
2025-04-25,IF_MFG_001,60,75,24,66,1.0,51.75
2025-04-25,IF_MFG_002,25,65,21,66,1.0,37.49
2025-04-25,IF_MFG_003,25,35,18,66,1.0,29.04
2025-04-25,IF_MFG_004,5,20,6,66,1.0,19.6
2025-04-25,IF_PRC_001,60,70,65,66,1.0,61.16
2025-04-25,IF_PRC_002,25,55,20,66,1.0,40.23
2025-04-25,IF_PRC_003,5,15,7,66,1.0,21.48
2025-04-25,IF_ASM_001,60,85,19,66,1.0,56.82
2025-04-25,IF_ASM_002,60,80,32,66,1.0,53.15
2025-04-25,IF_DLV_001,100,100,30,66,1.0,71.92
2025-04-26,IF_ORD_001,100,90,57,65,1.0,70.59
2025-04-26,IF_PAY_001,100,100,47,65,1.0,70.72
2025-04-26,IF_PAY_002,25,30,9,65,1.0,25.5
2025-04-26,IF_ORD_002,100,90,41,65,1.0,72.51
2025-04-26,IF_ORD_003,60,80,51,65,1.0,56.71
2025-04-26,IF_MFG_001,60,75,23,65,1.0,56.68
2025-04-26,IF_MFG_002,25,65,19,65,1.0,38.38
2025-04-26,IF_MFG_003,25,35,20,65,1.0,32.37
2025-04-26,IF_MFG_004,5,20,12,65,1.0,19.07
2025-04-26,IF_PRC_001,60,70,30,65,1.0,58.0
2025-04-26,IF_PRC_002,25,55,18,65,1.0,34.91
2025-04-26,IF_PRC_003,5,15,13,65,1.0,25.66
2025-04-26,IF_ASM_001,60,85,37,65,1.0,58.52
2025-04-26,IF_ASM_002,60,80,48,65,1.0,61.53
2025-04-26,IF_DLV_001,100,100,42,65,1.0,77.29
2025-04-27,IF_ORD_001,100,90,27,64,1.0,61.87
2025-04-27,IF_PAY_001,100,100,43,64,1.0,78.84
2025-04-27,IF_PAY_002,25,30,24,64,1.0,31.86
2025-04-27,IF_ORD_002,100,90,63,64,1.0,71.19
2025-04-27,IF_ORD_003,60,80,46,64,1.0,53.05
2025-04-27,IF_MFG_001,60,75,33,64,1.0,47.77
2025-04-27,IF_MFG_002,25,65,18,64,1.0,42.09
2025-04-27,IF_MFG_003,25,35,23,64,1.0,27.64
2025-04-27,IF_MFG_004,5,20,11,64,1.0,20.28
2025-04-27,IF_PRC_001,60,70,43,64,1.0,50.84
2025-04-27,IF_PRC_002,25,55,13,64,1.0,38.2
2025-04-27,IF_PRC_003,5,15,5,64,1.0,20.19
2025-04-27,IF_ASM_001,60,85,24,64,1.0,51.54
2025-04-27,IF_ASM_002,60,80,21,64,1.0,53.26
2025-04-27,IF_DLV_001,100,100,35,64,1.0,73.66
2025-04-28,IF_ORD_001,100,90,43,63,1.0,72.55
2025-04-28,IF_PAY_001,100,100,60,63,1.0,79.74
2025-04-28,IF_PAY_002,25,30,18,63,1.0,32.82
2025-04-28,IF_ORD_002,100,90,29,63,1.0,71.76
2025-04-28,IF_ORD_003,60,80,16,63,1.0,55.29
2025-04-28,IF_MFG_001,60,75,18,63,1.0,49.16
2025-04-28,IF_MFG_002,25,65,10,63,1.0,38.18
2025-04-28,IF_MFG_003,25,35,11,63,1.0,28.0
2025-04-28,IF_MFG_004,5,20,7,63,1.0,14.94
2025-04-28,IF_PRC_001,60,70,29,63,1.0,51.61
2025-04-28,IF_PRC_002,25,55,18,63,1.0,37.52
2025-04-28,IF_PRC_003,5,15,5,63,1.0,7.92
2025-04-28,IF_ASM_001,60,85,26,63,1.0,50.3
2025-04-28,IF_ASM_002,60,80,22,63,1.0,58.52
2025-04-28,IF_DLV_001,100,100,27,63,1.0,71.53
2025-04-29,IF_ORD_001,100,90,52,62,1.0,72.12
2025-04-29,IF_PAY_001,100,100,22,62,1.0,69.82
2025-04-29,IF_PAY_002,25,30,14,62,1.0,23.78
2025-04-29,IF_ORD_002,100,90,51,62,1.0,70.47
2025-04-29,IF_ORD_003,60,80,33,62,1.0,59.5
2025-04-29,IF_MFG_001,60,75,25,62,1.0,51.44
2025-04-29,IF_MFG_002,25,65,11,62,1.0,34.9
2025-04-29,IF_MFG_003,25,35,22,62,1.0,31.7
2025-04-29,IF_MFG_004,5,20,6,62,1.0,15.21
2025-04-29,IF_PRC_001,60,70,28,62,1.0,53.11
2025-04-29,IF_PRC_002,25,55,7,62,1.0,28.13
2025-04-29,IF_PRC_003,5,15,9,62,1.0,16.35
2025-04-29,IF_ASM_001,60,85,35,62,1.0,60.86
2025-04-29,IF_ASM_002,60,80,28,62,1.0,58.64
2025-04-29,IF_DLV_001,100,100,23,62,1.0,70.97
2025-04-30,IF_ORD_001,100,90,33,61,1.0,68.92
2025-04-30,IF_PAY_001,100,100,67,61,1.0,73.72
2025-04-30,IF_PAY_002,25,30,20,61,1.0,27.71
2025-04-30,IF_ORD_002,100,90,31,61,1.0,72.88
2025-04-30,IF_ORD_003,60,80,22,61,1.0,55.26
2025-04-30,IF_MFG_001,60,75,31,61,1.0,53.79
2025-04-30,IF_MFG_002,25,65,13,61,1.0,35.52
2025-04-30,IF_MFG_003,25,35,12,61,1.0,27.27
2025-04-30,IF_MFG_004,5,20,10,61,1.0,17.17
2025-04-30,IF_PRC_001,60,70,49,61,1.0,53.11
2025-04-30,IF_PRC_002,25,55,13,61,1.0,29.14
2025-04-30,IF_PRC_003,5,15,14,61,1.0,19.72
2025-04-30,IF_ASM_001,60,85,27,61,1.0,56.28
2025-04-30,IF_ASM_002,60,80,33,61,1.0,57.72
2025-04-30,IF_DLV_001,100,100,68,61,1.0,73.76
2025-05-01,IF_ORD_001,100,90,62,60,1.0,72.99
2025-05-01,IF_PAY_001,100,100,44,60,1.0,75.19
2025-05-01,IF_PAY_002,25,30,9,60,1.0,29.32
2025-05-01,IF_ORD_002,100,90,51,60,1.0,69.01
2025-05-01,IF_ORD_003,60,80,25,60,1.0,53.91
2025-05-01,IF_MFG_001,60,75,34,60,1.0,55.92
2025-05-01,IF_MFG_002,25,65,22,60,1.0,40.5
2025-05-01,IF_MFG_003,25,35,14,60,1.0,28.35
2025-05-01,IF_MFG_004,5,20,9,60,1.0,15.18
2025-05-01,IF_PRC_001,60,70,43,60,1.0,55.2
2025-05-01,IF_PRC_002,25,55,15,60,1.0,37.57
2025-05-01,IF_PRC_003,5,15,6,60,1.0,13.79
2025-05-01,IF_ASM_001,60,85,28,60,1.0,57.8
2025-05-01,IF_ASM_002,60,80,35,60,1.0,59.29
2025-05-01,IF_DLV_001,100,100,46,60,1.0,77.3
2025-05-02,IF_ORD_001,100,90,52,59,1.0,77.16
2025-05-02,IF_PAY_001,100,100,44,59,1.0,69.44
2025-05-02,IF_PAY_002,25,30,18,59,1.0,26.42
2025-05-02,IF_ORD_002,100,90,38,59,1.0,68.61
2025-05-02,IF_ORD_003,60,80,152,59,1.0,62.06
2025-05-02,IF_MFG_001,60,75,32,59,1.0,56.0
2025-05-02,IF_MFG_002,25,65,26,59,1.0,38.61
2025-05-02,IF_MFG_003,25,35,15,59,1.0,31.06
2025-05-02,IF_MFG_004,5,20,9,59,1.0,20.05
2025-05-02,IF_PRC_001,60,70,14,59,1.0,48.39
2025-05-02,IF_PRC_002,25,55,15,59,1.0,37.27
2025-05-02,IF_PRC_003,5,15,16,59,1.0,20.76
2025-05-02,IF_ASM_001,60,85,31,59,1.0,51.08
2025-05-02,IF_ASM_002,60,80,26,59,1.0,55.59
2025-05-02,IF_DLV_001,100,100,47,59,1.0,81.29
2025-05-03,IF_ORD_001,100,90,48,58,1.001,71.31
2025-05-03,IF_PAY_001,100,100,51,58,1.001,76.81
2025-05-03,IF_PAY_002,25,30,32,58,1.001,26.81
2025-05-03,IF_ORD_002,100,90,51,58,1.001,71.76
2025-05-03,IF_ORD_003,60,80,27,58,1.001,48.95
2025-05-03,IF_MFG_001,60,75,26,58,1.001,57.23
2025-05-03,IF_MFG_002,25,65,9,58,1.001,29.78
2025-05-03,IF_MFG_003,25,35,21,58,1.001,30.62
2025-05-03,IF_MFG_004,5,20,6,58,1.001,16.09
2025-05-03,IF_PRC_001,60,70,24,58,1.001,55.06
2025-05-03,IF_PRC_002,25,55,19,58,1.001,34.17
2025-05-03,IF_PRC_003,5,15,11,58,1.001,18.86
2025-05-03,IF_ASM_001,60,85,21,58,1.001,59.27
2025-05-03,IF_ASM_002,60,80,31,58,1.001,60.65
2025-05-03,IF_DLV_001,100,100,40,58,1.001,70.4
2025-05-04,IF_ORD_001,100,90,53,57,1.001,74.22
2025-05-04,IF_PAY_001,100,100,41,57,1.001,72.89
2025-05-04,IF_PAY_002,25,30,16,57,1.001,33.1
2025-05-04,IF_ORD_002,100,90,45,57,1.001,75.06
2025-05-04,IF_ORD_003,60,80,16,57,1.001,49.96
2025-05-04,IF_MFG_001,60,75,19,57,1.001,54.08
2025-05-04,IF_MFG_002,25,65,23,57,1.001,36.79
2025-05-04,IF_MFG_003,25,35,21,57,1.001,29.48
2025-05-04,IF_MFG_004,5,20,6,57,1.001,16.99
2025-05-04,IF_PRC_001,60,70,25,57,1.001,49.31
2025-05-04,IF_PRC_002,25,55,26,57,1.001,33.65
2025-05-04,IF_PRC_003,5,15,9,57,1.001,17.8
2025-05-04,IF_ASM_001,60,85,23,57,1.001,46.99
2025-05-04,IF_ASM_002,60,80,41,57,1.001,57.89
2025-05-04,IF_DLV_001,100,100,39,57,1.001,72.43
2025-05-05,IF_ORD_001,100,90,33,56,1.001,72.75
2025-05-05,IF_PAY_001,100,100,41,56,1.001,74.63
2025-05-05,IF_PAY_002,25,30,27,56,1.001,28.83
2025-05-05,IF_ORD_002,100,90,66,56,1.001,74.13
2025-05-05,IF_ORD_003,60,80,36,56,1.001,60.26
2025-05-05,IF_MFG_001,60,75,25,56,1.001,54.52
2025-05-05,IF_MFG_002,25,65,20,56,1.001,45.49
2025-05-05,IF_MFG_003,25,35,15,56,1.001,28.94
2025-05-05,IF_MFG_004,5,20,11,56,1.001,20.81
2025-05-05,IF_PRC_001,60,70,23,56,1.001,50.31
2025-05-05,IF_PRC_002,25,55,26,56,1.001,37.13
2025-05-05,IF_PRC_003,5,15,14,56,1.001,16.57
2025-05-05,IF_ASM_001,60,85,38,56,1.001,62.99
2025-05-05,IF_ASM_002,60,80,18,56,1.001,52.66
2025-05-05,IF_DLV_001,100,100,65,56,1.001,77.82
2025-05-06,IF_ORD_001,100,90,62,55,1.001,72.97
2025-05-06,IF_PAY_001,100,100,28,55,1.001,71.3
2025-05-06,IF_PAY_002,25,30,12,55,1.001,29.49
2025-05-06,IF_ORD_002,100,90,37,55,1.001,73.46
2025-05-06,IF_ORD_003,60,80,32,55,1.001,55.71
2025-05-06,IF_MFG_001,60,75,34,55,1.001,52.92
2025-05-06,IF_MFG_002,25,65,22,55,1.001,38.67
2025-05-06,IF_MFG_003,25,35,18,55,1.001,28.61
2025-05-06,IF_MFG_004,5,20,7,55,1.001,16.29
2025-05-06,IF_PRC_001,60,70,28,55,1.001,55.37
2025-05-06,IF_PRC_002,25,55,9,55,1.001,32.05
2025-05-06,IF_PRC_003,5,15,3,55,1.001,11.05
2025-05-06,IF_ASM_001,60,85,32,55,1.001,60.45
2025-05-06,IF_ASM_002,60,80,40,55,1.001,56.55
2025-05-06,IF_DLV_001,100,100,23,55,1.001,72.78
2025-05-07,IF_ORD_001,100,90,49,54,1.001,77.14
2025-05-07,IF_PAY_001,100,100,55,54,1.001,76.68
2025-05-07,IF_PAY_002,25,30,17,54,1.001,28.71
2025-05-07,IF_ORD_002,100,90,50,54,1.001,73.23
2025-05-07,IF_ORD_003,60,80,44,54,1.001,56.33
2025-05-07,IF_MFG_001,60,75,38,54,1.001,50.1
2025-05-07,IF_MFG_002,25,65,19,54,1.001,33.98
2025-05-07,IF_MFG_003,25,35,21,54,1.001,31.39
2025-05-07,IF_MFG_004,5,20,15,54,1.001,19.12
2025-05-07,IF_PRC_001,60,70,30,54,1.001,52.65
2025-05-07,IF_PRC_002,25,55,22,54,1.001,30.88
2025-05-07,IF_PRC_003,5,15,48,54,1.001,25.06
2025-05-07,IF_ASM_001,60,85,21,54,1.001,55.4
2025-05-07,IF_ASM_002,60,80,35,54,1.001,53.49
2025-05-07,IF_DLV_001,100,100,140,54,1.001,82.44
2025-05-08,IF_ORD_001,100,90,45,53,1.001,73.06
2025-05-08,IF_PAY_001,100,100,44,53,1.001,72.51
2025-05-08,IF_PAY_002,25,30,17,53,1.001,32.52
2025-05-08,IF_ORD_002,100,90,55,53,1.001,73.58
2025-05-08,IF_ORD_003,60,80,32,53,1.001,53.01
2025-05-08,IF_MFG_001,60,75,32,53,1.001,47.59
2025-05-08,IF_MFG_002,25,65,10,53,1.001,31.97
2025-05-08,IF_MFG_003,25,35,10,53,1.001,26.93
2025-05-08,IF_MFG_004,5,20,6,53,1.001,10.95
2025-05-08,IF_PRC_001,60,70,19,53,1.001,49.32
2025-05-08,IF_PRC_002,25,55,6,53,1.001,32.94
2025-05-08,IF_PRC_003,5,15,52,53,1.001,33.8
2025-05-08,IF_ASM_001,60,85,29,53,1.001,59.95
2025-05-08,IF_ASM_002,60,80,20,53,1.001,50.39
2025-05-08,IF_DLV_001,100,100,41,53,1.001,73.21
2025-05-09,IF_ORD_001,100,90,34,52,1.001,74.41
2025-05-09,IF_PAY_001,100,100,29,52,1.001,70.78
2025-05-09,IF_PAY_002,25,30,18,52,1.001,32.54
2025-05-09,IF_ORD_002,100,90,59,52,1.001,75.57
2025-05-09,IF_ORD_003,60,80,28,52,1.001,55.24
2025-05-09,IF_MFG_001,60,75,27,52,1.001,51.93
2025-05-09,IF_MFG_002,25,65,5,52,1.001,32.66
2025-05-09,IF_MFG_003,25,35,25,52,1.001,36.85
2025-05-09,IF_MFG_004,5,20,9,52,1.001,12.93
2025-05-09,IF_PRC_001,60,70,30,52,1.001,53.39
2025-05-09,IF_PRC_002,25,55,15,52,1.001,32.66
2025-05-09,IF_PRC_003,5,15,15,52,1.001,18.65
2025-05-09,IF_ASM_001,60,85,25,52,1.001,52.56
2025-05-09,IF_ASM_002,60,80,48,52,1.001,58.91
2025-05-09,IF_DLV_001,100,100,66,52,1.001,78.17
2025-05-10,IF_ORD_001,100,90,32,51,1.001,72.8
2025-05-10,IF_PAY_001,100,100,50,51,1.001,79.19
2025-05-10,IF_PAY_002,25,30,17,51,1.001,32.36
2025-05-10,IF_ORD_002,100,90,49,51,1.001,75.91
2025-05-10,IF_ORD_003,60,80,28,51,1.001,51.73
2025-05-10,IF_MFG_001,60,75,22,51,1.001,51.17
2025-05-10,IF_MFG_002,25,65,11,51,1.001,39.97
2025-05-10,IF_MFG_003,25,35,27,51,1.001,34.18
2025-05-10,IF_MFG_004,5,20,10,51,1.001,18.57
2025-05-10,IF_PRC_001,60,70,146,51,1.001,62.44
2025-05-10,IF_PRC_002,25,55,12,51,1.001,33.97
2025-05-10,IF_PRC_003,5,15,7,51,1.001,13.77
2025-05-10,IF_ASM_001,60,85,53,51,1.001,59.97
2025-05-10,IF_ASM_002,60,80,13,51,1.001,58.65
2025-05-10,IF_DLV_001,100,100,63,51,1.001,74.54
2025-05-11,IF_ORD_001,100,90,28,50,1.002,67.27
2025-05-11,IF_PAY_001,100,100,51,50,1.002,72.26
2025-05-11,IF_PAY_002,25,30,29,50,1.002,32.24
2025-05-11,IF_ORD_002,100,90,30,50,1.002,67.98
2025-05-11,IF_ORD_003,60,80,42,50,1.002,56.44
2025-05-11,IF_MFG_001,60,75,26,50,1.002,49.82
2025-05-11,IF_MFG_002,25,65,17,50,1.002,35.82
2025-05-11,IF_MFG_003,25,35,10,50,1.002,27.28
2025-05-11,IF_MFG_004,5,20,12,50,1.002,16.39
2025-05-11,IF_PRC_001,60,70,34,50,1.002,54.09
2025-05-11,IF_PRC_002,25,55,13,50,1.002,32.43
2025-05-11,IF_PRC_003,5,15,7,50,1.002,11.26
2025-05-11,IF_ASM_001,60,85,40,50,1.002,54.8
2025-05-11,IF_ASM_002,60,80,35,50,1.002,57.49
2025-05-11,IF_DLV_001,100,100,36,50,1.002,74.04
2025-05-12,IF_ORD_001,100,90,51,49,1.002,74.16
2025-05-12,IF_PAY_001,100,100,28,49,1.002,70.89
2025-05-12,IF_PAY_002,25,30,15,49,1.002,32.09
2025-05-12,IF_ORD_002,100,90,27,49,1.002,71.7
2025-05-12,IF_ORD_003,60,80,20,49,1.002,58.17
2025-05-12,IF_MFG_001,60,75,34,49,1.002,51.82
2025-05-12,IF_MFG_002,25,65,15,49,1.002,40.14
2025-05-12,IF_MFG_003,25,35,25,49,1.002,34.34
2025-05-12,IF_MFG_004,5,20,11,49,1.002,23.74
2025-05-12,IF_PRC_001,60,70,35,49,1.002,55.29
2025-05-12,IF_PRC_002,25,55,23,49,1.002,39.66
2025-05-12,IF_PRC_003,5,15,7,49,1.002,16.64
2025-05-12,IF_ASM_001,60,85,16,49,1.002,55.86
2025-05-12,IF_ASM_002,60,80,42,49,1.002,58.25
2025-05-12,IF_DLV_001,100,100,46,49,1.002,75.32
2025-05-13,IF_ORD_001,100,90,40,48,1.002,70.8
2025-05-13,IF_PAY_001,100,100,39,48,1.002,76.24
2025-05-13,IF_PAY_002,25,30,16,48,1.002,28.99
2025-05-13,IF_ORD_002,100,90,38,48,1.002,72.86
2025-05-13,IF_ORD_003,60,80,39,48,1.002,56.13
2025-05-13,IF_MFG_001,60,75,41,48,1.002,54.22
2025-05-13,IF_MFG_002,25,65,23,48,1.002,40.33
2025-05-13,IF_MFG_003,25,35,23,48,1.002,28.01
2025-05-13,IF_MFG_004,5,20,14,48,1.002,16.41
2025-05-13,IF_PRC_001,60,70,15,48,1.002,46.95
2025-05-13,IF_PRC_002,25,55,14,48,1.002,32.85
2025-05-13,IF_PRC_003,5,15,14,48,1.002,20.14
2025-05-13,IF_ASM_001,60,85,14,48,1.002,51.06
2025-05-13,IF_ASM_002,60,80,44,48,1.002,58.42
2025-05-13,IF_DLV_001,100,100,28,48,1.002,77.52
2025-05-14,IF_ORD_001,100,90,127,47,1.002,78.65
2025-05-14,IF_PAY_001,100,100,182,47,1.002,80.71
2025-05-14,IF_PAY_002,25,30,9,47,1.002,26.25
2025-05-14,IF_ORD_002,100,90,29,47,1.002,66.44
2025-05-14,IF_ORD_003,60,80,31,47,1.002,55.78
2025-05-14,IF_MFG_001,60,75,33,47,1.002,56.98
2025-05-14,IF_MFG_002,25,65,14,47,1.002,38.07
2025-05-14,IF_MFG_003,25,35,22,47,1.002,34.7
2025-05-14,IF_MFG_004,5,20,11,47,1.002,21.59
2025-05-14,IF_PRC_001,60,70,39,47,1.002,50.81
2025-05-14,IF_PRC_002,25,55,19,47,1.002,35.12
2025-05-14,IF_PRC_003,5,15,9,47,1.002,11.55
2025-05-14,IF_ASM_001,60,85,26,47,1.002,55.38
2025-05-14,IF_ASM_002,60,80,33,47,1.002,58.65
2025-05-14,IF_DLV_001,100,100,58,47,1.002,73.55
2025-05-15,IF_ORD_001,100,90,37,46,1.003,63.93
2025-05-15,IF_PAY_001,100,100,37,46,1.003,72.01
2025-05-15,IF_PAY_002,25,30,21,46,1.003,35.62
2025-05-15,IF_ORD_002,100,90,46,46,1.003,70.65
2025-05-15,IF_ORD_003,60,80,39,46,1.003,56.55
2025-05-15,IF_MFG_001,60,75,31,46,1.003,51.34
2025-05-15,IF_MFG_002,25,65,14,46,1.003,35.06
2025-05-15,IF_MFG_003,25,35,20,46,1.003,31.54
2025-05-15,IF_MFG_004,5,20,16,46,1.003,19.72
2025-05-15,IF_PRC_001,60,70,34,46,1.003,55.95
2025-05-15,IF_PRC_002,25,55,67,46,1.003,42.8
2025-05-15,IF_PRC_003,5,15,15,46,1.003,18.99
2025-05-15,IF_ASM_001,60,85,23,46,1.003,58.44
2025-05-15,IF_ASM_002,60,80,33,46,1.003,52.3
2025-05-15,IF_DLV_001,100,100,47,46,1.003,76.89
2025-05-16,IF_ORD_001,100,90,169,45,1.003,78.32
2025-05-16,IF_PAY_001,100,100,27,45,1.003,75.06
2025-05-16,IF_PAY_002,25,30,14,45,1.003,28.05
2025-05-16,IF_ORD_002,100,90,34,45,1.003,67.09
2025-05-16,IF_ORD_003,60,80,36,45,1.003,55.92
2025-05-16,IF_MFG_001,60,75,35,45,1.003,53.07
2025-05-16,IF_MFG_002,25,65,23,45,1.003,36.56
2025-05-16,IF_MFG_003,25,35,18,45,1.003,34.4
2025-05-16,IF_MFG_004,5,20,15,45,1.003,21.69
2025-05-16,IF_PRC_001,60,70,43,45,1.003,52.82
2025-05-16,IF_PRC_002,25,55,10,45,1.003,34.37
2025-05-16,IF_PRC_003,5,15,11,45,1.003,20.42
2025-05-16,IF_ASM_001,60,85,36,45,1.003,49.24
2025-05-16,IF_ASM_002,60,80,17,45,1.003,51.72
2025-05-16,IF_DLV_001,100,100,31,45,1.003,77.87
2025-05-17,IF_ORD_001,100,90,52,44,1.004,72.86
2025-05-17,IF_PAY_001,100,100,35,44,1.004,75.41
2025-05-17,IF_PAY_002,25,30,17,44,1.004,24.89
2025-05-17,IF_ORD_002,100,90,33,44,1.004,64.42
2025-05-17,IF_ORD_003,60,80,41,44,1.004,56.64
2025-05-17,IF_MFG_001,60,75,16,44,1.004,55.35
2025-05-17,IF_MFG_002,25,65,15,44,1.004,38.13
2025-05-17,IF_MFG_003,25,35,21,44,1.004,26.26
2025-05-17,IF_MFG_004,5,20,12,44,1.004,12.99
2025-05-17,IF_PRC_001,60,70,36,44,1.004,58.77
2025-05-17,IF_PRC_002,25,55,50,44,1.004,47.31
2025-05-17,IF_PRC_003,5,15,3,44,1.004,10.84
2025-05-17,IF_ASM_001,60,85,30,44,1.004,53.66
2025-05-17,IF_ASM_002,60,80,22,44,1.004,56.45
2025-05-17,IF_DLV_001,100,100,32,44,1.004,71.62
2025-05-18,IF_ORD_001,100,90,32,43,1.004,74.65
2025-05-18,IF_PAY_001,100,100,47,43,1.004,72.33
2025-05-18,IF_PAY_002,25,30,24,43,1.004,29.08
2025-05-18,IF_ORD_002,100,90,43,43,1.004,76.52
2025-05-18,IF_ORD_003,60,80,23,43,1.004,52.79
2025-05-18,IF_MFG_001,60,75,23,43,1.004,53.87
2025-05-18,IF_MFG_002,25,65,24,43,1.004,41.88
2025-05-18,IF_MFG_003,25,35,21,43,1.004,30.63
2025-05-18,IF_MFG_004,5,20,11,43,1.004,16.78
2025-05-18,IF_PRC_001,60,70,31,43,1.004,53.06
2025-05-18,IF_PRC_002,25,55,20,43,1.004,31.64
2025-05-18,IF_PRC_003,5,15,7,43,1.004,13.25
2025-05-18,IF_ASM_001,60,85,37,43,1.004,57.51
2025-05-18,IF_ASM_002,60,80,29,43,1.004,51.15
2025-05-18,IF_DLV_001,100,100,24,43,1.004,73.17
2025-05-19,IF_ORD_001,100,90,54,42,1.005,73.93
2025-05-19,IF_PAY_001,100,100,37,42,1.005,73.95
2025-05-19,IF_PAY_002,25,30,17,42,1.005,30.18
2025-05-19,IF_ORD_002,100,90,64,42,1.005,72.78
2025-05-19,IF_ORD_003,60,80,30,42,1.005,56.52
2025-05-19,IF_MFG_001,60,75,22,42,1.005,50.5
2025-05-19,IF_MFG_002,25,65,8,42,1.005,32.25
2025-05-19,IF_MFG_003,25,35,7,42,1.005,28.94
2025-05-19,IF_MFG_004,5,20,14,42,1.005,21.57
2025-05-19,IF_PRC_001,60,70,23,42,1.005,49.48
2025-05-19,IF_PRC_002,25,55,12,42,1.005,35.6
2025-05-19,IF_PRC_003,5,15,10,42,1.005,18.96
2025-05-19,IF_ASM_001,60,85,44,42,1.005,59.41
2025-05-19,IF_ASM_002,60,80,31,42,1.005,50.74
2025-05-19,IF_DLV_001,100,100,50,42,1.005,74.43
2025-05-20,IF_ORD_001,100,90,27,41,1.006,69.07
2025-05-20,IF_PAY_001,100,100,21,41,1.006,68.89
2025-05-20,IF_PAY_002,25,30,17,41,1.006,26.51
2025-05-20,IF_ORD_002,100,90,50,41,1.006,68.72
2025-05-20,IF_ORD_003,60,80,38,41,1.006,59.09
2025-05-20,IF_MFG_001,60,75,29,41,1.006,51.52
2025-05-20,IF_MFG_002,25,65,13,41,1.006,39.19
2025-05-20,IF_MFG_003,25,35,13,41,1.006,26.78
2025-05-20,IF_MFG_004,5,20,12,41,1.006,21.41
2025-05-20,IF_PRC_001,60,70,26,41,1.006,55.38
2025-05-20,IF_PRC_002,25,55,22,41,1.006,36.25
2025-05-20,IF_PRC_003,5,15,10,41,1.006,20.66
2025-05-20,IF_ASM_001,60,85,17,41,1.006,52.74
2025-05-20,IF_ASM_002,60,80,29,41,1.006,53.98
2025-05-20,IF_DLV_001,100,100,35,41,1.006,71.49
2025-05-21,IF_ORD_001,100,90,42,40,1.007,72.1
2025-05-21,IF_PAY_001,100,100,22,40,1.007,69.42
2025-05-21,IF_PAY_002,25,30,13,40,1.007,29.69
2025-05-21,IF_ORD_002,100,90,52,40,1.007,76.33
2025-05-21,IF_ORD_003,60,80,30,40,1.007,51.95
2025-05-21,IF_MFG_001,60,75,22,40,1.007,56.44
2025-05-21,IF_MFG_002,25,65,23,40,1.007,43.0
2025-05-21,IF_MFG_003,25,35,14,40,1.007,31.97
2025-05-21,IF_MFG_004,5,20,11,40,1.007,21.48
2025-05-21,IF_PRC_001,60,70,21,40,1.007,52.68
2025-05-21,IF_PRC_002,25,55,16,40,1.007,34.88
2025-05-21,IF_PRC_003,5,15,6,40,1.007,20.63
2025-05-21,IF_ASM_001,60,85,41,40,1.007,61.5
2025-05-21,IF_ASM_002,60,80,33,40,1.007,57.04
2025-05-21,IF_DLV_001,100,100,44,40,1.007,72.03
2025-05-22,IF_ORD_001,100,90,31,39,1.008,72.58
2025-05-22,IF_PAY_001,100,100,53,39,1.008,74.56
2025-05-22,IF_PAY_002,25,30,18,39,1.008,27.81
2025-05-22,IF_ORD_002,100,90,56,39,1.008,71.79
2025-05-22,IF_ORD_003,60,80,31,39,1.008,54.79
2025-05-22,IF_MFG_001,60,75,33,39,1.008,55.41
2025-05-22,IF_MFG_002,25,65,10,39,1.008,32.79
2025-05-22,IF_MFG_003,25,35,27,39,1.008,36.62
2025-05-22,IF_MFG_004,5,20,10,39,1.008,21.8
2025-05-22,IF_PRC_001,60,70,22,39,1.008,52.76
2025-05-22,IF_PRC_002,25,55,79,39,1.008,39.23
2025-05-22,IF_PRC_003,5,15,11,39,1.008,16.69
2025-05-22,IF_ASM_001,60,85,23,39,1.008,54.31
2025-05-22,IF_ASM_002,60,80,42,39,1.008,59.77
2025-05-22,IF_DLV_001,100,100,53,39,1.008,78.03
2025-05-23,IF_ORD_001,100,90,45,38,1.009,73.45
2025-05-23,IF_PAY_001,100,100,40,38,1.009,75.17
2025-05-23,IF_PAY_002,25,30,6,38,1.009,23.21
2025-05-23,IF_ORD_002,100,90,40,38,1.009,70.23
2025-05-23,IF_ORD_003,60,80,36,38,1.009,59.63
2025-05-23,IF_MFG_001,60,75,22,38,1.009,50.34
2025-05-23,IF_MFG_002,25,65,20,38,1.009,41.27
2025-05-23,IF_MFG_003,25,35,19,38,1.009,31.23
2025-05-23,IF_MFG_004,5,20,6,38,1.009,15.19
2025-05-23,IF_PRC_001,60,70,48,38,1.009,53.8
2025-05-23,IF_PRC_002,25,55,18,38,1.009,35.68
2025-05-23,IF_PRC_003,5,15,15,38,1.009,18.43
2025-05-23,IF_ASM_001,60,85,13,38,1.009,49.57
2025-05-23,IF_ASM_002,60,80,22,38,1.009,53.72
2025-05-23,IF_DLV_001,100,100,41,38,1.009,79.26
2025-05-24,IF_ORD_001,100,90,26,37,1.01,72.74
2025-05-24,IF_PAY_001,100,100,43,37,1.01,68.64
2025-05-24,IF_PAY_002,25,30,17,37,1.01,31.65
2025-05-24,IF_ORD_002,100,90,174,37,1.01,73.8
2025-05-24,IF_ORD_003,60,80,32,37,1.01,56.49
2025-05-24,IF_MFG_001,60,75,32,37,1.01,53.7
2025-05-24,IF_MFG_002,25,65,13,37,1.01,41.02
2025-05-24,IF_MFG_003,25,35,16,37,1.01,30.71
2025-05-24,IF_MFG_004,5,20,9,37,1.01,14.41
2025-05-24,IF_PRC_001,60,70,15,37,1.01,50.21
2025-05-24,IF_PRC_002,25,55,20,37,1.01,38.41
2025-05-24,IF_PRC_003,5,15,6,37,1.01,12.57
2025-05-24,IF_ASM_001,60,85,27,37,1.01,51.61
2025-05-24,IF_ASM_002,60,80,22,37,1.01,55.45
2025-05-24,IF_DLV_001,100,100,51,37,1.01,73.99
2025-05-25,IF_ORD_001,100,90,49,36,1.012,70.31
2025-05-25,IF_PAY_001,100,100,29,36,1.012,72.15
2025-05-25,IF_PAY_002,25,30,27,36,1.012,29.17
2025-05-25,IF_ORD_002,100,90,28,36,1.012,72.27
2025-05-25,IF_ORD_003,60,80,28,36,1.012,55.08
2025-05-25,IF_MFG_001,60,75,39,36,1.012,56.77
2025-05-25,IF_MFG_002,25,65,17,36,1.012,34.44
2025-05-25,IF_MFG_003,25,35,9,36,1.012,29.02
2025-05-25,IF_MFG_004,5,20,12,36,1.012,19.14
2025-05-25,IF_PRC_001,60,70,44,36,1.012,61.02
2025-05-25,IF_PRC_002,25,55,24,36,1.012,39.45
2025-05-25,IF_PRC_003,5,15,26,36,1.012,23.3
2025-05-25,IF_ASM_001,60,85,30,36,1.012,64.26
2025-05-25,IF_ASM_002,60,80,37,36,1.012,55.98
2025-05-25,IF_DLV_001,100,100,29,36,1.012,71.86
2025-05-26,IF_ORD_001,100,90,46,35,1.013,69.94
2025-05-26,IF_PAY_001,100,100,45,35,1.013,70.15
2025-05-26,IF_PAY_002,25,30,20,35,1.013,32.52
2025-05-26,IF_ORD_002,100,90,51,35,1.013,69.03
2025-05-26,IF_ORD_003,60,80,31,35,1.013,52.39
2025-05-26,IF_MFG_001,60,75,93,35,1.013,62.3
2025-05-26,IF_MFG_002,25,65,27,35,1.013,39.13
2025-05-26,IF_MFG_003,25,35,14,35,1.013,29.74
2025-05-26,IF_MFG_004,5,20,2,35,1.013,9.41
2025-05-26,IF_PRC_001,60,70,19,35,1.013,54.21
2025-05-26,IF_PRC_002,25,55,19,35,1.013,39.59
2025-05-26,IF_PRC_003,5,15,14,35,1.013,15.46
2025-05-26,IF_ASM_001,60,85,29,35,1.013,56.11
2025-05-26,IF_ASM_002,60,80,30,35,1.013,59.07
2025-05-26,IF_DLV_001,100,100,41,35,1.013,68.75
2025-05-27,IF_ORD_001,100,90,38,34,1.016,68.09
2025-05-27,IF_PAY_001,100,100,33,34,1.016,71.73
2025-05-27,IF_PAY_002,25,30,9,34,1.016,26.99
2025-05-27,IF_ORD_002,100,90,44,34,1.016,71.88
2025-05-27,IF_ORD_003,60,80,26,34,1.016,55.31
2025-05-27,IF_MFG_001,60,75,38,34,1.016,59.84
2025-05-27,IF_MFG_002,25,65,17,34,1.016,39.17
2025-05-27,IF_MFG_003,25,35,11,34,1.016,34.31
2025-05-27,IF_MFG_004,5,20,15,34,1.016,21.58
2025-05-27,IF_PRC_001,60,70,34,34,1.016,52.38
2025-05-27,IF_PRC_002,25,55,14,34,1.016,37.87
2025-05-27,IF_PRC_003,5,15,5,34,1.016,13.4
2025-05-27,IF_ASM_001,60,85,50,34,1.016,60.53
2025-05-27,IF_ASM_002,60,80,27,34,1.016,59.74
2025-05-27,IF_DLV_001,100,100,49,34,1.016,72.78
2025-05-28,IF_ORD_001,100,90,32,33,1.018,68.68
2025-05-28,IF_PAY_001,100,100,41,33,1.018,74.71
2025-05-28,IF_PAY_002,25,30,22,33,1.018,32.91
2025-05-28,IF_ORD_002,100,90,29,33,1.018,71.19
2025-05-28,IF_ORD_003,60,80,33,33,1.018,54.74
2025-05-28,IF_MFG_001,60,75,22,33,1.018,54.55
2025-05-28,IF_MFG_002,25,65,14,33,1.018,33.54
2025-05-28,IF_MFG_003,25,35,21,33,1.018,32.65
2025-05-28,IF_MFG_004,5,20,5,33,1.018,18.71
2025-05-28,IF_PRC_001,60,70,50,33,1.018,58.44
2025-05-28,IF_PRC_002,25,55,12,33,1.018,34.99
2025-05-28,IF_PRC_003,5,15,11,33,1.018,24.14
2025-05-28,IF_ASM_001,60,85,32,33,1.018,57.94
2025-05-28,IF_ASM_002,60,80,20,33,1.018,56.54
2025-05-28,IF_DLV_001,100,100,30,33,1.018,72.37
2025-05-29,IF_ORD_001,100,90,52,32,1.021,71.46
2025-05-29,IF_PAY_001,100,100,44,32,1.021,73.9
2025-05-29,IF_PAY_002,25,30,64,32,1.021,38.01
2025-05-29,IF_ORD_002,100,90,36,32,1.021,73.91
2025-05-29,IF_ORD_003,60,80,27,32,1.021,54.97
2025-05-29,IF_MFG_001,60,75,20,32,1.021,47.21
2025-05-29,IF_MFG_002,25,65,18,32,1.021,42.16
2025-05-29,IF_MFG_003,25,35,21,32,1.021,32.14
2025-05-29,IF_MFG_004,5,20,4,32,1.021,17.57
2025-05-29,IF_PRC_001,60,70,34,32,1.021,53.36
2025-05-29,IF_PRC_002,25,55,20,32,1.021,38.74
2025-05-29,IF_PRC_003,5,15,8,32,1.021,10.15
2025-05-29,IF_ASM_001,60,85,25,32,1.021,52.93
2025-05-29,IF_ASM_002,60,80,154,32,1.021,65.0
2025-05-29,IF_DLV_001,100,100,38,32,1.021,75.55
2025-05-30,IF_ORD_001,100,90,43,31,1.024,74.56
2025-05-30,IF_PAY_001,100,100,43,31,1.024,72.38
2025-05-30,IF_PAY_002,25,30,22,31,1.024,33.68
2025-05-30,IF_ORD_002,100,90,26,31,1.024,70.5
2025-05-30,IF_ORD_003,60,80,28,31,1.024,57.15
2025-05-30,IF_MFG_001,60,75,19,31,1.024,54.22
2025-05-30,IF_MFG_002,25,65,18,31,1.024,35.65
2025-05-30,IF_MFG_003,25,35,22,31,1.024,37.87
2025-05-30,IF_MFG_004,5,20,13,31,1.024,17.17
2025-05-30,IF_PRC_001,60,70,23,31,1.024,48.25
2025-05-30,IF_PRC_002,25,55,12,31,1.024,38.42
2025-05-30,IF_PRC_003,5,15,28,31,1.024,22.99
2025-05-30,IF_ASM_001,60,85,36,31,1.024,54.7
2025-05-30,IF_ASM_002,60,80,26,31,1.024,53.57
2025-05-30,IF_DLV_001,100,100,58,31,1.024,72.81
2025-05-31,IF_ORD_001,100,90,61,30,1.028,69.14
2025-05-31,IF_PAY_001,100,100,36,30,1.028,73.18
2025-05-31,IF_PAY_002,25,30,10,30,1.028,31.27
2025-05-31,IF_ORD_002,100,90,54,30,1.028,71.63
2025-05-31,IF_ORD_003,60,80,35,30,1.028,51.62
2025-05-31,IF_MFG_001,60,75,24,30,1.028,54.08
2025-05-31,IF_MFG_002,25,65,18,30,1.028,36.53
2025-05-31,IF_MFG_003,25,35,11,30,1.028,32.18
2025-05-31,IF_MFG_004,5,20,11,30,1.028,18.71
2025-05-31,IF_PRC_001,60,70,25,30,1.028,57.06
2025-05-31,IF_PRC_002,25,55,16,30,1.028,35.54
2025-05-31,IF_PRC_003,5,15,7,30,1.028,17.4
2025-05-31,IF_ASM_001,60,85,34,30,1.028,56.62
2025-05-31,IF_ASM_002,60,80,14,30,1.028,51.79
2025-05-31,IF_DLV_001,100,100,35,30,1.028,68.81
2025-06-01,IF_ORD_001,100,90,45,29,1.032,75.9
2025-06-01,IF_PAY_001,100,100,40,29,1.032,77.33
2025-06-01,IF_PAY_002,25,30,60,29,1.032,31.44
2025-06-01,IF_ORD_002,100,90,55,29,1.032,69.29
2025-06-01,IF_ORD_003,60,80,31,29,1.032,57.67
2025-06-01,IF_MFG_001,60,75,22,29,1.032,53.25
2025-06-01,IF_MFG_002,25,65,15,29,1.032,39.4
2025-06-01,IF_MFG_003,25,35,21,29,1.032,33.92
2025-06-01,IF_MFG_004,5,20,8,29,1.032,16.97
2025-06-01,IF_PRC_001,60,70,26,29,1.032,56.59
2025-06-01,IF_PRC_002,25,55,24,29,1.032,41.22
2025-06-01,IF_PRC_003,5,15,6,29,1.032,14.73
2025-06-01,IF_ASM_001,60,85,44,29,1.032,56.94
2025-06-01,IF_ASM_002,60,80,44,29,1.032,62.5
2025-06-01,IF_DLV_001,100,100,52,29,1.032,73.95
2025-06-02,IF_ORD_001,100,90,48,28,1.037,70.14
2025-06-02,IF_PAY_001,100,100,54,28,1.037,69.19
2025-06-02,IF_PAY_002,25,30,17,28,1.037,32.25
2025-06-02,IF_ORD_002,100,90,31,28,1.037,71.38
2025-06-02,IF_ORD_003,60,80,35,28,1.037,56.12
2025-06-02,IF_MFG_001,60,75,26,28,1.037,52.22
2025-06-02,IF_MFG_002,25,65,20,28,1.037,45.62
2025-06-02,IF_MFG_003,25,35,19,28,1.037,29.14
2025-06-02,IF_MFG_004,5,20,7,28,1.037,16.78
2025-06-02,IF_PRC_001,60,70,38,28,1.037,55.06
2025-06-02,IF_PRC_002,25,55,27,28,1.037,36.34
2025-06-02,IF_PRC_003,5,15,8,28,1.037,14.61
2025-06-02,IF_ASM_001,60,85,20,28,1.037,55.16
2025-06-02,IF_ASM_002,60,80,22,28,1.037,50.92
2025-06-02,IF_DLV_001,100,100,45,28,1.037,76.57
2025-06-03,IF_ORD_001,100,90,41,27,1.042,66.91
2025-06-03,IF_PAY_001,100,100,52,27,1.042,77.83
2025-06-03,IF_PAY_002,25,30,14,27,1.042,27.51
2025-06-03,IF_ORD_002,100,90,48,27,1.042,77.56
2025-06-03,IF_ORD_003,60,80,30,27,1.042,53.39
2025-06-03,IF_MFG_001,60,75,44,27,1.042,55.09
2025-06-03,IF_MFG_002,25,65,22,27,1.042,42.4
2025-06-03,IF_MFG_003,25,35,14,27,1.042,33.58
2025-06-03,IF_MFG_004,5,20,17,27,1.042,14.79
2025-06-03,IF_PRC_001,60,70,21,27,1.042,54.0
2025-06-03,IF_PRC_002,25,55,11,27,1.042,34.78
2025-06-03,IF_PRC_003,5,15,7,27,1.042,13.42
2025-06-03,IF_ASM_001,60,85,30,27,1.042,54.68
2025-06-03,IF_ASM_002,60,80,32,27,1.042,53.36
2025-06-03,IF_DLV_001,100,100,49,27,1.042,73.62
2025-06-04,IF_ORD_001,100,90,43,26,1.049,71.75
2025-06-04,IF_PAY_001,100,100,39,26,1.049,72.46
2025-06-04,IF_PAY_002,25,30,25,26,1.049,37.55
2025-06-04,IF_ORD_002,100,90,39,26,1.049,72.74
2025-06-04,IF_ORD_003,60,80,37,26,1.049,56.24
2025-06-04,IF_MFG_001,60,75,32,26,1.049,61.7
2025-06-04,IF_MFG_002,25,65,20,26,1.049,40.14
2025-06-04,IF_MFG_003,25,35,32,26,1.049,33.1
2025-06-04,IF_MFG_004,5,20,6,26,1.049,17.63
2025-06-04,IF_PRC_001,60,70,114,26,1.049,56.72
2025-06-04,IF_PRC_002,25,55,16,26,1.049,35.74
2025-06-04,IF_PRC_003,5,15,5,26,1.049,16.44
2025-06-04,IF_ASM_001,60,85,34,26,1.049,54.18
2025-06-04,IF_ASM_002,60,80,25,26,1.049,64.71
2025-06-04,IF_DLV_001,100,100,28,26,1.049,72.38
2025-06-05,IF_ORD_001,100,90,31,25,1.056,73.52
2025-06-05,IF_PAY_001,100,100,40,25,1.056,74.31
2025-06-05,IF_PAY_002,25,30,16,25,1.056,27.77
2025-06-05,IF_ORD_002,100,90,54,25,1.056,74.66
2025-06-05,IF_ORD_003,60,80,32,25,1.056,57.67
2025-06-05,IF_MFG_001,60,75,28,25,1.056,57.48
2025-06-05,IF_MFG_002,25,65,15,25,1.056,35.97
2025-06-05,IF_MFG_003,25,35,11,25,1.056,26.14
2025-06-05,IF_MFG_004,5,20,16,25,1.056,16.49
2025-06-05,IF_PRC_001,60,70,40,25,1.056,57.46
2025-06-05,IF_PRC_002,25,55,12,25,1.056,35.55
2025-06-05,IF_PRC_003,5,15,9,25,1.056,14.88
2025-06-05,IF_ASM_001,60,85,32,25,1.056,65.93
2025-06-05,IF_ASM_002,60,80,13,25,1.056,52.0
2025-06-05,IF_DLV_001,100,100,44,25,1.056,74.17
2025-06-06,IF_ORD_001,100,90,36,24,1.065,64.78
2025-06-06,IF_PAY_001,100,100,46,24,1.065,72.59
2025-06-06,IF_PAY_002,25,30,20,24,1.065,28.26
2025-06-06,IF_ORD_002,100,90,49,24,1.065,75.66
2025-06-06,IF_ORD_003,60,80,39,24,1.065,57.64
2025-06-06,IF_MFG_001,60,75,29,24,1.065,48.02
2025-06-06,IF_MFG_002,25,65,19,24,1.065,42.16
2025-06-06,IF_MFG_003,25,35,12,24,1.065,33.01
2025-06-06,IF_MFG_004,5,20,8,24,1.065,10.22
2025-06-06,IF_PRC_001,60,70,32,24,1.065,50.61
2025-06-06,IF_PRC_002,25,55,21,24,1.065,40.21
2025-06-06,IF_PRC_003,5,15,14,24,1.065,19.67
2025-06-06,IF_ASM_001,60,85,34,24,1.065,62.59
2025-06-06,IF_ASM_002,60,80,30,24,1.065,55.6
2025-06-06,IF_DLV_001,100,100,46,24,1.065,74.51
2025-06-07,IF_ORD_001,100,90,27,23,1.075,68.81
2025-06-07,IF_PAY_001,100,100,57,23,1.075,80.16
2025-06-07,IF_PAY_002,25,30,10,23,1.075,21.98
2025-06-07,IF_ORD_002,100,90,37,23,1.075,72.78
2025-06-07,IF_ORD_003,60,80,26,23,1.075,56.47
2025-06-07,IF_MFG_001,60,75,42,23,1.075,55.02
2025-06-07,IF_MFG_002,25,65,12,23,1.075,32.74
2025-06-07,IF_MFG_003,25,35,13,23,1.075,26.99
2025-06-07,IF_MFG_004,5,20,8,23,1.075,19.42
2025-06-07,IF_PRC_001,60,70,41,23,1.075,58.79
2025-06-07,IF_PRC_002,25,55,8,23,1.075,28.51
2025-06-07,IF_PRC_003,5,15,14,23,1.075,21.32
2025-06-07,IF_ASM_001,60,85,25,23,1.075,51.35
2025-06-07,IF_ASM_002,60,80,19,23,1.075,52.85
2025-06-07,IF_DLV_001,100,100,47,23,1.075,73.76
2025-06-08,IF_ORD_001,100,90,66,22,1.086,72.87
2025-06-08,IF_PAY_001,100,100,41,22,1.086,75.07
2025-06-08,IF_PAY_002,25,30,16,22,1.086,34.5
2025-06-08,IF_ORD_002,100,90,33,22,1.086,67.51
2025-06-08,IF_ORD_003,60,80,163,22,1.086,59.36
2025-06-08,IF_MFG_001,60,75,22,22,1.086,58.35
2025-06-08,IF_MFG_002,25,65,16,22,1.086,40.27
2025-06-08,IF_MFG_003,25,35,18,22,1.086,30.15
2025-06-08,IF_MFG_004,5,20,9,22,1.086,18.97
2025-06-08,IF_PRC_001,60,70,30,22,1.086,53.42
2025-06-08,IF_PRC_002,25,55,15,22,1.086,37.76
2025-06-08,IF_PRC_003,5,15,8,22,1.086,18.46
2025-06-08,IF_ASM_001,60,85,31,22,1.086,56.19
2025-06-08,IF_ASM_002,60,80,17,22,1.086,56.48
2025-06-08,IF_DLV_001,100,100,40,22,1.086,74.13
2025-06-09,IF_ORD_001,100,90,38,21,1.1,74.87
2025-06-09,IF_PAY_001,100,100,26,21,1.1,72.32
2025-06-09,IF_PAY_002,25,30,17,21,1.1,28.99
2025-06-09,IF_ORD_002,100,90,57,21,1.1,75.48
2025-06-09,IF_ORD_003,60,80,22,21,1.1,54.88
2025-06-09,IF_MFG_001,60,75,24,21,1.1,54.32
2025-06-09,IF_MFG_002,25,65,23,21,1.1,49.54
2025-06-09,IF_MFG_003,25,35,11,21,1.1,33.35
2025-06-09,IF_MFG_004,5,20,45,21,1.1,26.46
2025-06-09,IF_PRC_001,60,70,18,21,1.1,51.03
2025-06-09,IF_PRC_002,25,55,20,21,1.1,37.56
2025-06-09,IF_PRC_003,5,15,6,21,1.1,18.69
2025-06-09,IF_ASM_001,60,85,26,21,1.1,59.75
2025-06-09,IF_ASM_002,60,80,31,21,1.1,57.34
2025-06-09,IF_DLV_001,100,100,46,21,1.1,73.57
2025-06-10,IF_ORD_001,100,90,67,20,1.115,73.16
2025-06-10,IF_PAY_001,100,100,47,20,1.115,75.68
2025-06-10,IF_PAY_002,25,30,20,20,1.115,34.03
2025-06-10,IF_ORD_002,100,90,55,20,1.115,72.9
2025-06-10,IF_ORD_003,60,80,20,20,1.115,51.77
2025-06-10,IF_MFG_001,60,75,37,20,1.115,50.67
2025-06-10,IF_MFG_002,25,65,21,20,1.115,39.51
2025-06-10,IF_MFG_003,25,35,16,20,1.115,32.92
2025-06-10,IF_MFG_004,5,20,8,20,1.115,13.93
2025-06-10,IF_PRC_001,60,70,22,20,1.115,51.68
2025-06-10,IF_PRC_002,25,55,10,20,1.115,37.98
2025-06-10,IF_PRC_003,5,15,4,20,1.115,13.12
2025-06-10,IF_ASM_001,60,85,39,20,1.115,59.23
2025-06-10,IF_ASM_002,60,80,104,20,1.115,65.52
2025-06-10,IF_DLV_001,100,100,54,20,1.115,77.06
2025-06-11,IF_ORD_001,100,90,106,19,1.133,79.59
2025-06-11,IF_PAY_001,100,100,54,19,1.133,74.67
2025-06-11,IF_PAY_002,25,30,22,19,1.133,33.15
2025-06-11,IF_ORD_002,100,90,141,19,1.133,78.0
2025-06-11,IF_ORD_003,60,80,42,19,1.133,53.07
2025-06-11,IF_MFG_001,60,75,24,19,1.133,51.7
2025-06-11,IF_MFG_002,25,65,20,19,1.133,37.24
2025-06-11,IF_MFG_003,25,35,18,19,1.133,34.7
2025-06-11,IF_MFG_004,5,20,5,19,1.133,17.39
2025-06-11,IF_PRC_001,60,70,31,19,1.133,54.03
2025-06-11,IF_PRC_002,25,55,15,19,1.133,42.47
2025-06-11,IF_PRC_003,5,15,5,19,1.133,16.45
2025-06-11,IF_ASM_001,60,85,46,19,1.133,61.92
2025-06-11,IF_ASM_002,60,80,36,19,1.133,57.94
2025-06-11,IF_DLV_001,100,100,59,19,1.133,79.34
2025-06-12,IF_ORD_001,100,90,60,18,1.153,74.63
2025-06-12,IF_PAY_001,100,100,35,18,1.153,78.98
2025-06-12,IF_PAY_002,25,30,22,18,1.153,31.56
2025-06-12,IF_ORD_002,100,90,39,18,1.153,72.65
2025-06-12,IF_ORD_003,60,80,47,18,1.153,58.13
2025-06-12,IF_MFG_001,60,75,25,18,1.153,60.55
2025-06-12,IF_MFG_002,25,65,13,18,1.153,41.3
2025-06-12,IF_MFG_003,25,35,11,18,1.153,26.27
2025-06-12,IF_MFG_004,5,20,7,18,1.153,23.45
2025-06-12,IF_PRC_001,60,70,24,18,1.153,51.88
2025-06-12,IF_PRC_002,25,55,17,18,1.153,38.77
2025-06-12,IF_PRC_003,5,15,11,18,1.153,19.68
2025-06-12,IF_ASM_001,60,85,30,18,1.153,52.02
2025-06-12,IF_ASM_002,60,80,19,18,1.153,53.76
2025-06-12,IF_DLV_001,100,100,49,18,1.153,80.3
2025-06-13,IF_ORD_001,100,90,32,17,1.176,77.81
2025-06-13,IF_PAY_001,100,100,51,17,1.176,73.22
2025-06-13,IF_PAY_002,25,30,20,17,1.176,29.25
2025-06-13,IF_ORD_002,100,90,41,17,1.176,73.34
2025-06-13,IF_ORD_003,60,80,25,17,1.176,55.1
2025-06-13,IF_MFG_001,60,75,13,17,1.176,55.79
2025-06-13,IF_MFG_002,25,65,29,17,1.176,43.29
2025-06-13,IF_MFG_003,25,35,19,17,1.176,33.48
2025-06-13,IF_MFG_004,5,20,5,17,1.176,21.93
2025-06-13,IF_PRC_001,60,70,24,17,1.176,54.85
2025-06-13,IF_PRC_002,25,55,17,17,1.176,40.75
2025-06-13,IF_PRC_003,5,15,6,17,1.176,17.86
2025-06-13,IF_ASM_001,60,85,28,17,1.176,62.71
2025-06-13,IF_ASM_002,60,80,23,17,1.176,53.0
2025-06-13,IF_DLV_001,100,100,33,17,1.176,72.69
2025-06-14,IF_ORD_001,100,90,41,16,1.203,71.2
2025-06-14,IF_PAY_001,100,100,36,16,1.203,81.67
2025-06-14,IF_PAY_002,25,30,12,16,1.203,26.72
2025-06-14,IF_ORD_002,100,90,41,16,1.203,71.29
2025-06-14,IF_ORD_003,60,80,44,16,1.203,60.4
2025-06-14,IF_MFG_001,60,75,29,16,1.203,56.5
2025-06-14,IF_MFG_002,25,65,11,16,1.203,34.94
2025-06-14,IF_MFG_003,25,35,19,16,1.203,27.39
2025-06-14,IF_MFG_004,5,20,10,16,1.203,21.62
2025-06-14,IF_PRC_001,60,70,31,16,1.203,53.07
2025-06-14,IF_PRC_002,25,55,15,16,1.203,41.35
2025-06-14,IF_PRC_003,5,15,10,16,1.203,19.63
2025-06-14,IF_ASM_001,60,85,19,16,1.203,60.22
2025-06-14,IF_ASM_002,60,80,38,16,1.203,58.76
2025-06-14,IF_DLV_001,100,100,59,16,1.203,75.66
2025-06-15,IF_ORD_001,100,90,57,15,1.235,75.39
2025-06-15,IF_PAY_001,100,100,31,15,1.235,75.68
2025-06-15,IF_PAY_002,25,30,26,15,1.235,32.53
2025-06-15,IF_ORD_002,100,90,51,15,1.235,77.8
2025-06-15,IF_ORD_003,60,80,49,15,1.235,58.52
2025-06-15,IF_MFG_001,60,75,20,15,1.235,56.14
2025-06-15,IF_MFG_002,25,65,13,15,1.235,34.18
2025-06-15,IF_MFG_003,25,35,11,15,1.235,36.76
2025-06-15,IF_MFG_004,5,20,10,15,1.235,25.05
2025-06-15,IF_PRC_001,60,70,96,15,1.235,64.54
2025-06-15,IF_PRC_002,25,55,15,15,1.235,40.68
2025-06-15,IF_PRC_003,5,15,5,15,1.235,9.72
2025-06-15,IF_ASM_001,60,85,37,15,1.235,53.61
2025-06-15,IF_ASM_002,60,80,34,15,1.235,59.84
2025-06-15,IF_DLV_001,100,100,40,15,1.235,76.11
2025-06-16,IF_ORD_001,100,90,65,14,1.271,75.64
2025-06-16,IF_PAY_001,100,100,55,14,1.271,77.83
2025-06-16,IF_PAY_002,25,30,25,14,1.271,35.49
2025-06-16,IF_ORD_002,100,90,40,14,1.271,73.45
2025-06-16,IF_ORD_003,60,80,24,14,1.271,61.86
2025-06-16,IF_MFG_001,60,75,19,14,1.271,55.56
2025-06-16,IF_MFG_002,25,65,32,14,1.271,45.13
2025-06-16,IF_MFG_003,25,35,13,14,1.271,33.12
2025-06-16,IF_MFG_004,5,20,10,14,1.271,23.25
2025-06-16,IF_PRC_001,60,70,21,14,1.271,53.66
2025-06-16,IF_PRC_002,25,55,15,14,1.271,32.16
2025-06-16,IF_PRC_003,5,15,2,14,1.271,14.36
2025-06-16,IF_ASM_001,60,85,36,14,1.271,61.26
2025-06-16,IF_ASM_002,60,80,27,14,1.271,56.72
2025-06-16,IF_DLV_001,100,100,30,14,1.271,75.41
2025-06-17,IF_ORD_001,100,90,16,13,1.312,66.36
2025-06-17,IF_PAY_001,100,100,182,13,1.312,83.99
2025-06-17,IF_PAY_002,25,30,26,13,1.312,28.82
2025-06-17,IF_ORD_002,100,90,69,13,1.312,81.08
2025-06-17,IF_ORD_003,60,80,38,13,1.312,66.57
2025-06-17,IF_MFG_001,60,75,28,13,1.312,58.54
2025-06-17,IF_MFG_002,25,65,20,13,1.312,46.32
2025-06-17,IF_MFG_003,25,35,22,13,1.312,32.36
2025-06-17,IF_MFG_004,5,20,10,13,1.312,17.71
2025-06-17,IF_PRC_001,60,70,25,13,1.312,54.37
2025-06-17,IF_PRC_002,25,55,18,13,1.312,35.66
2025-06-17,IF_PRC_003,5,15,9,13,1.312,18.42
2025-06-17,IF_ASM_001,60,85,22,13,1.312,57.65
2025-06-17,IF_ASM_002,60,80,15,13,1.312,57.33
2025-06-17,IF_DLV_001,100,100,45,13,1.312,77.14
2025-06-18,IF_ORD_001,100,90,35,12,1.36,74.91
2025-06-18,IF_PAY_001,100,100,26,12,1.36,73.75
2025-06-18,IF_PAY_002,25,30,20,12,1.36,31.48
2025-06-18,IF_ORD_002,100,90,60,12,1.36,81.94
2025-06-18,IF_ORD_003,60,80,31,12,1.36,58.81
2025-06-18,IF_MFG_001,60,75,40,12,1.36,55.48
2025-06-18,IF_MFG_002,25,65,12,12,1.36,40.45
2025-06-18,IF_MFG_003,25,35,27,12,1.36,35.91
2025-06-18,IF_MFG_004,5,20,12,12,1.36,20.94
2025-06-18,IF_PRC_001,60,70,50,12,1.36,56.24
2025-06-18,IF_PRC_002,25,55,17,12,1.36,41.67
2025-06-18,IF_PRC_003,5,15,4,12,1.36,13.44
2025-06-18,IF_ASM_001,60,85,22,12,1.36,60.54
2025-06-18,IF_ASM_002,60,80,40,12,1.36,59.0
2025-06-18,IF_DLV_001,100,100,39,12,1.36,71.24
2025-06-19,IF_ORD_001,100,90,48,11,1.415,76.59
2025-06-19,IF_PAY_001,100,100,52,11,1.415,75.92
2025-06-19,IF_PAY_002,25,30,75,11,1.415,41.57
2025-06-19,IF_ORD_002,100,90,57,11,1.415,74.94
2025-06-19,IF_ORD_003,60,80,36,11,1.415,59.15
2025-06-19,IF_MFG_001,60,75,33,11,1.415,58.15
2025-06-19,IF_MFG_002,25,65,16,11,1.415,44.73
2025-06-19,IF_MFG_003,25,35,21,11,1.415,30.6
2025-06-19,IF_MFG_004,5,20,9,11,1.415,21.47
2025-06-19,IF_PRC_001,60,70,47,11,1.415,57.75
2025-06-19,IF_PRC_002,25,55,18,11,1.415,43.44
2025-06-19,IF_PRC_003,5,15,8,11,1.415,25.84
2025-06-19,IF_ASM_001,60,85,24,11,1.415,62.99
2025-06-19,IF_ASM_002,60,80,41,11,1.415,61.0
2025-06-19,IF_DLV_001,100,100,26,11,1.415,74.56
2025-06-20,IF_ORD_001,100,90,72,10,1.479,78.52
2025-06-20,IF_PAY_001,100,100,34,10,1.479,79.63
2025-06-20,IF_PAY_002,25,30,33,10,1.479,38.81
2025-06-20,IF_ORD_002,100,90,51,10,1.479,79.52
2025-06-20,IF_ORD_003,60,80,22,10,1.479,55.84
2025-06-20,IF_MFG_001,60,75,27,10,1.479,56.73
2025-06-20,IF_MFG_002,25,65,22,10,1.479,43.76
2025-06-20,IF_MFG_003,25,35,16,10,1.479,36.24
2025-06-20,IF_MFG_004,5,20,10,10,1.479,15.86
2025-06-20,IF_PRC_001,60,70,46,10,1.479,59.92
2025-06-20,IF_PRC_002,25,55,25,10,1.479,42.84
2025-06-20,IF_PRC_003,5,15,8,10,1.479,17.78
2025-06-20,IF_ASM_001,60,85,34,10,1.479,58.66
2025-06-20,IF_ASM_002,60,80,38,10,1.479,59.76
2025-06-20,IF_DLV_001,100,100,55,10,1.479,74.99
2025-06-21,IF_ORD_001,100,90,62,9,1.553,76.65
2025-06-21,IF_PAY_001,100,100,54,9,1.553,78.7
2025-06-21,IF_PAY_002,25,30,23,9,1.553,36.44
2025-06-21,IF_ORD_002,100,90,35,9,1.553,72.43
2025-06-21,IF_ORD_003,60,80,34,9,1.553,59.98
2025-06-21,IF_MFG_001,60,75,34,9,1.553,58.02
2025-06-21,IF_MFG_002,25,65,20,9,1.553,45.02
2025-06-21,IF_MFG_003,25,35,23,9,1.553,30.51
2025-06-21,IF_MFG_004,5,20,13,9,1.553,30.91
2025-06-21,IF_PRC_001,60,70,34,9,1.553,63.2
2025-06-21,IF_PRC_002,25,55,18,9,1.553,42.14
2025-06-21,IF_PRC_003,5,15,7,9,1.553,20.06
2025-06-21,IF_ASM_001,60,85,44,9,1.553,70.96
2025-06-21,IF_ASM_002,60,80,35,9,1.553,62.14
2025-06-21,IF_DLV_001,100,100,34,9,1.553,79.66
2025-06-22,IF_ORD_001,100,90,46,8,1.638,83.88
2025-06-22,IF_PAY_001,100,100,51,8,1.638,82.49
2025-06-22,IF_PAY_002,25,30,17,8,1.638,39.77
2025-06-22,IF_ORD_002,100,90,54,8,1.638,81.02
2025-06-22,IF_ORD_003,60,80,50,8,1.638,65.35
2025-06-22,IF_MFG_001,60,75,38,8,1.638,57.86
2025-06-22,IF_MFG_002,25,65,24,8,1.638,51.89
2025-06-22,IF_MFG_003,25,35,12,8,1.638,31.84
2025-06-22,IF_MFG_004,5,20,13,8,1.638,28.57
2025-06-22,IF_PRC_001,60,70,27,8,1.638,58.24
2025-06-22,IF_PRC_002,25,55,19,8,1.638,42.71
2025-06-22,IF_PRC_003,5,15,35,8,1.638,30.92
2025-06-22,IF_ASM_001,60,85,20,8,1.638,61.1
2025-06-22,IF_ASM_002,60,80,21,8,1.638,61.97
2025-06-22,IF_DLV_001,100,100,59,8,1.638,88.45
2025-06-23,IF_ORD_001,100,90,39,7,1.736,77.35
2025-06-23,IF_PAY_001,100,100,22,7,1.736,77.19
2025-06-23,IF_PAY_002,25,30,12,7,1.736,35.3
2025-06-23,IF_ORD_002,100,90,147,7,1.736,86.65
2025-06-23,IF_ORD_003,60,80,26,7,1.736,59.76
2025-06-23,IF_MFG_001,60,75,42,7,1.736,60.44
2025-06-23,IF_MFG_002,25,65,24,7,1.736,46.25
2025-06-23,IF_MFG_003,25,35,15,7,1.736,33.39
2025-06-23,IF_MFG_004,5,20,10,7,1.736,27.67
2025-06-23,IF_PRC_001,60,70,46,7,1.736,60.84
2025-06-23,IF_PRC_002,25,55,22,7,1.736,43.16
2025-06-23,IF_PRC_003,5,15,7,7,1.736,21.65
2025-06-23,IF_ASM_001,60,85,30,7,1.736,63.97
2025-06-23,IF_ASM_002,60,80,33,7,1.736,60.15
2025-06-23,IF_DLV_001,100,100,29,7,1.736,75.48
2025-06-24,IF_ORD_001,100,90,58,6,1.849,86.82
2025-06-24,IF_PAY_001,100,100,34,6,1.849,83.02
2025-06-24,IF_PAY_002,25,30,17,6,1.849,34.47
2025-06-24,IF_ORD_002,100,90,75,6,1.849,83.96
2025-06-24,IF_ORD_003,60,80,120,6,1.849,66.39
2025-06-24,IF_MFG_001,60,75,24,6,1.849,59.93
2025-06-24,IF_MFG_002,25,65,44,6,1.849,50.02
2025-06-24,IF_MFG_003,25,35,11,6,1.849,35.82
2025-06-24,IF_MFG_004,5,20,15,6,1.849,30.65
2025-06-24,IF_PRC_001,60,70,22,6,1.849,61.06
2025-06-24,IF_PRC_002,25,55,27,6,1.849,52.61
2025-06-24,IF_PRC_003,5,15,18,6,1.849,31.2
2025-06-24,IF_ASM_001,60,85,26,6,1.849,60.45
2025-06-24,IF_ASM_002,60,80,39,6,1.849,65.36
2025-06-24,IF_DLV_001,100,100,29,6,1.849,80.01
2025-06-25,IF_ORD_001,100,90,52,5,1.979,82.68
2025-06-25,IF_PAY_001,100,100,43,5,1.979,80.95
2025-06-25,IF_PAY_002,25,30,28,5,1.979,43.21
2025-06-25,IF_ORD_002,100,90,46,5,1.979,81.03
2025-06-25,IF_ORD_003,60,80,47,5,1.979,64.42
2025-06-25,IF_MFG_001,60,75,39,5,1.979,62.87
2025-06-25,IF_MFG_002,25,65,23,5,1.979,53.09
2025-06-25,IF_MFG_003,25,35,21,5,1.979,41.79
2025-06-25,IF_MFG_004,5,20,10,5,1.979,31.61
2025-06-25,IF_PRC_001,60,70,40,5,1.979,61.59
2025-06-25,IF_PRC_002,25,55,23,5,1.979,44.97
2025-06-25,IF_PRC_003,5,15,8,5,1.979,25.78
2025-06-25,IF_ASM_001,60,85,34,5,1.979,64.31
2025-06-25,IF_ASM_002,60,80,24,5,1.979,64.53
2025-06-25,IF_DLV_001,100,100,62,5,1.979,84.38
2025-06-26,IF_ORD_001,100,90,40,4,2.129,81.59
2025-06-26,IF_PAY_001,100,100,72,4,2.129,87.74
2025-06-26,IF_PAY_002,25,30,18,4,2.129,39.93
2025-06-26,IF_ORD_002,100,90,63,4,2.129,85.96
2025-06-26,IF_ORD_003,60,80,27,4,2.129,69.01
2025-06-26,IF_MFG_001,60,75,43,4,2.129,62.05
2025-06-26,IF_MFG_002,25,65,49,4,2.129,50.1
2025-06-26,IF_MFG_003,25,35,28,4,2.129,47.53
2025-06-26,IF_MFG_004,5,20,45,4,2.129,31.33
2025-06-26,IF_PRC_001,60,70,26,4,2.129,62.12
2025-06-26,IF_PRC_002,25,55,20,4,2.129,44.46
2025-06-26,IF_PRC_003,5,15,21,4,2.129,32.87
2025-06-26,IF_ASM_001,60,85,38,4,2.129,67.56
2025-06-26,IF_ASM_002,60,80,31,4,2.129,63.02
2025-06-26,IF_DLV_001,100,100,33,4,2.129,79.63
2025-06-27,IF_ORD_001,100,90,57,3,2.303,89.64
2025-06-27,IF_PAY_001,100,100,70,3,2.303,91.63
2025-06-27,IF_PAY_002,25,30,23,3,2.303,45.04
2025-06-27,IF_ORD_002,100,90,53,3,2.303,88.21
2025-06-27,IF_ORD_003,60,80,37,3,2.303,71.58
2025-06-27,IF_MFG_001,60,75,60,3,2.303,68.41
2025-06-27,IF_MFG_002,25,65,32,3,2.303,46.12
2025-06-27,IF_MFG_003,25,35,27,3,2.303,46.61
2025-06-27,IF_MFG_004,5,20,18,3,2.303,39.74
2025-06-27,IF_PRC_001,60,70,48,3,2.303,70.62
2025-06-27,IF_PRC_002,25,55,18,3,2.303,49.72
2025-06-27,IF_PRC_003,5,15,8,3,2.303,28.69
2025-06-27,IF_ASM_001,60,85,51,3,2.303,74.76
2025-06-27,IF_ASM_002,60,80,33,3,2.303,72.51
2025-06-27,IF_DLV_001,100,100,51,3,2.303,93.2
2025-06-28,IF_ORD_001,100,90,79,2,2.503,87.23
2025-06-28,IF_PAY_001,100,100,69,2,2.503,89.75
2025-06-28,IF_PAY_002,25,30,20,2,2.503,47.13
2025-06-28,IF_ORD_002,100,90,92,2,2.503,90.22
2025-06-28,IF_ORD_003,60,80,22,2,2.503,66.72
2025-06-28,IF_MFG_001,60,75,46,2,2.503,71.65
2025-06-28,IF_MFG_002,25,65,29,2,2.503,47.8
2025-06-28,IF_MFG_003,25,35,17,2,2.503,45.53
2025-06-28,IF_MFG_004,5,20,14,2,2.503,33.82
2025-06-28,IF_PRC_001,60,70,49,2,2.503,64.0
2025-06-28,IF_PRC_002,25,55,21,2,2.503,55.58
2025-06-28,IF_PRC_003,5,15,13,2,2.503,31.78
2025-06-28,IF_ASM_001,60,85,31,2,2.503,70.81
2025-06-28,IF_ASM_002,60,80,234,2,2.503,81.59
2025-06-28,IF_DLV_001,100,100,72,2,2.503,91.53
2025-06-29,IF_ORD_001,100,90,63,1,2.734,93.13
2025-06-29,IF_PAY_001,100,100,77,1,2.734,96.76
2025-06-29,IF_PAY_002,25,30,22,1,2.734,49.37
2025-06-29,IF_ORD_002,100,90,65,1,2.734,86.18
2025-06-29,IF_ORD_003,60,80,28,1,2.734,69.68
2025-06-29,IF_MFG_001,60,75,45,1,2.734,74.4
2025-06-29,IF_MFG_002,25,65,12,1,2.734,56.7
2025-06-29,IF_MFG_003,25,35,26,1,2.734,49.65
2025-06-29,IF_MFG_004,5,20,16,1,2.734,43.59
2025-06-29,IF_PRC_001,60,70,61,1,2.734,71.53
2025-06-29,IF_PRC_002,25,55,62,1,2.734,59.29
2025-06-29,IF_PRC_003,5,15,15,1,2.734,35.05
2025-06-29,IF_ASM_001,60,85,45,1,2.734,75.11
2025-06-29,IF_ASM_002,60,80,65,1,2.734,70.86
2025-06-29,IF_DLV_001,100,100,36,1,2.734,92.2
2025-06-30,IF_ORD_001,100,90,70,0,3.0,94.36
2025-06-30,IF_PAY_001,100,100,83,0,3.0,94.76
2025-06-30,IF_PAY_002,25,30,30,0,3.0,55.97
2025-06-30,IF_ORD_002,100,90,52,0,3.0,90.09
2025-06-30,IF_ORD_003,60,80,38,0,3.0,80.83
2025-06-30,IF_MFG_001,60,75,57,0,3.0,78.08
2025-06-30,IF_MFG_002,25,65,27,0,3.0,59.52
2025-06-30,IF_MFG_003,25,35,19,0,3.0,51.88
2025-06-30,IF_MFG_004,5,20,14,0,3.0,41.7
2025-06-30,IF_PRC_001,60,70,45,0,3.0,75.16
2025-06-30,IF_PRC_002,25,55,23,0,3.0,53.63
2025-06-30,IF_PRC_003,5,15,11,0,3.0,37.41
2025-06-30,IF_ASM_001,60,85,67,0,3.0,79.16
2025-06-30,IF_ASM_002,60,80,25,0,3.0,74.81
2025-06-30,IF_DLV_001,100,100,64,0,3.0,98.73
2025-07-01,IF_ORD_001,100,90,46,91,1.0,73.7
2025-07-01,IF_PAY_001,100,100,22,91,1.0,71.51
2025-07-01,IF_PAY_002,25,30,13,91,1.0,31.11
2025-07-01,IF_ORD_002,100,90,40,91,1.0,67.61
2025-07-01,IF_ORD_003,60,80,23,91,1.0,51.79
2025-07-01,IF_MFG_001,60,75,21,91,1.0,53.1
2025-07-01,IF_MFG_002,25,65,15,91,1.0,39.63
2025-07-01,IF_MFG_003,25,35,12,91,1.0,32.64
2025-07-01,IF_MFG_004,5,20,7,91,1.0,17.89
2025-07-01,IF_PRC_001,60,70,31,91,1.0,54.83
2025-07-01,IF_PRC_002,25,55,25,91,1.0,39.06
2025-07-01,IF_PRC_003,5,15,6,91,1.0,15.2
2025-07-01,IF_ASM_001,60,85,27,91,1.0,53.87
2025-07-01,IF_ASM_002,60,80,27,91,1.0,52.58
2025-07-01,IF_DLV_001,100,100,38,91,1.0,73.22
2025-07-02,IF_ORD_001,100,90,55,90,1.0,73.13
2025-07-02,IF_PAY_001,100,100,132,90,1.0,80.8
2025-07-02,IF_PAY_002,25,30,26,90,1.0,32.74
2025-07-02,IF_ORD_002,100,90,30,90,1.0,70.77
2025-07-02,IF_ORD_003,60,80,28,90,1.0,57.7
2025-07-02,IF_MFG_001,60,75,42,90,1.0,54.05
2025-07-02,IF_MFG_002,25,65,26,90,1.0,46.35
2025-07-02,IF_MFG_003,25,35,12,90,1.0,27.63
2025-07-02,IF_MFG_004,5,20,11,90,1.0,22.99
2025-07-02,IF_PRC_001,60,70,24,90,1.0,55.52
2025-07-02,IF_PRC_002,25,55,18,90,1.0,38.2
2025-07-02,IF_PRC_003,5,15,19,90,1.0,19.97
2025-07-02,IF_ASM_001,60,85,35,90,1.0,55.1
2025-07-02,IF_ASM_002,60,80,22,90,1.0,53.99
2025-07-02,IF_DLV_001,100,100,48,90,1.0,73.95
2025-07-03,IF_ORD_001,100,90,29,89,1.0,68.71
2025-07-03,IF_PAY_001,100,100,37,89,1.0,71.22
2025-07-03,IF_PAY_002,25,30,26,89,1.0,31.11
2025-07-03,IF_ORD_002,100,90,54,89,1.0,73.94
2025-07-03,IF_ORD_003,60,80,24,89,1.0,55.61
2025-07-03,IF_MFG_001,60,75,36,89,1.0,56.49
2025-07-03,IF_MFG_002,25,65,18,89,1.0,36.2
2025-07-03,IF_MFG_003,25,35,22,89,1.0,31.84
2025-07-03,IF_MFG_004,5,20,13,89,1.0,23.72
2025-07-03,IF_PRC_001,60,70,24,89,1.0,54.71
2025-07-03,IF_PRC_002,25,55,13,89,1.0,29.37
2025-07-03,IF_PRC_003,5,15,9,89,1.0,14.88
2025-07-03,IF_ASM_001,60,85,37,89,1.0,63.29
2025-07-03,IF_ASM_002,60,80,30,89,1.0,57.16
2025-07-03,IF_DLV_001,100,100,33,89,1.0,68.13
2025-07-04,IF_ORD_001,100,90,52,88,1.0,72.52
2025-07-04,IF_PAY_001,100,100,35,88,1.0,72.43
2025-07-04,IF_PAY_002,25,30,13,88,1.0,25.22
2025-07-04,IF_ORD_002,100,90,52,88,1.0,73.96
2025-07-04,IF_ORD_003,60,80,36,88,1.0,56.98
2025-07-04,IF_MFG_001,60,75,18,88,1.0,53.9
2025-07-04,IF_MFG_002,25,65,14,88,1.0,38.79
2025-07-04,IF_MFG_003,25,35,28,88,1.0,36.86
2025-07-04,IF_MFG_004,5,20,17,88,1.0,17.07
2025-07-04,IF_PRC_001,60,70,42,88,1.0,53.08
2025-07-04,IF_PRC_002,25,55,18,88,1.0,40.83
2025-07-04,IF_PRC_003,5,15,13,88,1.0,15.91
2025-07-04,IF_ASM_001,60,85,42,88,1.0,53.63
2025-07-04,IF_ASM_002,60,80,23,88,1.0,52.36
2025-07-04,IF_DLV_001,100,100,48,88,1.0,70.79
2025-07-05,IF_ORD_001,100,90,47,87,1.0,74.05
2025-07-05,IF_PAY_001,100,100,34,87,1.0,75.28
2025-07-05,IF_PAY_002,25,30,13,87,1.0,25.11
2025-07-05,IF_ORD_002,100,90,31,87,1.0,64.89
2025-07-05,IF_ORD_003,60,80,52,87,1.0,55.14
2025-07-05,IF_MFG_001,60,75,35,87,1.0,54.82
2025-07-05,IF_MFG_002,25,65,17,87,1.0,34.5
2025-07-05,IF_MFG_003,25,35,12,87,1.0,28.73
2025-07-05,IF_MFG_004,5,20,11,87,1.0,25.97
2025-07-05,IF_PRC_001,60,70,19,87,1.0,50.27
2025-07-05,IF_PRC_002,25,55,32,87,1.0,37.63
2025-07-05,IF_PRC_003,5,15,10,87,1.0,15.08
2025-07-05,IF_ASM_001,60,85,28,87,1.0,50.45
2025-07-05,IF_ASM_002,60,80,21,87,1.0,52.21
2025-07-05,IF_DLV_001,100,100,25,87,1.0,71.09
2025-07-06,IF_ORD_001,100,90,36,86,1.0,78.1
2025-07-06,IF_PAY_001,100,100,33,86,1.0,72.7
2025-07-06,IF_PAY_002,25,30,25,86,1.0,25.55
2025-07-06,IF_ORD_002,100,90,45,86,1.0,69.39
2025-07-06,IF_ORD_003,60,80,28,86,1.0,53.17
2025-07-06,IF_MFG_001,60,75,42,86,1.0,55.58
2025-07-06,IF_MFG_002,25,65,18,86,1.0,36.45
2025-07-06,IF_MFG_003,25,35,16,86,1.0,31.07
2025-07-06,IF_MFG_004,5,20,11,86,1.0,21.53
2025-07-06,IF_PRC_001,60,70,17,86,1.0,46.29
2025-07-06,IF_PRC_002,25,55,14,86,1.0,37.6
2025-07-06,IF_PRC_003,5,15,34,86,1.0,25.51
2025-07-06,IF_ASM_001,60,85,25,86,1.0,59.35
2025-07-06,IF_ASM_002,60,80,30,86,1.0,52.43
2025-07-06,IF_DLV_001,100,100,39,86,1.0,76.25
2025-07-07,IF_ORD_001,100,90,54,85,1.0,74.53
2025-07-07,IF_PAY_001,100,100,46,85,1.0,70.16
2025-07-07,IF_PAY_002,25,30,5,85,1.0,23.29
2025-07-07,IF_ORD_002,100,90,48,85,1.0,69.69
2025-07-07,IF_ORD_003,60,80,25,85,1.0,56.38
2025-07-07,IF_MFG_001,60,75,23,85,1.0,52.69
2025-07-07,IF_MFG_002,25,65,16,85,1.0,39.63
2025-07-07,IF_MFG_003,25,35,20,85,1.0,35.8
2025-07-07,IF_MFG_004,5,20,13,85,1.0,22.87
2025-07-07,IF_PRC_001,60,70,21,85,1.0,53.48
2025-07-07,IF_PRC_002,25,55,8,85,1.0,32.68
2025-07-07,IF_PRC_003,5,15,15,85,1.0,23.58
2025-07-07,IF_ASM_001,60,85,39,85,1.0,64.79
2025-07-07,IF_ASM_002,60,80,31,85,1.0,54.28
2025-07-07,IF_DLV_001,100,100,55,85,1.0,72.37
2025-07-08,IF_ORD_001,100,90,48,84,1.0,69.87
2025-07-08,IF_PAY_001,100,100,56,84,1.0,73.42
2025-07-08,IF_PAY_002,25,30,13,84,1.0,24.68
2025-07-08,IF_ORD_002,100,90,49,84,1.0,71.77
2025-07-08,IF_ORD_003,60,80,33,84,1.0,49.84
2025-07-08,IF_MFG_001,60,75,28,84,1.0,59.83
2025-07-08,IF_MFG_002,25,65,18,84,1.0,34.74
2025-07-08,IF_MFG_003,25,35,17,84,1.0,31.65
2025-07-08,IF_MFG_004,5,20,7,84,1.0,19.95
2025-07-08,IF_PRC_001,60,70,35,84,1.0,55.83
2025-07-08,IF_PRC_002,25,55,12,84,1.0,36.7
2025-07-08,IF_PRC_003,5,15,9,84,1.0,17.8
2025-07-08,IF_ASM_001,60,85,25,84,1.0,54.19
2025-07-08,IF_ASM_002,60,80,39,84,1.0,53.91
2025-07-08,IF_DLV_001,100,100,35,84,1.0,75.89
2025-07-09,IF_ORD_001,100,90,56,83,1.0,74.6
2025-07-09,IF_PAY_001,100,100,35,83,1.0,74.16
2025-07-09,IF_PAY_002,25,30,18,83,1.0,34.79
2025-07-09,IF_ORD_002,100,90,50,83,1.0,72.07
2025-07-09,IF_ORD_003,60,80,34,83,1.0,58.51
2025-07-09,IF_MFG_001,60,75,22,83,1.0,59.09
2025-07-09,IF_MFG_002,25,65,15,83,1.0,38.97
2025-07-09,IF_MFG_003,25,35,18,83,1.0,31.64
2025-07-09,IF_MFG_004,5,20,10,83,1.0,22.28
2025-07-09,IF_PRC_001,60,70,32,83,1.0,54.29
2025-07-09,IF_PRC_002,25,55,17,83,1.0,38.36
2025-07-09,IF_PRC_003,5,15,13,83,1.0,19.02
2025-07-09,IF_ASM_001,60,85,27,83,1.0,56.15
2025-07-09,IF_ASM_002,60,80,30,83,1.0,59.45
2025-07-09,IF_DLV_001,100,100,31,83,1.0,68.99
2025-07-10,IF_ORD_001,100,90,27,82,1.0,69.03
2025-07-10,IF_PAY_001,100,100,48,82,1.0,75.95
2025-07-10,IF_PAY_002,25,30,14,82,1.0,25.95
2025-07-10,IF_ORD_002,100,90,28,82,1.0,72.26
2025-07-10,IF_ORD_003,60,80,24,82,1.0,57.96
2025-07-10,IF_MFG_001,60,75,26,82,1.0,55.33
2025-07-10,IF_MFG_002,25,65,15,82,1.0,38.16
2025-07-10,IF_MFG_003,25,35,15,82,1.0,29.53
2025-07-10,IF_MFG_004,5,20,10,82,1.0,24.28
2025-07-10,IF_PRC_001,60,70,28,82,1.0,51.73
2025-07-10,IF_PRC_002,25,55,12,82,1.0,39.1
2025-07-10,IF_PRC_003,5,15,4,82,1.0,15.23
2025-07-10,IF_ASM_001,60,85,13,82,1.0,55.67
2025-07-10,IF_ASM_002,60,80,30,82,1.0,52.62
2025-07-10,IF_DLV_001,100,100,61,82,1.0,77.56
2025-07-11,IF_ORD_001,100,90,34,81,1.0,72.73
2025-07-11,IF_PAY_001,100,100,36,81,1.0,70.45
2025-07-11,IF_PAY_002,25,30,22,81,1.0,31.28
2025-07-11,IF_ORD_002,100,90,54,81,1.0,71.26
2025-07-11,IF_ORD_003,60,80,32,81,1.0,57.74
2025-07-11,IF_MFG_001,60,75,30,81,1.0,56.04
2025-07-11,IF_MFG_002,25,65,20,81,1.0,37.93
2025-07-11,IF_MFG_003,25,35,24,81,1.0,32.6
2025-07-11,IF_MFG_004,5,20,10,81,1.0,19.75
2025-07-11,IF_PRC_001,60,70,21,81,1.0,51.89
2025-07-11,IF_PRC_002,25,55,28,81,1.0,38.4
2025-07-11,IF_PRC_003,5,15,19,81,1.0,20.97
2025-07-11,IF_ASM_001,60,85,45,81,1.0,53.8
2025-07-11,IF_ASM_002,60,80,27,81,1.0,54.26
2025-07-11,IF_DLV_001,100,100,30,81,1.0,68.74
2025-07-12,IF_ORD_001,100,90,53,80,1.0,75.46
2025-07-12,IF_PAY_001,100,100,33,80,1.0,68.8
2025-07-12,IF_PAY_002,25,30,21,80,1.0,33.43
2025-07-12,IF_ORD_002,100,90,58,80,1.0,71.93
2025-07-12,IF_ORD_003,60,80,35,80,1.0,59.0
2025-07-12,IF_MFG_001,60,75,33,80,1.0,56.7
2025-07-12,IF_MFG_002,25,65,22,80,1.0,40.07
2025-07-12,IF_MFG_003,25,35,21,80,1.0,27.71
2025-07-12,IF_MFG_004,5,20,8,80,1.0,23.14
2025-07-12,IF_PRC_001,60,70,16,80,1.0,54.79
2025-07-12,IF_PRC_002,25,55,7,80,1.0,31.1
2025-07-12,IF_PRC_003,5,15,8,80,1.0,15.73
2025-07-12,IF_ASM_001,60,85,32,80,1.0,50.36
2025-07-12,IF_ASM_002,60,80,29,80,1.0,56.06
2025-07-12,IF_DLV_001,100,100,35,80,1.0,76.22
2025-07-13,IF_ORD_001,100,90,45,79,1.0,72.58
2025-07-13,IF_PAY_001,100,100,49,79,1.0,78.22
2025-07-13,IF_PAY_002,25,30,10,79,1.0,28.73
2025-07-13,IF_ORD_002,100,90,71,79,1.0,74.71
2025-07-13,IF_ORD_003,60,80,26,79,1.0,51.33
2025-07-13,IF_MFG_001,60,75,26,79,1.0,51.33
2025-07-13,IF_MFG_002,25,65,30,79,1.0,31.98
2025-07-13,IF_MFG_003,25,35,19,79,1.0,32.53
2025-07-13,IF_MFG_004,5,20,4,79,1.0,14.69
2025-07-13,IF_PRC_001,60,70,24,79,1.0,54.22
2025-07-13,IF_PRC_002,25,55,23,79,1.0,39.36
2025-07-13,IF_PRC_003,5,15,10,79,1.0,17.94
2025-07-13,IF_ASM_001,60,85,24,79,1.0,56.89
2025-07-13,IF_ASM_002,60,80,20,79,1.0,55.15
2025-07-13,IF_DLV_001,100,100,37,79,1.0,70.41
2025-07-14,IF_ORD_001,100,90,44,78,1.0,77.75
2025-07-14,IF_PAY_001,100,100,47,78,1.0,71.23
2025-07-14,IF_PAY_002,25,30,22,78,1.0,33.39
2025-07-14,IF_ORD_002,100,90,54,78,1.0,70.45
2025-07-14,IF_ORD_003,60,80,33,78,1.0,56.27
2025-07-14,IF_MFG_001,60,75,38,78,1.0,57.05
2025-07-14,IF_MFG_002,25,65,27,78,1.0,43.05
2025-07-14,IF_MFG_003,25,35,11,78,1.0,27.89
2025-07-14,IF_MFG_004,5,20,6,78,1.0,19.02
2025-07-14,IF_PRC_001,60,70,21,78,1.0,50.13
2025-07-14,IF_PRC_002,25,55,20,78,1.0,36.57
2025-07-14,IF_PRC_003,5,15,10,78,1.0,22.6
2025-07-14,IF_ASM_001,60,85,19,78,1.0,54.68
2025-07-14,IF_ASM_002,60,80,18,78,1.0,57.32
2025-07-14,IF_DLV_001,100,100,26,78,1.0,72.1
2025-07-15,IF_ORD_001,100,90,252,77,1.0,79.7
2025-07-15,IF_PAY_001,100,100,36,77,1.0,71.54
2025-07-15,IF_PAY_002,25,30,25,77,1.0,35.52
2025-07-15,IF_ORD_002,100,90,51,77,1.0,70.55
2025-07-15,IF_ORD_003,60,80,21,77,1.0,53.37
2025-07-15,IF_MFG_001,60,75,36,77,1.0,56.98
2025-07-15,IF_MFG_002,25,65,17,77,1.0,42.75
2025-07-15,IF_MFG_003,25,35,23,77,1.0,31.63
2025-07-15,IF_MFG_004,5,20,11,77,1.0,19.45
2025-07-15,IF_PRC_001,60,70,23,77,1.0,51.4
2025-07-15,IF_PRC_002,25,55,16,77,1.0,34.16
2025-07-15,IF_PRC_003,5,15,10,77,1.0,18.47
2025-07-15,IF_ASM_001,60,85,25,77,1.0,57.34
2025-07-15,IF_ASM_002,60,80,25,77,1.0,52.32
2025-07-15,IF_DLV_001,100,100,48,77,1.0,73.12
2025-07-16,IF_ORD_001,100,90,43,76,1.0,69.37
2025-07-16,IF_PAY_001,100,100,47,76,1.0,73.38
2025-07-16,IF_PAY_002,25,30,27,76,1.0,31.39
2025-07-16,IF_ORD_002,100,90,67,76,1.0,72.34
2025-07-16,IF_ORD_003,60,80,24,76,1.0,59.66
2025-07-16,IF_MFG_001,60,75,24,76,1.0,52.18
2025-07-16,IF_MFG_002,25,65,22,76,1.0,38.78
2025-07-16,IF_MFG_003,25,35,17,76,1.0,27.01
2025-07-16,IF_MFG_004,5,20,5,76,1.0,19.72
2025-07-16,IF_PRC_001,60,70,16,76,1.0,51.28
2025-07-16,IF_PRC_002,25,55,18,76,1.0,36.92
2025-07-16,IF_PRC_003,5,15,9,76,1.0,10.83
2025-07-16,IF_ASM_001,60,85,19,76,1.0,51.88
2025-07-16,IF_ASM_002,60,80,23,76,1.0,53.37
2025-07-16,IF_DLV_001,100,100,20,76,1.0,69.51
2025-07-17,IF_ORD_001,100,90,39,75,1.0,67.16
2025-07-17,IF_PAY_001,100,100,26,75,1.0,68.1
2025-07-17,IF_PAY_002,25,30,12,75,1.0,22.73
2025-07-17,IF_ORD_002,100,90,50,75,1.0,78.3
2025-07-17,IF_ORD_003,60,80,24,75,1.0,54.2
2025-07-17,IF_MFG_001,60,75,25,75,1.0,51.33
2025-07-17,IF_MFG_002,25,65,21,75,1.0,37.35
2025-07-17,IF_MFG_003,25,35,19,75,1.0,33.52
2025-07-17,IF_MFG_004,5,20,15,75,1.0,20.94
2025-07-17,IF_PRC_001,60,70,19,75,1.0,48.56
2025-07-17,IF_PRC_002,25,55,23,75,1.0,36.05
2025-07-17,IF_PRC_003,5,15,8,75,1.0,17.02
2025-07-17,IF_ASM_001,60,85,24,75,1.0,54.82
2025-07-17,IF_ASM_002,60,80,34,75,1.0,45.95
2025-07-17,IF_DLV_001,100,100,36,75,1.0,74.19
2025-07-18,IF_ORD_001,100,90,41,74,1.0,69.56
2025-07-18,IF_PAY_001,100,100,37,74,1.0,67.38
2025-07-18,IF_PAY_002,25,30,13,74,1.0,26.73
2025-07-18,IF_ORD_002,100,90,22,74,1.0,72.69
2025-07-18,IF_ORD_003,60,80,27,74,1.0,54.32
2025-07-18,IF_MFG_001,60,75,38,74,1.0,59.0
2025-07-18,IF_MFG_002,25,65,5,74,1.0,33.91
2025-07-18,IF_MFG_003,25,35,24,74,1.0,35.35
2025-07-18,IF_MFG_004,5,20,11,74,1.0,9.75
2025-07-18,IF_PRC_001,60,70,21,74,1.0,50.36
2025-07-18,IF_PRC_002,25,55,9,74,1.0,33.74
2025-07-18,IF_PRC_003,5,15,14,74,1.0,15.68
2025-07-18,IF_ASM_001,60,85,40,74,1.0,62.53
2025-07-18,IF_ASM_002,60,80,21,74,1.0,54.8
2025-07-18,IF_DLV_001,100,100,33,74,1.0,74.32
2025-07-19,IF_ORD_001,100,90,30,73,1.0,66.04
2025-07-19,IF_PAY_001,100,100,51,73,1.0,71.97
2025-07-19,IF_PAY_002,25,30,22,73,1.0,32.14
2025-07-19,IF_ORD_002,100,90,63,73,1.0,73.34
2025-07-19,IF_ORD_003,60,80,134,73,1.0,64.42
2025-07-19,IF_MFG_001,60,75,30,73,1.0,56.64
2025-07-19,IF_MFG_002,25,65,15,73,1.0,39.14
2025-07-19,IF_MFG_003,25,35,18,73,1.0,31.76
2025-07-19,IF_MFG_004,5,20,9,73,1.0,20.18
2025-07-19,IF_PRC_001,60,70,23,73,1.0,50.98
2025-07-19,IF_PRC_002,25,55,21,73,1.0,37.92
2025-07-19,IF_PRC_003,5,15,9,73,1.0,10.98
2025-07-19,IF_ASM_001,60,85,27,73,1.0,59.33
2025-07-19,IF_ASM_002,60,80,35,73,1.0,53.06
2025-07-19,IF_DLV_001,100,100,60,73,1.0,76.84
2025-07-20,IF_ORD_001,100,90,44,72,1.0,68.96
2025-07-20,IF_PAY_001,100,100,52,72,1.0,75.68
2025-07-20,IF_PAY_002,25,30,13,72,1.0,29.41
2025-07-20,IF_ORD_002,100,90,63,72,1.0,68.54
2025-07-20,IF_ORD_003,60,80,20,72,1.0,54.4
2025-07-20,IF_MFG_001,60,75,39,72,1.0,52.44
2025-07-20,IF_MFG_002,25,65,13,72,1.0,37.84
2025-07-20,IF_MFG_003,25,35,16,72,1.0,27.58
2025-07-20,IF_MFG_004,5,20,13,72,1.0,22.15
2025-07-20,IF_PRC_001,60,70,30,72,1.0,53.99
2025-07-20,IF_PRC_002,25,55,15,72,1.0,34.33
2025-07-20,IF_PRC_003,5,15,7,72,1.0,16.65
2025-07-20,IF_ASM_001,60,85,29,72,1.0,54.24
2025-07-20,IF_ASM_002,60,80,23,72,1.0,48.95
2025-07-20,IF_DLV_001,100,100,32,72,1.0,80.81
2025-07-21,IF_ORD_001,100,90,48,71,1.0,74.58
2025-07-21,IF_PAY_001,100,100,30,71,1.0,75.84
2025-07-21,IF_PAY_002,25,30,19,71,1.0,31.65
2025-07-21,IF_ORD_002,100,90,48,71,1.0,71.63
2025-07-21,IF_ORD_003,60,80,14,71,1.0,48.0
2025-07-21,IF_MFG_001,60,75,22,71,1.0,53.54
2025-07-21,IF_MFG_002,25,65,16,71,1.0,33.24
2025-07-21,IF_MFG_003,25,35,18,71,1.0,28.09
2025-07-21,IF_MFG_004,5,20,7,71,1.0,19.18
2025-07-21,IF_PRC_001,60,70,23,71,1.0,54.41
2025-07-21,IF_PRC_002,25,55,23,71,1.0,34.08
2025-07-21,IF_PRC_003,5,15,19,71,1.0,19.92
2025-07-21,IF_ASM_001,60,85,28,71,1.0,54.04
2025-07-21,IF_ASM_002,60,80,35,71,1.0,54.29
2025-07-21,IF_DLV_001,100,100,46,71,1.0,72.92
2025-07-22,IF_ORD_001,100,90,64,70,1.0,73.19
2025-07-22,IF_PAY_001,100,100,37,70,1.0,74.83
2025-07-22,IF_PAY_002,25,30,18,70,1.0,27.94
2025-07-22,IF_ORD_002,100,90,38,70,1.0,72.97
2025-07-22,IF_ORD_003,60,80,30,70,1.0,55.44
2025-07-22,IF_MFG_001,60,75,31,70,1.0,52.22
2025-07-22,IF_MFG_002,25,65,14,70,1.0,34.02
2025-07-22,IF_MFG_003,25,35,15,70,1.0,29.68
2025-07-22,IF_MFG_004,5,20,16,70,1.0,26.3
2025-07-22,IF_PRC_001,60,70,37,70,1.0,51.95
2025-07-22,IF_PRC_002,25,55,8,70,1.0,33.43
2025-07-22,IF_PRC_003,5,15,13,70,1.0,18.5
2025-07-22,IF_ASM_001,60,85,15,70,1.0,54.82
2025-07-22,IF_ASM_002,60,80,22,70,1.0,51.81
2025-07-22,IF_DLV_001,100,100,37,70,1.0,73.3
2025-07-23,IF_ORD_001,100,90,244,69,1.0,76.17
2025-07-23,IF_PAY_001,100,100,57,69,1.0,72.5
2025-07-23,IF_PAY_002,25,30,19,69,1.0,28.0
2025-07-23,IF_ORD_002,100,90,31,69,1.0,68.51
2025-07-23,IF_ORD_003,60,80,34,69,1.0,63.53
2025-07-23,IF_MFG_001,60,75,23,69,1.0,52.65
2025-07-23,IF_MFG_002,25,65,97,69,1.0,42.28
2025-07-23,IF_MFG_003,25,35,14,69,1.0,26.32
2025-07-23,IF_MFG_004,5,20,8,69,1.0,17.3
2025-07-23,IF_PRC_001,60,70,26,69,1.0,51.45
2025-07-23,IF_PRC_002,25,55,16,69,1.0,36.66
2025-07-23,IF_PRC_003,5,15,7,69,1.0,14.41
2025-07-23,IF_ASM_001,60,85,26,69,1.0,55.56
2025-07-23,IF_ASM_002,60,80,35,69,1.0,58.44
2025-07-23,IF_DLV_001,100,100,23,69,1.0,70.21
2025-07-24,IF_ORD_001,100,90,66,68,1.0,69.61
2025-07-24,IF_PAY_001,100,100,51,68,1.0,75.26
2025-07-24,IF_PAY_002,25,30,23,68,1.0,25.88
2025-07-24,IF_ORD_002,100,90,54,68,1.0,75.4
2025-07-24,IF_ORD_003,60,80,22,68,1.0,60.85
2025-07-24,IF_MFG_001,60,75,39,68,1.0,55.63
2025-07-24,IF_MFG_002,25,65,16,68,1.0,39.63
2025-07-24,IF_MFG_003,25,35,13,68,1.0,29.33
2025-07-24,IF_MFG_004,5,20,11,68,1.0,19.02
2025-07-24,IF_PRC_001,60,70,153,68,1.0,58.62
2025-07-24,IF_PRC_002,25,55,9,68,1.0,34.15
2025-07-24,IF_PRC_003,5,15,8,68,1.0,15.15
2025-07-24,IF_ASM_001,60,85,52,68,1.0,62.53
2025-07-24,IF_ASM_002,60,80,31,68,1.0,58.09
2025-07-24,IF_DLV_001,100,100,44,68,1.0,76.74
2025-07-25,IF_ORD_001,100,90,42,67,1.0,68.88
2025-07-25,IF_PAY_001,100,100,38,67,1.0,74.54
2025-07-25,IF_PAY_002,25,30,21,67,1.0,31.17
2025-07-25,IF_ORD_002,100,90,267,67,1.0,79.24
2025-07-25,IF_ORD_003,60,80,27,67,1.0,53.55
2025-07-25,IF_MFG_001,60,75,35,67,1.0,50.72
2025-07-25,IF_MFG_002,25,65,14,67,1.0,41.12
2025-07-25,IF_MFG_003,25,35,12,67,1.0,27.19
2025-07-25,IF_MFG_004,5,20,13,67,1.0,16.23
2025-07-25,IF_PRC_001,60,70,23,67,1.0,51.27
2025-07-25,IF_PRC_002,25,55,16,67,1.0,38.13
2025-07-25,IF_PRC_003,5,15,11,67,1.0,15.8
2025-07-25,IF_ASM_001,60,85,34,67,1.0,53.55
2025-07-25,IF_ASM_002,60,80,28,67,1.0,60.25
2025-07-25,IF_DLV_001,100,100,16,67,1.0,69.07
2025-07-26,IF_ORD_001,100,90,16,66,1.0,62.65
2025-07-26,IF_PAY_001,100,100,42,66,1.0,72.84
2025-07-26,IF_PAY_002,25,30,15,66,1.0,32.21
2025-07-26,IF_ORD_002,100,90,37,66,1.0,72.7
2025-07-26,IF_ORD_003,60,80,27,66,1.0,52.71
2025-07-26,IF_MFG_001,60,75,15,66,1.0,51.09
2025-07-26,IF_MFG_002,25,65,12,66,1.0,39.8
2025-07-26,IF_MFG_003,25,35,19,66,1.0,37.18
2025-07-26,IF_MFG_004,5,20,34,66,1.0,22.72
2025-07-26,IF_PRC_001,60,70,27,66,1.0,48.79
2025-07-26,IF_PRC_002,25,55,24,66,1.0,35.05
2025-07-26,IF_PRC_003,5,15,8,66,1.0,9.68
2025-07-26,IF_ASM_001,60,85,15,66,1.0,52.69
2025-07-26,IF_ASM_002,60,80,31,66,1.0,52.56
2025-07-26,IF_DLV_001,100,100,140,66,1.0,81.34
2025-07-27,IF_ORD_001,100,90,48,65,1.0,64.71
2025-07-27,IF_PAY_001,100,100,50,65,1.0,69.14
2025-07-27,IF_PAY_002,25,30,13,65,1.0,22.39
2025-07-27,IF_ORD_002,100,90,54,65,1.0,70.98
2025-07-27,IF_ORD_003,60,80,35,65,1.0,59.02
2025-07-27,IF_MFG_001,60,75,23,65,1.0,52.97
2025-07-27,IF_MFG_002,25,65,13,65,1.0,36.54
2025-07-27,IF_MFG_003,25,35,22,65,1.0,39.84
2025-07-27,IF_MFG_004,5,20,12,65,1.0,20.44
2025-07-27,IF_PRC_001,60,70,38,65,1.0,52.47
2025-07-27,IF_PRC_002,25,55,16,65,1.0,38.56
2025-07-27,IF_PRC_003,5,15,11,65,1.0,17.5
2025-07-27,IF_ASM_001,60,85,25,65,1.0,56.18
2025-07-27,IF_ASM_002,60,80,44,65,1.0,55.84
2025-07-27,IF_DLV_001,100,100,56,65,1.0,76.39
2025-07-28,IF_ORD_001,100,90,26,64,1.0,69.71
2025-07-28,IF_PAY_001,100,100,63,64,1.0,72.08
2025-07-28,IF_PAY_002,25,30,21,64,1.0,31.57
2025-07-28,IF_ORD_002,100,90,34,64,1.0,69.92
2025-07-28,IF_ORD_003,60,80,47,64,1.0,60.56
2025-07-28,IF_MFG_001,60,75,36,64,1.0,60.06
2025-07-28,IF_MFG_002,25,65,17,64,1.0,38.68
2025-07-28,IF_MFG_003,25,35,18,64,1.0,27.14
2025-07-28,IF_MFG_004,5,20,17,64,1.0,19.63
2025-07-28,IF_PRC_001,60,70,31,64,1.0,57.43
2025-07-28,IF_PRC_002,25,55,20,64,1.0,37.95
2025-07-28,IF_PRC_003,5,15,9,64,1.0,11.65
2025-07-28,IF_ASM_001,60,85,23,64,1.0,55.94
2025-07-28,IF_ASM_002,60,80,34,64,1.0,58.94
2025-07-28,IF_DLV_001,100,100,27,64,1.0,71.44
2025-07-29,IF_ORD_001,100,90,56,63,1.0,70.89
2025-07-29,IF_PAY_001,100,100,29,63,1.0,70.15
2025-07-29,IF_PAY_002,25,30,19,63,1.0,33.25
2025-07-29,IF_ORD_002,100,90,48,63,1.0,72.82
2025-07-29,IF_ORD_003,60,80,42,63,1.0,60.0
2025-07-29,IF_MFG_001,60,75,32,63,1.0,57.5
2025-07-29,IF_MFG_002,25,65,19,63,1.0,34.62
2025-07-29,IF_MFG_003,25,35,21,63,1.0,33.23
2025-07-29,IF_MFG_004,5,20,6,63,1.0,11.38
2025-07-29,IF_PRC_001,60,70,42,63,1.0,54.53
2025-07-29,IF_PRC_002,25,55,11,63,1.0,30.43
2025-07-29,IF_PRC_003,5,15,6,63,1.0,13.55
2025-07-29,IF_ASM_001,60,85,24,63,1.0,59.07
2025-07-29,IF_ASM_002,60,80,23,63,1.0,58.11
2025-07-29,IF_DLV_001,100,100,40,63,1.0,71.66
2025-07-30,IF_ORD_001,100,90,49,62,1.0,66.92
2025-07-30,IF_PAY_001,100,100,83,62,1.0,79.66
2025-07-30,IF_PAY_002,25,30,18,62,1.0,29.1
2025-07-30,IF_ORD_002,100,90,49,62,1.0,68.69
2025-07-30,IF_ORD_003,60,80,14,62,1.0,48.35
2025-07-30,IF_MFG_001,60,75,31,62,1.0,51.69
2025-07-30,IF_MFG_002,25,65,21,62,1.0,36.91
2025-07-30,IF_MFG_003,25,35,15,62,1.0,32.15
2025-07-30,IF_MFG_004,5,20,11,62,1.0,26.16
2025-07-30,IF_PRC_001,60,70,24,62,1.0,53.08
2025-07-30,IF_PRC_002,25,55,17,62,1.0,31.95
2025-07-30,IF_PRC_003,5,15,13,62,1.0,21.01
2025-07-30,IF_ASM_001,60,85,13,62,1.0,54.19
2025-07-30,IF_ASM_002,60,80,26,62,1.0,60.54
2025-07-30,IF_DLV_001,100,100,42,62,1.0,72.33
2025-07-31,IF_ORD_001,100,90,48,61,1.0,68.22
2025-07-31,IF_PAY_001,100,100,29,61,1.0,67.97
2025-07-31,IF_PAY_002,25,30,33,61,1.0,31.53
2025-07-31,IF_ORD_002,100,90,35,61,1.0,70.84
2025-07-31,IF_ORD_003,60,80,21,61,1.0,52.72
2025-07-31,IF_MFG_001,60,75,38,61,1.0,51.7
2025-07-31,IF_MFG_002,25,65,13,61,1.0,36.04
2025-07-31,IF_MFG_003,25,35,8,61,1.0,24.61
2025-07-31,IF_MFG_004,5,20,9,61,1.0,18.99
2025-07-31,IF_PRC_001,60,70,41,61,1.0,54.42
2025-07-31,IF_PRC_002,25,55,14,61,1.0,30.53
2025-07-31,IF_PRC_003,5,15,9,61,1.0,14.96
2025-07-31,IF_ASM_001,60,85,38,61,1.0,52.21
2025-07-31,IF_ASM_002,60,80,28,61,1.0,47.98
2025-07-31,IF_DLV_001,100,100,31,61,1.0,76.23
2025-08-01,IF_ORD_001,100,90,64,60,1.0,71.42
2025-08-01,IF_PAY_001,100,100,43,60,1.0,75.63
2025-08-01,IF_PAY_002,25,30,19,60,1.0,24.75
2025-08-01,IF_ORD_002,100,90,37,60,1.0,74.03
2025-08-01,IF_ORD_003,60,80,30,60,1.0,53.97
2025-08-01,IF_MFG_001,60,75,26,60,1.0,51.56
2025-08-01,IF_MFG_002,25,65,25,60,1.0,40.48
2025-08-01,IF_MFG_003,25,35,13,60,1.0,29.26
2025-08-01,IF_MFG_004,5,20,10,60,1.0,15.15
2025-08-01,IF_PRC_001,60,70,17,60,1.0,49.92
2025-08-01,IF_PRC_002,25,55,23,60,1.0,40.98
2025-08-01,IF_PRC_003,5,15,11,60,1.0,18.96
2025-08-01,IF_ASM_001,60,85,36,60,1.0,58.51
2025-08-01,IF_ASM_002,60,80,27,60,1.0,49.04
2025-08-01,IF_DLV_001,100,100,54,60,1.0,77.85
2025-08-02,IF_ORD_001,100,90,42,59,1.0,65.14
2025-08-02,IF_PAY_001,100,100,51,59,1.0,72.68
2025-08-02,IF_PAY_002,25,30,20,59,1.0,32.21
2025-08-02,IF_ORD_002,100,90,52,59,1.0,75.79
2025-08-02,IF_ORD_003,60,80,40,59,1.0,52.03
2025-08-02,IF_MFG_001,60,75,21,59,1.0,50.99
2025-08-02,IF_MFG_002,25,65,20,59,1.0,38.89
2025-08-02,IF_MFG_003,25,35,17,59,1.0,33.62
2025-08-02,IF_MFG_004,5,20,6,59,1.0,14.38
2025-08-02,IF_PRC_001,60,70,25,59,1.0,46.9
2025-08-02,IF_PRC_002,25,55,16,59,1.0,38.46
2025-08-02,IF_PRC_003,5,15,11,59,1.0,16.84
2025-08-02,IF_ASM_001,60,85,46,59,1.0,57.45
2025-08-02,IF_ASM_002,60,80,32,59,1.0,52.61
2025-08-02,IF_DLV_001,100,100,18,59,1.0,75.51
2025-08-03,IF_ORD_001,100,90,56,58,1.001,70.37
2025-08-03,IF_PAY_001,100,100,53,58,1.001,75.54
2025-08-03,IF_PAY_002,25,30,19,58,1.001,30.8
2025-08-03,IF_ORD_002,100,90,33,58,1.001,66.67
2025-08-03,IF_ORD_003,60,80,27,58,1.001,53.05
2025-08-03,IF_MFG_001,60,75,12,58,1.001,50.43
2025-08-03,IF_MFG_002,25,65,14,58,1.001,34.18
2025-08-03,IF_MFG_003,25,35,27,58,1.001,33.98
2025-08-03,IF_MFG_004,5,20,13,58,1.001,21.52
2025-08-03,IF_PRC_001,60,70,18,58,1.001,48.96
2025-08-03,IF_PRC_002,25,55,22,58,1.001,36.41
2025-08-03,IF_PRC_003,5,15,6,58,1.001,14.26
2025-08-03,IF_ASM_001,60,85,37,58,1.001,56.44
2025-08-03,IF_ASM_002,60,80,43,58,1.001,54.87
2025-08-03,IF_DLV_001,100,100,76,58,1.001,78.4
2025-08-04,IF_ORD_001,100,90,56,57,1.001,72.46
2025-08-04,IF_PAY_001,100,100,41,57,1.001,76.21
2025-08-04,IF_PAY_002,25,30,14,57,1.001,28.31
2025-08-04,IF_ORD_002,100,90,37,57,1.001,72.26
2025-08-04,IF_ORD_003,60,80,32,57,1.001,56.5
2025-08-04,IF_MFG_001,60,75,115,57,1.001,59.07
2025-08-04,IF_MFG_002,25,65,24,57,1.001,36.41
2025-08-04,IF_MFG_003,25,35,13,57,1.001,27.79
2025-08-04,IF_MFG_004,5,20,10,57,1.001,22.05
2025-08-04,IF_PRC_001,60,70,26,57,1.001,56.31
2025-08-04,IF_PRC_002,25,55,19,57,1.001,37.76
2025-08-04,IF_PRC_003,5,15,6,57,1.001,12.94
2025-08-04,IF_ASM_001,60,85,16,57,1.001,54.78
2025-08-04,IF_ASM_002,60,80,28,57,1.001,53.35
2025-08-04,IF_DLV_001,100,100,29,57,1.001,72.74
2025-08-05,IF_ORD_001,100,90,105,56,1.001,73.87
2025-08-05,IF_PAY_001,100,100,62,56,1.001,73.33
2025-08-05,IF_PAY_002,25,30,21,56,1.001,29.02
2025-08-05,IF_ORD_002,100,90,57,56,1.001,74.75
2025-08-05,IF_ORD_003,60,80,39,56,1.001,55.54
2025-08-05,IF_MFG_001,60,75,14,56,1.001,51.65
2025-08-05,IF_MFG_002,25,65,14,56,1.001,37.5
2025-08-05,IF_MFG_003,25,35,18,56,1.001,30.82
2025-08-05,IF_MFG_004,5,20,10,56,1.001,19.05
2025-08-05,IF_PRC_001,60,70,28,56,1.001,54.31
2025-08-05,IF_PRC_002,25,55,13,56,1.001,33.85
2025-08-05,IF_PRC_003,5,15,11,56,1.001,19.19
2025-08-05,IF_ASM_001,60,85,35,56,1.001,56.98
2025-08-05,IF_ASM_002,60,80,31,56,1.001,53.45
2025-08-05,IF_DLV_001,100,100,57,56,1.001,79.99
2025-08-06,IF_ORD_001,100,90,68,55,1.001,71.82
2025-08-06,IF_PAY_001,100,100,38,55,1.001,75.37
2025-08-06,IF_PAY_002,25,30,20,55,1.001,29.37
2025-08-06,IF_ORD_002,100,90,48,55,1.001,74.51
2025-08-06,IF_ORD_003,60,80,27,55,1.001,50.94
2025-08-06,IF_MFG_001,60,75,28,55,1.001,51.05
2025-08-06,IF_MFG_002,25,65,9,55,1.001,33.99
2025-08-06,IF_MFG_003,25,35,9,55,1.001,25.56
2025-08-06,IF_MFG_004,5,20,8,55,1.001,20.55
2025-08-06,IF_PRC_001,60,70,33,55,1.001,50.78
2025-08-06,IF_PRC_002,25,55,31,55,1.001,32.83
2025-08-06,IF_PRC_003,5,15,8,55,1.001,11.27
2025-08-06,IF_ASM_001,60,85,22,55,1.001,55.56
2025-08-06,IF_ASM_002,60,80,32,55,1.001,58.75
2025-08-06,IF_DLV_001,100,100,61,55,1.001,67.39
2025-08-07,IF_ORD_001,100,90,61,54,1.001,71.48
2025-08-07,IF_PAY_001,100,100,216,54,1.001,84.71
2025-08-07,IF_PAY_002,25,30,15,54,1.001,32.46
2025-08-07,IF_ORD_002,100,90,33,54,1.001,70.32
2025-08-07,IF_ORD_003,60,80,31,54,1.001,55.72
2025-08-07,IF_MFG_001,60,75,23,54,1.001,53.99
2025-08-07,IF_MFG_002,25,65,19,54,1.001,41.29
2025-08-07,IF_MFG_003,25,35,22,54,1.001,32.56
2025-08-07,IF_MFG_004,5,20,7,54,1.001,16.52
2025-08-07,IF_PRC_001,60,70,33,54,1.001,54.78
2025-08-07,IF_PRC_002,25,55,12,54,1.001,31.99
2025-08-07,IF_PRC_003,5,15,15,54,1.001,18.99
2025-08-07,IF_ASM_001,60,85,31,54,1.001,56.84
2025-08-07,IF_ASM_002,60,80,41,54,1.001,61.07
2025-08-07,IF_DLV_001,100,100,37,54,1.001,79.13
2025-08-08,IF_ORD_001,100,90,44,53,1.001,73.87
2025-08-08,IF_PAY_001,100,100,48,53,1.001,75.23
2025-08-08,IF_PAY_002,25,30,14,53,1.001,36.77
2025-08-08,IF_ORD_002,100,90,24,53,1.001,69.53
2025-08-08,IF_ORD_003,60,80,48,53,1.001,59.89
2025-08-08,IF_MFG_001,60,75,25,53,1.001,48.64
2025-08-08,IF_MFG_002,25,65,20,53,1.001,39.53
2025-08-08,IF_MFG_003,25,35,15,53,1.001,28.35
2025-08-08,IF_MFG_004,5,20,8,53,1.001,18.36
2025-08-08,IF_PRC_001,60,70,48,53,1.001,53.97
2025-08-08,IF_PRC_002,25,55,20,53,1.001,32.44
2025-08-08,IF_PRC_003,5,15,12,53,1.001,19.09
2025-08-08,IF_ASM_001,60,85,27,53,1.001,52.16
2025-08-08,IF_ASM_002,60,80,35,53,1.001,58.78
2025-08-08,IF_DLV_001,100,100,41,53,1.001,74.36
2025-08-09,IF_ORD_001,100,90,53,52,1.001,76.43
2025-08-09,IF_PAY_001,100,100,44,52,1.001,71.27
2025-08-09,IF_PAY_002,25,30,19,52,1.001,28.81
2025-08-09,IF_ORD_002,100,90,52,52,1.001,75.03
2025-08-09,IF_ORD_003,60,80,27,52,1.001,57.78
2025-08-09,IF_MFG_001,60,75,38,52,1.001,54.38
2025-08-09,IF_MFG_002,25,65,14,52,1.001,36.99
2025-08-09,IF_MFG_003,25,35,16,52,1.001,28.01
2025-08-09,IF_MFG_004,5,20,3,52,1.001,12.09
2025-08-09,IF_PRC_001,60,70,24,52,1.001,51.63
2025-08-09,IF_PRC_002,25,55,22,52,1.001,31.49
2025-08-09,IF_PRC_003,5,15,5,52,1.001,13.7
2025-08-09,IF_ASM_001,60,85,14,52,1.001,55.68
2025-08-09,IF_ASM_002,60,80,42,52,1.001,58.28
2025-08-09,IF_DLV_001,100,100,36,52,1.001,74.73
2025-08-10,IF_ORD_001,100,90,40,51,1.001,71.59
2025-08-10,IF_PAY_001,100,100,50,51,1.001,73.36
2025-08-10,IF_PAY_002,25,30,19,51,1.001,33.42
2025-08-10,IF_ORD_002,100,90,51,51,1.001,75.22
2025-08-10,IF_ORD_003,60,80,26,51,1.001,56.1
2025-08-10,IF_MFG_001,60,75,83,51,1.001,58.12
2025-08-10,IF_MFG_002,25,65,19,51,1.001,37.4
2025-08-10,IF_MFG_003,25,35,22,51,1.001,26.38
2025-08-10,IF_MFG_004,5,20,13,51,1.001,25.74
2025-08-10,IF_PRC_001,60,70,23,51,1.001,55.0
2025-08-10,IF_PRC_002,25,55,10,51,1.001,31.62
2025-08-10,IF_PRC_003,5,15,14,51,1.001,23.93
2025-08-10,IF_ASM_001,60,85,37,51,1.001,59.5
2025-08-10,IF_ASM_002,60,80,21,51,1.001,52.81
2025-08-10,IF_DLV_001,100,100,34,51,1.001,74.94
2025-08-11,IF_ORD_001,100,90,46,50,1.002,68.88
2025-08-11,IF_PAY_001,100,100,62,50,1.002,76.61
2025-08-11,IF_PAY_002,25,30,18,50,1.002,32.56
2025-08-11,IF_ORD_002,100,90,60,50,1.002,68.9
2025-08-11,IF_ORD_003,60,80,45,50,1.002,50.25
2025-08-11,IF_MFG_001,60,75,25,50,1.002,54.05
2025-08-11,IF_MFG_002,25,65,14,50,1.002,33.0
2025-08-11,IF_MFG_003,25,35,20,50,1.002,32.42
2025-08-11,IF_MFG_004,5,20,7,50,1.002,14.84
2025-08-11,IF_PRC_001,60,70,35,50,1.002,55.24
2025-08-11,IF_PRC_002,25,55,13,50,1.002,34.0
2025-08-11,IF_PRC_003,5,15,12,50,1.002,17.08
2025-08-11,IF_ASM_001,60,85,33,50,1.002,58.81
2025-08-11,IF_ASM_002,60,80,15,50,1.002,49.52
2025-08-11,IF_DLV_001,100,100,52,50,1.002,74.11
2025-08-12,IF_ORD_001,100,90,59,49,1.002,75.12
2025-08-12,IF_PAY_001,100,100,27,49,1.002,79.51
2025-08-12,IF_PAY_002,25,30,23,49,1.002,33.74
2025-08-12,IF_ORD_002,100,90,38,49,1.002,72.19
2025-08-12,IF_ORD_003,60,80,32,49,1.002,55.73
2025-08-12,IF_MFG_001,60,75,34,49,1.002,55.23
2025-08-12,IF_MFG_002,25,65,17,49,1.002,42.71
2025-08-12,IF_MFG_003,25,35,10,49,1.002,28.11
2025-08-12,IF_MFG_004,5,20,9,49,1.002,20.95
2025-08-12,IF_PRC_001,60,70,27,49,1.002,49.66
2025-08-12,IF_PRC_002,25,55,17,49,1.002,31.15
2025-08-12,IF_PRC_003,5,15,8,49,1.002,10.96
2025-08-12,IF_ASM_001,60,85,20,49,1.002,54.43
2025-08-12,IF_ASM_002,60,80,36,49,1.002,61.93
2025-08-12,IF_DLV_001,100,100,22,49,1.002,68.74
2025-08-13,IF_ORD_001,100,90,36,48,1.002,73.74
2025-08-13,IF_PAY_001,100,100,51,48,1.002,75.17
2025-08-13,IF_PAY_002,25,30,23,48,1.002,30.4
2025-08-13,IF_ORD_002,100,90,27,48,1.002,71.56
2025-08-13,IF_ORD_003,60,80,19,48,1.002,53.41
2025-08-13,IF_MFG_001,60,75,32,48,1.002,56.42
2025-08-13,IF_MFG_002,25,65,22,48,1.002,41.61
2025-08-13,IF_MFG_003,25,35,19,48,1.002,30.64
2025-08-13,IF_MFG_004,5,20,17,48,1.002,18.11
2025-08-13,IF_PRC_001,60,70,31,48,1.002,58.24
2025-08-13,IF_PRC_002,25,55,20,48,1.002,35.9
2025-08-13,IF_PRC_003,5,15,5,48,1.002,17.88
2025-08-13,IF_ASM_001,60,85,43,48,1.002,63.73
2025-08-13,IF_ASM_002,60,80,44,48,1.002,52.95
2025-08-13,IF_DLV_001,100,100,39,48,1.002,71.19
2025-08-14,IF_ORD_001,100,90,40,47,1.002,67.31
2025-08-14,IF_PAY_001,100,100,33,47,1.002,71.8
2025-08-14,IF_PAY_002,25,30,17,47,1.002,30.1
2025-08-14,IF_ORD_002,100,90,34,47,1.002,69.1
2025-08-14,IF_ORD_003,60,80,35,47,1.002,60.53
2025-08-14,IF_MFG_001,60,75,23,47,1.002,55.8
2025-08-14,IF_MFG_002,25,65,24,47,1.002,42.07
2025-08-14,IF_MFG_003,25,35,17,47,1.002,32.25
2025-08-14,IF_MFG_004,5,20,7,47,1.002,16.39
2025-08-14,IF_PRC_001,60,70,16,47,1.002,50.95
2025-08-14,IF_PRC_002,25,55,11,47,1.002,35.44
2025-08-14,IF_PRC_003,5,15,10,47,1.002,19.8
2025-08-14,IF_ASM_001,60,85,69,47,1.002,65.69
2025-08-14,IF_ASM_002,60,80,43,47,1.002,57.47
2025-08-14,IF_DLV_001,100,100,38,47,1.002,77.79
2025-08-15,IF_ORD_001,100,90,62,46,1.003,70.08
2025-08-15,IF_PAY_001,100,100,36,46,1.003,67.69
2025-08-15,IF_PAY_002,25,30,21,46,1.003,31.64
2025-08-15,IF_ORD_002,100,90,43,46,1.003,75.36
2025-08-15,IF_ORD_003,60,80,28,46,1.003,57.1
2025-08-15,IF_MFG_001,60,75,36,46,1.003,58.61
2025-08-15,IF_MFG_002,25,65,20,46,1.003,35.35
2025-08-15,IF_MFG_003,25,35,27,46,1.003,32.84
2025-08-15,IF_MFG_004,5,20,13,46,1.003,20.88
2025-08-15,IF_PRC_001,60,70,31,46,1.003,51.56
2025-08-15,IF_PRC_002,25,55,11,46,1.003,32.15
2025-08-15,IF_PRC_003,5,15,14,46,1.003,19.01
2025-08-15,IF_ASM_001,60,85,32,46,1.003,53.5
2025-08-15,IF_ASM_002,60,80,26,46,1.003,54.28
2025-08-15,IF_DLV_001,100,100,34,46,1.003,75.51
2025-08-16,IF_ORD_001,100,90,39,45,1.003,76.28
2025-08-16,IF_PAY_001,100,100,49,45,1.003,77.52
2025-08-16,IF_PAY_002,25,30,11,45,1.003,29.66
2025-08-16,IF_ORD_002,100,90,50,45,1.003,72.06
2025-08-16,IF_ORD_003,60,80,100,45,1.003,59.7
2025-08-16,IF_MFG_001,60,75,36,45,1.003,53.76
2025-08-16,IF_MFG_002,25,65,17,45,1.003,44.05
2025-08-16,IF_MFG_003,25,35,20,45,1.003,35.69
2025-08-16,IF_MFG_004,5,20,19,45,1.003,17.91
2025-08-16,IF_PRC_001,60,70,44,45,1.003,57.19
2025-08-16,IF_PRC_002,25,55,21,45,1.003,38.88
2025-08-16,IF_PRC_003,5,15,9,45,1.003,17.43
2025-08-16,IF_ASM_001,60,85,19,45,1.003,52.1
2025-08-16,IF_ASM_002,60,80,31,45,1.003,57.34
2025-08-16,IF_DLV_001,100,100,53,45,1.003,71.51
2025-08-17,IF_ORD_001,100,90,52,44,1.004,78.49
2025-08-17,IF_PAY_001,100,100,35,44,1.004,71.83
2025-08-17,IF_PAY_002,25,30,12,44,1.004,27.47
2025-08-17,IF_ORD_002,100,90,49,44,1.004,72.13
2025-08-17,IF_ORD_003,60,80,23,44,1.004,53.17
2025-08-17,IF_MFG_001,60,75,24,44,1.004,50.0
2025-08-17,IF_MFG_002,25,65,17,44,1.004,38.51
2025-08-17,IF_MFG_003,25,35,12,44,1.004,32.66
2025-08-17,IF_MFG_004,5,20,15,44,1.004,22.32
2025-08-17,IF_PRC_001,60,70,17,44,1.004,51.42
2025-08-17,IF_PRC_002,25,55,21,44,1.004,36.69
2025-08-17,IF_PRC_003,5,15,12,44,1.004,16.71
2025-08-17,IF_ASM_001,60,85,41,44,1.004,55.76
2025-08-17,IF_ASM_002,60,80,12,44,1.004,51.99
2025-08-17,IF_DLV_001,100,100,37,44,1.004,72.36
2025-08-18,IF_ORD_001,100,90,47,43,1.004,72.58
2025-08-18,IF_PAY_001,100,100,57,43,1.004,73.19
2025-08-18,IF_PAY_002,25,30,27,43,1.004,34.4
2025-08-18,IF_ORD_002,100,90,147,43,1.004,75.64
2025-08-18,IF_ORD_003,60,80,15,43,1.004,50.79
2025-08-18,IF_MFG_001,60,75,29,43,1.004,56.64
2025-08-18,IF_MFG_002,25,65,24,43,1.004,39.68
2025-08-18,IF_MFG_003,25,35,16,43,1.004,29.06
2025-08-18,IF_MFG_004,5,20,14,43,1.004,22.91
2025-08-18,IF_PRC_001,60,70,22,43,1.004,49.36
2025-08-18,IF_PRC_002,25,55,7,43,1.004,32.56
2025-08-18,IF_PRC_003,5,15,18,43,1.004,21.23
2025-08-18,IF_ASM_001,60,85,29,43,1.004,59.93
2025-08-18,IF_ASM_002,60,80,20,43,1.004,55.65
2025-08-18,IF_DLV_001,100,100,60,43,1.004,70.25
2025-08-19,IF_ORD_001,100,90,43,42,1.005,70.61
2025-08-19,IF_PAY_001,100,100,59,42,1.005,70.83
2025-08-19,IF_PAY_002,25,30,13,42,1.005,25.82
2025-08-19,IF_ORD_002,100,90,30,42,1.005,66.33
2025-08-19,IF_ORD_003,60,80,48,42,1.005,60.2
2025-08-19,IF_MFG_001,60,75,28,42,1.005,51.05
2025-08-19,IF_MFG_002,25,65,15,42,1.005,39.01
2025-08-19,IF_MFG_003,25,35,23,42,1.005,31.93
2025-08-19,IF_MFG_004,5,20,11,42,1.005,16.95
2025-08-19,IF_PRC_001,60,70,33,42,1.005,50.92
2025-08-19,IF_PRC_002,25,55,27,42,1.005,42.57
2025-08-19,IF_PRC_003,5,15,6,42,1.005,15.65
2025-08-19,IF_ASM_001,60,85,32,42,1.005,52.33
2025-08-19,IF_ASM_002,60,80,38,42,1.005,59.92
2025-08-19,IF_DLV_001,100,100,55,42,1.005,75.22
2025-08-20,IF_ORD_001,100,90,35,41,1.006,71.91
2025-08-20,IF_PAY_001,100,100,38,41,1.006,71.13
2025-08-20,IF_PAY_002,25,30,22,41,1.006,30.86
2025-08-20,IF_ORD_002,100,90,70,41,1.006,75.82
2025-08-20,IF_ORD_003,60,80,24,41,1.006,55.16
2025-08-20,IF_MFG_001,60,75,20,41,1.006,54.05
2025-08-20,IF_MFG_002,25,65,16,41,1.006,39.18
2025-08-20,IF_MFG_003,25,35,15,41,1.006,38.23
2025-08-20,IF_MFG_004,5,20,19,41,1.006,24.9
2025-08-20,IF_PRC_001,60,70,44,41,1.006,54.67
2025-08-20,IF_PRC_002,25,55,21,41,1.006,35.57
2025-08-20,IF_PRC_003,5,15,10,41,1.006,13.05
2025-08-20,IF_ASM_001,60,85,47,41,1.006,58.23
2025-08-20,IF_ASM_002,60,80,26,41,1.006,58.08
2025-08-20,IF_DLV_001,100,100,28,41,1.006,74.52
2025-08-21,IF_ORD_001,100,90,62,40,1.007,76.83
2025-08-21,IF_PAY_001,100,100,64,40,1.007,72.58
2025-08-21,IF_PAY_002,25,30,21,40,1.007,33.26
2025-08-21,IF_ORD_002,100,90,37,40,1.007,65.77
2025-08-21,IF_ORD_003,60,80,28,40,1.007,56.37
2025-08-21,IF_MFG_001,60,75,38,40,1.007,53.47
2025-08-21,IF_MFG_002,25,65,15,40,1.007,36.0
2025-08-21,IF_MFG_003,25,35,14,40,1.007,28.82
2025-08-21,IF_MFG_004,5,20,16,40,1.007,22.15
2025-08-21,IF_PRC_001,60,70,29,40,1.007,52.83
2025-08-21,IF_PRC_002,25,55,9,40,1.007,28.75
2025-08-21,IF_PRC_003,5,15,8,40,1.007,18.65
2025-08-21,IF_ASM_001,60,85,29,40,1.007,58.87
2025-08-21,IF_ASM_002,60,80,40,40,1.007,55.06
2025-08-21,IF_DLV_001,100,100,26,40,1.007,68.37
2025-08-22,IF_ORD_001,100,90,55,39,1.008,74.4
2025-08-22,IF_PAY_001,100,100,46,39,1.008,72.35
2025-08-22,IF_PAY_002,25,30,12,39,1.008,26.09
2025-08-22,IF_ORD_002,100,90,51,39,1.008,77.17
2025-08-22,IF_ORD_003,60,80,18,39,1.008,54.31
2025-08-22,IF_MFG_001,60,75,27,39,1.008,56.37
2025-08-22,IF_MFG_002,25,65,13,39,1.008,40.12
2025-08-22,IF_MFG_003,25,35,24,39,1.008,29.39
2025-08-22,IF_MFG_004,5,20,11,39,1.008,22.69
2025-08-22,IF_PRC_001,60,70,13,39,1.008,48.62
2025-08-22,IF_PRC_002,25,55,15,39,1.008,34.84
2025-08-22,IF_PRC_003,5,15,5,39,1.008,13.99
2025-08-22,IF_ASM_001,60,85,16,39,1.008,55.55
2025-08-22,IF_ASM_002,60,80,31,39,1.008,56.92
2025-08-22,IF_DLV_001,100,100,66,39,1.008,77.02
2025-08-23,IF_ORD_001,100,90,47,38,1.009,76.41
2025-08-23,IF_PAY_001,100,100,35,38,1.009,71.75
2025-08-23,IF_PAY_002,25,30,17,38,1.009,34.1
2025-08-23,IF_ORD_002,100,90,40,38,1.009,72.4
2025-08-23,IF_ORD_003,60,80,24,38,1.009,53.65
2025-08-23,IF_MFG_001,60,75,37,38,1.009,52.98
2025-08-23,IF_MFG_002,25,65,18,38,1.009,35.36
2025-08-23,IF_MFG_003,25,35,11,38,1.009,34.7
2025-08-23,IF_MFG_004,5,20,11,38,1.009,19.97
2025-08-23,IF_PRC_001,60,70,30,38,1.009,50.03
2025-08-23,IF_PRC_002,25,55,14,38,1.009,33.36
2025-08-23,IF_PRC_003,5,15,10,38,1.009,24.12
2025-08-23,IF_ASM_001,60,85,20,38,1.009,61.12
2025-08-23,IF_ASM_002,60,80,26,38,1.009,53.81
2025-08-23,IF_DLV_001,100,100,57,38,1.009,79.49
2025-08-24,IF_ORD_001,100,90,30,37,1.01,72.32
2025-08-24,IF_PAY_001,100,100,33,37,1.01,73.48
2025-08-24,IF_PAY_002,25,30,16,37,1.01,29.2
2025-08-24,IF_ORD_002,100,90,33,37,1.01,74.87
2025-08-24,IF_ORD_003,60,80,67,37,1.01,60.43
2025-08-24,IF_MFG_001,60,75,20,37,1.01,53.5
2025-08-24,IF_MFG_002,25,65,22,37,1.01,44.07
2025-08-24,IF_MFG_003,25,35,18,37,1.01,25.71
2025-08-24,IF_MFG_004,5,20,7,37,1.01,19.13
2025-08-24,IF_PRC_001,60,70,35,37,1.01,50.6
2025-08-24,IF_PRC_002,25,55,17,37,1.01,32.3
2025-08-24,IF_PRC_003,5,15,7,37,1.01,10.73
2025-08-24,IF_ASM_001,60,85,22,37,1.01,50.69
2025-08-24,IF_ASM_002,60,80,15,37,1.01,54.98
2025-08-24,IF_DLV_001,100,100,43,37,1.01,67.9
2025-08-25,IF_ORD_001,100,90,18,36,1.012,65.2
2025-08-25,IF_PAY_001,100,100,15,36,1.012,65.72
2025-08-25,IF_PAY_002,25,30,20,36,1.012,27.34
2025-08-25,IF_ORD_002,100,90,31,36,1.012,68.29
2025-08-25,IF_ORD_003,60,80,29,36,1.012,57.74
2025-08-25,IF_MFG_001,60,75,30,36,1.012,55.45
2025-08-25,IF_MFG_002,25,65,22,36,1.012,43.72
2025-08-25,IF_MFG_003,25,35,11,36,1.012,26.35
2025-08-25,IF_MFG_004,5,20,4,36,1.012,15.84
2025-08-25,IF_PRC_001,60,70,24,36,1.012,51.63
2025-08-25,IF_PRC_002,25,55,21,36,1.012,34.04
2025-08-25,IF_PRC_003,5,15,5,36,1.012,18.15
2025-08-25,IF_ASM_001,60,85,30,36,1.012,57.82
2025-08-25,IF_ASM_002,60,80,36,36,1.012,59.72
2025-08-25,IF_DLV_001,100,100,42,36,1.012,71.81
2025-08-26,IF_ORD_001,100,90,38,35,1.013,67.43
2025-08-26,IF_PAY_001,100,100,42,35,1.013,70.1
2025-08-26,IF_PAY_002,25,30,22,35,1.013,30.68
2025-08-26,IF_ORD_002,100,90,29,35,1.013,74.0
2025-08-26,IF_ORD_003,60,80,38,35,1.013,57.61
2025-08-26,IF_MFG_001,60,75,42,35,1.013,58.79
2025-08-26,IF_MFG_002,25,65,17,35,1.013,36.06
2025-08-26,IF_MFG_003,25,35,20,35,1.013,34.05
2025-08-26,IF_MFG_004,5,20,7,35,1.013,16.87
2025-08-26,IF_PRC_001,60,70,153,35,1.013,53.36
2025-08-26,IF_PRC_002,25,55,16,35,1.013,33.76
2025-08-26,IF_PRC_003,5,15,6,35,1.013,21.69
2025-08-26,IF_ASM_001,60,85,21,35,1.013,55.76
2025-08-26,IF_ASM_002,60,80,31,35,1.013,57.16
2025-08-26,IF_DLV_001,100,100,49,35,1.013,71.66
2025-08-27,IF_ORD_001,100,90,44,34,1.016,70.6
2025-08-27,IF_PAY_001,100,100,59,34,1.016,73.04
2025-08-27,IF_PAY_002,25,30,12,34,1.016,26.99
2025-08-27,IF_ORD_002,100,90,58,34,1.016,71.87
2025-08-27,IF_ORD_003,60,80,16,34,1.016,52.82
2025-08-27,IF_MFG_001,60,75,30,34,1.016,54.41
2025-08-27,IF_MFG_002,25,65,16,34,1.016,36.58
2025-08-27,IF_MFG_003,25,35,22,34,1.016,31.53
2025-08-27,IF_MFG_004,5,20,11,34,1.016,22.89
2025-08-27,IF_PRC_001,60,70,26,34,1.016,51.32
2025-08-27,IF_PRC_002,25,55,19,34,1.016,35.25
2025-08-27,IF_PRC_003,5,15,32,34,1.016,24.65
2025-08-27,IF_ASM_001,60,85,26,34,1.016,62.31
2025-08-27,IF_ASM_002,60,80,30,34,1.016,50.41
2025-08-27,IF_DLV_001,100,100,33,34,1.016,71.28
2025-08-28,IF_ORD_001,100,90,28,33,1.018,68.77
2025-08-28,IF_PAY_001,100,100,51,33,1.018,73.93
2025-08-28,IF_PAY_002,25,30,20,33,1.018,28.64
2025-08-28,IF_ORD_002,100,90,31,33,1.018,65.29
2025-08-28,IF_ORD_003,60,80,26,33,1.018,55.61
2025-08-28,IF_MFG_001,60,75,11,33,1.018,47.75
2025-08-28,IF_MFG_002,25,65,13,33,1.018,38.36
2025-08-28,IF_MFG_003,25,35,23,33,1.018,26.68
2025-08-28,IF_MFG_004,5,20,8,33,1.018,25.61
2025-08-28,IF_PRC_001,60,70,32,33,1.018,53.9
2025-08-28,IF_PRC_002,25,55,24,33,1.018,42.86
2025-08-28,IF_PRC_003,5,15,10,33,1.018,18.21
2025-08-28,IF_ASM_001,60,85,24,33,1.018,49.14
2025-08-28,IF_ASM_002,60,80,39,33,1.018,55.3
2025-08-28,IF_DLV_001,100,100,27,33,1.018,71.12
2025-08-29,IF_ORD_001,100,90,49,32,1.021,74.82
2025-08-29,IF_PAY_001,100,100,30,32,1.021,69.32
2025-08-29,IF_PAY_002,25,30,14,32,1.021,27.74
2025-08-29,IF_ORD_002,100,90,46,32,1.021,70.52
2025-08-29,IF_ORD_003,60,80,37,32,1.021,54.25
2025-08-29,IF_MFG_001,60,75,34,32,1.021,55.08
2025-08-29,IF_MFG_002,25,65,55,32,1.021,37.08
2025-08-29,IF_MFG_003,25,35,11,32,1.021,24.82
2025-08-29,IF_MFG_004,5,20,11,32,1.021,17.49
2025-08-29,IF_PRC_001,60,70,44,32,1.021,53.79
2025-08-29,IF_PRC_002,25,55,15,32,1.021,34.6
2025-08-29,IF_PRC_003,5,15,7,32,1.021,12.03
2025-08-29,IF_ASM_001,60,85,22,32,1.021,56.06
2025-08-29,IF_ASM_002,60,80,32,32,1.021,56.01
2025-08-29,IF_DLV_001,100,100,23,32,1.021,72.54
2025-08-30,IF_ORD_001,100,90,62,31,1.024,75.98
2025-08-30,IF_PAY_001,100,100,57,31,1.024,76.06
2025-08-30,IF_PAY_002,25,30,14,31,1.024,32.2
2025-08-30,IF_ORD_002,100,90,40,31,1.024,67.14
2025-08-30,IF_ORD_003,60,80,28,31,1.024,58.77
2025-08-30,IF_MFG_001,60,75,42,31,1.024,55.12
2025-08-30,IF_MFG_002,25,65,23,31,1.024,42.88
2025-08-30,IF_MFG_003,25,35,12,31,1.024,25.31
2025-08-30,IF_MFG_004,5,20,9,31,1.024,18.35
2025-08-30,IF_PRC_001,60,70,21,31,1.024,54.1
2025-08-30,IF_PRC_002,25,55,20,31,1.024,35.94
2025-08-30,IF_PRC_003,5,15,11,31,1.024,19.17
2025-08-30,IF_ASM_001,60,85,29,31,1.024,55.39
2025-08-30,IF_ASM_002,60,80,42,31,1.024,63.78
2025-08-30,IF_DLV_001,100,100,49,31,1.024,75.69
2025-08-31,IF_ORD_001,100,90,36,30,1.028,69.47
2025-08-31,IF_PAY_001,100,100,40,30,1.028,71.53
2025-08-31,IF_PAY_002,25,30,23,30,1.028,28.96
2025-08-31,IF_ORD_002,100,90,39,30,1.028,67.08
2025-08-31,IF_ORD_003,60,80,100,30,1.028,59.67
2025-08-31,IF_MFG_001,60,75,21,30,1.028,51.7
2025-08-31,IF_MFG_002,25,65,27,30,1.028,39.1
2025-08-31,IF_MFG_003,25,35,13,30,1.028,27.64
2025-08-31,IF_MFG_004,5,20,16,30,1.028,26.68
2025-08-31,IF_PRC_001,60,70,27,30,1.028,52.52
2025-08-31,IF_PRC_002,25,55,25,30,1.028,35.57
2025-08-31,IF_PRC_003,5,15,8,30,1.028,14.28
2025-08-31,IF_ASM_001,60,85,20,30,1.028,51.81
2025-08-31,IF_ASM_002,60,80,37,30,1.028,58.34
2025-08-31,IF_DLV_001,100,100,26,30,1.028,74.06
2025-09-01,IF_ORD_001,100,90,23,29,1.032,73.56
2025-09-01,IF_PAY_001,100,100,23,29,1.032,71.36
2025-09-01,IF_PAY_002,25,30,12,29,1.032,24.16
2025-09-01,IF_ORD_002,100,90,53,29,1.032,74.48
2025-09-01,IF_ORD_003,60,80,21,29,1.032,58.64
2025-09-01,IF_MFG_001,60,75,21,29,1.032,52.6
2025-09-01,IF_MFG_002,25,65,20,29,1.032,40.94
2025-09-01,IF_MFG_003,25,35,17,29,1.032,27.95
2025-09-01,IF_MFG_004,5,20,14,29,1.032,19.65
2025-09-01,IF_PRC_001,60,70,32,29,1.032,50.75
2025-09-01,IF_PRC_002,25,55,17,29,1.032,38.43
2025-09-01,IF_PRC_003,5,15,12,29,1.032,13.4
2025-09-01,IF_ASM_001,60,85,17,29,1.032,62.92
2025-09-01,IF_ASM_002,60,80,92,29,1.032,62.59
2025-09-01,IF_DLV_001,100,100,36,29,1.032,69.06
2025-09-02,IF_ORD_001,100,90,40,28,1.037,74.32
2025-09-02,IF_PAY_001,100,100,47,28,1.037,73.76
2025-09-02,IF_PAY_002,25,30,14,28,1.037,27.87
2025-09-02,IF_ORD_002,100,90,66,28,1.037,72.22
2025-09-02,IF_ORD_003,60,80,18,28,1.037,56.02
2025-09-02,IF_MFG_001,60,75,35,28,1.037,59.03
2025-09-02,IF_MFG_002,25,65,20,28,1.037,34.52
2025-09-02,IF_MFG_003,25,35,5,28,1.037,23.96
2025-09-02,IF_MFG_004,5,20,6,28,1.037,13.44
2025-09-02,IF_PRC_001,60,70,44,28,1.037,54.06
2025-09-02,IF_PRC_002,25,55,9,28,1.037,35.64
2025-09-02,IF_PRC_003,5,15,10,28,1.037,17.43
2025-09-02,IF_ASM_001,60,85,33,28,1.037,60.01
2025-09-02,IF_ASM_002,60,80,35,28,1.037,53.33
2025-09-02,IF_DLV_001,100,100,42,28,1.037,71.91
2025-09-03,IF_ORD_001,100,90,37,27,1.042,65.24
2025-09-03,IF_PAY_001,100,100,60,27,1.042,74.74
2025-09-03,IF_PAY_002,25,30,16,27,1.042,32.78
2025-09-03,IF_ORD_002,100,90,70,27,1.042,77.34
2025-09-03,IF_ORD_003,60,80,43,27,1.042,55.86
2025-09-03,IF_MFG_001,60,75,24,27,1.042,48.27
2025-09-03,IF_MFG_002,25,65,22,27,1.042,36.83
2025-09-03,IF_MFG_003,25,35,15,27,1.042,23.78
2025-09-03,IF_MFG_004,5,20,11,27,1.042,21.87
2025-09-03,IF_PRC_001,60,70,21,27,1.042,50.54
2025-09-03,IF_PRC_002,25,55,9,27,1.042,33.36
2025-09-03,IF_PRC_003,5,15,4,27,1.042,14.01
2025-09-03,IF_ASM_001,60,85,33,27,1.042,56.56
2025-09-03,IF_ASM_002,60,80,18,27,1.042,52.17
2025-09-03,IF_DLV_001,100,100,37,27,1.042,71.76
2025-09-04,IF_ORD_001,100,90,32,26,1.049,72.86
2025-09-04,IF_PAY_001,100,100,33,26,1.049,74.07
2025-09-04,IF_PAY_002,25,30,13,26,1.049,28.93
2025-09-04,IF_ORD_002,100,90,50,26,1.049,77.23
2025-09-04,IF_ORD_003,60,80,64,26,1.049,58.13
2025-09-04,IF_MFG_001,60,75,42,26,1.049,56.75
2025-09-04,IF_MFG_002,25,65,14,26,1.049,39.57
2025-09-04,IF_MFG_003,25,35,10,26,1.049,26.05
2025-09-04,IF_MFG_004,5,20,9,26,1.049,16.69
2025-09-04,IF_PRC_001,60,70,18,26,1.049,56.2
2025-09-04,IF_PRC_002,25,55,26,26,1.049,38.79
2025-09-04,IF_PRC_003,5,15,46,26,1.049,25.49
2025-09-04,IF_ASM_001,60,85,190,26,1.049,66.17
2025-09-04,IF_ASM_002,60,80,37,26,1.049,59.41
2025-09-04,IF_DLV_001,100,100,37,26,1.049,69.01
2025-09-05,IF_ORD_001,100,90,46,25,1.056,77.87
2025-09-05,IF_PAY_001,100,100,71,25,1.056,83.91
2025-09-05,IF_PAY_002,25,30,58,25,1.056,29.24
2025-09-05,IF_ORD_002,100,90,40,25,1.056,72.99
2025-09-05,IF_ORD_003,60,80,22,25,1.056,55.74
2025-09-05,IF_MFG_001,60,75,37,25,1.056,58.11
2025-09-05,IF_MFG_002,25,65,15,25,1.056,38.39
2025-09-05,IF_MFG_003,25,35,22,25,1.056,31.43
2025-09-05,IF_MFG_004,5,20,10,25,1.056,12.62
2025-09-05,IF_PRC_001,60,70,43,25,1.056,54.83
2025-09-05,IF_PRC_002,25,55,19,25,1.056,32.44
2025-09-05,IF_PRC_003,5,15,7,25,1.056,12.57
2025-09-05,IF_ASM_001,60,85,30,25,1.056,60.08
2025-09-05,IF_ASM_002,60,80,22,25,1.056,56.66
2025-09-05,IF_DLV_001,100,100,54,25,1.056,78.54
2025-09-06,IF_ORD_001,100,90,38,24,1.065,78.35
2025-09-06,IF_PAY_001,100,100,50,24,1.065,74.45
2025-09-06,IF_PAY_002,25,30,14,24,1.065,29.34
2025-09-06,IF_ORD_002,100,90,48,24,1.065,72.76
2025-09-06,IF_ORD_003,60,80,35,24,1.065,57.71
2025-09-06,IF_MFG_001,60,75,40,24,1.065,57.64
2025-09-06,IF_MFG_002,25,65,21,24,1.065,36.39
2025-09-06,IF_MFG_003,25,35,23,24,1.065,33.81
2025-09-06,IF_MFG_004,5,20,9,24,1.065,14.07
2025-09-06,IF_PRC_001,60,70,29,24,1.065,45.55
2025-09-06,IF_PRC_002,25,55,11,24,1.065,32.73
2025-09-06,IF_PRC_003,5,15,5,24,1.065,18.15
2025-09-06,IF_ASM_001,60,85,32,24,1.065,57.05
2025-09-06,IF_ASM_002,60,80,38,24,1.065,54.57
2025-09-06,IF_DLV_001,100,100,46,24,1.065,71.9
2025-09-07,IF_ORD_001,100,90,57,23,1.075,81.01
2025-09-07,IF_PAY_001,100,100,56,23,1.075,77.1
2025-09-07,IF_PAY_002,25,30,15,23,1.075,26.21
2025-09-07,IF_ORD_002,100,90,44,23,1.075,70.67
2025-09-07,IF_ORD_003,60,80,47,23,1.075,56.64
2025-09-07,IF_MFG_001,60,75,41,23,1.075,54.7
2025-09-07,IF_MFG_002,25,65,24,23,1.075,36.92
2025-09-07,IF_MFG_003,25,35,18,23,1.075,31.11
2025-09-07,IF_MFG_004,5,20,17,23,1.075,18.9
2025-09-07,IF_PRC_001,60,70,32,23,1.075,54.95
2025-09-07,IF_PRC_002,25,55,24,23,1.075,35.68
2025-09-07,IF_PRC_003,5,15,8,23,1.075,20.01
2025-09-07,IF_ASM_001,60,85,25,23,1.075,57.21
2025-09-07,IF_ASM_002,60,80,16,23,1.075,50.57
2025-09-07,IF_DLV_001,100,100,61,23,1.075,84.52
2025-09-08,IF_ORD_001,100,90,63,22,1.086,74.95
2025-09-08,IF_PAY_001,100,100,59,22,1.086,79.66
2025-09-08,IF_PAY_002,25,30,19,22,1.086,31.26
2025-09-08,IF_ORD_002,100,90,42,22,1.086,71.22
2025-09-08,IF_ORD_003,60,80,29,22,1.086,55.41
2025-09-08,IF_MFG_001,60,75,44,22,1.086,55.53
2025-09-08,IF_MFG_002,25,65,15,22,1.086,38.86
2025-09-08,IF_MFG_003,25,35,15,22,1.086,29.09
2025-09-08,IF_MFG_004,5,20,5,22,1.086,14.25
2025-09-08,IF_PRC_001,60,70,33,22,1.086,53.41
2025-09-08,IF_PRC_002,25,55,17,22,1.086,36.52
2025-09-08,IF_PRC_003,5,15,6,22,1.086,17.25
2025-09-08,IF_ASM_001,60,85,24,22,1.086,52.33
2025-09-08,IF_ASM_002,60,80,28,22,1.086,49.92
2025-09-08,IF_DLV_001,100,100,57,22,1.086,77.7
2025-09-09,IF_ORD_001,100,90,70,21,1.1,79.12
2025-09-09,IF_PAY_001,100,100,44,21,1.1,73.99
2025-09-09,IF_PAY_002,25,30,18,21,1.1,33.04
2025-09-09,IF_ORD_002,100,90,33,21,1.1,69.86
2025-09-09,IF_ORD_003,60,80,44,21,1.1,60.28
2025-09-09,IF_MFG_001,60,75,40,21,1.1,52.88
2025-09-09,IF_MFG_002,25,65,17,21,1.1,37.03
2025-09-09,IF_MFG_003,25,35,17,21,1.1,32.66
2025-09-09,IF_MFG_004,5,20,4,21,1.1,13.47
2025-09-09,IF_PRC_001,60,70,97,21,1.1,61.73
2025-09-09,IF_PRC_002,25,55,7,21,1.1,30.9
2025-09-09,IF_PRC_003,5,15,7,21,1.1,14.5
2025-09-09,IF_ASM_001,60,85,20,21,1.1,56.15
2025-09-09,IF_ASM_002,60,80,21,21,1.1,57.85
2025-09-09,IF_DLV_001,100,100,44,21,1.1,73.53
2025-09-10,IF_ORD_001,100,90,37,20,1.115,70.64
2025-09-10,IF_PAY_001,100,100,44,20,1.115,79.98
2025-09-10,IF_PAY_002,25,30,18,20,1.115,30.61
2025-09-10,IF_ORD_002,100,90,29,20,1.115,75.68
2025-09-10,IF_ORD_003,60,80,37,20,1.115,59.96
2025-09-10,IF_MFG_001,60,75,18,20,1.115,55.0
2025-09-10,IF_MFG_002,25,65,14,20,1.115,35.82
2025-09-10,IF_MFG_003,25,35,16,20,1.115,29.04
2025-09-10,IF_MFG_004,5,20,17,20,1.115,17.73
2025-09-10,IF_PRC_001,60,70,28,20,1.115,55.67
2025-09-10,IF_PRC_002,25,55,22,20,1.115,42.17
2025-09-10,IF_PRC_003,5,15,7,20,1.115,21.21
2025-09-10,IF_ASM_001,60,85,21,20,1.115,57.03
2025-09-10,IF_ASM_002,60,80,26,20,1.115,55.07
2025-09-10,IF_DLV_001,100,100,56,20,1.115,80.32
2025-09-11,IF_ORD_001,100,90,40,19,1.133,70.64
2025-09-11,IF_PAY_001,100,100,35,19,1.133,79.29
2025-09-11,IF_PAY_002,25,30,14,19,1.133,33.82
2025-09-11,IF_ORD_002,100,90,32,19,1.133,70.39
2025-09-11,IF_ORD_003,60,80,32,19,1.133,55.88
2025-09-11,IF_MFG_001,60,75,29,19,1.133,57.29
2025-09-11,IF_MFG_002,25,65,28,19,1.133,35.87
2025-09-11,IF_MFG_003,25,35,21,19,1.133,35.49
2025-09-11,IF_MFG_004,5,20,15,19,1.133,23.45
2025-09-11,IF_PRC_001,60,70,25,19,1.133,50.9
2025-09-11,IF_PRC_002,25,55,20,19,1.133,41.1
2025-09-11,IF_PRC_003,5,15,9,19,1.133,19.45
2025-09-11,IF_ASM_001,60,85,26,19,1.133,58.68
2025-09-11,IF_ASM_002,60,80,55,19,1.133,58.31
2025-09-11,IF_DLV_001,100,100,30,19,1.133,73.57
2025-09-12,IF_ORD_001,100,90,30,18,1.153,71.46
2025-09-12,IF_PAY_001,100,100,28,18,1.153,70.27
2025-09-12,IF_PAY_002,25,30,17,18,1.153,31.28
2025-09-12,IF_ORD_002,100,90,45,18,1.153,73.95
2025-09-12,IF_ORD_003,60,80,103,18,1.153,57.94
2025-09-12,IF_MFG_001,60,75,33,18,1.153,52.62
2025-09-12,IF_MFG_002,25,65,17,18,1.153,38.86
2025-09-12,IF_MFG_003,25,35,65,18,1.153,41.32
2025-09-12,IF_MFG_004,5,20,12,18,1.153,26.71
2025-09-12,IF_PRC_001,60,70,36,18,1.153,53.34
2025-09-12,IF_PRC_002,25,55,16,18,1.153,36.95
2025-09-12,IF_PRC_003,5,15,18,18,1.153,22.28
2025-09-12,IF_ASM_001,60,85,37,18,1.153,57.75
2025-09-12,IF_ASM_002,60,80,23,18,1.153,58.48
2025-09-12,IF_DLV_001,100,100,54,18,1.153,79.09
2025-09-13,IF_ORD_001,100,90,37,17,1.176,77.89
2025-09-13,IF_PAY_001,100,100,50,17,1.176,77.16
2025-09-13,IF_PAY_002,25,30,16,17,1.176,28.4
2025-09-13,IF_ORD_002,100,90,42,17,1.176,73.95
2025-09-13,IF_ORD_003,60,80,33,17,1.176,55.36
2025-09-13,IF_MFG_001,60,75,19,17,1.176,49.87
2025-09-13,IF_MFG_002,25,65,26,17,1.176,39.82
2025-09-13,IF_MFG_003,25,35,7,17,1.176,24.84
2025-09-13,IF_MFG_004,5,20,14,17,1.176,22.12
2025-09-13,IF_PRC_001,60,70,26,17,1.176,51.67
2025-09-13,IF_PRC_002,25,55,20,17,1.176,36.79
2025-09-13,IF_PRC_003,5,15,17,17,1.176,23.62
2025-09-13,IF_ASM_001,60,85,28,17,1.176,55.31
2025-09-13,IF_ASM_002,60,80,21,17,1.176,63.87
2025-09-13,IF_DLV_001,100,100,29,17,1.176,68.43
2025-09-14,IF_ORD_001,100,90,52,16,1.203,73.32
2025-09-14,IF_PAY_001,100,100,63,16,1.203,76.8
2025-09-14,IF_PAY_002,25,30,13,16,1.203,30.89
2025-09-14,IF_ORD_002,100,90,23,16,1.203,69.76
2025-09-14,IF_ORD_003,60,80,26,16,1.203,54.2
2025-09-14,IF_MFG_001,60,75,111,16,1.203,67.82
2025-09-14,IF_MFG_002,25,65,23,16,1.203,47.54
2025-09-14,IF_MFG_003,25,35,10,16,1.203,29.54
2025-09-14,IF_MFG_004,5,20,20,16,1.203,22.39
2025-09-14,IF_PRC_001,60,70,17,16,1.203,55.59
2025-09-14,IF_PRC_002,25,55,14,16,1.203,36.25
2025-09-14,IF_PRC_003,5,15,11,16,1.203,19.68
2025-09-14,IF_ASM_001,60,85,19,16,1.203,54.57
2025-09-14,IF_ASM_002,60,80,36,16,1.203,58.86
2025-09-14,IF_DLV_001,100,100,42,16,1.203,77.69
2025-09-15,IF_ORD_001,100,90,49,15,1.235,77.02
2025-09-15,IF_PAY_001,100,100,54,15,1.235,73.55
2025-09-15,IF_PAY_002,25,30,26,15,1.235,35.95
2025-09-15,IF_ORD_002,100,90,41,15,1.235,74.16
2025-09-15,IF_ORD_003,60,80,35,15,1.235,57.88
2025-09-15,IF_MFG_001,60,75,22,15,1.235,58.1
2025-09-15,IF_MFG_002,25,65,20,15,1.235,44.13
2025-09-15,IF_MFG_003,25,35,22,15,1.235,33.47
2025-09-15,IF_MFG_004,5,20,9,15,1.235,25.48
2025-09-15,IF_PRC_001,60,70,19,15,1.235,54.04
2025-09-15,IF_PRC_002,25,55,28,15,1.235,38.3
2025-09-15,IF_PRC_003,5,15,11,15,1.235,18.76
2025-09-15,IF_ASM_001,60,85,43,15,1.235,59.93
2025-09-15,IF_ASM_002,60,80,37,15,1.235,59.76
2025-09-15,IF_DLV_001,100,100,74,15,1.235,81.76
2025-09-16,IF_ORD_001,100,90,54,14,1.271,70.06
2025-09-16,IF_PAY_001,100,100,36,14,1.271,72.8
2025-09-16,IF_PAY_002,25,30,14,14,1.271,31.35
2025-09-16,IF_ORD_002,100,90,49,14,1.271,69.74
2025-09-16,IF_ORD_003,60,80,21,14,1.271,58.23
2025-09-16,IF_MFG_001,60,75,15,14,1.271,54.59
2025-09-16,IF_MFG_002,25,65,11,14,1.271,33.58
2025-09-16,IF_MFG_003,25,35,21,14,1.271,34.71
2025-09-16,IF_MFG_004,5,20,6,14,1.271,18.47
2025-09-16,IF_PRC_001,60,70,28,14,1.271,59.55
2025-09-16,IF_PRC_002,25,55,11,14,1.271,37.56
2025-09-16,IF_PRC_003,5,15,9,14,1.271,23.63
2025-09-16,IF_ASM_001,60,85,27,14,1.271,55.17
2025-09-16,IF_ASM_002,60,80,41,14,1.271,54.69
2025-09-16,IF_DLV_001,100,100,44,14,1.271,75.97
2025-09-17,IF_ORD_001,100,90,31,13,1.312,68.38
2025-09-17,IF_PAY_001,100,100,74,13,1.312,78.84
2025-09-17,IF_PAY_002,25,30,11,13,1.312,26.89
2025-09-17,IF_ORD_002,100,90,50,13,1.312,71.61
2025-09-17,IF_ORD_003,60,80,51,13,1.312,60.49
2025-09-17,IF_MFG_001,60,75,20,13,1.312,59.57
2025-09-17,IF_MFG_002,25,65,18,13,1.312,46.64
2025-09-17,IF_MFG_003,25,35,18,13,1.312,39.49
2025-09-17,IF_MFG_004,5,20,12,13,1.312,23.76
2025-09-17,IF_PRC_001,60,70,34,13,1.312,53.81
2025-09-17,IF_PRC_002,25,55,26,13,1.312,40.99
2025-09-17,IF_PRC_003,5,15,17,13,1.312,28.3
2025-09-17,IF_ASM_001,60,85,33,13,1.312,61.21
2025-09-17,IF_ASM_002,60,80,26,13,1.312,63.55
2025-09-17,IF_DLV_001,100,100,70,13,1.312,84.24
2025-09-18,IF_ORD_001,100,90,60,12,1.36,80.19
2025-09-18,IF_PAY_001,100,100,28,12,1.36,81.11
2025-09-18,IF_PAY_002,25,30,14,12,1.36,30.14
2025-09-18,IF_ORD_002,100,90,58,12,1.36,74.17
2025-09-18,IF_ORD_003,60,80,52,12,1.36,63.16
2025-09-18,IF_MFG_001,60,75,26,12,1.36,58.98
2025-09-18,IF_MFG_002,25,65,12,12,1.36,42.86
2025-09-18,IF_MFG_003,25,35,129,12,1.36,43.03
2025-09-18,IF_MFG_004,5,20,15,12,1.36,26.29
2025-09-18,IF_PRC_001,60,70,34,12,1.36,57.76
2025-09-18,IF_PRC_002,25,55,21,12,1.36,43.62
2025-09-18,IF_PRC_003,5,15,7,12,1.36,16.53
2025-09-18,IF_ASM_001,60,85,31,12,1.36,65.16
2025-09-18,IF_ASM_002,60,80,36,12,1.36,61.27
2025-09-18,IF_DLV_001,100,100,55,12,1.36,74.41
2025-09-19,IF_ORD_001,100,90,31,11,1.415,71.15
2025-09-19,IF_PAY_001,100,100,36,11,1.415,79.94
2025-09-19,IF_PAY_002,25,30,20,11,1.415,31.99
2025-09-19,IF_ORD_002,100,90,37,11,1.415,72.71
2025-09-19,IF_ORD_003,60,80,23,11,1.415,56.4
2025-09-19,IF_MFG_001,60,75,34,11,1.415,62.08
2025-09-19,IF_MFG_002,25,65,15,11,1.415,42.82
2025-09-19,IF_MFG_003,25,35,14,11,1.415,34.46
2025-09-19,IF_MFG_004,5,20,4,11,1.415,21.15
2025-09-19,IF_PRC_001,60,70,33,11,1.415,57.72
2025-09-19,IF_PRC_002,25,55,18,11,1.415,41.34
2025-09-19,IF_PRC_003,5,15,16,11,1.415,28.28
2025-09-19,IF_ASM_001,60,85,32,11,1.415,60.59
2025-09-19,IF_ASM_002,60,80,23,11,1.415,58.8
2025-09-19,IF_DLV_001,100,100,53,11,1.415,76.67
2025-09-20,IF_ORD_001,100,90,63,10,1.479,79.07
2025-09-20,IF_PAY_001,100,100,58,10,1.479,82.92
2025-09-20,IF_PAY_002,25,30,24,10,1.479,34.85
2025-09-20,IF_ORD_002,100,90,33,10,1.479,72.13
2025-09-20,IF_ORD_003,60,80,104,10,1.479,66.38
2025-09-20,IF_MFG_001,60,75,38,10,1.479,59.32
2025-09-20,IF_MFG_002,25,65,11,10,1.479,41.98
2025-09-20,IF_MFG_003,25,35,25,10,1.479,37.98
2025-09-20,IF_MFG_004,5,20,9,10,1.479,17.45
2025-09-20,IF_PRC_001,60,70,34,10,1.479,60.22
2025-09-20,IF_PRC_002,25,55,25,10,1.479,48.15
2025-09-20,IF_PRC_003,5,15,14,10,1.479,26.18
2025-09-20,IF_ASM_001,60,85,20,10,1.479,57.87
2025-09-20,IF_ASM_002,60,80,15,10,1.479,54.89
2025-09-20,IF_DLV_001,100,100,44,10,1.479,77.05
2025-09-21,IF_ORD_001,100,90,39,9,1.553,76.69
2025-09-21,IF_PAY_001,100,100,41,9,1.553,74.81
2025-09-21,IF_PAY_002,25,30,21,9,1.553,39.34
2025-09-21,IF_ORD_002,100,90,33,9,1.553,71.81
2025-09-21,IF_ORD_003,60,80,93,9,1.553,64.06
2025-09-21,IF_MFG_001,60,75,50,9,1.553,63.86
2025-09-21,IF_MFG_002,25,65,20,9,1.553,45.83
2025-09-21,IF_MFG_003,25,35,8,9,1.553,31.17
2025-09-21,IF_MFG_004,5,20,11,9,1.553,20.01
2025-09-21,IF_PRC_001,60,70,34,9,1.553,61.12
2025-09-21,IF_PRC_002,25,55,10,9,1.553,40.1
2025-09-21,IF_PRC_003,5,15,15,9,1.553,29.67
2025-09-21,IF_ASM_001,60,85,42,9,1.553,62.28
2025-09-21,IF_ASM_002,60,80,31,9,1.553,58.59
2025-09-21,IF_DLV_001,100,100,50,9,1.553,72.07
2025-09-22,IF_ORD_001,100,90,168,8,1.638,85.23
2025-09-22,IF_PAY_001,100,100,47,8,1.638,80.12
2025-09-22,IF_PAY_002,25,30,12,8,1.638,37.31
2025-09-22,IF_ORD_002,100,90,35,8,1.638,74.27
2025-09-22,IF_ORD_003,60,80,29,8,1.638,62.74
2025-09-22,IF_MFG_001,60,75,27,8,1.638,54.72
2025-09-22,IF_MFG_002,25,65,17,8,1.638,41.75
2025-09-22,IF_MFG_003,25,35,26,8,1.638,41.54
2025-09-22,IF_MFG_004,5,20,18,8,1.638,25.9
2025-09-22,IF_PRC_001,60,70,44,8,1.638,62.72
2025-09-22,IF_PRC_002,25,55,17,8,1.638,37.89
2025-09-22,IF_PRC_003,5,15,8,8,1.638,19.54
2025-09-22,IF_ASM_001,60,85,41,8,1.638,63.93
2025-09-22,IF_ASM_002,60,80,36,8,1.638,60.0
2025-09-22,IF_DLV_001,100,100,68,8,1.638,79.87
2025-09-23,IF_ORD_001,100,90,43,7,1.736,82.47
2025-09-23,IF_PAY_001,100,100,43,7,1.736,83.29
2025-09-23,IF_PAY_002,25,30,17,7,1.736,33.47
2025-09-23,IF_ORD_002,100,90,36,7,1.736,78.17
2025-09-23,IF_ORD_003,60,80,31,7,1.736,60.39
2025-09-23,IF_MFG_001,60,75,56,7,1.736,70.58
2025-09-23,IF_MFG_002,25,65,16,7,1.736,45.85
2025-09-23,IF_MFG_003,25,35,20,7,1.736,38.45
2025-09-23,IF_MFG_004,5,20,11,7,1.736,25.65
2025-09-23,IF_PRC_001,60,70,49,7,1.736,68.83
2025-09-23,IF_PRC_002,25,55,17,7,1.736,44.82
2025-09-23,IF_PRC_003,5,15,9,7,1.736,29.94
2025-09-23,IF_ASM_001,60,85,29,7,1.736,66.26
2025-09-23,IF_ASM_002,60,80,45,7,1.736,65.87
2025-09-23,IF_DLV_001,100,100,63,7,1.736,84.19
2025-09-24,IF_ORD_001,100,90,45,6,1.849,79.32
2025-09-24,IF_PAY_001,100,100,57,6,1.849,82.07
2025-09-24,IF_PAY_002,25,30,18,6,1.849,37.67
2025-09-24,IF_ORD_002,100,90,57,6,1.849,78.75
2025-09-24,IF_ORD_003,60,80,65,6,1.849,61.35
2025-09-24,IF_MFG_001,60,75,32,6,1.849,63.49
2025-09-24,IF_MFG_002,25,65,13,6,1.849,44.08
2025-09-24,IF_MFG_003,25,35,27,6,1.849,39.4
2025-09-24,IF_MFG_004,5,20,16,6,1.849,36.14
2025-09-24,IF_PRC_001,60,70,49,6,1.849,62.06
2025-09-24,IF_PRC_002,25,55,27,6,1.849,43.21
2025-09-24,IF_PRC_003,5,15,16,6,1.849,27.77
2025-09-24,IF_ASM_001,60,85,36,6,1.849,70.32
2025-09-24,IF_ASM_002,60,80,28,6,1.849,64.71
2025-09-24,IF_DLV_001,100,100,60,6,1.849,80.11
2025-09-25,IF_ORD_001,100,90,46,5,1.979,78.45
2025-09-25,IF_PAY_001,100,100,47,5,1.979,87.72
2025-09-25,IF_PAY_002,25,30,29,5,1.979,40.42
2025-09-25,IF_ORD_002,100,90,45,5,1.979,77.66
2025-09-25,IF_ORD_003,60,80,16,5,1.979,62.45
2025-09-25,IF_MFG_001,60,75,37,5,1.979,60.8
2025-09-25,IF_MFG_002,25,65,26,5,1.979,53.7
2025-09-25,IF_MFG_003,25,35,23,5,1.979,40.69
2025-09-25,IF_MFG_004,5,20,14,5,1.979,30.48
2025-09-25,IF_PRC_001,60,70,36,5,1.979,60.33
2025-09-25,IF_PRC_002,25,55,24,5,1.979,43.44
2025-09-25,IF_PRC_003,5,15,12,5,1.979,26.71
2025-09-25,IF_ASM_001,60,85,36,5,1.979,67.47
2025-09-25,IF_ASM_002,60,80,32,5,1.979,62.12
2025-09-25,IF_DLV_001,100,100,58,5,1.979,83.79
2025-09-26,IF_ORD_001,100,90,38,4,2.129,82.32
2025-09-26,IF_PAY_001,100,100,42,4,2.129,86.78
2025-09-26,IF_PAY_002,25,30,32,4,2.129,45.32
2025-09-26,IF_ORD_002,100,90,74,4,2.129,85.03
2025-09-26,IF_ORD_003,60,80,22,4,2.129,61.7
2025-09-26,IF_MFG_001,60,75,40,4,2.129,66.46
2025-09-26,IF_MFG_002,25,65,20,4,2.129,49.93
2025-09-26,IF_MFG_003,25,35,19,4,2.129,43.82
2025-09-26,IF_MFG_004,5,20,19,4,2.129,36.74
2025-09-26,IF_PRC_001,60,70,16,4,2.129,63.69
2025-09-26,IF_PRC_002,25,55,21,4,2.129,45.87
2025-09-26,IF_PRC_003,5,15,14,4,2.129,28.48
2025-09-26,IF_ASM_001,60,85,39,4,2.129,70.37
2025-09-26,IF_ASM_002,60,80,59,4,2.129,69.38
2025-09-26,IF_DLV_001,100,100,82,4,2.129,89.66
2025-09-27,IF_ORD_001,100,90,35,3,2.303,86.15
2025-09-27,IF_PAY_001,100,100,78,3,2.303,84.5
2025-09-27,IF_PAY_002,25,30,38,3,2.303,48.4
2025-09-27,IF_ORD_002,100,90,78,3,2.303,90.37
2025-09-27,IF_ORD_003,60,80,30,3,2.303,68.88
2025-09-27,IF_MFG_001,60,75,41,3,2.303,67.94
2025-09-27,IF_MFG_002,25,65,15,3,2.303,51.52
2025-09-27,IF_MFG_003,25,35,21,3,2.303,43.92
2025-09-27,IF_MFG_004,5,20,21,3,2.303,33.7
2025-09-27,IF_PRC_001,60,70,37,3,2.303,66.33
2025-09-27,IF_PRC_002,25,55,23,3,2.303,47.0
2025-09-27,IF_PRC_003,5,15,14,3,2.303,27.29
2025-09-27,IF_ASM_001,60,85,45,3,2.303,70.07
2025-09-27,IF_ASM_002,60,80,26,3,2.303,69.17
2025-09-27,IF_DLV_001,100,100,42,3,2.303,88.02
2025-09-28,IF_ORD_001,100,90,39,2,2.503,87.41
2025-09-28,IF_PAY_001,100,100,39,2,2.503,90.29
2025-09-28,IF_PAY_002,25,30,27,2,2.503,45.24
2025-09-28,IF_ORD_002,100,90,56,2,2.503,90.38
2025-09-28,IF_ORD_003,60,80,163,2,2.503,85.07
2025-09-28,IF_MFG_001,60,75,27,2,2.503,69.37
2025-09-28,IF_MFG_002,25,65,17,2,2.503,46.96
2025-09-28,IF_MFG_003,25,35,22,2,2.503,50.87
2025-09-28,IF_MFG_004,5,20,16,2,2.503,35.6
2025-09-28,IF_PRC_001,60,70,29,2,2.503,64.14
2025-09-28,IF_PRC_002,25,55,29,2,2.503,53.02
2025-09-28,IF_PRC_003,5,15,6,2,2.503,31.62
2025-09-28,IF_ASM_001,60,85,51,2,2.503,73.28
2025-09-28,IF_ASM_002,60,80,53,2,2.503,71.41
2025-09-28,IF_DLV_001,100,100,63,2,2.503,86.25
2025-09-29,IF_ORD_001,100,90,59,1,2.734,86.09
2025-09-29,IF_PAY_001,100,100,76,1,2.734,91.54
2025-09-29,IF_PAY_002,25,30,38,1,2.734,49.6
2025-09-29,IF_ORD_002,100,90,85,1,2.734,90.33
2025-09-29,IF_ORD_003,60,80,44,1,2.734,75.39
2025-09-29,IF_MFG_001,60,75,32,1,2.734,68.94
2025-09-29,IF_MFG_002,25,65,24,1,2.734,56.34
2025-09-29,IF_MFG_003,25,35,32,1,2.734,53.62
2025-09-29,IF_MFG_004,5,20,15,1,2.734,40.16
2025-09-29,IF_PRC_001,60,70,64,1,2.734,73.07
2025-09-29,IF_PRC_002,25,55,18,1,2.734,55.76
2025-09-29,IF_PRC_003,5,15,12,1,2.734,34.54
2025-09-29,IF_ASM_001,60,85,56,1,2.734,75.39
2025-09-29,IF_ASM_002,60,80,36,1,2.734,73.12
2025-09-29,IF_DLV_001,100,100,61,1,2.734,92.33
2025-09-30,IF_ORD_001,100,90,74,0,3.0,91.08
2025-09-30,IF_PAY_001,100,100,58,0,3.0,92.06
2025-09-30,IF_PAY_002,25,30,22,0,3.0,53.78
2025-09-30,IF_ORD_002,100,90,78,0,3.0,94.04
2025-09-30,IF_ORD_003,60,80,44,0,3.0,79.56
2025-09-30,IF_MFG_001,60,75,27,0,3.0,73.0
2025-09-30,IF_MFG_002,25,65,31,0,3.0,63.38
2025-09-30,IF_MFG_003,25,35,13,0,3.0,49.37
2025-09-30,IF_MFG_004,5,20,11,0,3.0,37.29
2025-09-30,IF_PRC_001,60,70,32,0,3.0,66.4
2025-09-30,IF_PRC_002,25,55,31,0,3.0,60.65
2025-09-30,IF_PRC_003,5,15,12,0,3.0,41.45
2025-09-30,IF_ASM_001,60,85,52,0,3.0,80.17
2025-09-30,IF_ASM_002,60,80,18,0,3.0,71.25
2025-09-30,IF_DLV_001,100,100,49,0,3.0,92.6
2025-10-01,IF_ORD_001,100,90,56,91,1.0,73.45
2025-10-01,IF_PAY_001,100,100,39,91,1.0,72.14
2025-10-01,IF_PAY_002,25,30,21,91,1.0,25.15
2025-10-01,IF_ORD_002,100,90,57,91,1.0,71.44
2025-10-01,IF_ORD_003,60,80,27,91,1.0,54.07
2025-10-01,IF_MFG_001,60,75,27,91,1.0,53.22
2025-10-01,IF_MFG_002,25,65,12,91,1.0,39.15
2025-10-01,IF_MFG_003,25,35,9,91,1.0,24.9
2025-10-01,IF_MFG_004,5,20,4,91,1.0,17.83
2025-10-01,IF_PRC_001,60,70,30,91,1.0,58.59
2025-10-01,IF_PRC_002,25,55,20,91,1.0,34.17
2025-10-01,IF_PRC_003,5,15,7,91,1.0,21.02
2025-10-01,IF_ASM_001,60,85,38,91,1.0,59.96
2025-10-01,IF_ASM_002,60,80,22,91,1.0,55.71
2025-10-01,IF_DLV_001,100,100,32,91,1.0,70.89
2025-10-02,IF_ORD_001,100,90,38,90,1.0,70.69
2025-10-02,IF_PAY_001,100,100,45,90,1.0,71.05
2025-10-02,IF_PAY_002,25,30,22,90,1.0,27.62
2025-10-02,IF_ORD_002,100,90,42,90,1.0,76.05
2025-10-02,IF_ORD_003,60,80,37,90,1.0,55.36
2025-10-02,IF_MFG_001,60,75,26,90,1.0,46.46
2025-10-02,IF_MFG_002,25,65,19,90,1.0,43.61
2025-10-02,IF_MFG_003,25,35,14,90,1.0,28.99
2025-10-02,IF_MFG_004,5,20,6,90,1.0,15.42
2025-10-02,IF_PRC_001,60,70,24,90,1.0,47.21
2025-10-02,IF_PRC_002,25,55,26,90,1.0,32.73
2025-10-02,IF_PRC_003,5,15,7,90,1.0,16.85
2025-10-02,IF_ASM_001,60,85,30,90,1.0,54.79
2025-10-02,IF_ASM_002,60,80,23,90,1.0,57.01
2025-10-02,IF_DLV_001,100,100,44,90,1.0,68.91
2025-10-03,IF_ORD_001,100,90,44,89,1.0,69.83
2025-10-03,IF_PAY_001,100,100,37,89,1.0,71.26
2025-10-03,IF_PAY_002,25,30,19,89,1.0,29.69
2025-10-03,IF_ORD_002,100,90,61,89,1.0,75.85
2025-10-03,IF_ORD_003,60,80,26,89,1.0,56.68
2025-10-03,IF_MFG_001,60,75,32,89,1.0,55.91
2025-10-03,IF_MFG_002,25,65,22,89,1.0,41.31
2025-10-03,IF_MFG_003,25,35,25,89,1.0,34.71
2025-10-03,IF_MFG_004,5,20,7,89,1.0,14.26
2025-10-03,IF_PRC_001,60,70,26,89,1.0,52.5
2025-10-03,IF_PRC_002,25,55,23,89,1.0,41.34
2025-10-03,IF_PRC_003,5,15,6,89,1.0,12.93
2025-10-03,IF_ASM_001,60,85,33,89,1.0,55.16
2025-10-03,IF_ASM_002,60,80,23,89,1.0,61.39
2025-10-03,IF_DLV_001,100,100,55,89,1.0,75.91
2025-10-04,IF_ORD_001,100,90,55,88,1.0,71.97
2025-10-04,IF_PAY_001,100,100,44,88,1.0,76.16
2025-10-04,IF_PAY_002,25,30,8,88,1.0,20.94
2025-10-04,IF_ORD_002,100,90,29,88,1.0,70.27
2025-10-04,IF_ORD_003,60,80,31,88,1.0,53.75
2025-10-04,IF_MFG_001,60,75,30,88,1.0,53.83
2025-10-04,IF_MFG_002,25,65,22,88,1.0,40.88
2025-10-04,IF_MFG_003,25,35,21,88,1.0,34.67
2025-10-04,IF_MFG_004,5,20,8,88,1.0,15.61
2025-10-04,IF_PRC_001,60,70,25,88,1.0,51.77
2025-10-04,IF_PRC_002,25,55,23,88,1.0,43.0
2025-10-04,IF_PRC_003,5,15,7,88,1.0,12.31
2025-10-04,IF_ASM_001,60,85,27,88,1.0,53.76
2025-10-04,IF_ASM_002,60,80,113,88,1.0,61.51
2025-10-04,IF_DLV_001,100,100,43,88,1.0,73.49
2025-10-05,IF_ORD_001,100,90,61,87,1.0,72.44
2025-10-05,IF_PAY_001,100,100,33,87,1.0,76.86
2025-10-05,IF_PAY_002,25,30,18,87,1.0,30.84
2025-10-05,IF_ORD_002,100,90,34,87,1.0,64.36
2025-10-05,IF_ORD_003,60,80,35,87,1.0,60.59
2025-10-05,IF_MFG_001,60,75,21,87,1.0,52.08
2025-10-05,IF_MFG_002,25,65,16,87,1.0,39.88
2025-10-05,IF_MFG_003,25,35,12,87,1.0,29.1
2025-10-05,IF_MFG_004,5,20,5,87,1.0,15.24
2025-10-05,IF_PRC_001,60,70,23,87,1.0,47.53
2025-10-05,IF_PRC_002,25,55,13,87,1.0,36.51
2025-10-05,IF_PRC_003,5,15,7,87,1.0,14.44
2025-10-05,IF_ASM_001,60,85,44,87,1.0,54.25
2025-10-05,IF_ASM_002,60,80,32,87,1.0,55.12
2025-10-05,IF_DLV_001,100,100,33,87,1.0,66.25
2025-10-06,IF_ORD_001,100,90,32,86,1.0,72.48
2025-10-06,IF_PAY_001,100,100,56,86,1.0,74.84
2025-10-06,IF_PAY_002,25,30,16,86,1.0,29.34
2025-10-06,IF_ORD_002,100,90,38,86,1.0,67.46
2025-10-06,IF_ORD_003,60,80,16,86,1.0,47.18
2025-10-06,IF_MFG_001,60,75,35,86,1.0,54.42
2025-10-06,IF_MFG_002,25,65,11,86,1.0,39.25
2025-10-06,IF_MFG_003,25,35,13,86,1.0,27.35
2025-10-06,IF_MFG_004,5,20,11,86,1.0,18.4
2025-10-06,IF_PRC_001,60,70,30,86,1.0,50.84
2025-10-06,IF_PRC_002,25,55,12,86,1.0,32.02
2025-10-06,IF_PRC_003,5,15,8,86,1.0,14.17
2025-10-06,IF_ASM_001,60,85,35,86,1.0,57.91
2025-10-06,IF_ASM_002,60,80,28,86,1.0,54.75
2025-10-06,IF_DLV_001,100,100,213,86,1.0,77.17
2025-10-07,IF_ORD_001,100,90,32,85,1.0,70.63
2025-10-07,IF_PAY_001,100,100,33,85,1.0,75.48
2025-10-07,IF_PAY_002,25,30,9,85,1.0,28.39
2025-10-07,IF_ORD_002,100,90,40,85,1.0,69.21
2025-10-07,IF_ORD_003,60,80,48,85,1.0,59.13
2025-10-07,IF_MFG_001,60,75,41,85,1.0,52.93
2025-10-07,IF_MFG_002,25,65,18,85,1.0,36.82
2025-10-07,IF_MFG_003,25,35,17,85,1.0,31.81
2025-10-07,IF_MFG_004,5,20,6,85,1.0,22.06
2025-10-07,IF_PRC_001,60,70,20,85,1.0,48.65
2025-10-07,IF_PRC_002,25,55,9,85,1.0,28.76
2025-10-07,IF_PRC_003,5,15,11,85,1.0,20.88
2025-10-07,IF_ASM_001,60,85,32,85,1.0,63.8
2025-10-07,IF_ASM_002,60,80,26,85,1.0,54.28
2025-10-07,IF_DLV_001,100,100,45,85,1.0,77.63
2025-10-08,IF_ORD_001,100,90,30,84,1.0,65.95
2025-10-08,IF_PAY_001,100,100,55,84,1.0,77.39
2025-10-08,IF_PAY_002,25,30,9,84,1.0,32.3
2025-10-08,IF_ORD_002,100,90,73,84,1.0,74.18
2025-10-08,IF_ORD_003,60,80,29,84,1.0,54.01
2025-10-08,IF_MFG_001,60,75,37,84,1.0,47.61
2025-10-08,IF_MFG_002,25,65,20,84,1.0,37.91
2025-10-08,IF_MFG_003,25,35,22,84,1.0,35.26
2025-10-08,IF_MFG_004,5,20,9,84,1.0,21.23
2025-10-08,IF_PRC_001,60,70,45,84,1.0,52.62
2025-10-08,IF_PRC_002,25,55,7,84,1.0,32.13
2025-10-08,IF_PRC_003,5,15,19,84,1.0,17.64
2025-10-08,IF_ASM_001,60,85,31,84,1.0,53.79
2025-10-08,IF_ASM_002,60,80,32,84,1.0,58.38
2025-10-08,IF_DLV_001,100,100,48,84,1.0,70.28
2025-10-09,IF_ORD_001,100,90,51,83,1.0,67.27
2025-10-09,IF_PAY_001,100,100,32,83,1.0,72.07
2025-10-09,IF_PAY_002,25,30,9,83,1.0,30.73
2025-10-09,IF_ORD_002,100,90,30,83,1.0,74.8
2025-10-09,IF_ORD_003,60,80,30,83,1.0,55.54
2025-10-09,IF_MFG_001,60,75,32,83,1.0,58.01
2025-10-09,IF_MFG_002,25,65,8,83,1.0,40.08
2025-10-09,IF_MFG_003,25,35,17,83,1.0,30.31
2025-10-09,IF_MFG_004,5,20,11,83,1.0,22.13
2025-10-09,IF_PRC_001,60,70,26,83,1.0,53.14
2025-10-09,IF_PRC_002,25,55,14,83,1.0,32.73
2025-10-09,IF_PRC_003,5,15,8,83,1.0,14.21
2025-10-09,IF_ASM_001,60,85,38,83,1.0,55.11
2025-10-09,IF_ASM_002,60,80,28,83,1.0,52.49
2025-10-09,IF_DLV_001,100,100,22,83,1.0,65.56
2025-10-10,IF_ORD_001,100,90,49,82,1.0,78.15
2025-10-10,IF_PAY_001,100,100,34,82,1.0,67.31
2025-10-10,IF_PAY_002,25,30,8,82,1.0,28.42
2025-10-10,IF_ORD_002,100,90,42,82,1.0,63.68
2025-10-10,IF_ORD_003,60,80,29,82,1.0,57.74
2025-10-10,IF_MFG_001,60,75,29,82,1.0,53.92
2025-10-10,IF_MFG_002,25,65,10,82,1.0,34.45
2025-10-10,IF_MFG_003,25,35,21,82,1.0,33.4
2025-10-10,IF_MFG_004,5,20,18,82,1.0,20.56
2025-10-10,IF_PRC_001,60,70,37,82,1.0,54.6
2025-10-10,IF_PRC_002,25,55,13,82,1.0,32.19
2025-10-10,IF_PRC_003,5,15,14,82,1.0,24.97
2025-10-10,IF_ASM_001,60,85,32,82,1.0,55.11
2025-10-10,IF_ASM_002,60,80,31,82,1.0,54.98
2025-10-10,IF_DLV_001,100,100,64,82,1.0,75.79
2025-10-11,IF_ORD_001,100,90,48,81,1.0,74.07
2025-10-11,IF_PAY_001,100,100,33,81,1.0,71.7
2025-10-11,IF_PAY_002,25,30,23,81,1.0,28.86
2025-10-11,IF_ORD_002,100,90,51,81,1.0,69.72
2025-10-11,IF_ORD_003,60,80,37,81,1.0,57.15
2025-10-11,IF_MFG_001,60,75,24,81,1.0,45.57
2025-10-11,IF_MFG_002,25,65,89,81,1.0,44.41
2025-10-11,IF_MFG_003,25,35,10,81,1.0,22.78
2025-10-11,IF_MFG_004,5,20,17,81,1.0,19.76
2025-10-11,IF_PRC_001,60,70,30,81,1.0,53.09
2025-10-11,IF_PRC_002,25,55,20,81,1.0,33.87
2025-10-11,IF_PRC_003,5,15,6,81,1.0,17.31
2025-10-11,IF_ASM_001,60,85,40,81,1.0,54.7
2025-10-11,IF_ASM_002,60,80,35,81,1.0,59.73
2025-10-11,IF_DLV_001,100,100,48,81,1.0,76.38
2025-10-12,IF_ORD_001,100,90,64,80,1.0,77.11
2025-10-12,IF_PAY_001,100,100,53,80,1.0,83.14
2025-10-12,IF_PAY_002,25,30,23,80,1.0,29.74
2025-10-12,IF_ORD_002,100,90,48,80,1.0,68.96
2025-10-12,IF_ORD_003,60,80,29,80,1.0,52.51
2025-10-12,IF_MFG_001,60,75,36,80,1.0,53.73
2025-10-12,IF_MFG_002,25,65,18,80,1.0,39.55
2025-10-12,IF_MFG_003,25,35,15,80,1.0,29.68
2025-10-12,IF_MFG_004,5,20,6,80,1.0,17.09
2025-10-12,IF_PRC_001,60,70,20,80,1.0,53.38
2025-10-12,IF_PRC_002,25,55,25,80,1.0,41.84
2025-10-12,IF_PRC_003,5,15,2,80,1.0,8.33
2025-10-12,IF_ASM_001,60,85,30,80,1.0,55.71
2025-10-12,IF_ASM_002,60,80,33,80,1.0,58.35
2025-10-12,IF_DLV_001,100,100,50,80,1.0,71.93
2025-10-13,IF_ORD_001,100,90,42,79,1.0,69.25
2025-10-13,IF_PAY_001,100,100,39,79,1.0,72.01
2025-10-13,IF_PAY_002,25,30,11,79,1.0,29.02
2025-10-13,IF_ORD_002,100,90,46,79,1.0,73.05
2025-10-13,IF_ORD_003,60,80,14,79,1.0,50.19
2025-10-13,IF_MFG_001,60,75,34,79,1.0,53.9
2025-10-13,IF_MFG_002,25,65,16,79,1.0,37.3
2025-10-13,IF_MFG_003,25,35,11,79,1.0,30.75
2025-10-13,IF_MFG_004,5,20,6,79,1.0,13.96
2025-10-13,IF_PRC_001,60,70,25,79,1.0,52.86
2025-10-13,IF_PRC_002,25,55,17,79,1.0,37.38
2025-10-13,IF_PRC_003,5,15,13,79,1.0,14.4
2025-10-13,IF_ASM_001,60,85,35,79,1.0,57.03
2025-10-13,IF_ASM_002,60,80,18,79,1.0,56.02
2025-10-13,IF_DLV_001,100,100,42,79,1.0,77.81
2025-10-14,IF_ORD_001,100,90,31,78,1.0,72.18
2025-10-14,IF_PAY_001,100,100,41,78,1.0,73.37
2025-10-14,IF_PAY_002,25,30,24,78,1.0,33.16
2025-10-14,IF_ORD_002,100,90,55,78,1.0,73.06
2025-10-14,IF_ORD_003,60,80,21,78,1.0,57.76
2025-10-14,IF_MFG_001,60,75,97,78,1.0,58.92
2025-10-14,IF_MFG_002,25,65,18,78,1.0,38.97
2025-10-14,IF_MFG_003,25,35,17,78,1.0,31.38
2025-10-14,IF_MFG_004,5,20,8,78,1.0,15.0
2025-10-14,IF_PRC_001,60,70,41,78,1.0,53.8
2025-10-14,IF_PRC_002,25,55,15,78,1.0,38.4
2025-10-14,IF_PRC_003,5,15,8,78,1.0,18.51
2025-10-14,IF_ASM_001,60,85,21,78,1.0,56.63
2025-10-14,IF_ASM_002,60,80,29,78,1.0,49.89
2025-10-14,IF_DLV_001,100,100,51,78,1.0,69.94
2025-10-15,IF_ORD_001,100,90,33,77,1.0,72.18
2025-10-15,IF_PAY_001,100,100,41,77,1.0,67.21
2025-10-15,IF_PAY_002,25,30,28,77,1.0,28.16
2025-10-15,IF_ORD_002,100,90,31,77,1.0,70.55
2025-10-15,IF_ORD_003,60,80,30,77,1.0,52.13
2025-10-15,IF_MFG_001,60,75,39,77,1.0,55.54
2025-10-15,IF_MFG_002,25,65,11,77,1.0,37.54
2025-10-15,IF_MFG_003,25,35,19,77,1.0,29.11
2025-10-15,IF_MFG_004,5,20,9,77,1.0,12.86
2025-10-15,IF_PRC_001,60,70,19,77,1.0,44.44
2025-10-15,IF_PRC_002,25,55,8,77,1.0,39.38
2025-10-15,IF_PRC_003,5,15,8,77,1.0,18.02
2025-10-15,IF_ASM_001,60,85,29,77,1.0,57.98
2025-10-15,IF_ASM_002,60,80,35,77,1.0,55.96
2025-10-15,IF_DLV_001,100,100,46,77,1.0,77.26
2025-10-16,IF_ORD_001,100,90,29,76,1.0,70.76
2025-10-16,IF_PAY_001,100,100,31,76,1.0,72.86
2025-10-16,IF_PAY_002,25,30,20,76,1.0,30.1
2025-10-16,IF_ORD_002,100,90,29,76,1.0,64.57
2025-10-16,IF_ORD_003,60,80,42,76,1.0,54.49
2025-10-16,IF_MFG_001,60,75,32,76,1.0,55.48
2025-10-16,IF_MFG_002,25,65,15,76,1.0,38.51
2025-10-16,IF_MFG_003,25,35,10,76,1.0,24.97
2025-10-16,IF_MFG_004,5,20,3,76,1.0,9.1
2025-10-16,IF_PRC_001,60,70,27,76,1.0,52.5
2025-10-16,IF_PRC_002,25,55,16,76,1.0,40.09
2025-10-16,IF_PRC_003,5,15,10,76,1.0,21.57
2025-10-16,IF_ASM_001,60,85,28,76,1.0,55.62
2025-10-16,IF_ASM_002,60,80,22,76,1.0,54.9
2025-10-16,IF_DLV_001,100,100,33,76,1.0,72.41
2025-10-17,IF_ORD_001,100,90,30,75,1.0,68.61
2025-10-17,IF_PAY_001,100,100,38,75,1.0,75.98
2025-10-17,IF_PAY_002,25,30,25,75,1.0,35.91
2025-10-17,IF_ORD_002,100,90,164,75,1.0,74.08
2025-10-17,IF_ORD_003,60,80,42,75,1.0,49.12
2025-10-17,IF_MFG_001,60,75,34,75,1.0,58.59
2025-10-17,IF_MFG_002,25,65,21,75,1.0,38.82
2025-10-17,IF_MFG_003,25,35,29,75,1.0,35.66
2025-10-17,IF_MFG_004,5,20,10,75,1.0,17.75
2025-10-17,IF_PRC_001,60,70,19,75,1.0,46.51
2025-10-17,IF_PRC_002,25,55,20,75,1.0,36.35
2025-10-17,IF_PRC_003,5,15,18,75,1.0,22.03
2025-10-17,IF_ASM_001,60,85,34,75,1.0,61.15
2025-10-17,IF_ASM_002,60,80,30,75,1.0,56.57
2025-10-17,IF_DLV_001,100,100,25,75,1.0,69.92
2025-10-18,IF_ORD_001,100,90,44,74,1.0,67.85
2025-10-18,IF_PAY_001,100,100,30,74,1.0,65.14
2025-10-18,IF_PAY_002,25,30,15,74,1.0,29.47
2025-10-18,IF_ORD_002,100,90,47,74,1.0,71.63
2025-10-18,IF_ORD_003,60,80,39,74,1.0,54.44
2025-10-18,IF_MFG_001,60,75,26,74,1.0,49.22
2025-10-18,IF_MFG_002,25,65,9,74,1.0,34.23
2025-10-18,IF_MFG_003,25,35,14,74,1.0,26.57
2025-10-18,IF_MFG_004,5,20,13,74,1.0,18.67
2025-10-18,IF_PRC_001,60,70,43,74,1.0,50.99
2025-10-18,IF_PRC_002,25,55,15,74,1.0,39.05
2025-10-18,IF_PRC_003,5,15,9,74,1.0,19.13
2025-10-18,IF_ASM_001,60,85,28,74,1.0,54.86
2025-10-18,IF_ASM_002,60,80,28,74,1.0,57.8
2025-10-18,IF_DLV_001,100,100,34,74,1.0,75.72
2025-10-19,IF_ORD_001,100,90,32,73,1.0,66.4
2025-10-19,IF_PAY_001,100,100,48,73,1.0,74.92
2025-10-19,IF_PAY_002,25,30,10,73,1.0,24.78
2025-10-19,IF_ORD_002,100,90,37,73,1.0,75.56
2025-10-19,IF_ORD_003,60,80,34,73,1.0,55.15
2025-10-19,IF_MFG_001,60,75,25,73,1.0,54.7
2025-10-19,IF_MFG_002,25,65,10,73,1.0,37.52
2025-10-19,IF_MFG_003,25,35,49,73,1.0,39.42
2025-10-19,IF_MFG_004,5,20,10,73,1.0,20.09
2025-10-19,IF_PRC_001,60,70,28,73,1.0,51.9
2025-10-19,IF_PRC_002,25,55,13,73,1.0,41.17
2025-10-19,IF_PRC_003,5,15,4,73,1.0,10.9
2025-10-19,IF_ASM_001,60,85,27,73,1.0,59.01
2025-10-19,IF_ASM_002,60,80,34,73,1.0,57.72
2025-10-19,IF_DLV_001,100,100,30,73,1.0,76.16
2025-10-20,IF_ORD_001,100,90,32,72,1.0,70.7
2025-10-20,IF_PAY_001,100,100,47,72,1.0,73.97
2025-10-20,IF_PAY_002,25,30,21,72,1.0,32.72
2025-10-20,IF_ORD_002,100,90,38,72,1.0,69.7
2025-10-20,IF_ORD_003,60,80,36,72,1.0,52.7
2025-10-20,IF_MFG_001,60,75,34,72,1.0,54.0
2025-10-20,IF_MFG_002,25,65,20,72,1.0,38.36
2025-10-20,IF_MFG_003,25,35,18,72,1.0,33.17
2025-10-20,IF_MFG_004,5,20,9,72,1.0,17.46
2025-10-20,IF_PRC_001,60,70,40,72,1.0,59.2
2025-10-20,IF_PRC_002,25,55,26,72,1.0,39.45
2025-10-20,IF_PRC_003,5,15,12,72,1.0,16.26
2025-10-20,IF_ASM_001,60,85,37,72,1.0,56.18
2025-10-20,IF_ASM_002,60,80,20,72,1.0,47.72
2025-10-20,IF_DLV_001,100,100,60,72,1.0,77.83
2025-10-21,IF_ORD_001,100,90,69,71,1.0,72.82
2025-10-21,IF_PAY_001,100,100,39,71,1.0,72.46
2025-10-21,IF_PAY_002,25,30,19,71,1.0,32.39
2025-10-21,IF_ORD_002,100,90,34,71,1.0,71.74
2025-10-21,IF_ORD_003,60,80,15,71,1.0,49.44
2025-10-21,IF_MFG_001,60,75,31,71,1.0,54.64
2025-10-21,IF_MFG_002,25,65,48,71,1.0,44.7
2025-10-21,IF_MFG_003,25,35,14,71,1.0,23.98
2025-10-21,IF_MFG_004,5,20,6,71,1.0,12.36
2025-10-21,IF_PRC_001,60,70,44,71,1.0,49.83
2025-10-21,IF_PRC_002,25,55,18,71,1.0,36.1
2025-10-21,IF_PRC_003,5,15,16,71,1.0,20.07
2025-10-21,IF_ASM_001,60,85,46,71,1.0,54.77
2025-10-21,IF_ASM_002,60,80,22,71,1.0,53.71
2025-10-21,IF_DLV_001,100,100,41,71,1.0,68.2
2025-10-22,IF_ORD_001,100,90,28,70,1.0,69.52
2025-10-22,IF_PAY_001,100,100,46,70,1.0,72.76
2025-10-22,IF_PAY_002,25,30,20,70,1.0,30.42
2025-10-22,IF_ORD_002,100,90,64,70,1.0,71.17
2025-10-22,IF_ORD_003,60,80,23,70,1.0,51.3
2025-10-22,IF_MFG_001,60,75,28,70,1.0,50.6
2025-10-22,IF_MFG_002,25,65,14,70,1.0,36.14
2025-10-22,IF_MFG_003,25,35,16,70,1.0,29.39
2025-10-22,IF_MFG_004,5,20,14,70,1.0,21.26
2025-10-22,IF_PRC_001,60,70,26,70,1.0,51.75
2025-10-22,IF_PRC_002,25,55,18,70,1.0,34.32
2025-10-22,IF_PRC_003,5,15,4,70,1.0,17.4
2025-10-22,IF_ASM_001,60,85,25,70,1.0,55.83
2025-10-22,IF_ASM_002,60,80,25,70,1.0,54.79
2025-10-22,IF_DLV_001,100,100,48,70,1.0,77.91
2025-10-23,IF_ORD_001,100,90,48,69,1.0,68.7
2025-10-23,IF_PAY_001,100,100,32,69,1.0,71.45
2025-10-23,IF_PAY_002,25,30,14,69,1.0,26.3
2025-10-23,IF_ORD_002,100,90,53,69,1.0,68.56
2025-10-23,IF_ORD_003,60,80,42,69,1.0,54.91
2025-10-23,IF_MFG_001,60,75,25,69,1.0,51.67
2025-10-23,IF_MFG_002,25,65,22,69,1.0,31.65
2025-10-23,IF_MFG_003,25,35,24,69,1.0,31.45
2025-10-23,IF_MFG_004,5,20,5,69,1.0,14.16
2025-10-23,IF_PRC_001,60,70,22,69,1.0,50.24
2025-10-23,IF_PRC_002,25,55,22,69,1.0,36.2
2025-10-23,IF_PRC_003,5,15,14,69,1.0,19.32
2025-10-23,IF_ASM_001,60,85,16,69,1.0,56.32
2025-10-23,IF_ASM_002,60,80,23,69,1.0,52.19
2025-10-23,IF_DLV_001,100,100,58,69,1.0,74.93
2025-10-24,IF_ORD_001,100,90,50,68,1.0,76.12
2025-10-24,IF_PAY_001,100,100,52,68,1.0,72.02
2025-10-24,IF_PAY_002,25,30,13,68,1.0,24.08
2025-10-24,IF_ORD_002,100,90,28,68,1.0,66.43
2025-10-24,IF_ORD_003,60,80,51,68,1.0,52.01
2025-10-24,IF_MFG_001,60,75,15,68,1.0,49.76
2025-10-24,IF_MFG_002,25,65,25,68,1.0,44.42
2025-10-24,IF_MFG_003,25,35,10,68,1.0,26.11
2025-10-24,IF_MFG_004,5,20,7,68,1.0,16.94
2025-10-24,IF_PRC_001,60,70,22,68,1.0,50.34
2025-10-24,IF_PRC_002,25,55,19,68,1.0,34.63
2025-10-24,IF_PRC_003,5,15,14,68,1.0,25.25
2025-10-24,IF_ASM_001,60,85,42,68,1.0,64.07
2025-10-24,IF_ASM_002,60,80,20,68,1.0,52.72
2025-10-24,IF_DLV_001,100,100,36,68,1.0,75.91
2025-10-25,IF_ORD_001,100,90,20,67,1.0,67.23
2025-10-25,IF_PAY_001,100,100,53,67,1.0,79.65
2025-10-25,IF_PAY_002,25,30,14,67,1.0,30.51
2025-10-25,IF_ORD_002,100,90,69,67,1.0,73.83
2025-10-25,IF_ORD_003,60,80,22,67,1.0,62.21
2025-10-25,IF_MFG_001,60,75,25,67,1.0,51.85
2025-10-25,IF_MFG_002,25,65,27,67,1.0,42.04
2025-10-25,IF_MFG_003,25,35,25,67,1.0,36.89
2025-10-25,IF_MFG_004,5,20,6,67,1.0,12.3
2025-10-25,IF_PRC_001,60,70,51,67,1.0,57.41
2025-10-25,IF_PRC_002,25,55,33,67,1.0,36.14
2025-10-25,IF_PRC_003,5,15,11,67,1.0,20.27
2025-10-25,IF_ASM_001,60,85,28,67,1.0,57.27
2025-10-25,IF_ASM_002,60,80,21,67,1.0,46.36
2025-10-25,IF_DLV_001,100,100,32,67,1.0,70.42
2025-10-26,IF_ORD_001,100,90,40,66,1.0,65.96
2025-10-26,IF_PAY_001,100,100,42,66,1.0,71.84
2025-10-26,IF_PAY_002,25,30,27,66,1.0,31.53
2025-10-26,IF_ORD_002,100,90,36,66,1.0,74.14
2025-10-26,IF_ORD_003,60,80,41,66,1.0,54.4
2025-10-26,IF_MFG_001,60,75,14,66,1.0,50.82
2025-10-26,IF_MFG_002,25,65,16,66,1.0,43.75
2025-10-26,IF_MFG_003,25,35,21,66,1.0,25.79
2025-10-26,IF_MFG_004,5,20,9,66,1.0,17.55
2025-10-26,IF_PRC_001,60,70,25,66,1.0,49.15
2025-10-26,IF_PRC_002,25,55,17,66,1.0,35.4
2025-10-26,IF_PRC_003,5,15,5,66,1.0,13.04
2025-10-26,IF_ASM_001,60,85,20,66,1.0,52.64
2025-10-26,IF_ASM_002,60,80,19,66,1.0,61.16
2025-10-26,IF_DLV_001,100,100,32,66,1.0,73.56
2025-10-27,IF_ORD_001,100,90,24,65,1.0,67.17
2025-10-27,IF_PAY_001,100,100,48,65,1.0,71.74
2025-10-27,IF_PAY_002,25,30,18,65,1.0,33.2
2025-10-27,IF_ORD_002,100,90,53,65,1.0,72.52
2025-10-27,IF_ORD_003,60,80,41,65,1.0,55.76
2025-10-27,IF_MFG_001,60,75,25,65,1.0,55.42
2025-10-27,IF_MFG_002,25,65,21,65,1.0,38.35
2025-10-27,IF_MFG_003,25,35,17,65,1.0,32.74
2025-10-27,IF_MFG_004,5,20,13,65,1.0,23.51
2025-10-27,IF_PRC_001,60,70,26,65,1.0,52.26
2025-10-27,IF_PRC_002,25,55,12,65,1.0,37.45
2025-10-27,IF_PRC_003,5,15,9,65,1.0,17.43
2025-10-27,IF_ASM_001,60,85,30,65,1.0,60.31
2025-10-27,IF_ASM_002,60,80,33,65,1.0,60.05
2025-10-27,IF_DLV_001,100,100,35,65,1.0,70.96
2025-10-28,IF_ORD_001,100,90,47,64,1.0,67.56
2025-10-28,IF_PAY_001,100,100,34,64,1.0,67.68
2025-10-28,IF_PAY_002,25,30,19,64,1.0,30.17
2025-10-28,IF_ORD_002,100,90,51,64,1.0,71.69
2025-10-28,IF_ORD_003,60,80,34,64,1.0,52.63
2025-10-28,IF_MFG_001,60,75,20,64,1.0,56.93
2025-10-28,IF_MFG_002,25,65,49,64,1.0,46.16
2025-10-28,IF_MFG_003,25,35,20,64,1.0,28.08
2025-10-28,IF_MFG_004,5,20,15,64,1.0,16.55
2025-10-28,IF_PRC_001,60,70,36,64,1.0,58.06
2025-10-28,IF_PRC_002,25,55,14,64,1.0,30.34
2025-10-28,IF_PRC_003,5,15,12,64,1.0,22.9
2025-10-28,IF_ASM_001,60,85,23,64,1.0,53.62
2025-10-28,IF_ASM_002,60,80,17,64,1.0,51.54
2025-10-28,IF_DLV_001,100,100,144,64,1.0,77.19
2025-10-29,IF_ORD_001,100,90,54,63,1.0,73.46
2025-10-29,IF_PAY_001,100,100,43,63,1.0,75.32
2025-10-29,IF_PAY_002,25,30,18,63,1.0,28.45
2025-10-29,IF_ORD_002,100,90,54,63,1.0,73.74
2025-10-29,IF_ORD_003,60,80,28,63,1.0,48.88
2025-10-29,IF_MFG_001,60,75,29,63,1.0,49.26
2025-10-29,IF_MFG_002,25,65,14,63,1.0,43.83
2025-10-29,IF_MFG_003,25,35,17,63,1.0,32.76
2025-10-29,IF_MFG_004,5,20,8,63,1.0,18.07
2025-10-29,IF_PRC_001,60,70,28,63,1.0,47.83
2025-10-29,IF_PRC_002,25,55,17,63,1.0,33.29
2025-10-29,IF_PRC_003,5,15,8,63,1.0,16.24
2025-10-29,IF_ASM_001,60,85,17,63,1.0,55.41
2025-10-29,IF_ASM_002,60,80,33,63,1.0,56.11
2025-10-29,IF_DLV_001,100,100,41,63,1.0,68.33
2025-10-30,IF_ORD_001,100,90,33,62,1.0,71.0
2025-10-30,IF_PAY_001,100,100,25,62,1.0,71.87
2025-10-30,IF_PAY_002,25,30,25,62,1.0,28.86
2025-10-30,IF_ORD_002,100,90,33,62,1.0,69.34
2025-10-30,IF_ORD_003,60,80,32,62,1.0,57.06
2025-10-30,IF_MFG_001,60,75,18,62,1.0,47.4
2025-10-30,IF_MFG_002,25,65,14,62,1.0,35.9
2025-10-30,IF_MFG_003,25,35,7,62,1.0,27.86
2025-10-30,IF_MFG_004,5,20,6,62,1.0,19.74
2025-10-30,IF_PRC_001,60,70,112,62,1.0,60.64
2025-10-30,IF_PRC_002,25,55,8,62,1.0,30.02
2025-10-30,IF_PRC_003,5,15,9,62,1.0,19.73
2025-10-30,IF_ASM_001,60,85,42,62,1.0,61.62
2025-10-30,IF_ASM_002,60,80,19,62,1.0,50.73
2025-10-30,IF_DLV_001,100,100,60,62,1.0,80.34
2025-10-31,IF_ORD_001,100,90,51,61,1.0,72.42
2025-10-31,IF_PAY_001,100,100,46,61,1.0,73.09
2025-10-31,IF_PAY_002,25,30,9,61,1.0,27.37
2025-10-31,IF_ORD_002,100,90,25,61,1.0,70.19
2025-10-31,IF_ORD_003,60,80,18,61,1.0,48.69
2025-10-31,IF_MFG_001,60,75,19,61,1.0,51.8
2025-10-31,IF_MFG_002,25,65,21,61,1.0,38.85
2025-10-31,IF_MFG_003,25,35,14,61,1.0,28.98
2025-10-31,IF_MFG_004,5,20,5,61,1.0,12.12
2025-10-31,IF_PRC_001,60,70,36,61,1.0,43.36
2025-10-31,IF_PRC_002,25,55,9,61,1.0,30.71
2025-10-31,IF_PRC_003,5,15,12,61,1.0,17.52
2025-10-31,IF_ASM_001,60,85,22,61,1.0,51.3
2025-10-31,IF_ASM_002,60,80,18,61,1.0,53.96
2025-10-31,IF_DLV_001,100,100,58,61,1.0,72.59
2025-11-01,IF_ORD_001,100,90,37,60,1.0,73.03
2025-11-01,IF_PAY_001,100,100,51,60,1.0,71.49
2025-11-01,IF_PAY_002,25,30,21,60,1.0,31.07
2025-11-01,IF_ORD_002,100,90,36,60,1.0,74.04
2025-11-01,IF_ORD_003,60,80,46,60,1.0,56.32
2025-11-01,IF_MFG_001,60,75,40,60,1.0,48.32
2025-11-01,IF_MFG_002,25,65,10,60,1.0,31.61
2025-11-01,IF_MFG_003,25,35,17,60,1.0,32.0
2025-11-01,IF_MFG_004,5,20,21,60,1.0,27.68
2025-11-01,IF_PRC_001,60,70,20,60,1.0,47.43
2025-11-01,IF_PRC_002,25,55,19,60,1.0,30.05
2025-11-01,IF_PRC_003,5,15,14,60,1.0,22.22
2025-11-01,IF_ASM_001,60,85,12,60,1.0,53.51
2025-11-01,IF_ASM_002,60,80,41,60,1.0,58.71
2025-11-01,IF_DLV_001,100,100,38,60,1.0,74.25
2025-11-02,IF_ORD_001,100,90,34,59,1.0,71.26
2025-11-02,IF_PAY_001,100,100,32,59,1.0,71.32
2025-11-02,IF_PAY_002,25,30,17,59,1.0,29.6
2025-11-02,IF_ORD_002,100,90,40,59,1.0,66.35
2025-11-02,IF_ORD_003,60,80,36,59,1.0,53.25
2025-11-02,IF_MFG_001,60,75,27,59,1.0,57.27
2025-11-02,IF_MFG_002,25,65,8,59,1.0,35.73
2025-11-02,IF_MFG_003,25,35,7,59,1.0,26.24
2025-11-02,IF_MFG_004,5,20,17,59,1.0,17.39
2025-11-02,IF_PRC_001,60,70,33,59,1.0,55.16
2025-11-02,IF_PRC_002,25,55,30,59,1.0,37.53
2025-11-02,IF_PRC_003,5,15,12,59,1.0,18.34
2025-11-02,IF_ASM_001,60,85,26,59,1.0,47.83
2025-11-02,IF_ASM_002,60,80,20,59,1.0,50.75
2025-11-02,IF_DLV_001,100,100,40,59,1.0,72.01
2025-11-03,IF_ORD_001,100,90,43,58,1.001,78.53
2025-11-03,IF_PAY_001,100,100,33,58,1.001,73.4
2025-11-03,IF_PAY_002,25,30,10,58,1.001,22.3
2025-11-03,IF_ORD_002,100,90,37,58,1.001,69.24
2025-11-03,IF_ORD_003,60,80,31,58,1.001,54.76
2025-11-03,IF_MFG_001,60,75,38,58,1.001,59.73
2025-11-03,IF_MFG_002,25,65,14,58,1.001,37.73
2025-11-03,IF_MFG_003,25,35,10,58,1.001,26.32
2025-11-03,IF_MFG_004,5,20,27,58,1.001,25.23
2025-11-03,IF_PRC_001,60,70,32,58,1.001,54.77
2025-11-03,IF_PRC_002,25,55,17,58,1.001,29.69
2025-11-03,IF_PRC_003,5,15,7,58,1.001,12.98
2025-11-03,IF_ASM_001,60,85,39,58,1.001,50.58
2025-11-03,IF_ASM_002,60,80,36,58,1.001,58.04
2025-11-03,IF_DLV_001,100,100,34,58,1.001,76.02
2025-11-04,IF_ORD_001,100,90,157,57,1.001,74.32
2025-11-04,IF_PAY_001,100,100,40,57,1.001,66.66
2025-11-04,IF_PAY_002,25,30,11,57,1.001,31.59
2025-11-04,IF_ORD_002,100,90,36,57,1.001,68.74
2025-11-04,IF_ORD_003,60,80,34,57,1.001,57.06
2025-11-04,IF_MFG_001,60,75,33,57,1.001,57.82
2025-11-04,IF_MFG_002,25,65,22,57,1.001,37.63
2025-11-04,IF_MFG_003,25,35,15,57,1.001,31.02
2025-11-04,IF_MFG_004,5,20,9,57,1.001,17.75
2025-11-04,IF_PRC_001,60,70,36,57,1.001,49.91
2025-11-04,IF_PRC_002,25,55,20,57,1.001,40.6
2025-11-04,IF_PRC_003,5,15,6,57,1.001,7.85
2025-11-04,IF_ASM_001,60,85,21,57,1.001,50.59
2025-11-04,IF_ASM_002,60,80,25,57,1.001,53.06
2025-11-04,IF_DLV_001,100,100,58,57,1.001,76.9
2025-11-05,IF_ORD_001,100,90,48,56,1.001,70.8
2025-11-05,IF_PAY_001,100,100,34,56,1.001,71.68
2025-11-05,IF_PAY_002,25,30,17,56,1.001,30.36
2025-11-05,IF_ORD_002,100,90,54,56,1.001,68.21
2025-11-05,IF_ORD_003,60,80,41,56,1.001,53.09
2025-11-05,IF_MFG_001,60,75,27,56,1.001,52.63
2025-11-05,IF_MFG_002,25,65,9,56,1.001,37.21
2025-11-05,IF_MFG_003,25,35,14,56,1.001,29.23
2025-11-05,IF_MFG_004,5,20,15,56,1.001,22.45
2025-11-05,IF_PRC_001,60,70,28,56,1.001,51.11
2025-11-05,IF_PRC_002,25,55,29,56,1.001,38.02
2025-11-05,IF_PRC_003,5,15,14,56,1.001,14.58
2025-11-05,IF_ASM_001,60,85,38,56,1.001,55.94
2025-11-05,IF_ASM_002,60,80,34,56,1.001,55.4
2025-11-05,IF_DLV_001,100,100,28,56,1.001,72.03
2025-11-06,IF_ORD_001,100,90,44,55,1.001,73.27
2025-11-06,IF_PAY_001,100,100,45,55,1.001,70.46
2025-11-06,IF_PAY_002,25,30,23,55,1.001,31.03
2025-11-06,IF_ORD_002,100,90,51,55,1.001,68.76
2025-11-06,IF_ORD_003,60,80,35,55,1.001,58.85
2025-11-06,IF_MFG_001,60,75,16,55,1.001,50.37
2025-11-06,IF_MFG_002,25,65,22,55,1.001,38.4
2025-11-06,IF_MFG_003,25,35,18,55,1.001,31.64
2025-11-06,IF_MFG_004,5,20,5,55,1.001,13.0
2025-11-06,IF_PRC_001,60,70,40,55,1.001,53.4
2025-11-06,IF_PRC_002,25,55,22,55,1.001,36.52
2025-11-06,IF_PRC_003,5,15,5,55,1.001,12.99
2025-11-06,IF_ASM_001,60,85,16,55,1.001,56.93
2025-11-06,IF_ASM_002,60,80,25,55,1.001,56.06
2025-11-06,IF_DLV_001,100,100,44,55,1.001,75.76
2025-11-07,IF_ORD_001,100,90,42,54,1.001,69.55
2025-11-07,IF_PAY_001,100,100,36,54,1.001,74.73
2025-11-07,IF_PAY_002,25,30,10,54,1.001,33.72
2025-11-07,IF_ORD_002,100,90,28,54,1.001,72.35
2025-11-07,IF_ORD_003,60,80,27,54,1.001,54.39
2025-11-07,IF_MFG_001,60,75,25,54,1.001,60.41
2025-11-07,IF_MFG_002,25,65,9,54,1.001,32.2
2025-11-07,IF_MFG_003,25,35,19,54,1.001,29.68
2025-11-07,IF_MFG_004,5,20,10,54,1.001,18.27
2025-11-07,IF_PRC_001,60,70,43,54,1.001,53.58
2025-11-07,IF_PRC_002,25,55,23,54,1.001,38.18
2025-11-07,IF_PRC_003,5,15,8,54,1.001,16.78
2025-11-07,IF_ASM_001,60,85,38,54,1.001,61.96
2025-11-07,IF_ASM_002,60,80,35,54,1.001,57.26
2025-11-07,IF_DLV_001,100,100,38,54,1.001,73.97
2025-11-08,IF_ORD_001,100,90,55,53,1.001,71.34
2025-11-08,IF_PAY_001,100,100,42,53,1.001,74.61
2025-11-08,IF_PAY_002,25,30,20,53,1.001,36.53
2025-11-08,IF_ORD_002,100,90,65,53,1.001,71.58
2025-11-08,IF_ORD_003,60,80,24,53,1.001,56.85
2025-11-08,IF_MFG_001,60,75,30,53,1.001,53.7
2025-11-08,IF_MFG_002,25,65,12,53,1.001,34.57
2025-11-08,IF_MFG_003,25,35,13,53,1.001,29.14
2025-11-08,IF_MFG_004,5,20,37,53,1.001,31.74
2025-11-08,IF_PRC_001,60,70,34,53,1.001,54.57
2025-11-08,IF_PRC_002,25,55,14,53,1.001,35.64
2025-11-08,IF_PRC_003,5,15,8,53,1.001,9.39
2025-11-08,IF_ASM_001,60,85,26,53,1.001,54.91
2025-11-08,IF_ASM_002,60,80,18,53,1.001,51.06
2025-11-08,IF_DLV_001,100,100,56,53,1.001,80.6
2025-11-09,IF_ORD_001,100,90,30,52,1.001,67.22
2025-11-09,IF_PAY_001,100,100,46,52,1.001,77.63
2025-11-09,IF_PAY_002,25,30,19,52,1.001,28.29
2025-11-09,IF_ORD_002,100,90,30,52,1.001,72.83
2025-11-09,IF_ORD_003,60,80,30,52,1.001,55.81
2025-11-09,IF_MFG_001,60,75,44,52,1.001,52.76
2025-11-09,IF_MFG_002,25,65,21,52,1.001,40.96
2025-11-09,IF_MFG_003,25,35,12,52,1.001,28.12
2025-11-09,IF_MFG_004,5,20,5,52,1.001,13.57
2025-11-09,IF_PRC_001,60,70,25,52,1.001,50.59
2025-11-09,IF_PRC_002,25,55,20,52,1.001,43.16
2025-11-09,IF_PRC_003,5,15,7,52,1.001,21.16
2025-11-09,IF_ASM_001,60,85,39,52,1.001,60.4
2025-11-09,IF_ASM_002,60,80,29,52,1.001,56.86
2025-11-09,IF_DLV_001,100,100,41,52,1.001,71.46
2025-11-10,IF_ORD_001,100,90,32,51,1.001,67.33
2025-11-10,IF_PAY_001,100,100,42,51,1.001,75.33
2025-11-10,IF_PAY_002,25,30,26,51,1.001,28.88
2025-11-10,IF_ORD_002,100,90,24,51,1.001,62.77
2025-11-10,IF_ORD_003,60,80,29,51,1.001,55.36
2025-11-10,IF_MFG_001,60,75,21,51,1.001,50.42
2025-11-10,IF_MFG_002,25,65,29,51,1.001,37.41
2025-11-10,IF_MFG_003,25,35,20,51,1.001,34.85
2025-11-10,IF_MFG_004,5,20,11,51,1.001,20.52
2025-11-10,IF_PRC_001,60,70,31,51,1.001,48.6
2025-11-10,IF_PRC_002,25,55,19,51,1.001,37.75
2025-11-10,IF_PRC_003,5,15,8,51,1.001,16.8
2025-11-10,IF_ASM_001,60,85,29,51,1.001,54.1
2025-11-10,IF_ASM_002,60,80,28,51,1.001,55.8
2025-11-10,IF_DLV_001,100,100,40,51,1.001,67.67
2025-11-11,IF_ORD_001,100,90,179,50,1.002,79.81
2025-11-11,IF_PAY_001,100,100,56,50,1.002,76.11
2025-11-11,IF_PAY_002,25,30,24,50,1.002,35.86
2025-11-11,IF_ORD_002,100,90,30,50,1.002,72.67
2025-11-11,IF_ORD_003,60,80,19,50,1.002,50.02
2025-11-11,IF_MFG_001,60,75,41,50,1.002,52.55
2025-11-11,IF_MFG_002,25,65,17,50,1.002,33.77
2025-11-11,IF_MFG_003,25,35,10,50,1.002,24.75
2025-11-11,IF_MFG_004,5,20,15,50,1.002,18.33
2025-11-11,IF_PRC_001,60,70,19,50,1.002,48.46
2025-11-11,IF_PRC_002,25,55,6,50,1.002,28.61
2025-11-11,IF_PRC_003,5,15,7,50,1.002,13.59
2025-11-11,IF_ASM_001,60,85,43,50,1.002,59.74
2025-11-11,IF_ASM_002,60,80,20,50,1.002,55.08
2025-11-11,IF_DLV_001,100,100,61,50,1.002,71.83
2025-11-12,IF_ORD_001,100,90,46,49,1.002,73.45
2025-11-12,IF_PAY_001,100,100,50,49,1.002,68.91
2025-11-12,IF_PAY_002,25,30,16,49,1.002,30.53
2025-11-12,IF_ORD_002,100,90,37,49,1.002,73.76
2025-11-12,IF_ORD_003,60,80,65,49,1.002,56.13
2025-11-12,IF_MFG_001,60,75,44,49,1.002,53.31
2025-11-12,IF_MFG_002,25,65,18,49,1.002,42.48
2025-11-12,IF_MFG_003,25,35,12,49,1.002,24.46
2025-11-12,IF_MFG_004,5,20,9,49,1.002,14.14
2025-11-12,IF_PRC_001,60,70,28,49,1.002,51.69
2025-11-12,IF_PRC_002,25,55,6,49,1.002,33.76
2025-11-12,IF_PRC_003,5,15,4,49,1.002,14.4
2025-11-12,IF_ASM_001,60,85,44,49,1.002,59.21
2025-11-12,IF_ASM_002,60,80,27,49,1.002,52.6
2025-11-12,IF_DLV_001,100,100,61,49,1.002,75.79
2025-11-13,IF_ORD_001,100,90,30,48,1.002,73.18
2025-11-13,IF_PAY_001,100,100,30,48,1.002,71.08
2025-11-13,IF_PAY_002,25,30,17,48,1.002,31.33
2025-11-13,IF_ORD_002,100,90,43,48,1.002,69.4
2025-11-13,IF_ORD_003,60,80,16,48,1.002,52.94
2025-11-13,IF_MFG_001,60,75,41,48,1.002,53.98
2025-11-13,IF_MFG_002,25,65,21,48,1.002,43.71
2025-11-13,IF_MFG_003,25,35,18,48,1.002,35.1
2025-11-13,IF_MFG_004,5,20,8,48,1.002,18.27
2025-11-13,IF_PRC_001,60,70,34,48,1.002,50.53
2025-11-13,IF_PRC_002,25,55,13,48,1.002,33.44
2025-11-13,IF_PRC_003,5,15,11,48,1.002,24.42
2025-11-13,IF_ASM_001,60,85,40,48,1.002,62.09
2025-11-13,IF_ASM_002,60,80,53,48,1.002,57.41
2025-11-13,IF_DLV_001,100,100,30,48,1.002,70.35
2025-11-14,IF_ORD_001,100,90,54,47,1.002,72.91
2025-11-14,IF_PAY_001,100,100,29,47,1.002,70.82
2025-11-14,IF_PAY_002,25,30,15,47,1.002,30.41
2025-11-14,IF_ORD_002,100,90,28,47,1.002,72.88
2025-11-14,IF_ORD_003,60,80,34,47,1.002,61.71
2025-11-14,IF_MFG_001,60,75,47,47,1.002,55.86
2025-11-14,IF_MFG_002,25,65,15,47,1.002,36.02
2025-11-14,IF_MFG_003,25,35,27,47,1.002,35.07
2025-11-14,IF_MFG_004,5,20,10,47,1.002,20.9
2025-11-14,IF_PRC_001,60,70,39,47,1.002,53.65
2025-11-14,IF_PRC_002,25,55,16,47,1.002,41.89
2025-11-14,IF_PRC_003,5,15,17,47,1.002,23.29
2025-11-14,IF_ASM_001,60,85,23,47,1.002,58.16
2025-11-14,IF_ASM_002,60,80,21,47,1.002,51.16
2025-11-14,IF_DLV_001,100,100,51,47,1.002,75.4
2025-11-15,IF_ORD_001,100,90,26,46,1.003,67.02
2025-11-15,IF_PAY_001,100,100,33,46,1.003,74.95
2025-11-15,IF_PAY_002,25,30,17,46,1.003,31.11
2025-11-15,IF_ORD_002,100,90,30,46,1.003,65.04
2025-11-15,IF_ORD_003,60,80,28,46,1.003,57.86
2025-11-15,IF_MFG_001,60,75,45,46,1.003,59.55
2025-11-15,IF_MFG_002,25,65,19,46,1.003,40.23
2025-11-15,IF_MFG_003,25,35,13,46,1.003,23.82
2025-11-15,IF_MFG_004,5,20,9,46,1.003,17.38
2025-11-15,IF_PRC_001,60,70,26,46,1.003,47.32
2025-11-15,IF_PRC_002,25,55,17,46,1.003,34.5
2025-11-15,IF_PRC_003,5,15,5,46,1.003,18.06
2025-11-15,IF_ASM_001,60,85,27,46,1.003,55.76
2025-11-15,IF_ASM_002,60,80,27,46,1.003,56.38
2025-11-15,IF_DLV_001,100,100,54,46,1.003,76.29
2025-11-16,IF_ORD_001,100,90,51,45,1.003,66.8
2025-11-16,IF_PAY_001,100,100,42,45,1.003,76.49
2025-11-16,IF_PAY_002,25,30,17,45,1.003,33.47
2025-11-16,IF_ORD_002,100,90,46,45,1.003,72.12
2025-11-16,IF_ORD_003,60,80,19,45,1.003,49.01
2025-11-16,IF_MFG_001,60,75,30,45,1.003,56.77
2025-11-16,IF_MFG_002,25,65,11,45,1.003,32.02
2025-11-16,IF_MFG_003,25,35,23,45,1.003,30.54
2025-11-16,IF_MFG_004,5,20,7,45,1.003,18.29
2025-11-16,IF_PRC_001,60,70,18,45,1.003,49.9
2025-11-16,IF_PRC_002,25,55,15,45,1.003,38.18
2025-11-16,IF_PRC_003,5,15,16,45,1.003,18.64
2025-11-16,IF_ASM_001,60,85,31,45,1.003,63.41
2025-11-16,IF_ASM_002,60,80,30,45,1.003,58.33
2025-11-16,IF_DLV_001,100,100,49,45,1.003,78.62
2025-11-17,IF_ORD_001,100,90,54,44,1.004,76.82
2025-11-17,IF_PAY_001,100,100,17,44,1.004,69.57
2025-11-17,IF_PAY_002,25,30,18,44,1.004,26.24
2025-11-17,IF_ORD_002,100,90,49,44,1.004,70.59
2025-11-17,IF_ORD_003,60,80,22,44,1.004,53.81
2025-11-17,IF_MFG_001,60,75,47,44,1.004,57.55
2025-11-17,IF_MFG_002,25,65,20,44,1.004,41.62
2025-11-17,IF_MFG_003,25,35,30,44,1.004,30.5
2025-11-17,IF_MFG_004,5,20,4,44,1.004,13.76
2025-11-17,IF_PRC_001,60,70,19,44,1.004,53.48
2025-11-17,IF_PRC_002,25,55,16,44,1.004,36.7
2025-11-17,IF_PRC_003,5,15,11,44,1.004,21.2
2025-11-17,IF_ASM_001,60,85,25,44,1.004,62.95
2025-11-17,IF_ASM_002,60,80,19,44,1.004,61.11
2025-11-17,IF_DLV_001,100,100,59,44,1.004,72.59
2025-11-18,IF_ORD_001,100,90,30,43,1.004,71.94
2025-11-18,IF_PAY_001,100,100,46,43,1.004,75.65
2025-11-18,IF_PAY_002,25,30,18,43,1.004,27.99
2025-11-18,IF_ORD_002,100,90,27,43,1.004,71.96
2025-11-18,IF_ORD_003,60,80,39,43,1.004,56.57
2025-11-18,IF_MFG_001,60,75,28,43,1.004,46.3
2025-11-18,IF_MFG_002,25,65,12,43,1.004,34.29
2025-11-18,IF_MFG_003,25,35,29,43,1.004,27.97
2025-11-18,IF_MFG_004,5,20,5,43,1.004,14.06
2025-11-18,IF_PRC_001,60,70,27,43,1.004,53.77
2025-11-18,IF_PRC_002,25,55,19,43,1.004,30.93
2025-11-18,IF_PRC_003,5,15,6,43,1.004,16.69
2025-11-18,IF_ASM_001,60,85,42,43,1.004,57.85
2025-11-18,IF_ASM_002,60,80,14,43,1.004,43.89
2025-11-18,IF_DLV_001,100,100,22,43,1.004,70.69
2025-11-19,IF_ORD_001,100,90,50,42,1.005,72.16
2025-11-19,IF_PAY_001,100,100,34,42,1.005,74.21
2025-11-19,IF_PAY_002,25,30,16,42,1.005,28.35
2025-11-19,IF_ORD_002,100,90,62,42,1.005,71.36
2025-11-19,IF_ORD_003,60,80,29,42,1.005,54.93
2025-11-19,IF_MFG_001,60,75,20,42,1.005,52.03
2025-11-19,IF_MFG_002,25,65,7,42,1.005,35.07
2025-11-19,IF_MFG_003,25,35,20,42,1.005,38.59
2025-11-19,IF_MFG_004,5,20,6,42,1.005,14.1
2025-11-19,IF_PRC_001,60,70,21,42,1.005,52.24
2025-11-19,IF_PRC_002,25,55,14,42,1.005,34.89
2025-11-19,IF_PRC_003,5,15,4,42,1.005,19.33
2025-11-19,IF_ASM_001,60,85,30,42,1.005,55.64
2025-11-19,IF_ASM_002,60,80,29,42,1.005,54.75
2025-11-19,IF_DLV_001,100,100,34,42,1.005,77.28
2025-11-20,IF_ORD_001,100,90,160,41,1.006,79.11
2025-11-20,IF_PAY_001,100,100,64,41,1.006,80.24
2025-11-20,IF_PAY_002,25,30,18,41,1.006,33.64
2025-11-20,IF_ORD_002,100,90,32,41,1.006,68.33
2025-11-20,IF_ORD_003,60,80,17,41,1.006,59.27
2025-11-20,IF_MFG_001,60,75,31,41,1.006,47.23
2025-11-20,IF_MFG_002,25,65,13,41,1.006,41.46
2025-11-20,IF_MFG_003,25,35,23,41,1.006,32.35
2025-11-20,IF_MFG_004,5,20,4,41,1.006,19.52
2025-11-20,IF_PRC_001,60,70,24,41,1.006,51.08
2025-11-20,IF_PRC_002,25,55,10,41,1.006,27.41
2025-11-20,IF_PRC_003,5,15,10,41,1.006,11.41
2025-11-20,IF_ASM_001,60,85,46,41,1.006,60.08
2025-11-20,IF_ASM_002,60,80,32,41,1.006,55.11
2025-11-20,IF_DLV_001,100,100,54,41,1.006,76.02
2025-11-21,IF_ORD_001,100,90,89,40,1.007,74.77
2025-11-21,IF_PAY_001,100,100,55,40,1.007,82.34
2025-11-21,IF_PAY_002,25,30,11,40,1.007,26.74
2025-11-21,IF_ORD_002,100,90,25,40,1.007,66.51
2025-11-21,IF_ORD_003,60,80,35,40,1.007,54.43
2025-11-21,IF_MFG_001,60,75,34,40,1.007,56.9
2025-11-21,IF_MFG_002,25,65,13,40,1.007,33.71
2025-11-21,IF_MFG_003,25,35,25,40,1.007,33.35
2025-11-21,IF_MFG_004,5,20,17,40,1.007,20.33
2025-11-21,IF_PRC_001,60,70,32,40,1.007,51.06
2025-11-21,IF_PRC_002,25,55,25,40,1.007,37.95
2025-11-21,IF_PRC_003,5,15,4,40,1.007,9.65
2025-11-21,IF_ASM_001,60,85,26,40,1.007,55.82
2025-11-21,IF_ASM_002,60,80,26,40,1.007,58.22
2025-11-21,IF_DLV_001,100,100,32,40,1.007,70.69
2025-11-22,IF_ORD_001,100,90,66,39,1.008,73.63
2025-11-22,IF_PAY_001,100,100,54,39,1.008,68.4
2025-11-22,IF_PAY_002,25,30,16,39,1.008,29.57
2025-11-22,IF_ORD_002,100,90,58,39,1.008,70.08
2025-11-22,IF_ORD_003,60,80,25,39,1.008,54.81
2025-11-22,IF_MFG_001,60,75,24,39,1.008,51.0
2025-11-22,IF_MFG_002,25,65,10,39,1.008,30.78
2025-11-22,IF_MFG_003,25,35,16,39,1.008,30.25
2025-11-22,IF_MFG_004,5,20,12,39,1.008,16.77
2025-11-22,IF_PRC_001,60,70,38,39,1.008,55.75
2025-11-22,IF_PRC_002,25,55,13,39,1.008,36.82
2025-11-22,IF_PRC_003,5,15,14,39,1.008,16.35
2025-11-22,IF_ASM_001,60,85,38,39,1.008,58.39
2025-11-22,IF_ASM_002,60,80,14,39,1.008,53.31
2025-11-22,IF_DLV_001,100,100,37,39,1.008,71.74
2025-11-23,IF_ORD_001,100,90,50,38,1.009,68.43
2025-11-23,IF_PAY_001,100,100,64,38,1.009,72.35
2025-11-23,IF_PAY_002,25,30,16,38,1.009,30.57
2025-11-23,IF_ORD_002,100,90,61,38,1.009,72.45
2025-11-23,IF_ORD_003,60,80,35,38,1.009,61.03
2025-11-23,IF_MFG_001,60,75,23,38,1.009,46.51
2025-11-23,IF_MFG_002,25,65,21,38,1.009,41.6
2025-11-23,IF_MFG_003,25,35,12,38,1.009,30.55
2025-11-23,IF_MFG_004,5,20,13,38,1.009,19.42
2025-11-23,IF_PRC_001,60,70,37,38,1.009,57.04
2025-11-23,IF_PRC_002,25,55,12,38,1.009,29.31
2025-11-23,IF_PRC_003,5,15,11,38,1.009,15.84
2025-11-23,IF_ASM_001,60,85,40,38,1.009,59.06
2025-11-23,IF_ASM_002,60,80,35,38,1.009,52.51
2025-11-23,IF_DLV_001,100,100,39,38,1.009,70.68
2025-11-24,IF_ORD_001,100,90,44,37,1.01,77.33
2025-11-24,IF_PAY_001,100,100,39,37,1.01,73.63
2025-11-24,IF_PAY_002,25,30,27,37,1.01,34.24
2025-11-24,IF_ORD_002,100,90,45,37,1.01,75.08
2025-11-24,IF_ORD_003,60,80,20,37,1.01,52.28
2025-11-24,IF_MFG_001,60,75,32,37,1.01,55.15
2025-11-24,IF_MFG_002,25,65,13,37,1.01,36.41
2025-11-24,IF_MFG_003,25,35,23,37,1.01,27.28
2025-11-24,IF_MFG_004,5,20,21,37,1.01,26.51
2025-11-24,IF_PRC_001,60,70,11,37,1.01,45.88
2025-11-24,IF_PRC_002,25,55,14,37,1.01,34.39
2025-11-24,IF_PRC_003,5,15,9,37,1.01,17.26
2025-11-24,IF_ASM_001,60,85,31,37,1.01,56.75
2025-11-24,IF_ASM_002,60,80,23,37,1.01,55.98
2025-11-24,IF_DLV_001,100,100,38,37,1.01,66.84
2025-11-25,IF_ORD_001,100,90,41,36,1.012,70.21
2025-11-25,IF_PAY_001,100,100,56,36,1.012,78.65
2025-11-25,IF_PAY_002,25,30,13,36,1.012,32.34
2025-11-25,IF_ORD_002,100,90,54,36,1.012,67.85
2025-11-25,IF_ORD_003,60,80,34,36,1.012,54.67
2025-11-25,IF_MFG_001,60,75,19,36,1.012,53.19
2025-11-25,IF_MFG_002,25,65,7,36,1.012,30.98
2025-11-25,IF_MFG_003,25,35,26,36,1.012,37.12
2025-11-25,IF_MFG_004,5,20,13,36,1.012,15.58
2025-11-25,IF_PRC_001,60,70,34,36,1.012,45.53
2025-11-25,IF_PRC_002,25,55,25,36,1.012,40.69
2025-11-25,IF_PRC_003,5,15,15,36,1.012,20.44
2025-11-25,IF_ASM_001,60,85,30,36,1.012,57.26
2025-11-25,IF_ASM_002,60,80,19,36,1.012,46.08
2025-11-25,IF_DLV_001,100,100,32,36,1.012,71.84
2025-11-26,IF_ORD_001,100,90,27,35,1.013,73.62
2025-11-26,IF_PAY_001,100,100,42,35,1.013,69.16
2025-11-26,IF_PAY_002,25,30,19,35,1.013,27.56
2025-11-26,IF_ORD_002,100,90,48,35,1.013,69.35
2025-11-26,IF_ORD_003,60,80,19,35,1.013,54.42
2025-11-26,IF_MFG_001,60,75,36,35,1.013,61.37
2025-11-26,IF_MFG_002,25,65,18,35,1.013,37.91
2025-11-26,IF_MFG_003,25,35,14,35,1.013,29.11
2025-11-26,IF_MFG_004,5,20,9,35,1.013,14.23
2025-11-26,IF_PRC_001,60,70,19,35,1.013,52.38
2025-11-26,IF_PRC_002,25,55,14,35,1.013,31.2
2025-11-26,IF_PRC_003,5,15,9,35,1.013,19.39
2025-11-26,IF_ASM_001,60,85,23,35,1.013,56.72
2025-11-26,IF_ASM_002,60,80,25,35,1.013,58.64
2025-11-26,IF_DLV_001,100,100,25,35,1.013,74.87
2025-11-27,IF_ORD_001,100,90,35,34,1.016,71.77
2025-11-27,IF_PAY_001,100,100,27,34,1.016,69.79
2025-11-27,IF_PAY_002,25,30,11,34,1.016,33.46
2025-11-27,IF_ORD_002,100,90,27,34,1.016,73.41
2025-11-27,IF_ORD_003,60,80,25,34,1.016,50.41
2025-11-27,IF_MFG_001,60,75,28,34,1.016,54.07
2025-11-27,IF_MFG_002,25,65,18,34,1.016,39.36
2025-11-27,IF_MFG_003,25,35,12,34,1.016,28.1
2025-11-27,IF_MFG_004,5,20,18,34,1.016,22.9
2025-11-27,IF_PRC_001,60,70,32,34,1.016,55.01
2025-11-27,IF_PRC_002,25,55,13,34,1.016,33.57
2025-11-27,IF_PRC_003,5,15,6,34,1.016,15.05
2025-11-27,IF_ASM_001,60,85,37,34,1.016,58.33
2025-11-27,IF_ASM_002,60,80,23,34,1.016,51.79
2025-11-27,IF_DLV_001,100,100,40,34,1.016,80.28
2025-11-28,IF_ORD_001,100,90,50,33,1.018,74.72
2025-11-28,IF_PAY_001,100,100,60,33,1.018,73.87
2025-11-28,IF_PAY_002,25,30,19,33,1.018,33.2
2025-11-28,IF_ORD_002,100,90,63,33,1.018,71.6
2025-11-28,IF_ORD_003,60,80,24,33,1.018,54.16
2025-11-28,IF_MFG_001,60,75,139,33,1.018,63.99
2025-11-28,IF_MFG_002,25,65,55,33,1.018,43.27
2025-11-28,IF_MFG_003,25,35,15,33,1.018,28.95
2025-11-28,IF_MFG_004,5,20,10,33,1.018,19.77
2025-11-28,IF_PRC_001,60,70,36,33,1.018,54.97
2025-11-28,IF_PRC_002,25,55,16,33,1.018,38.04
2025-11-28,IF_PRC_003,5,15,13,33,1.018,17.72
2025-11-28,IF_ASM_001,60,85,20,33,1.018,55.44
2025-11-28,IF_ASM_002,60,80,29,33,1.018,58.55
2025-11-28,IF_DLV_001,100,100,137,33,1.018,80.23
2025-11-29,IF_ORD_001,100,90,43,32,1.021,69.4
2025-11-29,IF_PAY_001,100,100,58,32,1.021,80.94
2025-11-29,IF_PAY_002,25,30,17,32,1.021,33.67
2025-11-29,IF_ORD_002,100,90,55,32,1.021,73.07
2025-11-29,IF_ORD_003,60,80,18,32,1.021,51.81
2025-11-29,IF_MFG_001,60,75,20,32,1.021,55.57
2025-11-29,IF_MFG_002,25,65,19,32,1.021,34.19
2025-11-29,IF_MFG_003,25,35,24,32,1.021,36.27
2025-11-29,IF_MFG_004,5,20,7,32,1.021,22.44
2025-11-29,IF_PRC_001,60,70,24,32,1.021,52.68
2025-11-29,IF_PRC_002,25,55,25,32,1.021,37.39
2025-11-29,IF_PRC_003,5,15,14,32,1.021,20.63
2025-11-29,IF_ASM_001,60,85,21,32,1.021,56.13
2025-11-29,IF_ASM_002,60,80,38,32,1.021,52.52
2025-11-29,IF_DLV_001,100,100,60,32,1.021,75.2
2025-11-30,IF_ORD_001,100,90,19,31,1.024,68.59
2025-11-30,IF_PAY_001,100,100,55,31,1.024,79.93
2025-11-30,IF_PAY_002,25,30,10,31,1.024,26.41
2025-11-30,IF_ORD_002,100,90,45,31,1.024,71.96
2025-11-30,IF_ORD_003,60,80,27,31,1.024,47.34
2025-11-30,IF_MFG_001,60,75,14,31,1.024,50.53
2025-11-30,IF_MFG_002,25,65,17,31,1.024,37.65
2025-11-30,IF_MFG_003,25,35,21,31,1.024,35.85
2025-11-30,IF_MFG_004,5,20,8,31,1.024,17.03
2025-11-30,IF_PRC_001,60,70,43,31,1.024,57.74
2025-11-30,IF_PRC_002,25,55,13,31,1.024,26.53
2025-11-30,IF_PRC_003,5,15,6,31,1.024,10.05
2025-11-30,IF_ASM_001,60,85,19,31,1.024,54.28
2025-11-30,IF_ASM_002,60,80,24,31,1.024,51.81
2025-11-30,IF_DLV_001,100,100,54,31,1.024,76.08
2025-12-01,IF_ORD_001,100,90,48,30,1.028,68.96
2025-12-01,IF_PAY_001,100,100,57,30,1.028,77.23
2025-12-01,IF_PAY_002,25,30,9,30,1.028,25.83
2025-12-01,IF_ORD_002,100,90,32,30,1.028,69.67
2025-12-01,IF_ORD_003,60,80,26,30,1.028,52.48
2025-12-01,IF_MFG_001,60,75,35,30,1.028,50.73
2025-12-01,IF_MFG_002,25,65,18,30,1.028,39.31
2025-12-01,IF_MFG_003,25,35,11,30,1.028,29.27
2025-12-01,IF_MFG_004,5,20,11,30,1.028,21.33
2025-12-01,IF_PRC_001,60,70,25,30,1.028,48.32
2025-12-01,IF_PRC_002,25,55,7,30,1.028,33.73
2025-12-01,IF_PRC_003,5,15,7,30,1.028,14.8
2025-12-01,IF_ASM_001,60,85,33,30,1.028,54.69
2025-12-01,IF_ASM_002,60,80,21,30,1.028,52.48
2025-12-01,IF_DLV_001,100,100,24,30,1.028,72.04
2025-12-02,IF_ORD_001,100,90,31,29,1.032,73.09
2025-12-02,IF_PAY_001,100,100,55,29,1.032,74.44
2025-12-02,IF_PAY_002,25,30,9,29,1.032,22.93
2025-12-02,IF_ORD_002,100,90,50,29,1.032,71.22
2025-12-02,IF_ORD_003,60,80,24,29,1.032,58.17
2025-12-02,IF_MFG_001,60,75,20,29,1.032,51.19
2025-12-02,IF_MFG_002,25,65,22,29,1.032,42.56
2025-12-02,IF_MFG_003,25,35,15,29,1.032,33.11
2025-12-02,IF_MFG_004,5,20,15,29,1.032,16.02
2025-12-02,IF_PRC_001,60,70,25,29,1.032,50.38
2025-12-02,IF_PRC_002,25,55,16,29,1.032,35.22
2025-12-02,IF_PRC_003,5,15,7,29,1.032,21.53
2025-12-02,IF_ASM_001,60,85,28,29,1.032,57.97
2025-12-02,IF_ASM_002,60,80,41,29,1.032,61.52
2025-12-02,IF_DLV_001,100,100,26,29,1.032,69.39
2025-12-03,IF_ORD_001,100,90,52,28,1.037,75.78
2025-12-03,IF_PAY_001,100,100,55,28,1.037,78.32
2025-12-03,IF_PAY_002,25,30,19,28,1.037,26.91
2025-12-03,IF_ORD_002,100,90,37,28,1.037,71.0
2025-12-03,IF_ORD_003,60,80,41,28,1.037,59.86
2025-12-03,IF_MFG_001,60,75,26,28,1.037,53.11
2025-12-03,IF_MFG_002,25,65,11,28,1.037,40.14
2025-12-03,IF_MFG_003,25,35,23,28,1.037,27.68
2025-12-03,IF_MFG_004,5,20,9,28,1.037,23.16
2025-12-03,IF_PRC_001,60,70,28,28,1.037,59.87
2025-12-03,IF_PRC_002,25,55,12,28,1.037,30.41
2025-12-03,IF_PRC_003,5,15,14,28,1.037,22.76
2025-12-03,IF_ASM_001,60,85,30,28,1.037,56.29
2025-12-03,IF_ASM_002,60,80,28,28,1.037,51.68
2025-12-03,IF_DLV_001,100,100,36,28,1.037,75.34
2025-12-04,IF_ORD_001,100,90,42,27,1.042,68.2
2025-12-04,IF_PAY_001,100,100,24,27,1.042,73.09
2025-12-04,IF_PAY_002,25,30,29,27,1.042,29.9
2025-12-04,IF_ORD_002,100,90,60,27,1.042,74.39
2025-12-04,IF_ORD_003,60,80,18,27,1.042,54.43
2025-12-04,IF_MFG_001,60,75,25,27,1.042,50.34
2025-12-04,IF_MFG_002,25,65,13,27,1.042,36.68
2025-12-04,IF_MFG_003,25,35,29,27,1.042,30.25
2025-12-04,IF_MFG_004,5,20,9,27,1.042,15.53
2025-12-04,IF_PRC_001,60,70,27,27,1.042,51.38
2025-12-04,IF_PRC_002,25,55,19,27,1.042,31.44
2025-12-04,IF_PRC_003,5,15,13,27,1.042,11.43
2025-12-04,IF_ASM_001,60,85,34,27,1.042,61.96
2025-12-04,IF_ASM_002,60,80,30,27,1.042,54.81
2025-12-04,IF_DLV_001,100,100,49,27,1.042,76.86
2025-12-05,IF_ORD_001,100,90,52,26,1.049,68.74
2025-12-05,IF_PAY_001,100,100,20,26,1.049,68.91
2025-12-05,IF_PAY_002,25,30,26,26,1.049,34.79
2025-12-05,IF_ORD_002,100,90,29,26,1.049,71.78
2025-12-05,IF_ORD_003,60,80,34,26,1.049,56.61
2025-12-05,IF_MFG_001,60,75,37,26,1.049,53.86
2025-12-05,IF_MFG_002,25,65,12,26,1.049,37.6
2025-12-05,IF_MFG_003,25,35,13,26,1.049,27.78
2025-12-05,IF_MFG_004,5,20,17,26,1.049,20.52
2025-12-05,IF_PRC_001,60,70,35,26,1.049,52.54
2025-12-05,IF_PRC_002,25,55,18,26,1.049,34.04
2025-12-05,IF_PRC_003,5,15,16,26,1.049,22.29
2025-12-05,IF_ASM_001,60,85,24,26,1.049,51.2
2025-12-05,IF_ASM_002,60,80,18,26,1.049,50.06
2025-12-05,IF_DLV_001,100,100,31,26,1.049,74.27
2025-12-06,IF_ORD_001,100,90,39,25,1.056,72.28
2025-12-06,IF_PAY_001,100,100,68,25,1.056,76.43
2025-12-06,IF_PAY_002,25,30,24,25,1.056,27.63
2025-12-06,IF_ORD_002,100,90,264,25,1.056,71.01
2025-12-06,IF_ORD_003,60,80,42,25,1.056,57.86
2025-12-06,IF_MFG_001,60,75,20,25,1.056,51.9
2025-12-06,IF_MFG_002,25,65,27,25,1.056,44.07
2025-12-06,IF_MFG_003,25,35,22,25,1.056,32.45
2025-12-06,IF_MFG_004,5,20,14,25,1.056,20.12
2025-12-06,IF_PRC_001,60,70,113,25,1.056,62.46
2025-12-06,IF_PRC_002,25,55,18,25,1.056,33.75
2025-12-06,IF_PRC_003,5,15,3,25,1.056,8.81
2025-12-06,IF_ASM_001,60,85,19,25,1.056,56.29
2025-12-06,IF_ASM_002,60,80,38,25,1.056,51.47
2025-12-06,IF_DLV_001,100,100,26,25,1.056,65.62
2025-12-07,IF_ORD_001,100,90,29,24,1.065,69.27
2025-12-07,IF_PAY_001,100,100,49,24,1.065,73.65
2025-12-07,IF_PAY_002,25,30,12,24,1.065,26.04
2025-12-07,IF_ORD_002,100,90,43,24,1.065,69.32
2025-12-07,IF_ORD_003,60,80,23,24,1.065,55.47
2025-12-07,IF_MFG_001,60,75,48,24,1.065,61.54
2025-12-07,IF_MFG_002,25,65,17,24,1.065,36.56
2025-12-07,IF_MFG_003,25,35,24,24,1.065,29.74
2025-12-07,IF_MFG_004,5,20,12,24,1.065,16.87
2025-12-07,IF_PRC_001,60,70,38,24,1.065,56.16
2025-12-07,IF_PRC_002,25,55,13,24,1.065,39.54
2025-12-07,IF_PRC_003,5,15,6,24,1.065,15.3
2025-12-07,IF_ASM_001,60,85,44,24,1.065,60.77
2025-12-07,IF_ASM_002,60,80,32,24,1.065,57.85
2025-12-07,IF_DLV_001,100,100,36,24,1.065,73.86
2025-12-08,IF_ORD_001,100,90,46,23,1.075,69.97
2025-12-08,IF_PAY_001,100,100,44,23,1.075,76.17
2025-12-08,IF_PAY_002,25,30,18,23,1.075,37.21
2025-12-08,IF_ORD_002,100,90,21,23,1.075,71.31
2025-12-08,IF_ORD_003,60,80,23,23,1.075,48.09
2025-12-08,IF_MFG_001,60,75,37,23,1.075,53.13
2025-12-08,IF_MFG_002,25,65,18,23,1.075,34.91
2025-12-08,IF_MFG_003,25,35,7,23,1.075,29.45
2025-12-08,IF_MFG_004,5,20,11,23,1.075,20.77
2025-12-08,IF_PRC_001,60,70,39,23,1.075,55.53
2025-12-08,IF_PRC_002,25,55,16,23,1.075,37.95
2025-12-08,IF_PRC_003,5,15,14,23,1.075,21.56
2025-12-08,IF_ASM_001,60,85,16,23,1.075,57.2
2025-12-08,IF_ASM_002,60,80,23,23,1.075,56.13
2025-12-08,IF_DLV_001,100,100,41,23,1.075,77.08
2025-12-09,IF_ORD_001,100,90,25,22,1.086,66.87
2025-12-09,IF_PAY_001,100,100,60,22,1.086,78.17
2025-12-09,IF_PAY_002,25,30,25,22,1.086,32.7
2025-12-09,IF_ORD_002,100,90,58,22,1.086,73.03
2025-12-09,IF_ORD_003,60,80,23,22,1.086,53.5
2025-12-09,IF_MFG_001,60,75,19,22,1.086,52.39
2025-12-09,IF_MFG_002,25,65,11,22,1.086,41.29
2025-12-09,IF_MFG_003,25,35,20,22,1.086,37.77
2025-12-09,IF_MFG_004,5,20,15,22,1.086,21.02
2025-12-09,IF_PRC_001,60,70,21,22,1.086,49.28
2025-12-09,IF_PRC_002,25,55,11,22,1.086,35.26
2025-12-09,IF_PRC_003,5,15,9,22,1.086,19.95
2025-12-09,IF_ASM_001,60,85,100,22,1.086,60.63
2025-12-09,IF_ASM_002,60,80,41,22,1.086,59.91
2025-12-09,IF_DLV_001,100,100,39,22,1.086,74.08
2025-12-10,IF_ORD_001,100,90,46,21,1.1,79.78
2025-12-10,IF_PAY_001,100,100,41,21,1.1,74.39
2025-12-10,IF_PAY_002,25,30,20,21,1.1,29.37
2025-12-10,IF_ORD_002,100,90,59,21,1.1,72.62
2025-12-10,IF_ORD_003,60,80,43,21,1.1,56.21
2025-12-10,IF_MFG_001,60,75,101,21,1.1,55.62
2025-12-10,IF_MFG_002,25,65,29,21,1.1,45.59
2025-12-10,IF_MFG_003,25,35,24,21,1.1,33.6
2025-12-10,IF_MFG_004,5,20,18,21,1.1,21.52
2025-12-10,IF_PRC_001,60,70,29,21,1.1,48.5
2025-12-10,IF_PRC_002,25,55,12,21,1.1,39.07
2025-12-10,IF_PRC_003,5,15,7,21,1.1,15.5
2025-12-10,IF_ASM_001,60,85,40,21,1.1,62.78
2025-12-10,IF_ASM_002,60,80,158,21,1.1,62.86
2025-12-10,IF_DLV_001,100,100,41,21,1.1,72.49
2025-12-11,IF_ORD_001,100,90,69,20,1.115,75.21
2025-12-11,IF_PAY_001,100,100,54,20,1.115,73.77
2025-12-11,IF_PAY_002,25,30,9,20,1.115,24.83
2025-12-11,IF_ORD_002,100,90,53,20,1.115,72.94
2025-12-11,IF_ORD_003,60,80,28,20,1.115,56.58
2025-12-11,IF_MFG_001,60,75,28,20,1.115,57.06
2025-12-11,IF_MFG_002,25,65,8,20,1.115,35.77
2025-12-11,IF_MFG_003,25,35,16,20,1.115,29.64
2025-12-11,IF_MFG_004,5,20,50,20,1.115,24.13
2025-12-11,IF_PRC_001,60,70,23,20,1.115,55.07
2025-12-11,IF_PRC_002,25,55,21,20,1.115,43.57
2025-12-11,IF_PRC_003,5,15,12,20,1.115,17.11
2025-12-11,IF_ASM_001,60,85,32,20,1.115,62.03
2025-12-11,IF_ASM_002,60,80,31,20,1.115,57.15
2025-12-11,IF_DLV_001,100,100,28,20,1.115,74.93
2025-12-12,IF_ORD_001,100,90,35,19,1.133,69.79
2025-12-12,IF_PAY_001,100,100,81,19,1.133,73.01
2025-12-12,IF_PAY_002,25,30,15,19,1.133,25.93
2025-12-12,IF_ORD_002,100,90,30,19,1.133,73.69
2025-12-12,IF_ORD_003,60,80,36,19,1.133,60.08
2025-12-12,IF_MFG_001,60,75,32,19,1.133,59.07
2025-12-12,IF_MFG_002,25,65,17,19,1.133,42.39
2025-12-12,IF_MFG_003,25,35,21,19,1.133,29.65
2025-12-12,IF_MFG_004,5,20,17,19,1.133,22.67
2025-12-12,IF_PRC_001,60,70,30,19,1.133,53.4
2025-12-12,IF_PRC_002,25,55,23,19,1.133,35.83
2025-12-12,IF_PRC_003,5,15,9,19,1.133,17.06
2025-12-12,IF_ASM_001,60,85,33,19,1.133,56.63
2025-12-12,IF_ASM_002,60,80,25,19,1.133,56.95
2025-12-12,IF_DLV_001,100,100,41,19,1.133,72.49
2025-12-13,IF_ORD_001,100,90,33,18,1.153,70.18
2025-12-13,IF_PAY_001,100,100,38,18,1.153,76.07
2025-12-13,IF_PAY_002,25,30,18,18,1.153,29.09
2025-12-13,IF_ORD_002,100,90,43,18,1.153,75.68
2025-12-13,IF_ORD_003,60,80,37,18,1.153,56.09
2025-12-13,IF_MFG_001,60,75,28,18,1.153,55.86
2025-12-13,IF_MFG_002,25,65,19,18,1.153,38.19
2025-12-13,IF_MFG_003,25,35,13,18,1.153,35.11
2025-12-13,IF_MFG_004,5,20,7,18,1.153,11.08
2025-12-13,IF_PRC_001,60,70,19,18,1.153,48.13
2025-12-13,IF_PRC_002,25,55,23,18,1.153,37.03
2025-12-13,IF_PRC_003,5,15,21,18,1.153,22.71
2025-12-13,IF_ASM_001,60,85,43,18,1.153,55.58
2025-12-13,IF_ASM_002,60,80,34,18,1.153,56.36
2025-12-13,IF_DLV_001,100,100,193,18,1.153,88.33
2025-12-14,IF_ORD_001,100,90,57,17,1.176,71.6
2025-12-14,IF_PAY_001,100,100,34,17,1.176,78.48
2025-12-14,IF_PAY_002,25,30,20,17,1.176,30.97
2025-12-14,IF_ORD_002,100,90,31,17,1.176,75.23
2025-12-14,IF_ORD_003,60,80,26,17,1.176,55.88
2025-12-14,IF_MFG_001,60,75,23,17,1.176,52.95
2025-12-14,IF_MFG_002,25,65,18,17,1.176,40.2
2025-12-14,IF_MFG_003,25,35,12,17,1.176,31.97
2025-12-14,IF_MFG_004,5,20,13,17,1.176,24.32
2025-12-14,IF_PRC_001,60,70,29,17,1.176,57.91
2025-12-14,IF_PRC_002,25,55,13,17,1.176,40.53
2025-12-14,IF_PRC_003,5,15,9,17,1.176,16.76
2025-12-14,IF_ASM_001,60,85,40,17,1.176,62.2
2025-12-14,IF_ASM_002,60,80,32,17,1.176,55.37
2025-12-14,IF_DLV_001,100,100,33,17,1.176,71.9
2025-12-15,IF_ORD_001,100,90,40,16,1.203,70.37
2025-12-15,IF_PAY_001,100,100,34,16,1.203,80.72
2025-12-15,IF_PAY_002,25,30,24,16,1.203,32.97
2025-12-15,IF_ORD_002,100,90,63,16,1.203,73.15
2025-12-15,IF_ORD_003,60,80,37,16,1.203,58.05
2025-12-15,IF_MFG_001,60,75,34,16,1.203,55.24
2025-12-15,IF_MFG_002,25,65,8,16,1.203,35.08
2025-12-15,IF_MFG_003,25,35,16,16,1.203,28.44
2025-12-15,IF_MFG_004,5,20,22,16,1.203,24.95
2025-12-15,IF_PRC_001,60,70,25,16,1.203,54.13
2025-12-15,IF_PRC_002,25,55,31,16,1.203,41.1
2025-12-15,IF_PRC_003,5,15,6,16,1.203,19.02
2025-12-15,IF_ASM_001,60,85,29,16,1.203,57.07
2025-12-15,IF_ASM_002,60,80,32,16,1.203,53.69
2025-12-15,IF_DLV_001,100,100,28,16,1.203,78.04
2025-12-16,IF_ORD_001,100,90,70,15,1.235,74.74
2025-12-16,IF_PAY_001,100,100,36,15,1.235,75.51
2025-12-16,IF_PAY_002,25,30,17,15,1.235,34.35
2025-12-16,IF_ORD_002,100,90,56,15,1.235,73.82
2025-12-16,IF_ORD_003,60,80,24,15,1.235,53.22
2025-12-16,IF_MFG_001,60,75,34,15,1.235,57.33
2025-12-16,IF_MFG_002,25,65,27,15,1.235,44.0
2025-12-16,IF_MFG_003,25,35,8,15,1.235,26.8
2025-12-16,IF_MFG_004,5,20,12,15,1.235,24.61
2025-12-16,IF_PRC_001,60,70,31,15,1.235,57.51
2025-12-16,IF_PRC_002,25,55,19,15,1.235,37.78
2025-12-16,IF_PRC_003,5,15,6,15,1.235,21.05
2025-12-16,IF_ASM_001,60,85,28,15,1.235,59.73
2025-12-16,IF_ASM_002,60,80,25,15,1.235,56.93
2025-12-16,IF_DLV_001,100,100,38,15,1.235,80.98
2025-12-17,IF_ORD_001,100,90,33,14,1.271,69.7
2025-12-17,IF_PAY_001,100,100,36,14,1.271,75.89
2025-12-17,IF_PAY_002,25,30,25,14,1.271,35.25
2025-12-17,IF_ORD_002,100,90,60,14,1.271,74.7
2025-12-17,IF_ORD_003,60,80,51,14,1.271,59.78
2025-12-17,IF_MFG_001,60,75,25,14,1.271,57.73
2025-12-17,IF_MFG_002,25,65,19,14,1.271,40.98
2025-12-17,IF_MFG_003,25,35,21,14,1.271,36.29
2025-12-17,IF_MFG_004,5,20,8,14,1.271,22.94
2025-12-17,IF_PRC_001,60,70,38,14,1.271,57.8
2025-12-17,IF_PRC_002,25,55,13,14,1.271,37.89
2025-12-17,IF_PRC_003,5,15,6,14,1.271,23.74
2025-12-17,IF_ASM_001,60,85,25,14,1.271,63.72
2025-12-17,IF_ASM_002,60,80,32,14,1.271,56.75
2025-12-17,IF_DLV_001,100,100,53,14,1.271,74.32
2025-12-18,IF_ORD_001,100,90,63,13,1.312,76.83
2025-12-18,IF_PAY_001,100,100,64,13,1.312,82.82
2025-12-18,IF_PAY_002,25,30,14,13,1.312,32.15
2025-12-18,IF_ORD_002,100,90,41,13,1.312,78.42
2025-12-18,IF_ORD_003,60,80,31,13,1.312,58.46
2025-12-18,IF_MFG_001,60,75,13,13,1.312,54.25
2025-12-18,IF_MFG_002,25,65,23,13,1.312,39.27
2025-12-18,IF_MFG_003,25,35,18,13,1.312,30.12
2025-12-18,IF_MFG_004,5,20,6,13,1.312,17.43
2025-12-18,IF_PRC_001,60,70,52,13,1.312,55.71
2025-12-18,IF_PRC_002,25,55,20,13,1.312,35.88
2025-12-18,IF_PRC_003,5,15,8,13,1.312,16.44
2025-12-18,IF_ASM_001,60,85,39,13,1.312,57.43
2025-12-18,IF_ASM_002,60,80,39,13,1.312,58.29
2025-12-18,IF_DLV_001,100,100,45,13,1.312,77.32
2025-12-19,IF_ORD_001,100,90,55,12,1.36,74.89
2025-12-19,IF_PAY_001,100,100,50,12,1.36,77.95
2025-12-19,IF_PAY_002,25,30,18,12,1.36,34.83
2025-12-19,IF_ORD_002,100,90,67,12,1.36,69.82
2025-12-19,IF_ORD_003,60,80,33,12,1.36,60.15
2025-12-19,IF_MFG_001,60,75,42,12,1.36,58.74
2025-12-19,IF_MFG_002,25,65,19,12,1.36,35.54
2025-12-19,IF_MFG_003,25,35,24,12,1.36,39.49
2025-12-19,IF_MFG_004,5,20,11,12,1.36,23.73
2025-12-19,IF_PRC_001,60,70,36,12,1.36,54.47
2025-12-19,IF_PRC_002,25,55,26,12,1.36,45.37
2025-12-19,IF_PRC_003,5,15,6,12,1.36,24.6
2025-12-19,IF_ASM_001,60,85,34,12,1.36,57.27
2025-12-19,IF_ASM_002,60,80,26,12,1.36,55.67
2025-12-19,IF_DLV_001,100,100,62,12,1.36,84.31
2025-12-20,IF_ORD_001,100,90,44,11,1.415,75.16
2025-12-20,IF_PAY_001,100,100,37,11,1.415,74.9
2025-12-20,IF_PAY_002,25,30,25,11,1.415,38.86
2025-12-20,IF_ORD_002,100,90,62,11,1.415,78.37
2025-12-20,IF_ORD_003,60,80,29,11,1.415,59.71
2025-12-20,IF_MFG_001,60,75,40,11,1.415,56.58
2025-12-20,IF_MFG_002,25,65,93,11,1.415,54.27
2025-12-20,IF_MFG_003,25,35,28,11,1.415,33.72
2025-12-20,IF_MFG_004,5,20,7,11,1.415,18.87
2025-12-20,IF_PRC_001,60,70,35,11,1.415,56.03
2025-12-20,IF_PRC_002,25,55,20,11,1.415,41.14
2025-12-20,IF_PRC_003,5,15,9,11,1.415,18.44
2025-12-20,IF_ASM_001,60,85,18,11,1.415,58.54
2025-12-20,IF_ASM_002,60,80,23,11,1.415,58.45
2025-12-20,IF_DLV_001,100,100,61,11,1.415,79.79
2025-12-21,IF_ORD_001,100,90,41,10,1.479,73.61
2025-12-21,IF_PAY_001,100,100,50,10,1.479,85.0
2025-12-21,IF_PAY_002,25,30,16,10,1.479,32.36
2025-12-21,IF_ORD_002,100,90,70,10,1.479,76.51
2025-12-21,IF_ORD_003,60,80,26,10,1.479,60.02
2025-12-21,IF_MFG_001,60,75,25,10,1.479,58.18
2025-12-21,IF_MFG_002,25,65,19,10,1.479,41.88
2025-12-21,IF_MFG_003,25,35,18,10,1.479,39.39
2025-12-21,IF_MFG_004,5,20,9,10,1.479,21.37
2025-12-21,IF_PRC_001,60,70,39,10,1.479,57.28
2025-12-21,IF_PRC_002,25,55,20,10,1.479,38.4
2025-12-21,IF_PRC_003,5,15,8,10,1.479,21.75
2025-12-21,IF_ASM_001,60,85,25,10,1.479,59.91
2025-12-21,IF_ASM_002,60,80,44,10,1.479,60.92
2025-12-21,IF_DLV_001,100,100,61,10,1.479,76.89
2025-12-22,IF_ORD_001,100,90,31,9,1.553,77.2
2025-12-22,IF_PAY_001,100,100,51,9,1.553,81.7
2025-12-22,IF_PAY_002,25,30,22,9,1.553,38.04
2025-12-22,IF_ORD_002,100,90,52,9,1.553,77.96
2025-12-22,IF_ORD_003,60,80,46,9,1.553,61.69
2025-12-22,IF_MFG_001,60,75,39,9,1.553,57.03
2025-12-22,IF_MFG_002,25,65,20,9,1.553,45.72
2025-12-22,IF_MFG_003,25,35,29,9,1.553,41.71
2025-12-22,IF_MFG_004,5,20,15,9,1.553,27.4
2025-12-22,IF_PRC_001,60,70,41,9,1.553,55.88
2025-12-22,IF_PRC_002,25,55,16,9,1.553,49.1
2025-12-22,IF_PRC_003,5,15,19,9,1.553,27.35
2025-12-22,IF_ASM_001,60,85,25,9,1.553,58.61
2025-12-22,IF_ASM_002,60,80,30,9,1.553,60.25
2025-12-22,IF_DLV_001,100,100,39,9,1.553,82.12
2025-12-23,IF_ORD_001,100,90,49,8,1.638,74.54
2025-12-23,IF_PAY_001,100,100,42,8,1.638,81.79
2025-12-23,IF_PAY_002,25,30,14,8,1.638,30.23
2025-12-23,IF_ORD_002,100,90,61,8,1.638,78.66
2025-12-23,IF_ORD_003,60,80,27,8,1.638,60.1
2025-12-23,IF_MFG_001,60,75,22,8,1.638,59.65
2025-12-23,IF_MFG_002,25,65,65,8,1.638,56.4
2025-12-23,IF_MFG_003,25,35,24,8,1.638,35.07
2025-12-23,IF_MFG_004,5,20,18,8,1.638,33.58
2025-12-23,IF_PRC_001,60,70,30,8,1.638,65.0
2025-12-23,IF_PRC_002,25,55,28,8,1.638,42.08
2025-12-23,IF_PRC_003,5,15,8,8,1.638,22.06
2025-12-23,IF_ASM_001,60,85,22,8,1.638,60.29
2025-12-23,IF_ASM_002,60,80,37,8,1.638,58.12
2025-12-23,IF_DLV_001,100,100,47,8,1.638,84.09
2025-12-24,IF_ORD_001,100,90,78,7,1.736,80.92
2025-12-24,IF_PAY_001,100,100,55,7,1.736,75.5
2025-12-24,IF_PAY_002,25,30,14,7,1.736,36.46
2025-12-24,IF_ORD_002,100,90,33,7,1.736,79.41
2025-12-24,IF_ORD_003,60,80,176,7,1.736,76.54
2025-12-24,IF_MFG_001,60,75,22,7,1.736,60.56
2025-12-24,IF_MFG_002,25,65,63,7,1.736,52.29
2025-12-24,IF_MFG_003,25,35,24,7,1.736,37.27
2025-12-24,IF_MFG_004,5,20,13,7,1.736,29.7
2025-12-24,IF_PRC_001,60,70,23,7,1.736,59.92
2025-12-24,IF_PRC_002,25,55,17,7,1.736,43.33
2025-12-24,IF_PRC_003,5,15,9,7,1.736,22.63
2025-12-24,IF_ASM_001,60,85,113,7,1.736,64.96
2025-12-24,IF_ASM_002,60,80,36,7,1.736,61.08
2025-12-24,IF_DLV_001,100,100,47,7,1.736,80.7
2025-12-25,IF_ORD_001,100,90,68,6,1.849,80.83
2025-12-25,IF_PAY_001,100,100,62,6,1.849,91.23
2025-12-25,IF_PAY_002,25,30,20,6,1.849,37.27
2025-12-25,IF_ORD_002,100,90,70,6,1.849,81.86
2025-12-25,IF_ORD_003,60,80,48,6,1.849,63.74
2025-12-25,IF_MFG_001,60,75,41,6,1.849,63.65
2025-12-25,IF_MFG_002,25,65,22,6,1.849,48.05
2025-12-25,IF_MFG_003,25,35,24,6,1.849,40.12
2025-12-25,IF_MFG_004,5,20,7,6,1.849,26.66
2025-12-25,IF_PRC_001,60,70,23,6,1.849,55.82
2025-12-25,IF_PRC_002,25,55,78,6,1.849,47.82
2025-12-25,IF_PRC_003,5,15,9,6,1.849,24.01
2025-12-25,IF_ASM_001,60,85,39,6,1.849,60.37
2025-12-25,IF_ASM_002,60,80,28,6,1.849,65.13
2025-12-25,IF_DLV_001,100,100,53,6,1.849,82.64
2025-12-26,IF_ORD_001,100,90,55,5,1.979,85.53
2025-12-26,IF_PAY_001,100,100,79,5,1.979,86.7
2025-12-26,IF_PAY_002,25,30,21,5,1.979,43.58
2025-12-26,IF_ORD_002,100,90,52,5,1.979,80.25
2025-12-26,IF_ORD_003,60,80,33,5,1.979,63.01
2025-12-26,IF_MFG_001,60,75,34,5,1.979,68.64
2025-12-26,IF_MFG_002,25,65,30,5,1.979,48.34
2025-12-26,IF_MFG_003,25,35,29,5,1.979,42.33
2025-12-26,IF_MFG_004,5,20,10,5,1.979,27.15
2025-12-26,IF_PRC_001,60,70,29,5,1.979,65.09
2025-12-26,IF_PRC_002,25,55,11,5,1.979,40.0
2025-12-26,IF_PRC_003,5,15,14,5,1.979,35.91
2025-12-26,IF_ASM_001,60,85,34,5,1.979,66.32
2025-12-26,IF_ASM_002,60,80,51,5,1.979,70.02
2025-12-26,IF_DLV_001,100,100,63,5,1.979,81.58
2025-12-27,IF_ORD_001,100,90,59,4,2.129,90.67
2025-12-27,IF_PAY_001,100,100,73,4,2.129,82.67
2025-12-27,IF_PAY_002,25,30,14,4,2.129,39.64
2025-12-27,IF_ORD_002,100,90,50,4,2.129,80.85
2025-12-27,IF_ORD_003,60,80,37,4,2.129,72.13
2025-12-27,IF_MFG_001,60,75,26,4,2.129,59.5
2025-12-27,IF_MFG_002,25,65,12,4,2.129,49.6
2025-12-27,IF_MFG_003,25,35,28,4,2.129,47.38
2025-12-27,IF_MFG_004,5,20,15,4,2.129,28.51
2025-12-27,IF_PRC_001,60,70,44,4,2.129,67.34
2025-12-27,IF_PRC_002,25,55,33,4,2.129,49.63
2025-12-27,IF_PRC_003,5,15,7,4,2.129,25.55
2025-12-27,IF_ASM_001,60,85,33,4,2.129,67.41
2025-12-27,IF_ASM_002,60,80,41,4,2.129,70.48
2025-12-27,IF_DLV_001,100,100,67,4,2.129,87.18
2025-12-28,IF_ORD_001,100,90,47,3,2.303,77.26
2025-12-28,IF_PAY_001,100,100,53,3,2.303,89.27
2025-12-28,IF_PAY_002,25,30,24,3,2.303,42.39
2025-12-28,IF_ORD_002,100,90,79,3,2.303,82.22
2025-12-28,IF_ORD_003,60,80,41,3,2.303,67.63
2025-12-28,IF_MFG_001,60,75,18,3,2.303,65.0
2025-12-28,IF_MFG_002,25,65,12,3,2.303,50.71
2025-12-28,IF_MFG_003,25,35,28,3,2.303,47.74
2025-12-28,IF_MFG_004,5,20,12,3,2.303,28.19
2025-12-28,IF_PRC_001,60,70,40,3,2.303,66.87
2025-12-28,IF_PRC_002,25,55,32,3,2.303,49.52
2025-12-28,IF_PRC_003,5,15,3,3,2.303,25.51
2025-12-28,IF_ASM_001,60,85,25,3,2.303,72.68
2025-12-28,IF_ASM_002,60,80,53,3,2.303,64.01
2025-12-28,IF_DLV_001,100,100,66,3,2.303,83.57
2025-12-29,IF_ORD_001,100,90,56,2,2.503,87.17
2025-12-29,IF_PAY_001,100,100,93,2,2.503,93.0
2025-12-29,IF_PAY_002,25,30,37,2,2.503,47.85
2025-12-29,IF_ORD_002,100,90,71,2,2.503,91.04
2025-12-29,IF_ORD_003,60,80,33,2,2.503,67.32
2025-12-29,IF_MFG_001,60,75,35,2,2.503,67.29
2025-12-29,IF_MFG_002,25,65,130,2,2.503,60.52
2025-12-29,IF_MFG_003,25,35,14,2,2.503,44.27
2025-12-29,IF_MFG_004,5,20,21,2,2.503,42.74
2025-12-29,IF_PRC_001,60,70,42,2,2.503,70.89
2025-12-29,IF_PRC_002,25,55,17,2,2.503,52.55
2025-12-29,IF_PRC_003,5,15,9,2,2.503,32.93
2025-12-29,IF_ASM_001,60,85,35,2,2.503,75.81
2025-12-29,IF_ASM_002,60,80,52,2,2.503,70.82
2025-12-29,IF_DLV_001,100,100,33,2,2.503,91.02
2025-12-30,IF_ORD_001,100,90,72,1,2.734,89.82
2025-12-30,IF_PAY_001,100,100,75,1,2.734,89.88
2025-12-30,IF_PAY_002,25,30,18,1,2.734,46.68
2025-12-30,IF_ORD_002,100,90,61,1,2.734,92.68
2025-12-30,IF_ORD_003,60,80,46,1,2.734,73.9
2025-12-30,IF_MFG_001,60,75,46,1,2.734,73.64
2025-12-30,IF_MFG_002,25,65,32,1,2.734,57.34
2025-12-30,IF_MFG_003,25,35,14,1,2.734,49.53
2025-12-30,IF_MFG_004,5,20,18,1,2.734,30.69
2025-12-30,IF_PRC_001,60,70,50,1,2.734,70.32
2025-12-30,IF_PRC_002,25,55,28,1,2.734,51.36
2025-12-30,IF_PRC_003,5,15,17,1,2.734,35.64
2025-12-30,IF_ASM_001,60,85,25,1,2.734,70.69
2025-12-30,IF_ASM_002,60,80,46,1,2.734,75.14
2025-12-30,IF_DLV_001,100,100,73,1,2.734,93.86
2025-12-31,IF_ORD_001,100,90,64,0,3.0,91.4
2025-12-31,IF_PAY_001,100,100,71,0,3.0,96.69
2025-12-31,IF_PAY_002,25,30,21,0,3.0,44.8
2025-12-31,IF_ORD_002,100,90,73,0,3.0,92.72
2025-12-31,IF_ORD_003,60,80,33,0,3.0,75.41
2025-12-31,IF_MFG_001,60,75,43,0,3.0,72.27
2025-12-31,IF_MFG_002,25,65,19,0,3.0,60.29
2025-12-31,IF_MFG_003,25,35,38,0,3.0,58.85
2025-12-31,IF_MFG_004,5,20,16,0,3.0,42.06
2025-12-31,IF_PRC_001,60,70,30,0,3.0,75.46
2025-12-31,IF_PRC_002,25,55,22,0,3.0,52.77
2025-12-31,IF_PRC_003,5,15,12,0,3.0,32.05
2025-12-31,IF_ASM_001,60,85,183,0,3.0,87.02
2025-12-31,IF_ASM_002,60,80,160,0,3.0,79.78
2025-12-31,IF_DLV_001,100,100,53,0,3.0,97.76
2026-01-01,IF_ORD_001,100,90,42,89,1.0,77.52
2026-01-01,IF_PAY_001,100,100,56,89,1.0,74.75
2026-01-01,IF_PAY_002,25,30,23,89,1.0,29.13
2026-01-01,IF_ORD_002,100,90,37,89,1.0,68.49
2026-01-01,IF_ORD_003,60,80,24,89,1.0,58.79
2026-01-01,IF_MFG_001,60,75,30,89,1.0,52.89
2026-01-01,IF_MFG_002,25,65,14,89,1.0,35.09
2026-01-01,IF_MFG_003,25,35,11,89,1.0,29.77
2026-01-01,IF_MFG_004,5,20,2,89,1.0,10.41
2026-01-01,IF_PRC_001,60,70,24,89,1.0,50.23
2026-01-01,IF_PRC_002,25,55,9,89,1.0,33.07
2026-01-01,IF_PRC_003,5,15,15,89,1.0,16.47
2026-01-01,IF_ASM_001,60,85,36,89,1.0,54.35
2026-01-01,IF_ASM_002,60,80,40,89,1.0,58.22
2026-01-01,IF_DLV_001,100,100,31,89,1.0,70.96
2026-01-02,IF_ORD_001,100,90,57,88,1.0,74.26
2026-01-02,IF_PAY_001,100,100,53,88,1.0,75.05
2026-01-02,IF_PAY_002,25,30,29,88,1.0,34.01
2026-01-02,IF_ORD_002,100,90,35,88,1.0,70.43
2026-01-02,IF_ORD_003,60,80,34,88,1.0,53.52
2026-01-02,IF_MFG_001,60,75,43,88,1.0,53.77
2026-01-02,IF_MFG_002,25,65,11,88,1.0,35.73
2026-01-02,IF_MFG_003,25,35,72,88,1.0,31.7
2026-01-02,IF_MFG_004,5,20,14,88,1.0,20.07
2026-01-02,IF_PRC_001,60,70,33,88,1.0,54.62
2026-01-02,IF_PRC_002,25,55,28,88,1.0,38.92
2026-01-02,IF_PRC_003,5,15,11,88,1.0,15.98
2026-01-02,IF_ASM_001,60,85,32,88,1.0,62.08
2026-01-02,IF_ASM_002,60,80,24,88,1.0,50.92
2026-01-02,IF_DLV_001,100,100,32,88,1.0,80.54
2026-01-03,IF_ORD_001,100,90,26,87,1.0,67.32
2026-01-03,IF_PAY_001,100,100,28,87,1.0,73.55
2026-01-03,IF_PAY_002,25,30,19,87,1.0,31.54
2026-01-03,IF_ORD_002,100,90,38,87,1.0,69.67
2026-01-03,IF_ORD_003,60,80,18,87,1.0,52.56
2026-01-03,IF_MFG_001,60,75,29,87,1.0,57.49
2026-01-03,IF_MFG_002,25,65,32,87,1.0,43.34
2026-01-03,IF_MFG_003,25,35,8,87,1.0,28.2
2026-01-03,IF_MFG_004,5,20,7,87,1.0,18.05
2026-01-03,IF_PRC_001,60,70,24,87,1.0,57.46
2026-01-03,IF_PRC_002,25,55,12,87,1.0,31.88
2026-01-03,IF_PRC_003,5,15,12,87,1.0,21.54
2026-01-03,IF_ASM_001,60,85,24,87,1.0,53.63
2026-01-03,IF_ASM_002,60,80,39,87,1.0,53.51
2026-01-03,IF_DLV_001,100,100,46,87,1.0,77.21
2026-01-04,IF_ORD_001,100,90,25,86,1.0,68.39
2026-01-04,IF_PAY_001,100,100,42,86,1.0,73.52
2026-01-04,IF_PAY_002,25,30,16,86,1.0,25.67
2026-01-04,IF_ORD_002,100,90,41,86,1.0,71.26
2026-01-04,IF_ORD_003,60,80,20,86,1.0,53.36
2026-01-04,IF_MFG_001,60,75,25,86,1.0,52.1
2026-01-04,IF_MFG_002,25,65,43,86,1.0,45.08
2026-01-04,IF_MFG_003,25,35,8,86,1.0,25.97
2026-01-04,IF_MFG_004,5,20,10,86,1.0,20.15
2026-01-04,IF_PRC_001,60,70,32,86,1.0,51.79
2026-01-04,IF_PRC_002,25,55,9,86,1.0,31.08
2026-01-04,IF_PRC_003,5,15,11,86,1.0,19.87
2026-01-04,IF_ASM_001,60,85,20,86,1.0,58.01
2026-01-04,IF_ASM_002,60,80,37,86,1.0,55.47
2026-01-04,IF_DLV_001,100,100,71,86,1.0,79.57
2026-01-05,IF_ORD_001,100,90,44,85,1.0,70.2
2026-01-05,IF_PAY_001,100,100,36,85,1.0,73.07
2026-01-05,IF_PAY_002,25,30,15,85,1.0,30.4
2026-01-05,IF_ORD_002,100,90,40,85,1.0,72.49
2026-01-05,IF_ORD_003,60,80,20,85,1.0,56.05
2026-01-05,IF_MFG_001,60,75,28,85,1.0,57.09
2026-01-05,IF_MFG_002,25,65,28,85,1.0,43.14
2026-01-05,IF_MFG_003,25,35,8,85,1.0,27.89
2026-01-05,IF_MFG_004,5,20,4,85,1.0,13.37
2026-01-05,IF_PRC_001,60,70,15,85,1.0,47.09
2026-01-05,IF_PRC_002,25,55,24,85,1.0,34.59
2026-01-05,IF_PRC_003,5,15,17,85,1.0,22.13
2026-01-05,IF_ASM_001,60,85,135,85,1.0,69.75
2026-01-05,IF_ASM_002,60,80,43,85,1.0,57.7
2026-01-05,IF_DLV_001,100,100,37,85,1.0,76.16
2026-01-06,IF_ORD_001,100,90,43,84,1.0,76.83
2026-01-06,IF_PAY_001,100,100,52,84,1.0,76.21
2026-01-06,IF_PAY_002,25,30,15,84,1.0,32.17
2026-01-06,IF_ORD_002,100,90,27,84,1.0,67.59
2026-01-06,IF_ORD_003,60,80,33,84,1.0,52.07
2026-01-06,IF_MFG_001,60,75,19,84,1.0,53.77
2026-01-06,IF_MFG_002,25,65,12,84,1.0,32.41
2026-01-06,IF_MFG_003,25,35,20,84,1.0,26.3
2026-01-06,IF_MFG_004,5,20,37,84,1.0,20.7
2026-01-06,IF_PRC_001,60,70,45,84,1.0,58.57
2026-01-06,IF_PRC_002,25,55,20,84,1.0,34.4
2026-01-06,IF_PRC_003,5,15,25,84,1.0,15.61
2026-01-06,IF_ASM_001,60,85,17,84,1.0,53.57
2026-01-06,IF_ASM_002,60,80,24,84,1.0,54.32
2026-01-06,IF_DLV_001,100,100,44,84,1.0,73.83
2026-01-07,IF_ORD_001,100,90,36,83,1.0,65.8
2026-01-07,IF_PAY_001,100,100,24,83,1.0,67.25
2026-01-07,IF_PAY_002,25,30,20,83,1.0,27.06
2026-01-07,IF_ORD_002,100,90,28,83,1.0,63.87
2026-01-07,IF_ORD_003,60,80,34,83,1.0,52.66
2026-01-07,IF_MFG_001,60,75,23,83,1.0,46.33
2026-01-07,IF_MFG_002,25,65,18,83,1.0,32.6
2026-01-07,IF_MFG_003,25,35,13,83,1.0,32.58
2026-01-07,IF_MFG_004,5,20,5,83,1.0,14.8
2026-01-07,IF_PRC_001,60,70,43,83,1.0,52.82
2026-01-07,IF_PRC_002,25,55,9,83,1.0,36.43
2026-01-07,IF_PRC_003,5,15,5,83,1.0,13.69
2026-01-07,IF_ASM_001,60,85,44,83,1.0,60.66
2026-01-07,IF_ASM_002,60,80,30,83,1.0,55.83
2026-01-07,IF_DLV_001,100,100,25,83,1.0,70.66
2026-01-08,IF_ORD_001,100,90,41,82,1.0,75.29
2026-01-08,IF_PAY_001,100,100,57,82,1.0,74.57
2026-01-08,IF_PAY_002,25,30,23,82,1.0,29.54
2026-01-08,IF_ORD_002,100,90,41,82,1.0,69.57
2026-01-08,IF_ORD_003,60,80,30,82,1.0,54.99
2026-01-08,IF_MFG_001,60,75,39,82,1.0,51.92
2026-01-08,IF_MFG_002,25,65,19,82,1.0,41.35
2026-01-08,IF_MFG_003,25,35,9,82,1.0,20.15
2026-01-08,IF_MFG_004,5,20,9,82,1.0,20.5
2026-01-08,IF_PRC_001,60,70,25,82,1.0,53.37
2026-01-08,IF_PRC_002,25,55,6,82,1.0,30.45
2026-01-08,IF_PRC_003,5,15,11,82,1.0,19.4
2026-01-08,IF_ASM_001,60,85,23,82,1.0,59.18
2026-01-08,IF_ASM_002,60,80,32,82,1.0,60.84
2026-01-08,IF_DLV_001,100,100,34,82,1.0,76.05
2026-01-09,IF_ORD_001,100,90,25,81,1.0,65.24
2026-01-09,IF_PAY_001,100,100,36,81,1.0,75.29
2026-01-09,IF_PAY_002,25,30,14,81,1.0,28.96
2026-01-09,IF_ORD_002,100,90,35,81,1.0,70.75
2026-01-09,IF_ORD_003,60,80,19,81,1.0,52.55
2026-01-09,IF_MFG_001,60,75,34,81,1.0,54.6
2026-01-09,IF_MFG_002,25,65,23,81,1.0,37.81
2026-01-09,IF_MFG_003,25,35,25,81,1.0,32.13
2026-01-09,IF_MFG_004,5,20,15,81,1.0,16.87
2026-01-09,IF_PRC_001,60,70,41,81,1.0,52.13
2026-01-09,IF_PRC_002,25,55,23,81,1.0,33.82
2026-01-09,IF_PRC_003,5,15,8,81,1.0,17.86
2026-01-09,IF_ASM_001,60,85,23,81,1.0,53.01
2026-01-09,IF_ASM_002,60,80,24,81,1.0,56.55
2026-01-09,IF_DLV_001,100,100,33,81,1.0,73.41
2026-01-10,IF_ORD_001,100,90,35,80,1.0,68.3
2026-01-10,IF_PAY_001,100,100,43,80,1.0,71.39
2026-01-10,IF_PAY_002,25,30,16,80,1.0,24.19
2026-01-10,IF_ORD_002,100,90,182,80,1.0,77.49
2026-01-10,IF_ORD_003,60,80,30,80,1.0,53.72
2026-01-10,IF_MFG_001,60,75,36,80,1.0,55.96
2026-01-10,IF_MFG_002,25,65,15,80,1.0,35.98
2026-01-10,IF_MFG_003,25,35,27,80,1.0,28.0
2026-01-10,IF_MFG_004,5,20,16,80,1.0,24.0
2026-01-10,IF_PRC_001,60,70,17,80,1.0,55.99
2026-01-10,IF_PRC_002,25,55,13,80,1.0,28.34
2026-01-10,IF_PRC_003,5,15,10,80,1.0,12.57
2026-01-10,IF_ASM_001,60,85,28,80,1.0,60.13
2026-01-10,IF_ASM_002,60,80,37,80,1.0,53.23
2026-01-10,IF_DLV_001,100,100,28,80,1.0,74.23
2026-01-11,IF_ORD_001,100,90,57,79,1.0,75.55
2026-01-11,IF_PAY_001,100,100,46,79,1.0,71.2
2026-01-11,IF_PAY_002,25,30,26,79,1.0,28.83
2026-01-11,IF_ORD_002,100,90,49,79,1.0,74.17
2026-01-11,IF_ORD_003,60,80,27,79,1.0,55.15
2026-01-11,IF_MFG_001,60,75,28,79,1.0,54.8
2026-01-11,IF_MFG_002,25,65,17,79,1.0,37.77
2026-01-11,IF_MFG_003,25,35,20,79,1.0,33.74
2026-01-11,IF_MFG_004,5,20,3,79,1.0,11.91
2026-01-11,IF_PRC_001,60,70,30,79,1.0,49.77
2026-01-11,IF_PRC_002,25,55,33,79,1.0,42.13
2026-01-11,IF_PRC_003,5,15,14,79,1.0,23.76
2026-01-11,IF_ASM_001,60,85,25,79,1.0,53.55
2026-01-11,IF_ASM_002,60,80,29,79,1.0,54.41
2026-01-11,IF_DLV_001,100,100,34,79,1.0,72.45
2026-01-12,IF_ORD_001,100,90,42,78,1.0,72.77
2026-01-12,IF_PAY_001,100,100,209,78,1.0,80.09
2026-01-12,IF_PAY_002,25,30,11,78,1.0,26.71
2026-01-12,IF_ORD_002,100,90,56,78,1.0,76.1
2026-01-12,IF_ORD_003,60,80,29,78,1.0,54.62
2026-01-12,IF_MFG_001,60,75,26,78,1.0,51.45
2026-01-12,IF_MFG_002,25,65,13,78,1.0,35.93
2026-01-12,IF_MFG_003,25,35,15,78,1.0,37.01
2026-01-12,IF_MFG_004,5,20,4,78,1.0,12.37
2026-01-12,IF_PRC_001,60,70,37,78,1.0,57.49
2026-01-12,IF_PRC_002,25,55,14,78,1.0,33.64
2026-01-12,IF_PRC_003,5,15,8,78,1.0,16.49
2026-01-12,IF_ASM_001,60,85,22,78,1.0,49.22
2026-01-12,IF_ASM_002,60,80,19,78,1.0,53.18
2026-01-12,IF_DLV_001,100,100,57,78,1.0,78.1
2026-01-13,IF_ORD_001,100,90,52,77,1.0,72.08
2026-01-13,IF_PAY_001,100,100,42,77,1.0,67.96
2026-01-13,IF_PAY_002,25,30,8,77,1.0,24.59
2026-01-13,IF_ORD_002,100,90,55,77,1.0,67.53
2026-01-13,IF_ORD_003,60,80,39,77,1.0,57.5
2026-01-13,IF_MFG_001,60,75,26,77,1.0,54.38
2026-01-13,IF_MFG_002,25,65,15,77,1.0,40.42
2026-01-13,IF_MFG_003,25,35,20,77,1.0,34.19
2026-01-13,IF_MFG_004,5,20,10,77,1.0,24.04
2026-01-13,IF_PRC_001,60,70,18,77,1.0,53.73
2026-01-13,IF_PRC_002,25,55,20,77,1.0,37.37
2026-01-13,IF_PRC_003,5,15,6,77,1.0,11.87
2026-01-13,IF_ASM_001,60,85,27,77,1.0,57.21
2026-01-13,IF_ASM_002,60,80,34,77,1.0,53.19
2026-01-13,IF_DLV_001,100,100,52,77,1.0,75.95
2026-01-14,IF_ORD_001,100,90,58,76,1.0,74.02
2026-01-14,IF_PAY_001,100,100,125,76,1.0,81.71
2026-01-14,IF_PAY_002,25,30,13,76,1.0,27.48
2026-01-14,IF_ORD_002,100,90,31,76,1.0,71.21
2026-01-14,IF_ORD_003,60,80,25,76,1.0,55.88
2026-01-14,IF_MFG_001,60,75,38,76,1.0,55.79
2026-01-14,IF_MFG_002,25,65,16,76,1.0,42.07
2026-01-14,IF_MFG_003,25,35,21,76,1.0,30.66
2026-01-14,IF_MFG_004,5,20,11,76,1.0,21.89
2026-01-14,IF_PRC_001,60,70,27,76,1.0,47.95
2026-01-14,IF_PRC_002,25,55,23,76,1.0,36.09
2026-01-14,IF_PRC_003,5,15,8,76,1.0,12.09
2026-01-14,IF_ASM_001,60,85,40,76,1.0,60.39
2026-01-14,IF_ASM_002,60,80,52,76,1.0,58.66
2026-01-14,IF_DLV_001,100,100,54,76,1.0,80.02
2026-01-15,IF_ORD_001,100,90,44,75,1.0,68.44
2026-01-15,IF_PAY_001,100,100,24,75,1.0,72.19
2026-01-15,IF_PAY_002,25,30,25,75,1.0,31.95
2026-01-15,IF_ORD_002,100,90,54,75,1.0,77.46
2026-01-15,IF_ORD_003,60,80,17,75,1.0,53.39
2026-01-15,IF_MFG_001,60,75,34,75,1.0,53.04
2026-01-15,IF_MFG_002,25,65,9,75,1.0,36.91
2026-01-15,IF_MFG_003,25,35,18,75,1.0,32.46
2026-01-15,IF_MFG_004,5,20,17,75,1.0,22.51
2026-01-15,IF_PRC_001,60,70,29,75,1.0,53.84
2026-01-15,IF_PRC_002,25,55,15,75,1.0,37.93
2026-01-15,IF_PRC_003,5,15,8,75,1.0,20.53
2026-01-15,IF_ASM_001,60,85,17,75,1.0,57.01
2026-01-15,IF_ASM_002,60,80,36,75,1.0,59.82
2026-01-15,IF_DLV_001,100,100,30,75,1.0,75.05
2026-01-16,IF_ORD_001,100,90,36,74,1.0,70.54
2026-01-16,IF_PAY_001,100,100,28,74,1.0,65.28
2026-01-16,IF_PAY_002,25,30,26,74,1.0,30.78
2026-01-16,IF_ORD_002,100,90,23,74,1.0,69.99
2026-01-16,IF_ORD_003,60,80,19,74,1.0,47.98
2026-01-16,IF_MFG_001,60,75,32,74,1.0,57.06
2026-01-16,IF_MFG_002,25,65,8,74,1.0,30.46
2026-01-16,IF_MFG_003,25,35,20,74,1.0,28.21
2026-01-16,IF_MFG_004,5,20,3,74,1.0,12.29
2026-01-16,IF_PRC_001,60,70,25,74,1.0,53.07
2026-01-16,IF_PRC_002,25,55,18,74,1.0,33.69
2026-01-16,IF_PRC_003,5,15,14,74,1.0,19.91
2026-01-16,IF_ASM_001,60,85,26,74,1.0,56.17
2026-01-16,IF_ASM_002,60,80,38,74,1.0,55.32
2026-01-16,IF_DLV_001,100,100,31,74,1.0,69.26
2026-01-17,IF_ORD_001,100,90,160,73,1.0,74.17
2026-01-17,IF_PAY_001,100,100,31,73,1.0,76.4
2026-01-17,IF_PAY_002,25,30,9,73,1.0,23.55
2026-01-17,IF_ORD_002,100,90,27,73,1.0,62.63
2026-01-17,IF_ORD_003,60,80,25,73,1.0,53.12
2026-01-17,IF_MFG_001,60,75,19,73,1.0,52.04
2026-01-17,IF_MFG_002,25,65,17,73,1.0,38.06
2026-01-17,IF_MFG_003,25,35,25,73,1.0,31.21
2026-01-17,IF_MFG_004,5,20,13,73,1.0,15.05
2026-01-17,IF_PRC_001,60,70,29,73,1.0,52.06
2026-01-17,IF_PRC_002,25,55,10,73,1.0,33.0
2026-01-17,IF_PRC_003,5,15,10,73,1.0,18.14
2026-01-17,IF_ASM_001,60,85,16,73,1.0,57.1
2026-01-17,IF_ASM_002,60,80,27,73,1.0,59.26
2026-01-17,IF_DLV_001,100,100,46,73,1.0,73.86
2026-01-18,IF_ORD_001,100,90,43,72,1.0,74.03
2026-01-18,IF_PAY_001,100,100,37,72,1.0,76.24
2026-01-18,IF_PAY_002,25,30,16,72,1.0,26.22
2026-01-18,IF_ORD_002,100,90,34,72,1.0,69.88
2026-01-18,IF_ORD_003,60,80,31,72,1.0,50.87
2026-01-18,IF_MFG_001,60,75,135,72,1.0,64.26
2026-01-18,IF_MFG_002,25,65,12,72,1.0,34.04
2026-01-18,IF_MFG_003,25,35,17,72,1.0,31.14
2026-01-18,IF_MFG_004,5,20,11,72,1.0,23.12
2026-01-18,IF_PRC_001,60,70,43,72,1.0,54.37
2026-01-18,IF_PRC_002,25,55,19,72,1.0,32.51
2026-01-18,IF_PRC_003,5,15,11,72,1.0,19.91
2026-01-18,IF_ASM_001,60,85,40,72,1.0,54.44
2026-01-18,IF_ASM_002,60,80,25,72,1.0,58.92
2026-01-18,IF_DLV_001,100,100,38,72,1.0,70.65
2026-01-19,IF_ORD_001,100,90,56,71,1.0,71.65
2026-01-19,IF_PAY_001,100,100,28,71,1.0,68.94
2026-01-19,IF_PAY_002,25,30,10,71,1.0,23.14
2026-01-19,IF_ORD_002,100,90,28,71,1.0,70.19
2026-01-19,IF_ORD_003,60,80,26,71,1.0,48.13
2026-01-19,IF_MFG_001,60,75,33,71,1.0,56.68
2026-01-19,IF_MFG_002,25,65,11,71,1.0,31.89
2026-01-19,IF_MFG_003,25,35,17,71,1.0,30.91
2026-01-19,IF_MFG_004,5,20,9,71,1.0,17.08
2026-01-19,IF_PRC_001,60,70,32,71,1.0,55.52
2026-01-19,IF_PRC_002,25,55,20,71,1.0,39.12
2026-01-19,IF_PRC_003,5,15,16,71,1.0,23.98
2026-01-19,IF_ASM_001,60,85,37,71,1.0,53.17
2026-01-19,IF_ASM_002,60,80,33,71,1.0,56.9
2026-01-19,IF_DLV_001,100,100,47,71,1.0,74.61
2026-01-20,IF_ORD_001,100,90,30,70,1.0,69.08
2026-01-20,IF_PAY_001,100,100,35,70,1.0,71.76
2026-01-20,IF_PAY_002,25,30,19,70,1.0,27.56
2026-01-20,IF_ORD_002,100,90,46,70,1.0,72.72
2026-01-20,IF_ORD_003,60,80,34,70,1.0,56.0
2026-01-20,IF_MFG_001,60,75,45,70,1.0,50.91
2026-01-20,IF_MFG_002,25,65,10,70,1.0,34.94
2026-01-20,IF_MFG_003,25,35,15,70,1.0,28.88
2026-01-20,IF_MFG_004,5,20,14,70,1.0,19.16
2026-01-20,IF_PRC_001,60,70,35,70,1.0,56.58
2026-01-20,IF_PRC_002,25,55,11,70,1.0,31.83
2026-01-20,IF_PRC_003,5,15,8,70,1.0,16.92
2026-01-20,IF_ASM_001,60,85,33,70,1.0,59.56
2026-01-20,IF_ASM_002,60,80,28,70,1.0,56.75
2026-01-20,IF_DLV_001,100,100,58,70,1.0,76.15
2026-01-21,IF_ORD_001,100,90,24,69,1.0,77.83
2026-01-21,IF_PAY_001,100,100,58,69,1.0,76.4
2026-01-21,IF_PAY_002,25,30,11,69,1.0,24.82
2026-01-21,IF_ORD_002,100,90,59,69,1.0,76.31
2026-01-21,IF_ORD_003,60,80,68,69,1.0,61.41
2026-01-21,IF_MFG_001,60,75,25,69,1.0,50.16
2026-01-21,IF_MFG_002,25,65,10,69,1.0,33.0
2026-01-21,IF_MFG_003,25,35,20,69,1.0,29.52
2026-01-21,IF_MFG_004,5,20,19,69,1.0,25.35
2026-01-21,IF_PRC_001,60,70,21,69,1.0,57.57
2026-01-21,IF_PRC_002,25,55,16,69,1.0,38.59
2026-01-21,IF_PRC_003,5,15,10,69,1.0,19.2
2026-01-21,IF_ASM_001,60,85,37,69,1.0,56.07
2026-01-21,IF_ASM_002,60,80,24,69,1.0,51.25
2026-01-21,IF_DLV_001,100,100,30,69,1.0,71.08
2026-01-22,IF_ORD_001,100,90,48,68,1.0,63.93
2026-01-22,IF_PAY_001,100,100,41,68,1.0,71.04
2026-01-22,IF_PAY_002,25,30,24,68,1.0,27.94
2026-01-22,IF_ORD_002,100,90,27,68,1.0,72.98
2026-01-22,IF_ORD_003,60,80,56,68,1.0,52.08
2026-01-22,IF_MFG_001,60,75,35,68,1.0,51.45
2026-01-22,IF_MFG_002,25,65,20,68,1.0,36.92
2026-01-22,IF_MFG_003,25,35,18,68,1.0,31.58
2026-01-22,IF_MFG_004,5,20,6,68,1.0,14.32
2026-01-22,IF_PRC_001,60,70,28,68,1.0,53.16
2026-01-22,IF_PRC_002,25,55,23,68,1.0,39.15
2026-01-22,IF_PRC_003,5,15,19,68,1.0,19.73
2026-01-22,IF_ASM_001,60,85,25,68,1.0,51.19
2026-01-22,IF_ASM_002,60,80,25,68,1.0,60.48
2026-01-22,IF_DLV_001,100,100,53,68,1.0,75.41
2026-01-23,IF_ORD_001,100,90,33,67,1.0,68.89
2026-01-23,IF_PAY_001,100,100,47,67,1.0,71.05
2026-01-23,IF_PAY_002,25,30,14,67,1.0,35.88
2026-01-23,IF_ORD_002,100,90,47,67,1.0,75.87
2026-01-23,IF_ORD_003,60,80,18,67,1.0,54.03
2026-01-23,IF_MFG_001,60,75,24,67,1.0,58.5
2026-01-23,IF_MFG_002,25,65,33,67,1.0,44.4
2026-01-23,IF_MFG_003,25,35,19,67,1.0,33.03
2026-01-23,IF_MFG_004,5,20,13,67,1.0,20.22
2026-01-23,IF_PRC_001,60,70,45,67,1.0,53.19
2026-01-23,IF_PRC_002,25,55,12,67,1.0,36.48
2026-01-23,IF_PRC_003,5,15,7,67,1.0,13.47
2026-01-23,IF_ASM_001,60,85,35,67,1.0,56.9
2026-01-23,IF_ASM_002,60,80,47,67,1.0,59.65
2026-01-23,IF_DLV_001,100,100,46,67,1.0,71.11
2026-01-24,IF_ORD_001,100,90,49,66,1.0,69.62
2026-01-24,IF_PAY_001,100,100,26,66,1.0,69.36
2026-01-24,IF_PAY_002,25,30,21,66,1.0,28.75
2026-01-24,IF_ORD_002,100,90,49,66,1.0,74.35
2026-01-24,IF_ORD_003,60,80,20,66,1.0,54.44
2026-01-24,IF_MFG_001,60,75,39,66,1.0,51.62
2026-01-24,IF_MFG_002,25,65,17,66,1.0,37.17
2026-01-24,IF_MFG_003,25,35,7,66,1.0,30.26
2026-01-24,IF_MFG_004,5,20,10,66,1.0,13.83
2026-01-24,IF_PRC_001,60,70,36,66,1.0,55.34
2026-01-24,IF_PRC_002,25,55,13,66,1.0,33.68
2026-01-24,IF_PRC_003,5,15,6,66,1.0,14.47
2026-01-24,IF_ASM_001,60,85,36,66,1.0,60.6
2026-01-24,IF_ASM_002,60,80,38,66,1.0,61.04
2026-01-24,IF_DLV_001,100,100,38,66,1.0,73.55
2026-01-25,IF_ORD_001,100,90,45,65,1.0,70.36
2026-01-25,IF_PAY_001,100,100,27,65,1.0,68.21
2026-01-25,IF_PAY_002,25,30,19,65,1.0,33.0
2026-01-25,IF_ORD_002,100,90,25,65,1.0,68.32
2026-01-25,IF_ORD_003,60,80,32,65,1.0,50.89
2026-01-25,IF_MFG_001,60,75,22,65,1.0,49.83
2026-01-25,IF_MFG_002,25,65,8,65,1.0,38.48
2026-01-25,IF_MFG_003,25,35,7,65,1.0,26.56
2026-01-25,IF_MFG_004,5,20,8,65,1.0,13.66
2026-01-25,IF_PRC_001,60,70,31,65,1.0,55.34
2026-01-25,IF_PRC_002,25,55,14,65,1.0,31.77
2026-01-25,IF_PRC_003,5,15,8,65,1.0,19.11
2026-01-25,IF_ASM_001,60,85,32,65,1.0,55.26
2026-01-25,IF_ASM_002,60,80,23,65,1.0,53.08
2026-01-25,IF_DLV_001,100,100,41,65,1.0,80.06
2026-01-26,IF_ORD_001,100,90,66,64,1.0,69.84
2026-01-26,IF_PAY_001,100,100,58,64,1.0,74.79
2026-01-26,IF_PAY_002,25,30,17,64,1.0,27.43
2026-01-26,IF_ORD_002,100,90,48,64,1.0,73.38
2026-01-26,IF_ORD_003,60,80,26,64,1.0,56.05
2026-01-26,IF_MFG_001,60,75,119,64,1.0,56.74
2026-01-26,IF_MFG_002,25,65,24,64,1.0,34.99
2026-01-26,IF_MFG_003,25,35,7,64,1.0,25.38
2026-01-26,IF_MFG_004,5,20,16,64,1.0,14.63
2026-01-26,IF_PRC_001,60,70,29,64,1.0,55.32
2026-01-26,IF_PRC_002,25,55,72,64,1.0,38.67
2026-01-26,IF_PRC_003,5,15,10,64,1.0,12.16
2026-01-26,IF_ASM_001,60,85,32,64,1.0,48.67
2026-01-26,IF_ASM_002,60,80,35,64,1.0,52.58
2026-01-26,IF_DLV_001,100,100,30,64,1.0,71.77
2026-01-27,IF_ORD_001,100,90,43,63,1.0,72.92
2026-01-27,IF_PAY_001,100,100,37,63,1.0,70.72
2026-01-27,IF_PAY_002,25,30,19,63,1.0,32.93
2026-01-27,IF_ORD_002,100,90,56,63,1.0,71.09
2026-01-27,IF_ORD_003,60,80,28,63,1.0,54.94
2026-01-27,IF_MFG_001,60,75,21,63,1.0,51.25
2026-01-27,IF_MFG_002,25,65,12,63,1.0,39.24
2026-01-27,IF_MFG_003,25,35,13,63,1.0,32.17
2026-01-27,IF_MFG_004,5,20,8,63,1.0,16.33
2026-01-27,IF_PRC_001,60,70,27,63,1.0,50.74
2026-01-27,IF_PRC_002,25,55,19,63,1.0,40.2
2026-01-27,IF_PRC_003,5,15,8,63,1.0,14.88
2026-01-27,IF_ASM_001,60,85,47,63,1.0,63.17
2026-01-27,IF_ASM_002,60,80,25,63,1.0,54.75
2026-01-27,IF_DLV_001,100,100,53,63,1.0,76.19
2026-01-28,IF_ORD_001,100,90,53,62,1.0,70.65
2026-01-28,IF_PAY_001,100,100,51,62,1.0,71.51
2026-01-28,IF_PAY_002,25,30,13,62,1.0,29.2
2026-01-28,IF_ORD_002,100,90,52,62,1.0,70.13
2026-01-28,IF_ORD_003,60,80,32,62,1.0,56.18
2026-01-28,IF_MFG_001,60,75,21,62,1.0,56.34
2026-01-28,IF_MFG_002,25,65,8,62,1.0,39.59
2026-01-28,IF_MFG_003,25,35,11,62,1.0,24.89
2026-01-28,IF_MFG_004,5,20,7,62,1.0,21.91
2026-01-28,IF_PRC_001,60,70,40,62,1.0,56.0
2026-01-28,IF_PRC_002,25,55,21,62,1.0,36.55
2026-01-28,IF_PRC_003,5,15,10,62,1.0,20.83
2026-01-28,IF_ASM_001,60,85,29,62,1.0,58.29
2026-01-28,IF_ASM_002,60,80,26,62,1.0,53.55
2026-01-28,IF_DLV_001,100,100,41,62,1.0,72.23
2026-01-29,IF_ORD_001,100,90,43,61,1.0,74.17
2026-01-29,IF_PAY_001,100,100,36,61,1.0,70.5
2026-01-29,IF_PAY_002,25,30,7,61,1.0,25.09
2026-01-29,IF_ORD_002,100,90,30,61,1.0,68.63
2026-01-29,IF_ORD_003,60,80,27,61,1.0,55.2
2026-01-29,IF_MFG_001,60,75,21,61,1.0,48.24
2026-01-29,IF_MFG_002,25,65,24,61,1.0,40.1
2026-01-29,IF_MFG_003,25,35,12,61,1.0,27.21
2026-01-29,IF_MFG_004,5,20,13,61,1.0,13.41
2026-01-29,IF_PRC_001,60,70,39,61,1.0,54.77
2026-01-29,IF_PRC_002,25,55,14,61,1.0,36.06
2026-01-29,IF_PRC_003,5,15,7,61,1.0,20.32
2026-01-29,IF_ASM_001,60,85,23,61,1.0,54.24
2026-01-29,IF_ASM_002,60,80,26,61,1.0,57.63
2026-01-29,IF_DLV_001,100,100,35,61,1.0,72.08
2026-01-30,IF_ORD_001,100,90,54,60,1.0,74.14
2026-01-30,IF_PAY_001,100,100,51,60,1.0,74.46
2026-01-30,IF_PAY_002,25,30,8,60,1.0,27.39
2026-01-30,IF_ORD_002,100,90,37,60,1.0,69.36
2026-01-30,IF_ORD_003,60,80,38,60,1.0,56.61
2026-01-30,IF_MFG_001,60,75,39,60,1.0,55.32
2026-01-30,IF_MFG_002,25,65,22,60,1.0,37.96
2026-01-30,IF_MFG_003,25,35,16,60,1.0,23.3
2026-01-30,IF_MFG_004,5,20,3,60,1.0,15.25
2026-01-30,IF_PRC_001,60,70,44,60,1.0,58.67
2026-01-30,IF_PRC_002,25,55,10,60,1.0,34.32
2026-01-30,IF_PRC_003,5,15,6,60,1.0,13.72
2026-01-30,IF_ASM_001,60,85,25,60,1.0,59.95
2026-01-30,IF_ASM_002,60,80,33,60,1.0,56.14
2026-01-30,IF_DLV_001,100,100,33,60,1.0,75.34
2026-01-31,IF_ORD_001,100,90,41,59,1.0,68.87
2026-01-31,IF_PAY_001,100,100,27,59,1.0,70.3
2026-01-31,IF_PAY_002,25,30,19,59,1.0,34.23
2026-01-31,IF_ORD_002,100,90,45,59,1.0,71.85
2026-01-31,IF_ORD_003,60,80,26,59,1.0,63.28
2026-01-31,IF_MFG_001,60,75,40,59,1.0,50.43
2026-01-31,IF_MFG_002,25,65,18,59,1.0,38.19
2026-01-31,IF_MFG_003,25,35,16,59,1.0,27.97
2026-01-31,IF_MFG_004,5,20,12,59,1.0,20.06
2026-01-31,IF_PRC_001,60,70,19,59,1.0,49.28
2026-01-31,IF_PRC_002,25,55,35,59,1.0,36.83
2026-01-31,IF_PRC_003,5,15,20,59,1.0,18.0
2026-01-31,IF_ASM_001,60,85,41,59,1.0,64.46
2026-01-31,IF_ASM_002,60,80,25,59,1.0,53.82
2026-01-31,IF_DLV_001,100,100,68,59,1.0,80.16
2026-02-01,IF_ORD_001,100,90,47,58,1.001,71.79
2026-02-01,IF_PAY_001,100,100,34,58,1.001,73.06
2026-02-01,IF_PAY_002,25,30,13,58,1.001,32.19
2026-02-01,IF_ORD_002,100,90,31,58,1.001,71.65
2026-02-01,IF_ORD_003,60,80,26,58,1.001,56.8
2026-02-01,IF_MFG_001,60,75,29,58,1.001,57.25
2026-02-01,IF_MFG_002,25,65,19,58,1.001,36.62
2026-02-01,IF_MFG_003,25,35,16,58,1.001,27.82
2026-02-01,IF_MFG_004,5,20,10,58,1.001,19.98
2026-02-01,IF_PRC_001,60,70,16,58,1.001,52.56
2026-02-01,IF_PRC_002,25,55,27,58,1.001,34.11
2026-02-01,IF_PRC_003,5,15,14,58,1.001,19.72
2026-02-01,IF_ASM_001,60,85,42,58,1.001,61.66
2026-02-01,IF_ASM_002,60,80,31,58,1.001,53.45
2026-02-01,IF_DLV_001,100,100,48,58,1.001,78.64
2026-02-02,IF_ORD_001,100,90,28,57,1.001,67.69
2026-02-02,IF_PAY_001,100,100,37,57,1.001,73.23
2026-02-02,IF_PAY_002,25,30,12,57,1.001,28.37
2026-02-02,IF_ORD_002,100,90,42,57,1.001,78.28
2026-02-02,IF_ORD_003,60,80,21,57,1.001,50.87
2026-02-02,IF_MFG_001,60,75,30,57,1.001,53.23
2026-02-02,IF_MFG_002,25,65,12,57,1.001,37.58
2026-02-02,IF_MFG_003,25,35,24,57,1.001,31.45
2026-02-02,IF_MFG_004,5,20,22,57,1.001,25.44
2026-02-02,IF_PRC_001,60,70,37,57,1.001,54.14
2026-02-02,IF_PRC_002,25,55,23,57,1.001,40.74
2026-02-02,IF_PRC_003,5,15,7,57,1.001,19.45
2026-02-02,IF_ASM_001,60,85,35,57,1.001,57.3
2026-02-02,IF_ASM_002,60,80,29,57,1.001,53.07
2026-02-02,IF_DLV_001,100,100,47,57,1.001,74.55
2026-02-03,IF_ORD_001,100,90,43,56,1.001,72.31
2026-02-03,IF_PAY_001,100,100,53,56,1.001,77.7
2026-02-03,IF_PAY_002,25,30,26,56,1.001,32.62
2026-02-03,IF_ORD_002,100,90,54,56,1.001,70.73
2026-02-03,IF_ORD_003,60,80,28,56,1.001,55.62
2026-02-03,IF_MFG_001,60,75,18,56,1.001,52.17
2026-02-03,IF_MFG_002,25,65,19,56,1.001,43.0
2026-02-03,IF_MFG_003,25,35,14,56,1.001,28.8
2026-02-03,IF_MFG_004,5,20,10,56,1.001,16.48
2026-02-03,IF_PRC_001,60,70,24,56,1.001,51.02
2026-02-03,IF_PRC_002,25,55,20,56,1.001,35.91
2026-02-03,IF_PRC_003,5,15,12,56,1.001,15.98
2026-02-03,IF_ASM_001,60,85,36,56,1.001,55.4
2026-02-03,IF_ASM_002,60,80,22,56,1.001,55.12
2026-02-03,IF_DLV_001,100,100,34,56,1.001,73.12
2026-02-04,IF_ORD_001,100,90,61,55,1.001,77.77
2026-02-04,IF_PAY_001,100,100,48,55,1.001,74.64
2026-02-04,IF_PAY_002,25,30,13,55,1.001,27.21
2026-02-04,IF_ORD_002,100,90,25,55,1.001,71.09
2026-02-04,IF_ORD_003,60,80,27,55,1.001,48.28
2026-02-04,IF_MFG_001,60,75,33,55,1.001,52.93
2026-02-04,IF_MFG_002,25,65,25,55,1.001,39.93
2026-02-04,IF_MFG_003,25,35,21,55,1.001,33.47
2026-02-04,IF_MFG_004,5,20,10,55,1.001,16.6
2026-02-04,IF_PRC_001,60,70,37,55,1.001,49.09
2026-02-04,IF_PRC_002,25,55,14,55,1.001,36.13
2026-02-04,IF_PRC_003,5,15,6,55,1.001,9.37
2026-02-04,IF_ASM_001,60,85,38,55,1.001,58.67
2026-02-04,IF_ASM_002,60,80,36,55,1.001,58.2
2026-02-04,IF_DLV_001,100,100,52,55,1.001,77.4
2026-02-05,IF_ORD_001,100,90,41,54,1.001,71.97
2026-02-05,IF_PAY_001,100,100,20,54,1.001,72.51
2026-02-05,IF_PAY_002,25,30,22,54,1.001,29.87
2026-02-05,IF_ORD_002,100,90,49,54,1.001,71.06
2026-02-05,IF_ORD_003,60,80,40,54,1.001,57.56
2026-02-05,IF_MFG_001,60,75,33,54,1.001,55.45
2026-02-05,IF_MFG_002,25,65,33,54,1.001,44.21
2026-02-05,IF_MFG_003,25,35,22,54,1.001,39.1
2026-02-05,IF_MFG_004,5,20,8,54,1.001,18.82
2026-02-05,IF_PRC_001,60,70,141,54,1.001,60.1
2026-02-05,IF_PRC_002,25,55,36,54,1.001,36.45
2026-02-05,IF_PRC_003,5,15,7,54,1.001,16.24
2026-02-05,IF_ASM_001,60,85,42,54,1.001,60.9
2026-02-05,IF_ASM_002,60,80,35,54,1.001,55.1
2026-02-05,IF_DLV_001,100,100,31,54,1.001,70.9
2026-02-06,IF_ORD_001,100,90,43,53,1.001,72.78
2026-02-06,IF_PAY_001,100,100,32,53,1.001,72.98
2026-02-06,IF_PAY_002,25,30,21,53,1.001,33.0
2026-02-06,IF_ORD_002,100,90,48,53,1.001,72.63
2026-02-06,IF_ORD_003,60,80,26,53,1.001,55.46
2026-02-06,IF_MFG_001,60,75,41,53,1.001,60.8
2026-02-06,IF_MFG_002,25,65,16,53,1.001,37.98
2026-02-06,IF_MFG_003,25,35,64,53,1.001,39.55
2026-02-06,IF_MFG_004,5,20,5,53,1.001,15.48
2026-02-06,IF_PRC_001,60,70,22,53,1.001,47.86
2026-02-06,IF_PRC_002,25,55,20,53,1.001,33.78
2026-02-06,IF_PRC_003,5,15,8,53,1.001,18.44
2026-02-06,IF_ASM_001,60,85,24,53,1.001,57.55
2026-02-06,IF_ASM_002,60,80,18,53,1.001,58.18
2026-02-06,IF_DLV_001,100,100,45,53,1.001,72.87
2026-02-07,IF_ORD_001,100,90,52,52,1.001,69.64
2026-02-07,IF_PAY_001,100,100,31,52,1.001,78.87
2026-02-07,IF_PAY_002,25,30,20,52,1.001,29.9
2026-02-07,IF_ORD_002,100,90,43,52,1.001,67.99
2026-02-07,IF_ORD_003,60,80,25,52,1.001,53.19
2026-02-07,IF_MFG_001,60,75,28,52,1.001,54.38
2026-02-07,IF_MFG_002,25,65,14,52,1.001,37.43
2026-02-07,IF_MFG_003,25,35,15,52,1.001,29.45
2026-02-07,IF_MFG_004,5,20,12,52,1.001,23.19
2026-02-07,IF_PRC_001,60,70,33,52,1.001,54.65
2026-02-07,IF_PRC_002,25,55,12,52,1.001,32.09
2026-02-07,IF_PRC_003,5,15,17,52,1.001,18.91
2026-02-07,IF_ASM_001,60,85,30,52,1.001,52.93
2026-02-07,IF_ASM_002,60,80,33,52,1.001,56.32
2026-02-07,IF_DLV_001,100,100,47,52,1.001,76.4
2026-02-08,IF_ORD_001,100,90,39,51,1.001,64.25
2026-02-08,IF_PAY_001,100,100,33,51,1.001,76.56
2026-02-08,IF_PAY_002,25,30,10,51,1.001,30.47
2026-02-08,IF_ORD_002,100,90,47,51,1.001,71.48
2026-02-08,IF_ORD_003,60,80,23,51,1.001,53.26
2026-02-08,IF_MFG_001,60,75,25,51,1.001,52.41
2026-02-08,IF_MFG_002,25,65,14,51,1.001,37.61
2026-02-08,IF_MFG_003,25,35,16,51,1.001,31.05
2026-02-08,IF_MFG_004,5,20,11,51,1.001,13.76
2026-02-08,IF_PRC_001,60,70,32,51,1.001,55.84
2026-02-08,IF_PRC_002,25,55,20,51,1.001,36.02
2026-02-08,IF_PRC_003,5,15,10,51,1.001,12.93
2026-02-08,IF_ASM_001,60,85,30,51,1.001,54.4
2026-02-08,IF_ASM_002,60,80,26,51,1.001,48.26
2026-02-08,IF_DLV_001,100,100,55,51,1.001,76.4
2026-02-09,IF_ORD_001,100,90,26,50,1.002,68.46
2026-02-09,IF_PAY_001,100,100,25,50,1.002,70.75
2026-02-09,IF_PAY_002,25,30,62,50,1.002,33.7
2026-02-09,IF_ORD_002,100,90,55,50,1.002,75.86
2026-02-09,IF_ORD_003,60,80,37,50,1.002,54.75
2026-02-09,IF_MFG_001,60,75,32,50,1.002,49.16
2026-02-09,IF_MFG_002,25,65,15,50,1.002,35.79
2026-02-09,IF_MFG_003,25,35,25,50,1.002,27.89
2026-02-09,IF_MFG_004,5,20,11,50,1.002,19.08
2026-02-09,IF_PRC_001,60,70,32,50,1.002,49.17
2026-02-09,IF_PRC_002,25,55,16,50,1.002,32.57
2026-02-09,IF_PRC_003,5,15,5,50,1.002,14.91
2026-02-09,IF_ASM_001,60,85,29,50,1.002,55.34
2026-02-09,IF_ASM_002,60,80,23,50,1.002,51.94
2026-02-09,IF_DLV_001,100,100,57,50,1.002,75.33
2026-02-10,IF_ORD_001,100,90,59,49,1.002,74.08
2026-02-10,IF_PAY_001,100,100,48,49,1.002,72.19
2026-02-10,IF_PAY_002,25,30,7,49,1.002,27.1
2026-02-10,IF_ORD_002,100,90,54,49,1.002,70.1
2026-02-10,IF_ORD_003,60,80,40,49,1.002,62.77
2026-02-10,IF_MFG_001,60,75,23,49,1.002,52.62
2026-02-10,IF_MFG_002,25,65,14,49,1.002,38.22
2026-02-10,IF_MFG_003,25,35,11,49,1.002,24.71
2026-02-10,IF_MFG_004,5,20,9,49,1.002,12.96
2026-02-10,IF_PRC_001,60,70,26,49,1.002,50.52
2026-02-10,IF_PRC_002,25,55,8,49,1.002,34.46
2026-02-10,IF_PRC_003,5,15,8,49,1.002,13.69
2026-02-10,IF_ASM_001,60,85,30,49,1.002,56.02
2026-02-10,IF_ASM_002,60,80,22,49,1.002,56.37
2026-02-10,IF_DLV_001,100,100,30,49,1.002,70.49
2026-02-11,IF_ORD_001,100,90,79,48,1.002,74.07
2026-02-11,IF_PAY_001,100,100,54,48,1.002,77.23
2026-02-11,IF_PAY_002,25,30,17,48,1.002,33.07
2026-02-11,IF_ORD_002,100,90,53,48,1.002,74.7
2026-02-11,IF_ORD_003,60,80,39,48,1.002,57.92
2026-02-11,IF_MFG_001,60,75,17,48,1.002,55.28
2026-02-11,IF_MFG_002,25,65,11,48,1.002,33.48
2026-02-11,IF_MFG_003,25,35,12,48,1.002,31.67
2026-02-11,IF_MFG_004,5,20,18,48,1.002,19.66
2026-02-11,IF_PRC_001,60,70,30,48,1.002,54.08
2026-02-11,IF_PRC_002,25,55,17,48,1.002,32.81
2026-02-11,IF_PRC_003,5,15,3,48,1.002,13.15
2026-02-11,IF_ASM_001,60,85,27,48,1.002,49.97
2026-02-11,IF_ASM_002,60,80,33,48,1.002,61.15
2026-02-11,IF_DLV_001,100,100,52,48,1.002,74.4
2026-02-12,IF_ORD_001,100,90,32,47,1.002,71.47
2026-02-12,IF_PAY_001,100,100,34,47,1.002,65.76
2026-02-12,IF_PAY_002,25,30,12,47,1.002,27.56
2026-02-12,IF_ORD_002,100,90,51,47,1.002,73.02
2026-02-12,IF_ORD_003,60,80,27,47,1.002,51.91
2026-02-12,IF_MFG_001,60,75,26,47,1.002,49.83
2026-02-12,IF_MFG_002,25,65,33,47,1.002,41.96
2026-02-12,IF_MFG_003,25,35,15,47,1.002,31.41
2026-02-12,IF_MFG_004,5,20,7,47,1.002,15.22
2026-02-12,IF_PRC_001,60,70,38,47,1.002,47.05
2026-02-12,IF_PRC_002,25,55,14,47,1.002,31.6
2026-02-12,IF_PRC_003,5,15,11,47,1.002,14.37
2026-02-12,IF_ASM_001,60,85,22,47,1.002,51.92
2026-02-12,IF_ASM_002,60,80,33,47,1.002,58.45
2026-02-12,IF_DLV_001,100,100,34,47,1.002,67.86
2026-02-13,IF_ORD_001,100,90,48,46,1.003,76.63
2026-02-13,IF_PAY_001,100,100,34,46,1.003,75.9
2026-02-13,IF_PAY_002,25,30,13,46,1.003,29.68
2026-02-13,IF_ORD_002,100,90,51,46,1.003,69.39
2026-02-13,IF_ORD_003,60,80,25,46,1.003,55.41
2026-02-13,IF_MFG_001,60,75,39,46,1.003,52.35
2026-02-13,IF_MFG_002,25,65,27,46,1.003,38.59
2026-02-13,IF_MFG_003,25,35,25,46,1.003,33.18
2026-02-13,IF_MFG_004,5,20,12,46,1.003,11.55
2026-02-13,IF_PRC_001,60,70,26,46,1.003,58.38
2026-02-13,IF_PRC_002,25,55,11,46,1.003,31.06
2026-02-13,IF_PRC_003,5,15,5,46,1.003,15.47
2026-02-13,IF_ASM_001,60,85,37,46,1.003,59.47
2026-02-13,IF_ASM_002,60,80,27,46,1.003,55.93
2026-02-13,IF_DLV_001,100,100,48,46,1.003,68.73
2026-02-14,IF_ORD_001,100,90,30,45,1.003,72.58
2026-02-14,IF_PAY_001,100,100,52,45,1.003,75.88
2026-02-14,IF_PAY_002,25,30,16,45,1.003,27.28
2026-02-14,IF_ORD_002,100,90,24,45,1.003,69.56
2026-02-14,IF_ORD_003,60,80,18,45,1.003,51.81
2026-02-14,IF_MFG_001,60,75,34,45,1.003,54.73
2026-02-14,IF_MFG_002,25,65,18,45,1.003,38.97
2026-02-14,IF_MFG_003,25,35,19,45,1.003,29.21
2026-02-14,IF_MFG_004,5,20,19,45,1.003,19.58
2026-02-14,IF_PRC_001,60,70,15,45,1.003,49.08
2026-02-14,IF_PRC_002,25,55,20,45,1.003,37.7
2026-02-14,IF_PRC_003,5,15,4,45,1.003,8.34
2026-02-14,IF_ASM_001,60,85,40,45,1.003,57.13
2026-02-14,IF_ASM_002,60,80,40,45,1.003,55.44
2026-02-14,IF_DLV_001,100,100,57,45,1.003,75.01
2026-02-15,IF_ORD_001,100,90,50,44,1.004,70.38
2026-02-15,IF_PAY_001,100,100,44,44,1.004,70.59
2026-02-15,IF_PAY_002,25,30,17,44,1.004,29.0
2026-02-15,IF_ORD_002,100,90,38,44,1.004,68.8
2026-02-15,IF_ORD_003,60,80,23,44,1.004,60.44
2026-02-15,IF_MFG_001,60,75,28,44,1.004,51.99
2026-02-15,IF_MFG_002,25,65,22,44,1.004,40.27
2026-02-15,IF_MFG_003,25,35,22,44,1.004,37.43
2026-02-15,IF_MFG_004,5,20,19,44,1.004,23.7
2026-02-15,IF_PRC_001,60,70,21,44,1.004,46.33
2026-02-15,IF_PRC_002,25,55,20,44,1.004,33.59
2026-02-15,IF_PRC_003,5,15,8,44,1.004,16.69
2026-02-15,IF_ASM_001,60,85,22,44,1.004,52.4
2026-02-15,IF_ASM_002,60,80,29,44,1.004,54.66
2026-02-15,IF_DLV_001,100,100,34,44,1.004,74.88
2026-02-16,IF_ORD_001,100,90,52,43,1.004,70.17
2026-02-16,IF_PAY_001,100,100,57,43,1.004,78.06
2026-02-16,IF_PAY_002,25,30,28,43,1.004,28.76
2026-02-16,IF_ORD_002,100,90,40,43,1.004,69.16
2026-02-16,IF_ORD_003,60,80,23,43,1.004,50.78
2026-02-16,IF_MFG_001,60,75,40,43,1.004,53.29
2026-02-16,IF_MFG_002,25,65,8,43,1.004,30.59
2026-02-16,IF_MFG_003,25,35,18,43,1.004,36.52
2026-02-16,IF_MFG_004,5,20,4,43,1.004,17.29
2026-02-16,IF_PRC_001,60,70,40,43,1.004,49.43
2026-02-16,IF_PRC_002,25,55,47,43,1.004,34.68
2026-02-16,IF_PRC_003,5,15,9,43,1.004,15.03
2026-02-16,IF_ASM_001,60,85,31,43,1.004,56.35
2026-02-16,IF_ASM_002,60,80,38,43,1.004,59.24
2026-02-16,IF_DLV_001,100,100,50,43,1.004,72.57
2026-02-17,IF_ORD_001,100,90,60,42,1.005,75.33
2026-02-17,IF_PAY_001,100,100,42,42,1.005,74.18
2026-02-17,IF_PAY_002,25,30,19,42,1.005,27.08
2026-02-17,IF_ORD_002,100,90,53,42,1.005,75.29
2026-02-17,IF_ORD_003,60,80,28,42,1.005,53.09
2026-02-17,IF_MFG_001,60,75,33,42,1.005,57.95
2026-02-17,IF_MFG_002,25,65,18,42,1.005,36.28
2026-02-17,IF_MFG_003,25,35,21,42,1.005,29.5
2026-02-17,IF_MFG_004,5,20,10,42,1.005,13.91
2026-02-17,IF_PRC_001,60,70,29,42,1.005,52.42
2026-02-17,IF_PRC_002,25,55,13,42,1.005,36.89
2026-02-17,IF_PRC_003,5,15,11,42,1.005,21.51
2026-02-17,IF_ASM_001,60,85,26,42,1.005,59.41
2026-02-17,IF_ASM_002,60,80,35,42,1.005,54.81
2026-02-17,IF_DLV_001,100,100,38,42,1.005,70.55
2026-02-18,IF_ORD_001,100,90,30,41,1.006,72.56
2026-02-18,IF_PAY_001,100,100,30,41,1.006,74.08
2026-02-18,IF_PAY_002,25,30,11,41,1.006,26.56
2026-02-18,IF_ORD_002,100,90,42,41,1.006,71.91
2026-02-18,IF_ORD_003,60,80,34,41,1.006,57.28
2026-02-18,IF_MFG_001,60,75,25,41,1.006,51.32
2026-02-18,IF_MFG_002,25,65,27,41,1.006,39.05
2026-02-18,IF_MFG_003,25,35,24,41,1.006,23.7
2026-02-18,IF_MFG_004,5,20,10,41,1.006,22.9
2026-02-18,IF_PRC_001,60,70,38,41,1.006,54.89
2026-02-18,IF_PRC_002,25,55,16,41,1.006,35.18
2026-02-18,IF_PRC_003,5,15,14,41,1.006,17.96
2026-02-18,IF_ASM_001,60,85,28,41,1.006,58.08
2026-02-18,IF_ASM_002,60,80,26,41,1.006,49.75
2026-02-18,IF_DLV_001,100,100,164,41,1.006,84.5
2026-02-19,IF_ORD_001,100,90,34,40,1.007,67.07
2026-02-19,IF_PAY_001,100,100,22,40,1.007,73.71
2026-02-19,IF_PAY_002,25,30,22,40,1.007,32.26
2026-02-19,IF_ORD_002,100,90,53,40,1.007,72.28
2026-02-19,IF_ORD_003,60,80,61,40,1.007,60.61
2026-02-19,IF_MFG_001,60,75,34,40,1.007,60.06
2026-02-19,IF_MFG_002,25,65,23,40,1.007,41.15
2026-02-19,IF_MFG_003,25,35,16,40,1.007,32.76
2026-02-19,IF_MFG_004,5,20,6,40,1.007,19.21
2026-02-19,IF_PRC_001,60,70,16,40,1.007,50.31
2026-02-19,IF_PRC_002,25,55,13,40,1.007,39.29
2026-02-19,IF_PRC_003,5,15,15,40,1.007,21.23
2026-02-19,IF_ASM_001,60,85,20,40,1.007,53.77
2026-02-19,IF_ASM_002,60,80,24,40,1.007,53.24
2026-02-19,IF_DLV_001,100,100,27,40,1.007,68.07
2026-02-20,IF_ORD_001,100,90,55,39,1.008,74.48
2026-02-20,IF_PAY_001,100,100,38,39,1.008,75.76
2026-02-20,IF_PAY_002,25,30,13,39,1.008,31.77
2026-02-20,IF_ORD_002,100,90,58,39,1.008,74.18
2026-02-20,IF_ORD_003,60,80,40,39,1.008,59.3
2026-02-20,IF_MFG_001,60,75,12,39,1.008,55.46
2026-02-20,IF_MFG_002,25,65,13,39,1.008,35.45
2026-02-20,IF_MFG_003,25,35,15,39,1.008,33.29
2026-02-20,IF_MFG_004,5,20,18,39,1.008,17.81
2026-02-20,IF_PRC_001,60,70,30,39,1.008,48.89
2026-02-20,IF_PRC_002,25,55,18,39,1.008,34.19
2026-02-20,IF_PRC_003,5,15,20,39,1.008,16.21
2026-02-20,IF_ASM_001,60,85,21,39,1.008,60.23
2026-02-20,IF_ASM_002,60,80,39,39,1.008,54.3
2026-02-20,IF_DLV_001,100,100,58,39,1.008,74.95
2026-02-21,IF_ORD_001,100,90,51,38,1.009,75.17
2026-02-21,IF_PAY_001,100,100,241,38,1.009,79.93
2026-02-21,IF_PAY_002,25,30,6,38,1.009,24.44
2026-02-21,IF_ORD_002,100,90,52,38,1.009,71.91
2026-02-21,IF_ORD_003,60,80,27,38,1.009,51.9
2026-02-21,IF_MFG_001,60,75,40,38,1.009,53.46
2026-02-21,IF_MFG_002,25,65,16,38,1.009,38.39
2026-02-21,IF_MFG_003,25,35,10,38,1.009,31.01
2026-02-21,IF_MFG_004,5,20,16,38,1.009,21.05
2026-02-21,IF_PRC_001,60,70,40,38,1.009,55.95
2026-02-21,IF_PRC_002,25,55,14,38,1.009,36.15
2026-02-21,IF_PRC_003,5,15,7,38,1.009,15.34
2026-02-21,IF_ASM_001,60,85,30,38,1.009,56.01
2026-02-21,IF_ASM_002,60,80,24,38,1.009,53.73
2026-02-21,IF_DLV_001,100,100,34,38,1.009,75.32
2026-02-22,IF_ORD_001,100,90,30,37,1.01,74.51
2026-02-22,IF_PAY_001,100,100,57,37,1.01,76.93
2026-02-22,IF_PAY_002,25,30,15,37,1.01,28.78
2026-02-22,IF_ORD_002,100,90,38,37,1.01,66.73
2026-02-22,IF_ORD_003,60,80,26,37,1.01,53.4
2026-02-22,IF_MFG_001,60,75,34,37,1.01,51.25
2026-02-22,IF_MFG_002,25,65,16,37,1.01,36.38
2026-02-22,IF_MFG_003,25,35,16,37,1.01,30.37
2026-02-22,IF_MFG_004,5,20,16,37,1.01,21.97
2026-02-22,IF_PRC_001,60,70,132,37,1.01,58.48
2026-02-22,IF_PRC_002,25,55,16,37,1.01,36.73
2026-02-22,IF_PRC_003,5,15,3,37,1.01,13.56
2026-02-22,IF_ASM_001,60,85,16,37,1.01,52.54
2026-02-22,IF_ASM_002,60,80,40,37,1.01,53.97
2026-02-22,IF_DLV_001,100,100,48,37,1.01,76.02
2026-02-23,IF_ORD_001,100,90,24,36,1.012,71.98
2026-02-23,IF_PAY_001,100,100,42,36,1.012,77.96
2026-02-23,IF_PAY_002,25,30,11,36,1.012,31.95
2026-02-23,IF_ORD_002,100,90,31,36,1.012,73.53
2026-02-23,IF_ORD_003,60,80,33,36,1.012,58.93
2026-02-23,IF_MFG_001,60,75,26,36,1.012,50.8
2026-02-23,IF_MFG_002,25,65,11,36,1.012,39.02
2026-02-23,IF_MFG_003,25,35,8,36,1.012,32.66
2026-02-23,IF_MFG_004,5,20,41,36,1.012,27.67
2026-02-23,IF_PRC_001,60,70,12,36,1.012,48.87
2026-02-23,IF_PRC_002,25,55,13,36,1.012,32.66
2026-02-23,IF_PRC_003,5,15,9,36,1.012,18.95
2026-02-23,IF_ASM_001,60,85,18,36,1.012,57.88
2026-02-23,IF_ASM_002,60,80,56,36,1.012,58.68
2026-02-23,IF_DLV_001,100,100,61,36,1.012,78.27
2026-02-24,IF_ORD_001,100,90,40,35,1.013,66.66
2026-02-24,IF_PAY_001,100,100,34,35,1.013,69.89
2026-02-24,IF_PAY_002,25,30,11,35,1.013,24.83
2026-02-24,IF_ORD_002,100,90,42,35,1.013,69.37
2026-02-24,IF_ORD_003,60,80,30,35,1.013,61.37
2026-02-24,IF_MFG_001,60,75,30,35,1.013,60.99
2026-02-24,IF_MFG_002,25,65,15,35,1.013,31.31
2026-02-24,IF_MFG_003,25,35,13,35,1.013,30.1
2026-02-24,IF_MFG_004,5,20,12,35,1.013,21.02
2026-02-24,IF_PRC_001,60,70,31,35,1.013,49.21
2026-02-24,IF_PRC_002,25,55,23,35,1.013,45.0
2026-02-24,IF_PRC_003,5,15,15,35,1.013,20.47
2026-02-24,IF_ASM_001,60,85,26,35,1.013,52.98
2026-02-24,IF_ASM_002,60,80,26,35,1.013,48.48
2026-02-24,IF_DLV_001,100,100,42,35,1.013,73.25
2026-02-25,IF_ORD_001,100,90,46,34,1.016,72.99
2026-02-25,IF_PAY_001,100,100,33,34,1.016,72.01
2026-02-25,IF_PAY_002,25,30,17,34,1.016,29.02
2026-02-25,IF_ORD_002,100,90,40,34,1.016,68.55
2026-02-25,IF_ORD_003,60,80,16,34,1.016,50.42
2026-02-25,IF_MFG_001,60,75,35,34,1.016,54.65
2026-02-25,IF_MFG_002,25,65,16,34,1.016,40.76
2026-02-25,IF_MFG_003,25,35,21,34,1.016,36.1
2026-02-25,IF_MFG_004,5,20,47,34,1.016,24.99
2026-02-25,IF_PRC_001,60,70,20,34,1.016,55.11
2026-02-25,IF_PRC_002,25,55,12,34,1.016,33.44
2026-02-25,IF_PRC_003,5,15,10,34,1.016,13.74
2026-02-25,IF_ASM_001,60,85,43,34,1.016,58.93
2026-02-25,IF_ASM_002,60,80,24,34,1.016,53.97
2026-02-25,IF_DLV_001,100,100,98,34,1.016,79.34
2026-02-26,IF_ORD_001,100,90,49,33,1.018,66.63
2026-02-26,IF_PAY_001,100,100,36,33,1.018,75.98
2026-02-26,IF_PAY_002,25,30,16,33,1.018,27.93
2026-02-26,IF_ORD_002,100,90,51,33,1.018,71.52
2026-02-26,IF_ORD_003,60,80,30,33,1.018,51.68
2026-02-26,IF_MFG_001,60,75,29,33,1.018,55.51
2026-02-26,IF_MFG_002,25,65,10,33,1.018,40.37
2026-02-26,IF_MFG_003,25,35,43,33,1.018,38.69
2026-02-26,IF_MFG_004,5,20,14,33,1.018,20.85
2026-02-26,IF_PRC_001,60,70,26,33,1.018,50.3
2026-02-26,IF_PRC_002,25,55,19,33,1.018,37.21
2026-02-26,IF_PRC_003,5,15,14,33,1.018,19.11
2026-02-26,IF_ASM_001,60,85,32,33,1.018,53.7
2026-02-26,IF_ASM_002,60,80,53,33,1.018,56.4
2026-02-26,IF_DLV_001,100,100,38,33,1.018,74.3
2026-02-27,IF_ORD_001,100,90,34,32,1.021,72.66
2026-02-27,IF_PAY_001,100,100,28,32,1.021,75.77
2026-02-27,IF_PAY_002,25,30,20,32,1.021,32.99
2026-02-27,IF_ORD_002,100,90,32,32,1.021,72.33
2026-02-27,IF_ORD_003,60,80,46,32,1.021,55.99
2026-02-27,IF_MFG_001,60,75,22,32,1.021,56.25
2026-02-27,IF_MFG_002,25,65,22,32,1.021,36.82
2026-02-27,IF_MFG_003,25,35,18,32,1.021,30.27
2026-02-27,IF_MFG_004,5,20,3,32,1.021,15.03
2026-02-27,IF_PRC_001,60,70,27,32,1.021,51.38
2026-02-27,IF_PRC_002,25,55,18,32,1.021,38.15
2026-02-27,IF_PRC_003,5,15,6,32,1.021,12.67
2026-02-27,IF_ASM_001,60,85,30,32,1.021,53.5
2026-02-27,IF_ASM_002,60,80,23,32,1.021,55.78
2026-02-27,IF_DLV_001,100,100,28,32,1.021,74.57
2026-02-28,IF_ORD_001,100,90,56,31,1.024,72.95
2026-02-28,IF_PAY_001,100,100,63,31,1.024,78.52
2026-02-28,IF_PAY_002,25,30,19,31,1.024,29.72
2026-02-28,IF_ORD_002,100,90,68,31,1.024,81.17
2026-02-28,IF_ORD_003,60,80,19,31,1.024,54.94
2026-02-28,IF_MFG_001,60,75,26,31,1.024,54.16
2026-02-28,IF_MFG_002,25,65,10,31,1.024,34.32
2026-02-28,IF_MFG_003,25,35,20,31,1.024,33.68
2026-02-28,IF_MFG_004,5,20,11,31,1.024,24.3
2026-02-28,IF_PRC_001,60,70,17,31,1.024,50.48
2026-02-28,IF_PRC_002,25,55,14,31,1.024,31.43
2026-02-28,IF_PRC_003,5,15,7,31,1.024,17.89
2026-02-28,IF_ASM_001,60,85,27,31,1.024,59.43
2026-02-28,IF_ASM_002,60,80,18,31,1.024,52.03
2026-02-28,IF_DLV_001,100,100,33,31,1.024,69.34
2026-03-01,IF_ORD_001,100,90,62,30,1.028,76.38
2026-03-01,IF_PAY_001,100,100,59,30,1.028,76.15
2026-03-01,IF_PAY_002,25,30,28,30,1.028,30.83
2026-03-01,IF_ORD_002,100,90,36,30,1.028,69.02
2026-03-01,IF_ORD_003,60,80,22,30,1.028,54.53
2026-03-01,IF_MFG_001,60,75,29,30,1.028,56.67
2026-03-01,IF_MFG_002,25,65,22,30,1.028,42.12
2026-03-01,IF_MFG_003,25,35,22,30,1.028,33.11
2026-03-01,IF_MFG_004,5,20,4,30,1.028,18.11
2026-03-01,IF_PRC_001,60,70,26,30,1.028,51.36
2026-03-01,IF_PRC_002,25,55,23,30,1.028,40.67
2026-03-01,IF_PRC_003,5,15,6,30,1.028,15.28
2026-03-01,IF_ASM_001,60,85,24,30,1.028,56.61
2026-03-01,IF_ASM_002,60,80,31,30,1.028,59.43
2026-03-01,IF_DLV_001,100,100,54,30,1.028,80.52
2026-03-02,IF_ORD_001,100,90,39,29,1.032,69.22
2026-03-02,IF_PAY_001,100,100,38,29,1.032,73.26
2026-03-02,IF_PAY_002,25,30,19,29,1.032,30.95
2026-03-02,IF_ORD_002,100,90,54,29,1.032,72.68
2026-03-02,IF_ORD_003,60,80,33,29,1.032,54.94
2026-03-02,IF_MFG_001,60,75,20,29,1.032,49.69
2026-03-02,IF_MFG_002,25,65,21,29,1.032,40.34
2026-03-02,IF_MFG_003,25,35,10,29,1.032,28.05
2026-03-02,IF_MFG_004,5,20,9,29,1.032,19.95
2026-03-02,IF_PRC_001,60,70,36,29,1.032,54.37
2026-03-02,IF_PRC_002,25,55,9,29,1.032,36.97
2026-03-02,IF_PRC_003,5,15,19,29,1.032,18.77
2026-03-02,IF_ASM_001,60,85,38,29,1.032,60.35
2026-03-02,IF_ASM_002,60,80,30,29,1.032,53.33
2026-03-02,IF_DLV_001,100,100,28,29,1.032,80.01
2026-03-03,IF_ORD_001,100,90,43,28,1.037,70.34
2026-03-03,IF_PAY_001,100,100,54,28,1.037,71.88
2026-03-03,IF_PAY_002,25,30,9,28,1.037,32.92
2026-03-03,IF_ORD_002,100,90,43,28,1.037,75.14
2026-03-03,IF_ORD_003,60,80,35,28,1.037,52.9
2026-03-03,IF_MFG_001,60,75,41,28,1.037,51.73
2026-03-03,IF_MFG_002,25,65,19,28,1.037,38.32
2026-03-03,IF_MFG_003,25,35,16,28,1.037,31.43
2026-03-03,IF_MFG_004,5,20,7,28,1.037,14.07
2026-03-03,IF_PRC_001,60,70,32,28,1.037,50.52
2026-03-03,IF_PRC_002,25,55,23,28,1.037,36.7
2026-03-03,IF_PRC_003,5,15,8,28,1.037,18.58
2026-03-03,IF_ASM_001,60,85,36,28,1.037,57.36
2026-03-03,IF_ASM_002,60,80,31,28,1.037,50.99
2026-03-03,IF_DLV_001,100,100,49,28,1.037,69.54
2026-03-04,IF_ORD_001,100,90,52,27,1.042,74.26
2026-03-04,IF_PAY_001,100,100,30,27,1.042,74.75
2026-03-04,IF_PAY_002,25,30,23,27,1.042,32.16
2026-03-04,IF_ORD_002,100,90,39,27,1.042,68.84
2026-03-04,IF_ORD_003,60,80,22,27,1.042,50.05
2026-03-04,IF_MFG_001,60,75,39,27,1.042,58.04
2026-03-04,IF_MFG_002,25,65,20,27,1.042,37.17
2026-03-04,IF_MFG_003,25,35,26,27,1.042,35.87
2026-03-04,IF_MFG_004,5,20,11,27,1.042,17.64
2026-03-04,IF_PRC_001,60,70,29,27,1.042,55.03
2026-03-04,IF_PRC_002,25,55,23,27,1.042,34.25
2026-03-04,IF_PRC_003,5,15,6,27,1.042,13.5
2026-03-04,IF_ASM_001,60,85,26,27,1.042,57.49
2026-03-04,IF_ASM_002,60,80,27,27,1.042,51.55
2026-03-04,IF_DLV_001,100,100,53,27,1.042,70.66
2026-03-05,IF_ORD_001,100,90,42,26,1.049,73.37
2026-03-05,IF_PAY_001,100,100,38,26,1.049,71.18
2026-03-05,IF_PAY_002,25,30,18,26,1.049,30.21
2026-03-05,IF_ORD_002,100,90,52,26,1.049,68.41
2026-03-05,IF_ORD_003,60,80,18,26,1.049,54.57
2026-03-05,IF_MFG_001,60,75,20,26,1.049,51.18
2026-03-05,IF_MFG_002,25,65,11,26,1.049,35.18
2026-03-05,IF_MFG_003,25,35,24,26,1.049,30.01
2026-03-05,IF_MFG_004,5,20,12,26,1.049,18.23
2026-03-05,IF_PRC_001,60,70,28,26,1.049,55.04
2026-03-05,IF_PRC_002,25,55,28,26,1.049,38.37
2026-03-05,IF_PRC_003,5,15,7,26,1.049,23.51
2026-03-05,IF_ASM_001,60,85,34,26,1.049,56.53
2026-03-05,IF_ASM_002,60,80,30,26,1.049,59.46
2026-03-05,IF_DLV_001,100,100,56,26,1.049,74.53
2026-03-06,IF_ORD_001,100,90,25,25,1.056,71.6
2026-03-06,IF_PAY_001,100,100,56,25,1.056,71.74
2026-03-06,IF_PAY_002,25,30,25,25,1.056,31.5
2026-03-06,IF_ORD_002,100,90,36,25,1.056,71.0
2026-03-06,IF_ORD_003,60,80,28,25,1.056,57.57
2026-03-06,IF_MFG_001,60,75,160,25,1.056,59.24
2026-03-06,IF_MFG_002,25,65,27,25,1.056,44.9
2026-03-06,IF_MFG_003,25,35,12,25,1.056,34.56
2026-03-06,IF_MFG_004,5,20,11,25,1.056,22.38
2026-03-06,IF_PRC_001,60,70,50,25,1.056,58.92
2026-03-06,IF_PRC_002,25,55,15,25,1.056,39.64
2026-03-06,IF_PRC_003,5,15,13,25,1.056,19.05
2026-03-06,IF_ASM_001,60,85,40,25,1.056,57.68
2026-03-06,IF_ASM_002,60,80,40,25,1.056,55.62
2026-03-06,IF_DLV_001,100,100,46,25,1.056,73.2
2026-03-07,IF_ORD_001,100,90,42,24,1.065,70.12
2026-03-07,IF_PAY_001,100,100,50,24,1.065,72.8
2026-03-07,IF_PAY_002,25,30,8,24,1.065,20.9
2026-03-07,IF_ORD_002,100,90,66,24,1.065,71.0
2026-03-07,IF_ORD_003,60,80,18,24,1.065,52.45
2026-03-07,IF_MFG_001,60,75,27,24,1.065,55.5
2026-03-07,IF_MFG_002,25,65,19,24,1.065,39.22
2026-03-07,IF_MFG_003,25,35,19,24,1.065,34.44
2026-03-07,IF_MFG_004,5,20,6,24,1.065,18.53
2026-03-07,IF_PRC_001,60,70,33,24,1.065,50.52
2026-03-07,IF_PRC_002,25,55,20,24,1.065,38.27
2026-03-07,IF_PRC_003,5,15,17,24,1.065,21.06
2026-03-07,IF_ASM_001,60,85,14,24,1.065,58.86
2026-03-07,IF_ASM_002,60,80,22,24,1.065,52.56
2026-03-07,IF_DLV_001,100,100,51,24,1.065,76.38
2026-03-08,IF_ORD_001,100,90,117,23,1.075,78.98
2026-03-08,IF_PAY_001,100,100,54,23,1.075,74.0
2026-03-08,IF_PAY_002,25,30,10,23,1.075,28.83
2026-03-08,IF_ORD_002,100,90,36,23,1.075,69.71
2026-03-08,IF_ORD_003,60,80,29,23,1.075,55.21
2026-03-08,IF_MFG_001,60,75,26,23,1.075,49.85
2026-03-08,IF_MFG_002,25,65,21,23,1.075,46.63
2026-03-08,IF_MFG_003,25,35,19,23,1.075,29.8
2026-03-08,IF_MFG_004,5,20,1,23,1.075,8.13
2026-03-08,IF_PRC_001,60,70,33,23,1.075,54.68
2026-03-08,IF_PRC_002,25,55,13,23,1.075,37.4
2026-03-08,IF_PRC_003,5,15,16,23,1.075,20.68
2026-03-08,IF_ASM_001,60,85,33,23,1.075,60.7
2026-03-08,IF_ASM_002,60,80,37,23,1.075,54.68
2026-03-08,IF_DLV_001,100,100,56,23,1.075,76.02
2026-03-09,IF_ORD_001,100,90,35,22,1.086,69.0
2026-03-09,IF_PAY_001,100,100,52,22,1.086,79.63
2026-03-09,IF_PAY_002,25,30,44,22,1.086,34.16
2026-03-09,IF_ORD_002,100,90,58,22,1.086,70.55
2026-03-09,IF_ORD_003,60,80,20,22,1.086,52.21
2026-03-09,IF_MFG_001,60,75,28,22,1.086,51.09
2026-03-09,IF_MFG_002,25,65,15,22,1.086,40.44
2026-03-09,IF_MFG_003,25,35,15,22,1.086,27.41
2026-03-09,IF_MFG_004,5,20,4,22,1.086,19.7
2026-03-09,IF_PRC_001,60,70,49,22,1.086,55.12
2026-03-09,IF_PRC_002,25,55,22,22,1.086,32.7
2026-03-09,IF_PRC_003,5,15,19,22,1.086,19.92
2026-03-09,IF_ASM_001,60,85,29,22,1.086,56.63
2026-03-09,IF_ASM_002,60,80,25,22,1.086,53.83
2026-03-09,IF_DLV_001,100,100,41,22,1.086,73.02
2026-03-10,IF_ORD_001,100,90,57,21,1.1,72.81
2026-03-10,IF_PAY_001,100,100,27,21,1.1,69.76
2026-03-10,IF_PAY_002,25,30,26,21,1.1,28.65
2026-03-10,IF_ORD_002,100,90,43,21,1.1,71.15
2026-03-10,IF_ORD_003,60,80,39,21,1.1,59.94
2026-03-10,IF_MFG_001,60,75,34,21,1.1,56.81
2026-03-10,IF_MFG_002,25,65,16,21,1.1,39.14
2026-03-10,IF_MFG_003,25,35,13,21,1.1,27.6
2026-03-10,IF_MFG_004,5,20,10,21,1.1,19.51
2026-03-10,IF_PRC_001,60,70,41,21,1.1,55.24
2026-03-10,IF_PRC_002,25,55,23,21,1.1,39.8
2026-03-10,IF_PRC_003,5,15,4,21,1.1,19.23
2026-03-10,IF_ASM_001,60,85,28,21,1.1,53.77
2026-03-10,IF_ASM_002,60,80,33,21,1.1,53.84
2026-03-10,IF_DLV_001,100,100,55,21,1.1,75.22
2026-03-11,IF_ORD_001,100,90,31,20,1.115,70.85
2026-03-11,IF_PAY_001,100,100,53,20,1.115,72.55
2026-03-11,IF_PAY_002,25,30,28,20,1.115,34.61
2026-03-11,IF_ORD_002,100,90,42,20,1.115,73.21
2026-03-11,IF_ORD_003,60,80,19,20,1.115,49.38
2026-03-11,IF_MFG_001,60,75,22,20,1.115,54.88
2026-03-11,IF_MFG_002,25,65,20,20,1.115,42.77
2026-03-11,IF_MFG_003,25,35,16,20,1.115,33.71
2026-03-11,IF_MFG_004,5,20,45,20,1.115,24.71
2026-03-11,IF_PRC_001,60,70,20,20,1.115,47.04
2026-03-11,IF_PRC_002,25,55,21,20,1.115,35.51
2026-03-11,IF_PRC_003,5,15,7,20,1.115,18.91
2026-03-11,IF_ASM_001,60,85,35,20,1.115,59.36
2026-03-11,IF_ASM_002,60,80,35,20,1.115,60.51
2026-03-11,IF_DLV_001,100,100,32,20,1.115,72.55
2026-03-12,IF_ORD_001,100,90,25,19,1.133,74.09
2026-03-12,IF_PAY_001,100,100,43,19,1.133,72.9
2026-03-12,IF_PAY_002,25,30,10,19,1.133,26.87
2026-03-12,IF_ORD_002,100,90,52,19,1.133,67.62
2026-03-12,IF_ORD_003,60,80,38,19,1.133,58.45
2026-03-12,IF_MFG_001,60,75,47,19,1.133,58.89
2026-03-12,IF_MFG_002,25,65,8,19,1.133,37.96
2026-03-12,IF_MFG_003,25,35,18,19,1.133,34.96
2026-03-12,IF_MFG_004,5,20,9,19,1.133,13.0
2026-03-12,IF_PRC_001,60,70,17,19,1.133,52.27
2026-03-12,IF_PRC_002,25,55,12,19,1.133,39.32
2026-03-12,IF_PRC_003,5,15,13,19,1.133,20.45
2026-03-12,IF_ASM_001,60,85,38,19,1.133,59.26
2026-03-12,IF_ASM_002,60,80,37,19,1.133,57.2
2026-03-12,IF_DLV_001,100,100,57,19,1.133,70.11
2026-03-13,IF_ORD_001,100,90,57,18,1.153,75.6
2026-03-13,IF_PAY_001,100,100,65,18,1.153,77.77
2026-03-13,IF_PAY_002,25,30,28,18,1.153,31.61
2026-03-13,IF_ORD_002,100,90,67,18,1.153,76.75
2026-03-13,IF_ORD_003,60,80,42,18,1.153,58.05
2026-03-13,IF_MFG_001,60,75,22,18,1.153,51.69
2026-03-13,IF_MFG_002,25,65,13,18,1.153,38.53
2026-03-13,IF_MFG_003,25,35,20,18,1.153,28.05
2026-03-13,IF_MFG_004,5,20,5,18,1.153,15.9
2026-03-13,IF_PRC_001,60,70,17,18,1.153,52.36
2026-03-13,IF_PRC_002,25,55,21,18,1.153,44.45
2026-03-13,IF_PRC_003,5,15,9,18,1.153,19.8
2026-03-13,IF_ASM_001,60,85,34,18,1.153,62.56
2026-03-13,IF_ASM_002,60,80,42,18,1.153,53.65
2026-03-13,IF_DLV_001,100,100,56,18,1.153,78.97
2026-03-14,IF_ORD_001,100,90,32,17,1.176,75.89
2026-03-14,IF_PAY_001,100,100,68,17,1.176,76.6
2026-03-14,IF_PAY_002,25,30,20,17,1.176,34.52
2026-03-14,IF_ORD_002,100,90,38,17,1.176,69.08
2026-03-14,IF_ORD_003,60,80,28,17,1.176,58.27
2026-03-14,IF_MFG_001,60,75,44,17,1.176,59.22
2026-03-14,IF_MFG_002,25,65,11,17,1.176,35.63
2026-03-14,IF_MFG_003,25,35,15,17,1.176,32.25
2026-03-14,IF_MFG_004,5,20,44,17,1.176,21.72
2026-03-14,IF_PRC_001,60,70,20,17,1.176,51.39
2026-03-14,IF_PRC_002,25,55,25,17,1.176,40.97
2026-03-14,IF_PRC_003,5,15,8,17,1.176,14.85
2026-03-14,IF_ASM_001,60,85,33,17,1.176,60.22
2026-03-14,IF_ASM_002,60,80,41,17,1.176,58.11
2026-03-14,IF_DLV_001,100,100,29,17,1.176,72.15
2026-03-15,IF_ORD_001,100,90,44,16,1.203,72.84
2026-03-15,IF_PAY_001,100,100,69,16,1.203,74.42
2026-03-15,IF_PAY_002,25,30,10,16,1.203,32.8
2026-03-15,IF_ORD_002,100,90,55,16,1.203,74.16
2026-03-15,IF_ORD_003,60,80,28,16,1.203,56.48
2026-03-15,IF_MFG_001,60,75,36,16,1.203,56.18
2026-03-15,IF_MFG_002,25,65,21,16,1.203,38.57
2026-03-15,IF_MFG_003,25,35,83,16,1.203,43.99
2026-03-15,IF_MFG_004,5,20,18,16,1.203,13.83
2026-03-15,IF_PRC_001,60,70,35,16,1.203,56.29
2026-03-15,IF_PRC_002,25,55,14,16,1.203,34.13
2026-03-15,IF_PRC_003,5,15,44,16,1.203,21.16
2026-03-15,IF_ASM_001,60,85,31,16,1.203,60.36
2026-03-15,IF_ASM_002,60,80,42,16,1.203,62.81
2026-03-15,IF_DLV_001,100,100,48,16,1.203,70.56
2026-03-16,IF_ORD_001,100,90,30,15,1.235,76.6
2026-03-16,IF_PAY_001,100,100,41,15,1.235,77.42
2026-03-16,IF_PAY_002,25,30,21,15,1.235,38.11
2026-03-16,IF_ORD_002,100,90,54,15,1.235,75.67
2026-03-16,IF_ORD_003,60,80,29,15,1.235,60.39
2026-03-16,IF_MFG_001,60,75,23,15,1.235,54.39
2026-03-16,IF_MFG_002,25,65,24,15,1.235,40.0
2026-03-16,IF_MFG_003,25,35,23,15,1.235,35.89
2026-03-16,IF_MFG_004,5,20,7,15,1.235,14.73
2026-03-16,IF_PRC_001,60,70,90,15,1.235,58.14
2026-03-16,IF_PRC_002,25,55,10,15,1.235,38.53
2026-03-16,IF_PRC_003,5,15,12,15,1.235,20.31
2026-03-16,IF_ASM_001,60,85,143,15,1.235,61.75
2026-03-16,IF_ASM_002,60,80,39,15,1.235,58.91
2026-03-16,IF_DLV_001,100,100,51,15,1.235,71.65
2026-03-17,IF_ORD_001,100,90,67,14,1.271,74.54
2026-03-17,IF_PAY_001,100,100,43,14,1.271,76.75
2026-03-17,IF_PAY_002,25,30,14,14,1.271,26.47
2026-03-17,IF_ORD_002,100,90,49,14,1.271,73.04
2026-03-17,IF_ORD_003,60,80,32,14,1.271,55.5
2026-03-17,IF_MFG_001,60,75,31,14,1.271,57.53
2026-03-17,IF_MFG_002,25,65,84,14,1.271,52.5
2026-03-17,IF_MFG_003,25,35,21,14,1.271,29.3
2026-03-17,IF_MFG_004,5,20,6,14,1.271,18.98
2026-03-17,IF_PRC_001,60,70,26,14,1.271,54.36
2026-03-17,IF_PRC_002,25,55,18,14,1.271,38.02
2026-03-17,IF_PRC_003,5,15,13,14,1.271,18.82
2026-03-17,IF_ASM_001,60,85,25,14,1.271,58.87
2026-03-17,IF_ASM_002,60,80,42,14,1.271,58.72
2026-03-17,IF_DLV_001,100,100,33,14,1.271,73.14
2026-03-18,IF_ORD_001,100,90,63,13,1.312,77.13
2026-03-18,IF_PAY_001,100,100,48,13,1.312,75.86
2026-03-18,IF_PAY_002,25,30,18,13,1.312,32.2
2026-03-18,IF_ORD_002,100,90,35,13,1.312,79.23
2026-03-18,IF_ORD_003,60,80,35,13,1.312,59.93
2026-03-18,IF_MFG_001,60,75,38,13,1.312,58.63
2026-03-18,IF_MFG_002,25,65,20,13,1.312,38.27
2026-03-18,IF_MFG_003,25,35,17,13,1.312,34.94
2026-03-18,IF_MFG_004,5,20,9,13,1.312,25.41
2026-03-18,IF_PRC_001,60,70,35,13,1.312,55.48
2026-03-18,IF_PRC_002,25,55,18,13,1.312,41.08
2026-03-18,IF_PRC_003,5,15,13,13,1.312,18.47
2026-03-18,IF_ASM_001,60,85,30,13,1.312,55.88
2026-03-18,IF_ASM_002,60,80,30,13,1.312,58.61
2026-03-18,IF_DLV_001,100,100,43,13,1.312,75.74
2026-03-19,IF_ORD_001,100,90,38,12,1.36,71.17
2026-03-19,IF_PAY_001,100,100,64,12,1.36,81.36
2026-03-19,IF_PAY_002,25,30,11,12,1.36,32.87
2026-03-19,IF_ORD_002,100,90,63,12,1.36,74.12
2026-03-19,IF_ORD_003,60,80,21,12,1.36,54.43
2026-03-19,IF_MFG_001,60,75,40,12,1.36,56.43
2026-03-19,IF_MFG_002,25,65,18,12,1.36,43.77
2026-03-19,IF_MFG_003,25,35,26,12,1.36,38.68
2026-03-19,IF_MFG_004,5,20,4,12,1.36,14.46
2026-03-19,IF_PRC_001,60,70,22,12,1.36,53.14
2026-03-19,IF_PRC_002,25,55,17,12,1.36,38.63
2026-03-19,IF_PRC_003,5,15,6,12,1.36,18.69
2026-03-19,IF_ASM_001,60,85,103,12,1.36,62.31
2026-03-19,IF_ASM_002,60,80,24,12,1.36,55.29
2026-03-19,IF_DLV_001,100,100,36,12,1.36,77.51
2026-03-20,IF_ORD_001,100,90,45,11,1.415,75.87
2026-03-20,IF_PAY_001,100,100,36,11,1.415,78.77
2026-03-20,IF_PAY_002,25,30,24,11,1.415,34.73
2026-03-20,IF_ORD_002,100,90,62,11,1.415,72.07
2026-03-20,IF_ORD_003,60,80,60,11,1.415,57.67
2026-03-20,IF_MFG_001,60,75,27,11,1.415,57.38
2026-03-20,IF_MFG_002,25,65,17,11,1.415,36.16
2026-03-20,IF_MFG_003,25,35,15,11,1.415,32.92
2026-03-20,IF_MFG_004,5,20,8,11,1.415,22.54
2026-03-20,IF_PRC_001,60,70,33,11,1.415,59.33
2026-03-20,IF_PRC_002,25,55,15,11,1.415,39.21
2026-03-20,IF_PRC_003,5,15,9,11,1.415,24.46
2026-03-20,IF_ASM_001,60,85,9,11,1.415,60.01
2026-03-20,IF_ASM_002,60,80,24,11,1.415,57.92
2026-03-20,IF_DLV_001,100,100,33,11,1.415,74.47
2026-03-21,IF_ORD_001,100,90,62,10,1.479,80.83
2026-03-21,IF_PAY_001,100,100,47,10,1.479,76.4
2026-03-21,IF_PAY_002,25,30,17,10,1.479,32.58
2026-03-21,IF_ORD_002,100,90,64,10,1.479,78.5
2026-03-21,IF_ORD_003,60,80,24,10,1.479,55.32
2026-03-21,IF_MFG_001,60,75,30,10,1.479,63.55
2026-03-21,IF_MFG_002,25,65,25,10,1.479,42.2
2026-03-21,IF_MFG_003,25,35,18,10,1.479,36.07
2026-03-21,IF_MFG_004,5,20,14,10,1.479,26.3
2026-03-21,IF_PRC_001,60,70,29,10,1.479,54.98
2026-03-21,IF_PRC_002,25,55,14,10,1.479,42.9
2026-03-21,IF_PRC_003,5,15,13,10,1.479,26.81
2026-03-21,IF_ASM_001,60,85,20,10,1.479,60.27
2026-03-21,IF_ASM_002,60,80,44,10,1.479,62.6
2026-03-21,IF_DLV_001,100,100,116,10,1.479,84.87
2026-03-22,IF_ORD_001,100,90,62,9,1.553,79.73
2026-03-22,IF_PAY_001,100,100,28,9,1.553,77.73
2026-03-22,IF_PAY_002,25,30,16,9,1.553,31.05
2026-03-22,IF_ORD_002,100,90,38,9,1.553,72.73
2026-03-22,IF_ORD_003,60,80,32,9,1.553,57.97
2026-03-22,IF_MFG_001,60,75,28,9,1.553,54.92
2026-03-22,IF_MFG_002,25,65,31,9,1.553,50.57
2026-03-22,IF_MFG_003,25,35,14,9,1.553,33.77
2026-03-22,IF_MFG_004,5,20,17,9,1.553,27.27
2026-03-22,IF_PRC_001,60,70,33,9,1.553,58.94
2026-03-22,IF_PRC_002,25,55,16,9,1.553,39.55
2026-03-22,IF_PRC_003,5,15,11,9,1.553,24.24
2026-03-22,IF_ASM_001,60,85,36,9,1.553,61.6
2026-03-22,IF_ASM_002,60,80,46,9,1.553,59.47
2026-03-22,IF_DLV_001,100,100,67,9,1.553,82.99
2026-03-23,IF_ORD_001,100,90,48,8,1.638,79.29
2026-03-23,IF_PAY_001,100,100,86,8,1.638,84.44
2026-03-23,IF_PAY_002,25,30,14,8,1.638,38.32
2026-03-23,IF_ORD_002,100,90,53,8,1.638,78.56
2026-03-23,IF_ORD_003,60,80,36,8,1.638,60.42
2026-03-23,IF_MFG_001,60,75,34,8,1.638,62.38
2026-03-23,IF_MFG_002,25,65,12,8,1.638,44.2
2026-03-23,IF_MFG_003,25,35,26,8,1.638,33.9
2026-03-23,IF_MFG_004,5,20,7,8,1.638,19.72
2026-03-23,IF_PRC_001,60,70,34,8,1.638,60.89
2026-03-23,IF_PRC_002,25,55,18,8,1.638,40.91
2026-03-23,IF_PRC_003,5,15,7,8,1.638,19.4
2026-03-23,IF_ASM_001,60,85,30,8,1.638,55.71
2026-03-23,IF_ASM_002,60,80,30,8,1.638,54.77
2026-03-23,IF_DLV_001,100,100,64,8,1.638,81.38
2026-03-24,IF_ORD_001,100,90,44,7,1.736,77.14
2026-03-24,IF_PAY_001,100,100,32,7,1.736,75.86
2026-03-24,IF_PAY_002,25,30,22,7,1.736,35.62
2026-03-24,IF_ORD_002,100,90,46,7,1.736,80.83
2026-03-24,IF_ORD_003,60,80,38,7,1.736,65.06
2026-03-24,IF_MFG_001,60,75,26,7,1.736,60.71
2026-03-24,IF_MFG_002,25,65,27,7,1.736,49.04
2026-03-24,IF_MFG_003,25,35,23,7,1.736,41.07
2026-03-24,IF_MFG_004,5,20,9,7,1.736,25.82
2026-03-24,IF_PRC_001,60,70,31,7,1.736,51.79
2026-03-24,IF_PRC_002,25,55,21,7,1.736,48.32
2026-03-24,IF_PRC_003,5,15,18,7,1.736,28.4
2026-03-24,IF_ASM_001,60,85,35,7,1.736,63.26
2026-03-24,IF_ASM_002,60,80,114,7,1.736,72.72
2026-03-24,IF_DLV_001,100,100,38,7,1.736,80.78
2026-03-25,IF_ORD_001,100,90,59,6,1.849,83.27
2026-03-25,IF_PAY_001,100,100,79,6,1.849,87.82
2026-03-25,IF_PAY_002,25,30,21,6,1.849,41.78
2026-03-25,IF_ORD_002,100,90,44,6,1.849,79.34
2026-03-25,IF_ORD_003,60,80,38,6,1.849,60.14
2026-03-25,IF_MFG_001,60,75,28,6,1.849,57.12
2026-03-25,IF_MFG_002,25,65,23,6,1.849,42.41
2026-03-25,IF_MFG_003,25,35,33,6,1.849,38.67
2026-03-25,IF_MFG_004,5,20,12,6,1.849,23.43
2026-03-25,IF_PRC_001,60,70,31,6,1.849,68.24
2026-03-25,IF_PRC_002,25,55,31,6,1.849,46.74
2026-03-25,IF_PRC_003,5,15,16,6,1.849,30.35
2026-03-25,IF_ASM_001,60,85,47,6,1.849,67.63
2026-03-25,IF_ASM_002,60,80,45,6,1.849,63.28
2026-03-25,IF_DLV_001,100,100,68,6,1.849,81.81
2026-03-26,IF_ORD_001,100,90,35,5,1.979,77.22
2026-03-26,IF_PAY_001,100,100,57,5,1.979,86.93
2026-03-26,IF_PAY_002,25,30,18,5,1.979,36.93
2026-03-26,IF_ORD_002,100,90,31,5,1.979,79.25
2026-03-26,IF_ORD_003,60,80,40,5,1.979,63.23
2026-03-26,IF_MFG_001,60,75,37,5,1.979,57.34
2026-03-26,IF_MFG_002,25,65,21,5,1.979,45.98
2026-03-26,IF_MFG_003,25,35,20,5,1.979,41.14
2026-03-26,IF_MFG_004,5,20,14,5,1.979,30.25
2026-03-26,IF_PRC_001,60,70,25,5,1.979,61.06
2026-03-26,IF_PRC_002,25,55,10,5,1.979,45.82
2026-03-26,IF_PRC_003,5,15,8,5,1.979,26.2
2026-03-26,IF_ASM_001,60,85,45,5,1.979,69.83
2026-03-26,IF_ASM_002,60,80,35,5,1.979,67.57
2026-03-26,IF_DLV_001,100,100,41,5,1.979,80.85
2026-03-27,IF_ORD_001,100,90,77,4,2.129,89.11
2026-03-27,IF_PAY_001,100,100,61,4,2.129,86.61
2026-03-27,IF_PAY_002,25,30,23,4,2.129,44.64
2026-03-27,IF_ORD_002,100,90,39,4,2.129,80.72
2026-03-27,IF_ORD_003,60,80,35,4,2.129,65.69
2026-03-27,IF_MFG_001,60,75,18,4,2.129,64.16
2026-03-27,IF_MFG_002,25,65,24,4,2.129,49.72
2026-03-27,IF_MFG_003,25,35,13,4,2.129,48.32
2026-03-27,IF_MFG_004,5,20,5,4,2.129,29.39
2026-03-27,IF_PRC_001,60,70,37,4,2.129,71.11
2026-03-27,IF_PRC_002,25,55,22,4,2.129,47.89
2026-03-27,IF_PRC_003,5,15,16,4,2.129,32.23
2026-03-27,IF_ASM_001,60,85,40,4,2.129,69.2
2026-03-27,IF_ASM_002,60,80,26,4,2.129,64.94
2026-03-27,IF_DLV_001,100,100,67,4,2.129,89.88
2026-03-28,IF_ORD_001,100,90,45,3,2.303,83.79
2026-03-28,IF_PAY_001,100,100,40,3,2.303,84.73
2026-03-28,IF_PAY_002,25,30,21,3,2.303,44.71
2026-03-28,IF_ORD_002,100,90,58,3,2.303,87.04
2026-03-28,IF_ORD_003,60,80,38,3,2.303,67.91
2026-03-28,IF_MFG_001,60,75,32,3,2.303,63.03
2026-03-28,IF_MFG_002,25,65,56,3,2.303,57.6
2026-03-28,IF_MFG_003,25,35,24,3,2.303,47.06
2026-03-28,IF_MFG_004,5,20,18,3,2.303,35.14
2026-03-28,IF_PRC_001,60,70,33,3,2.303,62.42
2026-03-28,IF_PRC_002,25,55,18,3,2.303,44.44
2026-03-28,IF_PRC_003,5,15,12,3,2.303,28.95
2026-03-28,IF_ASM_001,60,85,34,3,2.303,69.06
2026-03-28,IF_ASM_002,60,80,40,3,2.303,69.92
2026-03-28,IF_DLV_001,100,100,72,3,2.303,91.91
2026-03-29,IF_ORD_001,100,90,50,2,2.503,87.2
2026-03-29,IF_PAY_001,100,100,50,2,2.503,84.17
2026-03-29,IF_PAY_002,25,30,22,2,2.503,45.62
2026-03-29,IF_ORD_002,100,90,47,2,2.503,92.66
2026-03-29,IF_ORD_003,60,80,25,2,2.503,75.29
2026-03-29,IF_MFG_001,60,75,27,2,2.503,68.65
2026-03-29,IF_MFG_002,25,65,18,2,2.503,51.35
2026-03-29,IF_MFG_003,25,35,26,2,2.503,45.27
2026-03-29,IF_MFG_004,5,20,20,2,2.503,34.99
2026-03-29,IF_PRC_001,60,70,32,2,2.503,72.09
2026-03-29,IF_PRC_002,25,55,21,2,2.503,58.78
2026-03-29,IF_PRC_003,5,15,8,2,2.503,32.32
2026-03-29,IF_ASM_001,60,85,25,2,2.503,68.95
2026-03-29,IF_ASM_002,60,80,26,2,2.503,69.04
2026-03-29,IF_DLV_001,100,100,69,2,2.503,87.81
2026-03-30,IF_ORD_001,100,90,57,1,2.734,92.7
2026-03-30,IF_PAY_001,100,100,85,1,2.734,96.22
2026-03-30,IF_PAY_002,25,30,28,1,2.734,42.53
2026-03-30,IF_ORD_002,100,90,66,1,2.734,90.99
2026-03-30,IF_ORD_003,60,80,53,1,2.734,72.46
2026-03-30,IF_MFG_001,60,75,34,1,2.734,76.46
2026-03-30,IF_MFG_002,25,65,37,1,2.734,55.29
2026-03-30,IF_MFG_003,25,35,20,1,2.734,49.67
2026-03-30,IF_MFG_004,5,20,13,1,2.734,33.0
2026-03-30,IF_PRC_001,60,70,29,1,2.734,74.18
2026-03-30,IF_PRC_002,25,55,34,1,2.734,53.99
2026-03-30,IF_PRC_003,5,15,13,1,2.734,37.48
2026-03-30,IF_ASM_001,60,85,36,1,2.734,74.07
2026-03-30,IF_ASM_002,60,80,47,1,2.734,70.29
2026-03-30,IF_DLV_001,100,100,73,1,2.734,95.03
2026-03-31,IF_ORD_001,100,90,58,0,3.0,96.17
2026-03-31,IF_PAY_001,100,100,203,0,3.0,95.1
2026-03-31,IF_PAY_002,25,30,28,0,3.0,52.63
2026-03-31,IF_ORD_002,100,90,63,0,3.0,90.83
2026-03-31,IF_ORD_003,60,80,100,0,3.0,83.53
2026-03-31,IF_MFG_001,60,75,57,0,3.0,74.78
2026-03-31,IF_MFG_002,25,65,25,0,3.0,56.79
2026-03-31,IF_MFG_003,25,35,26,0,3.0,49.6
2026-03-31,IF_MFG_004,5,20,11,0,3.0,37.19
2026-03-31,IF_PRC_001,60,70,58,0,3.0,78.99
2026-03-31,IF_PRC_002,25,55,21,0,3.0,61.28
2026-03-31,IF_PRC_003,5,15,20,0,3.0,39.9
2026-03-31,IF_ASM_001,60,85,63,0,3.0,82.23
2026-03-31,IF_ASM_002,60,80,209,0,3.0,76.08
2026-03-31,IF_DLV_001,100,100,59,0,3.0,98.72
2026-04-01,IF_ORD_001,100,90,55,90,1.0,70.41
2026-04-01,IF_PAY_001,100,100,43,90,1.0,73.71
2026-04-01,IF_PAY_002,25,30,26,90,1.0,32.73
2026-04-01,IF_ORD_002,100,90,57,90,1.0,79.0
2026-04-01,IF_ORD_003,60,80,35,90,1.0,54.01
2026-04-01,IF_MFG_001,60,75,28,90,1.0,54.07
2026-04-01,IF_MFG_002,25,65,14,90,1.0,42.94
2026-04-01,IF_MFG_003,25,35,19,90,1.0,31.45
2026-04-01,IF_MFG_004,5,20,10,90,1.0,18.34
2026-04-01,IF_PRC_001,60,70,21,90,1.0,56.21
2026-04-01,IF_PRC_002,25,55,23,90,1.0,38.23
2026-04-01,IF_PRC_003,5,15,7,90,1.0,7.89
2026-04-01,IF_ASM_001,60,85,21,90,1.0,57.5
2026-04-01,IF_ASM_002,60,80,23,90,1.0,47.71
2026-04-01,IF_DLV_001,100,100,49,90,1.0,70.68
2026-04-02,IF_ORD_001,100,90,34,89,1.0,75.69
2026-04-02,IF_PAY_001,100,100,40,89,1.0,67.97
2026-04-02,IF_PAY_002,25,30,12,89,1.0,23.29
2026-04-02,IF_ORD_002,100,90,58,89,1.0,72.63
2026-04-02,IF_ORD_003,60,80,30,89,1.0,56.34
2026-04-02,IF_MFG_001,60,75,20,89,1.0,47.47
2026-04-02,IF_MFG_002,25,65,16,89,1.0,38.47
2026-04-02,IF_MFG_003,25,35,16,89,1.0,32.6
2026-04-02,IF_MFG_004,5,20,17,89,1.0,23.14
2026-04-02,IF_PRC_001,60,70,23,89,1.0,53.97
2026-04-02,IF_PRC_002,25,55,7,89,1.0,30.21
2026-04-02,IF_PRC_003,5,15,14,89,1.0,21.88
2026-04-02,IF_ASM_001,60,85,43,89,1.0,56.19
2026-04-02,IF_ASM_002,60,80,28,89,1.0,54.41
2026-04-02,IF_DLV_001,100,100,50,89,1.0,70.79
2026-04-03,IF_ORD_001,100,90,49,88,1.0,73.35
2026-04-03,IF_PAY_001,100,100,31,88,1.0,72.94
2026-04-03,IF_PAY_002,25,30,22,88,1.0,27.58
2026-04-03,IF_ORD_002,100,90,39,88,1.0,68.19
2026-04-03,IF_ORD_003,60,80,24,88,1.0,52.08
2026-04-03,IF_MFG_001,60,75,36,88,1.0,57.01
2026-04-03,IF_MFG_002,25,65,29,88,1.0,40.56
2026-04-03,IF_MFG_003,25,35,24,88,1.0,30.7
2026-04-03,IF_MFG_004,5,20,15,88,1.0,18.61
2026-04-03,IF_PRC_001,60,70,43,88,1.0,55.63
2026-04-03,IF_PRC_002,25,55,19,88,1.0,33.38
2026-04-03,IF_PRC_003,5,15,11,88,1.0,18.27
2026-04-03,IF_ASM_001,60,85,38,88,1.0,58.08
2026-04-03,IF_ASM_002,60,80,24,88,1.0,54.42
2026-04-03,IF_DLV_001,100,100,29,88,1.0,70.12
2026-04-04,IF_ORD_001,100,90,52,87,1.0,71.1
2026-04-04,IF_PAY_001,100,100,38,87,1.0,75.08
2026-04-04,IF_PAY_002,25,30,25,87,1.0,25.72
2026-04-04,IF_ORD_002,100,90,31,87,1.0,75.33
2026-04-04,IF_ORD_003,60,80,33,87,1.0,61.74
2026-04-04,IF_MFG_001,60,75,19,87,1.0,51.17
2026-04-04,IF_MFG_002,25,65,19,87,1.0,40.08
2026-04-04,IF_MFG_003,25,35,19,87,1.0,28.21
2026-04-04,IF_MFG_004,5,20,8,87,1.0,15.42
2026-04-04,IF_PRC_001,60,70,32,87,1.0,59.39
2026-04-04,IF_PRC_002,25,55,10,87,1.0,37.01
2026-04-04,IF_PRC_003,5,15,12,87,1.0,17.02
2026-04-04,IF_ASM_001,60,85,28,87,1.0,53.7
2026-04-04,IF_ASM_002,60,80,25,87,1.0,56.7
2026-04-04,IF_DLV_001,100,100,42,87,1.0,78.79
2026-04-05,IF_ORD_001,100,90,27,86,1.0,67.46
2026-04-05,IF_PAY_001,100,100,42,86,1.0,76.45
2026-04-05,IF_PAY_002,25,30,17,86,1.0,34.4
2026-04-05,IF_ORD_002,100,90,40,86,1.0,72.69
2026-04-05,IF_ORD_003,60,80,34,86,1.0,46.87
2026-04-05,IF_MFG_001,60,75,31,86,1.0,52.41
2026-04-05,IF_MFG_002,25,65,8,86,1.0,30.94
2026-04-05,IF_MFG_003,25,35,10,86,1.0,31.43
2026-04-05,IF_MFG_004,5,20,10,86,1.0,17.54
2026-04-05,IF_PRC_001,60,70,25,86,1.0,45.82
2026-04-05,IF_PRC_002,25,55,22,86,1.0,37.92
2026-04-05,IF_PRC_003,5,15,16,86,1.0,20.02
2026-04-05,IF_ASM_001,60,85,43,86,1.0,61.69
2026-04-05,IF_ASM_002,60,80,32,86,1.0,58.89
2026-04-05,IF_DLV_001,100,100,36,86,1.0,74.01
2026-04-06,IF_ORD_001,100,90,54,85,1.0,74.07
2026-04-06,IF_PAY_001,100,100,31,85,1.0,72.85
2026-04-06,IF_PAY_002,25,30,20,85,1.0,26.62
2026-04-06,IF_ORD_002,100,90,15,85,1.0,67.11
2026-04-06,IF_ORD_003,60,80,15,85,1.0,51.7
2026-04-06,IF_MFG_001,60,75,29,85,1.0,53.4
2026-04-06,IF_MFG_002,25,65,15,85,1.0,40.7
2026-04-06,IF_MFG_003,25,35,18,85,1.0,29.63
2026-04-06,IF_MFG_004,5,20,13,85,1.0,17.64
2026-04-06,IF_PRC_001,60,70,34,85,1.0,51.62
2026-04-06,IF_PRC_002,25,55,14,85,1.0,36.36
2026-04-06,IF_PRC_003,5,15,8,85,1.0,15.93
2026-04-06,IF_ASM_001,60,85,44,85,1.0,60.25
2026-04-06,IF_ASM_002,60,80,21,85,1.0,49.73
2026-04-06,IF_DLV_001,100,100,37,85,1.0,77.47
2026-04-07,IF_ORD_001,100,90,38,84,1.0,69.04
2026-04-07,IF_PAY_001,100,100,58,84,1.0,75.32
2026-04-07,IF_PAY_002,25,30,10,84,1.0,29.58
2026-04-07,IF_ORD_002,100,90,36,84,1.0,75.75
2026-04-07,IF_ORD_003,60,80,38,84,1.0,54.43
2026-04-07,IF_MFG_001,60,75,16,84,1.0,52.99
2026-04-07,IF_MFG_002,25,65,12,84,1.0,38.98
2026-04-07,IF_MFG_003,25,35,15,84,1.0,27.54
2026-04-07,IF_MFG_004,5,20,5,84,1.0,24.32
2026-04-07,IF_PRC_001,60,70,46,84,1.0,55.79
2026-04-07,IF_PRC_002,25,55,15,84,1.0,38.91
2026-04-07,IF_PRC_003,5,15,13,84,1.0,24.33
2026-04-07,IF_ASM_001,60,85,38,84,1.0,58.27
2026-04-07,IF_ASM_002,60,80,34,84,1.0,52.6
2026-04-07,IF_DLV_001,100,100,46,84,1.0,74.67
2026-04-08,IF_ORD_001,100,90,36,83,1.0,72.62
2026-04-08,IF_PAY_001,100,100,53,83,1.0,76.91
2026-04-08,IF_PAY_002,25,30,12,83,1.0,25.8
2026-04-08,IF_ORD_002,100,90,60,83,1.0,68.92
2026-04-08,IF_ORD_003,60,80,23,83,1.0,50.75
2026-04-08,IF_MFG_001,60,75,36,83,1.0,56.22
2026-04-08,IF_MFG_002,25,65,23,83,1.0,41.13
2026-04-08,IF_MFG_003,25,35,15,83,1.0,36.74
2026-04-08,IF_MFG_004,5,20,16,83,1.0,24.19
2026-04-08,IF_PRC_001,60,70,22,83,1.0,49.93
2026-04-08,IF_PRC_002,25,55,12,83,1.0,33.12
2026-04-08,IF_PRC_003,5,15,10,83,1.0,18.13
2026-04-08,IF_ASM_001,60,85,105,83,1.0,60.55
2026-04-08,IF_ASM_002,60,80,35,83,1.0,53.26
2026-04-08,IF_DLV_001,100,100,37,83,1.0,80.35
2026-04-09,IF_ORD_001,100,90,42,82,1.0,76.44
2026-04-09,IF_PAY_001,100,100,39,82,1.0,72.99
2026-04-09,IF_PAY_002,25,30,22,82,1.0,26.96
2026-04-09,IF_ORD_002,100,90,32,82,1.0,68.87
2026-04-09,IF_ORD_003,60,80,17,82,1.0,50.91
2026-04-09,IF_MFG_001,60,75,22,82,1.0,50.92
2026-04-09,IF_MFG_002,25,65,25,82,1.0,40.61
2026-04-09,IF_MFG_003,25,35,45,82,1.0,31.79
2026-04-09,IF_MFG_004,5,20,13,82,1.0,22.97
2026-04-09,IF_PRC_001,60,70,28,82,1.0,54.87
2026-04-09,IF_PRC_002,25,55,18,82,1.0,36.4
2026-04-09,IF_PRC_003,5,15,8,82,1.0,22.81
2026-04-09,IF_ASM_001,60,85,41,82,1.0,55.82
2026-04-09,IF_ASM_002,60,80,32,82,1.0,52.88
2026-04-09,IF_DLV_001,100,100,60,82,1.0,74.53
2026-04-10,IF_ORD_001,100,90,52,81,1.0,73.38
2026-04-10,IF_PAY_001,100,100,59,81,1.0,76.4
2026-04-10,IF_PAY_002,25,30,20,81,1.0,24.17
2026-04-10,IF_ORD_002,100,90,31,81,1.0,70.88
2026-04-10,IF_ORD_003,60,80,25,81,1.0,53.29
2026-04-10,IF_MFG_001,60,75,38,81,1.0,53.51
2026-04-10,IF_MFG_002,25,65,15,81,1.0,36.37
2026-04-10,IF_MFG_003,25,35,20,81,1.0,27.09
2026-04-10,IF_MFG_004,5,20,9,81,1.0,19.94
2026-04-10,IF_PRC_001,60,70,28,81,1.0,50.17
2026-04-10,IF_PRC_002,25,55,11,81,1.0,36.06
2026-04-10,IF_PRC_003,5,15,11,81,1.0,19.19
2026-04-10,IF_ASM_001,60,85,39,81,1.0,60.11
2026-04-10,IF_ASM_002,60,80,35,81,1.0,55.83
2026-04-10,IF_DLV_001,100,100,46,81,1.0,73.64
2026-04-11,IF_ORD_001,100,90,43,80,1.0,70.34
2026-04-11,IF_PAY_001,100,100,48,80,1.0,75.88
2026-04-11,IF_PAY_002,25,30,78,80,1.0,34.28
2026-04-11,IF_ORD_002,100,90,52,80,1.0,74.51
2026-04-11,IF_ORD_003,60,80,19,80,1.0,50.52
2026-04-11,IF_MFG_001,60,75,46,80,1.0,52.55
2026-04-11,IF_MFG_002,25,65,22,80,1.0,42.06
2026-04-11,IF_MFG_003,25,35,13,80,1.0,32.3
2026-04-11,IF_MFG_004,5,20,6,80,1.0,14.99
2026-04-11,IF_PRC_001,60,70,22,80,1.0,44.54
2026-04-11,IF_PRC_002,25,55,17,80,1.0,32.61
2026-04-11,IF_PRC_003,5,15,9,80,1.0,12.87
2026-04-11,IF_ASM_001,60,85,34,80,1.0,60.52
2026-04-11,IF_ASM_002,60,80,33,80,1.0,59.47
2026-04-11,IF_DLV_001,100,100,37,80,1.0,71.86
2026-04-12,IF_ORD_001,100,90,45,79,1.0,73.19
2026-04-12,IF_PAY_001,100,100,38,79,1.0,78.32
2026-04-12,IF_PAY_002,25,30,23,79,1.0,31.02
2026-04-12,IF_ORD_002,100,90,34,79,1.0,75.15
2026-04-12,IF_ORD_003,60,80,29,79,1.0,55.04
2026-04-12,IF_MFG_001,60,75,48,79,1.0,58.78
2026-04-12,IF_MFG_002,25,65,23,79,1.0,38.54
2026-04-12,IF_MFG_003,25,35,15,79,1.0,30.71
2026-04-12,IF_MFG_004,5,20,15,79,1.0,22.55
2026-04-12,IF_PRC_001,60,70,42,79,1.0,55.56
2026-04-12,IF_PRC_002,25,55,16,79,1.0,37.07
2026-04-12,IF_PRC_003,5,15,14,79,1.0,14.72
2026-04-12,IF_ASM_001,60,85,22,79,1.0,53.46
2026-04-12,IF_ASM_002,60,80,19,79,1.0,55.23
2026-04-12,IF_DLV_001,100,100,40,79,1.0,74.6
2026-04-13,IF_ORD_001,100,90,52,78,1.0,67.45
2026-04-13,IF_PAY_001,100,100,34,78,1.0,69.79
2026-04-13,IF_PAY_002,25,30,17,78,1.0,32.07
2026-04-13,IF_ORD_002,100,90,50,78,1.0,73.51
2026-04-13,IF_ORD_003,60,80,46,78,1.0,57.37
2026-04-13,IF_MFG_001,60,75,22,78,1.0,52.88
2026-04-13,IF_MFG_002,25,65,14,78,1.0,38.46
2026-04-13,IF_MFG_003,25,35,27,78,1.0,34.16
2026-04-13,IF_MFG_004,5,20,6,78,1.0,17.23
2026-04-13,IF_PRC_001,60,70,25,78,1.0,49.01
2026-04-13,IF_PRC_002,25,55,32,78,1.0,41.51
2026-04-13,IF_PRC_003,5,15,23,78,1.0,20.3
2026-04-13,IF_ASM_001,60,85,34,78,1.0,59.78
2026-04-13,IF_ASM_002,60,80,17,78,1.0,50.13
2026-04-13,IF_DLV_001,100,100,37,78,1.0,79.71
2026-04-14,IF_ORD_001,100,90,70,77,1.0,71.53
2026-04-14,IF_PAY_001,100,100,43,77,1.0,73.9
2026-04-14,IF_PAY_002,25,30,18,77,1.0,24.85
2026-04-14,IF_ORD_002,100,90,52,77,1.0,72.76
2026-04-14,IF_ORD_003,60,80,26,77,1.0,55.38
2026-04-14,IF_MFG_001,60,75,15,77,1.0,49.96
2026-04-14,IF_MFG_002,25,65,16,77,1.0,35.34
2026-04-14,IF_MFG_003,25,35,18,77,1.0,29.99
2026-04-14,IF_MFG_004,5,20,15,77,1.0,19.06
2026-04-14,IF_PRC_001,60,70,31,77,1.0,50.68
2026-04-14,IF_PRC_002,25,55,12,77,1.0,38.82
2026-04-14,IF_PRC_003,5,15,11,77,1.0,16.34
2026-04-14,IF_ASM_001,60,85,33,77,1.0,55.3
2026-04-14,IF_ASM_002,60,80,25,77,1.0,50.94
2026-04-14,IF_DLV_001,100,100,48,77,1.0,72.55
2026-04-15,IF_ORD_001,100,90,37,76,1.0,70.88
2026-04-15,IF_PAY_001,100,100,61,76,1.0,76.46
2026-04-15,IF_PAY_002,25,30,16,76,1.0,29.97
2026-04-15,IF_ORD_002,100,90,48,76,1.0,70.37
2026-04-15,IF_ORD_003,60,80,36,76,1.0,56.08
2026-04-15,IF_MFG_001,60,75,31,76,1.0,57.59
2026-04-15,IF_MFG_002,25,65,15,76,1.0,35.57
2026-04-15,IF_MFG_003,25,35,11,76,1.0,27.02
2026-04-15,IF_MFG_004,5,20,10,76,1.0,19.82
2026-04-15,IF_PRC_001,60,70,14,76,1.0,47.43
2026-04-15,IF_PRC_002,25,55,8,76,1.0,31.82
2026-04-15,IF_PRC_003,5,15,4,76,1.0,16.27
2026-04-15,IF_ASM_001,60,85,18,76,1.0,44.89
2026-04-15,IF_ASM_002,60,80,31,76,1.0,56.07
2026-04-15,IF_DLV_001,100,100,44,76,1.0,70.59
2026-04-16,IF_ORD_001,100,90,48,75,1.0,71.76
2026-04-16,IF_PAY_001,100,100,50,75,1.0,75.51
2026-04-16,IF_PAY_002,25,30,18,75,1.0,29.65
2026-04-16,IF_ORD_002,100,90,62,75,1.0,71.23
2026-04-16,IF_ORD_003,60,80,35,75,1.0,61.23
2026-04-16,IF_MFG_001,60,75,22,75,1.0,47.84
2026-04-16,IF_MFG_002,25,65,18,75,1.0,41.36
2026-04-16,IF_MFG_003,25,35,12,75,1.0,31.96
2026-04-16,IF_MFG_004,5,20,7,75,1.0,8.6
2026-04-16,IF_PRC_001,60,70,23,75,1.0,53.09
2026-04-16,IF_PRC_002,25,55,16,75,1.0,34.04
2026-04-16,IF_PRC_003,5,15,10,75,1.0,10.57
2026-04-16,IF_ASM_001,60,85,18,75,1.0,51.02
2026-04-16,IF_ASM_002,60,80,23,75,1.0,50.69
2026-04-16,IF_DLV_001,100,100,20,75,1.0,69.83
2026-04-17,IF_ORD_001,100,90,44,74,1.0,72.7
2026-04-17,IF_PAY_001,100,100,42,74,1.0,77.44
2026-04-17,IF_PAY_002,25,30,11,74,1.0,26.67
2026-04-17,IF_ORD_002,100,90,41,74,1.0,70.02
2026-04-17,IF_ORD_003,60,80,31,74,1.0,53.0
2026-04-17,IF_MFG_001,60,75,24,74,1.0,59.05
2026-04-17,IF_MFG_002,25,65,16,74,1.0,36.18
2026-04-17,IF_MFG_003,25,35,17,74,1.0,32.67
2026-04-17,IF_MFG_004,5,20,11,74,1.0,24.62
2026-04-17,IF_PRC_001,60,70,20,74,1.0,55.02
2026-04-17,IF_PRC_002,25,55,25,74,1.0,34.57
2026-04-17,IF_PRC_003,5,15,6,74,1.0,12.65
2026-04-17,IF_ASM_001,60,85,31,74,1.0,59.62
2026-04-17,IF_ASM_002,60,80,17,74,1.0,51.55
2026-04-17,IF_DLV_001,100,100,37,74,1.0,70.78
2026-04-18,IF_ORD_001,100,90,35,73,1.0,70.7
2026-04-18,IF_PAY_001,100,100,35,73,1.0,78.16
2026-04-18,IF_PAY_002,25,30,23,73,1.0,32.07
2026-04-18,IF_ORD_002,100,90,42,73,1.0,69.94
2026-04-18,IF_ORD_003,60,80,40,73,1.0,60.96
2026-04-18,IF_MFG_001,60,75,30,73,1.0,49.17
2026-04-18,IF_MFG_002,25,65,22,73,1.0,34.36
2026-04-18,IF_MFG_003,25,35,12,73,1.0,28.33
2026-04-18,IF_MFG_004,5,20,11,73,1.0,21.88
2026-04-18,IF_PRC_001,60,70,39,73,1.0,48.89
2026-04-18,IF_PRC_002,25,55,14,73,1.0,31.39
2026-04-18,IF_PRC_003,5,15,8,73,1.0,19.35
2026-04-18,IF_ASM_001,60,85,53,73,1.0,55.79
2026-04-18,IF_ASM_002,60,80,28,73,1.0,53.39
2026-04-18,IF_DLV_001,100,100,49,73,1.0,76.75
2026-04-19,IF_ORD_001,100,90,25,72,1.0,68.43
2026-04-19,IF_PAY_001,100,100,25,72,1.0,69.76
2026-04-19,IF_PAY_002,25,30,21,72,1.0,29.66
2026-04-19,IF_ORD_002,100,90,176,72,1.0,79.73
2026-04-19,IF_ORD_003,60,80,17,72,1.0,45.16
2026-04-19,IF_MFG_001,60,75,26,72,1.0,46.63
2026-04-19,IF_MFG_002,25,65,20,72,1.0,40.64
2026-04-19,IF_MFG_003,25,35,18,72,1.0,33.46
2026-04-19,IF_MFG_004,5,20,8,72,1.0,16.94
2026-04-19,IF_PRC_001,60,70,30,72,1.0,55.52
2026-04-19,IF_PRC_002,25,55,13,72,1.0,35.05
2026-04-19,IF_PRC_003,5,15,12,72,1.0,15.2
2026-04-19,IF_ASM_001,60,85,34,72,1.0,56.47
2026-04-19,IF_ASM_002,60,80,28,72,1.0,57.67
2026-04-19,IF_DLV_001,100,100,36,72,1.0,76.48
2026-04-20,IF_ORD_001,100,90,45,71,1.0,67.17
2026-04-20,IF_PAY_001,100,100,56,71,1.0,75.23
2026-04-20,IF_PAY_002,25,30,17,71,1.0,26.76
2026-04-20,IF_ORD_002,100,90,59,71,1.0,74.08
2026-04-20,IF_ORD_003,60,80,31,71,1.0,54.14
2026-04-20,IF_MFG_001,60,75,23,71,1.0,48.79
2026-04-20,IF_MFG_002,25,65,15,71,1.0,39.02
2026-04-20,IF_MFG_003,25,35,22,71,1.0,33.4
2026-04-20,IF_MFG_004,5,20,9,71,1.0,13.91
2026-04-20,IF_PRC_001,60,70,20,71,1.0,55.75
2026-04-20,IF_PRC_002,25,55,18,71,1.0,36.78
2026-04-20,IF_PRC_003,5,15,5,71,1.0,13.44
2026-04-20,IF_ASM_001,60,85,23,71,1.0,51.83
2026-04-20,IF_ASM_002,60,80,28,71,1.0,54.67
2026-04-20,IF_DLV_001,100,100,53,71,1.0,74.73
2026-04-21,IF_ORD_001,100,90,59,70,1.0,69.7
2026-04-21,IF_PAY_001,100,100,42,70,1.0,73.33
2026-04-21,IF_PAY_002,25,30,19,70,1.0,20.8
2026-04-21,IF_ORD_002,100,90,42,70,1.0,74.03
2026-04-21,IF_ORD_003,60,80,28,70,1.0,55.35
2026-04-21,IF_MFG_001,60,75,48,70,1.0,52.77
2026-04-21,IF_MFG_002,25,65,21,70,1.0,40.21
2026-04-21,IF_MFG_003,25,35,9,70,1.0,31.24
2026-04-21,IF_MFG_004,5,20,14,70,1.0,20.17
2026-04-21,IF_PRC_001,60,70,35,70,1.0,53.56
2026-04-21,IF_PRC_002,25,55,22,70,1.0,38.26
2026-04-21,IF_PRC_003,5,15,9,70,1.0,18.64
2026-04-21,IF_ASM_001,60,85,41,70,1.0,59.63
2026-04-21,IF_ASM_002,60,80,16,70,1.0,51.88
2026-04-21,IF_DLV_001,100,100,39,70,1.0,74.84
2026-04-22,IF_ORD_001,100,90,22,69,1.0,69.24
2026-04-22,IF_PAY_001,100,100,38,69,1.0,67.36
2026-04-22,IF_PAY_002,25,30,23,69,1.0,33.19
2026-04-22,IF_ORD_002,100,90,47,69,1.0,76.57
2026-04-22,IF_ORD_003,60,80,21,69,1.0,53.62
2026-04-22,IF_MFG_001,60,75,31,69,1.0,48.92
2026-04-22,IF_MFG_002,25,65,15,69,1.0,38.79
2026-04-22,IF_MFG_003,25,35,23,69,1.0,32.95
2026-04-22,IF_MFG_004,5,20,9,69,1.0,16.64
2026-04-22,IF_PRC_001,60,70,43,69,1.0,55.31
2026-04-22,IF_PRC_002,25,55,9,69,1.0,31.95
2026-04-22,IF_PRC_003,5,15,10,69,1.0,12.42
2026-04-22,IF_ASM_001,60,85,31,69,1.0,63.3
2026-04-22,IF_ASM_002,60,80,23,69,1.0,53.87
2026-04-22,IF_DLV_001,100,100,40,69,1.0,72.51
2026-04-23,IF_ORD_001,100,90,43,68,1.0,70.89
2026-04-23,IF_PAY_001,100,100,20,68,1.0,69.34
2026-04-23,IF_PAY_002,25,30,14,68,1.0,29.51
2026-04-23,IF_ORD_002,100,90,171,68,1.0,79.69
2026-04-23,IF_ORD_003,60,80,29,68,1.0,52.97
2026-04-23,IF_MFG_001,60,75,19,68,1.0,53.35
2026-04-23,IF_MFG_002,25,65,10,68,1.0,36.11
2026-04-23,IF_MFG_003,25,35,16,68,1.0,30.41
2026-04-23,IF_MFG_004,5,20,13,68,1.0,20.01
2026-04-23,IF_PRC_001,60,70,16,68,1.0,49.05
2026-04-23,IF_PRC_002,25,55,12,68,1.0,33.36
2026-04-23,IF_PRC_003,5,15,12,68,1.0,16.2
2026-04-23,IF_ASM_001,60,85,30,68,1.0,57.71
2026-04-23,IF_ASM_002,60,80,27,68,1.0,51.56
2026-04-23,IF_DLV_001,100,100,37,68,1.0,71.59
2026-04-24,IF_ORD_001,100,90,127,67,1.0,75.88
2026-04-24,IF_PAY_001,100,100,48,67,1.0,69.34
2026-04-24,IF_PAY_002,25,30,31,67,1.0,31.13
2026-04-24,IF_ORD_002,100,90,26,67,1.0,72.36
2026-04-24,IF_ORD_003,60,80,37,67,1.0,52.29
2026-04-24,IF_MFG_001,60,75,16,67,1.0,51.64
2026-04-24,IF_MFG_002,25,65,27,67,1.0,39.73
2026-04-24,IF_MFG_003,25,35,19,67,1.0,30.77
2026-04-24,IF_MFG_004,5,20,12,67,1.0,19.15
2026-04-24,IF_PRC_001,60,70,18,67,1.0,45.89
2026-04-24,IF_PRC_002,25,55,19,67,1.0,38.27
2026-04-24,IF_PRC_003,5,15,13,67,1.0,11.77
2026-04-24,IF_ASM_001,60,85,34,67,1.0,54.63
2026-04-24,IF_ASM_002,60,80,29,67,1.0,56.26
2026-04-24,IF_DLV_001,100,100,48,67,1.0,75.38
2026-04-25,IF_ORD_001,100,90,49,66,1.0,76.99
2026-04-25,IF_PAY_001,100,100,51,66,1.0,76.29
2026-04-25,IF_PAY_002,25,30,17,66,1.0,30.38
2026-04-25,IF_ORD_002,100,90,41,66,1.0,70.39
2026-04-25,IF_ORD_003,60,80,31,66,1.0,56.78
2026-04-25,IF_MFG_001,60,75,36,66,1.0,54.96
2026-04-25,IF_MFG_002,25,65,14,66,1.0,35.4
2026-04-25,IF_MFG_003,25,35,11,66,1.0,25.32
2026-04-25,IF_MFG_004,5,20,14,66,1.0,24.7
2026-04-25,IF_PRC_001,60,70,29,66,1.0,52.63
2026-04-25,IF_PRC_002,25,55,16,66,1.0,37.67
2026-04-25,IF_PRC_003,5,15,6,66,1.0,15.59
2026-04-25,IF_ASM_001,60,85,34,66,1.0,59.25
2026-04-25,IF_ASM_002,60,80,13,66,1.0,50.32
2026-04-25,IF_DLV_001,100,100,41,66,1.0,77.07
2026-04-26,IF_ORD_001,100,90,27,65,1.0,66.7
2026-04-26,IF_PAY_001,100,100,49,65,1.0,74.03
2026-04-26,IF_PAY_002,25,30,10,65,1.0,28.3
2026-04-26,IF_ORD_002,100,90,44,65,1.0,72.63
2026-04-26,IF_ORD_003,60,80,33,65,1.0,56.24
2026-04-26,IF_MFG_001,60,75,31,65,1.0,54.4
2026-04-26,IF_MFG_002,25,65,46,65,1.0,39.61
2026-04-26,IF_MFG_003,25,35,23,65,1.0,33.88
2026-04-26,IF_MFG_004,5,20,8,65,1.0,16.91
2026-04-26,IF_PRC_001,60,70,21,65,1.0,54.99
2026-04-26,IF_PRC_002,25,55,15,65,1.0,34.77
2026-04-26,IF_PRC_003,5,15,8,65,1.0,15.28
2026-04-26,IF_ASM_001,60,85,97,65,1.0,63.29
2026-04-26,IF_ASM_002,60,80,37,65,1.0,58.65
2026-04-26,IF_DLV_001,100,100,53,65,1.0,75.34
2026-04-27,IF_ORD_001,100,90,31,64,1.0,68.94
2026-04-27,IF_PAY_001,100,100,47,64,1.0,78.99
2026-04-27,IF_PAY_002,25,30,14,64,1.0,30.6
2026-04-27,IF_ORD_002,100,90,33,64,1.0,72.6
2026-04-27,IF_ORD_003,60,80,26,64,1.0,55.33
2026-04-27,IF_MFG_001,60,75,43,64,1.0,53.98
2026-04-27,IF_MFG_002,25,65,23,64,1.0,35.41
2026-04-27,IF_MFG_003,25,35,8,64,1.0,30.2
2026-04-27,IF_MFG_004,5,20,9,64,1.0,15.6
2026-04-27,IF_PRC_001,60,70,25,64,1.0,50.88
2026-04-27,IF_PRC_002,25,55,16,64,1.0,32.59
2026-04-27,IF_PRC_003,5,15,6,64,1.0,14.31
2026-04-27,IF_ASM_001,60,85,20,64,1.0,51.16
2026-04-27,IF_ASM_002,60,80,100,64,1.0,61.96
2026-04-27,IF_DLV_001,100,100,53,64,1.0,73.86
2026-04-28,IF_ORD_001,100,90,16,63,1.0,66.95
2026-04-28,IF_PAY_001,100,100,42,63,1.0,73.49
2026-04-28,IF_PAY_002,25,30,23,63,1.0,29.65
2026-04-28,IF_ORD_002,100,90,46,63,1.0,69.31
2026-04-28,IF_ORD_003,60,80,40,63,1.0,56.06
2026-04-28,IF_MFG_001,60,75,30,63,1.0,55.24
2026-04-28,IF_MFG_002,25,65,8,63,1.0,29.91
2026-04-28,IF_MFG_003,25,35,19,63,1.0,30.28
2026-04-28,IF_MFG_004,5,20,9,63,1.0,16.14
2026-04-28,IF_PRC_001,60,70,16,63,1.0,52.86
2026-04-28,IF_PRC_002,25,55,16,63,1.0,35.26
2026-04-28,IF_PRC_003,5,15,4,63,1.0,11.36
2026-04-28,IF_ASM_001,60,85,17,63,1.0,57.26
2026-04-28,IF_ASM_002,60,80,19,63,1.0,56.14
2026-04-28,IF_DLV_001,100,100,37,63,1.0,81.27
2026-04-29,IF_ORD_001,100,90,59,62,1.0,72.59
2026-04-29,IF_PAY_001,100,100,61,62,1.0,81.14
2026-04-29,IF_PAY_002,25,30,26,62,1.0,28.4
2026-04-29,IF_ORD_002,100,90,170,62,1.0,74.64
2026-04-29,IF_ORD_003,60,80,21,62,1.0,55.35
2026-04-29,IF_MFG_001,60,75,24,62,1.0,57.77
2026-04-29,IF_MFG_002,25,65,19,62,1.0,35.51
2026-04-29,IF_MFG_003,25,35,15,62,1.0,32.51
2026-04-29,IF_MFG_004,5,20,6,62,1.0,18.6
2026-04-29,IF_PRC_001,60,70,26,62,1.0,47.31
2026-04-29,IF_PRC_002,25,55,22,62,1.0,33.68
2026-04-29,IF_PRC_003,5,15,14,62,1.0,17.11
2026-04-29,IF_ASM_001,60,85,39,62,1.0,59.44
2026-04-29,IF_ASM_002,60,80,40,62,1.0,52.62
2026-04-29,IF_DLV_001,100,100,48,62,1.0,71.08
2026-04-30,IF_ORD_001,100,90,50,61,1.0,70.84
2026-04-30,IF_PAY_001,100,100,41,61,1.0,68.37
2026-04-30,IF_PAY_002,25,30,24,61,1.0,28.92
2026-04-30,IF_ORD_002,100,90,31,61,1.0,66.09
2026-04-30,IF_ORD_003,60,80,37,61,1.0,58.9
2026-04-30,IF_MFG_001,60,75,35,61,1.0,54.2
2026-04-30,IF_MFG_002,25,65,21,61,1.0,40.38
2026-04-30,IF_MFG_003,25,35,16,61,1.0,30.38
2026-04-30,IF_MFG_004,5,20,13,61,1.0,24.35
2026-04-30,IF_PRC_001,60,70,27,61,1.0,56.66
2026-04-30,IF_PRC_002,25,55,16,61,1.0,36.98
2026-04-30,IF_PRC_003,5,15,12,61,1.0,21.23
2026-04-30,IF_ASM_001,60,85,25,61,1.0,50.92
2026-04-30,IF_ASM_002,60,80,30,61,1.0,56.08
2026-04-30,IF_DLV_001,100,100,47,61,1.0,76.43
2026-05-01,IF_ORD_001,100,90,31,60,1.0,67.22
2026-05-01,IF_PAY_001,100,100,37,60,1.0,74.36
2026-05-01,IF_PAY_002,25,30,19,60,1.0,26.68
2026-05-01,IF_ORD_002,100,90,31,60,1.0,68.59
2026-05-01,IF_ORD_003,60,80,19,60,1.0,52.83
2026-05-01,IF_MFG_001,60,75,21,60,1.0,52.98
2026-05-01,IF_MFG_002,25,65,22,60,1.0,39.31
2026-05-01,IF_MFG_003,25,35,11,60,1.0,26.01
2026-05-01,IF_MFG_004,5,20,7,60,1.0,11.18
2026-05-01,IF_PRC_001,60,70,33,60,1.0,55.96
2026-05-01,IF_PRC_002,25,55,15,60,1.0,37.53
2026-05-01,IF_PRC_003,5,15,11,60,1.0,18.1
2026-05-01,IF_ASM_001,60,85,31,60,1.0,56.46
2026-05-01,IF_ASM_002,60,80,26,60,1.0,53.51
2026-05-01,IF_DLV_001,100,100,34,60,1.0,72.82
2026-05-02,IF_ORD_001,100,90,50,59,1.0,71.97
2026-05-02,IF_PAY_001,100,100,45,59,1.0,74.02
2026-05-02,IF_PAY_002,25,30,9,59,1.0,31.07
2026-05-02,IF_ORD_002,100,90,50,59,1.0,73.51
2026-05-02,IF_ORD_003,60,80,16,59,1.0,50.28
2026-05-02,IF_MFG_001,60,75,183,59,1.0,54.53
2026-05-02,IF_MFG_002,25,65,20,59,1.0,35.21
2026-05-02,IF_MFG_003,25,35,9,59,1.0,28.99
2026-05-02,IF_MFG_004,5,20,10,59,1.0,17.64
2026-05-02,IF_PRC_001,60,70,21,59,1.0,57.53
2026-05-02,IF_PRC_002,25,55,28,59,1.0,39.4
2026-05-02,IF_PRC_003,5,15,6,59,1.0,11.21
2026-05-02,IF_ASM_001,60,85,36,59,1.0,61.46
2026-05-02,IF_ASM_002,60,80,40,59,1.0,53.57
2026-05-02,IF_DLV_001,100,100,44,59,1.0,74.4
2026-05-03,IF_ORD_001,100,90,49,58,1.001,74.45
2026-05-03,IF_PAY_001,100,100,49,58,1.001,77.8
2026-05-03,IF_PAY_002,25,30,18,58,1.001,30.56
2026-05-03,IF_ORD_002,100,90,24,58,1.001,72.24
2026-05-03,IF_ORD_003,60,80,25,58,1.001,57.62
2026-05-03,IF_MFG_001,60,75,38,58,1.001,60.38
2026-05-03,IF_MFG_002,25,65,16,58,1.001,32.11
2026-05-03,IF_MFG_003,25,35,12,58,1.001,23.6
2026-05-03,IF_MFG_004,5,20,2,58,1.001,8.87
2026-05-03,IF_PRC_001,60,70,28,58,1.001,46.15
2026-05-03,IF_PRC_002,25,55,16,58,1.001,33.36
2026-05-03,IF_PRC_003,5,15,6,58,1.001,11.5
2026-05-03,IF_ASM_001,60,85,35,58,1.001,56.94
2026-05-03,IF_ASM_002,60,80,32,58,1.001,56.18
2026-05-03,IF_DLV_001,100,100,36,58,1.001,73.9
2026-05-04,IF_ORD_001,100,90,41,57,1.001,72.97
2026-05-04,IF_PAY_001,100,100,48,57,1.001,72.52
2026-05-04,IF_PAY_002,25,30,15,57,1.001,28.08
2026-05-04,IF_ORD_002,100,90,28,57,1.001,72.46
2026-05-04,IF_ORD_003,60,80,31,57,1.001,49.05
2026-05-04,IF_MFG_001,60,75,161,57,1.001,62.02
2026-05-04,IF_MFG_002,25,65,17,57,1.001,43.65
2026-05-04,IF_MFG_003,25,35,14,57,1.001,27.93
2026-05-04,IF_MFG_004,5,20,5,57,1.001,13.59
2026-05-04,IF_PRC_001,60,70,48,57,1.001,56.94
2026-05-04,IF_PRC_002,25,55,15,57,1.001,34.51
2026-05-04,IF_PRC_003,5,15,12,57,1.001,13.77
2026-05-04,IF_ASM_001,60,85,35,57,1.001,59.07
2026-05-04,IF_ASM_002,60,80,26,57,1.001,55.62
2026-05-04,IF_DLV_001,100,100,36,57,1.001,73.27
2026-05-05,IF_ORD_001,100,90,45,56,1.001,68.36
2026-05-05,IF_PAY_001,100,100,58,56,1.001,73.56
2026-05-05,IF_PAY_002,25,30,24,56,1.001,32.2
2026-05-05,IF_ORD_002,100,90,45,56,1.001,71.98
2026-05-05,IF_ORD_003,60,80,16,56,1.001,53.77
2026-05-05,IF_MFG_001,60,75,102,56,1.001,68.24
2026-05-05,IF_MFG_002,25,65,7,56,1.001,33.84
2026-05-05,IF_MFG_003,25,35,14,56,1.001,33.05
2026-05-05,IF_MFG_004,5,20,9,56,1.001,19.16
2026-05-05,IF_PRC_001,60,70,21,56,1.001,49.61
2026-05-05,IF_PRC_002,25,55,19,56,1.001,33.67
2026-05-05,IF_PRC_003,5,15,10,56,1.001,16.81
2026-05-05,IF_ASM_001,60,85,38,56,1.001,56.18
2026-05-05,IF_ASM_002,60,80,150,56,1.001,67.72
2026-05-05,IF_DLV_001,100,100,18,56,1.001,70.95
2026-05-06,IF_ORD_001,100,90,35,55,1.001,75.53
2026-05-06,IF_PAY_001,100,100,42,55,1.001,69.33
2026-05-06,IF_PAY_002,25,30,11,55,1.001,27.77
2026-05-06,IF_ORD_002,100,90,32,55,1.001,71.46
2026-05-06,IF_ORD_003,60,80,23,55,1.001,48.18
2026-05-06,IF_MFG_001,60,75,28,55,1.001,57.7
2026-05-06,IF_MFG_002,25,65,13,55,1.001,31.41
2026-05-06,IF_MFG_003,25,35,18,55,1.001,31.88
2026-05-06,IF_MFG_004,5,20,6,55,1.001,12.74
2026-05-06,IF_PRC_001,60,70,124,55,1.001,58.19
2026-05-06,IF_PRC_002,25,55,11,55,1.001,32.73
2026-05-06,IF_PRC_003,5,15,9,55,1.001,18.36
2026-05-06,IF_ASM_001,60,85,39,55,1.001,52.53
2026-05-06,IF_ASM_002,60,80,15,55,1.001,53.07
2026-05-06,IF_DLV_001,100,100,34,55,1.001,67.82
2026-05-07,IF_ORD_001,100,90,40,54,1.001,74.35
2026-05-07,IF_PAY_001,100,100,37,54,1.001,69.13
2026-05-07,IF_PAY_002,25,30,11,54,1.001,28.69
2026-05-07,IF_ORD_002,100,90,23,54,1.001,69.96
2026-05-07,IF_ORD_003,60,80,37,54,1.001,58.32
2026-05-07,IF_MFG_001,60,75,34,54,1.001,54.27
2026-05-07,IF_MFG_002,25,65,40,54,1.001,47.59
2026-05-07,IF_MFG_003,25,35,15,54,1.001,29.33
2026-05-07,IF_MFG_004,5,20,10,54,1.001,13.67
2026-05-07,IF_PRC_001,60,70,33,54,1.001,50.25
2026-05-07,IF_PRC_002,25,55,17,54,1.001,41.09
2026-05-07,IF_PRC_003,5,15,7,54,1.001,14.37
2026-05-07,IF_ASM_001,60,85,35,54,1.001,60.93
2026-05-07,IF_ASM_002,60,80,15,54,1.001,53.79
2026-05-07,IF_DLV_001,100,100,37,54,1.001,67.34
2026-05-08,IF_ORD_001,100,90,54,53,1.001,73.77
2026-05-08,IF_PAY_001,100,100,61,53,1.001,74.86
2026-05-08,IF_PAY_002,25,30,19,53,1.001,29.33
2026-05-08,IF_ORD_002,100,90,36,53,1.001,69.16
2026-05-08,IF_ORD_003,60,80,22,53,1.001,47.61
2026-05-08,IF_MFG_001,60,75,33,53,1.001,55.96
2026-05-08,IF_MFG_002,25,65,19,53,1.001,37.62
2026-05-08,IF_MFG_003,25,35,7,53,1.001,23.81
2026-05-08,IF_MFG_004,5,20,10,53,1.001,25.27
2026-05-08,IF_PRC_001,60,70,32,53,1.001,56.0
2026-05-08,IF_PRC_002,25,55,13,53,1.001,37.16
2026-05-08,IF_PRC_003,5,15,8,53,1.001,21.23
2026-05-08,IF_ASM_001,60,85,36,53,1.001,54.71
2026-05-08,IF_ASM_002,60,80,30,53,1.001,55.5
2026-05-08,IF_DLV_001,100,100,26,53,1.001,71.01
2026-05-09,IF_ORD_001,100,90,48,52,1.001,77.96
2026-05-09,IF_PAY_001,100,100,34,52,1.001,79.05
2026-05-09,IF_PAY_002,25,30,17,52,1.001,29.68
2026-05-09,IF_ORD_002,100,90,61,52,1.001,71.89
2026-05-09,IF_ORD_003,60,80,16,52,1.001,49.62
2026-05-09,IF_MFG_001,60,75,122,52,1.001,64.16
2026-05-09,IF_MFG_002,25,65,12,52,1.001,33.34
2026-05-09,IF_MFG_003,25,35,21,52,1.001,31.39
2026-05-09,IF_MFG_004,5,20,14,52,1.001,16.2
2026-05-09,IF_PRC_001,60,70,26,52,1.001,49.14
2026-05-09,IF_PRC_002,25,55,27,52,1.001,38.05
2026-05-09,IF_PRC_003,5,15,11,52,1.001,19.43
2026-05-09,IF_ASM_001,60,85,17,52,1.001,56.23
2026-05-09,IF_ASM_002,60,80,41,52,1.001,54.88
2026-05-09,IF_DLV_001,100,100,53,52,1.001,76.14
2026-05-10,IF_ORD_001,100,90,41,51,1.001,72.45
2026-05-10,IF_PAY_001,100,100,47,51,1.001,73.47
2026-05-10,IF_PAY_002,25,30,10,51,1.001,26.95
2026-05-10,IF_ORD_002,100,90,39,51,1.001,71.98
2026-05-10,IF_ORD_003,60,80,37,51,1.001,50.7
2026-05-10,IF_MFG_001,60,75,37,51,1.001,53.25
2026-05-10,IF_MFG_002,25,65,14,51,1.001,36.11
2026-05-10,IF_MFG_003,25,35,21,51,1.001,26.69
2026-05-10,IF_MFG_004,5,20,10,51,1.001,20.91
2026-05-10,IF_PRC_001,60,70,26,51,1.001,46.49
2026-05-10,IF_PRC_002,25,55,13,51,1.001,35.44
2026-05-10,IF_PRC_003,5,15,8,51,1.001,17.07
2026-05-10,IF_ASM_001,60,85,34,51,1.001,53.83
2026-05-10,IF_ASM_002,60,80,41,51,1.001,55.59
2026-05-10,IF_DLV_001,100,100,62,51,1.001,70.37
2026-05-11,IF_ORD_001,100,90,27,50,1.002,70.74
2026-05-11,IF_PAY_001,100,100,54,50,1.002,73.04
2026-05-11,IF_PAY_002,25,30,23,50,1.002,28.58
2026-05-11,IF_ORD_002,100,90,52,50,1.002,69.81
2026-05-11,IF_ORD_003,60,80,39,50,1.002,53.87
2026-05-11,IF_MFG_001,60,75,38,50,1.002,52.5
2026-05-11,IF_MFG_002,25,65,18,50,1.002,33.57
2026-05-11,IF_MFG_003,25,35,20,50,1.002,31.02
2026-05-11,IF_MFG_004,5,20,6,50,1.002,21.46
2026-05-11,IF_PRC_001,60,70,32,50,1.002,52.54
2026-05-11,IF_PRC_002,25,55,25,50,1.002,33.9
2026-05-11,IF_PRC_003,5,15,7,50,1.002,20.74
2026-05-11,IF_ASM_001,60,85,37,50,1.002,56.78
2026-05-11,IF_ASM_002,60,80,102,50,1.002,62.98
2026-05-11,IF_DLV_001,100,100,49,50,1.002,71.37
2026-05-12,IF_ORD_001,100,90,71,49,1.002,73.83
2026-05-12,IF_PAY_001,100,100,29,49,1.002,68.83
2026-05-12,IF_PAY_002,25,30,22,49,1.002,28.75
2026-05-12,IF_ORD_002,100,90,24,49,1.002,68.45
2026-05-12,IF_ORD_003,60,80,48,49,1.002,55.05
2026-05-12,IF_MFG_001,60,75,26,49,1.002,56.82
2026-05-12,IF_MFG_002,25,65,9,49,1.002,37.78
2026-05-12,IF_MFG_003,25,35,72,49,1.002,39.23
2026-05-12,IF_MFG_004,5,20,7,49,1.002,18.11
2026-05-12,IF_PRC_001,60,70,34,49,1.002,54.86
2026-05-12,IF_PRC_002,25,55,15,49,1.002,31.62
2026-05-12,IF_PRC_003,5,15,33,49,1.002,23.67
2026-05-12,IF_ASM_001,60,85,31,49,1.002,62.32
2026-05-12,IF_ASM_002,60,80,38,49,1.002,56.92
2026-05-12,IF_DLV_001,100,100,45,49,1.002,69.06
2026-05-13,IF_ORD_001,100,90,51,48,1.002,76.88
2026-05-13,IF_PAY_001,100,100,31,48,1.002,75.75
2026-05-13,IF_PAY_002,25,30,16,48,1.002,24.72
2026-05-13,IF_ORD_002,100,90,45,48,1.002,72.45
2026-05-13,IF_ORD_003,60,80,31,48,1.002,54.43
2026-05-13,IF_MFG_001,60,75,30,48,1.002,51.29
2026-05-13,IF_MFG_002,25,65,10,48,1.002,36.18
2026-05-13,IF_MFG_003,25,35,15,48,1.002,34.03
2026-05-13,IF_MFG_004,5,20,9,48,1.002,13.72
2026-05-13,IF_PRC_001,60,70,30,48,1.002,55.22
2026-05-13,IF_PRC_002,25,55,14,48,1.002,34.86
2026-05-13,IF_PRC_003,5,15,8,48,1.002,14.01
2026-05-13,IF_ASM_001,60,85,16,48,1.002,51.77
2026-05-13,IF_ASM_002,60,80,32,48,1.002,55.63
2026-05-13,IF_DLV_001,100,100,38,48,1.002,69.09
2026-05-14,IF_ORD_001,100,90,32,47,1.002,71.49
2026-05-14,IF_PAY_001,100,100,32,47,1.002,73.47
2026-05-14,IF_PAY_002,25,30,9,47,1.002,29.23
2026-05-14,IF_ORD_002,100,90,31,47,1.002,71.14
2026-05-14,IF_ORD_003,60,80,14,47,1.002,54.45
2026-05-14,IF_MFG_001,60,75,21,47,1.002,55.52
2026-05-14,IF_MFG_002,25,65,14,47,1.002,39.5
2026-05-14,IF_MFG_003,25,35,18,47,1.002,26.32
2026-05-14,IF_MFG_004,5,20,5,47,1.002,17.06
2026-05-14,IF_PRC_001,60,70,41,47,1.002,52.67
2026-05-14,IF_PRC_002,25,55,20,47,1.002,38.67
2026-05-14,IF_PRC_003,5,15,3,47,1.002,16.12
2026-05-14,IF_ASM_001,60,85,31,47,1.002,52.53
2026-05-14,IF_ASM_002,60,80,31,47,1.002,51.82
2026-05-14,IF_DLV_001,100,100,27,47,1.002,71.11
2026-05-15,IF_ORD_001,100,90,36,46,1.003,68.32
2026-05-15,IF_PAY_001,100,100,46,46,1.003,78.92
2026-05-15,IF_PAY_002,25,30,26,46,1.003,29.21
2026-05-15,IF_ORD_002,100,90,59,46,1.003,76.71
2026-05-15,IF_ORD_003,60,80,38,46,1.003,51.35
2026-05-15,IF_MFG_001,60,75,17,46,1.003,54.22
2026-05-15,IF_MFG_002,25,65,15,46,1.003,34.61
2026-05-15,IF_MFG_003,25,35,18,46,1.003,31.61
2026-05-15,IF_MFG_004,5,20,13,46,1.003,20.13
2026-05-15,IF_PRC_001,60,70,36,46,1.003,59.57
2026-05-15,IF_PRC_002,25,55,31,46,1.003,38.0
2026-05-15,IF_PRC_003,5,15,2,46,1.003,7.86
2026-05-15,IF_ASM_001,60,85,29,46,1.003,55.91
2026-05-15,IF_ASM_002,60,80,38,46,1.003,59.58
2026-05-15,IF_DLV_001,100,100,41,46,1.003,75.19
2026-05-16,IF_ORD_001,100,90,28,45,1.003,70.33
2026-05-16,IF_PAY_001,100,100,57,45,1.003,75.95
2026-05-16,IF_PAY_002,25,30,25,45,1.003,32.42
2026-05-16,IF_ORD_002,100,90,217,45,1.003,75.62
2026-05-16,IF_ORD_003,60,80,41,45,1.003,55.87
2026-05-16,IF_MFG_001,60,75,24,45,1.003,49.86
2026-05-16,IF_MFG_002,25,65,22,45,1.003,43.93
2026-05-16,IF_MFG_003,25,35,14,45,1.003,29.2
2026-05-16,IF_MFG_004,5,20,14,45,1.003,15.55
2026-05-16,IF_PRC_001,60,70,24,45,1.003,53.52
2026-05-16,IF_PRC_002,25,55,11,45,1.003,36.28
2026-05-16,IF_PRC_003,5,15,9,45,1.003,10.49
2026-05-16,IF_ASM_001,60,85,12,45,1.003,53.16
2026-05-16,IF_ASM_002,60,80,21,45,1.003,51.62
2026-05-16,IF_DLV_001,100,100,49,45,1.003,76.74
2026-05-17,IF_ORD_001,100,90,51,44,1.004,69.24
2026-05-17,IF_PAY_001,100,100,24,44,1.004,69.46
2026-05-17,IF_PAY_002,25,30,18,44,1.004,29.19
2026-05-17,IF_ORD_002,100,90,26,44,1.004,67.75
2026-05-17,IF_ORD_003,60,80,22,44,1.004,50.1
2026-05-17,IF_MFG_001,60,75,38,44,1.004,57.84
2026-05-17,IF_MFG_002,25,65,13,44,1.004,34.74
2026-05-17,IF_MFG_003,25,35,21,44,1.004,33.38
2026-05-17,IF_MFG_004,5,20,11,44,1.004,19.16
2026-05-17,IF_PRC_001,60,70,33,44,1.004,49.38
2026-05-17,IF_PRC_002,25,55,10,44,1.004,27.3
2026-05-17,IF_PRC_003,5,15,9,44,1.004,12.77
2026-05-17,IF_ASM_001,60,85,22,44,1.004,55.06
2026-05-17,IF_ASM_002,60,80,26,44,1.004,54.62
2026-05-17,IF_DLV_001,100,100,24,44,1.004,76.98
2026-05-18,IF_ORD_001,100,90,51,43,1.004,71.5
2026-05-18,IF_PAY_001,100,100,30,43,1.004,74.87
2026-05-18,IF_PAY_002,25,30,12,43,1.004,29.47
2026-05-18,IF_ORD_002,100,90,23,43,1.004,70.84
2026-05-18,IF_ORD_003,60,80,114,43,1.004,56.98
2026-05-18,IF_MFG_001,60,75,24,43,1.004,52.52
2026-05-18,IF_MFG_002,25,65,14,43,1.004,40.96
2026-05-18,IF_MFG_003,25,35,19,43,1.004,28.13
2026-05-18,IF_MFG_004,5,20,20,43,1.004,25.19
2026-05-18,IF_PRC_001,60,70,34,43,1.004,47.66
2026-05-18,IF_PRC_002,25,55,19,43,1.004,31.16
2026-05-18,IF_PRC_003,5,15,13,43,1.004,23.36
2026-05-18,IF_ASM_001,60,85,36,43,1.004,55.14
2026-05-18,IF_ASM_002,60,80,27,43,1.004,51.99
2026-05-18,IF_DLV_001,100,100,44,43,1.004,75.34
2026-05-19,IF_ORD_001,100,90,44,42,1.005,69.17
2026-05-19,IF_PAY_001,100,100,42,42,1.005,70.15
2026-05-19,IF_PAY_002,25,30,11,42,1.005,29.08
2026-05-19,IF_ORD_002,100,90,46,42,1.005,72.89
2026-05-19,IF_ORD_003,60,80,29,42,1.005,53.07
2026-05-19,IF_MFG_001,60,75,28,42,1.005,53.55
2026-05-19,IF_MFG_002,25,65,21,42,1.005,41.52
2026-05-19,IF_MFG_003,25,35,24,42,1.005,31.3
2026-05-19,IF_MFG_004,5,20,8,42,1.005,17.84
2026-05-19,IF_PRC_001,60,70,20,42,1.005,49.38
2026-05-19,IF_PRC_002,25,55,13,42,1.005,36.57
2026-05-19,IF_PRC_003,5,15,12,42,1.005,16.32
2026-05-19,IF_ASM_001,60,85,23,42,1.005,52.96
2026-05-19,IF_ASM_002,60,80,24,42,1.005,49.18
2026-05-19,IF_DLV_001,100,100,43,42,1.005,74.7
2026-05-20,IF_ORD_001,100,90,40,41,1.006,75.51
2026-05-20,IF_PAY_001,100,100,31,41,1.006,67.67
2026-05-20,IF_PAY_002,25,30,13,41,1.006,29.85
2026-05-20,IF_ORD_002,100,90,55,41,1.006,70.67
2026-05-20,IF_ORD_003,60,80,43,41,1.006,53.27
2026-05-20,IF_MFG_001,60,75,21,41,1.006,50.97
2026-05-20,IF_MFG_002,25,65,21,41,1.006,43.03
2026-05-20,IF_MFG_003,25,35,21,41,1.006,27.35
2026-05-20,IF_MFG_004,5,20,8,41,1.006,10.74
2026-05-20,IF_PRC_001,60,70,26,41,1.006,54.73
2026-05-20,IF_PRC_002,25,55,23,41,1.006,35.69
2026-05-20,IF_PRC_003,5,15,12,41,1.006,22.39
2026-05-20,IF_ASM_001,60,85,20,41,1.006,54.49
2026-05-20,IF_ASM_002,60,80,40,41,1.006,53.27
2026-05-20,IF_DLV_001,100,100,60,41,1.006,76.44
2026-05-21,IF_ORD_001,100,90,37,40,1.007,70.44
2026-05-21,IF_PAY_001,100,100,35,40,1.007,71.57
2026-05-21,IF_PAY_002,25,30,19,40,1.007,28.76
2026-05-21,IF_ORD_002,100,90,49,40,1.007,69.36
2026-05-21,IF_ORD_003,60,80,21,40,1.007,51.91
2026-05-21,IF_MFG_001,60,75,36,40,1.007,51.01
2026-05-21,IF_MFG_002,25,65,5,40,1.007,26.56
2026-05-21,IF_MFG_003,25,35,20,40,1.007,31.62
2026-05-21,IF_MFG_004,5,20,8,40,1.007,16.68
2026-05-21,IF_PRC_001,60,70,34,40,1.007,53.3
2026-05-21,IF_PRC_002,25,55,17,40,1.007,35.47
2026-05-21,IF_PRC_003,5,15,8,40,1.007,14.09
2026-05-21,IF_ASM_001,60,85,41,40,1.007,55.73
2026-05-21,IF_ASM_002,60,80,33,40,1.007,53.43
2026-05-21,IF_DLV_001,100,100,45,40,1.007,71.59
2026-05-22,IF_ORD_001,100,90,53,39,1.008,67.54
2026-05-22,IF_PAY_001,100,100,49,39,1.008,74.54
2026-05-22,IF_PAY_002,25,30,13,39,1.008,26.32
2026-05-22,IF_ORD_002,100,90,41,39,1.008,73.16
2026-05-22,IF_ORD_003,60,80,16,39,1.008,53.5
2026-05-22,IF_MFG_001,60,75,29,39,1.008,53.35
2026-05-22,IF_MFG_002,25,65,20,39,1.008,38.24
2026-05-22,IF_MFG_003,25,35,24,39,1.008,31.91
2026-05-22,IF_MFG_004,5,20,14,39,1.008,24.66
2026-05-22,IF_PRC_001,60,70,29,39,1.008,50.73
2026-05-22,IF_PRC_002,25,55,23,39,1.008,42.17
2026-05-22,IF_PRC_003,5,15,13,39,1.008,19.71
2026-05-22,IF_ASM_001,60,85,39,39,1.008,58.3
2026-05-22,IF_ASM_002,60,80,32,39,1.008,54.27
2026-05-22,IF_DLV_001,100,100,53,39,1.008,80.61
2026-05-23,IF_ORD_001,100,90,49,38,1.009,68.74
2026-05-23,IF_PAY_001,100,100,33,38,1.009,74.03
2026-05-23,IF_PAY_002,25,30,15,38,1.009,28.54
2026-05-23,IF_ORD_002,100,90,32,38,1.009,66.89
2026-05-23,IF_ORD_003,60,80,38,38,1.009,56.75
2026-05-23,IF_MFG_001,60,75,23,38,1.009,53.8
2026-05-23,IF_MFG_002,25,65,20,38,1.009,41.69
2026-05-23,IF_MFG_003,25,35,6,38,1.009,27.6
2026-05-23,IF_MFG_004,5,20,10,38,1.009,19.3
2026-05-23,IF_PRC_001,60,70,23,38,1.009,48.31
2026-05-23,IF_PRC_002,25,55,13,38,1.009,36.36
2026-05-23,IF_PRC_003,5,15,8,38,1.009,16.37
2026-05-23,IF_ASM_001,60,85,28,38,1.009,55.53
2026-05-23,IF_ASM_002,60,80,27,38,1.009,51.27
2026-05-23,IF_DLV_001,100,100,28,38,1.009,71.92
2026-05-24,IF_ORD_001,100,90,45,37,1.01,72.66
2026-05-24,IF_PAY_001,100,100,41,37,1.01,75.92
2026-05-24,IF_PAY_002,25,30,13,37,1.01,24.44
2026-05-24,IF_ORD_002,100,90,50,37,1.01,69.8
2026-05-24,IF_ORD_003,60,80,42,37,1.01,54.37
2026-05-24,IF_MFG_001,60,75,34,37,1.01,53.67
2026-05-24,IF_MFG_002,25,65,24,37,1.01,40.24
2026-05-24,IF_MFG_003,25,35,12,37,1.01,28.47
2026-05-24,IF_MFG_004,5,20,17,37,1.01,20.95
2026-05-24,IF_PRC_001,60,70,40,37,1.01,55.23
2026-05-24,IF_PRC_002,25,55,15,37,1.01,39.06
2026-05-24,IF_PRC_003,5,15,3,37,1.01,13.06
2026-05-24,IF_ASM_001,60,85,14,37,1.01,55.49
2026-05-24,IF_ASM_002,60,80,38,37,1.01,54.72
2026-05-24,IF_DLV_001,100,100,32,37,1.01,68.92
2026-05-25,IF_ORD_001,100,90,45,36,1.012,73.79
2026-05-25,IF_PAY_001,100,100,59,36,1.012,77.16
2026-05-25,IF_PAY_002,25,30,15,36,1.012,31.92
2026-05-25,IF_ORD_002,100,90,22,36,1.012,64.29
2026-05-25,IF_ORD_003,60,80,50,36,1.012,59.07
2026-05-25,IF_MFG_001,60,75,36,36,1.012,50.71
2026-05-25,IF_MFG_002,25,65,8,36,1.012,42.54
2026-05-25,IF_MFG_003,25,35,10,36,1.012,27.06
2026-05-25,IF_MFG_004,5,20,17,36,1.012,22.72
2026-05-25,IF_PRC_001,60,70,38,36,1.012,53.66
2026-05-25,IF_PRC_002,25,55,27,36,1.012,42.77
2026-05-25,IF_PRC_003,5,15,11,36,1.012,16.24
2026-05-25,IF_ASM_001,60,85,28,36,1.012,57.96
2026-05-25,IF_ASM_002,60,80,145,36,1.012,61.11
2026-05-25,IF_DLV_001,100,100,35,36,1.012,68.46
2026-05-26,IF_ORD_001,100,90,46,35,1.013,70.08
2026-05-26,IF_PAY_001,100,100,37,35,1.013,72.29
2026-05-26,IF_PAY_002,25,30,11,35,1.013,25.9
2026-05-26,IF_ORD_002,100,90,111,35,1.013,72.01
2026-05-26,IF_ORD_003,60,80,26,35,1.013,57.74
2026-05-26,IF_MFG_001,60,75,30,35,1.013,49.1
2026-05-26,IF_MFG_002,25,65,18,35,1.013,33.63
2026-05-26,IF_MFG_003,25,35,11,35,1.013,25.91
2026-05-26,IF_MFG_004,5,20,12,35,1.013,16.23
2026-05-26,IF_PRC_001,60,70,17,35,1.013,55.03
2026-05-26,IF_PRC_002,25,55,9,35,1.013,29.53
2026-05-26,IF_PRC_003,5,15,8,35,1.013,13.39
2026-05-26,IF_ASM_001,60,85,32,35,1.013,59.22
2026-05-26,IF_ASM_002,60,80,25,35,1.013,56.05
2026-05-26,IF_DLV_001,100,100,45,35,1.013,74.29
2026-05-27,IF_ORD_001,100,90,36,34,1.016,71.18
2026-05-27,IF_PAY_001,100,100,40,34,1.016,71.77
2026-05-27,IF_PAY_002,25,30,10,34,1.016,27.74
2026-05-27,IF_ORD_002,100,90,45,34,1.016,68.99
2026-05-27,IF_ORD_003,60,80,31,34,1.016,55.61
2026-05-27,IF_MFG_001,60,75,23,34,1.016,50.21
2026-05-27,IF_MFG_002,25,65,24,34,1.016,36.46
2026-05-27,IF_MFG_003,25,35,18,34,1.016,29.98
2026-05-27,IF_MFG_004,5,20,12,34,1.016,9.52
2026-05-27,IF_PRC_001,60,70,26,34,1.016,49.24
2026-05-27,IF_PRC_002,25,55,11,34,1.016,32.51
2026-05-27,IF_PRC_003,5,15,9,34,1.016,10.4
2026-05-27,IF_ASM_001,60,85,18,34,1.016,53.24
2026-05-27,IF_ASM_002,60,80,28,34,1.016,55.57
2026-05-27,IF_DLV_001,100,100,23,34,1.016,65.6
2026-05-28,IF_ORD_001,100,90,52,33,1.018,68.49
2026-05-28,IF_PAY_001,100,100,43,33,1.018,77.04
2026-05-28,IF_PAY_002,25,30,36,33,1.018,32.42
2026-05-28,IF_ORD_002,100,90,50,33,1.018,69.67
2026-05-28,IF_ORD_003,60,80,19,33,1.018,57.1
2026-05-28,IF_MFG_001,60,75,46,33,1.018,57.09
2026-05-28,IF_MFG_002,25,65,28,33,1.018,33.23
2026-05-28,IF_MFG_003,25,35,21,33,1.018,32.37
2026-05-28,IF_MFG_004,5,20,5,33,1.018,17.97
2026-05-28,IF_PRC_001,60,70,21,33,1.018,52.42
2026-05-28,IF_PRC_002,25,55,9,33,1.018,37.42
2026-05-28,IF_PRC_003,5,15,17,33,1.018,22.06
2026-05-28,IF_ASM_001,60,85,28,33,1.018,55.25
2026-05-28,IF_ASM_002,60,80,46,33,1.018,58.31
2026-05-28,IF_DLV_001,100,100,27,33,1.018,75.05
2026-05-29,IF_ORD_001,100,90,44,32,1.021,70.97
2026-05-29,IF_PAY_001,100,100,40,32,1.021,75.89
2026-05-29,IF_PAY_002,25,30,18,32,1.021,27.56
2026-05-29,IF_ORD_002,100,90,46,32,1.021,73.24
2026-05-29,IF_ORD_003,60,80,30,32,1.021,55.99
2026-05-29,IF_MFG_001,60,75,35,32,1.021,54.12
2026-05-29,IF_MFG_002,25,65,14,32,1.021,34.66
2026-05-29,IF_MFG_003,25,35,18,32,1.021,33.04
2026-05-29,IF_MFG_004,5,20,11,32,1.021,18.56
2026-05-29,IF_PRC_001,60,70,37,32,1.021,54.19
2026-05-29,IF_PRC_002,25,55,18,32,1.021,34.92
2026-05-29,IF_PRC_003,5,15,19,32,1.021,19.27
2026-05-29,IF_ASM_001,60,85,36,32,1.021,60.94
2026-05-29,IF_ASM_002,60,80,26,32,1.021,54.97
2026-05-29,IF_DLV_001,100,100,57,32,1.021,76.51
2026-05-30,IF_ORD_001,100,90,38,31,1.024,72.88
2026-05-30,IF_PAY_001,100,100,47,31,1.024,76.57
2026-05-30,IF_PAY_002,25,30,17,31,1.024,31.59
2026-05-30,IF_ORD_002,100,90,33,31,1.024,68.33
2026-05-30,IF_ORD_003,60,80,26,31,1.024,57.32
2026-05-30,IF_MFG_001,60,75,29,31,1.024,50.67
2026-05-30,IF_MFG_002,25,65,14,31,1.024,30.98
2026-05-30,IF_MFG_003,25,35,22,31,1.024,28.64
2026-05-30,IF_MFG_004,5,20,18,31,1.024,27.63
2026-05-30,IF_PRC_001,60,70,29,31,1.024,51.41
2026-05-30,IF_PRC_002,25,55,20,31,1.024,35.67
2026-05-30,IF_PRC_003,5,15,7,31,1.024,16.1
2026-05-30,IF_ASM_001,60,85,15,31,1.024,56.91
2026-05-30,IF_ASM_002,60,80,37,31,1.024,60.76
2026-05-30,IF_DLV_001,100,100,27,31,1.024,74.99
2026-05-31,IF_ORD_001,100,90,33,30,1.028,63.29
2026-05-31,IF_PAY_001,100,100,32,30,1.028,72.6
2026-05-31,IF_PAY_002,25,30,13,30,1.028,34.57
2026-05-31,IF_ORD_002,100,90,61,30,1.028,71.9
2026-05-31,IF_ORD_003,60,80,18,30,1.028,58.17
2026-05-31,IF_MFG_001,60,75,20,30,1.028,54.24
2026-05-31,IF_MFG_002,25,65,12,30,1.028,43.49
2026-05-31,IF_MFG_003,25,35,23,30,1.028,32.01
2026-05-31,IF_MFG_004,5,20,9,30,1.028,20.93
2026-05-31,IF_PRC_001,60,70,31,30,1.028,46.78
2026-05-31,IF_PRC_002,25,55,10,30,1.028,33.45
2026-05-31,IF_PRC_003,5,15,4,30,1.028,17.34
2026-05-31,IF_ASM_001,60,85,33,30,1.028,63.03
2026-05-31,IF_ASM_002,60,80,21,30,1.028,50.79
2026-05-31,IF_DLV_001,100,100,40,30,1.028,76.78
2026-06-01,IF_ORD_001,100,90,61,29,1.032,72.34
2026-06-01,IF_PAY_001,100,100,43,29,1.032,70.63
2026-06-01,IF_PAY_002,25,30,15,29,1.032,34.23
2026-06-01,IF_ORD_002,100,90,47,29,1.032,74.23
2026-06-01,IF_ORD_003,60,80,21,29,1.032,49.65
2026-06-01,IF_MFG_001,60,75,35,29,1.032,51.61
2026-06-01,IF_MFG_002,25,65,18,29,1.032,40.95
2026-06-01,IF_MFG_003,25,35,12,29,1.032,31.15
2026-06-01,IF_MFG_004,5,20,12,29,1.032,19.42
2026-06-01,IF_PRC_001,60,70,24,29,1.032,47.94
2026-06-01,IF_PRC_002,25,55,14,29,1.032,32.33
2026-06-01,IF_PRC_003,5,15,3,29,1.032,12.79
2026-06-01,IF_ASM_001,60,85,33,29,1.032,57.5
2026-06-01,IF_ASM_002,60,80,40,29,1.032,54.5
2026-06-01,IF_DLV_001,100,100,56,29,1.032,74.98
2026-06-02,IF_ORD_001,100,90,38,28,1.037,71.58
2026-06-02,IF_PAY_001,100,100,133,28,1.037,80.69
2026-06-02,IF_PAY_002,25,30,21,28,1.037,27.21
2026-06-02,IF_ORD_002,100,90,37,28,1.037,79.1
2026-06-02,IF_ORD_003,60,80,33,28,1.037,54.73
2026-06-02,IF_MFG_001,60,75,35,28,1.037,56.49
2026-06-02,IF_MFG_002,25,65,21,28,1.037,36.27
2026-06-02,IF_MFG_003,25,35,17,28,1.037,31.6
2026-06-02,IF_MFG_004,5,20,6,28,1.037,17.77
2026-06-02,IF_PRC_001,60,70,22,28,1.037,47.28
2026-06-02,IF_PRC_002,25,55,28,28,1.037,36.84
2026-06-02,IF_PRC_003,5,15,16,28,1.037,20.91
2026-06-02,IF_ASM_001,60,85,28,28,1.037,58.87
2026-06-02,IF_ASM_002,60,80,43,28,1.037,61.03
2026-06-02,IF_DLV_001,100,100,42,28,1.037,72.76
2026-06-03,IF_ORD_001,100,90,38,27,1.042,71.82
2026-06-03,IF_PAY_001,100,100,40,27,1.042,73.53
2026-06-03,IF_PAY_002,25,30,14,27,1.042,28.73
2026-06-03,IF_ORD_002,100,90,44,27,1.042,70.28
2026-06-03,IF_ORD_003,60,80,49,27,1.042,52.39
2026-06-03,IF_MFG_001,60,75,28,27,1.042,57.26
2026-06-03,IF_MFG_002,25,65,9,27,1.042,30.96
2026-06-03,IF_MFG_003,25,35,12,27,1.042,25.89
2026-06-03,IF_MFG_004,5,20,9,27,1.042,18.78
2026-06-03,IF_PRC_001,60,70,35,27,1.042,50.73
2026-06-03,IF_PRC_002,25,55,14,27,1.042,40.56
2026-06-03,IF_PRC_003,5,15,12,27,1.042,15.25
2026-06-03,IF_ASM_001,60,85,34,27,1.042,56.32
2026-06-03,IF_ASM_002,60,80,40,27,1.042,53.84
2026-06-03,IF_DLV_001,100,100,58,27,1.042,75.75
2026-06-04,IF_ORD_001,100,90,59,26,1.049,69.83
2026-06-04,IF_PAY_001,100,100,45,26,1.049,74.83
2026-06-04,IF_PAY_002,25,30,14,26,1.049,31.55
2026-06-04,IF_ORD_002,100,90,70,26,1.049,76.79
2026-06-04,IF_ORD_003,60,80,22,26,1.049,52.39
2026-06-04,IF_MFG_001,60,75,107,26,1.049,62.82
2026-06-04,IF_MFG_002,25,65,10,26,1.049,37.83
2026-06-04,IF_MFG_003,25,35,15,26,1.049,34.86
2026-06-04,IF_MFG_004,5,20,20,26,1.049,23.15
2026-06-04,IF_PRC_001,60,70,35,26,1.049,58.15
2026-06-04,IF_PRC_002,25,55,17,26,1.049,40.06
2026-06-04,IF_PRC_003,5,15,11,26,1.049,21.36
2026-06-04,IF_ASM_001,60,85,13,26,1.049,57.48
2026-06-04,IF_ASM_002,60,80,44,26,1.049,61.97
2026-06-04,IF_DLV_001,100,100,68,26,1.049,80.96
2026-06-05,IF_ORD_001,100,90,45,25,1.056,73.92
2026-06-05,IF_PAY_001,100,100,37,25,1.056,69.34
2026-06-05,IF_PAY_002,25,30,12,25,1.056,24.28
2026-06-05,IF_ORD_002,100,90,36,25,1.056,72.57
2026-06-05,IF_ORD_003,60,80,32,25,1.056,53.96
2026-06-05,IF_MFG_001,60,75,37,25,1.056,54.3
2026-06-05,IF_MFG_002,25,65,23,25,1.056,41.48
2026-06-05,IF_MFG_003,25,35,19,25,1.056,34.48
2026-06-05,IF_MFG_004,5,20,3,25,1.056,8.68
2026-06-05,IF_PRC_001,60,70,35,25,1.056,56.35
2026-06-05,IF_PRC_002,25,55,83,25,1.056,47.76
2026-06-05,IF_PRC_003,5,15,11,25,1.056,13.99
2026-06-05,IF_ASM_001,60,85,44,25,1.056,61.14
2026-06-05,IF_ASM_002,60,80,21,25,1.056,56.59
2026-06-05,IF_DLV_001,100,100,43,25,1.056,78.92
2026-06-06,IF_ORD_001,100,90,38,24,1.065,65.9
2026-06-06,IF_PAY_001,100,100,56,24,1.065,75.13
2026-06-06,IF_PAY_002,25,30,13,24,1.065,27.3
2026-06-06,IF_ORD_002,100,90,33,24,1.065,69.58
2026-06-06,IF_ORD_003,60,80,45,24,1.065,51.31
2026-06-06,IF_MFG_001,60,75,34,24,1.065,53.15
2026-06-06,IF_MFG_002,25,65,22,24,1.065,37.63
2026-06-06,IF_MFG_003,25,35,22,24,1.065,33.38
2026-06-06,IF_MFG_004,5,20,10,24,1.065,21.15
2026-06-06,IF_PRC_001,60,70,35,24,1.065,54.07
2026-06-06,IF_PRC_002,25,55,11,24,1.065,33.14
2026-06-06,IF_PRC_003,5,15,11,24,1.065,19.46
2026-06-06,IF_ASM_001,60,85,26,24,1.065,56.74
2026-06-06,IF_ASM_002,60,80,25,24,1.065,53.78
2026-06-06,IF_DLV_001,100,100,36,24,1.065,69.42
2026-06-07,IF_ORD_001,100,90,56,23,1.075,71.48
2026-06-07,IF_PAY_001,100,100,33,23,1.075,74.92
2026-06-07,IF_PAY_002,25,30,11,23,1.075,25.37
2026-06-07,IF_ORD_002,100,90,36,23,1.075,75.82
2026-06-07,IF_ORD_003,60,80,34,23,1.075,57.95
2026-06-07,IF_MFG_001,60,75,43,23,1.075,62.28
2026-06-07,IF_MFG_002,25,65,9,23,1.075,38.51
2026-06-07,IF_MFG_003,25,35,17,23,1.075,32.97
2026-06-07,IF_MFG_004,5,20,18,23,1.075,22.69
2026-06-07,IF_PRC_001,60,70,45,23,1.075,50.93
2026-06-07,IF_PRC_002,25,55,23,23,1.075,33.01
2026-06-07,IF_PRC_003,5,15,13,23,1.075,19.91
2026-06-07,IF_ASM_001,60,85,25,23,1.075,52.38
2026-06-07,IF_ASM_002,60,80,27,23,1.075,51.0
2026-06-07,IF_DLV_001,100,100,35,23,1.075,73.55
2026-06-08,IF_ORD_001,100,90,26,22,1.086,63.71
2026-06-08,IF_PAY_001,100,100,57,22,1.086,82.38
2026-06-08,IF_PAY_002,25,30,28,22,1.086,33.8
2026-06-08,IF_ORD_002,100,90,45,22,1.086,76.59
2026-06-08,IF_ORD_003,60,80,15,22,1.086,52.53
2026-06-08,IF_MFG_001,60,75,35,22,1.086,57.54
2026-06-08,IF_MFG_002,25,65,23,22,1.086,43.1
2026-06-08,IF_MFG_003,25,35,18,22,1.086,32.71
2026-06-08,IF_MFG_004,5,20,5,22,1.086,20.19
2026-06-08,IF_PRC_001,60,70,18,22,1.086,51.34
2026-06-08,IF_PRC_002,25,55,27,22,1.086,36.02
2026-06-08,IF_PRC_003,5,15,8,22,1.086,23.42
2026-06-08,IF_ASM_001,60,85,29,22,1.086,57.86
2026-06-08,IF_ASM_002,60,80,33,22,1.086,53.19
2026-06-08,IF_DLV_001,100,100,41,22,1.086,73.89
2026-06-09,IF_ORD_001,100,90,60,21,1.1,73.45
2026-06-09,IF_PAY_001,100,100,58,21,1.1,76.52
2026-06-09,IF_PAY_002,25,30,18,21,1.1,34.24
2026-06-09,IF_ORD_002,100,90,33,21,1.1,71.29
2026-06-09,IF_ORD_003,60,80,24,21,1.1,54.21
2026-06-09,IF_MFG_001,60,75,33,21,1.1,57.83
2026-06-09,IF_MFG_002,25,65,22,21,1.1,36.87
2026-06-09,IF_MFG_003,25,35,18,21,1.1,30.74
2026-06-09,IF_MFG_004,5,20,13,21,1.1,23.01
2026-06-09,IF_PRC_001,60,70,23,21,1.1,55.53
2026-06-09,IF_PRC_002,25,55,11,21,1.1,32.17
2026-06-09,IF_PRC_003,5,15,14,21,1.1,18.83
2026-06-09,IF_ASM_001,60,85,17,21,1.1,54.39
2026-06-09,IF_ASM_002,60,80,21,21,1.1,49.69
2026-06-09,IF_DLV_001,100,100,26,21,1.1,73.29
2026-06-10,IF_ORD_001,100,90,51,20,1.115,77.16
2026-06-10,IF_PAY_001,100,100,31,20,1.115,70.06
2026-06-10,IF_PAY_002,25,30,14,20,1.115,27.54
2026-06-10,IF_ORD_002,100,90,44,20,1.115,75.1
2026-06-10,IF_ORD_003,60,80,29,20,1.115,54.77
2026-06-10,IF_MFG_001,60,75,37,20,1.115,56.51
2026-06-10,IF_MFG_002,25,65,8,20,1.115,36.32
2026-06-10,IF_MFG_003,25,35,12,20,1.115,25.21
2026-06-10,IF_MFG_004,5,20,11,20,1.115,19.52
2026-06-10,IF_PRC_001,60,70,30,20,1.115,51.3
2026-06-10,IF_PRC_002,25,55,31,20,1.115,38.07
2026-06-10,IF_PRC_003,5,15,11,20,1.115,20.91
2026-06-10,IF_ASM_001,60,85,37,20,1.115,60.55
2026-06-10,IF_ASM_002,60,80,42,20,1.115,60.92
2026-06-10,IF_DLV_001,100,100,60,20,1.115,79.12
2026-06-11,IF_ORD_001,100,90,48,19,1.133,75.81
2026-06-11,IF_PAY_001,100,100,66,19,1.133,71.52
2026-06-11,IF_PAY_002,25,30,18,19,1.133,32.44
2026-06-11,IF_ORD_002,100,90,38,19,1.133,72.66
2026-06-11,IF_ORD_003,60,80,23,19,1.133,54.74
2026-06-11,IF_MFG_001,60,75,39,19,1.133,57.29
2026-06-11,IF_MFG_002,25,65,8,19,1.133,38.06
2026-06-11,IF_MFG_003,25,35,24,19,1.133,34.24
2026-06-11,IF_MFG_004,5,20,11,19,1.133,19.66
2026-06-11,IF_PRC_001,60,70,42,19,1.133,45.31
2026-06-11,IF_PRC_002,25,55,17,19,1.133,37.38
2026-06-11,IF_PRC_003,5,15,8,19,1.133,22.09
2026-06-11,IF_ASM_001,60,85,34,19,1.133,60.33
2026-06-11,IF_ASM_002,60,80,37,19,1.133,61.55
2026-06-11,IF_DLV_001,100,100,26,19,1.133,71.39
2026-06-12,IF_ORD_001,100,90,53,18,1.153,72.06
2026-06-12,IF_PAY_001,100,100,56,18,1.153,80.42
2026-06-12,IF_PAY_002,25,30,15,18,1.153,31.1
2026-06-12,IF_ORD_002,100,90,19,18,1.153,65.11
2026-06-12,IF_ORD_003,60,80,28,18,1.153,54.85
2026-06-12,IF_MFG_001,60,75,23,18,1.153,57.88
2026-06-12,IF_MFG_002,25,65,22,18,1.153,39.79
2026-06-12,IF_MFG_003,25,35,14,18,1.153,29.14
2026-06-12,IF_MFG_004,5,20,12,18,1.153,19.32
2026-06-12,IF_PRC_001,60,70,24,18,1.153,52.34
2026-06-12,IF_PRC_002,25,55,11,18,1.153,27.35
2026-06-12,IF_PRC_003,5,15,12,18,1.153,21.04
2026-06-12,IF_ASM_001,60,85,36,18,1.153,59.22
2026-06-12,IF_ASM_002,60,80,24,18,1.153,56.34
2026-06-12,IF_DLV_001,100,100,60,18,1.153,75.08
2026-06-13,IF_ORD_001,100,90,36,17,1.176,70.35
2026-06-13,IF_PAY_001,100,100,66,17,1.176,76.51
2026-06-13,IF_PAY_002,25,30,10,17,1.176,33.63
2026-06-13,IF_ORD_002,100,90,32,17,1.176,69.71
2026-06-13,IF_ORD_003,60,80,35,17,1.176,54.95
2026-06-13,IF_MFG_001,60,75,41,17,1.176,59.03
2026-06-13,IF_MFG_002,25,65,23,17,1.176,40.85
2026-06-13,IF_MFG_003,25,35,10,17,1.176,34.08
2026-06-13,IF_MFG_004,5,20,7,17,1.176,17.38
2026-06-13,IF_PRC_001,60,70,31,17,1.176,52.68
2026-06-13,IF_PRC_002,25,55,12,17,1.176,30.53
2026-06-13,IF_PRC_003,5,15,9,17,1.176,19.71
2026-06-13,IF_ASM_001,60,85,34,17,1.176,54.49
2026-06-13,IF_ASM_002,60,80,49,17,1.176,59.94
2026-06-13,IF_DLV_001,100,100,35,17,1.176,70.62
2026-06-14,IF_ORD_001,100,90,42,16,1.203,71.45
2026-06-14,IF_PAY_001,100,100,39,16,1.203,75.54
2026-06-14,IF_PAY_002,25,30,26,16,1.203,31.34
2026-06-14,IF_ORD_002,100,90,25,16,1.203,74.39
2026-06-14,IF_ORD_003,60,80,37,16,1.203,59.32
2026-06-14,IF_MFG_001,60,75,17,16,1.203,56.15
2026-06-14,IF_MFG_002,25,65,18,16,1.203,40.54
2026-06-14,IF_MFG_003,25,35,12,16,1.203,34.0
2026-06-14,IF_MFG_004,5,20,10,16,1.203,14.68
2026-06-14,IF_PRC_001,60,70,22,16,1.203,55.28
2026-06-14,IF_PRC_002,25,55,20,16,1.203,41.17
2026-06-14,IF_PRC_003,5,15,12,16,1.203,20.14
2026-06-14,IF_ASM_001,60,85,43,16,1.203,55.61
2026-06-14,IF_ASM_002,60,80,40,16,1.203,54.66
2026-06-14,IF_DLV_001,100,100,36,16,1.203,74.41
2026-06-15,IF_ORD_001,100,90,49,15,1.235,73.75
2026-06-15,IF_PAY_001,100,100,55,15,1.235,79.24
2026-06-15,IF_PAY_002,25,30,11,15,1.235,28.71
2026-06-15,IF_ORD_002,100,90,50,15,1.235,75.76
2026-06-15,IF_ORD_003,60,80,19,15,1.235,53.58
2026-06-15,IF_MFG_001,60,75,33,15,1.235,52.73
2026-06-15,IF_MFG_002,25,65,14,15,1.235,40.91
2026-06-15,IF_MFG_003,25,35,10,15,1.235,31.12
2026-06-15,IF_MFG_004,5,20,8,15,1.235,25.7
2026-06-15,IF_PRC_001,60,70,10,15,1.235,52.89
2026-06-15,IF_PRC_002,25,55,26,15,1.235,32.07
2026-06-15,IF_PRC_003,5,15,11,15,1.235,25.91
2026-06-15,IF_ASM_001,60,85,34,15,1.235,54.64
2026-06-15,IF_ASM_002,60,80,30,15,1.235,53.52
2026-06-15,IF_DLV_001,100,100,62,15,1.235,80.19
2026-06-16,IF_ORD_001,100,90,52,14,1.271,74.07
2026-06-16,IF_PAY_001,100,100,46,14,1.271,78.48
2026-06-16,IF_PAY_002,25,30,17,14,1.271,28.1
2026-06-16,IF_ORD_002,100,90,61,14,1.271,74.07
2026-06-16,IF_ORD_003,60,80,21,14,1.271,57.88
2026-06-16,IF_MFG_001,60,75,39,14,1.271,52.49
2026-06-16,IF_MFG_002,25,65,22,14,1.271,39.36
2026-06-16,IF_MFG_003,25,35,25,14,1.271,32.85
2026-06-16,IF_MFG_004,5,20,11,14,1.271,21.49
2026-06-16,IF_PRC_001,60,70,25,14,1.271,57.08
2026-06-16,IF_PRC_002,25,55,26,14,1.271,44.04
2026-06-16,IF_PRC_003,5,15,15,14,1.271,21.3
2026-06-16,IF_ASM_001,60,85,29,14,1.271,59.91
2026-06-16,IF_ASM_002,60,80,15,14,1.271,56.21
2026-06-16,IF_DLV_001,100,100,58,14,1.271,76.49
2026-06-17,IF_ORD_001,100,90,66,13,1.312,76.33
2026-06-17,IF_PAY_001,100,100,49,13,1.312,78.08
2026-06-17,IF_PAY_002,25,30,27,13,1.312,35.24
2026-06-17,IF_ORD_002,100,90,59,13,1.312,82.65
2026-06-17,IF_ORD_003,60,80,26,13,1.312,58.26
2026-06-17,IF_MFG_001,60,75,23,13,1.312,55.13
2026-06-17,IF_MFG_002,25,65,28,13,1.312,41.63
2026-06-17,IF_MFG_003,25,35,21,13,1.312,38.29
2026-06-17,IF_MFG_004,5,20,8,13,1.312,21.94
2026-06-17,IF_PRC_001,60,70,39,13,1.312,63.97
2026-06-17,IF_PRC_002,25,55,19,13,1.312,37.89
2026-06-17,IF_PRC_003,5,15,8,13,1.312,17.76
2026-06-17,IF_ASM_001,60,85,23,13,1.312,58.88
2026-06-17,IF_ASM_002,60,80,32,13,1.312,63.88
2026-06-17,IF_DLV_001,100,100,46,13,1.312,73.03
2026-06-18,IF_ORD_001,100,90,42,12,1.36,80.42
2026-06-18,IF_PAY_001,100,100,38,12,1.36,73.92
2026-06-18,IF_PAY_002,25,30,26,12,1.36,30.31
2026-06-18,IF_ORD_002,100,90,46,12,1.36,75.23
2026-06-18,IF_ORD_003,60,80,19,12,1.36,53.7
2026-06-18,IF_MFG_001,60,75,50,12,1.36,60.77
2026-06-18,IF_MFG_002,25,65,15,12,1.36,43.3
2026-06-18,IF_MFG_003,25,35,22,12,1.36,32.68
2026-06-18,IF_MFG_004,5,20,6,12,1.36,13.04
2026-06-18,IF_PRC_001,60,70,78,12,1.36,62.59
2026-06-18,IF_PRC_002,25,55,15,12,1.36,39.71
2026-06-18,IF_PRC_003,5,15,6,12,1.36,15.63
2026-06-18,IF_ASM_001,60,85,42,12,1.36,59.54
2026-06-18,IF_ASM_002,60,80,46,12,1.36,65.24
2026-06-18,IF_DLV_001,100,100,46,12,1.36,79.11
2026-06-19,IF_ORD_001,100,90,29,11,1.415,66.56
2026-06-19,IF_PAY_001,100,100,42,11,1.415,77.88
2026-06-19,IF_PAY_002,25,30,29,11,1.415,38.41
2026-06-19,IF_ORD_002,100,90,42,11,1.415,76.78
2026-06-19,IF_ORD_003,60,80,20,11,1.415,54.9
2026-06-19,IF_MFG_001,60,75,38,11,1.415,60.91
2026-06-19,IF_MFG_002,25,65,18,11,1.415,46.58
2026-06-19,IF_MFG_003,25,35,71,11,1.415,39.82
2026-06-19,IF_MFG_004,5,20,11,11,1.415,19.31
2026-06-19,IF_PRC_001,60,70,40,11,1.415,60.57
2026-06-19,IF_PRC_002,25,55,25,11,1.415,44.04
2026-06-19,IF_PRC_003,5,15,15,11,1.415,28.02
2026-06-19,IF_ASM_001,60,85,41,11,1.415,60.94
2026-06-19,IF_ASM_002,60,80,21,11,1.415,58.07
2026-06-19,IF_DLV_001,100,100,57,11,1.415,83.62
2026-06-20,IF_ORD_001,100,90,57,10,1.479,80.98
2026-06-20,IF_PAY_001,100,100,32,10,1.479,75.14
2026-06-20,IF_PAY_002,25,30,13,10,1.479,31.68
2026-06-20,IF_ORD_002,100,90,49,10,1.479,80.87
2026-06-20,IF_ORD_003,60,80,25,10,1.479,61.1
2026-06-20,IF_MFG_001,60,75,28,10,1.479,61.02
2026-06-20,IF_MFG_002,25,65,22,10,1.479,44.52
2026-06-20,IF_MFG_003,25,35,13,10,1.479,31.76
2026-06-20,IF_MFG_004,5,20,4,10,1.479,15.98
2026-06-20,IF_PRC_001,60,70,42,10,1.479,54.13
2026-06-20,IF_PRC_002,25,55,18,10,1.479,40.76
2026-06-20,IF_PRC_003,5,15,6,10,1.479,15.66
2026-06-20,IF_ASM_001,60,85,30,10,1.479,59.46
2026-06-20,IF_ASM_002,60,80,36,10,1.479,62.04
2026-06-20,IF_DLV_001,100,100,65,10,1.479,83.9
2026-06-21,IF_ORD_001,100,90,58,9,1.553,80.99
2026-06-21,IF_PAY_001,100,100,50,9,1.553,79.26
2026-06-21,IF_PAY_002,25,30,25,9,1.553,41.03
2026-06-21,IF_ORD_002,100,90,57,9,1.553,79.0
2026-06-21,IF_ORD_003,60,80,29,9,1.553,60.01
2026-06-21,IF_MFG_001,60,75,30,9,1.553,63.25
2026-06-21,IF_MFG_002,25,65,16,9,1.553,40.14
2026-06-21,IF_MFG_003,25,35,26,9,1.553,36.43
2026-06-21,IF_MFG_004,5,20,14,9,1.553,26.44
2026-06-21,IF_PRC_001,60,70,30,9,1.553,62.88
2026-06-21,IF_PRC_002,25,55,17,9,1.553,37.26
2026-06-21,IF_PRC_003,5,15,11,9,1.553,25.91
2026-06-21,IF_ASM_001,60,85,23,9,1.553,63.61
2026-06-21,IF_ASM_002,60,80,48,9,1.553,62.56
2026-06-21,IF_DLV_001,100,100,28,9,1.553,76.54
2026-06-22,IF_ORD_001,100,90,74,8,1.638,82.17
2026-06-22,IF_PAY_001,100,100,56,8,1.638,81.67
2026-06-22,IF_PAY_002,25,30,27,8,1.638,35.95
2026-06-22,IF_ORD_002,100,90,54,8,1.638,78.57
2026-06-22,IF_ORD_003,60,80,35,8,1.638,61.19
2026-06-22,IF_MFG_001,60,75,24,8,1.638,59.42
2026-06-22,IF_MFG_002,25,65,23,8,1.638,41.16
2026-06-22,IF_MFG_003,25,35,30,8,1.638,39.04
2026-06-22,IF_MFG_004,5,20,14,8,1.638,28.02
2026-06-22,IF_PRC_001,60,70,30,8,1.638,55.31
2026-06-22,IF_PRC_002,25,55,13,8,1.638,37.74
2026-06-22,IF_PRC_003,5,15,9,8,1.638,23.09
2026-06-22,IF_ASM_001,60,85,33,8,1.638,65.92
2026-06-22,IF_ASM_002,60,80,35,8,1.638,60.82
2026-06-22,IF_DLV_001,100,100,53,8,1.638,82.39
2026-06-23,IF_ORD_001,100,90,38,7,1.736,79.98
2026-06-23,IF_PAY_001,100,100,49,7,1.736,81.91
2026-06-23,IF_PAY_002,25,30,22,7,1.736,35.8
2026-06-23,IF_ORD_002,100,90,36,7,1.736,78.9
2026-06-23,IF_ORD_003,60,80,29,7,1.736,62.56
2026-06-23,IF_MFG_001,60,75,47,7,1.736,63.28
2026-06-23,IF_MFG_002,25,65,23,7,1.736,45.5
2026-06-23,IF_MFG_003,25,35,24,7,1.736,35.27
2026-06-23,IF_MFG_004,5,20,29,7,1.736,30.24
2026-06-23,IF_PRC_001,60,70,48,7,1.736,62.37
2026-06-23,IF_PRC_002,25,55,16,7,1.736,51.87
2026-06-23,IF_PRC_003,5,15,14,7,1.736,23.34
2026-06-23,IF_ASM_001,60,85,36,7,1.736,64.68
2026-06-23,IF_ASM_002,60,80,34,7,1.736,62.57
2026-06-23,IF_DLV_001,100,100,38,7,1.736,81.71
2026-06-24,IF_ORD_001,100,90,60,6,1.849,74.11
2026-06-24,IF_PAY_001,100,100,54,6,1.849,86.7
2026-06-24,IF_PAY_002,25,30,27,6,1.849,39.68
2026-06-24,IF_ORD_002,100,90,75,6,1.849,87.77
2026-06-24,IF_ORD_003,60,80,58,6,1.849,70.07
2026-06-24,IF_MFG_001,60,75,26,6,1.849,65.95
2026-06-24,IF_MFG_002,25,65,15,6,1.849,43.19
2026-06-24,IF_MFG_003,25,35,13,6,1.849,30.97
2026-06-24,IF_MFG_004,5,20,12,6,1.849,22.11
2026-06-24,IF_PRC_001,60,70,31,6,1.849,67.17
2026-06-24,IF_PRC_002,25,55,18,6,1.849,43.76
2026-06-24,IF_PRC_003,5,15,13,6,1.849,26.66
2026-06-24,IF_ASM_001,60,85,46,6,1.849,73.38
2026-06-24,IF_ASM_002,60,80,27,6,1.849,60.11
2026-06-24,IF_DLV_001,100,100,59,6,1.849,81.74
2026-06-25,IF_ORD_001,100,90,60,5,1.979,88.87
2026-06-25,IF_PAY_001,100,100,75,5,1.979,84.12
2026-06-25,IF_PAY_002,25,30,15,5,1.979,39.79
2026-06-25,IF_ORD_002,100,90,71,5,1.979,79.59
2026-06-25,IF_ORD_003,60,80,36,5,1.979,63.46
2026-06-25,IF_MFG_001,60,75,24,5,1.979,68.81
2026-06-25,IF_MFG_002,25,65,22,5,1.979,55.86
2026-06-25,IF_MFG_003,25,35,17,5,1.979,38.85
2026-06-25,IF_MFG_004,5,20,12,5,1.979,34.37
2026-06-25,IF_PRC_001,60,70,20,5,1.979,57.06
2026-06-25,IF_PRC_002,25,55,16,5,1.979,49.27
2026-06-25,IF_PRC_003,5,15,4,5,1.979,24.39
2026-06-25,IF_ASM_001,60,85,34,5,1.979,66.27
2026-06-25,IF_ASM_002,60,80,40,5,1.979,64.21
2026-06-25,IF_DLV_001,100,100,62,5,1.979,87.02
2026-06-26,IF_ORD_001,100,90,40,4,2.129,82.45
2026-06-26,IF_PAY_001,100,100,93,4,2.129,87.47
2026-06-26,IF_PAY_002,25,30,29,4,2.129,40.43
2026-06-26,IF_ORD_002,100,90,63,4,2.129,75.56
2026-06-26,IF_ORD_003,60,80,19,4,2.129,65.42
2026-06-26,IF_MFG_001,60,75,31,4,2.129,63.43
2026-06-26,IF_MFG_002,25,65,21,4,2.129,51.03
2026-06-26,IF_MFG_003,25,35,13,4,2.129,45.41
2026-06-26,IF_MFG_004,5,20,8,4,2.129,30.7
2026-06-26,IF_PRC_001,60,70,54,4,2.129,69.45
2026-06-26,IF_PRC_002,25,55,31,4,2.129,50.35
2026-06-26,IF_PRC_003,5,15,6,4,2.129,28.27
2026-06-26,IF_ASM_001,60,85,28,4,2.129,64.35
2026-06-26,IF_ASM_002,60,80,57,4,2.129,70.47
2026-06-26,IF_DLV_001,100,100,65,4,2.129,86.27
2026-06-27,IF_ORD_001,100,90,61,3,2.303,91.98
2026-06-27,IF_PAY_001,100,100,78,3,2.303,92.19
2026-06-27,IF_PAY_002,25,30,20,3,2.303,47.38
2026-06-27,IF_ORD_002,100,90,54,3,2.303,86.63
2026-06-27,IF_ORD_003,60,80,38,3,2.303,71.55
2026-06-27,IF_MFG_001,60,75,42,3,2.303,67.29
2026-06-27,IF_MFG_002,25,65,27,3,2.303,51.27
2026-06-27,IF_MFG_003,25,35,15,3,2.303,40.68
2026-06-27,IF_MFG_004,5,20,12,3,2.303,29.28
2026-06-27,IF_PRC_001,60,70,43,3,2.303,66.16
2026-06-27,IF_PRC_002,25,55,25,3,2.303,52.03
2026-06-27,IF_PRC_003,5,15,5,3,2.303,28.23
2026-06-27,IF_ASM_001,60,85,22,3,2.303,61.28
2026-06-27,IF_ASM_002,60,80,52,3,2.303,70.16
2026-06-27,IF_DLV_001,100,100,66,3,2.303,87.39
2026-06-28,IF_ORD_001,100,90,49,2,2.503,86.75
2026-06-28,IF_PAY_001,100,100,61,2,2.503,91.72
2026-06-28,IF_PAY_002,25,30,9,2,2.503,31.21
2026-06-28,IF_ORD_002,100,90,48,2,2.503,89.31
2026-06-28,IF_ORD_003,60,80,60,2,2.503,76.3
2026-06-28,IF_MFG_001,60,75,37,2,2.503,69.72
2026-06-28,IF_MFG_002,25,65,22,2,2.503,50.95
2026-06-28,IF_MFG_003,25,35,27,2,2.503,48.71
2026-06-28,IF_MFG_004,5,20,11,2,2.503,36.66
2026-06-28,IF_PRC_001,60,70,29,2,2.503,69.67
2026-06-28,IF_PRC_002,25,55,29,2,2.503,54.47
2026-06-28,IF_PRC_003,5,15,17,2,2.503,35.91
2026-06-28,IF_ASM_001,60,85,38,2,2.503,72.91
2026-06-28,IF_ASM_002,60,80,55,2,2.503,72.68
2026-06-28,IF_DLV_001,100,100,38,2,2.503,94.25
2026-06-29,IF_ORD_001,100,90,72,1,2.734,88.74
2026-06-29,IF_PAY_001,100,100,41,1,2.734,86.69
2026-06-29,IF_PAY_002,25,30,16,1,2.734,43.69
2026-06-29,IF_ORD_002,100,90,44,1,2.734,80.45
2026-06-29,IF_ORD_003,60,80,19,1,2.734,68.1
2026-06-29,IF_MFG_001,60,75,58,1,2.734,73.76
2026-06-29,IF_MFG_002,25,65,35,1,2.734,59.15
2026-06-29,IF_MFG_003,25,35,29,1,2.734,50.43
2026-06-29,IF_MFG_004,5,20,12,1,2.734,33.67
2026-06-29,IF_PRC_001,60,70,28,1,2.734,72.16
2026-06-29,IF_PRC_002,25,55,17,1,2.734,51.42
2026-06-29,IF_PRC_003,5,15,12,1,2.734,36.37
2026-06-29,IF_ASM_001,60,85,60,1,2.734,75.53
2026-06-29,IF_ASM_002,60,80,63,1,2.734,76.44
2026-06-29,IF_DLV_001,100,100,90,1,2.734,95.56
2026-06-30,IF_ORD_001,100,90,50,0,3.0,95.72
2026-06-30,IF_PAY_001,100,100,52,0,3.0,90.86
2026-06-30,IF_PAY_002,25,30,20,0,3.0,52.1
2026-06-30,IF_ORD_002,100,90,62,0,3.0,90.49
2026-06-30,IF_ORD_003,60,80,44,0,3.0,77.73
2026-06-30,IF_MFG_001,60,75,52,0,3.0,78.19
2026-06-30,IF_MFG_002,25,65,22,0,3.0,54.69
2026-06-30,IF_MFG_003,25,35,25,0,3.0,47.9
2026-06-30,IF_MFG_004,5,20,18,0,3.0,38.85
2026-06-30,IF_PRC_001,60,70,27,0,3.0,70.21
2026-06-30,IF_PRC_002,25,55,30,0,3.0,52.98
2026-06-30,IF_PRC_003,5,15,25,0,3.0,40.22
2026-06-30,IF_ASM_001,60,85,48,0,3.0,79.38
2026-06-30,IF_ASM_002,60,80,50,0,3.0,80.14
2026-06-30,IF_DLV_001,100,100,74,0,3.0,99.77
2026-07-01,IF_ORD_001,100,90,27,91,1.0,74.04
2026-07-01,IF_PAY_001,100,100,64,91,1.0,81.18
2026-07-01,IF_PAY_002,25,30,10,91,1.0,28.31
2026-07-01,IF_ORD_002,100,90,37,91,1.0,71.5
2026-07-01,IF_ORD_003,60,80,20,91,1.0,54.79
2026-07-01,IF_MFG_001,60,75,27,91,1.0,62.48
2026-07-01,IF_MFG_002,25,65,24,91,1.0,41.71
2026-07-01,IF_MFG_003,25,35,27,91,1.0,32.02
2026-07-01,IF_MFG_004,5,20,11,91,1.0,19.96
2026-07-01,IF_PRC_001,60,70,31,91,1.0,60.13
2026-07-01,IF_PRC_002,25,55,19,91,1.0,27.93
2026-07-01,IF_PRC_003,5,15,14,91,1.0,16.19
2026-07-01,IF_ASM_001,60,85,31,91,1.0,59.1
2026-07-01,IF_ASM_002,60,80,39,91,1.0,53.43
2026-07-01,IF_DLV_001,100,100,36,91,1.0,79.74
2026-07-02,IF_ORD_001,100,90,46,90,1.0,72.8
2026-07-02,IF_PAY_001,100,100,31,90,1.0,70.13
2026-07-02,IF_PAY_002,25,30,17,90,1.0,27.4
2026-07-02,IF_ORD_002,100,90,48,90,1.0,66.35
2026-07-02,IF_ORD_003,60,80,19,90,1.0,56.84
2026-07-02,IF_MFG_001,60,75,46,90,1.0,54.1
2026-07-02,IF_MFG_002,25,65,12,90,1.0,37.84
2026-07-02,IF_MFG_003,25,35,17,90,1.0,29.23
2026-07-02,IF_MFG_004,5,20,9,90,1.0,17.45
2026-07-02,IF_PRC_001,60,70,31,90,1.0,51.43
2026-07-02,IF_PRC_002,25,55,20,90,1.0,36.6
2026-07-02,IF_PRC_003,5,15,7,90,1.0,16.38
2026-07-02,IF_ASM_001,60,85,58,90,1.0,62.52
2026-07-02,IF_ASM_002,60,80,46,90,1.0,55.94
2026-07-02,IF_DLV_001,100,100,34,90,1.0,74.22
2026-07-03,IF_ORD_001,100,90,26,89,1.0,67.45
2026-07-03,IF_PAY_001,100,100,149,89,1.0,79.01
2026-07-03,IF_PAY_002,25,30,14,89,1.0,30.09
2026-07-03,IF_ORD_002,100,90,51,89,1.0,67.37
2026-07-03,IF_ORD_003,60,80,28,89,1.0,54.69
2026-07-03,IF_MFG_001,60,75,34,89,1.0,56.64
2026-07-03,IF_MFG_002,25,65,18,89,1.0,38.21
2026-07-03,IF_MFG_003,25,35,14,89,1.0,27.82
2026-07-03,IF_MFG_004,5,20,13,89,1.0,20.38
2026-07-03,IF_PRC_001,60,70,30,89,1.0,54.52
2026-07-03,IF_PRC_002,25,55,18,89,1.0,39.86
2026-07-03,IF_PRC_003,5,15,6,89,1.0,14.88
2026-07-03,IF_ASM_001,60,85,16,89,1.0,55.95
2026-07-03,IF_ASM_002,60,80,19,89,1.0,45.25
2026-07-03,IF_DLV_001,100,100,35,89,1.0,73.04
2026-07-04,IF_ORD_001,100,90,50,88,1.0,72.45
2026-07-04,IF_PAY_001,100,100,35,88,1.0,77.11
2026-07-04,IF_PAY_002,25,30,13,88,1.0,27.4
2026-07-04,IF_ORD_002,100,90,38,88,1.0,73.69
2026-07-04,IF_ORD_003,60,80,24,88,1.0,53.85
2026-07-04,IF_MFG_001,60,75,39,88,1.0,57.78
2026-07-04,IF_MFG_002,25,65,18,88,1.0,39.04
2026-07-04,IF_MFG_003,25,35,13,88,1.0,26.35
2026-07-04,IF_MFG_004,5,20,9,88,1.0,18.24
2026-07-04,IF_PRC_001,60,70,22,88,1.0,50.15
2026-07-04,IF_PRC_002,25,55,8,88,1.0,34.28
2026-07-04,IF_PRC_003,5,15,18,88,1.0,16.35
2026-07-04,IF_ASM_001,60,85,22,88,1.0,54.89
2026-07-04,IF_ASM_002,60,80,17,88,1.0,56.39
2026-07-04,IF_DLV_001,100,100,49,88,1.0,72.14
2026-07-05,IF_ORD_001,100,90,48,87,1.0,72.32
2026-07-05,IF_PAY_001,100,100,41,87,1.0,74.15
2026-07-05,IF_PAY_002,25,30,13,87,1.0,28.39
2026-07-05,IF_ORD_002,100,90,25,87,1.0,70.13
2026-07-05,IF_ORD_003,60,80,28,87,1.0,54.34
2026-07-05,IF_MFG_001,60,75,33,87,1.0,57.02
2026-07-05,IF_MFG_002,25,65,23,87,1.0,36.22
2026-07-05,IF_MFG_003,25,35,12,87,1.0,30.85
2026-07-05,IF_MFG_004,5,20,7,87,1.0,22.18
2026-07-05,IF_PRC_001,60,70,34,87,1.0,52.71
2026-07-05,IF_PRC_002,25,55,13,87,1.0,32.02
2026-07-05,IF_PRC_003,5,15,8,87,1.0,13.9
2026-07-05,IF_ASM_001,60,85,43,87,1.0,65.53
2026-07-05,IF_ASM_002,60,80,38,87,1.0,58.02
2026-07-05,IF_DLV_001,100,100,51,87,1.0,69.11
2026-07-06,IF_ORD_001,100,90,36,86,1.0,72.33
2026-07-06,IF_PAY_001,100,100,27,86,1.0,77.62
2026-07-06,IF_PAY_002,25,30,16,86,1.0,25.48
2026-07-06,IF_ORD_002,100,90,63,86,1.0,75.91
2026-07-06,IF_ORD_003,60,80,31,86,1.0,55.28
2026-07-06,IF_MFG_001,60,75,80,86,1.0,57.64
2026-07-06,IF_MFG_002,25,65,16,86,1.0,36.13
2026-07-06,IF_MFG_003,25,35,22,86,1.0,36.13
2026-07-06,IF_MFG_004,5,20,11,86,1.0,23.87
2026-07-06,IF_PRC_001,60,70,17,86,1.0,45.91
2026-07-06,IF_PRC_002,25,55,18,86,1.0,36.75
2026-07-06,IF_PRC_003,5,15,12,86,1.0,16.81
2026-07-06,IF_ASM_001,60,85,25,86,1.0,52.99
2026-07-06,IF_ASM_002,60,80,31,86,1.0,51.75
2026-07-06,IF_DLV_001,100,100,40,86,1.0,72.03
2026-07-07,IF_ORD_001,100,90,56,85,1.0,68.58
2026-07-07,IF_PAY_001,100,100,61,85,1.0,71.26
2026-07-07,IF_PAY_002,25,30,6,85,1.0,23.8
2026-07-07,IF_ORD_002,100,90,50,85,1.0,71.95
2026-07-07,IF_ORD_003,60,80,25,85,1.0,60.69
2026-07-07,IF_MFG_001,60,75,19,85,1.0,49.24
2026-07-07,IF_MFG_002,25,65,10,85,1.0,32.99
2026-07-07,IF_MFG_003,25,35,8,85,1.0,26.84
2026-07-07,IF_MFG_004,5,20,15,85,1.0,22.38
2026-07-07,IF_PRC_001,60,70,33,85,1.0,56.21
2026-07-07,IF_PRC_002,25,55,6,85,1.0,32.12
2026-07-07,IF_PRC_003,5,15,7,85,1.0,16.76
2026-07-07,IF_ASM_001,60,85,20,85,1.0,56.99
2026-07-07,IF_ASM_002,60,80,19,85,1.0,52.11
2026-07-07,IF_DLV_001,100,100,56,85,1.0,73.42
2026-07-08,IF_ORD_001,100,90,35,84,1.0,71.41
2026-07-08,IF_PAY_001,100,100,22,84,1.0,68.97
2026-07-08,IF_PAY_002,25,30,28,84,1.0,30.26
2026-07-08,IF_ORD_002,100,90,55,84,1.0,65.14
2026-07-08,IF_ORD_003,60,80,34,84,1.0,54.96
2026-07-08,IF_MFG_001,60,75,22,84,1.0,46.75
2026-07-08,IF_MFG_002,25,65,19,84,1.0,39.13
2026-07-08,IF_MFG_003,25,35,19,84,1.0,31.96
2026-07-08,IF_MFG_004,5,20,11,84,1.0,22.18
2026-07-08,IF_PRC_001,60,70,22,84,1.0,50.6
2026-07-08,IF_PRC_002,25,55,24,84,1.0,36.26
2026-07-08,IF_PRC_003,5,15,11,84,1.0,17.87
2026-07-08,IF_ASM_001,60,85,32,84,1.0,58.23
2026-07-08,IF_ASM_002,60,80,25,84,1.0,51.03
2026-07-08,IF_DLV_001,100,100,56,84,1.0,75.95
2026-07-09,IF_ORD_001,100,90,48,83,1.0,72.28
2026-07-09,IF_PAY_001,100,100,56,83,1.0,73.39
2026-07-09,IF_PAY_002,25,30,20,83,1.0,28.93
2026-07-09,IF_ORD_002,100,90,122,83,1.0,73.48
2026-07-09,IF_ORD_003,60,80,29,83,1.0,51.97
2026-07-09,IF_MFG_001,60,75,43,83,1.0,53.58
2026-07-09,IF_MFG_002,25,65,15,83,1.0,42.74
2026-07-09,IF_MFG_003,25,35,28,83,1.0,33.42
2026-07-09,IF_MFG_004,5,20,16,83,1.0,21.49
2026-07-09,IF_PRC_001,60,70,39,83,1.0,50.69
2026-07-09,IF_PRC_002,25,55,18,83,1.0,30.73
2026-07-09,IF_PRC_003,5,15,24,83,1.0,15.5
2026-07-09,IF_ASM_001,60,85,29,83,1.0,59.03
2026-07-09,IF_ASM_002,60,80,39,83,1.0,53.27
2026-07-09,IF_DLV_001,100,100,50,83,1.0,74.84
2026-07-10,IF_ORD_001,100,90,47,82,1.0,67.14
2026-07-10,IF_PAY_001,100,100,47,82,1.0,71.38
2026-07-10,IF_PAY_002,25,30,9,82,1.0,27.64
2026-07-10,IF_ORD_002,100,90,44,82,1.0,79.82
2026-07-10,IF_ORD_003,60,80,22,82,1.0,54.14
2026-07-10,IF_MFG_001,60,75,29,82,1.0,54.48
2026-07-10,IF_MFG_002,25,65,13,82,1.0,34.94
2026-07-10,IF_MFG_003,25,35,21,82,1.0,26.22
2026-07-10,IF_MFG_004,5,20,16,82,1.0,25.0
2026-07-10,IF_PRC_001,60,70,25,82,1.0,51.12
2026-07-10,IF_PRC_002,25,55,19,82,1.0,30.53
2026-07-10,IF_PRC_003,5,15,7,82,1.0,13.43
2026-07-10,IF_ASM_001,60,85,36,82,1.0,58.46
2026-07-10,IF_ASM_002,60,80,195,82,1.0,60.53
2026-07-10,IF_DLV_001,100,100,36,82,1.0,75.69
2026-07-11,IF_ORD_001,100,90,25,81,1.0,67.29
2026-07-11,IF_PAY_001,100,100,32,81,1.0,76.13
2026-07-11,IF_PAY_002,25,30,11,81,1.0,22.12
2026-07-11,IF_ORD_002,100,90,54,81,1.0,73.37
2026-07-11,IF_ORD_003,60,80,15,81,1.0,55.1
2026-07-11,IF_MFG_001,60,75,37,81,1.0,50.86
2026-07-11,IF_MFG_002,25,65,24,81,1.0,36.37
2026-07-11,IF_MFG_003,25,35,20,81,1.0,31.24
2026-07-11,IF_MFG_004,5,20,13,81,1.0,22.89
2026-07-11,IF_PRC_001,60,70,35,81,1.0,51.94
2026-07-11,IF_PRC_002,25,55,10,81,1.0,32.51
2026-07-11,IF_PRC_003,5,15,7,81,1.0,15.27
2026-07-11,IF_ASM_001,60,85,34,81,1.0,55.31
2026-07-11,IF_ASM_002,60,80,29,81,1.0,57.14
2026-07-11,IF_DLV_001,100,100,26,81,1.0,68.86
2026-07-12,IF_ORD_001,100,90,34,80,1.0,70.96
2026-07-12,IF_PAY_001,100,100,57,80,1.0,76.06
2026-07-12,IF_PAY_002,25,30,29,80,1.0,34.84
2026-07-12,IF_ORD_002,100,90,61,80,1.0,72.03
2026-07-12,IF_ORD_003,60,80,36,80,1.0,56.98
2026-07-12,IF_MFG_001,60,75,30,80,1.0,58.28
2026-07-12,IF_MFG_002,25,65,79,80,1.0,40.11
2026-07-12,IF_MFG_003,25,35,13,80,1.0,27.74
2026-07-12,IF_MFG_004,5,20,18,80,1.0,21.51
2026-07-12,IF_PRC_001,60,70,24,80,1.0,49.08
2026-07-12,IF_PRC_002,25,55,66,80,1.0,44.1
2026-07-12,IF_PRC_003,5,15,9,80,1.0,19.11
2026-07-12,IF_ASM_001,60,85,28,80,1.0,53.87
2026-07-12,IF_ASM_002,60,80,29,80,1.0,56.66
2026-07-12,IF_DLV_001,100,100,41,80,1.0,72.41
2026-07-13,IF_ORD_001,100,90,36,79,1.0,72.49
2026-07-13,IF_PAY_001,100,100,52,79,1.0,72.76
2026-07-13,IF_PAY_002,25,30,26,79,1.0,30.66
2026-07-13,IF_ORD_002,100,90,50,79,1.0,71.87
2026-07-13,IF_ORD_003,60,80,125,79,1.0,65.33
2026-07-13,IF_MFG_001,60,75,46,79,1.0,58.14
2026-07-13,IF_MFG_002,25,65,20,79,1.0,37.53
2026-07-13,IF_MFG_003,25,35,20,79,1.0,28.42
2026-07-13,IF_MFG_004,5,20,14,79,1.0,18.43
2026-07-13,IF_PRC_001,60,70,32,79,1.0,55.49
2026-07-13,IF_PRC_002,25,55,13,79,1.0,33.51
2026-07-13,IF_PRC_003,5,15,6,79,1.0,13.24
2026-07-13,IF_ASM_001,60,85,37,79,1.0,56.81
2026-07-13,IF_ASM_002,60,80,29,79,1.0,55.7
2026-07-13,IF_DLV_001,100,100,24,79,1.0,69.61
2026-07-14,IF_ORD_001,100,90,65,78,1.0,74.06
2026-07-14,IF_PAY_001,100,100,60,78,1.0,75.66
2026-07-14,IF_PAY_002,25,30,18,78,1.0,27.0
2026-07-14,IF_ORD_002,100,90,43,78,1.0,69.03
2026-07-14,IF_ORD_003,60,80,38,78,1.0,51.69
2026-07-14,IF_MFG_001,60,75,37,78,1.0,56.56
2026-07-14,IF_MFG_002,25,65,19,78,1.0,37.46
2026-07-14,IF_MFG_003,25,35,18,78,1.0,27.44
2026-07-14,IF_MFG_004,5,20,2,78,1.0,15.65
2026-07-14,IF_PRC_001,60,70,39,78,1.0,57.08
2026-07-14,IF_PRC_002,25,55,19,78,1.0,39.69
2026-07-14,IF_PRC_003,5,15,6,78,1.0,11.99
2026-07-14,IF_ASM_001,60,85,36,78,1.0,59.76
2026-07-14,IF_ASM_002,60,80,34,78,1.0,52.15
2026-07-14,IF_DLV_001,100,100,43,78,1.0,69.82
2026-07-15,IF_ORD_001,100,90,30,77,1.0,69.61
2026-07-15,IF_PAY_001,100,100,67,77,1.0,74.71
2026-07-15,IF_PAY_002,25,30,20,77,1.0,26.49
2026-07-15,IF_ORD_002,100,90,47,77,1.0,75.38
2026-07-15,IF_ORD_003,60,80,35,77,1.0,57.09
2026-07-15,IF_MFG_001,60,75,25,77,1.0,49.32
2026-07-15,IF_MFG_002,25,65,23,77,1.0,42.05
2026-07-15,IF_MFG_003,25,35,11,77,1.0,26.15
2026-07-15,IF_MFG_004,5,20,8,77,1.0,21.54
2026-07-15,IF_PRC_001,60,70,121,77,1.0,59.22
2026-07-15,IF_PRC_002,25,55,18,77,1.0,38.21
2026-07-15,IF_PRC_003,5,15,6,77,1.0,15.4
2026-07-15,IF_ASM_001,60,85,38,77,1.0,60.64
2026-07-15,IF_ASM_002,60,80,30,77,1.0,58.03
2026-07-15,IF_DLV_001,100,100,53,77,1.0,78.57
2026-07-16,IF_ORD_001,100,90,45,76,1.0,72.06
2026-07-16,IF_PAY_001,100,100,57,76,1.0,75.48
2026-07-16,IF_PAY_002,25,30,24,76,1.0,27.66
2026-07-16,IF_ORD_002,100,90,48,76,1.0,73.47
2026-07-16,IF_ORD_003,60,80,31,76,1.0,51.3
2026-07-16,IF_MFG_001,60,75,27,76,1.0,50.62
2026-07-16,IF_MFG_002,25,65,16,76,1.0,39.12
2026-07-16,IF_MFG_003,25,35,14,76,1.0,32.25
2026-07-16,IF_MFG_004,5,20,37,76,1.0,23.69
2026-07-16,IF_PRC_001,60,70,37,76,1.0,52.7
2026-07-16,IF_PRC_002,25,55,29,76,1.0,40.54
2026-07-16,IF_PRC_003,5,15,6,76,1.0,16.5
2026-07-16,IF_ASM_001,60,85,31,76,1.0,53.39
2026-07-16,IF_ASM_002,60,80,21,76,1.0,56.84
2026-07-16,IF_DLV_001,100,100,34,76,1.0,72.39
2026-07-17,IF_ORD_001,100,90,33,75,1.0,63.56
2026-07-17,IF_PAY_001,100,100,50,75,1.0,72.03
2026-07-17,IF_PAY_002,25,30,18,75,1.0,30.08
2026-07-17,IF_ORD_002,100,90,41,75,1.0,70.08
2026-07-17,IF_ORD_003,60,80,29,75,1.0,54.41
2026-07-17,IF_MFG_001,60,75,21,75,1.0,46.16
2026-07-17,IF_MFG_002,25,65,12,75,1.0,38.88
2026-07-17,IF_MFG_003,25,35,15,75,1.0,26.63
2026-07-17,IF_MFG_004,5,20,6,75,1.0,17.81
2026-07-17,IF_PRC_001,60,70,27,75,1.0,49.36
2026-07-17,IF_PRC_002,25,55,20,75,1.0,35.93
2026-07-17,IF_PRC_003,5,15,8,75,1.0,16.83
2026-07-17,IF_ASM_001,60,85,14,75,1.0,54.15
2026-07-17,IF_ASM_002,60,80,41,75,1.0,54.38
2026-07-17,IF_DLV_001,100,100,51,75,1.0,71.36
2026-07-18,IF_ORD_001,100,90,50,74,1.0,72.44
2026-07-18,IF_PAY_001,100,100,34,74,1.0,63.84
2026-07-18,IF_PAY_002,25,30,24,74,1.0,30.95
2026-07-18,IF_ORD_002,100,90,46,74,1.0,71.31
2026-07-18,IF_ORD_003,60,80,29,74,1.0,51.87
2026-07-18,IF_MFG_001,60,75,25,74,1.0,56.74
2026-07-18,IF_MFG_002,25,65,21,74,1.0,42.64
2026-07-18,IF_MFG_003,25,35,12,74,1.0,33.09
2026-07-18,IF_MFG_004,5,20,12,74,1.0,18.7
2026-07-18,IF_PRC_001,60,70,41,74,1.0,56.1
2026-07-18,IF_PRC_002,25,55,18,74,1.0,36.53
2026-07-18,IF_PRC_003,5,15,10,74,1.0,14.09
2026-07-18,IF_ASM_001,60,85,38,74,1.0,53.96
2026-07-18,IF_ASM_002,60,80,31,74,1.0,54.39
2026-07-18,IF_DLV_001,100,100,26,74,1.0,72.24
2026-07-19,IF_ORD_001,100,90,46,73,1.0,76.06
2026-07-19,IF_PAY_001,100,100,29,73,1.0,71.21
2026-07-19,IF_PAY_002,25,30,31,73,1.0,28.31
2026-07-19,IF_ORD_002,100,90,23,73,1.0,69.08
2026-07-19,IF_ORD_003,60,80,25,73,1.0,55.27
2026-07-19,IF_MFG_001,60,75,34,73,1.0,58.09
2026-07-19,IF_MFG_002,25,65,16,73,1.0,40.9
2026-07-19,IF_MFG_003,25,35,15,73,1.0,30.28
2026-07-19,IF_MFG_004,5,20,7,73,1.0,18.02
2026-07-19,IF_PRC_001,60,70,33,73,1.0,53.64
2026-07-19,IF_PRC_002,25,55,16,73,1.0,39.86
2026-07-19,IF_PRC_003,5,15,13,73,1.0,22.38
2026-07-19,IF_ASM_001,60,85,114,73,1.0,57.21
2026-07-19,IF_ASM_002,60,80,43,73,1.0,55.72
2026-07-19,IF_DLV_001,100,100,61,73,1.0,79.31
2026-07-20,IF_ORD_001,100,90,45,72,1.0,62.78
2026-07-20,IF_PAY_001,100,100,43,72,1.0,78.7
2026-07-20,IF_PAY_002,25,30,13,72,1.0,29.74
2026-07-20,IF_ORD_002,100,90,55,72,1.0,70.46
2026-07-20,IF_ORD_003,60,80,19,72,1.0,52.79
2026-07-20,IF_MFG_001,60,75,22,72,1.0,46.82
2026-07-20,IF_MFG_002,25,65,22,72,1.0,39.76
2026-07-20,IF_MFG_003,25,35,17,72,1.0,25.63
2026-07-20,IF_MFG_004,5,20,6,72,1.0,21.33
2026-07-20,IF_PRC_001,60,70,40,72,1.0,52.92
2026-07-20,IF_PRC_002,25,55,11,72,1.0,35.55
2026-07-20,IF_PRC_003,5,15,11,72,1.0,20.54
2026-07-20,IF_ASM_001,60,85,26,72,1.0,60.52
2026-07-20,IF_ASM_002,60,80,28,72,1.0,55.07
2026-07-20,IF_DLV_001,100,100,45,72,1.0,75.29
2026-07-21,IF_ORD_001,100,90,26,71,1.0,67.27
2026-07-21,IF_PAY_001,100,100,50,71,1.0,71.23
2026-07-21,IF_PAY_002,25,30,10,71,1.0,32.98
2026-07-21,IF_ORD_002,100,90,43,71,1.0,69.44
2026-07-21,IF_ORD_003,60,80,37,71,1.0,59.47
2026-07-21,IF_MFG_001,60,75,25,71,1.0,62.16
2026-07-21,IF_MFG_002,25,65,73,71,1.0,43.9
2026-07-21,IF_MFG_003,25,35,27,71,1.0,27.06
2026-07-21,IF_MFG_004,5,20,10,71,1.0,20.5
2026-07-21,IF_PRC_001,60,70,38,71,1.0,54.46
2026-07-21,IF_PRC_002,25,55,13,71,1.0,31.93
2026-07-21,IF_PRC_003,5,15,6,71,1.0,14.51
2026-07-21,IF_ASM_001,60,85,25,71,1.0,56.28
2026-07-21,IF_ASM_002,60,80,34,71,1.0,55.1
2026-07-21,IF_DLV_001,100,100,27,71,1.0,72.19
2026-07-22,IF_ORD_001,100,90,31,70,1.0,70.94
2026-07-22,IF_PAY_001,100,100,49,70,1.0,75.26
2026-07-22,IF_PAY_002,25,30,57,70,1.0,34.42
2026-07-22,IF_ORD_002,100,90,39,70,1.0,69.18
2026-07-22,IF_ORD_003,60,80,56,70,1.0,57.14
2026-07-22,IF_MFG_001,60,75,27,70,1.0,57.36
2026-07-22,IF_MFG_002,25,65,15,70,1.0,34.23
2026-07-22,IF_MFG_003,25,35,10,70,1.0,24.77
2026-07-22,IF_MFG_004,5,20,10,70,1.0,17.59
2026-07-22,IF_PRC_001,60,70,37,70,1.0,53.62
2026-07-22,IF_PRC_002,25,55,24,70,1.0,34.52
2026-07-22,IF_PRC_003,5,15,9,70,1.0,16.7
2026-07-22,IF_ASM_001,60,85,32,70,1.0,50.65
2026-07-22,IF_ASM_002,60,80,40,70,1.0,60.51
2026-07-22,IF_DLV_001,100,100,36,70,1.0,73.77
2026-07-23,IF_ORD_001,100,90,31,69,1.0,71.6
2026-07-23,IF_PAY_001,100,100,58,69,1.0,76.17
2026-07-23,IF_PAY_002,25,30,17,69,1.0,23.91
2026-07-23,IF_ORD_002,100,90,64,69,1.0,71.07
2026-07-23,IF_ORD_003,60,80,34,69,1.0,54.66
2026-07-23,IF_MFG_001,60,75,31,69,1.0,52.45
2026-07-23,IF_MFG_002,25,65,15,69,1.0,36.19
2026-07-23,IF_MFG_003,25,35,13,69,1.0,26.56
2026-07-23,IF_MFG_004,5,20,8,69,1.0,17.72
2026-07-23,IF_PRC_001,60,70,26,69,1.0,56.2
2026-07-23,IF_PRC_002,25,55,13,69,1.0,35.19
2026-07-23,IF_PRC_003,5,15,6,69,1.0,11.28
2026-07-23,IF_ASM_001,60,85,38,69,1.0,53.18
2026-07-23,IF_ASM_002,60,80,27,69,1.0,55.67
2026-07-23,IF_DLV_001,100,100,32,69,1.0,74.14
2026-07-24,IF_ORD_001,100,90,57,68,1.0,72.68
2026-07-24,IF_PAY_001,100,100,48,68,1.0,72.18
2026-07-24,IF_PAY_002,25,30,16,68,1.0,28.38
2026-07-24,IF_ORD_002,100,90,62,68,1.0,71.15
2026-07-24,IF_ORD_003,60,80,31,68,1.0,53.88
2026-07-24,IF_MFG_001,60,75,43,68,1.0,58.35
2026-07-24,IF_MFG_002,25,65,17,68,1.0,35.9
2026-07-24,IF_MFG_003,25,35,13,68,1.0,34.52
2026-07-24,IF_MFG_004,5,20,7,68,1.0,15.01
2026-07-24,IF_PRC_001,60,70,28,68,1.0,55.05
2026-07-24,IF_PRC_002,25,55,26,68,1.0,36.78
2026-07-24,IF_PRC_003,5,15,9,68,1.0,18.36
2026-07-24,IF_ASM_001,60,85,28,68,1.0,57.89
2026-07-24,IF_ASM_002,60,80,31,68,1.0,52.9
2026-07-24,IF_DLV_001,100,100,41,68,1.0,69.89
2026-07-25,IF_ORD_001,100,90,46,67,1.0,70.42
2026-07-25,IF_PAY_001,100,100,51,67,1.0,71.46
2026-07-25,IF_PAY_002,25,30,13,67,1.0,28.07
2026-07-25,IF_ORD_002,100,90,109,67,1.0,74.73
2026-07-25,IF_ORD_003,60,80,29,67,1.0,55.21
2026-07-25,IF_MFG_001,60,75,31,67,1.0,54.47
2026-07-25,IF_MFG_002,25,65,19,67,1.0,35.71
2026-07-25,IF_MFG_003,25,35,18,67,1.0,30.33
2026-07-25,IF_MFG_004,5,20,11,67,1.0,25.11
2026-07-25,IF_PRC_001,60,70,39,67,1.0,56.19
2026-07-25,IF_PRC_002,25,55,27,67,1.0,39.83
2026-07-25,IF_PRC_003,5,15,11,67,1.0,13.72
2026-07-25,IF_ASM_001,60,85,38,67,1.0,54.79
2026-07-25,IF_ASM_002,60,80,42,67,1.0,57.22
2026-07-25,IF_DLV_001,100,100,43,67,1.0,72.26
2026-07-26,IF_ORD_001,100,90,45,66,1.0,67.3
2026-07-26,IF_PAY_001,100,100,45,66,1.0,73.43
2026-07-26,IF_PAY_002,25,30,21,66,1.0,27.37
2026-07-26,IF_ORD_002,100,90,48,66,1.0,71.47
2026-07-26,IF_ORD_003,60,80,37,66,1.0,55.25
2026-07-26,IF_MFG_001,60,75,36,66,1.0,50.42
2026-07-26,IF_MFG_002,25,65,17,66,1.0,37.97
2026-07-26,IF_MFG_003,25,35,12,66,1.0,29.05
2026-07-26,IF_MFG_004,5,20,9,66,1.0,16.28
2026-07-26,IF_PRC_001,60,70,17,66,1.0,42.27
2026-07-26,IF_PRC_002,25,55,17,66,1.0,41.05
2026-07-26,IF_PRC_003,5,15,10,66,1.0,12.77
2026-07-26,IF_ASM_001,60,85,28,66,1.0,54.8
2026-07-26,IF_ASM_002,60,80,37,66,1.0,63.41
2026-07-26,IF_DLV_001,100,100,41,66,1.0,73.33
2026-07-27,IF_ORD_001,100,90,139,65,1.0,77.76
2026-07-27,IF_PAY_001,100,100,30,65,1.0,68.67
2026-07-27,IF_PAY_002,25,30,12,65,1.0,30.91
2026-07-27,IF_ORD_002,100,90,27,65,1.0,73.35
2026-07-27,IF_ORD_003,60,80,34,65,1.0,58.23
2026-07-27,IF_MFG_001,60,75,20,65,1.0,50.34
2026-07-27,IF_MFG_002,25,65,12,65,1.0,35.42
2026-07-27,IF_MFG_003,25,35,23,65,1.0,31.25
2026-07-27,IF_MFG_004,5,20,12,65,1.0,19.69
2026-07-27,IF_PRC_001,60,70,25,65,1.0,55.56
2026-07-27,IF_PRC_002,25,55,22,65,1.0,36.21
2026-07-27,IF_PRC_003,5,15,8,65,1.0,12.67
2026-07-27,IF_ASM_001,60,85,21,65,1.0,55.46
2026-07-27,IF_ASM_002,60,80,22,65,1.0,51.82
2026-07-27,IF_DLV_001,100,100,35,65,1.0,71.07
2026-07-28,IF_ORD_001,100,90,26,64,1.0,67.66
2026-07-28,IF_PAY_001,100,100,57,64,1.0,71.83
2026-07-28,IF_PAY_002,25,30,26,64,1.0,33.42
2026-07-28,IF_ORD_002,100,90,53,64,1.0,79.09
2026-07-28,IF_ORD_003,60,80,34,64,1.0,57.74
2026-07-28,IF_MFG_001,60,75,31,64,1.0,59.6
2026-07-28,IF_MFG_002,25,65,25,64,1.0,43.54
2026-07-28,IF_MFG_003,25,35,21,64,1.0,30.55
2026-07-28,IF_MFG_004,5,20,6,64,1.0,19.52
2026-07-28,IF_PRC_001,60,70,27,64,1.0,57.15
2026-07-28,IF_PRC_002,25,55,13,64,1.0,35.7
2026-07-28,IF_PRC_003,5,15,8,64,1.0,18.6
2026-07-28,IF_ASM_001,60,85,18,64,1.0,53.47
2026-07-28,IF_ASM_002,60,80,27,64,1.0,55.8
2026-07-28,IF_DLV_001,100,100,42,64,1.0,74.24
2026-07-29,IF_ORD_001,100,90,56,63,1.0,70.96
2026-07-29,IF_PAY_001,100,100,67,63,1.0,78.45
2026-07-29,IF_PAY_002,25,30,19,63,1.0,26.55
2026-07-29,IF_ORD_002,100,90,37,63,1.0,69.53
2026-07-29,IF_ORD_003,60,80,29,63,1.0,55.07
2026-07-29,IF_MFG_001,60,75,16,63,1.0,48.89
2026-07-29,IF_MFG_002,25,65,19,63,1.0,34.08
2026-07-29,IF_MFG_003,25,35,27,63,1.0,25.53
2026-07-29,IF_MFG_004,5,20,15,63,1.0,16.8
2026-07-29,IF_PRC_001,60,70,16,63,1.0,49.38
2026-07-29,IF_PRC_002,25,55,20,63,1.0,33.26
2026-07-29,IF_PRC_003,5,15,10,63,1.0,17.68
2026-07-29,IF_ASM_001,60,85,19,63,1.0,55.3
2026-07-29,IF_ASM_002,60,80,28,63,1.0,53.42
2026-07-29,IF_DLV_001,100,100,45,63,1.0,76.04
2026-07-30,IF_ORD_001,100,90,63,62,1.0,72.3
2026-07-30,IF_PAY_001,100,100,52,62,1.0,69.35
2026-07-30,IF_PAY_002,25,30,17,62,1.0,26.43
2026-07-30,IF_ORD_002,100,90,59,62,1.0,72.28
2026-07-30,IF_ORD_003,60,80,35,62,1.0,60.46
2026-07-30,IF_MFG_001,60,75,75,62,1.0,54.89
2026-07-30,IF_MFG_002,25,65,24,62,1.0,40.54
2026-07-30,IF_MFG_003,25,35,20,62,1.0,32.01
2026-07-30,IF_MFG_004,5,20,6,62,1.0,12.67
2026-07-30,IF_PRC_001,60,70,16,62,1.0,50.93
2026-07-30,IF_PRC_002,25,55,11,62,1.0,38.18
2026-07-30,IF_PRC_003,5,15,8,62,1.0,16.91
2026-07-30,IF_ASM_001,60,85,32,62,1.0,57.78
2026-07-30,IF_ASM_002,60,80,16,62,1.0,52.74
2026-07-30,IF_DLV_001,100,100,50,62,1.0,77.91
2026-07-31,IF_ORD_001,100,90,46,61,1.0,76.08
2026-07-31,IF_PAY_001,100,100,42,61,1.0,74.24
2026-07-31,IF_PAY_002,25,30,24,61,1.0,29.99
2026-07-31,IF_ORD_002,100,90,47,61,1.0,79.7
2026-07-31,IF_ORD_003,60,80,26,61,1.0,55.34
2026-07-31,IF_MFG_001,60,75,17,61,1.0,46.02
2026-07-31,IF_MFG_002,25,65,23,61,1.0,31.1
2026-07-31,IF_MFG_003,25,35,28,61,1.0,28.48
2026-07-31,IF_MFG_004,5,20,7,61,1.0,13.34
2026-07-31,IF_PRC_001,60,70,35,61,1.0,51.44
2026-07-31,IF_PRC_002,25,55,22,61,1.0,39.24
2026-07-31,IF_PRC_003,5,15,12,61,1.0,18.34
2026-07-31,IF_ASM_001,60,85,43,61,1.0,60.84
2026-07-31,IF_ASM_002,60,80,34,61,1.0,56.37
2026-07-31,IF_DLV_001,100,100,28,61,1.0,68.75
2026-08-01,IF_ORD_001,100,90,49,60,1.0,72.31
2026-08-01,IF_PAY_001,100,100,28,60,1.0,69.19
2026-08-01,IF_PAY_002,25,30,19,60,1.0,29.33
2026-08-01,IF_ORD_002,100,90,41,60,1.0,69.42
2026-08-01,IF_ORD_003,60,80,37,60,1.0,53.74
2026-08-01,IF_MFG_001,60,75,40,60,1.0,51.06
2026-08-01,IF_MFG_002,25,65,10,60,1.0,34.81
2026-08-01,IF_MFG_003,25,35,14,60,1.0,30.99
2026-08-01,IF_MFG_004,5,20,9,60,1.0,12.11
2026-08-01,IF_PRC_001,60,70,37,60,1.0,53.66
2026-08-01,IF_PRC_002,25,55,13,60,1.0,31.73
2026-08-01,IF_PRC_003,5,15,11,60,1.0,18.29
2026-08-01,IF_ASM_001,60,85,20,60,1.0,53.04
2026-08-01,IF_ASM_002,60,80,39,60,1.0,60.93
2026-08-01,IF_DLV_001,100,100,43,60,1.0,73.95
2026-08-02,IF_ORD_001,100,90,32,59,1.0,71.99
2026-08-02,IF_PAY_001,100,100,36,59,1.0,72.82
2026-08-02,IF_PAY_002,25,30,10,59,1.0,27.24
2026-08-02,IF_ORD_002,100,90,27,59,1.0,72.17
2026-08-02,IF_ORD_003,60,80,16,59,1.0,56.79
2026-08-02,IF_MFG_001,60,75,29,59,1.0,53.21
2026-08-02,IF_MFG_002,25,65,13,59,1.0,34.94
2026-08-02,IF_MFG_003,25,35,15,59,1.0,31.01
2026-08-02,IF_MFG_004,5,20,13,59,1.0,16.64
2026-08-02,IF_PRC_001,60,70,23,59,1.0,54.99
2026-08-02,IF_PRC_002,25,55,17,59,1.0,32.8
2026-08-02,IF_PRC_003,5,15,8,59,1.0,15.16
2026-08-02,IF_ASM_001,60,85,37,59,1.0,57.81
2026-08-02,IF_ASM_002,60,80,29,59,1.0,55.77
2026-08-02,IF_DLV_001,100,100,41,59,1.0,73.69
2026-08-03,IF_ORD_001,100,90,59,58,1.001,72.01
2026-08-03,IF_PAY_001,100,100,51,58,1.001,75.37
2026-08-03,IF_PAY_002,25,30,16,58,1.001,32.14
2026-08-03,IF_ORD_002,100,90,43,58,1.001,69.94
2026-08-03,IF_ORD_003,60,80,39,58,1.001,51.44
2026-08-03,IF_MFG_001,60,75,22,58,1.001,49.33
2026-08-03,IF_MFG_002,25,65,18,58,1.001,41.56
2026-08-03,IF_MFG_003,25,35,16,58,1.001,28.12
2026-08-03,IF_MFG_004,5,20,14,58,1.001,14.6
2026-08-03,IF_PRC_001,60,70,34,58,1.001,53.14
2026-08-03,IF_PRC_002,25,55,10,58,1.001,30.7
2026-08-03,IF_PRC_003,5,15,10,58,1.001,17.32
2026-08-03,IF_ASM_001,60,85,34,58,1.001,56.99
2026-08-03,IF_ASM_002,60,80,21,58,1.001,55.07
2026-08-03,IF_DLV_001,100,100,29,58,1.001,68.53
2026-08-04,IF_ORD_001,100,90,45,57,1.001,76.17
2026-08-04,IF_PAY_001,100,100,30,57,1.001,73.74
2026-08-04,IF_PAY_002,25,30,10,57,1.001,25.67
2026-08-04,IF_ORD_002,100,90,38,57,1.001,72.4
2026-08-04,IF_ORD_003,60,80,35,57,1.001,52.23
2026-08-04,IF_MFG_001,60,75,29,57,1.001,50.14
2026-08-04,IF_MFG_002,25,65,11,57,1.001,35.24
2026-08-04,IF_MFG_003,25,35,29,57,1.001,31.65
2026-08-04,IF_MFG_004,5,20,11,57,1.001,23.21
2026-08-04,IF_PRC_001,60,70,20,57,1.001,49.75
2026-08-04,IF_PRC_002,25,55,32,57,1.001,42.42
2026-08-04,IF_PRC_003,5,15,9,57,1.001,23.5
2026-08-04,IF_ASM_001,60,85,32,57,1.001,57.32
2026-08-04,IF_ASM_002,60,80,31,57,1.001,57.58
2026-08-04,IF_DLV_001,100,100,32,57,1.001,70.24
2026-08-05,IF_ORD_001,100,90,284,56,1.001,78.44
2026-08-05,IF_PAY_001,100,100,43,56,1.001,72.42
2026-08-05,IF_PAY_002,25,30,16,56,1.001,23.73
2026-08-05,IF_ORD_002,100,90,49,56,1.001,74.71
2026-08-05,IF_ORD_003,60,80,26,56,1.001,54.45
2026-08-05,IF_MFG_001,60,75,18,56,1.001,55.84
2026-08-05,IF_MFG_002,25,65,17,56,1.001,40.01
2026-08-05,IF_MFG_003,25,35,15,56,1.001,25.26
2026-08-05,IF_MFG_004,5,20,10,56,1.001,21.37
2026-08-05,IF_PRC_001,60,70,20,56,1.001,53.05
2026-08-05,IF_PRC_002,25,55,13,56,1.001,34.42
2026-08-05,IF_PRC_003,5,15,7,56,1.001,17.44
2026-08-05,IF_ASM_001,60,85,26,56,1.001,58.41
2026-08-05,IF_ASM_002,60,80,30,56,1.001,55.49
2026-08-05,IF_DLV_001,100,100,50,56,1.001,73.32
2026-08-06,IF_ORD_001,100,90,59,55,1.001,73.23
2026-08-06,IF_PAY_001,100,100,51,55,1.001,77.56
2026-08-06,IF_PAY_002,25,30,21,55,1.001,27.93
2026-08-06,IF_ORD_002,100,90,46,55,1.001,72.54
2026-08-06,IF_ORD_003,60,80,39,55,1.001,58.36
2026-08-06,IF_MFG_001,60,75,15,55,1.001,49.89
2026-08-06,IF_MFG_002,25,65,17,55,1.001,39.91
2026-08-06,IF_MFG_003,25,35,10,55,1.001,27.95
2026-08-06,IF_MFG_004,5,20,11,55,1.001,15.54
2026-08-06,IF_PRC_001,60,70,29,55,1.001,53.28
2026-08-06,IF_PRC_002,25,55,19,55,1.001,35.76
2026-08-06,IF_PRC_003,5,15,8,55,1.001,14.71
2026-08-06,IF_ASM_001,60,85,21,55,1.001,58.91
2026-08-06,IF_ASM_002,60,80,25,55,1.001,54.28
2026-08-06,IF_DLV_001,100,100,47,55,1.001,72.53
2026-08-07,IF_ORD_001,100,90,30,54,1.001,69.44
2026-08-07,IF_PAY_001,100,100,56,54,1.001,76.35
2026-08-07,IF_PAY_002,25,30,15,54,1.001,25.88
2026-08-07,IF_ORD_002,100,90,57,54,1.001,77.15
2026-08-07,IF_ORD_003,60,80,34,54,1.001,57.58
2026-08-07,IF_MFG_001,60,75,34,54,1.001,51.73
2026-08-07,IF_MFG_002,25,65,23,54,1.001,40.11
2026-08-07,IF_MFG_003,25,35,13,54,1.001,30.64
2026-08-07,IF_MFG_004,5,20,7,54,1.001,17.12
2026-08-07,IF_PRC_001,60,70,23,54,1.001,47.01
2026-08-07,IF_PRC_002,25,55,15,54,1.001,35.41
2026-08-07,IF_PRC_003,5,15,14,54,1.001,19.63
2026-08-07,IF_ASM_001,60,85,51,54,1.001,59.16
2026-08-07,IF_ASM_002,60,80,28,54,1.001,54.83
2026-08-07,IF_DLV_001,100,100,26,54,1.001,72.37
2026-08-08,IF_ORD_001,100,90,27,53,1.001,69.71
2026-08-08,IF_PAY_001,100,100,37,53,1.001,77.49
2026-08-08,IF_PAY_002,25,30,21,53,1.001,36.39
2026-08-08,IF_ORD_002,100,90,44,53,1.001,75.59
2026-08-08,IF_ORD_003,60,80,28,53,1.001,53.67
2026-08-08,IF_MFG_001,60,75,46,53,1.001,59.45
2026-08-08,IF_MFG_002,25,65,13,53,1.001,33.35
2026-08-08,IF_MFG_003,25,35,19,53,1.001,36.22
2026-08-08,IF_MFG_004,5,20,32,53,1.001,23.55
2026-08-08,IF_PRC_001,60,70,30,53,1.001,58.39
2026-08-08,IF_PRC_002,25,55,38,53,1.001,37.96
2026-08-08,IF_PRC_003,5,15,14,53,1.001,19.28
2026-08-08,IF_ASM_001,60,85,42,53,1.001,56.51
2026-08-08,IF_ASM_002,60,80,26,53,1.001,52.13
2026-08-08,IF_DLV_001,100,100,49,53,1.001,75.94
2026-08-09,IF_ORD_001,100,90,148,52,1.001,78.99
2026-08-09,IF_PAY_001,100,100,42,52,1.001,70.06
2026-08-09,IF_PAY_002,25,30,61,52,1.001,37.41
2026-08-09,IF_ORD_002,100,90,44,52,1.001,71.15
2026-08-09,IF_ORD_003,60,80,35,52,1.001,49.39
2026-08-09,IF_MFG_001,60,75,11,52,1.001,45.47
2026-08-09,IF_MFG_002,25,65,25,52,1.001,32.8
2026-08-09,IF_MFG_003,25,35,16,52,1.001,32.14
2026-08-09,IF_MFG_004,5,20,7,52,1.001,17.51
2026-08-09,IF_PRC_001,60,70,46,52,1.001,56.44
2026-08-09,IF_PRC_002,25,55,9,52,1.001,35.64
2026-08-09,IF_PRC_003,5,15,10,52,1.001,21.72
2026-08-09,IF_ASM_001,60,85,18,52,1.001,52.45
2026-08-09,IF_ASM_002,60,80,38,52,1.001,53.7
2026-08-09,IF_DLV_001,100,100,58,52,1.001,80.19
2026-08-10,IF_ORD_001,100,90,35,51,1.001,66.95
2026-08-10,IF_PAY_001,100,100,36,51,1.001,74.58
2026-08-10,IF_PAY_002,25,30,23,51,1.001,26.76
2026-08-10,IF_ORD_002,100,90,42,51,1.001,74.9
2026-08-10,IF_ORD_003,60,80,70,51,1.001,64.58
2026-08-10,IF_MFG_001,60,75,55,51,1.001,57.21
2026-08-10,IF_MFG_002,25,65,19,51,1.001,44.45
2026-08-10,IF_MFG_003,25,35,12,51,1.001,32.8
2026-08-10,IF_MFG_004,5,20,13,51,1.001,18.7
2026-08-10,IF_PRC_001,60,70,35,51,1.001,60.86
2026-08-10,IF_PRC_002,25,55,12,51,1.001,32.91
2026-08-10,IF_PRC_003,5,15,13,51,1.001,15.97
2026-08-10,IF_ASM_001,60,85,34,51,1.001,59.48
2026-08-10,IF_ASM_002,60,80,27,51,1.001,52.83
2026-08-10,IF_DLV_001,100,100,64,51,1.001,73.37
2026-08-11,IF_ORD_001,100,90,52,50,1.002,74.43
2026-08-11,IF_PAY_001,100,100,32,50,1.002,74.13
2026-08-11,IF_PAY_002,25,30,6,50,1.002,26.93
2026-08-11,IF_ORD_002,100,90,54,50,1.002,71.2
2026-08-11,IF_ORD_003,60,80,25,50,1.002,60.69
2026-08-11,IF_MFG_001,60,75,16,50,1.002,51.47
2026-08-11,IF_MFG_002,25,65,25,50,1.002,42.5
2026-08-11,IF_MFG_003,25,35,6,50,1.002,25.05
2026-08-11,IF_MFG_004,5,20,10,50,1.002,15.35
2026-08-11,IF_PRC_001,60,70,33,50,1.002,48.84
2026-08-11,IF_PRC_002,25,55,13,50,1.002,31.7
2026-08-11,IF_PRC_003,5,15,48,50,1.002,24.34
2026-08-11,IF_ASM_001,60,85,26,50,1.002,57.26
2026-08-11,IF_ASM_002,60,80,38,50,1.002,56.13
2026-08-11,IF_DLV_001,100,100,45,50,1.002,79.2
2026-08-12,IF_ORD_001,100,90,65,49,1.002,73.75
2026-08-12,IF_PAY_001,100,100,38,49,1.002,73.8
2026-08-12,IF_PAY_002,25,30,21,49,1.002,30.87
2026-08-12,IF_ORD_002,100,90,40,49,1.002,71.91
2026-08-12,IF_ORD_003,60,80,21,49,1.002,49.7
2026-08-12,IF_MFG_001,60,75,29,49,1.002,52.87
2026-08-12,IF_MFG_002,25,65,8,49,1.002,33.35
2026-08-12,IF_MFG_003,25,35,11,49,1.002,28.07
2026-08-12,IF_MFG_004,5,20,3,49,1.002,10.44
2026-08-12,IF_PRC_001,60,70,28,49,1.002,56.56
2026-08-12,IF_PRC_002,25,55,17,49,1.002,33.06
2026-08-12,IF_PRC_003,5,15,11,49,1.002,18.17
2026-08-12,IF_ASM_001,60,85,23,49,1.002,54.7
2026-08-12,IF_ASM_002,60,80,38,49,1.002,58.09
2026-08-12,IF_DLV_001,100,100,38,49,1.002,73.21
2026-08-13,IF_ORD_001,100,90,26,48,1.002,65.29
2026-08-13,IF_PAY_001,100,100,38,48,1.002,75.49
2026-08-13,IF_PAY_002,25,30,25,48,1.002,26.64
2026-08-13,IF_ORD_002,100,90,47,48,1.002,73.38
2026-08-13,IF_ORD_003,60,80,34,48,1.002,58.77
2026-08-13,IF_MFG_001,60,75,25,48,1.002,51.33
2026-08-13,IF_MFG_002,25,65,28,48,1.002,41.64
2026-08-13,IF_MFG_003,25,35,22,48,1.002,36.68
2026-08-13,IF_MFG_004,5,20,13,48,1.002,20.07
2026-08-13,IF_PRC_001,60,70,129,48,1.002,61.55
2026-08-13,IF_PRC_002,25,55,19,48,1.002,39.37
2026-08-13,IF_PRC_003,5,15,12,48,1.002,15.89
2026-08-13,IF_ASM_001,60,85,29,48,1.002,58.52
2026-08-13,IF_ASM_002,60,80,23,48,1.002,55.58
2026-08-13,IF_DLV_001,100,100,31,48,1.002,80.54
2026-08-14,IF_ORD_001,100,90,56,47,1.002,78.7
2026-08-14,IF_PAY_001,100,100,61,47,1.002,79.31
2026-08-14,IF_PAY_002,25,30,13,47,1.002,27.14
2026-08-14,IF_ORD_002,100,90,49,47,1.002,77.6
2026-08-14,IF_ORD_003,60,80,33,47,1.002,58.13
2026-08-14,IF_MFG_001,60,75,35,47,1.002,55.54
2026-08-14,IF_MFG_002,25,65,19,47,1.002,41.15
2026-08-14,IF_MFG_003,25,35,9,47,1.002,26.77
2026-08-14,IF_MFG_004,5,20,15,47,1.002,26.47
2026-08-14,IF_PRC_001,60,70,22,47,1.002,47.36
2026-08-14,IF_PRC_002,25,55,21,47,1.002,33.28
2026-08-14,IF_PRC_003,5,15,9,47,1.002,17.87
2026-08-14,IF_ASM_001,60,85,26,47,1.002,54.45
2026-08-14,IF_ASM_002,60,80,158,47,1.002,62.52
2026-08-14,IF_DLV_001,100,100,45,47,1.002,76.22
2026-08-15,IF_ORD_001,100,90,51,46,1.003,72.8
2026-08-15,IF_PAY_001,100,100,68,46,1.003,76.29
2026-08-15,IF_PAY_002,25,30,20,46,1.003,34.26
2026-08-15,IF_ORD_002,100,90,39,46,1.003,67.68
2026-08-15,IF_ORD_003,60,80,14,46,1.003,48.89
2026-08-15,IF_MFG_001,60,75,24,46,1.003,57.75
2026-08-15,IF_MFG_002,25,65,12,46,1.003,37.97
2026-08-15,IF_MFG_003,25,35,20,46,1.003,34.63
2026-08-15,IF_MFG_004,5,20,6,46,1.003,16.39
2026-08-15,IF_PRC_001,60,70,28,46,1.003,48.6
2026-08-15,IF_PRC_002,25,55,29,46,1.003,35.48
2026-08-15,IF_PRC_003,5,15,10,46,1.003,21.1
2026-08-15,IF_ASM_001,60,85,24,46,1.003,62.94
2026-08-15,IF_ASM_002,60,80,75,46,1.003,61.67
2026-08-15,IF_DLV_001,100,100,33,46,1.003,73.17
2026-08-16,IF_ORD_001,100,90,34,45,1.003,67.44
2026-08-16,IF_PAY_001,100,100,30,45,1.003,73.42
2026-08-16,IF_PAY_002,25,30,23,45,1.003,37.14
2026-08-16,IF_ORD_002,100,90,33,45,1.003,69.78
2026-08-16,IF_ORD_003,60,80,42,45,1.003,55.61
2026-08-16,IF_MFG_001,60,75,38,45,1.003,52.74
2026-08-16,IF_MFG_002,25,65,22,45,1.003,38.95
2026-08-16,IF_MFG_003,25,35,14,45,1.003,25.9
2026-08-16,IF_MFG_004,5,20,8,45,1.003,17.85
2026-08-16,IF_PRC_001,60,70,22,45,1.003,50.49
2026-08-16,IF_PRC_002,25,55,16,45,1.003,36.41
2026-08-16,IF_PRC_003,5,15,9,45,1.003,18.72
2026-08-16,IF_ASM_001,60,85,31,45,1.003,55.37
2026-08-16,IF_ASM_002,60,80,22,45,1.003,58.29
2026-08-16,IF_DLV_001,100,100,49,45,1.003,71.32
2026-08-17,IF_ORD_001,100,90,44,44,1.004,66.89
2026-08-17,IF_PAY_001,100,100,49,44,1.004,73.17
2026-08-17,IF_PAY_002,25,30,14,44,1.004,22.96
2026-08-17,IF_ORD_002,100,90,59,44,1.004,73.71
2026-08-17,IF_ORD_003,60,80,32,44,1.004,53.88
2026-08-17,IF_MFG_001,60,75,21,44,1.004,49.47
2026-08-17,IF_MFG_002,25,65,17,44,1.004,37.26
2026-08-17,IF_MFG_003,25,35,5,44,1.004,26.25
2026-08-17,IF_MFG_004,5,20,9,44,1.004,17.2
2026-08-17,IF_PRC_001,60,70,33,44,1.004,45.92
2026-08-17,IF_PRC_002,25,55,12,44,1.004,36.16
2026-08-17,IF_PRC_003,5,15,4,44,1.004,16.4
2026-08-17,IF_ASM_001,60,85,27,44,1.004,52.0
2026-08-17,IF_ASM_002,60,80,27,44,1.004,56.95
2026-08-17,IF_DLV_001,100,100,51,44,1.004,74.96
2026-08-18,IF_ORD_001,100,90,64,43,1.004,74.1
2026-08-18,IF_PAY_001,100,100,57,43,1.004,73.79
2026-08-18,IF_PAY_002,25,30,40,43,1.004,33.04
2026-08-18,IF_ORD_002,100,90,35,43,1.004,70.16
2026-08-18,IF_ORD_003,60,80,26,43,1.004,57.89
2026-08-18,IF_MFG_001,60,75,27,43,1.004,48.37
2026-08-18,IF_MFG_002,25,65,14,43,1.004,34.78
2026-08-18,IF_MFG_003,25,35,14,43,1.004,26.07
2026-08-18,IF_MFG_004,5,20,10,43,1.004,20.14
2026-08-18,IF_PRC_001,60,70,21,43,1.004,55.25
2026-08-18,IF_PRC_002,25,55,21,43,1.004,34.93
2026-08-18,IF_PRC_003,5,15,19,43,1.004,19.6
2026-08-18,IF_ASM_001,60,85,12,43,1.004,47.41
2026-08-18,IF_ASM_002,60,80,42,43,1.004,56.38
2026-08-18,IF_DLV_001,100,100,49,43,1.004,75.6
2026-08-19,IF_ORD_001,100,90,39,42,1.005,73.82
2026-08-19,IF_PAY_001,100,100,24,42,1.005,74.85
2026-08-19,IF_PAY_002,25,30,11,42,1.005,26.28
2026-08-19,IF_ORD_002,100,90,41,42,1.005,73.65
2026-08-19,IF_ORD_003,60,80,30,42,1.005,53.8
2026-08-19,IF_MFG_001,60,75,22,42,1.005,55.16
2026-08-19,IF_MFG_002,25,65,16,42,1.005,36.39
2026-08-19,IF_MFG_003,25,35,12,42,1.005,24.16
2026-08-19,IF_MFG_004,5,20,5,42,1.005,17.36
2026-08-19,IF_PRC_001,60,70,25,42,1.005,48.78
2026-08-19,IF_PRC_002,25,55,15,42,1.005,34.62
2026-08-19,IF_PRC_003,5,15,12,42,1.005,20.16
2026-08-19,IF_ASM_001,60,85,46,42,1.005,52.17
2026-08-19,IF_ASM_002,60,80,25,42,1.005,59.25
2026-08-19,IF_DLV_001,100,100,45,42,1.005,68.8
2026-08-20,IF_ORD_001,100,90,63,41,1.006,75.84
2026-08-20,IF_PAY_001,100,100,32,41,1.006,75.73
2026-08-20,IF_PAY_002,25,30,18,41,1.006,32.77
2026-08-20,IF_ORD_002,100,90,35,41,1.006,74.08
2026-08-20,IF_ORD_003,60,80,78,41,1.006,56.95
2026-08-20,IF_MFG_001,60,75,24,41,1.006,57.4
2026-08-20,IF_MFG_002,25,65,15,41,1.006,39.27
2026-08-20,IF_MFG_003,25,35,31,41,1.006,34.41
2026-08-20,IF_MFG_004,5,20,16,41,1.006,19.05
2026-08-20,IF_PRC_001,60,70,43,41,1.006,52.24
2026-08-20,IF_PRC_002,25,55,15,41,1.006,32.6
2026-08-20,IF_PRC_003,5,15,8,41,1.006,13.11
2026-08-20,IF_ASM_001,60,85,31,41,1.006,56.71
2026-08-20,IF_ASM_002,60,80,128,41,1.006,68.57
2026-08-20,IF_DLV_001,100,100,55,41,1.006,74.66
2026-08-21,IF_ORD_001,100,90,38,40,1.007,70.68
2026-08-21,IF_PAY_001,100,100,45,40,1.007,81.85
2026-08-21,IF_PAY_002,25,30,14,40,1.007,32.07
2026-08-21,IF_ORD_002,100,90,37,40,1.007,71.27
2026-08-21,IF_ORD_003,60,80,44,40,1.007,58.15
2026-08-21,IF_MFG_001,60,75,22,40,1.007,47.2
2026-08-21,IF_MFG_002,25,65,20,40,1.007,46.22
2026-08-21,IF_MFG_003,25,35,10,40,1.007,31.46
2026-08-21,IF_MFG_004,5,20,16,40,1.007,23.11
2026-08-21,IF_PRC_001,60,70,33,40,1.007,55.91
2026-08-21,IF_PRC_002,25,55,14,40,1.007,30.88
2026-08-21,IF_PRC_003,5,15,3,40,1.007,11.57
2026-08-21,IF_ASM_001,60,85,44,40,1.007,58.68
2026-08-21,IF_ASM_002,60,80,28,40,1.007,48.97
2026-08-21,IF_DLV_001,100,100,31,40,1.007,72.42
2026-08-22,IF_ORD_001,100,90,39,39,1.008,73.44
2026-08-22,IF_PAY_001,100,100,33,39,1.008,69.99
2026-08-22,IF_PAY_002,25,30,16,39,1.008,33.01
2026-08-22,IF_ORD_002,100,90,27,39,1.008,72.43
2026-08-22,IF_ORD_003,60,80,29,39,1.008,52.49
2026-08-22,IF_MFG_001,60,75,42,39,1.008,51.57
2026-08-22,IF_MFG_002,25,65,12,39,1.008,38.3
2026-08-22,IF_MFG_003,25,35,24,39,1.008,35.38
2026-08-22,IF_MFG_004,5,20,14,39,1.008,17.52
2026-08-22,IF_PRC_001,60,70,48,39,1.008,54.38
2026-08-22,IF_PRC_002,25,55,22,39,1.008,33.87
2026-08-22,IF_PRC_003,5,15,11,39,1.008,13.9
2026-08-22,IF_ASM_001,60,85,41,39,1.008,57.63
2026-08-22,IF_ASM_002,60,80,35,39,1.008,54.46
2026-08-22,IF_DLV_001,100,100,104,39,1.008,76.97
2026-08-23,IF_ORD_001,100,90,56,38,1.009,74.5
2026-08-23,IF_PAY_001,100,100,36,38,1.009,69.48
2026-08-23,IF_PAY_002,25,30,9,38,1.009,29.62
2026-08-23,IF_ORD_002,100,90,42,38,1.009,73.48
2026-08-23,IF_ORD_003,60,80,41,38,1.009,54.99
2026-08-23,IF_MFG_001,60,75,30,38,1.009,51.89
2026-08-23,IF_MFG_002,25,65,60,38,1.009,44.38
2026-08-23,IF_MFG_003,25,35,9,38,1.009,25.7
2026-08-23,IF_MFG_004,5,20,10,38,1.009,22.36
2026-08-23,IF_PRC_001,60,70,45,38,1.009,53.8
2026-08-23,IF_PRC_002,25,55,15,38,1.009,36.84
2026-08-23,IF_PRC_003,5,15,15,38,1.009,23.32
2026-08-23,IF_ASM_001,60,85,35,38,1.009,60.26
2026-08-23,IF_ASM_002,60,80,33,38,1.009,54.21
2026-08-23,IF_DLV_001,100,100,38,38,1.009,76.5
2026-08-24,IF_ORD_001,100,90,31,37,1.01,66.03
2026-08-24,IF_PAY_001,100,100,30,37,1.01,69.97
2026-08-24,IF_PAY_002,25,30,14,37,1.01,28.18
2026-08-24,IF_ORD_002,100,90,43,37,1.01,65.63
2026-08-24,IF_ORD_003,60,80,28,37,1.01,57.75
2026-08-24,IF_MFG_001,60,75,41,37,1.01,56.31
2026-08-24,IF_MFG_002,25,65,17,37,1.01,38.88
2026-08-24,IF_MFG_003,25,35,16,37,1.01,32.18
2026-08-24,IF_MFG_004,5,20,5,37,1.01,14.97
2026-08-24,IF_PRC_001,60,70,124,37,1.01,56.8
2026-08-24,IF_PRC_002,25,55,23,37,1.01,38.08
2026-08-24,IF_PRC_003,5,15,13,37,1.01,14.54
2026-08-24,IF_ASM_001,60,85,40,37,1.01,54.72
2026-08-24,IF_ASM_002,60,80,18,37,1.01,49.48
2026-08-24,IF_DLV_001,100,100,34,37,1.01,73.83
2026-08-25,IF_ORD_001,100,90,31,36,1.012,73.86
2026-08-25,IF_PAY_001,100,100,32,36,1.012,72.76
2026-08-25,IF_PAY_002,25,30,18,36,1.012,32.4
2026-08-25,IF_ORD_002,100,90,41,36,1.012,77.7
2026-08-25,IF_ORD_003,60,80,48,36,1.012,56.81
2026-08-25,IF_MFG_001,60,75,44,36,1.012,51.88
2026-08-25,IF_MFG_002,25,65,26,36,1.012,39.81
2026-08-25,IF_MFG_003,25,35,15,36,1.012,31.69
2026-08-25,IF_MFG_004,5,20,9,36,1.012,18.65
2026-08-25,IF_PRC_001,60,70,41,36,1.012,50.59
2026-08-25,IF_PRC_002,25,55,22,36,1.012,34.54
2026-08-25,IF_PRC_003,5,15,10,36,1.012,15.03
2026-08-25,IF_ASM_001,60,85,24,36,1.012,54.95
2026-08-25,IF_ASM_002,60,80,20,36,1.012,49.69
2026-08-25,IF_DLV_001,100,100,46,36,1.012,73.91
2026-08-26,IF_ORD_001,100,90,51,35,1.013,71.76
2026-08-26,IF_PAY_001,100,100,24,35,1.013,70.53
2026-08-26,IF_PAY_002,25,30,25,35,1.013,30.78
2026-08-26,IF_ORD_002,100,90,32,35,1.013,74.08
2026-08-26,IF_ORD_003,60,80,28,35,1.013,58.81
2026-08-26,IF_MFG_001,60,75,24,35,1.013,49.92
2026-08-26,IF_MFG_002,25,65,14,35,1.013,39.15
2026-08-26,IF_MFG_003,25,35,49,35,1.013,41.99
2026-08-26,IF_MFG_004,5,20,12,35,1.013,17.61
2026-08-26,IF_PRC_001,60,70,22,35,1.013,51.31
2026-08-26,IF_PRC_002,25,55,14,35,1.013,35.41
2026-08-26,IF_PRC_003,5,15,12,35,1.013,16.0
2026-08-26,IF_ASM_001,60,85,22,35,1.013,50.97
2026-08-26,IF_ASM_002,60,80,28,35,1.013,49.22
2026-08-26,IF_DLV_001,100,100,58,35,1.013,73.31
2026-08-27,IF_ORD_001,100,90,36,34,1.016,71.23
2026-08-27,IF_PAY_001,100,100,50,34,1.016,74.99
2026-08-27,IF_PAY_002,25,30,18,34,1.016,31.5
2026-08-27,IF_ORD_002,100,90,45,34,1.016,76.35
2026-08-27,IF_ORD_003,60,80,42,34,1.016,58.26
2026-08-27,IF_MFG_001,60,75,30,34,1.016,62.13
2026-08-27,IF_MFG_002,25,65,14,34,1.016,39.58
2026-08-27,IF_MFG_003,25,35,18,34,1.016,30.91
2026-08-27,IF_MFG_004,5,20,11,34,1.016,19.03
2026-08-27,IF_PRC_001,60,70,27,34,1.016,51.22
2026-08-27,IF_PRC_002,25,55,17,34,1.016,34.17
2026-08-27,IF_PRC_003,5,15,11,34,1.016,13.15
2026-08-27,IF_ASM_001,60,85,31,34,1.016,58.42
2026-08-27,IF_ASM_002,60,80,30,34,1.016,52.56
2026-08-27,IF_DLV_001,100,100,44,34,1.016,69.07
2026-08-28,IF_ORD_001,100,90,35,33,1.018,68.8
2026-08-28,IF_PAY_001,100,100,50,33,1.018,72.26
2026-08-28,IF_PAY_002,25,30,14,33,1.018,24.24
2026-08-28,IF_ORD_002,100,90,48,33,1.018,80.12
2026-08-28,IF_ORD_003,60,80,33,33,1.018,54.14
2026-08-28,IF_MFG_001,60,75,25,33,1.018,55.21
2026-08-28,IF_MFG_002,25,65,10,33,1.018,36.56
2026-08-28,IF_MFG_003,25,35,12,33,1.018,25.69
2026-08-28,IF_MFG_004,5,20,7,33,1.018,20.63
2026-08-28,IF_PRC_001,60,70,24,33,1.018,49.57
2026-08-28,IF_PRC_002,25,55,11,33,1.018,29.62
2026-08-28,IF_PRC_003,5,15,15,33,1.018,17.3
2026-08-28,IF_ASM_001,60,85,29,33,1.018,58.35
2026-08-28,IF_ASM_002,60,80,28,33,1.018,54.36
2026-08-28,IF_DLV_001,100,100,54,33,1.018,72.96
2026-08-29,IF_ORD_001,100,90,20,32,1.021,70.13
2026-08-29,IF_PAY_001,100,100,30,32,1.021,70.5
2026-08-29,IF_PAY_002,25,30,25,32,1.021,35.48
2026-08-29,IF_ORD_002,100,90,48,32,1.021,67.37
2026-08-29,IF_ORD_003,60,80,44,32,1.021,54.81
2026-08-29,IF_MFG_001,60,75,26,32,1.021,52.89
2026-08-29,IF_MFG_002,25,65,15,32,1.021,39.52
2026-08-29,IF_MFG_003,25,35,19,32,1.021,31.19
2026-08-29,IF_MFG_004,5,20,13,32,1.021,20.6
2026-08-29,IF_PRC_001,60,70,38,32,1.021,53.48
2026-08-29,IF_PRC_002,25,55,15,32,1.021,40.44
2026-08-29,IF_PRC_003,5,15,8,32,1.021,17.49
2026-08-29,IF_ASM_001,60,85,44,32,1.021,56.56
2026-08-29,IF_ASM_002,60,80,20,32,1.021,51.57
2026-08-29,IF_DLV_001,100,100,38,32,1.021,74.75
2026-08-30,IF_ORD_001,100,90,34,31,1.024,66.81
2026-08-30,IF_PAY_001,100,100,53,31,1.024,74.06
2026-08-30,IF_PAY_002,25,30,17,31,1.024,27.03
2026-08-30,IF_ORD_002,100,90,139,31,1.024,78.08
2026-08-30,IF_ORD_003,60,80,17,31,1.024,52.49
2026-08-30,IF_MFG_001,60,75,48,31,1.024,56.02
2026-08-30,IF_MFG_002,25,65,11,31,1.024,34.98
2026-08-30,IF_MFG_003,25,35,12,31,1.024,19.9
2026-08-30,IF_MFG_004,5,20,11,31,1.024,22.47
2026-08-30,IF_PRC_001,60,70,29,31,1.024,54.48
2026-08-30,IF_PRC_002,25,55,10,31,1.024,41.24
2026-08-30,IF_PRC_003,5,15,13,31,1.024,18.52
2026-08-30,IF_ASM_001,60,85,13,31,1.024,55.6
2026-08-30,IF_ASM_002,60,80,51,31,1.024,56.59
2026-08-30,IF_DLV_001,100,100,34,31,1.024,75.41
2026-08-31,IF_ORD_001,100,90,31,30,1.028,70.42
2026-08-31,IF_PAY_001,100,100,23,30,1.028,69.57
2026-08-31,IF_PAY_002,25,30,14,30,1.028,24.51
2026-08-31,IF_ORD_002,100,90,59,30,1.028,75.85
2026-08-31,IF_ORD_003,60,80,19,30,1.028,53.81
2026-08-31,IF_MFG_001,60,75,42,30,1.028,54.21
2026-08-31,IF_MFG_002,25,65,12,30,1.028,35.46
2026-08-31,IF_MFG_003,25,35,28,30,1.028,36.44
2026-08-31,IF_MFG_004,5,20,6,30,1.028,18.06
2026-08-31,IF_PRC_001,60,70,30,30,1.028,53.44
2026-08-31,IF_PRC_002,25,55,12,30,1.028,33.52
2026-08-31,IF_PRC_003,5,15,28,30,1.028,23.69
2026-08-31,IF_ASM_001,60,85,24,30,1.028,60.9
2026-08-31,IF_ASM_002,60,80,35,30,1.028,57.07
2026-08-31,IF_DLV_001,100,100,57,30,1.028,76.24
