EventID,InterfaceID,SourceSystem,TargetSystem,Middleware,Pattern,Status,ErrorCode,ErrorText,RootCauseClass,Latency_ms,SessionID,RequestID,Timestamp
EVT_002316,IF_ASM_001,ASM,DLV,MsgBus,Async,Failed,ASM_CAP_003,Assembly line at maximum capacity,Capacity,927,SESS_978648f864de,REQ_8e8f1678e4a148f7,2026-09-10 00:20:47
EVT_000812,IF_ORD_002,ORD,MFG,MsgBus,Async,Failed,ORD_VAL_002,Order validation failed due to missing required field,Validation,1766,SESS_218a15368c99,REQ_3d5bd8a79eea4093,2026-09-10 00:22:40
EVT_000634,IF_PAY_001,PAY,ORD,API,REST,Warning,PAY_AUTHZ_002,Payment authorization declined by issuer,Authorization,1946,SESS_0710d430f071,REQ_8a2954167e3843f9,2026-09-10 00:29:53
EVT_000467,IF_PAY_001,PAY,ORD,API,REST,Failed,PAY_TIME_004,Payment gateway response timeout,Timeout,8370,SESS_533420e6d9d8,REQ_78d433c884774379,2026-09-10 00:29:55
EVT_000562,IF_PAY_001,PAY,ORD,API,REST,Warning,PAY_AUTHZ_002,Payment authorization declined by issuer,Authorization,428,SESS_2a1f955ad499,REQ_e08ba2677fb4458f,2026-09-10 01:33:27
EVT_001226,IF_ORD_003,ORD,MFG,API,REST,Failed,ORD_DB_001,Order database connection timeout,Database,7539,SESS_1ac70ec0ab8d,REQ_156a2bfaeb5242e2,2026-09-10 01:41:15
EVT_002461,IF_ASM_001,ASM,DLV,MsgBus,Async,Warning,ASM_DB_002,Assembly tracking database update failed,Database,2008,SESS_f1eedba31343,REQ_3bada98c71254302,2026-09-10 01:41:57
EVT_000481,IF_PAY_001,PAY,ORD,API,REST,Warning,PAY_AUTHZ_002,Payment authorization declined by issuer,Authorization,569,SESS_aca5e2fdb966,REQ_672aac448f894d2b,2026-09-10 01:42:19
EVT_000173,IF_ORD_001,ORD,PAY,API,REST,Failed,ORD_DB_001,Order database connection timeout,Database,5785,SESS_be0f051b1b66,REQ_eaec355664a24357,2026-09-10 01:53:49
EVT_002848,IF_DLV_001,DLV,PAY,API,REST,Failed,DLV_DB_004,Delivery tracking database error,Database,5758,SESS_6f96288295d8,REQ_068983cbf9d646c2,2026-09-10 02:06:16
EVT_002108,IF_PRC_002,PRC,ASM,Batch,Batch,Failed,PRC_MAT_002,Material availability check timed out,Timeout,8848,SESS_114125c63a9b,REQ_9d1f4e3924b549c3,2026-09-10 02:14:39
EVT_002636,IF_ASM_002,ASM,DLV,API,REST,Warning,ASM_COMP_001,Assembly component mismatch detected,Validation,1320,SESS_d7fa2d8dfb2c,REQ_e2f2ee561cb245cd,2026-09-10 02:57:47
EVT_002337,IF_ASM_001,ASM,DLV,MsgBus,Async,Failed,ASM_DB_002,Assembly tracking database update failed,Database,3054,SESS_be0f051b1b66,REQ_6e174bc8420a4524,2026-09-10 03:20:14
EVT_001976,IF_PRC_001,PRC,MFG,ESB,SOAP,Failed,PRC_MAT_002,Material availability check timed out,Timeout,8536,SESS_dfde4fbf3ff3,REQ_e01c6b778fc645be,2026-09-10 03:29:13
EVT_001786,IF_MFG_004,MFG,PRC,MsgBus,Async,Failed,MFG_CAP_004,Manufacturing queue capacity exceeded,Capacity,4842,SESS_21e8ac6843e4,REQ_61dc9de9187447a1,2026-09-10 03:41:43
EVT_000611,IF_PAY_001,PAY,ORD,API,REST,Failed,PAY_TIME_004,Payment gateway response timeout,Timeout,8201,SESS_157d94a106f0,REQ_9bcc98ab20dc47e8,2026-09-10 03:50:34
EVT_000984,IF_ORD_002,ORD,MFG,MsgBus,Async,Warning,ORD_AUTH_003,Order service authentication token expired (correlated with upstream failure on IF_PAY_001),Authentication,323,SESS_157d94a106f0,REQ_16ce1c4806304d09,2026-09-10 03:59:21
EVT_000454,IF_PAY_001,PAY,ORD,API,REST,Failed,PAY_EXT_003,Payment processor external service error,ExternalService,5617,SESS_18dfbc3ca0d4,REQ_86cb4d38e5c54724,2026-09-10 04:04:36
EVT_000462,IF_PAY_001,PAY,ORD,API,REST,Failed,PAY_EXT_003,Payment processor external service error,ExternalService,8070,SESS_a6348e784d5c,REQ_bc9d4a00f59d45e8,2026-09-10 04:09:31
EVT_001397,IF_MFG_001,MFG,ASM,MsgBus,Async,Failed,MFG_CAP_004,Manufacturing queue capacity exceeded,Capacity,1395,SESS_daf61a26146d,REQ_542094174cf3436e,2026-09-10 04:12:00
EVT_001285,IF_ORD_003,ORD,MFG,API,REST,Warning,ORD_VAL_002,Order validation failed due to missing required field,Validation,894,SESS_85197ff4006e,REQ_b9c5f1c3785c4e52,2026-09-10 04:27:53
EVT_001371,IF_MFG_001,MFG,ASM,MsgBus,Async,Warning,MFG_QC_003,Quality check parameters out of tolerance,Validation,1908,SESS_3b8faa1837f8,REQ_1643ab478b224b11,2026-09-10 04:37:05
EVT_001911,IF_PRC_001,PRC,MFG,ESB,SOAP,Failed,PRC_AUTHZ_004,Procurement user lacks approval authorization,Authorization,1694,SESS_c34b9fbb8d4a,REQ_5ed989c8e8a74c6f,2026-09-10 05:13:02
EVT_001300,IF_MFG_001,MFG,ASM,MsgBus,Async,Failed,MFG_CAP_004,Manufacturing queue capacity exceeded (correlated with upstream failure on IF_PRC_001),Capacity,1514,SESS_c34b9fbb8d4a,REQ_ab38b02eda404c9e,2026-09-10 05:23:00
EVT_001202,IF_ORD_003,ORD,MFG,API,REST,Failed,ORD_DB_001,Order database connection timeout,Database,6678,SESS_a53f8a28abf3,REQ_6c931adf2ddd4027,2026-09-10 05:24:13
EVT_002756,IF_DLV_001,DLV,PAY,API,REST,Warning,DLV_DB_004,Delivery tracking database error,Database,2571,SESS_6961929e546e,REQ_b4bc65b6d45d4c4e,2026-09-10 05:28:48
EVT_000160,IF_ORD_001,ORD,PAY,API,REST,Failed,ORD_DB_001,Order database connection timeout,Database,3871,SESS_0b9bd93423c8,REQ_eb56e226d5594ed5,2026-09-10 05:55:00
EVT_000940,IF_ORD_002,ORD,MFG,MsgBus,Async,Failed,ORD_NET_004,Network timeout while contacting order service,Network,8191,SESS_d7665cdafe04,REQ_28e74654bf5040c2,2026-09-10 06:00:35
EVT_002513,IF_ASM_002,ASM,DLV,API,REST,Warning,ASM_COMP_001,Assembly component mismatch detected,Validation,574,SESS_c35b1c8c0a4c,REQ_f22e573ad0514d3d,2026-09-10 06:08:21
EVT_000955,IF_ORD_002,ORD,MFG,MsgBus,Async,Failed,ORD_DB_001,Order database connection timeout,Database,7896,SESS_8da0365bf898,REQ_369b368f6c3c4889,2026-09-10 06:08:28
EVT_001738,IF_MFG_003,MFG,ASM,MsgBus,CDC,Failed,MFG_MACHINE_001,Manufacturing machine controller not responding,Infrastructure,1376,SESS_f72ada9b2f32,REQ_e8f8fcb428db4ef0,2026-09-10 06:13:24
EVT_000805,IF_ORD_002,ORD,MFG,MsgBus,Async,Failed,ORD_VAL_002,Order validation failed due to missing required field,Validation,475,SESS_3c1bdacc18e1,REQ_0f1a2b0b0ee14428,2026-09-10 06:34:39
EVT_000075,IF_ORD_001,ORD,PAY,API,REST,Failed,ORD_NET_004,Network timeout while contacting order service,Network,2639,SESS_65a674c21273,REQ_b473b136f0954a24,2026-09-10 06:35:57
EVT_000004,IF_ORD_001,ORD,PAY,API,REST,Warning,ORD_AUTH_003,Order service authentication token expired,Authentication,1119,SESS_9d77a45ef206,REQ_c009e3a4337a4ad2,2026-09-10 06:38:57
EVT_002806,IF_DLV_001,DLV,PAY,API,REST,Warning,DLV_TIME_003,Carrier API response timeout,Timeout,4792,SESS_4f8d5238288b,REQ_16fe049f19234ad1,2026-09-10 06:39:10
EVT_000029,IF_ORD_001,ORD,PAY,API,REST,Failed,ORD_DB_001,Order database connection timeout,Database,6468,SESS_e61ede900267,REQ_dc88c9159b3442d6,2026-09-10 06:42:18
EVT_001740,IF_MFG_003,MFG,ASM,MsgBus,CDC,Warning,MFG_QC_003,Quality check parameters out of tolerance,Validation,710,SESS_7fcd9eb1a7ca,REQ_4ba6b4af95854fb1,2026-09-10 06:47:50
EVT_002885,IF_DLV_001,DLV,PAY,API,REST,Warning,DLV_CFG_002,Delivery zone configuration mismatch,Configuration,1118,SESS_e61ede900267,REQ_d35a980e62cc49ca,2026-09-10 06:50:14
EVT_001136,IF_ORD_003,ORD,MFG,API,REST,Failed,ORD_DB_001,Order database connection timeout,Database,7694,SESS_3e493f43b118,REQ_0de2107e5ff34b66,2026-09-10 06:51:13
EVT_000615,IF_PAY_001,PAY,ORD,API,REST,Failed,PAY_TIME_004,Payment gateway response timeout,Timeout,8786,SESS_18dfbc3ca0d4,REQ_2f7f29af126d4617,2026-09-10 06:56:08
EVT_001887,IF_PRC_001,PRC,MFG,ESB,SOAP,Failed,PRC_PO_001,Purchase order rejected by supplier system,ExternalService,2908,SESS_b3aa7efe4458,REQ_5f74d6bbab0745aa,2026-09-10 06:56:27
EVT_001144,IF_ORD_003,ORD,MFG,API,REST,Warning,ORD_AUTH_003,Order service authentication token expired (correlated with upstream failure on IF_PAY_001),Authentication,1636,SESS_18dfbc3ca0d4,REQ_f392e848a0564996,2026-09-10 06:59:54
EVT_001874,IF_PRC_001,PRC,MFG,ESB,SOAP,Failed,PRC_PO_001,Purchase order rejected by supplier system,ExternalService,3236,SESS_8a80068ddf54,REQ_15a21fe0a53643a4,2026-09-10 06:59:55
EVT_002364,IF_ASM_001,ASM,DLV,MsgBus,Async,Failed,ASM_DB_002,Assembly tracking database update failed,Database,4056,SESS_0dde29a6baa4,REQ_bacbb0b9bc59424a,2026-09-10 07:00:18
EVT_000653,IF_PAY_002,PAY,ORD,ESB,CDC,Warning,PAY_TIME_004,Payment gateway response timeout,Timeout,8259,SESS_23bed01d43cf,REQ_9c0822e1668c4d9f,2026-09-10 07:03:58
EVT_002578,IF_ASM_002,ASM,DLV,API,REST,Failed,ASM_DB_002,Assembly tracking database update failed (correlated with upstream failure on IF_ASM_001),Database,2071,SESS_0dde29a6baa4,REQ_ae3ff0102e0b4685,2026-09-10 07:05:26
EVT_002814,IF_DLV_001,DLV,PAY,API,REST,Failed,DLV_ROUTE_001,Delivery routing service unavailable,ExternalService,8104,SESS_530a37df0bc6,REQ_b7f35543e3934308,2026-09-10 07:05:58
EVT_001770,IF_MFG_004,MFG,PRC,MsgBus,Async,Failed,MFG_MACHINE_001,Manufacturing machine controller not responding,Infrastructure,4764,SESS_7337c5997984,REQ_667c2ae8a7284061,2026-09-10 07:09:16
EVT_000513,IF_PAY_001,PAY,ORD,API,REST,Failed,PAY_EXT_003,Payment processor external service error,ExternalService,5418,SESS_dd6ac7b86778,REQ_0ffe9bcb98d34456,2026-09-10 07:11:18
EVT_001444,IF_MFG_001,MFG,ASM,MsgBus,Async,Failed,MFG_DB_002,Manufacturing execution database write failure,Database,8618,SESS_ed3049cf43e4,REQ_e0836ed5d60b4165,2026-09-10 07:12:30
EVT_002621,IF_ASM_002,ASM,DLV,API,REST,Warning,ASM_NET_004,Assembly station network connectivity lost (correlated with upstream failure on IF_ASM_001),Network,5189,SESS_0dde29a6baa4,REQ_091c50ff09604456,2026-09-10 07:13:08
EVT_000489,IF_PAY_001,PAY,ORD,API,REST,Failed,PAY_EXT_003,Payment processor external service error,ExternalService,4362,SESS_46fb7bf300b9,REQ_49a42eb204824f1d,2026-09-10 07:17:07
EVT_001954,IF_PRC_001,PRC,MFG,ESB,SOAP,Failed,PRC_MAT_002,Material availability check timed out,Timeout,4840,SESS_77d21e02ff01,REQ_3e2f177c4d2940fb,2026-09-10 07:18:15
EVT_000399,IF_PAY_001,PAY,ORD,API,REST,Warning,PAY_AUTHZ_002,Payment authorization declined by issuer,Authorization,1614,SESS_78e3654bfaf1,REQ_2d2a9225c1984e3c,2026-09-10 07:19:20
EVT_000950,IF_ORD_002,ORD,MFG,MsgBus,Async,Failed,ORD_NET_004,Network timeout while contacting order service (correlated with upstream failure on IF_PAY_001),Network,6900,SESS_dd6ac7b86778,REQ_c6dce65b368f4b3d,2026-09-10 07:20:37
EVT_001534,IF_MFG_002,MFG,ASM,API,REST,Failed,MFG_DB_002,Manufacturing execution database write failure,Database,3933,SESS_69288e92c68a,REQ_27bd15681e7840e0,2026-09-10 07:23:13
EVT_000804,IF_ORD_002,ORD,MFG,MsgBus,Async,Warning,ORD_AUTH_003,Order service authentication token expired (correlated with upstream failure on IF_PAY_001),Authentication,510,SESS_dd6ac7b86778,REQ_a02249d948df46fb,2026-09-10 07:23:18
EVT_001742,IF_MFG_003,MFG,ASM,MsgBus,CDC,Failed,MFG_CAP_004,Manufacturing queue capacity exceeded,Capacity,2633,SESS_b6aae05b13d5,REQ_5132786ac2684ffe,2026-09-10 07:25:28
EVT_000737,IF_PAY_002,PAY,ORD,ESB,CDC,Failed,PAY_EXT_003,Payment processor external service error,ExternalService,7450,SESS_c37459eef50b,REQ_0e0536f623ba4e98,2026-09-10 07:33:50
EVT_002584,IF_ASM_002,ASM,DLV,API,REST,Warning,ASM_COMP_001,Assembly component mismatch detected,Validation,968,SESS_c0b6fce2de53,REQ_67ebf5c3884142c4,2026-09-10 07:34:06
EVT_002989,IF_DLV_001,DLV,PAY,API,REST,Failed,DLV_TIME_003,Carrier API response timeout,Timeout,2567,SESS_1b19d8b8d830,REQ_fa8d39da4f674ef7,2026-09-10 07:39:59
EVT_000122,IF_ORD_001,ORD,PAY,API,REST,Warning,ORD_AUTH_003,Order service authentication token expired,Authentication,931,SESS_45b1ed25f153,REQ_2870645c43f9403e,2026-09-10 07:46:09
EVT_000414,IF_PAY_001,PAY,ORD,API,REST,Warning,PAY_AUTH_001,Payment gateway authentication failed,Authentication,762,SESS_88bd64072bcf,REQ_a62b05c4f289409f,2026-09-10 07:49:42
EVT_002335,IF_ASM_001,ASM,DLV,MsgBus,Async,Warning,ASM_DB_002,Assembly tracking database update failed,Database,3377,SESS_5cabcc97663f,REQ_0781e982ea834adb,2026-09-10 07:56:39
EVT_000591,IF_PAY_001,PAY,ORD,API,REST,Failed,PAY_TIME_004,Payment gateway response timeout,Timeout,3213,SESS_ae4c84ffa8c0,REQ_4549429fd8564859,2026-09-10 07:57:09
EVT_000463,IF_PAY_001,PAY,ORD,API,REST,Warning,PAY_AUTH_001,Payment gateway authentication failed,Authentication,1516,SESS_008d41276104,REQ_1be3315dfacb44d2,2026-09-10 08:03:57
EVT_001803,IF_MFG_004,MFG,PRC,MsgBus,Async,Warning,MFG_QC_003,Quality check parameters out of tolerance,Validation,2094,SESS_742221676b7a,REQ_46343f99576c4160,2026-09-10 08:06:22
EVT_002355,IF_ASM_001,ASM,DLV,MsgBus,Async,Failed,ASM_NET_004,Assembly station network connectivity lost,Network,4253,SESS_4f77a665ac3c,REQ_48a15b881c344934,2026-09-10 08:07:18
EVT_002432,IF_ASM_001,ASM,DLV,MsgBus,Async,Failed,ASM_NET_004,Assembly station network connectivity lost,Network,4206,SESS_cc9fd3349bdf,REQ_6bd8845eefb448f9,2026-09-10 08:07:19
EVT_002735,IF_DLV_001,DLV,PAY,API,REST,Warning,DLV_TIME_003,Carrier API response timeout,Timeout,3407,SESS_ece66fa2fd51,REQ_8ec202aeff4442d4,2026-09-10 08:07:27
EVT_001851,IF_PRC_001,PRC,MFG,ESB,SOAP,Failed,PRC_PO_001,Purchase order rejected by supplier system,ExternalService,7108,SESS_d9f195d01482,REQ_97963ff33364473c,2026-09-10 08:08:21
EVT_002482,IF_ASM_002,ASM,DLV,API,REST,Warning,ASM_COMP_001,Assembly component mismatch detected,Validation,1128,SESS_1d4a3d81b3a7,REQ_f046d12ba8f647c4,2026-09-10 08:08:43
EVT_001991,IF_PRC_001,PRC,MFG,ESB,SOAP,Failed,PRC_PO_001,Purchase order rejected by supplier system,ExternalService,3212,SESS_c9776598203c,REQ_d66353617bc54b16,2026-09-10 08:10:12
EVT_001051,IF_ORD_002,ORD,MFG,MsgBus,Async,Failed,ORD_NET_004,Network timeout while contacting order service,Network,6730,SESS_d3d1bf0f56c4,REQ_83cc388679034a46,2026-09-10 08:10:59
EVT_001376,IF_MFG_001,MFG,ASM,MsgBus,Async,Failed,MFG_MACHINE_001,Manufacturing machine controller not responding,Infrastructure,1185,SESS_dc0f2fcfb3f6,REQ_249b375a30f6444d,2026-09-10 08:12:26
EVT_001403,IF_MFG_001,MFG,ASM,MsgBus,Async,Failed,MFG_CAP_004,Manufacturing queue capacity exceeded,Capacity,1652,SESS_e4429ebbda7b,REQ_618d44bae1954fee,2026-09-10 08:13:37
EVT_001907,IF_PRC_001,PRC,MFG,ESB,SOAP,Warning,PRC_CFG_003,Procurement routing configuration invalid,Configuration,322,SESS_742221676b7a,REQ_f83d5bf1558a4105,2026-09-10 08:13:47
EVT_000145,IF_ORD_001,ORD,PAY,API,REST,Failed,ORD_DB_001,Order database connection timeout,Database,2008,SESS_580d7b71d8f5,REQ_2d43cd8bbe804dd1,2026-09-10 08:14:33
EVT_001090,IF_ORD_003,ORD,MFG,API,REST,Failed,ORD_NET_004,Network timeout while contacting order service,Network,5510,SESS_0a2c827e9832,REQ_dd99c05c89274e91,2026-09-10 08:16:48
EVT_000338,IF_PAY_001,PAY,ORD,API,REST,Failed,PAY_TIME_004,Payment gateway response timeout,Timeout,5382,SESS_80759f1f87e5,REQ_70401e9f67d54208,2026-09-10 08:18:07
EVT_001651,IF_MFG_003,MFG,ASM,MsgBus,CDC,Failed,MFG_DB_002,Manufacturing execution database write failure,Database,3312,SESS_e05fb8bc8a16,REQ_24c7a8c487dd42fb,2026-09-10 08:18:11
EVT_000908,IF_ORD_002,ORD,MFG,MsgBus,Async,Warning,ORD_VAL_002,Order validation failed due to missing required field,Validation,428,SESS_a0ee89aed453,REQ_6ae9a136e36f45b8,2026-09-10 08:21:57
EVT_002210,IF_PRC_003,PRC,MFG,API,REST,Failed,PRC_AUTHZ_004,Procurement user lacks approval authorization,Authorization,2714,SESS_6c4596f6c012,REQ_084d2b54d6094014,2026-09-10 08:24:04
EVT_000691,IF_PAY_002,PAY,ORD,ESB,CDC,Failed,PAY_TIME_004,Payment gateway response timeout,Timeout,5365,SESS_abf3ad39fec2,REQ_2cf1fb2b0f1b4a42,2026-09-10 08:26:30
EVT_000793,IF_ORD_002,ORD,MFG,MsgBus,Async,Failed,ORD_VAL_002,Order validation failed due to missing required field,Validation,306,SESS_7fcd9eb1a7ca,REQ_f3a197404ebb4657,2026-09-10 08:26:47
EVT_001018,IF_ORD_002,ORD,MFG,MsgBus,Async,Warning,ORD_VAL_002,Order validation failed due to missing required field,Validation,411,SESS_c17af08a1745,REQ_d1e3a92dd2314f00,2026-09-10 08:28:55
EVT_002448,IF_ASM_001,ASM,DLV,MsgBus,Async,Warning,ASM_COMP_001,Assembly component mismatch detected,Validation,2013,SESS_0ef8c2d6f7fd,REQ_dea5a33a0c214fc9,2026-09-10 08:29:50
EVT_000558,IF_PAY_001,PAY,ORD,API,REST,Failed,PAY_TIME_004,Payment gateway response timeout,Timeout,4570,SESS_be0f051b1b66,REQ_eff6525f98fc461f,2026-09-10 08:33:45
EVT_002739,IF_DLV_001,DLV,PAY,API,REST,Failed,DLV_ROUTE_001,Delivery routing service unavailable,ExternalService,4492,SESS_ab05347fd556,REQ_a7b98021530540f2,2026-09-10 08:34:15
EVT_000498,IF_PAY_001,PAY,ORD,API,REST,Warning,PAY_EXT_003,Payment processor external service error,ExternalService,7645,SESS_e912b4bf86a4,REQ_2bce4c71fcf54472,2026-09-10 08:35:07
EVT_000781,IF_ORD_002,ORD,MFG,MsgBus,Async,Failed,ORD_NET_004,Network timeout while contacting order service (correlated with upstream failure on IF_PAY_001),Network,2433,SESS_be0f051b1b66,REQ_b94d4b3eb3a64e2b,2026-09-10 08:37:24
EVT_001440,IF_MFG_001,MFG,ASM,MsgBus,Async,Warning,MFG_QC_003,Quality check parameters out of tolerance (correlated with upstream failure on IF_ORD_002),Validation,1121,SESS_7fcd9eb1a7ca,REQ_b3ece6aab51843ef,2026-09-10 08:42:25
EVT_000530,IF_PAY_001,PAY,ORD,API,REST,Failed,PAY_TIME_004,Payment gateway response timeout,Timeout,5625,SESS_c5f8bc16f786,REQ_f09f6437ae9a4537,2026-09-10 08:42:55
EVT_000595,IF_PAY_001,PAY,ORD,API,REST,Failed,PAY_TIME_004,Payment gateway response timeout,Timeout,5672,SESS_c73f6e1baf90,REQ_9a9b70f4ccce4d5b,2026-09-10 08:46:12
EVT_002360,IF_ASM_001,ASM,DLV,MsgBus,Async,Failed,ASM_NET_004,Assembly station network connectivity lost,Network,2908,SESS_50fd9d3f85d5,REQ_3aafebeb2a984258,2026-09-10 08:50:49
EVT_000909,IF_ORD_002,ORD,MFG,MsgBus,Async,Warning,ORD_VAL_002,Order validation failed due to missing required field,Validation,443,SESS_dedab0276550,REQ_973a7971dc004cc9,2026-09-10 08:51:24
EVT_002736,IF_DLV_001,DLV,PAY,API,REST,Failed,DLV_TIME_003,Carrier API response timeout,Timeout,8493,SESS_fbe33b243eae,REQ_6c28e85733254fdc,2026-09-10 08:53:59
EVT_001266,IF_ORD_003,ORD,MFG,API,REST,Failed,ORD_NET_004,Network timeout while contacting order service,Network,4332,SESS_218a15368c99,REQ_8f7eecf256b94ebc,2026-09-10 08:55:20
EVT_002702,IF_DLV_001,DLV,PAY,API,REST,Warning,DLV_CFG_002,Delivery zone configuration mismatch,Configuration,1418,SESS_60141de9f54a,REQ_5b77db5f6485402d,2026-09-10 08:57:58
EVT_000949,IF_ORD_002,ORD,MFG,MsgBus,Async,Failed,ORD_NET_004,Network timeout while contacting order service,Network,8204,SESS_6dadd6c795a7,REQ_a5cc60e034ac4fce,2026-09-10 09:04:51
EVT_002840,IF_DLV_001,DLV,PAY,API,REST,Failed,DLV_TIME_003,Carrier API response timeout,Timeout,2629,SESS_675dd5af3c36,REQ_4fd3c071f4ec453d,2026-09-10 09:04:53
EVT_002660,IF_ASM_002,ASM,DLV,API,REST,Warning,ASM_COMP_001,Assembly component mismatch detected,Validation,165,SESS_38b8f24e56ea,REQ_07f79cfda73b4e6b,2026-09-10 09:05:40
EVT_002866,IF_DLV_001,DLV,PAY,API,REST,Warning,DLV_CFG_002,Delivery zone configuration mismatch,Configuration,1213,SESS_272a6d8eb512,REQ_690d3c8d04c34ee1,2026-09-10 09:05:59
EVT_002732,IF_DLV_001,DLV,PAY,API,REST,Failed,DLV_DB_004,Delivery tracking database error,Database,8149,SESS_ab73295b344a,REQ_7ff36ff924464e54,2026-09-10 09:08:21
EVT_000153,IF_ORD_001,ORD,PAY,API,REST,Warning,ORD_DB_001,Order database connection timeout,Database,2136,SESS_e14eb70db380,REQ_bcf324554cdf46b6,2026-09-10 09:08:31
EVT_001796,IF_MFG_004,MFG,PRC,MsgBus,Async,Warning,MFG_QC_003,Quality check parameters out of tolerance,Validation,1092,SESS_9a8cfa3c5283,REQ_115ae77fe5e8469b,2026-09-10 09:12:24
EVT_000946,IF_ORD_002,ORD,MFG,MsgBus,Async,Failed,ORD_DB_001,Order database connection timeout,Database,6927,SESS_c34b9fbb8d4a,REQ_9ae0ea39104049ad,2026-09-10 09:18:59
EVT_001951,IF_PRC_001,PRC,MFG,ESB,SOAP,Failed,PRC_MAT_002,Material availability check timed out,Timeout,3145,SESS_d85480f0dfca,REQ_dd924eefa3574acf,2026-09-10 09:22:32
EVT_000914,IF_ORD_002,ORD,MFG,MsgBus,Async,Failed,ORD_NET_004,Network timeout while contacting order service,Network,4944,SESS_8e867f3ca487,REQ_5f6f60dec0fe455a,2026-09-10 09:22:36
EVT_001093,IF_ORD_003,ORD,MFG,API,REST,Failed,ORD_DB_001,Order database connection timeout,Database,3212,SESS_72bb912d7da6,REQ_bad7571b698c4594,2026-09-10 09:23:36
EVT_000091,IF_ORD_001,ORD,PAY,API,REST,Failed,ORD_NET_004,Network timeout while contacting order service,Network,4483,SESS_dde9f86322bd,REQ_7bb8075bac5543ee,2026-09-10 09:23:45
EVT_000878,IF_ORD_002,ORD,MFG,MsgBus,Async,Failed,ORD_DB_001,Order database connection timeout,Database,5389,SESS_336749b52cf6,REQ_bf95379eec614fac,2026-09-10 09:26:24
EVT_001011,IF_ORD_002,ORD,MFG,MsgBus,Async,Failed,ORD_NET_004,Network timeout while contacting order service,Network,5084,SESS_5ad5cf06364d,REQ_65cccaed2e174abb,2026-09-10 09:26:35
EVT_001455,IF_MFG_001,MFG,ASM,MsgBus,Async,Warning,MFG_QC_003,Quality check parameters out of tolerance,Validation,914,SESS_218a15368c99,REQ_8bbac688d4a344d3,2026-09-10 09:26:48
EVT_000006,IF_ORD_001,ORD,PAY,API,REST,Warning,ORD_AUTH_003,Order service authentication token expired,Authentication,1542,SESS_09e9db0adf46,REQ_27fa030406754ea6,2026-09-10 09:28:28
EVT_002550,IF_ASM_002,ASM,DLV,API,REST,Failed,ASM_DB_002,Assembly tracking database update failed,Database,5715,SESS_a53f8a28abf3,REQ_5b24679bf9bc4332,2026-09-10 09:28:46
EVT_001746,IF_MFG_003,MFG,ASM,MsgBus,CDC,Warning,MFG_QC_003,Quality check parameters out of tolerance,Validation,804,SESS_ece66fa2fd51,REQ_2491b21b41bd4326,2026-09-10 09:29:56
EVT_001341,IF_MFG_001,MFG,ASM,MsgBus,Async,Failed,MFG_DB_002,Manufacturing execution database write failure,Database,3300,SESS_8f5486b7c7b5,REQ_c8ee42c192c5491c,2026-09-10 09:33:59
EVT_001844,IF_PRC_001,PRC,MFG,ESB,SOAP,Failed,PRC_MAT_002,Material availability check timed out,Timeout,5177,SESS_dc45d539c03f,REQ_7178262fafe744b3,2026-09-10 09:34:35
EVT_001893,IF_PRC_001,PRC,MFG,ESB,SOAP,Failed,PRC_MAT_002,Material availability check timed out,Timeout,3450,SESS_1165e2109854,REQ_bcfa4c6a82394da3,2026-09-10 09:35:19
EVT_001606,IF_MFG_002,MFG,ASM,API,REST,Failed,MFG_DB_002,Manufacturing execution database write failure,Database,7797,SESS_2369b584ff5e,REQ_b38baa86901a449e,2026-09-10 09:38:32
EVT_000895,IF_ORD_002,ORD,MFG,MsgBus,Async,Failed,ORD_DB_001,Order database connection timeout,Database,2393,SESS_78e3654bfaf1,REQ_5c7271efc4e44ac6,2026-09-10 09:44:39
EVT_002546,IF_ASM_002,ASM,DLV,API,REST,Failed,ASM_DB_002,Assembly tracking database update failed,Database,2189,SESS_3c1bdacc18e1,REQ_78e05f4bc3774ed0,2026-09-10 09:45:06
EVT_000516,IF_PAY_001,PAY,ORD,API,REST,Failed,PAY_EXT_003,Payment processor external service error,ExternalService,5842,SESS_c7468f591b49,REQ_87e4de15adba4fca,2026-09-10 09:48:46
EVT_001351,IF_MFG_001,MFG,ASM,MsgBus,Async,Failed,MFG_CAP_004,Manufacturing queue capacity exceeded,Capacity,1077,SESS_53a3dd5a4b8c,REQ_0945eeff112f4d65,2026-09-10 09:49:40
EVT_002714,IF_DLV_001,DLV,PAY,API,REST,Failed,DLV_ROUTE_001,Delivery routing service unavailable,ExternalService,7689,SESS_1ff49b788946,REQ_d4ee12bd1c2446fb,2026-09-10 09:49:54
EVT_002221,IF_PRC_003,PRC,MFG,API,REST,Failed,PRC_MAT_002,Material availability check timed out,Timeout,7729,SESS_0ef8c2d6f7fd,REQ_32fd2c1259b547a9,2026-09-10 09:51:26
EVT_002666,IF_ASM_002,ASM,DLV,API,REST,Warning,ASM_COMP_001,Assembly component mismatch detected,Validation,1527,SESS_1dad09b252c2,REQ_9544d94158424055,2026-09-10 09:51:36
EVT_001730,IF_MFG_003,MFG,ASM,MsgBus,CDC,Failed,MFG_MACHINE_001,Manufacturing machine controller not responding,Infrastructure,702,SESS_02627f731292,REQ_9964ac75776e4640,2026-09-10 09:57:37
EVT_002842,IF_DLV_001,DLV,PAY,API,REST,Warning,DLV_CFG_002,Delivery zone configuration mismatch,Configuration,93,SESS_96bf10ab3ce9,REQ_1349abdf69f9445e,2026-09-10 09:59:50
EVT_000920,IF_ORD_002,ORD,MFG,MsgBus,Async,Warning,ORD_VAL_002,Order validation failed due to missing required field,Validation,964,SESS_bfc00dc804f6,REQ_442b7665b0a64fa6,2026-09-10 10:02:30
EVT_002525,IF_ASM_002,ASM,DLV,API,REST,Warning,ASM_COMP_001,Assembly component mismatch detected,Validation,972,SESS_59a1120e1bb4,REQ_f0a1ad8e93a14102,2026-09-10 10:02:45
EVT_000279,IF_ORD_001,ORD,PAY,API,REST,Failed,ORD_DB_001,Order database connection timeout,Database,7499,SESS_0f8035f55bd2,REQ_8fb46bfb3fbc47f6,2026-09-10 10:04:57
EVT_002945,IF_DLV_001,DLV,PAY,API,REST,Failed,DLV_CFG_002,Delivery zone configuration mismatch,Configuration,1260,SESS_74672cd9362f,REQ_6524fcb817db4fbd,2026-09-10 10:05:37
EVT_001288,IF_ORD_003,ORD,MFG,API,REST,Failed,ORD_DB_001,Order database connection timeout,Database,7861,SESS_0b9bd93423c8,REQ_2b9989bb1a0c4f1c,2026-09-10 10:05:38
EVT_001931,IF_PRC_001,PRC,MFG,ESB,SOAP,Failed,PRC_AUTHZ_004,Procurement user lacks approval authorization,Authorization,456,SESS_f4427e0b6148,REQ_98edfac508fb4285,2026-09-10 10:07:28
EVT_000476,IF_PAY_001,PAY,ORD,API,REST,Warning,PAY_AUTH_001,Payment gateway authentication failed,Authentication,145,SESS_5bc440f14b1a,REQ_45338f5a0ab744f7,2026-09-10 10:07:54
EVT_002070,IF_PRC_002,PRC,ASM,Batch,Batch,Failed,PRC_PO_001,Purchase order rejected by supplier system,ExternalService,4805,SESS_610faa3ff0bb,REQ_df22c38402e741de,2026-09-10 10:12:13
EVT_000668,IF_PAY_002,PAY,ORD,ESB,CDC,Warning,PAY_AUTH_001,Payment gateway authentication failed,Authentication,856,SESS_cde22f1c56b6,REQ_9b3903eb188d41e3,2026-09-10 10:13:19
EVT_000881,IF_ORD_002,ORD,MFG,MsgBus,Async,Warning,ORD_AUTH_003,Order service authentication token expired,Authentication,315,SESS_8768a84fa76a,REQ_6f839281b173470e,2026-09-10 10:14:05
EVT_000636,IF_PAY_001,PAY,ORD,API,REST,Warning,PAY_AUTH_001,Payment gateway authentication failed,Authentication,1593,SESS_e222b6a615bf,REQ_b240213d03f14a4b,2026-09-10 10:14:30
EVT_000948,IF_ORD_002,ORD,MFG,MsgBus,Async,Failed,ORD_NET_004,Network timeout while contacting order service,Network,4154,SESS_3d4cbf374eb9,REQ_300fa6d3bec54e3f,2026-09-10 10:16:12
EVT_001813,IF_MFG_004,MFG,PRC,MsgBus,Async,Warning,MFG_QC_003,Quality check parameters out of tolerance,Validation,1425,SESS_f30a9e32aba4,REQ_f54d61f5cdf3437e,2026-09-10 10:17:50
EVT_001909,IF_PRC_001,PRC,MFG,ESB,SOAP,Warning,PRC_CFG_003,Procurement routing configuration invalid,Configuration,1871,SESS_f8c88faea217,REQ_1e60d4b53c52455f,2026-09-10 10:19:42
EVT_002299,IF_ASM_001,ASM,DLV,MsgBus,Async,Failed,ASM_NET_004,Assembly station network connectivity lost,Network,6402,SESS_1b3dbd5ce9a1,REQ_0765383752ce4d3c,2026-09-10 10:19:56
EVT_002244,IF_PRC_003,PRC,MFG,API,REST,Failed,PRC_PO_001,Purchase order rejected by supplier system,ExternalService,3950,SESS_6bc4123ebde1,REQ_74ab1d1858b748fe,2026-09-10 10:20:10
EVT_002514,IF_ASM_002,ASM,DLV,API,REST,Failed,ASM_DB_002,Assembly tracking database update failed,Database,7645,SESS_1c6345ab6e0e,REQ_060457c6c58142e6,2026-09-10 10:21:01
EVT_001318,IF_MFG_001,MFG,ASM,MsgBus,Async,Failed,MFG_MACHINE_001,Manufacturing machine controller not responding (correlated with upstream failure on IF_ORD_002),Infrastructure,1472,SESS_3d4cbf374eb9,REQ_da75902ac06d45d9,2026-09-10 10:22:09
EVT_000211,IF_ORD_001,ORD,PAY,API,REST,Failed,ORD_AUTH_003,Order service authentication token expired,Authentication,1613,SESS_ab05347fd556,REQ_533153518713479c,2026-09-10 10:24:03
EVT_002192,IF_PRC_003,PRC,MFG,API,REST,Failed,PRC_PO_001,Purchase order rejected by supplier system,ExternalService,6409,SESS_f2a034599060,REQ_2845c9ff3ce14081,2026-09-10 10:24:12
EVT_001645,IF_MFG_003,MFG,ASM,MsgBus,CDC,Failed,MFG_DB_002,Manufacturing execution database write failure,Database,6754,SESS_272a6d8eb512,REQ_ea6b9baedc43408a,2026-09-10 10:24:24
EVT_002746,IF_DLV_001,DLV,PAY,API,REST,Failed,DLV_TIME_003,Carrier API response timeout (correlated with upstream failure on IF_ASM_002),Timeout,6752,SESS_1c6345ab6e0e,REQ_7774d5f82f7e44df,2026-09-10 10:24:36
EVT_000547,IF_PAY_001,PAY,ORD,API,REST,Warning,PAY_AUTH_001,Payment gateway authentication failed,Authentication,193,SESS_004b6fabfcf5,REQ_c16cbc5860894ab9,2026-09-10 10:26:52
EVT_001646,IF_MFG_003,MFG,ASM,MsgBus,CDC,Warning,MFG_QC_003,Quality check parameters out of tolerance,Validation,963,SESS_df0f06cbcb9b,REQ_f61c38db3b60438f,2026-09-10 10:27:16
EVT_001968,IF_PRC_001,PRC,MFG,ESB,SOAP,Warning,PRC_AUTHZ_004,Procurement user lacks approval authorization,Authorization,1002,SESS_6efb63b11b04,REQ_f1dabcf0a551475f,2026-09-10 10:28:48
EVT_001975,IF_PRC_001,PRC,MFG,ESB,SOAP,Failed,PRC_MAT_002,Material availability check timed out,Timeout,6454,SESS_913e4de2e0c5,REQ_8482ad4532e145e2,2026-09-10 10:30:38
EVT_002097,IF_PRC_002,PRC,ASM,Batch,Batch,Warning,PRC_CFG_003,Procurement routing configuration invalid,Configuration,1289,SESS_d46ef1041190,REQ_8f778b06c11d42fd,2026-09-10 10:34:30
EVT_001302,IF_MFG_001,MFG,ASM,MsgBus,Async,Failed,MFG_MACHINE_001,Manufacturing machine controller not responding,Infrastructure,1316,SESS_e05fb8bc8a16,REQ_e86746dc9a834d6d,2026-09-10 10:35:49
EVT_001840,IF_PRC_001,PRC,MFG,ESB,SOAP,Failed,PRC_PO_001,Purchase order rejected by supplier system,ExternalService,8371,SESS_9970cf60ebff,REQ_d2ea44054b9d4ec4,2026-09-10 10:36:27
EVT_002812,IF_DLV_001,DLV,PAY,API,REST,Failed,DLV_ROUTE_001,Delivery routing service unavailable,ExternalService,5753,SESS_44656d6b81fb,REQ_beae07f320b44171,2026-09-10 10:36:44
EVT_002195,IF_PRC_003,PRC,MFG,API,REST,Warning,PRC_AUTHZ_004,Procurement user lacks approval authorization,Authorization,1761,SESS_142c3fe860e7,REQ_f87a05328acc4d35,2026-09-10 10:37:15
EVT_001640,IF_MFG_003,MFG,ASM,MsgBus,CDC,Warning,MFG_QC_003,Quality check parameters out of tolerance,Validation,1490,SESS_dc99e04cf0e9,REQ_ea5f714dced54100,2026-09-10 10:37:16
EVT_001769,IF_MFG_004,MFG,PRC,MsgBus,Async,Warning,MFG_QC_003,Quality check parameters out of tolerance,Validation,1242,SESS_0710d430f071,REQ_f2e3d209da0145b9,2026-09-10 10:38:24
EVT_001474,IF_MFG_001,MFG,ASM,MsgBus,Async,Warning,MFG_DB_002,Manufacturing execution database write failure,Database,3261,SESS_c715b2b9c40c,REQ_ccdbe395267141a8,2026-09-10 10:39:02
EVT_000968,IF_ORD_002,ORD,MFG,MsgBus,Async,Warning,ORD_AUTH_003,Order service authentication token expired,Authentication,199,SESS_f264accc79ac,REQ_f3556c8fd8cf4068,2026-09-10 10:39:35
EVT_000745,IF_PAY_002,PAY,ORD,ESB,CDC,Warning,PAY_AUTH_001,Payment gateway authentication failed,Authentication,341,SESS_9e9a9f830668,REQ_4683697351bf45a8,2026-09-10 10:43:35
EVT_002204,IF_PRC_003,PRC,MFG,API,REST,Failed,PRC_MAT_002,Material availability check timed out,Timeout,6534,SESS_978648f864de,REQ_35bb97157ad142d4,2026-09-10 10:51:25
EVT_000248,IF_ORD_001,ORD,PAY,API,REST,Warning,ORD_AUTH_003,Order service authentication token expired,Authentication,746,SESS_72bb912d7da6,REQ_6972af66c34a4730,2026-09-10 10:53:40
EVT_001036,IF_ORD_002,ORD,MFG,MsgBus,Async,Failed,ORD_DB_001,Order database connection timeout,Database,5632,SESS_48a639d015b5,REQ_2e9e7461580e429f,2026-09-10 10:54:34
EVT_000417,IF_PAY_001,PAY,ORD,API,REST,Failed,PAY_EXT_003,Payment processor external service error,ExternalService,6702,SESS_c30ff46e8026,REQ_302ffe4ff7434bab,2026-09-10 10:57:21
EVT_000876,IF_ORD_002,ORD,MFG,MsgBus,Async,Failed,ORD_NET_004,Network timeout while contacting order service,Network,8311,SESS_75c8e90d9e3d,REQ_90c83223fd8348d4,2026-09-10 10:59:09
EVT_001305,IF_MFG_001,MFG,ASM,MsgBus,Async,Failed,MFG_CAP_004,Manufacturing queue capacity exceeded (correlated with upstream failure on IF_ORD_002),Capacity,304,SESS_48a639d015b5,REQ_c95f159ada6f4d8d,2026-09-10 11:00:33
EVT_001824,IF_MFG_004,MFG,PRC,MsgBus,Async,Warning,MFG_QC_003,Quality check parameters out of tolerance,Validation,2423,SESS_054f92fff366,REQ_be54a47d19444180,2026-09-10 11:01:49
EVT_001072,IF_ORD_002,ORD,MFG,MsgBus,Async,Warning,ORD_VAL_002,Order validation failed due to missing required field,Validation,1468,SESS_43b409ef2260,REQ_c398279cb7984bab,2026-09-10 11:01:50
EVT_001308,IF_MFG_001,MFG,ASM,MsgBus,Async,Failed,MFG_DB_002,Manufacturing execution database write failure,Database,5017,SESS_61ee6c5bdeef,REQ_b8581c80ad634123,2026-09-10 11:02:17
EVT_000665,IF_PAY_002,PAY,ORD,ESB,CDC,Warning,PAY_AUTHZ_002,Payment authorization declined by issuer,Authorization,457,SESS_e9c349e03602,REQ_344749213840422b,2026-09-10 11:04:22
EVT_002066,IF_PRC_002,PRC,ASM,Batch,Batch,Failed,PRC_AUTHZ_004,Procurement user lacks approval authorization,Authorization,1261,SESS_75a669814104,REQ_d31d4ee6cbb64a8f,2026-09-10 11:06:53
EVT_001945,IF_PRC_001,PRC,MFG,ESB,SOAP,Warning,PRC_CFG_003,Procurement routing configuration invalid,Configuration,991,SESS_7f671eec3da7,REQ_2cc40c3cc71b4108,2026-09-10 11:09:35
EVT_001627,IF_MFG_002,MFG,ASM,API,REST,Failed,MFG_MACHINE_001,Manufacturing machine controller not responding,Infrastructure,393,SESS_6889803e5913,REQ_19324ba53c8342e7,2026-09-10 11:10:59
EVT_001930,IF_PRC_001,PRC,MFG,ESB,SOAP,Warning,PRC_CFG_003,Procurement routing configuration invalid,Configuration,1743,SESS_4f77a665ac3c,REQ_3f3d66849a5a4186,2026-09-10 11:11:30
EVT_002115,IF_PRC_002,PRC,ASM,Batch,Batch,Failed,PRC_MAT_002,Material availability check timed out,Timeout,4454,SESS_8441aefd0299,REQ_cf84ddf4156444be,2026-09-10 11:17:57
EVT_002942,IF_DLV_001,DLV,PAY,API,REST,Warning,DLV_CFG_002,Delivery zone configuration mismatch,Configuration,1423,SESS_473544f9ea83,REQ_b7f4beabd5cc4f95,2026-09-10 11:18:18
EVT_001828,IF_MFG_004,MFG,PRC,MsgBus,Async,Failed,MFG_CAP_004,Manufacturing queue capacity exceeded,Capacity,1836,SESS_b6aae05b13d5,REQ_7db28416aa114315,2026-09-10 11:22:20
EVT_002223,IF_PRC_003,PRC,MFG,API,REST,Warning,PRC_AUTHZ_004,Procurement user lacks approval authorization,Authorization,3080,SESS_3f76be1d1efa,REQ_9e2b104972ab4eaf,2026-09-10 11:23:01
EVT_000943,IF_ORD_002,ORD,MFG,MsgBus,Async,Failed,ORD_DB_001,Order database connection timeout,Database,3667,SESS_05628059568c,REQ_71165192de734164,2026-09-10 11:26:36
EVT_000259,IF_ORD_001,ORD,PAY,API,REST,Failed,ORD_NET_004,Network timeout while contacting order service,Network,3671,SESS_1c6345ab6e0e,REQ_609efffe91c04afd,2026-09-10 11:28:06
EVT_001525,IF_MFG_002,MFG,ASM,API,REST,Failed,MFG_MACHINE_001,Manufacturing machine controller not responding (correlated with upstream failure on IF_ORD_002),Infrastructure,423,SESS_05628059568c,REQ_7c76bf111452498e,2026-09-10 11:28:30
EVT_001737,IF_MFG_003,MFG,ASM,MsgBus,CDC,Failed,MFG_CAP_004,Manufacturing queue capacity exceeded,Capacity,1845,SESS_3f87e362cf8d,REQ_6cee1c4b8ad844a5,2026-09-10 11:29:24
EVT_002994,IF_DLV_001,DLV,PAY,API,REST,Failed,DLV_ROUTE_001,Delivery routing service unavailable,ExternalService,4589,SESS_50c7c006314d,REQ_81b4efc7fd27473b,2026-09-10 11:29:44
EVT_000831,IF_ORD_002,ORD,MFG,MsgBus,Async,Warning,ORD_VAL_002,Order validation failed due to missing required field,Validation,496,SESS_913e4de2e0c5,REQ_64858fe1e0c14218,2026-09-10 11:30:08
EVT_002275,IF_ASM_001,ASM,DLV,MsgBus,Async,Warning,ASM_COMP_001,Assembly component mismatch detected,Validation,1721,SESS_8f9797b06d7c,REQ_f2410f5c81884415,2026-09-10 11:33:38
EVT_000268,IF_ORD_001,ORD,PAY,API,REST,Warning,ORD_AUTH_003,Order service authentication token expired,Authentication,861,SESS_6182f347533f,REQ_79706935cdd249ff,2026-09-10 11:34:46
EVT_001996,IF_PRC_001,PRC,MFG,ESB,SOAP,Warning,PRC_AUTHZ_004,Procurement user lacks approval authorization,Authorization,1595,SESS_f36cb62b892e,REQ_514d6f2b227f4d8a,2026-09-10 11:34:50
EVT_001787,IF_MFG_004,MFG,PRC,MsgBus,Async,Failed,MFG_CAP_004,Manufacturing queue capacity exceeded,Capacity,4917,SESS_8a63f881ffd0,REQ_7bf2fc399a7543f6,2026-09-10 11:35:28
EVT_001459,IF_MFG_001,MFG,ASM,MsgBus,Async,Warning,MFG_MACHINE_001,Manufacturing machine controller not responding,Infrastructure,1661,SESS_6e6981a35d3d,REQ_68f3488c73d645ae,2026-09-10 11:35:44
EVT_000050,IF_ORD_001,ORD,PAY,API,REST,Failed,ORD_AUTH_003,Order service authentication token expired,Authentication,1644,SESS_742221676b7a,REQ_53f1cf1ff41a4522,2026-09-10 11:36:35
EVT_000496,IF_PAY_001,PAY,ORD,API,REST,Failed,PAY_EXT_003,Payment processor external service error,ExternalService,6371,SESS_6a8a616fc3b2,REQ_596dae3ae8a24b76,2026-09-10 11:41:48
EVT_002043,IF_PRC_001,PRC,MFG,ESB,SOAP,Failed,PRC_PO_001,Purchase order rejected by supplier system,ExternalService,2826,SESS_11d059b26699,REQ_95847ae3c1a24f53,2026-09-10 11:46:23
EVT_001633,IF_MFG_002,MFG,ASM,API,REST,Failed,MFG_CAP_004,Manufacturing queue capacity exceeded,Capacity,737,SESS_12476f57a5e5,REQ_c17cede4afb94624,2026-09-10 11:49:53
EVT_002384,IF_ASM_001,ASM,DLV,MsgBus,Async,Failed,ASM_DB_002,Assembly tracking database update failed,Database,6108,SESS_e172b725db52,REQ_8dd0f8f4dce241a7,2026-09-10 11:50:42
EVT_002374,IF_ASM_001,ASM,DLV,MsgBus,Async,Warning,ASM_DB_002,Assembly tracking database update failed,Database,4043,SESS_cdccc33aa943,REQ_83527d96f9d04a3f,2026-09-10 11:51:08
EVT_001677,IF_MFG_003,MFG,ASM,MsgBus,CDC,Failed,MFG_DB_002,Manufacturing execution database write failure,Database,7402,SESS_c47104c03613,REQ_8e60ea6fbb864d1f,2026-09-10 11:52:10
EVT_002873,IF_DLV_001,DLV,PAY,API,REST,Warning,DLV_CFG_002,Delivery zone configuration mismatch,Configuration,1755,SESS_1c6345ab6e0e,REQ_f398e4ffb93f478e,2026-09-10 11:54:37
EVT_002410,IF_ASM_001,ASM,DLV,MsgBus,Async,Failed,ASM_CAP_003,Assembly line at maximum capacity,Capacity,95,SESS_42999aa40cdf,REQ_1029149b7c4c4d24,2026-09-10 11:58:52
EVT_000705,IF_PAY_002,PAY,ORD,ESB,CDC,Warning,PAY_EXT_003,Payment processor external service error,ExternalService,3954,SESS_cb323e357922,REQ_fec241b0e0e24782,2026-09-10 12:00:21
EVT_001765,IF_MFG_004,MFG,PRC,MsgBus,Async,Failed,MFG_MACHINE_001,Manufacturing machine controller not responding,Infrastructure,1721,SESS_99546eb40025,REQ_201308fc638d4be9,2026-09-10 12:00:32
EVT_001864,IF_PRC_001,PRC,MFG,ESB,SOAP,Failed,PRC_PO_001,Purchase order rejected by supplier system,ExternalService,7485,SESS_72bb912d7da6,REQ_070560466ae24c16,2026-09-10 12:03:55
EVT_000699,IF_PAY_002,PAY,ORD,ESB,CDC,Failed,PAY_TIME_004,Payment gateway response timeout,Timeout,5694,SESS_171e16cc5da3,REQ_8f57781a55a74711,2026-09-10 12:04:40
EVT_001159,IF_ORD_003,ORD,MFG,API,REST,Failed,ORD_AUTH_003,Order service authentication token expired,Authentication,1872,SESS_138d994c2b0a,REQ_4ef8dc38b7b84882,2026-09-10 12:06:43
EVT_000168,IF_ORD_001,ORD,PAY,API,REST,Failed,ORD_NET_004,Network timeout while contacting order service,Network,2613,SESS_10ba58e3d276,REQ_64f60cb3e6db4b14,2026-09-10 12:08:15
EVT_002304,IF_ASM_001,ASM,DLV,MsgBus,Async,Warning,ASM_COMP_001,Assembly component mismatch detected,Validation,690,SESS_c715b2b9c40c,REQ_80b6c03399f74090,2026-09-10 12:08:39
EVT_002402,IF_ASM_001,ASM,DLV,MsgBus,Async,Warning,ASM_COMP_001,Assembly component mismatch detected,Validation,1129,SESS_f3821cfdc083,REQ_bc65c81d5c574766,2026-09-10 12:09:40
EVT_000418,IF_PAY_001,PAY,ORD,API,REST,Failed,PAY_EXT_003,Payment processor external service error,ExternalService,2867,SESS_18dfbc3ca0d4,REQ_15e3231b8f17492f,2026-09-10 12:11:45
EVT_001827,IF_MFG_004,MFG,PRC,MsgBus,Async,Failed,MFG_DB_002,Manufacturing execution database write failure,Database,5687,SESS_3a9aca5e1761,REQ_29cf72c6147d4476,2026-09-10 12:12:24
EVT_000224,IF_ORD_001,ORD,PAY,API,REST,Failed,ORD_DB_001,Order database connection timeout,Database,4567,SESS_a3e05309b5a1,REQ_35851d9b10af4a13,2026-09-10 12:13:48
EVT_001501,IF_MFG_001,MFG,ASM,MsgBus,Async,Failed,MFG_DB_002,Manufacturing execution database write failure,Database,2890,SESS_c5f8bc16f786,REQ_2d5aa0dabed241aa,2026-09-10 12:13:54
EVT_002692,IF_DLV_001,DLV,PAY,API,REST,Failed,DLV_ROUTE_001,Delivery routing service unavailable,ExternalService,4777,SESS_1d4a3d81b3a7,REQ_aef9a2fb7b924073,2026-09-10 12:17:39
EVT_002295,IF_ASM_001,ASM,DLV,MsgBus,Async,Warning,ASM_COMP_001,Assembly component mismatch detected,Validation,576,SESS_1723199dbf2c,REQ_fdefe2701ece47c4,2026-09-10 12:20:29
EVT_001118,IF_ORD_003,ORD,MFG,API,REST,Warning,ORD_AUTH_003,Order service authentication token expired,Authentication,1255,SESS_9424aed51bac,REQ_b75e780683a24c44,2026-09-10 12:20:36
EVT_001356,IF_MFG_001,MFG,ASM,MsgBus,Async,Failed,MFG_MACHINE_001,Manufacturing machine controller not responding,Infrastructure,1371,SESS_3a9aca5e1761,REQ_d884389fd6154e7f,2026-09-10 12:21:51
EVT_001339,IF_MFG_001,MFG,ASM,MsgBus,Async,Failed,MFG_DB_002,Manufacturing execution database write failure,Database,5648,SESS_9424aed51bac,REQ_328b8dbe11f34980,2026-09-10 12:22:14
EVT_002284,IF_ASM_001,ASM,DLV,MsgBus,Async,Warning,ASM_COMP_001,Assembly component mismatch detected,Validation,1668,SESS_c9535b63ba81,REQ_41c4d268cfd041c0,2026-09-10 12:22:33
EVT_001298,IF_ORD_003,ORD,MFG,API,REST,Failed,ORD_DB_001,Order database connection timeout,Database,2549,SESS_f36cb62b892e,REQ_7ea010a162f4402a,2026-09-10 12:22:42
EVT_002867,IF_DLV_001,DLV,PAY,API,REST,Failed,DLV_DB_004,Delivery tracking database error,Database,6988,SESS_a97065e18e46,REQ_d791abbbea5c48fe,2026-09-10 12:23:23
EVT_001587,IF_MFG_002,MFG,ASM,API,REST,Warning,MFG_MACHINE_001,Manufacturing machine controller not responding,Infrastructure,368,SESS_df0f06cbcb9b,REQ_1ff89a22d6bd46a4,2026-09-10 12:23:39
EVT_000787,IF_ORD_002,ORD,MFG,MsgBus,Async,Failed,ORD_DB_001,Order database connection timeout,Database,6208,SESS_a8499b926b52,REQ_3d389c454ebe4077,2026-09-10 12:24:10
EVT_002941,IF_DLV_001,DLV,PAY,API,REST,Warning,DLV_CFG_002,Delivery zone configuration mismatch,Configuration,1805,SESS_42deffccf86c,REQ_070b60347f8f4131,2026-09-10 12:25:06
EVT_001853,IF_PRC_001,PRC,MFG,ESB,SOAP,Warning,PRC_AUTHZ_004,Procurement user lacks approval authorization,Authorization,827,SESS_3a9aca5e1761,REQ_9a3b31c1544c4b03,2026-09-10 12:27:09
EVT_002113,IF_PRC_002,PRC,ASM,Batch,Batch,Failed,PRC_PO_001,Purchase order rejected by supplier system,ExternalService,3637,SESS_5b9962c6e61f,REQ_8897b96c4ba44342,2026-09-10 12:27:42
EVT_002545,IF_ASM_002,ASM,DLV,API,REST,Warning,ASM_COMP_001,Assembly component mismatch detected,Validation,1591,SESS_0f8035f55bd2,REQ_3ebf8e5db2ff4d37,2026-09-10 12:32:37
EVT_000794,IF_ORD_002,ORD,MFG,MsgBus,Async,Failed,ORD_NET_004,Network timeout while contacting order service,Network,7449,SESS_8dfa6a56d12d,REQ_90159b35ac554485,2026-09-10 12:35:31
EVT_001593,IF_MFG_002,MFG,ASM,API,REST,Warning,MFG_QC_003,Quality check parameters out of tolerance (correlated with upstream failure on IF_ORD_002),Validation,1025,SESS_a8499b926b52,REQ_1386fd3c25d047e8,2026-09-10 12:35:55
EVT_001276,IF_ORD_003,ORD,MFG,API,REST,Failed,ORD_NET_004,Network timeout while contacting order service,Network,5216,SESS_9f8ded9756ab,REQ_2911d15e18b64b5a,2026-09-10 12:41:42
EVT_001510,IF_MFG_001,MFG,ASM,MsgBus,Async,Warning,MFG_QC_003,Quality check parameters out of tolerance,Validation,904,SESS_46fb7bf300b9,REQ_810bd455222e457e,2026-09-10 12:44:03
EVT_002608,IF_ASM_002,ASM,DLV,API,REST,Failed,ASM_CAP_003,Assembly line at maximum capacity,Capacity,1925,SESS_49c13de73b42,REQ_a0528e9ca4e64220,2026-09-10 12:44:34
EVT_002898,IF_DLV_001,DLV,PAY,API,REST,Failed,DLV_TIME_003,Carrier API response timeout,Timeout,4075,SESS_f6478986a391,REQ_7b433b2abe0749e1,2026-09-10 12:45:10
EVT_000651,IF_PAY_002,PAY,ORD,ESB,CDC,Failed,PAY_EXT_003,Payment processor external service error,ExternalService,7128,SESS_ca8f3653c9af,REQ_8b0fcd0a50514959,2026-09-10 12:51:01
EVT_001699,IF_MFG_003,MFG,ASM,MsgBus,CDC,Failed,MFG_CAP_004,Manufacturing queue capacity exceeded,Capacity,764,SESS_d4a057a7b0cc,REQ_593a2261b6004fde,2026-09-10 12:51:45
EVT_002118,IF_PRC_002,PRC,ASM,Batch,Batch,Warning,PRC_AUTHZ_004,Procurement user lacks approval authorization,Authorization,1882,SESS_bb026576f512,REQ_9c189100341f4fc7,2026-09-10 12:54:21
EVT_000395,IF_PAY_001,PAY,ORD,API,REST,Failed,PAY_EXT_003,Payment processor external service error,ExternalService,3661,SESS_28df6ec4ce4a,REQ_960176f1fd7a403a,2026-09-10 12:54:31
EVT_001301,IF_MFG_001,MFG,ASM,MsgBus,Async,Warning,MFG_QC_003,Quality check parameters out of tolerance,Validation,1090,SESS_3c835dc0d944,REQ_e34916ca8fec42fe,2026-09-10 12:55:04
EVT_002764,IF_DLV_001,DLV,PAY,API,REST,Failed,DLV_CFG_002,Delivery zone configuration mismatch,Configuration,827,SESS_0a17991ea576,REQ_3ab7e04f62d54045,2026-09-10 12:55:27
EVT_000183,IF_ORD_001,ORD,PAY,API,REST,Failed,ORD_DB_001,Order database connection timeout,Database,2739,SESS_b7e5848131c6,REQ_4504ea5885164588,2026-09-10 13:00:21
EVT_000535,IF_PAY_001,PAY,ORD,API,REST,Warning,PAY_AUTHZ_002,Payment authorization declined by issuer,Authorization,314,SESS_61ee6c5bdeef,REQ_0f6cd8d639994ad9,2026-09-10 13:02:29
EVT_001618,IF_MFG_002,MFG,ASM,API,REST,Failed,MFG_DB_002,Manufacturing execution database write failure,Database,6152,SESS_3838b3268e94,REQ_47b2a5c829a04668,2026-09-10 13:03:51
EVT_000078,IF_ORD_001,ORD,PAY,API,REST,Warning,ORD_VAL_002,Order validation failed due to missing required field,Validation,947,SESS_0b9bd93423c8,REQ_82d8915d0ebf42ad,2026-09-10 13:03:59
EVT_001990,IF_PRC_001,PRC,MFG,ESB,SOAP,Failed,PRC_MAT_002,Material availability check timed out,Timeout,4215,SESS_79699ed2ec48,REQ_315cef061410455a,2026-09-10 13:07:14
EVT_002564,IF_ASM_002,ASM,DLV,API,REST,Warning,ASM_COMP_001,Assembly component mismatch detected,Validation,1984,SESS_e32f2e63b7fd,REQ_c69bc09c8ebc4746,2026-09-10 13:07:17
EVT_000619,IF_PAY_001,PAY,ORD,API,REST,Warning,PAY_AUTH_001,Payment gateway authentication failed,Authentication,836,SESS_d7665cdafe04,REQ_374022fdf37d40c2,2026-09-10 13:07:23
EVT_000336,IF_PAY_001,PAY,ORD,API,REST,Failed,PAY_EXT_003,Payment processor external service error,ExternalService,6890,SESS_0212b5544644,REQ_db9fac0a2a3747f9,2026-09-10 13:12:26
EVT_000543,IF_PAY_001,PAY,ORD,API,REST,Warning,PAY_TIME_004,Payment gateway response timeout,Timeout,6637,SESS_f36cb62b892e,REQ_0005a031aa8947fc,2026-09-10 13:13:16
EVT_001473,IF_MFG_001,MFG,ASM,MsgBus,Async,Failed,MFG_MACHINE_001,Manufacturing machine controller not responding,Infrastructure,475,SESS_2ef912766c00,REQ_c31f932447364112,2026-09-10 13:13:23
EVT_001936,IF_PRC_001,PRC,MFG,ESB,SOAP,Warning,PRC_AUTHZ_004,Procurement user lacks approval authorization,Authorization,1062,SESS_d3016989bfbb,REQ_d7f6abf37815407c,2026-09-10 13:14:53
EVT_002940,IF_DLV_001,DLV,PAY,API,REST,Failed,DLV_DB_004,Delivery tracking database error,Database,2910,SESS_17e011b7f810,REQ_3d0a0776d47140c9,2026-09-10 13:15:59
EVT_001987,IF_PRC_001,PRC,MFG,ESB,SOAP,Warning,PRC_AUTHZ_004,Procurement user lacks approval authorization,Authorization,856,SESS_7656af7229d4,REQ_6862f874d8914d0a,2026-09-10 13:17:19
EVT_000098,IF_ORD_001,ORD,PAY,API,REST,Failed,ORD_NET_004,Network timeout while contacting order service,Network,7400,SESS_e14eb70db380,REQ_9fb56d94dbd84ada,2026-09-10 13:23:34
EVT_002420,IF_ASM_001,ASM,DLV,MsgBus,Async,Warning,ASM_COMP_001,Assembly component mismatch detected,Validation,1706,SESS_6182f347533f,REQ_e7202c0b812c4f48,2026-09-10 13:25:33
EVT_000584,IF_PAY_001,PAY,ORD,API,REST,Failed,PAY_EXT_003,Payment processor external service error,ExternalService,6513,SESS_7f54a51101fa,REQ_748a5ccb2fb74971,2026-09-10 13:26:06
EVT_001913,IF_PRC_001,PRC,MFG,ESB,SOAP,Failed,PRC_MAT_002,Material availability check timed out,Timeout,5538,SESS_d58842dea2bc,REQ_6f38d7b1b3cf453a,2026-09-10 13:30:58
EVT_002523,IF_ASM_002,ASM,DLV,API,REST,Warning,ASM_COMP_001,Assembly component mismatch detected,Validation,435,SESS_cd4b69a99b68,REQ_f5333dc778aa4e52,2026-09-10 13:33:07
EVT_001623,IF_MFG_002,MFG,ASM,API,REST,Failed,MFG_DB_002,Manufacturing execution database write failure,Database,2921,SESS_bfc00dc804f6,REQ_f3a1e9f877a3455d,2026-09-10 13:35:41
EVT_001609,IF_MFG_002,MFG,ASM,API,REST,Warning,MFG_QC_003,Quality check parameters out of tolerance,Validation,522,SESS_bfc00dc804f6,REQ_a974b7fa2c7c4a32,2026-09-10 13:36:17
EVT_001382,IF_MFG_001,MFG,ASM,MsgBus,Async,Warning,MFG_QC_003,Quality check parameters out of tolerance (correlated with upstream failure on IF_PRC_001),Validation,1086,SESS_d58842dea2bc,REQ_0fd23557d6924dc8,2026-09-10 13:36:24
EVT_001972,IF_PRC_001,PRC,MFG,ESB,SOAP,Failed,PRC_PO_001,Purchase order rejected by supplier system,ExternalService,3412,SESS_50018b7b6d40,REQ_f10d7a6f4f1d45b4,2026-09-10 13:38:27
EVT_000685,IF_PAY_002,PAY,ORD,ESB,CDC,Failed,PAY_EXT_003,Payment processor external service error,ExternalService,4503,SESS_f81401027de1,REQ_06afcf98ecdf4ffe,2026-09-10 13:42:53
EVT_002006,IF_PRC_001,PRC,MFG,ESB,SOAP,Warning,PRC_CFG_003,Procurement routing configuration invalid,Configuration,1209,SESS_afd5dea589d7,REQ_6c051902e4a44819,2026-09-10 13:43:26
EVT_002696,IF_DLV_001,DLV,PAY,API,REST,Warning,DLV_TIME_003,Carrier API response timeout,Timeout,8288,SESS_a8499b926b52,REQ_b415090b615e48ad,2026-09-10 13:44:15
EVT_002004,IF_PRC_001,PRC,MFG,ESB,SOAP,Warning,PRC_AUTHZ_004,Procurement user lacks approval authorization,Authorization,1360,SESS_9e9a9f830668,REQ_2222e54805cc4fa7,2026-09-10 13:44:20
EVT_001731,IF_MFG_003,MFG,ASM,MsgBus,CDC,Failed,MFG_MACHINE_001,Manufacturing machine controller not responding,Infrastructure,1878,SESS_5ad5cf06364d,REQ_5d5cca88f9714282,2026-09-10 13:44:48
EVT_000309,IF_ORD_001,ORD,PAY,API,REST,Warning,ORD_VAL_002,Order validation failed due to missing required field,Validation,1140,SESS_6683e10796c0,REQ_ccb45778ce704611,2026-09-10 13:46:53
EVT_000170,IF_ORD_001,ORD,PAY,API,REST,Failed,ORD_NET_004,Network timeout while contacting order service,Network,5817,SESS_5e5ba13d746c,REQ_5960398ee3134e24,2026-09-10 13:49:13
EVT_000464,IF_PAY_001,PAY,ORD,API,REST,Failed,PAY_EXT_003,Payment processor external service error,ExternalService,8699,SESS_664fa6637e8f,REQ_a288c868c39a412a,2026-09-10 13:51:39
EVT_001466,IF_MFG_001,MFG,ASM,MsgBus,Async,Warning,MFG_MACHINE_001,Manufacturing machine controller not responding,Infrastructure,1365,SESS_a0ee89aed453,REQ_1a0e362a22b34fb5,2026-09-10 13:53:38
EVT_000161,IF_ORD_001,ORD,PAY,API,REST,Failed,ORD_VAL_002,Order validation failed due to missing required field,Validation,1987,SESS_3e83b91f2544,REQ_a9db82fe9d794ec1,2026-09-10 13:58:45
EVT_002831,IF_DLV_001,DLV,PAY,API,REST,Failed,DLV_TIME_003,Carrier API response timeout,Timeout,7066,SESS_4991ab9bebc2,REQ_47898a03a0164106,2026-09-10 14:01:53
EVT_002828,IF_DLV_001,DLV,PAY,API,REST,Failed,DLV_ROUTE_001,Delivery routing service unavailable,ExternalService,4802,SESS_11d059b26699,REQ_ec951c55c05e44ad,2026-09-10 14:04:23
EVT_002094,IF_PRC_002,PRC,ASM,Batch,Batch,Failed,PRC_PO_001,Purchase order rejected by supplier system,ExternalService,7896,SESS_b963f37f6781,REQ_daa138f23e6e44ed,2026-09-10 14:06:19
EVT_001797,IF_MFG_004,MFG,PRC,MsgBus,Async,Failed,MFG_CAP_004,Manufacturing queue capacity exceeded,Capacity,440,SESS_e6d5901d8b62,REQ_e3bf80f11b93450a,2026-09-10 14:11:36
EVT_002315,IF_ASM_001,ASM,DLV,MsgBus,Async,Failed,ASM_CAP_003,Assembly line at maximum capacity,Capacity,1528,SESS_aca5e2fdb966,REQ_f95848b928f6442b,2026-09-10 14:12:26
EVT_002180,IF_PRC_003,PRC,MFG,API,REST,Warning,PRC_AUTHZ_004,Procurement user lacks approval authorization,Authorization,1326,SESS_d85480f0dfca,REQ_64530ed46bc04cb3,2026-09-10 14:16:35
EVT_000246,IF_ORD_001,ORD,PAY,API,REST,Failed,ORD_DB_001,Order database connection timeout,Database,2840,SESS_fb02bebb4872,REQ_cbc0181a658647a5,2026-09-10 14:19:31
EVT_001002,IF_ORD_002,ORD,MFG,MsgBus,Async,Failed,ORD_DB_001,Order database connection timeout,Database,8971,SESS_3c19e71d1184,REQ_da2a3b096b4c4600,2026-09-10 14:20:16
EVT_002476,IF_ASM_002,ASM,DLV,API,REST,Failed,ASM_CAP_003,Assembly line at maximum capacity,Capacity,1697,SESS_5e84f058d5a8,REQ_3893ff32b4774863,2026-09-10 14:21:17
EVT_002465,IF_ASM_001,ASM,DLV,MsgBus,Async,Failed,ASM_CAP_003,Assembly line at maximum capacity,Capacity,1675,SESS_91e1aa9676f7,REQ_a28de90537f743fb,2026-09-10 14:23:09
EVT_000966,IF_ORD_002,ORD,MFG,MsgBus,Async,Failed,ORD_NET_004,Network timeout while contacting order service,Network,4765,SESS_142c3fe860e7,REQ_24d76a09ead343e6,2026-09-10 14:23:17
EVT_000507,IF_PAY_001,PAY,ORD,API,REST,Failed,PAY_EXT_003,Payment processor external service error,ExternalService,2233,SESS_d47d577bfa5a,REQ_b96642aa1fd9441d,2026-09-10 14:23:37
EVT_002837,IF_DLV_001,DLV,PAY,API,REST,Failed,DLV_TIME_003,Carrier API response timeout,Timeout,5980,SESS_693dffbc6c6f,REQ_efc5845a97194dd4,2026-09-10 14:24:51
EVT_000083,IF_ORD_001,ORD,PAY,API,REST,Failed,ORD_DB_001,Order database connection timeout,Database,3971,SESS_00d4af597427,REQ_b3a97fbc976143e5,2026-09-10 14:28:38
EVT_002389,IF_ASM_001,ASM,DLV,MsgBus,Async,Warning,ASM_CAP_003,Assembly line at maximum capacity,Capacity,1082,SESS_8dfa6a56d12d,REQ_2bdb883edaf4448a,2026-09-10 14:29:33
EVT_000136,IF_ORD_001,ORD,PAY,API,REST,Failed,ORD_DB_001,Order database connection timeout,Database,8664,SESS_42deffccf86c,REQ_41ceee948b2b43c3,2026-09-10 14:34:17
EVT_001514,IF_MFG_001,MFG,ASM,MsgBus,Async,Warning,MFG_QC_003,Quality check parameters out of tolerance,Validation,1015,SESS_7cfc9b793875,REQ_e4df69debd814d05,2026-09-10 14:34:49
EVT_001552,IF_MFG_002,MFG,ASM,API,REST,Failed,MFG_MACHINE_001,Manufacturing machine controller not responding,Infrastructure,2790,SESS_3d4cbf374eb9,REQ_0c43edbf6c1b44b3,2026-09-10 14:39:05
EVT_002497,IF_ASM_002,ASM,DLV,API,REST,Warning,ASM_COMP_001,Assembly component mismatch detected,Validation,795,SESS_f3b63fe1d184,REQ_0d66b698b4304f25,2026-09-10 14:41:01
EVT_002796,IF_DLV_001,DLV,PAY,API,REST,Failed,DLV_ROUTE_001,Delivery routing service unavailable,ExternalService,3173,SESS_2a1f955ad499,REQ_c2c3ca6872fb49b9,2026-09-10 14:45:33
EVT_002079,IF_PRC_002,PRC,ASM,Batch,Batch,Warning,PRC_CFG_003,Procurement routing configuration invalid,Configuration,3377,SESS_c9535b63ba81,REQ_0718c5f9b8b042b4,2026-09-10 14:53:54
EVT_002041,IF_PRC_001,PRC,MFG,ESB,SOAP,Warning,PRC_CFG_003,Procurement routing configuration invalid,Configuration,1519,SESS_3dc9829015ea,REQ_e2dbc5a3b5aa4458,2026-09-10 14:55:14
EVT_002712,IF_DLV_001,DLV,PAY,API,REST,Warning,DLV_ROUTE_001,Delivery routing service unavailable,ExternalService,2609,SESS_d46ef1041190,REQ_0ec6029ffaf9465d,2026-09-10 14:58:54
EVT_002161,IF_PRC_002,PRC,ASM,Batch,Batch,Failed,PRC_MAT_002,Material availability check timed out,Timeout,3760,SESS_620e99d33b33,REQ_43e28671b0d54b15,2026-09-10 14:59:09
EVT_002582,IF_ASM_002,ASM,DLV,API,REST,Warning,ASM_COMP_001,Assembly component mismatch detected,Validation,1527,SESS_98b8e4cc1bc0,REQ_b7933c736ab24bd8,2026-09-10 15:02:00
EVT_000397,IF_PAY_001,PAY,ORD,API,REST,Warning,PAY_AUTH_001,Payment gateway authentication failed,Authentication,180,SESS_67b032831d7c,REQ_9ec3973ce8234bb9,2026-09-10 15:02:09
EVT_001792,IF_MFG_004,MFG,PRC,MsgBus,Async,Warning,MFG_QC_003,Quality check parameters out of tolerance,Validation,2908,SESS_1ac70ec0ab8d,REQ_ed6657eecfe648b2,2026-09-10 15:02:59
EVT_001194,IF_ORD_003,ORD,MFG,API,REST,Warning,ORD_NET_004,Network timeout while contacting order service,Network,8423,SESS_f1eedba31343,REQ_895a3483b6f348c8,2026-09-10 15:04:21
EVT_002722,IF_DLV_001,DLV,PAY,API,REST,Failed,DLV_TIME_003,Carrier API response timeout,Timeout,3536,SESS_59a1120e1bb4,REQ_20225cb1877b4de1,2026-09-10 15:09:03
EVT_001967,IF_PRC_001,PRC,MFG,ESB,SOAP,Failed,PRC_PO_001,Purchase order rejected by supplier system,ExternalService,2323,SESS_ba6c34ab6712,REQ_6d0b8c64aa324775,2026-09-10 15:10:55
EVT_002647,IF_ASM_002,ASM,DLV,API,REST,Failed,ASM_CAP_003,Assembly line at maximum capacity,Capacity,1228,SESS_24ac2130deaf,REQ_98269387ecab401e,2026-09-10 15:13:20
EVT_001073,IF_ORD_002,ORD,MFG,MsgBus,Async,Failed,ORD_NET_004,Network timeout while contacting order service,Network,2795,SESS_d882b5c1f79e,REQ_f60f9471eff64a6e,2026-09-10 15:14:04
EVT_000400,IF_PAY_001,PAY,ORD,API,REST,Warning,PAY_AUTH_001,Payment gateway authentication failed,Authentication,679,SESS_bac7e2b96a7e,REQ_13c8a87ab2af4d55,2026-09-10 15:17:21
EVT_000232,IF_ORD_001,ORD,PAY,API,REST,Failed,ORD_DB_001,Order database connection timeout,Database,4466,SESS_5563f61600e8,REQ_bf24dd168db34079,2026-09-10 15:17:39
EVT_000016,IF_ORD_001,ORD,PAY,API,REST,Warning,ORD_AUTH_003,Order service authentication token expired,Authentication,1870,SESS_598336e375d6,REQ_3ac1b1a3b0a2432e,2026-09-10 15:19:42
EVT_000796,IF_ORD_002,ORD,MFG,MsgBus,Async,Failed,ORD_DB_001,Order database connection timeout,Database,8286,SESS_6142ea7d17be,REQ_865b64170529407c,2026-09-10 15:21:27
EVT_001679,IF_MFG_003,MFG,ASM,MsgBus,CDC,Failed,MFG_MACHINE_001,Manufacturing machine controller not responding,Infrastructure,1133,SESS_5be4bf519269,REQ_2067c94fc430478b,2026-09-10 15:24:29
EVT_001734,IF_MFG_003,MFG,ASM,MsgBus,CDC,Failed,MFG_CAP_004,Manufacturing queue capacity exceeded,Capacity,1246,SESS_12e89d102871,REQ_97bf7e45abcd42e2,2026-09-10 15:25:36
EVT_002498,IF_ASM_002,ASM,DLV,API,REST,Failed,ASM_DB_002,Assembly tracking database update failed,Database,4784,SESS_961d33ba3508,REQ_b696c2db6c0d4513,2026-09-10 15:25:53
EVT_002797,IF_DLV_001,DLV,PAY,API,REST,Failed,DLV_TIME_003,Carrier API response timeout (correlated with upstream failure on IF_ASM_002),Timeout,4466,SESS_961d33ba3508,REQ_c5c343947ea844f9,2026-09-10 15:28:45
EVT_001538,IF_MFG_002,MFG,ASM,API,REST,Failed,MFG_CAP_004,Manufacturing queue capacity exceeded,Capacity,864,SESS_832920b7c143,REQ_d242bb1f4b1a4d35,2026-09-10 15:33:30
EVT_000626,IF_PAY_001,PAY,ORD,API,REST,Warning,PAY_AUTHZ_002,Payment authorization declined by issuer,Authorization,1109,SESS_859131d2bbda,REQ_66ea419a241b4fec,2026-09-10 15:34:11
EVT_000154,IF_ORD_001,ORD,PAY,API,REST,Warning,ORD_AUTH_003,Order service authentication token expired,Authentication,947,SESS_0dde29a6baa4,REQ_a613d951da5a4698,2026-09-10 15:34:39
EVT_001773,IF_MFG_004,MFG,PRC,MsgBus,Async,Failed,MFG_CAP_004,Manufacturing queue capacity exceeded,Capacity,1938,SESS_250741818d1f,REQ_7b3e8580d9d24ed5,2026-09-10 15:36:43
EVT_002383,IF_ASM_001,ASM,DLV,MsgBus,Async,Failed,ASM_CAP_003,Assembly line at maximum capacity,Capacity,917,SESS_f1eedba31343,REQ_387a9c828cd34875,2026-09-10 15:40:22
EVT_001080,IF_ORD_002,ORD,MFG,MsgBus,Async,Failed,ORD_NET_004,Network timeout while contacting order service,Network,8311,SESS_f2f9e5fa9016,REQ_fec44519f63f4a03,2026-09-10 15:43:40
EVT_002469,IF_ASM_002,ASM,DLV,API,REST,Warning,ASM_COMP_001,Assembly component mismatch detected (correlated with upstream failure on IF_ASM_001),Validation,892,SESS_f1eedba31343,REQ_9f894a15ccdc4c7d,2026-09-10 15:45:39
EVT_002245,IF_PRC_003,PRC,MFG,API,REST,Warning,PRC_AUTHZ_004,Procurement user lacks approval authorization,Authorization,253,SESS_7428a656b3ee,REQ_204c7bf2a78c4fe7,2026-09-10 15:50:45
EVT_002164,IF_PRC_002,PRC,ASM,Batch,Batch,Failed,PRC_MAT_002,Material availability check timed out,Timeout,4095,SESS_0d366dfcc28e,REQ_02649a763a644f8d,2026-09-10 15:52:28
EVT_002495,IF_ASM_002,ASM,DLV,API,REST,Warning,ASM_COMP_001,Assembly component mismatch detected,Validation,1174,SESS_27209bdf1c11,REQ_a452572657424326,2026-09-10 15:53:19
EVT_000285,IF_ORD_001,ORD,PAY,API,REST,Failed,ORD_DB_001,Order database connection timeout,Database,5250,SESS_8268690ba438,REQ_b30fc5c9f02c4ea7,2026-09-10 15:54:51
EVT_001953,IF_PRC_001,PRC,MFG,ESB,SOAP,Failed,PRC_MAT_002,Material availability check timed out,Timeout,5689,SESS_88bc539c9f4c,REQ_76d74ad4c08f45b3,2026-09-10 15:55:24
EVT_002644,IF_ASM_002,ASM,DLV,API,REST,Failed,ASM_DB_002,Assembly tracking database update failed,Database,4553,SESS_157d94a106f0,REQ_49e047b5b0b54753,2026-09-10 15:56:23
EVT_000514,IF_PAY_001,PAY,ORD,API,REST,Failed,PAY_TIME_004,Payment gateway response timeout,Timeout,3410,SESS_63b4c08b6b8e,REQ_de4c450aabb84193,2026-09-10 15:56:58
EVT_000934,IF_ORD_002,ORD,MFG,MsgBus,Async,Failed,ORD_NET_004,Network timeout while contacting order service,Network,2090,SESS_77d21e02ff01,REQ_d76a9c0251564b42,2026-09-10 15:57:42
EVT_002726,IF_DLV_001,DLV,PAY,API,REST,Failed,DLV_TIME_003,Carrier API response timeout,Timeout,5839,SESS_3c71e0bef357,REQ_428e8c840ea44690,2026-09-10 16:00:26
EVT_002882,IF_DLV_001,DLV,PAY,API,REST,Warning,DLV_CFG_002,Delivery zone configuration mismatch (correlated with upstream failure on IF_ASM_002),Configuration,1694,SESS_157d94a106f0,REQ_3cb6e67e0ca34b8f,2026-09-10 16:02:26
EVT_002965,IF_DLV_001,DLV,PAY,API,REST,Failed,DLV_TIME_003,Carrier API response timeout,Timeout,3397,SESS_fc3e058be0f3,REQ_bd12eb4f8b6149ce,2026-09-10 16:03:30
EVT_000992,IF_ORD_002,ORD,MFG,MsgBus,Async,Failed,ORD_DB_001,Order database connection timeout,Database,8807,SESS_32c5bd89b70b,REQ_d4a7e0a1263c49f0,2026-09-10 16:06:25
EVT_002935,IF_DLV_001,DLV,PAY,API,REST,Failed,DLV_DB_004,Delivery tracking database error,Database,4728,SESS_fad409e2a319,REQ_ca8030c40b5d41b4,2026-09-10 16:14:05
EVT_002790,IF_DLV_001,DLV,PAY,API,REST,Warning,DLV_CFG_002,Delivery zone configuration mismatch,Configuration,188,SESS_3d4cbf374eb9,REQ_4f0a156deb9347be,2026-09-10 16:17:59
EVT_002131,IF_PRC_002,PRC,ASM,Batch,Batch,Failed,PRC_PO_001,Purchase order rejected by supplier system,ExternalService,6725,SESS_ae340454cac5,REQ_804ab9ed68c740dc,2026-09-10 16:19:21
EVT_000364,IF_PAY_001,PAY,ORD,API,REST,Warning,PAY_AUTH_001,Payment gateway authentication failed,Authentication,1299,SESS_ca8f3653c9af,REQ_477977cf82da4759,2026-09-10 16:20:22
EVT_001635,IF_MFG_002,MFG,ASM,API,REST,Failed,MFG_MACHINE_001,Manufacturing machine controller not responding,Infrastructure,1507,SESS_2031d750c40d,REQ_9c6ed10602ba44f2,2026-09-10 16:26:25
EVT_002267,IF_ASM_001,ASM,DLV,MsgBus,Async,Failed,ASM_CAP_003,Assembly line at maximum capacity,Capacity,1760,SESS_f4427e0b6148,REQ_95bcc781612c40b0,2026-09-10 16:28:01
EVT_001105,IF_ORD_003,ORD,MFG,API,REST,Failed,ORD_DB_001,Order database connection timeout,Database,6765,SESS_cde22f1c56b6,REQ_f6152af69db347f7,2026-09-10 16:28:49
EVT_000585,IF_PAY_001,PAY,ORD,API,REST,Warning,PAY_AUTH_001,Payment gateway authentication failed,Authentication,1654,SESS_620a60ac9261,REQ_b0eeec389e3e49ce,2026-09-10 16:29:11
EVT_002189,IF_PRC_003,PRC,MFG,API,REST,Warning,PRC_AUTHZ_004,Procurement user lacks approval authorization,Authorization,666,SESS_3838b3268e94,REQ_ad8180d36f904bb8,2026-09-10 16:31:27
EVT_001498,IF_MFG_001,MFG,ASM,MsgBus,Async,Warning,MFG_QC_003,Quality check parameters out of tolerance,Validation,119,SESS_3c1bdacc18e1,REQ_5e7cfa423803485e,2026-09-10 16:31:46
EVT_001706,IF_MFG_003,MFG,ASM,MsgBus,CDC,Failed,MFG_CAP_004,Manufacturing queue capacity exceeded,Capacity,92,SESS_3d4cbf374eb9,REQ_8c7b42e03e0d4928,2026-09-10 16:35:41
EVT_002042,IF_PRC_001,PRC,MFG,ESB,SOAP,Failed,PRC_PO_001,Purchase order rejected by supplier system,ExternalService,3805,SESS_11ce5dd2b45e,REQ_782c43197d6948e2,2026-09-10 16:38:51
EVT_002623,IF_ASM_002,ASM,DLV,API,REST,Warning,ASM_COMP_001,Assembly component mismatch detected,Validation,201,SESS_23bed01d43cf,REQ_1e89c904b9fe41a9,2026-09-10 16:39:32
EVT_001443,IF_MFG_001,MFG,ASM,MsgBus,Async,Failed,MFG_CAP_004,Manufacturing queue capacity exceeded,Capacity,640,SESS_b7c93acfe059,REQ_cb06ef43984a4b96,2026-09-10 16:44:01
EVT_000425,IF_PAY_001,PAY,ORD,API,REST,Failed,PAY_EXT_003,Payment processor external service error,ExternalService,3417,SESS_ab73295b344a,REQ_cc4e886efad24b7d,2026-09-10 16:45:36
EVT_002600,IF_ASM_002,ASM,DLV,API,REST,Failed,ASM_NET_004,Assembly station network connectivity lost,Network,6284,SESS_d450281c6c6f,REQ_79089241682b4106,2026-09-10 16:51:37
EVT_002201,IF_PRC_003,PRC,MFG,API,REST,Warning,PRC_AUTHZ_004,Procurement user lacks approval authorization,Authorization,4755,SESS_d2fe2fded918,REQ_f8c78ca6dcec4ac3,2026-09-10 16:53:27
EVT_001167,IF_ORD_003,ORD,MFG,API,REST,Warning,ORD_AUTH_003,Order service authentication token expired,Authentication,1965,SESS_7010f7197e69,REQ_4292a3d9ebb24ad3,2026-09-10 16:54:57
EVT_002451,IF_ASM_001,ASM,DLV,MsgBus,Async,Failed,ASM_CAP_003,Assembly line at maximum capacity,Capacity,214,SESS_4ffca6b199b4,REQ_fe639c08d0c04132,2026-09-10 16:55:01
EVT_000203,IF_ORD_001,ORD,PAY,API,REST,Failed,ORD_DB_001,Order database connection timeout,Database,2865,SESS_8a80068ddf54,REQ_5d026416671c4fc2,2026-09-10 16:55:34
EVT_002508,IF_ASM_002,ASM,DLV,API,REST,Failed,ASM_NET_004,Assembly station network connectivity lost (correlated with upstream failure on IF_ASM_001),Network,8647,SESS_4ffca6b199b4,REQ_8eb02238c142401f,2026-09-10 16:59:44
EVT_001878,IF_PRC_001,PRC,MFG,ESB,SOAP,Failed,PRC_PO_001,Purchase order rejected by supplier system,ExternalService,7770,SESS_3c835dc0d944,REQ_08d9979774944993,2026-09-10 17:05:11
EVT_002996,IF_DLV_001,DLV,PAY,API,REST,Failed,DLV_TIME_003,Carrier API response timeout,Timeout,5427,SESS_222282e174da,REQ_6d4135f0c1fb41a6,2026-09-10 17:06:08
EVT_002959,IF_DLV_001,DLV,PAY,API,REST,Warning,DLV_CFG_002,Delivery zone configuration mismatch,Configuration,397,SESS_5b9962c6e61f,REQ_48afb04912b04bd0,2026-09-10 17:08:32
EVT_001906,IF_PRC_001,PRC,MFG,ESB,SOAP,Failed,PRC_PO_001,Purchase order rejected by supplier system,ExternalService,4172,SESS_69288e92c68a,REQ_00f68bf6a4364221,2026-09-10 17:10:42
EVT_000766,IF_ORD_002,ORD,MFG,MsgBus,Async,Failed,ORD_NET_004,Network timeout while contacting order service,Network,4242,SESS_5be4bf519269,REQ_11ca8d24f86e4720,2026-09-10 17:11:24
EVT_001619,IF_MFG_002,MFG,ASM,API,REST,Failed,MFG_CAP_004,Manufacturing queue capacity exceeded,Capacity,735,SESS_c9277d9b6e0d,REQ_88d2138c8df74095,2026-09-10 17:11:53
EVT_001978,IF_PRC_001,PRC,MFG,ESB,SOAP,Warning,PRC_AUTHZ_004,Procurement user lacks approval authorization,Authorization,371,SESS_ef43613cd4aa,REQ_297a2cf37f254811,2026-09-10 17:16:20
EVT_001479,IF_MFG_001,MFG,ASM,MsgBus,Async,Warning,MFG_QC_003,Quality check parameters out of tolerance,Validation,1236,SESS_c5e7ce8a3a57,REQ_cd715f2553554dc2,2026-09-10 17:18:36
EVT_002017,IF_PRC_001,PRC,MFG,ESB,SOAP,Warning,PRC_CFG_003,Procurement routing configuration invalid,Configuration,1449,SESS_3108d4482f65,REQ_3f33b5ec777b4ba0,2026-09-10 17:19:32
EVT_000317,IF_ORD_001,ORD,PAY,API,REST,Warning,ORD_AUTH_003,Order service authentication token expired,Authentication,1337,SESS_13eecdc6ebd1,REQ_d013dca2a4bf47c5,2026-09-10 17:23:39
EVT_002759,IF_DLV_001,DLV,PAY,API,REST,Failed,DLV_TIME_003,Carrier API response timeout,Timeout,8671,SESS_b7e6427cbf78,REQ_1984bb57028f4531,2026-09-10 17:24:36
EVT_001008,IF_ORD_002,ORD,MFG,MsgBus,Async,Failed,ORD_DB_001,Order database connection timeout,Database,2276,SESS_a5c5650c8186,REQ_becf680592384169,2026-09-10 17:24:41
EVT_002678,IF_ASM_002,ASM,DLV,API,REST,Failed,ASM_NET_004,Assembly station network connectivity lost,Network,6131,SESS_2369b584ff5e,REQ_a0a5bd90ff134531,2026-09-10 17:25:50
EVT_002247,IF_PRC_003,PRC,MFG,API,REST,Failed,PRC_PO_001,Purchase order rejected by supplier system,ExternalService,5041,SESS_3317347038f1,REQ_84dbf9f56bcf427d,2026-09-10 17:27:53
EVT_000027,IF_ORD_001,ORD,PAY,API,REST,Failed,ORD_DB_001,Order database connection timeout,Database,7371,SESS_d534ee1d7f29,REQ_26a55547046d47ce,2026-09-10 17:27:56
EVT_002981,IF_DLV_001,DLV,PAY,API,REST,Failed,DLV_ROUTE_001,Delivery routing service unavailable,ExternalService,6096,SESS_859131d2bbda,REQ_3a79aa0c1c554d65,2026-09-10 17:29:46
EVT_001858,IF_PRC_001,PRC,MFG,ESB,SOAP,Warning,PRC_AUTHZ_004,Procurement user lacks approval authorization,Authorization,1574,SESS_c9e48e8c25c6,REQ_4cb2e44b82604ae6,2026-09-10 17:30:41
EVT_000598,IF_PAY_001,PAY,ORD,API,REST,Warning,PAY_AUTH_001,Payment gateway authentication failed,Authentication,400,SESS_c122b5b3284c,REQ_4f4990ac6ca046c6,2026-09-10 17:31:19
EVT_002057,IF_PRC_002,PRC,ASM,Batch,Batch,Warning,PRC_AUTHZ_004,Procurement user lacks approval authorization,Authorization,1914,SESS_e359eee17399,REQ_e63331f4043d48f9,2026-09-10 17:33:58
EVT_000423,IF_PAY_001,PAY,ORD,API,REST,Failed,PAY_EXT_003,Payment processor external service error,ExternalService,4669,SESS_1723199dbf2c,REQ_3a148d38561241d4,2026-09-10 17:34:29
EVT_000623,IF_PAY_001,PAY,ORD,API,REST,Warning,PAY_AUTH_001,Payment gateway authentication failed,Authentication,1854,SESS_89c8d2ab6b44,REQ_702345d478ef4031,2026-09-10 17:42:39
EVT_000861,IF_ORD_002,ORD,MFG,MsgBus,Async,Failed,ORD_VAL_002,Order validation failed due to missing required field,Validation,1102,SESS_72ff5d2a386e,REQ_4a84998ed2864c31,2026-09-10 17:43:26
EVT_001493,IF_MFG_001,MFG,ASM,MsgBus,Async,Failed,MFG_CAP_004,Manufacturing queue capacity exceeded,Capacity,208,SESS_114125c63a9b,REQ_3482a1af7ea44e23,2026-09-10 17:48:24
EVT_002868,IF_DLV_001,DLV,PAY,API,REST,Failed,DLV_TIME_003,Carrier API response timeout,Timeout,5788,SESS_c122b5b3284c,REQ_89637a5eaad04d44,2026-09-10 17:48:49
EVT_000819,IF_ORD_002,ORD,MFG,MsgBus,Async,Warning,ORD_DB_001,Order database connection timeout,Database,5095,SESS_8da0365bf898,REQ_eb7c140482c549a5,2026-09-10 17:48:53
EVT_002984,IF_DLV_001,DLV,PAY,API,REST,Warning,DLV_CFG_002,Delivery zone configuration mismatch,Configuration,1550,SESS_f2a034599060,REQ_c9e734a8026f4bb1,2026-09-10 17:51:18
EVT_001616,IF_MFG_002,MFG,ASM,API,REST,Failed,MFG_CAP_004,Manufacturing queue capacity exceeded,Capacity,1980,SESS_076979d64477,REQ_052be40dd1214fe2,2026-09-10 17:54:04
EVT_000035,IF_ORD_001,ORD,PAY,API,REST,Failed,ORD_DB_001,Order database connection timeout,Database,5703,SESS_8715a10343da,REQ_fce1164046ad4727,2026-09-10 17:54:20
EVT_000247,IF_ORD_001,ORD,PAY,API,REST,Warning,ORD_AUTH_003,Order service authentication token expired,Authentication,778,SESS_fef518a64dea,REQ_71e8d2556a66478e,2026-09-10 17:54:29
EVT_001570,IF_MFG_002,MFG,ASM,API,REST,Warning,MFG_QC_003,Quality check parameters out of tolerance,Validation,1385,SESS_ae340454cac5,REQ_2c8565d397c64912,2026-09-10 17:59:48
EVT_001629,IF_MFG_002,MFG,ASM,API,REST,Failed,MFG_DB_002,Manufacturing execution database write failure,Database,6110,SESS_7914f8a8bea4,REQ_922d514cebef472a,2026-09-10 18:08:16
EVT_000293,IF_ORD_001,ORD,PAY,API,REST,Failed,ORD_DB_001,Order database connection timeout,Database,3103,SESS_a9d3c2e6505c,REQ_ad127d1bcbb84fa5,2026-09-10 18:09:03
EVT_002528,IF_ASM_002,ASM,DLV,API,REST,Failed,ASM_DB_002,Assembly tracking database update failed,Database,5282,SESS_b963f37f6781,REQ_6c14d68190584b04,2026-09-10 18:09:35
EVT_000388,IF_PAY_001,PAY,ORD,API,REST,Failed,PAY_EXT_003,Payment processor external service error,ExternalService,6265,SESS_27209bdf1c11,REQ_08aca711a9e54525,2026-09-10 18:15:33
EVT_002661,IF_ASM_002,ASM,DLV,API,REST,Failed,ASM_NET_004,Assembly station network connectivity lost,Network,4126,SESS_74f331034006,REQ_b1fdcfbaf6ce41d7,2026-09-10 18:21:40
EVT_000621,IF_PAY_001,PAY,ORD,API,REST,Failed,PAY_EXT_003,Payment processor external service error,ExternalService,3002,SESS_345512f701f7,REQ_05c44c0f054447db,2026-09-10 18:26:30
EVT_001992,IF_PRC_001,PRC,MFG,ESB,SOAP,Warning,PRC_CFG_003,Procurement routing configuration invalid,Configuration,815,SESS_59dcabd056fe,REQ_f640116328a14f8a,2026-09-10 18:29:14
EVT_001176,IF_ORD_003,ORD,MFG,API,REST,Failed,ORD_DB_001,Order database connection timeout,Database,3190,SESS_e222b6a615bf,REQ_7c3795d9e4104ba7,2026-09-10 18:30:53
EVT_000703,IF_PAY_002,PAY,ORD,ESB,CDC,Warning,PAY_AUTHZ_002,Payment authorization declined by issuer,Authorization,444,SESS_cd4b69a99b68,REQ_b81a14c319d64d4a,2026-09-10 18:34:13
EVT_000905,IF_ORD_002,ORD,MFG,MsgBus,Async,Failed,ORD_DB_001,Order database connection timeout,Database,2909,SESS_f4e559e59622,REQ_8e78c758c3844cf7,2026-09-10 18:36:17
EVT_002531,IF_ASM_002,ASM,DLV,API,REST,Warning,ASM_COMP_001,Assembly component mismatch detected,Validation,540,SESS_138d994c2b0a,REQ_f8740736c4644340,2026-09-10 18:43:41
EVT_001119,IF_ORD_003,ORD,MFG,API,REST,Failed,ORD_DB_001,Order database connection timeout,Database,3150,SESS_168b1625746f,REQ_6fb31eb5902146dd,2026-09-10 18:44:45
EVT_000724,IF_PAY_002,PAY,ORD,ESB,CDC,Failed,PAY_TIME_004,Payment gateway response timeout,Timeout,3603,SESS_d7665cdafe04,REQ_50d2be238f8c45d3,2026-09-10 18:46:46
EVT_001064,IF_ORD_002,ORD,MFG,MsgBus,Async,Failed,ORD_NET_004,Network timeout while contacting order service,Network,5562,SESS_e17f29e17028,REQ_cf8923fd40984b82,2026-09-10 18:48:06
EVT_001357,IF_MFG_001,MFG,ASM,MsgBus,Async,Warning,MFG_QC_003,Quality check parameters out of tolerance,Validation,1720,SESS_5275eb9414ae,REQ_7143077789d74a16,2026-09-10 18:48:31
EVT_000240,IF_ORD_001,ORD,PAY,API,REST,Warning,ORD_AUTH_003,Order service authentication token expired,Authentication,1675,SESS_be0f051b1b66,REQ_33bc182a4e274f92,2026-09-10 18:56:53
EVT_000102,IF_ORD_001,ORD,PAY,API,REST,Warning,ORD_AUTH_003,Order service authentication token expired,Authentication,1238,SESS_c47104c03613,REQ_0660a651c40c48c8,2026-09-10 18:58:02
EVT_000921,IF_ORD_002,ORD,MFG,MsgBus,Async,Warning,ORD_AUTH_003,Order service authentication token expired,Authentication,897,SESS_e645f129629c,REQ_ee29f72531244fdf,2026-09-10 18:58:19
EVT_001625,IF_MFG_002,MFG,ASM,API,REST,Failed,MFG_DB_002,Manufacturing execution database write failure,Database,3488,SESS_561e16d16105,REQ_2b7b37ef8cd64d48,2026-09-10 18:59:26
EVT_001170,IF_ORD_003,ORD,MFG,API,REST,Failed,ORD_DB_001,Order database connection timeout,Database,4593,SESS_fcce96f6250a,REQ_6eb5dad284d04ec2,2026-09-10 19:05:40
EVT_000065,IF_ORD_001,ORD,PAY,API,REST,Warning,ORD_AUTH_003,Order service authentication token expired,Authentication,737,SESS_6c4596f6c012,REQ_8b81b8f75dba45cf,2026-09-10 19:05:41
EVT_002858,IF_DLV_001,DLV,PAY,API,REST,Failed,DLV_ROUTE_001,Delivery routing service unavailable,ExternalService,5638,SESS_d777a4774c66,REQ_d96902e27f294199,2026-09-10 19:12:21
EVT_001620,IF_MFG_002,MFG,ASM,API,REST,Failed,MFG_DB_002,Manufacturing execution database write failure,Database,5303,SESS_ddcf8766a93b,REQ_b80c2be3c29b4434,2026-09-10 19:32:57
EVT_000962,IF_ORD_002,ORD,MFG,MsgBus,Async,Failed,ORD_DB_001,Order database connection timeout,Database,6436,SESS_60141de9f54a,REQ_28b29b032c8846d7,2026-09-10 19:48:57
EVT_002190,IF_PRC_003,PRC,MFG,API,REST,Failed,PRC_AUTHZ_004,Procurement user lacks approval authorization,Authorization,2694,SESS_76da3ca0d2e8,REQ_8e4bb784cea24a90,2026-09-10 19:56:00
EVT_001515,IF_MFG_002,MFG,ASM,API,REST,Failed,MFG_CAP_004,Manufacturing queue capacity exceeded,Capacity,1684,SESS_2369b584ff5e,REQ_ca911ce7971a45f8,2026-09-10 20:08:57
EVT_001182,IF_ORD_003,ORD,MFG,API,REST,Warning,ORD_NET_004,Network timeout while contacting order service,Network,7786,SESS_d261a7ab3aa2,REQ_94b911da221449a3,2026-09-10 20:17:36
EVT_002667,IF_ASM_002,ASM,DLV,API,REST,Failed,ASM_NET_004,Assembly station network connectivity lost,Network,3960,SESS_99546eb40025,REQ_fd50110a5cc7408a,2026-09-10 20:26:30
EVT_000116,IF_ORD_001,ORD,PAY,API,REST,Warning,ORD_VAL_002,Order validation failed due to missing required field,Validation,1476,SESS_72bb912d7da6,REQ_2b0ee0efe5744d46,2026-09-10 20:29:45
EVT_000022,IF_ORD_001,ORD,PAY,API,REST,Failed,ORD_DB_001,Order database connection timeout,Database,6288,SESS_9d77a45ef206,REQ_e938626851994829,2026-09-10 20:34:32
EVT_002807,IF_DLV_001,DLV,PAY,API,REST,Warning,DLV_CFG_002,Delivery zone configuration mismatch,Configuration,1125,SESS_f3b1025bfff9,REQ_0ff6a7bd0b934ad0,2026-09-10 20:35:27
EVT_002473,IF_ASM_002,ASM,DLV,API,REST,Warning,ASM_COMP_001,Assembly component mismatch detected,Validation,126,SESS_764414fd8ae7,REQ_f8d4b480f26a4736,2026-09-10 20:38:11
EVT_000856,IF_ORD_002,ORD,MFG,MsgBus,Async,Warning,ORD_VAL_002,Order validation failed due to missing required field,Validation,190,SESS_afd5dea589d7,REQ_52eb2f71fcd343fa,2026-09-10 20:43:27
EVT_001132,IF_ORD_003,ORD,MFG,API,REST,Warning,ORD_VAL_002,Order validation failed due to missing required field,Validation,413,SESS_26d794d30db9,REQ_82aef64a477641e8,2026-09-10 20:47:38
EVT_001500,IF_MFG_001,MFG,ASM,MsgBus,Async,Failed,MFG_QC_003,Quality check parameters out of tolerance,Validation,495,SESS_c9535b63ba81,REQ_79d1d87892714d6e,2026-09-10 20:59:20
EVT_000308,IF_ORD_001,ORD,PAY,API,REST,Failed,ORD_DB_001,Order database connection timeout,Database,7521,SESS_473544f9ea83,REQ_f07a6dec8b2045f1,2026-09-10 21:05:17
EVT_001113,IF_ORD_003,ORD,MFG,API,REST,Failed,ORD_DB_001,Order database connection timeout,Database,8244,SESS_cde22f1c56b6,REQ_f7a8ba4801994745,2026-09-10 21:22:41
EVT_002199,IF_PRC_003,PRC,MFG,API,REST,Failed,PRC_MAT_002,Material availability check timed out,Timeout,4635,SESS_0212b5544644,REQ_d330a722add949b5,2026-09-10 21:24:18
EVT_001140,IF_ORD_003,ORD,MFG,API,REST,Failed,ORD_NET_004,Network timeout while contacting order service,Network,3824,SESS_4ffca6b199b4,REQ_4ed7a2328fa64f9e,2026-09-10 21:29:26
EVT_001150,IF_ORD_003,ORD,MFG,API,REST,Warning,ORD_AUTH_003,Order service authentication token expired,Authentication,1213,SESS_d8e88ebb7a9e,REQ_93cf4084820b4eaf,2026-09-10 21:32:11
EVT_001398,IF_MFG_001,MFG,ASM,MsgBus,Async,Warning,MFG_CAP_004,Manufacturing queue capacity exceeded,Capacity,931,SESS_e0b15abaa6a2,REQ_14e573053ef54c47,2026-09-10 21:42:07
EVT_002734,IF_DLV_001,DLV,PAY,API,REST,Failed,DLV_ROUTE_001,Delivery routing service unavailable,ExternalService,5787,SESS_26f05fcffb16,REQ_ac7af822f2a84fb7,2026-09-10 21:54:55
EVT_001122,IF_ORD_003,ORD,MFG,API,REST,Warning,ORD_VAL_002,Order validation failed due to missing required field,Validation,1238,SESS_7b70c3b8a81f,REQ_938cff5c2cbd4b61,2026-09-10 21:55:51
EVT_001838,IF_PRC_001,PRC,MFG,ESB,SOAP,Warning,PRC_AUTHZ_004,Procurement user lacks approval authorization,Authorization,284,SESS_43b409ef2260,REQ_c59c649deeae47c5,2026-09-10 21:57:48
EVT_000500,IF_PAY_001,PAY,ORD,API,REST,Failed,PAY_TIME_004,Payment gateway response timeout,Timeout,7546,SESS_d8e88ebb7a9e,REQ_28c71628c0404ece,2026-09-10 22:25:12
EVT_001293,IF_ORD_003,ORD,MFG,API,REST,Warning,ORD_NET_004,Network timeout while contacting order service,Network,2669,SESS_6de593329364,REQ_7b716f926b944bda,2026-09-10 22:34:02
EVT_002191,IF_PRC_003,PRC,MFG,API,REST,Failed,PRC_PO_001,Purchase order rejected by supplier system,ExternalService,8442,SESS_1ac70ec0ab8d,REQ_005e9b06eb9b4b42,2026-09-10 22:44:35
EVT_002202,IF_PRC_003,PRC,MFG,API,REST,Failed,PRC_MAT_002,Material availability check timed out,Timeout,2348,SESS_8a63f881ffd0,REQ_9a58c9116e7d4419,2026-09-10 22:45:07
EVT_002901,IF_DLV_001,DLV,PAY,API,REST,Failed,DLV_CFG_002,Delivery zone configuration mismatch,Configuration,1493,SESS_c17af08a1745,REQ_08aea7b4a9584190,2026-09-10 23:08:08
EVT_000239,IF_ORD_001,ORD,PAY,API,REST,Warning,ORD_DB_001,Order database connection timeout,Database,3085,SESS_7f54a51101fa,REQ_ebe519316e9f4b0f,2026-09-10 23:11:40
EVT_002196,IF_PRC_003,PRC,MFG,API,REST,Warning,PRC_AUTHZ_004,Procurement user lacks approval authorization,Authorization,320,SESS_076979d64477,REQ_f53585d17e29493b,2026-09-10 23:15:38
EVT_000523,IF_PAY_001,PAY,ORD,API,REST,Failed,PAY_TIME_004,Payment gateway response timeout,Timeout,7563,SESS_ba6c34ab6712,REQ_e12f051c721249a2,2026-09-10 23:40:16
EVT_001100,IF_ORD_003,ORD,MFG,API,REST,Failed,ORD_DB_001,Order database connection timeout (correlated with upstream failure on IF_PAY_001),Database,4699,SESS_ba6c34ab6712,REQ_f551d3db214f4386,2026-09-10 23:44:29
EVT_000646,IF_PAY_002,PAY,ORD,ESB,CDC,Warning,PAY_EXT_003,Payment processor external service error,ExternalService,3571,SESS_ab85fd595463,REQ_7cf5466ec76243a5,2026-09-10 23:44:43
EVT_002542,IF_ASM_002,ASM,DLV,API,REST,Failed,ASM_CAP_003,Assembly line at maximum capacity,Capacity,1083,SESS_fbc9f87af668,REQ_44b343a2b8f649a4,2026-09-11 00:15:34
EVT_002897,IF_DLV_001,DLV,PAY,API,REST,Warning,DLV_TIME_003,Carrier API response timeout,Timeout,6462,SESS_88bd64072bcf,REQ_37acf81a47584332,2026-09-11 00:16:54
EVT_000769,IF_ORD_002,ORD,MFG,MsgBus,Async,Warning,ORD_VAL_002,Order validation failed due to missing required field,Validation,1845,SESS_27209bdf1c11,REQ_6cbfe95dd7354bbb,2026-09-11 00:28:51
EVT_001189,IF_ORD_003,ORD,MFG,API,REST,Failed,ORD_DB_001,Order database connection timeout,Database,6563,SESS_d261a7ab3aa2,REQ_ab2cea25742a4064,2026-09-11 00:37:19
EVT_002537,IF_ASM_002,ASM,DLV,API,REST,Warning,ASM_COMP_001,Assembly component mismatch detected,Validation,1636,SESS_e0b15abaa6a2,REQ_bcaa68933ce7413b,2026-09-11 00:49:41
EVT_001760,IF_MFG_003,MFG,ASM,MsgBus,CDC,Failed,MFG_MACHINE_001,Manufacturing machine controller not responding,Infrastructure,913,SESS_7010f7197e69,REQ_2e1693a5a57f425e,2026-09-11 00:52:03
EVT_001693,IF_MFG_003,MFG,ASM,MsgBus,CDC,Failed,MFG_MACHINE_001,Manufacturing machine controller not responding,Infrastructure,1499,SESS_74f331034006,REQ_3050b269a800499d,2026-09-11 02:05:08
EVT_002917,IF_DLV_001,DLV,PAY,API,REST,Failed,DLV_TIME_003,Carrier API response timeout,Timeout,6853,SESS_3c19e71d1184,REQ_7c5be5a210064612,2026-09-11 02:19:48
EVT_002801,IF_DLV_001,DLV,PAY,API,REST,Failed,DLV_DB_004,Delivery tracking database error,Database,2807,SESS_bfc00dc804f6,REQ_ef480b8b5a8e4d30,2026-09-11 02:30:14
EVT_002101,IF_PRC_002,PRC,ASM,Batch,Batch,Warning,PRC_AUTHZ_004,Procurement user lacks approval authorization,Authorization,356,SESS_26f05fcffb16,REQ_bd480ecec05b4959,2026-09-11 02:32:17
EVT_001884,IF_PRC_001,PRC,MFG,ESB,SOAP,Failed,PRC_MAT_002,Material availability check timed out,Timeout,8624,SESS_9f0fda8d0537,REQ_3ecd92fa5c01407f,2026-09-11 02:34:43
EVT_001457,IF_MFG_001,MFG,ASM,MsgBus,Async,Warning,MFG_QC_003,Quality check parameters out of tolerance (correlated with upstream failure on IF_PRC_001),Validation,806,SESS_9f0fda8d0537,REQ_5bbc5ed315354650,2026-09-11 02:37:39
EVT_002336,IF_ASM_001,ASM,DLV,MsgBus,Async,Failed,ASM_CAP_003,Assembly line at maximum capacity,Capacity,1592,SESS_f3b1025bfff9,REQ_71269577619a4e95,2026-09-11 02:55:25
EVT_002724,IF_DLV_001,DLV,PAY,API,REST,Warning,DLV_TIME_003,Carrier API response timeout,Timeout,5129,SESS_42999aa40cdf,REQ_abea805aa8a941ef,2026-09-11 03:04:16
EVT_000740,IF_PAY_002,PAY,ORD,ESB,CDC,Warning,PAY_AUTHZ_002,Payment authorization declined by issuer,Authorization,1565,SESS_214f3f12cfd0,REQ_b353077589284bd4,2026-09-11 03:07:55
EVT_001855,IF_PRC_001,PRC,MFG,ESB,SOAP,Warning,PRC_AUTHZ_004,Procurement user lacks approval authorization,Authorization,1751,SESS_48212ddb45b8,REQ_35aa17675ac34d25,2026-09-11 03:17:45
EVT_000056,IF_ORD_001,ORD,PAY,API,REST,Failed,ORD_NET_004,Network timeout while contacting order service,Network,3210,SESS_c696f5e64944,REQ_73ab6efb106a4369,2026-09-11 03:44:07
EVT_000689,IF_PAY_002,PAY,ORD,ESB,CDC,Warning,PAY_AUTH_001,Payment gateway authentication failed,Authentication,293,SESS_364c911aa9ab,REQ_9143be27e17b45aa,2026-09-11 03:44:38
EVT_002009,IF_PRC_001,PRC,MFG,ESB,SOAP,Failed,PRC_AUTHZ_004,Procurement user lacks approval authorization,Authorization,220,SESS_d7665cdafe04,REQ_8fe435bedb5f4e43,2026-09-11 03:57:16
EVT_000763,IF_PAY_002,PAY,ORD,ESB,CDC,Warning,PAY_AUTH_001,Payment gateway authentication failed,Authentication,1364,SESS_364c911aa9ab,REQ_8cc2dff2455f47d4,2026-09-11 04:15:25
EVT_002741,IF_DLV_001,DLV,PAY,API,REST,Failed,DLV_ROUTE_001,Delivery routing service unavailable,ExternalService,5980,SESS_1ca35cfb04fc,REQ_5cfc5c256b6d42e3,2026-09-11 04:26:32
EVT_001666,IF_MFG_003,MFG,ASM,MsgBus,CDC,Warning,MFG_CAP_004,Manufacturing queue capacity exceeded,Capacity,753,SESS_7a1b58066160,REQ_cab38a516ecf4bb4,2026-09-11 04:38:50
EVT_002758,IF_DLV_001,DLV,PAY,API,REST,Failed,DLV_ROUTE_001,Delivery routing service unavailable,ExternalService,7606,SESS_7a1b58066160,REQ_b8ba8f24a5f34980,2026-09-11 05:09:13
EVT_000287,IF_ORD_001,ORD,PAY,API,REST,Failed,ORD_VAL_002,Order validation failed due to missing required field,Validation,208,SESS_168b1625746f,REQ_f831211751d24f03,2026-09-11 05:13:33
EVT_001234,IF_ORD_003,ORD,MFG,API,REST,Failed,ORD_DB_001,Order database connection timeout,Database,6010,SESS_21a4344fbb7b,REQ_0d59818e819c457e,2026-09-11 05:15:44
EVT_001876,IF_PRC_001,PRC,MFG,ESB,SOAP,Warning,PRC_AUTHZ_004,Procurement user lacks approval authorization,Authorization,1440,SESS_29ec8e49d1bd,REQ_cf6f2287787f4323,2026-09-11 05:24:04
EVT_000341,IF_PAY_001,PAY,ORD,API,REST,Failed,PAY_EXT_003,Payment processor external service error,ExternalService,2657,SESS_cb323e357922,REQ_7ad881acdc174420,2026-09-11 05:59:36
EVT_002063,IF_PRC_002,PRC,ASM,Batch,Batch,Warning,PRC_CFG_003,Procurement routing configuration invalid,Configuration,1012,SESS_5b9962c6e61f,REQ_cf8089af92604123,2026-09-11 06:11:11
EVT_000169,IF_ORD_001,ORD,PAY,API,REST,Warning,ORD_AUTH_003,Order service authentication token expired,Authentication,731,SESS_38b8f24e56ea,REQ_dbf36f86552242b5,2026-09-11 06:12:08
EVT_000524,IF_PAY_001,PAY,ORD,API,REST,Failed,PAY_EXT_003,Payment processor external service error,ExternalService,8073,SESS_f84f16b3a79f,REQ_f524bbf967394edd,2026-09-11 06:12:21
EVT_002876,IF_DLV_001,DLV,PAY,API,REST,Warning,DLV_CFG_002,Delivery zone configuration mismatch,Configuration,1059,SESS_8b10550cd570,REQ_95bc63d71cae42a5,2026-09-11 06:16:42
EVT_001229,IF_ORD_003,ORD,MFG,API,REST,Failed,ORD_NET_004,Network timeout while contacting order service (correlated with upstream failure on IF_PAY_001),Network,7733,SESS_f84f16b3a79f,REQ_96ae87fd60964214,2026-09-11 06:18:58
EVT_001145,IF_ORD_003,ORD,MFG,API,REST,Warning,ORD_DB_001,Order database connection timeout (correlated with upstream failure on IF_PAY_001),Database,8506,SESS_f84f16b3a79f,REQ_f9c5593dfdda4a55,2026-09-11 06:19:18
EVT_002147,IF_PRC_002,PRC,ASM,Batch,Batch,Failed,PRC_MAT_002,Material availability check timed out,Timeout,5683,SESS_7b70c3b8a81f,REQ_e8357acf44434b36,2026-09-11 06:21:52
EVT_000776,IF_ORD_002,ORD,MFG,MsgBus,Async,Failed,ORD_NET_004,Network timeout while contacting order service,Network,2212,SESS_f6e07cc06c52,REQ_b5696ebf757c4a6a,2026-09-11 06:23:00
EVT_001497,IF_MFG_001,MFG,ASM,MsgBus,Async,Failed,MFG_CAP_004,Manufacturing queue capacity exceeded,Capacity,1306,SESS_3c19e71d1184,REQ_6126af8630f84ec7,2026-09-11 06:34:44
EVT_001820,IF_MFG_004,MFG,PRC,MsgBus,Async,Failed,MFG_CAP_004,Manufacturing queue capacity exceeded,Capacity,1084,SESS_610faa3ff0bb,REQ_b18e5a55c5834463,2026-09-11 06:38:49
EVT_000025,IF_ORD_001,ORD,PAY,API,REST,Warning,ORD_AUTH_003,Order service authentication token expired,Authentication,1373,SESS_c4bbb7a9d988,REQ_8a7a82f50f1a4149,2026-09-11 06:41:31
EVT_001641,IF_MFG_003,MFG,ASM,MsgBus,CDC,Warning,MFG_QC_003,Quality check parameters out of tolerance,Validation,2146,SESS_ba0266efbe05,REQ_d0e177a8e07c4782,2026-09-11 06:43:49
EVT_002330,IF_ASM_001,ASM,DLV,MsgBus,Async,Failed,ASM_NET_004,Assembly station network connectivity lost,Network,6390,SESS_1190f938a66f,REQ_ff6b43e9fd4049d8,2026-09-11 06:58:41
EVT_000099,IF_ORD_001,ORD,PAY,API,REST,Failed,ORD_NET_004,Network timeout while contacting order service,Network,8604,SESS_f41ea3ac5fd2,REQ_ee29a0d43db14d87,2026-09-11 06:59:12
EVT_000679,IF_PAY_002,PAY,ORD,ESB,CDC,Failed,PAY_EXT_003,Payment processor external service error,ExternalService,8437,SESS_c17af08a1745,REQ_bbb4bdc6ed1e47bf,2026-09-11 07:04:23
EVT_002039,IF_PRC_001,PRC,MFG,ESB,SOAP,Failed,PRC_CFG_003,Procurement routing configuration invalid,Configuration,1507,SESS_3b048a8b405b,REQ_bca4bf883936402b,2026-09-11 07:10:44
EVT_001201,IF_ORD_003,ORD,MFG,API,REST,Failed,ORD_NET_004,Network timeout while contacting order service,Network,7579,SESS_6a8a616fc3b2,REQ_817d03ec547e4197,2026-09-11 07:11:57
EVT_000296,IF_ORD_001,ORD,PAY,API,REST,Warning,ORD_VAL_002,Order validation failed due to missing required field,Validation,550,SESS_104556e5bee3,REQ_46492a9244d343f2,2026-09-11 07:12:33
EVT_000550,IF_PAY_001,PAY,ORD,API,REST,Warning,PAY_AUTHZ_002,Payment authorization declined by issuer,Authorization,1995,SESS_793b4c322050,REQ_4afe0f3351734740,2026-09-11 07:13:17
EVT_002638,IF_ASM_002,ASM,DLV,API,REST,Failed,ASM_NET_004,Assembly station network connectivity lost,Network,5924,SESS_5cae9610c72c,REQ_1eb563898fc24562,2026-09-11 07:13:58
EVT_000989,IF_ORD_002,ORD,MFG,MsgBus,Async,Failed,ORD_NET_004,Network timeout while contacting order service,Network,2814,SESS_fbc9f87af668,REQ_2fffe6a2990a4124,2026-09-11 07:17:31
EVT_000604,IF_PAY_001,PAY,ORD,API,REST,Warning,PAY_AUTHZ_002,Payment authorization declined by issuer,Authorization,779,SESS_168b1625746f,REQ_19e3aee75b6e4234,2026-09-11 07:23:45
EVT_000194,IF_ORD_001,ORD,PAY,API,REST,Failed,ORD_NET_004,Network timeout while contacting order service,Network,7411,SESS_5560db22c96b,REQ_40f9cf431758421f,2026-09-11 07:25:36
EVT_000109,IF_ORD_001,ORD,PAY,API,REST,Failed,ORD_NET_004,Network timeout while contacting order service,Network,8236,SESS_1ba362e7afa4,REQ_64a99cb13cdd434e,2026-09-11 07:27:28
EVT_000877,IF_ORD_002,ORD,MFG,MsgBus,Async,Warning,ORD_VAL_002,Order validation failed due to missing required field,Validation,566,SESS_76ecbdd68498,REQ_74449f608320478c,2026-09-11 07:31:54
EVT_000990,IF_ORD_002,ORD,MFG,MsgBus,Async,Failed,ORD_DB_001,Order database connection timeout,Database,3897,SESS_42deffccf86c,REQ_6aa89fc4da0642b9,2026-09-11 07:35:53
EVT_000353,IF_PAY_001,PAY,ORD,API,REST,Failed,PAY_AUTHZ_002,Payment authorization declined by issuer,Authorization,1868,SESS_f899924698de,REQ_d672bf12816b414c,2026-09-11 07:36:41
EVT_002290,IF_ASM_001,ASM,DLV,MsgBus,Async,Failed,ASM_NET_004,Assembly station network connectivity lost,Network,5269,SESS_d261a7ab3aa2,REQ_5dcd4bbac3144203,2026-09-11 07:40:50
EVT_000411,IF_PAY_001,PAY,ORD,API,REST,Failed,PAY_EXT_003,Payment processor external service error,ExternalService,3770,SESS_8a63f881ffd0,REQ_70401bff3897442b,2026-09-11 07:50:02
EVT_001446,IF_MFG_001,MFG,ASM,MsgBus,Async,Warning,MFG_CAP_004,Manufacturing queue capacity exceeded,Capacity,1621,SESS_a3e05309b5a1,REQ_d95ce0729a1f4758,2026-09-11 07:52:09
EVT_002524,IF_ASM_002,ASM,DLV,API,REST,Failed,ASM_NET_004,Assembly station network connectivity lost,Network,2485,SESS_7cfc9b793875,REQ_338f22324eaa4d68,2026-09-11 07:53:27
EVT_000965,IF_ORD_002,ORD,MFG,MsgBus,Async,Failed,ORD_NET_004,Network timeout while contacting order service,Network,8108,SESS_272a6d8eb512,REQ_95ded0bdb7534af3,2026-09-11 08:00:17
EVT_000667,IF_PAY_002,PAY,ORD,ESB,CDC,Failed,PAY_TIME_004,Payment gateway response timeout,Timeout,7888,SESS_60141de9f54a,REQ_c5f3d3dd2f3741f3,2026-09-11 08:01:11
EVT_001471,IF_MFG_001,MFG,ASM,MsgBus,Async,Failed,MFG_CAP_004,Manufacturing queue capacity exceeded (correlated with upstream failure on IF_ORD_002),Capacity,1992,SESS_272a6d8eb512,REQ_e6431d26bd304438,2026-09-11 08:01:24
EVT_001723,IF_MFG_003,MFG,ASM,MsgBus,CDC,Warning,MFG_QC_003,Quality check parameters out of tolerance,Validation,190,SESS_0763fcd01f15,REQ_31128827a8694c18,2026-09-11 08:01:25
EVT_001209,IF_ORD_003,ORD,MFG,API,REST,Warning,ORD_DB_001,Order database connection timeout,Database,6544,SESS_0a2c827e9832,REQ_799cdbb73bbd4c6d,2026-09-11 08:02:30
EVT_001971,IF_PRC_001,PRC,MFG,ESB,SOAP,Failed,PRC_MAT_002,Material availability check timed out,Timeout,6704,SESS_6e06809725e9,REQ_02812e323c234633,2026-09-11 08:05:31
EVT_002937,IF_DLV_001,DLV,PAY,API,REST,Failed,DLV_TIME_003,Carrier API response timeout,Timeout,6867,SESS_f7dc67e03097,REQ_c7b43b266f15414e,2026-09-11 08:08:15
EVT_002561,IF_ASM_002,ASM,DLV,API,REST,Warning,ASM_COMP_001,Assembly component mismatch detected,Validation,247,SESS_6e218b099afd,REQ_8fb8a2099de34592,2026-09-11 08:10:17
EVT_002679,IF_ASM_002,ASM,DLV,API,REST,Failed,ASM_NET_004,Assembly station network connectivity lost,Network,5894,SESS_39e58ff092f8,REQ_ac1a73d322564412,2026-09-11 08:14:57
EVT_001582,IF_MFG_002,MFG,ASM,API,REST,Failed,MFG_MACHINE_001,Manufacturing machine controller not responding,Infrastructure,1260,SESS_1a84a51aa9d3,REQ_7394d8ca479741a2,2026-09-11 08:18:24
EVT_002889,IF_DLV_001,DLV,PAY,API,REST,Failed,DLV_DB_004,Delivery tracking database error,Database,5238,SESS_0d2b91efb897,REQ_2ecd577119a348e1,2026-09-11 08:20:32
EVT_002103,IF_PRC_002,PRC,ASM,Batch,Batch,Warning,PRC_AUTHZ_004,Procurement user lacks approval authorization,Authorization,425,SESS_eb5cf46780ba,REQ_429588d1586a4a7a,2026-09-11 08:22:00
EVT_002423,IF_ASM_001,ASM,DLV,MsgBus,Async,Warning,ASM_COMP_001,Assembly component mismatch detected,Validation,1519,SESS_43ef20162c9b,REQ_fe77683670704fd4,2026-09-11 08:27:22
EVT_001366,IF_MFG_001,MFG,ASM,MsgBus,Async,Failed,MFG_DB_002,Manufacturing execution database write failure,Database,4713,SESS_dc99e04cf0e9,REQ_41bb773e068642a9,2026-09-11 08:30:59
EVT_002534,IF_ASM_002,ASM,DLV,API,REST,Warning,ASM_COMP_001,Assembly component mismatch detected,Validation,548,SESS_c47104c03613,REQ_255160ba192840f8,2026-09-11 08:37:35
EVT_002846,IF_DLV_001,DLV,PAY,API,REST,Failed,DLV_TIME_003,Carrier API response timeout,Timeout,2703,SESS_b38a088ca65e,REQ_5907f4e6476d492b,2026-09-11 08:40:07
EVT_002894,IF_DLV_001,DLV,PAY,API,REST,Failed,DLV_DB_004,Delivery tracking database error,Database,4389,SESS_26f05fcffb16,REQ_dd032afc37aa4227,2026-09-11 08:44:13
EVT_001414,IF_MFG_001,MFG,ASM,MsgBus,Async,Warning,MFG_QC_003,Quality check parameters out of tolerance,Validation,779,SESS_8a80068ddf54,REQ_5632f4a5574b4122,2026-09-11 08:45:10
EVT_000959,IF_ORD_002,ORD,MFG,MsgBus,Async,Warning,ORD_VAL_002,Order validation failed due to missing required field,Validation,704,SESS_6dadd6c795a7,REQ_5205be7cc9b94eaa,2026-09-11 08:46:52
EVT_002852,IF_DLV_001,DLV,PAY,API,REST,Warning,DLV_CFG_002,Delivery zone configuration mismatch,Configuration,299,SESS_ccc429038bcf,REQ_4345b3b496fa46f6,2026-09-11 08:48:51
EVT_002909,IF_DLV_001,DLV,PAY,API,REST,Failed,DLV_TIME_003,Carrier API response timeout,Timeout,5051,SESS_0f6b40d09efb,REQ_c8ad64be527d42cc,2026-09-11 08:50:35
EVT_001155,IF_ORD_003,ORD,MFG,API,REST,Warning,ORD_VAL_002,Order validation failed due to missing required field,Validation,201,SESS_dde9f86322bd,REQ_ee27d8136b61434d,2026-09-11 08:52:10
EVT_002026,IF_PRC_001,PRC,MFG,ESB,SOAP,Warning,PRC_AUTHZ_004,Procurement user lacks approval authorization,Authorization,188,SESS_b83cfe0be037,REQ_bb9c2bd3407c4f55,2026-09-11 08:52:47
EVT_001701,IF_MFG_003,MFG,ASM,MsgBus,CDC,Failed,MFG_QC_003,Quality check parameters out of tolerance,Validation,85,SESS_46fb7bf300b9,REQ_d9e5c37129a24185,2026-09-11 08:55:23
EVT_000378,IF_PAY_001,PAY,ORD,API,REST,Warning,PAY_AUTH_001,Payment gateway authentication failed,Authentication,1216,SESS_894a05e430b1,REQ_033d240eb8f749fb,2026-09-11 08:57:25
EVT_000040,IF_ORD_001,ORD,PAY,API,REST,Warning,ORD_VAL_002,Order validation failed due to missing required field,Validation,1782,SESS_6e218b099afd,REQ_516fe8946f904ece,2026-09-11 08:59:45
EVT_001586,IF_MFG_002,MFG,ASM,API,REST,Failed,MFG_CAP_004,Manufacturing queue capacity exceeded,Capacity,708,SESS_114125c63a9b,REQ_5add5df02f4c4898,2026-09-11 09:01:16
EVT_002040,IF_PRC_001,PRC,MFG,ESB,SOAP,Warning,PRC_CFG_003,Procurement routing configuration invalid,Configuration,1063,SESS_b7e6427cbf78,REQ_7f4b6cac4f7d4085,2026-09-11 09:02:52
EVT_000734,IF_PAY_002,PAY,ORD,ESB,CDC,Failed,PAY_EXT_003,Payment processor external service error,ExternalService,5691,SESS_b27c40266703,REQ_4dc3d7062fc74adc,2026-09-11 09:03:47
EVT_001503,IF_MFG_001,MFG,ASM,MsgBus,Async,Failed,MFG_DB_002,Manufacturing execution database write failure,Database,4825,SESS_8ce6424dbef5,REQ_d734e09bbd1a41a2,2026-09-11 09:04:57
EVT_001249,IF_ORD_003,ORD,MFG,API,REST,Failed,ORD_AUTH_003,Order service authentication token expired,Authentication,1198,SESS_e32f2e63b7fd,REQ_f0ffd129a4ab4343,2026-09-11 09:10:02
EVT_000746,IF_PAY_002,PAY,ORD,ESB,CDC,Failed,PAY_EXT_003,Payment processor external service error,ExternalService,5949,SESS_dfde4fbf3ff3,REQ_3d0df70d451c4c3e,2026-09-11 09:10:48
EVT_002173,IF_PRC_002,PRC,ASM,Batch,Batch,Warning,PRC_AUTHZ_004,Procurement user lacks approval authorization,Authorization,105,SESS_e359eee17399,REQ_f46a68e9def74a50,2026-09-11 09:11:03
EVT_000969,IF_ORD_002,ORD,MFG,MsgBus,Async,Failed,ORD_NET_004,Network timeout while contacting order service,Network,4126,SESS_b83cfe0be037,REQ_b1741acdcaaa4a7c,2026-09-11 09:11:09
EVT_001775,IF_MFG_004,MFG,PRC,MsgBus,Async,Warning,MFG_QC_003,Quality check parameters out of tolerance,Validation,1168,SESS_89fa6a688fb5,REQ_cc8a2f4d1a2b421e,2026-09-11 09:12:52
EVT_001126,IF_ORD_003,ORD,MFG,API,REST,Warning,ORD_VAL_002,Order validation failed due to missing required field,Validation,541,SESS_a021c0ca3531,REQ_a94bf75d546b4fd4,2026-09-11 09:14:37
EVT_001894,IF_PRC_001,PRC,MFG,ESB,SOAP,Failed,PRC_PO_001,Purchase order rejected by supplier system,ExternalService,7438,SESS_490617f2747b,REQ_82c816b09fcc4b80,2026-09-11 09:14:45
EVT_001046,IF_ORD_002,ORD,MFG,MsgBus,Async,Failed,ORD_NET_004,Network timeout while contacting order service,Network,2743,SESS_2c8d0e44e71e,REQ_41cde89103724fcb,2026-09-11 09:16:49
EVT_001311,IF_MFG_001,MFG,ASM,MsgBus,Async,Warning,MFG_QC_003,Quality check parameters out of tolerance,Validation,317,SESS_eecf67d27491,REQ_4619627a87214902,2026-09-11 09:19:08
EVT_002238,IF_PRC_003,PRC,MFG,API,REST,Failed,PRC_PO_001,Purchase order rejected by supplier system,ExternalService,6229,SESS_3f76be1d1efa,REQ_9bf3103ea1dc4804,2026-09-11 09:19:31
EVT_000361,IF_PAY_001,PAY,ORD,API,REST,Failed,PAY_EXT_003,Payment processor external service error,ExternalService,2053,SESS_9dac6e834524,REQ_7dddc486971e4951,2026-09-11 09:20:01
EVT_002442,IF_ASM_001,ASM,DLV,MsgBus,Async,Failed,ASM_DB_002,Assembly tracking database update failed,Database,2931,SESS_4ef492c1aac9,REQ_64fa69de8cef489e,2026-09-11 09:23:48
EVT_000726,IF_PAY_002,PAY,ORD,ESB,CDC,Warning,PAY_AUTH_001,Payment gateway authentication failed,Authentication,868,SESS_dc4ad56bd601,REQ_0522a4dbc6fb4eb5,2026-09-11 09:27:16
EVT_001327,IF_MFG_001,MFG,ASM,MsgBus,Async,Failed,MFG_CAP_004,Manufacturing queue capacity exceeded,Capacity,1126,SESS_d9f195d01482,REQ_a581a3bb27f04f64,2026-09-11 09:27:40
EVT_000728,IF_PAY_002,PAY,ORD,ESB,CDC,Warning,PAY_AUTH_001,Payment gateway authentication failed,Authentication,1508,SESS_5b9962c6e61f,REQ_eba4a2ef00784903,2026-09-11 09:29:43
EVT_001892,IF_PRC_001,PRC,MFG,ESB,SOAP,Warning,PRC_AUTHZ_004,Procurement user lacks approval authorization,Authorization,1458,SESS_0dde29a6baa4,REQ_7027e9268d0c47fb,2026-09-11 09:30:26
EVT_002825,IF_DLV_001,DLV,PAY,API,REST,Failed,DLV_DB_004,Delivery tracking database error,Database,4713,SESS_157d94a106f0,REQ_6652f873ee1a4a3b,2026-09-11 09:30:45
EVT_001648,IF_MFG_003,MFG,ASM,MsgBus,CDC,Warning,MFG_QC_003,Quality check parameters out of tolerance,Validation,1652,SESS_66b2bc5b50c1,REQ_ad2bc58749c74dae,2026-09-11 09:32:51
EVT_001469,IF_MFG_001,MFG,ASM,MsgBus,Async,Warning,MFG_CAP_004,Manufacturing queue capacity exceeded,Capacity,302,SESS_c4b032ccd7c5,REQ_6136482d38a64da5,2026-09-11 09:33:30
EVT_000821,IF_ORD_002,ORD,MFG,MsgBus,Async,Failed,ORD_NET_004,Network timeout while contacting order service,Network,8680,SESS_9f294a8bd184,REQ_06fe1681a945454f,2026-09-11 09:34:44
EVT_002236,IF_PRC_003,PRC,MFG,API,REST,Failed,PRC_PO_001,Purchase order rejected by supplier system,ExternalService,7095,SESS_246998e8d39e,REQ_80460c3dc55f470a,2026-09-11 09:34:55
EVT_000548,IF_PAY_001,PAY,ORD,API,REST,Warning,PAY_TIME_004,Payment gateway response timeout,Timeout,8879,SESS_89a2688b12c1,REQ_bd236dfd94e34682,2026-09-11 09:36:47
EVT_001277,IF_ORD_003,ORD,MFG,API,REST,Failed,ORD_NET_004,Network timeout while contacting order service,Network,8591,SESS_e827a1b9d4a0,REQ_ebad54c8fba848fa,2026-09-11 09:36:47
EVT_002668,IF_ASM_002,ASM,DLV,API,REST,Warning,ASM_COMP_001,Assembly component mismatch detected (correlated with upstream failure on IF_ASM_001),Validation,338,SESS_4ef492c1aac9,REQ_43f66bfd15c44f52,2026-09-11 09:38:09
EVT_001330,IF_MFG_001,MFG,ASM,MsgBus,Async,Failed,MFG_CAP_004,Manufacturing queue capacity exceeded,Capacity,662,SESS_87cdb6a1bf01,REQ_f3ab50282caa410c,2026-09-11 09:38:36
EVT_002496,IF_ASM_002,ASM,DLV,API,REST,Failed,ASM_DB_002,Assembly tracking database update failed,Database,2035,SESS_e359eee17399,REQ_38978d70590e46d8,2026-09-11 09:38:45
EVT_002948,IF_DLV_001,DLV,PAY,API,REST,Warning,DLV_CFG_002,Delivery zone configuration mismatch,Configuration,355,SESS_f30a9e32aba4,REQ_3eae9ffe50d943dc,2026-09-11 09:39:02
EVT_001634,IF_MFG_002,MFG,ASM,API,REST,Warning,MFG_QC_003,Quality check parameters out of tolerance,Validation,1616,SESS_fcd6bdca5876,REQ_e7dbc784519043da,2026-09-11 09:39:06
EVT_001918,IF_PRC_001,PRC,MFG,ESB,SOAP,Warning,PRC_MAT_002,Material availability check timed out,Timeout,3481,SESS_d534ee1d7f29,REQ_e5348c62422946e7,2026-09-11 09:40:41
EVT_000495,IF_PAY_001,PAY,ORD,API,REST,Failed,PAY_TIME_004,Payment gateway response timeout,Timeout,6706,SESS_7010f7197e69,REQ_90fc268319bc44c3,2026-09-11 09:45:02
EVT_002333,IF_ASM_001,ASM,DLV,MsgBus,Async,Warning,ASM_COMP_001,Assembly component mismatch detected,Validation,1763,SESS_f3b63fe1d184,REQ_b9103046483a4efd,2026-09-11 09:47:57
EVT_001747,IF_MFG_003,MFG,ASM,MsgBus,CDC,Warning,MFG_QC_003,Quality check parameters out of tolerance,Validation,1714,SESS_47229389571a,REQ_dfe3f4f7fd924482,2026-09-11 09:48:35
EVT_002293,IF_ASM_001,ASM,DLV,MsgBus,Async,Failed,ASM_COMP_001,Assembly component mismatch detected,Validation,1868,SESS_6e06809725e9,REQ_0eda2551784c4ad6,2026-09-11 09:49:09
EVT_002279,IF_ASM_001,ASM,DLV,MsgBus,Async,Warning,ASM_COMP_001,Assembly component mismatch detected,Validation,297,SESS_fcd6bdca5876,REQ_1a8a3733371c4ae9,2026-09-11 09:49:14
EVT_000999,IF_ORD_002,ORD,MFG,MsgBus,Async,Warning,ORD_AUTH_003,Order service authentication token expired (correlated with upstream failure on IF_PAY_001),Authentication,1448,SESS_7010f7197e69,REQ_58e731e84d1e448b,2026-09-11 09:49:35
EVT_001188,IF_ORD_003,ORD,MFG,API,REST,Failed,ORD_NET_004,Network timeout while contacting order service,Network,6093,SESS_3c835dc0d944,REQ_4c73feec8b034fb0,2026-09-11 09:50:28
EVT_000889,IF_ORD_002,ORD,MFG,MsgBus,Async,Failed,ORD_NET_004,Network timeout while contacting order service,Network,4603,SESS_859131d2bbda,REQ_e572c490cf27442a,2026-09-11 09:51:31
EVT_002881,IF_DLV_001,DLV,PAY,API,REST,Failed,DLV_TIME_003,Carrier API response timeout,Timeout,2122,SESS_f2311f179586,REQ_689df39e160b40ae,2026-09-11 09:53:28
EVT_002320,IF_ASM_001,ASM,DLV,MsgBus,Async,Warning,ASM_COMP_001,Assembly component mismatch detected,Validation,135,SESS_7914f8a8bea4,REQ_005c9f12549b4737,2026-09-11 09:54:16
EVT_000362,IF_PAY_001,PAY,ORD,API,REST,Warning,PAY_AUTH_001,Payment gateway authentication failed,Authentication,327,SESS_41992fdfb310,REQ_16b90422a9be42a2,2026-09-11 09:56:37
EVT_002516,IF_ASM_002,ASM,DLV,API,REST,Warning,ASM_COMP_001,Assembly component mismatch detected (correlated with upstream failure on IF_ASM_001),Validation,1539,SESS_6e06809725e9,REQ_ce89796fa3c24659,2026-09-11 10:00:17
EVT_001413,IF_MFG_001,MFG,ASM,MsgBus,Async,Warning,MFG_QC_003,Quality check parameters out of tolerance,Validation,1480,SESS_91d63f78e3e9,REQ_bf4af1101b9e4959,2026-09-11 10:01:21
EVT_001264,IF_ORD_003,ORD,MFG,API,REST,Warning,ORD_VAL_002,Order validation failed due to missing required field,Validation,690,SESS_2cd1586a2b84,REQ_d99fd287560c4b70,2026-09-11 10:01:41
EVT_002560,IF_ASM_002,ASM,DLV,API,REST,Warning,ASM_COMP_001,Assembly component mismatch detected,Validation,865,SESS_4ab7706eb773,REQ_6805a0204db0415e,2026-09-11 10:02:58
EVT_000020,IF_ORD_001,ORD,PAY,API,REST,Failed,ORD_NET_004,Network timeout while contacting order service,Network,2910,SESS_1346d1a9f680,REQ_34286d4ba0674528,2026-09-11 10:03:15
EVT_000269,IF_ORD_001,ORD,PAY,API,REST,Warning,ORD_AUTH_003,Order service authentication token expired,Authentication,1076,SESS_81e5c9f693f2,REQ_787ec10cd1d94d0a,2026-09-11 10:05:06
EVT_001053,IF_ORD_002,ORD,MFG,MsgBus,Async,Warning,ORD_VAL_002,Order validation failed due to missing required field,Validation,1023,SESS_b00805cca7f3,REQ_693091510a6d4eff,2026-09-11 10:05:11
EVT_002711,IF_DLV_001,DLV,PAY,API,REST,Failed,DLV_ROUTE_001,Delivery routing service unavailable,ExternalService,3088,SESS_e3b137fc0a34,REQ_21eb2b49b4d44d83,2026-09-11 10:05:13
EVT_000212,IF_ORD_001,ORD,PAY,API,REST,Warning,ORD_VAL_002,Order validation failed due to missing required field,Validation,1405,SESS_57c700aab7b5,REQ_33be91508af84804,2026-09-11 10:07:02
EVT_000045,IF_ORD_001,ORD,PAY,API,REST,Failed,ORD_NET_004,Network timeout while contacting order service,Network,5404,SESS_3f897142fe71,REQ_13b2dbce6d1d4b98,2026-09-11 10:09:20
EVT_000896,IF_ORD_002,ORD,MFG,MsgBus,Async,Failed,ORD_DB_001,Order database connection timeout,Database,6779,SESS_1723199dbf2c,REQ_7e68bdffca0e47c0,2026-09-11 10:09:48
EVT_002188,IF_PRC_003,PRC,MFG,API,REST,Failed,PRC_PO_001,Purchase order rejected by supplier system,ExternalService,3720,SESS_3e493f43b118,REQ_3a90e204ebc74e52,2026-09-11 10:11:51
EVT_002594,IF_ASM_002,ASM,DLV,API,REST,Failed,ASM_NET_004,Assembly station network connectivity lost,Network,3455,SESS_6182f347533f,REQ_c28ffd0228a242b2,2026-09-11 10:12:12
EVT_001818,IF_MFG_004,MFG,PRC,MsgBus,Async,Failed,MFG_DB_002,Manufacturing execution database write failure,Database,4086,SESS_42999aa40cdf,REQ_dde277b2065841f5,2026-09-11 10:12:36
EVT_001900,IF_PRC_001,PRC,MFG,ESB,SOAP,Failed,PRC_CFG_003,Procurement routing configuration invalid,Configuration,1257,SESS_345512f701f7,REQ_397738747b1f4c62,2026-09-11 10:13:19
EVT_002179,IF_PRC_003,PRC,MFG,API,REST,Failed,PRC_PO_001,Purchase order rejected by supplier system,ExternalService,2455,SESS_2112507c2cfa,REQ_cbe6e6c347fe4d21,2026-09-11 10:14:01
EVT_002005,IF_PRC_001,PRC,MFG,ESB,SOAP,Failed,PRC_MAT_002,Material availability check timed out,Timeout,5371,SESS_3c835dc0d944,REQ_78f24d704e184ed1,2026-09-11 10:14:11
EVT_002799,IF_DLV_001,DLV,PAY,API,REST,Failed,DLV_TIME_003,Carrier API response timeout,Timeout,6676,SESS_d58842dea2bc,REQ_8332255ac3ed40db,2026-09-11 10:14:43
EVT_001667,IF_MFG_003,MFG,ASM,MsgBus,CDC,Failed,MFG_MACHINE_001,Manufacturing machine controller not responding,Infrastructure,626,SESS_4bd6cee631b1,REQ_61c9e0c060794e1c,2026-09-11 10:14:56
EVT_000244,IF_ORD_001,ORD,PAY,API,REST,Warning,ORD_DB_001,Order database connection timeout,Database,8155,SESS_11d059b26699,REQ_016af3f7ec7b44cc,2026-09-11 10:17:03
EVT_001355,IF_MFG_001,MFG,ASM,MsgBus,Async,Failed,MFG_CAP_004,Manufacturing queue capacity exceeded,Capacity,218,SESS_1c6345ab6e0e,REQ_f914232f150947fb,2026-09-11 10:18:19
EVT_000059,IF_ORD_001,ORD,PAY,API,REST,Failed,ORD_NET_004,Network timeout while contacting order service,Network,6997,SESS_7428a656b3ee,REQ_d1612921455f40b1,2026-09-11 10:19:14
EVT_002018,IF_PRC_001,PRC,MFG,ESB,SOAP,Warning,PRC_AUTHZ_004,Procurement user lacks approval authorization,Authorization,1849,SESS_6a5d932b45ff,REQ_a27d5a7157c34491,2026-09-11 10:19:46
EVT_002751,IF_DLV_001,DLV,PAY,API,REST,Failed,DLV_TIME_003,Carrier API response timeout,Timeout,3242,SESS_ece66fa2fd51,REQ_a632220d43054b5d,2026-09-11 10:21:17
EVT_001333,IF_MFG_001,MFG,ASM,MsgBus,Async,Failed,MFG_MACHINE_001,Manufacturing machine controller not responding (correlated with upstream failure on IF_PRC_001),Infrastructure,1906,SESS_3c835dc0d944,REQ_fb9401975cad44ed,2026-09-11 10:24:56
EVT_000367,IF_PAY_001,PAY,ORD,API,REST,Failed,PAY_TIME_004,Payment gateway response timeout,Timeout,8441,SESS_59dcabd056fe,REQ_bf9bbd9fd6ef48f0,2026-09-11 10:30:36
EVT_002351,IF_ASM_001,ASM,DLV,MsgBus,Async,Failed,ASM_CAP_003,Assembly line at maximum capacity,Capacity,1765,SESS_076979d64477,REQ_33931ec02bc74a17,2026-09-11 10:30:37
EVT_000130,IF_ORD_001,ORD,PAY,API,REST,Warning,ORD_VAL_002,Order validation failed due to missing required field,Validation,1216,SESS_e6d5901d8b62,REQ_6d60bab7343c43a7,2026-09-11 10:30:39
EVT_002349,IF_ASM_001,ASM,DLV,MsgBus,Async,Failed,ASM_NET_004,Assembly station network connectivity lost,Network,6045,SESS_5bc440f14b1a,REQ_8128aea8f1aa4f3d,2026-09-11 10:31:25
EVT_000381,IF_PAY_001,PAY,ORD,API,REST,Warning,PAY_AUTH_001,Payment gateway authentication failed,Authentication,1423,SESS_02627f731292,REQ_f2bba8c3985c4996,2026-09-11 10:35:34
EVT_000918,IF_ORD_002,ORD,MFG,MsgBus,Async,Failed,ORD_NET_004,Network timeout while contacting order service,Network,2127,SESS_f6478986a391,REQ_417814325d4f4de8,2026-09-11 10:36:07
EVT_002125,IF_PRC_002,PRC,ASM,Batch,Batch,Warning,PRC_AUTHZ_004,Procurement user lacks approval authorization,Authorization,3404,SESS_c5e7ce8a3a57,REQ_5322442825844b74,2026-09-11 10:37:38
EVT_000320,IF_PAY_001,PAY,ORD,API,REST,Failed,PAY_TIME_004,Payment gateway response timeout,Timeout,3533,SESS_cc6b66e5402a,REQ_81716d6d1f104d94,2026-09-11 10:39:21
EVT_001289,IF_ORD_003,ORD,MFG,API,REST,Failed,ORD_NET_004,Network timeout while contacting order service,Network,7949,SESS_5ca260c9eb76,REQ_f7fe3f82758a4d85,2026-09-11 10:40:22
EVT_000697,IF_PAY_002,PAY,ORD,ESB,CDC,Warning,PAY_AUTH_001,Payment gateway authentication failed,Authentication,570,SESS_72bb912d7da6,REQ_43789001024341dc,2026-09-11 10:40:34
EVT_001020,IF_ORD_002,ORD,MFG,MsgBus,Async,Failed,ORD_NET_004,Network timeout while contacting order service,Network,6618,SESS_cc9fd3349bdf,REQ_606e0690baec483f,2026-09-11 10:43:13
EVT_000176,IF_ORD_001,ORD,PAY,API,REST,Failed,ORD_DB_001,Order database connection timeout,Database,4899,SESS_e1301617c2df,REQ_2905efecc3c94056,2026-09-11 10:48:35
EVT_000258,IF_ORD_001,ORD,PAY,API,REST,Failed,ORD_DB_001,Order database connection timeout,Database,2434,SESS_1190f938a66f,REQ_06fbb155c4df4108,2026-09-11 10:50:10
EVT_002782,IF_DLV_001,DLV,PAY,API,REST,Warning,DLV_CFG_002,Delivery zone configuration mismatch,Configuration,1701,SESS_6683e10796c0,REQ_f66bdf1f3c5d4e44,2026-09-11 10:51:29
EVT_002804,IF_DLV_001,DLV,PAY,API,REST,Failed,DLV_ROUTE_001,Delivery routing service unavailable,ExternalService,5274,SESS_dfde4fbf3ff3,REQ_b29d86dac6ca401c,2026-09-11 10:52:01
EVT_001370,IF_MFG_001,MFG,ASM,MsgBus,Async,Failed,MFG_QC_003,Quality check parameters out of tolerance,Validation,797,SESS_1ac70ec0ab8d,REQ_d971bdbf00b24e7c,2026-09-11 10:53:23
EVT_001957,IF_PRC_001,PRC,MFG,ESB,SOAP,Failed,PRC_AUTHZ_004,Procurement user lacks approval authorization,Authorization,742,SESS_50c7c006314d,REQ_f921b3e08c584886,2026-09-11 10:55:52
EVT_001342,IF_MFG_001,MFG,ASM,MsgBus,Async,Failed,MFG_CAP_004,Manufacturing queue capacity exceeded,Capacity,1863,SESS_d777a4774c66,REQ_99a97455ceb04851,2026-09-11 10:56:12
EVT_000228,IF_ORD_001,ORD,PAY,API,REST,Failed,ORD_NET_004,Network timeout while contacting order service,Network,5552,SESS_4dcabfb7001a,REQ_4e6a58dbce1f4b6d,2026-09-11 10:57:31
EVT_000082,IF_ORD_001,ORD,PAY,API,REST,Failed,ORD_DB_001,Order database connection timeout,Database,4027,SESS_a8499b926b52,REQ_d4b219c76ead42a4,2026-09-11 10:59:56
EVT_001982,IF_PRC_001,PRC,MFG,ESB,SOAP,Failed,PRC_MAT_002,Material availability check timed out,Timeout,8535,SESS_ae8a781390e0,REQ_fae04ec59d7a43f2,2026-09-11 11:01:13
EVT_001812,IF_MFG_004,MFG,PRC,MsgBus,Async,Failed,MFG_MACHINE_001,Manufacturing machine controller not responding,Infrastructure,530,SESS_e14eb70db380,REQ_f7be905bef58451c,2026-09-11 11:03:32
EVT_002856,IF_DLV_001,DLV,PAY,API,REST,Failed,DLV_TIME_003,Carrier API response timeout,Timeout,2099,SESS_4b8e63d4ce76,REQ_ea29b4b42b9d43ac,2026-09-11 11:06:01
EVT_002163,IF_PRC_002,PRC,ASM,Batch,Batch,Failed,PRC_MAT_002,Material availability check timed out,Timeout,3473,SESS_0df56ac6f96b,REQ_6f0730335fd34660,2026-09-11 11:08:54
EVT_001759,IF_MFG_003,MFG,ASM,MsgBus,CDC,Warning,MFG_QC_003,Quality check parameters out of tolerance,Validation,1504,SESS_be0f051b1b66,REQ_e832299beccb4896,2026-09-11 11:12:02
EVT_002081,IF_PRC_002,PRC,ASM,Batch,Batch,Failed,PRC_PO_001,Purchase order rejected by supplier system,ExternalService,6790,SESS_cdda24ba2d06,REQ_c38212df1d2d4b78,2026-09-11 11:12:15
EVT_002968,IF_DLV_001,DLV,PAY,API,REST,Failed,DLV_ROUTE_001,Delivery routing service unavailable,ExternalService,7951,SESS_7a1b58066160,REQ_9b5d5876bd5a4a0b,2026-09-11 11:18:36
EVT_001427,IF_MFG_001,MFG,ASM,MsgBus,Async,Failed,MFG_DB_002,Manufacturing execution database write failure,Database,7885,SESS_89a2688b12c1,REQ_ca5f462e050b4004,2026-09-11 11:19:42
EVT_001867,IF_PRC_001,PRC,MFG,ESB,SOAP,Failed,PRC_MAT_002,Material availability check timed out,Timeout,4369,SESS_22f235f2e11b,REQ_a88d1eb349da4291,2026-09-11 11:20:43
EVT_001222,IF_ORD_003,ORD,MFG,API,REST,Warning,ORD_AUTH_003,Order service authentication token expired,Authentication,847,SESS_80759f1f87e5,REQ_afd99f7878d34a48,2026-09-11 11:30:06
EVT_000829,IF_ORD_002,ORD,MFG,MsgBus,Async,Warning,ORD_VAL_002,Order validation failed due to missing required field,Validation,1722,SESS_d46ef1041190,REQ_67f2b8ecb28a4bea,2026-09-11 11:35:31
EVT_002649,IF_ASM_002,ASM,DLV,API,REST,Warning,ASM_COMP_001,Assembly component mismatch detected,Validation,1303,SESS_cbd58bf61efd,REQ_4422db9c58e04ac9,2026-09-11 11:39:54
EVT_000967,IF_ORD_002,ORD,MFG,MsgBus,Async,Failed,ORD_NET_004,Network timeout while contacting order service,Network,8848,SESS_9d9b62317d45,REQ_13ebb0d2722c4800,2026-09-11 11:43:50
EVT_000254,IF_ORD_001,ORD,PAY,API,REST,Failed,ORD_AUTH_003,Order service authentication token expired,Authentication,1007,SESS_50c7c006314d,REQ_5a5020954558471e,2026-09-11 11:44:56
EVT_001643,IF_MFG_003,MFG,ASM,MsgBus,CDC,Warning,MFG_QC_003,Quality check parameters out of tolerance,Validation,504,SESS_fbddcf7c9c96,REQ_d580cc41c59f47db,2026-09-11 11:45:41
EVT_001078,IF_ORD_002,ORD,MFG,MsgBus,Async,Failed,ORD_DB_001,Order database connection timeout,Database,5074,SESS_91d63f78e3e9,REQ_32bb954acb684d61,2026-09-11 11:47:20
EVT_002132,IF_PRC_002,PRC,ASM,Batch,Batch,Warning,PRC_AUTHZ_004,Procurement user lacks approval authorization,Authorization,121,SESS_12e89d102871,REQ_1dea941243724e66,2026-09-11 11:48:56
EVT_000152,IF_ORD_001,ORD,PAY,API,REST,Failed,ORD_DB_001,Order database connection timeout,Database,4958,SESS_076979d64477,REQ_39876f226d874576,2026-09-11 11:53:36
EVT_001448,IF_MFG_001,MFG,ASM,MsgBus,Async,Failed,MFG_MACHINE_001,Manufacturing machine controller not responding,Infrastructure,1307,SESS_be9d61ee18b8,REQ_261474e8cc924a9c,2026-09-11 11:53:38
EVT_000064,IF_ORD_001,ORD,PAY,API,REST,Failed,ORD_DB_001,Order database connection timeout,Database,6508,SESS_8a4a0e2df22b,REQ_84bf3a4b70804508,2026-09-11 11:59:56
EVT_001585,IF_MFG_002,MFG,ASM,API,REST,Warning,MFG_QC_003,Quality check parameters out of tolerance (correlated with upstream failure on IF_ORD_002),Validation,3026,SESS_91d63f78e3e9,REQ_548720ead150440c,2026-09-11 12:02:22
EVT_002802,IF_DLV_001,DLV,PAY,API,REST,Warning,DLV_CFG_002,Delivery zone configuration mismatch,Configuration,183,SESS_3e493f43b118,REQ_4c7ccf056dca4265,2026-09-11 12:06:54
EVT_002449,IF_ASM_001,ASM,DLV,MsgBus,Async,Failed,ASM_NET_004,Assembly station network connectivity lost,Network,6577,SESS_7bfdcc1289e0,REQ_959e456e07044886,2026-09-11 12:10:00
EVT_000675,IF_PAY_002,PAY,ORD,ESB,CDC,Failed,PAY_EXT_003,Payment processor external service error,ExternalService,3697,SESS_c715b2b9c40c,REQ_f996db67046d4ae0,2026-09-11 12:15:25
EVT_000310,IF_ORD_001,ORD,PAY,API,REST,Failed,ORD_AUTH_003,Order service authentication token expired,Authentication,543,SESS_73b6a09b1bea,REQ_b7f6f38180784b36,2026-09-11 12:17:02
EVT_002627,IF_ASM_002,ASM,DLV,API,REST,Failed,ASM_CAP_003,Assembly line at maximum capacity (correlated with upstream failure on IF_ASM_001),Capacity,1277,SESS_7bfdcc1289e0,REQ_df7ce10453a64596,2026-09-11 12:17:31
EVT_000701,IF_PAY_002,PAY,ORD,ESB,CDC,Failed,PAY_EXT_003,Payment processor external service error,ExternalService,7845,SESS_df0f06cbcb9b,REQ_462cbff2363d4375,2026-09-11 12:17:53
EVT_000379,IF_PAY_001,PAY,ORD,API,REST,Warning,PAY_AUTH_001,Payment gateway authentication failed,Authentication,934,SESS_21a4344fbb7b,REQ_9a6af2077008456f,2026-09-11 12:19:58
EVT_002588,IF_ASM_002,ASM,DLV,API,REST,Failed,ASM_NET_004,Assembly station network connectivity lost,Network,7079,SESS_40497b717d10,REQ_a0718f3dc75346f6,2026-09-11 12:20:19
EVT_001120,IF_ORD_003,ORD,MFG,API,REST,Warning,ORD_VAL_002,Order validation failed due to missing required field,Validation,457,SESS_29ec8e49d1bd,REQ_6494433be4ec4c24,2026-09-11 12:21:12
EVT_000688,IF_PAY_002,PAY,ORD,ESB,CDC,Warning,PAY_AUTHZ_002,Payment authorization declined by issuer,Authorization,210,SESS_e05fb8bc8a16,REQ_777bb14779f84af7,2026-09-11 12:21:36
EVT_001365,IF_MFG_001,MFG,ASM,MsgBus,Async,Failed,MFG_MACHINE_001,Manufacturing machine controller not responding,Infrastructure,1809,SESS_dd6ac7b86778,REQ_498f495431fb4254,2026-09-11 12:24:31
EVT_001353,IF_MFG_001,MFG,ASM,MsgBus,Async,Failed,MFG_DB_002,Manufacturing execution database write failure,Database,5810,SESS_f8e1daa7cbce,REQ_b64ff33b0e384ad9,2026-09-11 12:26:03
EVT_002446,IF_ASM_001,ASM,DLV,MsgBus,Async,Failed,ASM_DB_002,Assembly tracking database update failed,Database,4248,SESS_c30ff46e8026,REQ_6733d216d0284a29,2026-09-11 12:29:20
EVT_000073,IF_ORD_001,ORD,PAY,API,REST,Warning,ORD_AUTH_003,Order service authentication token expired,Authentication,1338,SESS_687213f98d60,REQ_5b373d75ec2a4f90,2026-09-11 12:29:47
EVT_002620,IF_ASM_002,ASM,DLV,API,REST,Warning,ASM_COMP_001,Assembly component mismatch detected,Validation,1283,SESS_d261a7ab3aa2,REQ_d36351cec1774064,2026-09-11 12:29:50
EVT_001872,IF_PRC_001,PRC,MFG,ESB,SOAP,Warning,PRC_AUTHZ_004,Procurement user lacks approval authorization,Authorization,928,SESS_98b8e4cc1bc0,REQ_ecec33b3944e4293,2026-09-11 12:31:30
EVT_002664,IF_ASM_002,ASM,DLV,API,REST,Failed,ASM_CAP_003,Assembly line at maximum capacity (correlated with upstream failure on IF_ASM_001),Capacity,1067,SESS_c30ff46e8026,REQ_5a987d89a6e449bf,2026-09-11 12:33:23
EVT_002954,IF_DLV_001,DLV,PAY,API,REST,Warning,DLV_CFG_002,Delivery zone configuration mismatch,Configuration,242,SESS_19bad7aedf61,REQ_96d681f9b88d45c9,2026-09-11 12:34:51
EVT_001728,IF_MFG_003,MFG,ASM,MsgBus,CDC,Warning,MFG_QC_003,Quality check parameters out of tolerance,Validation,1522,SESS_6f96288295d8,REQ_7e3286cb4f8d419a,2026-09-11 12:35:03
EVT_000343,IF_PAY_001,PAY,ORD,API,REST,Failed,PAY_EXT_003,Payment processor external service error,ExternalService,6269,SESS_09e9db0adf46,REQ_5b2e383cad6a4e4b,2026-09-11 12:43:19
EVT_000390,IF_PAY_001,PAY,ORD,API,REST,Failed,PAY_EXT_003,Payment processor external service error,ExternalService,7652,SESS_a9d3c2e6505c,REQ_725cd4b1cc5e4089,2026-09-11 12:53:35
EVT_002763,IF_DLV_001,DLV,PAY,API,REST,Warning,DLV_CFG_002,Delivery zone configuration mismatch,Configuration,796,SESS_c16d83edad81,REQ_9c85878b0f454b58,2026-09-11 13:00:20
EVT_000798,IF_ORD_002,ORD,MFG,MsgBus,Async,Warning,ORD_VAL_002,Order validation failed due to missing required field,Validation,1444,SESS_e6697833b841,REQ_d08767061b0c4f25,2026-09-11 13:03:30
EVT_001383,IF_MFG_001,MFG,ASM,MsgBus,Async,Failed,MFG_DB_002,Manufacturing execution database write failure,Database,7017,SESS_79e13ceab0cb,REQ_0a708b8007734733,2026-09-11 13:04:26
EVT_002392,IF_ASM_001,ASM,DLV,MsgBus,Async,Failed,ASM_CAP_003,Assembly line at maximum capacity,Capacity,1580,SESS_f10013a7c6de,REQ_647b4daf91494806,2026-09-11 13:11:05
EVT_002109,IF_PRC_002,PRC,ASM,Batch,Batch,Failed,PRC_MAT_002,Material availability check timed out,Timeout,4012,SESS_598336e375d6,REQ_dfbf4ff6c4574fe5,2026-09-11 13:11:08
EVT_001920,IF_PRC_001,PRC,MFG,ESB,SOAP,Warning,PRC_CFG_003,Procurement routing configuration invalid,Configuration,1816,SESS_a8b317fa18d0,REQ_db781f88b53b404d,2026-09-11 13:20:00
EVT_002008,IF_PRC_001,PRC,MFG,ESB,SOAP,Failed,PRC_MAT_002,Material availability check timed out,Timeout,2192,SESS_8dfa6a56d12d,REQ_01a44f42ac7242c7,2026-09-11 13:20:17
EVT_001272,IF_ORD_003,ORD,MFG,API,REST,Failed,ORD_DB_001,Order database connection timeout,Database,3250,SESS_61985d54cfb8,REQ_4260366bd7b743c1,2026-09-11 13:20:24
EVT_001718,IF_MFG_003,MFG,ASM,MsgBus,CDC,Failed,MFG_DB_002,Manufacturing execution database write failure,Database,8961,SESS_32ebd6899be5,REQ_94bc229a68244d3e,2026-09-11 13:21:21
EVT_001097,IF_ORD_003,ORD,MFG,API,REST,Failed,ORD_NET_004,Network timeout while contacting order service,Network,7311,SESS_8715a10343da,REQ_73bff88a495940ac,2026-09-11 13:24:00
EVT_001973,IF_PRC_001,PRC,MFG,ESB,SOAP,Failed,PRC_PO_001,Purchase order rejected by supplier system,ExternalService,2411,SESS_99546eb40025,REQ_e7248146ef8c4ba4,2026-09-11 13:28:44
EVT_001831,IF_MFG_004,MFG,PRC,MsgBus,Async,Failed,MFG_MACHINE_001,Manufacturing machine controller not responding,Infrastructure,833,SESS_cdda24ba2d06,REQ_f1a7defd7d6d4e80,2026-09-11 13:29:26
EVT_002829,IF_DLV_001,DLV,PAY,API,REST,Warning,DLV_CFG_002,Delivery zone configuration mismatch,Configuration,902,SESS_008d41276104,REQ_f1ee411378fd45e8,2026-09-11 13:30:08
EVT_002907,IF_DLV_001,DLV,PAY,API,REST,Failed,DLV_DB_004,Delivery tracking database error,Database,5382,SESS_02627f731292,REQ_f0322cceac4e46bf,2026-09-11 13:37:08
EVT_001175,IF_ORD_003,ORD,MFG,API,REST,Warning,ORD_VAL_002,Order validation failed due to missing required field,Validation,986,SESS_3d3f3799a072,REQ_069725d2c2964145,2026-09-11 13:37:10
EVT_000384,IF_PAY_001,PAY,ORD,API,REST,Failed,PAY_EXT_003,Payment processor external service error,ExternalService,7637,SESS_687213f98d60,REQ_7248b3314a6e4b88,2026-09-11 13:38:30
EVT_000165,IF_ORD_001,ORD,PAY,API,REST,Warning,ORD_VAL_002,Order validation failed due to missing required field,Validation,1989,SESS_580d7b71d8f5,REQ_87c58837befa41f7,2026-09-11 13:40:53
EVT_000979,IF_ORD_002,ORD,MFG,MsgBus,Async,Failed,ORD_NET_004,Network timeout while contacting order service (correlated with upstream failure on IF_PAY_001),Network,4964,SESS_687213f98d60,REQ_708595328c244ebe,2026-09-11 13:43:32
EVT_000256,IF_ORD_001,ORD,PAY,API,REST,Warning,ORD_VAL_002,Order validation failed due to missing required field,Validation,1534,SESS_43ff50113d1a,REQ_247da9743b47438d,2026-09-11 13:44:40
EVT_001344,IF_MFG_001,MFG,ASM,MsgBus,Async,Warning,MFG_QC_003,Quality check parameters out of tolerance,Validation,631,SESS_218a15368c99,REQ_d8dea8674be347d1,2026-09-11 13:49:29
EVT_002911,IF_DLV_001,DLV,PAY,API,REST,Failed,DLV_TIME_003,Carrier API response timeout,Timeout,8112,SESS_68949b8d00af,REQ_c22ae002df8b4a11,2026-09-11 13:50:47
EVT_000442,IF_PAY_001,PAY,ORD,API,REST,Warning,PAY_AUTH_001,Payment gateway authentication failed,Authentication,615,SESS_45b1ed25f153,REQ_2846f9e812b8459e,2026-09-11 13:51:33
EVT_000148,IF_ORD_001,ORD,PAY,API,REST,Failed,ORD_DB_001,Order database connection timeout,Database,5605,SESS_30ac7d7ba2f9,REQ_f0dfa72ff0434536,2026-09-11 14:09:58
EVT_000453,IF_PAY_001,PAY,ORD,API,REST,Warning,PAY_AUTHZ_002,Payment authorization declined by issuer,Authorization,222,SESS_6e06809725e9,REQ_41f74d70a3b84d00,2026-09-11 14:11:41
EVT_002137,IF_PRC_002,PRC,ASM,Batch,Batch,Warning,PRC_PO_001,Purchase order rejected by supplier system,ExternalService,5172,SESS_fbc9f87af668,REQ_05c889a714664992,2026-09-11 14:13:19
EVT_000408,IF_PAY_001,PAY,ORD,API,REST,Warning,PAY_AUTHZ_002,Payment authorization declined by issuer,Authorization,1217,SESS_6f96288295d8,REQ_d72faf4986a44924,2026-09-11 14:21:51
EVT_001028,IF_ORD_002,ORD,MFG,MsgBus,Async,Failed,ORD_NET_004,Network timeout while contacting order service,Network,6099,SESS_3c1bdacc18e1,REQ_37bd86e22097444f,2026-09-11 14:24:49
EVT_002406,IF_ASM_001,ASM,DLV,MsgBus,Async,Failed,ASM_CAP_003,Assembly line at maximum capacity,Capacity,121,SESS_ceda8bbb7171,REQ_1265aa0099384a20,2026-09-11 14:25:11
EVT_000193,IF_ORD_001,ORD,PAY,API,REST,Failed,ORD_NET_004,Network timeout while contacting order service,Network,7771,SESS_527eecfaa79a,REQ_de2d4587af904ccd,2026-09-11 14:28:23
EVT_001816,IF_MFG_004,MFG,PRC,MsgBus,Async,Failed,MFG_DB_002,Manufacturing execution database write failure,Database,7905,SESS_46fb7bf300b9,REQ_9ecf5f7ca8db4ff2,2026-09-11 14:28:35
EVT_001329,IF_MFG_001,MFG,ASM,MsgBus,Async,Failed,MFG_MACHINE_001,Manufacturing machine controller not responding (correlated with upstream failure on IF_ORD_002),Infrastructure,1685,SESS_3c1bdacc18e1,REQ_bc61545a4d2240a5,2026-09-11 14:29:35
EVT_001837,IF_MFG_004,MFG,PRC,MsgBus,Async,Failed,MFG_DB_002,Manufacturing execution database write failure,Database,4688,SESS_c715b2b9c40c,REQ_917b99b8303245e3,2026-09-11 14:30:46
EVT_000928,IF_ORD_002,ORD,MFG,MsgBus,Async,Failed,ORD_DB_001,Order database connection timeout,Database,7747,SESS_c84a7b28550a,REQ_c4d265a9c33945da,2026-09-11 14:31:08
EVT_001763,IF_MFG_003,MFG,ASM,MsgBus,CDC,Failed,MFG_DB_002,Manufacturing execution database write failure,Database,2334,SESS_902059e4ff9a,REQ_bccf4460642b4c30,2026-09-11 14:33:13
EVT_002065,IF_PRC_002,PRC,ASM,Batch,Batch,Warning,PRC_CFG_003,Procurement routing configuration invalid,Configuration,197,SESS_50fd9d3f85d5,REQ_48f7875905c04454,2026-09-11 14:34:23
EVT_000357,IF_PAY_001,PAY,ORD,API,REST,Failed,PAY_EXT_003,Payment processor external service error,ExternalService,6669,SESS_a3e05309b5a1,REQ_b5bef24eabb34e9f,2026-09-11 14:35:26
EVT_002999,IF_DLV_001,DLV,PAY,API,REST,Failed,DLV_ROUTE_001,Delivery routing service unavailable,ExternalService,6283,SESS_246998e8d39e,REQ_44ab2b2ae1be49b1,2026-09-11 14:35:43
EVT_001559,IF_MFG_002,MFG,ASM,API,REST,Warning,MFG_MACHINE_001,Manufacturing machine controller not responding,Infrastructure,747,SESS_e827a1b9d4a0,REQ_ec6b54f09b694ec2,2026-09-11 14:36:58
EVT_001103,IF_ORD_003,ORD,MFG,API,REST,Warning,ORD_AUTH_003,Order service authentication token expired,Authentication,204,SESS_4ffca6b199b4,REQ_56b3c46a611c4107,2026-09-11 14:37:30
EVT_001739,IF_MFG_003,MFG,ASM,MsgBus,CDC,Failed,MFG_QC_003,Quality check parameters out of tolerance,Validation,2041,SESS_65a674c21273,REQ_46aab62059bc4c39,2026-09-11 14:40:11
EVT_001470,IF_MFG_001,MFG,ASM,MsgBus,Async,Failed,MFG_DB_002,Manufacturing execution database write failure,Database,3595,SESS_cdccc33aa943,REQ_2fc4e3c5e16142a9,2026-09-11 14:40:26
EVT_002273,IF_ASM_001,ASM,DLV,MsgBus,Async,Warning,ASM_COMP_001,Assembly component mismatch detected,Validation,1100,SESS_38b8f24e56ea,REQ_ff7298b0f4114da2,2026-09-11 14:43:01
EVT_002031,IF_PRC_001,PRC,MFG,ESB,SOAP,Failed,PRC_PO_001,Purchase order rejected by supplier system,ExternalService,2185,SESS_e359eee17399,REQ_1ca9daab35a642e7,2026-09-11 14:43:55
EVT_002328,IF_ASM_001,ASM,DLV,MsgBus,Async,Warning,ASM_COMP_001,Assembly component mismatch detected (correlated with upstream failure on IF_MFG_001),Validation,1287,SESS_3c1bdacc18e1,REQ_91ecd0ec94264f62,2026-09-11 14:44:33
EVT_000797,IF_ORD_002,ORD,MFG,MsgBus,Async,Failed,ORD_NET_004,Network timeout while contacting order service,Network,2676,SESS_7367c28de1b2,REQ_3d1e55a191164658,2026-09-11 14:46:32
EVT_002396,IF_ASM_001,ASM,DLV,MsgBus,Async,Failed,ASM_DB_002,Assembly tracking database update failed,Database,6462,SESS_f6478986a391,REQ_abf8acddf648456a,2026-09-11 14:47:00
EVT_000233,IF_ORD_001,ORD,PAY,API,REST,Failed,ORD_DB_001,Order database connection timeout,Database,4315,SESS_b7e5848131c6,REQ_111d6e029ec24f32,2026-09-11 14:49:16
EVT_000549,IF_PAY_001,PAY,ORD,API,REST,Failed,PAY_EXT_003,Payment processor external service error,ExternalService,6066,SESS_38b8f24e56ea,REQ_bc2c9270ab6846fe,2026-09-11 14:49:51
EVT_000261,IF_ORD_001,ORD,PAY,API,REST,Failed,ORD_AUTH_003,Order service authentication token expired,Authentication,1210,SESS_54b4a4826858,REQ_9ec60dc1cdb14385,2026-09-11 14:49:55
EVT_002494,IF_ASM_002,ASM,DLV,API,REST,Warning,ASM_CAP_003,Assembly line at maximum capacity,Capacity,1068,SESS_84dad06a7872,REQ_e8fa1ed83a3040da,2026-09-11 14:52:08
EVT_001146,IF_ORD_003,ORD,MFG,API,REST,Failed,ORD_NET_004,Network timeout while contacting order service,Network,5963,SESS_e827a1b9d4a0,REQ_7c14ccb8300d40d1,2026-09-11 14:52:36
EVT_002390,IF_ASM_001,ASM,DLV,MsgBus,Async,Warning,ASM_COMP_001,Assembly component mismatch detected (correlated with upstream failure on IF_MFG_001),Validation,128,SESS_cdccc33aa943,REQ_430dcf14ec0d4996,2026-09-11 14:53:08
EVT_001655,IF_MFG_003,MFG,ASM,MsgBus,CDC,Warning,MFG_QC_003,Quality check parameters out of tolerance,Validation,2613,SESS_c16d83edad81,REQ_f3de7e7a1da14960,2026-09-11 14:56:22
EVT_001938,IF_PRC_001,PRC,MFG,ESB,SOAP,Warning,PRC_AUTHZ_004,Procurement user lacks approval authorization,Authorization,1273,SESS_5560db22c96b,REQ_f9b299a97db14521,2026-09-11 14:56:23
EVT_002539,IF_ASM_002,ASM,DLV,API,REST,Failed,ASM_CAP_003,Assembly line at maximum capacity,Capacity,1639,SESS_aca2b148da33,REQ_c53a95ec7eb14e0c,2026-09-11 14:56:34
EVT_001297,IF_ORD_003,ORD,MFG,API,REST,Failed,ORD_DB_001,Order database connection timeout (correlated with upstream failure on IF_PAY_001),Database,6439,SESS_38b8f24e56ea,REQ_0983857422fc4d8a,2026-09-11 15:02:00
EVT_000063,IF_ORD_001,ORD,PAY,API,REST,Failed,ORD_DB_001,Order database connection timeout,Database,3986,SESS_0b9bd93423c8,REQ_eb811b7f0ff14939,2026-09-11 15:03:06
EVT_002543,IF_ASM_002,ASM,DLV,API,REST,Failed,ASM_DB_002,Assembly tracking database update failed,Database,8315,SESS_9475dbc99641,REQ_b1638fdb6ebb468b,2026-09-11 15:04:56
EVT_001682,IF_MFG_003,MFG,ASM,MsgBus,CDC,Warning,MFG_QC_003,Quality check parameters out of tolerance,Validation,1981,SESS_07f97d05f6ca,REQ_cb2cabb13e1845a2,2026-09-11 15:05:37
EVT_000843,IF_ORD_002,ORD,MFG,MsgBus,Async,Failed,ORD_NET_004,Network timeout while contacting order service,Network,7944,SESS_6bc4123ebde1,REQ_3a90aba3ae2c44f5,2026-09-11 15:06:21
EVT_001082,IF_ORD_002,ORD,MFG,MsgBus,Async,Failed,ORD_NET_004,Network timeout while contacting order service,Network,8249,SESS_5bc440f14b1a,REQ_17425f1c539d45cb,2026-09-11 15:06:24
EVT_001751,IF_MFG_003,MFG,ASM,MsgBus,CDC,Warning,MFG_DB_002,Manufacturing execution database write failure,Database,7654,SESS_e222b6a615bf,REQ_09dbe70eeefb447a,2026-09-11 15:06:24
EVT_002306,IF_ASM_001,ASM,DLV,MsgBus,Async,Warning,ASM_COMP_001,Assembly component mismatch detected,Validation,1225,SESS_49c13de73b42,REQ_3ed5b7615e314c36,2026-09-11 15:08:36
EVT_000138,IF_ORD_001,ORD,PAY,API,REST,Warning,ORD_DB_001,Order database connection timeout,Database,4271,SESS_d5bcb8d04094,REQ_36c00b98b87142bf,2026-09-11 15:09:08
EVT_001454,IF_MFG_001,MFG,ASM,MsgBus,Async,Warning,MFG_QC_003,Quality check parameters out of tolerance,Validation,898,SESS_58007c0287ea,REQ_7bd66e4847b84413,2026-09-11 15:09:44
EVT_001435,IF_MFG_001,MFG,ASM,MsgBus,Async,Failed,MFG_QC_003,Quality check parameters out of tolerance,Validation,732,SESS_f10013a7c6de,REQ_827223f9e2eb4a06,2026-09-11 15:10:17
EVT_002783,IF_DLV_001,DLV,PAY,API,REST,Failed,DLV_TIME_003,Carrier API response timeout,Timeout,6925,SESS_76da3ca0d2e8,REQ_8abdf108440c4eac,2026-09-11 15:11:19
EVT_001035,IF_ORD_002,ORD,MFG,MsgBus,Async,Warning,ORD_VAL_002,Order validation failed due to missing required field,Validation,1335,SESS_693dffbc6c6f,REQ_75bec71c058d4295,2026-09-11 15:11:55
EVT_001799,IF_MFG_004,MFG,PRC,MsgBus,Async,Failed,MFG_DB_002,Manufacturing execution database write failure,Database,8314,SESS_dd90e79eb888,REQ_72a1bee80ed8442a,2026-09-11 15:12:57
EVT_000313,IF_ORD_001,ORD,PAY,API,REST,Failed,ORD_NET_004,Network timeout while contacting order service,Network,7190,SESS_473544f9ea83,REQ_c02ad156c73941d3,2026-09-11 15:14:51
EVT_002302,IF_ASM_001,ASM,DLV,MsgBus,Async,Warning,ASM_COMP_001,Assembly component mismatch detected,Validation,1957,SESS_cbd58bf61efd,REQ_e1fab09f2c2141b6,2026-09-11 15:19:51
EVT_001899,IF_PRC_001,PRC,MFG,ESB,SOAP,Failed,PRC_PO_001,Purchase order rejected by supplier system,ExternalService,7867,SESS_2051acef097a,REQ_8673b54f2d01439d,2026-09-11 15:24:23
EVT_002281,IF_ASM_001,ASM,DLV,MsgBus,Async,Failed,ASM_DB_002,Assembly tracking database update failed,Database,8957,SESS_e45b712eb822,REQ_7a6b547a88d64f17,2026-09-11 15:24:25
EVT_000772,IF_ORD_002,ORD,MFG,MsgBus,Async,Failed,ORD_NET_004,Network timeout while contacting order service,Network,6965,SESS_26286bfbe767,REQ_7ed7d3b7e15b46c9,2026-09-11 15:25:04
EVT_001039,IF_ORD_002,ORD,MFG,MsgBus,Async,Warning,ORD_AUTH_003,Order service authentication token expired,Authentication,171,SESS_72ff5d2a386e,REQ_9f425bd25f71427f,2026-09-11 15:26:11
EVT_000234,IF_ORD_001,ORD,PAY,API,REST,Failed,ORD_DB_001,Order database connection timeout,Database,2322,SESS_a0ee89aed453,REQ_44c0d2b7864b4733,2026-09-11 15:30:21
EVT_002003,IF_PRC_001,PRC,MFG,ESB,SOAP,Warning,PRC_CFG_003,Procurement routing configuration invalid,Configuration,1490,SESS_3dc9829015ea,REQ_58ebedaa38704bfe,2026-09-11 15:32:28
EVT_001075,IF_ORD_002,ORD,MFG,MsgBus,Async,Failed,ORD_NET_004,Network timeout while contacting order service,Network,3725,SESS_f7dc67e03097,REQ_5ffb3b3c117c42a6,2026-09-11 15:32:30
EVT_001244,IF_ORD_003,ORD,MFG,API,REST,Failed,ORD_DB_001,Order database connection timeout,Database,6440,SESS_6160745985c7,REQ_4ff51302773d4473,2026-09-11 15:36:42
EVT_001736,IF_MFG_003,MFG,ASM,MsgBus,CDC,Warning,MFG_QC_003,Quality check parameters out of tolerance,Validation,1547,SESS_3dc9829015ea,REQ_1571c0ff389f4cfb,2026-09-11 15:36:54
EVT_001636,IF_MFG_002,MFG,ASM,API,REST,Failed,MFG_DB_002,Manufacturing execution database write failure,Database,2535,SESS_65a674c21273,REQ_574eeb2d9d2b400e,2026-09-11 15:38:34
EVT_001336,IF_MFG_001,MFG,ASM,MsgBus,Async,Failed,MFG_CAP_004,Manufacturing queue capacity exceeded,Capacity,1322,SESS_4ab7706eb773,REQ_ff866da8dfbb4e01,2026-09-11 15:38:53
EVT_000398,IF_PAY_001,PAY,ORD,API,REST,Warning,PAY_AUTH_001,Payment gateway authentication failed,Authentication,531,SESS_65a674c21273,REQ_7482a5d958eb4ce0,2026-09-11 15:39:42
EVT_002576,IF_ASM_002,ASM,DLV,API,REST,Warning,ASM_DB_002,Assembly tracking database update failed,Database,2870,SESS_89c8d2ab6b44,REQ_a5486c0c04c54dfb,2026-09-11 15:40:16
EVT_001757,IF_MFG_003,MFG,ASM,MsgBus,CDC,Warning,MFG_QC_003,Quality check parameters out of tolerance,Validation,1262,SESS_a0ee89aed453,REQ_d72aded826174e26,2026-09-11 15:43:08
EVT_002902,IF_DLV_001,DLV,PAY,API,REST,Failed,DLV_ROUTE_001,Delivery routing service unavailable,ExternalService,2023,SESS_859131d2bbda,REQ_54f628ef12794093,2026-09-11 15:43:09
EVT_001569,IF_MFG_002,MFG,ASM,API,REST,Failed,MFG_DB_002,Manufacturing execution database write failure,Database,5591,SESS_4f8d5238288b,REQ_e4814182e3ac4a72,2026-09-11 15:46:45
EVT_002400,IF_ASM_001,ASM,DLV,MsgBus,Async,Failed,ASM_NET_004,Assembly station network connectivity lost,Network,5264,SESS_3108d4482f65,REQ_766c222f8f734e6b,2026-09-11 15:54:25
EVT_002091,IF_PRC_002,PRC,ASM,Batch,Batch,Failed,PRC_MAT_002,Material availability check timed out,Timeout,4063,SESS_75a669814104,REQ_6e5f01b7fc004d41,2026-09-11 15:56:39
EVT_000786,IF_ORD_002,ORD,MFG,MsgBus,Async,Failed,ORD_DB_001,Order database connection timeout,Database,6975,SESS_54b4a4826858,REQ_d4dd7963476d48e1,2026-09-11 15:56:48
EVT_002670,IF_ASM_002,ASM,DLV,API,REST,Warning,ASM_DB_002,Assembly tracking database update failed,Database,3301,SESS_91d63f78e3e9,REQ_d2f2b419e88e4d41,2026-09-11 15:57:00
EVT_001940,IF_PRC_001,PRC,MFG,ESB,SOAP,Warning,PRC_CFG_003,Procurement routing configuration invalid,Configuration,1759,SESS_a8b317fa18d0,REQ_70d7977f594b4371,2026-09-11 15:58:55
EVT_002044,IF_PRC_001,PRC,MFG,ESB,SOAP,Warning,PRC_AUTHZ_004,Procurement user lacks approval authorization,Authorization,1540,SESS_89c8d2ab6b44,REQ_de7d565efad1460d,2026-09-11 15:59:39
EVT_002553,IF_ASM_002,ASM,DLV,API,REST,Failed,ASM_DB_002,Assembly tracking database update failed,Database,3358,SESS_3dc9829015ea,REQ_e7a0e9c299a5439e,2026-09-11 15:59:45
EVT_000394,IF_PAY_001,PAY,ORD,API,REST,Warning,PAY_AUTHZ_002,Payment authorization declined by issuer,Authorization,412,SESS_18dfbc3ca0d4,REQ_79e1f51a4e5c4eee,2026-09-11 16:03:26
EVT_000526,IF_PAY_001,PAY,ORD,API,REST,Failed,PAY_TIME_004,Payment gateway response timeout,Timeout,5969,SESS_fcce96f6250a,REQ_d96e2712ce254f98,2026-09-11 16:06:07
EVT_002090,IF_PRC_002,PRC,ASM,Batch,Batch,Failed,PRC_PO_001,Purchase order rejected by supplier system,ExternalService,2818,SESS_272a6d8eb512,REQ_2f15adf5a4b3428b,2026-09-11 16:08:27
EVT_000633,IF_PAY_001,PAY,ORD,API,REST,Failed,PAY_EXT_003,Payment processor external service error,ExternalService,8932,SESS_42deffccf86c,REQ_df4220ce2e674438,2026-09-11 16:09:23
EVT_001502,IF_MFG_001,MFG,ASM,MsgBus,Async,Warning,MFG_QC_003,Quality check parameters out of tolerance,Validation,80,SESS_f2f9e5fa9016,REQ_96899c3d0d784ac6,2026-09-11 16:15:52
EVT_001774,IF_MFG_004,MFG,PRC,MsgBus,Async,Failed,MFG_CAP_004,Manufacturing queue capacity exceeded,Capacity,1728,SESS_67f48ad54d0b,REQ_cd6c877e595948da,2026-09-11 16:18:29
EVT_002593,IF_ASM_002,ASM,DLV,API,REST,Warning,ASM_COMP_001,Assembly component mismatch detected,Validation,1791,SESS_8f5486b7c7b5,REQ_3610b2c5d70e41c1,2026-09-11 16:19:08
EVT_001143,IF_ORD_003,ORD,MFG,API,REST,Warning,ORD_VAL_002,Order validation failed due to missing required field,Validation,591,SESS_43b38eb40390,REQ_f0ad048464ff420d,2026-09-11 16:19:21
EVT_002808,IF_DLV_001,DLV,PAY,API,REST,Warning,DLV_CFG_002,Delivery zone configuration mismatch,Configuration,1930,SESS_abf3ad39fec2,REQ_b383422771c34f88,2026-09-11 16:19:39
EVT_002309,IF_ASM_001,ASM,DLV,MsgBus,Async,Failed,ASM_NET_004,Assembly station network connectivity lost,Network,7808,SESS_1ac70ec0ab8d,REQ_bd58a61fcb9e48f6,2026-09-11 16:22:47
EVT_002727,IF_DLV_001,DLV,PAY,API,REST,Failed,DLV_CFG_002,Delivery zone configuration mismatch,Configuration,1668,SESS_3c71e0bef357,REQ_d79606f7c91f4e0f,2026-09-11 16:23:00
EVT_001057,IF_ORD_002,ORD,MFG,MsgBus,Async,Failed,ORD_DB_001,Order database connection timeout,Database,3816,SESS_8fadc1a606cb,REQ_3484460a4172460b,2026-09-11 16:23:23
EVT_002795,IF_DLV_001,DLV,PAY,API,REST,Warning,DLV_CFG_002,Delivery zone configuration mismatch,Configuration,1697,SESS_24e75e8eb8f2,REQ_1f98a0a533604782,2026-09-11 16:29:46
EVT_001754,IF_MFG_003,MFG,ASM,MsgBus,CDC,Failed,MFG_MACHINE_001,Manufacturing machine controller not responding,Infrastructure,2001,SESS_8fadc1a606cb,REQ_62938820f68b4073,2026-09-11 16:30:10
EVT_000838,IF_ORD_002,ORD,MFG,MsgBus,Async,Warning,ORD_VAL_002,Order validation failed due to missing required field,Validation,1148,SESS_6c8c3b6aa974,REQ_ff7505140100492a,2026-09-11 16:30:50
EVT_000449,IF_PAY_001,PAY,ORD,API,REST,Failed,PAY_EXT_003,Payment processor external service error,ExternalService,7615,SESS_1ca35cfb04fc,REQ_81ce80e6c6f8408f,2026-09-11 16:35:17
EVT_002117,IF_PRC_002,PRC,ASM,Batch,Batch,Warning,PRC_PO_001,Purchase order rejected by supplier system,ExternalService,5456,SESS_a9d3c2e6505c,REQ_985f62cc18b240b8,2026-09-11 16:38:18
EVT_001897,IF_PRC_001,PRC,MFG,ESB,SOAP,Warning,PRC_PO_001,Purchase order rejected by supplier system,ExternalService,7359,SESS_ae4c84ffa8c0,REQ_1e0213aadb7c41b3,2026-09-11 16:39:08
EVT_002466,IF_ASM_001,ASM,DLV,MsgBus,Async,Warning,ASM_NET_004,Assembly station network connectivity lost,Network,7588,SESS_aab97e494f2d,REQ_f2ff695da3af4a3a,2026-09-11 16:39:12
EVT_000217,IF_ORD_001,ORD,PAY,API,REST,Warning,ORD_NET_004,Network timeout while contacting order service,Network,7411,SESS_29ec8e49d1bd,REQ_11f2fdeecacc4bc8,2026-09-11 16:41:31
EVT_000329,IF_PAY_001,PAY,ORD,API,REST,Warning,PAY_TIME_004,Payment gateway response timeout,Timeout,5391,SESS_3e3511287900,REQ_3d904d8a6e32498e,2026-09-11 16:42:16
EVT_000868,IF_ORD_002,ORD,MFG,MsgBus,Async,Failed,ORD_NET_004,Network timeout while contacting order service,Network,8977,SESS_c35b1c8c0a4c,REQ_80bcd4e67e694d5c,2026-09-11 16:45:31
EVT_002624,IF_ASM_002,ASM,DLV,API,REST,Warning,ASM_COMP_001,Assembly component mismatch detected,Validation,1566,SESS_bac7e2b96a7e,REQ_df0843acec1c4029,2026-09-11 16:46:16
EVT_002342,IF_ASM_001,ASM,DLV,MsgBus,Async,Failed,ASM_CAP_003,Assembly line at maximum capacity,Capacity,959,SESS_1ac70ec0ab8d,REQ_bd5a7a2fd19947ef,2026-09-11 16:46:51
EVT_002663,IF_ASM_002,ASM,DLV,API,REST,Failed,ASM_DB_002,Assembly tracking database update failed,Database,5413,SESS_48a639d015b5,REQ_f2cc7a1863784ed6,2026-09-11 16:48:47
EVT_000312,IF_ORD_001,ORD,PAY,API,REST,Failed,ORD_NET_004,Network timeout while contacting order service,Network,6613,SESS_d261a7ab3aa2,REQ_ad9f5d2ac2134261,2026-09-11 16:49:29
EVT_001016,IF_ORD_002,ORD,MFG,MsgBus,Async,Failed,ORD_NET_004,Network timeout while contacting order service,Network,2045,SESS_f72ada9b2f32,REQ_c40a62dfb9474bac,2026-09-11 16:50:31
EVT_001490,IF_MFG_001,MFG,ASM,MsgBus,Async,Failed,MFG_MACHINE_001,Manufacturing machine controller not responding,Infrastructure,1456,SESS_1d61fac36cd5,REQ_6e9976dbff9e4d05,2026-09-11 16:51:33
EVT_001137,IF_ORD_003,ORD,MFG,API,REST,Failed,ORD_DB_001,Order database connection timeout,Database,5434,SESS_675dd5af3c36,REQ_c3ec733088354859,2026-09-11 16:51:42
EVT_001408,IF_MFG_001,MFG,ASM,MsgBus,Async,Warning,MFG_QC_003,Quality check parameters out of tolerance,Validation,1572,SESS_eb67146a77a6,REQ_ebc468811751465f,2026-09-11 16:52:55
EVT_000365,IF_PAY_001,PAY,ORD,API,REST,Failed,PAY_TIME_004,Payment gateway response timeout,Timeout,2987,SESS_22f235f2e11b,REQ_1a8f6d7612ae4c0c,2026-09-11 16:54:38
EVT_000754,IF_PAY_002,PAY,ORD,ESB,CDC,Warning,PAY_AUTHZ_002,Payment authorization declined by issuer,Authorization,381,SESS_89fa6a688fb5,REQ_d9b73f79a68f4d85,2026-09-11 16:54:51
EVT_000906,IF_ORD_002,ORD,MFG,MsgBus,Async,Failed,ORD_NET_004,Network timeout while contacting order service,Network,5210,SESS_c7468f591b49,REQ_08c850a9c4004769,2026-09-11 16:56:44
EVT_000732,IF_PAY_002,PAY,ORD,ESB,CDC,Warning,PAY_TIME_004,Payment gateway response timeout,Timeout,7726,SESS_e64d1bcb7027,REQ_0c4999bb4f494e61,2026-09-11 17:00:06
EVT_000817,IF_ORD_002,ORD,MFG,MsgBus,Async,Failed,ORD_DB_001,Order database connection timeout (correlated with upstream failure on IF_PAY_001),Database,3547,SESS_22f235f2e11b,REQ_5b93af07191b4608,2026-09-11 17:02:08
EVT_001156,IF_ORD_003,ORD,MFG,API,REST,Failed,ORD_NET_004,Network timeout while contacting order service,Network,5203,SESS_9dac6e834524,REQ_a6a8c876761343f2,2026-09-11 17:04:14
EVT_001142,IF_ORD_003,ORD,MFG,API,REST,Failed,ORD_DB_001,Order database connection timeout,Database,3030,SESS_7b3a4e3e7c52,REQ_991600feea8446dc,2026-09-11 17:09:14
EVT_000900,IF_ORD_002,ORD,MFG,MsgBus,Async,Failed,ORD_NET_004,Network timeout while contacting order service,Network,7804,SESS_80759f1f87e5,REQ_75d23309da1243a2,2026-09-11 17:10:22
EVT_002105,IF_PRC_002,PRC,ASM,Batch,Batch,Failed,PRC_PO_001,Purchase order rejected by supplier system,ExternalService,7293,SESS_272a6d8eb512,REQ_14b3435f102b41ac,2026-09-11 17:15:59
EVT_001461,IF_MFG_001,MFG,ASM,MsgBus,Async,Failed,MFG_QC_003,Quality check parameters out of tolerance,Validation,1646,SESS_119c4ea3e180,REQ_a565569079df4078,2026-09-11 17:16:37
EVT_000062,IF_ORD_001,ORD,PAY,API,REST,Failed,ORD_NET_004,Network timeout while contacting order service,Network,8122,SESS_6efb63b11b04,REQ_d562aa8b70de4cb4,2026-09-11 17:17:59
EVT_000671,IF_PAY_002,PAY,ORD,ESB,CDC,Warning,PAY_AUTH_001,Payment gateway authentication failed,Authentication,1642,SESS_8f5486b7c7b5,REQ_6505635b2f5a4b38,2026-09-11 17:18:50
EVT_002405,IF_ASM_001,ASM,DLV,MsgBus,Async,Warning,ASM_COMP_001,Assembly component mismatch detected,Validation,814,SESS_711c21c9bdc1,REQ_5c4589e1adea423b,2026-09-11 17:20:40
EVT_001615,IF_MFG_002,MFG,ASM,API,REST,Warning,MFG_DB_002,Manufacturing execution database write failure (correlated with upstream failure on IF_ORD_002),Database,3200,SESS_80759f1f87e5,REQ_19d88cd122db4188,2026-09-11 17:20:48
EVT_000316,IF_ORD_001,ORD,PAY,API,REST,Warning,ORD_VAL_002,Order validation failed due to missing required field,Validation,549,SESS_902059e4ff9a,REQ_369db40a2d5540ed,2026-09-11 17:22:09
EVT_001567,IF_MFG_002,MFG,ASM,API,REST,Failed,MFG_DB_002,Manufacturing execution database write failure,Database,8166,SESS_295b4715c333,REQ_c9e5b1065b7540e6,2026-09-11 17:25:46
EVT_001315,IF_MFG_001,MFG,ASM,MsgBus,Async,Failed,MFG_CAP_004,Manufacturing queue capacity exceeded,Capacity,1799,SESS_77d21e02ff01,REQ_6263153b88a04ebe,2026-09-11 17:26:03
EVT_000334,IF_PAY_001,PAY,ORD,API,REST,Failed,PAY_TIME_004,Payment gateway response timeout,Timeout,4844,SESS_9424aed51bac,REQ_704ba8a552ad4abd,2026-09-11 17:28:19
EVT_002100,IF_PRC_002,PRC,ASM,Batch,Batch,Failed,PRC_MAT_002,Material availability check timed out,Timeout,8023,SESS_9e50aa42ca6d,REQ_03e3a5a6166b4b1e,2026-09-11 17:34:10
EVT_000503,IF_PAY_001,PAY,ORD,API,REST,Warning,PAY_TIME_004,Payment gateway response timeout,Timeout,7968,SESS_bac7e2b96a7e,REQ_44ee4efd71da4a04,2026-09-11 17:37:35
EVT_001025,IF_ORD_002,ORD,MFG,MsgBus,Async,Failed,ORD_DB_001,Order database connection timeout,Database,4293,SESS_784c2f299804,REQ_618a6517a32a443a,2026-09-11 17:37:41
EVT_000135,IF_ORD_001,ORD,PAY,API,REST,Warning,ORD_VAL_002,Order validation failed due to missing required field,Validation,1668,SESS_12e89d102871,REQ_ff0738df11704113,2026-09-11 17:37:44
EVT_000599,IF_PAY_001,PAY,ORD,API,REST,Failed,PAY_TIME_004,Payment gateway response timeout,Timeout,4924,SESS_f6478986a391,REQ_a0d216ee52b445d0,2026-09-11 17:41:53
EVT_000105,IF_ORD_001,ORD,PAY,API,REST,Failed,ORD_AUTH_003,Order service authentication token expired,Authentication,866,SESS_ed3049cf43e4,REQ_f8d191dc4d7144ce,2026-09-11 17:46:49
EVT_001969,IF_PRC_001,PRC,MFG,ESB,SOAP,Failed,PRC_MAT_002,Material availability check timed out,Timeout,5041,SESS_f1afdb65b289,REQ_74ac5982678d4048,2026-09-11 17:51:49
EVT_001375,IF_MFG_001,MFG,ASM,MsgBus,Async,Warning,MFG_QC_003,Quality check parameters out of tolerance,Validation,936,SESS_87f8424daae6,REQ_b2c7741940e34b04,2026-09-11 17:54:19
EVT_002071,IF_PRC_002,PRC,ASM,Batch,Batch,Failed,PRC_MAT_002,Material availability check timed out,Timeout,4290,SESS_c696f5e64944,REQ_f7de6f102d5546cd,2026-09-11 17:55:51
EVT_000017,IF_ORD_001,ORD,PAY,API,REST,Failed,ORD_VAL_002,Order validation failed due to missing required field,Validation,1781,SESS_c2a796891933,REQ_6e0877815d5942b9,2026-09-11 17:56:22
EVT_000219,IF_ORD_001,ORD,PAY,API,REST,Warning,ORD_AUTH_003,Order service authentication token expired,Authentication,1118,SESS_008d41276104,REQ_72d3144ce0714f59,2026-09-11 17:56:35
EVT_002365,IF_ASM_001,ASM,DLV,MsgBus,Async,Warning,ASM_COMP_001,Assembly component mismatch detected,Validation,1423,SESS_530a37df0bc6,REQ_ef1c1b7bd63c46c7,2026-09-11 18:02:09
EVT_000482,IF_PAY_001,PAY,ORD,API,REST,Warning,PAY_AUTH_001,Payment gateway authentication failed,Authentication,1011,SESS_0763fcd01f15,REQ_d7266096d59a4ed7,2026-09-11 18:25:11
EVT_002056,IF_PRC_002,PRC,ASM,Batch,Batch,Warning,PRC_AUTHZ_004,Procurement user lacks approval authorization,Authorization,3105,SESS_104556e5bee3,REQ_8e937b3b55a84f17,2026-09-11 18:27:46
EVT_001572,IF_MFG_002,MFG,ASM,API,REST,Failed,MFG_CAP_004,Manufacturing queue capacity exceeded,Capacity,1790,SESS_17e011b7f810,REQ_81540c959f58416a,2026-09-11 18:36:57
EVT_002102,IF_PRC_002,PRC,ASM,Batch,Batch,Failed,PRC_PO_001,Purchase order rejected by supplier system,ExternalService,4968,SESS_3f897142fe71,REQ_dbb5b6c08d4c4415,2026-09-11 18:40:55
EVT_000270,IF_ORD_001,ORD,PAY,API,REST,Failed,ORD_DB_001,Order database connection timeout,Database,7491,SESS_b303f438fe21,REQ_756fd7bc38e94e21,2026-09-11 18:42:46
EVT_001191,IF_ORD_003,ORD,MFG,API,REST,Failed,ORD_DB_001,Order database connection timeout,Database,6912,SESS_bcae8081bdf0,REQ_204cbbc8b19c4dd6,2026-09-11 18:45:54
EVT_002098,IF_PRC_002,PRC,ASM,Batch,Batch,Failed,PRC_MAT_002,Material availability check timed out,Timeout,8795,SESS_14e286e5ac89,REQ_9cd597dda2974668,2026-09-11 18:48:10
EVT_002657,IF_ASM_002,ASM,DLV,API,REST,Warning,ASM_COMP_001,Assembly component mismatch detected,Validation,260,SESS_1ba362e7afa4,REQ_71f934420e7d40ef,2026-09-11 18:51:02
EVT_000427,IF_PAY_001,PAY,ORD,API,REST,Failed,PAY_EXT_003,Payment processor external service error,ExternalService,2741,SESS_3b8faa1837f8,REQ_45213261fbd045c8,2026-09-11 18:57:48
EVT_002234,IF_PRC_003,PRC,MFG,API,REST,Warning,PRC_AUTHZ_004,Procurement user lacks approval authorization,Authorization,672,SESS_6160745985c7,REQ_d8697fa988b04273,2026-09-11 18:58:08
EVT_000175,IF_ORD_001,ORD,PAY,API,REST,Warning,ORD_AUTH_003,Order service authentication token expired,Authentication,635,SESS_46fb7bf300b9,REQ_4479a9586d1f4d8a,2026-09-11 19:27:52
EVT_000386,IF_PAY_001,PAY,ORD,API,REST,Failed,PAY_EXT_003,Payment processor external service error,ExternalService,8207,SESS_0f6b40d09efb,REQ_fcd3b2ab798449c3,2026-09-11 19:28:55
EVT_002268,IF_ASM_001,ASM,DLV,MsgBus,Async,Failed,ASM_CAP_003,Assembly line at maximum capacity,Capacity,1738,SESS_e645f129629c,REQ_7641d4d45bfb4de8,2026-09-11 19:32:41
EVT_000096,IF_ORD_001,ORD,PAY,API,REST,Failed,ORD_NET_004,Network timeout while contacting order service,Network,3386,SESS_d3d1bf0f56c4,REQ_132bc79c8f194bec,2026-09-11 19:34:41
EVT_002501,IF_ASM_002,ASM,DLV,API,REST,Warning,ASM_COMP_001,Assembly component mismatch detected,Validation,1743,SESS_29ec8e49d1bd,REQ_918ebf16681544b8,2026-09-11 19:41:45
EVT_002713,IF_DLV_001,DLV,PAY,API,REST,Warning,DLV_CFG_002,Delivery zone configuration mismatch (correlated with upstream failure on IF_ASM_002),Configuration,965,SESS_a5c5650c8186,REQ_7ae4774ef3c2412b,2026-09-11 19:53:07
EVT_001702,IF_MFG_003,MFG,ASM,MsgBus,CDC,Warning,MFG_QC_003,Quality check parameters out of tolerance,Validation,2202,SESS_e32f2e63b7fd,REQ_7efbe515e73946bd,2026-09-11 19:57:21
EVT_001241,IF_ORD_003,ORD,MFG,API,REST,Warning,ORD_VAL_002,Order validation failed due to missing required field,Validation,1334,SESS_19108be58ce2,REQ_6445899cf8c24cbb,2026-09-11 19:59:05
EVT_002625,IF_ASM_002,ASM,DLV,API,REST,Warning,ASM_NET_004,Assembly station network connectivity lost,Network,4993,SESS_7fcd9eb1a7ca,REQ_5280da8ed35d4206,2026-09-11 20:02:10
EVT_000988,IF_ORD_002,ORD,MFG,MsgBus,Async,Warning,ORD_AUTH_003,Order service authentication token expired,Authentication,866,SESS_87f8424daae6,REQ_3dbdae9e2e884f5a,2026-09-11 20:02:52
EVT_000718,IF_PAY_002,PAY,ORD,ESB,CDC,Failed,PAY_EXT_003,Payment processor external service error,ExternalService,2426,SESS_e645f129629c,REQ_aeac2c09b8134a66,2026-09-11 20:08:05
EVT_002055,IF_PRC_002,PRC,ASM,Batch,Batch,Warning,PRC_CFG_003,Procurement routing configuration invalid,Configuration,1840,SESS_59dcabd056fe,REQ_17b0745d7c134bc9,2026-09-11 20:13:46
EVT_001843,IF_PRC_001,PRC,MFG,ESB,SOAP,Warning,PRC_AUTHZ_004,Procurement user lacks approval authorization,Authorization,1731,SESS_3b048a8b405b,REQ_0e2c5654d4264fc9,2026-09-11 20:16:45
EVT_001069,IF_ORD_002,ORD,MFG,MsgBus,Async,Failed,ORD_NET_004,Network timeout while contacting order service,Network,5461,SESS_3e3511287900,REQ_02614716c80f4801,2026-09-11 20:16:46
EVT_001380,IF_MFG_001,MFG,ASM,MsgBus,Async,Warning,MFG_QC_003,Quality check parameters out of tolerance,Validation,95,SESS_ca8f3653c9af,REQ_761237c5cc6e45ce,2026-09-11 20:26:05
EVT_001029,IF_ORD_002,ORD,MFG,MsgBus,Async,Failed,ORD_AUTH_003,Order service authentication token expired,Authentication,1166,SESS_5e84f058d5a8,REQ_c1a7f97cbe8e4bb6,2026-09-11 20:40:53
EVT_001822,IF_MFG_004,MFG,PRC,MsgBus,Async,Warning,MFG_QC_003,Quality check parameters out of tolerance,Validation,1801,SESS_f1afdb65b289,REQ_7a6779f5fb3c4e6d,2026-09-11 20:43:36
EVT_001708,IF_MFG_003,MFG,ASM,MsgBus,CDC,Failed,MFG_DB_002,Manufacturing execution database write failure,Database,2357,SESS_c696f5e64944,REQ_533331d9affe46b1,2026-09-11 20:55:50
EVT_000356,IF_PAY_001,PAY,ORD,API,REST,Warning,PAY_AUTH_001,Payment gateway authentication failed,Authentication,1583,SESS_f4e559e59622,REQ_1c366781846441b7,2026-09-11 21:06:06
EVT_002893,IF_DLV_001,DLV,PAY,API,REST,Warning,DLV_CFG_002,Delivery zone configuration mismatch,Configuration,1535,SESS_74f331034006,REQ_ed0037d4a4fc495c,2026-09-11 21:25:41
EVT_000863,IF_ORD_002,ORD,MFG,MsgBus,Async,Warning,ORD_NET_004,Network timeout while contacting order service,Network,3770,SESS_004b6fabfcf5,REQ_6b965fb8a7a446d4,2026-09-11 21:36:00
EVT_001096,IF_ORD_003,ORD,MFG,API,REST,Failed,ORD_NET_004,Network timeout while contacting order service,Network,5907,SESS_96bf10ab3ce9,REQ_4c2ffa5d41464610,2026-09-11 21:41:09
EVT_001258,IF_ORD_003,ORD,MFG,API,REST,Warning,ORD_AUTH_003,Order service authentication token expired,Authentication,1510,SESS_e172b725db52,REQ_321c60e5a0e5497f,2026-09-11 21:50:40
EVT_000141,IF_ORD_001,ORD,PAY,API,REST,Warning,ORD_AUTH_003,Order service authentication token expired,Authentication,1821,SESS_4c1f55ab7156,REQ_a0c24bb7cd70411c,2026-09-11 21:52:13
EVT_000494,IF_PAY_001,PAY,ORD,API,REST,Warning,PAY_AUTH_001,Payment gateway authentication failed,Authentication,1537,SESS_2dea94930658,REQ_4c3c0554083644ee,2026-09-11 21:53:45
EVT_000200,IF_ORD_001,ORD,PAY,API,REST,Warning,ORD_VAL_002,Order validation failed due to missing required field,Validation,1630,SESS_b303f438fe21,REQ_e68364637ef84959,2026-09-11 21:58:17
EVT_001732,IF_MFG_003,MFG,ASM,MsgBus,CDC,Failed,MFG_DB_002,Manufacturing execution database write failure,Database,7025,SESS_0b5cea6a4135,REQ_f8da2751baff4683,2026-09-11 22:21:56
EVT_000070,IF_ORD_001,ORD,PAY,API,REST,Warning,ORD_VAL_002,Order validation failed due to missing required field,Validation,900,SESS_47229389571a,REQ_6ece79c6ae504f0f,2026-09-11 22:30:20
EVT_002074,IF_PRC_002,PRC,ASM,Batch,Batch,Failed,PRC_PO_001,Purchase order rejected by supplier system,ExternalService,3042,SESS_1d691fba5e18,REQ_154be9e13aaa4c66,2026-09-11 22:31:11
EVT_001419,IF_MFG_001,MFG,ASM,MsgBus,Async,Failed,MFG_MACHINE_001,Manufacturing machine controller not responding,Infrastructure,1401,SESS_5d59cd2a4eea,REQ_fbafd76538d34934,2026-09-11 22:35:32
EVT_000941,IF_ORD_002,ORD,MFG,MsgBus,Async,Warning,ORD_VAL_002,Order validation failed due to missing required field,Validation,737,SESS_3f4df561f319,REQ_3376f92e85414e4d,2026-09-11 22:36:35
EVT_000583,IF_PAY_001,PAY,ORD,API,REST,Failed,PAY_EXT_003,Payment processor external service error,ExternalService,8566,SESS_bfc00dc804f6,REQ_2dbcfdea803b4a7d,2026-09-11 22:43:57
EVT_001045,IF_ORD_002,ORD,MFG,MsgBus,Async,Failed,ORD_NET_004,Network timeout while contacting order service,Network,3275,SESS_3dc9829015ea,REQ_7f0f1506a8e34e8f,2026-09-11 23:27:22
EVT_000608,IF_PAY_001,PAY,ORD,API,REST,Warning,PAY_AUTHZ_002,Payment authorization declined by issuer,Authorization,1557,SESS_5b9962c6e61f,REQ_2c2f3dfcb86f49c5,2026-09-12 00:17:57
EVT_002604,IF_ASM_002,ASM,DLV,API,REST,Failed,ASM_CAP_003,Assembly line at maximum capacity,Capacity,937,SESS_5cae9610c72c,REQ_c369e635f12d43b2,2026-09-12 00:21:04
EVT_002587,IF_ASM_002,ASM,DLV,API,REST,Warning,ASM_COMP_001,Assembly component mismatch detected,Validation,768,SESS_f1afdb65b289,REQ_4840aedcfd434c73,2026-09-12 00:51:36
EVT_000708,IF_PAY_002,PAY,ORD,ESB,CDC,Failed,PAY_TIME_004,Payment gateway response timeout,Timeout,4649,SESS_b6aae05b13d5,REQ_7b184fca51a94fe6,2026-09-12 01:13:29
EVT_000765,IF_ORD_002,ORD,MFG,MsgBus,Async,Warning,ORD_AUTH_003,Order service authentication token expired,Authentication,1375,SESS_88bd64072bcf,REQ_2fdde71fabbe4bfa,2026-09-12 01:19:19
EVT_000842,IF_ORD_002,ORD,MFG,MsgBus,Async,Failed,ORD_DB_001,Order database connection timeout,Database,2393,SESS_26f05fcffb16,REQ_48836dce10d34afd,2026-09-12 01:22:48
EVT_000790,IF_ORD_002,ORD,MFG,MsgBus,Async,Failed,ORD_NET_004,Network timeout while contacting order service,Network,7918,SESS_15da705cd4ef,REQ_af85eb4aa2414f1c,2026-09-12 01:27:31
EVT_000780,IF_ORD_002,ORD,MFG,MsgBus,Async,Failed,ORD_NET_004,Network timeout while contacting order service,Network,5906,SESS_8768a84fa76a,REQ_a2f7557805064ba3,2026-09-12 01:32:45
EVT_000241,IF_ORD_001,ORD,PAY,API,REST,Failed,ORD_NET_004,Network timeout while contacting order service,Network,5610,SESS_a3e05309b5a1,REQ_14c247e8c1dc4dc4,2026-09-12 01:55:43
EVT_002510,IF_ASM_002,ASM,DLV,API,REST,Warning,ASM_COMP_001,Assembly component mismatch detected,Validation,1854,SESS_913e4de2e0c5,REQ_b9a4b1d27b684445,2026-09-12 02:46:50
EVT_001836,IF_MFG_004,MFG,PRC,MsgBus,Async,Failed,MFG_DB_002,Manufacturing execution database write failure,Database,4208,SESS_832920b7c143,REQ_f9159feecc9f4445,2026-09-12 02:48:43
EVT_000902,IF_ORD_002,ORD,MFG,MsgBus,Async,Failed,ORD_DB_001,Order database connection timeout,Database,3970,SESS_b27b3d901a16,REQ_355866a67d6c4a51,2026-09-12 03:42:33
EVT_000271,IF_ORD_001,ORD,PAY,API,REST,Warning,ORD_VAL_002,Order validation failed due to missing required field,Validation,128,SESS_0a4e5b70a6d9,REQ_74fe27f2dd6a4f0a,2026-09-12 04:04:03
EVT_001604,IF_MFG_002,MFG,ASM,API,REST,Warning,MFG_QC_003,Quality check parameters out of tolerance,Validation,1445,SESS_60141de9f54a,REQ_bdd0e85c9d284448,2026-09-12 04:47:41
EVT_001211,IF_ORD_003,ORD,MFG,API,REST,Failed,ORD_VAL_002,Order validation failed due to missing required field,Validation,1653,SESS_1190f938a66f,REQ_13e494ed11cb420a,2026-09-12 05:00:09
EVT_001622,IF_MFG_002,MFG,ASM,API,REST,Failed,MFG_DB_002,Manufacturing execution database write failure,Database,7444,SESS_edd4253b50f0,REQ_620417a1823a4ef8,2026-09-12 05:22:14
EVT_001857,IF_PRC_001,PRC,MFG,ESB,SOAP,Failed,PRC_PO_001,Purchase order rejected by supplier system,ExternalService,7422,SESS_1723199dbf2c,REQ_6a69369c32bd460e,2026-09-12 05:23:03
EVT_000987,IF_ORD_002,ORD,MFG,MsgBus,Async,Failed,ORD_NET_004,Network timeout while contacting order service,Network,8332,SESS_e8a3f341c881,REQ_5b0d8a9ad6d64db4,2026-09-12 05:33:57
EVT_000808,IF_ORD_002,ORD,MFG,MsgBus,Async,Warning,ORD_AUTH_003,Order service authentication token expired,Authentication,1506,SESS_527eecfaa79a,REQ_b1c3ab54f5d74f79,2026-09-12 05:36:03
EVT_001935,IF_PRC_001,PRC,MFG,ESB,SOAP,Warning,PRC_AUTHZ_004,Procurement user lacks approval authorization,Authorization,616,SESS_66b2bc5b50c1,REQ_ff358e1baeb4407c,2026-09-12 05:37:36
EVT_002175,IF_PRC_002,PRC,ASM,Batch,Batch,Failed,PRC_PO_001,Purchase order rejected by supplier system,ExternalService,2240,SESS_acc216a01bbc,REQ_a408d505263b421d,2026-09-12 05:42:44
EVT_001563,IF_MFG_002,MFG,ASM,API,REST,Failed,MFG_CAP_004,Manufacturing queue capacity exceeded (correlated with upstream failure on IF_ORD_002),Capacity,586,SESS_e8a3f341c881,REQ_feac69431f044387,2026-09-12 05:45:23
EVT_000159,IF_ORD_001,ORD,PAY,API,REST,Failed,ORD_DB_001,Order database connection timeout,Database,6064,SESS_b386f7a4c991,REQ_227a245f65924923,2026-09-12 05:54:36
EVT_001504,IF_MFG_001,MFG,ASM,MsgBus,Async,Failed,MFG_DB_002,Manufacturing execution database write failure,Database,3381,SESS_8da0365bf898,REQ_b4933525c94e48f0,2026-09-12 05:55:25
EVT_001546,IF_MFG_002,MFG,ASM,API,REST,Failed,MFG_MACHINE_001,Manufacturing machine controller not responding,Infrastructure,1716,SESS_d3016989bfbb,REQ_231eb8b464c04869,2026-09-12 06:00:20
EVT_001027,IF_ORD_002,ORD,MFG,MsgBus,Async,Warning,ORD_VAL_002,Order validation failed due to missing required field,Validation,940,SESS_d534ee1d7f29,REQ_972589212d4a4207,2026-09-12 06:03:08
EVT_001597,IF_MFG_002,MFG,ASM,API,REST,Failed,MFG_MACHINE_001,Manufacturing machine controller not responding,Infrastructure,2552,SESS_8441aefd0299,REQ_96803293b7d54ad8,2026-09-12 06:03:52
EVT_002905,IF_DLV_001,DLV,PAY,API,REST,Failed,DLV_ROUTE_001,Delivery routing service unavailable,ExternalService,4082,SESS_5ca260c9eb76,REQ_699800971d2a4f2c,2026-09-12 06:06:40
EVT_002771,IF_DLV_001,DLV,PAY,API,REST,Failed,DLV_TIME_003,Carrier API response timeout,Timeout,4437,SESS_5563f61600e8,REQ_22420afcdb32441a,2026-09-12 06:17:33
EVT_002226,IF_PRC_003,PRC,MFG,API,REST,Failed,PRC_MAT_002,Material availability check timed out,Timeout,4519,SESS_84b871bb3005,REQ_f91026986da24ad4,2026-09-12 06:24:16
EVT_002186,IF_PRC_003,PRC,MFG,API,REST,Failed,PRC_PO_001,Purchase order rejected by supplier system,ExternalService,2600,SESS_6de593329364,REQ_7021a5754abc43af,2026-09-12 06:26:05
EVT_002480,IF_ASM_002,ASM,DLV,API,REST,Warning,ASM_COMP_001,Assembly component mismatch detected,Validation,767,SESS_a9d3c2e6505c,REQ_7b826e2e9291477a,2026-09-12 06:34:56
EVT_002691,IF_DLV_001,DLV,PAY,API,REST,Warning,DLV_CFG_002,Delivery zone configuration mismatch,Configuration,1014,SESS_50c7c006314d,REQ_0f755db0a28b4855,2026-09-12 06:36:43
EVT_000337,IF_PAY_001,PAY,ORD,API,REST,Failed,PAY_TIME_004,Payment gateway response timeout,Timeout,8786,SESS_6efb63b11b04,REQ_286dc13967a749a1,2026-09-12 06:40:15
EVT_001528,IF_MFG_002,MFG,ASM,API,REST,Warning,MFG_QC_003,Quality check parameters out of tolerance,Validation,776,SESS_14c8b3b4a911,REQ_1a64ba3b3f934d37,2026-09-12 06:43:58
EVT_001195,IF_ORD_003,ORD,MFG,API,REST,Failed,ORD_VAL_002,Order validation failed due to missing required field,Validation,1706,SESS_490617f2747b,REQ_3b526fea9f2640f3,2026-09-12 06:58:30
EVT_000750,IF_PAY_002,PAY,ORD,ESB,CDC,Warning,PAY_AUTH_001,Payment gateway authentication failed,Authentication,537,SESS_4dcabfb7001a,REQ_92eeb4b95c164ece,2026-09-12 07:05:21
EVT_000628,IF_PAY_001,PAY,ORD,API,REST,Failed,PAY_EXT_003,Payment processor external service error,ExternalService,6324,SESS_6e06809725e9,REQ_ec0e955e291c4658,2026-09-12 07:06:34
EVT_002381,IF_ASM_001,ASM,DLV,MsgBus,Async,Failed,ASM_CAP_003,Assembly line at maximum capacity,Capacity,1839,SESS_6a5d932b45ff,REQ_65b43a1539c448b5,2026-09-12 07:14:00
EVT_002699,IF_DLV_001,DLV,PAY,API,REST,Failed,DLV_DB_004,Delivery tracking database error,Database,6099,SESS_d2fe2fded918,REQ_6f24714c2f4f4c5e,2026-09-12 07:21:17
EVT_001642,IF_MFG_003,MFG,ASM,MsgBus,CDC,Warning,MFG_QC_003,Quality check parameters out of tolerance,Validation,1900,SESS_61ee6c5bdeef,REQ_ba8bff96c88840d1,2026-09-12 07:30:05
EVT_001430,IF_MFG_001,MFG,ASM,MsgBus,Async,Warning,MFG_QC_003,Quality check parameters out of tolerance,Validation,1709,SESS_6de593329364,REQ_d070ee80215444fa,2026-09-12 07:32:37
EVT_000166,IF_ORD_001,ORD,PAY,API,REST,Warning,ORD_AUTH_003,Order service authentication token expired,Authentication,1818,SESS_913e4de2e0c5,REQ_fd1b1e2dbd534786,2026-09-12 07:33:15
EVT_000288,IF_ORD_001,ORD,PAY,API,REST,Failed,ORD_DB_001,Order database connection timeout,Database,2326,SESS_32c5bd89b70b,REQ_b72789c824ef4a08,2026-09-12 07:33:40
EVT_001688,IF_MFG_003,MFG,ASM,MsgBus,CDC,Warning,MFG_QC_003,Quality check parameters out of tolerance,Validation,1888,SESS_a95976636daa,REQ_f41a0794d01b47ff,2026-09-12 07:39:52
EVT_002963,IF_DLV_001,DLV,PAY,API,REST,Failed,DLV_ROUTE_001,Delivery routing service unavailable,ExternalService,5056,SESS_ba6c34ab6712,REQ_fac44f08e1ed4ea1,2026-09-12 07:42:28
EVT_002595,IF_ASM_002,ASM,DLV,API,REST,Failed,ASM_DB_002,Assembly tracking database update failed,Database,4108,SESS_793b4c322050,REQ_fa62798627a14702,2026-09-12 07:47:33
EVT_002690,IF_DLV_001,DLV,PAY,API,REST,Failed,DLV_ROUTE_001,Delivery routing service unavailable,ExternalService,8809,SESS_2112507c2cfa,REQ_de9bf4821379478d,2026-09-12 07:50:57
EVT_001456,IF_MFG_001,MFG,ASM,MsgBus,Async,Warning,MFG_DB_002,Manufacturing execution database write failure,Database,3752,SESS_72bb912d7da6,REQ_30f5af02fe2b4d23,2026-09-12 07:55:02
EVT_001468,IF_MFG_001,MFG,ASM,MsgBus,Async,Warning,MFG_QC_003,Quality check parameters out of tolerance,Validation,833,SESS_3f76be1d1efa,REQ_02bbb760be294c47,2026-09-12 08:03:04
EVT_000003,IF_ORD_001,ORD,PAY,API,REST,Warning,ORD_AUTH_003,Order service authentication token expired,Authentication,1849,SESS_c29cfc0cfa02,REQ_7d6b568c13ae49c9,2026-09-12 08:04:30
EVT_001817,IF_MFG_004,MFG,PRC,MsgBus,Async,Failed,MFG_CAP_004,Manufacturing queue capacity exceeded,Capacity,2472,SESS_11ce5dd2b45e,REQ_bcba2dc928de4813,2026-09-12 08:10:42
EVT_001780,IF_MFG_004,MFG,PRC,MsgBus,Async,Warning,MFG_QC_003,Quality check parameters out of tolerance,Validation,2692,SESS_4797b2c95720,REQ_5c09571f03ad460e,2026-09-12 08:11:21
EVT_002062,IF_PRC_002,PRC,ASM,Batch,Batch,Failed,PRC_MAT_002,Material availability check timed out,Timeout,8808,SESS_87f8424daae6,REQ_cce712da3f874c6f,2026-09-12 08:11:30
EVT_002276,IF_ASM_001,ASM,DLV,MsgBus,Async,Failed,ASM_DB_002,Assembly tracking database update failed,Database,5839,SESS_d534ee1d7f29,REQ_56e5b85643a24883,2026-09-12 08:14:06
EVT_002985,IF_DLV_001,DLV,PAY,API,REST,Warning,DLV_CFG_002,Delivery zone configuration mismatch,Configuration,704,SESS_0f9aea4b8acd,REQ_f0746e6819674133,2026-09-12 08:15:59
EVT_001129,IF_ORD_003,ORD,MFG,API,REST,Failed,ORD_DB_001,Order database connection timeout,Database,7391,SESS_d701410d3f4b,REQ_9f8a3c2aba7545ac,2026-09-12 08:17:14
EVT_001937,IF_PRC_001,PRC,MFG,ESB,SOAP,Failed,PRC_MAT_002,Material availability check timed out,Timeout,7435,SESS_5275eb9414ae,REQ_192ab0d855944bc1,2026-09-12 08:18:24
EVT_001306,IF_MFG_001,MFG,ASM,MsgBus,Async,Warning,MFG_QC_003,Quality check parameters out of tolerance,Validation,1662,SESS_961d33ba3508,REQ_b33cad8a57f64681,2026-09-12 08:21:55
EVT_000455,IF_PAY_001,PAY,ORD,API,REST,Failed,PAY_EXT_003,Payment processor external service error,ExternalService,2309,SESS_72ff5d2a386e,REQ_48fd169078df41c8,2026-09-12 08:21:57
EVT_000858,IF_ORD_002,ORD,MFG,MsgBus,Async,Failed,ORD_NET_004,Network timeout while contacting order service,Network,4801,SESS_0d2b91efb897,REQ_d7e4e99807c247e6,2026-09-12 08:22:26
EVT_001783,IF_MFG_004,MFG,PRC,MsgBus,Async,Failed,MFG_QC_003,Quality check parameters out of tolerance,Validation,107,SESS_02627f731292,REQ_eacd0a2ec9df4e40,2026-09-12 08:23:49
EVT_001611,IF_MFG_002,MFG,ASM,API,REST,Failed,MFG_DB_002,Manufacturing execution database write failure,Database,8611,SESS_711c21c9bdc1,REQ_245827932b714df5,2026-09-12 08:27:54
EVT_002978,IF_DLV_001,DLV,PAY,API,REST,Failed,DLV_TIME_003,Carrier API response timeout,Timeout,5062,SESS_008d41276104,REQ_3da72df1e21b4a96,2026-09-12 08:28:47
EVT_002426,IF_ASM_001,ASM,DLV,MsgBus,Async,Warning,ASM_DB_002,Assembly tracking database update failed,Database,7737,SESS_b6aae05b13d5,REQ_a53eb4f921fa474f,2026-09-12 08:28:55
EVT_000663,IF_PAY_002,PAY,ORD,ESB,CDC,Warning,PAY_AUTHZ_002,Payment authorization declined by issuer,Authorization,1341,SESS_77d21e02ff01,REQ_be21721ec49f48a3,2026-09-12 08:29:56
EVT_001346,IF_MFG_001,MFG,ASM,MsgBus,Async,Failed,MFG_DB_002,Manufacturing execution database write failure (correlated with upstream failure on IF_PRC_001),Database,3105,SESS_5275eb9414ae,REQ_e0f47d9d11f34080,2026-09-12 08:30:35
EVT_002800,IF_DLV_001,DLV,PAY,API,REST,Failed,DLV_CFG_002,Delivery zone configuration mismatch,Configuration,1700,SESS_ca8f3653c9af,REQ_5d07aa1c58984dfe,2026-09-12 08:30:35
EVT_001410,IF_MFG_001,MFG,ASM,MsgBus,Async,Failed,MFG_MACHINE_001,Manufacturing machine controller not responding,Infrastructure,1769,SESS_8441aefd0299,REQ_8db73f380b094816,2026-09-12 08:37:26
EVT_000865,IF_ORD_002,ORD,MFG,MsgBus,Async,Failed,ORD_DB_001,Order database connection timeout,Database,3440,SESS_9970cf60ebff,REQ_87da4cf1ba864fc8,2026-09-12 08:38:10
EVT_000053,IF_ORD_001,ORD,PAY,API,REST,Failed,ORD_DB_001,Order database connection timeout,Database,4686,SESS_1d61fac36cd5,REQ_16e3d6c242aa4de9,2026-09-12 08:39:47
EVT_001924,IF_PRC_001,PRC,MFG,ESB,SOAP,Failed,PRC_MAT_002,Material availability check timed out,Timeout,3395,SESS_14c8b3b4a911,REQ_767e88de4ce24e52,2026-09-12 08:41:52
EVT_001407,IF_MFG_001,MFG,ASM,MsgBus,Async,Failed,MFG_DB_002,Manufacturing execution database write failure,Database,8505,SESS_0f9aea4b8acd,REQ_73d0a6cb2e0d498a,2026-09-12 08:41:58
EVT_001141,IF_ORD_003,ORD,MFG,API,REST,Failed,ORD_DB_001,Order database connection timeout,Database,4551,SESS_e7067ef466aa,REQ_5d867b5cd8484a6b,2026-09-12 08:42:34
EVT_000756,IF_PAY_002,PAY,ORD,ESB,CDC,Failed,PAY_TIME_004,Payment gateway response timeout,Timeout,2481,SESS_54b4a4826858,REQ_ef5c746d6a664033,2026-09-12 08:45:13
EVT_001110,IF_ORD_003,ORD,MFG,API,REST,Failed,ORD_DB_001,Order database connection timeout,Database,6677,SESS_b386f7a4c991,REQ_2203a6385d7048d1,2026-09-12 08:49:25
EVT_000227,IF_ORD_001,ORD,PAY,API,REST,Failed,ORD_AUTH_003,Order service authentication token expired,Authentication,659,SESS_79e13ceab0cb,REQ_b14f92da0f2849d4,2026-09-12 08:52:02
EVT_002366,IF_ASM_001,ASM,DLV,MsgBus,Async,Warning,ASM_NET_004,Assembly station network connectivity lost (correlated with upstream failure on IF_MFG_001),Network,6458,SESS_0f9aea4b8acd,REQ_a1f9b588a746473a,2026-09-12 08:57:00
EVT_000788,IF_ORD_002,ORD,MFG,MsgBus,Async,Failed,ORD_DB_001,Order database connection timeout,Database,4376,SESS_69288e92c68a,REQ_cf2cba14d9c44634,2026-09-12 09:00:47
EVT_002254,IF_ASM_001,ASM,DLV,MsgBus,Async,Warning,ASM_CAP_003,Assembly line at maximum capacity,Capacity,1341,SESS_aab97e494f2d,REQ_ab7ffafe793d423b,2026-09-12 09:01:00
EVT_000023,IF_ORD_001,ORD,PAY,API,REST,Failed,ORD_NET_004,Network timeout while contacting order service,Network,2356,SESS_e3b137fc0a34,REQ_b89a8b3c38264890,2026-09-12 09:01:22
EVT_000197,IF_ORD_001,ORD,PAY,API,REST,Failed,ORD_DB_001,Order database connection timeout,Database,5651,SESS_7010f7197e69,REQ_14a098ecc06741fa,2026-09-12 09:03:41
EVT_002622,IF_ASM_002,ASM,DLV,API,REST,Warning,ASM_COMP_001,Assembly component mismatch detected,Validation,1400,SESS_a6348e784d5c,REQ_21af792a797a426b,2026-09-12 09:05:04
EVT_002218,IF_PRC_003,PRC,MFG,API,REST,Failed,PRC_MAT_002,Material availability check timed out,Timeout,7681,SESS_c122b5b3284c,REQ_b402d94498db447b,2026-09-12 09:05:07
EVT_001854,IF_PRC_001,PRC,MFG,ESB,SOAP,Warning,PRC_CFG_003,Procurement routing configuration invalid,Configuration,435,SESS_4c71e0fe5a0c,REQ_81d3ba6f330a4212,2026-09-12 09:05:57
EVT_000068,IF_ORD_001,ORD,PAY,API,REST,Failed,ORD_VAL_002,Order validation failed due to missing required field,Validation,1822,SESS_39c1e262f76c,REQ_cda42e18bb3b4e8e,2026-09-12 09:07:21
EVT_000291,IF_ORD_001,ORD,PAY,API,REST,Warning,ORD_VAL_002,Order validation failed due to missing required field,Validation,237,SESS_02627f731292,REQ_e429ddac4ef745b7,2026-09-12 09:11:10
EVT_002217,IF_PRC_003,PRC,MFG,API,REST,Failed,PRC_AUTHZ_004,Procurement user lacks approval authorization,Authorization,1993,SESS_5563f61600e8,REQ_d4c827afca2b4708,2026-09-12 09:17:40
EVT_001337,IF_MFG_001,MFG,ASM,MsgBus,Async,Failed,MFG_MACHINE_001,Manufacturing machine controller not responding,Infrastructure,723,SESS_a5cc8bf738ab,REQ_ef46b38500e547c6,2026-09-12 09:18:57
EVT_000612,IF_PAY_001,PAY,ORD,API,REST,Warning,PAY_AUTHZ_002,Payment authorization declined by issuer,Authorization,1114,SESS_3b048a8b405b,REQ_31e27ef77af8475a,2026-09-12 09:19:50
EVT_000978,IF_ORD_002,ORD,MFG,MsgBus,Async,Failed,ORD_DB_001,Order database connection timeout,Database,8545,SESS_978648f864de,REQ_5c12b656426e45bf,2026-09-12 09:20:47
EVT_002683,IF_DLV_001,DLV,PAY,API,REST,Failed,DLV_DB_004,Delivery tracking database error,Database,2854,SESS_2dea94930658,REQ_b7ec6d5323a84923,2026-09-12 09:22:33
EVT_000018,IF_ORD_001,ORD,PAY,API,REST,Failed,ORD_DB_001,Order database connection timeout,Database,5163,SESS_f8e1daa7cbce,REQ_644d77b1ca074a79,2026-09-12 09:22:49
EVT_000791,IF_ORD_002,ORD,MFG,MsgBus,Async,Failed,ORD_DB_001,Order database connection timeout,Database,5992,SESS_12e89d102871,REQ_41d8e5d85d234310,2026-09-12 09:25:23
EVT_002346,IF_ASM_001,ASM,DLV,MsgBus,Async,Failed,ASM_NET_004,Assembly station network connectivity lost,Network,4458,SESS_0763fcd01f15,REQ_a1a168802caa4d59,2026-09-12 09:25:54
EVT_001000,IF_ORD_002,ORD,MFG,MsgBus,Async,Failed,ORD_NET_004,Network timeout while contacting order service,Network,5437,SESS_3f897142fe71,REQ_c6f098993d234b95,2026-09-12 09:27:07
EVT_002061,IF_PRC_002,PRC,ASM,Batch,Batch,Warning,PRC_AUTHZ_004,Procurement user lacks approval authorization,Authorization,1103,SESS_474a493b3ced,REQ_29046dbbe2b0478b,2026-09-12 09:27:54
EVT_002743,IF_DLV_001,DLV,PAY,API,REST,Failed,DLV_DB_004,Delivery tracking database error,Database,7170,SESS_43ff50113d1a,REQ_ea1adaa24c7e4916,2026-09-12 09:28:24
EVT_001794,IF_MFG_004,MFG,PRC,MsgBus,Async,Failed,MFG_DB_002,Manufacturing execution database write failure,Database,7590,SESS_9e87e04ca208,REQ_b645d753a4ea44fe,2026-09-12 09:29:42
EVT_002671,IF_ASM_002,ASM,DLV,API,REST,Failed,ASM_CAP_003,Assembly line at maximum capacity (correlated with upstream failure on IF_ASM_001),Capacity,1735,SESS_0763fcd01f15,REQ_b41366d01d6f4564,2026-09-12 09:31:27
EVT_001823,IF_MFG_004,MFG,PRC,MsgBus,Async,Failed,MFG_DB_002,Manufacturing execution database write failure,Database,8307,SESS_2bffe17b5324,REQ_5a3963ce63904a07,2026-09-12 09:32:43
EVT_001889,IF_PRC_001,PRC,MFG,ESB,SOAP,Warning,PRC_CFG_003,Procurement routing configuration invalid,Configuration,748,SESS_8fadc1a606cb,REQ_d52369d819ce49d8,2026-09-12 09:33:57
EVT_002596,IF_ASM_002,ASM,DLV,API,REST,Warning,ASM_COMP_001,Assembly component mismatch detected,Validation,1742,SESS_da587e8aa25d,REQ_e951142f715b42c4,2026-09-12 09:35:11
EVT_001741,IF_MFG_003,MFG,ASM,MsgBus,CDC,Failed,MFG_CAP_004,Manufacturing queue capacity exceeded,Capacity,1798,SESS_1d691fba5e18,REQ_5994b90349e6465b,2026-09-12 09:40:48
EVT_001600,IF_MFG_002,MFG,ASM,API,REST,Failed,MFG_MACHINE_001,Manufacturing machine controller not responding,Infrastructure,326,SESS_e2d9de5d6a18,REQ_15779af85ba54f16,2026-09-12 09:42:51
EVT_001323,IF_MFG_001,MFG,ASM,MsgBus,Async,Warning,MFG_QC_003,Quality check parameters out of tolerance,Validation,1722,SESS_742221676b7a,REQ_20ec3ec45b894bba,2026-09-12 09:43:23
EVT_002570,IF_ASM_002,ASM,DLV,API,REST,Warning,ASM_COMP_001,Assembly component mismatch detected,Validation,1838,SESS_7bfdcc1289e0,REQ_8ddec8191b5743dc,2026-09-12 09:43:44
EVT_000424,IF_PAY_001,PAY,ORD,API,REST,Failed,PAY_EXT_003,Payment processor external service error,ExternalService,5951,SESS_b303f438fe21,REQ_ef511f63a78e434f,2026-09-12 09:44:37
EVT_001726,IF_MFG_003,MFG,ASM,MsgBus,CDC,Warning,MFG_MACHINE_001,Manufacturing machine controller not responding,Infrastructure,241,SESS_b27c40266703,REQ_37c27c48d6ab43df,2026-09-12 09:46:59
EVT_001657,IF_MFG_003,MFG,ASM,MsgBus,CDC,Failed,MFG_MACHINE_001,Manufacturing machine controller not responding,Infrastructure,189,SESS_a7a8f6366a35,REQ_52ae179667f2437e,2026-09-12 09:48:56
EVT_001785,IF_MFG_004,MFG,PRC,MsgBus,Async,Warning,MFG_QC_003,Quality check parameters out of tolerance,Validation,4440,SESS_80759f1f87e5,REQ_719f10d5ac3d4f49,2026-09-12 09:51:03
EVT_002803,IF_DLV_001,DLV,PAY,API,REST,Warning,DLV_ROUTE_001,Delivery routing service unavailable,ExternalService,7189,SESS_157d94a106f0,REQ_95cbd7b284d54d63,2026-09-12 09:52:29
EVT_002737,IF_DLV_001,DLV,PAY,API,REST,Warning,DLV_CFG_002,Delivery zone configuration mismatch,Configuration,1628,SESS_de8a774bcf36,REQ_392fde5c46da43b1,2026-09-12 09:53:39
EVT_000344,IF_PAY_001,PAY,ORD,API,REST,Warning,PAY_AUTH_001,Payment gateway authentication failed,Authentication,598,SESS_c715b2b9c40c,REQ_7356c056e67d4f90,2026-09-12 09:56:03
EVT_002605,IF_ASM_002,ASM,DLV,API,REST,Failed,ASM_DB_002,Assembly tracking database update failed,Database,5148,SESS_dc45d539c03f,REQ_c9c2b802e6c14e85,2026-09-12 09:56:46
EVT_002910,IF_DLV_001,DLV,PAY,API,REST,Failed,DLV_TIME_003,Carrier API response timeout,Timeout,7307,SESS_4d6168bd2def,REQ_945051ec30c24990,2026-09-12 09:58:17
EVT_002148,IF_PRC_002,PRC,ASM,Batch,Batch,Failed,PRC_MAT_002,Material availability check timed out,Timeout,6974,SESS_d36357b66f81,REQ_8b37551d963f4dcd,2026-09-12 09:58:32
EVT_001252,IF_ORD_003,ORD,MFG,API,REST,Failed,ORD_VAL_002,Order validation failed due to missing required field,Validation,1107,SESS_c29cfc0cfa02,REQ_dfd9d655603942b6,2026-09-12 10:01:31
EVT_000813,IF_ORD_002,ORD,MFG,MsgBus,Async,Failed,ORD_AUTH_003,Order service authentication token expired,Authentication,1558,SESS_6889803e5913,REQ_0233972e09c449f4,2026-09-12 10:03:40
EVT_000457,IF_PAY_001,PAY,ORD,API,REST,Warning,PAY_TIME_004,Payment gateway response timeout,Timeout,2992,SESS_6c4596f6c012,REQ_d15801d88f5a439a,2026-09-12 10:04:48
EVT_001687,IF_MFG_003,MFG,ASM,MsgBus,CDC,Failed,MFG_MACHINE_001,Manufacturing machine controller not responding,Infrastructure,1933,SESS_ceda8bbb7171,REQ_b54f354335b9417c,2026-09-12 10:05:45
EVT_002708,IF_DLV_001,DLV,PAY,API,REST,Failed,DLV_DB_004,Delivery tracking database error,Database,3458,SESS_ab7f089acd5f,REQ_9babb8c0d41b444c,2026-09-12 10:06:25
EVT_001771,IF_MFG_004,MFG,PRC,MsgBus,Async,Warning,MFG_QC_003,Quality check parameters out of tolerance,Validation,1420,SESS_204e178c10d0,REQ_305a575778b0477f,2026-09-12 10:09:06
EVT_002265,IF_ASM_001,ASM,DLV,MsgBus,Async,Failed,ASM_DB_002,Assembly tracking database update failed,Database,5397,SESS_46c8adfe7bf4,REQ_59d8e2670650499e,2026-09-12 10:09:11
EVT_001934,IF_PRC_001,PRC,MFG,ESB,SOAP,Warning,PRC_AUTHZ_004,Procurement user lacks approval authorization,Authorization,1285,SESS_9b1bc8952af4,REQ_a6c659a525504035,2026-09-12 10:11:01
EVT_002934,IF_DLV_001,DLV,PAY,API,REST,Failed,DLV_ROUTE_001,Delivery routing service unavailable,ExternalService,7861,SESS_1b19d8b8d830,REQ_cf51b8eaeb3e4fce,2026-09-12 10:15:57
EVT_001915,IF_PRC_001,PRC,MFG,ESB,SOAP,Failed,PRC_PO_001,Purchase order rejected by supplier system,ExternalService,3891,SESS_8da0365bf898,REQ_fc799639f1b24417,2026-09-12 10:16:08
EVT_000415,IF_PAY_001,PAY,ORD,API,REST,Failed,PAY_EXT_003,Payment processor external service error,ExternalService,4628,SESS_edd4253b50f0,REQ_f0b4e171bb174017,2026-09-12 10:20:49
EVT_002427,IF_ASM_001,ASM,DLV,MsgBus,Async,Warning,ASM_COMP_001,Assembly component mismatch detected,Validation,1079,SESS_bfc00dc804f6,REQ_db7ebecf141a4a78,2026-09-12 10:22:14
EVT_002520,IF_ASM_002,ASM,DLV,API,REST,Failed,ASM_DB_002,Assembly tracking database update failed,Database,5904,SESS_b6aae05b13d5,REQ_6e4df11204fd4988,2026-09-12 10:22:20
EVT_001114,IF_ORD_003,ORD,MFG,API,REST,Warning,ORD_VAL_002,Order validation failed due to missing required field,Validation,507,SESS_22f235f2e11b,REQ_9fa6a175583445d1,2026-09-12 10:23:01
EVT_000960,IF_ORD_002,ORD,MFG,MsgBus,Async,Warning,ORD_AUTH_003,Order service authentication token expired,Authentication,917,SESS_a56c0941fbf2,REQ_8bad982cd44a403b,2026-09-12 10:24:19
EVT_001269,IF_ORD_003,ORD,MFG,API,REST,Failed,ORD_DB_001,Order database connection timeout,Database,2752,SESS_d46ef1041190,REQ_702a054b101b43db,2026-09-12 10:26:21
EVT_000828,IF_ORD_002,ORD,MFG,MsgBus,Async,Failed,ORD_DB_001,Order database connection timeout,Database,3489,SESS_1723199dbf2c,REQ_1962eb23f66c41fa,2026-09-12 10:27:30
EVT_000782,IF_ORD_002,ORD,MFG,MsgBus,Async,Warning,ORD_AUTH_003,Order service authentication token expired,Authentication,1715,SESS_e172b725db52,REQ_991cd7d29a234d70,2026-09-12 10:27:33
EVT_002249,IF_PRC_003,PRC,MFG,API,REST,Warning,PRC_AUTHZ_004,Procurement user lacks approval authorization,Authorization,3746,SESS_eadf50853fcb,REQ_6fbc5c3188dd414e,2026-09-12 10:31:41
EVT_001793,IF_MFG_004,MFG,PRC,MsgBus,Async,Warning,MFG_MACHINE_001,Manufacturing machine controller not responding,Infrastructure,130,SESS_e2817efdae84,REQ_5f49b8d0e19240cb,2026-09-12 10:33:42
EVT_002672,IF_ASM_002,ASM,DLV,API,REST,Failed,ASM_CAP_003,Assembly line at maximum capacity,Capacity,1791,SESS_a95976636daa,REQ_3b697157371c4475,2026-09-12 10:35:14
EVT_000846,IF_ORD_002,ORD,MFG,MsgBus,Async,Failed,ORD_NET_004,Network timeout while contacting order service,Network,5665,SESS_27209bdf1c11,REQ_0801b584d2fc4eb7,2026-09-12 10:39:54
EVT_001417,IF_MFG_001,MFG,ASM,MsgBus,Async,Warning,MFG_QC_003,Quality check parameters out of tolerance,Validation,926,SESS_f1b64afed31e,REQ_eab93262a272489c,2026-09-12 10:40:53
EVT_002503,IF_ASM_002,ASM,DLV,API,REST,Failed,ASM_COMP_001,Assembly component mismatch detected,Validation,1732,SESS_aca2b148da33,REQ_624dee78c2554f73,2026-09-12 10:42:38
EVT_002928,IF_DLV_001,DLV,PAY,API,REST,Failed,DLV_TIME_003,Carrier API response timeout (correlated with upstream failure on IF_ASM_002),Timeout,8802,SESS_a95976636daa,REQ_beaa8b8c093648b8,2026-09-12 10:44:38
EVT_002166,IF_PRC_002,PRC,ASM,Batch,Batch,Failed,PRC_MAT_002,Material availability check timed out,Timeout,6082,SESS_8a80068ddf54,REQ_0d8598f1a29e42f1,2026-09-12 10:45:25
EVT_001076,IF_ORD_002,ORD,MFG,MsgBus,Async,Failed,ORD_DB_001,Order database connection timeout,Database,8127,SESS_9e9a9f830668,REQ_2ffa7f8686f341c7,2026-09-12 10:48:20
EVT_000205,IF_ORD_001,ORD,PAY,API,REST,Failed,ORD_NET_004,Network timeout while contacting order service,Network,5051,SESS_ed3049cf43e4,REQ_33f52fc8ce384601,2026-09-12 10:53:31
EVT_000554,IF_PAY_001,PAY,ORD,API,REST,Failed,PAY_TIME_004,Payment gateway response timeout,Timeout,5182,SESS_7428a656b3ee,REQ_65897bcbc8bb4e68,2026-09-12 10:59:52
EVT_000501,IF_PAY_001,PAY,ORD,API,REST,Warning,PAY_EXT_003,Payment processor external service error,ExternalService,5256,SESS_0df56ac6f96b,REQ_aea0fb64c6aa47ed,2026-09-12 11:00:18
EVT_000469,IF_PAY_001,PAY,ORD,API,REST,Failed,PAY_EXT_003,Payment processor external service error,ExternalService,7137,SESS_edd4253b50f0,REQ_d9294feaac464f41,2026-09-12 11:00:35
EVT_002810,IF_DLV_001,DLV,PAY,API,REST,Failed,DLV_DB_004,Delivery tracking database error,Database,7175,SESS_89a2688b12c1,REQ_f7b4ae87b8fe4e2e,2026-09-12 11:01:53
EVT_001359,IF_MFG_001,MFG,ASM,MsgBus,Async,Failed,MFG_QC_003,Quality check parameters out of tolerance,Validation,270,SESS_da587e8aa25d,REQ_e5935087d21442c4,2026-09-12 11:02:02
EVT_002614,IF_ASM_002,ASM,DLV,API,REST,Failed,ASM_COMP_001,Assembly component mismatch detected,Validation,1905,SESS_28be9288e5af,REQ_ce7c128255af4cc1,2026-09-12 11:03:12
EVT_001489,IF_MFG_001,MFG,ASM,MsgBus,Async,Failed,MFG_DB_002,Manufacturing execution database write failure,Database,5132,SESS_11ce5dd2b45e,REQ_81617153b3cd4fd5,2026-09-12 11:04:59
EVT_001681,IF_MFG_003,MFG,ASM,MsgBus,CDC,Warning,MFG_QC_003,Quality check parameters out of tolerance,Validation,1754,SESS_fa5d310011b7,REQ_7bd2973aa908411f,2026-09-12 11:05:18
EVT_001912,IF_PRC_001,PRC,MFG,ESB,SOAP,Warning,PRC_AUTHZ_004,Procurement user lacks approval authorization,Authorization,1401,SESS_fc04a168652f,REQ_b16c3ee8a4fb4aa2,2026-09-12 11:06:35
EVT_001908,IF_PRC_001,PRC,MFG,ESB,SOAP,Warning,PRC_CFG_003,Procurement routing configuration invalid,Configuration,634,SESS_e222b6a615bf,REQ_c762339a56244e66,2026-09-12 11:06:49
EVT_002229,IF_PRC_003,PRC,MFG,API,REST,Warning,PRC_AUTHZ_004,Procurement user lacks approval authorization,Authorization,1269,SESS_7cfc9b793875,REQ_9f191a52fca6430b,2026-09-12 11:07:35
EVT_002181,IF_PRC_003,PRC,MFG,API,REST,Failed,PRC_PO_001,Purchase order rejected by supplier system,ExternalService,7316,SESS_de8a774bcf36,REQ_a71827141c7f4d97,2026-09-12 11:08:56
EVT_001491,IF_MFG_001,MFG,ASM,MsgBus,Async,Warning,MFG_CAP_004,Manufacturing queue capacity exceeded,Capacity,1807,SESS_0323d342df6a,REQ_a5984aa55c5041e0,2026-09-12 11:09:15
EVT_002738,IF_DLV_001,DLV,PAY,API,REST,Failed,DLV_TIME_003,Carrier API response timeout,Timeout,8973,SESS_e3b137fc0a34,REQ_adc512dc26de492c,2026-09-12 11:13:49
EVT_001539,IF_MFG_002,MFG,ASM,API,REST,Failed,MFG_MACHINE_001,Manufacturing machine controller not responding,Infrastructure,1631,SESS_5275eb9414ae,REQ_95aad4b54e804dce,2026-09-12 11:15:54
EVT_002206,IF_PRC_003,PRC,MFG,API,REST,Failed,PRC_MAT_002,Material availability check timed out,Timeout,7555,SESS_9d9b62317d45,REQ_eaf1aaac849d41ca,2026-09-12 11:17:18
EVT_001267,IF_ORD_003,ORD,MFG,API,REST,Failed,ORD_NET_004,Network timeout while contacting order service,Network,6506,SESS_89fa6a688fb5,REQ_827764b1e5fb4ddb,2026-09-12 11:20:39
EVT_000824,IF_ORD_002,ORD,MFG,MsgBus,Async,Failed,ORD_VAL_002,Order validation failed due to missing required field,Validation,288,SESS_8da0365bf898,REQ_298a72de585b4f5f,2026-09-12 11:25:18
EVT_002505,IF_ASM_002,ASM,DLV,API,REST,Failed,ASM_CAP_003,Assembly line at maximum capacity,Capacity,756,SESS_4ffca6b199b4,REQ_94d5ed7916f146f2,2026-09-12 11:27:57
EVT_001852,IF_PRC_001,PRC,MFG,ESB,SOAP,Failed,PRC_MAT_002,Material availability check timed out,Timeout,2179,SESS_119c4ea3e180,REQ_453f2547ae13439b,2026-09-12 11:28:04
EVT_000504,IF_PAY_001,PAY,ORD,API,REST,Warning,PAY_AUTHZ_002,Payment authorization declined by issuer,Authorization,418,SESS_5563f61600e8,REQ_c4a12660a0214f39,2026-09-12 11:35:29
EVT_002283,IF_ASM_001,ASM,DLV,MsgBus,Async,Warning,ASM_CAP_003,Assembly line at maximum capacity,Capacity,1762,SESS_ae8a781390e0,REQ_684919e73db5409d,2026-09-12 11:35:37
EVT_001316,IF_MFG_001,MFG,ASM,MsgBus,Async,Warning,MFG_MACHINE_001,Manufacturing machine controller not responding,Infrastructure,474,SESS_8dfa6a56d12d,REQ_7fc3c65a3c804b7c,2026-09-12 11:38:53
EVT_002590,IF_ASM_002,ASM,DLV,API,REST,Warning,ASM_COMP_001,Assembly component mismatch detected,Validation,135,SESS_67b032831d7c,REQ_a85345f34890432e,2026-09-12 11:39:17
EVT_000509,IF_PAY_001,PAY,ORD,API,REST,Failed,PAY_TIME_004,Payment gateway response timeout,Timeout,7679,SESS_00d4af597427,REQ_fbfd38f31d8e4b5f,2026-09-12 11:40:58
EVT_001044,IF_ORD_002,ORD,MFG,MsgBus,Async,Failed,ORD_NET_004,Network timeout while contacting order service,Network,4167,SESS_98b8e4cc1bc0,REQ_502a40aed3c74f63,2026-09-12 11:41:33
EVT_000630,IF_PAY_001,PAY,ORD,API,REST,Failed,PAY_EXT_003,Payment processor external service error,ExternalService,5381,SESS_ab3b4d37560c,REQ_6c1a87a27f5a4899,2026-09-12 11:45:12
EVT_001015,IF_ORD_002,ORD,MFG,MsgBus,Async,Failed,ORD_VAL_002,Order validation failed due to missing required field,Validation,200,SESS_5cabcc97663f,REQ_fe83157e6d424a5f,2026-09-12 11:47:21
EVT_002869,IF_DLV_001,DLV,PAY,API,REST,Warning,DLV_TIME_003,Carrier API response timeout,Timeout,8144,SESS_088a93ec70d9,REQ_9d84eb526c5345a1,2026-09-12 11:52:37
EVT_000115,IF_ORD_001,ORD,PAY,API,REST,Failed,ORD_NET_004,Network timeout while contacting order service,Network,6717,SESS_50fd9d3f85d5,REQ_b0dd2675f03a45c4,2026-09-12 11:52:50
EVT_002748,IF_DLV_001,DLV,PAY,API,REST,Warning,DLV_CFG_002,Delivery zone configuration mismatch,Configuration,1807,SESS_a8f7ef5a060e,REQ_dec6b1c2cdc44889,2026-09-12 11:54:21
EVT_001295,IF_ORD_003,ORD,MFG,API,REST,Failed,ORD_NET_004,Network timeout while contacting order service (correlated with upstream failure on IF_PAY_001),Network,3794,SESS_ab3b4d37560c,REQ_98a15bd12cff4586,2026-09-12 11:56:22
EVT_002398,IF_ASM_001,ASM,DLV,MsgBus,Async,Failed,ASM_DB_002,Assembly tracking database update failed,Database,3913,SESS_c16d83edad81,REQ_e723fbe5f47b4376,2026-09-12 11:57:11
EVT_001236,IF_ORD_003,ORD,MFG,API,REST,Warning,ORD_DB_001,Order database connection timeout,Database,8018,SESS_6dadd6c795a7,REQ_3f54f80680804ec0,2026-09-12 11:57:30
EVT_000284,IF_ORD_001,ORD,PAY,API,REST,Warning,ORD_AUTH_003,Order service authentication token expired,Authentication,1419,SESS_79e13ceab0cb,REQ_a5c80dcb1a2c4bee,2026-09-12 11:57:49
EVT_001013,IF_ORD_002,ORD,MFG,MsgBus,Async,Failed,ORD_NET_004,Network timeout while contacting order service,Network,8317,SESS_6e06809725e9,REQ_e960196dfa2e4f2e,2026-09-12 12:06:41
EVT_000886,IF_ORD_002,ORD,MFG,MsgBus,Async,Failed,ORD_AUTH_003,Order service authentication token expired,Authentication,895,SESS_28be9288e5af,REQ_87473ab2758d4a2e,2026-09-12 12:11:22
EVT_000723,IF_PAY_002,PAY,ORD,ESB,CDC,Failed,PAY_EXT_003,Payment processor external service error,ExternalService,4107,SESS_479d0cdaf396,REQ_dd88a2b1d48b456a,2026-09-12 12:24:35
EVT_000631,IF_PAY_001,PAY,ORD,API,REST,Failed,PAY_TIME_004,Payment gateway response timeout,Timeout,2942,SESS_aca2b148da33,REQ_63783ec3c6f541ea,2026-09-12 12:26:04
EVT_002616,IF_ASM_002,ASM,DLV,API,REST,Failed,ASM_NET_004,Assembly station network connectivity lost,Network,3233,SESS_4b22d3081c8e,REQ_2c61ff897e9841de,2026-09-12 12:26:05
EVT_002693,IF_DLV_001,DLV,PAY,API,REST,Warning,DLV_TIME_003,Carrier API response timeout,Timeout,7430,SESS_3f897142fe71,REQ_74daf72350574ba6,2026-09-12 12:27:22
EVT_000677,IF_PAY_002,PAY,ORD,ESB,CDC,Failed,PAY_EXT_003,Payment processor external service error,ExternalService,6783,SESS_f4427e0b6148,REQ_b050ceb077594b7f,2026-09-12 12:29:27
EVT_002549,IF_ASM_002,ASM,DLV,API,REST,Warning,ASM_COMP_001,Assembly component mismatch detected,Validation,820,SESS_7010f7197e69,REQ_bcaf5caa149b48ad,2026-09-12 12:30:09
EVT_002046,IF_PRC_001,PRC,MFG,ESB,SOAP,Failed,PRC_AUTHZ_004,Procurement user lacks approval authorization,Authorization,1832,SESS_91d63f78e3e9,REQ_c6760336c00a4340,2026-09-12 12:35:21
EVT_002104,IF_PRC_002,PRC,ASM,Batch,Batch,Failed,PRC_MAT_002,Material availability check timed out,Timeout,3376,SESS_c9277d9b6e0d,REQ_ae9000b717d94575,2026-09-12 12:35:26
EVT_000321,IF_PAY_001,PAY,ORD,API,REST,Failed,PAY_TIME_004,Payment gateway response timeout,Timeout,4990,SESS_e172b725db52,REQ_a8678964a5624866,2026-09-12 12:36:08
EVT_000327,IF_PAY_001,PAY,ORD,API,REST,Failed,PAY_AUTHZ_002,Payment authorization declined by issuer,Authorization,1391,SESS_05628059568c,REQ_693eeb13c88b4177,2026-09-12 12:39:36
EVT_001168,IF_ORD_003,ORD,MFG,API,REST,Failed,ORD_AUTH_003,Order service authentication token expired,Authentication,993,SESS_598336e375d6,REQ_84e4b94bca5f41ea,2026-09-12 12:40:16
EVT_000692,IF_PAY_002,PAY,ORD,ESB,CDC,Failed,PAY_AUTHZ_002,Payment authorization declined by issuer,Authorization,346,SESS_637e4b0122ba,REQ_d9c87544be1447e5,2026-09-12 12:45:42
EVT_000658,IF_PAY_002,PAY,ORD,ESB,CDC,Failed,PAY_AUTHZ_002,Payment authorization declined by issuer,Authorization,1385,SESS_ae4c84ffa8c0,REQ_4985d48db2464d5b,2026-09-12 12:46:39
EVT_000911,IF_ORD_002,ORD,MFG,MsgBus,Async,Warning,ORD_DB_001,Order database connection timeout,Database,4495,SESS_9b1bc8952af4,REQ_28d84904553040f5,2026-09-12 12:47:22
EVT_002930,IF_DLV_001,DLV,PAY,API,REST,Warning,DLV_CFG_002,Delivery zone configuration mismatch,Configuration,825,SESS_46fb7bf300b9,REQ_12da7de83af340bf,2026-09-12 12:48:14
EVT_000340,IF_PAY_001,PAY,ORD,API,REST,Warning,PAY_AUTH_001,Payment gateway authentication failed,Authentication,110,SESS_cc9fd3349bdf,REQ_394cb31fe4bb470a,2026-09-12 12:50:51
EVT_000407,IF_PAY_001,PAY,ORD,API,REST,Warning,PAY_AUTHZ_002,Payment authorization declined by issuer,Authorization,1906,SESS_99546eb40025,REQ_d54620e5fb9840b4,2026-09-12 12:52:26
EVT_002626,IF_ASM_002,ASM,DLV,API,REST,Warning,ASM_COMP_001,Assembly component mismatch detected,Validation,1844,SESS_e64d1bcb7027,REQ_a6f911a2dbe34034,2026-09-12 12:54:36
EVT_002403,IF_ASM_001,ASM,DLV,MsgBus,Async,Warning,ASM_COMP_001,Assembly component mismatch detected,Validation,750,SESS_570210496a39,REQ_2d3a3ada99a24136,2026-09-12 12:54:37
EVT_002385,IF_ASM_001,ASM,DLV,MsgBus,Async,Failed,ASM_DB_002,Assembly tracking database update failed,Database,6555,SESS_6961929e546e,REQ_51e18426c379435a,2026-09-12 12:55:09
EVT_002920,IF_DLV_001,DLV,PAY,API,REST,Warning,DLV_CFG_002,Delivery zone configuration mismatch,Configuration,335,SESS_67b032831d7c,REQ_526d4d4f0bb443c3,2026-09-12 12:56:27
EVT_000451,IF_PAY_001,PAY,ORD,API,REST,Warning,PAY_AUTHZ_002,Payment authorization declined by issuer,Authorization,1915,SESS_c64ee6e389c5,REQ_9bbf8e9bf4b24e62,2026-09-12 12:59:04
EVT_002955,IF_DLV_001,DLV,PAY,API,REST,Warning,DLV_CFG_002,Delivery zone configuration mismatch,Configuration,361,SESS_d58842dea2bc,REQ_53b2e39d0ead4d0c,2026-09-12 13:00:54
EVT_002068,IF_PRC_002,PRC,ASM,Batch,Batch,Failed,PRC_CFG_003,Procurement routing configuration invalid,Configuration,457,SESS_61ee6c5bdeef,REQ_df680060f1ad4de4,2026-09-12 13:04:03
EVT_002688,IF_DLV_001,DLV,PAY,API,REST,Failed,DLV_DB_004,Delivery tracking database error,Database,5719,SESS_aab97e494f2d,REQ_a919431bf16945a1,2026-09-12 13:05:58
EVT_000676,IF_PAY_002,PAY,ORD,ESB,CDC,Failed,PAY_AUTHZ_002,Payment authorization declined by issuer,Authorization,1995,SESS_a56c0941fbf2,REQ_d362ab97f6454634,2026-09-12 13:08:48
EVT_001223,IF_ORD_003,ORD,MFG,API,REST,Failed,ORD_NET_004,Network timeout while contacting order service,Network,2416,SESS_6182f347533f,REQ_f2446c8484eb43a6,2026-09-12 13:10:42
EVT_001522,IF_MFG_002,MFG,ASM,API,REST,Warning,MFG_QC_003,Quality check parameters out of tolerance,Validation,1794,SESS_c17af08a1745,REQ_17cfe150c9a747fc,2026-09-12 13:12:31
EVT_001553,IF_MFG_002,MFG,ASM,API,REST,Failed,MFG_MACHINE_001,Manufacturing machine controller not responding,Infrastructure,1144,SESS_742221676b7a,REQ_e2ecd3b0616d4bbe,2026-09-12 13:13:45
EVT_002674,IF_ASM_002,ASM,DLV,API,REST,Failed,ASM_NET_004,Assembly station network connectivity lost,Network,7734,SESS_72bb912d7da6,REQ_03592db0aae542f9,2026-09-12 13:14:02
EVT_001003,IF_ORD_002,ORD,MFG,MsgBus,Async,Failed,ORD_NET_004,Network timeout while contacting order service,Network,4135,SESS_e2817efdae84,REQ_aba4efd0bcf844f9,2026-09-12 13:14:21
EVT_000366,IF_PAY_001,PAY,ORD,API,REST,Failed,PAY_TIME_004,Payment gateway response timeout,Timeout,6423,SESS_6de593329364,REQ_d3b846338e1b4df5,2026-09-12 13:19:37
EVT_000037,IF_ORD_001,ORD,PAY,API,REST,Warning,ORD_VAL_002,Order validation failed due to missing required field,Validation,1698,SESS_f8c88faea217,REQ_4d0e32d8b4364b06,2026-09-12 13:23:29
EVT_000253,IF_ORD_001,ORD,PAY,API,REST,Warning,ORD_AUTH_003,Order service authentication token expired,Authentication,1426,SESS_bfc00dc804f6,REQ_8d66273af81e44df,2026-09-12 13:24:26
EVT_000468,IF_PAY_001,PAY,ORD,API,REST,Failed,PAY_TIME_004,Payment gateway response timeout,Timeout,7671,SESS_2369b584ff5e,REQ_01e2ec4483fb43fd,2026-09-12 13:26:15
EVT_001647,IF_MFG_003,MFG,ASM,MsgBus,CDC,Failed,MFG_CAP_004,Manufacturing queue capacity exceeded,Capacity,724,SESS_81e5c9f693f2,REQ_9bbd20d494f84f53,2026-09-12 13:28:21
EVT_000551,IF_PAY_001,PAY,ORD,API,REST,Warning,PAY_AUTHZ_002,Payment authorization declined by issuer,Authorization,1512,SESS_d36357b66f81,REQ_f024fc06eea648f5,2026-09-12 13:30:43
EVT_000290,IF_ORD_001,ORD,PAY,API,REST,Warning,ORD_AUTH_003,Order service authentication token expired,Authentication,802,SESS_96bf10ab3ce9,REQ_0b27aa833c14495f,2026-09-12 13:30:56
EVT_000508,IF_PAY_001,PAY,ORD,API,REST,Warning,PAY_AUTHZ_002,Payment authorization declined by issuer,Authorization,1501,SESS_a8f7ef5a060e,REQ_0f096e79c70246a8,2026-09-12 13:36:01
EVT_001429,IF_MFG_001,MFG,ASM,MsgBus,Async,Warning,MFG_QC_003,Quality check parameters out of tolerance,Validation,170,SESS_47229389571a,REQ_dd01d368295742a3,2026-09-12 13:42:48
EVT_001919,IF_PRC_001,PRC,MFG,ESB,SOAP,Warning,PRC_AUTHZ_004,Procurement user lacks approval authorization,Authorization,1063,SESS_620e99d33b33,REQ_014daac6429c4933,2026-09-12 13:43:50
EVT_002864,IF_DLV_001,DLV,PAY,API,REST,Warning,DLV_DB_004,Delivery tracking database error,Database,7689,SESS_f3b63fe1d184,REQ_965f0a002e724184,2026-09-12 13:45:46
EVT_002628,IF_ASM_002,ASM,DLV,API,REST,Failed,ASM_CAP_003,Assembly line at maximum capacity,Capacity,852,SESS_c64ee6e389c5,REQ_bb704e0508634323,2026-09-12 13:47:28
EVT_002012,IF_PRC_001,PRC,MFG,ESB,SOAP,Warning,PRC_CFG_003,Procurement routing configuration invalid,Configuration,761,SESS_dc45d539c03f,REQ_cc43dc3af6a043bf,2026-09-12 13:47:51
EVT_001826,IF_MFG_004,MFG,PRC,MsgBus,Async,Failed,MFG_DB_002,Manufacturing execution database write failure,Database,5803,SESS_46fb7bf300b9,REQ_64be2851aad34da4,2026-09-12 13:48:27
EVT_001151,IF_ORD_003,ORD,MFG,API,REST,Failed,ORD_VAL_002,Order validation failed due to missing required field,Validation,1669,SESS_214f3f12cfd0,REQ_6a6f0b42ef994d58,2026-09-12 13:49:09
EVT_002506,IF_ASM_002,ASM,DLV,API,REST,Warning,ASM_COMP_001,Assembly component mismatch detected,Validation,1444,SESS_e172b725db52,REQ_6857dd2be9404a49,2026-09-12 13:50:18
EVT_000180,IF_ORD_001,ORD,PAY,API,REST,Warning,ORD_DB_001,Order database connection timeout,Database,4030,SESS_3d3f3799a072,REQ_531b1086dedb473c,2026-09-12 13:50:58
EVT_002264,IF_ASM_001,ASM,DLV,MsgBus,Async,Failed,ASM_DB_002,Assembly tracking database update failed,Database,2056,SESS_57c700aab7b5,REQ_129c14e180db4c8f,2026-09-12 13:51:26
EVT_000537,IF_PAY_001,PAY,ORD,API,REST,Failed,PAY_AUTH_001,Payment gateway authentication failed,Authentication,1494,SESS_d7fa2d8dfb2c,REQ_3deb11167dab47de,2026-09-12 13:51:48
EVT_002839,IF_DLV_001,DLV,PAY,API,REST,Failed,DLV_TIME_003,Carrier API response timeout,Timeout,7685,SESS_3f76be1d1efa,REQ_f539ffe4c4b6457c,2026-09-12 13:53:25
EVT_001292,IF_ORD_003,ORD,MFG,API,REST,Warning,ORD_VAL_002,Order validation failed due to missing required field (correlated with upstream failure on IF_PAY_001),Validation,1306,SESS_d7fa2d8dfb2c,REQ_1bf6e8682c1e4774,2026-09-12 13:53:38
EVT_002747,IF_DLV_001,DLV,PAY,API,REST,Warning,DLV_CFG_002,Delivery zone configuration mismatch,Configuration,318,SESS_c29cfc0cfa02,REQ_8f4fe67c22404cc4,2026-09-12 13:57:34
EVT_001312,IF_MFG_001,MFG,ASM,MsgBus,Async,Failed,MFG_MACHINE_001,Manufacturing machine controller not responding,Infrastructure,310,SESS_5563f61600e8,REQ_222503d04e634bfb,2026-09-12 14:00:19
EVT_001603,IF_MFG_002,MFG,ASM,API,REST,Warning,MFG_QC_003,Quality check parameters out of tolerance,Validation,285,SESS_b683d2e6337e,REQ_3d7c8a3b691c4a6f,2026-09-12 14:01:48
EVT_002781,IF_DLV_001,DLV,PAY,API,REST,Failed,DLV_DB_004,Delivery tracking database error,Database,7291,SESS_ca8f3653c9af,REQ_9e20eabe93c34309,2026-09-12 14:01:57
EVT_002705,IF_DLV_001,DLV,PAY,API,REST,Warning,DLV_CFG_002,Delivery zone configuration mismatch,Configuration,675,SESS_ddcf8766a93b,REQ_a568f09b43f84772,2026-09-12 14:02:33
EVT_002975,IF_DLV_001,DLV,PAY,API,REST,Failed,DLV_ROUTE_001,Delivery routing service unavailable,ExternalService,8621,SESS_3b048a8b405b,REQ_6032815a82674b9f,2026-09-12 14:02:51
EVT_000139,IF_ORD_001,ORD,PAY,API,REST,Warning,ORD_AUTH_003,Order service authentication token expired,Authentication,371,SESS_204e178c10d0,REQ_b10c3a30935c4d69,2026-09-12 14:09:53
EVT_001242,IF_ORD_003,ORD,MFG,API,REST,Failed,ORD_VAL_002,Order validation failed due to missing required field,Validation,725,SESS_c9e48e8c25c6,REQ_8dc99545e289415a,2026-09-12 14:12:30
EVT_000377,IF_PAY_001,PAY,ORD,API,REST,Failed,PAY_EXT_003,Payment processor external service error,ExternalService,4840,SESS_fa5d310011b7,REQ_d7ff07ff7009498d,2026-09-12 14:15:32
EVT_001227,IF_ORD_003,ORD,MFG,API,REST,Failed,ORD_DB_001,Order database connection timeout,Database,4519,SESS_0a17991ea576,REQ_2fb29126d8c64d26,2026-09-12 14:20:37
EVT_000738,IF_PAY_002,PAY,ORD,ESB,CDC,Failed,PAY_TIME_004,Payment gateway response timeout,Timeout,5980,SESS_45b1ed25f153,REQ_946f6a3d68dd46b1,2026-09-12 14:21:23
EVT_001782,IF_MFG_004,MFG,PRC,MsgBus,Async,Failed,MFG_CAP_004,Manufacturing queue capacity exceeded,Capacity,4470,SESS_0a17991ea576,REQ_b5b54a3a450a4dfd,2026-09-12 14:25:19
EVT_002766,IF_DLV_001,DLV,PAY,API,REST,Warning,DLV_CFG_002,Delivery zone configuration mismatch,Configuration,1352,SESS_a3e05309b5a1,REQ_58c60688b4344c55,2026-09-12 14:26:59
EVT_000030,IF_ORD_001,ORD,PAY,API,REST,Failed,ORD_NET_004,Network timeout while contacting order service,Network,2346,SESS_1ca35cfb04fc,REQ_5c5eb15f4f3241d1,2026-09-12 14:27:17
EVT_001917,IF_PRC_001,PRC,MFG,ESB,SOAP,Failed,PRC_MAT_002,Material availability check timed out,Timeout,2957,SESS_10ba58e3d276,REQ_1996bfce5b694bd7,2026-09-12 14:27:55
EVT_002399,IF_ASM_001,ASM,DLV,MsgBus,Async,Failed,ASM_NET_004,Assembly station network connectivity lost,Network,7438,SESS_5af305535ec4,REQ_e44a113f114a4902,2026-09-12 14:29:43
EVT_001290,IF_ORD_003,ORD,MFG,API,REST,Failed,ORD_NET_004,Network timeout while contacting order service (correlated with upstream failure on IF_PAY_001),Network,8285,SESS_fa5d310011b7,REQ_c67c2eb03b814983,2026-09-12 14:30:35
EVT_001245,IF_ORD_003,ORD,MFG,API,REST,Warning,ORD_AUTH_003,Order service authentication token expired,Authentication,1381,SESS_e61ede900267,REQ_4983992f2aa14e52,2026-09-12 14:32:40
EVT_000592,IF_PAY_001,PAY,ORD,API,REST,Warning,PAY_AUTHZ_002,Payment authorization declined by issuer,Authorization,1278,SESS_ffd6f23232ff,REQ_d6ec2b8a34974d56,2026-09-12 14:33:31
EVT_001988,IF_PRC_001,PRC,MFG,ESB,SOAP,Failed,PRC_PO_001,Purchase order rejected by supplier system,ExternalService,6624,SESS_c30ff46e8026,REQ_93e6e2a13b194557,2026-09-12 14:35:10
EVT_000323,IF_PAY_001,PAY,ORD,API,REST,Failed,PAY_EXT_003,Payment processor external service error,ExternalService,8433,SESS_475287aa5408,REQ_388ae44cf97e4d76,2026-09-12 14:36:03
EVT_001507,IF_MFG_001,MFG,ASM,MsgBus,Async,Failed,MFG_MACHINE_001,Manufacturing machine controller not responding (correlated with upstream failure on IF_PRC_001),Infrastructure,1878,SESS_10ba58e3d276,REQ_e7e3aef750d5469c,2026-09-12 14:38:29
EVT_000855,IF_ORD_002,ORD,MFG,MsgBus,Async,Failed,ORD_NET_004,Network timeout while contacting order service,Network,3192,SESS_1dad09b252c2,REQ_9a46c15b351b45d1,2026-09-12 14:38:49
EVT_001206,IF_ORD_003,ORD,MFG,API,REST,Warning,ORD_VAL_002,Order validation failed due to missing required field,Validation,1752,SESS_21a4344fbb7b,REQ_146140ad2e2443aa,2026-09-12 14:40:44
EVT_000574,IF_PAY_001,PAY,ORD,API,REST,Warning,PAY_AUTH_001,Payment gateway authentication failed,Authentication,1615,SESS_de8a774bcf36,REQ_42b788d754e0460c,2026-09-12 14:42:37
EVT_001255,IF_ORD_003,ORD,MFG,API,REST,Warning,ORD_VAL_002,Order validation failed due to missing required field,Validation,710,SESS_21e8ac6843e4,REQ_d5359e13f1114f01,2026-09-12 14:43:39
EVT_002297,IF_ASM_001,ASM,DLV,MsgBus,Async,Warning,ASM_DB_002,Assembly tracking database update failed,Database,2820,SESS_d534ee1d7f29,REQ_4e9927cc2bb04972,2026-09-12 14:43:54
EVT_002805,IF_DLV_001,DLV,PAY,API,REST,Failed,DLV_DB_004,Delivery tracking database error,Database,6084,SESS_2999b735dd56,REQ_a79868cf9d1e4fdc,2026-09-12 14:44:03
EVT_000852,IF_ORD_002,ORD,MFG,MsgBus,Async,Warning,ORD_VAL_002,Order validation failed due to missing required field (correlated with upstream failure on IF_PAY_001),Validation,1827,SESS_475287aa5408,REQ_ed7a15f920954a3e,2026-09-12 14:46:15
EVT_000069,IF_ORD_001,ORD,PAY,API,REST,Warning,ORD_VAL_002,Order validation failed due to missing required field,Validation,1588,SESS_9f8ded9756ab,REQ_5121d2fa078e4f69,2026-09-12 14:48:12
EVT_000370,IF_PAY_001,PAY,ORD,API,REST,Failed,PAY_EXT_003,Payment processor external service error,ExternalService,8305,SESS_c696f5e64944,REQ_1497a1fe9a2f430e,2026-09-12 14:51:28
EVT_002599,IF_ASM_002,ASM,DLV,API,REST,Warning,ASM_COMP_001,Assembly component mismatch detected,Validation,660,SESS_8d4f5d272c7f,REQ_da35eff5cfff4e4b,2026-09-12 14:53:55
EVT_002470,IF_ASM_002,ASM,DLV,API,REST,Failed,ASM_CAP_003,Assembly line at maximum capacity,Capacity,1809,SESS_b00805cca7f3,REQ_b636e14427e54e71,2026-09-12 14:55:35
EVT_000140,IF_ORD_001,ORD,PAY,API,REST,Warning,ORD_AUTH_003,Order service authentication token expired,Authentication,1011,SESS_17e011b7f810,REQ_48adfdcf1b8c4b88,2026-09-12 14:55:49
EVT_000355,IF_PAY_001,PAY,ORD,API,REST,Warning,PAY_TIME_004,Payment gateway response timeout,Timeout,8561,SESS_fc3e058be0f3,REQ_2330b31fe5844132,2026-09-12 14:56:26
EVT_001638,IF_MFG_002,MFG,ASM,API,REST,Failed,MFG_MACHINE_001,Manufacturing machine controller not responding,Infrastructure,1692,SESS_276aa6ced507,REQ_4e1cb9d159904168,2026-09-12 14:58:25
EVT_001540,IF_MFG_002,MFG,ASM,API,REST,Failed,MFG_CAP_004,Manufacturing queue capacity exceeded,Capacity,1486,SESS_12e89d102871,REQ_6a0fa57172694e13,2026-09-12 14:58:51
EVT_002126,IF_PRC_002,PRC,ASM,Batch,Batch,Warning,PRC_CFG_003,Procurement routing configuration invalid,Configuration,1056,SESS_364c911aa9ab,REQ_40710b95eca3440c,2026-09-12 15:03:19
EVT_002919,IF_DLV_001,DLV,PAY,API,REST,Warning,DLV_CFG_002,Delivery zone configuration mismatch,Configuration,1714,SESS_78e3654bfaf1,REQ_fa131c6a45d74154,2026-09-12 15:03:23
EVT_000690,IF_PAY_002,PAY,ORD,ESB,CDC,Failed,PAY_TIME_004,Payment gateway response timeout,Timeout,4325,SESS_1ca35cfb04fc,REQ_1c32eac1e357424f,2026-09-12 15:04:29
EVT_000033,IF_ORD_001,ORD,PAY,API,REST,Failed,ORD_VAL_002,Order validation failed due to missing required field,Validation,1164,SESS_4b7e6b3c87d2,REQ_92b3559d2eee4c6e,2026-09-12 15:06:38
EVT_001060,IF_ORD_002,ORD,MFG,MsgBus,Async,Failed,ORD_DB_001,Order database connection timeout,Database,5808,SESS_142c3fe860e7,REQ_49b02bacfcc74855,2026-09-12 15:06:41
EVT_002827,IF_DLV_001,DLV,PAY,API,REST,Failed,DLV_DB_004,Delivery tracking database error,Database,3259,SESS_79e13ceab0cb,REQ_74ad2609e6aa4d0e,2026-09-12 15:08:23
EVT_000561,IF_PAY_001,PAY,ORD,API,REST,Warning,PAY_AUTH_001,Payment gateway authentication failed,Authentication,1937,SESS_fcd6bdca5876,REQ_46aeb8829f0f48b4,2026-09-12 15:10:03
EVT_002123,IF_PRC_002,PRC,ASM,Batch,Batch,Failed,PRC_AUTHZ_004,Procurement user lacks approval authorization,Authorization,1225,SESS_95da75c1a211,REQ_d14665c825494511,2026-09-12 15:11:12
EVT_001324,IF_MFG_001,MFG,ASM,MsgBus,Async,Failed,MFG_QC_003,Quality check parameters out of tolerance,Validation,320,SESS_26242b40a5cb,REQ_db970225a4084e2b,2026-09-12 15:13:38
EVT_000278,IF_ORD_001,ORD,PAY,API,REST,Warning,ORD_NET_004,Network timeout while contacting order service,Network,7281,SESS_5ca260c9eb76,REQ_47e6ae0778ae476b,2026-09-12 15:16:06
EVT_002884,IF_DLV_001,DLV,PAY,API,REST,Warning,DLV_CFG_002,Delivery zone configuration mismatch,Configuration,1639,SESS_fcd6bdca5876,REQ_5de96ff88c0645f2,2026-09-12 15:17:48
EVT_002075,IF_PRC_002,PRC,ASM,Batch,Batch,Warning,PRC_CFG_003,Procurement routing configuration invalid,Configuration,1763,SESS_97d7a560adb1,REQ_c7f0ae56f72d4135,2026-09-12 15:19:49
EVT_001092,IF_ORD_003,ORD,MFG,API,REST,Failed,ORD_DB_001,Order database connection timeout,Database,8201,SESS_b7e6427cbf78,REQ_6253c68053764e43,2026-09-12 15:21:50
EVT_001022,IF_ORD_002,ORD,MFG,MsgBus,Async,Failed,ORD_DB_001,Order database connection timeout,Database,5854,SESS_3c835dc0d944,REQ_eac0b58f3ea5417c,2026-09-12 15:22:05
EVT_000678,IF_PAY_002,PAY,ORD,ESB,CDC,Failed,PAY_TIME_004,Payment gateway response timeout,Timeout,5132,SESS_693dffbc6c6f,REQ_53d596521ebe49c8,2026-09-12 15:22:57
EVT_001700,IF_MFG_003,MFG,ASM,MsgBus,CDC,Warning,MFG_QC_003,Quality check parameters out of tolerance,Validation,295,SESS_e2817efdae84,REQ_a9d4eef927514ae5,2026-09-12 15:23:31
EVT_001291,IF_ORD_003,ORD,MFG,API,REST,Failed,ORD_NET_004,Network timeout while contacting order service,Network,3127,SESS_c5f8bc16f786,REQ_92a70f4d3cae4810,2026-09-12 15:28:48
EVT_001596,IF_MFG_002,MFG,ASM,API,REST,Failed,MFG_MACHINE_001,Manufacturing machine controller not responding,Infrastructure,1858,SESS_f3b63fe1d184,REQ_d0d0b990187e46c4,2026-09-12 15:29:05
EVT_002064,IF_PRC_002,PRC,ASM,Batch,Batch,Failed,PRC_PO_001,Purchase order rejected by supplier system,ExternalService,8847,SESS_89a2688b12c1,REQ_b740f4ccafe546b4,2026-09-12 15:31:27
EVT_001926,IF_PRC_001,PRC,MFG,ESB,SOAP,Failed,PRC_MAT_002,Material availability check timed out,Timeout,5863,SESS_15da705cd4ef,REQ_3c855345ac82482b,2026-09-12 15:31:44
EVT_000730,IF_PAY_002,PAY,ORD,ESB,CDC,Failed,PAY_TIME_004,Payment gateway response timeout,Timeout,3358,SESS_22f235f2e11b,REQ_16d3a54617e74501,2026-09-12 15:32:34
EVT_002697,IF_DLV_001,DLV,PAY,API,REST,Failed,DLV_TIME_003,Carrier API response timeout (correlated with upstream failure on IF_ASM_002),Timeout,5822,SESS_67b032831d7c,REQ_8a44817caf534778,2026-09-12 15:33:45
EVT_000936,IF_ORD_002,ORD,MFG,MsgBus,Async,Failed,ORD_NET_004,Network timeout while contacting order service,Network,6202,SESS_8f9797b06d7c,REQ_835c7d7dae3943a6,2026-09-12 15:36:21
EVT_001588,IF_MFG_002,MFG,ASM,API,REST,Failed,MFG_CAP_004,Manufacturing queue capacity exceeded (correlated with upstream failure on IF_ORD_002),Capacity,2379,SESS_3c835dc0d944,REQ_424bb197f3994822,2026-09-12 15:36:42
EVT_001560,IF_MFG_002,MFG,ASM,API,REST,Warning,MFG_MACHINE_001,Manufacturing machine controller not responding,Infrastructure,1580,SESS_c29cfc0cfa02,REQ_6c8ee5607a504202,2026-09-12 15:37:04
EVT_001784,IF_MFG_004,MFG,PRC,MsgBus,Async,Failed,MFG_CAP_004,Manufacturing queue capacity exceeded,Capacity,187,SESS_d5bcb8d04094,REQ_08363b22b60c4807,2026-09-12 15:37:12
EVT_001486,IF_MFG_001,MFG,ASM,MsgBus,Async,Warning,MFG_QC_003,Quality check parameters out of tolerance,Validation,1144,SESS_42999aa40cdf,REQ_8716db52ba7e4c37,2026-09-12 15:38:58
EVT_000369,IF_PAY_001,PAY,ORD,API,REST,Failed,PAY_EXT_003,Payment processor external service error,ExternalService,3985,SESS_84b871bb3005,REQ_b46ed6f884c8477b,2026-09-12 15:42:32
EVT_001557,IF_MFG_002,MFG,ASM,API,REST,Failed,MFG_MACHINE_001,Manufacturing machine controller not responding (correlated with upstream failure on IF_ORD_002),Infrastructure,1574,SESS_8f9797b06d7c,REQ_705c086f1c7e41db,2026-09-12 15:43:17
EVT_000774,IF_ORD_002,ORD,MFG,MsgBus,Async,Failed,ORD_DB_001,Order database connection timeout,Database,5277,SESS_3f76be1d1efa,REQ_e9e0b4af3e8f4cac,2026-09-12 15:44:09
EVT_000553,IF_PAY_001,PAY,ORD,API,REST,Warning,PAY_AUTHZ_002,Payment authorization declined by issuer,Authorization,598,SESS_21e8ac6843e4,REQ_3d0dc97a85f94944,2026-09-12 15:44:23
EVT_001374,IF_MFG_001,MFG,ASM,MsgBus,Async,Failed,MFG_CAP_004,Manufacturing queue capacity exceeded,Capacity,145,SESS_a99f131849c8,REQ_434fc4f8ac4e4610,2026-09-12 15:44:30
EVT_002860,IF_DLV_001,DLV,PAY,API,REST,Failed,DLV_ROUTE_001,Delivery routing service unavailable,ExternalService,7452,SESS_4dd8eb85b04d,REQ_9f1aa60a6630415d,2026-09-12 15:46:26
EVT_001286,IF_ORD_003,ORD,MFG,API,REST,Warning,ORD_VAL_002,Order validation failed due to missing required field,Validation,1424,SESS_cbd58bf61efd,REQ_fe25fc2f126a429e,2026-09-12 15:46:30
EVT_000043,IF_ORD_001,ORD,PAY,API,REST,Warning,ORD_VAL_002,Order validation failed due to missing required field,Validation,1393,SESS_b7c93acfe059,REQ_01e755d7cbf84bf3,2026-09-12 15:49:36
EVT_000214,IF_ORD_001,ORD,PAY,API,REST,Warning,ORD_NET_004,Network timeout while contacting order service,Network,4064,SESS_309d258c27a0,REQ_e003635b83384823,2026-09-12 15:52:39
EVT_000579,IF_PAY_001,PAY,ORD,API,REST,Failed,PAY_AUTHZ_002,Payment authorization declined by issuer,Authorization,875,SESS_ffd6f23232ff,REQ_e472c3ce20c94edb,2026-09-12 15:53:00
EVT_002093,IF_PRC_002,PRC,ASM,Batch,Batch,Failed,PRC_PO_001,Purchase order rejected by supplier system,ExternalService,3565,SESS_f81401027de1,REQ_f848ac8a0dc444cd,2026-09-12 15:55:21
EVT_002970,IF_DLV_001,DLV,PAY,API,REST,Failed,DLV_DB_004,Delivery tracking database error,Database,7357,SESS_e05fb8bc8a16,REQ_813ee0b54a45455a,2026-09-12 15:55:38
EVT_000912,IF_ORD_002,ORD,MFG,MsgBus,Async,Warning,ORD_AUTH_003,Order service authentication token expired,Authentication,107,SESS_fb1e143b196f,REQ_6148fa0b7d5446f2,2026-09-12 15:57:33
EVT_002243,IF_PRC_003,PRC,MFG,API,REST,Warning,PRC_CFG_003,Procurement routing configuration invalid,Configuration,895,SESS_30ac7d7ba2f9,REQ_12b36ae020944e8c,2026-09-12 16:01:59
EVT_001328,IF_MFG_001,MFG,ASM,MsgBus,Async,Failed,MFG_MACHINE_001,Manufacturing machine controller not responding,Infrastructure,366,SESS_d36357b66f81,REQ_0d92dcaa12024e23,2026-09-12 16:03:02
EVT_000493,IF_PAY_001,PAY,ORD,API,REST,Warning,PAY_AUTHZ_002,Payment authorization declined by issuer,Authorization,544,SESS_4b8e63d4ce76,REQ_2e23b593c8ae4870,2026-09-12 16:03:09
EVT_001193,IF_ORD_003,ORD,MFG,API,REST,Warning,ORD_VAL_002,Order validation failed due to missing required field (correlated with upstream failure on IF_PAY_001),Validation,1288,SESS_ffd6f23232ff,REQ_a5a76abcad87446e,2026-09-12 16:04:39
EVT_002086,IF_PRC_002,PRC,ASM,Batch,Batch,Failed,PRC_PO_001,Purchase order rejected by supplier system,ExternalService,3990,SESS_75c8e90d9e3d,REQ_96a9ae4a9d454090,2026-09-12 16:05:10
EVT_002379,IF_ASM_001,ASM,DLV,MsgBus,Async,Failed,ASM_NET_004,Assembly station network connectivity lost,Network,5292,SESS_1bf90e27dc96,REQ_0f9cd82d8266453f,2026-09-12 16:10:24
EVT_001393,IF_MFG_001,MFG,ASM,MsgBus,Async,Failed,MFG_DB_002,Manufacturing execution database write failure,Database,6184,SESS_c9277d9b6e0d,REQ_b8f8aa8973e44995,2026-09-12 16:14:14
EVT_001511,IF_MFG_001,MFG,ASM,MsgBus,Async,Failed,MFG_MACHINE_001,Manufacturing machine controller not responding,Infrastructure,1841,SESS_36c59dacb4d7,REQ_349653a0aa6840a6,2026-09-12 16:14:45
EVT_002430,IF_ASM_001,ASM,DLV,MsgBus,Async,Failed,ASM_DB_002,Assembly tracking database update failed (correlated with upstream failure on IF_MFG_001),Database,6648,SESS_d36357b66f81,REQ_d4ade7e783254966,2026-09-12 16:15:15
EVT_002422,IF_ASM_001,ASM,DLV,MsgBus,Async,Failed,ASM_NET_004,Assembly station network connectivity lost,Network,4005,SESS_fc04a168652f,REQ_327bf576df44477e,2026-09-12 16:15:36
EVT_002058,IF_PRC_002,PRC,ASM,Batch,Batch,Warning,PRC_CFG_003,Procurement routing configuration invalid,Configuration,2447,SESS_3a9aca5e1761,REQ_7da19330c5da458b,2026-09-12 16:16:00
EVT_002016,IF_PRC_001,PRC,MFG,ESB,SOAP,Warning,PRC_AUTHZ_004,Procurement user lacks approval authorization,Authorization,1125,SESS_683514f2ceb8,REQ_88c8b9d79fa947ff,2026-09-12 16:18:30
EVT_001624,IF_MFG_002,MFG,ASM,API,REST,Failed,MFG_DB_002,Manufacturing execution database write failure,Database,6531,SESS_d882b5c1f79e,REQ_d5a458ddda794566,2026-09-12 16:22:06
EVT_002122,IF_PRC_002,PRC,ASM,Batch,Batch,Failed,PRC_PO_001,Purchase order rejected by supplier system,ExternalService,3355,SESS_54b4a4826858,REQ_98c36c610f474d22,2026-09-12 16:23:47
EVT_000092,IF_ORD_001,ORD,PAY,API,REST,Warning,ORD_AUTH_003,Order service authentication token expired,Authentication,1954,SESS_a99f131849c8,REQ_6e47f39be1b54e45,2026-09-12 16:24:29
EVT_000758,IF_PAY_002,PAY,ORD,ESB,CDC,Warning,PAY_AUTHZ_002,Payment authorization declined by issuer,Authorization,945,SESS_79699ed2ec48,REQ_7827ab38e1f549e6,2026-09-12 16:25:04
EVT_002053,IF_PRC_001,PRC,MFG,ESB,SOAP,Warning,PRC_AUTHZ_004,Procurement user lacks approval authorization,Authorization,1127,SESS_aabc25fa3fe1,REQ_49cab7ff511647b2,2026-09-12 16:25:43
EVT_002307,IF_ASM_001,ASM,DLV,MsgBus,Async,Failed,ASM_CAP_003,Assembly line at maximum capacity (correlated with upstream failure on IF_MFG_001),Capacity,1880,SESS_c9277d9b6e0d,REQ_cbfc2ff46d124c5e,2026-09-12 16:26:43
EVT_000163,IF_ORD_001,ORD,PAY,API,REST,Failed,ORD_DB_001,Order database connection timeout,Database,5284,SESS_218a15368c99,REQ_9299a77d6b9e430d,2026-09-12 16:28:20
EVT_000709,IF_PAY_002,PAY,ORD,ESB,CDC,Failed,PAY_EXT_003,Payment processor external service error,ExternalService,2359,SESS_4ffca6b199b4,REQ_8c9df91b9a3c4bd7,2026-09-12 16:31:06
EVT_002776,IF_DLV_001,DLV,PAY,API,REST,Warning,DLV_CFG_002,Delivery zone configuration mismatch,Configuration,549,SESS_bb026576f512,REQ_8f4ae7a51b8444f2,2026-09-12 16:34:21
EVT_000761,IF_PAY_002,PAY,ORD,ESB,CDC,Warning,PAY_AUTH_001,Payment gateway authentication failed,Authentication,1585,SESS_aabc25fa3fe1,REQ_053bdf04d78d40fd,2026-09-12 16:36:06
EVT_000126,IF_ORD_001,ORD,PAY,API,REST,Failed,ORD_DB_001,Order database connection timeout,Database,7773,SESS_4ffca6b199b4,REQ_fb4758a5e3274e9e,2026-09-12 16:38:41
EVT_000230,IF_ORD_001,ORD,PAY,API,REST,Failed,ORD_DB_001,Order database connection timeout,Database,5073,SESS_00d4af597427,REQ_d133ec95f9a6470d,2026-09-12 16:39:03
EVT_001811,IF_MFG_004,MFG,PRC,MsgBus,Async,Failed,MFG_MACHINE_001,Manufacturing machine controller not responding,Infrastructure,1834,SESS_6dc7cac7fd72,REQ_ef46ab2ca75f47f1,2026-09-12 16:41:35
EVT_000351,IF_PAY_001,PAY,ORD,API,REST,Warning,PAY_EXT_003,Payment processor external service error,ExternalService,8357,SESS_527eecfaa79a,REQ_2cfdaf4292d74c2c,2026-09-12 16:42:34
EVT_002515,IF_ASM_002,ASM,DLV,API,REST,Failed,ASM_DB_002,Assembly tracking database update failed,Database,2530,SESS_36c59dacb4d7,REQ_583bcdd8143648c1,2026-09-12 16:43:43
EVT_000600,IF_PAY_001,PAY,ORD,API,REST,Failed,PAY_EXT_003,Payment processor external service error,ExternalService,5984,SESS_c122b5b3284c,REQ_38c5068270334bc5,2026-09-12 16:49:02
EVT_002332,IF_ASM_001,ASM,DLV,MsgBus,Async,Warning,ASM_COMP_001,Assembly component mismatch detected,Validation,946,SESS_59dcabd056fe,REQ_87b23d4be16a420b,2026-09-12 16:53:03
EVT_001583,IF_MFG_002,MFG,ASM,API,REST,Failed,MFG_QC_003,Quality check parameters out of tolerance,Validation,1514,SESS_f6e07cc06c52,REQ_bc5a5362da6a40b9,2026-09-12 16:53:50
EVT_001881,IF_PRC_001,PRC,MFG,ESB,SOAP,Failed,PRC_PO_001,Purchase order rejected by supplier system,ExternalService,5190,SESS_77d21e02ff01,REQ_e4d448629de84550,2026-09-12 16:53:53
EVT_001467,IF_MFG_001,MFG,ASM,MsgBus,Async,Failed,MFG_CAP_004,Manufacturing queue capacity exceeded,Capacity,1384,SESS_72ff5d2a386e,REQ_fe12a0afbe5c43ff,2026-09-12 16:59:36
EVT_002034,IF_PRC_001,PRC,MFG,ESB,SOAP,Failed,PRC_PO_001,Purchase order rejected by supplier system,ExternalService,6386,SESS_6a07f2137129,REQ_babdac1abb1d4d92,2026-09-12 17:02:28
EVT_002107,IF_PRC_002,PRC,ASM,Batch,Batch,Failed,PRC_PO_001,Purchase order rejected by supplier system,ExternalService,4148,SESS_168b1625746f,REQ_b7870c3d3e1142f7,2026-09-12 17:03:37
EVT_002185,IF_PRC_003,PRC,MFG,API,REST,Failed,PRC_PO_001,Purchase order rejected by supplier system,ExternalService,5949,SESS_d777a4774c66,REQ_ba23bdbacdde4aaf,2026-09-12 17:06:00
EVT_001332,IF_MFG_001,MFG,ASM,MsgBus,Async,Warning,MFG_MACHINE_001,Manufacturing machine controller not responding,Infrastructure,1249,SESS_148f8b74a65b,REQ_c2d63d8ffe53477d,2026-09-12 17:07:06
EVT_001350,IF_MFG_001,MFG,ASM,MsgBus,Async,Failed,MFG_QC_003,Quality check parameters out of tolerance,Validation,1728,SESS_22f235f2e11b,REQ_1fbb04c9a0ba44fb,2026-09-12 17:07:38
EVT_000603,IF_PAY_001,PAY,ORD,API,REST,Warning,PAY_AUTH_001,Payment gateway authentication failed,Authentication,395,SESS_19bad7aedf61,REQ_8484bebd588e4ea6,2026-09-12 17:07:54
EVT_001416,IF_MFG_001,MFG,ASM,MsgBus,Async,Failed,MFG_DB_002,Manufacturing execution database write failure (correlated with upstream failure on IF_PRC_001),Database,2400,SESS_6a07f2137129,REQ_09639fb6596143e8,2026-09-12 17:13:30
EVT_001362,IF_MFG_001,MFG,ASM,MsgBus,Async,Failed,MFG_CAP_004,Manufacturing queue capacity exceeded,Capacity,1343,SESS_784c2f299804,REQ_be2351b8ff484c2f,2026-09-12 17:16:36
EVT_000529,IF_PAY_001,PAY,ORD,API,REST,Failed,PAY_TIME_004,Payment gateway response timeout,Timeout,6135,SESS_02627f731292,REQ_6bd89f3194854419,2026-09-12 17:17:01
EVT_001418,IF_MFG_001,MFG,ASM,MsgBus,Async,Failed,MFG_CAP_004,Manufacturing queue capacity exceeded,Capacity,491,SESS_b6aae05b13d5,REQ_7af9230280604749,2026-09-12 17:24:17
EVT_002159,IF_PRC_002,PRC,ASM,Batch,Batch,Warning,PRC_AUTHZ_004,Procurement user lacks approval authorization,Authorization,654,SESS_311c6eb62095,REQ_1983eb7c167b47f8,2026-09-12 17:24:40
EVT_000826,IF_ORD_002,ORD,MFG,MsgBus,Async,Failed,ORD_NET_004,Network timeout while contacting order service,Network,7420,SESS_8f5486b7c7b5,REQ_bd03b45c289c4725,2026-09-12 17:26:46
EVT_002415,IF_ASM_001,ASM,DLV,MsgBus,Async,Warning,ASM_COMP_001,Assembly component mismatch detected,Validation,673,SESS_02627f731292,REQ_e8222f2026b344a4,2026-09-12 17:28:00
EVT_002567,IF_ASM_002,ASM,DLV,API,REST,Failed,ASM_NET_004,Assembly station network connectivity lost,Network,5776,SESS_c2a796891933,REQ_fd56dda71a83495e,2026-09-12 17:28:52
EVT_001703,IF_MFG_003,MFG,ASM,MsgBus,CDC,Failed,MFG_MACHINE_001,Manufacturing machine controller not responding,Infrastructure,512,SESS_6bc4123ebde1,REQ_0d2be4fed9984c32,2026-09-12 17:30:11
EVT_002121,IF_PRC_002,PRC,ASM,Batch,Batch,Warning,PRC_AUTHZ_004,Procurement user lacks approval authorization,Authorization,787,SESS_7bfdcc1289e0,REQ_e2687c5952f34374,2026-09-12 17:32:52
EVT_000533,IF_PAY_001,PAY,ORD,API,REST,Failed,PAY_EXT_003,Payment processor external service error,ExternalService,3050,SESS_706c5c5649e2,REQ_5cc77416e0fd45f7,2026-09-12 17:37:01
EVT_003000,IF_DLV_001,DLV,PAY,API,REST,Failed,DLV_DB_004,Delivery tracking database error,Database,5545,SESS_50018b7b6d40,REQ_8b20d9c9b93e4f68,2026-09-12 17:39:17
EVT_001517,IF_MFG_002,MFG,ASM,API,REST,Failed,MFG_MACHINE_001,Manufacturing machine controller not responding,Infrastructure,690,SESS_742221676b7a,REQ_4754675c56394a81,2026-09-12 17:39:32
EVT_002213,IF_PRC_003,PRC,MFG,API,REST,Failed,PRC_PO_001,Purchase order rejected by supplier system,ExternalService,7300,SESS_89a2688b12c1,REQ_547371704c534d23,2026-09-12 17:39:34
EVT_001056,IF_ORD_002,ORD,MFG,MsgBus,Async,Failed,ORD_VAL_002,Order validation failed due to missing required field,Validation,898,SESS_69288e92c68a,REQ_248fd989c2454e6e,2026-09-12 17:46:55
EVT_000993,IF_ORD_002,ORD,MFG,MsgBus,Async,Failed,ORD_NET_004,Network timeout while contacting order service,Network,7993,SESS_114125c63a9b,REQ_92517890f6e648e9,2026-09-12 17:47:50
EVT_001421,IF_MFG_001,MFG,ASM,MsgBus,Async,Failed,MFG_MACHINE_001,Manufacturing machine controller not responding,Infrastructure,574,SESS_13eecdc6ebd1,REQ_bbd8c7455f0241d1,2026-09-12 17:48:42
EVT_001941,IF_PRC_001,PRC,MFG,ESB,SOAP,Failed,PRC_CFG_003,Procurement routing configuration invalid,Configuration,1955,SESS_cdda24ba2d06,REQ_a85f265b83744bed,2026-09-12 17:50:17
EVT_000681,IF_PAY_002,PAY,ORD,ESB,CDC,Warning,PAY_EXT_003,Payment processor external service error,ExternalService,2069,SESS_9f8ded9756ab,REQ_c20226ee1b75427b,2026-09-12 17:50:25
EVT_002979,IF_DLV_001,DLV,PAY,API,REST,Warning,DLV_CFG_002,Delivery zone configuration mismatch,Configuration,1945,SESS_1190f938a66f,REQ_3f0b4559fc0648a4,2026-09-12 17:55:04
EVT_002239,IF_PRC_003,PRC,MFG,API,REST,Warning,PRC_CFG_003,Procurement routing configuration invalid,Configuration,1717,SESS_8d4f5d272c7f,REQ_36637f04a34b4bb4,2026-09-12 17:55:05
EVT_001487,IF_MFG_001,MFG,ASM,MsgBus,Async,Warning,MFG_QC_003,Quality check parameters out of tolerance,Validation,1792,SESS_edd4253b50f0,REQ_d87c19b22d844044,2026-09-12 17:57:22
EVT_000752,IF_PAY_002,PAY,ORD,ESB,CDC,Failed,PAY_TIME_004,Payment gateway response timeout,Timeout,5470,SESS_8768a84fa76a,REQ_7f9796bae2ff4d0f,2026-09-12 17:59:50
EVT_000110,IF_ORD_001,ORD,PAY,API,REST,Failed,ORD_NET_004,Network timeout while contacting order service,Network,6540,SESS_a56c0941fbf2,REQ_2448830197984335,2026-09-12 18:00:18
EVT_002547,IF_ASM_002,ASM,DLV,API,REST,Warning,ASM_COMP_001,Assembly component mismatch detected,Validation,574,SESS_ab85fd595463,REQ_e90d66c627744705,2026-09-12 18:01:50
EVT_001037,IF_ORD_002,ORD,MFG,MsgBus,Async,Warning,ORD_AUTH_003,Order service authentication token expired,Authentication,1794,SESS_7f9d3e64c1a6,REQ_0b37a4d9d4ea4da4,2026-09-12 18:10:57
EVT_002080,IF_PRC_002,PRC,ASM,Batch,Batch,Failed,PRC_PO_001,Purchase order rejected by supplier system,ExternalService,5042,SESS_a491f0b2ea1f,REQ_69ba2c9afaa7499f,2026-09-12 18:15:39
EVT_001208,IF_ORD_003,ORD,MFG,API,REST,Warning,ORD_AUTH_003,Order service authentication token expired,Authentication,663,SESS_7914f8a8bea4,REQ_e94ec9a2eacd41c9,2026-09-12 18:16:06
EVT_001720,IF_MFG_003,MFG,ASM,MsgBus,CDC,Failed,MFG_DB_002,Manufacturing execution database write failure,Database,8755,SESS_77d21e02ff01,REQ_70f5f1b4bc9747a0,2026-09-12 18:20:06
EVT_000850,IF_ORD_002,ORD,MFG,MsgBus,Async,Warning,ORD_VAL_002,Order validation failed due to missing required field,Validation,1244,SESS_43b409ef2260,REQ_50ce9e4bd7834e06,2026-09-12 18:25:26
EVT_000915,IF_ORD_002,ORD,MFG,MsgBus,Async,Warning,ORD_VAL_002,Order validation failed due to missing required field,Validation,623,SESS_9dac6e834524,REQ_eb3ce79089cc41fc,2026-09-12 18:25:37
EVT_002639,IF_ASM_002,ASM,DLV,API,REST,Warning,ASM_COMP_001,Assembly component mismatch detected,Validation,1132,SESS_e1e3db63ef7d,REQ_09083d5b677b4aa5,2026-09-12 18:26:49
EVT_000348,IF_PAY_001,PAY,ORD,API,REST,Warning,PAY_AUTHZ_002,Payment authorization declined by issuer,Authorization,813,SESS_5e781fd794e0,REQ_6db8f1a68f3f4d9a,2026-09-12 18:31:45
EVT_001420,IF_MFG_001,MFG,ASM,MsgBus,Async,Failed,MFG_DB_002,Manufacturing execution database write failure,Database,4087,SESS_f84f16b3a79f,REQ_556b5942f0d74de3,2026-09-12 18:33:51
EVT_002579,IF_ASM_002,ASM,DLV,API,REST,Warning,ASM_COMP_001,Assembly component mismatch detected,Validation,1504,SESS_d36357b66f81,REQ_f3f72d26cb03404f,2026-09-12 18:37:34
EVT_002474,IF_ASM_002,ASM,DLV,API,REST,Failed,ASM_CAP_003,Assembly line at maximum capacity,Capacity,884,SESS_cc6b66e5402a,REQ_953696b1136b47a4,2026-09-12 18:37:57
EVT_001127,IF_ORD_003,ORD,MFG,API,REST,Failed,ORD_DB_001,Order database connection timeout,Database,8307,SESS_c9277d9b6e0d,REQ_42d5ea44ecf644d4,2026-09-12 18:45:55
EVT_000747,IF_PAY_002,PAY,ORD,ESB,CDC,Failed,PAY_AUTH_001,Payment gateway authentication failed,Authentication,408,SESS_b6aae05b13d5,REQ_5fdc385589e74b69,2026-09-12 18:49:17
EVT_001345,IF_MFG_001,MFG,ASM,MsgBus,Async,Warning,MFG_QC_003,Quality check parameters out of tolerance,Validation,583,SESS_b3aa7efe4458,REQ_2c6d32192e994e73,2026-09-12 18:49:17
EVT_002710,IF_DLV_001,DLV,PAY,API,REST,Failed,DLV_TIME_003,Carrier API response timeout,Timeout,5987,SESS_aca2b148da33,REQ_1a84ead6b3ec4285,2026-09-12 18:50:22
EVT_002695,IF_DLV_001,DLV,PAY,API,REST,Failed,DLV_DB_004,Delivery tracking database error,Database,7384,SESS_f1eedba31343,REQ_d776293a49e44827,2026-09-12 18:51:36
EVT_000880,IF_ORD_002,ORD,MFG,MsgBus,Async,Warning,ORD_VAL_002,Order validation failed due to missing required field,Validation,404,SESS_1ba362e7afa4,REQ_9230f2ba7ddb49c2,2026-09-12 18:54:11
EVT_001087,IF_ORD_003,ORD,MFG,API,REST,Warning,ORD_VAL_002,Order validation failed due to missing required field,Validation,1725,SESS_e64d1bcb7027,REQ_0b1d71129ac44ade,2026-09-12 18:58:10
EVT_000273,IF_ORD_001,ORD,PAY,API,REST,Warning,ORD_VAL_002,Order validation failed due to missing required field,Validation,1515,SESS_3108d4482f65,REQ_76c6db00677a4bf7,2026-09-12 19:06:18
EVT_000802,IF_ORD_002,ORD,MFG,MsgBus,Async,Failed,ORD_NET_004,Network timeout while contacting order service,Network,3736,SESS_c9776598203c,REQ_5b2cdbf399574833,2026-09-12 19:06:27
EVT_000512,IF_PAY_001,PAY,ORD,API,REST,Failed,PAY_TIME_004,Payment gateway response timeout,Timeout,8379,SESS_6bc4123ebde1,REQ_3ab99e60e776415e,2026-09-12 19:10:06
EVT_001138,IF_ORD_003,ORD,MFG,API,REST,Warning,ORD_VAL_002,Order validation failed due to missing required field,Validation,706,SESS_3838b3268e94,REQ_eaf6a55bfef8475f,2026-09-12 19:16:39
EVT_000406,IF_PAY_001,PAY,ORD,API,REST,Warning,PAY_AUTH_001,Payment gateway authentication failed,Authentication,477,SESS_6dadd6c795a7,REQ_eaf758a94eda46a4,2026-09-12 19:30:58
EVT_000837,IF_ORD_002,ORD,MFG,MsgBus,Async,Failed,ORD_NET_004,Network timeout while contacting order service,Network,6539,SESS_7f671eec3da7,REQ_22e5029e96ac4104,2026-09-12 19:32:19
EVT_000028,IF_ORD_001,ORD,PAY,API,REST,Warning,ORD_VAL_002,Order validation failed due to missing required field,Validation,1096,SESS_3b70b3a124a3,REQ_e780b5434b164740,2026-09-12 19:33:17
EVT_001428,IF_MFG_001,MFG,ASM,MsgBus,Async,Warning,MFG_QC_003,Quality check parameters out of tolerance,Validation,1909,SESS_4ffca6b199b4,REQ_8b8bfb56ca2649c7,2026-09-12 19:35:57
EVT_002133,IF_PRC_002,PRC,ASM,Batch,Batch,Failed,PRC_MAT_002,Material availability check timed out,Timeout,7782,SESS_e1301617c2df,REQ_9c246a6beaca43ab,2026-09-12 19:37:32
EVT_001832,IF_MFG_004,MFG,PRC,MsgBus,Async,Failed,MFG_MACHINE_001,Manufacturing machine controller not responding,Infrastructure,1827,SESS_6a07f2137129,REQ_02be77c4abc944d8,2026-09-12 19:39:54
EVT_001005,IF_ORD_002,ORD,MFG,MsgBus,Async,Failed,ORD_NET_004,Network timeout while contacting order service,Network,2739,SESS_b83cfe0be037,REQ_8aec73350ad94b28,2026-09-12 19:49:49
EVT_002082,IF_PRC_002,PRC,ASM,Batch,Batch,Failed,PRC_MAT_002,Material availability check timed out,Timeout,4928,SESS_7010f7197e69,REQ_8da9a02613f04271,2026-09-12 19:51:21
EVT_000201,IF_ORD_001,ORD,PAY,API,REST,Failed,ORD_VAL_002,Order validation failed due to missing required field,Validation,1788,SESS_cada4f80a9e7,REQ_10d6bebda46f4097,2026-09-12 20:03:26
EVT_002277,IF_ASM_001,ASM,DLV,MsgBus,Async,Warning,ASM_COMP_001,Assembly component mismatch detected,Validation,1022,SESS_718d4d05e8e2,REQ_8cc3007afab945f2,2026-09-12 20:07:42
EVT_000517,IF_PAY_001,PAY,ORD,API,REST,Failed,PAY_TIME_004,Payment gateway response timeout,Timeout,2239,SESS_5bb5c40c03cd,REQ_c7b1d7f3a89e48c7,2026-09-12 20:22:22
EVT_000426,IF_PAY_001,PAY,ORD,API,REST,Failed,PAY_EXT_003,Payment processor external service error,ExternalService,8734,SESS_78e3654bfaf1,REQ_51a4e47ac06e4eee,2026-09-12 20:23:27
EVT_000801,IF_ORD_002,ORD,MFG,MsgBus,Async,Failed,ORD_NET_004,Network timeout while contacting order service,Network,2901,SESS_4b22d3081c8e,REQ_14e33b4681724474,2026-09-12 20:45:26
EVT_002915,IF_DLV_001,DLV,PAY,API,REST,Failed,DLV_CFG_002,Delivery zone configuration mismatch,Configuration,833,SESS_764414fd8ae7,REQ_1aa5c9f86eed48e2,2026-09-12 20:49:18
EVT_000957,IF_ORD_002,ORD,MFG,MsgBus,Async,Failed,ORD_NET_004,Network timeout while contacting order service,Network,3804,SESS_74672cd9362f,REQ_10e8848b60e54db1,2026-09-12 20:49:35
EVT_001743,IF_MFG_003,MFG,ASM,MsgBus,CDC,Warning,MFG_QC_003,Quality check parameters out of tolerance,Validation,656,SESS_cde22f1c56b6,REQ_0484d4f368c04b94,2026-09-12 20:59:58
EVT_001696,IF_MFG_003,MFG,ASM,MsgBus,CDC,Warning,MFG_DB_002,Manufacturing execution database write failure,Database,4959,SESS_f7dc67e03097,REQ_4206c01f01d2459a,2026-09-12 21:07:29
EVT_000973,IF_ORD_002,ORD,MFG,MsgBus,Async,Warning,ORD_AUTH_003,Order service authentication token expired,Authentication,1323,SESS_5e781fd794e0,REQ_9b3acaa3033d4f3f,2026-09-12 21:57:41
EVT_000302,IF_ORD_001,ORD,PAY,API,REST,Failed,ORD_NET_004,Network timeout while contacting order service,Network,6625,SESS_87cdb6a1bf01,REQ_c9fdda68bc004480,2026-09-12 22:25:48
EVT_000303,IF_ORD_001,ORD,PAY,API,REST,Warning,ORD_AUTH_003,Order service authentication token expired,Authentication,1225,SESS_26f05fcffb16,REQ_bfdb8a43b85f485b,2026-09-12 22:36:22
EVT_000429,IF_PAY_001,PAY,ORD,API,REST,Failed,PAY_EXT_003,Payment processor external service error,ExternalService,5561,SESS_07f97d05f6ca,REQ_f726e6e899b34569,2026-09-12 22:37:00
EVT_002821,IF_DLV_001,DLV,PAY,API,REST,Warning,DLV_TIME_003,Carrier API response timeout,Timeout,2845,SESS_171e16cc5da3,REQ_bc69142a532c483e,2026-09-12 22:38:35
EVT_000799,IF_ORD_002,ORD,MFG,MsgBus,Async,Failed,ORD_VAL_002,Order validation failed due to missing required field,Validation,651,SESS_c4bbb7a9d988,REQ_2be859930f5944bf,2026-09-12 22:59:09
EVT_001070,IF_ORD_002,ORD,MFG,MsgBus,Async,Warning,ORD_VAL_002,Order validation failed due to missing required field,Validation,1705,SESS_42999aa40cdf,REQ_38e0c6a063464868,2026-09-12 23:39:32
EVT_001391,IF_MFG_001,MFG,ASM,MsgBus,Async,Failed,MFG_MACHINE_001,Manufacturing machine controller not responding,Infrastructure,1646,SESS_474a493b3ced,REQ_5af39afbb4134084,2026-09-12 23:44:35
EVT_002274,IF_ASM_001,ASM,DLV,MsgBus,Async,Warning,ASM_COMP_001,Assembly component mismatch detected,Validation,367,SESS_5b9962c6e61f,REQ_47b4eab6c8b742a3,2026-09-13 00:45:39
EVT_002211,IF_PRC_003,PRC,MFG,API,REST,Failed,PRC_MAT_002,Material availability check timed out,Timeout,8659,SESS_6182f347533f,REQ_0368980abd10419f,2026-09-13 00:58:24
EVT_001965,IF_PRC_001,PRC,MFG,ESB,SOAP,Failed,PRC_MAT_002,Material availability check timed out,Timeout,4326,SESS_6142ea7d17be,REQ_71d8e50d9e754ee4,2026-09-13 01:16:06
EVT_002222,IF_PRC_003,PRC,MFG,API,REST,Warning,PRC_CFG_003,Procurement routing configuration invalid,Configuration,1189,SESS_2dea94930658,REQ_b83a6d93d3e241b8,2026-09-13 01:28:55
EVT_001630,IF_MFG_002,MFG,ASM,API,REST,Failed,MFG_DB_002,Manufacturing execution database write failure,Database,6931,SESS_dfde4fbf3ff3,REQ_f824b8b40a29483c,2026-09-13 02:53:04
EVT_001955,IF_PRC_001,PRC,MFG,ESB,SOAP,Warning,PRC_MAT_002,Material availability check timed out,Timeout,5862,SESS_6a5d932b45ff,REQ_9cc54dcea7324c8b,2026-09-13 03:10:34
EVT_000391,IF_PAY_001,PAY,ORD,API,REST,Warning,PAY_AUTHZ_002,Payment authorization declined by issuer,Authorization,885,SESS_b7e5848131c6,REQ_7aca06564197414d,2026-09-13 03:29:37
EVT_001130,IF_ORD_003,ORD,MFG,API,REST,Warning,ORD_AUTH_003,Order service authentication token expired,Authentication,332,SESS_eadf50853fcb,REQ_b7b6622ca35e4a1e,2026-09-13 03:55:47
EVT_000618,IF_PAY_001,PAY,ORD,API,REST,Failed,PAY_EXT_003,Payment processor external service error,ExternalService,7689,SESS_02627f731292,REQ_867869f7246e42c0,2026-09-13 04:10:35
EVT_002854,IF_DLV_001,DLV,PAY,API,REST,Warning,DLV_CFG_002,Delivery zone configuration mismatch,Configuration,419,SESS_79e13ceab0cb,REQ_3b2e45245ab94544,2026-09-13 04:56:46
EVT_000704,IF_PAY_002,PAY,ORD,ESB,CDC,Warning,PAY_AUTH_001,Payment gateway authentication failed,Authentication,879,SESS_4ab7706eb773,REQ_1fd93026ab5a47e4,2026-09-13 05:00:03
EVT_002951,IF_DLV_001,DLV,PAY,API,REST,Failed,DLV_ROUTE_001,Delivery routing service unavailable,ExternalService,5935,SESS_5d59cd2a4eea,REQ_4071f7d3e08b4366,2026-09-13 05:03:57
EVT_000930,IF_ORD_002,ORD,MFG,MsgBus,Async,Failed,ORD_DB_001,Order database connection timeout,Database,5880,SESS_311c6eb62095,REQ_1bd68ca94dee4c9a,2026-09-13 05:07:19
EVT_002833,IF_DLV_001,DLV,PAY,API,REST,Failed,DLV_TIME_003,Carrier API response timeout,Timeout,8373,SESS_43b409ef2260,REQ_b5cf33491e1144ce,2026-09-13 05:10:08
EVT_000961,IF_ORD_002,ORD,MFG,MsgBus,Async,Failed,ORD_NET_004,Network timeout while contacting order service,Network,6057,SESS_74f331034006,REQ_c39a732b5504402c,2026-09-13 05:13:24
EVT_001139,IF_ORD_003,ORD,MFG,API,REST,Failed,ORD_DB_001,Order database connection timeout,Database,8020,SESS_bac7e2b96a7e,REQ_4c3e1ad1b0624cf6,2026-09-13 05:24:48
EVT_000654,IF_PAY_002,PAY,ORD,ESB,CDC,Failed,PAY_AUTH_001,Payment gateway authentication failed,Authentication,2354,SESS_ffd6f23232ff,REQ_823a159a4e4941dd,2026-09-13 05:39:40
EVT_002823,IF_DLV_001,DLV,PAY,API,REST,Failed,DLV_TIME_003,Carrier API response timeout,Timeout,2827,SESS_e912b4bf86a4,REQ_9c705ee85ab449e2,2026-09-13 05:42:38
EVT_002028,IF_PRC_001,PRC,MFG,ESB,SOAP,Warning,PRC_AUTHZ_004,Procurement user lacks approval authorization,Authorization,1640,SESS_dd81b7f57d59,REQ_266c0a790f794c7f,2026-09-13 05:47:06
EVT_000620,IF_PAY_001,PAY,ORD,API,REST,Failed,PAY_EXT_003,Payment processor external service error,ExternalService,3164,SESS_28be9288e5af,REQ_4e13650bd35440b8,2026-09-13 05:57:19
EVT_000146,IF_ORD_001,ORD,PAY,API,REST,Failed,ORD_DB_001,Order database connection timeout,Database,5459,SESS_309d258c27a0,REQ_e413f4d9496c426a,2026-09-13 06:24:05
EVT_000807,IF_ORD_002,ORD,MFG,MsgBus,Async,Warning,ORD_NET_004,Network timeout while contacting order service,Network,7159,SESS_6bc4123ebde1,REQ_1de1cf5f7af34dac,2026-09-13 06:26:33
EVT_002404,IF_ASM_001,ASM,DLV,MsgBus,Async,Failed,ASM_CAP_003,Assembly line at maximum capacity,Capacity,1050,SESS_6e06809725e9,REQ_7a64b697f70244a5,2026-09-13 06:48:13
EVT_002007,IF_PRC_001,PRC,MFG,ESB,SOAP,Warning,PRC_CFG_003,Procurement routing configuration invalid,Configuration,1788,SESS_e645f129629c,REQ_32a8a22c4bcb4f3a,2026-09-13 07:02:03
EVT_001998,IF_PRC_001,PRC,MFG,ESB,SOAP,Failed,PRC_MAT_002,Material availability check timed out,Timeout,7605,SESS_18dfbc3ca0d4,REQ_b76c2bec7cb348d5,2026-09-13 07:06:46
EVT_001104,IF_ORD_003,ORD,MFG,API,REST,Warning,ORD_VAL_002,Order validation failed due to missing required field,Validation,482,SESS_28be9288e5af,REQ_b8501be04f114e7e,2026-09-13 07:12:06
EVT_000266,IF_ORD_001,ORD,PAY,API,REST,Warning,ORD_VAL_002,Order validation failed due to missing required field,Validation,931,SESS_49c13de73b42,REQ_44a829f59e184fff,2026-09-13 07:14:56
EVT_002592,IF_ASM_002,ASM,DLV,API,REST,Failed,ASM_CAP_003,Assembly line at maximum capacity,Capacity,558,SESS_39e58ff092f8,REQ_ad2ede58da394ce2,2026-09-13 07:16:05
EVT_000578,IF_PAY_001,PAY,ORD,API,REST,Failed,PAY_EXT_003,Payment processor external service error,ExternalService,6482,SESS_2051acef097a,REQ_a706595914b7490a,2026-09-13 07:16:11
EVT_002421,IF_ASM_001,ASM,DLV,MsgBus,Async,Warning,ASM_COMP_001,Assembly component mismatch detected,Validation,928,SESS_7a8d03aa782a,REQ_8716faeed2c146ef,2026-09-13 07:18:54
EVT_000759,IF_PAY_002,PAY,ORD,ESB,CDC,Warning,PAY_AUTH_001,Payment gateway authentication failed,Authentication,1515,SESS_5ca260c9eb76,REQ_10180a7a666f4444,2026-09-13 07:20:48
EVT_000778,IF_ORD_002,ORD,MFG,MsgBus,Async,Warning,ORD_AUTH_003,Order service authentication token expired,Authentication,1285,SESS_91e1aa9676f7,REQ_48fda29f7bb24437,2026-09-13 07:22:44
EVT_002443,IF_ASM_001,ASM,DLV,MsgBus,Async,Warning,ASM_COMP_001,Assembly component mismatch detected,Validation,1261,SESS_913e4de2e0c5,REQ_4d70ba76a817458c,2026-09-13 07:22:50
EVT_000156,IF_ORD_001,ORD,PAY,API,REST,Failed,ORD_DB_001,Order database connection timeout,Database,2474,SESS_142c3fe860e7,REQ_8b4d5528010c41b2,2026-09-13 07:30:45
EVT_002914,IF_DLV_001,DLV,PAY,API,REST,Warning,DLV_CFG_002,Delivery zone configuration mismatch,Configuration,1527,SESS_48212ddb45b8,REQ_6dfc82bd666b43a0,2026-09-13 07:34:19
EVT_001372,IF_MFG_001,MFG,ASM,MsgBus,Async,Warning,MFG_QC_003,Quality check parameters out of tolerance,Validation,1917,SESS_50018b7b6d40,REQ_2d94c89d4a084754,2026-09-13 07:37:18
EVT_000459,IF_PAY_001,PAY,ORD,API,REST,Failed,PAY_EXT_003,Payment processor external service error,ExternalService,7166,SESS_8f9797b06d7c,REQ_68adfc46fe8c4a22,2026-09-13 07:40:28
EVT_002111,IF_PRC_002,PRC,ASM,Batch,Batch,Warning,PRC_AUTHZ_004,Procurement user lacks approval authorization,Authorization,2607,SESS_5bc440f14b1a,REQ_789b5c23021447f6,2026-09-13 07:43:47
EVT_001111,IF_ORD_003,ORD,MFG,API,REST,Warning,ORD_AUTH_003,Order service authentication token expired (correlated with upstream failure on IF_PAY_001),Authentication,1418,SESS_8f9797b06d7c,REQ_a1744a308d5e449c,2026-09-13 07:45:07
EVT_000655,IF_PAY_002,PAY,ORD,ESB,CDC,Failed,PAY_EXT_003,Payment processor external service error,ExternalService,4415,SESS_89c8d2ab6b44,REQ_7f3f8f8223114d46,2026-09-13 07:48:26
EVT_002826,IF_DLV_001,DLV,PAY,API,REST,Failed,DLV_TIME_003,Carrier API response timeout,Timeout,6056,SESS_d9f195d01482,REQ_67e8755a50a64d93,2026-09-13 07:50:10
EVT_001062,IF_ORD_002,ORD,MFG,MsgBus,Async,Failed,ORD_DB_001,Order database connection timeout (correlated with upstream failure on IF_PAY_001),Database,6944,SESS_8f9797b06d7c,REQ_0990d333567e4b98,2026-09-13 07:55:05
EVT_002369,IF_ASM_001,ASM,DLV,MsgBus,Async,Failed,ASM_DB_002,Assembly tracking database update failed,Database,2654,SESS_b00805cca7f3,REQ_09f8054e3ca94077,2026-09-13 07:56:03
EVT_002958,IF_DLV_001,DLV,PAY,API,REST,Failed,DLV_TIME_003,Carrier API response timeout,Timeout,8352,SESS_2a1f955ad499,REQ_d1d310cd8d554f49,2026-09-13 07:57:39
EVT_002947,IF_DLV_001,DLV,PAY,API,REST,Failed,DLV_TIME_003,Carrier API response timeout,Timeout,4762,SESS_c1590f538a0f,REQ_3965957ed5184110,2026-09-13 07:58:39
EVT_002500,IF_ASM_002,ASM,DLV,API,REST,Failed,ASM_DB_002,Assembly tracking database update failed,Database,7193,SESS_cc6b66e5402a,REQ_8b26e48f13e5429d,2026-09-13 08:02:00
EVT_000762,IF_PAY_002,PAY,ORD,ESB,CDC,Failed,PAY_AUTHZ_002,Payment authorization declined by issuer,Authorization,1976,SESS_204e178c10d0,REQ_20e820660ecd4be3,2026-09-13 08:03:07
EVT_000192,IF_ORD_001,ORD,PAY,API,REST,Failed,ORD_DB_001,Order database connection timeout,Database,2607,SESS_17e011b7f810,REQ_e103b1931c084c2c,2026-09-13 08:04:35
EVT_000904,IF_ORD_002,ORD,MFG,MsgBus,Async,Failed,ORD_NET_004,Network timeout while contacting order service,Network,3588,SESS_6e218b099afd,REQ_4bfa2d0e8d264f78,2026-09-13 08:17:33
EVT_002728,IF_DLV_001,DLV,PAY,API,REST,Warning,DLV_CFG_002,Delivery zone configuration mismatch,Configuration,459,SESS_95da75c1a211,REQ_e9d1ba94bcdc4b32,2026-09-13 08:18:34
EVT_001578,IF_MFG_002,MFG,ASM,API,REST,Failed,MFG_MACHINE_001,Manufacturing machine controller not responding,Infrastructure,2568,SESS_15da705cd4ef,REQ_1a4d6e2a7ae340cb,2026-09-13 08:21:42
EVT_000733,IF_PAY_002,PAY,ORD,ESB,CDC,Warning,PAY_AUTHZ_002,Payment authorization declined by issuer,Authorization,1420,SESS_40497b717d10,REQ_8c37ffe7588c4243,2026-09-13 08:23:11
EVT_002209,IF_PRC_003,PRC,MFG,API,REST,Failed,PRC_MAT_002,Material availability check timed out,Timeout,8585,SESS_bfc00dc804f6,REQ_751abc136d774ccd,2026-09-13 08:26:11
EVT_002169,IF_PRC_002,PRC,ASM,Batch,Batch,Failed,PRC_MAT_002,Material availability check timed out,Timeout,3523,SESS_1a84a51aa9d3,REQ_3cf5c6469e3b4c1e,2026-09-13 08:26:36
EVT_002554,IF_ASM_002,ASM,DLV,API,REST,Warning,ASM_CAP_003,Assembly line at maximum capacity,Capacity,688,SESS_3b8faa1837f8,REQ_d3d49652ad514091,2026-09-13 08:27:13
EVT_001692,IF_MFG_003,MFG,ASM,MsgBus,CDC,Warning,MFG_QC_003,Quality check parameters out of tolerance,Validation,839,SESS_8a0b3c3336d8,REQ_a79ab77f9dbd4f5a,2026-09-13 08:29:54
EVT_001962,IF_PRC_001,PRC,MFG,ESB,SOAP,Warning,PRC_AUTHZ_004,Procurement user lacks approval authorization,Authorization,1181,SESS_4f77a665ac3c,REQ_207ae847995b4e41,2026-09-13 08:31:07
EVT_002532,IF_ASM_002,ASM,DLV,API,REST,Failed,ASM_NET_004,Assembly station network connectivity lost,Network,2878,SESS_9e9a9f830668,REQ_46a39e827f6347f9,2026-09-13 08:37:07
EVT_001902,IF_PRC_001,PRC,MFG,ESB,SOAP,Warning,PRC_CFG_003,Procurement routing configuration invalid,Configuration,991,SESS_fb02bebb4872,REQ_c8bfa5a3656642cb,2026-09-13 08:39:26
EVT_000825,IF_ORD_002,ORD,MFG,MsgBus,Async,Warning,ORD_AUTH_003,Order service authentication token expired,Authentication,1308,SESS_e14eb70db380,REQ_fbf9f9463ee14583,2026-09-13 08:42:43
EVT_000249,IF_ORD_001,ORD,PAY,API,REST,Failed,ORD_DB_001,Order database connection timeout,Database,2375,SESS_0e8fa8e0284d,REQ_39c0ff8a62744cd5,2026-09-13 08:45:47
EVT_000188,IF_ORD_001,ORD,PAY,API,REST,Failed,ORD_DB_001,Order database connection timeout,Database,7239,SESS_6a8a616fc3b2,REQ_57555516d2e844aa,2026-09-13 08:47:04
EVT_001034,IF_ORD_002,ORD,MFG,MsgBus,Async,Warning,ORD_NET_004,Network timeout while contacting order service,Network,6977,SESS_a867a096edd8,REQ_08340abf6fc44f59,2026-09-13 08:47:55
EVT_002784,IF_DLV_001,DLV,PAY,API,REST,Warning,DLV_CFG_002,Delivery zone configuration mismatch,Configuration,1530,SESS_4d6168bd2def,REQ_f8ab7101defe4e8d,2026-09-13 08:48:16
EVT_002456,IF_ASM_001,ASM,DLV,MsgBus,Async,Failed,ASM_DB_002,Assembly tracking database update failed,Database,3290,SESS_6a07f2137129,REQ_14fc3416594c401a,2026-09-13 08:48:24
EVT_002768,IF_DLV_001,DLV,PAY,API,REST,Failed,DLV_TIME_003,Carrier API response timeout,Timeout,6648,SESS_67b032831d7c,REQ_1c3f22cde0844afc,2026-09-13 08:52:07
EVT_000996,IF_ORD_002,ORD,MFG,MsgBus,Async,Failed,ORD_DB_001,Order database connection timeout,Database,7516,SESS_561e16d16105,REQ_d2b3baa4318846b6,2026-09-13 08:52:11
EVT_000011,IF_ORD_001,ORD,PAY,API,REST,Failed,ORD_DB_001,Order database connection timeout,Database,4799,SESS_59a1120e1bb4,REQ_873a57373ac040c0,2026-09-13 08:54:41
EVT_000223,IF_ORD_001,ORD,PAY,API,REST,Failed,ORD_NET_004,Network timeout while contacting order service,Network,6664,SESS_683514f2ceb8,REQ_af523174f9534355,2026-09-13 08:55:45
EVT_001334,IF_MFG_001,MFG,ASM,MsgBus,Async,Failed,MFG_MACHINE_001,Manufacturing machine controller not responding,Infrastructure,916,SESS_250741818d1f,REQ_588ae2ee78644b61,2026-09-13 08:56:24
EVT_002054,IF_PRC_002,PRC,ASM,Batch,Batch,Warning,PRC_AUTHZ_004,Procurement user lacks approval authorization,Authorization,173,SESS_4ab7706eb773,REQ_4b91c2836f1040a5,2026-09-13 09:00:28
EVT_001352,IF_MFG_001,MFG,ASM,MsgBus,Async,Warning,MFG_QC_003,Quality check parameters out of tolerance,Validation,1409,SESS_e91e314e0c8e,REQ_5a18bcb9bac14874,2026-09-13 09:01:57
EVT_001950,IF_PRC_001,PRC,MFG,ESB,SOAP,Failed,PRC_PO_001,Purchase order rejected by supplier system,ExternalService,4452,SESS_214f3f12cfd0,REQ_439b17c85e144063,2026-09-13 09:04:57
EVT_002552,IF_ASM_002,ASM,DLV,API,REST,Warning,ASM_COMP_001,Assembly component mismatch detected,Validation,131,SESS_bac7e2b96a7e,REQ_ba8ab2c42f3d4d25,2026-09-13 09:06:12
EVT_000292,IF_ORD_001,ORD,PAY,API,REST,Warning,ORD_AUTH_003,Order service authentication token expired,Authentication,1555,SESS_12476f57a5e5,REQ_c588d1da44d64380,2026-09-13 09:10:41
EVT_001133,IF_ORD_003,ORD,MFG,API,REST,Failed,ORD_DB_001,Order database connection timeout,Database,8551,SESS_ae8a781390e0,REQ_9909728abfeb4747,2026-09-13 09:12:20
EVT_001830,IF_MFG_004,MFG,PRC,MsgBus,Async,Failed,MFG_CAP_004,Manufacturing queue capacity exceeded,Capacity,361,SESS_0763fcd01f15,REQ_9ed6a7959dfc4516,2026-09-13 09:13:03
EVT_001058,IF_ORD_002,ORD,MFG,MsgBus,Async,Warning,ORD_DB_001,Order database connection timeout,Database,7288,SESS_cae9b4a72a79,REQ_dbf2f9f6bf5b4310,2026-09-13 09:13:19
EVT_002773,IF_DLV_001,DLV,PAY,API,REST,Warning,DLV_CFG_002,Delivery zone configuration mismatch,Configuration,1474,SESS_479d0cdaf396,REQ_e368c187422342a4,2026-09-13 09:15:55
EVT_000890,IF_ORD_002,ORD,MFG,MsgBus,Async,Failed,ORD_DB_001,Order database connection timeout,Database,6926,SESS_171e16cc5da3,REQ_873f7722681b44c1,2026-09-13 09:17:18
EVT_001882,IF_PRC_001,PRC,MFG,ESB,SOAP,Warning,PRC_AUTHZ_004,Procurement user lacks approval authorization,Authorization,985,SESS_dd81b7f57d59,REQ_ec4a7f0cdf0940ce,2026-09-13 09:20:33
EVT_002960,IF_DLV_001,DLV,PAY,API,REST,Warning,DLV_CFG_002,Delivery zone configuration mismatch,Configuration,1528,SESS_d46ef1041190,REQ_2737b3910ebe49d2,2026-09-13 09:20:56
EVT_002977,IF_DLV_001,DLV,PAY,API,REST,Failed,DLV_DB_004,Delivery tracking database error,Database,2369,SESS_67b032831d7c,REQ_b3413939272e4bda,2026-09-13 09:21:01
EVT_001526,IF_MFG_002,MFG,ASM,API,REST,Failed,MFG_DB_002,Manufacturing execution database write failure,Database,5220,SESS_5e781fd794e0,REQ_acceb0ef2f984cc8,2026-09-13 09:22:52
EVT_000871,IF_ORD_002,ORD,MFG,MsgBus,Async,Failed,ORD_AUTH_003,Order service authentication token expired,Authentication,766,SESS_620a60ac9261,REQ_369b8cceae774828,2026-09-13 09:25:12
EVT_002853,IF_DLV_001,DLV,PAY,API,REST,Warning,DLV_CFG_002,Delivery zone configuration mismatch,Configuration,792,SESS_9f8ded9756ab,REQ_193daa19e7f6471e,2026-09-13 09:25:27
EVT_002507,IF_ASM_002,ASM,DLV,API,REST,Warning,ASM_NET_004,Assembly station network connectivity lost,Network,7160,SESS_f72ada9b2f32,REQ_09759f3757dc41e9,2026-09-13 09:25:53
EVT_000522,IF_PAY_001,PAY,ORD,API,REST,Failed,PAY_TIME_004,Payment gateway response timeout,Timeout,7628,SESS_12e89d102871,REQ_90177fce8dcb4b03,2026-09-13 09:26:18
EVT_000322,IF_PAY_001,PAY,ORD,API,REST,Warning,PAY_AUTH_001,Payment gateway authentication failed,Authentication,1217,SESS_2cd1586a2b84,REQ_2b2e1a3d47ea486b,2026-09-13 09:31:58
EVT_001086,IF_ORD_003,ORD,MFG,API,REST,Failed,ORD_DB_001,Order database connection timeout,Database,3695,SESS_bcae8081bdf0,REQ_22d12c981b804b30,2026-09-13 09:38:28
EVT_000034,IF_ORD_001,ORD,PAY,API,REST,Failed,ORD_NET_004,Network timeout while contacting order service,Network,8348,SESS_5560db22c96b,REQ_72f47785b51f4576,2026-09-13 09:39:18
EVT_002850,IF_DLV_001,DLV,PAY,API,REST,Failed,DLV_ROUTE_001,Delivery routing service unavailable,ExternalService,3759,SESS_bac7e2b96a7e,REQ_b6f76f26bfa54716,2026-09-13 09:39:40
EVT_000851,IF_ORD_002,ORD,MFG,MsgBus,Async,Failed,ORD_NET_004,Network timeout while contacting order service,Network,5061,SESS_74672cd9362f,REQ_876a8b7efbc54315,2026-09-13 09:40:30
EVT_002824,IF_DLV_001,DLV,PAY,API,REST,Failed,DLV_ROUTE_001,Delivery routing service unavailable,ExternalService,6126,SESS_054f92fff366,REQ_24e460a0579b479e,2026-09-13 09:41:17
EVT_002462,IF_ASM_001,ASM,DLV,MsgBus,Async,Warning,ASM_COMP_001,Assembly component mismatch detected,Validation,684,SESS_fb1e143b196f,REQ_c5eac1e7a39247d2,2026-09-13 09:43:03
EVT_000143,IF_ORD_001,ORD,PAY,API,REST,Failed,ORD_VAL_002,Order validation failed due to missing required field,Validation,983,SESS_272a6d8eb512,REQ_35156bc23c014c53,2026-09-13 09:44:08
EVT_002936,IF_DLV_001,DLV,PAY,API,REST,Warning,DLV_CFG_002,Delivery zone configuration mismatch,Configuration,725,SESS_02627f731292,REQ_b827f38277774051,2026-09-13 09:44:42
EVT_001871,IF_PRC_001,PRC,MFG,ESB,SOAP,Warning,PRC_MAT_002,Material availability check timed out,Timeout,8455,SESS_49a23a89e6b5,REQ_4fb0b252fcfa4f86,2026-09-13 09:44:57
EVT_002184,IF_PRC_003,PRC,MFG,API,REST,Warning,PRC_CFG_003,Procurement routing configuration invalid,Configuration,1708,SESS_f2f9e5fa9016,REQ_c9672cc2c1104932,2026-09-13 09:45:10
EVT_002677,IF_ASM_002,ASM,DLV,API,REST,Failed,ASM_CAP_003,Assembly line at maximum capacity,Capacity,982,SESS_c30ff46e8026,REQ_0eb204b833d64b85,2026-09-13 09:46:00
EVT_001225,IF_ORD_003,ORD,MFG,API,REST,Warning,ORD_VAL_002,Order validation failed due to missing required field,Validation,388,SESS_f7dc67e03097,REQ_bffc4fdf80c14a7b,2026-09-13 09:47:08
EVT_000044,IF_ORD_001,ORD,PAY,API,REST,Failed,ORD_NET_004,Network timeout while contacting order service,Network,7258,SESS_2a1f955ad499,REQ_090f3fe619f841bc,2026-09-13 09:51:43
EVT_002050,IF_PRC_001,PRC,MFG,ESB,SOAP,Warning,PRC_CFG_003,Procurement routing configuration invalid,Configuration,1031,SESS_1dad09b252c2,REQ_c9ae293d23f04676,2026-09-13 09:52:32
EVT_000177,IF_ORD_001,ORD,PAY,API,REST,Warning,ORD_AUTH_003,Order service authentication token expired,Authentication,591,SESS_9f294a8bd184,REQ_cc1e7041548c4de2,2026-09-13 09:56:51
EVT_002953,IF_DLV_001,DLV,PAY,API,REST,Failed,DLV_TIME_003,Carrier API response timeout (correlated with upstream failure on IF_ASM_002),Timeout,8465,SESS_c30ff46e8026,REQ_e3a132e6893b4faa,2026-09-13 09:57:32
EVT_001880,IF_PRC_001,PRC,MFG,ESB,SOAP,Failed,PRC_MAT_002,Material availability check timed out,Timeout,6389,SESS_675dd5af3c36,REQ_715fbc5ff7fa48be,2026-09-13 10:00:06
EVT_002454,IF_ASM_001,ASM,DLV,MsgBus,Async,Failed,ASM_CAP_003,Assembly line at maximum capacity,Capacity,1934,SESS_59a1120e1bb4,REQ_117ae448a22f42a6,2026-09-13 10:02:04
EVT_002052,IF_PRC_001,PRC,MFG,ESB,SOAP,Failed,PRC_PO_001,Purchase order rejected by supplier system,ExternalService,8359,SESS_0f6b40d09efb,REQ_6822c9822fea4594,2026-09-13 10:04:53
EVT_002373,IF_ASM_001,ASM,DLV,MsgBus,Async,Warning,ASM_COMP_001,Assembly component mismatch detected,Validation,156,SESS_119c4ea3e180,REQ_71bf12d9a74a4668,2026-09-13 10:07:42
EVT_000935,IF_ORD_002,ORD,MFG,MsgBus,Async,Warning,ORD_VAL_002,Order validation failed due to missing required field,Validation,1038,SESS_6bc4123ebde1,REQ_e4025b13b1d7497f,2026-09-13 10:10:22
EVT_000058,IF_ORD_001,ORD,PAY,API,REST,Warning,ORD_AUTH_003,Order service authentication token expired,Authentication,1436,SESS_4dd8eb85b04d,REQ_6e1c3d13415549cd,2026-09-13 10:11:29
EVT_000331,IF_PAY_001,PAY,ORD,API,REST,Failed,PAY_EXT_003,Payment processor external service error,ExternalService,7364,SESS_8768a84fa76a,REQ_d65c8d76876040ad,2026-09-13 10:15:47
EVT_000544,IF_PAY_001,PAY,ORD,API,REST,Warning,PAY_AUTH_001,Payment gateway authentication failed,Authentication,1378,SESS_7c5308bf6f92,REQ_94325d95d46343a7,2026-09-13 10:18:41
EVT_000281,IF_ORD_001,ORD,PAY,API,REST,Failed,ORD_DB_001,Order database connection timeout,Database,7834,SESS_49c13de73b42,REQ_3dbe4ce1f08b42f4,2026-09-13 10:23:08
EVT_000238,IF_ORD_001,ORD,PAY,API,REST,Warning,ORD_AUTH_003,Order service authentication token expired,Authentication,601,SESS_2cd1586a2b84,REQ_3cabdc0977ad4ce4,2026-09-13 10:24:44
EVT_000649,IF_PAY_002,PAY,ORD,ESB,CDC,Warning,PAY_AUTHZ_002,Payment authorization declined by issuer,Authorization,1960,SESS_ca8f3653c9af,REQ_63174b3265c24116,2026-09-13 10:25:12
EVT_002849,IF_DLV_001,DLV,PAY,API,REST,Warning,DLV_CFG_002,Delivery zone configuration mismatch,Configuration,1050,SESS_295b4715c333,REQ_34c416bb058c490f,2026-09-13 10:30:38
EVT_002136,IF_PRC_002,PRC,ASM,Batch,Batch,Warning,PRC_AUTHZ_004,Procurement user lacks approval authorization,Authorization,1120,SESS_68949b8d00af,REQ_a80da48eac4244d8,2026-09-13 10:32:48
EVT_001662,IF_MFG_003,MFG,ASM,MsgBus,CDC,Warning,MFG_QC_003,Quality check parameters out of tolerance,Validation,2339,SESS_c9776598203c,REQ_03a9d873403d4fe9,2026-09-13 10:34:39
EVT_002492,IF_ASM_002,ASM,DLV,API,REST,Failed,ASM_CAP_003,Assembly line at maximum capacity,Capacity,1315,SESS_c122b5b3284c,REQ_c451676650814b67,2026-09-13 10:35:53
EVT_000178,IF_ORD_001,ORD,PAY,API,REST,Warning,ORD_AUTH_003,Order service authentication token expired,Authentication,1062,SESS_a5c5650c8186,REQ_2721fb9d343344b4,2026-09-13 10:36:32
EVT_002240,IF_PRC_003,PRC,MFG,API,REST,Warning,PRC_CFG_003,Procurement routing configuration invalid,Configuration,1916,SESS_e64d1bcb7027,REQ_d6de1a601f424756,2026-09-13 10:36:44
EVT_000725,IF_PAY_002,PAY,ORD,ESB,CDC,Failed,PAY_TIME_004,Payment gateway response timeout,Timeout,8080,SESS_f4427e0b6148,REQ_9da440273c144d2e,2026-09-13 10:37:04
EVT_002327,IF_ASM_001,ASM,DLV,MsgBus,Async,Failed,ASM_NET_004,Assembly station network connectivity lost,Network,2685,SESS_9424aed51bac,REQ_9ae7235a62454653,2026-09-13 10:38:19
EVT_000113,IF_ORD_001,ORD,PAY,API,REST,Failed,ORD_DB_001,Order database connection timeout,Database,3109,SESS_68949b8d00af,REQ_18af61fe6ff540d4,2026-09-13 10:39:24
EVT_001948,IF_PRC_001,PRC,MFG,ESB,SOAP,Failed,PRC_PO_001,Purchase order rejected by supplier system,ExternalService,8986,SESS_21e8ac6843e4,REQ_accdd9bf739a4038,2026-09-13 10:41:55
EVT_001183,IF_ORD_003,ORD,MFG,API,REST,Warning,ORD_VAL_002,Order validation failed due to missing required field,Validation,891,SESS_89c8d2ab6b44,REQ_c06b115ecdd540d2,2026-09-13 10:44:43
EVT_001071,IF_ORD_002,ORD,MFG,MsgBus,Async,Warning,ORD_AUTH_003,Order service authentication token expired,Authentication,520,SESS_96bf10ab3ce9,REQ_fa0d78a337914484,2026-09-13 10:44:49
EVT_001358,IF_MFG_001,MFG,ASM,MsgBus,Async,Failed,MFG_MACHINE_001,Manufacturing machine controller not responding,Infrastructure,394,SESS_cbd58bf61efd,REQ_2a224d8a22fe45fe,2026-09-13 10:45:28
EVT_000478,IF_PAY_001,PAY,ORD,API,REST,Failed,PAY_EXT_003,Payment processor external service error,ExternalService,6846,SESS_f3821cfdc083,REQ_456985356792492b,2026-09-13 10:46:27
EVT_002120,IF_PRC_002,PRC,ASM,Batch,Batch,Warning,PRC_CFG_003,Procurement routing configuration invalid,Configuration,667,SESS_8a0b3c3336d8,REQ_2719de8617994749,2026-09-13 10:49:17
EVT_002089,IF_PRC_002,PRC,ASM,Batch,Batch,Failed,PRC_MAT_002,Material availability check timed out,Timeout,7250,SESS_57c700aab7b5,REQ_ac068e742dbf4b1e,2026-09-13 10:50:06
EVT_002641,IF_ASM_002,ASM,DLV,API,REST,Warning,ASM_COMP_001,Assembly component mismatch detected,Validation,1957,SESS_91d63f78e3e9,REQ_101f25559c9749e5,2026-09-13 10:51:33
EVT_000757,IF_PAY_002,PAY,ORD,ESB,CDC,Warning,PAY_AUTH_001,Payment gateway authentication failed,Authentication,1834,SESS_3317347038f1,REQ_39ab244e2d294475,2026-09-13 10:52:42
EVT_001400,IF_MFG_001,MFG,ASM,MsgBus,Async,Warning,MFG_QC_003,Quality check parameters out of tolerance,Validation,719,SESS_5563f61600e8,REQ_02cef023679e4bd2,2026-09-13 10:53:48
EVT_000951,IF_ORD_002,ORD,MFG,MsgBus,Async,Failed,ORD_DB_001,Order database connection timeout,Database,7327,SESS_b3aa7efe4458,REQ_f606fe00f8454e2e,2026-09-13 10:54:56
EVT_000570,IF_PAY_001,PAY,ORD,API,REST,Failed,PAY_EXT_003,Payment processor external service error,ExternalService,8126,SESS_d4a057a7b0cc,REQ_b020a1bd9f6e45d1,2026-09-13 10:56:16
EVT_002921,IF_DLV_001,DLV,PAY,API,REST,Warning,DLV_CFG_002,Delivery zone configuration mismatch,Configuration,94,SESS_f3821cfdc083,REQ_e2da6ca258374f41,2026-09-13 10:57:06
EVT_001081,IF_ORD_002,ORD,MFG,MsgBus,Async,Failed,ORD_DB_001,Order database connection timeout,Database,5309,SESS_bcae8081bdf0,REQ_a01fd288808e4e15,2026-09-13 10:59:28
EVT_001434,IF_MFG_001,MFG,ASM,MsgBus,Async,Warning,MFG_QC_003,Quality check parameters out of tolerance,Validation,1787,SESS_ae8a781390e0,REQ_4aa8a43d18a94d35,2026-09-13 11:02:06
EVT_001873,IF_PRC_001,PRC,MFG,ESB,SOAP,Failed,PRC_PO_001,Purchase order rejected by supplier system,ExternalService,2143,SESS_40497b717d10,REQ_8e5b8746250e4b47,2026-09-13 11:05:09
EVT_000396,IF_PAY_001,PAY,ORD,API,REST,Warning,PAY_AUTH_001,Payment gateway authentication failed,Authentication,1285,SESS_74672cd9362f,REQ_4730b1dc018a4fd0,2026-09-13 11:05:38
EVT_001521,IF_MFG_002,MFG,ASM,API,REST,Warning,MFG_QC_003,Quality check parameters out of tolerance,Validation,1093,SESS_13eecdc6ebd1,REQ_03178a40841f495d,2026-09-13 11:09:54
EVT_001212,IF_ORD_003,ORD,MFG,API,REST,Warning,ORD_VAL_002,Order validation failed due to missing required field,Validation,1926,SESS_9e87e04ca208,REQ_417ec0a224084b08,2026-09-13 11:10:12
EVT_002197,IF_PRC_003,PRC,MFG,API,REST,Failed,PRC_PO_001,Purchase order rejected by supplier system,ExternalService,7578,SESS_27209bdf1c11,REQ_a37135e6e7144854,2026-09-13 11:10:49
EVT_002529,IF_ASM_002,ASM,DLV,API,REST,Failed,ASM_CAP_003,Assembly line at maximum capacity,Capacity,820,SESS_675dd5af3c36,REQ_3d9a5f7e841e43d2,2026-09-13 11:11:38
EVT_001230,IF_ORD_003,ORD,MFG,API,REST,Warning,ORD_VAL_002,Order validation failed due to missing required field,Validation,357,SESS_c696f5e64944,REQ_c47925aad1f14182,2026-09-13 11:14:48
EVT_002011,IF_PRC_001,PRC,MFG,ESB,SOAP,Failed,PRC_MAT_002,Material availability check timed out,Timeout,7366,SESS_c5ce099c46b8,REQ_6875505d4d984df8,2026-09-13 11:14:54
EVT_002380,IF_ASM_001,ASM,DLV,MsgBus,Async,Failed,ASM_DB_002,Assembly tracking database update failed,Database,8229,SESS_f30a9e32aba4,REQ_24cafd10dcaf46fb,2026-09-13 11:16:24
EVT_002700,IF_DLV_001,DLV,PAY,API,REST,Failed,DLV_TIME_003,Carrier API response timeout (correlated with upstream failure on IF_ASM_002),Timeout,7314,SESS_675dd5af3c36,REQ_2a192574589d4d1b,2026-09-13 11:18:30
EVT_000864,IF_ORD_002,ORD,MFG,MsgBus,Async,Failed,ORD_DB_001,Order database connection timeout,Database,7728,SESS_e61ede900267,REQ_28f572c8055844ad,2026-09-13 11:22:22
EVT_001197,IF_ORD_003,ORD,MFG,API,REST,Failed,ORD_DB_001,Order database connection timeout,Database,4399,SESS_c9776598203c,REQ_9ca5b46793224fe1,2026-09-13 11:24:05
EVT_002522,IF_ASM_002,ASM,DLV,API,REST,Failed,ASM_DB_002,Assembly tracking database update failed,Database,8929,SESS_d7fa2d8dfb2c,REQ_e17fe4d6aa72486e,2026-09-13 11:27:46
EVT_002212,IF_PRC_003,PRC,MFG,API,REST,Failed,PRC_PO_001,Purchase order rejected by supplier system,ExternalService,5222,SESS_6142ea7d17be,REQ_a6efa7cf2c624ed8,2026-09-13 11:27:53
EVT_002464,IF_ASM_001,ASM,DLV,MsgBus,Async,Failed,ASM_NET_004,Assembly station network connectivity lost,Network,5559,SESS_4ab7706eb773,REQ_924d16f0a41248b4,2026-09-13 11:29:26
EVT_002167,IF_PRC_002,PRC,ASM,Batch,Batch,Failed,PRC_PO_001,Purchase order rejected by supplier system,ExternalService,3890,SESS_15da705cd4ef,REQ_339618889b7f40eb,2026-09-13 11:29:38
EVT_000164,IF_ORD_001,ORD,PAY,API,REST,Failed,ORD_NET_004,Network timeout while contacting order service,Network,8058,SESS_076979d64477,REQ_65c68b5f80b54388,2026-09-13 11:31:49
EVT_002822,IF_DLV_001,DLV,PAY,API,REST,Warning,DLV_CFG_002,Delivery zone configuration mismatch,Configuration,619,SESS_4f8d5238288b,REQ_b98d253b4db545b1,2026-09-13 11:32:46
EVT_002844,IF_DLV_001,DLV,PAY,API,REST,Warning,DLV_CFG_002,Delivery zone configuration mismatch,Configuration,1899,SESS_8e2007247d13,REQ_e7e40587e90d422f,2026-09-13 11:35:42
EVT_001983,IF_PRC_001,PRC,MFG,ESB,SOAP,Warning,PRC_CFG_003,Procurement routing configuration invalid,Configuration,540,SESS_f36cb62b892e,REQ_0808983a446c4712,2026-09-13 11:41:29
EVT_002750,IF_DLV_001,DLV,PAY,API,REST,Failed,DLV_DB_004,Delivery tracking database error,Database,5872,SESS_706c5c5649e2,REQ_20c9f2801b324572,2026-09-13 11:43:47
EVT_002586,IF_ASM_002,ASM,DLV,API,REST,Warning,ASM_COMP_001,Assembly component mismatch detected,Validation,1508,SESS_edd4253b50f0,REQ_bef2c89bc9644a1d,2026-09-13 11:44:57
EVT_000013,IF_ORD_001,ORD,PAY,API,REST,Warning,ORD_VAL_002,Order validation failed due to missing required field,Validation,1556,SESS_5ad5cf06364d,REQ_19689918895742ec,2026-09-13 11:46:15
EVT_002871,IF_DLV_001,DLV,PAY,API,REST,Failed,DLV_ROUTE_001,Delivery routing service unavailable,ExternalService,7933,SESS_1dad09b252c2,REQ_ce95dd2dfbb54074,2026-09-13 11:47:37
EVT_001077,IF_ORD_002,ORD,MFG,MsgBus,Async,Failed,ORD_DB_001,Order database connection timeout,Database,7113,SESS_533420e6d9d8,REQ_8791356c553a4f39,2026-09-13 11:48:01
EVT_001171,IF_ORD_003,ORD,MFG,API,REST,Warning,ORD_VAL_002,Order validation failed due to missing required field,Validation,622,SESS_3317347038f1,REQ_ebac0a13e2c24e7e,2026-09-13 11:51:28
EVT_000695,IF_PAY_002,PAY,ORD,ESB,CDC,Failed,PAY_EXT_003,Payment processor external service error,ExternalService,4358,SESS_7428a656b3ee,REQ_57596ca2d2164df1,2026-09-13 11:53:45
EVT_002772,IF_DLV_001,DLV,PAY,API,REST,Warning,DLV_CFG_002,Delivery zone configuration mismatch,Configuration,1858,SESS_614ff3d719db,REQ_2ad0599f0c58489b,2026-09-13 11:55:29
EVT_000413,IF_PAY_001,PAY,ORD,API,REST,Warning,PAY_AUTH_001,Payment gateway authentication failed,Authentication,500,SESS_ae270da702f0,REQ_709fca8a172949f4,2026-09-13 11:55:32
EVT_002235,IF_PRC_003,PRC,MFG,API,REST,Failed,PRC_MAT_002,Material availability check timed out,Timeout,8585,SESS_67f48ad54d0b,REQ_8cc044cbb5a94360,2026-09-13 11:55:37
EVT_001178,IF_ORD_003,ORD,MFG,API,REST,Warning,ORD_AUTH_003,Order service authentication token expired,Authentication,1725,SESS_6a8a616fc3b2,REQ_3808ea383a3d4646,2026-09-13 11:57:59
EVT_001367,IF_MFG_001,MFG,ASM,MsgBus,Async,Warning,MFG_QC_003,Quality check parameters out of tolerance,Validation,1749,SESS_02627f731292,REQ_edc1a9f8c58d46d2,2026-09-13 12:01:21
EVT_000231,IF_ORD_001,ORD,PAY,API,REST,Warning,ORD_VAL_002,Order validation failed due to missing required field,Validation,178,SESS_2d534dd0cf8e,REQ_7d41e51b7a964c9a,2026-09-13 12:07:35
EVT_000445,IF_PAY_001,PAY,ORD,API,REST,Failed,PAY_EXT_003,Payment processor external service error,ExternalService,5111,SESS_142c3fe860e7,REQ_62673ea55d844de9,2026-09-13 12:09:33
EVT_001250,IF_ORD_003,ORD,MFG,API,REST,Failed,ORD_NET_004,Network timeout while contacting order service,Network,5798,SESS_3e83b91f2544,REQ_3c4bed89840b4b3b,2026-09-13 12:09:47
EVT_002242,IF_PRC_003,PRC,MFG,API,REST,Failed,PRC_MAT_002,Material availability check timed out,Timeout,3050,SESS_c2a796891933,REQ_4d9bee53dbcb4db0,2026-09-13 12:13:04
EVT_000100,IF_ORD_001,ORD,PAY,API,REST,Failed,ORD_NET_004,Network timeout while contacting order service,Network,2647,SESS_683514f2ceb8,REQ_a0a1f6ac482c4dfd,2026-09-13 12:15:44
EVT_001848,IF_PRC_001,PRC,MFG,ESB,SOAP,Warning,PRC_CFG_003,Procurement routing configuration invalid,Configuration,1404,SESS_4dcabfb7001a,REQ_fa1293f814e9455f,2026-09-13 12:18:04
EVT_001668,IF_MFG_003,MFG,ASM,MsgBus,CDC,Failed,MFG_MACHINE_001,Manufacturing machine controller not responding,Infrastructure,2609,SESS_c1590f538a0f,REQ_c238de9a10044935,2026-09-13 12:18:32
EVT_000520,IF_PAY_001,PAY,ORD,API,REST,Failed,PAY_AUTHZ_002,Payment authorization declined by issuer,Authorization,1789,SESS_dc99e04cf0e9,REQ_62fa61da65844d74,2026-09-13 12:32:14
EVT_002489,IF_ASM_002,ASM,DLV,API,REST,Failed,ASM_NET_004,Assembly station network connectivity lost,Network,3301,SESS_1ff49b788946,REQ_3af41025d6534298,2026-09-13 12:32:53
EVT_000867,IF_ORD_002,ORD,MFG,MsgBus,Async,Failed,ORD_NET_004,Network timeout while contacting order service (correlated with upstream failure on IF_PAY_001),Network,2849,SESS_dc99e04cf0e9,REQ_7348941ea28a47e0,2026-09-13 12:33:46
EVT_001791,IF_MFG_004,MFG,PRC,MsgBus,Async,Warning,MFG_QC_003,Quality check parameters out of tolerance,Validation,535,SESS_54fd9ad39716,REQ_1c97a802e8064948,2026-09-13 12:36:27
EVT_001472,IF_MFG_001,MFG,ASM,MsgBus,Async,Warning,MFG_QC_003,Quality check parameters out of tolerance,Validation,566,SESS_1a84a51aa9d3,REQ_60896025419a4c13,2026-09-13 12:36:54
EVT_001993,IF_PRC_001,PRC,MFG,ESB,SOAP,Failed,PRC_MAT_002,Material availability check timed out,Timeout,8093,SESS_72ff5d2a386e,REQ_989559a2426b4090,2026-09-13 12:37:07
EVT_001161,IF_ORD_003,ORD,MFG,API,REST,Failed,ORD_NET_004,Network timeout while contacting order service,Network,8854,SESS_ef43613cd4aa,REQ_85f96b0a03b34950,2026-09-13 12:40:06
EVT_002686,IF_DLV_001,DLV,PAY,API,REST,Failed,DLV_DB_004,Delivery tracking database error,Database,8725,SESS_96bf10ab3ce9,REQ_7d5a02f62aa0455b,2026-09-13 12:40:59
EVT_000924,IF_ORD_002,ORD,MFG,MsgBus,Async,Failed,ORD_NET_004,Network timeout while contacting order service,Network,5836,SESS_2cd1586a2b84,REQ_342d54b5c939469a,2026-09-13 12:41:30
EVT_001261,IF_ORD_003,ORD,MFG,API,REST,Warning,ORD_VAL_002,Order validation failed due to missing required field (correlated with upstream failure on IF_PAY_001),Validation,1050,SESS_dc99e04cf0e9,REQ_a01b7b0c7c94472d,2026-09-13 12:47:51
EVT_001520,IF_MFG_002,MFG,ASM,API,REST,Warning,MFG_QC_003,Quality check parameters out of tolerance (correlated with upstream failure on IF_ORD_002),Validation,1992,SESS_5e5ba13d746c,REQ_6e3fd47a4b634e70,2026-09-13 12:48:21
EVT_002246,IF_PRC_003,PRC,MFG,API,REST,Warning,PRC_AUTHZ_004,Procurement user lacks approval authorization,Authorization,3970,SESS_73b6a09b1bea,REQ_3a22a08e7f284810,2026-09-13 12:48:23
EVT_001766,IF_MFG_004,MFG,PRC,MsgBus,Async,Failed,MFG_CAP_004,Manufacturing queue capacity exceeded,Capacity,1802,SESS_ae340454cac5,REQ_7e4c1c49aeab40a0,2026-09-13 12:48:56
EVT_002707,IF_DLV_001,DLV,PAY,API,REST,Warning,DLV_CFG_002,Delivery zone configuration mismatch,Configuration,977,SESS_23bed01d43cf,REQ_258f8693a64943e1,2026-09-13 12:50:41
EVT_002886,IF_DLV_001,DLV,PAY,API,REST,Failed,DLV_DB_004,Delivery tracking database error,Database,2200,SESS_dc4ad56bd601,REQ_536b21e9b1e84dad,2026-09-13 12:53:21
EVT_000101,IF_ORD_001,ORD,PAY,API,REST,Warning,ORD_DB_001,Order database connection timeout,Database,2765,SESS_ddcf8766a93b,REQ_c5d4ece10c5f4843,2026-09-13 12:53:45
EVT_002834,IF_DLV_001,DLV,PAY,API,REST,Failed,DLV_ROUTE_001,Delivery routing service unavailable,ExternalService,5049,SESS_e1e3db63ef7d,REQ_bc447864c65644d7,2026-09-13 12:54:06
EVT_002511,IF_ASM_002,ASM,DLV,API,REST,Failed,ASM_NET_004,Assembly station network connectivity lost,Network,3432,SESS_7367c28de1b2,REQ_e9787a16d230433f,2026-09-13 12:56:04
EVT_001686,IF_MFG_003,MFG,ASM,MsgBus,CDC,Failed,MFG_MACHINE_001,Manufacturing machine controller not responding,Infrastructure,1929,SESS_c34b9fbb8d4a,REQ_eca9f46dfac849c3,2026-09-13 12:57:42
EVT_001928,IF_PRC_001,PRC,MFG,ESB,SOAP,Failed,PRC_PO_001,Purchase order rejected by supplier system,ExternalService,2300,SESS_be9d61ee18b8,REQ_c3c47f6f46ab4d42,2026-09-13 13:01:14
EVT_000330,IF_PAY_001,PAY,ORD,API,REST,Failed,PAY_EXT_003,Payment processor external service error,ExternalService,2522,SESS_0dde29a6baa4,REQ_a23133e1e249488a,2026-09-13 13:01:49
EVT_001644,IF_MFG_003,MFG,ASM,MsgBus,CDC,Failed,MFG_CAP_004,Manufacturing queue capacity exceeded,Capacity,842,SESS_65a674c21273,REQ_39709bbb81ef4c39,2026-09-13 13:03:01
EVT_000052,IF_ORD_001,ORD,PAY,API,REST,Warning,ORD_AUTH_003,Order service authentication token expired,Authentication,1626,SESS_3c1bdacc18e1,REQ_75f5cd07fcb34044,2026-09-13 13:03:53
EVT_001431,IF_MFG_001,MFG,ASM,MsgBus,Async,Failed,MFG_CAP_004,Manufacturing queue capacity exceeded,Capacity,1994,SESS_ab05347fd556,REQ_3770f17567da4788,2026-09-13 13:10:01
EVT_000471,IF_PAY_001,PAY,ORD,API,REST,Failed,PAY_EXT_003,Payment processor external service error,ExternalService,7613,SESS_295b4715c333,REQ_43eafbcfc1a142c7,2026-09-13 13:10:42
EVT_000048,IF_ORD_001,ORD,PAY,API,REST,Warning,ORD_VAL_002,Order validation failed due to missing required field,Validation,1642,SESS_1346d1a9f680,REQ_e33ed5e4470d446f,2026-09-13 13:25:03
EVT_000903,IF_ORD_002,ORD,MFG,MsgBus,Async,Failed,ORD_NET_004,Network timeout while contacting order service,Network,5534,SESS_ed3049cf43e4,REQ_80ec3e75f3f6482c,2026-09-13 13:29:44
EVT_000648,IF_PAY_002,PAY,ORD,ESB,CDC,Failed,PAY_EXT_003,Payment processor external service error,ExternalService,2997,SESS_8da0365bf898,REQ_2f08cd824500481d,2026-09-13 13:33:48
EVT_000298,IF_ORD_001,ORD,PAY,API,REST,Failed,ORD_DB_001,Order database connection timeout,Database,8347,SESS_e172b725db52,REQ_6a57747d44eb4fcf,2026-09-13 13:37:22
EVT_002615,IF_ASM_002,ASM,DLV,API,REST,Failed,ASM_DB_002,Assembly tracking database update failed,Database,7151,SESS_74672cd9362f,REQ_cf81131dedba4459,2026-09-13 13:38:24
EVT_002775,IF_DLV_001,DLV,PAY,API,REST,Warning,DLV_CFG_002,Delivery zone configuration mismatch,Configuration,1490,SESS_2ef912766c00,REQ_f82cb68472854e7b,2026-09-13 13:41:00
EVT_002440,IF_ASM_001,ASM,DLV,MsgBus,Async,Warning,ASM_COMP_001,Assembly component mismatch detected,Validation,1495,SESS_6142ea7d17be,REQ_406eef86ed0d4955,2026-09-13 13:41:04
EVT_000358,IF_PAY_001,PAY,ORD,API,REST,Failed,PAY_TIME_004,Payment gateway response timeout,Timeout,2852,SESS_30ac7d7ba2f9,REQ_4cc0564d1a724bdd,2026-09-13 13:42:10
EVT_000593,IF_PAY_001,PAY,ORD,API,REST,Warning,PAY_EXT_003,Payment processor external service error,ExternalService,2303,SESS_d2fe2fded918,REQ_51a5a5bf137c4eda,2026-09-13 13:46:39
EVT_001933,IF_PRC_001,PRC,MFG,ESB,SOAP,Failed,PRC_PO_001,Purchase order rejected by supplier system,ExternalService,4396,SESS_6a5d932b45ff,REQ_02f159f37ab942fc,2026-09-13 13:47:30
EVT_000487,IF_PAY_001,PAY,ORD,API,REST,Failed,PAY_TIME_004,Payment gateway response timeout,Timeout,4270,SESS_ab85fd595463,REQ_7d0f3b121eee46ea,2026-09-13 13:48:36
EVT_002723,IF_DLV_001,DLV,PAY,API,REST,Failed,DLV_TIME_003,Carrier API response timeout,Timeout,8860,SESS_ef43613cd4aa,REQ_58b339aa0b674ba7,2026-09-13 13:49:06
EVT_000830,IF_ORD_002,ORD,MFG,MsgBus,Async,Failed,ORD_NET_004,Network timeout while contacting order service,Network,2684,SESS_3d3f3799a072,REQ_8edff2cb1fbb45a5,2026-09-13 13:49:44
EVT_002997,IF_DLV_001,DLV,PAY,API,REST,Failed,DLV_DB_004,Delivery tracking database error,Database,8942,SESS_4ca9cf07b1aa,REQ_8071faa0481b48ef,2026-09-13 13:51:03
EVT_002777,IF_DLV_001,DLV,PAY,API,REST,Warning,DLV_CFG_002,Delivery zone configuration mismatch,Configuration,827,SESS_d261a7ab3aa2,REQ_6da41d680d7f479f,2026-09-13 13:54:30
EVT_000196,IF_ORD_001,ORD,PAY,API,REST,Warning,ORD_VAL_002,Order validation failed due to missing required field,Validation,711,SESS_610faa3ff0bb,REQ_d6fcb69c964b46f3,2026-09-13 13:56:40
EVT_001453,IF_MFG_001,MFG,ASM,MsgBus,Async,Failed,MFG_DB_002,Manufacturing execution database write failure,Database,3453,SESS_6a5d932b45ff,REQ_bcf4949364684bc5,2026-09-13 13:59:15
EVT_000751,IF_PAY_002,PAY,ORD,ESB,CDC,Warning,PAY_AUTHZ_002,Payment authorization declined by issuer,Authorization,340,SESS_fa5d310011b7,REQ_90e7a4fe9719482d,2026-09-13 14:00:19
EVT_000970,IF_ORD_002,ORD,MFG,MsgBus,Async,Failed,ORD_DB_001,Order database connection timeout,Database,7606,SESS_bb5e4bcf15ed,REQ_845a702aab1344ca,2026-09-13 14:02:35
EVT_001014,IF_ORD_002,ORD,MFG,MsgBus,Async,Warning,ORD_DB_001,Order database connection timeout,Database,6594,SESS_fef518a64dea,REQ_163dcf564cca4638,2026-09-13 14:05:09
EVT_002704,IF_DLV_001,DLV,PAY,API,REST,Failed,DLV_TIME_003,Carrier API response timeout,Timeout,8609,SESS_d46ef1041190,REQ_4d392481f5e04fde,2026-09-13 14:06:16
EVT_001131,IF_ORD_003,ORD,MFG,API,REST,Failed,ORD_NET_004,Network timeout while contacting order service,Network,3627,SESS_73b6a09b1bea,REQ_c0e5ee077f1b456f,2026-09-13 14:07:05
EVT_001254,IF_ORD_003,ORD,MFG,API,REST,Failed,ORD_NET_004,Network timeout while contacting order service,Network,2868,SESS_3ba5cd2fdea4,REQ_ebc1eccf73b54841,2026-09-13 14:09:15
EVT_001533,IF_MFG_002,MFG,ASM,API,REST,Warning,MFG_QC_003,Quality check parameters out of tolerance,Validation,1977,SESS_fbe33b243eae,REQ_bce93caf22f24b53,2026-09-13 14:10:03
EVT_001670,IF_MFG_003,MFG,ASM,MsgBus,CDC,Failed,MFG_DB_002,Manufacturing execution database write failure,Database,4962,SESS_87cdb6a1bf01,REQ_9366d26ffea141bd,2026-09-13 14:13:28
EVT_001438,IF_MFG_001,MFG,ASM,MsgBus,Async,Failed,MFG_DB_002,Manufacturing execution database write failure (correlated with upstream failure on IF_ORD_002),Database,5808,SESS_bb5e4bcf15ed,REQ_5b9a6718057d4a8b,2026-09-13 14:14:08
EVT_000272,IF_ORD_001,ORD,PAY,API,REST,Failed,ORD_DB_001,Order database connection timeout,Database,4118,SESS_47229389571a,REQ_e3229c0b17e94027,2026-09-13 14:14:54
EVT_000884,IF_ORD_002,ORD,MFG,MsgBus,Async,Warning,ORD_NET_004,Network timeout while contacting order service,Network,5550,SESS_d9f195d01482,REQ_26c3e0b0ec2d4d9d,2026-09-13 14:17:52
EVT_002606,IF_ASM_002,ASM,DLV,API,REST,Failed,ASM_CAP_003,Assembly line at maximum capacity,Capacity,1330,SESS_d36357b66f81,REQ_04685aaf0a6b4c5e,2026-09-13 14:20:01
EVT_002319,IF_ASM_001,ASM,DLV,MsgBus,Async,Failed,ASM_DB_002,Assembly tracking database update failed,Database,2768,SESS_9dac6e834524,REQ_a54e360ee9944275,2026-09-13 14:20:09
EVT_002227,IF_PRC_003,PRC,MFG,API,REST,Failed,PRC_MAT_002,Material availability check timed out,Timeout,7688,SESS_d882b5c1f79e,REQ_4b4ac40e948d46b2,2026-09-13 14:20:46
EVT_001860,IF_PRC_001,PRC,MFG,ESB,SOAP,Failed,PRC_MAT_002,Material availability check timed out,Timeout,3262,SESS_f264accc79ac,REQ_3a60859ee39b4de6,2026-09-13 14:21:32
EVT_002811,IF_DLV_001,DLV,PAY,API,REST,Warning,DLV_CFG_002,Delivery zone configuration mismatch (correlated with upstream failure on IF_ASM_002),Configuration,1454,SESS_d36357b66f81,REQ_4b59587afdd5455b,2026-09-13 14:22:09
EVT_000892,IF_ORD_002,ORD,MFG,MsgBus,Async,Warning,ORD_AUTH_003,Order service authentication token expired,Authentication,899,SESS_f1b64afed31e,REQ_86947909af0a4950,2026-09-13 14:25:19
EVT_002182,IF_PRC_003,PRC,MFG,API,REST,Failed,PRC_PO_001,Purchase order rejected by supplier system,ExternalService,7144,SESS_50018b7b6d40,REQ_5bce7301dac14136,2026-09-13 14:26:06
EVT_002428,IF_ASM_001,ASM,DLV,MsgBus,Async,Failed,ASM_NET_004,Assembly station network connectivity lost,Network,4572,SESS_d8e88ebb7a9e,REQ_fa907f205cfb469b,2026-09-13 14:26:16
EVT_002966,IF_DLV_001,DLV,PAY,API,REST,Failed,DLV_DB_004,Delivery tracking database error,Database,6743,SESS_3e493f43b118,REQ_6c67ec855d414a2d,2026-09-13 14:28:44
EVT_002433,IF_ASM_001,ASM,DLV,MsgBus,Async,Warning,ASM_COMP_001,Assembly component mismatch detected (correlated with upstream failure on IF_MFG_001),Validation,679,SESS_bb5e4bcf15ed,REQ_9735382563b340b5,2026-09-13 14:28:49
EVT_000306,IF_ORD_001,ORD,PAY,API,REST,Failed,ORD_DB_001,Order database connection timeout,Database,6989,SESS_1ca35cfb04fc,REQ_17a05f20ee8942cf,2026-09-13 14:33:18
EVT_001898,IF_PRC_001,PRC,MFG,ESB,SOAP,Warning,PRC_CFG_003,Procurement routing configuration invalid,Configuration,801,SESS_50c7c006314d,REQ_973d309ab6cd4544,2026-09-13 14:34:41
EVT_002485,IF_ASM_002,ASM,DLV,API,REST,Failed,ASM_CAP_003,Assembly line at maximum capacity,Capacity,1984,SESS_0df56ac6f96b,REQ_aac6da31a01f4336,2026-09-13 14:35:15
EVT_001299,IF_MFG_001,MFG,ASM,MsgBus,Async,Failed,MFG_CAP_004,Manufacturing queue capacity exceeded,Capacity,957,SESS_7fcd9eb1a7ca,REQ_7a72116b28a44990,2026-09-13 14:37:02
EVT_001886,IF_PRC_001,PRC,MFG,ESB,SOAP,Failed,PRC_AUTHZ_004,Procurement user lacks approval authorization,Authorization,394,SESS_f41ea3ac5fd2,REQ_5eb7b80f2d404c51,2026-09-13 14:38:39
EVT_001709,IF_MFG_003,MFG,ASM,MsgBus,CDC,Failed,MFG_MACHINE_001,Manufacturing machine controller not responding,Infrastructure,1250,SESS_de8a774bcf36,REQ_0167201ea9da45b0,2026-09-13 14:43:00
EVT_001568,IF_MFG_002,MFG,ASM,API,REST,Failed,MFG_MACHINE_001,Manufacturing machine controller not responding,Infrastructure,623,SESS_a377f6f1d289,REQ_9c1fa2f3cf7f4325,2026-09-13 14:43:56
EVT_001049,IF_ORD_002,ORD,MFG,MsgBus,Async,Failed,ORD_DB_001,Order database connection timeout,Database,5596,SESS_fef518a64dea,REQ_d2e9e976ae2e4b2f,2026-09-13 14:44:27
EVT_002798,IF_DLV_001,DLV,PAY,API,REST,Warning,DLV_CFG_002,Delivery zone configuration mismatch,Configuration,335,SESS_1b4da0fe7bb3,REQ_dd1c3c19f5c14a00,2026-09-13 14:46:45
EVT_001384,IF_MFG_001,MFG,ASM,MsgBus,Async,Failed,MFG_MACHINE_001,Manufacturing machine controller not responding,Infrastructure,662,SESS_530a37df0bc6,REQ_e2f61bce7a9847b1,2026-09-13 14:50:04
EVT_001802,IF_MFG_004,MFG,PRC,MsgBus,Async,Failed,MFG_CAP_004,Manufacturing queue capacity exceeded,Capacity,173,SESS_5cae9610c72c,REQ_88abfe1b92ad4fe7,2026-09-13 14:50:07
EVT_002286,IF_ASM_001,ASM,DLV,MsgBus,Async,Warning,ASM_COMP_001,Assembly component mismatch detected,Validation,1738,SESS_46fb7bf300b9,REQ_c7e92ceb6cd2469f,2026-09-13 14:53:42
EVT_000376,IF_PAY_001,PAY,ORD,API,REST,Warning,PAY_AUTH_001,Payment gateway authentication failed,Authentication,461,SESS_3bc1a987aff8,REQ_33349251601b4d6f,2026-09-13 14:58:20
EVT_002761,IF_DLV_001,DLV,PAY,API,REST,Failed,DLV_TIME_003,Carrier API response timeout,Timeout,2740,SESS_b27b3d901a16,REQ_01c23ee5f2a14fd6,2026-09-13 15:03:02
EVT_001162,IF_ORD_003,ORD,MFG,API,REST,Warning,ORD_AUTH_003,Order service authentication token expired,Authentication,1391,SESS_0f8035f55bd2,REQ_44da580bb12f41ab,2026-09-13 15:03:07
EVT_001108,IF_ORD_003,ORD,MFG,API,REST,Failed,ORD_NET_004,Network timeout while contacting order service,Network,6061,SESS_4dd8eb85b04d,REQ_8be60544774c4133,2026-09-13 15:06:59
EVT_000352,IF_PAY_001,PAY,ORD,API,REST,Failed,PAY_EXT_003,Payment processor external service error,ExternalService,7022,SESS_c1590f538a0f,REQ_fc6372c1dabf417b,2026-09-13 15:07:06
EVT_002669,IF_ASM_002,ASM,DLV,API,REST,Warning,ASM_COMP_001,Assembly component mismatch detected,Validation,1789,SESS_0d366dfcc28e,REQ_89a1857e663d4b18,2026-09-13 15:09:37
EVT_002887,IF_DLV_001,DLV,PAY,API,REST,Failed,DLV_DB_004,Delivery tracking database error,Database,2457,SESS_a7a8f6366a35,REQ_4960b36160cf4de3,2026-09-13 15:10:49
EVT_001675,IF_MFG_003,MFG,ASM,MsgBus,CDC,Failed,MFG_DB_002,Manufacturing execution database write failure,Database,6900,SESS_57c700aab7b5,REQ_4ea8ad82df4a4a50,2026-09-13 15:11:17
EVT_000186,IF_ORD_001,ORD,PAY,API,REST,Warning,ORD_AUTH_003,Order service authentication token expired,Authentication,1701,SESS_1ac70ec0ab8d,REQ_24fbf30c9298404d,2026-09-13 15:11:45
EVT_000433,IF_PAY_001,PAY,ORD,API,REST,Failed,PAY_EXT_003,Payment processor external service error,ExternalService,3179,SESS_4b8e63d4ce76,REQ_83d12183fedb4e17,2026-09-13 15:15:00
EVT_001833,IF_MFG_004,MFG,PRC,MsgBus,Async,Warning,MFG_DB_002,Manufacturing execution database write failure,Database,4856,SESS_784c2f299804,REQ_9a1b8f27a61f4e84,2026-09-13 15:15:19
EVT_001674,IF_MFG_003,MFG,ASM,MsgBus,CDC,Failed,MFG_CAP_004,Manufacturing queue capacity exceeded,Capacity,294,SESS_89c8d2ab6b44,REQ_fa0cf4e95aee489f,2026-09-13 15:16:24
EVT_002095,IF_PRC_002,PRC,ASM,Batch,Batch,Warning,PRC_AUTHZ_004,Procurement user lacks approval authorization,Authorization,1073,SESS_8768a84fa76a,REQ_2618f86d6c4b4d9a,2026-09-13 15:16:29
EVT_002832,IF_DLV_001,DLV,PAY,API,REST,Failed,DLV_TIME_003,Carrier API response timeout,Timeout,3250,SESS_4ab7706eb773,REQ_79c0ba9d9d2a43ab,2026-09-13 15:22:06
EVT_001084,IF_ORD_003,ORD,MFG,API,REST,Warning,ORD_VAL_002,Order validation failed due to missing required field,Validation,420,SESS_7bfdcc1289e0,REQ_f231d59930474e4f,2026-09-13 15:23:01
EVT_001348,IF_MFG_001,MFG,ASM,MsgBus,Async,Warning,MFG_QC_003,Quality check parameters out of tolerance,Validation,1023,SESS_f84f16b3a79f,REQ_9012b92d87d14c83,2026-09-13 15:25:35
EVT_002591,IF_ASM_002,ASM,DLV,API,REST,Failed,ASM_NET_004,Assembly station network connectivity lost,Network,3429,SESS_7f671eec3da7,REQ_71c83c774a1f4f94,2026-09-13 15:27:37
EVT_000131,IF_ORD_001,ORD,PAY,API,REST,Failed,ORD_NET_004,Network timeout while contacting order service,Network,5351,SESS_fc04a168652f,REQ_0bf7034310b041e0,2026-09-13 15:28:31
EVT_002414,IF_ASM_001,ASM,DLV,MsgBus,Async,Warning,ASM_DB_002,Assembly tracking database update failed,Database,8085,SESS_6c4596f6c012,REQ_3dd6b5383c0e4be8,2026-09-13 15:29:29
EVT_000662,IF_PAY_002,PAY,ORD,ESB,CDC,Failed,PAY_EXT_003,Payment processor external service error,ExternalService,8432,SESS_49c13de73b42,REQ_a763d0ce5c23450e,2026-09-13 15:29:38
EVT_002417,IF_ASM_001,ASM,DLV,MsgBus,Async,Failed,ASM_CAP_003,Assembly line at maximum capacity,Capacity,1065,SESS_6de593329364,REQ_820a818a63724f83,2026-09-13 15:30:16
EVT_000251,IF_ORD_001,ORD,PAY,API,REST,Failed,ORD_DB_001,Order database connection timeout,Database,8325,SESS_de8a774bcf36,REQ_4d7344be8e15433f,2026-09-13 15:32:08
EVT_000958,IF_ORD_002,ORD,MFG,MsgBus,Async,Failed,ORD_DB_001,Order database connection timeout,Database,2442,SESS_b00805cca7f3,REQ_cd05b65ef3524f84,2026-09-13 15:39:31
EVT_002633,IF_ASM_002,ASM,DLV,API,REST,Warning,ASM_COMP_001,Assembly component mismatch detected,Validation,1831,SESS_ab7f089acd5f,REQ_8b6ba26044a647e3,2026-09-13 15:39:34
EVT_002926,IF_DLV_001,DLV,PAY,API,REST,Warning,DLV_TIME_003,Carrier API response timeout,Timeout,8404,SESS_c0b6fce2de53,REQ_8b220aec6c664a8e,2026-09-13 15:41:42
EVT_001061,IF_ORD_002,ORD,MFG,MsgBus,Async,Failed,ORD_NET_004,Network timeout while contacting order service,Network,7622,SESS_295b4715c333,REQ_fe4ef0c5405b4461,2026-09-13 15:42:25
EVT_001580,IF_MFG_002,MFG,ASM,API,REST,Failed,MFG_DB_002,Manufacturing execution database write failure,Database,2109,SESS_3108d4482f65,REQ_5914334cc5ba43b0,2026-09-13 15:42:51
EVT_000575,IF_PAY_001,PAY,ORD,API,REST,Failed,PAY_TIME_004,Payment gateway response timeout,Timeout,2629,SESS_687213f98d60,REQ_b50281973775459f,2026-09-13 15:43:46
EVT_000314,IF_ORD_001,ORD,PAY,API,REST,Failed,ORD_NET_004,Network timeout while contacting order service,Network,4033,SESS_dc99e04cf0e9,REQ_eb94d0766e3e449c,2026-09-13 15:43:51
EVT_000952,IF_ORD_002,ORD,MFG,MsgBus,Async,Warning,ORD_VAL_002,Order validation failed due to missing required field,Validation,1174,SESS_d777a4774c66,REQ_6ede573a027344de,2026-09-13 15:47:01
EVT_002076,IF_PRC_002,PRC,ASM,Batch,Batch,Warning,PRC_AUTHZ_004,Procurement user lacks approval authorization,Authorization,1551,SESS_2a1f955ad499,REQ_0aa7d49a78b84463,2026-09-13 15:52:10
EVT_001762,IF_MFG_003,MFG,ASM,MsgBus,CDC,Failed,MFG_MACHINE_001,Manufacturing machine controller not responding,Infrastructure,2144,SESS_b535106e122c,REQ_4061d57dafcd4984,2026-09-13 15:52:43
EVT_002535,IF_ASM_002,ASM,DLV,API,REST,Warning,ASM_NET_004,Assembly station network connectivity lost,Network,3784,SESS_5275eb9414ae,REQ_ab55e10cac484370,2026-09-13 15:56:25
EVT_002558,IF_ASM_002,ASM,DLV,API,REST,Failed,ASM_DB_002,Assembly tracking database update failed,Database,2024,SESS_63b4c08b6b8e,REQ_e97d3f9028b54702,2026-09-13 15:58:41
EVT_000566,IF_PAY_001,PAY,ORD,API,REST,Warning,PAY_AUTH_001,Payment gateway authentication failed,Authentication,1540,SESS_dc0f2fcfb3f6,REQ_c7bd64f057824f98,2026-09-13 15:59:07
EVT_001325,IF_MFG_001,MFG,ASM,MsgBus,Async,Failed,MFG_CAP_004,Manufacturing queue capacity exceeded,Capacity,847,SESS_706c5c5649e2,REQ_a60babff9bc64bc2,2026-09-13 15:59:36
EVT_001492,IF_MFG_001,MFG,ASM,MsgBus,Async,Warning,MFG_QC_003,Quality check parameters out of tolerance,Validation,1830,SESS_5275eb9414ae,REQ_f98fbe194ece4867,2026-09-13 16:00:00
EVT_000385,IF_PAY_001,PAY,ORD,API,REST,Failed,PAY_TIME_004,Payment gateway response timeout,Timeout,3126,SESS_4991ab9bebc2,REQ_377d3b17fb274086,2026-09-13 16:00:59
EVT_002602,IF_ASM_002,ASM,DLV,API,REST,Warning,ASM_COMP_001,Assembly component mismatch detected,Validation,1516,SESS_1b3dbd5ce9a1,REQ_21163a4e7f2f48d3,2026-09-13 16:02:18
EVT_001259,IF_ORD_003,ORD,MFG,API,REST,Warning,ORD_VAL_002,Order validation failed due to missing required field (correlated with upstream failure on IF_PAY_001),Validation,1080,SESS_4991ab9bebc2,REQ_d649def4a8eb4bd5,2026-09-13 16:07:07
EVT_001805,IF_MFG_004,MFG,PRC,MsgBus,Async,Failed,MFG_CAP_004,Manufacturing queue capacity exceeded,Capacity,1059,SESS_222282e174da,REQ_fa5a115de6934373,2026-09-13 16:08:09
EVT_000571,IF_PAY_001,PAY,ORD,API,REST,Failed,PAY_EXT_003,Payment processor external service error,ExternalService,4584,SESS_d534ee1d7f29,REQ_f6777cbbabad4200,2026-09-13 16:09:35
EVT_002352,IF_ASM_001,ASM,DLV,MsgBus,Async,Warning,ASM_COMP_001,Assembly component mismatch detected (correlated with upstream failure on IF_MFG_001),Validation,805,SESS_706c5c5649e2,REQ_c9da9b07b38442b8,2026-09-13 16:10:56
EVT_000123,IF_ORD_001,ORD,PAY,API,REST,Failed,ORD_NET_004,Network timeout while contacting order service,Network,4853,SESS_ab73295b344a,REQ_37bd71742fca47c2,2026-09-13 16:11:11
EVT_000727,IF_PAY_002,PAY,ORD,ESB,CDC,Failed,PAY_TIME_004,Payment gateway response timeout,Timeout,7705,SESS_89fa6a688fb5,REQ_ab923b35938840ba,2026-09-13 16:15:30
EVT_000443,IF_PAY_001,PAY,ORD,API,REST,Warning,PAY_AUTHZ_002,Payment authorization declined by issuer,Authorization,1795,SESS_0710d430f071,REQ_67f8fd1977134183,2026-09-13 16:15:42
EVT_000324,IF_PAY_001,PAY,ORD,API,REST,Failed,PAY_TIME_004,Payment gateway response timeout,Timeout,8872,SESS_c122b5b3284c,REQ_f30adc3ce64a461c,2026-09-13 16:16:23
EVT_000719,IF_PAY_002,PAY,ORD,ESB,CDC,Failed,PAY_AUTHZ_002,Payment authorization declined by issuer,Authorization,563,SESS_25b8fd4b32fa,REQ_c78a17613a174dcb,2026-09-13 16:19:10
EVT_002952,IF_DLV_001,DLV,PAY,API,REST,Failed,DLV_TIME_003,Carrier API response timeout,Timeout,8132,SESS_6dc7cac7fd72,REQ_7b4d1f4ea9d7411e,2026-09-13 16:20:18
EVT_000093,IF_ORD_001,ORD,PAY,API,REST,Failed,ORD_NET_004,Network timeout while contacting order service,Network,5817,SESS_f72ada9b2f32,REQ_ee7fcc32b8994db0,2026-09-13 16:20:58
EVT_001477,IF_MFG_001,MFG,ASM,MsgBus,Async,Failed,MFG_MACHINE_001,Manufacturing machine controller not responding,Infrastructure,1705,SESS_11d059b26699,REQ_2fb0150afba446cf,2026-09-13 16:21:19
EVT_001524,IF_MFG_002,MFG,ASM,API,REST,Warning,MFG_CAP_004,Manufacturing queue capacity exceeded,Capacity,1627,SESS_cde22f1c56b6,REQ_550d1a936d9c4592,2026-09-13 16:21:43
EVT_002078,IF_PRC_002,PRC,ASM,Batch,Batch,Failed,PRC_MAT_002,Material availability check timed out,Timeout,4468,SESS_4991ab9bebc2,REQ_c6d07771959e498b,2026-09-13 16:23:48
EVT_002129,IF_PRC_002,PRC,ASM,Batch,Batch,Failed,PRC_MAT_002,Material availability check timed out,Timeout,3076,SESS_c1590f538a0f,REQ_780ef90d6d704a93,2026-09-13 16:25:35
EVT_000502,IF_PAY_001,PAY,ORD,API,REST,Warning,PAY_AUTH_001,Payment gateway authentication failed,Authentication,521,SESS_475287aa5408,REQ_725e05aa0d5b4ccc,2026-09-13 16:26:51
EVT_000586,IF_PAY_001,PAY,ORD,API,REST,Failed,PAY_TIME_004,Payment gateway response timeout,Timeout,4571,SESS_706c5c5649e2,REQ_fbcdd8380880480a,2026-09-13 16:28:39
EVT_001562,IF_MFG_002,MFG,ASM,API,REST,Failed,MFG_CAP_004,Manufacturing queue capacity exceeded,Capacity,626,SESS_d46ef1041190,REQ_c85b90ca5d194344,2026-09-13 16:29:47
EVT_000412,IF_PAY_001,PAY,ORD,API,REST,Failed,PAY_TIME_004,Payment gateway response timeout,Timeout,6096,SESS_5e84f058d5a8,REQ_f5686008548e4845,2026-09-13 16:33:19
EVT_001335,IF_MFG_001,MFG,ASM,MsgBus,Async,Failed,MFG_QC_003,Quality check parameters out of tolerance,Validation,1885,SESS_ddcf8766a93b,REQ_40e0eec77ea9470d,2026-09-13 16:33:21
EVT_001442,IF_MFG_001,MFG,ASM,MsgBus,Async,Failed,MFG_MACHINE_001,Manufacturing machine controller not responding,Infrastructure,1140,SESS_6160745985c7,REQ_7fad641d4544436e,2026-09-13 16:34:05
EVT_002215,IF_PRC_003,PRC,MFG,API,REST,Failed,PRC_MAT_002,Material availability check timed out,Timeout,4776,SESS_7f9d3e64c1a6,REQ_1531dc7ec2364a34,2026-09-13 16:36:29
EVT_000121,IF_ORD_001,ORD,PAY,API,REST,Warning,ORD_VAL_002,Order validation failed due to missing required field,Validation,992,SESS_e3b137fc0a34,REQ_df05c5218743492e,2026-09-13 16:37:44
EVT_000713,IF_PAY_002,PAY,ORD,ESB,CDC,Failed,PAY_EXT_003,Payment processor external service error,ExternalService,4530,SESS_913e4de2e0c5,REQ_9ca64c64b6d84d42,2026-09-13 16:39:05
EVT_002347,IF_ASM_001,ASM,DLV,MsgBus,Async,Failed,ASM_CAP_003,Assembly line at maximum capacity,Capacity,1971,SESS_832920b7c143,REQ_ca4d3cf0b75f4a78,2026-09-13 16:42:14
EVT_001396,IF_MFG_001,MFG,ASM,MsgBus,Async,Failed,MFG_CAP_004,Manufacturing queue capacity exceeded,Capacity,1216,SESS_3ba5cd2fdea4,REQ_f58918826de84adb,2026-09-13 16:42:37
EVT_001749,IF_MFG_003,MFG,ASM,MsgBus,CDC,Warning,MFG_QC_003,Quality check parameters out of tolerance,Validation,1149,SESS_345512f701f7,REQ_074bc2ab43c440b2,2026-09-13 16:43:23
EVT_001480,IF_MFG_001,MFG,ASM,MsgBus,Async,Warning,MFG_QC_003,Quality check parameters out of tolerance,Validation,1273,SESS_ae8a781390e0,REQ_8198e8c582fe4cc3,2026-09-13 16:45:36
EVT_001369,IF_MFG_001,MFG,ASM,MsgBus,Async,Warning,MFG_QC_003,Quality check parameters out of tolerance,Validation,1304,SESS_1d691fba5e18,REQ_e6886a430e6849d5,2026-09-13 16:46:14
EVT_002049,IF_PRC_001,PRC,MFG,ESB,SOAP,Failed,PRC_PO_001,Purchase order rejected by supplier system,ExternalService,4421,SESS_61ee6c5bdeef,REQ_05d01f64b9e8441f,2026-09-13 16:53:23
EVT_001649,IF_MFG_003,MFG,ASM,MsgBus,CDC,Failed,MFG_CAP_004,Manufacturing queue capacity exceeded,Capacity,608,SESS_311c6eb62095,REQ_9f6e30b86bb940d9,2026-09-13 16:54:40
EVT_002923,IF_DLV_001,DLV,PAY,API,REST,Warning,DLV_CFG_002,Delivery zone configuration mismatch,Configuration,512,SESS_f8e1daa7cbce,REQ_e15114215f314cec,2026-09-13 16:56:33
EVT_001632,IF_MFG_002,MFG,ASM,API,REST,Warning,MFG_DB_002,Manufacturing execution database write failure,Database,2884,SESS_706c5c5649e2,REQ_efd2528d0983466c,2026-09-13 16:57:00
EVT_001485,IF_MFG_001,MFG,ASM,MsgBus,Async,Failed,MFG_DB_002,Manufacturing execution database write failure,Database,5874,SESS_0b5cea6a4135,REQ_df7a7da511e349f8,2026-09-13 16:57:01
EVT_001895,IF_PRC_001,PRC,MFG,ESB,SOAP,Warning,PRC_MAT_002,Material availability check timed out,Timeout,4861,SESS_5af305535ec4,REQ_0bfdc90a90604edc,2026-09-13 16:57:14
EVT_002059,IF_PRC_002,PRC,ASM,Batch,Batch,Warning,PRC_CFG_003,Procurement routing configuration invalid,Configuration,1051,SESS_53a3dd5a4b8c,REQ_b7327bd78f2c4366,2026-09-13 16:57:20
EVT_002256,IF_ASM_001,ASM,DLV,MsgBus,Async,Failed,ASM_DB_002,Assembly tracking database update failed,Database,4793,SESS_96bf10ab3ce9,REQ_120dca2c13954c81,2026-09-13 16:57:20
EVT_001349,IF_MFG_001,MFG,ASM,MsgBus,Async,Warning,MFG_QC_003,Quality check parameters out of tolerance (correlated with upstream failure on IF_PRC_001),Validation,1690,SESS_61ee6c5bdeef,REQ_904482062f824d84,2026-09-13 17:01:19
EVT_001994,IF_PRC_001,PRC,MFG,ESB,SOAP,Failed,PRC_PO_001,Purchase order rejected by supplier system,ExternalService,2993,SESS_8a63f881ffd0,REQ_9111e44a5e3b4acc,2026-09-13 17:01:37
EVT_000610,IF_PAY_001,PAY,ORD,API,REST,Warning,PAY_AUTH_001,Payment gateway authentication failed,Authentication,155,SESS_e45b712eb822,REQ_f59072940a584142,2026-09-13 17:02:14
EVT_001712,IF_MFG_003,MFG,ASM,MsgBus,CDC,Failed,MFG_CAP_004,Manufacturing queue capacity exceeded,Capacity,1047,SESS_204e178c10d0,REQ_30f314607c7e4208,2026-09-13 17:05:39
EVT_000899,IF_ORD_002,ORD,MFG,MsgBus,Async,Failed,ORD_DB_001,Order database connection timeout,Database,2107,SESS_79699ed2ec48,REQ_f4033cd02a994a3c,2026-09-13 17:06:23
EVT_001149,IF_ORD_003,ORD,MFG,API,REST,Failed,ORD_DB_001,Order database connection timeout,Database,6450,SESS_8768a84fa76a,REQ_4cdf8e748c64468f,2026-09-13 17:07:35
EVT_002321,IF_ASM_001,ASM,DLV,MsgBus,Async,Warning,ASM_COMP_001,Assembly component mismatch detected,Validation,366,SESS_f899924698de,REQ_01937d831ba84d2e,2026-09-13 17:07:35
EVT_002517,IF_ASM_002,ASM,DLV,API,REST,Failed,ASM_NET_004,Assembly station network connectivity lost,Network,4932,SESS_250741818d1f,REQ_1188e0b7b50b492a,2026-09-13 17:09:35
EVT_000250,IF_ORD_001,ORD,PAY,API,REST,Failed,ORD_DB_001,Order database connection timeout,Database,8981,SESS_c2a796891933,REQ_a16c0fd75b1949e3,2026-09-13 17:12:45
EVT_002027,IF_PRC_001,PRC,MFG,ESB,SOAP,Failed,PRC_PO_001,Purchase order rejected by supplier system,ExternalService,2108,SESS_46fb7bf300b9,REQ_91842ec01b044575,2026-09-13 17:15:06
EVT_000422,IF_PAY_001,PAY,ORD,API,REST,Failed,PAY_TIME_004,Payment gateway response timeout,Timeout,2924,SESS_13eecdc6ebd1,REQ_e3a4002ea2f047fe,2026-09-13 17:18:49
EVT_002891,IF_DLV_001,DLV,PAY,API,REST,Warning,DLV_CFG_002,Delivery zone configuration mismatch,Configuration,1312,SESS_4ef492c1aac9,REQ_c4adf59beb68492a,2026-09-13 17:20:48
EVT_001916,IF_PRC_001,PRC,MFG,ESB,SOAP,Failed,PRC_MAT_002,Material availability check timed out,Timeout,5456,SESS_c17af08a1745,REQ_a1fbef486e284a88,2026-09-13 17:23:10
EVT_000054,IF_ORD_001,ORD,PAY,API,REST,Failed,ORD_NET_004,Network timeout while contacting order service,Network,7805,SESS_4ca9cf07b1aa,REQ_1c0a2aac1c2a463a,2026-09-13 17:23:21
EVT_002830,IF_DLV_001,DLV,PAY,API,REST,Failed,DLV_TIME_003,Carrier API response timeout (correlated with upstream failure on IF_ASM_002),Timeout,4037,SESS_250741818d1f,REQ_7c4bd32ee0714637,2026-09-13 17:23:43
EVT_000221,IF_ORD_001,ORD,PAY,API,REST,Failed,ORD_AUTH_003,Order service authentication token expired,Authentication,613,SESS_dedab0276550,REQ_1c3fbd4c4d9b4c81,2026-09-13 17:30:03
EVT_002353,IF_ASM_001,ASM,DLV,MsgBus,Async,Warning,ASM_COMP_001,Assembly component mismatch detected,Validation,139,SESS_a6348e784d5c,REQ_bbdad474f00b443b,2026-09-13 17:30:08
EVT_002323,IF_ASM_001,ASM,DLV,MsgBus,Async,Failed,ASM_DB_002,Assembly tracking database update failed,Database,5981,SESS_3838b3268e94,REQ_cf0ec08bfd3b4b96,2026-09-13 17:34:53
EVT_002653,IF_ASM_002,ASM,DLV,API,REST,Warning,ASM_COMP_001,Assembly component mismatch detected,Validation,429,SESS_f8e1daa7cbce,REQ_b86f7d38407344f5,2026-09-13 17:36:49
EVT_000916,IF_ORD_002,ORD,MFG,MsgBus,Async,Failed,ORD_NET_004,Network timeout while contacting order service,Network,8833,SESS_3dc9829015ea,REQ_5cad35eb54e44077,2026-09-13 17:36:50
EVT_000873,IF_ORD_002,ORD,MFG,MsgBus,Async,Failed,ORD_DB_001,Order database connection timeout,Database,6130,SESS_742221676b7a,REQ_4efd6007f90e470d,2026-09-13 17:40:58
EVT_002205,IF_PRC_003,PRC,MFG,API,REST,Failed,PRC_MAT_002,Material availability check timed out,Timeout,2264,SESS_5b9962c6e61f,REQ_6a33a0bbf5694d62,2026-09-13 17:43:10
EVT_001121,IF_ORD_003,ORD,MFG,API,REST,Failed,ORD_DB_001,Order database connection timeout,Database,3149,SESS_913e4de2e0c5,REQ_1c064367d2cc4600,2026-09-13 17:51:03
EVT_000942,IF_ORD_002,ORD,MFG,MsgBus,Async,Failed,ORD_DB_001,Order database connection timeout,Database,3648,SESS_6683e10796c0,REQ_1a80a790591b4dce,2026-09-13 17:51:50
EVT_002128,IF_PRC_002,PRC,ASM,Batch,Batch,Failed,PRC_MAT_002,Material availability check timed out,Timeout,2674,SESS_19bad7aedf61,REQ_41178950e4a542e0,2026-09-13 17:54:22
EVT_002598,IF_ASM_002,ASM,DLV,API,REST,Warning,ASM_CAP_003,Assembly line at maximum capacity,Capacity,1326,SESS_49a23a89e6b5,REQ_1fb0e59a26414312,2026-09-13 17:55:00
EVT_000926,IF_ORD_002,ORD,MFG,MsgBus,Async,Failed,ORD_VAL_002,Order validation failed due to missing required field,Validation,905,SESS_295b4715c333,REQ_e718cceec24449ec,2026-09-13 17:55:33
EVT_002652,IF_ASM_002,ASM,DLV,API,REST,Warning,ASM_COMP_001,Assembly component mismatch detected,Validation,908,SESS_0dde29a6baa4,REQ_cd6e65568cd5412f,2026-09-13 17:59:08
EVT_001761,IF_MFG_003,MFG,ASM,MsgBus,CDC,Warning,MFG_QC_003,Quality check parameters out of tolerance,Validation,1015,SESS_81e5c9f693f2,REQ_6fe19aca5d9d4e3a,2026-09-13 18:06:39
EVT_002157,IF_PRC_002,PRC,ASM,Batch,Batch,Failed,PRC_PO_001,Purchase order rejected by supplier system,ExternalService,7891,SESS_0b9bd93423c8,REQ_fea02f8837ad443c,2026-09-13 18:10:51
EVT_001006,IF_ORD_002,ORD,MFG,MsgBus,Async,Failed,ORD_DB_001,Order database connection timeout,Database,3286,SESS_687213f98d60,REQ_f43d980dd3c543e5,2026-09-13 18:14:18
EVT_001343,IF_MFG_001,MFG,ASM,MsgBus,Async,Failed,MFG_QC_003,Quality check parameters out of tolerance,Validation,670,SESS_f3b63fe1d184,REQ_03afc6252ceb4fc9,2026-09-13 18:15:01
EVT_002813,IF_DLV_001,DLV,PAY,API,REST,Failed,DLV_DB_004,Delivery tracking database error,Database,5440,SESS_61ee6c5bdeef,REQ_3a67832e192a42b6,2026-09-13 18:19:12
EVT_002445,IF_ASM_001,ASM,DLV,MsgBus,Async,Failed,ASM_DB_002,Assembly tracking database update failed,Database,2523,SESS_784c2f299804,REQ_661a4865949d441c,2026-09-13 18:21:04
EVT_001063,IF_ORD_002,ORD,MFG,MsgBus,Async,Warning,ORD_VAL_002,Order validation failed due to missing required field,Validation,948,SESS_25b8fd4b32fa,REQ_0d77bc00669a422f,2026-09-13 18:22:25
EVT_002877,IF_DLV_001,DLV,PAY,API,REST,Failed,DLV_DB_004,Delivery tracking database error,Database,7145,SESS_e64d1bcb7027,REQ_75587cb963614f5e,2026-09-13 18:23:20
EVT_000474,IF_PAY_001,PAY,ORD,API,REST,Failed,PAY_EXT_003,Payment processor external service error,ExternalService,2803,SESS_a6348e784d5c,REQ_da28ef34fc124fbf,2026-09-13 18:24:57
EVT_001601,IF_MFG_002,MFG,ASM,API,REST,Warning,MFG_QC_003,Quality check parameters out of tolerance,Validation,1968,SESS_8f5486b7c7b5,REQ_529bb2d935a84fe5,2026-09-13 18:27:52
EVT_000483,IF_PAY_001,PAY,ORD,API,REST,Warning,PAY_AUTH_001,Payment gateway authentication failed,Authentication,1842,SESS_a5c5650c8186,REQ_753ecd7d225f429a,2026-09-13 18:29:21
EVT_002946,IF_DLV_001,DLV,PAY,API,REST,Failed,DLV_DB_004,Delivery tracking database error,Database,8714,SESS_311c6eb62095,REQ_a32bc44f8cbc4e90,2026-09-13 18:36:01
EVT_000931,IF_ORD_002,ORD,MFG,MsgBus,Async,Warning,ORD_AUTH_003,Order service authentication token expired,Authentication,1762,SESS_12476f57a5e5,REQ_7d4be2fb52b9459a,2026-09-13 18:39:07
EVT_002334,IF_ASM_001,ASM,DLV,MsgBus,Async,Failed,ASM_DB_002,Assembly tracking database update failed,Database,3599,SESS_d58842dea2bc,REQ_e6e484f5f0bf4726,2026-09-13 18:41:44
EVT_002441,IF_ASM_001,ASM,DLV,MsgBus,Async,Warning,ASM_COMP_001,Assembly component mismatch detected,Validation,1322,SESS_3e83b91f2544,REQ_c80789cf53a84b2b,2026-09-13 18:42:06
EVT_000497,IF_PAY_001,PAY,ORD,API,REST,Failed,PAY_EXT_003,Payment processor external service error,ExternalService,7302,SESS_fc04a168652f,REQ_170f992553e84fec,2026-09-13 18:48:36
EVT_000389,IF_PAY_001,PAY,ORD,API,REST,Failed,PAY_EXT_003,Payment processor external service error,ExternalService,3555,SESS_d7fa2d8dfb2c,REQ_b71a5c0f577447b9,2026-09-13 18:49:52
EVT_001753,IF_MFG_003,MFG,ASM,MsgBus,CDC,Failed,MFG_QC_003,Quality check parameters out of tolerance,Validation,1121,SESS_9dac6e834524,REQ_3c1a4d75832b4859,2026-09-13 18:51:32
EVT_001117,IF_ORD_003,ORD,MFG,API,REST,Failed,ORD_NET_004,Network timeout while contacting order service,Network,4261,SESS_1723199dbf2c,REQ_4a98ef794709403e,2026-09-13 18:51:50
EVT_001354,IF_MFG_001,MFG,ASM,MsgBus,Async,Warning,MFG_CAP_004,Manufacturing queue capacity exceeded,Capacity,1069,SESS_1ba362e7afa4,REQ_449d846fd9a0468d,2026-09-13 18:53:49
EVT_002471,IF_ASM_002,ASM,DLV,API,REST,Failed,ASM_NET_004,Assembly station network connectivity lost,Network,7846,SESS_0b9bd93423c8,REQ_4f2bded63bbf429d,2026-09-13 18:54:36
EVT_002603,IF_ASM_002,ASM,DLV,API,REST,Failed,ASM_CAP_003,Assembly line at maximum capacity (correlated with upstream failure on IF_ASM_001),Capacity,1939,SESS_d58842dea2bc,REQ_3ecf895e21cb4ccc,2026-09-13 18:55:15
EVT_001038,IF_ORD_002,ORD,MFG,MsgBus,Async,Failed,ORD_NET_004,Network timeout while contacting order service (correlated with upstream failure on IF_PAY_001),Network,5410,SESS_d7fa2d8dfb2c,REQ_6022a68c61e548a6,2026-09-13 18:59:48
EVT_002687,IF_DLV_001,DLV,PAY,API,REST,Failed,DLV_ROUTE_001,Delivery routing service unavailable (correlated with upstream failure on IF_ASM_002),ExternalService,4927,SESS_0b9bd93423c8,REQ_b65d22d6df3f4c20,2026-09-13 19:06:30
EVT_002645,IF_ASM_002,ASM,DLV,API,REST,Warning,ASM_COMP_001,Assembly component mismatch detected,Validation,1087,SESS_58007c0287ea,REQ_5f5605a000524d0f,2026-09-13 19:18:05
EVT_000435,IF_PAY_001,PAY,ORD,API,REST,Warning,PAY_AUTH_001,Payment gateway authentication failed,Authentication,1538,SESS_3c71e0bef357,REQ_6af84c509e9e449a,2026-09-13 19:18:59
EVT_000818,IF_ORD_002,ORD,MFG,MsgBus,Async,Warning,ORD_VAL_002,Order validation failed due to missing required field,Validation,666,SESS_5563f61600e8,REQ_66bfe7bf6ecb488a,2026-09-13 19:25:06
EVT_002794,IF_DLV_001,DLV,PAY,API,REST,Warning,DLV_TIME_003,Carrier API response timeout,Timeout,7050,SESS_693dffbc6c6f,REQ_0c5748e49b8a45de,2026-09-13 19:30:50
EVT_002629,IF_ASM_002,ASM,DLV,API,REST,Failed,ASM_NET_004,Assembly station network connectivity lost,Network,4510,SESS_f4427e0b6148,REQ_1d9a95fbfd954b8a,2026-09-13 19:32:41
EVT_001024,IF_ORD_002,ORD,MFG,MsgBus,Async,Warning,ORD_AUTH_003,Order service authentication token expired,Authentication,832,SESS_664fa6637e8f,REQ_0a9edd88b5ca4b50,2026-09-13 19:35:34
EVT_001698,IF_MFG_003,MFG,ASM,MsgBus,CDC,Warning,MFG_QC_003,Quality check parameters out of tolerance,Validation,2338,SESS_bcae8081bdf0,REQ_66db31835b5e450c,2026-09-13 20:27:17
EVT_001220,IF_ORD_003,ORD,MFG,API,REST,Failed,ORD_NET_004,Network timeout while contacting order service,Network,5773,SESS_2051acef097a,REQ_1e0ffdb8a08c4cce,2026-09-13 20:29:23
EVT_002001,IF_PRC_001,PRC,MFG,ESB,SOAP,Warning,PRC_AUTHZ_004,Procurement user lacks approval authorization,Authorization,141,SESS_1b19d8b8d830,REQ_5901db27713e49e8,2026-09-13 20:38:38
EVT_001216,IF_ORD_003,ORD,MFG,API,REST,Warning,ORD_VAL_002,Order validation failed due to missing required field,Validation,120,SESS_9475dbc99641,REQ_c6c36fc9130446b4,2026-09-13 20:41:24
EVT_001866,IF_PRC_001,PRC,MFG,ESB,SOAP,Warning,PRC_PO_001,Purchase order rejected by supplier system,ExternalService,6046,SESS_c122b5b3284c,REQ_e2594a2b493447a7,2026-09-13 20:47:16
EVT_001012,IF_ORD_002,ORD,MFG,MsgBus,Async,Warning,ORD_VAL_002,Order validation failed due to missing required field,Validation,863,SESS_80759f1f87e5,REQ_74a43fb9a6e542d3,2026-09-13 20:48:34
EVT_001617,IF_MFG_002,MFG,ASM,API,REST,Warning,MFG_CAP_004,Manufacturing queue capacity exceeded,Capacity,2635,SESS_dd90e79eb888,REQ_24da340b72ca48e0,2026-09-13 20:56:22
EVT_000560,IF_PAY_001,PAY,ORD,API,REST,Warning,PAY_AUTHZ_002,Payment authorization declined by issuer,Authorization,832,SESS_88bd64072bcf,REQ_71694bb291f6485f,2026-09-13 20:56:36
EVT_000360,IF_PAY_001,PAY,ORD,API,REST,Failed,PAY_TIME_004,Payment gateway response timeout,Timeout,4949,SESS_c5e7ce8a3a57,REQ_6ab52f9989724643,2026-09-13 20:59:24
EVT_000720,IF_PAY_002,PAY,ORD,ESB,CDC,Failed,PAY_EXT_003,Payment processor external service error,ExternalService,4483,SESS_479d0cdaf396,REQ_dd63f0c9223a4e13,2026-09-13 21:12:17
EVT_000382,IF_PAY_001,PAY,ORD,API,REST,Failed,PAY_AUTHZ_002,Payment authorization declined by issuer,Authorization,1569,SESS_272a6d8eb512,REQ_ebba6afad9cc420e,2026-09-13 21:19:28
EVT_002345,IF_ASM_001,ASM,DLV,MsgBus,Async,Failed,ASM_DB_002,Assembly tracking database update failed,Database,4191,SESS_d8e88ebb7a9e,REQ_1ca49e18d897457c,2026-09-13 21:23:50
EVT_001768,IF_MFG_004,MFG,PRC,MsgBus,Async,Failed,MFG_CAP_004,Manufacturing queue capacity exceeded,Capacity,695,SESS_4d6168bd2def,REQ_8fc70ac78b8542d5,2026-09-13 21:25:12
EVT_001098,IF_ORD_003,ORD,MFG,API,REST,Failed,ORD_DB_001,Order database connection timeout (correlated with upstream failure on IF_PAY_001),Database,3229,SESS_272a6d8eb512,REQ_3c52a5ff39964e50,2026-09-13 21:32:41
EVT_001516,IF_MFG_002,MFG,ASM,API,REST,Warning,MFG_QC_003,Quality check parameters out of tolerance,Validation,1436,SESS_1190f938a66f,REQ_6851ae4ba58b44ac,2026-09-13 21:38:45
EVT_000872,IF_ORD_002,ORD,MFG,MsgBus,Async,Warning,ORD_NET_004,Network timeout while contacting order service,Network,3055,SESS_6182f347533f,REQ_763f53b6341542de,2026-09-13 22:11:25
EVT_001779,IF_MFG_004,MFG,PRC,MsgBus,Async,Warning,MFG_QC_003,Quality check parameters out of tolerance,Validation,974,SESS_b9de7a3a4868,REQ_8a0f3756dd054ea4,2026-09-13 22:17:25
EVT_002490,IF_ASM_002,ASM,DLV,API,REST,Failed,ASM_CAP_003,Assembly line at maximum capacity,Capacity,1398,SESS_81e5c9f693f2,REQ_b4ac3003aeea4aaf,2026-09-13 22:20:10
EVT_000897,IF_ORD_002,ORD,MFG,MsgBus,Async,Warning,ORD_VAL_002,Order validation failed due to missing required field,Validation,1263,SESS_0ff0a55c6a70,REQ_c7c8e12372044df6,2026-09-13 22:20:49
EVT_001401,IF_MFG_001,MFG,ASM,MsgBus,Async,Warning,MFG_QC_003,Quality check parameters out of tolerance,Validation,654,SESS_f36cb62b892e,REQ_c7cc2b257b8e4dcf,2026-09-13 22:33:10
EVT_002393,IF_ASM_001,ASM,DLV,MsgBus,Async,Warning,ASM_COMP_001,Assembly component mismatch detected,Validation,534,SESS_ece66fa2fd51,REQ_f7115683029d4162,2026-09-13 22:35:41
EVT_002519,IF_ASM_002,ASM,DLV,API,REST,Failed,ASM_DB_002,Assembly tracking database update failed,Database,4126,SESS_683514f2ceb8,REQ_86275dad727f42ca,2026-09-13 22:51:38
EVT_002067,IF_PRC_002,PRC,ASM,Batch,Batch,Warning,PRC_CFG_003,Procurement routing configuration invalid,Configuration,2070,SESS_24ac2130deaf,REQ_37dc921cbc604834,2026-09-13 23:36:50
EVT_001218,IF_ORD_003,ORD,MFG,API,REST,Warning,ORD_AUTH_003,Order service authentication token expired,Authentication,1384,SESS_b3aa7efe4458,REQ_62a8c27cca0144df,2026-09-13 23:56:10
EVT_001422,IF_MFG_001,MFG,ASM,MsgBus,Async,Warning,MFG_QC_003,Quality check parameters out of tolerance,Validation,1365,SESS_4fc777685ebb,REQ_4b23b208a8a74eec,2026-09-14 00:01:20
EVT_002072,IF_PRC_002,PRC,ASM,Batch,Batch,Failed,PRC_MAT_002,Material availability check timed out,Timeout,5549,SESS_a491f0b2ea1f,REQ_4022dc384b964580,2026-09-14 00:14:36
EVT_001958,IF_PRC_001,PRC,MFG,ESB,SOAP,Failed,PRC_MAT_002,Material availability check timed out,Timeout,3019,SESS_3e83b91f2544,REQ_e0cbcab376fd429c,2026-09-14 00:20:44
EVT_001462,IF_MFG_001,MFG,ASM,MsgBus,Async,Failed,MFG_MACHINE_001,Manufacturing machine controller not responding (correlated with upstream failure on IF_PRC_001),Infrastructure,1730,SESS_3e83b91f2544,REQ_84e3b06e03ed444f,2026-09-14 00:32:06
EVT_002925,IF_DLV_001,DLV,PAY,API,REST,Warning,DLV_CFG_002,Delivery zone configuration mismatch,Configuration,184,SESS_5ad5cf06364d,REQ_0e8e76ff59db46b1,2026-09-14 01:00:30
EVT_001406,IF_MFG_001,MFG,ASM,MsgBus,Async,Warning,MFG_QC_003,Quality check parameters out of tolerance,Validation,1526,SESS_39e58ff092f8,REQ_0872d00bb7da4ef9,2026-09-14 01:00:55
EVT_000820,IF_ORD_002,ORD,MFG,MsgBus,Async,Failed,ORD_AUTH_003,Order service authentication token expired,Authentication,372,SESS_ba6c34ab6712,REQ_5d1ddf7882264c6c,2026-09-14 01:02:44
EVT_001595,IF_MFG_002,MFG,ASM,API,REST,Failed,MFG_MACHINE_001,Manufacturing machine controller not responding,Infrastructure,2188,SESS_7f9d3e64c1a6,REQ_9ada8bb2733347cc,2026-09-14 01:06:51
EVT_001074,IF_ORD_002,ORD,MFG,MsgBus,Async,Failed,ORD_NET_004,Network timeout while contacting order service,Network,6435,SESS_ae4c84ffa8c0,REQ_aa46b68a3fcc497b,2026-09-14 01:21:20
EVT_000954,IF_ORD_002,ORD,MFG,MsgBus,Async,Failed,ORD_DB_001,Order database connection timeout,Database,3951,SESS_4ffca6b199b4,REQ_52a5b6b834fe496f,2026-09-14 01:26:47
EVT_001338,IF_MFG_001,MFG,ASM,MsgBus,Async,Warning,MFG_QC_003,Quality check parameters out of tolerance (correlated with upstream failure on IF_ORD_002),Validation,1401,SESS_4ffca6b199b4,REQ_dcb1b3ca34324bb9,2026-09-14 01:29:29
EVT_001654,IF_MFG_003,MFG,ASM,MsgBus,CDC,Warning,MFG_MACHINE_001,Manufacturing machine controller not responding,Infrastructure,1637,SESS_95da75c1a211,REQ_c285bb5c1ece438a,2026-09-14 01:30:37
EVT_002035,IF_PRC_001,PRC,MFG,ESB,SOAP,Warning,PRC_PO_001,Purchase order rejected by supplier system,ExternalService,3491,SESS_84dad06a7872,REQ_3c90eea8c5c44139,2026-09-14 01:46:45
EVT_000335,IF_PAY_001,PAY,ORD,API,REST,Failed,PAY_EXT_003,Payment processor external service error,ExternalService,4817,SESS_8a4a0e2df22b,REQ_265847d7c27d447a,2026-09-14 01:59:31
EVT_000339,IF_PAY_001,PAY,ORD,API,REST,Failed,PAY_EXT_003,Payment processor external service error,ExternalService,4626,SESS_c73f6e1baf90,REQ_8d6ad6d514b84160,2026-09-14 02:06:18
EVT_002913,IF_DLV_001,DLV,PAY,API,REST,Failed,DLV_ROUTE_001,Delivery routing service unavailable,ExternalService,5646,SESS_a99f131849c8,REQ_f300e60d26284367,2026-09-14 02:15:01
EVT_000536,IF_PAY_001,PAY,ORD,API,REST,Failed,PAY_EXT_003,Payment processor external service error,ExternalService,2167,SESS_4c1f55ab7156,REQ_3000673a9e1b4893,2026-09-14 02:20:24
EVT_000974,IF_ORD_002,ORD,MFG,MsgBus,Async,Warning,ORD_VAL_002,Order validation failed due to missing required field,Validation,675,SESS_d8e88ebb7a9e,REQ_1ee7d5fc5d484c8d,2026-09-14 03:38:13
EVT_002976,IF_DLV_001,DLV,PAY,API,REST,Warning,DLV_CFG_002,Delivery zone configuration mismatch,Configuration,643,SESS_26242b40a5cb,REQ_9ce4e5722e9c4d12,2026-09-14 04:03:13
EVT_000090,IF_ORD_001,ORD,PAY,API,REST,Warning,ORD_AUTH_003,Order service authentication token expired,Authentication,852,SESS_6c8c3b6aa974,REQ_2dfeda5da4be41e3,2026-09-14 04:04:12
EVT_000032,IF_ORD_001,ORD,PAY,API,REST,Failed,ORD_NET_004,Network timeout while contacting order service,Network,4966,SESS_0763fcd01f15,REQ_99085e325c4a437f,2026-09-14 04:09:43
EVT_000891,IF_ORD_002,ORD,MFG,MsgBus,Async,Failed,ORD_NET_004,Network timeout while contacting order service,Network,2303,SESS_19bad7aedf61,REQ_884d39cdc9a14014,2026-09-14 04:27:54
EVT_002818,IF_DLV_001,DLV,PAY,API,REST,Warning,DLV_CFG_002,Delivery zone configuration mismatch,Configuration,858,SESS_3f87e362cf8d,REQ_91af5c757d4f4d41,2026-09-14 04:30:09
EVT_000975,IF_ORD_002,ORD,MFG,MsgBus,Async,Warning,ORD_AUTH_003,Order service authentication token expired,Authentication,520,SESS_e1e3db63ef7d,REQ_4d207eabe4764ced,2026-09-14 04:46:09
EVT_000568,IF_PAY_001,PAY,ORD,API,REST,Failed,PAY_TIME_004,Payment gateway response timeout,Timeout,3083,SESS_d46ef1041190,REQ_a5c976d318304e67,2026-09-14 05:11:16
EVT_002569,IF_ASM_002,ASM,DLV,API,REST,Failed,ASM_NET_004,Assembly station network connectivity lost,Network,7310,SESS_50fd9d3f85d5,REQ_61c6506611034249,2026-09-14 05:33:10
EVT_002969,IF_DLV_001,DLV,PAY,API,REST,Warning,DLV_CFG_002,Delivery zone configuration mismatch (correlated with upstream failure on IF_ASM_002),Configuration,381,SESS_50fd9d3f85d5,REQ_26e4936323134ed6,2026-09-14 05:38:03
EVT_002817,IF_DLV_001,DLV,PAY,API,REST,Warning,DLV_CFG_002,Delivery zone configuration mismatch,Configuration,1989,SESS_ca8f3653c9af,REQ_4568c41ad56f456b,2026-09-14 05:40:04
EVT_002418,IF_ASM_001,ASM,DLV,MsgBus,Async,Failed,ASM_NET_004,Assembly station network connectivity lost,Network,7308,SESS_913e4de2e0c5,REQ_b40c51c7dd3a4ecd,2026-09-14 05:42:04
EVT_001863,IF_PRC_001,PRC,MFG,ESB,SOAP,Failed,PRC_PO_001,Purchase order rejected by supplier system,ExternalService,2976,SESS_742221676b7a,REQ_618a087eb8864226,2026-09-14 05:44:22
EVT_002658,IF_ASM_002,ASM,DLV,API,REST,Warning,ASM_COMP_001,Assembly component mismatch detected (correlated with upstream failure on IF_ASM_001),Validation,1526,SESS_913e4de2e0c5,REQ_68a8b373f60e4f3d,2026-09-14 05:46:11
EVT_001200,IF_ORD_003,ORD,MFG,API,REST,Failed,ORD_NET_004,Network timeout while contacting order service,Network,5153,SESS_e8a3f341c881,REQ_872247e69b6c4804,2026-09-14 05:52:43
EVT_000716,IF_PAY_002,PAY,ORD,ESB,CDC,Warning,PAY_AUTHZ_002,Payment authorization declined by issuer,Authorization,781,SESS_bfc00dc804f6,REQ_f0fc01b079fb482c,2026-09-14 05:58:42
EVT_002225,IF_PRC_003,PRC,MFG,API,REST,Warning,PRC_CFG_003,Procurement routing configuration invalid,Configuration,790,SESS_f2a034599060,REQ_65b4cb905c1e4df0,2026-09-14 06:08:11
EVT_002021,IF_PRC_001,PRC,MFG,ESB,SOAP,Warning,PRC_AUTHZ_004,Procurement user lacks approval authorization,Authorization,1665,SESS_fcd6bdca5876,REQ_2f1486fcc1d642e9,2026-09-14 06:09:29
EVT_002643,IF_ASM_002,ASM,DLV,API,REST,Warning,ASM_COMP_001,Assembly component mismatch detected,Validation,1579,SESS_29ec8e49d1bd,REQ_1637cd03bc87450d,2026-09-14 06:16:55
EVT_002411,IF_ASM_001,ASM,DLV,MsgBus,Async,Failed,ASM_CAP_003,Assembly line at maximum capacity,Capacity,1317,SESS_706c5c5649e2,REQ_3f196142abb34809,2026-09-14 06:21:22
EVT_000739,IF_PAY_002,PAY,ORD,ESB,CDC,Warning,PAY_EXT_003,Payment processor external service error,ExternalService,7448,SESS_784c2f299804,REQ_bd168da729c34f4a,2026-09-14 06:22:55
EVT_001215,IF_ORD_003,ORD,MFG,API,REST,Failed,ORD_DB_001,Order database connection timeout,Database,2048,SESS_36c59dacb4d7,REQ_f1feb7dc73fb40f2,2026-09-14 06:24:49
EVT_001185,IF_ORD_003,ORD,MFG,API,REST,Warning,ORD_VAL_002,Order validation failed due to missing required field,Validation,1666,SESS_9e87e04ca208,REQ_efd5bc583c7344fa,2026-09-14 06:26:46
EVT_002288,IF_ASM_001,ASM,DLV,MsgBus,Async,Failed,ASM_NET_004,Assembly station network connectivity lost,Network,2530,SESS_c34b9fbb8d4a,REQ_eefbf625681f4fcf,2026-09-14 06:37:19
EVT_002788,IF_DLV_001,DLV,PAY,API,REST,Warning,DLV_CFG_002,Delivery zone configuration mismatch,Configuration,1242,SESS_ba0266efbe05,REQ_1a9bc498e9994e05,2026-09-14 06:44:22
EVT_002310,IF_ASM_001,ASM,DLV,MsgBus,Async,Failed,ASM_NET_004,Assembly station network connectivity lost,Network,5989,SESS_8268690ba438,REQ_a80481c5571f4600,2026-09-14 06:44:38
EVT_002541,IF_ASM_002,ASM,DLV,API,REST,Failed,ASM_DB_002,Assembly tracking database update failed (correlated with upstream failure on IF_ASM_001),Database,8800,SESS_8268690ba438,REQ_9a7b82aa3019406e,2026-09-14 06:56:31
EVT_000594,IF_PAY_001,PAY,ORD,API,REST,Failed,PAY_EXT_003,Payment processor external service error,ExternalService,5457,SESS_fef518a64dea,REQ_b811dc7bbdad42b4,2026-09-14 06:57:41
EVT_001499,IF_MFG_001,MFG,ASM,MsgBus,Async,Warning,MFG_QC_003,Quality check parameters out of tolerance,Validation,1237,SESS_dfa4bb9f5a85,REQ_4770b010ce4e4979,2026-09-14 07:02:59
EVT_002158,IF_PRC_002,PRC,ASM,Batch,Batch,Failed,PRC_PO_001,Purchase order rejected by supplier system,ExternalService,6344,SESS_85197ff4006e,REQ_f1c3b85bb6714167,2026-09-14 07:03:40
EVT_001942,IF_PRC_001,PRC,MFG,ESB,SOAP,Failed,PRC_MAT_002,Material availability check timed out,Timeout,6285,SESS_e9c349e03602,REQ_a2f28f87e24c459f,2026-09-14 07:11:46
EVT_000862,IF_ORD_002,ORD,MFG,MsgBus,Async,Warning,ORD_VAL_002,Order validation failed due to missing required field,Validation,1379,SESS_ae8a781390e0,REQ_a072c9a6cc074dfc,2026-09-14 07:13:47
EVT_000893,IF_ORD_002,ORD,MFG,MsgBus,Async,Failed,ORD_DB_001,Order database connection timeout,Database,8906,SESS_711c21c9bdc1,REQ_40d585bef913432c,2026-09-14 07:14:03
EVT_001721,IF_MFG_003,MFG,ASM,MsgBus,CDC,Failed,MFG_DB_002,Manufacturing execution database write failure,Database,2225,SESS_0dde29a6baa4,REQ_f322e12c9b01456f,2026-09-14 07:14:06
EVT_000067,IF_ORD_001,ORD,PAY,API,REST,Warning,ORD_AUTH_003,Order service authentication token expired,Authentication,1875,SESS_9f294a8bd184,REQ_97cd8fce08e84279,2026-09-14 07:21:18
EVT_001007,IF_ORD_002,ORD,MFG,MsgBus,Async,Failed,ORD_DB_001,Order database connection timeout,Database,2111,SESS_3f87e362cf8d,REQ_a159ce102c7c4fa9,2026-09-14 07:25:50
EVT_000345,IF_PAY_001,PAY,ORD,API,REST,Warning,PAY_AUTHZ_002,Payment authorization declined by issuer,Authorization,744,SESS_637e4b0122ba,REQ_4556dfb7678c430f,2026-09-14 07:32:52
EVT_000282,IF_ORD_001,ORD,PAY,API,REST,Warning,ORD_AUTH_003,Order service authentication token expired,Authentication,1666,SESS_8f9797b06d7c,REQ_078e9190dfb64428,2026-09-14 07:39:32
EVT_000735,IF_PAY_002,PAY,ORD,ESB,CDC,Warning,PAY_AUTHZ_002,Payment authorization declined by issuer,Authorization,982,SESS_3e3511287900,REQ_24b822b7a302400a,2026-09-14 07:40:10
EVT_002237,IF_PRC_003,PRC,MFG,API,REST,Warning,PRC_CFG_003,Procurement routing configuration invalid,Configuration,1484,SESS_8715a10343da,REQ_ce467997188f4259,2026-09-14 07:44:00
EVT_001160,IF_ORD_003,ORD,MFG,API,REST,Failed,ORD_NET_004,Network timeout while contacting order service,Network,8213,SESS_dd6ac7b86778,REQ_d1a84a9523f04fdb,2026-09-14 07:46:38
EVT_001556,IF_MFG_002,MFG,ASM,API,REST,Failed,MFG_DB_002,Manufacturing execution database write failure,Database,2267,SESS_2a1f955ad499,REQ_280a0e45f811414d,2026-09-14 07:52:49
EVT_001713,IF_MFG_003,MFG,ASM,MsgBus,CDC,Warning,MFG_QC_003,Quality check parameters out of tolerance,Validation,1728,SESS_3f76be1d1efa,REQ_7d652dc4abcd4268,2026-09-14 07:57:49
EVT_002291,IF_ASM_001,ASM,DLV,MsgBus,Async,Warning,ASM_COMP_001,Assembly component mismatch detected,Validation,1200,SESS_59a1120e1bb4,REQ_d95292be28fc45a2,2026-09-14 07:59:36
EVT_001697,IF_MFG_003,MFG,ASM,MsgBus,CDC,Failed,MFG_DB_002,Manufacturing execution database write failure,Database,8127,SESS_39e58ff092f8,REQ_03f829a98fa84a5b,2026-09-14 08:04:06
EVT_002425,IF_ASM_001,ASM,DLV,MsgBus,Async,Failed,ASM_CAP_003,Assembly line at maximum capacity,Capacity,1914,SESS_b7c93acfe059,REQ_d7c878f760284425,2026-09-14 08:06:06
EVT_002878,IF_DLV_001,DLV,PAY,API,REST,Warning,DLV_CFG_002,Delivery zone configuration mismatch,Configuration,1661,SESS_a8b317fa18d0,REQ_30ddcf6f07db49d2,2026-09-14 08:08:01
EVT_001659,IF_MFG_003,MFG,ASM,MsgBus,CDC,Failed,MFG_QC_003,Quality check parameters out of tolerance,Validation,834,SESS_c122b5b3284c,REQ_b3a7dac390314ddf,2026-09-14 08:08:07
EVT_001152,IF_ORD_003,ORD,MFG,API,REST,Failed,ORD_AUTH_003,Order service authentication token expired,Authentication,1184,SESS_0ff0a55c6a70,REQ_73d802edb8df411c,2026-09-14 08:10:06
EVT_000129,IF_ORD_001,ORD,PAY,API,REST,Failed,ORD_NET_004,Network timeout while contacting order service,Network,7680,SESS_81e5c9f693f2,REQ_a7944797781f4e17,2026-09-14 08:24:27
EVT_002408,IF_ASM_001,ASM,DLV,MsgBus,Async,Warning,ASM_COMP_001,Assembly component mismatch detected,Validation,815,SESS_637e4b0122ba,REQ_7ee08e141c0e4383,2026-09-14 08:25:24
EVT_000953,IF_ORD_002,ORD,MFG,MsgBus,Async,Failed,ORD_DB_001,Order database connection timeout,Database,5520,SESS_0d366dfcc28e,REQ_7a8ac76f3a304a36,2026-09-14 08:28:07
EVT_001265,IF_ORD_003,ORD,MFG,API,REST,Failed,ORD_DB_001,Order database connection timeout,Database,5659,SESS_272a6d8eb512,REQ_bd80acb0a26a4d1d,2026-09-14 08:28:48
EVT_001628,IF_MFG_002,MFG,ASM,API,REST,Failed,MFG_DB_002,Manufacturing execution database write failure,Database,5331,SESS_14a0bccb8a47,REQ_652ba92dcf2e4ed8,2026-09-14 08:32:36
EVT_000318,IF_ORD_001,ORD,PAY,API,REST,Warning,ORD_AUTH_003,Order service authentication token expired,Authentication,894,SESS_1d691fba5e18,REQ_e99c56ff44904b99,2026-09-14 08:33:51
EVT_002903,IF_DLV_001,DLV,PAY,API,REST,Failed,DLV_ROUTE_001,Delivery routing service unavailable,ExternalService,6704,SESS_0a2c827e9832,REQ_efec21722dbc4eec,2026-09-14 08:35:01
EVT_001475,IF_MFG_001,MFG,ASM,MsgBus,Async,Failed,MFG_MACHINE_001,Manufacturing machine controller not responding,Infrastructure,1754,SESS_e6d5901d8b62,REQ_b3af07aeb2304b67,2026-09-14 08:36:06
EVT_000760,IF_PAY_002,PAY,ORD,ESB,CDC,Warning,PAY_AUTHZ_002,Payment authorization declined by issuer,Authorization,1017,SESS_72bb912d7da6,REQ_a2c54d3f13bd4943,2026-09-14 08:44:30
EVT_001807,IF_MFG_004,MFG,PRC,MsgBus,Async,Failed,MFG_DB_002,Manufacturing execution database write failure,Database,7491,SESS_311c6eb62095,REQ_62b807c486774019,2026-09-14 08:52:42
EVT_000465,IF_PAY_001,PAY,ORD,API,REST,Failed,PAY_TIME_004,Payment gateway response timeout,Timeout,4656,SESS_e2817efdae84,REQ_90388ab7fe4a4508,2026-09-14 08:53:50
EVT_002154,IF_PRC_002,PRC,ASM,Batch,Batch,Failed,PRC_PO_001,Purchase order rejected by supplier system,ExternalService,6920,SESS_8ce6424dbef5,REQ_d676e7ca038c4508,2026-09-14 08:55:49
EVT_000811,IF_ORD_002,ORD,MFG,MsgBus,Async,Failed,ORD_NET_004,Network timeout while contacting order service,Network,6523,SESS_da587e8aa25d,REQ_8e1b01bcc4914885,2026-09-14 09:00:39
EVT_002232,IF_PRC_003,PRC,MFG,API,REST,Failed,PRC_PO_001,Purchase order rejected by supplier system,ExternalService,8600,SESS_c2b01cfdd045,REQ_1b9ae896d88b4d55,2026-09-14 09:01:38
EVT_002378,IF_ASM_001,ASM,DLV,MsgBus,Async,Failed,ASM_NET_004,Assembly station network connectivity lost,Network,6671,SESS_d3016989bfbb,REQ_bcf00b49156242b0,2026-09-14 09:03:01
EVT_000657,IF_PAY_002,PAY,ORD,ESB,CDC,Failed,PAY_AUTH_001,Payment gateway authentication failed,Authentication,1009,SESS_b683d2e6337e,REQ_94de7c5afb9a4d95,2026-09-14 09:06:00
EVT_002962,IF_DLV_001,DLV,PAY,API,REST,Failed,DLV_TIME_003,Carrier API response timeout,Timeout,7209,SESS_60141de9f54a,REQ_17a78a5660d7470b,2026-09-14 09:07:56
EVT_000744,IF_PAY_002,PAY,ORD,ESB,CDC,Warning,PAY_AUTH_001,Payment gateway authentication failed,Authentication,1583,SESS_1d4a3d81b3a7,REQ_f4e59368ccd94213,2026-09-14 09:09:55
EVT_002896,IF_DLV_001,DLV,PAY,API,REST,Warning,DLV_CFG_002,Delivery zone configuration mismatch,Configuration,1478,SESS_49a23a89e6b5,REQ_71a100f4c8e94fce,2026-09-14 09:10:40
EVT_001386,IF_MFG_001,MFG,ASM,MsgBus,Async,Warning,MFG_QC_003,Quality check parameters out of tolerance,Validation,888,SESS_cada4f80a9e7,REQ_fea669201c3141f9,2026-09-14 09:14:52
EVT_001385,IF_MFG_001,MFG,ASM,MsgBus,Async,Warning,MFG_QC_003,Quality check parameters out of tolerance,Validation,1970,SESS_c17af08a1745,REQ_300a947a5651466e,2026-09-14 09:16:19
EVT_002938,IF_DLV_001,DLV,PAY,API,REST,Failed,DLV_DB_004,Delivery tracking database error,Database,4701,SESS_e05fb8bc8a16,REQ_c17b02e6df814261,2026-09-14 09:22:20
EVT_000998,IF_ORD_002,ORD,MFG,MsgBus,Async,Warning,ORD_AUTH_003,Order service authentication token expired,Authentication,1336,SESS_a9d3c2e6505c,REQ_29f058a8a7434de1,2026-09-14 09:22:30
EVT_002725,IF_DLV_001,DLV,PAY,API,REST,Failed,DLV_ROUTE_001,Delivery routing service unavailable,ExternalService,2798,SESS_e8a3f341c881,REQ_7786c06481e14330,2026-09-14 09:24:00
EVT_001531,IF_MFG_002,MFG,ASM,API,REST,Failed,MFG_CAP_004,Manufacturing queue capacity exceeded,Capacity,2428,SESS_6c8c3b6aa974,REQ_d89a79f83e4748da,2026-09-14 09:24:54
EVT_001368,IF_MFG_001,MFG,ASM,MsgBus,Async,Failed,MFG_CAP_004,Manufacturing queue capacity exceeded,Capacity,1980,SESS_42999aa40cdf,REQ_3581b8e72ce44d9d,2026-09-14 09:27:54
EVT_002957,IF_DLV_001,DLV,PAY,API,REST,Failed,DLV_TIME_003,Carrier API response timeout,Timeout,6053,SESS_e43e4288a2b5,REQ_df6a87662cb545c9,2026-09-14 09:28:00
EVT_000664,IF_PAY_002,PAY,ORD,ESB,CDC,Failed,PAY_AUTHZ_002,Payment authorization declined by issuer,Authorization,1499,SESS_49c13de73b42,REQ_838573782dca4d89,2026-09-14 09:30:47
EVT_000736,IF_PAY_002,PAY,ORD,ESB,CDC,Failed,PAY_TIME_004,Payment gateway response timeout,Timeout,2526,SESS_a97065e18e46,REQ_490a4a8a22804e8b,2026-09-14 09:31:43
EVT_002880,IF_DLV_001,DLV,PAY,API,REST,Failed,DLV_ROUTE_001,Delivery routing service unavailable,ExternalService,7654,SESS_f6e07cc06c52,REQ_61bb5fc5752f49f1,2026-09-14 09:32:12
EVT_000707,IF_PAY_002,PAY,ORD,ESB,CDC,Failed,PAY_EXT_003,Payment processor external service error,ExternalService,6604,SESS_12e89d102871,REQ_a33392a378d74815,2026-09-14 09:34:25
EVT_000325,IF_PAY_001,PAY,ORD,API,REST,Warning,PAY_AUTH_001,Payment gateway authentication failed,Authentication,923,SESS_0b5cea6a4135,REQ_cfdaad9fe8fa429a,2026-09-14 09:36:41
EVT_001676,IF_MFG_003,MFG,ASM,MsgBus,CDC,Warning,MFG_QC_003,Quality check parameters out of tolerance,Validation,1293,SESS_0ef8c2d6f7fd,REQ_b70e87844d524654,2026-09-14 09:36:50
EVT_001032,IF_ORD_002,ORD,MFG,MsgBus,Async,Failed,ORD_DB_001,Order database connection timeout,Database,3604,SESS_218a15368c99,REQ_bf8d1ecfc5cf43c7,2026-09-14 09:37:19
EVT_001904,IF_PRC_001,PRC,MFG,ESB,SOAP,Failed,PRC_MAT_002,Material availability check timed out,Timeout,5322,SESS_46c8adfe7bf4,REQ_74c1e80238854c9d,2026-09-14 09:38:51
EVT_001574,IF_MFG_002,MFG,ASM,API,REST,Failed,MFG_CAP_004,Manufacturing queue capacity exceeded,Capacity,1418,SESS_4f77a665ac3c,REQ_450abfebf67c41d6,2026-09-14 09:39:52
EVT_000226,IF_ORD_001,ORD,PAY,API,REST,Failed,ORD_DB_001,Order database connection timeout,Database,4639,SESS_bfc00dc804f6,REQ_3534f3742fe9487e,2026-09-14 09:43:00
EVT_002329,IF_ASM_001,ASM,DLV,MsgBus,Async,Failed,ASM_NET_004,Assembly station network connectivity lost,Network,5567,SESS_43ef20162c9b,REQ_d3a22cc496b84917,2026-09-14 09:44:33
EVT_001437,IF_MFG_001,MFG,ASM,MsgBus,Async,Failed,MFG_CAP_004,Manufacturing queue capacity exceeded,Capacity,651,SESS_5af305535ec4,REQ_17a85b689f7c4da3,2026-09-14 09:46:51
EVT_002439,IF_ASM_001,ASM,DLV,MsgBus,Async,Warning,ASM_COMP_001,Assembly component mismatch detected,Validation,1663,SESS_e05fb8bc8a16,REQ_ae5c681a5ee342b0,2026-09-14 09:48:13
EVT_002084,IF_PRC_002,PRC,ASM,Batch,Batch,Warning,PRC_AUTHZ_004,Procurement user lacks approval authorization,Authorization,1503,SESS_bc67f831cbc8,REQ_3b7eeb57feaa47c2,2026-09-14 09:49:15
EVT_000470,IF_PAY_001,PAY,ORD,API,REST,Warning,PAY_EXT_003,Payment processor external service error,ExternalService,8235,SESS_c64ee6e389c5,REQ_14f25209bdd74eb7,2026-09-14 09:49:40
EVT_002509,IF_ASM_002,ASM,DLV,API,REST,Failed,ASM_NET_004,Assembly station network connectivity lost,Network,8319,SESS_42999aa40cdf,REQ_eaf78be337de4418,2026-09-14 09:53:41
EVT_002340,IF_ASM_001,ASM,DLV,MsgBus,Async,Failed,ASM_DB_002,Assembly tracking database update failed,Database,3296,SESS_533420e6d9d8,REQ_d7669b43d4174806,2026-09-14 09:53:55
EVT_001221,IF_ORD_003,ORD,MFG,API,REST,Failed,ORD_DB_001,Order database connection timeout,Database,3777,SESS_004b6fabfcf5,REQ_7341ffa0b1474f43,2026-09-14 09:55:46
EVT_002219,IF_PRC_003,PRC,MFG,API,REST,Failed,PRC_MAT_002,Material availability check timed out,Timeout,4849,SESS_561e16d16105,REQ_39de851aac024ab4,2026-09-14 09:56:53
EVT_001321,IF_MFG_001,MFG,ASM,MsgBus,Async,Failed,MFG_CAP_004,Manufacturing queue capacity exceeded,Capacity,1871,SESS_88bc539c9f4c,REQ_dec79f00b9484713,2026-09-14 09:59:57
EVT_001733,IF_MFG_003,MFG,ASM,MsgBus,CDC,Warning,MFG_QC_003,Quality check parameters out of tolerance,Validation,1942,SESS_dd81b7f57d59,REQ_2cadd014685e48c6,2026-09-14 10:02:23
EVT_001981,IF_PRC_001,PRC,MFG,ESB,SOAP,Failed,PRC_MAT_002,Material availability check timed out,Timeout,2126,SESS_daf61a26146d,REQ_20b049afed7340e3,2026-09-14 10:05:09
EVT_001719,IF_MFG_003,MFG,ASM,MsgBus,CDC,Failed,MFG_CAP_004,Manufacturing queue capacity exceeded,Capacity,1740,SESS_cada4f80a9e7,REQ_fc7c6101339a4157,2026-09-14 10:05:23
EVT_001213,IF_ORD_003,ORD,MFG,API,REST,Failed,ORD_DB_001,Order database connection timeout,Database,5608,SESS_f2f9e5fa9016,REQ_c8a1d3b2214244bb,2026-09-14 10:10:09
EVT_002499,IF_ASM_002,ASM,DLV,API,REST,Failed,ASM_DB_002,Assembly tracking database update failed,Database,5289,SESS_c9277d9b6e0d,REQ_96d4332656314578,2026-09-14 10:11:10
EVT_002271,IF_ASM_001,ASM,DLV,MsgBus,Async,Warning,ASM_COMP_001,Assembly component mismatch detected,Validation,769,SESS_a5c5650c8186,REQ_0f319d1afd594cbd,2026-09-14 10:13:23
EVT_001043,IF_ORD_002,ORD,MFG,MsgBus,Async,Failed,ORD_NET_004,Network timeout while contacting order service,Network,3458,SESS_c4bbb7a9d988,REQ_dc73f3a2415c4753,2026-09-14 10:14:53
EVT_001065,IF_ORD_002,ORD,MFG,MsgBus,Async,Failed,ORD_NET_004,Network timeout while contacting order service,Network,8281,SESS_0a17991ea576,REQ_4fae9c61200b442f,2026-09-14 10:18:22
EVT_002619,IF_ASM_002,ASM,DLV,API,REST,Warning,ASM_COMP_001,Assembly component mismatch detected,Validation,1663,SESS_4797b2c95720,REQ_28e3906a82184cf1,2026-09-14 10:18:41
EVT_001319,IF_MFG_001,MFG,ASM,MsgBus,Async,Failed,MFG_CAP_004,Manufacturing queue capacity exceeded,Capacity,701,SESS_d8e88ebb7a9e,REQ_83699038e5204dc5,2026-09-14 10:19:54
EVT_002460,IF_ASM_001,ASM,DLV,MsgBus,Async,Warning,ASM_COMP_001,Assembly component mismatch detected,Validation,327,SESS_479d0cdaf396,REQ_70200bfb271343b1,2026-09-14 10:20:08
EVT_001231,IF_ORD_003,ORD,MFG,API,REST,Failed,ORD_DB_001,Order database connection timeout,Database,6028,SESS_abf3ad39fec2,REQ_9d66cd1d08844bee,2026-09-14 10:21:05
EVT_002395,IF_ASM_001,ASM,DLV,MsgBus,Async,Warning,ASM_COMP_001,Assembly component mismatch detected,Validation,733,SESS_4f8d5238288b,REQ_da6d58dcc03c487a,2026-09-14 10:22:58
EVT_000660,IF_PAY_002,PAY,ORD,ESB,CDC,Failed,PAY_EXT_003,Payment processor external service error,ExternalService,3207,SESS_4b7e6b3c87d2,REQ_d9d58f6a04f54032,2026-09-14 10:23:00
EVT_002429,IF_ASM_001,ASM,DLV,MsgBus,Async,Failed,ASM_DB_002,Assembly tracking database update failed,Database,4282,SESS_fad409e2a319,REQ_49052f6e63bf4f8b,2026-09-14 10:23:19
EVT_002656,IF_ASM_002,ASM,DLV,API,REST,Failed,ASM_CAP_003,Assembly line at maximum capacity,Capacity,1949,SESS_5e5ba13d746c,REQ_1899caafea724768,2026-09-14 10:24:22
EVT_002998,IF_DLV_001,DLV,PAY,API,REST,Failed,DLV_TIME_003,Carrier API response timeout,Timeout,4840,SESS_1b4da0fe7bb3,REQ_156b652c87d24638,2026-09-14 10:25:24
EVT_001107,IF_ORD_003,ORD,MFG,API,REST,Failed,ORD_NET_004,Network timeout while contacting order service,Network,4255,SESS_aab97e494f2d,REQ_543f05158dda455f,2026-09-14 10:28:07
EVT_001727,IF_MFG_003,MFG,ASM,MsgBus,CDC,Warning,MFG_QC_003,Quality check parameters out of tolerance,Validation,981,SESS_8da0365bf898,REQ_9a5c9d8b0a734fb9,2026-09-14 10:28:18
EVT_000717,IF_PAY_002,PAY,ORD,ESB,CDC,Warning,PAY_AUTH_001,Payment gateway authentication failed,Authentication,1325,SESS_47229389571a,REQ_0045864616d44592,2026-09-14 10:28:40
EVT_001536,IF_MFG_002,MFG,ASM,API,REST,Failed,MFG_DB_002,Manufacturing execution database write failure (correlated with upstream failure on IF_ORD_002),Database,5898,SESS_0a17991ea576,REQ_3daec2fb6f3440ee,2026-09-14 10:30:40
EVT_001543,IF_MFG_002,MFG,ASM,API,REST,Warning,MFG_CAP_004,Manufacturing queue capacity exceeded,Capacity,1693,SESS_fb02bebb4872,REQ_379cab2153184278,2026-09-14 10:32:08
EVT_002124,IF_PRC_002,PRC,ASM,Batch,Batch,Failed,PRC_PO_001,Purchase order rejected by supplier system,ExternalService,7348,SESS_26242b40a5cb,REQ_4340a8c8edad4703,2026-09-14 10:32:55
EVT_002900,IF_DLV_001,DLV,PAY,API,REST,Failed,DLV_ROUTE_001,Delivery routing service unavailable,ExternalService,2265,SESS_1a84a51aa9d3,REQ_4659c8faf7a5484c,2026-09-14 10:34:49
EVT_000383,IF_PAY_001,PAY,ORD,API,REST,Failed,PAY_EXT_003,Payment processor external service error,ExternalService,3513,SESS_e4429ebbda7b,REQ_182e718a7d504937,2026-09-14 10:36:39
EVT_000694,IF_PAY_002,PAY,ORD,ESB,CDC,Warning,PAY_AUTHZ_002,Payment authorization declined by issuer,Authorization,1318,SESS_5560db22c96b,REQ_ba590f880e074096,2026-09-14 10:36:56
EVT_000686,IF_PAY_002,PAY,ORD,ESB,CDC,Failed,PAY_TIME_004,Payment gateway response timeout,Timeout,8249,SESS_4a1935014169,REQ_bb35a5c45ac54808,2026-09-14 10:37:01
EVT_000627,IF_PAY_001,PAY,ORD,API,REST,Warning,PAY_AUTHZ_002,Payment authorization declined by issuer,Authorization,253,SESS_88bd64072bcf,REQ_7b37dace638f483c,2026-09-14 10:37:02
EVT_000888,IF_ORD_002,ORD,MFG,MsgBus,Async,Failed,ORD_DB_001,Order database connection timeout,Database,6319,SESS_114125c63a9b,REQ_5d2d31093db94146,2026-09-14 10:38:56
EVT_000638,IF_PAY_001,PAY,ORD,API,REST,Failed,PAY_TIME_004,Payment gateway response timeout,Timeout,4798,SESS_f30a9e32aba4,REQ_e61813479faa4833,2026-09-14 10:39:22
EVT_000041,IF_ORD_001,ORD,PAY,API,REST,Warning,ORD_AUTH_003,Order service authentication token expired,Authentication,482,SESS_17e011b7f810,REQ_3aef624fc6414944,2026-09-14 10:40:19
EVT_002929,IF_DLV_001,DLV,PAY,API,REST,Failed,DLV_DB_004,Delivery tracking database error,Database,3714,SESS_4a1935014169,REQ_1939d04fd8e0405e,2026-09-14 10:40:40
EVT_000710,IF_PAY_002,PAY,ORD,ESB,CDC,Warning,PAY_AUTHZ_002,Payment authorization declined by issuer,Authorization,595,SESS_dd81b7f57d59,REQ_16b7391cf68743e4,2026-09-14 10:40:44
EVT_001094,IF_ORD_003,ORD,MFG,API,REST,Failed,ORD_NET_004,Network timeout while contacting order service (correlated with upstream failure on IF_PAY_001),Network,5893,SESS_e4429ebbda7b,REQ_c989f4f003d845d6,2026-09-14 10:40:44
EVT_000215,IF_ORD_001,ORD,PAY,API,REST,Failed,ORD_AUTH_003,Order service authentication token expired,Authentication,1229,SESS_1d61fac36cd5,REQ_0a8ca800b9224af5,2026-09-14 10:43:06
EVT_000132,IF_ORD_001,ORD,PAY,API,REST,Failed,ORD_AUTH_003,Order service authentication token expired,Authentication,146,SESS_c9e48e8c25c6,REQ_18119668f94f4957,2026-09-14 10:49:29
EVT_000346,IF_PAY_001,PAY,ORD,API,REST,Warning,PAY_AUTH_001,Payment gateway authentication failed,Authentication,589,SESS_2dea94930658,REQ_452e1a26773b49d8,2026-09-14 10:51:21
EVT_001439,IF_MFG_001,MFG,ASM,MsgBus,Async,Warning,MFG_QC_003,Quality check parameters out of tolerance (correlated with upstream failure on IF_ORD_002),Validation,888,SESS_114125c63a9b,REQ_6688d1e58e264e4e,2026-09-14 10:52:00
EVT_002931,IF_DLV_001,DLV,PAY,API,REST,Failed,DLV_DB_004,Delivery tracking database error,Database,2590,SESS_c17af08a1745,REQ_54cfc00e063d4327,2026-09-14 10:52:13
EVT_000039,IF_ORD_001,ORD,PAY,API,REST,Failed,ORD_DB_001,Order database connection timeout,Database,5686,SESS_aab97e494f2d,REQ_5a44f2c312984e05,2026-09-14 10:56:53
EVT_001019,IF_ORD_002,ORD,MFG,MsgBus,Async,Warning,ORD_AUTH_003,Order service authentication token expired,Authentication,366,SESS_6b88f83dd97d,REQ_e508a9c88b5f4396,2026-09-14 10:59:04
EVT_000859,IF_ORD_002,ORD,MFG,MsgBus,Async,Warning,ORD_AUTH_003,Order service authentication token expired,Authentication,806,SESS_fbe33b243eae,REQ_6d1792ed56424636,2026-09-14 11:00:35
EVT_000350,IF_PAY_001,PAY,ORD,API,REST,Failed,PAY_TIME_004,Payment gateway response timeout,Timeout,4422,SESS_78e3654bfaf1,REQ_83705fdd634342dc,2026-09-14 11:00:49
EVT_002634,IF_ASM_002,ASM,DLV,API,REST,Failed,ASM_DB_002,Assembly tracking database update failed,Database,3771,SESS_336749b52cf6,REQ_53e3d990c62b4860,2026-09-14 11:02:19
EVT_001801,IF_MFG_004,MFG,PRC,MsgBus,Async,Warning,MFG_QC_003,Quality check parameters out of tolerance,Validation,946,SESS_cada4f80a9e7,REQ_703c1201be40434f,2026-09-14 11:02:30
EVT_001725,IF_MFG_003,MFG,ASM,MsgBus,CDC,Warning,MFG_QC_003,Quality check parameters out of tolerance,Validation,1687,SESS_b386f7a4c991,REQ_d08748a47cb7495c,2026-09-14 11:03:00
EVT_001364,IF_MFG_001,MFG,ASM,MsgBus,Async,Failed,MFG_CAP_004,Manufacturing queue capacity exceeded,Capacity,637,SESS_9b1bc8952af4,REQ_7ab9527b10ea47d9,2026-09-14 11:03:44
EVT_002875,IF_DLV_001,DLV,PAY,API,REST,Warning,DLV_CFG_002,Delivery zone configuration mismatch (correlated with upstream failure on IF_ASM_002),Configuration,1421,SESS_336749b52cf6,REQ_a6d395e7c192489c,2026-09-14 11:04:05
EVT_002551,IF_ASM_002,ASM,DLV,API,REST,Warning,ASM_COMP_001,Assembly component mismatch detected,Validation,1616,SESS_9970cf60ebff,REQ_7871afb598064819,2026-09-14 11:06:08
EVT_000402,IF_PAY_001,PAY,ORD,API,REST,Failed,PAY_EXT_003,Payment processor external service error,ExternalService,6304,SESS_1d4a3d81b3a7,REQ_216e82c59f5e4b63,2026-09-14 11:08:39
EVT_000773,IF_ORD_002,ORD,MFG,MsgBus,Async,Failed,ORD_VAL_002,Order validation failed due to missing required field,Validation,1313,SESS_114125c63a9b,REQ_574e5829782e485f,2026-09-14 11:08:46
EVT_002088,IF_PRC_002,PRC,ASM,Batch,Batch,Failed,PRC_AUTHZ_004,Procurement user lacks approval authorization,Authorization,2753,SESS_11ce5dd2b45e,REQ_0fa653ffa5b84a92,2026-09-14 11:10:04
EVT_001233,IF_ORD_003,ORD,MFG,API,REST,Failed,ORD_NET_004,Network timeout while contacting order service,Network,2130,SESS_cb323e357922,REQ_3a0b74719ce7434e,2026-09-14 11:10:23
EVT_000015,IF_ORD_001,ORD,PAY,API,REST,Warning,ORD_AUTH_003,Order service authentication token expired,Authentication,1673,SESS_fad409e2a319,REQ_8c539d55bb274f66,2026-09-14 11:10:52
EVT_000300,IF_ORD_001,ORD,PAY,API,REST,Failed,ORD_DB_001,Order database connection timeout,Database,2686,SESS_c37459eef50b,REQ_4372cb02b3304c2e,2026-09-14 11:12:00
EVT_002518,IF_ASM_002,ASM,DLV,API,REST,Warning,ASM_CAP_003,Assembly line at maximum capacity,Capacity,307,SESS_d248a9a7ac1a,REQ_7f22f4edd6bd44af,2026-09-14 11:14:33
EVT_002452,IF_ASM_001,ASM,DLV,MsgBus,Async,Failed,ASM_CAP_003,Assembly line at maximum capacity,Capacity,1398,SESS_a867a096edd8,REQ_7609bb4e1f0e4f1c,2026-09-14 11:20:28
EVT_002916,IF_DLV_001,DLV,PAY,API,REST,Failed,DLV_TIME_003,Carrier API response timeout,Timeout,8033,SESS_2ef912766c00,REQ_0a664b0fc96c4406,2026-09-14 11:20:28
EVT_000431,IF_PAY_001,PAY,ORD,API,REST,Failed,PAY_EXT_003,Payment processor external service error,ExternalService,3927,SESS_9970cf60ebff,REQ_7268bdc63515460c,2026-09-14 11:20:45
EVT_002194,IF_PRC_003,PRC,MFG,API,REST,Failed,PRC_CFG_003,Procurement routing configuration invalid,Configuration,635,SESS_a53f8a28abf3,REQ_73111ea672544978,2026-09-14 11:23:15
EVT_000670,IF_PAY_002,PAY,ORD,ESB,CDC,Failed,PAY_AUTHZ_002,Payment authorization declined by issuer,Authorization,1707,SESS_fcd6bdca5876,REQ_cd30b06511cd4795,2026-09-14 11:23:20
EVT_002372,IF_ASM_001,ASM,DLV,MsgBus,Async,Warning,ASM_COMP_001,Assembly component mismatch detected,Validation,973,SESS_4dcabfb7001a,REQ_694c3ba202a747b5,2026-09-14 11:24:18
EVT_001690,IF_MFG_003,MFG,ASM,MsgBus,CDC,Failed,MFG_DB_002,Manufacturing execution database write failure,Database,7944,SESS_aca5e2fdb966,REQ_5551371db92148ae,2026-09-14 11:24:38
EVT_000162,IF_ORD_001,ORD,PAY,API,REST,Failed,ORD_NET_004,Network timeout while contacting order service,Network,4222,SESS_ebb7a385aa0b,REQ_26b0f319f6a6404c,2026-09-14 11:32:43
EVT_002557,IF_ASM_002,ASM,DLV,API,REST,Failed,ASM_NET_004,Assembly station network connectivity lost,Network,4565,SESS_12476f57a5e5,REQ_d85e6ad34f244a0c,2026-09-14 11:32:57
EVT_000198,IF_ORD_001,ORD,PAY,API,REST,Warning,ORD_VAL_002,Order validation failed due to missing required field,Validation,1213,SESS_637e4b0122ba,REQ_2117f3168c474e98,2026-09-14 11:34:43
EVT_001750,IF_MFG_003,MFG,ASM,MsgBus,CDC,Failed,MFG_MACHINE_001,Manufacturing machine controller not responding,Infrastructure,1110,SESS_a8b317fa18d0,REQ_31ed0830186b4117,2026-09-14 11:35:35
EVT_001177,IF_ORD_003,ORD,MFG,API,REST,Failed,ORD_NET_004,Network timeout while contacting order service,Network,3524,SESS_9475dbc99641,REQ_29796b9825e144de,2026-09-14 11:36:56
EVT_000925,IF_ORD_002,ORD,MFG,MsgBus,Async,Failed,ORD_NET_004,Network timeout while contacting order service,Network,8444,SESS_3e493f43b118,REQ_29ebc9af96d445c0,2026-09-14 11:39:34
EVT_002630,IF_ASM_002,ASM,DLV,API,REST,Failed,ASM_CAP_003,Assembly line at maximum capacity,Capacity,1555,SESS_c5ce099c46b8,REQ_5cc75a39472c4f18,2026-09-14 11:42:41
EVT_002359,IF_ASM_001,ASM,DLV,MsgBus,Async,Warning,ASM_COMP_001,Assembly component mismatch detected,Validation,1241,SESS_11d059b26699,REQ_4e1025272b264ab3,2026-09-14 11:43:01
EVT_000106,IF_ORD_001,ORD,PAY,API,REST,Failed,ORD_AUTH_003,Order service authentication token expired,Authentication,1319,SESS_336749b52cf6,REQ_8b292fe7a77d43aa,2026-09-14 11:47:10
EVT_002548,IF_ASM_002,ASM,DLV,API,REST,Warning,ASM_COMP_001,Assembly component mismatch detected,Validation,523,SESS_38b8f24e56ea,REQ_00f58c5b7c624866,2026-09-14 11:48:07
EVT_000809,IF_ORD_002,ORD,MFG,MsgBus,Async,Warning,ORD_VAL_002,Order validation failed due to missing required field,Validation,418,SESS_6efb63b11b04,REQ_a896c27b022e4c95,2026-09-14 11:49:24
EVT_000265,IF_ORD_001,ORD,PAY,API,REST,Warning,ORD_AUTH_003,Order service authentication token expired,Authentication,1084,SESS_b6aae05b13d5,REQ_34fe5625eb684fe1,2026-09-14 11:50:45
EVT_001482,IF_MFG_001,MFG,ASM,MsgBus,Async,Failed,MFG_MACHINE_001,Manufacturing machine controller not responding,Infrastructure,1176,SESS_5e781fd794e0,REQ_3fc104a058fa4d9f,2026-09-14 11:52:21
EVT_000972,IF_ORD_002,ORD,MFG,MsgBus,Async,Failed,ORD_DB_001,Order database connection timeout,Database,3941,SESS_e61ede900267,REQ_ba3e32eb0edf4d7e,2026-09-14 11:52:43
EVT_001275,IF_ORD_003,ORD,MFG,API,REST,Failed,ORD_NET_004,Network timeout while contacting order service,Network,4176,SESS_41992fdfb310,REQ_82c725e66fff49df,2026-09-14 11:53:12
EVT_002377,IF_ASM_001,ASM,DLV,MsgBus,Async,Warning,ASM_COMP_001,Assembly component mismatch detected (correlated with upstream failure on IF_MFG_001),Validation,1275,SESS_5e781fd794e0,REQ_005b5f4ea4764c6d,2026-09-14 11:55:53
EVT_002085,IF_PRC_002,PRC,ASM,Batch,Batch,Warning,PRC_CFG_003,Procurement routing configuration invalid,Configuration,887,SESS_81e5c9f693f2,REQ_be3e899caecd46e4,2026-09-14 12:00:51
EVT_002289,IF_ASM_001,ASM,DLV,MsgBus,Async,Failed,ASM_DB_002,Assembly tracking database update failed,Database,6141,SESS_a7a8f6366a35,REQ_828db42a5fb14b9d,2026-09-14 12:02:34
EVT_001115,IF_ORD_003,ORD,MFG,API,REST,Failed,ORD_DB_001,Order database connection timeout,Database,8532,SESS_9d9b62317d45,REQ_efed4fc4c7f64a38,2026-09-14 12:07:26
EVT_002479,IF_ASM_002,ASM,DLV,API,REST,Failed,ASM_NET_004,Assembly station network connectivity lost,Network,6822,SESS_f4e559e59622,REQ_e33dea914f704497,2026-09-14 12:07:40
EVT_002216,IF_PRC_003,PRC,MFG,API,REST,Failed,PRC_PO_001,Purchase order rejected by supplier system,ExternalService,5214,SESS_5e5ba13d746c,REQ_067c2b7a95b54165,2026-09-14 12:08:55
EVT_001181,IF_ORD_003,ORD,MFG,API,REST,Failed,ORD_NET_004,Network timeout while contacting order service,Network,7069,SESS_6c8c3b6aa974,REQ_924f17672c7b46b8,2026-09-14 12:10:01
EVT_001829,IF_MFG_004,MFG,PRC,MsgBus,Async,Failed,MFG_DB_002,Manufacturing execution database write failure,Database,5163,SESS_c696f5e64944,REQ_89b66ee4a2e44d60,2026-09-14 12:11:29
EVT_000569,IF_PAY_001,PAY,ORD,API,REST,Warning,PAY_AUTHZ_002,Payment authorization declined by issuer,Authorization,263,SESS_8dfa6a56d12d,REQ_9324e07be49d4eba,2026-09-14 12:16:07
EVT_001997,IF_PRC_001,PRC,MFG,ESB,SOAP,Failed,PRC_PO_001,Purchase order rejected by supplier system,ExternalService,9000,SESS_c30ff46e8026,REQ_2c06200cbe5e453c,2026-09-14 12:16:24
EVT_000475,IF_PAY_001,PAY,ORD,API,REST,Failed,PAY_TIME_004,Payment gateway response timeout,Timeout,3187,SESS_a99f131849c8,REQ_911e4a70c3504977,2026-09-14 12:17:03
EVT_001626,IF_MFG_002,MFG,ASM,API,REST,Warning,MFG_QC_003,Quality check parameters out of tolerance,Validation,1555,SESS_d8e88ebb7a9e,REQ_ed5fe0fa2f144d40,2026-09-14 12:17:28
EVT_001153,IF_ORD_003,ORD,MFG,API,REST,Warning,ORD_VAL_002,Order validation failed due to missing required field,Validation,1187,SESS_c34b9fbb8d4a,REQ_7154cf0748164928,2026-09-14 12:17:35
EVT_002730,IF_DLV_001,DLV,PAY,API,REST,Failed,DLV_TIME_003,Carrier API response timeout,Timeout,8519,SESS_0dde29a6baa4,REQ_8526942747284ae4,2026-09-14 12:19:06
EVT_001541,IF_MFG_002,MFG,ASM,API,REST,Failed,MFG_DB_002,Manufacturing execution database write failure,Database,8490,SESS_0710d430f071,REQ_e55d29b9bef34ae4,2026-09-14 12:19:55
EVT_000844,IF_ORD_002,ORD,MFG,MsgBus,Async,Failed,ORD_VAL_002,Order validation failed due to missing required field (correlated with upstream failure on IF_PAY_001),Validation,128,SESS_a99f131849c8,REQ_2d6870f9188c45d2,2026-09-14 12:21:10
EVT_002308,IF_ASM_001,ASM,DLV,MsgBus,Async,Failed,ASM_NET_004,Assembly station network connectivity lost,Network,4083,SESS_76ecbdd68498,REQ_18e91f33b8474d2d,2026-09-14 12:24:01
EVT_000963,IF_ORD_002,ORD,MFG,MsgBus,Async,Warning,ORD_VAL_002,Order validation failed due to missing required field,Validation,778,SESS_1ca35cfb04fc,REQ_b2eb6266e5904a14,2026-09-14 12:27:50
EVT_002988,IF_DLV_001,DLV,PAY,API,REST,Warning,DLV_DB_004,Delivery tracking database error,Database,6830,SESS_68949b8d00af,REQ_3889e7baa1734d0d,2026-09-14 12:30:21
EVT_002354,IF_ASM_001,ASM,DLV,MsgBus,Async,Warning,ASM_COMP_001,Assembly component mismatch detected,Validation,275,SESS_d58842dea2bc,REQ_24010b7781cf40b6,2026-09-14 12:30:35
EVT_002230,IF_PRC_003,PRC,MFG,API,REST,Failed,PRC_MAT_002,Material availability check timed out,Timeout,4161,SESS_d7665cdafe04,REQ_3e143001222e4cef,2026-09-14 12:35:00
EVT_000964,IF_ORD_002,ORD,MFG,MsgBus,Async,Warning,ORD_AUTH_003,Order service authentication token expired,Authentication,1838,SESS_6e218b099afd,REQ_df35a466a7904277,2026-09-14 12:36:46
EVT_002371,IF_ASM_001,ASM,DLV,MsgBus,Async,Failed,ASM_COMP_001,Assembly component mismatch detected,Validation,1009,SESS_e6d5901d8b62,REQ_74f681bc073a48e9,2026-09-14 12:40:19
EVT_001964,IF_PRC_001,PRC,MFG,ESB,SOAP,Failed,PRC_PO_001,Purchase order rejected by supplier system,ExternalService,6155,SESS_1ba362e7afa4,REQ_99b0388bf1b04dff,2026-09-14 12:41:47
EVT_002573,IF_ASM_002,ASM,DLV,API,REST,Warning,ASM_COMP_001,Assembly component mismatch detected (correlated with upstream failure on IF_ASM_001),Validation,1111,SESS_e6d5901d8b62,REQ_3cec8c3efc2e43b2,2026-09-14 12:42:30
EVT_002990,IF_DLV_001,DLV,PAY,API,REST,Warning,DLV_DB_004,Delivery tracking database error,Database,2026,SESS_f264accc79ac,REQ_d97c2abda53844f3,2026-09-14 12:44:29
EVT_001716,IF_MFG_003,MFG,ASM,MsgBus,CDC,Failed,MFG_DB_002,Manufacturing execution database write failure,Database,6341,SESS_088a93ec70d9,REQ_c908362345784ea3,2026-09-14 12:47:27
EVT_002025,IF_PRC_001,PRC,MFG,ESB,SOAP,Failed,PRC_MAT_002,Material availability check timed out,Timeout,7007,SESS_bb026576f512,REQ_b08e52fe40c4419b,2026-09-14 12:52:15
EVT_002162,IF_PRC_002,PRC,ASM,Batch,Batch,Failed,PRC_PO_001,Purchase order rejected by supplier system,ExternalService,6516,SESS_3d4cbf374eb9,REQ_ba17de7aa4ff4dff,2026-09-14 12:52:52
EVT_000210,IF_ORD_001,ORD,PAY,API,REST,Warning,ORD_VAL_002,Order validation failed due to missing required field,Validation,575,SESS_d248a9a7ac1a,REQ_58047bc1ccc74a38,2026-09-14 12:55:30
EVT_002662,IF_ASM_002,ASM,DLV,API,REST,Warning,ASM_COMP_001,Assembly component mismatch detected,Validation,1167,SESS_b963f37f6781,REQ_8a203ded170f4e51,2026-09-14 12:56:24
EVT_002581,IF_ASM_002,ASM,DLV,API,REST,Failed,ASM_DB_002,Assembly tracking database update failed,Database,3689,SESS_ba0266efbe05,REQ_253c696e65424c69,2026-09-14 12:59:27
EVT_002435,IF_ASM_001,ASM,DLV,MsgBus,Async,Warning,ASM_COMP_001,Assembly component mismatch detected,Validation,496,SESS_6e06809725e9,REQ_58114f1f816b495e,2026-09-14 13:05:18
EVT_000276,IF_ORD_001,ORD,PAY,API,REST,Failed,ORD_DB_001,Order database connection timeout,Database,2342,SESS_7010f7197e69,REQ_52875dd0f6064ba5,2026-09-14 13:05:19
EVT_002568,IF_ASM_002,ASM,DLV,API,REST,Failed,ASM_NET_004,Assembly station network connectivity lost,Network,5362,SESS_513a7052986f,REQ_ac3fbf14fdb1448b,2026-09-14 13:05:36
EVT_002815,IF_DLV_001,DLV,PAY,API,REST,Warning,DLV_CFG_002,Delivery zone configuration mismatch,Configuration,1308,SESS_c17af08a1745,REQ_4ddbe32c82594d9c,2026-09-14 13:06:34
EVT_002174,IF_PRC_002,PRC,ASM,Batch,Batch,Warning,PRC_MAT_002,Material availability check timed out,Timeout,2783,SESS_a56c0941fbf2,REQ_5d513fb3a9134fe7,2026-09-14 13:12:48
EVT_000416,IF_PAY_001,PAY,ORD,API,REST,Failed,PAY_EXT_003,Payment processor external service error,ExternalService,2124,SESS_3f897142fe71,REQ_e7dea1936f514971,2026-09-14 13:13:34
EVT_001711,IF_MFG_003,MFG,ASM,MsgBus,CDC,Failed,MFG_DB_002,Manufacturing execution database write failure,Database,6275,SESS_4991ab9bebc2,REQ_42ecc8a0ee284a35,2026-09-14 13:13:55
EVT_000977,IF_ORD_002,ORD,MFG,MsgBus,Async,Warning,ORD_VAL_002,Order validation failed due to missing required field,Validation,1323,SESS_6de593329364,REQ_47e4b55f869b4dfd,2026-09-14 13:20:17
EVT_001135,IF_ORD_003,ORD,MFG,API,REST,Warning,ORD_NET_004,Network timeout while contacting order service (correlated with upstream failure on IF_PAY_001),Network,2129,SESS_3f897142fe71,REQ_2e5e7a67e96b463d,2026-09-14 13:21:51
EVT_002487,IF_ASM_002,ASM,DLV,API,REST,Failed,ASM_CAP_003,Assembly line at maximum capacity,Capacity,1493,SESS_214f3f12cfd0,REQ_87f2521b85b1442b,2026-09-14 13:25:55
EVT_002816,IF_DLV_001,DLV,PAY,API,REST,Failed,DLV_DB_004,Delivery tracking database error,Database,7377,SESS_0d2b91efb897,REQ_30386eb6ea0a481f,2026-09-14 13:26:32
EVT_000779,IF_ORD_002,ORD,MFG,MsgBus,Async,Failed,ORD_DB_001,Order database connection timeout (correlated with upstream failure on IF_PAY_001),Database,3398,SESS_3f897142fe71,REQ_74927808f4334e95,2026-09-14 13:27:22
EVT_000644,IF_PAY_002,PAY,ORD,ESB,CDC,Warning,PAY_AUTH_001,Payment gateway authentication failed,Authentication,1861,SESS_345512f701f7,REQ_be35640b24874bf2,2026-09-14 13:35:12
EVT_001717,IF_MFG_003,MFG,ASM,MsgBus,CDC,Failed,MFG_DB_002,Manufacturing execution database write failure,Database,4059,SESS_bcae8081bdf0,REQ_52e9519e7d3244d3,2026-09-14 13:35:19
EVT_001575,IF_MFG_002,MFG,ASM,API,REST,Warning,MFG_QC_003,Quality check parameters out of tolerance,Validation,249,SESS_5d59cd2a4eea,REQ_8a528455835f4141,2026-09-14 13:38:07
EVT_001869,IF_PRC_001,PRC,MFG,ESB,SOAP,Failed,PRC_PO_001,Purchase order rejected by supplier system,ExternalService,4496,SESS_142c3fe860e7,REQ_c00af9b5f8ce47a7,2026-09-14 13:38:37
EVT_002785,IF_DLV_001,DLV,PAY,API,REST,Failed,DLV_TIME_003,Carrier API response timeout,Timeout,7100,SESS_f30a9e32aba4,REQ_a95e1fd3be154229,2026-09-14 13:38:55
EVT_002077,IF_PRC_002,PRC,ASM,Batch,Batch,Warning,PRC_AUTHZ_004,Procurement user lacks approval authorization,Authorization,808,SESS_687213f98d60,REQ_fb77f24656934024,2026-09-14 13:39:47
EVT_000541,IF_PAY_001,PAY,ORD,API,REST,Failed,PAY_EXT_003,Payment processor external service error,ExternalService,5394,SESS_d58842dea2bc,REQ_fe0504bef83243e3,2026-09-14 13:42:48
EVT_000854,IF_ORD_002,ORD,MFG,MsgBus,Async,Warning,ORD_AUTH_003,Order service authentication token expired,Authentication,212,SESS_52828d8044b5,REQ_b01f73d69bd94b25,2026-09-14 13:44:47
EVT_002172,IF_PRC_002,PRC,ASM,Batch,Batch,Failed,PRC_AUTHZ_004,Procurement user lacks approval authorization,Authorization,1851,SESS_336749b52cf6,REQ_2612014d29a64b83,2026-09-14 13:45:31
EVT_002096,IF_PRC_002,PRC,ASM,Batch,Batch,Failed,PRC_PO_001,Purchase order rejected by supplier system,ExternalService,3256,SESS_793b4c322050,REQ_b5a1aced6ce84d94,2026-09-14 13:45:52
EVT_001518,IF_MFG_002,MFG,ASM,API,REST,Warning,MFG_QC_003,Quality check parameters out of tolerance,Validation,790,SESS_6dadd6c795a7,REQ_26183abb44e74176,2026-09-14 13:51:48
EVT_000157,IF_ORD_001,ORD,PAY,API,REST,Warning,ORD_VAL_002,Order validation failed due to missing required field,Validation,1096,SESS_cc9fd3349bdf,REQ_1f903b746ade4374,2026-09-14 13:52:46
EVT_000768,IF_ORD_002,ORD,MFG,MsgBus,Async,Failed,ORD_NET_004,Network timeout while contacting order service,Network,2523,SESS_76ecbdd68498,REQ_605cafb7d4a946e5,2026-09-14 13:52:50
EVT_000103,IF_ORD_001,ORD,PAY,API,REST,Failed,ORD_DB_001,Order database connection timeout,Database,7606,SESS_10ba58e3d276,REQ_ea9e6fb332204c3b,2026-09-14 14:02:11
EVT_002153,IF_PRC_002,PRC,ASM,Batch,Batch,Failed,PRC_MAT_002,Material availability check timed out,Timeout,2392,SESS_f6e07cc06c52,REQ_8b660a1c7cb94121,2026-09-14 14:02:33
EVT_001083,IF_ORD_003,ORD,MFG,API,REST,Warning,ORD_VAL_002,Order validation failed due to missing required field,Validation,1347,SESS_f4427e0b6148,REQ_196786fac8044900,2026-09-14 14:05:38
EVT_001424,IF_MFG_001,MFG,ASM,MsgBus,Async,Failed,MFG_DB_002,Manufacturing execution database write failure,Database,8896,SESS_f3b63fe1d184,REQ_f14965ed08294e4d,2026-09-14 14:06:24
EVT_002991,IF_DLV_001,DLV,PAY,API,REST,Warning,DLV_CFG_002,Delivery zone configuration mismatch,Configuration,851,SESS_79699ed2ec48,REQ_0149d0edc4824cf2,2026-09-14 14:07:09
EVT_002087,IF_PRC_002,PRC,ASM,Batch,Batch,Failed,PRC_AUTHZ_004,Procurement user lacks approval authorization,Authorization,721,SESS_edd4253b50f0,REQ_35b03d8027f14955,2026-09-14 14:08:03
EVT_000847,IF_ORD_002,ORD,MFG,MsgBus,Async,Warning,ORD_NET_004,Network timeout while contacting order service,Network,3958,SESS_fcce96f6250a,REQ_a89a0d2ce9064f92,2026-09-14 14:09:36
EVT_000393,IF_PAY_001,PAY,ORD,API,REST,Warning,PAY_AUTHZ_002,Payment authorization declined by issuer,Authorization,1568,SESS_8da0365bf898,REQ_4ced71d02bbf4a34,2026-09-14 14:10:24
EVT_002170,IF_PRC_002,PRC,ASM,Batch,Batch,Failed,PRC_PO_001,Purchase order rejected by supplier system,ExternalService,5716,SESS_e3b137fc0a34,REQ_6f25660bc38a4042,2026-09-14 14:11:12
EVT_002119,IF_PRC_002,PRC,ASM,Batch,Batch,Failed,PRC_PO_001,Purchase order rejected by supplier system,ExternalService,8847,SESS_50c7c006314d,REQ_804d11d4b3c245eb,2026-09-14 14:12:11
EVT_000255,IF_ORD_001,ORD,PAY,API,REST,Warning,ORD_AUTH_003,Order service authentication token expired,Authentication,1537,SESS_79e13ceab0cb,REQ_71e643ae1b6942bd,2026-09-14 14:12:13
EVT_000428,IF_PAY_001,PAY,ORD,API,REST,Warning,PAY_AUTHZ_002,Payment authorization declined by issuer,Authorization,1168,SESS_26d794d30db9,REQ_ecaf774b4bb5442c,2026-09-14 14:12:13
EVT_001650,IF_MFG_003,MFG,ASM,MsgBus,CDC,Warning,MFG_QC_003,Quality check parameters out of tolerance,Validation,2203,SESS_32ebd6899be5,REQ_093d6172695048a6,2026-09-14 14:14:59
EVT_001608,IF_MFG_002,MFG,ASM,API,REST,Warning,MFG_QC_003,Quality check parameters out of tolerance,Validation,2000,SESS_8a80068ddf54,REQ_ffd01a5b92284550,2026-09-14 14:18:06
EVT_002397,IF_ASM_001,ASM,DLV,MsgBus,Async,Failed,ASM_CAP_003,Assembly line at maximum capacity,Capacity,815,SESS_00d4af597427,REQ_b9ba204e37404394,2026-09-14 14:19:13
EVT_000046,IF_ORD_001,ORD,PAY,API,REST,Warning,ORD_NET_004,Network timeout while contacting order service,Network,3071,SESS_cbd58bf61efd,REQ_7276889d46194fad,2026-09-14 14:20:15
EVT_002640,IF_ASM_002,ASM,DLV,API,REST,Failed,ASM_CAP_003,Assembly line at maximum capacity,Capacity,1386,SESS_fc3e058be0f3,REQ_20146346f9364264,2026-09-14 14:21:56
EVT_000094,IF_ORD_001,ORD,PAY,API,REST,Failed,ORD_DB_001,Order database connection timeout,Database,8072,SESS_68949b8d00af,REQ_72f01fd79da54ab7,2026-09-14 14:26:18
EVT_000721,IF_PAY_002,PAY,ORD,ESB,CDC,Failed,PAY_TIME_004,Payment gateway response timeout,Timeout,5094,SESS_ab7f089acd5f,REQ_8608ad0e6010449f,2026-09-14 14:27:48
EVT_002890,IF_DLV_001,DLV,PAY,API,REST,Warning,DLV_CFG_002,Delivery zone configuration mismatch,Configuration,785,SESS_4b8e63d4ce76,REQ_32b8c52e8f8f4ecb,2026-09-14 14:31:29
EVT_000202,IF_ORD_001,ORD,PAY,API,REST,Failed,ORD_NET_004,Network timeout while contacting order service,Network,2101,SESS_c47104c03613,REQ_5071aba27ba94b31,2026-09-14 14:39:35
EVT_000333,IF_PAY_001,PAY,ORD,API,REST,Warning,PAY_AUTH_001,Payment gateway authentication failed,Authentication,1508,SESS_4ef492c1aac9,REQ_b9230937d1bd4500,2026-09-14 14:40:47
EVT_002565,IF_ASM_002,ASM,DLV,API,REST,Warning,ASM_CAP_003,Assembly line at maximum capacity,Capacity,1138,SESS_580d7b71d8f5,REQ_9e3853735d5043c5,2026-09-14 14:42:06
EVT_000986,IF_ORD_002,ORD,MFG,MsgBus,Async,Warning,ORD_VAL_002,Order validation failed due to missing required field,Validation,391,SESS_9e50aa42ca6d,REQ_80cde94f9bf04254,2026-09-14 14:43:41
EVT_001865,IF_PRC_001,PRC,MFG,ESB,SOAP,Warning,PRC_MAT_002,Material availability check timed out,Timeout,6900,SESS_f2f9e5fa9016,REQ_08ebb0b86fd24fd2,2026-09-14 14:44:22
EVT_000204,IF_ORD_001,ORD,PAY,API,REST,Failed,ORD_NET_004,Network timeout while contacting order service,Network,2306,SESS_b963f37f6781,REQ_4b7128bfe4e5458a,2026-09-14 14:46:09
EVT_000976,IF_ORD_002,ORD,MFG,MsgBus,Async,Warning,ORD_VAL_002,Order validation failed due to missing required field,Validation,1237,SESS_21e8ac6843e4,REQ_0196af5a175340a9,2026-09-14 14:46:26
EVT_002301,IF_ASM_001,ASM,DLV,MsgBus,Async,Warning,ASM_COMP_001,Assembly component mismatch detected,Validation,1757,SESS_c73f6e1baf90,REQ_3c2eb95e2e3e433f,2026-09-14 14:47:02
EVT_000280,IF_ORD_001,ORD,PAY,API,REST,Failed,ORD_NET_004,Network timeout while contacting order service,Network,7680,SESS_42deffccf86c,REQ_e045d02f0bd345b0,2026-09-14 14:51:20
EVT_000283,IF_ORD_001,ORD,PAY,API,REST,Warning,ORD_VAL_002,Order validation failed due to missing required field,Validation,1569,SESS_714c7df4e434,REQ_39c8bf36e78f4f10,2026-09-14 14:52:37
EVT_001985,IF_PRC_001,PRC,MFG,ESB,SOAP,Failed,PRC_PO_001,Purchase order rejected by supplier system,ExternalService,4618,SESS_f6478986a391,REQ_a706aa8b45144c29,2026-09-14 14:53:05
EVT_000155,IF_ORD_001,ORD,PAY,API,REST,Failed,ORD_DB_001,Order database connection timeout,Database,8619,SESS_f6e07cc06c52,REQ_45658410a3504e36,2026-09-14 14:53:41
EVT_000297,IF_ORD_001,ORD,PAY,API,REST,Warning,ORD_DB_001,Order database connection timeout,Database,3453,SESS_edd4253b50f0,REQ_4b7b7faff9e446b1,2026-09-14 14:56:50
EVT_000613,IF_PAY_001,PAY,ORD,API,REST,Failed,PAY_TIME_004,Payment gateway response timeout,Timeout,3934,SESS_ccc429038bcf,REQ_cd3f5c267d2742ee,2026-09-14 14:57:40
EVT_002740,IF_DLV_001,DLV,PAY,API,REST,Failed,DLV_DB_004,Delivery tracking database error,Database,6775,SESS_2a1f955ad499,REQ_7fa42cbe464e4c1d,2026-09-14 14:59:14
EVT_000446,IF_PAY_001,PAY,ORD,API,REST,Failed,PAY_TIME_004,Payment gateway response timeout,Timeout,7558,SESS_6f96288295d8,REQ_c5dc2af6304949f5,2026-09-14 15:02:06
EVT_000994,IF_ORD_002,ORD,MFG,MsgBus,Async,Failed,ORD_NET_004,Network timeout while contacting order service,Network,5714,SESS_c17af08a1745,REQ_5822eb56da1c4fac,2026-09-14 15:04:45
EVT_000107,IF_ORD_001,ORD,PAY,API,REST,Failed,ORD_NET_004,Network timeout while contacting order service,Network,5537,SESS_f3821cfdc083,REQ_d95dcd7b35a24bbf,2026-09-14 15:05:49
EVT_002388,IF_ASM_001,ASM,DLV,MsgBus,Async,Warning,ASM_DB_002,Assembly tracking database update failed,Database,3349,SESS_edd4253b50f0,REQ_a99b9969320b42e3,2026-09-14 15:07:10
EVT_002540,IF_ASM_002,ASM,DLV,API,REST,Warning,ASM_COMP_001,Assembly component mismatch detected,Validation,689,SESS_39e58ff092f8,REQ_4e750300cd0c4393,2026-09-14 15:09:15
EVT_000286,IF_ORD_001,ORD,PAY,API,REST,Warning,ORD_VAL_002,Order validation failed due to missing required field,Validation,446,SESS_a99f131849c8,REQ_aa03502a89684571,2026-09-14 15:09:47
EVT_000982,IF_ORD_002,ORD,MFG,MsgBus,Async,Warning,ORD_DB_001,Order database connection timeout,Database,3366,SESS_74f331034006,REQ_5ee8d39bc13c4bd2,2026-09-14 15:13:40
EVT_001545,IF_MFG_002,MFG,ASM,API,REST,Warning,MFG_QC_003,Quality check parameters out of tolerance,Validation,842,SESS_ab3b4d37560c,REQ_4bf458c5a2bc43dc,2026-09-14 15:14:04
EVT_001509,IF_MFG_001,MFG,ASM,MsgBus,Async,Warning,MFG_QC_003,Quality check parameters out of tolerance,Validation,1875,SESS_53a3dd5a4b8c,REQ_66f26ab4740d4141,2026-09-14 15:15:02
EVT_000632,IF_PAY_001,PAY,ORD,API,REST,Warning,PAY_AUTH_001,Payment gateway authentication failed,Authentication,631,SESS_fbddcf7c9c96,REQ_b0d9828103904f3b,2026-09-14 15:15:48
EVT_001322,IF_MFG_001,MFG,ASM,MsgBus,Async,Failed,MFG_CAP_004,Manufacturing queue capacity exceeded,Capacity,472,SESS_4dcabfb7001a,REQ_64c5c674c66a4a76,2026-09-14 15:17:16
EVT_001224,IF_ORD_003,ORD,MFG,API,REST,Failed,ORD_DB_001,Order database connection timeout,Database,7684,SESS_ab7f089acd5f,REQ_12df52f862f14f46,2026-09-14 15:17:47
EVT_000005,IF_ORD_001,ORD,PAY,API,REST,Failed,ORD_DB_001,Order database connection timeout,Database,5684,SESS_ecfedb992790,REQ_2bc8fca3a0f54182,2026-09-14 15:20:38
EVT_002037,IF_PRC_001,PRC,MFG,ESB,SOAP,Warning,PRC_CFG_003,Procurement routing configuration invalid,Configuration,1696,SESS_4b8e63d4ce76,REQ_15f878dca5da43c5,2026-09-14 15:24:35
EVT_001599,IF_MFG_002,MFG,ASM,API,REST,Failed,MFG_MACHINE_001,Manufacturing machine controller not responding,Infrastructure,794,SESS_fcd6bdca5876,REQ_d5cbcb442cdd4c8d,2026-09-14 15:28:27
EVT_002467,IF_ASM_002,ASM,DLV,API,REST,Failed,ASM_DB_002,Assembly tracking database update failed,Database,8227,SESS_5ad5cf06364d,REQ_49f9b1151b864d12,2026-09-14 15:29:01
EVT_001026,IF_ORD_002,ORD,MFG,MsgBus,Async,Failed,ORD_AUTH_003,Order service authentication token expired,Authentication,1733,SESS_e4429ebbda7b,REQ_98336ecd63514873,2026-09-14 15:30:13
EVT_001196,IF_ORD_003,ORD,MFG,API,REST,Warning,ORD_AUTH_003,Order service authentication token expired,Authentication,1947,SESS_e2d9de5d6a18,REQ_d9e751c93385409b,2026-09-14 15:33:25
EVT_001284,IF_ORD_003,ORD,MFG,API,REST,Failed,ORD_DB_001,Order database connection timeout,Database,5729,SESS_2031d750c40d,REQ_fda3faff2bdd41ca,2026-09-14 15:33:47
EVT_002228,IF_PRC_003,PRC,MFG,API,REST,Failed,PRC_PO_001,Purchase order rejected by supplier system,ExternalService,8213,SESS_b303f438fe21,REQ_3734e01654354816,2026-09-14 15:34:25
EVT_002924,IF_DLV_001,DLV,PAY,API,REST,Failed,DLV_DB_004,Delivery tracking database error,Database,7036,SESS_7cfc9b793875,REQ_38578e88580441e7,2026-09-14 15:34:49
EVT_001172,IF_ORD_003,ORD,MFG,API,REST,Warning,ORD_VAL_002,Order validation failed due to missing required field,Validation,468,SESS_7b70c3b8a81f,REQ_bca9eff28bb044d3,2026-09-14 15:35:18
EVT_001535,IF_MFG_002,MFG,ASM,API,REST,Failed,MFG_CAP_004,Manufacturing queue capacity exceeded (correlated with upstream failure on IF_ORD_002),Capacity,300,SESS_e4429ebbda7b,REQ_ffdecdf4ed694037,2026-09-14 15:35:47
EVT_001680,IF_MFG_003,MFG,ASM,MsgBus,CDC,Failed,MFG_MACHINE_001,Manufacturing machine controller not responding,Infrastructure,1120,SESS_479d0cdaf396,REQ_396a7524c40a4a54,2026-09-14 15:35:58
EVT_000499,IF_PAY_001,PAY,ORD,API,REST,Warning,PAY_AUTHZ_002,Payment authorization declined by issuer,Authorization,269,SESS_d36357b66f81,REQ_3a3079b801914320,2026-09-14 15:37:33
EVT_002145,IF_PRC_002,PRC,ASM,Batch,Batch,Failed,PRC_PO_001,Purchase order rejected by supplier system,ExternalService,7881,SESS_894a05e430b1,REQ_d668e8b0e2a04ef5,2026-09-14 15:42:15
EVT_001554,IF_MFG_002,MFG,ASM,API,REST,Failed,MFG_MACHINE_001,Manufacturing machine controller not responding,Infrastructure,1650,SESS_bcae8081bdf0,REQ_e89c02a6754f481d,2026-09-14 15:42:29
EVT_000531,IF_PAY_001,PAY,ORD,API,REST,Failed,PAY_TIME_004,Payment gateway response timeout,Timeout,5993,SESS_ab05347fd556,REQ_2f4a8c4d5f4b48e9,2026-09-14 15:42:35
EVT_002949,IF_DLV_001,DLV,PAY,API,REST,Warning,DLV_DB_004,Delivery tracking database error,Database,3493,SESS_4c71e0fe5a0c,REQ_c48ac5d9300848e2,2026-09-14 15:43:15
EVT_002298,IF_ASM_001,ASM,DLV,MsgBus,Async,Warning,ASM_COMP_001,Assembly component mismatch detected,Validation,1446,SESS_ef43613cd4aa,REQ_a51eacf57d964971,2026-09-14 15:47:14
EVT_001870,IF_PRC_001,PRC,MFG,ESB,SOAP,Failed,PRC_PO_001,Purchase order rejected by supplier system,ExternalService,2084,SESS_05628059568c,REQ_256ae74b18364c2e,2026-09-14 15:49:32
EVT_000289,IF_ORD_001,ORD,PAY,API,REST,Failed,ORD_NET_004,Network timeout while contacting order service,Network,7354,SESS_276aa6ced507,REQ_b7f81601499e40f5,2026-09-14 15:53:04
EVT_002250,IF_PRC_003,PRC,MFG,API,REST,Failed,PRC_AUTHZ_004,Procurement user lacks approval authorization,Authorization,1613,SESS_8a0b3c3336d8,REQ_1a78204a0bb74d35,2026-09-14 15:53:38
EVT_000814,IF_ORD_002,ORD,MFG,MsgBus,Async,Failed,ORD_VAL_002,Order validation failed due to missing required field,Validation,604,SESS_dedab0276550,REQ_e30b6226ea454ec0,2026-09-14 15:55:49
EVT_001879,IF_PRC_001,PRC,MFG,ESB,SOAP,Warning,PRC_CFG_003,Procurement routing configuration invalid,Configuration,842,SESS_7b70c3b8a81f,REQ_2ef607cd7ac348e8,2026-09-14 15:56:07
EVT_002253,IF_ASM_001,ASM,DLV,MsgBus,Async,Warning,ASM_COMP_001,Assembly component mismatch detected,Validation,401,SESS_114125c63a9b,REQ_05b3244e7a2c4ad9,2026-09-14 15:56:34
EVT_001204,IF_ORD_003,ORD,MFG,API,REST,Warning,ORD_VAL_002,Order validation failed due to missing required field,Validation,370,SESS_3ae88926b423,REQ_bdec982d33fa403d,2026-09-14 15:56:59
EVT_000354,IF_PAY_001,PAY,ORD,API,REST,Failed,PAY_TIME_004,Payment gateway response timeout,Timeout,2402,SESS_c9776598203c,REQ_99279dc6b3434fb2,2026-09-14 16:00:59
EVT_001066,IF_ORD_002,ORD,MFG,MsgBus,Async,Failed,ORD_DB_001,Order database connection timeout,Database,4926,SESS_5d59cd2a4eea,REQ_1b9c66bcbc7c43fe,2026-09-14 16:01:19
EVT_000702,IF_PAY_002,PAY,ORD,ESB,CDC,Failed,PAY_EXT_003,Payment processor external service error,ExternalService,3451,SESS_1ff49b788946,REQ_87f5ec8a71b9439e,2026-09-14 16:10:04
EVT_001748,IF_MFG_003,MFG,ASM,MsgBus,CDC,Failed,MFG_MACHINE_001,Manufacturing machine controller not responding,Infrastructure,282,SESS_473544f9ea83,REQ_d8900b06caac4dc8,2026-09-14 16:10:04
EVT_002280,IF_ASM_001,ASM,DLV,MsgBus,Async,Failed,ASM_NET_004,Assembly station network connectivity lost,Network,6494,SESS_479d0cdaf396,REQ_0e9f91a9996a4008,2026-09-14 16:10:29
EVT_001505,IF_MFG_001,MFG,ASM,MsgBus,Async,Warning,MFG_QC_003,Quality check parameters out of tolerance (correlated with upstream failure on IF_ORD_002),Validation,663,SESS_5d59cd2a4eea,REQ_eb3ef3f32d7d4c25,2026-09-14 16:12:27
EVT_002556,IF_ASM_002,ASM,DLV,API,REST,Failed,ASM_DB_002,Assembly tracking database update failed,Database,2923,SESS_60141de9f54a,REQ_7b6bc47843704338,2026-09-14 16:13:56
EVT_001010,IF_ORD_002,ORD,MFG,MsgBus,Async,Failed,ORD_NET_004,Network timeout while contacting order service,Network,8428,SESS_bb026576f512,REQ_2bd5d5a9f3ca4e88,2026-09-14 16:19:17
EVT_001399,IF_MFG_001,MFG,ASM,MsgBus,Async,Failed,MFG_MACHINE_001,Manufacturing machine controller not responding,Infrastructure,1049,SESS_a491f0b2ea1f,REQ_c2701ece5bad4ee1,2026-09-14 16:21:07
EVT_002778,IF_DLV_001,DLV,PAY,API,REST,Warning,DLV_CFG_002,Delivery zone configuration mismatch,Configuration,349,SESS_8f5486b7c7b5,REQ_55e7a71db32a452e,2026-09-14 16:22:08
EVT_000149,IF_ORD_001,ORD,PAY,API,REST,Warning,ORD_VAL_002,Order validation failed due to missing required field,Validation,366,SESS_8f9797b06d7c,REQ_0ce3df7e21784672,2026-09-14 16:22:27
EVT_000387,IF_PAY_001,PAY,ORD,API,REST,Warning,PAY_TIME_004,Payment gateway response timeout,Timeout,5316,SESS_ab05347fd556,REQ_ddc5d5633aeb4f92,2026-09-14 16:24:46
EVT_001253,IF_ORD_003,ORD,MFG,API,REST,Warning,ORD_AUTH_003,Order service authentication token expired,Authentication,546,SESS_3317347038f1,REQ_c9ee904028d84a73,2026-09-14 16:27:27
EVT_000696,IF_PAY_002,PAY,ORD,ESB,CDC,Failed,PAY_AUTHZ_002,Payment authorization declined by issuer,Authorization,930,SESS_b27c40266703,REQ_098554c77c514524,2026-09-14 16:29:24
EVT_001464,IF_MFG_001,MFG,ASM,MsgBus,Async,Warning,MFG_MACHINE_001,Manufacturing machine controller not responding,Infrastructure,251,SESS_7bfdcc1289e0,REQ_273a7a015371426c,2026-09-14 16:31:48
EVT_002453,IF_ASM_001,ASM,DLV,MsgBus,Async,Failed,ASM_DB_002,Assembly tracking database update failed,Database,4027,SESS_dd81b7f57d59,REQ_d0b2e5abdfe34ab1,2026-09-14 16:32:10
EVT_001639,IF_MFG_002,MFG,ASM,API,REST,Warning,MFG_QC_003,Quality check parameters out of tolerance (correlated with upstream failure on IF_ORD_002),Validation,1511,SESS_bb026576f512,REQ_d8f7d0ccd0284dcd,2026-09-14 16:33:59
EVT_001123,IF_ORD_003,ORD,MFG,API,REST,Failed,ORD_DB_001,Order database connection timeout,Database,8016,SESS_894a05e430b1,REQ_8c64d92960db42d6,2026-09-14 16:34:10
EVT_002130,IF_PRC_002,PRC,ASM,Batch,Batch,Failed,PRC_PO_001,Purchase order rejected by supplier system,ExternalService,6255,SESS_913e4de2e0c5,REQ_665740b353304c85,2026-09-14 16:36:02
EVT_001939,IF_PRC_001,PRC,MFG,ESB,SOAP,Failed,PRC_MAT_002,Material availability check timed out,Timeout,8178,SESS_c696f5e64944,REQ_b9b4e30a727f4444,2026-09-14 16:42:41
EVT_001752,IF_MFG_003,MFG,ASM,MsgBus,CDC,Failed,MFG_CAP_004,Manufacturing queue capacity exceeded,Capacity,1958,SESS_7337c5997984,REQ_30ae8c3551f24001,2026-09-14 16:44:38
EVT_000439,IF_PAY_001,PAY,ORD,API,REST,Warning,PAY_AUTHZ_002,Payment authorization declined by issuer,Authorization,672,SESS_bb5e4bcf15ed,REQ_ec8853d23fb84af4,2026-09-14 16:46:50
EVT_001214,IF_ORD_003,ORD,MFG,API,REST,Failed,ORD_NET_004,Network timeout while contacting order service,Network,6243,SESS_c17af08a1745,REQ_4101458af7434aa5,2026-09-14 16:46:59
EVT_000347,IF_PAY_001,PAY,ORD,API,REST,Warning,PAY_AUTHZ_002,Payment authorization declined by issuer,Authorization,1079,SESS_e91e314e0c8e,REQ_7785bac0ddcf47cb,2026-09-14 16:48:22
EVT_002847,IF_DLV_001,DLV,PAY,API,REST,Failed,DLV_DB_004,Delivery tracking database error,Database,4958,SESS_b9de7a3a4868,REQ_d42b0792219e4e13,2026-09-14 16:50:03
EVT_002073,IF_PRC_002,PRC,ASM,Batch,Batch,Warning,PRC_CFG_003,Procurement routing configuration invalid,Configuration,3783,SESS_0f6b40d09efb,REQ_1738c32c8e5a46ce,2026-09-14 16:52:35
EVT_001605,IF_MFG_002,MFG,ASM,API,REST,Failed,MFG_DB_002,Manufacturing execution database write failure,Database,2556,SESS_a5c5650c8186,REQ_9c26627be4094700,2026-09-14 16:54:45
EVT_000252,IF_ORD_001,ORD,PAY,API,REST,Failed,ORD_NET_004,Network timeout while contacting order service,Network,8871,SESS_e645f129629c,REQ_95f4a7e5334e4060,2026-09-14 16:58:11
EVT_002303,IF_ASM_001,ASM,DLV,MsgBus,Async,Failed,ASM_CAP_003,Assembly line at maximum capacity,Capacity,923,SESS_e4429ebbda7b,REQ_6a353839b3a04534,2026-09-14 17:01:58
EVT_001925,IF_PRC_001,PRC,MFG,ESB,SOAP,Failed,PRC_MAT_002,Material availability check timed out,Timeout,2545,SESS_8a63f881ffd0,REQ_d2a74ba6cacb4a91,2026-09-14 17:03:23
EVT_002292,IF_ASM_001,ASM,DLV,MsgBus,Async,Failed,ASM_NET_004,Assembly station network connectivity lost,Network,8423,SESS_e912b4bf86a4,REQ_2aca143e4a314b99,2026-09-14 17:03:51
EVT_001979,IF_PRC_001,PRC,MFG,ESB,SOAP,Warning,PRC_AUTHZ_004,Procurement user lacks approval authorization,Authorization,307,SESS_f1b64afed31e,REQ_48a536d120794636,2026-09-14 17:04:30
EVT_001764,IF_MFG_003,MFG,ASM,MsgBus,CDC,Warning,MFG_QC_003,Quality check parameters out of tolerance,Validation,1804,SESS_9475dbc99641,REQ_b8c9414d231e4079,2026-09-14 17:04:39
EVT_002530,IF_ASM_002,ASM,DLV,API,REST,Warning,ASM_COMP_001,Assembly component mismatch detected (correlated with upstream failure on IF_ASM_001),Validation,1612,SESS_e4429ebbda7b,REQ_ed38d6a5c8984bb1,2026-09-14 17:05:11
EVT_001612,IF_MFG_002,MFG,ASM,API,REST,Failed,MFG_DB_002,Manufacturing execution database write failure,Database,5774,SESS_8a80068ddf54,REQ_a44b80b517a74cd2,2026-09-14 17:06:05
EVT_000879,IF_ORD_002,ORD,MFG,MsgBus,Async,Warning,ORD_VAL_002,Order validation failed due to missing required field,Validation,1930,SESS_fb1e143b196f,REQ_9d6eae5134bb48e8,2026-09-14 17:07:21
EVT_002706,IF_DLV_001,DLV,PAY,API,REST,Warning,DLV_CFG_002,Delivery zone configuration mismatch,Configuration,196,SESS_b7c93acfe059,REQ_98abde96a73e4826,2026-09-14 17:08:40
EVT_002835,IF_DLV_001,DLV,PAY,API,REST,Warning,DLV_CFG_002,Delivery zone configuration mismatch,Configuration,1771,SESS_142c3fe860e7,REQ_c7cbd8a932b240c1,2026-09-14 17:10:49
EVT_000277,IF_ORD_001,ORD,PAY,API,REST,Failed,ORD_VAL_002,Order validation failed due to missing required field,Validation,409,SESS_c47104c03613,REQ_33e8f42d3d4f4ab4,2026-09-14 17:12:07
EVT_000753,IF_PAY_002,PAY,ORD,ESB,CDC,Failed,PAY_EXT_003,Payment processor external service error,ExternalService,2873,SESS_8ce6424dbef5,REQ_729b9483caee447d,2026-09-14 17:20:09
EVT_000218,IF_ORD_001,ORD,PAY,API,REST,Warning,ORD_VAL_002,Order validation failed due to missing required field,Validation,1274,SESS_6c4596f6c012,REQ_6ffa68157a804d9c,2026-09-14 17:21:46
EVT_002220,IF_PRC_003,PRC,MFG,API,REST,Warning,PRC_AUTHZ_004,Procurement user lacks approval authorization,Authorization,401,SESS_48f4ef125e99,REQ_9781c70459c0463a,2026-09-14 17:23:09
EVT_000434,IF_PAY_001,PAY,ORD,API,REST,Warning,PAY_AUTHZ_002,Payment authorization declined by issuer,Authorization,1356,SESS_3b70b3a124a3,REQ_cbb6cf45181945be,2026-09-14 17:24:22
EVT_002521,IF_ASM_002,ASM,DLV,API,REST,Warning,ASM_COMP_001,Assembly component mismatch detected,Validation,357,SESS_cd4b69a99b68,REQ_9963aef21f8440ba,2026-09-14 17:26:29
EVT_000492,IF_PAY_001,PAY,ORD,API,REST,Warning,PAY_TIME_004,Payment gateway response timeout,Timeout,6860,SESS_57c700aab7b5,REQ_d5f84d379c674386,2026-09-14 17:28:29
EVT_000519,IF_PAY_001,PAY,ORD,API,REST,Failed,PAY_AUTH_001,Payment gateway authentication failed,Authentication,1565,SESS_610faa3ff0bb,REQ_d3f639b9f7d84ad6,2026-09-14 17:30:23
EVT_001296,IF_ORD_003,ORD,MFG,API,REST,Failed,ORD_DB_001,Order database connection timeout,Database,7867,SESS_4d6168bd2def,REQ_09d2554fc250425e,2026-09-14 17:31:09
EVT_000944,IF_ORD_002,ORD,MFG,MsgBus,Async,Failed,ORD_NET_004,Network timeout while contacting order service,Network,3557,SESS_6c8c3b6aa974,REQ_0a86607e397e4ea5,2026-09-14 17:32:22
EVT_001977,IF_PRC_001,PRC,MFG,ESB,SOAP,Failed,PRC_AUTHZ_004,Procurement user lacks approval authorization,Authorization,1041,SESS_0b9bd93423c8,REQ_3f8a16df92ee4bb8,2026-09-14 17:36:02
EVT_002883,IF_DLV_001,DLV,PAY,API,REST,Warning,DLV_CFG_002,Delivery zone configuration mismatch,Configuration,1024,SESS_8268690ba438,REQ_6338fa4f00e44021,2026-09-14 17:36:20
EVT_001164,IF_ORD_003,ORD,MFG,API,REST,Failed,ORD_NET_004,Network timeout while contacting order service,Network,2344,SESS_edd4253b50f0,REQ_e77a1662602d499c,2026-09-14 17:41:06
EVT_001402,IF_MFG_001,MFG,ASM,MsgBus,Async,Failed,MFG_CAP_004,Manufacturing queue capacity exceeded (correlated with upstream failure on IF_PRC_001),Capacity,751,SESS_0b9bd93423c8,REQ_0b9d998bb4d94420,2026-09-14 17:44:03
EVT_002022,IF_PRC_001,PRC,MFG,ESB,SOAP,Failed,PRC_MAT_002,Material availability check timed out,Timeout,6099,SESS_c64ee6e389c5,REQ_93d7f6ad75a64c50,2026-09-14 17:46:04
EVT_002171,IF_PRC_002,PRC,ASM,Batch,Batch,Failed,PRC_MAT_002,Material availability check timed out,Timeout,6816,SESS_d5bcb8d04094,REQ_1d2d455345534b36,2026-09-14 17:46:35
EVT_001527,IF_MFG_002,MFG,ASM,API,REST,Failed,MFG_MACHINE_001,Manufacturing machine controller not responding,Infrastructure,1479,SESS_14a0bccb8a47,REQ_d69d2b318f004b5a,2026-09-14 17:50:25
EVT_001237,IF_ORD_003,ORD,MFG,API,REST,Warning,ORD_AUTH_003,Order service authentication token expired,Authentication,767,SESS_4dd8eb85b04d,REQ_93a522919baa402d,2026-09-14 17:50:27
EVT_002983,IF_DLV_001,DLV,PAY,API,REST,Warning,DLV_CFG_002,Delivery zone configuration mismatch,Configuration,1823,SESS_fb1e143b196f,REQ_dd7601af52464da7,2026-09-14 17:52:36
EVT_001340,IF_MFG_001,MFG,ASM,MsgBus,Async,Failed,MFG_DB_002,Manufacturing execution database write failure,Database,7283,SESS_764414fd8ae7,REQ_904aa849ba4a45e4,2026-09-14 17:54:02
EVT_002313,IF_ASM_001,ASM,DLV,MsgBus,Async,Failed,ASM_CAP_003,Assembly line at maximum capacity,Capacity,2101,SESS_3dc9829015ea,REQ_297bdf8f645146bd,2026-09-14 17:55:08
EVT_001387,IF_MFG_001,MFG,ASM,MsgBus,Async,Failed,MFG_MACHINE_001,Manufacturing machine controller not responding,Infrastructure,1723,SESS_4d6168bd2def,REQ_dcdb049bfb1c49b5,2026-09-14 17:55:16
EVT_001564,IF_MFG_002,MFG,ASM,API,REST,Warning,MFG_MACHINE_001,Manufacturing machine controller not responding,Infrastructure,449,SESS_e91e314e0c8e,REQ_c0cfec6c8b4c44fd,2026-09-14 17:55:37
EVT_002168,IF_PRC_002,PRC,ASM,Batch,Batch,Failed,PRC_PO_001,Purchase order rejected by supplier system,ExternalService,5054,SESS_0b5cea6a4135,REQ_4c7244ffd5224bab,2026-09-14 17:58:54
EVT_000208,IF_ORD_001,ORD,PAY,API,REST,Failed,ORD_NET_004,Network timeout while contacting order service,Network,3111,SESS_e2d9de5d6a18,REQ_d91ccfb7f9664fd9,2026-09-14 18:01:11
EVT_001262,IF_ORD_003,ORD,MFG,API,REST,Failed,ORD_NET_004,Network timeout while contacting order service,Network,5970,SESS_4dcabfb7001a,REQ_fad8044fcf0d42bd,2026-09-14 18:12:52
EVT_000672,IF_PAY_002,PAY,ORD,ESB,CDC,Failed,PAY_TIME_004,Payment gateway response timeout,Timeout,3035,SESS_a8b317fa18d0,REQ_6add0924a1b3473b,2026-09-14 18:13:46
EVT_001023,IF_ORD_002,ORD,MFG,MsgBus,Async,Failed,ORD_DB_001,Order database connection timeout,Database,2546,SESS_5ad5cf06364d,REQ_88a3e48a9fbe49d7,2026-09-14 18:14:57
EVT_001986,IF_PRC_001,PRC,MFG,ESB,SOAP,Failed,PRC_MAT_002,Material availability check timed out,Timeout,8000,SESS_5275eb9414ae,REQ_c9d45c8c259e43c7,2026-09-14 18:16:30
EVT_000822,IF_ORD_002,ORD,MFG,MsgBus,Async,Failed,ORD_DB_001,Order database connection timeout,Database,6461,SESS_63b4c08b6b8e,REQ_0440ce4f6a024c8f,2026-09-14 18:20:10
EVT_002719,IF_DLV_001,DLV,PAY,API,REST,Warning,DLV_CFG_002,Delivery zone configuration mismatch,Configuration,1806,SESS_e05fb8bc8a16,REQ_1d30c4909b0a403f,2026-09-14 18:25:48
EVT_000243,IF_ORD_001,ORD,PAY,API,REST,Failed,ORD_NET_004,Network timeout while contacting order service,Network,3217,SESS_a5cc8bf738ab,REQ_b7663084e00a4a82,2026-09-14 18:29:35
EVT_001274,IF_ORD_003,ORD,MFG,API,REST,Failed,ORD_DB_001,Order database connection timeout,Database,4862,SESS_cada4f80a9e7,REQ_d45041479ffa4ffa,2026-09-14 18:32:57
EVT_000479,IF_PAY_001,PAY,ORD,API,REST,Failed,PAY_EXT_003,Payment processor external service error,ExternalService,6847,SESS_104556e5bee3,REQ_44694f606041484f,2026-09-14 18:36:48
EVT_001192,IF_ORD_003,ORD,MFG,API,REST,Failed,ORD_NET_004,Network timeout while contacting order service,Network,2248,SESS_7a8d03aa782a,REQ_c70e5b00e2784482,2026-09-14 18:50:07
EVT_002504,IF_ASM_002,ASM,DLV,API,REST,Warning,ASM_CAP_003,Assembly line at maximum capacity,Capacity,181,SESS_fb02bebb4872,REQ_10c607948a524df5,2026-09-14 18:50:13
EVT_000484,IF_PAY_001,PAY,ORD,API,REST,Warning,PAY_AUTH_001,Payment gateway authentication failed,Authentication,1693,SESS_1b3dbd5ce9a1,REQ_6f02f908d1ad4a23,2026-09-14 18:51:55
EVT_000207,IF_ORD_001,ORD,PAY,API,REST,Failed,ORD_NET_004,Network timeout while contacting order service,Network,8069,SESS_09e9db0adf46,REQ_5d0e4d8058684f76,2026-09-14 18:52:03
EVT_002251,IF_PRC_003,PRC,MFG,API,REST,Failed,PRC_AUTHZ_004,Procurement user lacks approval authorization,Authorization,150,SESS_5c941cf0dc98,REQ_37fd03c228f34db8,2026-09-14 18:52:20
EVT_001278,IF_ORD_003,ORD,MFG,API,REST,Warning,ORD_AUTH_003,Order service authentication token expired,Authentication,1256,SESS_7656af7229d4,REQ_0b8e322ba088420d,2026-09-14 18:53:16
EVT_000669,IF_PAY_002,PAY,ORD,ESB,CDC,Failed,PAY_AUTHZ_002,Payment authorization declined by issuer,Authorization,1159,SESS_8715a10343da,REQ_086749bdf7124d86,2026-09-14 18:56:45
EVT_002967,IF_DLV_001,DLV,PAY,API,REST,Failed,DLV_TIME_003,Carrier API response timeout,Timeout,2551,SESS_eb5cf46780ba,REQ_97f88d82549d47e6,2026-09-14 19:03:43
EVT_001009,IF_ORD_002,ORD,MFG,MsgBus,Async,Warning,ORD_AUTH_003,Order service authentication token expired,Authentication,913,SESS_eecf67d27491,REQ_bdb09323424048e6,2026-09-14 19:06:47
EVT_001621,IF_MFG_002,MFG,ASM,API,REST,Warning,MFG_QC_003,Quality check parameters out of tolerance,Validation,1308,SESS_fb140bc3304b,REQ_a220b424e8b1410f,2026-09-14 19:09:29
EVT_002872,IF_DLV_001,DLV,PAY,API,REST,Failed,DLV_DB_004,Delivery tracking database error,Database,2448,SESS_91d63f78e3e9,REQ_96d6c803d0a64236,2026-09-14 19:09:53
EVT_001678,IF_MFG_003,MFG,ASM,MsgBus,CDC,Failed,MFG_DB_002,Manufacturing execution database write failure,Database,2404,SESS_21e8ac6843e4,REQ_a9af769287bc4a36,2026-09-14 19:10:09
EVT_000771,IF_ORD_002,ORD,MFG,MsgBus,Async,Warning,ORD_VAL_002,Order validation failed due to missing required field,Validation,588,SESS_8f9797b06d7c,REQ_0ba79cad4c59455d,2026-09-14 19:18:42
EVT_000477,IF_PAY_001,PAY,ORD,API,REST,Failed,PAY_TIME_004,Payment gateway response timeout,Timeout,6944,SESS_1bf90e27dc96,REQ_1454ef5470384c79,2026-09-14 19:36:35
EVT_001885,IF_PRC_001,PRC,MFG,ESB,SOAP,Failed,PRC_PO_001,Purchase order rejected by supplier system,ExternalService,4305,SESS_0a2c827e9832,REQ_9161dcda24c84cae,2026-09-14 19:36:49
EVT_001412,IF_MFG_001,MFG,ASM,MsgBus,Async,Warning,MFG_QC_003,Quality check parameters out of tolerance (correlated with upstream failure on IF_PRC_001),Validation,1747,SESS_0a2c827e9832,REQ_e714d14c8fab4387,2026-09-14 19:40:03
EVT_002141,IF_PRC_002,PRC,ASM,Batch,Batch,Failed,PRC_PO_001,Purchase order rejected by supplier system,ExternalService,5294,SESS_11ce5dd2b45e,REQ_4ca5906dc5444d2a,2026-09-14 19:43:57
EVT_002488,IF_ASM_002,ASM,DLV,API,REST,Failed,ASM_NET_004,Assembly station network connectivity lost,Network,3934,SESS_df0f06cbcb9b,REQ_e8c4c7d50796479e,2026-09-14 19:48:18
EVT_002950,IF_DLV_001,DLV,PAY,API,REST,Failed,DLV_ROUTE_001,Delivery routing service unavailable,ExternalService,8067,SESS_a8499b926b52,REQ_8d652bc6a3f84f59,2026-09-14 19:50:41
EVT_000060,IF_ORD_001,ORD,PAY,API,REST,Warning,ORD_AUTH_003,Order service authentication token expired,Authentication,729,SESS_21e8ac6843e4,REQ_800f0d84225a4a46,2026-09-14 19:50:46
EVT_000118,IF_ORD_001,ORD,PAY,API,REST,Warning,ORD_AUTH_003,Order service authentication token expired,Authentication,1272,SESS_5cabcc97663f,REQ_819ca87a89ac4520,2026-09-14 19:55:44
EVT_000057,IF_ORD_001,ORD,PAY,API,REST,Failed,ORD_DB_001,Order database connection timeout,Database,5361,SESS_fa5d310011b7,REQ_1f04692655664777,2026-09-14 19:55:54
EVT_000072,IF_ORD_001,ORD,PAY,API,REST,Failed,ORD_NET_004,Network timeout while contacting order service,Network,3308,SESS_edd4253b50f0,REQ_66f55158ba2d477f,2026-09-14 19:56:45
EVT_000983,IF_ORD_002,ORD,MFG,MsgBus,Async,Failed,ORD_DB_001,Order database connection timeout,Database,3084,SESS_e912b4bf86a4,REQ_21ef99d774064572,2026-09-14 19:57:27
EVT_001309,IF_MFG_001,MFG,ASM,MsgBus,Async,Failed,MFG_DB_002,Manufacturing execution database write failure,Database,4929,SESS_89a2688b12c1,REQ_1daedd3020644ae8,2026-09-14 19:58:59
EVT_001970,IF_PRC_001,PRC,MFG,ESB,SOAP,Failed,PRC_PO_001,Purchase order rejected by supplier system,ExternalService,3181,SESS_14e286e5ac89,REQ_2d76ee07f8894539,2026-09-14 20:01:37
EVT_002765,IF_DLV_001,DLV,PAY,API,REST,Failed,DLV_ROUTE_001,Delivery routing service unavailable,ExternalService,2344,SESS_114125c63a9b,REQ_81fe7d1d1d254ba6,2026-09-14 20:10:07
EVT_001859,IF_PRC_001,PRC,MFG,ESB,SOAP,Failed,PRC_PO_001,Purchase order rejected by supplier system,ExternalService,7097,SESS_b9de7a3a4868,REQ_de60a76afa414ea0,2026-09-14 20:11:59
EVT_000938,IF_ORD_002,ORD,MFG,MsgBus,Async,Failed,ORD_AUTH_003,Order service authentication token expired,Authentication,345,SESS_f84f16b3a79f,REQ_308f7d14e5fd48fd,2026-09-14 20:22:37
EVT_002127,IF_PRC_002,PRC,ASM,Batch,Batch,Warning,PRC_CFG_003,Procurement routing configuration invalid,Configuration,681,SESS_9dac6e834524,REQ_17a5715055ba4343,2026-09-14 20:33:16
EVT_001772,IF_MFG_004,MFG,PRC,MsgBus,Async,Warning,MFG_QC_003,Quality check parameters out of tolerance,Validation,1173,SESS_aca2b148da33,REQ_f80ff69fa51e471a,2026-09-14 20:39:06
EVT_000866,IF_ORD_002,ORD,MFG,MsgBus,Async,Failed,ORD_NET_004,Network timeout while contacting order service,Network,7194,SESS_0f9aea4b8acd,REQ_19cd43f78fb7470b,2026-09-14 20:43:45
EVT_001598,IF_MFG_002,MFG,ASM,API,REST,Failed,MFG_CAP_004,Manufacturing queue capacity exceeded (correlated with upstream failure on IF_ORD_002),Capacity,1087,SESS_0f9aea4b8acd,REQ_b870693924d949d2,2026-09-14 20:45:20
EVT_002431,IF_ASM_001,ASM,DLV,MsgBus,Async,Warning,ASM_NET_004,Assembly station network connectivity lost,Network,7824,SESS_c696f5e64944,REQ_c4d409739f2441a0,2026-09-14 20:47:20
EVT_000182,IF_ORD_001,ORD,PAY,API,REST,Warning,ORD_AUTH_003,Order service authentication token expired,Authentication,1242,SESS_d46ef1041190,REQ_c2432e2006d24478,2026-09-14 20:53:51
EVT_000430,IF_PAY_001,PAY,ORD,API,REST,Failed,PAY_TIME_004,Payment gateway response timeout,Timeout,2511,SESS_a99f131849c8,REQ_d7ccb61af77b4890,2026-09-14 21:00:45
EVT_002013,IF_PRC_001,PRC,MFG,ESB,SOAP,Warning,PRC_CFG_003,Procurement routing configuration invalid,Configuration,611,SESS_6c4596f6c012,REQ_ff611c1430ab4493,2026-09-14 21:05:31
EVT_001067,IF_ORD_002,ORD,MFG,MsgBus,Async,Warning,ORD_AUTH_003,Order service authentication token expired (correlated with upstream failure on IF_PAY_001),Authentication,787,SESS_a99f131849c8,REQ_db6ccb893604418f,2026-09-14 21:07:12
EVT_002681,IF_ASM_002,ASM,DLV,API,REST,Warning,ASM_COMP_001,Assembly component mismatch detected,Validation,1727,SESS_4f77a665ac3c,REQ_61c9be765794472b,2026-09-14 21:17:00
EVT_000917,IF_ORD_002,ORD,MFG,MsgBus,Async,Failed,ORD_DB_001,Order database connection timeout,Database,5820,SESS_c29cfc0cfa02,REQ_a834f42ce2c94206,2026-09-14 21:39:35
EVT_000532,IF_PAY_001,PAY,ORD,API,REST,Failed,PAY_EXT_003,Payment processor external service error,ExternalService,6150,SESS_5ad5cf06364d,REQ_9d354781a6784b3a,2026-09-14 21:39:43
EVT_000659,IF_PAY_002,PAY,ORD,ESB,CDC,Failed,PAY_EXT_003,Payment processor external service error,ExternalService,2495,SESS_0323d342df6a,REQ_e54f8c606ec84e43,2026-09-14 21:48:22
EVT_000981,IF_ORD_002,ORD,MFG,MsgBus,Async,Warning,ORD_VAL_002,Order validation failed due to missing required field,Validation,246,SESS_25b8fd4b32fa,REQ_443015f918c4461e,2026-09-14 22:36:31
EVT_000436,IF_PAY_001,PAY,ORD,API,REST,Warning,PAY_AUTHZ_002,Payment authorization declined by issuer,Authorization,1494,SESS_6182f347533f,REQ_c1eff5016a814504,2026-09-14 22:48:49
EVT_002610,IF_ASM_002,ASM,DLV,API,REST,Failed,ASM_CAP_003,Assembly line at maximum capacity,Capacity,1871,SESS_f3b1025bfff9,REQ_bd86d0eb53fe461e,2026-09-14 23:04:40
EVT_002879,IF_DLV_001,DLV,PAY,API,REST,Failed,DLV_TIME_003,Carrier API response timeout (correlated with upstream failure on IF_ASM_002),Timeout,2995,SESS_f3b1025bfff9,REQ_cd6e61ce662a436c,2026-09-14 23:18:19
EVT_001548,IF_MFG_002,MFG,ASM,API,REST,Failed,MFG_DB_002,Manufacturing execution database write failure,Database,5138,SESS_ddcf8766a93b,REQ_701c6a4bfabc4cb3,2026-09-14 23:31:09
EVT_002413,IF_ASM_001,ASM,DLV,MsgBus,Async,Warning,ASM_COMP_001,Assembly component mismatch detected,Validation,85,SESS_7010f7197e69,REQ_fdfc1c3ae07b4d07,2026-09-14 23:32:15
EVT_000907,IF_ORD_002,ORD,MFG,MsgBus,Async,Failed,ORD_NET_004,Network timeout while contacting order service,Network,7782,SESS_8a4a0e2df22b,REQ_16ac6f9b0ad5486d,2026-09-15 00:11:32
EVT_001952,IF_PRC_001,PRC,MFG,ESB,SOAP,Failed,PRC_PO_001,Purchase order rejected by supplier system,ExternalService,8541,SESS_f6478986a391,REQ_cdddf111fa524520,2026-09-15 00:21:34
EVT_000305,IF_ORD_001,ORD,PAY,API,REST,Warning,ORD_DB_001,Order database connection timeout,Database,3316,SESS_2ef912766c00,REQ_607d0dfcbd4e4d17,2026-09-15 00:24:19
EVT_001390,IF_MFG_001,MFG,ASM,MsgBus,Async,Failed,MFG_DB_002,Manufacturing execution database write failure (correlated with upstream failure on IF_PRC_001),Database,7988,SESS_f6478986a391,REQ_74e4900d2dcc44f4,2026-09-15 00:29:09
EVT_000267,IF_ORD_001,ORD,PAY,API,REST,Failed,ORD_NET_004,Network timeout while contacting order service,Network,6598,SESS_42999aa40cdf,REQ_0aa5a84b9d534977,2026-09-15 01:42:22
EVT_001722,IF_MFG_003,MFG,ASM,MsgBus,CDC,Warning,MFG_QC_003,Quality check parameters out of tolerance,Validation,274,SESS_58007c0287ea,REQ_4f1bf8f2192b447a,2026-09-15 02:21:51
EVT_001282,IF_ORD_003,ORD,MFG,API,REST,Warning,ORD_AUTH_003,Order service authentication token expired,Authentication,235,SESS_46c8adfe7bf4,REQ_3018e5a2d201439f,2026-09-15 02:49:02
EVT_002731,IF_DLV_001,DLV,PAY,API,REST,Failed,DLV_DB_004,Delivery tracking database error,Database,8166,SESS_7f54a51101fa,REQ_f7235b92fae947fe,2026-09-15 02:50:58
EVT_000274,IF_ORD_001,ORD,PAY,API,REST,Warning,ORD_AUTH_003,Order service authentication token expired,Authentication,861,SESS_eecf67d27491,REQ_27978939c88c4c71,2026-09-15 03:10:34
EVT_002861,IF_DLV_001,DLV,PAY,API,REST,Failed,DLV_DB_004,Delivery tracking database error,Database,2892,SESS_42999aa40cdf,REQ_a639ebbbc5284938,2026-09-15 03:13:46
EVT_000410,IF_PAY_001,PAY,ORD,API,REST,Failed,PAY_EXT_003,Payment processor external service error,ExternalService,7777,SESS_b963f37f6781,REQ_8578adec430f44c5,2026-09-15 03:26:05
EVT_000836,IF_ORD_002,ORD,MFG,MsgBus,Async,Failed,ORD_DB_001,Order database connection timeout,Database,4349,SESS_1ff49b788946,REQ_2633270fbed04365,2026-09-15 03:48:11
EVT_002387,IF_ASM_001,ASM,DLV,MsgBus,Async,Failed,ASM_COMP_001,Assembly component mismatch detected,Validation,1522,SESS_3f897142fe71,REQ_61130bb5e6a84516,2026-09-15 03:54:49
EVT_001165,IF_ORD_003,ORD,MFG,API,REST,Warning,ORD_AUTH_003,Order service authentication token expired,Authentication,1749,SESS_d882b5c1f79e,REQ_56ed815b4faf4dc2,2026-09-15 04:41:50
EVT_002002,IF_PRC_001,PRC,MFG,ESB,SOAP,Warning,PRC_AUTHZ_004,Procurement user lacks approval authorization,Authorization,964,SESS_711c21c9bdc1,REQ_1334e06d8e3a45bc,2026-09-15 04:45:26
EVT_000714,IF_PAY_002,PAY,ORD,ESB,CDC,Failed,PAY_EXT_003,Payment processor external service error,ExternalService,3242,SESS_c16d83edad81,REQ_acc91c0bf07b4c71,2026-09-15 04:59:46
EVT_000461,IF_PAY_001,PAY,ORD,API,REST,Warning,PAY_AUTHZ_002,Payment authorization declined by issuer,Authorization,194,SESS_e359eee17399,REQ_57d2dab81dfe4a3c,2026-09-15 05:07:13
EVT_002618,IF_ASM_002,ASM,DLV,API,REST,Warning,ASM_COMP_001,Assembly component mismatch detected,Validation,990,SESS_364c911aa9ab,REQ_7f46c97867c74bb1,2026-09-15 05:39:57
EVT_002048,IF_PRC_001,PRC,MFG,ESB,SOAP,Failed,PRC_MAT_002,Material availability check timed out,Timeout,4126,SESS_598336e375d6,REQ_8b3a3a3fbaed40da,2026-09-15 05:42:51
EVT_002770,IF_DLV_001,DLV,PAY,API,REST,Failed,DLV_DB_004,Delivery tracking database error,Database,5994,SESS_72ff5d2a386e,REQ_6a5f2dc5ed784910,2026-09-15 06:01:09
EVT_000645,IF_PAY_002,PAY,ORD,ESB,CDC,Warning,PAY_AUTH_001,Payment gateway authentication failed,Authentication,213,SESS_2112507c2cfa,REQ_fb0cb79054fd4415,2026-09-15 06:16:59
EVT_000363,IF_PAY_001,PAY,ORD,API,REST,Warning,PAY_AUTHZ_002,Payment authorization declined by issuer,Authorization,1245,SESS_d2fe2fded918,REQ_2f7e384ad11d496c,2026-09-15 06:20:50
EVT_000089,IF_ORD_001,ORD,PAY,API,REST,Failed,ORD_DB_001,Order database connection timeout,Database,4088,SESS_0d2b91efb897,REQ_00282c2f55b6461a,2026-09-15 06:28:54
EVT_002270,IF_ASM_001,ASM,DLV,MsgBus,Async,Warning,ASM_COMP_001,Assembly component mismatch detected,Validation,1275,SESS_6de593329364,REQ_acfa020d603a4149,2026-09-15 06:38:30
EVT_001513,IF_MFG_001,MFG,ASM,MsgBus,Async,Warning,MFG_CAP_004,Manufacturing queue capacity exceeded,Capacity,909,SESS_96a402f23ae8,REQ_f1a99d80f7de467e,2026-09-15 06:41:49
EVT_002358,IF_ASM_001,ASM,DLV,MsgBus,Async,Failed,ASM_NET_004,Assembly station network connectivity lost,Network,4148,SESS_1723199dbf2c,REQ_38ca2557f6874078,2026-09-15 06:42:07
EVT_002193,IF_PRC_003,PRC,MFG,API,REST,Failed,PRC_CFG_003,Procurement routing configuration invalid,Configuration,3059,SESS_7b3a4e3e7c52,REQ_8571d51e433e4aee,2026-09-15 06:47:51
EVT_001089,IF_ORD_003,ORD,MFG,API,REST,Failed,ORD_DB_001,Order database connection timeout,Database,5592,SESS_27209bdf1c11,REQ_83c49daa2c1c471b,2026-09-15 06:51:25
EVT_002654,IF_ASM_002,ASM,DLV,API,REST,Failed,ASM_CAP_003,Assembly line at maximum capacity,Capacity,1096,SESS_7a1b58066160,REQ_60c824ddf6ee4447,2026-09-15 07:00:00
EVT_002964,IF_DLV_001,DLV,PAY,API,REST,Warning,DLV_CFG_002,Delivery zone configuration mismatch,Configuration,1219,SESS_54fd9ad39716,REQ_520ecc49f80445ad,2026-09-15 07:00:44
EVT_001460,IF_MFG_001,MFG,ASM,MsgBus,Async,Warning,MFG_QC_003,Quality check parameters out of tolerance,Validation,1033,SESS_72bb912d7da6,REQ_501d215f129e4eda,2026-09-15 07:04:24
EVT_002892,IF_DLV_001,DLV,PAY,API,REST,Warning,DLV_TIME_003,Carrier API response timeout,Timeout,7896,SESS_eecf67d27491,REQ_a1b9366d465a4270,2026-09-15 07:04:30
EVT_000220,IF_ORD_001,ORD,PAY,API,REST,Failed,ORD_DB_001,Order database connection timeout,Database,7568,SESS_2067bdac88bd,REQ_75e59bcf0eec4519,2026-09-15 07:22:14
EVT_002918,IF_DLV_001,DLV,PAY,API,REST,Warning,DLV_CFG_002,Delivery zone configuration mismatch,Configuration,745,SESS_1ac70ec0ab8d,REQ_33dabac64ce64cb0,2026-09-15 07:24:00
EVT_001883,IF_PRC_001,PRC,MFG,ESB,SOAP,Warning,PRC_AUTHZ_004,Procurement user lacks approval authorization,Authorization,1613,SESS_a9d3c2e6505c,REQ_573a53b052454b71,2026-09-15 07:26:28
EVT_002791,IF_DLV_001,DLV,PAY,API,REST,Warning,DLV_CFG_002,Delivery zone configuration mismatch,Configuration,1035,SESS_61985d54cfb8,REQ_6f9e934dd5fe461e,2026-09-15 07:29:11
EVT_001571,IF_MFG_002,MFG,ASM,API,REST,Failed,MFG_CAP_004,Manufacturing queue capacity exceeded,Capacity,563,SESS_6fac16730ad4,REQ_40fbcdf1eda440e4,2026-09-15 07:36:54
EVT_001004,IF_ORD_002,ORD,MFG,MsgBus,Async,Failed,ORD_DB_001,Order database connection timeout,Database,6391,SESS_59a1120e1bb4,REQ_5138662bf31f4adc,2026-09-15 07:39:39
EVT_001877,IF_PRC_001,PRC,MFG,ESB,SOAP,Warning,PRC_AUTHZ_004,Procurement user lacks approval authorization,Authorization,278,SESS_ae340454cac5,REQ_536124381c484ed2,2026-09-15 07:41:34
EVT_001148,IF_ORD_003,ORD,MFG,API,REST,Failed,ORD_NET_004,Network timeout while contacting order service,Network,8324,SESS_32c5bd89b70b,REQ_b06cc3e05bb74400,2026-09-15 07:54:21
EVT_001030,IF_ORD_002,ORD,MFG,MsgBus,Async,Warning,ORD_AUTH_003,Order service authentication token expired,Authentication,1503,SESS_6e6981a35d3d,REQ_bd5ec00eaa6a49cb,2026-09-15 07:57:27
EVT_001724,IF_MFG_003,MFG,ASM,MsgBus,CDC,Warning,MFG_QC_003,Quality check parameters out of tolerance,Validation,1510,SESS_693dffbc6c6f,REQ_c893987587334fab,2026-09-15 08:00:57
EVT_000031,IF_ORD_001,ORD,PAY,API,REST,Failed,ORD_NET_004,Network timeout while contacting order service,Network,6203,SESS_c73f6e1baf90,REQ_88373bea246741f3,2026-09-15 08:01:09
EVT_000956,IF_ORD_002,ORD,MFG,MsgBus,Async,Failed,ORD_DB_001,Order database connection timeout,Database,4395,SESS_9f294a8bd184,REQ_2d24df99b8084157,2026-09-15 08:04:04
EVT_001547,IF_MFG_002,MFG,ASM,API,REST,Failed,MFG_DB_002,Manufacturing execution database write failure,Database,7185,SESS_c29cfc0cfa02,REQ_861110d169394f68,2026-09-15 08:06:18
EVT_000510,IF_PAY_001,PAY,ORD,API,REST,Failed,PAY_EXT_003,Payment processor external service error,ExternalService,6209,SESS_9f294a8bd184,REQ_a7ea2be160de4946,2026-09-15 08:06:38
EVT_000706,IF_PAY_002,PAY,ORD,ESB,CDC,Warning,PAY_AUTH_001,Payment gateway authentication failed,Authentication,1712,SESS_19bad7aedf61,REQ_963adade57704fc4,2026-09-15 08:10:02
EVT_000559,IF_PAY_001,PAY,ORD,API,REST,Warning,PAY_AUTHZ_002,Payment authorization declined by issuer,Authorization,1004,SESS_14c8b3b4a911,REQ_f6e30c13ae474034,2026-09-15 08:11:43
EVT_000590,IF_PAY_001,PAY,ORD,API,REST,Failed,PAY_EXT_003,Payment processor external service error,ExternalService,2219,SESS_7b70c3b8a81f,REQ_780e11cf2b5a430c,2026-09-15 08:15:27
EVT_001888,IF_PRC_001,PRC,MFG,ESB,SOAP,Warning,PRC_CFG_003,Procurement routing configuration invalid,Configuration,2152,SESS_c9277d9b6e0d,REQ_18eff5187f7b4990,2026-09-15 08:21:12
EVT_002760,IF_DLV_001,DLV,PAY,API,REST,Warning,DLV_CFG_002,Delivery zone configuration mismatch,Configuration,896,SESS_fb140bc3304b,REQ_f681185aa51f4a9e,2026-09-15 08:21:28
EVT_001251,IF_ORD_003,ORD,MFG,API,REST,Warning,ORD_AUTH_003,Order service authentication token expired,Authentication,861,SESS_fbf6e16f9b30,REQ_17471013860b4d89,2026-09-15 08:23:00
EVT_000108,IF_ORD_001,ORD,PAY,API,REST,Warning,ORD_VAL_002,Order validation failed due to missing required field,Validation,858,SESS_19108be58ce2,REQ_d4ff6906f58541b8,2026-09-15 08:24:20
EVT_002631,IF_ASM_002,ASM,DLV,API,REST,Failed,ASM_NET_004,Assembly station network connectivity lost,Network,2129,SESS_d7665cdafe04,REQ_30ae6d428efa4151,2026-09-15 08:25:21
EVT_000144,IF_ORD_001,ORD,PAY,API,REST,Failed,ORD_DB_001,Order database connection timeout,Database,5046,SESS_ccc429038bcf,REQ_f7e2512db501495a,2026-09-15 08:25:40
EVT_001106,IF_ORD_003,ORD,MFG,API,REST,Warning,ORD_AUTH_003,Order service authentication token expired,Authentication,1311,SESS_50c7c006314d,REQ_6aca51bd08e2427e,2026-09-15 08:32:30
EVT_000835,IF_ORD_002,ORD,MFG,MsgBus,Async,Failed,ORD_VAL_002,Order validation failed due to missing required field,Validation,1647,SESS_76da3ca0d2e8,REQ_621de09af84e45a2,2026-09-15 08:33:44
EVT_002575,IF_ASM_002,ASM,DLV,API,REST,Failed,ASM_COMP_001,Assembly component mismatch detected,Validation,1787,SESS_793b4c322050,REQ_8e74a69fdb684cd0,2026-09-15 08:35:56
EVT_002278,IF_ASM_001,ASM,DLV,MsgBus,Async,Warning,ASM_COMP_001,Assembly component mismatch detected,Validation,1501,SESS_1d4a3d81b3a7,REQ_744c2154f8a24034,2026-09-15 08:38:20
EVT_001317,IF_MFG_001,MFG,ASM,MsgBus,Async,Failed,MFG_DB_002,Manufacturing execution database write failure,Database,7292,SESS_114125c63a9b,REQ_ada86a2cbb644c2d,2026-09-15 08:38:33
EVT_000629,IF_PAY_001,PAY,ORD,API,REST,Failed,PAY_AUTHZ_002,Payment authorization declined by issuer,Authorization,708,SESS_fc3e058be0f3,REQ_42fcb5061af548e6,2026-09-15 08:39:20
EVT_000845,IF_ORD_002,ORD,MFG,MsgBus,Async,Failed,ORD_DB_001,Order database connection timeout,Database,3766,SESS_96bf10ab3ce9,REQ_5bdb3ba4a802481e,2026-09-15 08:45:10
EVT_000833,IF_ORD_002,ORD,MFG,MsgBus,Async,Warning,ORD_VAL_002,Order validation failed due to missing required field,Validation,320,SESS_3b70b3a124a3,REQ_1db1a82f04a94f05,2026-09-15 08:46:01
EVT_002032,IF_PRC_001,PRC,MFG,ESB,SOAP,Warning,PRC_AUTHZ_004,Procurement user lacks approval authorization,Authorization,1306,SESS_1ba362e7afa4,REQ_c8827e20aea14bad,2026-09-15 08:49:01
EVT_001270,IF_ORD_003,ORD,MFG,API,REST,Failed,ORD_NET_004,Network timeout while contacting order service,Network,7257,SESS_21a4344fbb7b,REQ_49a6edfb9f404e63,2026-09-15 08:52:05
EVT_001432,IF_MFG_001,MFG,ASM,MsgBus,Async,Failed,MFG_MACHINE_001,Manufacturing machine controller not responding,Infrastructure,1764,SESS_58007c0287ea,REQ_8a590096562347de,2026-09-15 08:52:13
EVT_001758,IF_MFG_003,MFG,ASM,MsgBus,CDC,Failed,MFG_MACHINE_001,Manufacturing machine controller not responding,Infrastructure,647,SESS_be0f051b1b66,REQ_909dc99780974819,2026-09-15 08:54:08
EVT_001845,IF_PRC_001,PRC,MFG,ESB,SOAP,Failed,PRC_MAT_002,Material availability check timed out,Timeout,3290,SESS_1346d1a9f680,REQ_93829b31efa14d1f,2026-09-15 08:54:15
EVT_002718,IF_DLV_001,DLV,PAY,API,REST,Warning,DLV_CFG_002,Delivery zone configuration mismatch,Configuration,234,SESS_693dffbc6c6f,REQ_a6ac2d4eddba42df,2026-09-15 08:55:10
EVT_001101,IF_ORD_003,ORD,MFG,API,REST,Warning,ORD_VAL_002,Order validation failed due to missing required field,Validation,581,SESS_f2311f179586,REQ_7c431cd028eb442e,2026-09-15 08:59:41
EVT_000929,IF_ORD_002,ORD,MFG,MsgBus,Async,Failed,ORD_DB_001,Order database connection timeout,Database,8599,SESS_89a2688b12c1,REQ_ba4f7cac3bbe41b0,2026-09-15 09:04:00
EVT_002375,IF_ASM_001,ASM,DLV,MsgBus,Async,Failed,ASM_NET_004,Assembly station network connectivity lost,Network,7435,SESS_7010f7197e69,REQ_200a26bd8d2e41f1,2026-09-15 09:04:26
EVT_001834,IF_MFG_004,MFG,PRC,MsgBus,Async,Warning,MFG_CAP_004,Manufacturing queue capacity exceeded,Capacity,1606,SESS_4bd6cee631b1,REQ_b208a42cbf034a94,2026-09-15 09:04:50
EVT_002437,IF_ASM_001,ASM,DLV,MsgBus,Async,Failed,ASM_DB_002,Assembly tracking database update failed,Database,5239,SESS_1d4a3d81b3a7,REQ_bc6a40749d4f413b,2026-09-15 09:08:54
EVT_001756,IF_MFG_003,MFG,ASM,MsgBus,CDC,Failed,MFG_CAP_004,Manufacturing queue capacity exceeded,Capacity,1077,SESS_bac7e2b96a7e,REQ_94ec8e5458b045cc,2026-09-15 09:08:59
EVT_000564,IF_PAY_001,PAY,ORD,API,REST,Failed,PAY_AUTHZ_002,Payment authorization declined by issuer,Authorization,1767,SESS_66b2bc5b50c1,REQ_67b61513f26f4198,2026-09-15 09:11:26
EVT_000124,IF_ORD_001,ORD,PAY,API,REST,Failed,ORD_DB_001,Order database connection timeout,Database,7547,SESS_6a07f2137129,REQ_d2c283d0d5dc4909,2026-09-15 09:11:35
EVT_002632,IF_ASM_002,ASM,DLV,API,REST,Failed,ASM_DB_002,Assembly tracking database update failed,Database,4262,SESS_13eecdc6ebd1,REQ_740b8cefe8b8411d,2026-09-15 09:14:00
EVT_000534,IF_PAY_001,PAY,ORD,API,REST,Failed,PAY_TIME_004,Payment gateway response timeout,Timeout,5374,SESS_a56c0941fbf2,REQ_9eb03f1ada2c47ea,2026-09-15 09:15:41
EVT_002972,IF_DLV_001,DLV,PAY,API,REST,Failed,DLV_TIME_003,Carrier API response timeout,Timeout,2925,SESS_7f9d3e64c1a6,REQ_a4896f1f4c1842e4,2026-09-15 09:18:02
EVT_001579,IF_MFG_002,MFG,ASM,API,REST,Warning,MFG_QC_003,Quality check parameters out of tolerance,Validation,1975,SESS_bc67f831cbc8,REQ_f64d8746bd0c4395,2026-09-15 09:18:36
EVT_000114,IF_ORD_001,ORD,PAY,API,REST,Failed,ORD_DB_001,Order database connection timeout,Database,4461,SESS_3f897142fe71,REQ_925dfddff42b4154,2026-09-15 09:20:11
EVT_000614,IF_PAY_001,PAY,ORD,API,REST,Failed,PAY_EXT_003,Payment processor external service error,ExternalService,7851,SESS_168b1625746f,REQ_5787431d0eb845ad,2026-09-15 09:20:33
EVT_001923,IF_PRC_001,PRC,MFG,ESB,SOAP,Failed,PRC_MAT_002,Material availability check timed out,Timeout,6391,SESS_9e50aa42ca6d,REQ_d28de974e93e43a9,2026-09-15 09:22:35
EVT_002720,IF_DLV_001,DLV,PAY,API,REST,Warning,DLV_CFG_002,Delivery zone configuration mismatch,Configuration,853,SESS_ef43613cd4aa,REQ_64e5dc702a7a4364,2026-09-15 09:23:43
EVT_000209,IF_ORD_001,ORD,PAY,API,REST,Warning,ORD_AUTH_003,Order service authentication token expired,Authentication,183,SESS_cada4f80a9e7,REQ_e8c8386ef9644b8d,2026-09-15 09:23:52
EVT_000997,IF_ORD_002,ORD,MFG,MsgBus,Async,Failed,ORD_DB_001,Order database connection timeout,Database,6229,SESS_eadf50853fcb,REQ_81077c842c0f4c08,2026-09-15 09:27:04
EVT_001260,IF_ORD_003,ORD,MFG,API,REST,Warning,ORD_AUTH_003,Order service authentication token expired,Authentication,1027,SESS_9dac6e834524,REQ_023b02a57a144e1e,2026-09-15 09:28:24
EVT_002481,IF_ASM_002,ASM,DLV,API,REST,Warning,ASM_COMP_001,Assembly component mismatch detected,Validation,181,SESS_dde9f86322bd,REQ_b12bb3f9e00c4210,2026-09-15 09:28:26
EVT_002673,IF_ASM_002,ASM,DLV,API,REST,Warning,ASM_COMP_001,Assembly component mismatch detected,Validation,995,SESS_68949b8d00af,REQ_0715c3d864ea4ae9,2026-09-15 09:30:20
EVT_001246,IF_ORD_003,ORD,MFG,API,REST,Failed,ORD_DB_001,Order database connection timeout,Database,6346,SESS_7010f7197e69,REQ_534674fb27874d74,2026-09-15 09:32:41
EVT_000458,IF_PAY_001,PAY,ORD,API,REST,Warning,PAY_AUTHZ_002,Payment authorization declined by issuer,Authorization,1637,SESS_acf5e81e7131,REQ_d1da5ddc2fb54c1b,2026-09-15 09:35:02
EVT_002325,IF_ASM_001,ASM,DLV,MsgBus,Async,Warning,ASM_CAP_003,Assembly line at maximum capacity,Capacity,1676,SESS_a9d3c2e6505c,REQ_78ea828243fb4483,2026-09-15 09:35:25
EVT_001862,IF_PRC_001,PRC,MFG,ESB,SOAP,Warning,PRC_MAT_002,Material availability check timed out,Timeout,4026,SESS_2c8d0e44e71e,REQ_ed96e92cbe2d4ad9,2026-09-15 09:36:49
EVT_000712,IF_PAY_002,PAY,ORD,ESB,CDC,Failed,PAY_TIME_004,Payment gateway response timeout,Timeout,5132,SESS_a0ee89aed453,REQ_220d39694f4142ed,2026-09-15 09:37:45
EVT_001232,IF_ORD_003,ORD,MFG,API,REST,Failed,ORD_NET_004,Network timeout while contacting order service,Network,3224,SESS_0dde29a6baa4,REQ_fce4b18c240d43a0,2026-09-15 09:40:20
EVT_001347,IF_MFG_001,MFG,ASM,MsgBus,Async,Warning,MFG_QC_003,Quality check parameters out of tolerance,Validation,438,SESS_c1590f538a0f,REQ_bf1d8cbacd034c36,2026-09-15 09:40:38
EVT_001433,IF_MFG_001,MFG,ASM,MsgBus,Async,Failed,MFG_MACHINE_001,Manufacturing machine controller not responding,Infrastructure,1346,SESS_50c7c006314d,REQ_2ff4b7aad72c4aca,2026-09-15 09:40:48
EVT_002574,IF_ASM_002,ASM,DLV,API,REST,Warning,ASM_COMP_001,Assembly component mismatch detected,Validation,1822,SESS_4dd8eb85b04d,REQ_533b5bc92f4f4c6e,2026-09-15 09:40:58
EVT_001631,IF_MFG_002,MFG,ASM,API,REST,Failed,MFG_MACHINE_001,Manufacturing machine controller not responding,Infrastructure,1281,SESS_475287aa5408,REQ_4fac191bf57b4f94,2026-09-15 09:42:48
EVT_002258,IF_ASM_001,ASM,DLV,MsgBus,Async,Warning,ASM_COMP_001,Assembly component mismatch detected,Validation,1723,SESS_e17f29e17028,REQ_69a7fa2a8479470d,2026-09-15 09:46:16
EVT_001179,IF_ORD_003,ORD,MFG,API,REST,Failed,ORD_DB_001,Order database connection timeout,Database,4635,SESS_f30a9e32aba4,REQ_a6996c2b36a84ae2,2026-09-15 09:47:22
EVT_002851,IF_DLV_001,DLV,PAY,API,REST,Failed,DLV_ROUTE_001,Delivery routing service unavailable,ExternalService,4022,SESS_2c8d0e44e71e,REQ_a9ced61e3dce40f7,2026-09-15 09:47:39
EVT_000342,IF_PAY_001,PAY,ORD,API,REST,Warning,PAY_AUTHZ_002,Payment authorization declined by issuer,Authorization,1776,SESS_23bed01d43cf,REQ_0a3cc66518a44413,2026-09-15 09:49:28
EVT_002895,IF_DLV_001,DLV,PAY,API,REST,Warning,DLV_CFG_002,Delivery zone configuration mismatch,Configuration,1263,SESS_c9535b63ba81,REQ_ac0a2e5e283f4fd7,2026-09-15 09:49:49
EVT_001613,IF_MFG_002,MFG,ASM,API,REST,Failed,MFG_DB_002,Manufacturing execution database write failure,Database,7400,SESS_a867a096edd8,REQ_2910d400e3d3464b,2026-09-15 09:54:59
EVT_001257,IF_ORD_003,ORD,MFG,API,REST,Failed,ORD_DB_001,Order database connection timeout,Database,3715,SESS_f30a9e32aba4,REQ_11c67b0e598542c0,2026-09-15 09:55:57
EVT_000806,IF_ORD_002,ORD,MFG,MsgBus,Async,Warning,ORD_VAL_002,Order validation failed due to missing required field,Validation,661,SESS_6a07f2137129,REQ_9ecd09e71a604b92,2026-09-15 09:56:48
EVT_000097,IF_ORD_001,ORD,PAY,API,REST,Failed,ORD_DB_001,Order database connection timeout,Database,8261,SESS_687213f98d60,REQ_7980ba4285534b98,2026-09-15 09:57:38
EVT_002906,IF_DLV_001,DLV,PAY,API,REST,Failed,DLV_DB_004,Delivery tracking database error,Database,4354,SESS_7b3a4e3e7c52,REQ_78933910b2ba41ac,2026-09-15 10:01:06
EVT_002436,IF_ASM_001,ASM,DLV,MsgBus,Async,Warning,ASM_COMP_001,Assembly component mismatch detected,Validation,1559,SESS_d2fe2fded918,REQ_d8c988f189d6443a,2026-09-15 10:04:45
EVT_000624,IF_PAY_001,PAY,ORD,API,REST,Warning,PAY_AUTH_001,Payment gateway authentication failed,Authentication,1453,SESS_ece66fa2fd51,REQ_6401677b85534254,2026-09-15 10:05:55
EVT_002376,IF_ASM_001,ASM,DLV,MsgBus,Async,Failed,ASM_DB_002,Assembly tracking database update failed,Database,8206,SESS_f7dc67e03097,REQ_9776091ff02a4d9e,2026-09-15 10:07:18
EVT_001959,IF_PRC_001,PRC,MFG,ESB,SOAP,Failed,PRC_PO_001,Purchase order rejected by supplier system,ExternalService,4156,SESS_7a1b58066160,REQ_bb61621062664c96,2026-09-15 10:07:33
EVT_000216,IF_ORD_001,ORD,PAY,API,REST,Warning,ORD_AUTH_003,Order service authentication token expired,Authentication,614,SESS_1ca35cfb04fc,REQ_3a470db0005a4393,2026-09-15 10:09:33
EVT_002356,IF_ASM_001,ASM,DLV,MsgBus,Async,Failed,ASM_CAP_003,Assembly line at maximum capacity,Capacity,892,SESS_c5f8bc16f786,REQ_69ad6c276d3e4c37,2026-09-15 10:09:47
EVT_002150,IF_PRC_002,PRC,ASM,Batch,Batch,Failed,PRC_PO_001,Purchase order rejected by supplier system,ExternalService,5165,SESS_50fd9d3f85d5,REQ_37246b44c181467a,2026-09-15 10:14:43
EVT_002980,IF_DLV_001,DLV,PAY,API,REST,Failed,DLV_DB_004,Delivery tracking database error,Database,6994,SESS_dde9f86322bd,REQ_d52f77390c164786,2026-09-15 10:14:52
EVT_000117,IF_ORD_001,ORD,PAY,API,REST,Warning,ORD_AUTH_003,Order service authentication token expired,Authentication,1458,SESS_7f671eec3da7,REQ_3a11624f3db44f4f,2026-09-15 10:16:42
EVT_002787,IF_DLV_001,DLV,PAY,API,REST,Failed,DLV_TIME_003,Carrier API response timeout,Timeout,6374,SESS_5bc440f14b1a,REQ_610239cea7f7485d,2026-09-15 10:18:30
EVT_001157,IF_ORD_003,ORD,MFG,API,REST,Failed,ORD_DB_001,Order database connection timeout,Database,3686,SESS_e0b15abaa6a2,REQ_20cbc1aed1a04cca,2026-09-15 10:20:00
EVT_002899,IF_DLV_001,DLV,PAY,API,REST,Warning,DLV_CFG_002,Delivery zone configuration mismatch,Configuration,748,SESS_d58842dea2bc,REQ_b786670a858642e6,2026-09-15 10:21:05
EVT_000403,IF_PAY_001,PAY,ORD,API,REST,Warning,PAY_AUTH_001,Payment gateway authentication failed,Authentication,1889,SESS_edd4253b50f0,REQ_016ca0243fea4760,2026-09-15 10:21:40
EVT_001905,IF_PRC_001,PRC,MFG,ESB,SOAP,Failed,PRC_MAT_002,Material availability check timed out,Timeout,8872,SESS_dfa4bb9f5a85,REQ_47c1ac108f824025,2026-09-15 10:25:46
EVT_001033,IF_ORD_002,ORD,MFG,MsgBus,Async,Warning,ORD_VAL_002,Order validation failed due to missing required field,Validation,1322,SESS_1ca35cfb04fc,REQ_3de046f110b14504,2026-09-15 10:26:42
EVT_001815,IF_MFG_004,MFG,PRC,MsgBus,Async,Warning,MFG_QC_003,Quality check parameters out of tolerance,Validation,1239,SESS_daf61a26146d,REQ_69c4863c28ca4014,2026-09-15 10:27:17
EVT_000187,IF_ORD_001,ORD,PAY,API,REST,Failed,ORD_DB_001,Order database connection timeout,Database,5099,SESS_4a1935014169,REQ_85ae6e51da1d4a61,2026-09-15 10:28:11
EVT_000887,IF_ORD_002,ORD,MFG,MsgBus,Async,Warning,ORD_AUTH_003,Order service authentication token expired,Authentication,826,SESS_89c8d2ab6b44,REQ_ff418d2913a648f8,2026-09-15 10:29:36
EVT_001946,IF_PRC_001,PRC,MFG,ESB,SOAP,Failed,PRC_MAT_002,Material availability check timed out,Timeout,2732,SESS_431d029fac1e,REQ_4a7752004adf4b57,2026-09-15 10:32:34
EVT_002350,IF_ASM_001,ASM,DLV,MsgBus,Async,Warning,ASM_COMP_001,Assembly component mismatch detected,Validation,743,SESS_fcd6bdca5876,REQ_6d50f9a59d534a0c,2026-09-15 10:35:21
EVT_001542,IF_MFG_002,MFG,ASM,API,REST,Failed,MFG_DB_002,Manufacturing execution database write failure,Database,4763,SESS_61ee6c5bdeef,REQ_68c8a3b07b1b452d,2026-09-15 10:40:21
EVT_000328,IF_PAY_001,PAY,ORD,API,REST,Failed,PAY_TIME_004,Payment gateway response timeout,Timeout,4595,SESS_ae4c84ffa8c0,REQ_0c9d34d1b2734b4b,2026-09-15 10:41:25
EVT_001847,IF_PRC_001,PRC,MFG,ESB,SOAP,Warning,PRC_CFG_003,Procurement routing configuration invalid,Configuration,146,SESS_6683e10796c0,REQ_72786147da0146dc,2026-09-15 10:43:21
EVT_000882,IF_ORD_002,ORD,MFG,MsgBus,Async,Failed,ORD_DB_001,Order database connection timeout,Database,4855,SESS_1ba362e7afa4,REQ_3e0b529fe64e4457,2026-09-15 10:47:51
EVT_001423,IF_MFG_001,MFG,ASM,MsgBus,Async,Failed,MFG_CAP_004,Manufacturing queue capacity exceeded,Capacity,476,SESS_6efb63b11b04,REQ_f3631e7a0bb24eb4,2026-09-15 10:48:27
EVT_000095,IF_ORD_001,ORD,PAY,API,REST,Failed,ORD_DB_001,Order database connection timeout,Database,6090,SESS_5560db22c96b,REQ_1546651ce9624e41,2026-09-15 10:48:52
EVT_002024,IF_PRC_001,PRC,MFG,ESB,SOAP,Failed,PRC_CFG_003,Procurement routing configuration invalid,Configuration,716,SESS_e9c349e03602,REQ_bce6e523c8d44f18,2026-09-15 10:51:46
EVT_000711,IF_PAY_002,PAY,ORD,ESB,CDC,Warning,PAY_AUTHZ_002,Payment authorization declined by issuer,Authorization,2121,SESS_379efc6e5edb,REQ_2d04963c0fc84f4d,2026-09-15 10:54:42
EVT_000901,IF_ORD_002,ORD,MFG,MsgBus,Async,Warning,ORD_AUTH_003,Order service authentication token expired,Authentication,664,SESS_5b9962c6e61f,REQ_6f626731eeb64375,2026-09-15 10:55:36
EVT_000521,IF_PAY_001,PAY,ORD,API,REST,Failed,PAY_EXT_003,Payment processor external service error,ExternalService,6061,SESS_44656d6b81fb,REQ_f7d3c4e0278a4d67,2026-09-15 10:57:09
EVT_002646,IF_ASM_002,ASM,DLV,API,REST,Warning,ASM_COMP_001,Assembly component mismatch detected,Validation,251,SESS_620e99d33b33,REQ_eedd95a6444c4943,2026-09-15 10:57:14
EVT_000172,IF_ORD_001,ORD,PAY,API,REST,Failed,ORD_NET_004,Network timeout while contacting order service,Network,5246,SESS_80759f1f87e5,REQ_a695cd45891d452f,2026-09-15 10:58:05
EVT_001050,IF_ORD_002,ORD,MFG,MsgBus,Async,Warning,ORD_AUTH_003,Order service authentication token expired,Authentication,1310,SESS_9d77a45ef206,REQ_8501f66ec5814059,2026-09-15 11:02:59
EVT_001496,IF_MFG_001,MFG,ASM,MsgBus,Async,Warning,MFG_QC_003,Quality check parameters out of tolerance (correlated with upstream failure on IF_ORD_002),Validation,1394,SESS_1ba362e7afa4,REQ_2cc8d3190f694a6b,2026-09-15 11:03:35
EVT_001273,IF_ORD_003,ORD,MFG,API,REST,Failed,ORD_NET_004,Network timeout while contacting order service,Network,2192,SESS_6dadd6c795a7,REQ_4fa9ff3c654e454a,2026-09-15 11:04:02
EVT_000642,IF_PAY_002,PAY,ORD,ESB,CDC,Warning,PAY_AUTH_001,Payment gateway authentication failed,Authentication,1601,SESS_c29cfc0cfa02,REQ_64dc465eb62c4dfe,2026-09-15 11:05:52
EVT_000185,IF_ORD_001,ORD,PAY,API,REST,Warning,ORD_AUTH_003,Order service authentication token expired,Authentication,228,SESS_d450281c6c6f,REQ_3e927efe10174878,2026-09-15 11:06:21
EVT_000111,IF_ORD_001,ORD,PAY,API,REST,Warning,ORD_VAL_002,Order validation failed due to missing required field,Validation,1251,SESS_d46ef1041190,REQ_ca01e3745cc94abc,2026-09-15 11:08:17
EVT_000087,IF_ORD_001,ORD,PAY,API,REST,Failed,ORD_NET_004,Network timeout while contacting order service,Network,8437,SESS_81e5c9f693f2,REQ_8f176d97b5ed4698,2026-09-15 11:09:19
EVT_000466,IF_PAY_001,PAY,ORD,API,REST,Failed,PAY_EXT_003,Payment processor external service error,ExternalService,4243,SESS_1b19d8b8d830,REQ_fc31b3afd8314cc2,2026-09-15 11:10:28
EVT_002178,IF_PRC_002,PRC,ASM,Batch,Batch,Failed,PRC_MAT_002,Material availability check timed out,Timeout,7279,SESS_0d01280fd89a,REQ_764f6e473a054932,2026-09-15 11:10:47
EVT_002200,IF_PRC_003,PRC,MFG,API,REST,Warning,PRC_CFG_003,Procurement routing configuration invalid,Configuration,1559,SESS_527eecfaa79a,REQ_b8f6d9442879426e,2026-09-15 11:12:03
EVT_001173,IF_ORD_003,ORD,MFG,API,REST,Failed,ORD_DB_001,Order database connection timeout,Database,3627,SESS_ab85fd595463,REQ_6a528dae2bda478c,2026-09-15 11:16:09
EVT_001999,IF_PRC_001,PRC,MFG,ESB,SOAP,Failed,PRC_PO_001,Purchase order rejected by supplier system,ExternalService,4607,SESS_6fac16730ad4,REQ_dd6c5f16292247a7,2026-09-15 11:16:21
EVT_001715,IF_MFG_003,MFG,ASM,MsgBus,CDC,Failed,MFG_QC_003,Quality check parameters out of tolerance,Validation,1885,SESS_157d94a106f0,REQ_f09cfea21c454cfa,2026-09-15 11:16:33
EVT_001279,IF_ORD_003,ORD,MFG,API,REST,Failed,ORD_DB_001,Order database connection timeout,Database,4735,SESS_8268690ba438,REQ_ca60ca0abe394c43,2026-09-15 11:20:29
EVT_002742,IF_DLV_001,DLV,PAY,API,REST,Warning,DLV_CFG_002,Delivery zone configuration mismatch,Configuration,599,SESS_9f0fda8d0537,REQ_05f199a1794340fa,2026-09-15 11:21:05
EVT_000375,IF_PAY_001,PAY,ORD,API,REST,Failed,PAY_TIME_004,Payment gateway response timeout,Timeout,2883,SESS_490617f2747b,REQ_ccc0eb96168649ce,2026-09-15 11:24:32
EVT_000839,IF_ORD_002,ORD,MFG,MsgBus,Async,Warning,ORD_AUTH_003,Order service authentication token expired,Authentication,1057,SESS_3b70b3a124a3,REQ_a6652094aa934d73,2026-09-15 11:27:51
EVT_000684,IF_PAY_002,PAY,ORD,ESB,CDC,Failed,PAY_EXT_003,Payment processor external service error,ExternalService,5512,SESS_14e286e5ac89,REQ_e3a34dfca067456c,2026-09-15 11:28:28
EVT_000511,IF_PAY_001,PAY,ORD,API,REST,Failed,PAY_TIME_004,Payment gateway response timeout,Timeout,4223,SESS_6e06809725e9,REQ_6a8a60d172d44c30,2026-09-15 11:34:37
EVT_000588,IF_PAY_001,PAY,ORD,API,REST,Failed,PAY_EXT_003,Payment processor external service error,ExternalService,2108,SESS_f7dc67e03097,REQ_12e16f724d0d44b9,2026-09-15 11:42:47
EVT_001777,IF_MFG_004,MFG,PRC,MsgBus,Async,Failed,MFG_CAP_004,Manufacturing queue capacity exceeded,Capacity,1848,SESS_a95976636daa,REQ_2d1f3fce34b84735,2026-09-15 11:44:36
EVT_001112,IF_ORD_003,ORD,MFG,API,REST,Warning,ORD_AUTH_003,Order service authentication token expired,Authentication,376,SESS_75a669814104,REQ_4f82ca466a354cd5,2026-09-15 11:47:20
EVT_001478,IF_MFG_001,MFG,ASM,MsgBus,Async,Warning,MFG_QC_003,Quality check parameters out of tolerance,Validation,174,SESS_614ff3d719db,REQ_76c087ffcb3a4ded,2026-09-15 11:49:35
EVT_000823,IF_ORD_002,ORD,MFG,MsgBus,Async,Failed,ORD_NET_004,Network timeout while contacting order service,Network,3850,SESS_a8499b926b52,REQ_881a3a22c19d4b70,2026-09-15 11:56:45
EVT_002716,IF_DLV_001,DLV,PAY,API,REST,Warning,DLV_CFG_002,Delivery zone configuration mismatch,Configuration,451,SESS_d4a057a7b0cc,REQ_ebce38836abf43d6,2026-09-15 11:57:46
EVT_001819,IF_MFG_004,MFG,PRC,MsgBus,Async,Warning,MFG_QC_003,Quality check parameters out of tolerance,Validation,1027,SESS_e359eee17399,REQ_b3df1574d5f54495,2026-09-15 12:02:36
EVT_002744,IF_DLV_001,DLV,PAY,API,REST,Warning,DLV_CFG_002,Delivery zone configuration mismatch,Configuration,1016,SESS_36c59dacb4d7,REQ_188caea5126c4d50,2026-09-15 12:03:00
EVT_000650,IF_PAY_002,PAY,ORD,ESB,CDC,Failed,PAY_EXT_003,Payment processor external service error,ExternalService,8041,SESS_f3b1025bfff9,REQ_1a01b0749f504074,2026-09-15 12:04:58
EVT_001705,IF_MFG_003,MFG,ASM,MsgBus,CDC,Failed,MFG_QC_003,Quality check parameters out of tolerance,Validation,409,SESS_3e83b91f2544,REQ_ca65d3d1dee3457e,2026-09-15 12:05:08
EVT_001235,IF_ORD_003,ORD,MFG,API,REST,Warning,ORD_AUTH_003,Order service authentication token expired,Authentication,1615,SESS_be0f051b1b66,REQ_a22445c64e674995,2026-09-15 12:05:21
EVT_000640,IF_PAY_002,PAY,ORD,ESB,CDC,Failed,PAY_AUTH_001,Payment gateway authentication failed,Authentication,2225,SESS_276aa6ced507,REQ_eb7c2e03a40745cb,2026-09-15 12:07:22
EVT_000572,IF_PAY_001,PAY,ORD,API,REST,Failed,PAY_EXT_003,Payment processor external service error,ExternalService,3500,SESS_ae340454cac5,REQ_f39a48788d6848cf,2026-09-15 12:07:57
EVT_000190,IF_ORD_001,ORD,PAY,API,REST,Failed,ORD_DB_001,Order database connection timeout,Database,2394,SESS_6a5d932b45ff,REQ_520bf60327bf461f,2026-09-15 12:10:56
EVT_001735,IF_MFG_003,MFG,ASM,MsgBus,CDC,Warning,MFG_MACHINE_001,Manufacturing machine controller not responding,Infrastructure,230,SESS_157d94a106f0,REQ_5afd0f084ee04b5a,2026-09-15 12:16:02
EVT_002019,IF_PRC_001,PRC,MFG,ESB,SOAP,Failed,PRC_MAT_002,Material availability check timed out,Timeout,2711,SESS_6889803e5913,REQ_e2cbfdf92ae6433a,2026-09-15 12:16:38
EVT_002139,IF_PRC_002,PRC,ASM,Batch,Batch,Warning,PRC_CFG_003,Procurement routing configuration invalid,Configuration,364,SESS_832920b7c143,REQ_caf29ae714214817,2026-09-15 12:16:41
EVT_002156,IF_PRC_002,PRC,ASM,Batch,Batch,Failed,PRC_MAT_002,Material availability check timed out,Timeout,6628,SESS_5496f63cdc11,REQ_51baa8fbcea6484d,2026-09-15 12:17:05
EVT_001389,IF_MFG_001,MFG,ASM,MsgBus,Async,Failed,MFG_DB_002,Manufacturing execution database write failure,Database,7374,SESS_9d9b62317d45,REQ_c137571f13144498,2026-09-15 12:21:41
EVT_002715,IF_DLV_001,DLV,PAY,API,REST,Warning,DLV_CFG_002,Delivery zone configuration mismatch,Configuration,1727,SESS_c34b9fbb8d4a,REQ_ec9270838ca94497,2026-09-15 12:23:35
EVT_001450,IF_MFG_001,MFG,ASM,MsgBus,Async,Failed,MFG_DB_002,Manufacturing execution database write failure,Database,7976,SESS_14e286e5ac89,REQ_7427e63d56294619,2026-09-15 12:26:13
EVT_000857,IF_ORD_002,ORD,MFG,MsgBus,Async,Failed,ORD_NET_004,Network timeout while contacting order service,Network,2669,SESS_29ec8e49d1bd,REQ_1f511579e7814ffd,2026-09-15 12:26:33
EVT_000225,IF_ORD_001,ORD,PAY,API,REST,Warning,ORD_VAL_002,Order validation failed due to missing required field,Validation,345,SESS_2369b584ff5e,REQ_35d304b26c594e8a,2026-09-15 12:27:30
EVT_002318,IF_ASM_001,ASM,DLV,MsgBus,Async,Warning,ASM_COMP_001,Assembly component mismatch detected,Validation,1922,SESS_2cd1586a2b84,REQ_0e3061fa9e9d488d,2026-09-15 12:27:35
EVT_002361,IF_ASM_001,ASM,DLV,MsgBus,Async,Failed,ASM_NET_004,Assembly station network connectivity lost (correlated with upstream failure on IF_MFG_001),Network,6928,SESS_9d9b62317d45,REQ_9f34103955b14229,2026-09-15 12:30:15
EVT_002231,IF_PRC_003,PRC,MFG,API,REST,Warning,PRC_CFG_003,Procurement routing configuration invalid,Configuration,577,SESS_2ef912766c00,REQ_060543cc9f21476a,2026-09-15 12:30:51
EVT_000674,IF_PAY_002,PAY,ORD,ESB,CDC,Failed,PAY_TIME_004,Payment gateway response timeout,Timeout,7836,SESS_0a8381bec85a,REQ_2eb6cc1c5f7e4d06,2026-09-15 12:31:30
EVT_001313,IF_MFG_001,MFG,ASM,MsgBus,Async,Failed,MFG_CAP_004,Manufacturing queue capacity exceeded,Capacity,1720,SESS_39e58ff092f8,REQ_adc0c1d4f9924d34,2026-09-15 12:34:48
EVT_000473,IF_PAY_001,PAY,ORD,API,REST,Failed,PAY_TIME_004,Payment gateway response timeout,Timeout,6218,SESS_19675f06bd76,REQ_79581aa3ab324b20,2026-09-15 12:37:20
EVT_001846,IF_PRC_001,PRC,MFG,ESB,SOAP,Failed,PRC_PO_001,Purchase order rejected by supplier system,ExternalService,7374,SESS_61985d54cfb8,REQ_5d1266130b704b23,2026-09-15 12:37:26
EVT_001031,IF_ORD_002,ORD,MFG,MsgBus,Async,Failed,ORD_NET_004,Network timeout while contacting order service,Network,8313,SESS_acf5e81e7131,REQ_c4f51680ad66419c,2026-09-15 12:39:35
EVT_001901,IF_PRC_001,PRC,MFG,ESB,SOAP,Warning,PRC_AUTHZ_004,Procurement user lacks approval authorization,Authorization,537,SESS_3b048a8b405b,REQ_9a058be79a40477e,2026-09-15 12:40:00
EVT_002368,IF_ASM_001,ASM,DLV,MsgBus,Async,Warning,ASM_COMP_001,Assembly component mismatch detected,Validation,232,SESS_bb026576f512,REQ_f33d38822b394705,2026-09-15 12:42:06
EVT_001017,IF_ORD_002,ORD,MFG,MsgBus,Async,Warning,ORD_AUTH_003,Order service authentication token expired (correlated with upstream failure on IF_PAY_001),Authentication,1531,SESS_19675f06bd76,REQ_2e8c1a99da5c4f15,2026-09-15 12:43:56
EVT_002655,IF_ASM_002,ASM,DLV,API,REST,Failed,ASM_CAP_003,Assembly line at maximum capacity,Capacity,1088,SESS_b7c93acfe059,REQ_b70c4260ed9149b8,2026-09-15 12:45:12
EVT_001219,IF_ORD_003,ORD,MFG,API,REST,Failed,ORD_DB_001,Order database connection timeout (correlated with upstream failure on IF_PAY_001),Database,5767,SESS_19675f06bd76,REQ_db79d35a2dec4852,2026-09-15 12:46:18
EVT_001661,IF_MFG_003,MFG,ASM,MsgBus,CDC,Warning,MFG_QC_003,Quality check parameters out of tolerance,Validation,1416,SESS_4f77a665ac3c,REQ_15cd30417a7243d2,2026-09-15 12:47:09
EVT_000939,IF_ORD_002,ORD,MFG,MsgBus,Async,Failed,ORD_DB_001,Order database connection timeout,Database,3898,SESS_ab3b4d37560c,REQ_cb45f27c9d094dd8,2026-09-15 12:48:14
EVT_002296,IF_ASM_001,ASM,DLV,MsgBus,Async,Warning,ASM_DB_002,Assembly tracking database update failed,Database,3564,SESS_a97065e18e46,REQ_dc104a58bce343f9,2026-09-15 12:51:31
EVT_001187,IF_ORD_003,ORD,MFG,API,REST,Warning,ORD_AUTH_003,Order service authentication token expired,Authentication,1728,SESS_0323d342df6a,REQ_17b9618c641f4d4e,2026-09-15 12:54:21
EVT_000349,IF_PAY_001,PAY,ORD,API,REST,Failed,PAY_EXT_003,Payment processor external service error,ExternalService,6453,SESS_4fc777685ebb,REQ_1f764de5b8204cd9,2026-09-15 12:55:53
EVT_001217,IF_ORD_003,ORD,MFG,API,REST,Failed,ORD_NET_004,Network timeout while contacting order service,Network,7018,SESS_4ffca6b199b4,REQ_e1665706b65e4348,2026-09-15 12:58:57
EVT_002269,IF_ASM_001,ASM,DLV,MsgBus,Async,Failed,ASM_NET_004,Assembly station network connectivity lost,Network,2397,SESS_d36357b66f81,REQ_c925c4218b3b416f,2026-09-15 13:01:38
EVT_000401,IF_PAY_001,PAY,ORD,API,REST,Failed,PAY_EXT_003,Payment processor external service error,ExternalService,2895,SESS_8441aefd0299,REQ_8f0cffe4e05b42e8,2026-09-15 13:05:30
EVT_001247,IF_ORD_003,ORD,MFG,API,REST,Warning,ORD_AUTH_003,Order service authentication token expired,Authentication,243,SESS_1dad09b252c2,REQ_ae0e7c47cf414df3,2026-09-15 13:05:32
EVT_000490,IF_PAY_001,PAY,ORD,API,REST,Failed,PAY_EXT_003,Payment processor external service error,ExternalService,4401,SESS_c16d83edad81,REQ_6205d7d5ebc549d3,2026-09-15 13:08:30
EVT_001203,IF_ORD_003,ORD,MFG,API,REST,Warning,ORD_VAL_002,Order validation failed due to missing required field (correlated with upstream failure on IF_PAY_001),Validation,1430,SESS_8441aefd0299,REQ_e94029d4168a4f98,2026-09-15 13:09:03
EVT_002635,IF_ASM_002,ASM,DLV,API,REST,Warning,ASM_COMP_001,Assembly component mismatch detected,Validation,598,SESS_46c8adfe7bf4,REQ_6a5afd6ca78d4743,2026-09-15 13:10:16
EVT_000409,IF_PAY_001,PAY,ORD,API,REST,Failed,PAY_EXT_003,Payment processor external service error,ExternalService,4778,SESS_67f48ad54d0b,REQ_c9544fe20d16441e,2026-09-15 13:10:36
EVT_001304,IF_MFG_001,MFG,ASM,MsgBus,Async,Warning,MFG_QC_003,Quality check parameters out of tolerance,Validation,598,SESS_a8f7ef5a060e,REQ_d2d9e7bba39246f2,2026-09-15 13:11:57
EVT_001868,IF_PRC_001,PRC,MFG,ESB,SOAP,Warning,PRC_CFG_003,Procurement routing configuration invalid,Configuration,1595,SESS_5e781fd794e0,REQ_c34ab873b26643c4,2026-09-15 13:12:12
EVT_002484,IF_ASM_002,ASM,DLV,API,REST,Warning,ASM_COMP_001,Assembly component mismatch detected,Validation,154,SESS_74672cd9362f,REQ_98565cd3d6c04e88,2026-09-15 13:13:43
EVT_000319,IF_ORD_001,ORD,PAY,API,REST,Failed,ORD_DB_001,Order database connection timeout,Database,5745,SESS_5ca260c9eb76,REQ_ed7579a2622d4ae1,2026-09-15 13:14:08
EVT_002099,IF_PRC_002,PRC,ASM,Batch,Batch,Failed,PRC_PO_001,Purchase order rejected by supplier system,ExternalService,3359,SESS_859131d2bbda,REQ_db7c21cef4d94380,2026-09-15 13:18:27
EVT_002689,IF_DLV_001,DLV,PAY,API,REST,Failed,DLV_DB_004,Delivery tracking database error,Database,5037,SESS_18dfbc3ca0d4,REQ_8eace75187e2474c,2026-09-15 13:18:47
EVT_001320,IF_MFG_001,MFG,ASM,MsgBus,Async,Failed,MFG_QC_003,Quality check parameters out of tolerance,Validation,1041,SESS_2031d750c40d,REQ_8a6768d0ca514cca,2026-09-15 13:21:34
EVT_002112,IF_PRC_002,PRC,ASM,Batch,Batch,Warning,PRC_AUTHZ_004,Procurement user lacks approval authorization,Authorization,2317,SESS_11ce5dd2b45e,REQ_e35a50fc820d4974,2026-09-15 13:22:00
EVT_000021,IF_ORD_001,ORD,PAY,API,REST,Failed,ORD_NET_004,Network timeout while contacting order service,Network,6888,SESS_473544f9ea83,REQ_f5575b0f4f094a76,2026-09-15 13:22:45
EVT_000263,IF_ORD_001,ORD,PAY,API,REST,Failed,ORD_DB_001,Order database connection timeout,Database,3531,SESS_e222b6a615bf,REQ_30ad170089394e91,2026-09-15 13:24:02
EVT_002472,IF_ASM_002,ASM,DLV,API,REST,Failed,ASM_NET_004,Assembly station network connectivity lost,Network,3986,SESS_533420e6d9d8,REQ_bceb5857f70c44a1,2026-09-15 13:26:40
EVT_002257,IF_ASM_001,ASM,DLV,MsgBus,Async,Failed,ASM_DB_002,Assembly tracking database update failed,Database,3679,SESS_076979d64477,REQ_37a8918bc4064bdb,2026-09-15 13:30:03
EVT_000932,IF_ORD_002,ORD,MFG,MsgBus,Async,Failed,ORD_VAL_002,Order validation failed due to missing required field,Validation,429,SESS_bb026576f512,REQ_8224c8f54748491c,2026-09-15 13:30:30
EVT_001694,IF_MFG_003,MFG,ASM,MsgBus,CDC,Warning,MFG_CAP_004,Manufacturing queue capacity exceeded,Capacity,1010,SESS_67f48ad54d0b,REQ_569cb3a004ce4e60,2026-09-15 13:35:53
EVT_001806,IF_MFG_004,MFG,PRC,MsgBus,Async,Warning,MFG_QC_003,Quality check parameters out of tolerance,Validation,370,SESS_4b5305e517d2,REQ_998d794e9c124d28,2026-09-15 13:40:06
EVT_000002,IF_ORD_001,ORD,PAY,API,REST,Failed,ORD_DB_001,Order database connection timeout,Database,3451,SESS_21a4344fbb7b,REQ_df4c3b37bb5a437d,2026-09-15 13:48:36
EVT_001388,IF_MFG_001,MFG,ASM,MsgBus,Async,Warning,MFG_QC_003,Quality check parameters out of tolerance,Validation,1268,SESS_7bfdcc1289e0,REQ_15336d8c4ba74cae,2026-09-15 13:49:07
EVT_000748,IF_PAY_002,PAY,ORD,ESB,CDC,Warning,PAY_AUTH_001,Payment gateway authentication failed,Authentication,1783,SESS_dc0f2fcfb3f6,REQ_b30222bc6f5d4e4d,2026-09-15 13:50:44
EVT_001551,IF_MFG_002,MFG,ASM,API,REST,Failed,MFG_QC_003,Quality check parameters out of tolerance,Validation,1729,SESS_da587e8aa25d,REQ_b00271d12fd244cc,2026-09-15 13:52:06
EVT_002721,IF_DLV_001,DLV,PAY,API,REST,Failed,DLV_DB_004,Delivery tracking database error,Database,2799,SESS_4dd8eb85b04d,REQ_38ee376378684943,2026-09-15 13:54:48
EVT_001995,IF_PRC_001,PRC,MFG,ESB,SOAP,Failed,PRC_MAT_002,Material availability check timed out,Timeout,8720,SESS_1b19d8b8d830,REQ_126cb4e6c24843d5,2026-09-15 13:59:29
EVT_002294,IF_ASM_001,ASM,DLV,MsgBus,Async,Failed,ASM_DB_002,Assembly tracking database update failed,Database,3834,SESS_fb02bebb4872,REQ_ae668c8e69984004,2026-09-15 13:59:54
EVT_001411,IF_MFG_001,MFG,ASM,MsgBus,Async,Failed,MFG_MACHINE_001,Manufacturing machine controller not responding,Infrastructure,1527,SESS_acf5e81e7131,REQ_5a96fdbbf2f248d6,2026-09-15 14:00:07
EVT_002146,IF_PRC_002,PRC,ASM,Batch,Batch,Warning,PRC_AUTHZ_004,Procurement user lacks approval authorization,Authorization,699,SESS_561e16d16105,REQ_d338fb07b91b40fe,2026-09-15 14:01:07
EVT_001047,IF_ORD_002,ORD,MFG,MsgBus,Async,Failed,ORD_NET_004,Network timeout while contacting order service,Network,5049,SESS_a99f131849c8,REQ_2476b6dd980544c5,2026-09-15 14:02:20
EVT_001281,IF_ORD_003,ORD,MFG,API,REST,Warning,ORD_AUTH_003,Order service authentication token expired,Authentication,1984,SESS_acf5e81e7131,REQ_cff38d3df7114bab,2026-09-15 14:03:47
EVT_000485,IF_PAY_001,PAY,ORD,API,REST,Failed,PAY_EXT_003,Payment processor external service error,ExternalService,4994,SESS_dc45d539c03f,REQ_0c58399d10e74f1e,2026-09-15 14:04:35
EVT_000076,IF_ORD_001,ORD,PAY,API,REST,Failed,ORD_NET_004,Network timeout while contacting order service,Network,2952,SESS_ec24a3c5c754,REQ_d7d30fe7e5fe47b0,2026-09-15 14:05:57
EVT_002468,IF_ASM_002,ASM,DLV,API,REST,Failed,ASM_DB_002,Assembly tracking database update failed,Database,8244,SESS_2369b584ff5e,REQ_2e11951f3ff148a8,2026-09-15 14:05:58
EVT_002841,IF_DLV_001,DLV,PAY,API,REST,Warning,DLV_CFG_002,Delivery zone configuration mismatch,Configuration,858,SESS_21e8ac6843e4,REQ_b6df6898cdf44fa6,2026-09-15 14:07:58
EVT_002637,IF_ASM_002,ASM,DLV,API,REST,Warning,ASM_COMP_001,Assembly component mismatch detected (correlated with upstream failure on IF_ASM_001),Validation,1401,SESS_fb02bebb4872,REQ_b826c21d5bf64c2c,2026-09-15 14:09:08
EVT_001190,IF_ORD_003,ORD,MFG,API,REST,Warning,ORD_AUTH_003,Order service authentication token expired,Authentication,1839,SESS_e3b137fc0a34,REQ_56b80952709840aa,2026-09-15 14:11:34
EVT_001842,IF_PRC_001,PRC,MFG,ESB,SOAP,Warning,PRC_AUTHZ_004,Procurement user lacks approval authorization,Authorization,1850,SESS_a6348e784d5c,REQ_d0ccb99bc00447b8,2026-09-15 14:12:21
EVT_000625,IF_PAY_001,PAY,ORD,API,REST,Failed,PAY_EXT_003,Payment processor external service error,ExternalService,6596,SESS_32ebd6899be5,REQ_9a9291b1280a4c3b,2026-09-15 14:12:39
EVT_001875,IF_PRC_001,PRC,MFG,ESB,SOAP,Failed,PRC_MAT_002,Material availability check timed out,Timeout,4587,SESS_2dea94930658,REQ_ce8b9587b031403f,2026-09-15 14:14:27
EVT_001714,IF_MFG_003,MFG,ASM,MsgBus,CDC,Failed,MFG_MACHINE_001,Manufacturing machine controller not responding,Infrastructure,800,SESS_b27c40266703,REQ_a40d692bba3142b0,2026-09-15 14:14:43
EVT_001523,IF_MFG_002,MFG,ASM,API,REST,Warning,MFG_QC_003,Quality check parameters out of tolerance,Validation,896,SESS_d777a4774c66,REQ_fc4c840392464856,2026-09-15 14:15:23
EVT_000071,IF_ORD_001,ORD,PAY,API,REST,Failed,ORD_NET_004,Network timeout while contacting order service,Network,4700,SESS_7c5308bf6f92,REQ_fe47c6a890f34479,2026-09-15 14:16:41
EVT_001673,IF_MFG_003,MFG,ASM,MsgBus,CDC,Failed,MFG_QC_003,Quality check parameters out of tolerance,Validation,1892,SESS_479d0cdaf396,REQ_871ed60e01734549,2026-09-15 14:19:20
EVT_002419,IF_ASM_001,ASM,DLV,MsgBus,Async,Failed,ASM_NET_004,Assembly station network connectivity lost,Network,2932,SESS_ba0266efbe05,REQ_5d48ade5cc8b4ae2,2026-09-15 14:20:20
EVT_000195,IF_ORD_001,ORD,PAY,API,REST,Failed,ORD_NET_004,Network timeout while contacting order service,Network,2717,SESS_72bb912d7da6,REQ_6cd57a3ef8ff4dba,2026-09-15 14:23:22
EVT_000242,IF_ORD_001,ORD,PAY,API,REST,Warning,ORD_AUTH_003,Order service authentication token expired,Authentication,1143,SESS_379efc6e5edb,REQ_0353fc3ef0d84bee,2026-09-15 14:27:42
EVT_001691,IF_MFG_003,MFG,ASM,MsgBus,CDC,Warning,MFG_QC_003,Quality check parameters out of tolerance,Validation,1222,SESS_e6d5901d8b62,REQ_5ea14c1204b64a92,2026-09-15 14:30:33
EVT_002933,IF_DLV_001,DLV,PAY,API,REST,Warning,DLV_CFG_002,Delivery zone configuration mismatch,Configuration,727,SESS_dd81b7f57d59,REQ_56cefd02ef9b4bee,2026-09-15 14:31:32
EVT_001821,IF_MFG_004,MFG,PRC,MsgBus,Async,Failed,MFG_DB_002,Manufacturing execution database write failure,Database,8263,SESS_637e4b0122ba,REQ_6fcca4bc0236405f,2026-09-15 14:33:34
EVT_000815,IF_ORD_002,ORD,MFG,MsgBus,Async,Failed,ORD_NET_004,Network timeout while contacting order service,Network,7356,SESS_b6aae05b13d5,REQ_f8ebc4858d8645b5,2026-09-15 14:35:13
EVT_000755,IF_PAY_002,PAY,ORD,ESB,CDC,Failed,PAY_EXT_003,Payment processor external service error,ExternalService,4240,SESS_28be9288e5af,REQ_b48e2b27e62641d5,2026-09-15 14:40:53
EVT_002971,IF_DLV_001,DLV,PAY,API,REST,Warning,DLV_CFG_002,Delivery zone configuration mismatch,Configuration,789,SESS_8268690ba438,REQ_cb2c07e916354f38,2026-09-15 14:47:16
EVT_002033,IF_PRC_001,PRC,MFG,ESB,SOAP,Failed,PRC_PO_001,Purchase order rejected by supplier system,ExternalService,3063,SESS_570210496a39,REQ_876b1d8d610746ec,2026-09-15 14:48:37
EVT_000150,IF_ORD_001,ORD,PAY,API,REST,Failed,ORD_DB_001,Order database connection timeout,Database,6533,SESS_4b7e6b3c87d2,REQ_81128bb418ba4dc1,2026-09-15 14:48:57
EVT_000262,IF_ORD_001,ORD,PAY,API,REST,Warning,ORD_AUTH_003,Order service authentication token expired,Authentication,1626,SESS_5e781fd794e0,REQ_ade19c1ba3644257,2026-09-15 14:49:46
EVT_000007,IF_ORD_001,ORD,PAY,API,REST,Failed,ORD_NET_004,Network timeout while contacting order service,Network,5348,SESS_f6e07cc06c52,REQ_114244b9e86242d1,2026-09-15 14:50:40
EVT_001268,IF_ORD_003,ORD,MFG,API,REST,Warning,ORD_VAL_002,Order validation failed due to missing required field,Validation,1888,SESS_2999b735dd56,REQ_ab9ccb66778343f8,2026-09-15 14:52:39
EVT_001989,IF_PRC_001,PRC,MFG,ESB,SOAP,Failed,PRC_PO_001,Purchase order rejected by supplier system,ExternalService,5219,SESS_7a1b58066160,REQ_0ad1b57d01d7483a,2026-09-15 14:53:12
EVT_002701,IF_DLV_001,DLV,PAY,API,REST,Failed,DLV_TIME_003,Carrier API response timeout,Timeout,6527,SESS_3108d4482f65,REQ_2cf43c50086a46db,2026-09-15 14:53:22
EVT_001184,IF_ORD_003,ORD,MFG,API,REST,Failed,ORD_NET_004,Network timeout while contacting order service,Network,3181,SESS_32ebd6899be5,REQ_e171b2c7cdce47af,2026-09-15 14:55:00
EVT_002394,IF_ASM_001,ASM,DLV,MsgBus,Async,Warning,ASM_COMP_001,Assembly component mismatch detected,Validation,1447,SESS_88bc539c9f4c,REQ_674624dbe84040e9,2026-09-15 14:57:45
EVT_001271,IF_ORD_003,ORD,MFG,API,REST,Failed,ORD_AUTH_003,Order service authentication token expired,Authentication,545,SESS_54b4a4826858,REQ_8f71607b52584498,2026-09-15 15:01:03
EVT_002475,IF_ASM_002,ASM,DLV,API,REST,Warning,ASM_COMP_001,Assembly component mismatch detected,Validation,1740,SESS_b83cfe0be037,REQ_1981d3b573c84e06,2026-09-15 15:01:34
EVT_002820,IF_DLV_001,DLV,PAY,API,REST,Failed,DLV_TIME_003,Carrier API response timeout,Timeout,6225,SESS_54fd9ad39716,REQ_f5901e9b1b614997,2026-09-15 15:01:34
EVT_002038,IF_PRC_001,PRC,MFG,ESB,SOAP,Failed,PRC_PO_001,Purchase order rejected by supplier system,ExternalService,5186,SESS_02627f731292,REQ_357bb7e201184155,2026-09-15 15:04:27
EVT_000565,IF_PAY_001,PAY,ORD,API,REST,Failed,PAY_TIME_004,Payment gateway response timeout,Timeout,4034,SESS_6dc7cac7fd72,REQ_7f874f294c8d47ec,2026-09-15 15:05:00
EVT_001577,IF_MFG_002,MFG,ASM,API,REST,Failed,MFG_MACHINE_001,Manufacturing machine controller not responding,Infrastructure,315,SESS_22f235f2e11b,REQ_06183629a1784086,2026-09-15 15:07:07
EVT_000009,IF_ORD_001,ORD,PAY,API,REST,Failed,ORD_NET_004,Network timeout while contacting order service,Network,4541,SESS_a56c0941fbf2,REQ_e8e6331c8bf440a3,2026-09-15 15:08:38
EVT_000596,IF_PAY_001,PAY,ORD,API,REST,Failed,PAY_TIME_004,Payment gateway response timeout,Timeout,6932,SESS_c34b9fbb8d4a,REQ_01a2916735814dfa,2026-09-15 15:08:56
EVT_000119,IF_ORD_001,ORD,PAY,API,REST,Warning,ORD_VAL_002,Order validation failed due to missing required field,Validation,303,SESS_97d7a560adb1,REQ_aba25845ccd5411b,2026-09-15 15:10:41
EVT_002477,IF_ASM_002,ASM,DLV,API,REST,Failed,ASM_NET_004,Assembly station network connectivity lost,Network,3662,SESS_ae8a781390e0,REQ_caa9a8379ff04d10,2026-09-15 15:12:15
EVT_000643,IF_PAY_002,PAY,ORD,ESB,CDC,Warning,PAY_AUTHZ_002,Payment authorization declined by issuer,Authorization,1721,SESS_f3b63fe1d184,REQ_cb1870c8f36246fc,2026-09-15 15:13:00
EVT_001671,IF_MFG_003,MFG,ASM,MsgBus,CDC,Failed,MFG_DB_002,Manufacturing execution database write failure,Database,8190,SESS_48f4ef125e99,REQ_79efd65527874325,2026-09-15 15:15:41
EVT_000693,IF_PAY_002,PAY,ORD,ESB,CDC,Failed,PAY_TIME_004,Payment gateway response timeout,Timeout,6812,SESS_c37459eef50b,REQ_8be62707c52e44cd,2026-09-15 15:17:12
EVT_000237,IF_ORD_001,ORD,PAY,API,REST,Failed,ORD_DB_001,Order database connection timeout,Database,2079,SESS_0a8381bec85a,REQ_f54267d3de3047ea,2026-09-15 15:21:22
EVT_001814,IF_MFG_004,MFG,PRC,MsgBus,Async,Failed,MFG_DB_002,Manufacturing execution database write failure,Database,2595,SESS_12e89d102871,REQ_d11253c560a54016,2026-09-15 15:23:05
EVT_002974,IF_DLV_001,DLV,PAY,API,REST,Warning,DLV_CFG_002,Delivery zone configuration mismatch,Configuration,856,SESS_be9d61ee18b8,REQ_22d507dd5fe7493c,2026-09-15 15:24:49
EVT_000125,IF_ORD_001,ORD,PAY,API,REST,Failed,ORD_NET_004,Network timeout while contacting order service,Network,7158,SESS_25b8fd4b32fa,REQ_ab8c1f08e234483f,2026-09-15 15:25:01
EVT_002106,IF_PRC_002,PRC,ASM,Batch,Batch,Failed,PRC_PO_001,Purchase order rejected by supplier system,ExternalService,6866,SESS_c16d83edad81,REQ_06eaca53e05c4384,2026-09-15 15:25:10
EVT_000079,IF_ORD_001,ORD,PAY,API,REST,Failed,ORD_DB_001,Order database connection timeout,Database,8273,SESS_22f235f2e11b,REQ_ff533001acf54269,2026-09-15 15:26:23
EVT_002961,IF_DLV_001,DLV,PAY,API,REST,Failed,DLV_TIME_003,Carrier API response timeout,Timeout,2272,SESS_e912b4bf86a4,REQ_2c9451a6818e4971,2026-09-15 15:26:36
EVT_000576,IF_PAY_001,PAY,ORD,API,REST,Failed,PAY_EXT_003,Payment processor external service error,ExternalService,3259,SESS_28df6ec4ce4a,REQ_5e35012b032245ca,2026-09-15 15:29:40
EVT_000741,IF_PAY_002,PAY,ORD,ESB,CDC,Failed,PAY_EXT_003,Payment processor external service error,ExternalService,5018,SESS_1723199dbf2c,REQ_6640c0d0f9ed468e,2026-09-15 15:30:32
EVT_001463,IF_MFG_001,MFG,ASM,MsgBus,Async,Failed,MFG_MACHINE_001,Manufacturing machine controller not responding,Infrastructure,573,SESS_27209bdf1c11,REQ_915b39df59df4d23,2026-09-15 15:31:27
EVT_000775,IF_ORD_002,ORD,MFG,MsgBus,Async,Warning,ORD_VAL_002,Order validation failed due to missing required field,Validation,1543,SESS_2dea94930658,REQ_883ec34815834975,2026-09-15 15:32:38
EVT_001610,IF_MFG_002,MFG,ASM,API,REST,Failed,MFG_CAP_004,Manufacturing queue capacity exceeded,Capacity,974,SESS_8e2007247d13,REQ_ce2925f6a8ff488a,2026-09-15 15:32:42
EVT_001238,IF_ORD_003,ORD,MFG,API,REST,Failed,ORD_NET_004,Network timeout while contacting order service (correlated with upstream failure on IF_PAY_001),Network,6525,SESS_28df6ec4ce4a,REQ_f4962e21a75b4ce3,2026-09-15 15:35:05
EVT_001180,IF_ORD_003,ORD,MFG,API,REST,Failed,ORD_DB_001,Order database connection timeout,Database,7899,SESS_a377f6f1d289,REQ_468364061592478c,2026-09-15 15:35:52
EVT_001584,IF_MFG_002,MFG,ASM,API,REST,Warning,MFG_QC_003,Quality check parameters out of tolerance,Validation,1729,SESS_1a84a51aa9d3,REQ_08c9d033e1c3479d,2026-09-15 15:38:22
EVT_000589,IF_PAY_001,PAY,ORD,API,REST,Failed,PAY_EXT_003,Payment processor external service error,ExternalService,7657,SESS_acf5e81e7131,REQ_25859d6552de4f1f,2026-09-15 15:39:19
EVT_002703,IF_DLV_001,DLV,PAY,API,REST,Warning,DLV_CFG_002,Delivery zone configuration mismatch,Configuration,920,SESS_f36cb62b892e,REQ_0ff6b9aa44ca4799,2026-09-15 15:40:19
EVT_000647,IF_PAY_002,PAY,ORD,ESB,CDC,Warning,PAY_AUTHZ_002,Payment authorization declined by issuer,Authorization,84,SESS_4c1f55ab7156,REQ_e9abc08e805f49a0,2026-09-15 15:41:03
EVT_000437,IF_PAY_001,PAY,ORD,API,REST,Failed,PAY_AUTH_001,Payment gateway authentication failed,Authentication,582,SESS_59a1120e1bb4,REQ_4c4f8fd9209c454b,2026-09-15 15:42:04
EVT_001377,IF_MFG_001,MFG,ASM,MsgBus,Async,Warning,MFG_QC_003,Quality check parameters out of tolerance,Validation,971,SESS_46c8adfe7bf4,REQ_7f2e338f7ab94136,2026-09-15 15:42:35
EVT_001789,IF_MFG_004,MFG,PRC,MsgBus,Async,Failed,MFG_DB_002,Manufacturing execution database write failure,Database,4127,SESS_00d4af597427,REQ_3f4dc9b411804746,2026-09-15 15:43:31
EVT_002233,IF_PRC_003,PRC,MFG,API,REST,Failed,PRC_PO_001,Purchase order rejected by supplier system,ExternalService,8965,SESS_714c7df4e434,REQ_2598cae34a914cda,2026-09-15 15:44:30
EVT_000639,IF_PAY_002,PAY,ORD,ESB,CDC,Failed,PAY_EXT_003,Payment processor external service error,ExternalService,5384,SESS_7b70c3b8a81f,REQ_7aa11750cbe74718,2026-09-15 15:48:25
EVT_000420,IF_PAY_001,PAY,ORD,API,REST,Failed,PAY_TIME_004,Payment gateway response timeout,Timeout,2796,SESS_36c59dacb4d7,REQ_70ee3e7ebb56450c,2026-09-15 15:49:29
EVT_000036,IF_ORD_001,ORD,PAY,API,REST,Failed,ORD_NET_004,Network timeout while contacting order service,Network,8974,SESS_21e8ac6843e4,REQ_c6937b00823846ad,2026-09-15 15:50:23
EVT_002020,IF_PRC_001,PRC,MFG,ESB,SOAP,Failed,PRC_PO_001,Purchase order rejected by supplier system,ExternalService,2140,SESS_2ef912766c00,REQ_60eed6dc62ac485d,2026-09-15 15:51:18
EVT_002932,IF_DLV_001,DLV,PAY,API,REST,Failed,DLV_CFG_002,Delivery zone configuration mismatch,Configuration,196,SESS_a377f6f1d289,REQ_0124c399961446b5,2026-09-15 15:51:43
EVT_002176,IF_PRC_002,PRC,ASM,Batch,Batch,Warning,PRC_CFG_003,Procurement routing configuration invalid,Configuration,1702,SESS_5ad5cf06364d,REQ_0c0518d73e3f4964,2026-09-15 15:54:02
EVT_002015,IF_PRC_001,PRC,MFG,ESB,SOAP,Failed,PRC_AUTHZ_004,Procurement user lacks approval authorization,Authorization,1994,SESS_cd4b69a99b68,REQ_82171537682c4c78,2026-09-15 15:54:53
EVT_001068,IF_ORD_002,ORD,MFG,MsgBus,Async,Failed,ORD_NET_004,Network timeout while contacting order service,Network,5053,SESS_e1e3db63ef7d,REQ_664dd8bffee74df6,2026-09-15 15:56:06
EVT_001800,IF_MFG_004,MFG,PRC,MsgBus,Async,Warning,MFG_QC_003,Quality check parameters out of tolerance,Validation,824,SESS_14a0bccb8a47,REQ_5af2d7d27d6b4197,2026-09-15 15:57:50
EVT_001550,IF_MFG_002,MFG,ASM,API,REST,Failed,MFG_CAP_004,Manufacturing queue capacity exceeded,Capacity,1812,SESS_8441aefd0299,REQ_963c63335d914b67,2026-09-15 15:58:23
EVT_000582,IF_PAY_001,PAY,ORD,API,REST,Failed,PAY_TIME_004,Payment gateway response timeout,Timeout,7541,SESS_bac7e2b96a7e,REQ_2ec5eb5ac1aa4aec,2026-09-15 15:59:31
EVT_002140,IF_PRC_002,PRC,ASM,Batch,Batch,Failed,PRC_PO_001,Purchase order rejected by supplier system,ExternalService,6465,SESS_eecf67d27491,REQ_f8f0f2658bc449da,2026-09-15 16:01:26
EVT_002995,IF_DLV_001,DLV,PAY,API,REST,Failed,DLV_TIME_003,Carrier API response timeout,Timeout,7531,SESS_df0f06cbcb9b,REQ_0dc18234a2984fd2,2026-09-15 16:05:11
EVT_002224,IF_PRC_003,PRC,MFG,API,REST,Failed,PRC_PO_001,Purchase order rejected by supplier system,ExternalService,2555,SESS_46fb7bf300b9,REQ_3798dda543f04f33,2026-09-15 16:05:27
EVT_001947,IF_PRC_001,PRC,MFG,ESB,SOAP,Warning,PRC_AUTHZ_004,Procurement user lacks approval authorization,Authorization,1425,SESS_38b8f24e56ea,REQ_2145d7d13a924f70,2026-09-15 16:07:36
EVT_000191,IF_ORD_001,ORD,PAY,API,REST,Failed,ORD_NET_004,Network timeout while contacting order service,Network,8461,SESS_23bed01d43cf,REQ_03b08f9e32274c3e,2026-09-15 16:14:10
EVT_000189,IF_ORD_001,ORD,PAY,API,REST,Failed,ORD_DB_001,Order database connection timeout,Database,8731,SESS_b683d2e6337e,REQ_4cc0123eb0124305,2026-09-15 16:14:43
EVT_000922,IF_ORD_002,ORD,MFG,MsgBus,Async,Failed,ORD_NET_004,Network timeout while contacting order service,Network,8589,SESS_c4bbb7a9d988,REQ_fb7992a337d64c3d,2026-09-15 16:16:08
EVT_002577,IF_ASM_002,ASM,DLV,API,REST,Failed,ASM_CAP_003,Assembly line at maximum capacity,Capacity,280,SESS_dc99e04cf0e9,REQ_343b46fd94ca42a5,2026-09-15 16:16:20
EVT_001205,IF_ORD_003,ORD,MFG,API,REST,Warning,ORD_AUTH_003,Order service authentication token expired,Authentication,499,SESS_19bad7aedf61,REQ_ba1c795b87204c7f,2026-09-15 16:17:26
EVT_002386,IF_ASM_001,ASM,DLV,MsgBus,Async,Warning,ASM_COMP_001,Assembly component mismatch detected,Validation,958,SESS_43ff50113d1a,REQ_14c3f3741ce14629,2026-09-15 16:17:28
EVT_002412,IF_ASM_001,ASM,DLV,MsgBus,Async,Failed,ASM_DB_002,Assembly tracking database update failed,Database,8895,SESS_5275eb9414ae,REQ_30084277126e4307,2026-09-15 16:17:44
EVT_000816,IF_ORD_002,ORD,MFG,MsgBus,Async,Failed,ORD_NET_004,Network timeout while contacting order service,Network,3275,SESS_17e011b7f810,REQ_7ae6b80b99fc4376,2026-09-15 16:23:09
EVT_002888,IF_DLV_001,DLV,PAY,API,REST,Warning,DLV_CFG_002,Delivery zone configuration mismatch,Configuration,1261,SESS_a53f8a28abf3,REQ_42e13a262e574acf,2026-09-15 16:24:15
EVT_002753,IF_DLV_001,DLV,PAY,API,REST,Warning,DLV_CFG_002,Delivery zone configuration mismatch,Configuration,1968,SESS_57c700aab7b5,REQ_d7254017657b4bd7,2026-09-15 16:26:04
EVT_002060,IF_PRC_002,PRC,ASM,Batch,Batch,Failed,PRC_PO_001,Purchase order rejected by supplier system,ExternalService,4574,SESS_fc3e058be0f3,REQ_35735b66c8de42ae,2026-09-15 16:26:28
EVT_002589,IF_ASM_002,ASM,DLV,API,REST,Failed,ASM_DB_002,Assembly tracking database update failed (correlated with upstream failure on IF_ASM_001),Database,7606,SESS_5275eb9414ae,REQ_4dcc497ebacf4e2f,2026-09-15 16:30:01
EVT_001294,IF_ORD_003,ORD,MFG,API,REST,Failed,ORD_VAL_002,Order validation failed due to missing required field,Validation,1594,SESS_687213f98d60,REQ_91188d1c8eb94491,2026-09-15 16:31:07
EVT_000038,IF_ORD_001,ORD,PAY,API,REST,Failed,ORD_DB_001,Order database connection timeout,Database,4533,SESS_13eecdc6ebd1,REQ_56fa305c4abe45a4,2026-09-15 16:33:26
EVT_002092,IF_PRC_002,PRC,ASM,Batch,Batch,Failed,PRC_MAT_002,Material availability check timed out,Timeout,3079,SESS_a95976636daa,REQ_3ea15453f35d4690,2026-09-15 16:34:57
EVT_002601,IF_ASM_002,ASM,DLV,API,REST,Failed,ASM_DB_002,Assembly tracking database update failed,Database,4250,SESS_95da75c1a211,REQ_5c36a3e7d33e4776,2026-09-15 16:41:25
EVT_001125,IF_ORD_003,ORD,MFG,API,REST,Warning,ORD_AUTH_003,Order service authentication token expired,Authentication,1009,SESS_47229389571a,REQ_f68a7d430ea64b81,2026-09-15 16:44:14
EVT_001549,IF_MFG_002,MFG,ASM,API,REST,Warning,MFG_QC_003,Quality check parameters out of tolerance,Validation,946,SESS_1723199dbf2c,REQ_39f02fb9424e4da0,2026-09-15 16:46:18
EVT_000749,IF_PAY_002,PAY,ORD,ESB,CDC,Warning,PAY_AUTH_001,Payment gateway authentication failed,Authentication,1398,SESS_1c6345ab6e0e,REQ_2a097304bed84e8f,2026-09-15 16:46:24
EVT_002444,IF_ASM_001,ASM,DLV,MsgBus,Async,Failed,ASM_NET_004,Assembly station network connectivity lost,Network,8010,SESS_b683d2e6337e,REQ_0b418d7a48cc4cff,2026-09-15 16:47:02
EVT_002338,IF_ASM_001,ASM,DLV,MsgBus,Async,Failed,ASM_CAP_003,Assembly line at maximum capacity,Capacity,877,SESS_50fd9d3f85d5,REQ_50922da795ff42f1,2026-09-15 16:48:02
EVT_000055,IF_ORD_001,ORD,PAY,API,REST,Failed,ORD_DB_001,Order database connection timeout,Database,6889,SESS_1b3dbd5ce9a1,REQ_0b6ec0763c1e4c4f,2026-09-15 16:49:37
EVT_002160,IF_PRC_002,PRC,ASM,Batch,Batch,Warning,PRC_AUTHZ_004,Procurement user lacks approval authorization,Authorization,2066,SESS_5e84f058d5a8,REQ_8cf0bf04c5264f4a,2026-09-15 16:51:42
EVT_002207,IF_PRC_003,PRC,MFG,API,REST,Warning,PRC_PO_001,Purchase order rejected by supplier system,ExternalService,6356,SESS_4f77a665ac3c,REQ_8130acd360c34d9a,2026-09-15 16:58:40
EVT_001166,IF_ORD_003,ORD,MFG,API,REST,Failed,ORD_NET_004,Network timeout while contacting order service,Network,8661,SESS_7656af7229d4,REQ_b513ed4f7b2a444f,2026-09-15 16:59:09
EVT_001147,IF_ORD_003,ORD,MFG,API,REST,Failed,ORD_NET_004,Network timeout while contacting order service,Network,2965,SESS_2c8d0e44e71e,REQ_df19cbabdc514b79,2026-09-15 16:59:21
EVT_001558,IF_MFG_002,MFG,ASM,API,REST,Failed,MFG_MACHINE_001,Manufacturing machine controller not responding,Infrastructure,486,SESS_6683e10796c0,REQ_aa0a22b63b954960,2026-09-15 16:59:36
EVT_001602,IF_MFG_002,MFG,ASM,API,REST,Failed,MFG_DB_002,Manufacturing execution database write failure,Database,3970,SESS_1ca35cfb04fc,REQ_2898f9581eef42cc,2026-09-15 17:01:02
EVT_002650,IF_ASM_002,ASM,DLV,API,REST,Failed,ASM_CAP_003,Assembly line at maximum capacity,Capacity,1481,SESS_22f235f2e11b,REQ_95c2f44eb2ed4c3a,2026-09-15 17:01:26
EVT_001059,IF_ORD_002,ORD,MFG,MsgBus,Async,Failed,ORD_DB_001,Order database connection timeout,Database,4334,SESS_2cd1586a2b84,REQ_9a4f83aa005d4fd3,2026-09-15 17:02:16
EVT_002149,IF_PRC_002,PRC,ASM,Batch,Batch,Warning,PRC_CFG_003,Procurement routing configuration invalid,Configuration,3760,SESS_7b70c3b8a81f,REQ_4ccafd8d94594e27,2026-09-15 17:04:29
EVT_001529,IF_MFG_002,MFG,ASM,API,REST,Failed,MFG_DB_002,Manufacturing execution database write failure (correlated with upstream failure on IF_ORD_002),Database,3457,SESS_2cd1586a2b84,REQ_bc9d137a6ad246d9,2026-09-15 17:05:17
EVT_001021,IF_ORD_002,ORD,MFG,MsgBus,Async,Failed,ORD_NET_004,Network timeout while contacting order service,Network,3725,SESS_3c1bdacc18e1,REQ_f74fe10375224fc9,2026-09-15 17:08:44
EVT_000792,IF_ORD_002,ORD,MFG,MsgBus,Async,Warning,ORD_AUTH_003,Order service authentication token expired,Authentication,302,SESS_5be4bf519269,REQ_929a0c6174924575,2026-09-15 17:10:08
EVT_000795,IF_ORD_002,ORD,MFG,MsgBus,Async,Failed,ORD_NET_004,Network timeout while contacting order service,Network,6111,SESS_b3aa7efe4458,REQ_d8989dde46894a15,2026-09-15 17:10:58
EVT_001745,IF_MFG_003,MFG,ASM,MsgBus,CDC,Failed,MFG_MACHINE_001,Manufacturing machine controller not responding,Infrastructure,1806,SESS_6142ea7d17be,REQ_3edc2d9275774b53,2026-09-15 17:11:51
EVT_002863,IF_DLV_001,DLV,PAY,API,REST,Failed,DLV_ROUTE_001,Delivery routing service unavailable,ExternalService,8059,SESS_7337c5997984,REQ_8e6482a2a4564b25,2026-09-15 17:15:06
EVT_000085,IF_ORD_001,ORD,PAY,API,REST,Failed,ORD_AUTH_003,Order service authentication token expired,Authentication,1262,SESS_e0b15abaa6a2,REQ_ed6e423f06f8403e,2026-09-15 17:15:19
EVT_001810,IF_MFG_004,MFG,PRC,MsgBus,Async,Failed,MFG_DB_002,Manufacturing execution database write failure,Database,2454,SESS_7c5308bf6f92,REQ_373899566b7d4aab,2026-09-15 17:17:06
EVT_001778,IF_MFG_004,MFG,PRC,MsgBus,Async,Failed,MFG_DB_002,Manufacturing execution database write failure,Database,6807,SESS_cdccc33aa943,REQ_6d11cdd99f2f4aa3,2026-09-15 17:17:46
EVT_000985,IF_ORD_002,ORD,MFG,MsgBus,Async,Failed,ORD_NET_004,Network timeout while contacting order service,Network,5349,SESS_40497b717d10,REQ_3f4586e267d142ce,2026-09-15 17:18:48
EVT_002311,IF_ASM_001,ASM,DLV,MsgBus,Async,Failed,ASM_CAP_003,Assembly line at maximum capacity,Capacity,1236,SESS_f2311f179586,REQ_ba5ceb91beba4dba,2026-09-15 17:18:57
EVT_002685,IF_DLV_001,DLV,PAY,API,REST,Failed,DLV_DB_004,Delivery tracking database error,Database,3689,SESS_0e8fa8e0284d,REQ_30ac2b18cae945d2,2026-09-15 17:19:39
EVT_001363,IF_MFG_001,MFG,ASM,MsgBus,Async,Warning,MFG_QC_003,Quality check parameters out of tolerance (correlated with upstream failure on IF_ORD_002),Validation,1447,SESS_40497b717d10,REQ_85ef77d08bd047d0,2026-09-15 17:20:59
EVT_002324,IF_ASM_001,ASM,DLV,MsgBus,Async,Failed,ASM_CAP_003,Assembly line at maximum capacity,Capacity,85,SESS_eadf50853fcb,REQ_e2fb70b7b4b14fa5,2026-09-15 17:21:04
EVT_001425,IF_MFG_001,MFG,ASM,MsgBus,Async,Warning,MFG_QC_003,Quality check parameters out of tolerance (correlated with upstream failure on IF_ORD_002),Validation,810,SESS_40497b717d10,REQ_e10b2ed0b9914362,2026-09-15 17:21:57
EVT_002684,IF_DLV_001,DLV,PAY,API,REST,Warning,DLV_CFG_002,Delivery zone configuration mismatch,Configuration,1072,SESS_c9e48e8c25c6,REQ_09c785e68dc74002,2026-09-15 17:25:40
EVT_001637,IF_MFG_002,MFG,ASM,API,REST,Warning,MFG_QC_003,Quality check parameters out of tolerance (correlated with upstream failure on IF_ORD_002),Validation,1854,SESS_40497b717d10,REQ_29a5057be81f4cdb,2026-09-15 17:26:38
EVT_002155,IF_PRC_002,PRC,ASM,Batch,Batch,Warning,PRC_CFG_003,Procurement routing configuration invalid,Configuration,1620,SESS_95da75c1a211,REQ_d34581067bdf44c4,2026-09-15 17:29:09
EVT_000506,IF_PAY_001,PAY,ORD,API,REST,Warning,PAY_AUTH_001,Payment gateway authentication failed,Authentication,395,SESS_8441aefd0299,REQ_b35de7de3ba84ccb,2026-09-15 17:30:07
EVT_000392,IF_PAY_001,PAY,ORD,API,REST,Warning,PAY_AUTHZ_002,Payment authorization declined by issuer,Authorization,1496,SESS_53a3dd5a4b8c,REQ_88b8ab5e3b4e4297,2026-09-15 17:33:31
EVT_000301,IF_ORD_001,ORD,PAY,API,REST,Failed,ORD_DB_001,Order database connection timeout,Database,5072,SESS_138d994c2b0a,REQ_c404b985782b4c12,2026-09-15 17:34:04
EVT_000995,IF_ORD_002,ORD,MFG,MsgBus,Async,Failed,ORD_AUTH_003,Order service authentication token expired,Authentication,469,SESS_6142ea7d17be,REQ_6542cc74c35a4392,2026-09-15 17:40:02
EVT_001804,IF_MFG_004,MFG,PRC,MsgBus,Async,Failed,MFG_QC_003,Quality check parameters out of tolerance,Validation,4693,SESS_60141de9f54a,REQ_72028a48d73a4817,2026-09-15 17:40:27
EVT_001944,IF_PRC_001,PRC,MFG,ESB,SOAP,Warning,PRC_AUTHZ_004,Procurement user lacks approval authorization,Authorization,1997,SESS_65a674c21273,REQ_4262d7d451024740,2026-09-15 17:42:58
EVT_000074,IF_ORD_001,ORD,PAY,API,REST,Failed,ORD_NET_004,Network timeout while contacting order service,Network,8204,SESS_a8b317fa18d0,REQ_3c4d3a67dd3d4616,2026-09-15 17:48:15
EVT_002779,IF_DLV_001,DLV,PAY,API,REST,Warning,DLV_CFG_002,Delivery zone configuration mismatch,Configuration,1782,SESS_5cae9610c72c,REQ_6756b28f78194299,2026-09-15 17:48:30
EVT_001795,IF_MFG_004,MFG,PRC,MsgBus,Async,Failed,MFG_CAP_004,Manufacturing queue capacity exceeded,Capacity,544,SESS_d701410d3f4b,REQ_3e27a582915e4066,2026-09-15 17:49:58
EVT_002300,IF_ASM_001,ASM,DLV,MsgBus,Async,Warning,ASM_COMP_001,Assembly component mismatch detected,Validation,1997,SESS_0d2b91efb897,REQ_415ef813e9284be2,2026-09-15 17:54:03
EVT_000488,IF_PAY_001,PAY,ORD,API,REST,Warning,PAY_AUTHZ_002,Payment authorization declined by issuer,Authorization,1718,SESS_1346d1a9f680,REQ_6ad12b9054464d66,2026-09-15 17:56:04
EVT_001174,IF_ORD_003,ORD,MFG,API,REST,Failed,ORD_NET_004,Network timeout while contacting order service,Network,2848,SESS_2112507c2cfa,REQ_6e04f77276094a71,2026-09-15 17:56:51
EVT_001841,IF_PRC_001,PRC,MFG,ESB,SOAP,Warning,PRC_CFG_003,Procurement routing configuration invalid,Configuration,1240,SESS_b00805cca7f3,REQ_4703686c3d154866,2026-09-15 18:06:08
EVT_001048,IF_ORD_002,ORD,MFG,MsgBus,Async,Warning,ORD_AUTH_003,Order service authentication token expired,Authentication,1053,SESS_a8f7ef5a060e,REQ_9074bc411d654156,2026-09-15 18:11:58
EVT_002982,IF_DLV_001,DLV,PAY,API,REST,Warning,DLV_ROUTE_001,Delivery routing service unavailable,ExternalService,8220,SESS_c9e48e8c25c6,REQ_c5aed3210662415e,2026-09-15 18:16:09
EVT_000042,IF_ORD_001,ORD,PAY,API,REST,Failed,ORD_DB_001,Order database connection timeout,Database,3402,SESS_62801c451043,REQ_fd0a7d84e61a4e19,2026-09-15 18:21:53
EVT_001512,IF_MFG_001,MFG,ASM,MsgBus,Async,Warning,MFG_QC_003,Quality check parameters out of tolerance,Validation,256,SESS_59a1120e1bb4,REQ_7cda6225512542b8,2026-09-15 18:23:00
EVT_001256,IF_ORD_003,ORD,MFG,API,REST,Failed,ORD_NET_004,Network timeout while contacting order service,Network,7937,SESS_2031d750c40d,REQ_8ca14661a6284605,2026-09-15 18:23:36
EVT_001565,IF_MFG_002,MFG,ASM,API,REST,Failed,MFG_CAP_004,Manufacturing queue capacity exceeded,Capacity,1846,SESS_f41ea3ac5fd2,REQ_92b3ef074b2648ef,2026-09-15 18:29:48
EVT_002116,IF_PRC_002,PRC,ASM,Batch,Batch,Failed,PRC_MAT_002,Material availability check timed out,Timeout,3463,SESS_8a4a0e2df22b,REQ_ec3b0dd2d57e48e2,2026-09-15 18:33:23
EVT_001263,IF_ORD_003,ORD,MFG,API,REST,Warning,ORD_VAL_002,Order validation failed due to missing required field,Validation,685,SESS_bfc00dc804f6,REQ_758a045614a746d7,2026-09-15 18:33:51
EVT_001199,IF_ORD_003,ORD,MFG,API,REST,Warning,ORD_VAL_002,Order validation failed due to missing required field,Validation,708,SESS_00d4af597427,REQ_33b74de5eb5243dd,2026-09-15 18:34:11
EVT_002486,IF_ASM_002,ASM,DLV,API,REST,Failed,ASM_DB_002,Assembly tracking database update failed,Database,5886,SESS_0f9aea4b8acd,REQ_2efc3a92ee52496c,2026-09-15 18:41:01
EVT_002733,IF_DLV_001,DLV,PAY,API,REST,Warning,DLV_CFG_002,Delivery zone configuration mismatch,Configuration,332,SESS_26286bfbe767,REQ_0b618e7d36b24555,2026-09-15 18:41:10
EVT_002874,IF_DLV_001,DLV,PAY,API,REST,Failed,DLV_DB_004,Delivery tracking database error (correlated with upstream failure on IF_ASM_002),Database,7107,SESS_0f9aea4b8acd,REQ_b799f1a1925d4449,2026-09-15 18:44:35
EVT_002312,IF_ASM_001,ASM,DLV,MsgBus,Async,Warning,ASM_COMP_001,Assembly component mismatch detected,Validation,1447,SESS_1c6345ab6e0e,REQ_002ad720345f4156,2026-09-15 18:45:37
EVT_002767,IF_DLV_001,DLV,PAY,API,REST,Warning,DLV_CFG_002,Delivery zone configuration mismatch (correlated with upstream failure on IF_ASM_002),Configuration,1238,SESS_0f9aea4b8acd,REQ_5f294f4a6be942b7,2026-09-15 18:45:48
EVT_002749,IF_DLV_001,DLV,PAY,API,REST,Failed,DLV_DB_004,Delivery tracking database error,Database,4948,SESS_edd4253b50f0,REQ_de96e6b58dbb4d05,2026-09-15 18:51:30
EVT_000607,IF_PAY_001,PAY,ORD,API,REST,Warning,PAY_AUTH_001,Payment gateway authentication failed,Authentication,885,SESS_1d4a3d81b3a7,REQ_1a2a47d9295d401a,2026-09-15 19:09:57
EVT_000315,IF_ORD_001,ORD,PAY,API,REST,Failed,ORD_AUTH_003,Order service authentication token expired,Authentication,454,SESS_7cfc9b793875,REQ_4e76713c3cb14874,2026-09-15 19:12:31
EVT_001755,IF_MFG_003,MFG,ASM,MsgBus,CDC,Failed,MFG_DB_002,Manufacturing execution database write failure,Database,4412,SESS_ab7f089acd5f,REQ_0e416bb645704c29,2026-09-15 19:14:08
EVT_002367,IF_ASM_001,ASM,DLV,MsgBus,Async,Failed,ASM_DB_002,Assembly tracking database update failed,Database,4112,SESS_ab7f089acd5f,REQ_f7f251c392924735,2026-09-15 19:19:35
EVT_000700,IF_PAY_002,PAY,ORD,ESB,CDC,Failed,PAY_EXT_003,Payment processor external service error,ExternalService,5249,SESS_431d029fac1e,REQ_b8cb30011a7b4071,2026-09-15 19:20:42
EVT_000421,IF_PAY_001,PAY,ORD,API,REST,Failed,PAY_EXT_003,Payment processor external service error,ExternalService,4977,SESS_0f6b40d09efb,REQ_43777925c95d4bb6,2026-09-15 19:21:50
EVT_000729,IF_PAY_002,PAY,ORD,ESB,CDC,Failed,PAY_EXT_003,Payment processor external service error,ExternalService,2101,SESS_683514f2ceb8,REQ_7d56f5c8325745ff,2026-09-15 19:25:45
EVT_000841,IF_ORD_002,ORD,MFG,MsgBus,Async,Failed,ORD_NET_004,Network timeout while contacting order service,Network,3537,SESS_ae270da702f0,REQ_a35b8c41c85e4c6e,2026-09-15 19:31:53
EVT_000577,IF_PAY_001,PAY,ORD,API,REST,Failed,PAY_TIME_004,Payment gateway response timeout,Timeout,4661,SESS_561e16d16105,REQ_64d6c2741a434b9b,2026-09-15 19:35:27
EVT_000086,IF_ORD_001,ORD,PAY,API,REST,Failed,ORD_DB_001,Order database connection timeout,Database,6560,SESS_c9e48e8c25c6,REQ_6d10261435c045cc,2026-09-15 19:40:43
EVT_001378,IF_MFG_001,MFG,ASM,MsgBus,Async,Warning,MFG_QC_003,Quality check parameters out of tolerance (correlated with upstream failure on IF_ORD_002),Validation,1423,SESS_ae270da702f0,REQ_25ebb637f4bf4fd3,2026-09-15 19:41:48
EVT_002183,IF_PRC_003,PRC,MFG,API,REST,Failed,PRC_MAT_002,Material availability check timed out,Timeout,3252,SESS_79e13ceab0cb,REQ_0245f4ff7a0c4315,2026-09-15 19:41:49
EVT_001186,IF_ORD_003,ORD,MFG,API,REST,Failed,ORD_DB_001,Order database connection timeout,Database,8846,SESS_3c835dc0d944,REQ_84751805c20e4fee,2026-09-15 19:46:07
EVT_000299,IF_ORD_001,ORD,PAY,API,REST,Warning,ORD_AUTH_003,Order service authentication token expired,Authentication,797,SESS_75a669814104,REQ_fa10eeacaad64122,2026-09-15 19:53:44
EVT_002416,IF_ASM_001,ASM,DLV,MsgBus,Async,Warning,ASM_CAP_003,Assembly line at maximum capacity,Capacity,481,SESS_cc6b66e5402a,REQ_7abf541cd44148eb,2026-09-15 19:58:05
EVT_002780,IF_DLV_001,DLV,PAY,API,REST,Failed,DLV_TIME_003,Carrier API response timeout,Timeout,6387,SESS_8a0b3c3336d8,REQ_afd80405b18d4d6a,2026-09-15 19:58:20
EVT_001154,IF_ORD_003,ORD,MFG,API,REST,Warning,ORD_NET_004,Network timeout while contacting order service,Network,5833,SESS_e222b6a615bf,REQ_5ce0eb314fe7414f,2026-09-15 20:00:04
EVT_000264,IF_ORD_001,ORD,PAY,API,REST,Failed,ORD_NET_004,Network timeout while contacting order service,Network,2046,SESS_1b3dbd5ce9a1,REQ_751d84fa5147411d,2026-09-15 20:02:09
EVT_002993,IF_DLV_001,DLV,PAY,API,REST,Warning,DLV_CFG_002,Delivery zone configuration mismatch,Configuration,358,SESS_5bc440f14b1a,REQ_ca79237963db40a0,2026-09-15 20:04:58
EVT_000450,IF_PAY_001,PAY,ORD,API,REST,Warning,PAY_AUTH_001,Payment gateway authentication failed,Authentication,1307,SESS_f27292b67621,REQ_718670f12ada4bf8,2026-09-15 20:05:54
EVT_001589,IF_MFG_002,MFG,ASM,API,REST,Warning,MFG_QC_003,Quality check parameters out of tolerance,Validation,1754,SESS_6a8a616fc3b2,REQ_1fd4e25866684671,2026-09-15 20:06:21
EVT_002613,IF_ASM_002,ASM,DLV,API,REST,Failed,ASM_DB_002,Assembly tracking database update failed,Database,2012,SESS_d248a9a7ac1a,REQ_8778712804e34b63,2026-09-15 20:06:52
EVT_001669,IF_MFG_003,MFG,ASM,MsgBus,CDC,Warning,MFG_QC_003,Quality check parameters out of tolerance,Validation,651,SESS_49a23a89e6b5,REQ_c55bb4f48e7b4ab3,2026-09-15 20:16:16
EVT_002493,IF_ASM_002,ASM,DLV,API,REST,Failed,ASM_DB_002,Assembly tracking database update failed,Database,4597,SESS_1165e2109854,REQ_3a995d7b062a4f0c,2026-09-15 20:18:07
EVT_000001,IF_ORD_001,ORD,PAY,API,REST,Failed,ORD_DB_001,Order database connection timeout,Database,8358,SESS_41992fdfb310,REQ_e33973a94bcf43cf,2026-09-15 20:28:01
EVT_002538,IF_ASM_002,ASM,DLV,API,REST,Failed,ASM_NET_004,Assembly station network connectivity lost,Network,2280,SESS_98b8e4cc1bc0,REQ_6062cf2b442e4916,2026-09-15 20:40:22
EVT_000539,IF_PAY_001,PAY,ORD,API,REST,Failed,PAY_TIME_004,Payment gateway response timeout,Timeout,8591,SESS_1d61fac36cd5,REQ_e79169095a4846d0,2026-09-15 20:45:54
EVT_001573,IF_MFG_002,MFG,ASM,API,REST,Failed,MFG_DB_002,Manufacturing execution database write failure,Database,3371,SESS_7656af7229d4,REQ_51fa7c59f63e4375,2026-09-15 20:47:22
EVT_002559,IF_ASM_002,ASM,DLV,API,REST,Warning,ASM_COMP_001,Assembly component mismatch detected,Validation,1260,SESS_50fd9d3f85d5,REQ_5cda3fc11a044737,2026-09-15 20:49:45
EVT_001283,IF_ORD_003,ORD,MFG,API,REST,Failed,ORD_DB_001,Order database connection timeout,Database,2985,SESS_f30a9e32aba4,REQ_fad229ef9ba74d04,2026-09-15 20:50:01
EVT_001451,IF_MFG_001,MFG,ASM,MsgBus,Async,Failed,MFG_MACHINE_001,Manufacturing machine controller not responding,Infrastructure,1661,SESS_fbddcf7c9c96,REQ_9746a31a5f1545ec,2026-09-15 20:54:59
EVT_001042,IF_ORD_002,ORD,MFG,MsgBus,Async,Warning,ORD_VAL_002,Order validation failed due to missing required field,Validation,710,SESS_57c700aab7b5,REQ_384cd084b43d4708,2026-09-15 20:55:12
EVT_001445,IF_MFG_001,MFG,ASM,MsgBus,Async,Failed,MFG_CAP_004,Manufacturing queue capacity exceeded,Capacity,197,SESS_78e3654bfaf1,REQ_ade0ab00eb804ec5,2026-09-15 21:04:06
EVT_001555,IF_MFG_002,MFG,ASM,API,REST,Warning,MFG_DB_002,Manufacturing execution database write failure,Database,5803,SESS_af2b99b4d9ac,REQ_947488ea1ffa41c6,2026-09-15 21:35:40
EVT_001116,IF_ORD_003,ORD,MFG,API,REST,Warning,ORD_VAL_002,Order validation failed due to missing required field,Validation,1679,SESS_f27292b67621,REQ_9dd52109a8d24569,2026-09-15 21:45:31
EVT_002198,IF_PRC_003,PRC,MFG,API,REST,Failed,PRC_MAT_002,Material availability check timed out,Timeout,7607,SESS_ae4c84ffa8c0,REQ_bd4a7e034a0b4b9d,2026-09-15 21:47:01
EVT_000542,IF_PAY_001,PAY,ORD,API,REST,Warning,PAY_AUTH_001,Payment gateway authentication failed,Authentication,1261,SESS_ab85fd595463,REQ_ee6f440d9ddf42d1,2026-09-15 21:47:29
EVT_001561,IF_MFG_002,MFG,ASM,API,REST,Failed,MFG_MACHINE_001,Manufacturing machine controller not responding,Infrastructure,2442,SESS_1d691fba5e18,REQ_0a0c5f8ab99242fe,2026-09-15 21:50:36
EVT_000641,IF_PAY_002,PAY,ORD,ESB,CDC,Warning,PAY_AUTH_001,Payment gateway authentication failed,Authentication,1798,SESS_0763fcd01f15,REQ_44f446a82fad489f,2026-09-15 22:07:29
EVT_000800,IF_ORD_002,ORD,MFG,MsgBus,Async,Failed,ORD_NET_004,Network timeout while contacting order service,Network,6300,SESS_bb5e4bcf15ed,REQ_844894b05fe647c8,2026-09-15 22:14:21
EVT_000587,IF_PAY_001,PAY,ORD,API,REST,Warning,PAY_AUTHZ_002,Payment authorization declined by issuer,Authorization,512,SESS_5be4bf519269,REQ_463e703baf804f54,2026-09-15 22:16:55
EVT_000229,IF_ORD_001,ORD,PAY,API,REST,Failed,ORD_NET_004,Network timeout while contacting order service,Network,2156,SESS_48f4ef125e99,REQ_d501164422ad4f8e,2026-09-15 22:25:56
EVT_001079,IF_ORD_002,ORD,MFG,MsgBus,Async,Failed,ORD_DB_001,Order database connection timeout,Database,8282,SESS_d701410d3f4b,REQ_504a936d72e5455c,2026-09-15 22:35:26
EVT_002248,IF_PRC_003,PRC,MFG,API,REST,Failed,PRC_MAT_002,Material availability check timed out,Timeout,3563,SESS_f84f16b3a79f,REQ_25102629ed964aa1,2026-09-15 22:40:54
EVT_002483,IF_ASM_002,ASM,DLV,API,REST,Failed,ASM_CAP_003,Assembly line at maximum capacity,Capacity,1677,SESS_3a9aca5e1761,REQ_1ad6c999a6794038,2026-09-15 22:49:29
EVT_001307,IF_MFG_001,MFG,ASM,MsgBus,Async,Failed,MFG_DB_002,Manufacturing execution database write failure,Database,2951,SESS_f6478986a391,REQ_bd520f81919143ba,2026-09-15 22:49:59
EVT_000910,IF_ORD_002,ORD,MFG,MsgBus,Async,Failed,ORD_NET_004,Network timeout while contacting order service,Network,2896,SESS_0710d430f071,REQ_3dc5af2e347941ae,2026-09-15 22:53:14
EVT_000448,IF_PAY_001,PAY,ORD,API,REST,Warning,PAY_AUTH_001,Payment gateway authentication failed,Authentication,1144,SESS_b683d2e6337e,REQ_dc40f9c247fb481e,2026-09-15 23:01:28
EVT_002845,IF_DLV_001,DLV,PAY,API,REST,Failed,DLV_TIME_003,Carrier API response timeout (correlated with upstream failure on IF_ASM_002),Timeout,2643,SESS_3a9aca5e1761,REQ_c27fcd7aadba4e78,2026-09-15 23:04:53
EVT_002447,IF_ASM_001,ASM,DLV,MsgBus,Async,Failed,ASM_DB_002,Assembly tracking database update failed (correlated with upstream failure on IF_MFG_001),Database,2844,SESS_f6478986a391,REQ_31777256bed74078,2026-09-15 23:05:14
EVT_001310,IF_MFG_001,MFG,ASM,MsgBus,Async,Failed,MFG_MACHINE_001,Manufacturing machine controller not responding,Infrastructure,1441,SESS_c1590f538a0f,REQ_189e779f96834f41,2026-09-15 23:23:35
EVT_001910,IF_PRC_001,PRC,MFG,ESB,SOAP,Failed,PRC_MAT_002,Material availability check timed out,Timeout,4145,SESS_ab3b4d37560c,REQ_b6b50e9bdd6a4520,2026-09-15 23:35:22
EVT_001360,IF_MFG_001,MFG,ASM,MsgBus,Async,Failed,MFG_CAP_004,Manufacturing queue capacity exceeded (correlated with upstream failure on IF_ORD_002),Capacity,1717,SESS_ab3b4d37560c,REQ_920da220c4a244b6,2026-09-15 23:44:23
EVT_000373,IF_PAY_001,PAY,ORD,API,REST,Failed,PAY_TIME_004,Payment gateway response timeout,Timeout,6495,SESS_276aa6ced507,REQ_b8c6773b496d49a7,2026-09-15 23:44:44
EVT_000081,IF_ORD_001,ORD,PAY,API,REST,Warning,ORD_VAL_002,Order validation failed due to missing required field,Validation,1570,SESS_8e867f3ca487,REQ_9fec1601acdd44e6,2026-09-16 00:01:19
EVT_002110,IF_PRC_002,PRC,ASM,Batch,Batch,Failed,PRC_PO_001,Purchase order rejected by supplier system,ExternalService,6848,SESS_b3aa7efe4458,REQ_285615695b564c29,2026-09-16 00:02:26
EVT_000010,IF_ORD_001,ORD,PAY,API,REST,Failed,ORD_NET_004,Network timeout while contacting order service,Network,8661,SESS_1dad09b252c2,REQ_5ae0d247bca340db,2026-09-16 00:06:05
EVT_001287,IF_ORD_003,ORD,MFG,API,REST,Failed,ORD_DB_001,Order database connection timeout,Database,3923,SESS_b303f438fe21,REQ_c27b17a71c23494e,2026-09-16 00:41:02
EVT_000405,IF_PAY_001,PAY,ORD,API,REST,Failed,PAY_TIME_004,Payment gateway response timeout,Timeout,6150,SESS_7f54a51101fa,REQ_50bb0546769a4f22,2026-09-16 00:43:21
EVT_002792,IF_DLV_001,DLV,PAY,API,REST,Failed,DLV_TIME_003,Carrier API response timeout,Timeout,4689,SESS_620e99d33b33,REQ_a77a397d4e9847c5,2026-09-16 00:57:48
EVT_000518,IF_PAY_001,PAY,ORD,API,REST,Warning,PAY_AUTH_001,Payment gateway authentication failed,Authentication,282,SESS_91e1aa9676f7,REQ_af74fc1acbc84e84,2026-09-16 01:13:45
EVT_002401,IF_ASM_001,ASM,DLV,MsgBus,Async,Failed,ASM_DB_002,Assembly tracking database update failed,Database,4646,SESS_f1eedba31343,REQ_675c595c6b5b48dd,2026-09-16 01:18:43
EVT_000438,IF_PAY_001,PAY,ORD,API,REST,Warning,PAY_AUTH_001,Payment gateway authentication failed,Authentication,1930,SESS_6fac16730ad4,REQ_95ad3a603cbb4289,2026-09-16 01:29:32
EVT_002512,IF_ASM_002,ASM,DLV,API,REST,Failed,ASM_DB_002,Assembly tracking database update failed (correlated with upstream failure on IF_ASM_001),Database,6646,SESS_f1eedba31343,REQ_b2e5db8d011e4caf,2026-09-16 01:34:12
EVT_002544,IF_ASM_002,ASM,DLV,API,REST,Failed,ASM_NET_004,Assembly station network connectivity lost,Network,5367,SESS_1bf90e27dc96,REQ_3695bdfae7044bac,2026-09-16 01:34:36
EVT_002331,IF_ASM_001,ASM,DLV,MsgBus,Async,Failed,ASM_CAP_003,Assembly line at maximum capacity,Capacity,429,SESS_e2817efdae84,REQ_a701be9df50c4194,2026-09-16 02:00:41
EVT_002069,IF_PRC_002,PRC,ASM,Batch,Batch,Failed,PRC_AUTHZ_004,Procurement user lacks approval authorization,Authorization,1031,SESS_683514f2ceb8,REQ_1f24c62dcbbb4762,2026-09-16 02:13:51
EVT_000991,IF_ORD_002,ORD,MFG,MsgBus,Async,Failed,ORD_VAL_002,Order validation failed due to missing required field,Validation,93,SESS_3ae88926b423,REQ_128f1a0472594ca9,2026-09-16 03:13:18
EVT_001303,IF_MFG_001,MFG,ASM,MsgBus,Async,Failed,MFG_MACHINE_001,Manufacturing machine controller not responding,Infrastructure,1480,SESS_859131d2bbda,REQ_3f6cffd355e142c8,2026-09-16 03:23:57
EVT_001914,IF_PRC_001,PRC,MFG,ESB,SOAP,Warning,PRC_CFG_003,Procurement routing configuration invalid,Configuration,928,SESS_49a23a89e6b5,REQ_c617037cf6734d3e,2026-09-16 04:07:40
EVT_001128,IF_ORD_003,ORD,MFG,API,REST,Warning,ORD_VAL_002,Order validation failed due to missing required field,Validation,1233,SESS_abf3ad39fec2,REQ_783018c05e784207,2026-09-16 04:08:34
EVT_000236,IF_ORD_001,ORD,PAY,API,REST,Failed,ORD_AUTH_003,Order service authentication token expired,Authentication,1030,SESS_f72ada9b2f32,REQ_912e305bf96c48ab,2026-09-16 04:18:23
EVT_002757,IF_DLV_001,DLV,PAY,API,REST,Failed,DLV_TIME_003,Carrier API response timeout,Timeout,3412,SESS_0710d430f071,REQ_383c8f2e9e6d4eea,2026-09-16 04:34:57
EVT_000715,IF_PAY_002,PAY,ORD,ESB,CDC,Warning,PAY_AUTHZ_002,Payment authorization declined by issuer,Authorization,730,SESS_3dc9829015ea,REQ_f0b5b6f7c3904d62,2026-09-16 04:50:26
EVT_000652,IF_PAY_002,PAY,ORD,ESB,CDC,Warning,PAY_AUTHZ_002,Payment authorization declined by issuer,Authorization,568,SESS_ab3b4d37560c,REQ_73d239d2f8b24215,2026-09-16 05:21:33
EVT_001426,IF_MFG_001,MFG,ASM,MsgBus,Async,Failed,MFG_DB_002,Manufacturing execution database write failure,Database,3122,SESS_96a402f23ae8,REQ_1dad3f8caae24386,2026-09-16 05:29:26
EVT_002152,IF_PRC_002,PRC,ASM,Batch,Batch,Warning,PRC_CFG_003,Procurement routing configuration invalid,Configuration,3926,SESS_ab7f089acd5f,REQ_0f7b725ea38645ae,2026-09-16 05:30:03
EVT_002572,IF_ASM_002,ASM,DLV,API,REST,Failed,ASM_DB_002,Assembly tracking database update failed,Database,4543,SESS_1ac70ec0ab8d,REQ_b5eac8f4fa4943d5,2026-09-16 05:30:43
EVT_001960,IF_PRC_001,PRC,MFG,ESB,SOAP,Failed,PRC_PO_001,Purchase order rejected by supplier system,ExternalService,6713,SESS_72ff5d2a386e,REQ_0273ead6f1ee4841,2026-09-16 05:31:25
EVT_002339,IF_ASM_001,ASM,DLV,MsgBus,Async,Warning,ASM_COMP_001,Assembly component mismatch detected (correlated with upstream failure on IF_MFG_001),Validation,508,SESS_96a402f23ae8,REQ_614d4bbb70df40c9,2026-09-16 05:35:44
EVT_000557,IF_PAY_001,PAY,ORD,API,REST,Failed,PAY_TIME_004,Payment gateway response timeout,Timeout,5713,SESS_d450281c6c6f,REQ_43dcefd1e5ee4be3,2026-09-16 05:41:11
EVT_000742,IF_PAY_002,PAY,ORD,ESB,CDC,Warning,PAY_AUTHZ_002,Payment authorization declined by issuer,Authorization,114,SESS_19675f06bd76,REQ_e3685b62aa544ce4,2026-09-16 05:51:47
EVT_000174,IF_ORD_001,ORD,PAY,API,REST,Failed,ORD_DB_001,Order database connection timeout,Database,6770,SESS_c16d83edad81,REQ_66fc3e48fc924eee,2026-09-16 06:04:12
EVT_000945,IF_ORD_002,ORD,MFG,MsgBus,Async,Warning,ORD_NET_004,Network timeout while contacting order service,Network,5502,SESS_3b048a8b405b,REQ_00f5d04c66334984,2026-09-16 06:05:08
EVT_000112,IF_ORD_001,ORD,PAY,API,REST,Failed,ORD_NET_004,Network timeout while contacting order service,Network,5449,SESS_c9e48e8c25c6,REQ_2c35cc6348c24dc9,2026-09-16 06:16:15
EVT_000885,IF_ORD_002,ORD,MFG,MsgBus,Async,Warning,ORD_AUTH_003,Order service authentication token expired,Authentication,845,SESS_e32f2e63b7fd,REQ_0ef8df426d9f41b5,2026-09-16 06:23:12
EVT_000452,IF_PAY_001,PAY,ORD,API,REST,Warning,PAY_AUTHZ_002,Payment authorization declined by issuer,Authorization,607,SESS_b7e6427cbf78,REQ_fe3151ecb5344e79,2026-09-16 06:24:21
EVT_001210,IF_ORD_003,ORD,MFG,API,REST,Failed,ORD_VAL_002,Order validation failed due to missing required field,Validation,251,SESS_5e84f058d5a8,REQ_9e09b9f0979d4313,2026-09-16 06:27:39
EVT_000527,IF_PAY_001,PAY,ORD,API,REST,Failed,PAY_AUTH_001,Payment gateway authentication failed,Authentication,283,SESS_22f235f2e11b,REQ_b7b8a57b084744f8,2026-09-16 06:43:01
EVT_002305,IF_ASM_001,ASM,DLV,MsgBus,Async,Warning,ASM_COMP_001,Assembly component mismatch detected (correlated with upstream failure on IF_MFG_001),Validation,1858,SESS_9475dbc99641,REQ_4e7f9e1174ae450b,2026-09-16 06:44:58
EVT_001404,IF_MFG_001,MFG,ASM,MsgBus,Async,Failed,MFG_DB_002,Manufacturing execution database write failure,Database,8183,SESS_076979d64477,REQ_bab7decdffbe4b3e,2026-09-16 06:45:35
EVT_000528,IF_PAY_001,PAY,ORD,API,REST,Warning,PAY_AUTHZ_002,Payment authorization declined by issuer,Authorization,1353,SESS_acc216a01bbc,REQ_561201d7f7b24f62,2026-09-16 06:48:33
EVT_000540,IF_PAY_001,PAY,ORD,API,REST,Failed,PAY_TIME_004,Payment gateway response timeout,Timeout,5498,SESS_f36cb62b892e,REQ_d211cedf86ce4859,2026-09-16 06:52:19
EVT_001134,IF_ORD_003,ORD,MFG,API,REST,Failed,ORD_AUTH_003,Order service authentication token expired,Authentication,818,SESS_a56c0941fbf2,REQ_a543cb4d71414014,2026-09-16 06:54:41
EVT_001158,IF_ORD_003,ORD,MFG,API,REST,Failed,ORD_NET_004,Network timeout while contacting order service (correlated with upstream failure on IF_PAY_001),Network,3902,SESS_22f235f2e11b,REQ_9a1318a5b49544a4,2026-09-16 06:55:19
EVT_001684,IF_MFG_003,MFG,ASM,MsgBus,CDC,Failed,MFG_DB_002,Manufacturing execution database write failure,Database,4591,SESS_daf61a26146d,REQ_305f4f5e3da64b42,2026-09-16 07:00:12
EVT_000515,IF_PAY_001,PAY,ORD,API,REST,Failed,PAY_EXT_003,Payment processor external service error,ExternalService,5480,SESS_74f331034006,REQ_b1fffc129d124b9b,2026-09-16 07:01:49
EVT_000783,IF_ORD_002,ORD,MFG,MsgBus,Async,Failed,ORD_AUTH_003,Order service authentication token expired,Authentication,912,SESS_17e011b7f810,REQ_7f12f3fba0524fcb,2026-09-16 07:05:04
EVT_001088,IF_ORD_003,ORD,MFG,API,REST,Failed,ORD_NET_004,Network timeout while contacting order service (correlated with upstream failure on IF_PAY_001),Network,6257,SESS_74f331034006,REQ_e09411395271492a,2026-09-16 07:07:34
EVT_000556,IF_PAY_001,PAY,ORD,API,REST,Failed,PAY_TIME_004,Payment gateway response timeout,Timeout,7876,SESS_f6e07cc06c52,REQ_f3b0c519f4e14bcb,2026-09-16 07:10:44
EVT_002836,IF_DLV_001,DLV,PAY,API,REST,Failed,DLV_TIME_003,Carrier API response timeout,Timeout,2355,SESS_d2fe2fded918,REQ_1b7037b59385421a,2026-09-16 07:11:13
EVT_002526,IF_ASM_002,ASM,DLV,API,REST,Failed,ASM_NET_004,Assembly station network connectivity lost,Network,5610,SESS_e172b725db52,REQ_dd71da16efd542ed,2026-09-16 07:11:48
EVT_000480,IF_PAY_001,PAY,ORD,API,REST,Failed,PAY_TIME_004,Payment gateway response timeout,Timeout,8633,SESS_148f8b74a65b,REQ_18a659c188d048f0,2026-09-16 07:11:59
EVT_002047,IF_PRC_001,PRC,MFG,ESB,SOAP,Failed,PRC_AUTHZ_004,Procurement user lacks approval authorization,Authorization,1938,SESS_97d7a560adb1,REQ_6206bcc9ebee430f,2026-09-16 07:14:37
EVT_001943,IF_PRC_001,PRC,MFG,ESB,SOAP,Failed,PRC_MAT_002,Material availability check timed out,Timeout,8954,SESS_c9776598203c,REQ_160a4e89cf504aa4,2026-09-16 07:15:39
EVT_002555,IF_ASM_002,ASM,DLV,API,REST,Failed,ASM_DB_002,Assembly tracking database update failed,Database,8598,SESS_309d258c27a0,REQ_74bc82159d9f46f6,2026-09-16 07:19:11
EVT_000372,IF_PAY_001,PAY,ORD,API,REST,Warning,PAY_EXT_003,Payment processor external service error,ExternalService,2112,SESS_81e5c9f693f2,REQ_6029e8a07663459e,2026-09-16 07:22:17
EVT_000933,IF_ORD_002,ORD,MFG,MsgBus,Async,Warning,ORD_AUTH_003,Order service authentication token expired,Authentication,881,SESS_d261a7ab3aa2,REQ_d91628cde9e54e14,2026-09-16 07:26:52
EVT_000743,IF_PAY_002,PAY,ORD,ESB,CDC,Warning,PAY_AUTHZ_002,Payment authorization declined by issuer,Authorization,899,SESS_f30a9e32aba4,REQ_e70a2a39aea8409e,2026-09-16 07:27:59
EVT_000447,IF_PAY_001,PAY,ORD,API,REST,Warning,PAY_AUTHZ_002,Payment authorization declined by issuer,Authorization,766,SESS_157d94a106f0,REQ_2b0fc81cd65c4400,2026-09-16 07:41:37
EVT_002261,IF_ASM_001,ASM,DLV,MsgBus,Async,Warning,ASM_NET_004,Assembly station network connectivity lost,Network,3262,SESS_0dde29a6baa4,REQ_8398cf3e8580402f,2026-09-16 07:43:00
EVT_002344,IF_ASM_001,ASM,DLV,MsgBus,Async,Failed,ASM_DB_002,Assembly tracking database update failed,Database,4918,SESS_f84f16b3a79f,REQ_39f72e3438054821,2026-09-16 07:44:11
EVT_002585,IF_ASM_002,ASM,DLV,API,REST,Failed,ASM_NET_004,Assembly station network connectivity lost (correlated with upstream failure on IF_ASM_001),Network,8987,SESS_f84f16b3a79f,REQ_e7352fd67c714b61,2026-09-16 07:45:11
EVT_001537,IF_MFG_002,MFG,ASM,API,REST,Warning,MFG_QC_003,Quality check parameters out of tolerance,Validation,2832,SESS_894a05e430b1,REQ_e46eb1ded6414e28,2026-09-16 07:49:50
EVT_001707,IF_MFG_003,MFG,ASM,MsgBus,CDC,Failed,MFG_MACHINE_001,Manufacturing machine controller not responding,Infrastructure,1916,SESS_1bf90e27dc96,REQ_449fe165e84e47f1,2026-09-16 07:52:42
EVT_000722,IF_PAY_002,PAY,ORD,ESB,CDC,Warning,PAY_AUTH_001,Payment gateway authentication failed,Authentication,1640,SESS_f36cb62b892e,REQ_9f28261291c44260,2026-09-16 07:58:58
EVT_000834,IF_ORD_002,ORD,MFG,MsgBus,Async,Failed,ORD_DB_001,Order database connection timeout,Database,5906,SESS_142c3fe860e7,REQ_c0339f79186e4cd9,2026-09-16 08:04:27
EVT_002675,IF_ASM_002,ASM,DLV,API,REST,Warning,ASM_COMP_001,Assembly component mismatch detected,Validation,957,SESS_d46ef1041190,REQ_7d8c11aca263453d,2026-09-16 08:07:20
EVT_002533,IF_ASM_002,ASM,DLV,API,REST,Warning,ASM_COMP_001,Assembly component mismatch detected,Validation,1736,SESS_0dde29a6baa4,REQ_68bad33bb2514696,2026-09-16 08:07:53
EVT_000597,IF_PAY_001,PAY,ORD,API,REST,Warning,PAY_EXT_003,Payment processor external service error,ExternalService,8520,SESS_1bf90e27dc96,REQ_7177c9873aee4b1b,2026-09-16 08:13:18
EVT_001592,IF_MFG_002,MFG,ASM,API,REST,Warning,MFG_QC_003,Quality check parameters out of tolerance,Validation,841,SESS_9d9b62317d45,REQ_c04728dc23884f32,2026-09-16 08:15:16
EVT_002769,IF_DLV_001,DLV,PAY,API,REST,Failed,DLV_TIME_003,Carrier API response timeout,Timeout,2068,SESS_6dc7cac7fd72,REQ_23b4be5e20a9423a,2026-09-16 08:15:33
EVT_000181,IF_ORD_001,ORD,PAY,API,REST,Failed,ORD_NET_004,Network timeout while contacting order service,Network,4906,SESS_a99f131849c8,REQ_eff12cf03ae6492d,2026-09-16 08:15:37
EVT_002407,IF_ASM_001,ASM,DLV,MsgBus,Async,Failed,ASM_CAP_003,Assembly line at maximum capacity,Capacity,401,SESS_39e58ff092f8,REQ_71179bc40ea14e8a,2026-09-16 08:19:05
EVT_000803,IF_ORD_002,ORD,MFG,MsgBus,Async,Failed,ORD_DB_001,Order database connection timeout,Database,7480,SESS_15da705cd4ef,REQ_9c449ab190f5414c,2026-09-16 08:23:47
EVT_002927,IF_DLV_001,DLV,PAY,API,REST,Failed,DLV_ROUTE_001,Delivery routing service unavailable,ExternalService,5701,SESS_45b1ed25f153,REQ_546c07176dcb4ecf,2026-09-16 08:27:08
EVT_001441,IF_MFG_001,MFG,ASM,MsgBus,Async,Failed,MFG_CAP_004,Manufacturing queue capacity exceeded,Capacity,760,SESS_c7468f591b49,REQ_caccab4f042d407d,2026-09-16 08:27:31
EVT_002912,IF_DLV_001,DLV,PAY,API,REST,Warning,DLV_TIME_003,Carrier API response timeout,Timeout,6149,SESS_7b70c3b8a81f,REQ_3e7f5e9c98594d12,2026-09-16 08:28:45
EVT_000617,IF_PAY_001,PAY,ORD,API,REST,Warning,PAY_AUTHZ_002,Payment authorization declined by issuer,Authorization,1578,SESS_1346d1a9f680,REQ_ae7a7660d83c4aec,2026-09-16 08:32:08
EVT_000368,IF_PAY_001,PAY,ORD,API,REST,Failed,PAY_TIME_004,Payment gateway response timeout,Timeout,8339,SESS_ab05347fd556,REQ_92cf75ecf30f459a,2026-09-16 08:35:12
EVT_001488,IF_MFG_001,MFG,ASM,MsgBus,Async,Warning,MFG_DB_002,Manufacturing execution database write failure,Database,4796,SESS_5b9962c6e61f,REQ_ed657a3849f04a13,2026-09-16 08:37:48
EVT_000295,IF_ORD_001,ORD,PAY,API,REST,Warning,ORD_AUTH_003,Order service authentication token expired,Authentication,1310,SESS_4dd8eb85b04d,REQ_cd9ce635751c4440,2026-09-16 08:42:32
EVT_002317,IF_ASM_001,ASM,DLV,MsgBus,Async,Failed,ASM_COMP_001,Assembly component mismatch detected,Validation,355,SESS_a95976636daa,REQ_b4c9a4146a014ccf,2026-09-16 08:43:44
EVT_002987,IF_DLV_001,DLV,PAY,API,REST,Failed,DLV_ROUTE_001,Delivery routing service unavailable,ExternalService,8624,SESS_18dfbc3ca0d4,REQ_bd7bb6a69d3847b7,2026-09-16 08:53:57
EVT_002314,IF_ASM_001,ASM,DLV,MsgBus,Async,Warning,ASM_DB_002,Assembly tracking database update failed,Database,8313,SESS_e9c349e03602,REQ_ab4fcba0906645a1,2026-09-16 08:54:40
EVT_000066,IF_ORD_001,ORD,PAY,API,REST,Warning,ORD_DB_001,Order database connection timeout,Database,3434,SESS_cada4f80a9e7,REQ_3078a33b110c4288,2026-09-16 08:58:02
EVT_001532,IF_MFG_002,MFG,ASM,API,REST,Failed,MFG_CAP_004,Manufacturing queue capacity exceeded,Capacity,1663,SESS_4d6168bd2def,REQ_25d90332dab041af,2026-09-16 09:00:12
EVT_002774,IF_DLV_001,DLV,PAY,API,REST,Failed,DLV_TIME_003,Carrier API response timeout,Timeout,8020,SESS_9d77a45ef206,REQ_bc570309346144ca,2026-09-16 09:00:36
EVT_001956,IF_PRC_001,PRC,MFG,ESB,SOAP,Failed,PRC_PO_001,Purchase order rejected by supplier system,ExternalService,4416,SESS_4991ab9bebc2,REQ_9c0ef0c048f74ea5,2026-09-16 09:04:52
EVT_002745,IF_DLV_001,DLV,PAY,API,REST,Failed,DLV_DB_004,Delivery tracking database error,Database,7540,SESS_ab3b4d37560c,REQ_f6c5689c08e54b35,2026-09-16 09:05:40
EVT_002438,IF_ASM_001,ASM,DLV,MsgBus,Async,Failed,ASM_DB_002,Assembly tracking database update failed,Database,3133,SESS_6bc4123ebde1,REQ_191c61bd9b0c4b8b,2026-09-16 09:06:11
EVT_000380,IF_PAY_001,PAY,ORD,API,REST,Failed,PAY_EXT_003,Payment processor external service error,ExternalService,6759,SESS_d3d1bf0f56c4,REQ_21703bb705004a90,2026-09-16 09:08:19
EVT_000913,IF_ORD_002,ORD,MFG,MsgBus,Async,Failed,ORD_DB_001,Order database connection timeout,Database,3211,SESS_74672cd9362f,REQ_c53a089a316648ee,2026-09-16 09:09:22
EVT_001744,IF_MFG_003,MFG,ASM,MsgBus,CDC,Failed,MFG_DB_002,Manufacturing execution database write failure,Database,4648,SESS_7f671eec3da7,REQ_57457a05a1e642f5,2026-09-16 09:10:37
EVT_001656,IF_MFG_003,MFG,ASM,MsgBus,CDC,Warning,MFG_CAP_004,Manufacturing queue capacity exceeded,Capacity,2348,SESS_75a669814104,REQ_2c593837d3b243ca,2026-09-16 09:10:40
EVT_001483,IF_MFG_001,MFG,ASM,MsgBus,Async,Failed,MFG_CAP_004,Manufacturing queue capacity exceeded,Capacity,1246,SESS_610faa3ff0bb,REQ_ef63a32c66a24d14,2026-09-16 09:11:56
EVT_002326,IF_ASM_001,ASM,DLV,MsgBus,Async,Failed,ASM_NET_004,Assembly station network connectivity lost,Network,2006,SESS_168b1625746f,REQ_e93a676a2e38416c,2026-09-16 09:14:04
EVT_001544,IF_MFG_002,MFG,ASM,API,REST,Warning,MFG_MACHINE_001,Manufacturing machine controller not responding (correlated with upstream failure on IF_ORD_002),Infrastructure,1743,SESS_74672cd9362f,REQ_dd414a026c774a93,2026-09-16 09:18:11
EVT_001095,IF_ORD_003,ORD,MFG,API,REST,Warning,ORD_AUTH_003,Order service authentication token expired,Authentication,1384,SESS_29ec8e49d1bd,REQ_995d57749da04d15,2026-09-16 09:19:09
EVT_001109,IF_ORD_003,ORD,MFG,API,REST,Warning,ORD_VAL_002,Order validation failed due to missing required field,Validation,476,SESS_214f3f12cfd0,REQ_3082e7c1d78d4e69,2026-09-16 09:19:32
EVT_000602,IF_PAY_001,PAY,ORD,API,REST,Warning,PAY_AUTH_001,Payment gateway authentication failed,Authentication,422,SESS_cd4b69a99b68,REQ_5caa39b7c3894f00,2026-09-16 09:23:10
EVT_002357,IF_ASM_001,ASM,DLV,MsgBus,Async,Failed,ASM_CAP_003,Assembly line at maximum capacity,Capacity,1617,SESS_f36cb62b892e,REQ_1bb836d804f04263,2026-09-16 09:24:24
EVT_001689,IF_MFG_003,MFG,ASM,MsgBus,CDC,Warning,MFG_QC_003,Quality check parameters out of tolerance,Validation,832,SESS_664fa6637e8f,REQ_0158623ce42748f9,2026-09-16 09:26:35
EVT_002051,IF_PRC_001,PRC,MFG,ESB,SOAP,Failed,PRC_MAT_002,Material availability check timed out,Timeout,6354,SESS_f2f9e5fa9016,REQ_84d34d770847487a,2026-09-16 09:29:17
EVT_001085,IF_ORD_003,ORD,MFG,API,REST,Failed,ORD_VAL_002,Order validation failed due to missing required field,Validation,1017,SESS_c4bbb7a9d988,REQ_a5a71bda65634225,2026-09-16 09:30:59
EVT_000898,IF_ORD_002,ORD,MFG,MsgBus,Async,Failed,ORD_DB_001,Order database connection timeout,Database,4891,SESS_8a0b3c3336d8,REQ_0d1f81d9ff994c6d,2026-09-16 09:41:47
EVT_001373,IF_MFG_001,MFG,ASM,MsgBus,Async,Failed,MFG_MACHINE_001,Manufacturing machine controller not responding,Infrastructure,213,SESS_e7067ef466aa,REQ_05ef9fe9ea744ad1,2026-09-16 09:41:49
EVT_002343,IF_ASM_001,ASM,DLV,MsgBus,Async,Failed,ASM_NET_004,Assembly station network connectivity lost,Network,7120,SESS_168b1625746f,REQ_bf934cc840d44d8f,2026-09-16 09:42:36
EVT_000441,IF_PAY_001,PAY,ORD,API,REST,Failed,PAY_EXT_003,Payment processor external service error,ExternalService,4064,SESS_ecfedb992790,REQ_8fb9bad0cb4a4ff7,2026-09-16 09:47:07
EVT_002682,IF_DLV_001,DLV,PAY,API,REST,Warning,DLV_CFG_002,Delivery zone configuration mismatch,Configuration,1797,SESS_f41ea3ac5fd2,REQ_e9423a39b2984f13,2026-09-16 09:47:15
EVT_002151,IF_PRC_002,PRC,ASM,Batch,Batch,Failed,PRC_PO_001,Purchase order rejected by supplier system,ExternalService,2843,SESS_26286bfbe767,REQ_48b09b9b53094830,2026-09-16 09:49:37
EVT_002143,IF_PRC_002,PRC,ASM,Batch,Batch,Warning,PRC_CFG_003,Procurement routing configuration invalid,Configuration,937,SESS_5e5ba13d746c,REQ_dc733aa404994dd4,2026-09-16 09:51:14
EVT_001331,IF_MFG_001,MFG,ASM,MsgBus,Async,Failed,MFG_MACHINE_001,Manufacturing machine controller not responding,Infrastructure,1213,SESS_39e58ff092f8,REQ_06e2b5d9d5ef42bf,2026-09-16 09:51:52
EVT_002642,IF_ASM_002,ASM,DLV,API,REST,Failed,ASM_NET_004,Assembly station network connectivity lost (correlated with upstream failure on IF_ASM_001),Network,3456,SESS_168b1625746f,REQ_2e0a4c34534141e9,2026-09-16 09:52:51
EVT_002455,IF_ASM_001,ASM,DLV,MsgBus,Async,Warning,ASM_NET_004,Assembly station network connectivity lost,Network,6489,SESS_47229389571a,REQ_d6845c9912644a78,2026-09-16 09:52:55
EVT_000134,IF_ORD_001,ORD,PAY,API,REST,Failed,ORD_DB_001,Order database connection timeout,Database,8029,SESS_dc4ad56bd601,REQ_2f461e546b924728,2026-09-16 09:55:02
EVT_002459,IF_ASM_001,ASM,DLV,MsgBus,Async,Warning,ASM_COMP_001,Assembly component mismatch detected,Validation,1388,SESS_fb1e143b196f,REQ_c9d00f9977c848e7,2026-09-16 09:55:45
EVT_002458,IF_ASM_001,ASM,DLV,MsgBus,Async,Failed,ASM_DB_002,Assembly tracking database update failed,Database,3954,SESS_4ef492c1aac9,REQ_91e3154922374870,2026-09-16 09:58:00
EVT_000184,IF_ORD_001,ORD,PAY,API,REST,Warning,ORD_VAL_002,Order validation failed due to missing required field,Validation,1961,SESS_26286bfbe767,REQ_c9923f0954f946ce,2026-09-16 10:01:09
EVT_000077,IF_ORD_001,ORD,PAY,API,REST,Failed,ORD_NET_004,Network timeout while contacting order service,Network,6619,SESS_72ff5d2a386e,REQ_4287b4fe85b24093,2026-09-16 10:01:25
EVT_000024,IF_ORD_001,ORD,PAY,API,REST,Failed,ORD_DB_001,Order database connection timeout,Database,8320,SESS_85197ff4006e,REQ_b6bfba8e29254174,2026-09-16 10:02:22
EVT_001704,IF_MFG_003,MFG,ASM,MsgBus,CDC,Failed,MFG_CAP_004,Manufacturing queue capacity exceeded,Capacity,1897,SESS_0f8035f55bd2,REQ_f31cfabe96074518,2026-09-16 10:03:05
EVT_001652,IF_MFG_003,MFG,ASM,MsgBus,CDC,Failed,MFG_DB_002,Manufacturing execution database write failure,Database,4544,SESS_d261a7ab3aa2,REQ_1f28df7a45004573,2026-09-16 10:04:24
EVT_000294,IF_ORD_001,ORD,PAY,API,REST,Failed,ORD_DB_001,Order database connection timeout,Database,7894,SESS_a6348e784d5c,REQ_faa596fdf1ea478f,2026-09-16 10:05:13
EVT_002819,IF_DLV_001,DLV,PAY,API,REST,Warning,DLV_CFG_002,Delivery zone configuration mismatch,Configuration,1458,SESS_87f8424daae6,REQ_7f75d511d6294344,2026-09-16 10:09:40
EVT_002793,IF_DLV_001,DLV,PAY,API,REST,Failed,DLV_DB_004,Delivery tracking database error,Database,8037,SESS_dde9f86322bd,REQ_b6fdcbcef7a64db6,2026-09-16 10:10:36
EVT_001449,IF_MFG_001,MFG,ASM,MsgBus,Async,Failed,MFG_MACHINE_001,Manufacturing machine controller not responding,Infrastructure,562,SESS_b83cfe0be037,REQ_554465ea221344ae,2026-09-16 10:14:20
EVT_001590,IF_MFG_002,MFG,ASM,API,REST,Failed,MFG_MACHINE_001,Manufacturing machine controller not responding,Infrastructure,534,SESS_8b10550cd570,REQ_3ab2d645f97b464c,2026-09-16 10:15:03
EVT_002241,IF_PRC_003,PRC,MFG,API,REST,Failed,PRC_PO_001,Purchase order rejected by supplier system,ExternalService,4527,SESS_c84a7b28550a,REQ_ba6ffec8eddf4baa,2026-09-16 10:15:13
EVT_000840,IF_ORD_002,ORD,MFG,MsgBus,Async,Failed,ORD_DB_001,Order database connection timeout,Database,4971,SESS_0e8fa8e0284d,REQ_465f9c5ef35d41fe,2026-09-16 10:15:18
EVT_002144,IF_PRC_002,PRC,ASM,Batch,Batch,Failed,PRC_PO_001,Purchase order rejected by supplier system,ExternalService,6373,SESS_c8120a8e7830,REQ_0d3784aeeb4a4715,2026-09-16 10:16:10
EVT_001961,IF_PRC_001,PRC,MFG,ESB,SOAP,Failed,PRC_MAT_002,Material availability check timed out,Timeout,7027,SESS_0a2c827e9832,REQ_19e3c1e0500b4c5a,2026-09-16 10:20:48
EVT_001685,IF_MFG_003,MFG,ASM,MsgBus,CDC,Failed,MFG_QC_003,Quality check parameters out of tolerance,Validation,87,SESS_78e3654bfaf1,REQ_fd17d472343c4149,2026-09-16 10:21:47
EVT_001248,IF_ORD_003,ORD,MFG,API,REST,Warning,ORD_VAL_002,Order validation failed due to missing required field,Validation,1245,SESS_0763fcd01f15,REQ_b29ea29311de4271,2026-09-16 10:22:47
EVT_000128,IF_ORD_001,ORD,PAY,API,REST,Failed,ORD_NET_004,Network timeout while contacting order service,Network,7057,SESS_edd4253b50f0,REQ_eaf5d333f80e4d61,2026-09-16 10:27:57
EVT_001124,IF_ORD_003,ORD,MFG,API,REST,Failed,ORD_DB_001,Order database connection timeout,Database,8159,SESS_2999b735dd56,REQ_97cc03b2bb8c4288,2026-09-16 10:28:56
EVT_002659,IF_ASM_002,ASM,DLV,API,REST,Failed,ASM_DB_002,Assembly tracking database update failed,Database,4147,SESS_2051acef097a,REQ_5a1873f578f944d9,2026-09-16 10:30:16
EVT_000142,IF_ORD_001,ORD,PAY,API,REST,Warning,ORD_VAL_002,Order validation failed due to missing required field,Validation,1239,SESS_aca5e2fdb966,REQ_98f431c437094395,2026-09-16 10:30:28
EVT_000927,IF_ORD_002,ORD,MFG,MsgBus,Async,Failed,ORD_DB_001,Order database connection timeout,Database,4731,SESS_bb5e4bcf15ed,REQ_d227ffa1aca54b8a,2026-09-16 10:30:44
EVT_002045,IF_PRC_001,PRC,MFG,ESB,SOAP,Failed,PRC_PO_001,Purchase order rejected by supplier system,ExternalService,4669,SESS_ab7f089acd5f,REQ_382c620a069b4597,2026-09-16 10:31:26
EVT_000545,IF_PAY_001,PAY,ORD,API,REST,Failed,PAY_EXT_003,Payment processor external service error,ExternalService,2226,SESS_61ee6c5bdeef,REQ_0bd7e1ff1d394428,2026-09-16 10:31:35
EVT_000546,IF_PAY_001,PAY,ORD,API,REST,Warning,PAY_AUTH_001,Payment gateway authentication failed,Authentication,638,SESS_77d21e02ff01,REQ_c68dac044260439c,2026-09-16 10:35:11
EVT_002491,IF_ASM_002,ASM,DLV,API,REST,Warning,ASM_COMP_001,Assembly component mismatch detected,Validation,1269,SESS_8a4a0e2df22b,REQ_03ebbc5d29314f5a,2026-09-16 10:35:45
EVT_001566,IF_MFG_002,MFG,ASM,API,REST,Warning,MFG_QC_003,Quality check parameters out of tolerance,Validation,1084,SESS_6e218b099afd,REQ_6dcfe225aab04985,2026-09-16 10:37:35
EVT_000552,IF_PAY_001,PAY,ORD,API,REST,Warning,PAY_EXT_003,Payment processor external service error,ExternalService,5893,SESS_295b4715c333,REQ_3358f38af1dd43eb,2026-09-16 10:41:57
EVT_002865,IF_DLV_001,DLV,PAY,API,REST,Warning,DLV_TIME_003,Carrier API response timeout,Timeout,8928,SESS_2dea94930658,REQ_7a38ef3016f6435a,2026-09-16 10:42:15
EVT_000637,IF_PAY_001,PAY,ORD,API,REST,Warning,PAY_AUTHZ_002,Payment authorization declined by issuer,Authorization,1330,SESS_80759f1f87e5,REQ_6276a505d92345e4,2026-09-16 10:43:21
EVT_001447,IF_MFG_001,MFG,ASM,MsgBus,Async,Failed,MFG_DB_002,Manufacturing execution database write failure,Database,8291,SESS_ae340454cac5,REQ_4263eaa8815d4582,2026-09-16 10:44:20
EVT_001710,IF_MFG_003,MFG,ASM,MsgBus,CDC,Warning,MFG_QC_003,Quality check parameters out of tolerance,Validation,1876,SESS_3e493f43b118,REQ_59843f18d4b64a60,2026-09-16 10:45:20
EVT_000206,IF_ORD_001,ORD,PAY,API,REST,Warning,ORD_AUTH_003,Order service authentication token expired,Authentication,1603,SESS_dfde4fbf3ff3,REQ_d254cad540c142f3,2026-09-16 10:46:26
EVT_002676,IF_ASM_002,ASM,DLV,API,REST,Failed,ASM_CAP_003,Assembly line at maximum capacity,Capacity,1335,SESS_d47d577bfa5a,REQ_c6c7eb65a0fb42a3,2026-09-16 10:49:22
EVT_000179,IF_ORD_001,ORD,PAY,API,REST,Failed,ORD_DB_001,Order database connection timeout,Database,2240,SESS_38b8f24e56ea,REQ_e0ce81c1c5da42d1,2026-09-16 10:51:30
EVT_002030,IF_PRC_001,PRC,MFG,ESB,SOAP,Warning,PRC_AUTHZ_004,Procurement user lacks approval authorization,Authorization,1762,SESS_d3016989bfbb,REQ_3ab0c16e78dc40cd,2026-09-16 10:54:08
EVT_001980,IF_PRC_001,PRC,MFG,ESB,SOAP,Failed,PRC_PO_001,Purchase order rejected by supplier system,ExternalService,3185,SESS_48212ddb45b8,REQ_afd949cd6a054587,2026-09-16 10:54:50
EVT_001850,IF_PRC_001,PRC,MFG,ESB,SOAP,Warning,PRC_AUTHZ_004,Procurement user lacks approval authorization,Authorization,772,SESS_3317347038f1,REQ_5bdae0871fe443fc,2026-09-16 10:55:48
EVT_002409,IF_ASM_001,ASM,DLV,MsgBus,Async,Warning,ASM_NET_004,Assembly station network connectivity lost,Network,3812,SESS_3f87e362cf8d,REQ_4c45f13a66564b82,2026-09-16 10:56:50
EVT_002036,IF_PRC_001,PRC,MFG,ESB,SOAP,Failed,PRC_PO_001,Purchase order rejected by supplier system,ExternalService,2120,SESS_a8f7ef5a060e,REQ_e7f93bd90e234e3b,2026-09-16 10:57:00
EVT_002114,IF_PRC_002,PRC,ASM,Batch,Batch,Warning,PRC_CFG_003,Procurement routing configuration invalid,Configuration,1856,SESS_29ec8e49d1bd,REQ_83dedafa780b454f,2026-09-16 11:00:41
EVT_000666,IF_PAY_002,PAY,ORD,ESB,CDC,Failed,PAY_TIME_004,Payment gateway response timeout,Timeout,3592,SESS_25b8fd4b32fa,REQ_8500aa1d4bd0419f,2026-09-16 11:01:12
EVT_000104,IF_ORD_001,ORD,PAY,API,REST,Failed,ORD_DB_001,Order database connection timeout,Database,8162,SESS_978648f864de,REQ_c5bcbb3885bc4ea1,2026-09-16 11:04:19
EVT_000581,IF_PAY_001,PAY,ORD,API,REST,Failed,PAY_TIME_004,Payment gateway response timeout,Timeout,2739,SESS_17e011b7f810,REQ_5f214b0069ce453a,2026-09-16 11:11:27
EVT_000580,IF_PAY_001,PAY,ORD,API,REST,Warning,PAY_AUTHZ_002,Payment authorization declined by issuer,Authorization,815,SESS_dd81b7f57d59,REQ_9ce2475f261a458f,2026-09-16 11:12:31
EVT_001663,IF_MFG_003,MFG,ASM,MsgBus,CDC,Warning,MFG_QC_003,Quality check parameters out of tolerance,Validation,1003,SESS_3e493f43b118,REQ_63fe0356a07342aa,2026-09-16 11:13:15
EVT_001594,IF_MFG_002,MFG,ASM,API,REST,Warning,MFG_QC_003,Quality check parameters out of tolerance,Validation,2920,SESS_53a3dd5a4b8c,REQ_4f2e8512d68540d4,2026-09-16 11:14:06
EVT_000875,IF_ORD_002,ORD,MFG,MsgBus,Async,Failed,ORD_DB_001,Order database connection timeout,Database,5716,SESS_7428a656b3ee,REQ_7b7b0148e5294462,2026-09-16 11:15:41
EVT_001240,IF_ORD_003,ORD,MFG,API,REST,Failed,ORD_DB_001,Order database connection timeout,Database,2617,SESS_d882b5c1f79e,REQ_573261a788cf4a19,2026-09-16 11:16:19
EVT_000616,IF_PAY_001,PAY,ORD,API,REST,Failed,PAY_TIME_004,Payment gateway response timeout,Timeout,6818,SESS_7f671eec3da7,REQ_be47bdc3f91a4c79,2026-09-16 11:16:37
EVT_001228,IF_ORD_003,ORD,MFG,API,REST,Failed,ORD_NET_004,Network timeout while contacting order service (correlated with upstream failure on IF_PAY_001),Network,4484,SESS_17e011b7f810,REQ_f13ff406311c4484,2026-09-16 11:17:50
EVT_001767,IF_MFG_004,MFG,PRC,MsgBus,Async,Failed,MFG_MACHINE_001,Manufacturing machine controller not responding,Infrastructure,252,SESS_c29cfc0cfa02,REQ_ffcc4a25c7174d75,2026-09-16 11:23:03
EVT_002755,IF_DLV_001,DLV,PAY,API,REST,Failed,DLV_CFG_002,Delivery zone configuration mismatch,Configuration,1246,SESS_311c6eb62095,REQ_3953b214940b4483,2026-09-16 11:24:14
EVT_002752,IF_DLV_001,DLV,PAY,API,REST,Warning,DLV_CFG_002,Delivery zone configuration mismatch,Configuration,1483,SESS_78e3654bfaf1,REQ_31176862817a4316,2026-09-16 11:26:00
EVT_002617,IF_ASM_002,ASM,DLV,API,REST,Failed,ASM_DB_002,Assembly tracking database update failed,Database,5657,SESS_1723199dbf2c,REQ_1458d4d9ce0846f7,2026-09-16 11:29:56
EVT_001054,IF_ORD_002,ORD,MFG,MsgBus,Async,Failed,ORD_DB_001,Order database connection timeout,Database,7609,SESS_a6348e784d5c,REQ_d08936112ca54245,2026-09-16 11:30:10
EVT_002908,IF_DLV_001,DLV,PAY,API,REST,Failed,DLV_ROUTE_001,Delivery routing service unavailable,ExternalService,7359,SESS_9e87e04ca208,REQ_924f80dfb51e48ea,2026-09-16 11:36:45
EVT_002134,IF_PRC_002,PRC,ASM,Batch,Batch,Failed,PRC_MAT_002,Material availability check timed out,Timeout,7454,SESS_89a2688b12c1,REQ_9a49254c49364e31,2026-09-16 11:44:50
EVT_002260,IF_ASM_001,ASM,DLV,MsgBus,Async,Failed,ASM_NET_004,Assembly station network connectivity lost,Network,4206,SESS_72ff5d2a386e,REQ_1d120adad38a4dc0,2026-09-16 11:56:43
EVT_000894,IF_ORD_002,ORD,MFG,MsgBus,Async,Failed,ORD_NET_004,Network timeout while contacting order service,Network,3854,SESS_d777a4774c66,REQ_f4c1c86e59474141,2026-09-16 11:57:34
EVT_002322,IF_ASM_001,ASM,DLV,MsgBus,Async,Warning,ASM_COMP_001,Assembly component mismatch detected,Validation,1242,SESS_ca8f3653c9af,REQ_d4348b1d7f3d4efb,2026-09-16 11:57:41
EVT_000120,IF_ORD_001,ORD,PAY,API,REST,Warning,ORD_AUTH_003,Order service authentication token expired,Authentication,1621,SESS_07f97d05f6ca,REQ_00c826b410874722,2026-09-16 12:00:06
EVT_002680,IF_ASM_002,ASM,DLV,API,REST,Warning,ASM_COMP_001,Assembly component mismatch detected (correlated with upstream failure on IF_ASM_001),Validation,1062,SESS_72ff5d2a386e,REQ_10574152a2344074,2026-09-16 12:01:25
EVT_000088,IF_ORD_001,ORD,PAY,API,REST,Failed,ORD_AUTH_003,Order service authentication token expired,Authentication,1836,SESS_4ca9cf07b1aa,REQ_fe6e160110bc4c1f,2026-09-16 12:03:35
EVT_000853,IF_ORD_002,ORD,MFG,MsgBus,Async,Warning,ORD_AUTH_003,Order service authentication token expired,Authentication,1395,SESS_cada4f80a9e7,REQ_95c83b751be249b9,2026-09-16 12:05:11
EVT_002014,IF_PRC_001,PRC,MFG,ESB,SOAP,Failed,PRC_PO_001,Purchase order rejected by supplier system,ExternalService,8139,SESS_72ff5d2a386e,REQ_01d49f4b991d4bb1,2026-09-16 12:11:25
EVT_001055,IF_ORD_002,ORD,MFG,MsgBus,Async,Failed,ORD_DB_001,Order database connection timeout,Database,5869,SESS_9475dbc99641,REQ_61252d2f8830437c,2026-09-16 12:15:48
EVT_001891,IF_PRC_001,PRC,MFG,ESB,SOAP,Failed,PRC_MAT_002,Material availability check timed out,Timeout,3343,SESS_e222b6a615bf,REQ_d6959ab953914a61,2026-09-16 12:15:54
EVT_001091,IF_ORD_003,ORD,MFG,API,REST,Warning,ORD_AUTH_003,Order service authentication token expired,Authentication,370,SESS_b535106e122c,REQ_da36f7b833544d49,2026-09-16 12:16:06
EVT_001927,IF_PRC_001,PRC,MFG,ESB,SOAP,Warning,PRC_CFG_003,Procurement routing configuration invalid,Configuration,309,SESS_3ae88926b423,REQ_8a3e7c43222a4343,2026-09-16 12:22:37
EVT_002904,IF_DLV_001,DLV,PAY,API,REST,Warning,DLV_CFG_002,Delivery zone configuration mismatch,Configuration,333,SESS_4bd6cee631b1,REQ_7746664b64d345ce,2026-09-16 12:24:53
EVT_002754,IF_DLV_001,DLV,PAY,API,REST,Warning,DLV_DB_004,Delivery tracking database error,Database,2276,SESS_d7665cdafe04,REQ_35aac111b18e4fd0,2026-09-16 12:28:56
EVT_000849,IF_ORD_002,ORD,MFG,MsgBus,Async,Failed,ORD_NET_004,Network timeout while contacting order service,Network,4894,SESS_cd4b69a99b68,REQ_b13cdcb3dd3a446e,2026-09-16 12:30:16
EVT_002135,IF_PRC_002,PRC,ASM,Batch,Batch,Failed,PRC_PO_001,Purchase order rejected by supplier system,ExternalService,5445,SESS_7367c28de1b2,REQ_74d4afd7ee1e43dc,2026-09-16 12:36:41
EVT_000656,IF_PAY_002,PAY,ORD,ESB,CDC,Warning,PAY_AUTH_001,Payment gateway authentication failed,Authentication,1008,SESS_a97065e18e46,REQ_fd1ce05544db4c0a,2026-09-16 12:39:39
EVT_000601,IF_PAY_001,PAY,ORD,API,REST,Failed,PAY_EXT_003,Payment processor external service error,ExternalService,7786,SESS_309d258c27a0,REQ_52b511be180b400e,2026-09-16 12:40:38
EVT_002362,IF_ASM_001,ASM,DLV,MsgBus,Async,Failed,ASM_CAP_003,Assembly line at maximum capacity,Capacity,1959,SESS_272a6d8eb512,REQ_871e23558e134d60,2026-09-16 12:51:13
EVT_000605,IF_PAY_001,PAY,ORD,API,REST,Warning,PAY_AUTHZ_002,Payment authorization declined by issuer,Authorization,1692,SESS_95da75c1a211,REQ_3da22da3a03248d8,2026-09-16 12:58:26
EVT_001922,IF_PRC_001,PRC,MFG,ESB,SOAP,Failed,PRC_PO_001,Purchase order rejected by supplier system,ExternalService,2556,SESS_5e5ba13d746c,REQ_42e21c8e80df4d25,2026-09-16 12:59:49
EVT_001465,IF_MFG_001,MFG,ASM,MsgBus,Async,Failed,MFG_DB_002,Manufacturing execution database write failure,Database,8380,SESS_eadf50853fcb,REQ_38b8c4581cb44da7,2026-09-16 13:00:00
EVT_000606,IF_PAY_001,PAY,ORD,API,REST,Warning,PAY_AUTH_001,Payment gateway authentication failed,Authentication,986,SESS_e912b4bf86a4,REQ_4c8082b59a064530,2026-09-16 13:04:05
EVT_001949,IF_PRC_001,PRC,MFG,ESB,SOAP,Failed,PRC_PO_001,Purchase order rejected by supplier system,ExternalService,7653,SESS_119c4ea3e180,REQ_cc53bdb433fb4111,2026-09-16 13:06:54
EVT_001361,IF_MFG_001,MFG,ASM,MsgBus,Async,Failed,MFG_MACHINE_001,Manufacturing machine controller not responding (correlated with upstream failure on IF_ORD_002),Infrastructure,623,SESS_5e5ba13d746c,REQ_2db98dfe8a6e46d5,2026-09-16 13:08:10
EVT_001207,IF_ORD_003,ORD,MFG,API,REST,Failed,ORD_DB_001,Order database connection timeout,Database,7223,SESS_41992fdfb310,REQ_942329cf149743b0,2026-09-16 13:11:34
EVT_000307,IF_ORD_001,ORD,PAY,API,REST,Warning,ORD_NET_004,Network timeout while contacting order service,Network,5596,SESS_07f97d05f6ca,REQ_5cd9caafa69341db,2026-09-16 13:12:02
EVT_001839,IF_PRC_001,PRC,MFG,ESB,SOAP,Failed,PRC_MAT_002,Material availability check timed out,Timeout,8239,SESS_4991ab9bebc2,REQ_be7cd5a68df0440b,2026-09-16 13:12:18
EVT_000026,IF_ORD_001,ORD,PAY,API,REST,Warning,ORD_AUTH_003,Order service authentication token expired,Authentication,1135,SESS_acf5e81e7131,REQ_189affd3c7f24eb0,2026-09-16 13:16:02
EVT_002717,IF_DLV_001,DLV,PAY,API,REST,Warning,DLV_CFG_002,Delivery zone configuration mismatch,Configuration,1895,SESS_1a84a51aa9d3,REQ_96b72610af5744cf,2026-09-16 13:16:20
EVT_001653,IF_MFG_003,MFG,ASM,MsgBus,CDC,Failed,MFG_DB_002,Manufacturing execution database write failure,Database,2818,SESS_6182f347533f,REQ_32101cafc39149d6,2026-09-16 13:16:34
EVT_000311,IF_ORD_001,ORD,PAY,API,REST,Failed,ORD_NET_004,Network timeout while contacting order service,Network,4785,SESS_13eecdc6ebd1,REQ_cd2f22b05d1e48f4,2026-09-16 13:16:56
EVT_000460,IF_PAY_001,PAY,ORD,API,REST,Failed,PAY_EXT_003,Payment processor external service error,ExternalService,6007,SESS_53a3dd5a4b8c,REQ_f41e4fc7c1e94472,2026-09-16 13:19:31
EVT_001326,IF_MFG_001,MFG,ASM,MsgBus,Async,Failed,MFG_CAP_004,Manufacturing queue capacity exceeded,Capacity,334,SESS_3ba5cd2fdea4,REQ_0f36431014144dfe,2026-09-16 13:21:59
EVT_000789,IF_ORD_002,ORD,MFG,MsgBus,Async,Failed,ORD_DB_001,Order database connection timeout,Database,5793,SESS_8d4f5d272c7f,REQ_a3e752a8672f4051,2026-09-16 13:22:00
EVT_000698,IF_PAY_002,PAY,ORD,ESB,CDC,Warning,PAY_AUTH_001,Payment gateway authentication failed,Authentication,1941,SESS_0cd620c20ea2,REQ_7d4b7906628d47cb,2026-09-16 13:23:04
EVT_001664,IF_MFG_003,MFG,ASM,MsgBus,CDC,Warning,MFG_QC_003,Quality check parameters out of tolerance,Validation,1455,SESS_fbc9f87af668,REQ_9e4fb0497fa24bec,2026-09-16 13:24:43
EVT_001672,IF_MFG_003,MFG,ASM,MsgBus,CDC,Failed,MFG_DB_002,Manufacturing execution database write failure,Database,6198,SESS_4a1935014169,REQ_6ff9df9bef574258,2026-09-16 13:24:51
EVT_000683,IF_PAY_002,PAY,ORD,ESB,CDC,Failed,PAY_TIME_004,Payment gateway response timeout,Timeout,3914,SESS_171e16cc5da3,REQ_80f612f9453645d8,2026-09-16 13:29:46
EVT_001506,IF_MFG_001,MFG,ASM,MsgBus,Async,Failed,MFG_MACHINE_001,Manufacturing machine controller not responding,Infrastructure,1933,SESS_114125c63a9b,REQ_7de17e3d1bd44092,2026-09-16 13:32:10
EVT_000810,IF_ORD_002,ORD,MFG,MsgBus,Async,Failed,ORD_DB_001,Order database connection timeout,Database,6850,SESS_29ec8e49d1bd,REQ_cd0c5b31ca0b4314,2026-09-16 13:32:45
EVT_000947,IF_ORD_002,ORD,MFG,MsgBus,Async,Warning,ORD_VAL_002,Order validation failed due to missing required field,Validation,757,SESS_1ca35cfb04fc,REQ_b959485899734906,2026-09-16 13:39:32
EVT_001519,IF_MFG_002,MFG,ASM,API,REST,Warning,MFG_QC_003,Quality check parameters out of tolerance (correlated with upstream failure on IF_ORD_002),Validation,2890,SESS_29ec8e49d1bd,REQ_60bd4efd6e8f40b2,2026-09-16 13:39:59
EVT_000127,IF_ORD_001,ORD,PAY,API,REST,Failed,ORD_NET_004,Network timeout while contacting order service,Network,2933,SESS_fb140bc3304b,REQ_6bada8ebdd174c13,2026-09-16 13:40:20
EVT_000080,IF_ORD_001,ORD,PAY,API,REST,Failed,ORD_NET_004,Network timeout while contacting order service,Network,5077,SESS_6e6981a35d3d,REQ_e91ee731d1294ea4,2026-09-16 13:41:55
EVT_000235,IF_ORD_001,ORD,PAY,API,REST,Warning,ORD_NET_004,Network timeout while contacting order service,Network,3221,SESS_4c71e0fe5a0c,REQ_34d895a9a0ee4274,2026-09-16 13:43:27
EVT_000167,IF_ORD_001,ORD,PAY,API,REST,Warning,ORD_AUTH_003,Order service authentication token expired,Authentication,506,SESS_a56c0941fbf2,REQ_1e72c5bc88454f91,2026-09-16 13:44:57
EVT_002287,IF_ASM_001,ASM,DLV,MsgBus,Async,Failed,ASM_NET_004,Assembly station network connectivity lost,Network,2634,SESS_87f8424daae6,REQ_1961666ff54e4762,2026-09-16 13:48:30
EVT_001452,IF_MFG_001,MFG,ASM,MsgBus,Async,Failed,MFG_MACHINE_001,Manufacturing machine controller not responding,Infrastructure,1980,SESS_28df6ec4ce4a,REQ_aaf406472a3c40fa,2026-09-16 13:56:35
EVT_000257,IF_ORD_001,ORD,PAY,API,REST,Warning,ORD_AUTH_003,Order service authentication token expired,Authentication,1460,SESS_a0ee89aed453,REQ_d23d0d5f25eb4676,2026-09-16 13:56:54
EVT_000137,IF_ORD_001,ORD,PAY,API,REST,Failed,ORD_NET_004,Network timeout while contacting order service,Network,6691,SESS_0d01280fd89a,REQ_809b0e168b874812,2026-09-16 13:57:43
EVT_000419,IF_PAY_001,PAY,ORD,API,REST,Warning,PAY_AUTH_001,Payment gateway authentication failed,Authentication,1540,SESS_4a1935014169,REQ_c4c1df51c3cd43e2,2026-09-16 13:59:48
EVT_001395,IF_MFG_001,MFG,ASM,MsgBus,Async,Failed,MFG_DB_002,Manufacturing execution database write failure,Database,6381,SESS_ffd6f23232ff,REQ_437690648932400a,2026-09-16 14:01:21
EVT_000874,IF_ORD_002,ORD,MFG,MsgBus,Async,Failed,ORD_DB_001,Order database connection timeout,Database,2764,SESS_e1e3db63ef7d,REQ_1b545a5d27da4e61,2026-09-16 14:01:39
EVT_002729,IF_DLV_001,DLV,PAY,API,REST,Failed,DLV_TIME_003,Carrier API response timeout,Timeout,2843,SESS_df0f06cbcb9b,REQ_7f6078c0d5be43b7,2026-09-16 14:02:14
EVT_000661,IF_PAY_002,PAY,ORD,ESB,CDC,Failed,PAY_EXT_003,Payment processor external service error,ExternalService,3944,SESS_7010f7197e69,REQ_ba64a84791f9496b,2026-09-16 14:03:27
EVT_002611,IF_ASM_002,ASM,DLV,API,REST,Failed,ASM_DB_002,Assembly tracking database update failed,Database,8215,SESS_4c1f55ab7156,REQ_bdd4ee9374e94834,2026-09-16 14:03:42
EVT_000245,IF_ORD_001,ORD,PAY,API,REST,Warning,ORD_VAL_002,Order validation failed due to missing required field,Validation,241,SESS_93b7a88612f7,REQ_70479a70dea34538,2026-09-16 14:05:54
EVT_002862,IF_DLV_001,DLV,PAY,API,REST,Warning,DLV_ROUTE_001,Delivery routing service unavailable,ExternalService,4548,SESS_dc4ad56bd601,REQ_f3b1461b0f1943f1,2026-09-16 14:11:24
EVT_001415,IF_MFG_001,MFG,ASM,MsgBus,Async,Failed,MFG_CAP_004,Manufacturing queue capacity exceeded,Capacity,988,SESS_dde9f86322bd,REQ_994ff8417ece4d8d,2026-09-16 14:13:24
EVT_002262,IF_ASM_001,ASM,DLV,MsgBus,Async,Failed,ASM_DB_002,Assembly tracking database update failed (correlated with upstream failure on IF_MFG_001),Database,5429,SESS_ffd6f23232ff,REQ_b954826ababb4e07,2026-09-16 14:15:07
EVT_000047,IF_ORD_001,ORD,PAY,API,REST,Failed,ORD_DB_001,Order database connection timeout,Database,4377,SESS_14c8b3b4a911,REQ_7c3cc6bb15d04f08,2026-09-16 14:15:55
EVT_001481,IF_MFG_001,MFG,ASM,MsgBus,Async,Warning,MFG_QC_003,Quality check parameters out of tolerance (correlated with upstream failure on IF_ORD_002),Validation,1860,SESS_e1e3db63ef7d,REQ_259491b81004420c,2026-09-16 14:17:23
EVT_000525,IF_PAY_001,PAY,ORD,API,REST,Failed,PAY_TIME_004,Payment gateway response timeout,Timeout,4281,SESS_54fd9ad39716,REQ_d550cb3e305247f5,2026-09-16 14:17:48
EVT_002266,IF_ASM_001,ASM,DLV,MsgBus,Async,Failed,ASM_NET_004,Assembly station network connectivity lost (correlated with upstream failure on IF_MFG_001),Network,4425,SESS_dde9f86322bd,REQ_33e1eea3789d45ea,2026-09-16 14:18:16
EVT_001903,IF_PRC_001,PRC,MFG,ESB,SOAP,Failed,PRC_MAT_002,Material availability check timed out,Timeout,5968,SESS_f2a034599060,REQ_8efa4f3e08464373,2026-09-16 14:19:43
EVT_002177,IF_PRC_002,PRC,ASM,Batch,Batch,Warning,PRC_CFG_003,Procurement routing configuration invalid,Configuration,2128,SESS_9f294a8bd184,REQ_e39bb83d3ad546e0,2026-09-16 14:20:09
EVT_002208,IF_PRC_003,PRC,MFG,API,REST,Failed,PRC_CFG_003,Procurement routing configuration invalid,Configuration,879,SESS_42999aa40cdf,REQ_2db3340dff45461f,2026-09-16 14:21:46
EVT_001896,IF_PRC_001,PRC,MFG,ESB,SOAP,Failed,PRC_AUTHZ_004,Procurement user lacks approval authorization,Authorization,953,SESS_47229389571a,REQ_c686cf65123d427f,2026-09-16 14:23:52
EVT_001581,IF_MFG_002,MFG,ASM,API,REST,Warning,MFG_QC_003,Quality check parameters out of tolerance,Validation,1759,SESS_bac7e2b96a7e,REQ_1ce30d1fc73b4a1d,2026-09-16 14:25:40
EVT_001966,IF_PRC_001,PRC,MFG,ESB,SOAP,Warning,PRC_CFG_003,Procurement routing configuration invalid,Configuration,794,SESS_8dfa6a56d12d,REQ_cb5ebe56e8984223,2026-09-16 14:26:01
EVT_000609,IF_PAY_001,PAY,ORD,API,REST,Warning,PAY_AUTH_001,Payment gateway authentication failed,Authentication,1897,SESS_c8120a8e7830,REQ_f445d10c04f843d2,2026-09-16 14:28:44
EVT_002922,IF_DLV_001,DLV,PAY,API,REST,Warning,DLV_CFG_002,Delivery zone configuration mismatch,Configuration,1262,SESS_8d4f5d272c7f,REQ_7e737c2c32144275,2026-09-16 14:29:06
EVT_001607,IF_MFG_002,MFG,ASM,API,REST,Warning,MFG_QC_003,Quality check parameters out of tolerance,Validation,1983,SESS_36c59dacb4d7,REQ_d21a030f18c34476,2026-09-16 14:31:40
EVT_001614,IF_MFG_002,MFG,ASM,API,REST,Warning,MFG_QC_003,Quality check parameters out of tolerance,Validation,836,SESS_104556e5bee3,REQ_48faab7adfef4a07,2026-09-16 14:32:38
EVT_002255,IF_ASM_001,ASM,DLV,MsgBus,Async,Warning,ASM_COMP_001,Assembly component mismatch detected,Validation,361,SESS_fcce96f6250a,REQ_dbbbb522e42f41a6,2026-09-16 14:33:45
EVT_002855,IF_DLV_001,DLV,PAY,API,REST,Warning,DLV_CFG_002,Delivery zone configuration mismatch,Configuration,1875,SESS_6efb63b11b04,REQ_1e7f49f50e0a4239,2026-09-16 14:37:52
EVT_000012,IF_ORD_001,ORD,PAY,API,REST,Warning,ORD_DB_001,Order database connection timeout,Database,7422,SESS_e6697833b841,REQ_c95b9920bd214b58,2026-09-16 14:38:24
EVT_000687,IF_PAY_002,PAY,ORD,ESB,CDC,Warning,PAY_AUTHZ_002,Payment authorization declined by issuer,Authorization,756,SESS_eecf67d27491,REQ_bc1aca1886234f91,2026-09-16 14:38:36
EVT_002536,IF_ASM_002,ASM,DLV,API,REST,Warning,ASM_COMP_001,Assembly component mismatch detected,Validation,1397,SESS_687213f98d60,REQ_d99369dda82040b4,2026-09-16 14:39:53
EVT_001890,IF_PRC_001,PRC,MFG,ESB,SOAP,Warning,PRC_CFG_003,Procurement routing configuration invalid,Configuration,1974,SESS_fa5d310011b7,REQ_e47dad3292444f5b,2026-09-16 14:42:49
EVT_002142,IF_PRC_002,PRC,ASM,Batch,Batch,Failed,PRC_MAT_002,Material availability check timed out,Timeout,8281,SESS_4ffca6b199b4,REQ_4e9ef6180b9f44aa,2026-09-16 14:43:36
EVT_000486,IF_PAY_001,PAY,ORD,API,REST,Failed,PAY_EXT_003,Payment processor external service error,ExternalService,7316,SESS_54b4a4826858,REQ_c933f00e99ce4f8c,2026-09-16 14:44:13
EVT_000567,IF_PAY_001,PAY,ORD,API,REST,Warning,PAY_AUTHZ_002,Payment authorization declined by issuer,Authorization,1321,SESS_9970cf60ebff,REQ_85958ce911c149a5,2026-09-16 14:44:23
EVT_002843,IF_DLV_001,DLV,PAY,API,REST,Failed,DLV_ROUTE_001,Delivery routing service unavailable,ExternalService,8673,SESS_6a5d932b45ff,REQ_fce4265a07b04479,2026-09-16 14:46:20
EVT_001856,IF_PRC_001,PRC,MFG,ESB,SOAP,Failed,PRC_MAT_002,Material availability check timed out,Timeout,2557,SESS_c5e7ce8a3a57,REQ_ebafdd7d02dd4b27,2026-09-16 14:47:51
EVT_000622,IF_PAY_001,PAY,ORD,API,REST,Failed,PAY_TIME_004,Payment gateway response timeout,Timeout,5893,SESS_d882b5c1f79e,REQ_92a22a2f7dbf49f4,2026-09-16 14:48:08
EVT_002363,IF_ASM_001,ASM,DLV,MsgBus,Async,Failed,ASM_DB_002,Assembly tracking database update failed,Database,8762,SESS_5be4bf519269,REQ_6bc46142edb24c7f,2026-09-16 14:50:41
EVT_000359,IF_PAY_001,PAY,ORD,API,REST,Warning,PAY_EXT_003,Payment processor external service error,ExternalService,8921,SESS_978648f864de,REQ_09803946ab6f48d2,2026-09-16 14:52:46
EVT_002187,IF_PRC_003,PRC,MFG,API,REST,Warning,PRC_CFG_003,Procurement routing configuration invalid,Configuration,380,SESS_3f76be1d1efa,REQ_b32948a2ec674632,2026-09-16 14:53:37
EVT_002348,IF_ASM_001,ASM,DLV,MsgBus,Async,Failed,ASM_CAP_003,Assembly line at maximum capacity,Capacity,340,SESS_2dea94930658,REQ_f33d2e2f7ef646f8,2026-09-16 14:56:21
EVT_002563,IF_ASM_002,ASM,DLV,API,REST,Failed,ASM_NET_004,Assembly station network connectivity lost,Network,6265,SESS_21a4344fbb7b,REQ_88e34c9eea014ecb,2026-09-16 14:57:18
EVT_000404,IF_PAY_001,PAY,ORD,API,REST,Warning,PAY_AUTHZ_002,Payment authorization declined by issuer,Authorization,927,SESS_91e1aa9676f7,REQ_2021d5751db44fcb,2026-09-16 15:00:40
EVT_002786,IF_DLV_001,DLV,PAY,API,REST,Failed,DLV_TIME_003,Carrier API response timeout,Timeout,3825,SESS_ab05347fd556,REQ_99636735035046a6,2026-09-16 15:02:53
EVT_001530,IF_MFG_002,MFG,ASM,API,REST,Warning,MFG_QC_003,Quality check parameters out of tolerance,Validation,783,SESS_104556e5bee3,REQ_80469441d740462a,2026-09-16 15:06:14
EVT_000304,IF_ORD_001,ORD,PAY,API,REST,Warning,ORD_DB_001,Order database connection timeout,Database,8126,SESS_d85480f0dfca,REQ_42608ae8dc974df0,2026-09-16 15:10:06
EVT_000019,IF_ORD_001,ORD,PAY,API,REST,Failed,ORD_NET_004,Network timeout while contacting order service,Network,7702,SESS_41992fdfb310,REQ_a3466105a2694f16,2026-09-16 15:13:40
EVT_001798,IF_MFG_004,MFG,PRC,MsgBus,Async,Warning,MFG_QC_003,Quality check parameters out of tolerance,Validation,1340,SESS_7cfc9b793875,REQ_3266a53cb93241f9,2026-09-16 15:13:58
EVT_002609,IF_ASM_002,ASM,DLV,API,REST,Warning,ASM_COMP_001,Assembly component mismatch detected,Validation,1809,SESS_5560db22c96b,REQ_9b636e8fc3494883,2026-09-16 15:15:34
EVT_002648,IF_ASM_002,ASM,DLV,API,REST,Failed,ASM_CAP_003,Assembly line at maximum capacity,Capacity,1015,SESS_19675f06bd76,REQ_314d7a22e2024051,2026-09-16 15:15:47
EVT_000374,IF_PAY_001,PAY,ORD,API,REST,Failed,PAY_EXT_003,Payment processor external service error,ExternalService,4092,SESS_6142ea7d17be,REQ_3339a40661e54bc9,2026-09-16 15:17:03
EVT_001379,IF_MFG_001,MFG,ASM,MsgBus,Async,Failed,MFG_DB_002,Manufacturing execution database write failure,Database,7393,SESS_61ee6c5bdeef,REQ_222ff5f2e34f4e5e,2026-09-16 15:21:15
EVT_000635,IF_PAY_001,PAY,ORD,API,REST,Failed,PAY_TIME_004,Payment gateway response timeout,Timeout,4238,SESS_138d994c2b0a,REQ_2a9e8f95ecda46e1,2026-09-16 15:22:53
EVT_001591,IF_MFG_002,MFG,ASM,API,REST,Failed,MFG_CAP_004,Manufacturing queue capacity exceeded,Capacity,1096,SESS_0df56ac6f96b,REQ_b2548813dcbd4292,2026-09-16 15:23:27
EVT_001861,IF_PRC_001,PRC,MFG,ESB,SOAP,Failed,PRC_PO_001,Purchase order rejected by supplier system,ExternalService,8575,SESS_91e1aa9676f7,REQ_60291c06289e4ff2,2026-09-16 15:24:25
EVT_000937,IF_ORD_002,ORD,MFG,MsgBus,Async,Failed,ORD_AUTH_003,Order service authentication token expired,Authentication,1971,SESS_a9d3c2e6505c,REQ_f87455853dd14ab9,2026-09-16 15:24:30
EVT_002992,IF_DLV_001,DLV,PAY,API,REST,Failed,DLV_DB_004,Delivery tracking database error,Database,3985,SESS_e64d1bcb7027,REQ_d5b7d3544f114c2e,2026-09-16 15:26:07
EVT_002566,IF_ASM_002,ASM,DLV,API,REST,Failed,ASM_NET_004,Assembly station network connectivity lost,Network,8560,SESS_aca2b148da33,REQ_503cd0d147a2419c,2026-09-16 15:26:55
EVT_000883,IF_ORD_002,ORD,MFG,MsgBus,Async,Warning,ORD_AUTH_003,Order service authentication token expired (correlated with upstream failure on IF_PAY_001),Authentication,434,SESS_138d994c2b0a,REQ_360964122d6d4c96,2026-09-16 15:28:44
EVT_002382,IF_ASM_001,ASM,DLV,MsgBus,Async,Failed,ASM_NET_004,Assembly station network connectivity lost,Network,3474,SESS_28df6ec4ce4a,REQ_3dc8930e9ee74264,2026-09-16 15:28:49
EVT_000049,IF_ORD_001,ORD,PAY,API,REST,Warning,ORD_AUTH_003,Order service authentication token expired,Authentication,654,SESS_d9f195d01482,REQ_86340b2ca1a74e87,2026-09-16 15:30:18
EVT_001776,IF_MFG_004,MFG,PRC,MsgBus,Async,Warning,MFG_QC_003,Quality check parameters out of tolerance,Validation,1526,SESS_d261a7ab3aa2,REQ_e0c18c85f92a4f6f,2026-09-16 15:31:25
EVT_000199,IF_ORD_001,ORD,PAY,API,REST,Failed,ORD_NET_004,Network timeout while contacting order service,Network,2646,SESS_ab05347fd556,REQ_29b04efa33f54add,2026-09-16 15:32:36
EVT_000222,IF_ORD_001,ORD,PAY,API,REST,Failed,ORD_NET_004,Network timeout while contacting order service,Network,3593,SESS_ecfedb992790,REQ_12a7f1f548ea450f,2026-09-16 15:33:19
EVT_001040,IF_ORD_002,ORD,MFG,MsgBus,Async,Failed,ORD_DB_001,Order database connection timeout,Database,4797,SESS_a53f8a28abf3,REQ_2a72761773174984,2026-09-16 15:36:59
EVT_001984,IF_PRC_001,PRC,MFG,ESB,SOAP,Warning,PRC_CFG_003,Procurement routing configuration invalid,Configuration,633,SESS_22f235f2e11b,REQ_a276af94202048f8,2026-09-16 15:37:34
EVT_000171,IF_ORD_001,ORD,PAY,API,REST,Failed,ORD_DB_001,Order database connection timeout,Database,8615,SESS_14c8b3b4a911,REQ_93138a206d53467c,2026-09-16 15:38:02
EVT_001576,IF_MFG_002,MFG,ASM,API,REST,Failed,MFG_DB_002,Manufacturing execution database write failure,Database,3243,SESS_e32f2e63b7fd,REQ_9368fc46a61c47f7,2026-09-16 15:44:29
EVT_001790,IF_MFG_004,MFG,PRC,MsgBus,Async,Failed,MFG_MACHINE_001,Manufacturing machine controller not responding,Infrastructure,1861,SESS_8a80068ddf54,REQ_85b9b0b776af45c1,2026-09-16 15:44:33
EVT_002463,IF_ASM_001,ASM,DLV,MsgBus,Async,Warning,ASM_COMP_001,Assembly component mismatch detected,Validation,1624,SESS_637e4b0122ba,REQ_d58400991fb1479f,2026-09-16 15:45:36
EVT_002607,IF_ASM_002,ASM,DLV,API,REST,Failed,ASM_CAP_003,Assembly line at maximum capacity,Capacity,1680,SESS_0323d342df6a,REQ_85a6254816364e9f,2026-09-16 15:50:14
EVT_000764,IF_ORD_002,ORD,MFG,MsgBus,Async,Failed,ORD_DB_001,Order database connection timeout,Database,7347,SESS_5e5ba13d746c,REQ_7ad6bd9ebea14a7d,2026-09-16 15:50:42
EVT_002165,IF_PRC_002,PRC,ASM,Batch,Batch,Warning,PRC_CFG_003,Procurement routing configuration invalid,Configuration,577,SESS_07f97d05f6ca,REQ_eb9bdd913f6345ce,2026-09-16 15:53:56
EVT_001835,IF_MFG_004,MFG,PRC,MsgBus,Async,Warning,MFG_QC_003,Quality check parameters out of tolerance,Validation,1622,SESS_9dac6e834524,REQ_8ca1c0c7a2304310,2026-09-16 15:54:16
EVT_000008,IF_ORD_001,ORD,PAY,API,REST,Failed,ORD_NET_004,Network timeout while contacting order service,Network,4327,SESS_3bc1a987aff8,REQ_a30bf5cd89924388,2026-09-16 15:58:38
EVT_001929,IF_PRC_001,PRC,MFG,ESB,SOAP,Failed,PRC_PO_001,Purchase order rejected by supplier system,ExternalService,7639,SESS_49a23a89e6b5,REQ_a117d9c491f643e9,2026-09-16 15:58:38
EVT_002944,IF_DLV_001,DLV,PAY,API,REST,Failed,DLV_TIME_003,Carrier API response timeout,Timeout,8292,SESS_5563f61600e8,REQ_1e8e7d9e1d8b474c,2026-09-16 15:59:50
EVT_000869,IF_ORD_002,ORD,MFG,MsgBus,Async,Warning,ORD_NET_004,Network timeout while contacting order service,Network,8720,SESS_9d77a45ef206,REQ_4da50acfc2684c0a,2026-09-16 16:00:23
EVT_000440,IF_PAY_001,PAY,ORD,API,REST,Warning,PAY_AUTH_001,Payment gateway authentication failed,Authentication,1424,SESS_8768a84fa76a,REQ_147fe95384c44cee,2026-09-16 16:01:18
EVT_002457,IF_ASM_001,ASM,DLV,MsgBus,Async,Warning,ASM_COMP_001,Assembly component mismatch detected,Validation,222,SESS_4b7e6b3c87d2,REQ_8bb90686285f4edf,2026-09-16 16:03:10
EVT_001495,IF_MFG_001,MFG,ASM,MsgBus,Async,Warning,MFG_QC_003,Quality check parameters out of tolerance,Validation,1369,SESS_bcae8081bdf0,REQ_e0fca9b0501944d9,2026-09-16 16:03:29
EVT_001658,IF_MFG_003,MFG,ASM,MsgBus,CDC,Failed,MFG_DB_002,Manufacturing execution database write failure,Database,6822,SESS_4fc777685ebb,REQ_62b495cd28794acb,2026-09-16 16:03:29
EVT_000371,IF_PAY_001,PAY,ORD,API,REST,Failed,PAY_AUTHZ_002,Payment authorization declined by issuer,Authorization,1483,SESS_dde9f86322bd,REQ_b649b7064ea843cd,2026-09-16 16:05:07
EVT_000770,IF_ORD_002,ORD,MFG,MsgBus,Async,Failed,ORD_DB_001,Order database connection timeout,Database,2719,SESS_004b6fabfcf5,REQ_f34acb71a5af4db1,2026-09-16 16:05:07
EVT_000848,IF_ORD_002,ORD,MFG,MsgBus,Async,Failed,ORD_NET_004,Network timeout while contacting order service,Network,6482,SESS_58007c0287ea,REQ_7f4ae2f0e0d84820,2026-09-16 16:05:41
EVT_001381,IF_MFG_001,MFG,ASM,MsgBus,Async,Failed,MFG_QC_003,Quality check parameters out of tolerance (correlated with upstream failure on IF_ORD_002),Validation,1130,SESS_49a23a89e6b5,REQ_357bd44680024aed,2026-09-16 16:06:13
EVT_000147,IF_ORD_001,ORD,PAY,API,REST,Failed,ORD_NET_004,Network timeout while contacting order service,Network,3123,SESS_5e84f058d5a8,REQ_29e2a2924819477d,2026-09-16 16:08:41
EVT_002023,IF_PRC_001,PRC,MFG,ESB,SOAP,Failed,PRC_PO_001,Purchase order rejected by supplier system,ExternalService,5319,SESS_aab97e494f2d,REQ_b3ce23877b8644f8,2026-09-16 16:08:56
EVT_000573,IF_PAY_001,PAY,ORD,API,REST,Failed,PAY_TIME_004,Payment gateway response timeout,Timeout,5749,SESS_b00805cca7f3,REQ_764842cbd6314f9f,2026-09-16 16:09:07
EVT_000555,IF_PAY_001,PAY,ORD,API,REST,Failed,PAY_TIME_004,Payment gateway response timeout,Timeout,7172,SESS_c9776598203c,REQ_8cc114ee4cea4bf6,2026-09-16 16:12:42
EVT_001239,IF_ORD_003,ORD,MFG,API,REST,Warning,ORD_DB_001,Order database connection timeout,Database,2188,SESS_8715a10343da,REQ_e8029ab03eab4f1a,2026-09-16 16:15:04
EVT_002665,IF_ASM_002,ASM,DLV,API,REST,Warning,ASM_COMP_001,Assembly component mismatch detected,Validation,504,SESS_4c1f55ab7156,REQ_97f3dbd5f8284226,2026-09-16 16:16:54
EVT_001660,IF_MFG_003,MFG,ASM,MsgBus,CDC,Warning,MFG_QC_003,Quality check parameters out of tolerance,Validation,1879,SESS_7fcd9eb1a7ca,REQ_538eaa6c331342aa,2026-09-16 16:17:03
EVT_002502,IF_ASM_002,ASM,DLV,API,REST,Warning,ASM_COMP_001,Assembly component mismatch detected,Validation,569,SESS_a021c0ca3531,REQ_c93785ced92d4fdd,2026-09-16 16:18:01
EVT_002809,IF_DLV_001,DLV,PAY,API,REST,Warning,DLV_ROUTE_001,Delivery routing service unavailable,ExternalService,4729,SESS_fb140bc3304b,REQ_cbe8235b367e4b97,2026-09-16 16:22:31
EVT_001169,IF_ORD_003,ORD,MFG,API,REST,Failed,ORD_AUTH_003,Order service authentication token expired (correlated with upstream failure on IF_PAY_001),Authentication,1596,SESS_c9776598203c,REQ_c192620999114d09,2026-09-16 16:24:59
EVT_002612,IF_ASM_002,ASM,DLV,API,REST,Failed,ASM_NET_004,Assembly station network connectivity lost,Network,8880,SESS_3bc1a987aff8,REQ_f3a9bf76544b4692,2026-09-16 16:28:35
EVT_002282,IF_ASM_001,ASM,DLV,MsgBus,Async,Warning,ASM_COMP_001,Assembly component mismatch detected,Validation,1868,SESS_5e781fd794e0,REQ_b85699805049400a,2026-09-16 16:29:34
EVT_001314,IF_MFG_001,MFG,ASM,MsgBus,Async,Warning,MFG_QC_003,Quality check parameters out of tolerance,Validation,1836,SESS_96a402f23ae8,REQ_66c5f6086ae64065,2026-09-16 16:30:32
EVT_001099,IF_ORD_003,ORD,MFG,API,REST,Failed,ORD_DB_001,Order database connection timeout,Database,8881,SESS_664fa6637e8f,REQ_ff9bbc244d0443a3,2026-09-16 16:33:57
EVT_001508,IF_MFG_001,MFG,ASM,MsgBus,Async,Warning,MFG_QC_003,Quality check parameters out of tolerance,Validation,1584,SESS_e61ede900267,REQ_fa073927ec4142fe,2026-09-16 16:38:28
EVT_002214,IF_PRC_003,PRC,MFG,API,REST,Failed,PRC_PO_001,Purchase order rejected by supplier system,ExternalService,6852,SESS_5e84f058d5a8,REQ_f374d3d92c5940ae,2026-09-16 16:40:01
EVT_002939,IF_DLV_001,DLV,PAY,API,REST,Warning,DLV_CFG_002,Delivery zone configuration mismatch (correlated with upstream failure on IF_ASM_002),Configuration,221,SESS_3bc1a987aff8,REQ_1f83181742bf4e62,2026-09-16 16:40:39
EVT_002391,IF_ASM_001,ASM,DLV,MsgBus,Async,Failed,ASM_CAP_003,Assembly line at maximum capacity,Capacity,1865,SESS_a5cc8bf738ab,REQ_f92ad1aaeea74f0e,2026-09-16 16:45:16
EVT_000785,IF_ORD_002,ORD,MFG,MsgBus,Async,Failed,ORD_DB_001,Order database connection timeout,Database,5321,SESS_e3b137fc0a34,REQ_49689a5ed06a493e,2026-09-16 16:45:27
EVT_000456,IF_PAY_001,PAY,ORD,API,REST,Failed,PAY_TIME_004,Payment gateway response timeout,Timeout,5916,SESS_570210496a39,REQ_4f8595ccd1fa4321,2026-09-16 16:45:50
EVT_002010,IF_PRC_001,PRC,MFG,ESB,SOAP,Failed,PRC_MAT_002,Material availability check timed out,Timeout,8155,SESS_b7e6427cbf78,REQ_3a700744a0414d09,2026-09-16 16:46:58
EVT_000827,IF_ORD_002,ORD,MFG,MsgBus,Async,Warning,ORD_VAL_002,Order validation failed due to missing required field,Validation,879,SESS_52828d8044b5,REQ_5cc5f54e17344b01,2026-09-16 16:47:19
EVT_002272,IF_ASM_001,ASM,DLV,MsgBus,Async,Failed,ASM_DB_002,Assembly tracking database update failed,Database,5801,SESS_4d37a539857d,REQ_5029bb81a27f469a,2026-09-16 16:48:44
EVT_001198,IF_ORD_003,ORD,MFG,API,REST,Failed,ORD_NET_004,Network timeout while contacting order service,Network,4505,SESS_79699ed2ec48,REQ_26fb822336e74a5c,2026-09-16 16:49:43
EVT_000680,IF_PAY_002,PAY,ORD,ESB,CDC,Failed,PAY_TIME_004,Payment gateway response timeout,Timeout,4048,SESS_acf5e81e7131,REQ_87cb0e403a8c4a52,2026-09-16 16:54:17
EVT_001809,IF_MFG_004,MFG,PRC,MsgBus,Async,Warning,MFG_QC_003,Quality check parameters out of tolerance,Validation,1786,SESS_74672cd9362f,REQ_d08cbe56c5e743f4,2026-09-16 16:55:51
EVT_000326,IF_PAY_001,PAY,ORD,API,REST,Warning,PAY_AUTHZ_002,Payment authorization declined by issuer,Authorization,1458,SESS_e14eb70db380,REQ_15880b96e29d45c8,2026-09-16 16:56:05
EVT_002263,IF_ASM_001,ASM,DLV,MsgBus,Async,Failed,ASM_NET_004,Assembly station network connectivity lost,Network,5265,SESS_fbf6e16f9b30,REQ_9b0a0ddf728e430a,2026-09-16 16:56:31
EVT_002083,IF_PRC_002,PRC,ASM,Batch,Batch,Warning,PRC_CFG_003,Procurement routing configuration invalid,Configuration,771,SESS_0ff0a55c6a70,REQ_a45e60f767244ef0,2026-09-16 16:57:02
EVT_000014,IF_ORD_001,ORD,PAY,API,REST,Warning,ORD_VAL_002,Order validation failed due to missing required field,Validation,1173,SESS_3ae88926b423,REQ_8ebd9756e2c447dd,2026-09-16 16:57:53
EVT_002000,IF_PRC_001,PRC,MFG,ESB,SOAP,Warning,PRC_CFG_003,Procurement routing configuration invalid,Configuration,467,SESS_6dc7cac7fd72,REQ_1263df85f3234f4d,2026-09-16 17:00:04
EVT_001729,IF_MFG_003,MFG,ASM,MsgBus,CDC,Warning,MFG_QC_003,Quality check parameters out of tolerance,Validation,1521,SESS_620a60ac9261,REQ_dc401fcabbb343bb,2026-09-16 17:03:00
EVT_001494,IF_MFG_001,MFG,ASM,MsgBus,Async,Failed,MFG_DB_002,Manufacturing execution database write failure,Database,4743,SESS_99546eb40025,REQ_a3e5e9c8333d40d9,2026-09-16 17:03:04
EVT_000444,IF_PAY_001,PAY,ORD,API,REST,Failed,PAY_TIME_004,Payment gateway response timeout,Timeout,2445,SESS_f30a9e32aba4,REQ_121af72f52734ccf,2026-09-16 17:03:10
EVT_001849,IF_PRC_001,PRC,MFG,ESB,SOAP,Warning,PRC_AUTHZ_004,Procurement user lacks approval authorization,Authorization,1615,SESS_6c8c3b6aa974,REQ_7354bfa0f4534e8c,2026-09-16 17:03:10
EVT_002571,IF_ASM_002,ASM,DLV,API,REST,Failed,ASM_DB_002,Assembly tracking database update failed,Database,5453,SESS_f41ea3ac5fd2,REQ_0019cb85764c44f6,2026-09-16 17:04:30
EVT_002370,IF_ASM_001,ASM,DLV,MsgBus,Async,Warning,ASM_COMP_001,Assembly component mismatch detected,Validation,1273,SESS_de8a774bcf36,REQ_36f5dd89bbf244fc,2026-09-16 17:08:19
EVT_000777,IF_ORD_002,ORD,MFG,MsgBus,Async,Failed,ORD_NET_004,Network timeout while contacting order service,Network,8373,SESS_0cd620c20ea2,REQ_3f2254e8e9554af2,2026-09-16 17:11:24
EVT_000767,IF_ORD_002,ORD,MFG,MsgBus,Async,Failed,ORD_NET_004,Network timeout while contacting order service,Network,2520,SESS_5af305535ec4,REQ_e2f9248380824541,2026-09-16 17:11:25
EVT_001102,IF_ORD_003,ORD,MFG,API,REST,Warning,ORD_VAL_002,Order validation failed due to missing required field (correlated with upstream failure on IF_PAY_001),Validation,1327,SESS_f30a9e32aba4,REQ_623d68c864f84fff,2026-09-16 17:12:24
EVT_002583,IF_ASM_002,ASM,DLV,API,REST,Warning,ASM_COMP_001,Assembly component mismatch detected,Validation,1489,SESS_3c19e71d1184,REQ_b3b3b2b8b7914d0c,2026-09-16 17:14:51
EVT_001041,IF_ORD_002,ORD,MFG,MsgBus,Async,Warning,ORD_VAL_002,Order validation failed due to missing required field (correlated with upstream failure on IF_PAY_001),Validation,460,SESS_f30a9e32aba4,REQ_a58cccaf05b044df,2026-09-16 17:15:43
EVT_000563,IF_PAY_001,PAY,ORD,API,REST,Warning,PAY_AUTH_001,Payment gateway authentication failed,Authentication,1541,SESS_22f235f2e11b,REQ_bdd9e61b344e4a76,2026-09-16 17:17:18
EVT_000061,IF_ORD_001,ORD,PAY,API,REST,Failed,ORD_NET_004,Network timeout while contacting order service,Network,8704,SESS_e1e3db63ef7d,REQ_a9b17547e45d4d8e,2026-09-16 17:18:02
EVT_002859,IF_DLV_001,DLV,PAY,API,REST,Warning,DLV_CFG_002,Delivery zone configuration mismatch (correlated with upstream failure on IF_ASM_002),Configuration,428,SESS_f41ea3ac5fd2,REQ_71ad1e90ad884099,2026-09-16 17:18:15
EVT_000260,IF_ORD_001,ORD,PAY,API,REST,Warning,ORD_AUTH_003,Order service authentication token expired,Authentication,566,SESS_9970cf60ebff,REQ_aeb4d7f75dd24422,2026-09-16 17:18:44
EVT_001974,IF_PRC_001,PRC,MFG,ESB,SOAP,Warning,PRC_CFG_003,Procurement routing configuration invalid,Configuration,145,SESS_0d01280fd89a,REQ_6382d45f5820430d,2026-09-16 17:25:57
EVT_002450,IF_ASM_001,ASM,DLV,MsgBus,Async,Failed,ASM_NET_004,Assembly station network connectivity lost,Network,2924,SESS_e0b15abaa6a2,REQ_a13806373e004a0f,2026-09-16 17:28:22
EVT_000971,IF_ORD_002,ORD,MFG,MsgBus,Async,Warning,ORD_AUTH_003,Order service authentication token expired,Authentication,113,SESS_1165e2109854,REQ_dbbb1dfa3b9542bc,2026-09-16 17:30:07
EVT_001163,IF_ORD_003,ORD,MFG,API,REST,Failed,ORD_NET_004,Network timeout while contacting order service,Network,7452,SESS_345512f701f7,REQ_321bfff00fe44461,2026-09-16 17:31:35
EVT_001409,IF_MFG_001,MFG,ASM,MsgBus,Async,Warning,MFG_QC_003,Quality check parameters out of tolerance,Validation,1261,SESS_f6478986a391,REQ_6c87474a30b2476d,2026-09-16 17:31:35
EVT_001001,IF_ORD_002,ORD,MFG,MsgBus,Async,Warning,ORD_AUTH_003,Order service authentication token expired,Authentication,1523,SESS_7cfc9b793875,REQ_e7c178d7b42045d2,2026-09-16 17:31:38
EVT_002597,IF_ASM_002,ASM,DLV,API,REST,Failed,ASM_CAP_003,Assembly line at maximum capacity,Capacity,630,SESS_6c8c3b6aa974,REQ_74e75bde5fe44d2a,2026-09-16 17:36:55
EVT_001665,IF_MFG_003,MFG,ASM,MsgBus,CDC,Warning,MFG_CAP_004,Manufacturing queue capacity exceeded,Capacity,2050,SESS_9475dbc99641,REQ_c07be847e2e94d30,2026-09-16 17:38:50
EVT_002341,IF_ASM_001,ASM,DLV,MsgBus,Async,Failed,ASM_DB_002,Assembly tracking database update failed,Database,6100,SESS_28df6ec4ce4a,REQ_054f8837dec14a27,2026-09-16 17:39:28
EVT_002651,IF_ASM_002,ASM,DLV,API,REST,Warning,ASM_COMP_001,Assembly component mismatch detected,Validation,1574,SESS_3317347038f1,REQ_97d2eeacaefd4917,2026-09-16 17:46:33
EVT_001932,IF_PRC_001,PRC,MFG,ESB,SOAP,Failed,PRC_MAT_002,Material availability check timed out,Timeout,7971,SESS_0e8fa8e0284d,REQ_413eb6da240d4093,2026-09-16 17:48:58
EVT_001963,IF_PRC_001,PRC,MFG,ESB,SOAP,Failed,PRC_PO_001,Purchase order rejected by supplier system,ExternalService,8462,SESS_89fa6a688fb5,REQ_ccbea7aa622443c2,2026-09-16 17:49:46
EVT_000731,IF_PAY_002,PAY,ORD,ESB,CDC,Failed,PAY_EXT_003,Payment processor external service error,ExternalService,2895,SESS_a95976636daa,REQ_a74fb72d688d4e88,2026-09-16 17:52:09
EVT_000505,IF_PAY_001,PAY,ORD,API,REST,Failed,PAY_EXT_003,Payment processor external service error,ExternalService,6537,SESS_6c8c3b6aa974,REQ_9ecc5c9d925b4dd9,2026-09-16 17:53:37
EVT_002838,IF_DLV_001,DLV,PAY,API,REST,Failed,DLV_DB_004,Delivery tracking database error,Database,4645,SESS_ab7f089acd5f,REQ_74e0ef4093d947f9,2026-09-16 17:54:18
EVT_000832,IF_ORD_002,ORD,MFG,MsgBus,Async,Warning,ORD_VAL_002,Order validation failed due to missing required field,Validation,683,SESS_87f8424daae6,REQ_de90b4d64eba452a,2026-09-16 17:59:58
EVT_001921,IF_PRC_001,PRC,MFG,ESB,SOAP,Warning,PRC_AUTHZ_004,Procurement user lacks approval authorization,Authorization,1837,SESS_69288e92c68a,REQ_8c39544b28e54bc5,2026-09-16 18:03:00
EVT_000084,IF_ORD_001,ORD,PAY,API,REST,Failed,ORD_NET_004,Network timeout while contacting order service,Network,3919,SESS_8e2007247d13,REQ_6551a9bee89c4dbb,2026-09-16 18:03:08
EVT_002986,IF_DLV_001,DLV,PAY,API,REST,Failed,DLV_TIME_003,Carrier API response timeout,Timeout,7588,SESS_39c1e262f76c,REQ_a749098550c048ff,2026-09-16 18:05:16
EVT_002252,IF_ASM_001,ASM,DLV,MsgBus,Async,Warning,ASM_COMP_001,Assembly component mismatch detected,Validation,372,SESS_9b1bc8952af4,REQ_c68db7e66b7f402a,2026-09-16 18:12:50
EVT_000472,IF_PAY_001,PAY,ORD,API,REST,Warning,PAY_AUTHZ_002,Payment authorization declined by issuer,Authorization,594,SESS_81e5c9f693f2,REQ_7a286f63b55d416d,2026-09-16 18:13:01
EVT_000151,IF_ORD_001,ORD,PAY,API,REST,Warning,ORD_AUTH_003,Order service authentication token expired,Authentication,685,SESS_978648f864de,REQ_686ef48d81984024,2026-09-16 18:15:31
EVT_002698,IF_DLV_001,DLV,PAY,API,REST,Warning,DLV_TIME_003,Carrier API response timeout,Timeout,3969,SESS_da587e8aa25d,REQ_11f1c493699c419e,2026-09-16 18:16:44
EVT_001808,IF_MFG_004,MFG,PRC,MsgBus,Async,Failed,MFG_DB_002,Manufacturing execution database write failure,Database,2468,SESS_cc9fd3349bdf,REQ_b184ec87ed63479c,2026-09-16 18:21:13
EVT_002580,IF_ASM_002,ASM,DLV,API,REST,Warning,ASM_COMP_001,Assembly component mismatch detected,Validation,1518,SESS_17e011b7f810,REQ_154ff2141ca545ab,2026-09-16 18:21:41
EVT_000158,IF_ORD_001,ORD,PAY,API,REST,Failed,ORD_AUTH_003,Order service authentication token expired,Authentication,1581,SESS_d3d1bf0f56c4,REQ_c592cecb98a241fc,2026-09-16 18:21:51
EVT_002434,IF_ASM_001,ASM,DLV,MsgBus,Async,Failed,ASM_CAP_003,Assembly line at maximum capacity,Capacity,1560,SESS_72bb912d7da6,REQ_5f9460e15bb848c0,2026-09-16 18:23:07
EVT_000784,IF_ORD_002,ORD,MFG,MsgBus,Async,Failed,ORD_NET_004,Network timeout while contacting order service,Network,6539,SESS_d450281c6c6f,REQ_516c25fb6d454939,2026-09-16 18:27:43
EVT_001243,IF_ORD_003,ORD,MFG,API,REST,Warning,ORD_AUTH_003,Order service authentication token expired,Authentication,1578,SESS_3e3511287900,REQ_9d6f7e13d5ef4af9,2026-09-16 18:28:11
EVT_002478,IF_ASM_002,ASM,DLV,API,REST,Warning,ASM_NET_004,Assembly station network connectivity lost,Network,6901,SESS_2369b584ff5e,REQ_9ee530bc41934be7,2026-09-16 18:34:03
EVT_000923,IF_ORD_002,ORD,MFG,MsgBus,Async,Failed,ORD_NET_004,Network timeout while contacting order service,Network,6471,SESS_f72ada9b2f32,REQ_ffe6e4ef2e4a48a9,2026-09-16 18:35:50
EVT_002870,IF_DLV_001,DLV,PAY,API,REST,Failed,DLV_TIME_003,Carrier API response timeout,Timeout,4954,SESS_57c700aab7b5,REQ_98e5cadfd28547a4,2026-09-16 18:38:45
EVT_001683,IF_MFG_003,MFG,ASM,MsgBus,CDC,Warning,MFG_CAP_004,Manufacturing queue capacity exceeded,Capacity,942,SESS_9e87e04ca208,REQ_76a23632d8e648e8,2026-09-16 18:41:08
EVT_000275,IF_ORD_001,ORD,PAY,API,REST,Warning,ORD_AUTH_003,Order service authentication token expired,Authentication,1378,SESS_1ff49b788946,REQ_b523b51f1d144b00,2026-09-16 18:41:23
EVT_002857,IF_DLV_001,DLV,PAY,API,REST,Warning,DLV_CFG_002,Delivery zone configuration mismatch,Configuration,990,SESS_c0b6fce2de53,REQ_68bac55eb167482d,2026-09-16 18:41:30
EVT_000919,IF_ORD_002,ORD,MFG,MsgBus,Async,Failed,ORD_DB_001,Order database connection timeout,Database,4059,SESS_1bf90e27dc96,REQ_2ac5d2bde52f4cf2,2026-09-16 18:42:49
EVT_000673,IF_PAY_002,PAY,ORD,ESB,CDC,Warning,PAY_AUTH_001,Payment gateway authentication failed,Authentication,422,SESS_d7665cdafe04,REQ_ec0839fd30ed4d03,2026-09-16 18:48:32
EVT_001458,IF_MFG_001,MFG,ASM,MsgBus,Async,Warning,MFG_QC_003,Quality check parameters out of tolerance,Validation,681,SESS_3c19e71d1184,REQ_d4e3976884694629,2026-09-16 19:06:01
EVT_001405,IF_MFG_001,MFG,ASM,MsgBus,Async,Failed,MFG_CAP_004,Manufacturing queue capacity exceeded,Capacity,285,SESS_17e011b7f810,REQ_288040d5b8384b4a,2026-09-16 19:19:58
EVT_002709,IF_DLV_001,DLV,PAY,API,REST,Failed,DLV_CFG_002,Delivery zone configuration mismatch,Configuration,1441,SESS_f3b1025bfff9,REQ_a2ef7b61c79545d7,2026-09-16 19:27:28
EVT_001825,IF_MFG_004,MFG,PRC,MsgBus,Async,Failed,MFG_CAP_004,Manufacturing queue capacity exceeded,Capacity,1233,SESS_c30ff46e8026,REQ_7865fbbd08554cab,2026-09-16 19:30:00
EVT_000980,IF_ORD_002,ORD,MFG,MsgBus,Async,Warning,ORD_VAL_002,Order validation failed due to missing required field,Validation,1975,SESS_9424aed51bac,REQ_25e0bbcd06e9435c,2026-09-16 19:43:37
EVT_001280,IF_ORD_003,ORD,MFG,API,REST,Warning,ORD_AUTH_003,Order service authentication token expired,Authentication,1708,SESS_b7c93acfe059,REQ_2b2bf76d2dc547ec,2026-09-16 19:45:33
EVT_000870,IF_ORD_002,ORD,MFG,MsgBus,Async,Failed,ORD_AUTH_003,Order service authentication token expired,Authentication,709,SESS_11ce5dd2b45e,REQ_8721a90d0f6d42aa,2026-09-16 19:49:17
EVT_002203,IF_PRC_003,PRC,MFG,API,REST,Failed,PRC_MAT_002,Material availability check timed out,Timeout,3821,SESS_6a5d932b45ff,REQ_0f67b11b05c44cee,2026-09-16 19:51:24
EVT_000432,IF_PAY_001,PAY,ORD,API,REST,Failed,PAY_EXT_003,Payment processor external service error,ExternalService,5890,SESS_fbddcf7c9c96,REQ_1fceecba1ca1411e,2026-09-16 19:53:26
EVT_000332,IF_PAY_001,PAY,ORD,API,REST,Failed,PAY_AUTH_001,Payment gateway authentication failed,Authentication,151,SESS_1d691fba5e18,REQ_f3fb739fb0bc4113,2026-09-16 19:55:30
EVT_001392,IF_MFG_001,MFG,ASM,MsgBus,Async,Warning,MFG_MACHINE_001,Manufacturing machine controller not responding,Infrastructure,1357,SESS_26242b40a5cb,REQ_c5627857b80c4a7b,2026-09-16 20:11:07
EVT_002762,IF_DLV_001,DLV,PAY,API,REST,Failed,DLV_TIME_003,Carrier API response timeout,Timeout,4353,SESS_1d4a3d81b3a7,REQ_26b4992d5f614068,2026-09-16 20:32:46
EVT_000491,IF_PAY_001,PAY,ORD,API,REST,Warning,PAY_AUTH_001,Payment gateway authentication failed,Authentication,470,SESS_45b1ed25f153,REQ_ffaad1cf74064330,2026-09-16 20:41:21
EVT_002527,IF_ASM_002,ASM,DLV,API,REST,Warning,ASM_COMP_001,Assembly component mismatch detected,Validation,711,SESS_1ca35cfb04fc,REQ_16f9a655a6814d98,2026-09-16 20:42:18
EVT_002943,IF_DLV_001,DLV,PAY,API,REST,Failed,DLV_TIME_003,Carrier API response timeout,Timeout,5039,SESS_dc0f2fcfb3f6,REQ_b14ec9d144ec40e7,2026-09-16 20:43:34
EVT_000213,IF_ORD_001,ORD,PAY,API,REST,Warning,ORD_VAL_002,Order validation failed due to missing required field,Validation,538,SESS_7f671eec3da7,REQ_12fe92a877b144ba,2026-09-16 20:45:45
EVT_000860,IF_ORD_002,ORD,MFG,MsgBus,Async,Failed,ORD_DB_001,Order database connection timeout,Database,4652,SESS_26d794d30db9,REQ_00a550d78d684812,2026-09-16 20:47:52
EVT_001476,IF_MFG_001,MFG,ASM,MsgBus,Async,Failed,MFG_MACHINE_001,Manufacturing machine controller not responding (correlated with upstream failure on IF_ORD_002),Infrastructure,1352,SESS_26d794d30db9,REQ_15615e67502843e1,2026-09-16 20:52:18
EVT_000682,IF_PAY_002,PAY,ORD,ESB,CDC,Warning,PAY_AUTH_001,Payment gateway authentication failed,Authentication,1046,SESS_f2311f179586,REQ_ab816147ec314397,2026-09-16 20:55:25
EVT_001695,IF_MFG_003,MFG,ASM,MsgBus,CDC,Failed,MFG_MACHINE_001,Manufacturing machine controller not responding,Infrastructure,1213,SESS_218a15368c99,REQ_7a35e7416e3140ce,2026-09-16 20:57:36
EVT_001781,IF_MFG_004,MFG,PRC,MsgBus,Async,Failed,MFG_MACHINE_001,Manufacturing machine controller not responding,Infrastructure,1252,SESS_e8a3f341c881,REQ_073d7c106c1040b2,2026-09-16 20:58:19
EVT_000538,IF_PAY_001,PAY,ORD,API,REST,Warning,PAY_AUTHZ_002,Payment authorization declined by issuer,Authorization,493,SESS_e827a1b9d4a0,REQ_37b8162bee574f59,2026-09-16 21:04:53
EVT_001052,IF_ORD_002,ORD,MFG,MsgBus,Async,Failed,ORD_VAL_002,Order validation failed due to missing required field,Validation,346,SESS_f1eedba31343,REQ_0ec0929b28554a72,2026-09-16 21:05:19
EVT_001788,IF_MFG_004,MFG,PRC,MsgBus,Async,Warning,MFG_QC_003,Quality check parameters out of tolerance,Validation,400,SESS_afd5dea589d7,REQ_3863188b89b24b2a,2026-09-16 21:17:47
EVT_002259,IF_ASM_001,ASM,DLV,MsgBus,Async,Failed,ASM_NET_004,Assembly station network connectivity lost,Network,6910,SESS_0f6b40d09efb,REQ_828d9713dc31444f,2026-09-16 21:25:01
EVT_001484,IF_MFG_001,MFG,ASM,MsgBus,Async,Warning,MFG_QC_003,Quality check parameters out of tolerance,Validation,682,SESS_ec24a3c5c754,REQ_9a6aea3af34a4830,2026-09-16 21:25:36
EVT_001394,IF_MFG_001,MFG,ASM,MsgBus,Async,Failed,MFG_MACHINE_001,Manufacturing machine controller not responding,Infrastructure,1945,SESS_a8f7ef5a060e,REQ_fc1c5882259d493c,2026-09-16 21:49:05
EVT_002789,IF_DLV_001,DLV,PAY,API,REST,Failed,DLV_ROUTE_001,Delivery routing service unavailable,ExternalService,5321,SESS_2dea94930658,REQ_5b36906bf1404db5,2026-09-16 21:49:46
EVT_002424,IF_ASM_001,ASM,DLV,MsgBus,Async,Warning,ASM_COMP_001,Assembly component mismatch detected,Validation,339,SESS_46fb7bf300b9,REQ_971e57e089064828,2026-09-16 22:00:28
EVT_002285,IF_ASM_001,ASM,DLV,MsgBus,Async,Failed,ASM_NET_004,Assembly station network connectivity lost,Network,2463,SESS_8f9b72aed85c,REQ_c6c57c03d88743ba,2026-09-16 22:20:52
EVT_000051,IF_ORD_001,ORD,PAY,API,REST,Failed,ORD_NET_004,Network timeout while contacting order service,Network,8261,SESS_687213f98d60,REQ_d4ff0111b75541f2,2026-09-16 22:30:04
EVT_000133,IF_ORD_001,ORD,PAY,API,REST,Failed,ORD_DB_001,Order database connection timeout,Database,4194,SESS_c696f5e64944,REQ_c0c88fe09d0f43d2,2026-09-16 22:34:52
EVT_002562,IF_ASM_002,ASM,DLV,API,REST,Failed,ASM_DB_002,Assembly tracking database update failed,Database,5656,SESS_088a93ec70d9,REQ_3d42390d7a3d467f,2026-09-16 22:36:02
EVT_002029,IF_PRC_001,PRC,MFG,ESB,SOAP,Warning,PRC_AUTHZ_004,Procurement user lacks approval authorization,Authorization,1480,SESS_1b19d8b8d830,REQ_c9e6da2252094539,2026-09-16 22:46:32
EVT_002694,IF_DLV_001,DLV,PAY,API,REST,Failed,DLV_ROUTE_001,Delivery routing service unavailable (correlated with upstream failure on IF_ASM_002),ExternalService,4962,SESS_088a93ec70d9,REQ_f16b9b3435f6439e,2026-09-16 22:47:37
EVT_002973,IF_DLV_001,DLV,PAY,API,REST,Failed,DLV_CFG_002,Delivery zone configuration mismatch,Configuration,568,SESS_7f671eec3da7,REQ_3e79ef4dadc14578,2026-09-16 22:49:14
EVT_002956,IF_DLV_001,DLV,PAY,API,REST,Warning,DLV_TIME_003,Carrier API response timeout,Timeout,5604,SESS_80759f1f87e5,REQ_a203ff72766f48bd,2026-09-16 23:11:23
EVT_002138,IF_PRC_002,PRC,ASM,Batch,Batch,Warning,PRC_AUTHZ_004,Procurement user lacks approval authorization,Authorization,3692,SESS_12476f57a5e5,REQ_575e0a8cc9e3453d,2026-09-16 23:20:54
EVT_001436,IF_MFG_001,MFG,ASM,MsgBus,Async,Warning,MFG_QC_003,Quality check parameters out of tolerance,Validation,1895,SESS_21a4344fbb7b,REQ_884dc7ef2f3b422d,2026-09-16 23:34:42
