EventID,InterfaceID,SourceSystem,TargetSystem,Middleware,Pattern,Status,ErrorCode,ErrorText,RootCauseClass,Latency_ms,SessionID,RequestID,Timestamp
EVT-0000037,IF_CRMSM_SAPPP_001,CRM,SAP_ERP,REST_API,REST,Success,,,,2066,SESS-5083DB6C70,REQ-7A204BEE6A3F,2026-09-11 07:19:42
EVT-0000045,IF_CRMDM_ORSC_001,CRM,ORACLE_SCM,Kafka,Async,Failed,VAL_400,Required business field failed validation,Validation,5138,SESS-F3EAB2D34F,REQ-C1A2CD9E10B6,2026-09-13 08:31:12
EVT-0000054,IF_CRMSM_SAPPP_001,CRM,SAP_ERP,REST_API,REST,Success,,,,1976,SESS-DAA00EB4B5,REQ-261DCFC3972A,2026-09-13 13:23:41
EVT-0000060,IF_CRMSM_SAPPP_001,CRM,SAP_ERP,REST_API,REST,Retry,NET_CONN_003,Connection reset by peer,Network,5694,SESS-A5A0E69B0A,REQ-A3358F96F21E,2026-09-15 12:03:54
EVT-0000093,IF_CRMSM_SAPPP_001,CRM,SAP_ERP,REST_API,REST,Retry,DB_COMMIT_014,Transaction commit failed,Database,8979,SESS-3E9CB4AFB1,REQ-37DD95835C87,2026-09-13 14:42:23
EVT-0000099,IF_CRMSM_SAPPP_001,CRM,SAP_ERP,REST_API,REST,Success,,,,2558,SESS-5B767E0C41,REQ-0A8D6BCD505E,2026-09-15 08:39:00
EVT-0000114,IF_CRMOM_OROM_001,CRM,ORACLE_SCM,REST_API,REST,Success,,,,1311,SESS-02B42172ED,REQ-D74477D0945A,2026-09-15 09:40:53
EVT-0000120,IF_CRMOM_OROM_001,CRM,ORACLE_SCM,REST_API,REST,Success,,,,888,SESS-9D3551CE5C,REQ-21A634C3FE2F,2026-09-16 01:03:13
EVT-0000121,IF_CRMDM_ORSC_001,CRM,ORACLE_SCM,Kafka,Async,Success,,,,1937,SESS-A4954C6829,REQ-CE7F4A3601D1,2026-09-13 19:04:43
EVT-0000134,IF_CRMDM_ORSC_001,CRM,ORACLE_SCM,Kafka,Async,Retry,TIME_004,Downstream response exceeded SLA,Timeout,8357,SESS-34BAD9D308,REQ-1C377EDF95DE,2026-09-16 23:02:35
EVT-0000139,IF_CRMSM_SAPPP_001,CRM,SAP_ERP,REST_API,REST,Success,,,,2101,SESS-CE099AE6D0,REQ-1C8039C82167,2026-09-10 02:22:15
EVT-0000148,IF_CRMOM_OROM_001,CRM,ORACLE_SCM,REST_API,REST,Success,,,,1385,SESS-F03685DB24,REQ-5A3E746CF443,2026-09-16 06:31:07
EVT-0000152,IF_CRMSM_SAPPP_001,CRM,SAP_ERP,REST_API,REST,Success,,,,2654,SESS-A1E18FE826,REQ-4CC4C81C53CB,2026-09-11 16:28:28
EVT-0000164,IF_CRMDM_ORSC_001,CRM,ORACLE_SCM,Kafka,Async,Success,,,,2428,SESS-A0D14AC72F,REQ-D66BDB4312D0,2026-09-10 00:26:10
EVT-0000176,IF_CRMDM_ORSC_001,CRM,ORACLE_SCM,Kafka,Async,Success,,,,2672,SESS-C6A1F354F9,REQ-A4A64F658BF7,2026-09-14 18:34:13
EVT-0000184,IF_CRMOM_OROM_001,CRM,ORACLE_SCM,REST_API,REST,Success,,,,996,SESS-11F7BEDD71,REQ-E06CCCE81A52,2026-09-14 12:26:52
EVT-0000188,IF_CRMSM_SAPPP_001,CRM,SAP_ERP,REST_API,REST,Success,,,,2398,SESS-1FAE3632D5,REQ-80EBF64EE24F,2026-09-16 12:29:18
EVT-0000199,IF_CRMDM_ORSC_001,CRM,ORACLE_SCM,Kafka,Async,Retry,DB_COMMIT_014,Transaction commit failed,Database,3761,SESS-C3C9AD5403,REQ-29379575DEE0,2026-09-13 06:21:52
EVT-0000205,IF_CRMDM_ORSC_001,CRM,ORACLE_SCM,Kafka,Async,Success,,,,1785,SESS-205E2E8C95,REQ-4B29775B7B1D,2026-09-13 11:10:34
EVT-0000211,IF_CRMSM_SAPPP_001,CRM,SAP_ERP,REST_API,REST,Success,,,,2973,SESS-6BA00AEB92,REQ-CB40E8E84516,2026-09-13 16:21:26
EVT-0000232,IF_CRMSM_SAPPP_001,CRM,SAP_ERP,REST_API,REST,Success,,,,1375,SESS-F6DBFA98B0,REQ-6F24458A7277,2026-09-14 03:42:56
EVT-0000261,IF_CRMOM_OROM_001,CRM,ORACLE_SCM,REST_API,REST,Success,,,,1670,SESS-63EE64D193,REQ-5583791F16C3,2026-09-15 09:03:03
EVT-0000269,IF_CRMOM_OROM_001,CRM,ORACLE_SCM,REST_API,REST,Success,,,,1422,SESS-F923BEC184,REQ-A0F58F901DBB,2026-09-12 04:41:04
EVT-0000281,IF_CRMDM_ORSC_001,CRM,ORACLE_SCM,Kafka,Async,Success,,,,2039,SESS-880B62B55A,REQ-2FDD7CBD1FCA,2026-09-11 03:19:17
EVT-0000294,IF_CRMDM_ORSC_001,CRM,ORACLE_SCM,Kafka,Async,Success,,,,2181,SESS-6DB7C07AFE,REQ-3C1080B95BBA,2026-09-16 08:36:25
EVT-0000296,IF_CRMOM_OROM_001,CRM,ORACLE_SCM,REST_API,REST,Success,,,,1572,SESS-9DF31BCA2A,REQ-9BE0380E1D6C,2026-09-12 22:13:14
EVT-0000303,IF_CRMDM_ORSC_001,CRM,ORACLE_SCM,Kafka,Async,Success,,,,2114,SESS-A8536E1997,REQ-C1018CEE4DA1,2026-09-13 11:39:56
EVT-0000315,IF_CRMSM_SAPPP_001,CRM,SAP_ERP,REST_API,REST,Success,,,,2557,SESS-B95B02F3ED,REQ-BDD4EFBCF2B9,2026-09-11 17:31:15
EVT-0000336,IF_CRMOM_OROM_001,CRM,ORACLE_SCM,REST_API,REST,Success,,,,1024,SESS-334C34E17A,REQ-52F4BE715F07,2026-09-13 12:17:54
EVT-0000344,IF_CRMSM_SAPPP_001,CRM,SAP_ERP,REST_API,REST,Success,,,,2144,SESS-436598C30B,REQ-0C9F6849BE4C,2026-09-13 05:06:09
EVT-0000362,IF_CRMSM_SAPPP_001,CRM,SAP_ERP,REST_API,REST,Success,,,,2288,SESS-7BF0F041A2,REQ-2B9F126C2775,2026-09-11 00:55:52
EVT-0000371,IF_CRMDM_ORSC_001,CRM,ORACLE_SCM,Kafka,Async,Success,,,,2324,SESS-AB6F8F188A,REQ-5134C764FF4F,2026-09-15 00:19:15
EVT-0000374,IF_CRMOM_OROM_001,CRM,ORACLE_SCM,REST_API,REST,Success,,,,1485,SESS-852537F6FC,REQ-F95DBDB1E976,2026-09-16 05:20:50
EVT-0000377,IF_CRMOM_OROM_001,CRM,ORACLE_SCM,REST_API,REST,Success,,,,1828,SESS-999DFB318F,REQ-05F202F1CACD,2026-09-14 17:09:53
EVT-0000419,IF_CRMOM_OROM_001,CRM,ORACLE_SCM,REST_API,REST,Success,,,,1138,SESS-1A1EFEF3A9,REQ-674935015D52,2026-09-15 11:43:07
EVT-0000428,IF_CRMOM_OROM_001,CRM,ORACLE_SCM,REST_API,REST,Success,,,,1222,SESS-D72800B8F8,REQ-D5E7E474F678,2026-09-14 11:29:49
EVT-0000435,IF_CRMDM_ORSC_001,CRM,ORACLE_SCM,Kafka,Async,Success,,,,1421,SESS-314C977A89,REQ-A4F0F1262608,2026-09-11 18:16:52
EVT-0000436,IF_CRMDM_ORSC_001,CRM,ORACLE_SCM,Kafka,Async,Success,,,,1173,SESS-9AE23F29BB,REQ-E340C2130330,2026-09-10 10:41:31
EVT-0000451,IF_CRMSM_SAPPP_001,CRM,SAP_ERP,REST_API,REST,Success,,,,2091,SESS-17735610DC,REQ-57EA3D6105E9,2026-09-15 10:53:56
EVT-0000452,IF_CRMDM_ORSC_001,CRM,ORACLE_SCM,Kafka,Async,Success,,,,3079,SESS-BD445DD783,REQ-D8426C71B50E,2026-09-12 12:21:32
EVT-0000467,IF_CRMSM_SAPPP_001,CRM,SAP_ERP,REST_API,REST,Success,,,,2439,SESS-CA1053F314,REQ-FF4CF7D8B0CA,2026-09-11 10:41:27
EVT-0000470,IF_CRMSM_SAPPP_001,CRM,SAP_ERP,REST_API,REST,Success,,,,2803,SESS-BD39C96AFA,REQ-5662682A7161,2026-09-16 19:28:17
EVT-0000482,IF_CRMDM_ORSC_001,CRM,ORACLE_SCM,Kafka,Async,Success,,,,2326,SESS-A88C935165,REQ-B7073782615B,2026-09-14 10:08:32
EVT-0000491,IF_CRMOM_OROM_001,CRM,ORACLE_SCM,REST_API,REST,Success,,,,1523,SESS-7584EB5E83,REQ-EE4AC17EB17F,2026-09-10 02:57:54
EVT-0000497,IF_CRMOM_OROM_001,CRM,ORACLE_SCM,REST_API,REST,Success,,,,1218,SESS-9506468FDE,REQ-ADABC6AA71CF,2026-09-15 12:29:41
EVT-0000498,IF_CRMOM_OROM_001,CRM,ORACLE_SCM,REST_API,REST,Success,,,,955,SESS-929EADCC1A,REQ-3BFE1EA06847,2026-09-15 21:26:28
EVT-0000510,IF_CRMOM_OROM_001,CRM,ORACLE_SCM,REST_API,REST,Success,,,,1122,SESS-96F39F1F15,REQ-F2374CB9BBC5,2026-09-15 07:29:04
EVT-0000517,IF_CRMOM_OROM_001,CRM,ORACLE_SCM,REST_API,REST,Success,,,,1973,SESS-A261B17223,REQ-2C6457A35149,2026-09-10 11:48:37
EVT-0000524,IF_CRMOM_OROM_001,CRM,ORACLE_SCM,REST_API,REST,Success,,,,930,SESS-22A162D686,REQ-E5A942DF9CD7,2026-09-16 00:46:48
EVT-0000526,IF_CRMOM_OROM_001,CRM,ORACLE_SCM,REST_API,REST,Retry,CFG_017,Interface configuration mismatch,Configuration,5372,SESS-8A20569C29,REQ-A332FBC63699,2026-09-10 07:19:03
EVT-0000559,IF_CRMSM_SAPPP_001,CRM,SAP_ERP,REST_API,REST,Success,,,,2737,SESS-C69C182C87,REQ-713F1136D81B,2026-09-15 01:58:22
EVT-0000561,IF_CRMSM_SAPPP_001,CRM,SAP_ERP,REST_API,REST,Success,,,,2599,SESS-3E31396891,REQ-FE120744AB27,2026-09-13 00:30:33
EVT-0000575,IF_CRMSM_SAPPP_001,CRM,SAP_ERP,REST_API,REST,Success,,,,2563,SESS-A709B2D666,REQ-70F9BCC14595,2026-09-16 06:13:24
EVT-0000581,IF_CRMSM_SAPPP_001,CRM,SAP_ERP,REST_API,REST,Success,,,,2536,SESS-C0EA522A2E,REQ-32E1B506C99B,2026-09-16 09:38:57
EVT-0000584,IF_CRMOM_OROM_001,CRM,ORACLE_SCM,REST_API,REST,Retry,INFRA_008,Runtime node unavailable,Infrastructure,2723,SESS-E523F660DF,REQ-A23CF8A9CA6B,2026-09-11 19:56:00
EVT-0000602,IF_CRMDM_ORSC_001,CRM,ORACLE_SCM,Kafka,Async,Success,,,,3406,SESS-9D2AE83554,REQ-62A2BDDF2B0C,2026-09-10 11:19:25
EVT-0000610,IF_CRMSM_SAPPP_001,CRM,SAP_ERP,REST_API,REST,Success,,,,2765,SESS-884546722F,REQ-3CEB270817BE,2026-09-10 14:37:19
EVT-0000630,IF_CRMOM_OROM_001,CRM,ORACLE_SCM,REST_API,REST,Success,,,,843,SESS-233BA0C70C,REQ-9AAD80EB1D16,2026-09-12 02:04:44
EVT-0000652,IF_CRMSM_SAPPP_001,CRM,SAP_ERP,REST_API,REST,Failed,INFRA_008,Runtime node unavailable,Infrastructure,18862,SESS-1A4A9E7428,REQ-1BDAFE091896,2026-09-13 21:19:38
EVT-0000661,IF_CRMSM_SAPPP_001,CRM,SAP_ERP,REST_API,REST,Success,,,,2560,SESS-E307289E65,REQ-ED03B8796F91,2026-09-12 17:07:02
EVT-0000668,IF_CRMDM_ORSC_001,CRM,ORACLE_SCM,Kafka,Async,Success,,,,1956,SESS-479CB0FA9B,REQ-514F62CA6C4A,2026-09-13 06:10:05
EVT-0000684,IF_CRMDM_ORSC_001,CRM,ORACLE_SCM,Kafka,Async,Success,,,,2624,SESS-BC40940D6D,REQ-96C605FB29C1,2026-09-16 00:17:35
EVT-0000697,IF_CRMSM_SAPPP_001,CRM,SAP_ERP,REST_API,REST,Retry,AUTH_401,Service credential rejected,Authentication,7897,SESS-94E9E66498,REQ-2BD6DE5C11C6,2026-09-16 22:11:48
EVT-0000712,IF_CRMOM_OROM_001,CRM,ORACLE_SCM,REST_API,REST,Success,,,,970,SESS-542CF4EFAD,REQ-B894E41AF5F1,2026-09-16 19:27:51
EVT-0000714,IF_CRMSM_SAPPP_001,CRM,SAP_ERP,REST_API,REST,Success,,,,1495,SESS-E4AFB5CCD4,REQ-A92DCBBC0C56,2026-09-14 08:53:28
EVT-0000720,IF_CRMOM_OROM_001,CRM,ORACLE_SCM,REST_API,REST,Retry,DB_COMMIT_014,Transaction commit failed,Database,5101,SESS-2367F67280,REQ-036C5B14ADA3,2026-09-11 04:51:17
EVT-0000721,IF_CRMSM_SAPPP_001,CRM,SAP_ERP,REST_API,REST,Success,,,,1747,SESS-0491C7D6AA,REQ-1D56CDE61E59,2026-09-12 02:41:54
EVT-0000728,IF_CRMOM_OROM_001,CRM,ORACLE_SCM,REST_API,REST,Success,,,,1332,SESS-785261F1C1,REQ-2AA76D3F6CFD,2026-09-14 02:30:30
EVT-0000730,IF_CRMDM_ORSC_001,CRM,ORACLE_SCM,Kafka,Async,Success,,,,1980,SESS-8B9AAFAD8E,REQ-9A10D1EC4FD2,2026-09-16 19:19:42
EVT-0000741,IF_CRMSM_SAPPP_001,CRM,SAP_ERP,REST_API,REST,Failed,NET_CONN_003,Connection reset by peer,Network,14109,SESS-FE960C6142,REQ-055D6D4CBA08,2026-09-16 21:37:53
EVT-0000752,IF_CRMSM_SAPPP_001,CRM,SAP_ERP,REST_API,REST,Success,,,,2894,SESS-6E97DFB87B,REQ-C51613BA20A2,2026-09-13 18:55:42
EVT-0000756,IF_CRMSM_SAPPP_001,CRM,SAP_ERP,REST_API,REST,Success,,,,1783,SESS-E4B6C7E44D,REQ-EFB6C15924FF,2026-09-14 00:12:16
EVT-0000762,IF_CRMSM_SAPPP_001,CRM,SAP_ERP,REST_API,REST,Success,,,,2658,SESS-EF00938ADD,REQ-A54C9814690F,2026-09-13 21:33:27
EVT-0000764,IF_CRMOM_OROM_001,CRM,ORACLE_SCM,REST_API,REST,Retry,NET_CONN_003,Connection reset by peer,Network,3472,SESS-E65C7D260F,REQ-05BE6D3D440B,2026-09-12 17:47:35
EVT-0000767,IF_CRMOM_OROM_001,CRM,ORACLE_SCM,REST_API,REST,Success,,,,1456,SESS-691D1D4855,REQ-E02CDD16705F,2026-09-16 10:41:04
EVT-0000772,IF_CRMDM_ORSC_001,CRM,ORACLE_SCM,Kafka,Async,Retry,VAL_400,Required business field failed validation,Validation,7383,SESS-E2F3C31CB2,REQ-DA0F31771569,2026-09-13 09:17:58
EVT-0000773,IF_CRMOM_OROM_001,CRM,ORACLE_SCM,REST_API,REST,Success,,,,1491,SESS-77E5C1173A,REQ-7BD20ECB7A7C,2026-09-12 04:46:22
EVT-0000788,IF_CRMOM_OROM_001,CRM,ORACLE_SCM,REST_API,REST,Success,,,,1620,SESS-6CE481D2BC,REQ-9CC806F099DE,2026-09-12 03:10:53
EVT-0000800,IF_CRMOM_OROM_001,CRM,ORACLE_SCM,REST_API,REST,Success,,,,961,SESS-D4889B593F,REQ-F3CF94460219,2026-09-15 12:54:22
EVT-0000814,IF_CRMDM_ORSC_001,CRM,ORACLE_SCM,Kafka,Async,Success,,,,1859,SESS-F28D56EBB1,REQ-7815ACFEEB3A,2026-09-14 00:57:10
EVT-0000817,IF_CRMOM_OROM_001,CRM,ORACLE_SCM,REST_API,REST,Failed,NET_CONN_003,Connection reset by peer,Network,11710,SESS-F6BF1A79E8,REQ-60DB5748B922,2026-09-10 03:38:00
EVT-0000826,IF_CRMOM_OROM_001,CRM,ORACLE_SCM,REST_API,REST,Retry,TIME_004,Downstream response exceeded SLA,Timeout,4423,SESS-9714DB73D0,REQ-DF98A083B15A,2026-09-11 02:22:52
EVT-0000829,IF_CRMDM_ORSC_001,CRM,ORACLE_SCM,Kafka,Async,Success,,,,2462,SESS-CC22997B09,REQ-2A1FC7638C77,2026-09-11 14:37:23
EVT-0000836,IF_CRMSM_SAPPP_001,CRM,SAP_ERP,REST_API,REST,Success,,,,2046,SESS-45ABE6E4F6,REQ-CBBAC1CC92B6,2026-09-15 18:45:46
EVT-0000837,IF_CRMOM_OROM_001,CRM,ORACLE_SCM,REST_API,REST,Success,,,,1122,SESS-0A490AB1E9,REQ-399CA9626825,2026-09-13 06:13:48
EVT-0000838,IF_CRMDM_ORSC_001,CRM,ORACLE_SCM,Kafka,Async,Success,,,,1831,SESS-3B4C5B95D7,REQ-1AB3706AC322,2026-09-14 18:37:02
EVT-0000843,IF_CRMSM_SAPPP_001,CRM,SAP_ERP,REST_API,REST,Success,,,,2584,SESS-1E3EDAD14A,REQ-7B828865CBAC,2026-09-15 09:11:23
EVT-0000847,IF_CRMOM_OROM_001,CRM,ORACLE_SCM,REST_API,REST,Success,,,,1372,SESS-F8ECB50F2D,REQ-6EF867E853DF,2026-09-13 02:23:56
EVT-0000857,IF_CRMOM_OROM_001,CRM,ORACLE_SCM,REST_API,REST,Failed,CAP_003,Downstream service is at capacity,Capacity,4321,SESS-D7EF82F6CC,REQ-64A2312A3A9F,2026-09-13 06:27:04
EVT-0000858,IF_CRMDM_ORSC_001,CRM,ORACLE_SCM,Kafka,Async,Success,,,,2459,SESS-BD3EB48D50,REQ-C45B4DBA7E37,2026-09-14 13:02:59
EVT-0000862,IF_CRMDM_ORSC_001,CRM,ORACLE_SCM,Kafka,Async,Success,,,,3272,SESS-948616419E,REQ-260257FE4DEF,2026-09-10 19:13:20
EVT-0000866,IF_CRMDM_ORSC_001,CRM,ORACLE_SCM,Kafka,Async,Success,,,,3181,SESS-E0E12DAE70,REQ-BF5D6E9104D8,2026-09-14 02:53:36
EVT-0000870,IF_CRMSM_SAPPP_001,CRM,SAP_ERP,REST_API,REST,Success,,,,2650,SESS-F7E1DF595C,REQ-17718BC4DC83,2026-09-10 13:50:30
EVT-0000908,IF_CRMSM_SAPPP_001,CRM,SAP_ERP,REST_API,REST,Success,,,,3005,SESS-5E00F5CF15,REQ-DCC887A252AC,2026-09-10 22:45:32
EVT-0000925,IF_CRMOM_OROM_001,CRM,ORACLE_SCM,REST_API,REST,Success,,,,1497,SESS-A389999929,REQ-A21BE8B72C0A,2026-09-12 09:50:05
EVT-0000937,IF_CRMDM_ORSC_001,CRM,ORACLE_SCM,Kafka,Async,Success,,,,1724,SESS-5FA66DD969,REQ-A565C71F7DC5,2026-09-16 12:45:46
EVT-0000947,IF_CRMOM_OROM_001,CRM,ORACLE_SCM,REST_API,REST,Success,,,,1271,SESS-0A26E59C7B,REQ-EB7A51E86D85,2026-09-11 19:10:01
EVT-0000956,IF_CRMDM_ORSC_001,CRM,ORACLE_SCM,Kafka,Async,Success,,,,2698,SESS-5297684ABF,REQ-1F2CA919FBC1,2026-09-10 03:29:32
EVT-0000973,IF_CRMSM_SAPPP_001,CRM,SAP_ERP,REST_API,REST,Success,,,,2460,SESS-C6C22ACBB1,REQ-72E070A757CE,2026-09-16 18:35:51
EVT-0000974,IF_CRMOM_OROM_001,CRM,ORACLE_SCM,REST_API,REST,Success,,,,1393,SESS-C0110A1C6C,REQ-8F3940EBABF0,2026-09-14 08:24:33
EVT-0000990,IF_CRMDM_ORSC_001,CRM,ORACLE_SCM,Kafka,Async,Success,,,,2467,SESS-3407D0EB80,REQ-94C198ED94CD,2026-09-12 18:21:23
EVT-0000996,IF_CRMSM_SAPPP_001,CRM,SAP_ERP,REST_API,REST,Success,,,,1670,SESS-5102606D91,REQ-3030F77191AB,2026-09-14 01:45:14
EVT-0000999,IF_CRMOM_OROM_001,CRM,ORACLE_SCM,REST_API,REST,Retry,NET_CONN_003,Connection reset by peer,Network,3437,SESS-5EEDD1FF10,REQ-A0CD5C08ECD3,2026-09-15 13:54:28
EVT-0001015,IF_CRMSM_SAPPP_001,CRM,SAP_ERP,REST_API,REST,Failed,EXT_502,Downstream service returned 502,External Service,13126,SESS-92E5C3174B,REQ-60745CB3DB7D,2026-09-12 03:49:55
EVT-0001033,IF_CRMOM_OROM_001,CRM,ORACLE_SCM,REST_API,REST,Success,,,,1022,SESS-2092C8787F,REQ-9BCD3491E8BF,2026-09-13 05:27:08
EVT-0001043,IF_CRMOM_OROM_001,CRM,ORACLE_SCM,REST_API,REST,Success,,,,661,SESS-D1CE91B3E8,REQ-02B5FFF8435C,2026-09-10 04:13:30
EVT-0001054,IF_CRMSM_SAPPP_001,CRM,SAP_ERP,REST_API,REST,Success,,,,1834,SESS-BA24DA3A02,REQ-DC7EE56F8A76,2026-09-13 06:56:43
EVT-0001057,IF_CRMDM_ORSC_001,CRM,ORACLE_SCM,Kafka,Async,Retry,CFG_017,Interface configuration mismatch,Configuration,5142,SESS-7408302A40,REQ-42B79AC683DD,2026-09-15 21:12:06
EVT-0001059,IF_CRMSM_SAPPP_001,CRM,SAP_ERP,REST_API,REST,Success,,,,3490,SESS-29692F26C4,REQ-7F73562B6DD1,2026-09-11 13:29:24
EVT-0001061,IF_CRMDM_ORSC_001,CRM,ORACLE_SCM,Kafka,Async,Success,,,,2262,SESS-25377EB4CF,REQ-207EE9373750,2026-09-14 15:49:50
EVT-0001065,IF_CRMOM_OROM_001,CRM,ORACLE_SCM,REST_API,REST,Failed,CAP_003,Downstream service is at capacity,Capacity,6008,SESS-D3F9941D9E,REQ-A7408D6096FB,2026-09-13 12:06:06
EVT-0001087,IF_CRMOM_OROM_001,CRM,ORACLE_SCM,REST_API,REST,Success,,,,895,SESS-095E10A0C6,REQ-F61D45A2304E,2026-09-15 00:31:03
EVT-0001088,IF_CRMSM_SAPPP_001,CRM,SAP_ERP,REST_API,REST,Success,,,,1663,SESS-3252F555C6,REQ-4A8F2E60B882,2026-09-13 08:03:52
EVT-0001091,IF_CRMOM_OROM_001,CRM,ORACLE_SCM,REST_API,REST,Success,,,,1352,SESS-121C26458B,REQ-440CF7E809A7,2026-09-11 18:31:20
EVT-0001101,IF_CRMOM_OROM_001,CRM,ORACLE_SCM,REST_API,REST,Success,,,,582,SESS-3156771052,REQ-BD2FCA25F8F2,2026-09-13 21:01:48
EVT-0001106,IF_CRMOM_OROM_001,CRM,ORACLE_SCM,REST_API,REST,Retry,CFG_017,Interface configuration mismatch,Configuration,3014,SESS-89563B17B4,REQ-825213DE0B23,2026-09-11 17:56:03
EVT-0001110,IF_CRMSM_SAPPP_001,CRM,SAP_ERP,REST_API,REST,Success,,,,1740,SESS-669E942D2D,REQ-4A1E9E2DD53A,2026-09-14 17:25:38
EVT-0001129,IF_CRMOM_OROM_001,CRM,ORACLE_SCM,REST_API,REST,Success,,,,1200,SESS-C1760CE406,REQ-6B60F8876309,2026-09-13 19:32:38
EVT-0001142,IF_CRMDM_ORSC_001,CRM,ORACLE_SCM,Kafka,Async,Retry,AUTH_401,Service credential rejected,Authentication,3503,SESS-502564CBC0,REQ-383CC8554ECA,2026-09-16 19:13:41
EVT-0001148,IF_CRMOM_OROM_001,CRM,ORACLE_SCM,REST_API,REST,Success,,,,1483,SESS-F7C80832EE,REQ-50BD9C5BCCFD,2026-09-14 17:44:13
EVT-0001151,IF_CRMSM_SAPPP_001,CRM,SAP_ERP,REST_API,REST,Success,,,,2269,SESS-2163B45651,REQ-EFEA105FA777,2026-09-12 19:59:18
EVT-0001164,IF_CRMDM_ORSC_001,CRM,ORACLE_SCM,Kafka,Async,Retry,CAP_003,Downstream service is at capacity,Capacity,3666,SESS-C9CA66B7D1,REQ-B75BAED86242,2026-09-13 03:59:51
EVT-0001165,IF_CRMDM_ORSC_001,CRM,ORACLE_SCM,Kafka,Async,Success,,,,2657,SESS-BE21006842,REQ-78F1A1DB2348,2026-09-14 08:12:32
EVT-0001174,IF_CRMSM_SAPPP_001,CRM,SAP_ERP,REST_API,REST,Success,,,,1213,SESS-DDBFBCBB1D,REQ-B51861599A84,2026-09-12 17:10:21
EVT-0001179,IF_CRMDM_ORSC_001,CRM,ORACLE_SCM,Kafka,Async,Success,,,,2461,SESS-EEA02BD31E,REQ-AAE189C317F7,2026-09-14 11:17:19
EVT-0001208,IF_CRMOM_OROM_001,CRM,ORACLE_SCM,REST_API,REST,Success,,,,1302,SESS-56DD46D819,REQ-5E774E513553,2026-09-11 14:04:01
EVT-0001218,IF_CRMDM_ORSC_001,CRM,ORACLE_SCM,Kafka,Async,Success,,,,3155,SESS-2DFC498753,REQ-828BCA24831D,2026-09-12 04:05:14
EVT-0001246,IF_CRMOM_OROM_001,CRM,ORACLE_SCM,REST_API,REST,Success,,,,1619,SESS-2CE858270E,REQ-FFD8C512666E,2026-09-12 07:18:32
EVT-0001252,IF_CRMOM_OROM_001,CRM,ORACLE_SCM,REST_API,REST,Success,,,,989,SESS-0E83D2E708,REQ-8B1C122528F3,2026-09-14 21:38:11
EVT-0001255,IF_CRMSM_SAPPP_001,CRM,SAP_ERP,REST_API,REST,Success,,,,1260,SESS-57F52775F9,REQ-75178D6921AB,2026-09-10 04:38:20
EVT-0001256,IF_CRMDM_ORSC_001,CRM,ORACLE_SCM,Kafka,Async,Success,,,,1849,SESS-0DAD496AC2,REQ-183EBF683790,2026-09-16 19:52:27
EVT-0001259,IF_CRMDM_ORSC_001,CRM,ORACLE_SCM,Kafka,Async,Success,,,,1514,SESS-F6DDB0DDA2,REQ-1D366EDB7DE9,2026-09-16 13:36:44
EVT-0001260,IF_CRMSM_SAPPP_001,CRM,SAP_ERP,REST_API,REST,Success,,,,1932,SESS-CFF5A33421,REQ-9600A80CDD91,2026-09-13 14:20:45
EVT-0001274,IF_CRMDM_ORSC_001,CRM,ORACLE_SCM,Kafka,Async,Success,,,,2611,SESS-C3A259359C,REQ-76FC6E2C4E52,2026-09-11 05:35:25
EVT-0001275,IF_CRMOM_OROM_001,CRM,ORACLE_SCM,REST_API,REST,Retry,NET_CONN_003,Connection reset by peer,Network,2485,SESS-1114FA1E7A,REQ-DE5D7DF2F118,2026-09-12 20:46:33
EVT-0001280,IF_CRMSM_SAPPP_001,CRM,SAP_ERP,REST_API,REST,Success,,,,2020,SESS-58E40FD7D3,REQ-ADA72684363F,2026-09-10 06:16:49
EVT-0001281,IF_CRMDM_ORSC_001,CRM,ORACLE_SCM,Kafka,Async,Retry,AUTH_401,Service credential rejected,Authentication,6799,SESS-44EB16EC66,REQ-F31160791A38,2026-09-10 15:38:55
EVT-0001288,IF_CRMOM_OROM_001,CRM,ORACLE_SCM,REST_API,REST,Success,,,,1482,SESS-BA1C7103EE,REQ-98751AE5BA97,2026-09-12 10:22:42
EVT-0001297,IF_CRMSM_SAPPP_001,CRM,SAP_ERP,REST_API,REST,Success,,,,2071,SESS-BFA01949EE,REQ-81BD4E79E6D9,2026-09-11 14:03:43
EVT-0001306,IF_CRMOM_OROM_001,CRM,ORACLE_SCM,REST_API,REST,Success,,,,1053,SESS-1981FD3621,REQ-355621932747,2026-09-10 16:50:44
EVT-0001318,IF_CRMSM_SAPPP_001,CRM,SAP_ERP,REST_API,REST,Retry,AUTHZ_403,Caller is not authorized,Authorization,6653,SESS-627F19D9F1,REQ-FC6BFAEF0056,2026-09-11 16:25:43
EVT-0001333,IF_CRMSM_SAPPP_001,CRM,SAP_ERP,REST_API,REST,Success,,,,2971,SESS-79A1758BFF,REQ-7665CBF3B2A2,2026-09-11 04:13:14
EVT-0001341,IF_CRMOM_OROM_001,CRM,ORACLE_SCM,REST_API,REST,Success,,,,1091,SESS-A2BD306875,REQ-9DEBEBE40C31,2026-09-16 15:59:37
EVT-0001347,IF_CRMOM_OROM_001,CRM,ORACLE_SCM,REST_API,REST,Success,,,,1102,SESS-88E1A525AF,REQ-408D203D0980,2026-09-13 02:29:22
EVT-0001355,IF_CRMOM_OROM_001,CRM,ORACLE_SCM,REST_API,REST,Success,,,,1315,SESS-1914716717,REQ-ACDEBF3AEFD2,2026-09-12 14:07:01
EVT-0001366,IF_CRMDM_ORSC_001,CRM,ORACLE_SCM,Kafka,Async,Success,,,,2071,SESS-47245C7065,REQ-7E41B882F8C3,2026-09-11 14:27:52
EVT-0001374,IF_CRMDM_ORSC_001,CRM,ORACLE_SCM,Kafka,Async,Retry,CAP_003,Downstream service is at capacity,Capacity,4628,SESS-96D91BECC8,REQ-31C276931CED,2026-09-14 17:54:03
EVT-0001379,IF_CRMSM_SAPPP_001,CRM,SAP_ERP,REST_API,REST,Failed,CAP_003,Downstream service is at capacity,Capacity,18913,SESS-5AEAA97531,REQ-65C6B881F0C7,2026-09-10 13:23:39
EVT-0001388,IF_CRMDM_ORSC_001,CRM,ORACLE_SCM,Kafka,Async,Failed,INFRA_008,Runtime node unavailable,Infrastructure,8969,SESS-3F9A810F97,REQ-9BBED165FCE3,2026-09-15 19:41:20
EVT-0001390,IF_CRMOM_OROM_001,CRM,ORACLE_SCM,REST_API,REST,Success,,,,1641,SESS-B8506F6431,REQ-A8035631164F,2026-09-12 07:26:58
EVT-0001397,IF_CRMSM_SAPPP_001,CRM,SAP_ERP,REST_API,REST,Success,,,,1626,SESS-B91804C1C9,REQ-552EB749738A,2026-09-14 16:51:38
EVT-0001417,IF_CRMOM_OROM_001,CRM,ORACLE_SCM,REST_API,REST,Retry,CFG_017,Interface configuration mismatch,Configuration,3238,SESS-AD4C65BFEB,REQ-36BBFB5151CD,2026-09-10 04:37:07
EVT-0001448,IF_CRMDM_ORSC_001,CRM,ORACLE_SCM,Kafka,Async,Success,,,,3512,SESS-0C223D0CFE,REQ-D0114E5359B8,2026-09-14 13:15:09
EVT-0001454,IF_CRMOM_OROM_001,CRM,ORACLE_SCM,REST_API,REST,Success,,,,1821,SESS-76395FFDD3,REQ-BA9AA398A9D8,2026-09-12 21:53:13
EVT-0001471,IF_CRMOM_OROM_001,CRM,ORACLE_SCM,REST_API,REST,Success,,,,833,SESS-99B3D3C95E,REQ-A83921CBDF71,2026-09-16 15:46:02
EVT-0001474,IF_CRMSM_SAPPP_001,CRM,SAP_ERP,REST_API,REST,Success,,,,2156,SESS-18611A5C34,REQ-242139FA550D,2026-09-14 16:11:39
EVT-0001478,IF_CRMDM_ORSC_001,CRM,ORACLE_SCM,Kafka,Async,Success,,,,2416,SESS-BF5CCB0D42,REQ-71ABA335A922,2026-09-11 04:06:53
EVT-0001497,IF_CRMSM_SAPPP_001,CRM,SAP_ERP,REST_API,REST,Success,,,,2488,SESS-A0A20AFACE,REQ-AD5E8C8C2816,2026-09-12 23:49:44
EVT-0001499,IF_CRMOM_OROM_001,CRM,ORACLE_SCM,REST_API,REST,Success,,,,1255,SESS-D6D07FAFF6,REQ-FC93F52AA969,2026-09-10 01:59:28
EVT-0001503,IF_CRMDM_ORSC_001,CRM,ORACLE_SCM,Kafka,Async,Success,,,,2434,SESS-69B388BBB3,REQ-A512667065AB,2026-09-10 07:35:18
EVT-0001515,IF_CRMSM_SAPPP_001,CRM,SAP_ERP,REST_API,REST,Success,,,,2225,SESS-B59FB2B481,REQ-0EC7E4B2C004,2026-09-15 20:51:31
EVT-0001517,IF_CRMOM_OROM_001,CRM,ORACLE_SCM,REST_API,REST,Success,,,,1549,SESS-4378F24ED9,REQ-9974B2DF02A9,2026-09-16 22:33:28
EVT-0001539,IF_CRMDM_ORSC_001,CRM,ORACLE_SCM,Kafka,Async,Success,,,,2961,SESS-FEEAE203DE,REQ-CB3164A8A52C,2026-09-15 11:29:39
EVT-0001542,IF_CRMSM_SAPPP_001,CRM,SAP_ERP,REST_API,REST,Failed,INFRA_008,Runtime node unavailable,Infrastructure,16530,SESS-C2098C9A8F,REQ-7003336F3B4C,2026-09-13 11:30:48
EVT-0001551,IF_CRMSM_SAPPP_001,CRM,SAP_ERP,REST_API,REST,Success,,,,1705,SESS-D4AC4D45C1,REQ-ED5A3F91C8A0,2026-09-11 16:32:09
EVT-0001552,IF_CRMSM_SAPPP_001,CRM,SAP_ERP,REST_API,REST,Retry,TIME_004,Downstream response exceeded SLA,Timeout,8336,SESS-6AB2BF0406,REQ-DB9838D03474,2026-09-11 01:24:20
EVT-0001565,IF_CRMDM_ORSC_001,CRM,ORACLE_SCM,Kafka,Async,Success,,,,2245,SESS-7663A2B023,REQ-5D09264D8874,2026-09-13 19:40:34
EVT-0001570,IF_CRMDM_ORSC_001,CRM,ORACLE_SCM,Kafka,Async,Success,,,,2453,SESS-110F348BB2,REQ-6C9CAB637C06,2026-09-16 14:48:03
EVT-0001580,IF_CRMSM_SAPPP_001,CRM,SAP_ERP,REST_API,REST,Failed,VAL_400,Required business field failed validation,Validation,6827,SESS-F4912BCDFE,REQ-05312ECF20D7,2026-09-14 15:21:26
EVT-0001581,IF_CRMDM_ORSC_001,CRM,ORACLE_SCM,Kafka,Async,Success,,,,2126,SESS-1AF76B765E,REQ-9E8AA21108E7,2026-09-14 09:50:55
EVT-0001582,IF_CRMDM_ORSC_001,CRM,ORACLE_SCM,Kafka,Async,Success,,,,2669,SESS-7E4E53CA81,REQ-00906EA02ED0,2026-09-13 08:21:31
EVT-0001593,IF_CRMOM_OROM_001,CRM,ORACLE_SCM,REST_API,REST,Success,,,,1479,SESS-51A84A7928,REQ-C90FF9F799B5,2026-09-10 18:21:54
EVT-0001597,IF_CRMOM_OROM_001,CRM,ORACLE_SCM,REST_API,REST,Retry,TIME_004,Downstream response exceeded SLA,Timeout,2969,SESS-921DEFB001,REQ-C78B01451C76,2026-09-16 19:09:01
EVT-0001599,IF_CRMDM_ORSC_001,CRM,ORACLE_SCM,Kafka,Async,Success,,,,1712,SESS-3CAAFA48EC,REQ-2AAC960FB3E0,2026-09-14 17:17:58
EVT-0001601,IF_CRMOM_OROM_001,CRM,ORACLE_SCM,REST_API,REST,Success,,,,909,SESS-5D7C8866F6,REQ-93717D7443F5,2026-09-16 23:19:50
EVT-0001606,IF_CRMSM_SAPPP_001,CRM,SAP_ERP,REST_API,REST,Failed,AUTH_401,Service credential rejected,Authentication,11531,SESS-A1EE01B6AD,REQ-EFA90E493FDA,2026-09-15 01:23:41
EVT-0001612,IF_CRMSM_SAPPP_001,CRM,SAP_ERP,REST_API,REST,Success,,,,2639,SESS-768C678857,REQ-DF7B690E50AE,2026-09-11 19:32:16
EVT-0001627,IF_CRMOM_OROM_001,CRM,ORACLE_SCM,REST_API,REST,Success,,,,1701,SESS-5FA0C026FE,REQ-779F48FCB97B,2026-09-11 13:06:01
EVT-0001633,IF_CRMSM_SAPPP_001,CRM,SAP_ERP,REST_API,REST,Success,,,,2425,SESS-EEABFB8C5D,REQ-8D7942D8FA34,2026-09-13 13:03:07
EVT-0001639,IF_CRMDM_ORSC_001,CRM,ORACLE_SCM,Kafka,Async,Success,,,,1859,SESS-0D7CF7527B,REQ-611A748AE343,2026-09-15 11:12:30
EVT-0001648,IF_CRMSM_SAPPP_001,CRM,SAP_ERP,REST_API,REST,Success,,,,2239,SESS-34E66905CF,REQ-89C43395834D,2026-09-12 00:36:38
EVT-0001659,IF_CRMDM_ORSC_001,CRM,ORACLE_SCM,Kafka,Async,Success,,,,1205,SESS-CF46275CF8,REQ-B764AFD31B55,2026-09-14 21:53:43
EVT-0001666,IF_CRMOM_OROM_001,CRM,ORACLE_SCM,REST_API,REST,Failed,NET_CONN_003,Connection reset by peer,Network,3680,SESS-7A7A27B352,REQ-2F1D51362C96,2026-09-10 04:57:10
EVT-0001671,IF_CRMOM_OROM_001,CRM,ORACLE_SCM,REST_API,REST,Success,,,,957,SESS-D1C918A711,REQ-7F4A2A79CEA0,2026-09-16 05:17:19
EVT-0001680,IF_CRMDM_ORSC_001,CRM,ORACLE_SCM,Kafka,Async,Success,,,,1564,SESS-657CCBB10E,REQ-8D5AA42C6044,2026-09-12 06:24:56
EVT-0001691,IF_CRMOM_OROM_001,CRM,ORACLE_SCM,REST_API,REST,Success,,,,1238,SESS-014D128F9F,REQ-66CB9711B954,2026-09-15 10:30:13
EVT-0001705,IF_CRMOM_OROM_001,CRM,ORACLE_SCM,REST_API,REST,Success,,,,1219,SESS-17A1015C34,REQ-9EC435C5DB28,2026-09-15 02:15:47
EVT-0001718,IF_CRMOM_OROM_001,CRM,ORACLE_SCM,REST_API,REST,Success,,,,1555,SESS-FBB66B7EFB,REQ-F4A65707A098,2026-09-10 02:13:00
EVT-0001723,IF_CRMDM_ORSC_001,CRM,ORACLE_SCM,Kafka,Async,Retry,CFG_017,Interface configuration mismatch,Configuration,6285,SESS-BDDA10CB2F,REQ-97C4EE9721C6,2026-09-10 05:40:00
EVT-0001738,IF_CRMOM_OROM_001,CRM,ORACLE_SCM,REST_API,REST,Success,,,,1162,SESS-4A0D803233,REQ-901D2F951155,2026-09-12 00:12:49
EVT-0001748,IF_CRMSM_SAPPP_001,CRM,SAP_ERP,REST_API,REST,Retry,EXT_502,Downstream service returned 502,External Service,6893,SESS-3B3BED15B5,REQ-3811B40F8952,2026-09-14 06:02:11
EVT-0001762,IF_CRMDM_ORSC_001,CRM,ORACLE_SCM,Kafka,Async,Success,,,,2213,SESS-9C3AF989BD,REQ-1B66F8AF2D85,2026-09-12 22:35:29
EVT-0001766,IF_CRMDM_ORSC_001,CRM,ORACLE_SCM,Kafka,Async,Success,,,,2473,SESS-C0EEFF83A2,REQ-F4CD2F873E6B,2026-09-12 04:32:38
EVT-0001770,IF_CRMSM_SAPPP_001,CRM,SAP_ERP,REST_API,REST,Success,,,,2065,SESS-CAFDF48E72,REQ-FCDCD7646979,2026-09-13 18:56:17
EVT-0001774,IF_CRMDM_ORSC_001,CRM,ORACLE_SCM,Kafka,Async,Retry,CFG_017,Interface configuration mismatch,Configuration,7335,SESS-C03BDB4E4D,REQ-36A1B82F8F31,2026-09-13 16:56:58
EVT-0001782,IF_CRMDM_ORSC_001,CRM,ORACLE_SCM,Kafka,Async,Retry,VAL_400,Required business field failed validation,Validation,8257,SESS-A2B3AC42F3,REQ-B826FE900535,2026-09-11 11:39:26
EVT-0001783,IF_CRMSM_SAPPP_001,CRM,SAP_ERP,REST_API,REST,Success,,,,1786,SESS-09D731BFD2,REQ-A3980DD01803,2026-09-14 01:59:44
EVT-0001791,IF_CRMDM_ORSC_001,CRM,ORACLE_SCM,Kafka,Async,Success,,,,1176,SESS-7EED7B4663,REQ-FC20CC02D709,2026-09-13 15:53:07
EVT-0001794,IF_CRMSM_SAPPP_001,CRM,SAP_ERP,REST_API,REST,Success,,,,3162,SESS-76B0DACB15,REQ-037C28D57FE8,2026-09-15 05:23:48
EVT-0001824,IF_CRMSM_SAPPP_001,CRM,SAP_ERP,REST_API,REST,Success,,,,2675,SESS-F39187E7B1,REQ-07A3607A0060,2026-09-12 02:52:24
EVT-0001859,IF_CRMOM_OROM_001,CRM,ORACLE_SCM,REST_API,REST,Success,,,,1443,SESS-4365B9F675,REQ-74B98FB8407C,2026-09-14 22:29:03
EVT-0001861,IF_CRMDM_ORSC_001,CRM,ORACLE_SCM,Kafka,Async,Success,,,,2352,SESS-F0777E01E4,REQ-DCE957A65F81,2026-09-13 17:10:46
EVT-0001885,IF_CRMDM_ORSC_001,CRM,ORACLE_SCM,Kafka,Async,Retry,AUTH_401,Service credential rejected,Authentication,4376,SESS-8D46EE54CA,REQ-68F0E0BCDCC0,2026-09-14 11:11:58
EVT-0001897,IF_CRMOM_OROM_001,CRM,ORACLE_SCM,REST_API,REST,Retry,AUTH_401,Service credential rejected,Authentication,3433,SESS-F40579B80A,REQ-098670F81FDD,2026-09-13 19:13:53
EVT-0001904,IF_CRMSM_SAPPP_001,CRM,SAP_ERP,REST_API,REST,Success,,,,3123,SESS-EFA5647301,REQ-D4BB7C5E3DEA,2026-09-16 08:05:17
EVT-0001908,IF_CRMOM_OROM_001,CRM,ORACLE_SCM,REST_API,REST,Success,,,,1077,SESS-BAA285E2F6,REQ-2105B78E4275,2026-09-11 00:37:10
EVT-0001919,IF_CRMOM_OROM_001,CRM,ORACLE_SCM,REST_API,REST,Success,,,,1289,SESS-349B82AFB1,REQ-5B11EC5C0EB7,2026-09-15 05:57:32
EVT-0001939,IF_CRMDM_ORSC_001,CRM,ORACLE_SCM,Kafka,Async,Success,,,,690,SESS-97843DE85E,REQ-E025157527C6,2026-09-14 13:21:12
EVT-0001941,IF_CRMDM_ORSC_001,CRM,ORACLE_SCM,Kafka,Async,Failed,CAP_003,Downstream service is at capacity,Capacity,5286,SESS-E9DB08A4FD,REQ-3F8A64289551,2026-09-13 20:39:51
EVT-0001950,IF_CRMOM_OROM_001,CRM,ORACLE_SCM,REST_API,REST,Success,,,,1572,SESS-4AA4891C5D,REQ-172DE4B1A391,2026-09-14 08:40:35
EVT-0001963,IF_CRMDM_ORSC_001,CRM,ORACLE_SCM,Kafka,Async,Success,,,,2771,SESS-E0B75BB538,REQ-81D112905964,2026-09-10 02:01:54
EVT-0001979,IF_CRMOM_OROM_001,CRM,ORACLE_SCM,REST_API,REST,Success,,,,1224,SESS-BF927C04D3,REQ-B09852E8CAFF,2026-09-15 18:24:29
EVT-0001982,IF_CRMDM_ORSC_001,CRM,ORACLE_SCM,Kafka,Async,Failed,CFG_017,Interface configuration mismatch,Configuration,9257,SESS-BEB2ECB57F,REQ-6151AD1E6752,2026-09-11 07:12:50
EVT-0001994,IF_CRMSM_SAPPP_001,CRM,SAP_ERP,REST_API,REST,Success,,,,2338,SESS-629C9E4CEA,REQ-211D42445A75,2026-09-11 03:11:02
EVT-0002001,IF_CRMDM_ORSC_001,CRM,ORACLE_SCM,Kafka,Async,Failed,AUTH_401,Service credential rejected,Authentication,13203,SESS-5EC880FBE0,REQ-C0D8B1A92A61,2026-09-15 23:47:03
EVT-0002003,IF_CRMDM_ORSC_001,CRM,ORACLE_SCM,Kafka,Async,Retry,DB_COMMIT_014,Transaction commit failed,Database,4620,SESS-6E67C24647,REQ-71775A7F9911,2026-09-10 20:50:24
EVT-0002009,IF_CRMSM_SAPPP_001,CRM,SAP_ERP,REST_API,REST,Success,,,,2393,SESS-646D308D8A,REQ-1DB06C84FAFE,2026-09-11 22:33:18
EVT-0002010,IF_CRMOM_OROM_001,CRM,ORACLE_SCM,REST_API,REST,Retry,VAL_400,Required business field failed validation,Validation,2659,SESS-0200FE6697,REQ-6D7F90F070B4,2026-09-15 02:00:55
EVT-0002011,IF_CRMDM_ORSC_001,CRM,ORACLE_SCM,Kafka,Async,Success,,,,2257,SESS-1E2C78D77C,REQ-CA869DB2C735,2026-09-12 18:34:27
EVT-0002023,IF_CRMSM_SAPPP_001,CRM,SAP_ERP,REST_API,REST,Success,,,,3049,SESS-1D5745230F,REQ-E42419291CD2,2026-09-16 06:36:03
EVT-0002035,IF_CRMDM_ORSC_001,CRM,ORACLE_SCM,Kafka,Async,Retry,VAL_400,Required business field failed validation,Validation,3980,SESS-1CF16D847A,REQ-33298B82AA1C,2026-09-10 20:12:32
EVT-0002038,IF_CRMSM_SAPPP_001,CRM,SAP_ERP,REST_API,REST,Success,,,,2477,SESS-0E92361080,REQ-5770724E9432,2026-09-16 03:49:29
EVT-0002056,IF_CRMOM_OROM_001,CRM,ORACLE_SCM,REST_API,REST,Success,,,,1201,SESS-E332D7F5AE,REQ-A117EAEABBE6,2026-09-16 17:21:12
EVT-0002062,IF_CRMSM_SAPPP_001,CRM,SAP_ERP,REST_API,REST,Success,,,,2213,SESS-D24113E4E2,REQ-7AEDED83E9DA,2026-09-16 23:23:24
EVT-0002092,IF_CRMDM_ORSC_001,CRM,ORACLE_SCM,Kafka,Async,Success,,,,1924,SESS-E30C432A8F,REQ-DA009B978A70,2026-09-12 16:40:53
EVT-0002107,IF_CRMDM_ORSC_001,CRM,ORACLE_SCM,Kafka,Async,Success,,,,1466,SESS-61D1100AA6,REQ-57F5E5919895,2026-09-14 06:51:36
EVT-0002108,IF_CRMOM_OROM_001,CRM,ORACLE_SCM,REST_API,REST,Success,,,,1648,SESS-BFC1A9DCCC,REQ-7BB756CD484F,2026-09-14 09:57:17
EVT-0002112,IF_CRMOM_OROM_001,CRM,ORACLE_SCM,REST_API,REST,Success,,,,1802,SESS-44E929968A,REQ-CD0BDD8BEDE0,2026-09-10 16:06:39
EVT-0002118,IF_CRMSM_SAPPP_001,CRM,SAP_ERP,REST_API,REST,Success,,,,2558,SESS-497235AE04,REQ-9A2B3F366065,2026-09-12 20:14:24
EVT-0002131,IF_CRMDM_ORSC_001,CRM,ORACLE_SCM,Kafka,Async,Success,,,,1644,SESS-0D3762DD93,REQ-6A62A187D78C,2026-09-15 08:06:08
EVT-0002137,IF_CRMOM_OROM_001,CRM,ORACLE_SCM,REST_API,REST,Success,,,,1276,SESS-F01E16F864,REQ-048136A294B6,2026-09-13 11:03:29
EVT-0002140,IF_CRMDM_ORSC_001,CRM,ORACLE_SCM,Kafka,Async,Success,,,,2720,SESS-B8C06F9591,REQ-2E297F1421A3,2026-09-11 00:51:45
EVT-0002143,IF_CRMSM_SAPPP_001,CRM,SAP_ERP,REST_API,REST,Success,,,,936,SESS-E493E81474,REQ-8929D39533CD,2026-09-16 16:29:24
EVT-0002153,IF_CRMDM_ORSC_001,CRM,ORACLE_SCM,Kafka,Async,Success,,,,1813,SESS-90A6F0146C,REQ-90941EF2C701,2026-09-15 21:37:48
EVT-0002171,IF_CRMOM_OROM_001,CRM,ORACLE_SCM,REST_API,REST,Success,,,,1217,SESS-0ED6F2C338,REQ-DA8D3D0D7DF3,2026-09-14 21:43:39
EVT-0002175,IF_CRMSM_SAPPP_001,CRM,SAP_ERP,REST_API,REST,Success,,,,1821,SESS-856280C303,REQ-EBD5452536EE,2026-09-14 05:53:37
EVT-0002191,IF_CRMOM_OROM_001,CRM,ORACLE_SCM,REST_API,REST,Success,,,,1551,SESS-90298D9376,REQ-3EE06AD8BCB0,2026-09-16 14:01:33
EVT-0002218,IF_CRMSM_SAPPP_001,CRM,SAP_ERP,REST_API,REST,Success,,,,1340,SESS-19B790B529,REQ-14236C7E1DEB,2026-09-16 18:32:03
EVT-0002224,IF_CRMSM_SAPPP_001,CRM,SAP_ERP,REST_API,REST,Success,,,,2215,SESS-3C45870113,REQ-EC734A38C489,2026-09-14 23:50:32
EVT-0002239,IF_CRMSM_SAPPP_001,CRM,SAP_ERP,REST_API,REST,Success,,,,3100,SESS-B0673D945C,REQ-27EFABD8F50B,2026-09-10 20:50:58
EVT-0002241,IF_CRMSM_SAPPP_001,CRM,SAP_ERP,REST_API,REST,Failed,CFG_017,Interface configuration mismatch,Configuration,15467,SESS-E96E427E9A,REQ-1C1C02230F7B,2026-09-15 18:10:03
EVT-0002272,IF_CRMSM_SAPPP_001,CRM,SAP_ERP,REST_API,REST,Success,,,,2877,SESS-C04AE905EB,REQ-A865C067186C,2026-09-10 19:14:09
EVT-0002273,IF_CRMSM_SAPPP_001,CRM,SAP_ERP,REST_API,REST,Success,,,,2121,SESS-84C29414F9,REQ-422C568D2D47,2026-09-10 01:05:29
EVT-0002283,IF_CRMSM_SAPPP_001,CRM,SAP_ERP,REST_API,REST,Success,,,,2488,SESS-C5CC0FEC7B,REQ-815B83B5FF8A,2026-09-14 00:39:32
EVT-0002286,IF_CRMDM_ORSC_001,CRM,ORACLE_SCM,Kafka,Async,Success,,,,2754,SESS-45C5C93BA6,REQ-0B434517A58B,2026-09-11 00:34:56
EVT-0002288,IF_CRMSM_SAPPP_001,CRM,SAP_ERP,REST_API,REST,Success,,,,2835,SESS-01BED9A083,REQ-BEA04FCEC571,2026-09-10 22:36:15
EVT-0002302,IF_CRMDM_ORSC_001,CRM,ORACLE_SCM,Kafka,Async,Success,,,,2167,SESS-4EAF409392,REQ-255502C52027,2026-09-12 23:47:09
EVT-0002307,IF_CRMSM_SAPPP_001,CRM,SAP_ERP,REST_API,REST,Success,,,,2337,SESS-A91E22D22C,REQ-E12B8AE0449D,2026-09-12 13:36:12
EVT-0002310,IF_CRMSM_SAPPP_001,CRM,SAP_ERP,REST_API,REST,Failed,AUTHZ_403,Caller is not authorized,Authorization,14082,SESS-D27D5316CA,REQ-E29020CFDB8F,2026-09-14 14:28:09
EVT-0002313,IF_CRMDM_ORSC_001,CRM,ORACLE_SCM,Kafka,Async,Success,,,,2272,SESS-E006F472F0,REQ-D995D8B0E29D,2026-09-10 05:24:56
EVT-0002315,IF_CRMDM_ORSC_001,CRM,ORACLE_SCM,Kafka,Async,Success,,,,2777,SESS-3069BB15FF,REQ-928183125108,2026-09-13 12:52:51
EVT-0002316,IF_CRMSM_SAPPP_001,CRM,SAP_ERP,REST_API,REST,Success,,,,2388,SESS-0B6A7A3531,REQ-6B2F3915BF33,2026-09-14 00:29:41
EVT-0002323,IF_CRMDM_ORSC_001,CRM,ORACLE_SCM,Kafka,Async,Success,,,,2735,SESS-A47E57402B,REQ-B8E5F575297F,2026-09-13 05:34:07
EVT-0002335,IF_CRMOM_OROM_001,CRM,ORACLE_SCM,REST_API,REST,Success,,,,1184,SESS-8FB50BDA95,REQ-8304A8AB1D2A,2026-09-15 10:57:17
EVT-0002347,IF_CRMSM_SAPPP_001,CRM,SAP_ERP,REST_API,REST,Success,,,,1742,SESS-A64694E718,REQ-0ED1FED2DA60,2026-09-11 09:51:29
EVT-0002363,IF_CRMOM_OROM_001,CRM,ORACLE_SCM,REST_API,REST,Success,,,,1597,SESS-F6A63116DE,REQ-CE1BAA3E659B,2026-09-10 04:54:32
EVT-0002367,IF_CRMDM_ORSC_001,CRM,ORACLE_SCM,Kafka,Async,Success,,,,2117,SESS-FFA8CD28F0,REQ-6B016461E688,2026-09-14 13:36:43
EVT-0002382,IF_CRMOM_OROM_001,CRM,ORACLE_SCM,REST_API,REST,Success,,,,584,SESS-3770703963,REQ-F98C1CEC1A21,2026-09-10 16:49:40
EVT-0002389,IF_CRMSM_SAPPP_001,CRM,SAP_ERP,REST_API,REST,Success,,,,1765,SESS-356BCE9D67,REQ-559F1F8520E2,2026-09-15 12:21:14
EVT-0002412,IF_CRMDM_ORSC_001,CRM,ORACLE_SCM,Kafka,Async,Success,,,,2566,SESS-ED2418A864,REQ-8C4D8CCF6907,2026-09-14 05:57:20
EVT-0002419,IF_CRMDM_ORSC_001,CRM,ORACLE_SCM,Kafka,Async,Success,,,,2202,SESS-329BBA1A8F,REQ-4776D265E872,2026-09-16 12:05:23
EVT-0002437,IF_CRMSM_SAPPP_001,CRM,SAP_ERP,REST_API,REST,Success,,,,3947,SESS-2BE5E40A03,REQ-0B4A7814E082,2026-09-10 13:11:45
EVT-0002451,IF_CRMSM_SAPPP_001,CRM,SAP_ERP,REST_API,REST,Retry,NET_CONN_003,Connection reset by peer,Network,4633,SESS-F11BAF872B,REQ-8ACA32AD73CB,2026-09-12 09:46:14
EVT-0002460,IF_CRMOM_OROM_001,CRM,ORACLE_SCM,REST_API,REST,Success,,,,1394,SESS-47C5826DFC,REQ-BC859BA44B8E,2026-09-15 17:13:19
EVT-0002465,IF_CRMOM_OROM_001,CRM,ORACLE_SCM,REST_API,REST,Success,,,,1664,SESS-384BDE0DBF,REQ-923FA2B59C65,2026-09-12 21:11:37
EVT-0002466,IF_CRMOM_OROM_001,CRM,ORACLE_SCM,REST_API,REST,Failed,CAP_003,Downstream service is at capacity,Capacity,4069,SESS-7EF0BE2C0C,REQ-6CDA2794A38E,2026-09-16 11:49:07
EVT-0002470,IF_CRMSM_SAPPP_001,CRM,SAP_ERP,REST_API,REST,Success,,,,1896,SESS-57FA0062AD,REQ-8E49149FB45C,2026-09-11 15:46:22
EVT-0002475,IF_CRMOM_OROM_001,CRM,ORACLE_SCM,REST_API,REST,Success,,,,1202,SESS-FF8C9D2B75,REQ-93A86D9EE470,2026-09-12 11:39:12
EVT-0002487,IF_CRMDM_ORSC_001,CRM,ORACLE_SCM,Kafka,Async,Success,,,,2385,SESS-5484FDE1CC,REQ-CEF444E52B32,2026-09-13 15:37:56
EVT-0002492,IF_CRMOM_OROM_001,CRM,ORACLE_SCM,REST_API,REST,Success,,,,1273,SESS-6585EE7B94,REQ-64046698FC80,2026-09-15 04:47:13
EVT-0002499,IF_CRMSM_SAPPP_001,CRM,SAP_ERP,REST_API,REST,Success,,,,1694,SESS-E3F1AC090A,REQ-28D9DA8F0D1E,2026-09-12 09:33:28
EVT-0002508,IF_CRMDM_ORSC_001,CRM,ORACLE_SCM,Kafka,Async,Success,,,,2632,SESS-C845DDA92A,REQ-2A3BCBE4ADB2,2026-09-12 18:43:50
EVT-0002510,IF_CRMOM_OROM_001,CRM,ORACLE_SCM,REST_API,REST,Success,,,,1512,SESS-C160AF068E,REQ-B5DC393D4EF3,2026-09-12 01:37:26
EVT-0002520,IF_CRMSM_SAPPP_001,CRM,SAP_ERP,REST_API,REST,Success,,,,2518,SESS-40FF698EAA,REQ-B2B02B414BE3,2026-09-11 19:28:47
EVT-0002525,IF_CRMDM_ORSC_001,CRM,ORACLE_SCM,Kafka,Async,Success,,,,1466,SESS-24445874BC,REQ-46B7E3064E41,2026-09-16 19:22:49
EVT-0002527,IF_CRMDM_ORSC_001,CRM,ORACLE_SCM,Kafka,Async,Success,,,,1714,SESS-AAF10B80D6,REQ-768B99D23236,2026-09-10 18:28:59
EVT-0002534,IF_CRMSM_SAPPP_001,CRM,SAP_ERP,REST_API,REST,Retry,EXT_502,Downstream service returned 502,External Service,3621,SESS-11C62124DD,REQ-18077681E21B,2026-09-15 20:50:26
EVT-0002542,IF_CRMOM_OROM_001,CRM,ORACLE_SCM,REST_API,REST,Success,,,,1670,SESS-67EEBE7858,REQ-684DDEA7DE02,2026-09-14 06:36:14
EVT-0002546,IF_CRMSM_SAPPP_001,CRM,SAP_ERP,REST_API,REST,Success,,,,2018,SESS-ECD79B87DB,REQ-573133D4BD7F,2026-09-11 12:42:28
EVT-0002550,IF_CRMOM_OROM_001,CRM,ORACLE_SCM,REST_API,REST,Success,,,,1276,SESS-D6A26DD5AA,REQ-BF8493EC2F4D,2026-09-10 15:23:28
EVT-0002562,IF_CRMOM_OROM_001,CRM,ORACLE_SCM,REST_API,REST,Success,,,,1530,SESS-7178CC1C69,REQ-BE653E939627,2026-09-16 02:44:04
EVT-0002566,IF_CRMSM_SAPPP_001,CRM,SAP_ERP,REST_API,REST,Retry,AUTHZ_403,Caller is not authorized,Authorization,7865,SESS-1D4E0DFCBF,REQ-02C16D01EBAC,2026-09-15 15:24:42
EVT-0002573,IF_CRMOM_OROM_001,CRM,ORACLE_SCM,REST_API,REST,Failed,TIME_004,Downstream response exceeded SLA,Timeout,8508,SESS-B348543604,REQ-6A6A9A992855,2026-09-16 16:22:49
EVT-0002577,IF_CRMDM_ORSC_001,CRM,ORACLE_SCM,Kafka,Async,Success,,,,2571,SESS-F5A21B54D5,REQ-F27E9B4A2C2F,2026-09-14 22:22:45
EVT-0002584,IF_CRMDM_ORSC_001,CRM,ORACLE_SCM,Kafka,Async,Success,,,,2519,SESS-E1316FE978,REQ-173C6A6A2FA3,2026-09-10 06:54:54
EVT-0002587,IF_CRMOM_OROM_001,CRM,ORACLE_SCM,REST_API,REST,Success,,,,1580,SESS-82F9D43DF6,REQ-4DB3CDF133A7,2026-09-15 18:48:19
EVT-0002596,IF_CRMSM_SAPPP_001,CRM,SAP_ERP,REST_API,REST,Success,,,,1972,SESS-7E6765AFDF,REQ-AD79D8243A52,2026-09-10 12:27:05
EVT-0002601,IF_CRMOM_OROM_001,CRM,ORACLE_SCM,REST_API,REST,Success,,,,991,SESS-96CB0C71BA,REQ-54A291A94EEE,2026-09-16 06:30:40
EVT-0002613,IF_CRMOM_OROM_001,CRM,ORACLE_SCM,REST_API,REST,Success,,,,1486,SESS-E5D1D8278B,REQ-66BCDB007B1B,2026-09-16 13:55:21
EVT-0002625,IF_CRMDM_ORSC_001,CRM,ORACLE_SCM,Kafka,Async,Success,,,,2575,SESS-7911B0934C,REQ-21880AEAB079,2026-09-16 06:43:27
EVT-0002627,IF_CRMOM_OROM_001,CRM,ORACLE_SCM,REST_API,REST,Success,,,,1496,SESS-F8C915B776,REQ-2975AF0DDDD0,2026-09-14 14:56:26
EVT-0002633,IF_CRMOM_OROM_001,CRM,ORACLE_SCM,REST_API,REST,Success,,,,1142,SESS-74C16BCFAE,REQ-1B37D30AA25F,2026-09-14 23:53:44
EVT-0002640,IF_CRMDM_ORSC_001,CRM,ORACLE_SCM,Kafka,Async,Success,,,,1945,SESS-D63512A34C,REQ-E064A3862951,2026-09-12 01:07:05
EVT-0002643,IF_CRMOM_OROM_001,CRM,ORACLE_SCM,REST_API,REST,Success,,,,763,SESS-4D1FCFE190,REQ-77B7C879E66B,2026-09-14 00:05:56
EVT-0002684,IF_CRMDM_ORSC_001,CRM,ORACLE_SCM,Kafka,Async,Success,,,,1765,SESS-E5A2AE0B97,REQ-B66C83907866,2026-09-13 18:41:31
EVT-0002686,IF_CRMSM_SAPPP_001,CRM,SAP_ERP,REST_API,REST,Failed,VAL_400,Required business field failed validation,Validation,7477,SESS-DC112FDA8B,REQ-0C31A5787A53,2026-09-11 09:19:18
EVT-0002730,IF_CRMSM_SAPPP_001,CRM,SAP_ERP,REST_API,REST,Retry,VAL_400,Required business field failed validation,Validation,5532,SESS-2C00FBDD00,REQ-00458B0A9B23,2026-09-15 07:35:22
EVT-0002755,IF_CRMSM_SAPPP_001,CRM,SAP_ERP,REST_API,REST,Success,,,,2543,SESS-4288894AE9,REQ-ED257BA8EA17,2026-09-11 21:49:46
EVT-0002772,IF_CRMDM_ORSC_001,CRM,ORACLE_SCM,Kafka,Async,Success,,,,1861,SESS-47F0DD6507,REQ-77092B257B80,2026-09-14 10:40:14
EVT-0002780,IF_CRMSM_SAPPP_001,CRM,SAP_ERP,REST_API,REST,Success,,,,1809,SESS-99C4EEC2FB,REQ-E84B18A8EE3B,2026-09-10 03:43:37
EVT-0002783,IF_CRMOM_OROM_001,CRM,ORACLE_SCM,REST_API,REST,Success,,,,1152,SESS-CA42318900,REQ-83667BAD20E8,2026-09-12 22:08:33
EVT-0002796,IF_CRMOM_OROM_001,CRM,ORACLE_SCM,REST_API,REST,Success,,,,1760,SESS-F91E59C94A,REQ-41C987758201,2026-09-10 11:36:31
EVT-0002801,IF_CRMOM_OROM_001,CRM,ORACLE_SCM,REST_API,REST,Success,,,,1036,SESS-5EE13DD901,REQ-AC56DADDDF70,2026-09-14 11:20:23
EVT-0002816,IF_CRMDM_ORSC_001,CRM,ORACLE_SCM,Kafka,Async,Retry,AUTHZ_403,Caller is not authorized,Authorization,6573,SESS-987F1499B3,REQ-AFFFA3B57CB0,2026-09-13 02:53:29
EVT-0002818,IF_CRMDM_ORSC_001,CRM,ORACLE_SCM,Kafka,Async,Failed,INFRA_008,Runtime node unavailable,Infrastructure,9599,SESS-4D7811CC61,REQ-7E819D1672D5,2026-09-14 18:56:40
EVT-0002830,IF_CRMDM_ORSC_001,CRM,ORACLE_SCM,Kafka,Async,Success,,,,2102,SESS-913D2FB266,REQ-A352736CF5AB,2026-09-15 06:25:48
EVT-0002831,IF_CRMOM_OROM_001,CRM,ORACLE_SCM,REST_API,REST,Success,,,,1447,SESS-B431263CFD,REQ-6CF2613AF20B,2026-09-15 02:44:03
EVT-0002842,IF_CRMOM_OROM_001,CRM,ORACLE_SCM,REST_API,REST,Success,,,,1068,SESS-FC693C263E,REQ-06712544FDE7,2026-09-10 12:46:09
EVT-0002852,IF_CRMDM_ORSC_001,CRM,ORACLE_SCM,Kafka,Async,Success,,,,2720,SESS-5A1EFE658A,REQ-64407C26BE49,2026-09-13 01:10:27
EVT-0002856,IF_CRMSM_SAPPP_001,CRM,SAP_ERP,REST_API,REST,Success,,,,1719,SESS-48A81B7936,REQ-E781D18AC2DA,2026-09-16 03:20:27
EVT-0002864,IF_CRMSM_SAPPP_001,CRM,SAP_ERP,REST_API,REST,Success,,,,2333,SESS-738FB04461,REQ-21427D5E4AF6,2026-09-14 05:48:00
EVT-0002872,IF_CRMDM_ORSC_001,CRM,ORACLE_SCM,Kafka,Async,Success,,,,1459,SESS-C63C8F8ECB,REQ-DC56625E0673,2026-09-12 07:16:36
EVT-0002875,IF_CRMSM_SAPPP_001,CRM,SAP_ERP,REST_API,REST,Success,,,,2472,SESS-77B7FA14E3,REQ-F7E96A9695C3,2026-09-15 02:50:19
EVT-0002879,IF_CRMSM_SAPPP_001,CRM,SAP_ERP,REST_API,REST,Success,,,,2776,SESS-89EFEA191D,REQ-CCEBB1CBD2C6,2026-09-13 11:50:11
EVT-0002880,IF_CRMSM_SAPPP_001,CRM,SAP_ERP,REST_API,REST,Success,,,,2699,SESS-48C88EF512,REQ-C8E089D12D65,2026-09-10 01:45:03
EVT-0002892,IF_CRMOM_OROM_001,CRM,ORACLE_SCM,REST_API,REST,Success,,,,1145,SESS-D619189521,REQ-DCF8F4C738D6,2026-09-12 07:25:30
EVT-0002901,IF_CRMSM_SAPPP_001,CRM,SAP_ERP,REST_API,REST,Success,,,,1762,SESS-0EDF34D890,REQ-4FA3C51BEADA,2026-09-14 14:21:03
EVT-0002902,IF_CRMSM_SAPPP_001,CRM,SAP_ERP,REST_API,REST,Success,,,,1705,SESS-15E32CBCCB,REQ-CBA2D7CE6352,2026-09-14 06:37:01
EVT-0002937,IF_CRMSM_SAPPP_001,CRM,SAP_ERP,REST_API,REST,Retry,AUTHZ_403,Caller is not authorized,Authorization,5996,SESS-E0469A7D99,REQ-3ADB356ECF11,2026-09-10 22:29:11
EVT-0002947,IF_CRMSM_SAPPP_001,CRM,SAP_ERP,REST_API,REST,Success,,,,2513,SESS-D60BA71FA7,REQ-82CF380B4487,2026-09-15 07:41:33
EVT-0002948,IF_CRMDM_ORSC_001,CRM,ORACLE_SCM,Kafka,Async,Success,,,,1750,SESS-4E2DF1F19B,REQ-AB63FF3D89DD,2026-09-12 03:52:42
EVT-0002952,IF_CRMOM_OROM_001,CRM,ORACLE_SCM,REST_API,REST,Success,,,,1371,SESS-C8819C4EFA,REQ-9D93E3357868,2026-09-12 10:23:30
EVT-0002955,IF_CRMDM_ORSC_001,CRM,ORACLE_SCM,Kafka,Async,Retry,DB_COMMIT_014,Transaction commit failed,Database,4723,SESS-2882AACE93,REQ-0489E019E903,2026-09-14 23:39:07
EVT-0002958,IF_CRMDM_ORSC_001,CRM,ORACLE_SCM,Kafka,Async,Success,,,,2700,SESS-3171DA7F1D,REQ-C762596BCBA8,2026-09-11 03:34:00
EVT-0002970,IF_CRMSM_SAPPP_001,CRM,SAP_ERP,REST_API,REST,Retry,EXT_502,Downstream service returned 502,External Service,5500,SESS-2A2E256618,REQ-297A888DBF81,2026-09-14 07:13:22
EVT-0002977,IF_CRMOM_OROM_001,CRM,ORACLE_SCM,REST_API,REST,Retry,DB_COMMIT_014,Transaction commit failed,Database,2668,SESS-E3A2B88BD9,REQ-D714365DA03E,2026-09-14 14:54:39
EVT-0002979,IF_CRMOM_OROM_001,CRM,ORACLE_SCM,REST_API,REST,Success,,,,1242,SESS-5D1829A410,REQ-597B4D922D64,2026-09-14 08:03:29
EVT-0002990,IF_CRMOM_OROM_001,CRM,ORACLE_SCM,REST_API,REST,Retry,AUTHZ_403,Caller is not authorized,Authorization,2862,SESS-6CC4184467,REQ-E936E9D712F4,2026-09-10 18:08:18
EVT-0002995,IF_CRMDM_ORSC_001,CRM,ORACLE_SCM,Kafka,Async,Success,,,,1930,SESS-DC745ABE32,REQ-1012115E61E7,2026-09-16 13:03:09
EVT-0003005,IF_CRMDM_ORSC_001,CRM,ORACLE_SCM,Kafka,Async,Success,,,,2112,SESS-E8FF85CE2E,REQ-56A706547B8F,2026-09-10 16:27:30
EVT-0003017,IF_CRMOM_OROM_001,CRM,ORACLE_SCM,REST_API,REST,Success,,,,2361,SESS-4C1B0834D2,REQ-EB2C5F111FBF,2026-09-10 08:46:30
EVT-0003019,IF_CRMSM_SAPPP_001,CRM,SAP_ERP,REST_API,REST,Success,,,,1682,SESS-A4F71E65D1,REQ-BFC5047CA49F,2026-09-14 17:56:00
EVT-0003020,IF_CRMDM_ORSC_001,CRM,ORACLE_SCM,Kafka,Async,Success,,,,1626,SESS-A0250D8F7B,REQ-6E3E710CB51D,2026-09-15 21:37:08
EVT-0003040,IF_CRMDM_ORSC_001,CRM,ORACLE_SCM,Kafka,Async,Retry,INFRA_008,Runtime node unavailable,Infrastructure,4291,SESS-2931EEB8C7,REQ-8129E633F5EA,2026-09-11 12:22:36
EVT-0003055,IF_CRMOM_OROM_001,CRM,ORACLE_SCM,REST_API,REST,Success,,,,1543,SESS-5D61E4399F,REQ-051F430439A7,2026-09-14 13:29:02
EVT-0003058,IF_CRMSM_SAPPP_001,CRM,SAP_ERP,REST_API,REST,Failed,NET_CONN_003,Connection reset by peer,Network,18612,SESS-04F9F77CEB,REQ-2A11554951C6,2026-09-11 18:13:41
EVT-0003075,IF_CRMDM_ORSC_001,CRM,ORACLE_SCM,Kafka,Async,Success,,,,2141,SESS-A50D6C7D80,REQ-EC0D0811923A,2026-09-11 03:50:55
EVT-0003079,IF_CRMDM_ORSC_001,CRM,ORACLE_SCM,Kafka,Async,Retry,NET_CONN_003,Connection reset by peer,Network,6037,SESS-0455A12A12,REQ-4932359231C2,2026-09-10 09:37:51
EVT-0003092,IF_CRMSM_SAPPP_001,CRM,SAP_ERP,REST_API,REST,Success,,,,1831,SESS-96DE6DA0F0,REQ-37F477AA3195,2026-09-14 08:19:43
EVT-0003101,IF_CRMSM_SAPPP_001,CRM,SAP_ERP,REST_API,REST,Success,,,,3201,SESS-EB7DBACDE2,REQ-DCFDAB41D937,2026-09-11 03:49:40
EVT-0003102,IF_CRMSM_SAPPP_001,CRM,SAP_ERP,REST_API,REST,Failed,CAP_003,Downstream service is at capacity,Capacity,18285,SESS-3B930FF25C,REQ-585D4847A43C,2026-09-11 03:26:35
EVT-0003105,IF_CRMSM_SAPPP_001,CRM,SAP_ERP,REST_API,REST,Success,,,,3063,SESS-44B465B0EC,REQ-C13E5FD96F6A,2026-09-10 20:15:03
EVT-0003108,IF_CRMDM_ORSC_001,CRM,ORACLE_SCM,Kafka,Async,Success,,,,1713,SESS-B4CB3249AE,REQ-13DD23B42C6C,2026-09-13 00:11:13
EVT-0003110,IF_CRMDM_ORSC_001,CRM,ORACLE_SCM,Kafka,Async,Success,,,,2689,SESS-2DCBD864F8,REQ-5716B804637F,2026-09-13 09:47:34
EVT-0003111,IF_CRMOM_OROM_001,CRM,ORACLE_SCM,REST_API,REST,Success,,,,1208,SESS-E82E7ADE3B,REQ-7FD2134BFDEC,2026-09-13 20:02:06
EVT-0003114,IF_CRMOM_OROM_001,CRM,ORACLE_SCM,REST_API,REST,Success,,,,953,SESS-8336D1D557,REQ-5DF9BC12AEFC,2026-09-15 21:07:17
EVT-0003134,IF_CRMOM_OROM_001,CRM,ORACLE_SCM,REST_API,REST,Success,,,,1420,SESS-EE041C57EA,REQ-0383239598F0,2026-09-11 15:27:03
EVT-0003139,IF_CRMOM_OROM_001,CRM,ORACLE_SCM,REST_API,REST,Success,,,,828,SESS-733E7BCCCF,REQ-C2DD153BCDA0,2026-09-13 02:49:35
EVT-0003140,IF_CRMSM_SAPPP_001,CRM,SAP_ERP,REST_API,REST,Success,,,,1683,SESS-300202F1FA,REQ-DB7208885CB4,2026-09-14 10:44:36
EVT-0003143,IF_CRMSM_SAPPP_001,CRM,SAP_ERP,REST_API,REST,Retry,INFRA_008,Runtime node unavailable,Infrastructure,6264,SESS-DCB4A6E2CC,REQ-80994CBA5838,2026-09-13 06:05:51
EVT-0003145,IF_CRMOM_OROM_001,CRM,ORACLE_SCM,REST_API,REST,Success,,,,1132,SESS-235133941C,REQ-5D754D9F8E12,2026-09-12 06:33:56
EVT-0003162,IF_CRMSM_SAPPP_001,CRM,SAP_ERP,REST_API,REST,Success,,,,2057,SESS-C83D1C3A0D,REQ-183EA4A4917D,2026-09-11 21:09:36
EVT-0003163,IF_CRMSM_SAPPP_001,CRM,SAP_ERP,REST_API,REST,Success,,,,1961,SESS-D07BBC1AA0,REQ-6791FE4B871A,2026-09-15 01:20:07
EVT-0003173,IF_CRMSM_SAPPP_001,CRM,SAP_ERP,REST_API,REST,Success,,,,2349,SESS-6EDF5909A0,REQ-BD9EE4A18D2A,2026-09-13 09:30:15
EVT-0003199,IF_CRMDM_ORSC_001,CRM,ORACLE_SCM,Kafka,Async,Failed,EXT_502,Downstream service returned 502,External Service,7745,SESS-E8C471F170,REQ-DDA17204546F,2026-09-10 13:57:52
EVT-0003206,IF_CRMOM_OROM_001,CRM,ORACLE_SCM,REST_API,REST,Success,,,,1217,SESS-351B06B120,REQ-FD91749ED8F3,2026-09-16 14:58:28
EVT-0003209,IF_CRMDM_ORSC_001,CRM,ORACLE_SCM,Kafka,Async,Success,,,,2231,SESS-221C06DDE3,REQ-7D0283EC32FF,2026-09-12 19:56:38
EVT-0003210,IF_CRMDM_ORSC_001,CRM,ORACLE_SCM,Kafka,Async,Success,,,,2409,SESS-0F0EF1EBB2,REQ-83B79E19898C,2026-09-13 13:37:25
EVT-0003213,IF_CRMSM_SAPPP_001,CRM,SAP_ERP,REST_API,REST,Success,,,,1911,SESS-F56B9D040E,REQ-7A118035905A,2026-09-11 10:13:16
EVT-0003221,IF_CRMSM_SAPPP_001,CRM,SAP_ERP,REST_API,REST,Retry,AUTH_401,Service credential rejected,Authentication,8518,SESS-E0D87FBE10,REQ-349372A131C5,2026-09-10 05:25:55
EVT-0003229,IF_CRMDM_ORSC_001,CRM,ORACLE_SCM,Kafka,Async,Retry,DB_COMMIT_014,Transaction commit failed,Database,5853,SESS-7B765B6B4C,REQ-2BDAA6BEE15B,2026-09-10 10:22:48
EVT-0003231,IF_CRMOM_OROM_001,CRM,ORACLE_SCM,REST_API,REST,Success,,,,1240,SESS-6C143E056A,REQ-9B8C760B727E,2026-09-11 17:16:59
EVT-0003233,IF_CRMSM_SAPPP_001,CRM,SAP_ERP,REST_API,REST,Success,,,,2351,SESS-0F0BFCAFEA,REQ-C6740A158B42,2026-09-14 10:00:56
EVT-0003252,IF_CRMSM_SAPPP_001,CRM,SAP_ERP,REST_API,REST,Success,,,,1774,SESS-4CF89F579C,REQ-C6CCA20B6F01,2026-09-13 20:48:22
EVT-0003259,IF_CRMOM_OROM_001,CRM,ORACLE_SCM,REST_API,REST,Success,,,,902,SESS-EB5E5DF948,REQ-83C4FED940C9,2026-09-16 16:23:40
EVT-0003268,IF_CRMOM_OROM_001,CRM,ORACLE_SCM,REST_API,REST,Retry,AUTHZ_403,Caller is not authorized,Authorization,4111,SESS-84BC188BF9,REQ-87011CDD6858,2026-09-14 16:55:16
EVT-0003279,IF_CRMOM_OROM_001,CRM,ORACLE_SCM,REST_API,REST,Success,,,,1536,SESS-681815243F,REQ-E41B83FA1F2E,2026-09-11 16:27:58
EVT-0003289,IF_CRMSM_SAPPP_001,CRM,SAP_ERP,REST_API,REST,Success,,,,2930,SESS-B10B581246,REQ-955A0B24BA6F,2026-09-13 23:53:49
EVT-0003292,IF_CRMDM_ORSC_001,CRM,ORACLE_SCM,Kafka,Async,Success,,,,3082,SESS-CCE86049EC,REQ-F14585508336,2026-09-11 05:41:34
EVT-0003294,IF_CRMDM_ORSC_001,CRM,ORACLE_SCM,Kafka,Async,Success,,,,1703,SESS-8978C31B11,REQ-5B5CAA07CD9B,2026-09-14 13:33:51
EVT-0003297,IF_CRMSM_SAPPP_001,CRM,SAP_ERP,REST_API,REST,Success,,,,2135,SESS-1CAAFDB03A,REQ-CCBBB84E9E4F,2026-09-16 21:14:16
EVT-0003298,IF_CRMSM_SAPPP_001,CRM,SAP_ERP,REST_API,REST,Success,,,,1751,SESS-87BE0F9DE4,REQ-117BF487638F,2026-09-14 10:11:40
EVT-0003307,IF_CRMSM_SAPPP_001,CRM,SAP_ERP,REST_API,REST,Failed,CAP_003,Downstream service is at capacity,Capacity,16999,SESS-E7B3C5E14A,REQ-FE23C6308865,2026-09-12 10:19:11
EVT-0003315,IF_CRMDM_ORSC_001,CRM,ORACLE_SCM,Kafka,Async,Success,,,,2466,SESS-82CFBFF535,REQ-5559FA72574C,2026-09-12 13:53:01
EVT-0003317,IF_CRMDM_ORSC_001,CRM,ORACLE_SCM,Kafka,Async,Success,,,,2230,SESS-07BA902F15,REQ-E674756D805D,2026-09-13 06:34:13
EVT-0003318,IF_CRMOM_OROM_001,CRM,ORACLE_SCM,REST_API,REST,Success,,,,1361,SESS-091A2E1616,REQ-A7E1BCB18415,2026-09-12 20:00:03
EVT-0003325,IF_CRMDM_ORSC_001,CRM,ORACLE_SCM,Kafka,Async,Success,,,,2274,SESS-DA039AD405,REQ-7E1AC9F33094,2026-09-11 16:13:15
EVT-0003332,IF_CRMDM_ORSC_001,CRM,ORACLE_SCM,Kafka,Async,Failed,AUTHZ_403,Caller is not authorized,Authorization,15016,SESS-31D9D821DB,REQ-27948D368A43,2026-09-12 05:34:52
EVT-0003377,IF_CRMDM_ORSC_001,CRM,ORACLE_SCM,Kafka,Async,Success,,,,2255,SESS-16852BAFBB,REQ-C1DCD735FA5E,2026-09-15 09:40:54
EVT-0003386,IF_CRMSM_SAPPP_001,CRM,SAP_ERP,REST_API,REST,Success,,,,2125,SESS-1B58ECB7C5,REQ-A1084D3A29D3,2026-09-13 13:00:42
EVT-0003388,IF_CRMSM_SAPPP_001,CRM,SAP_ERP,REST_API,REST,Success,,,,2210,SESS-E8113D5361,REQ-C57F9ECA7164,2026-09-11 16:33:24
EVT-0003395,IF_CRMOM_OROM_001,CRM,ORACLE_SCM,REST_API,REST,Success,,,,2073,SESS-35898FF476,REQ-EA75E4313D5C,2026-09-15 00:48:40
EVT-0003406,IF_CRMOM_OROM_001,CRM,ORACLE_SCM,REST_API,REST,Success,,,,1156,SESS-85CABEF843,REQ-E649EF3FE657,2026-09-11 16:24:35
EVT-0003409,IF_CRMDM_ORSC_001,CRM,ORACLE_SCM,Kafka,Async,Success,,,,2408,SESS-C429BA85DC,REQ-D89F6D17C931,2026-09-14 03:28:44
EVT-0003413,IF_CRMSM_SAPPP_001,CRM,SAP_ERP,REST_API,REST,Retry,CAP_003,Downstream service is at capacity,Capacity,8643,SESS-51CC5D6E7E,REQ-5AFF25C49913,2026-09-14 16:40:30
EVT-0003431,IF_CRMOM_OROM_001,CRM,ORACLE_SCM,REST_API,REST,Success,,,,1267,SESS-5B5B3CDDE6,REQ-7649CE5B97BE,2026-09-12 10:11:58
EVT-0003439,IF_CRMDM_ORSC_001,CRM,ORACLE_SCM,Kafka,Async,Success,,,,3013,SESS-80C1495D38,REQ-62576312B282,2026-09-15 19:22:43
EVT-0003440,IF_CRMDM_ORSC_001,CRM,ORACLE_SCM,Kafka,Async,Retry,DB_COMMIT_014,Transaction commit failed,Database,6172,SESS-284D87667F,REQ-4F0140D8876B,2026-09-13 09:40:37
EVT-0003444,IF_CRMDM_ORSC_001,CRM,ORACLE_SCM,Kafka,Async,Success,,,,2074,SESS-97343E1983,REQ-6080EB5C9556,2026-09-15 00:01:14
EVT-0003448,IF_CRMDM_ORSC_001,CRM,ORACLE_SCM,Kafka,Async,Retry,CFG_017,Interface configuration mismatch,Configuration,7772,SESS-37847EF1DA,REQ-88486A27BE38,2026-09-16 16:40:12
EVT-0003451,IF_CRMSM_SAPPP_001,CRM,SAP_ERP,REST_API,REST,Success,,,,2329,SESS-16B136B445,REQ-896D77529493,2026-09-14 18:39:18
EVT-0003452,IF_CRMDM_ORSC_001,CRM,ORACLE_SCM,Kafka,Async,Failed,VAL_400,Required business field failed validation,Validation,14901,SESS-ED09886234,REQ-57DBF58E1A44,2026-09-11 20:57:02
EVT-0003462,IF_CRMOM_OROM_001,CRM,ORACLE_SCM,REST_API,REST,Success,,,,1179,SESS-43A18FA862,REQ-ABF1AD2303A3,2026-09-14 00:22:11
EVT-0003481,IF_CRMOM_OROM_001,CRM,ORACLE_SCM,REST_API,REST,Success,,,,1317,SESS-4677AD8F43,REQ-950DDDF57B24,2026-09-16 23:53:02
EVT-0003493,IF_CRMSM_SAPPP_001,CRM,SAP_ERP,REST_API,REST,Success,,,,2562,SESS-C77AEF911C,REQ-92BFB0D77FBB,2026-09-13 22:14:17
EVT-0003506,IF_CRMDM_ORSC_001,CRM,ORACLE_SCM,Kafka,Async,Failed,AUTHZ_403,Caller is not authorized,Authorization,12044,SESS-0021BC5AB7,REQ-F6B96C3F5A1B,2026-09-10 02:57:10
EVT-0003509,IF_CRMOM_OROM_001,CRM,ORACLE_SCM,REST_API,REST,Success,,,,1272,SESS-4DC4DD77F0,REQ-7F6D81D1CCFB,2026-09-10 01:26:39
EVT-0003520,IF_CRMOM_OROM_001,CRM,ORACLE_SCM,REST_API,REST,Retry,INFRA_008,Runtime node unavailable,Infrastructure,2617,SESS-E319ED7281,REQ-9F34F890C7A7,2026-09-14 08:41:48
EVT-0003527,IF_CRMOM_OROM_001,CRM,ORACLE_SCM,REST_API,REST,Failed,DB_COMMIT_014,Transaction commit failed,Database,4741,SESS-3518BECDF4,REQ-3BA1E6CE5889,2026-09-13 08:46:02
EVT-0003532,IF_CRMDM_ORSC_001,CRM,ORACLE_SCM,Kafka,Async,Success,,,,2516,SESS-857991C97B,REQ-5DC8D14DE3C8,2026-09-12 09:24:55
EVT-0003535,IF_CRMDM_ORSC_001,CRM,ORACLE_SCM,Kafka,Async,Success,,,,2096,SESS-F4581B6FF9,REQ-D79D8C8F1FA1,2026-09-13 13:05:25
EVT-0003537,IF_CRMDM_ORSC_001,CRM,ORACLE_SCM,Kafka,Async,Success,,,,2814,SESS-AAC9C2C49D,REQ-3B1176A909BF,2026-09-11 05:51:07
EVT-0003539,IF_CRMSM_SAPPP_001,CRM,SAP_ERP,REST_API,REST,Success,,,,2017,SESS-63275FB2CA,REQ-B99592DE6DA4,2026-09-16 01:02:48
EVT-0003545,IF_CRMDM_ORSC_001,CRM,ORACLE_SCM,Kafka,Async,Success,,,,2062,SESS-90738B068A,REQ-A55A880B69C3,2026-09-14 01:12:27
EVT-0003552,IF_CRMSM_SAPPP_001,CRM,SAP_ERP,REST_API,REST,Success,,,,2317,SESS-DF4315D615,REQ-CF08A3EDCD49,2026-09-15 16:47:02
EVT-0003563,IF_CRMSM_SAPPP_001,CRM,SAP_ERP,REST_API,REST,Success,,,,2396,SESS-F56FEDCBF0,REQ-7611465C32CB,2026-09-10 18:07:29
EVT-0003566,IF_CRMSM_SAPPP_001,CRM,SAP_ERP,REST_API,REST,Success,,,,2539,SESS-561621ADB4,REQ-8FA7A34E62D5,2026-09-14 06:18:18
EVT-0003569,IF_CRMOM_OROM_001,CRM,ORACLE_SCM,REST_API,REST,Success,,,,1385,SESS-2A88E05F08,REQ-BA40CB6A964C,2026-09-15 18:57:13
EVT-0003578,IF_CRMDM_ORSC_001,CRM,ORACLE_SCM,Kafka,Async,Success,,,,2466,SESS-5DB871A9D5,REQ-D5E81BE1754B,2026-09-12 15:43:50
EVT-0003579,IF_CRMSM_SAPPP_001,CRM,SAP_ERP,REST_API,REST,Success,,,,3396,SESS-A6AECB4D5E,REQ-BC07B265F430,2026-09-12 04:11:41
EVT-0003580,IF_CRMSM_SAPPP_001,CRM,SAP_ERP,REST_API,REST,Success,,,,2540,SESS-E7ED4D277B,REQ-CB534EA7AD40,2026-09-13 08:08:11
EVT-0003589,IF_CRMOM_OROM_001,CRM,ORACLE_SCM,REST_API,REST,Success,,,,1803,SESS-546AE4CB32,REQ-2E306FBFAECE,2026-09-13 12:07:50
EVT-0003596,IF_CRMOM_OROM_001,CRM,ORACLE_SCM,REST_API,REST,Success,,,,1527,SESS-D1A9809C64,REQ-F293E05B11AD,2026-09-14 12:52:52
EVT-0003597,IF_CRMDM_ORSC_001,CRM,ORACLE_SCM,Kafka,Async,Success,,,,1702,SESS-CEF608216C,REQ-7F48BAEE2FD3,2026-09-13 05:14:18
EVT-0003604,IF_CRMOM_OROM_001,CRM,ORACLE_SCM,REST_API,REST,Success,,,,1414,SESS-BC6438B4E9,REQ-0167286EC0C5,2026-09-10 03:59:09
EVT-0003618,IF_CRMSM_SAPPP_001,CRM,SAP_ERP,REST_API,REST,Success,,,,3326,SESS-CE9A71D2FB,REQ-322A36CBF379,2026-09-10 15:37:12
EVT-0003620,IF_CRMSM_SAPPP_001,CRM,SAP_ERP,REST_API,REST,Success,,,,2595,SESS-9F2D1CBB3F,REQ-FAF9BDCA8478,2026-09-13 04:08:14
EVT-0003633,IF_CRMSM_SAPPP_001,CRM,SAP_ERP,REST_API,REST,Success,,,,2294,SESS-3547C3B461,REQ-0DAC14FEE257,2026-09-10 15:25:01
EVT-0003643,IF_CRMOM_OROM_001,CRM,ORACLE_SCM,REST_API,REST,Success,,,,707,SESS-34F7283830,REQ-239A68A8C41C,2026-09-14 19:53:56
EVT-0003648,IF_CRMDM_ORSC_001,CRM,ORACLE_SCM,Kafka,Async,Success,,,,1271,SESS-9399E670D9,REQ-EA90C8F3A569,2026-09-13 10:37:43
EVT-0003651,IF_CRMSM_SAPPP_001,CRM,SAP_ERP,REST_API,REST,Success,,,,2403,SESS-6FAB438C75,REQ-827177AFBDE5,2026-09-11 05:50:35
EVT-0003656,IF_CRMDM_ORSC_001,CRM,ORACLE_SCM,Kafka,Async,Success,,,,1870,SESS-0E1B79F6DE,REQ-394BF0F792B0,2026-09-13 04:34:04
EVT-0003662,IF_CRMDM_ORSC_001,CRM,ORACLE_SCM,Kafka,Async,Success,,,,2546,SESS-32E1E04872,REQ-7F7AAD9FA8C9,2026-09-12 11:20:11
EVT-0003672,IF_CRMSM_SAPPP_001,CRM,SAP_ERP,REST_API,REST,Success,,,,2623,SESS-5AF829442F,REQ-463F55CD326C,2026-09-10 23:08:38
EVT-0003674,IF_CRMDM_ORSC_001,CRM,ORACLE_SCM,Kafka,Async,Success,,,,2751,SESS-8D507B6AF9,REQ-9BA9801E2376,2026-09-10 15:26:55
EVT-0003677,IF_CRMSM_SAPPP_001,CRM,SAP_ERP,REST_API,REST,Failed,NET_CONN_003,Connection reset by peer,Network,6688,SESS-CC09A20C86,REQ-0463A51E7538,2026-09-11 16:04:24
EVT-0003691,IF_CRMDM_ORSC_001,CRM,ORACLE_SCM,Kafka,Async,Success,,,,2215,SESS-79CEC54917,REQ-4154A7013C73,2026-09-13 08:29:31
EVT-0003697,IF_CRMDM_ORSC_001,CRM,ORACLE_SCM,Kafka,Async,Success,,,,2552,SESS-0901F413C6,REQ-3BAF4C235C7C,2026-09-16 00:17:13
EVT-0003698,IF_CRMSM_SAPPP_001,CRM,SAP_ERP,REST_API,REST,Success,,,,1815,SESS-E5321F456E,REQ-4C9AB508D020,2026-09-12 11:32:24
EVT-0003723,IF_CRMSM_SAPPP_001,CRM,SAP_ERP,REST_API,REST,Success,,,,2562,SESS-1B11996854,REQ-E764DB0DF545,2026-09-11 20:11:06
EVT-0003727,IF_CRMOM_OROM_001,CRM,ORACLE_SCM,REST_API,REST,Failed,CFG_017,Interface configuration mismatch,Configuration,10534,SESS-3BA1B83C3B,REQ-20B8E6975737,2026-09-16 20:44:51
EVT-0003747,IF_CRMSM_SAPPP_001,CRM,SAP_ERP,REST_API,REST,Success,,,,3105,SESS-A642F81F36,REQ-8CEB6DE5DB42,2026-09-13 20:13:07
EVT-0003750,IF_CRMDM_ORSC_001,CRM,ORACLE_SCM,Kafka,Async,Success,,,,1316,SESS-EC33ADB79A,REQ-C47AC8D480F4,2026-09-11 19:43:16
EVT-0003764,IF_CRMSM_SAPPP_001,CRM,SAP_ERP,REST_API,REST,Success,,,,2304,SESS-AAAC68C5C6,REQ-ED5F3C6E555C,2026-09-15 15:50:32
EVT-0003792,IF_CRMSM_SAPPP_001,CRM,SAP_ERP,REST_API,REST,Success,,,,2012,SESS-3DD8584BE8,REQ-1037A71CEE33,2026-09-12 12:36:04
EVT-0003804,IF_CRMDM_ORSC_001,CRM,ORACLE_SCM,Kafka,Async,Success,,,,2197,SESS-6BA511BEC4,REQ-9244E154B2FB,2026-09-16 13:34:05
EVT-0003807,IF_CRMSM_SAPPP_001,CRM,SAP_ERP,REST_API,REST,Success,,,,1226,SESS-3EBA06D922,REQ-1F900A995998,2026-09-12 18:41:07
EVT-0003831,IF_CRMOM_OROM_001,CRM,ORACLE_SCM,REST_API,REST,Success,,,,1963,SESS-DE89030947,REQ-8EF1BC8D1196,2026-09-15 03:54:46
EVT-0003854,IF_CRMDM_ORSC_001,CRM,ORACLE_SCM,Kafka,Async,Success,,,,1499,SESS-22313630C5,REQ-57C028FB78BE,2026-09-13 02:37:39
EVT-0003883,IF_CRMDM_ORSC_001,CRM,ORACLE_SCM,Kafka,Async,Success,,,,2437,SESS-FBC0BF52CA,REQ-5B718FA0526F,2026-09-12 02:16:39
EVT-0003896,IF_CRMSM_SAPPP_001,CRM,SAP_ERP,REST_API,REST,Success,,,,2127,SESS-B6D26D1F59,REQ-63F4BC3572D3,2026-09-14 03:52:03
EVT-0003906,IF_CRMSM_SAPPP_001,CRM,SAP_ERP,REST_API,REST,Success,,,,2384,SESS-20DDB31A5A,REQ-BBE11080C7D4,2026-09-11 02:29:30
EVT-0003927,IF_CRMDM_ORSC_001,CRM,ORACLE_SCM,Kafka,Async,Success,,,,2200,SESS-18240B4861,REQ-154586F26798,2026-09-14 03:52:07
EVT-0003937,IF_CRMOM_OROM_001,CRM,ORACLE_SCM,REST_API,REST,Retry,NET_CONN_003,Connection reset by peer,Network,4553,SESS-8CA2A99AED,REQ-6698FB962508,2026-09-15 02:17:55
EVT-0003945,IF_CRMDM_ORSC_001,CRM,ORACLE_SCM,Kafka,Async,Retry,EXT_502,Downstream service returned 502,External Service,6318,SESS-7F544E18E8,REQ-D550E9789995,2026-09-11 14:15:38
EVT-0003947,IF_CRMSM_SAPPP_001,CRM,SAP_ERP,REST_API,REST,Success,,,,2031,SESS-24C88B900D,REQ-9F28E29BBE92,2026-09-13 12:11:35
EVT-0003951,IF_CRMSM_SAPPP_001,CRM,SAP_ERP,REST_API,REST,Retry,AUTH_401,Service credential rejected,Authentication,7615,SESS-4DCC233F2F,REQ-529870289AE7,2026-09-13 19:26:21
EVT-0003957,IF_CRMDM_ORSC_001,CRM,ORACLE_SCM,Kafka,Async,Success,,,,2401,SESS-709FACEC6F,REQ-3603EDEA743B,2026-09-13 19:42:44
EVT-0003959,IF_CRMDM_ORSC_001,CRM,ORACLE_SCM,Kafka,Async,Failed,INFRA_008,Runtime node unavailable,Infrastructure,15201,SESS-8DE5962B5A,REQ-111E7D8EDEFE,2026-09-16 01:43:19
EVT-0003969,IF_CRMDM_ORSC_001,CRM,ORACLE_SCM,Kafka,Async,Retry,DB_COMMIT_014,Transaction commit failed,Database,5390,SESS-E72901382D,REQ-64AD88C8904B,2026-09-12 09:21:27
EVT-0003971,IF_CRMSM_SAPPP_001,CRM,SAP_ERP,REST_API,REST,Success,,,,2209,SESS-83898263E8,REQ-5701B9D8BF9B,2026-09-10 15:38:42
EVT-0003981,IF_CRMDM_ORSC_001,CRM,ORACLE_SCM,Kafka,Async,Success,,,,1951,SESS-0CE40CD632,REQ-6AF0CF61B7B7,2026-09-13 09:38:37
EVT-0003999,IF_CRMOM_OROM_001,CRM,ORACLE_SCM,REST_API,REST,Success,,,,1234,SESS-2EBD8BA97F,REQ-E3C287E7831F,2026-09-10 14:46:06
EVT-0004007,IF_CRMSM_SAPPP_001,CRM,SAP_ERP,REST_API,REST,Success,,,,1599,SESS-25A146C41D,REQ-BAEC68B51F22,2026-09-10 06:38:20
EVT-0004008,IF_CRMOM_OROM_001,CRM,ORACLE_SCM,REST_API,REST,Success,,,,995,SESS-3D164E4634,REQ-701AC0044D26,2026-09-16 05:50:23
EVT-0004012,IF_CRMSM_SAPPP_001,CRM,SAP_ERP,REST_API,REST,Success,,,,2377,SESS-4425BBB2FC,REQ-79AC46FF0810,2026-09-13 02:41:37
EVT-0004015,IF_CRMDM_ORSC_001,CRM,ORACLE_SCM,Kafka,Async,Success,,,,2011,SESS-87D01F30B5,REQ-5BF6302C6047,2026-09-12 00:47:51
EVT-0004017,IF_CRMSM_SAPPP_001,CRM,SAP_ERP,REST_API,REST,Success,,,,2671,SESS-EDAC83172B,REQ-127728C6F643,2026-09-13 18:36:09
EVT-0004042,IF_CRMDM_ORSC_001,CRM,ORACLE_SCM,Kafka,Async,Success,,,,1298,SESS-7AEC3AB0B5,REQ-BFCA9671A7FB,2026-09-11 01:51:59
EVT-0004043,IF_CRMSM_SAPPP_001,CRM,SAP_ERP,REST_API,REST,Success,,,,2399,SESS-D06BD2604F,REQ-4458088B7DF1,2026-09-16 20:10:18
EVT-0004061,IF_CRMDM_ORSC_001,CRM,ORACLE_SCM,Kafka,Async,Success,,,,1980,SESS-6458B1E3AE,REQ-3EB99812B56C,2026-09-14 18:02:11
EVT-0004062,IF_CRMDM_ORSC_001,CRM,ORACLE_SCM,Kafka,Async,Retry,INFRA_008,Runtime node unavailable,Infrastructure,3928,SESS-469443ADE8,REQ-6B98970A038B,2026-09-15 10:39:51
EVT-0004070,IF_CRMDM_ORSC_001,CRM,ORACLE_SCM,Kafka,Async,Success,,,,1624,SESS-5F94B78A00,REQ-6BE7A6BE15A6,2026-09-10 09:08:04
EVT-0004072,IF_CRMOM_OROM_001,CRM,ORACLE_SCM,REST_API,REST,Success,,,,1386,SESS-55CB3B6B09,REQ-C935ED5AB749,2026-09-15 13:33:29
EVT-0004075,IF_CRMOM_OROM_001,CRM,ORACLE_SCM,REST_API,REST,Success,,,,1027,SESS-E1E7CD205A,REQ-48645C18DB7F,2026-09-16 00:12:10
EVT-0004089,IF_CRMSM_SAPPP_001,CRM,SAP_ERP,REST_API,REST,Success,,,,2109,SESS-EB0C10568A,REQ-D9065F41210A,2026-09-10 17:49:17
EVT-0004091,IF_CRMDM_ORSC_001,CRM,ORACLE_SCM,Kafka,Async,Success,,,,2945,SESS-FA119AD76D,REQ-A8E438547FA1,2026-09-11 03:07:06
EVT-0004106,IF_CRMOM_OROM_001,CRM,ORACLE_SCM,REST_API,REST,Success,,,,2028,SESS-21963320E5,REQ-04A64FDC49E6,2026-09-12 05:19:26
EVT-0004123,IF_CRMDM_ORSC_001,CRM,ORACLE_SCM,Kafka,Async,Success,,,,2123,SESS-AEFDF0450B,REQ-D5B221DF6B4A,2026-09-15 21:32:40
EVT-0004124,IF_CRMOM_OROM_001,CRM,ORACLE_SCM,REST_API,REST,Success,,,,1311,SESS-B37749DA0A,REQ-ED6A8C1839E4,2026-09-15 06:51:23
EVT-0004128,IF_CRMDM_ORSC_001,CRM,ORACLE_SCM,Kafka,Async,Success,,,,2012,SESS-3F26B97DBD,REQ-4C64AD8C6EA5,2026-09-13 04:46:52
EVT-0004145,IF_CRMSM_SAPPP_001,CRM,SAP_ERP,REST_API,REST,Failed,AUTH_401,Service credential rejected,Authentication,13589,SESS-33EAEBAF84,REQ-CCBB25343BEC,2026-09-10 11:59:10
EVT-0004152,IF_CRMOM_OROM_001,CRM,ORACLE_SCM,REST_API,REST,Success,,,,1661,SESS-BA048B58D1,REQ-92D452265795,2026-09-15 03:15:14
EVT-0004154,IF_CRMOM_OROM_001,CRM,ORACLE_SCM,REST_API,REST,Success,,,,1257,SESS-9FFAFD7CBE,REQ-552FE82E4841,2026-09-10 12:47:14
EVT-0004191,IF_CRMSM_SAPPP_001,CRM,SAP_ERP,REST_API,REST,Success,,,,2795,SESS-322CFABAB7,REQ-04961A4CF5E9,2026-09-14 08:33:51
EVT-0004206,IF_CRMOM_OROM_001,CRM,ORACLE_SCM,REST_API,REST,Retry,AUTH_401,Service credential rejected,Authentication,3505,SESS-6905E7C126,REQ-A8C9DC84B628,2026-09-15 14:26:17
EVT-0004212,IF_CRMSM_SAPPP_001,CRM,SAP_ERP,REST_API,REST,Success,,,,2239,SESS-4154A55270,REQ-BB61FD96B30E,2026-09-16 16:26:44
EVT-0004214,IF_CRMSM_SAPPP_001,CRM,SAP_ERP,REST_API,REST,Success,,,,927,SESS-51EF180FBB,REQ-63C9738CACF9,2026-09-12 15:21:36
EVT-0004229,IF_CRMDM_ORSC_001,CRM,ORACLE_SCM,Kafka,Async,Success,,,,2001,SESS-4C27EED7B4,REQ-B876A55C15BE,2026-09-10 04:31:59
EVT-0004231,IF_CRMSM_SAPPP_001,CRM,SAP_ERP,REST_API,REST,Success,,,,1930,SESS-07578E2C56,REQ-22D45B5BED56,2026-09-16 14:17:29
EVT-0004233,IF_CRMSM_SAPPP_001,CRM,SAP_ERP,REST_API,REST,Success,,,,1921,SESS-3682722A7A,REQ-3C999407483A,2026-09-14 06:40:58
EVT-0004238,IF_CRMSM_SAPPP_001,CRM,SAP_ERP,REST_API,REST,Success,,,,2939,SESS-584ABA35EC,REQ-E3E4DBEF7AD0,2026-09-13 15:44:00
EVT-0004252,IF_CRMSM_SAPPP_001,CRM,SAP_ERP,REST_API,REST,Failed,DB_COMMIT_014,Transaction commit failed,Database,19545,SESS-17D9DFCBB5,REQ-02166009EF7D,2026-09-13 14:52:51
EVT-0004258,IF_CRMDM_ORSC_001,CRM,ORACLE_SCM,Kafka,Async,Success,,,,2322,SESS-74B6B18C04,REQ-D6497AD75EED,2026-09-15 21:39:21
EVT-0004261,IF_CRMDM_ORSC_001,CRM,ORACLE_SCM,Kafka,Async,Success,,,,2092,SESS-928FC08AE5,REQ-518A30E1628E,2026-09-15 12:39:19
EVT-0004265,IF_CRMOM_OROM_001,CRM,ORACLE_SCM,REST_API,REST,Success,,,,1065,SESS-C41463D2DE,REQ-D5007317E30C,2026-09-12 10:25:42
EVT-0004281,IF_CRMSM_SAPPP_001,CRM,SAP_ERP,REST_API,REST,Success,,,,2009,SESS-69CFD47E00,REQ-084D80851553,2026-09-13 06:44:03
EVT-0004282,IF_CRMSM_SAPPP_001,CRM,SAP_ERP,REST_API,REST,Success,,,,1943,SESS-AC3E111BDB,REQ-6CFEE01A75C5,2026-09-10 11:02:32
EVT-0004323,IF_CRMSM_SAPPP_001,CRM,SAP_ERP,REST_API,REST,Success,,,,2066,SESS-929C11E02A,REQ-A8C7139717B7,2026-09-14 02:37:47
EVT-0004332,IF_CRMOM_OROM_001,CRM,ORACLE_SCM,REST_API,REST,Success,,,,1691,SESS-4717C620A2,REQ-3B5101FA03FC,2026-09-12 01:28:15
EVT-0004338,IF_CRMSM_SAPPP_001,CRM,SAP_ERP,REST_API,REST,Success,,,,2675,SESS-6A58B6D0FE,REQ-B8E672248DBF,2026-09-14 11:35:21
EVT-0004346,IF_CRMDM_ORSC_001,CRM,ORACLE_SCM,Kafka,Async,Success,,,,2097,SESS-876DCDE84F,REQ-640333BC9788,2026-09-15 13:18:09
EVT-0004382,IF_CRMDM_ORSC_001,CRM,ORACLE_SCM,Kafka,Async,Success,,,,2055,SESS-BD3015F52F,REQ-6C88C2A2C161,2026-09-15 21:04:38
EVT-0004428,IF_CRMOM_OROM_001,CRM,ORACLE_SCM,REST_API,REST,Success,,,,1033,SESS-3ACF0499B2,REQ-DE3D6C6F2663,2026-09-15 09:25:39
EVT-0004431,IF_CRMDM_ORSC_001,CRM,ORACLE_SCM,Kafka,Async,Success,,,,2777,SESS-8A25DBB383,REQ-BF89914730E3,2026-09-16 12:17:06
EVT-0004468,IF_CRMOM_OROM_001,CRM,ORACLE_SCM,REST_API,REST,Success,,,,1208,SESS-5529FECFF9,REQ-9E0D62FBB62A,2026-09-15 10:09:51
EVT-0004490,IF_CRMDM_ORSC_001,CRM,ORACLE_SCM,Kafka,Async,Success,,,,1552,SESS-19E5861351,REQ-52B9F5892256,2026-09-14 16:17:55
EVT-0004517,IF_CRMSM_SAPPP_001,CRM,SAP_ERP,REST_API,REST,Success,,,,2216,SESS-6110174EF3,REQ-549A56FF8A27,2026-09-15 23:59:00
EVT-0004530,IF_CRMOM_OROM_001,CRM,ORACLE_SCM,REST_API,REST,Success,,,,1636,SESS-9F128A3C12,REQ-8343266598DD,2026-09-14 09:59:14
EVT-0004535,IF_CRMDM_ORSC_001,CRM,ORACLE_SCM,Kafka,Async,Success,,,,1662,SESS-A525CA3831,REQ-EC3B100AB1B1,2026-09-16 16:30:29
EVT-0004536,IF_CRMOM_OROM_001,CRM,ORACLE_SCM,REST_API,REST,Success,,,,1663,SESS-BD4AB704ED,REQ-69F80FEBED35,2026-09-13 11:16:43
EVT-0004539,IF_CRMDM_ORSC_001,CRM,ORACLE_SCM,Kafka,Async,Success,,,,1749,SESS-8D22B395EB,REQ-17981CFA3249,2026-09-14 06:16:30
EVT-0004542,IF_CRMSM_SAPPP_001,CRM,SAP_ERP,REST_API,REST,Success,,,,2261,SESS-77ED826BDE,REQ-6EAC7138B320,2026-09-12 16:55:17
EVT-0004551,IF_CRMOM_OROM_001,CRM,ORACLE_SCM,REST_API,REST,Success,,,,1219,SESS-721206338E,REQ-1BF99BF20F79,2026-09-11 08:04:23
EVT-0004558,IF_CRMDM_ORSC_001,CRM,ORACLE_SCM,Kafka,Async,Success,,,,2543,SESS-F6C1EAAB42,REQ-ECB1CC878D42,2026-09-16 20:27:50
EVT-0004579,IF_CRMDM_ORSC_001,CRM,ORACLE_SCM,Kafka,Async,Success,,,,2755,SESS-AB80AFCFB6,REQ-F03D84E9F404,2026-09-12 08:37:51
EVT-0004592,IF_CRMOM_OROM_001,CRM,ORACLE_SCM,REST_API,REST,Success,,,,1281,SESS-2B3336CA20,REQ-A283F7997A2A,2026-09-10 17:35:32
EVT-0004613,IF_CRMOM_OROM_001,CRM,ORACLE_SCM,REST_API,REST,Success,,,,1100,SESS-22E5E4BB33,REQ-DB60E3D8461B,2026-09-15 18:10:02
EVT-0004617,IF_CRMSM_SAPPP_001,CRM,SAP_ERP,REST_API,REST,Success,,,,1534,SESS-74879A65B5,REQ-D80CF39AD2F4,2026-09-15 10:55:15
EVT-0004619,IF_CRMDM_ORSC_001,CRM,ORACLE_SCM,Kafka,Async,Success,,,,1606,SESS-A45768EEED,REQ-EFF531D6846F,2026-09-13 02:51:35
EVT-0004623,IF_CRMDM_ORSC_001,CRM,ORACLE_SCM,Kafka,Async,Success,,,,1744,SESS-F6856F8C55,REQ-238ED6AC6AE3,2026-09-13 16:28:43
EVT-0004632,IF_CRMDM_ORSC_001,CRM,ORACLE_SCM,Kafka,Async,Success,,,,2060,SESS-08B83B0DCC,REQ-6879C4100DE8,2026-09-11 10:14:19
EVT-0004633,IF_CRMOM_OROM_001,CRM,ORACLE_SCM,REST_API,REST,Success,,,,1480,SESS-4241D6C684,REQ-9E94990DDDA4,2026-09-13 05:46:37
EVT-0004640,IF_CRMOM_OROM_001,CRM,ORACLE_SCM,REST_API,REST,Success,,,,1653,SESS-FCCCECAEDA,REQ-6E1DEBCEEE66,2026-09-12 18:34:50
EVT-0004649,IF_CRMSM_SAPPP_001,CRM,SAP_ERP,REST_API,REST,Success,,,,2717,SESS-979B149949,REQ-376B28FD4835,2026-09-15 21:15:28
EVT-0004651,IF_CRMDM_ORSC_001,CRM,ORACLE_SCM,Kafka,Async,Success,,,,1870,SESS-226DBC33A7,REQ-F610C1E9259F,2026-09-14 13:09:57
EVT-0004671,IF_CRMDM_ORSC_001,CRM,ORACLE_SCM,Kafka,Async,Success,,,,2225,SESS-DEE41E26C6,REQ-47E6D3318F4B,2026-09-10 21:32:04
EVT-0004686,IF_CRMOM_OROM_001,CRM,ORACLE_SCM,REST_API,REST,Success,,,,953,SESS-BCA2A429A4,REQ-D960AD9E8BF0,2026-09-10 07:53:23
EVT-0004690,IF_CRMDM_ORSC_001,CRM,ORACLE_SCM,Kafka,Async,Failed,AUTHZ_403,Caller is not authorized,Authorization,12993,SESS-1C11A7BDD6,REQ-217DC28F083C,2026-09-13 13:50:12
EVT-0004695,IF_CRMOM_OROM_001,CRM,ORACLE_SCM,REST_API,REST,Success,,,,1552,SESS-826C547944,REQ-3A360FBF4502,2026-09-14 10:34:34
EVT-0004713,IF_CRMSM_SAPPP_001,CRM,SAP_ERP,REST_API,REST,Success,,,,2301,SESS-1B06EFD4B4,REQ-FBED05592BAC,2026-09-14 11:41:38
EVT-0004729,IF_CRMSM_SAPPP_001,CRM,SAP_ERP,REST_API,REST,Success,,,,3024,SESS-D5F02C3315,REQ-56A7BCC70A6E,2026-09-11 13:51:45
EVT-0004731,IF_CRMSM_SAPPP_001,CRM,SAP_ERP,REST_API,REST,Success,,,,1865,SESS-C5B1DD1327,REQ-69421BB0D144,2026-09-14 02:35:26
EVT-0004733,IF_CRMDM_ORSC_001,CRM,ORACLE_SCM,Kafka,Async,Retry,INFRA_008,Runtime node unavailable,Infrastructure,3651,SESS-C0A646D8F2,REQ-03D2B8CF62E3,2026-09-11 15:35:58
EVT-0004739,IF_CRMDM_ORSC_001,CRM,ORACLE_SCM,Kafka,Async,Success,,,,2241,SESS-81705B589C,REQ-76349A3EE688,2026-09-13 14:35:52
EVT-0004745,IF_CRMOM_OROM_001,CRM,ORACLE_SCM,REST_API,REST,Success,,,,1307,SESS-38D00D688C,REQ-15071EF61FD4,2026-09-10 15:37:30
EVT-0004763,IF_CRMOM_OROM_001,CRM,ORACLE_SCM,REST_API,REST,Success,,,,1426,SESS-A8A3C9D6B2,REQ-F859F3075E0A,2026-09-11 21:54:42
EVT-0004775,IF_CRMOM_OROM_001,CRM,ORACLE_SCM,REST_API,REST,Success,,,,1625,SESS-ABCD033700,REQ-F91849118997,2026-09-11 14:00:33
EVT-0004795,IF_CRMDM_ORSC_001,CRM,ORACLE_SCM,Kafka,Async,Retry,EXT_502,Downstream service returned 502,External Service,8601,SESS-405AD8BA9E,REQ-85427560AD18,2026-09-13 00:20:23
EVT-0004802,IF_CRMOM_OROM_001,CRM,ORACLE_SCM,REST_API,REST,Success,,,,1553,SESS-98E01B2D7E,REQ-E3B3276BCFAA,2026-09-13 02:54:22
EVT-0004805,IF_CRMDM_ORSC_001,CRM,ORACLE_SCM,Kafka,Async,Success,,,,2400,SESS-FF96449CD2,REQ-5048D22ADBB1,2026-09-12 14:06:10
EVT-0004806,IF_CRMDM_ORSC_001,CRM,ORACLE_SCM,Kafka,Async,Success,,,,2219,SESS-71F0EBD2B6,REQ-1083C05169ED,2026-09-16 13:36:56
EVT-0004819,IF_CRMDM_ORSC_001,CRM,ORACLE_SCM,Kafka,Async,Success,,,,2205,SESS-E4E0FE2341,REQ-D64613761DF1,2026-09-12 08:03:10
EVT-0004833,IF_CRMOM_OROM_001,CRM,ORACLE_SCM,REST_API,REST,Success,,,,1114,SESS-32E2A569E9,REQ-5243EC3ACB14,2026-09-13 14:19:54
EVT-0004834,IF_CRMDM_ORSC_001,CRM,ORACLE_SCM,Kafka,Async,Success,,,,3084,SESS-79F89980DC,REQ-712E194716EB,2026-09-12 17:34:52
EVT-0004835,IF_CRMSM_SAPPP_001,CRM,SAP_ERP,REST_API,REST,Success,,,,2559,SESS-86AFDA5E30,REQ-0EA7C3C1348D,2026-09-13 15:12:23
EVT-0004837,IF_CRMSM_SAPPP_001,CRM,SAP_ERP,REST_API,REST,Retry,TIME_004,Downstream response exceeded SLA,Timeout,7338,SESS-DF2C0B97B0,REQ-BC9651CD4B2B,2026-09-11 14:02:58
EVT-0004878,IF_CRMDM_ORSC_001,CRM,ORACLE_SCM,Kafka,Async,Success,,,,2207,SESS-304FEA42C1,REQ-009B779048FB,2026-09-14 12:20:21
EVT-0004886,IF_CRMSM_SAPPP_001,CRM,SAP_ERP,REST_API,REST,Failed,TIME_004,Downstream response exceeded SLA,Timeout,10275,SESS-620E9E4E01,REQ-1DA053A6D8C2,2026-09-15 12:21:58
EVT-0004887,IF_CRMSM_SAPPP_001,CRM,SAP_ERP,REST_API,REST,Retry,AUTHZ_403,Caller is not authorized,Authorization,5187,SESS-62CAE31C75,REQ-8E51A63A51A1,2026-09-12 21:59:34
EVT-0004904,IF_CRMSM_SAPPP_001,CRM,SAP_ERP,REST_API,REST,Success,,,,1617,SESS-CAC88167AA,REQ-FC76B59777DD,2026-09-15 11:17:46
EVT-0004907,IF_CRMDM_ORSC_001,CRM,ORACLE_SCM,Kafka,Async,Success,,,,1782,SESS-886ABB4342,REQ-808D47DEB503,2026-09-15 16:22:08
EVT-0004913,IF_CRMSM_SAPPP_001,CRM,SAP_ERP,REST_API,REST,Failed,AUTH_401,Service credential rejected,Authentication,9143,SESS-5D9374F527,REQ-68D3BCA23104,2026-09-11 17:00:51
EVT-0004915,IF_CRMSM_SAPPP_001,CRM,SAP_ERP,REST_API,REST,Success,,,,2057,SESS-9370F906E1,REQ-B771CC12EB8A,2026-09-14 01:21:03
EVT-0004918,IF_CRMDM_ORSC_001,CRM,ORACLE_SCM,Kafka,Async,Success,,,,2616,SESS-25468224BD,REQ-2A0DD0818CAC,2026-09-12 06:22:47
EVT-0004922,IF_CRMDM_ORSC_001,CRM,ORACLE_SCM,Kafka,Async,Failed,INFRA_008,Runtime node unavailable,Infrastructure,12712,SESS-5BC28970FE,REQ-DE84EBCDFEBF,2026-09-16 23:28:04
EVT-0004926,IF_CRMDM_ORSC_001,CRM,ORACLE_SCM,Kafka,Async,Success,,,,2290,SESS-504DDB60E4,REQ-E29A1C1BDA50,2026-09-10 01:59:58
EVT-0004934,IF_CRMOM_OROM_001,CRM,ORACLE_SCM,REST_API,REST,Success,,,,1911,SESS-8622E3DC6D,REQ-02AF99C46C13,2026-09-16 18:20:02
EVT-0004941,IF_CRMSM_SAPPP_001,CRM,SAP_ERP,REST_API,REST,Success,,,,2560,SESS-672EA71E5F,REQ-4C6B5849FE9D,2026-09-15 12:06:50
EVT-0004957,IF_CRMOM_OROM_001,CRM,ORACLE_SCM,REST_API,REST,Success,,,,1439,SESS-7A665D4F57,REQ-AC52CF2E5BCE,2026-09-13 03:39:22
EVT-0004965,IF_CRMDM_ORSC_001,CRM,ORACLE_SCM,Kafka,Async,Success,,,,1998,SESS-A21DE9A88C,REQ-E20D29769A8D,2026-09-13 07:07:48
EVT-0004982,IF_CRMDM_ORSC_001,CRM,ORACLE_SCM,Kafka,Async,Success,,,,2220,SESS-25ED7D4FBE,REQ-6BCE634A9D92,2026-09-12 11:57:36
EVT-0005003,IF_CRMOM_OROM_001,CRM,ORACLE_SCM,REST_API,REST,Success,,,,1286,SESS-255D1C4EB8,REQ-525F0A9FE87C,2026-09-13 05:18:11
EVT-0005008,IF_CRMDM_ORSC_001,CRM,ORACLE_SCM,Kafka,Async,Success,,,,1907,SESS-5D99C43177,REQ-44C0372433B4,2026-09-12 12:52:39
EVT-0005014,IF_CRMDM_ORSC_001,CRM,ORACLE_SCM,Kafka,Async,Success,,,,1627,SESS-A465A6A1B3,REQ-4A7A87C00903,2026-09-13 08:50:38
EVT-0005023,IF_CRMDM_ORSC_001,CRM,ORACLE_SCM,Kafka,Async,Success,,,,1594,SESS-437B832DF4,REQ-9066B8E837A3,2026-09-16 01:13:16
EVT-0005066,IF_CRMOM_OROM_001,CRM,ORACLE_SCM,REST_API,REST,Success,,,,918,SESS-63EC4687FC,REQ-D1E32F7ED285,2026-09-13 02:46:36
EVT-0005077,IF_CRMOM_OROM_001,CRM,ORACLE_SCM,REST_API,REST,Success,,,,1497,SESS-0F9CFFB0B5,REQ-C8B3656269AF,2026-09-11 08:28:17
EVT-0005097,IF_CRMSM_SAPPP_001,CRM,SAP_ERP,REST_API,REST,Success,,,,3062,SESS-47C11B15FC,REQ-429EB92BABA6,2026-09-10 12:51:15
EVT-0005125,IF_CRMOM_OROM_001,CRM,ORACLE_SCM,REST_API,REST,Success,,,,1162,SESS-302D64BC4D,REQ-99C9052D8D97,2026-09-14 23:18:17
EVT-0005131,IF_CRMSM_SAPPP_001,CRM,SAP_ERP,REST_API,REST,Success,,,,2037,SESS-FF1BC4842D,REQ-C7AC24F96D08,2026-09-16 00:21:33
EVT-0005133,IF_CRMSM_SAPPP_001,CRM,SAP_ERP,REST_API,REST,Failed,VAL_400,Required business field failed validation,Validation,9395,SESS-C31B2D9199,REQ-C44E1EEAF831,2026-09-10 15:51:32
EVT-0005136,IF_CRMDM_ORSC_001,CRM,ORACLE_SCM,Kafka,Async,Success,,,,1761,SESS-F2702D1CFF,REQ-0E3760C74022,2026-09-11 23:16:44
EVT-0005143,IF_CRMDM_ORSC_001,CRM,ORACLE_SCM,Kafka,Async,Retry,TIME_004,Downstream response exceeded SLA,Timeout,5938,SESS-2841CD9549,REQ-2AEB6F54CC50,2026-09-16 00:22:41
EVT-0005155,IF_CRMSM_SAPPP_001,CRM,SAP_ERP,REST_API,REST,Success,,,,1932,SESS-791A7B5952,REQ-6896E23330AC,2026-09-14 07:32:07
EVT-0005165,IF_CRMSM_SAPPP_001,CRM,SAP_ERP,REST_API,REST,Success,,,,3106,SESS-FB4DD4A329,REQ-9D87519D5BB6,2026-09-11 12:16:25
EVT-0005168,IF_CRMOM_OROM_001,CRM,ORACLE_SCM,REST_API,REST,Success,,,,1447,SESS-AACE998275,REQ-6E648103B09C,2026-09-12 22:46:37
EVT-0005171,IF_CRMDM_ORSC_001,CRM,ORACLE_SCM,Kafka,Async,Retry,CAP_003,Downstream service is at capacity,Capacity,8748,SESS-51C5F34474,REQ-D07F7C8E48E5,2026-09-12 23:02:25
EVT-0005182,IF_CRMSM_SAPPP_001,CRM,SAP_ERP,REST_API,REST,Success,,,,3018,SESS-525700BFF2,REQ-E55920B63C55,2026-09-16 20:00:37
EVT-0005198,IF_CRMDM_ORSC_001,CRM,ORACLE_SCM,Kafka,Async,Success,,,,2831,SESS-0FAE4DA658,REQ-3AF3BCE4EB22,2026-09-13 04:30:54
EVT-0005212,IF_CRMDM_ORSC_001,CRM,ORACLE_SCM,Kafka,Async,Success,,,,2679,SESS-D55632A637,REQ-6CCC20810C0D,2026-09-11 14:15:26
EVT-0005222,IF_CRMSM_SAPPP_001,CRM,SAP_ERP,REST_API,REST,Success,,,,2313,SESS-1844C47054,REQ-C41983246342,2026-09-13 06:41:03
EVT-0005269,IF_CRMSM_SAPPP_001,CRM,SAP_ERP,REST_API,REST,Failed,CAP_003,Downstream service is at capacity,Capacity,9071,SESS-00D207B3C0,REQ-043029F2DE75,2026-09-15 00:21:48
EVT-0005278,IF_CRMSM_SAPPP_001,CRM,SAP_ERP,REST_API,REST,Success,,,,1704,SESS-CDF36DFFCB,REQ-559370F4EE4F,2026-09-13 08:31:14
EVT-0005284,IF_CRMDM_ORSC_001,CRM,ORACLE_SCM,Kafka,Async,Success,,,,2631,SESS-A46EA94D59,REQ-EAE23E98AD77,2026-09-15 03:42:20
EVT-0005288,IF_CRMSM_SAPPP_001,CRM,SAP_ERP,REST_API,REST,Success,,,,2386,SESS-680D10763F,REQ-891B0C78701C,2026-09-12 23:57:33
EVT-0005298,IF_CRMOM_OROM_001,CRM,ORACLE_SCM,REST_API,REST,Success,,,,1655,SESS-A6C5B5D47C,REQ-50E5034FE65F,2026-09-11 11:42:51
EVT-0005301,IF_CRMDM_ORSC_001,CRM,ORACLE_SCM,Kafka,Async,Failed,VAL_400,Required business field failed validation,Validation,13416,SESS-C5A858756B,REQ-DC334A15BC35,2026-09-16 10:46:56
EVT-0005306,IF_CRMOM_OROM_001,CRM,ORACLE_SCM,REST_API,REST,Success,,,,635,SESS-2F474D732F,REQ-742E54E6E0CD,2026-09-11 20:07:06
EVT-0005322,IF_CRMOM_OROM_001,CRM,ORACLE_SCM,REST_API,REST,Success,,,,1366,SESS-355637B717,REQ-88DD97BDBBB7,2026-09-14 21:08:35
EVT-0005328,IF_CRMOM_OROM_001,CRM,ORACLE_SCM,REST_API,REST,Success,,,,1068,SESS-1098619293,REQ-4D1F788E705F,2026-09-11 09:14:16
EVT-0005342,IF_CRMSM_SAPPP_001,CRM,SAP_ERP,REST_API,REST,Success,,,,2218,SESS-6455350D5C,REQ-BBE72789E9E7,2026-09-10 17:52:17
EVT-0005352,IF_CRMSM_SAPPP_001,CRM,SAP_ERP,REST_API,REST,Success,,,,2384,SESS-CAF1A70DA3,REQ-D25BF24BBC0B,2026-09-10 22:19:18
EVT-0005357,IF_CRMSM_SAPPP_001,CRM,SAP_ERP,REST_API,REST,Success,,,,1204,SESS-7558F3EC16,REQ-F98B689CE4F3,2026-09-14 16:53:04
EVT-0005374,IF_CRMDM_ORSC_001,CRM,ORACLE_SCM,Kafka,Async,Success,,,,2186,SESS-42909005AF,REQ-9C79EED510FA,2026-09-12 08:28:41
EVT-0005390,IF_CRMSM_SAPPP_001,CRM,SAP_ERP,REST_API,REST,Success,,,,2424,SESS-2F882612A2,REQ-DEE96A2BD5F9,2026-09-13 22:23:58
EVT-0005405,IF_CRMOM_OROM_001,CRM,ORACLE_SCM,REST_API,REST,Retry,EXT_502,Downstream service returned 502,External Service,5057,SESS-AF5ED2040B,REQ-57B0C37DB1CA,2026-09-11 09:00:03
EVT-0005407,IF_CRMOM_OROM_001,CRM,ORACLE_SCM,REST_API,REST,Success,,,,1265,SESS-37D79A50C4,REQ-E02C3BF65A4C,2026-09-11 20:03:26
EVT-0005442,IF_CRMOM_OROM_001,CRM,ORACLE_SCM,REST_API,REST,Success,,,,1099,SESS-D09A2E9EF0,REQ-38162D27CEBD,2026-09-12 19:25:23
EVT-0005447,IF_CRMDM_ORSC_001,CRM,ORACLE_SCM,Kafka,Async,Success,,,,2328,SESS-0520BAC447,REQ-10CE65123781,2026-09-10 01:53:06
EVT-0005449,IF_CRMOM_OROM_001,CRM,ORACLE_SCM,REST_API,REST,Success,,,,1159,SESS-05543329BA,REQ-8CB7EE91FFF2,2026-09-10 20:40:37
EVT-0005464,IF_CRMSM_SAPPP_001,CRM,SAP_ERP,REST_API,REST,Success,,,,1650,SESS-22A349A40F,REQ-6B09639A6DD8,2026-09-16 13:14:04
EVT-0005471,IF_CRMDM_ORSC_001,CRM,ORACLE_SCM,Kafka,Async,Success,,,,1292,SESS-F927620B14,REQ-2709B40D3105,2026-09-11 15:41:53
EVT-0005473,IF_CRMSM_SAPPP_001,CRM,SAP_ERP,REST_API,REST,Success,,,,2764,SESS-ABC2CA9B83,REQ-09E5228E3C5A,2026-09-12 06:19:55
EVT-0005496,IF_CRMSM_SAPPP_001,CRM,SAP_ERP,REST_API,REST,Success,,,,1682,SESS-6BF132E35C,REQ-B7A44170C803,2026-09-13 19:48:19
EVT-0005502,IF_CRMSM_SAPPP_001,CRM,SAP_ERP,REST_API,REST,Success,,,,949,SESS-D5C59659E2,REQ-4E1D3F76397B,2026-09-14 10:00:42
EVT-0005506,IF_CRMDM_ORSC_001,CRM,ORACLE_SCM,Kafka,Async,Success,,,,2087,SESS-8B530A8B2D,REQ-F39F6C08E571,2026-09-13 08:52:27
EVT-0005509,IF_CRMSM_SAPPP_001,CRM,SAP_ERP,REST_API,REST,Success,,,,2147,SESS-80E1C80017,REQ-06905C3FC980,2026-09-15 08:08:46
EVT-0005514,IF_CRMDM_ORSC_001,CRM,ORACLE_SCM,Kafka,Async,Success,,,,3332,SESS-48733DFAAB,REQ-F9C8BDD9CE22,2026-09-14 02:41:23
EVT-0005520,IF_CRMDM_ORSC_001,CRM,ORACLE_SCM,Kafka,Async,Retry,EXT_502,Downstream service returned 502,External Service,4183,SESS-E68AB1B925,REQ-789AD84D054B,2026-09-16 06:36:20
EVT-0005524,IF_CRMDM_ORSC_001,CRM,ORACLE_SCM,Kafka,Async,Success,,,,1688,SESS-673CA51C1C,REQ-95227A877EFA,2026-09-11 01:45:04
EVT-0005541,IF_CRMSM_SAPPP_001,CRM,SAP_ERP,REST_API,REST,Success,,,,2841,SESS-76651A9CA5,REQ-5D977BE30957,2026-09-10 05:45:28
EVT-0005542,IF_CRMOM_OROM_001,CRM,ORACLE_SCM,REST_API,REST,Retry,DB_COMMIT_014,Transaction commit failed,Database,4817,SESS-A8BE4389CF,REQ-6B33D2899C62,2026-09-13 04:42:09
EVT-0005547,IF_CRMOM_OROM_001,CRM,ORACLE_SCM,REST_API,REST,Success,,,,1516,SESS-91E118DDFF,REQ-3C018574395A,2026-09-11 23:45:29
EVT-0005549,IF_CRMOM_OROM_001,CRM,ORACLE_SCM,REST_API,REST,Success,,,,1185,SESS-1442920705,REQ-EAF40C3D5F88,2026-09-15 10:06:41
EVT-0005550,IF_CRMDM_ORSC_001,CRM,ORACLE_SCM,Kafka,Async,Success,,,,2033,SESS-2CC54CAE5C,REQ-6B05C12A0924,2026-09-14 14:36:40
EVT-0005555,IF_CRMDM_ORSC_001,CRM,ORACLE_SCM,Kafka,Async,Retry,TIME_004,Downstream response exceeded SLA,Timeout,8719,SESS-E75E78D240,REQ-B6C81CE45EA5,2026-09-13 15:18:53
EVT-0005571,IF_CRMOM_OROM_001,CRM,ORACLE_SCM,REST_API,REST,Success,,,,1336,SESS-3257F2C68F,REQ-2C1E574ECB04,2026-09-15 10:35:51
EVT-0005580,IF_CRMDM_ORSC_001,CRM,ORACLE_SCM,Kafka,Async,Retry,VAL_400,Required business field failed validation,Validation,5614,SESS-47F55FB3B9,REQ-0F444D1D9AAB,2026-09-12 22:31:26
EVT-0005589,IF_CRMOM_OROM_001,CRM,ORACLE_SCM,REST_API,REST,Success,,,,779,SESS-81358988B3,REQ-48B3FBE7091F,2026-09-16 02:45:49
EVT-0005590,IF_CRMOM_OROM_001,CRM,ORACLE_SCM,REST_API,REST,Success,,,,1534,SESS-88D3E99E5C,REQ-63A49683F2BD,2026-09-10 22:45:14
EVT-0005610,IF_CRMOM_OROM_001,CRM,ORACLE_SCM,REST_API,REST,Failed,AUTHZ_403,Caller is not authorized,Authorization,9673,SESS-601266B07D,REQ-85B4D4EA6597,2026-09-10 17:57:16
EVT-0005614,IF_CRMOM_OROM_001,CRM,ORACLE_SCM,REST_API,REST,Success,,,,2061,SESS-1D546C345F,REQ-9A705216B6B7,2026-09-16 02:14:09
EVT-0005618,IF_CRMOM_OROM_001,CRM,ORACLE_SCM,REST_API,REST,Success,,,,1135,SESS-75ABF911E7,REQ-71E21BE9B795,2026-09-10 10:08:47
EVT-0005622,IF_CRMSM_SAPPP_001,CRM,SAP_ERP,REST_API,REST,Success,,,,1770,SESS-87E9916843,REQ-772732FF8305,2026-09-13 11:49:20
EVT-0005624,IF_CRMDM_ORSC_001,CRM,ORACLE_SCM,Kafka,Async,Retry,AUTH_401,Service credential rejected,Authentication,4442,SESS-47DCECFC11,REQ-0C08CD85895A,2026-09-16 14:37:56
EVT-0005631,IF_CRMSM_SAPPP_001,CRM,SAP_ERP,REST_API,REST,Success,,,,2918,SESS-9C6B26F346,REQ-BF1F4EDD5647,2026-09-11 14:58:41
EVT-0005646,IF_CRMDM_ORSC_001,CRM,ORACLE_SCM,Kafka,Async,Success,,,,2326,SESS-C6CD65862A,REQ-60C3BB988B48,2026-09-14 16:21:13
EVT-0005653,IF_CRMOM_OROM_001,CRM,ORACLE_SCM,REST_API,REST,Retry,EXT_502,Downstream service returned 502,External Service,5254,SESS-F9DA1C2812,REQ-8124B55FA848,2026-09-12 18:30:49
EVT-0005664,IF_CRMSM_SAPPP_001,CRM,SAP_ERP,REST_API,REST,Success,,,,1332,SESS-7BCC87A81B,REQ-B9EAF285C852,2026-09-11 00:18:32
EVT-0005667,IF_CRMSM_SAPPP_001,CRM,SAP_ERP,REST_API,REST,Success,,,,2035,SESS-1CBDA2CAEE,REQ-79BB820C99BE,2026-09-13 12:32:34
EVT-0005672,IF_CRMDM_ORSC_001,CRM,ORACLE_SCM,Kafka,Async,Success,,,,1958,SESS-BF59E7D563,REQ-B45A3B6A5760,2026-09-10 01:36:09
EVT-0005678,IF_CRMSM_SAPPP_001,CRM,SAP_ERP,REST_API,REST,Success,,,,2072,SESS-AE84BC210D,REQ-72A1397A3EDA,2026-09-11 15:16:16
EVT-0005680,IF_CRMDM_ORSC_001,CRM,ORACLE_SCM,Kafka,Async,Retry,CFG_017,Interface configuration mismatch,Configuration,8666,SESS-8742BE5265,REQ-B60283577D91,2026-09-12 21:24:05
EVT-0005682,IF_CRMSM_SAPPP_001,CRM,SAP_ERP,REST_API,REST,Success,,,,2113,SESS-D33CF0EA03,REQ-1E0132C5FC5C,2026-09-15 01:54:20
EVT-0005687,IF_CRMOM_OROM_001,CRM,ORACLE_SCM,REST_API,REST,Success,,,,1460,SESS-1253565B84,REQ-1607DE110676,2026-09-12 18:23:17
EVT-0005692,IF_CRMDM_ORSC_001,CRM,ORACLE_SCM,Kafka,Async,Success,,,,2789,SESS-53DD265E5F,REQ-53B3DF8A785A,2026-09-14 23:16:53
EVT-0005699,IF_CRMOM_OROM_001,CRM,ORACLE_SCM,REST_API,REST,Success,,,,1237,SESS-75739B0339,REQ-D19E2191EAC5,2026-09-13 03:30:18
EVT-0005701,IF_CRMOM_OROM_001,CRM,ORACLE_SCM,REST_API,REST,Success,,,,1506,SESS-94C960C701,REQ-003E0457407D,2026-09-13 19:23:14
EVT-0005720,IF_CRMSM_SAPPP_001,CRM,SAP_ERP,REST_API,REST,Success,,,,2267,SESS-67372A240B,REQ-AF5372E27DEE,2026-09-13 22:07:47
EVT-0005734,IF_CRMOM_OROM_001,CRM,ORACLE_SCM,REST_API,REST,Success,,,,1343,SESS-8DDBFB39F4,REQ-49422F2321E3,2026-09-10 20:37:40
EVT-0005745,IF_CRMDM_ORSC_001,CRM,ORACLE_SCM,Kafka,Async,Success,,,,1869,SESS-04DE2B188C,REQ-0CBD3C95B6AE,2026-09-12 00:18:25
EVT-0005746,IF_CRMSM_SAPPP_001,CRM,SAP_ERP,REST_API,REST,Retry,INFRA_008,Runtime node unavailable,Infrastructure,8768,SESS-5835D24E83,REQ-E982B15CA8E7,2026-09-14 12:51:55
EVT-0005748,IF_CRMDM_ORSC_001,CRM,ORACLE_SCM,Kafka,Async,Success,,,,1727,SESS-69066DA0E5,REQ-1E2665BFE8FD,2026-09-14 19:10:08
EVT-0005754,IF_CRMOM_OROM_001,CRM,ORACLE_SCM,REST_API,REST,Success,,,,1784,SESS-1EB38ACAE1,REQ-1134851E8D35,2026-09-14 18:44:49
EVT-0005761,IF_CRMSM_SAPPP_001,CRM,SAP_ERP,REST_API,REST,Success,,,,2780,SESS-C8110E44F8,REQ-B4FA98087067,2026-09-13 08:17:41
EVT-0005767,IF_CRMDM_ORSC_001,CRM,ORACLE_SCM,Kafka,Async,Success,,,,2797,SESS-C1547978B8,REQ-6EE0B38FD432,2026-09-10 13:45:44
EVT-0005787,IF_CRMOM_OROM_001,CRM,ORACLE_SCM,REST_API,REST,Success,,,,1215,SESS-E26BB300F8,REQ-D461AE696735,2026-09-13 03:27:35
EVT-0005808,IF_CRMDM_ORSC_001,CRM,ORACLE_SCM,Kafka,Async,Success,,,,2033,SESS-1BEF814DDF,REQ-B537F7CDFCAD,2026-09-16 11:02:25
EVT-0005830,IF_CRMOM_OROM_001,CRM,ORACLE_SCM,REST_API,REST,Success,,,,1636,SESS-38271ECDD4,REQ-E4883855BC3C,2026-09-12 02:30:29
EVT-0005837,IF_CRMOM_OROM_001,CRM,ORACLE_SCM,REST_API,REST,Retry,CFG_017,Interface configuration mismatch,Configuration,2958,SESS-9491DD6F64,REQ-BE655CD14F17,2026-09-10 00:11:12
EVT-0005847,IF_CRMDM_ORSC_001,CRM,ORACLE_SCM,Kafka,Async,Success,,,,2306,SESS-8B83A1347B,REQ-546435F3FBB0,2026-09-16 04:18:21
EVT-0005869,IF_CRMDM_ORSC_001,CRM,ORACLE_SCM,Kafka,Async,Success,,,,1837,SESS-82ED92D25A,REQ-FDD70D854111,2026-09-15 04:52:09
EVT-0005870,IF_CRMSM_SAPPP_001,CRM,SAP_ERP,REST_API,REST,Success,,,,2367,SESS-035CA320D5,REQ-3BC3D3593244,2026-09-15 10:06:59
EVT-0005885,IF_CRMSM_SAPPP_001,CRM,SAP_ERP,REST_API,REST,Success,,,,2401,SESS-7FB4C9DB3F,REQ-4318DD0343F3,2026-09-12 11:44:27
EVT-0005889,IF_CRMOM_OROM_001,CRM,ORACLE_SCM,REST_API,REST,Retry,AUTHZ_403,Caller is not authorized,Authorization,3420,SESS-62D695A2A7,REQ-64D06D939E90,2026-09-16 10:07:41
EVT-0005900,IF_CRMOM_OROM_001,CRM,ORACLE_SCM,REST_API,REST,Success,,,,1067,SESS-1297B19F02,REQ-01DC29B948A5,2026-09-14 14:35:32
EVT-0005902,IF_CRMDM_ORSC_001,CRM,ORACLE_SCM,Kafka,Async,Success,,,,2542,SESS-ADD3A09B50,REQ-991528EA62E6,2026-09-11 17:58:31
EVT-0005909,IF_CRMOM_OROM_001,CRM,ORACLE_SCM,REST_API,REST,Success,,,,2065,SESS-EB7F55F3E2,REQ-BBB7EF6EE721,2026-09-15 16:28:30
EVT-0005914,IF_CRMSM_SAPPP_001,CRM,SAP_ERP,REST_API,REST,Success,,,,2440,SESS-D7AD74B54F,REQ-9EF477A2D5BA,2026-09-16 21:17:32
EVT-0005931,IF_CRMSM_SAPPP_001,CRM,SAP_ERP,REST_API,REST,Success,,,,2277,SESS-9E213FF0A9,REQ-A50C6443182D,2026-09-12 05:04:28
EVT-0005937,IF_CRMOM_OROM_001,CRM,ORACLE_SCM,REST_API,REST,Success,,,,927,SESS-AF0598E47A,REQ-5B975C96122D,2026-09-10 01:38:25
EVT-0005970,IF_CRMDM_ORSC_001,CRM,ORACLE_SCM,Kafka,Async,Success,,,,2979,SESS-30169B7C22,REQ-CF92477D603C,2026-09-16 04:08:39
EVT-0000006,IF_HCMPAY_SAPFIN_001,HCM,SAP_ERP,SFTP,Batch,Success,,,,11077,SESS-93817EA810,REQ-078391B5B9CE,2026-09-12 17:21:34
EVT-0000012,IF_HCMPAY_SAPFIN_001,HCM,SAP_ERP,SFTP,Batch,Success,,,,13559,SESS-268F9F3EBB,REQ-C0BAB325F27D,2026-09-10 08:03:17
EVT-0000024,IF_HCMPAY_SAPFIN_001,HCM,SAP_ERP,SFTP,Batch,Retry,INFRA_008,Runtime node unavailable,Infrastructure,47482,SESS-3CBFB6AEF7,REQ-3A02FC9D95D4,2026-09-11 14:21:27
EVT-0000030,IF_HCMPAY_SAPFIN_001,HCM,SAP_ERP,SFTP,Batch,Success,,,,13014,SESS-58E80A24BD,REQ-C4BF9554D38B,2026-09-10 13:05:37
EVT-0000046,IF_HCMWM_SAPFIN_001,HCM,SAP_ERP,ESB,Async,Retry,CAP_003,Downstream service is at capacity,Capacity,16735,SESS-70D97C9B9A,REQ-0039FF92D68D,2026-09-12 18:48:45
EVT-0000049,IF_HCMPAY_SAPFIN_001,HCM,SAP_ERP,SFTP,Batch,Success,,,,18367,SESS-52DA37CE47,REQ-DD95C9271DD3,2026-09-16 11:06:47
EVT-0000070,IF_HCMPAY_SAPFIN_001,HCM,SAP_ERP,SFTP,Batch,Success,,,,13997,SESS-8B6491819F,REQ-2D070F6FE082,2026-09-14 03:25:20
EVT-0000080,IF_HCMPAY_SAPFIN_001,HCM,SAP_ERP,SFTP,Batch,Success,,,,15007,SESS-A135372351,REQ-19FA6E755F7F,2026-09-11 23:25:02
EVT-0000092,IF_HCMPAY_SAPFIN_001,HCM,SAP_ERP,SFTP,Batch,Success,,,,10688,SESS-3A64F431E7,REQ-60144115F887,2026-09-16 11:04:09
EVT-0000094,IF_HCMWM_SAPFIN_001,HCM,SAP_ERP,ESB,Async,Retry,CFG_017,Interface configuration mismatch,Configuration,11989,SESS-6E1D7DCCF5,REQ-E117CB0353AF,2026-09-12 04:07:12
EVT-0000095,IF_HCMPAY_SAPFIN_001,HCM,SAP_ERP,SFTP,Batch,Success,,,,15188,SESS-051A2D850D,REQ-77DD759F9C2E,2026-09-14 08:19:42
EVT-0000109,IF_HCMWM_SAPFIN_001,HCM,SAP_ERP,ESB,Async,Success,,,,4047,SESS-3D14E69E9E,REQ-8A651250C545,2026-09-11 15:33:26
EVT-0000123,IF_HCMPAY_SAPFIN_001,HCM,SAP_ERP,SFTP,Batch,Success,,,,12657,SESS-552C4C0C84,REQ-0364C43EB988,2026-09-11 19:54:52
EVT-0000154,IF_HCMWM_SAPFIN_001,HCM,SAP_ERP,ESB,Async,Success,,,,5451,SESS-8AB8FFBDC0,REQ-F8BD680A2612,2026-09-13 12:58:04
EVT-0000202,IF_HCMWM_SAPFIN_001,HCM,SAP_ERP,ESB,Async,Success,,,,4527,SESS-B0EF260FED,REQ-C9E8BE4EDC0C,2026-09-14 06:46:07
EVT-0000219,IF_HCMWM_SAPFIN_001,HCM,SAP_ERP,ESB,Async,Success,,,,4559,SESS-6B745661C6,REQ-0DDC9EFB97CA,2026-09-15 20:23:39
EVT-0000263,IF_HCMWM_SAPFIN_001,HCM,SAP_ERP,ESB,Async,Success,,,,4528,SESS-43F9253796,REQ-9FF72EF80F80,2026-09-14 02:14:07
EVT-0000266,IF_HCMPAY_SAPFIN_001,HCM,SAP_ERP,SFTP,Batch,Failed,CAP_003,Downstream service is at capacity,Capacity,105492,SESS-7838651160,REQ-490D0123536D,2026-09-15 21:54:38
EVT-0000279,IF_HCMWM_SAPFIN_001,HCM,SAP_ERP,ESB,Async,Success,,,,5708,SESS-0AB871EEBB,REQ-4162B59C4C12,2026-09-15 20:19:37
EVT-0000288,IF_HCMPAY_SAPFIN_001,HCM,SAP_ERP,SFTP,Batch,Retry,DB_COMMIT_014,Transaction commit failed,Database,33970,SESS-BE796B3D67,REQ-DE183DE25687,2026-09-11 17:17:24
EVT-0000289,IF_HCMWM_SAPFIN_001,HCM,SAP_ERP,ESB,Async,Success,,,,4296,SESS-93326AFCB4,REQ-F550A9F946FE,2026-09-16 20:27:40
EVT-0000298,IF_HCMWM_SAPFIN_001,HCM,SAP_ERP,ESB,Async,Success,,,,3959,SESS-48CA6A8F2D,REQ-D710F40A6FDC,2026-09-11 15:53:22
EVT-0000342,IF_HCMPAY_SAPFIN_001,HCM,SAP_ERP,SFTP,Batch,Success,,,,14887,SESS-9624FE19CA,REQ-AFD62F41EA3C,2026-09-10 20:19:47
EVT-0000349,IF_HCMPAY_SAPFIN_001,HCM,SAP_ERP,SFTP,Batch,Success,,,,13612,SESS-8EABBE5046,REQ-B34D6E39C904,2026-09-16 20:54:21
EVT-0000353,IF_HCMWM_SAPFIN_001,HCM,SAP_ERP,ESB,Async,Success,,,,3725,SESS-379579BC27,REQ-A7120B3DBD92,2026-09-12 20:13:33
EVT-0000367,IF_HCMWM_SAPFIN_001,HCM,SAP_ERP,ESB,Async,Success,,,,5061,SESS-C996824E73,REQ-4CC9F9D17C9F,2026-09-11 03:33:03
EVT-0000369,IF_HCMWM_SAPFIN_001,HCM,SAP_ERP,ESB,Async,Success,,,,2831,SESS-AA2A251B31,REQ-DF7A25A1AB70,2026-09-13 09:13:16
EVT-0000376,IF_HCMWM_SAPFIN_001,HCM,SAP_ERP,ESB,Async,Success,,,,3127,SESS-BAC1FDBFF4,REQ-C2C3EE91208C,2026-09-12 14:55:03
EVT-0000388,IF_HCMPAY_SAPFIN_001,HCM,SAP_ERP,SFTP,Batch,Failed,AUTH_401,Service credential rejected,Authentication,61819,SESS-8032AEB34C,REQ-A12768AE6EA4,2026-09-10 22:30:10
EVT-0000406,IF_HCMPAY_SAPFIN_001,HCM,SAP_ERP,SFTP,Batch,Success,,,,20064,SESS-7F8F263E00,REQ-6CE2112136D3,2026-09-16 17:22:33
EVT-0000407,IF_HCMPAY_SAPFIN_001,HCM,SAP_ERP,SFTP,Batch,Retry,CAP_003,Downstream service is at capacity,Capacity,39415,SESS-C1F6E7AB66,REQ-D4F8B1B10A32,2026-09-16 15:25:02
EVT-0000425,IF_HCMPAY_SAPFIN_001,HCM,SAP_ERP,SFTP,Batch,Success,,,,16131,SESS-D4B033E036,REQ-0A38716F2618,2026-09-10 04:29:48
EVT-0000429,IF_HCMPAY_SAPFIN_001,HCM,SAP_ERP,SFTP,Batch,Success,,,,11688,SESS-1E00344D3B,REQ-0623A20FC62C,2026-09-10 02:25:07
EVT-0000446,IF_HCMWM_SAPFIN_001,HCM,SAP_ERP,ESB,Async,Success,,,,4220,SESS-9595981034,REQ-BFDED132EFD1,2026-09-13 17:44:46
EVT-0000460,IF_HCMPAY_SAPFIN_001,HCM,SAP_ERP,SFTP,Batch,Success,,,,9842,SESS-E88D8E27EB,REQ-123BEF7AD895,2026-09-12 04:24:45
EVT-0000530,IF_HCMPAY_SAPFIN_001,HCM,SAP_ERP,SFTP,Batch,Retry,DB_COMMIT_014,Transaction commit failed,Database,44374,SESS-3B76AE0D6B,REQ-642C7437CAAB,2026-09-15 06:13:16
EVT-0000554,IF_HCMPAY_SAPFIN_001,HCM,SAP_ERP,SFTP,Batch,Success,,,,11876,SESS-121EB1689F,REQ-D0F1E22F68B5,2026-09-10 07:46:16
EVT-0000567,IF_HCMPAY_SAPFIN_001,HCM,SAP_ERP,SFTP,Batch,Success,,,,10339,SESS-4735F5C151,REQ-6D70C29AB5F9,2026-09-14 09:04:13
EVT-0000568,IF_HCMWM_SAPFIN_001,HCM,SAP_ERP,ESB,Async,Success,,,,4198,SESS-F1909F5F6C,REQ-24C8E69F4278,2026-09-13 10:42:12
EVT-0000578,IF_HCMWM_SAPFIN_001,HCM,SAP_ERP,ESB,Async,Success,,,,4674,SESS-502DB8FC94,REQ-6000A83B6D40,2026-09-10 04:48:51
EVT-0000603,IF_HCMWM_SAPFIN_001,HCM,SAP_ERP,ESB,Async,Failed,VAL_400,Required business field failed validation,Validation,17767,SESS-1700694557,REQ-DF80B0590BF2,2026-09-12 21:25:16
EVT-0000608,IF_HCMPAY_SAPFIN_001,HCM,SAP_ERP,SFTP,Batch,Success,,,,18313,SESS-6F9BDC8973,REQ-43E1AC4EA646,2026-09-11 20:09:40
EVT-0000616,IF_HCMPAY_SAPFIN_001,HCM,SAP_ERP,SFTP,Batch,Success,,,,16139,SESS-F80B7B1750,REQ-5050AF168E0B,2026-09-14 16:40:20
EVT-0000624,IF_HCMWM_SAPFIN_001,HCM,SAP_ERP,ESB,Async,Success,,,,6160,SESS-DE84ABE993,REQ-9645A5D99ACB,2026-09-12 08:14:53
EVT-0000629,IF_HCMWM_SAPFIN_001,HCM,SAP_ERP,ESB,Async,Success,,,,5137,SESS-55B448DE70,REQ-157E32B66D5E,2026-09-15 05:58:28
EVT-0000635,IF_HCMPAY_SAPFIN_001,HCM,SAP_ERP,SFTP,Batch,Success,,,,15128,SESS-3429430C57,REQ-237CC2C198FE,2026-09-10 20:47:46
EVT-0000638,IF_HCMWM_SAPFIN_001,HCM,SAP_ERP,ESB,Async,Failed,DB_COMMIT_014,Transaction commit failed,Database,18983,SESS-0F83A98136,REQ-914A89B51638,2026-09-14 01:55:49
EVT-0000639,IF_HCMPAY_SAPFIN_001,HCM,SAP_ERP,SFTP,Batch,Success,,,,15502,SESS-F30E7C3C7E,REQ-0BA5A8042130,2026-09-14 04:24:54
EVT-0000673,IF_HCMWM_SAPFIN_001,HCM,SAP_ERP,ESB,Async,Success,,,,2704,SESS-0918D54806,REQ-BB2DF238C430,2026-09-12 07:53:12
EVT-0000738,IF_HCMPAY_SAPFIN_001,HCM,SAP_ERP,SFTP,Batch,Success,,,,10596,SESS-B281FDF89D,REQ-B3E8A9BB6C85,2026-09-12 10:03:44
EVT-0000750,IF_HCMPAY_SAPFIN_001,HCM,SAP_ERP,SFTP,Batch,Success,,,,9753,SESS-3336F4EF22,REQ-B204C8BF9D25,2026-09-15 07:26:49
EVT-0000786,IF_HCMWM_SAPFIN_001,HCM,SAP_ERP,ESB,Async,Success,,,,5133,SESS-DF7FC6A9F6,REQ-793116E608A6,2026-09-10 23:39:12
EVT-0000787,IF_HCMWM_SAPFIN_001,HCM,SAP_ERP,ESB,Async,Success,,,,6497,SESS-6BF26A8D58,REQ-80DED8FEE6BC,2026-09-13 08:11:46
EVT-0000808,IF_HCMPAY_SAPFIN_001,HCM,SAP_ERP,SFTP,Batch,Retry,INFRA_008,Runtime node unavailable,Infrastructure,29285,SESS-EDCD2D78FB,REQ-F1F9CD80176B,2026-09-11 01:47:13
EVT-0000810,IF_HCMWM_SAPFIN_001,HCM,SAP_ERP,ESB,Async,Success,,,,4324,SESS-BC3430F4D9,REQ-9B14D4B25DC9,2026-09-10 05:44:58
EVT-0000835,IF_HCMWM_SAPFIN_001,HCM,SAP_ERP,ESB,Async,Success,,,,5724,SESS-05BB1D6102,REQ-1923A4919B12,2026-09-14 20:42:46
EVT-0000852,IF_HCMWM_SAPFIN_001,HCM,SAP_ERP,ESB,Async,Success,,,,4070,SESS-DAC2942AED,REQ-C91C9D5FF609,2026-09-11 23:08:30
EVT-0000883,IF_HCMPAY_SAPFIN_001,HCM,SAP_ERP,SFTP,Batch,Success,,,,9277,SESS-BD567CB1FD,REQ-9EFE77E737BF,2026-09-12 11:48:52
EVT-0000896,IF_HCMWM_SAPFIN_001,HCM,SAP_ERP,ESB,Async,Success,,,,3216,SESS-471692F916,REQ-2541F627B1B4,2026-09-16 02:15:58
EVT-0000903,IF_HCMPAY_SAPFIN_001,HCM,SAP_ERP,SFTP,Batch,Retry,TIME_004,Downstream response exceeded SLA,Timeout,49040,SESS-BC74B60F6F,REQ-AB253AC8E0FE,2026-09-16 08:35:10
EVT-0000952,IF_HCMWM_SAPFIN_001,HCM,SAP_ERP,ESB,Async,Success,,,,5173,SESS-DEA7F83172,REQ-7FCB2228983D,2026-09-12 09:49:31
EVT-0000965,IF_HCMWM_SAPFIN_001,HCM,SAP_ERP,ESB,Async,Success,,,,4188,SESS-F2B8B3CACC,REQ-E4E67E14FF77,2026-09-14 04:59:54
EVT-0000966,IF_HCMWM_SAPFIN_001,HCM,SAP_ERP,ESB,Async,Success,,,,4542,SESS-4163707EF6,REQ-60B426103FC4,2026-09-13 00:58:26
EVT-0001001,IF_HCMWM_SAPFIN_001,HCM,SAP_ERP,ESB,Async,Success,,,,5071,SESS-929A593649,REQ-F79039F3556F,2026-09-13 21:12:26
EVT-0001008,IF_HCMPAY_SAPFIN_001,HCM,SAP_ERP,SFTP,Batch,Success,,,,10760,SESS-B6F389FDA9,REQ-2A96D1EF0488,2026-09-11 09:58:19
EVT-0001019,IF_HCMWM_SAPFIN_001,HCM,SAP_ERP,ESB,Async,Success,,,,5341,SESS-00165B1BAF,REQ-93E37195F4B2,2026-09-14 23:08:33
EVT-0001023,IF_HCMWM_SAPFIN_001,HCM,SAP_ERP,ESB,Async,Success,,,,4901,SESS-9BEB104EF5,REQ-5F1B479AEAD9,2026-09-12 16:48:54
EVT-0001034,IF_HCMPAY_SAPFIN_001,HCM,SAP_ERP,SFTP,Batch,Retry,CFG_017,Interface configuration mismatch,Configuration,43511,SESS-C40D1E65AA,REQ-37350E3CA65F,2026-09-13 22:12:23
EVT-0001068,IF_HCMWM_SAPFIN_001,HCM,SAP_ERP,ESB,Async,Success,,,,4981,SESS-E2B10131E7,REQ-0016BC122D9D,2026-09-16 20:33:57
EVT-0001071,IF_HCMPAY_SAPFIN_001,HCM,SAP_ERP,SFTP,Batch,Success,,,,15422,SESS-6EB64B4734,REQ-74B53AEABDB2,2026-09-11 15:04:35
EVT-0001080,IF_HCMPAY_SAPFIN_001,HCM,SAP_ERP,SFTP,Batch,Success,,,,11377,SESS-64B4918C5B,REQ-28CD3D78C43E,2026-09-11 22:17:35
EVT-0001085,IF_HCMPAY_SAPFIN_001,HCM,SAP_ERP,SFTP,Batch,Success,,,,20604,SESS-1627D2BAA4,REQ-806EC83D9858,2026-09-13 21:08:16
EVT-0001090,IF_HCMPAY_SAPFIN_001,HCM,SAP_ERP,SFTP,Batch,Failed,AUTHZ_403,Caller is not authorized,Authorization,68291,SESS-E6EC8158D1,REQ-1116FB6B3452,2026-09-14 14:31:05
EVT-0001093,IF_HCMWM_SAPFIN_001,HCM,SAP_ERP,ESB,Async,Success,,,,4886,SESS-944E704A8F,REQ-F97EC37EEC01,2026-09-14 16:47:29
EVT-0001094,IF_HCMPAY_SAPFIN_001,HCM,SAP_ERP,SFTP,Batch,Retry,NET_CONN_003,Connection reset by peer,Network,36236,SESS-0A49D0E7FB,REQ-F6B6ABD2886F,2026-09-14 18:13:01
EVT-0001102,IF_HCMPAY_SAPFIN_001,HCM,SAP_ERP,SFTP,Batch,Success,,,,12401,SESS-7BFF1C65C0,REQ-7DE919F7FF6B,2026-09-10 01:11:19
EVT-0001108,IF_HCMPAY_SAPFIN_001,HCM,SAP_ERP,SFTP,Batch,Success,,,,13400,SESS-33473B7654,REQ-79E52AFED602,2026-09-11 14:16:46
EVT-0001126,IF_HCMWM_SAPFIN_001,HCM,SAP_ERP,ESB,Async,Failed,AUTH_401,Service credential rejected,Authentication,32236,SESS-7E1700ACB0,REQ-BF6C467FDB5D,2026-09-10 10:34:01
EVT-0001127,IF_HCMPAY_SAPFIN_001,HCM,SAP_ERP,SFTP,Batch,Failed,AUTHZ_403,Caller is not authorized,Authorization,78095,SESS-72E4621E3C,REQ-5A084AC79F93,2026-09-15 04:31:33
EVT-0001139,IF_HCMWM_SAPFIN_001,HCM,SAP_ERP,ESB,Async,Success,,,,4141,SESS-DCCB721C45,REQ-141D0F90BB9A,2026-09-15 16:11:26
EVT-0001140,IF_HCMPAY_SAPFIN_001,HCM,SAP_ERP,SFTP,Batch,Success,,,,12941,SESS-87F34E1DF9,REQ-D47D8DD6D788,2026-09-11 05:22:42
EVT-0001169,IF_HCMWM_SAPFIN_001,HCM,SAP_ERP,ESB,Async,Success,,,,5493,SESS-F470975F25,REQ-2EBA8C27123D,2026-09-15 21:21:04
EVT-0001178,IF_HCMWM_SAPFIN_001,HCM,SAP_ERP,ESB,Async,Retry,VAL_400,Required business field failed validation,Validation,12185,SESS-C175AAF2E5,REQ-1311D4852E91,2026-09-10 00:48:52
EVT-0001180,IF_HCMPAY_SAPFIN_001,HCM,SAP_ERP,SFTP,Batch,Success,,,,16021,SESS-A66BF52F5B,REQ-5B41F955D070,2026-09-10 07:35:26
EVT-0001185,IF_HCMPAY_SAPFIN_001,HCM,SAP_ERP,SFTP,Batch,Retry,AUTH_401,Service credential rejected,Authentication,30765,SESS-804EF3A0B7,REQ-4F76C5CE1F91,2026-09-10 04:28:49
EVT-0001199,IF_HCMWM_SAPFIN_001,HCM,SAP_ERP,ESB,Async,Success,,,,4129,SESS-27223A25A4,REQ-1887F4145DEB,2026-09-11 21:30:11
EVT-0001224,IF_HCMPAY_SAPFIN_001,HCM,SAP_ERP,SFTP,Batch,Retry,AUTHZ_403,Caller is not authorized,Authorization,30287,SESS-371791C86F,REQ-9BD3F07B04B2,2026-09-15 14:23:21
EVT-0001242,IF_HCMPAY_SAPFIN_001,HCM,SAP_ERP,SFTP,Batch,Retry,CFG_017,Interface configuration mismatch,Configuration,37128,SESS-21B98B7D7D,REQ-D992E9D5D788,2026-09-16 07:34:11
EVT-0001247,IF_HCMWM_SAPFIN_001,HCM,SAP_ERP,ESB,Async,Success,,,,6069,SESS-8DA6EE496B,REQ-221A4F8EA563,2026-09-16 03:50:14
EVT-0001282,IF_HCMWM_SAPFIN_001,HCM,SAP_ERP,ESB,Async,Success,,,,3789,SESS-9A6E2BFB59,REQ-27BDF804B6BF,2026-09-10 03:54:09
EVT-0001298,IF_HCMWM_SAPFIN_001,HCM,SAP_ERP,ESB,Async,Success,,,,4062,SESS-B8E0E6F255,REQ-C14C35007B36,2026-09-16 15:01:31
EVT-0001299,IF_HCMPAY_SAPFIN_001,HCM,SAP_ERP,SFTP,Batch,Retry,VAL_400,Required business field failed validation,Validation,23647,SESS-398660E8F6,REQ-B81F494A3DBE,2026-09-10 07:07:46
EVT-0001300,IF_HCMWM_SAPFIN_001,HCM,SAP_ERP,ESB,Async,Success,,,,3840,SESS-33874A784A,REQ-D88DA9B0ED9F,2026-09-13 11:25:54
EVT-0001301,IF_HCMPAY_SAPFIN_001,HCM,SAP_ERP,SFTP,Batch,Success,,,,9730,SESS-D4E6E9D861,REQ-2804C4F5EC7F,2026-09-15 09:28:01
EVT-0001308,IF_HCMWM_SAPFIN_001,HCM,SAP_ERP,ESB,Async,Success,,,,4886,SESS-51BAD508EB,REQ-345BDD20135B,2026-09-15 20:44:41
EVT-0001320,IF_HCMPAY_SAPFIN_001,HCM,SAP_ERP,SFTP,Batch,Success,,,,12437,SESS-91005FBB1B,REQ-E3F5D49D8E38,2026-09-13 12:26:37
EVT-0001336,IF_HCMWM_SAPFIN_001,HCM,SAP_ERP,ESB,Async,Success,,,,4994,SESS-300D5FDCD0,REQ-889CAFCF9621,2026-09-14 12:13:55
EVT-0001352,IF_HCMWM_SAPFIN_001,HCM,SAP_ERP,ESB,Async,Success,,,,5423,SESS-786D4123E0,REQ-35BED59B3BD9,2026-09-13 13:14:48
EVT-0001353,IF_HCMPAY_SAPFIN_001,HCM,SAP_ERP,SFTP,Batch,Success,,,,7642,SESS-C590E5E637,REQ-EF6C15883586,2026-09-13 20:17:37
EVT-0001394,IF_HCMPAY_SAPFIN_001,HCM,SAP_ERP,SFTP,Batch,Success,,,,13310,SESS-83F48DD9CF,REQ-E66ACCBC4B30,2026-09-11 07:12:29
EVT-0001410,IF_HCMWM_SAPFIN_001,HCM,SAP_ERP,ESB,Async,Success,,,,4224,SESS-B68E18A92D,REQ-F6C5591CDB17,2026-09-10 18:08:44
EVT-0001419,IF_HCMWM_SAPFIN_001,HCM,SAP_ERP,ESB,Async,Success,,,,3769,SESS-BAF57D8E2F,REQ-4ED2B3F1080C,2026-09-11 04:25:59
EVT-0001437,IF_HCMPAY_SAPFIN_001,HCM,SAP_ERP,SFTP,Batch,Success,,,,15349,SESS-728FE9E588,REQ-F76023A98DDD,2026-09-12 08:13:09
EVT-0001446,IF_HCMWM_SAPFIN_001,HCM,SAP_ERP,ESB,Async,Retry,VAL_400,Required business field failed validation,Validation,8948,SESS-F0B26F9449,REQ-DA11F069E4D2,2026-09-10 17:09:47
EVT-0001447,IF_HCMWM_SAPFIN_001,HCM,SAP_ERP,ESB,Async,Retry,CFG_017,Interface configuration mismatch,Configuration,8584,SESS-B371E7C8B5,REQ-860387C009EA,2026-09-10 18:40:31
EVT-0001461,IF_HCMWM_SAPFIN_001,HCM,SAP_ERP,ESB,Async,Success,,,,4955,SESS-7EDF30EEE7,REQ-C2A3373E3FF4,2026-09-13 19:29:17
EVT-0001466,IF_HCMPAY_SAPFIN_001,HCM,SAP_ERP,SFTP,Batch,Success,,,,13684,SESS-A827A3119C,REQ-B69E69AD9E64,2026-09-10 04:44:43
EVT-0001476,IF_HCMWM_SAPFIN_001,HCM,SAP_ERP,ESB,Async,Success,,,,4974,SESS-3D8C1A1572,REQ-DDA288D91E44,2026-09-11 00:38:30
EVT-0001490,IF_HCMWM_SAPFIN_001,HCM,SAP_ERP,ESB,Async,Success,,,,4434,SESS-F4716CD3FB,REQ-3B41D9F46073,2026-09-16 21:34:57
EVT-0001495,IF_HCMPAY_SAPFIN_001,HCM,SAP_ERP,SFTP,Batch,Success,,,,12257,SESS-958C42C6B9,REQ-145BB2D71DA8,2026-09-14 16:12:58
EVT-0001512,IF_HCMPAY_SAPFIN_001,HCM,SAP_ERP,SFTP,Batch,Success,,,,9792,SESS-5B2A0B1210,REQ-31C7FBEE0B07,2026-09-15 12:22:22
EVT-0001516,IF_HCMPAY_SAPFIN_001,HCM,SAP_ERP,SFTP,Batch,Success,,,,12457,SESS-ABBFD2BA72,REQ-B42B64A34DDD,2026-09-13 01:07:59
EVT-0001523,IF_HCMPAY_SAPFIN_001,HCM,SAP_ERP,SFTP,Batch,Success,,,,14753,SESS-E3BC7EF687,REQ-6F90CDC27CCE,2026-09-14 06:28:35
EVT-0001566,IF_HCMWM_SAPFIN_001,HCM,SAP_ERP,ESB,Async,Success,,,,4858,SESS-353CD71971,REQ-733FADB7C854,2026-09-14 07:57:01
EVT-0001574,IF_HCMWM_SAPFIN_001,HCM,SAP_ERP,ESB,Async,Success,,,,4786,SESS-2D4B7B55A8,REQ-335038BFC27A,2026-09-15 09:01:42
EVT-0001587,IF_HCMWM_SAPFIN_001,HCM,SAP_ERP,ESB,Async,Success,,,,5358,SESS-A39C90891A,REQ-6D139A545A86,2026-09-13 11:05:27
EVT-0001588,IF_HCMPAY_SAPFIN_001,HCM,SAP_ERP,SFTP,Batch,Success,,,,8989,SESS-9EB42A53A4,REQ-577A208ECFF5,2026-09-15 06:33:38
EVT-0001634,IF_HCMWM_SAPFIN_001,HCM,SAP_ERP,ESB,Async,Retry,INFRA_008,Runtime node unavailable,Infrastructure,8981,SESS-DD0662A244,REQ-6A5F440A3D27,2026-09-15 06:40:47
EVT-0001637,IF_HCMWM_SAPFIN_001,HCM,SAP_ERP,ESB,Async,Success,,,,5611,SESS-D1D3CC1B49,REQ-14578D129165,2026-09-12 17:18:44
EVT-0001643,IF_HCMPAY_SAPFIN_001,HCM,SAP_ERP,SFTP,Batch,Success,,,,14195,SESS-5E303CA236,REQ-953015E0B673,2026-09-12 18:43:22
EVT-0001653,IF_HCMPAY_SAPFIN_001,HCM,SAP_ERP,SFTP,Batch,Success,,,,11362,SESS-9A0942DFAB,REQ-F8F87502132A,2026-09-10 21:50:25
EVT-0001665,IF_HCMWM_SAPFIN_001,HCM,SAP_ERP,ESB,Async,Success,,,,6527,SESS-058C93E515,REQ-BCA309DC6612,2026-09-13 06:41:14
EVT-0001675,IF_HCMWM_SAPFIN_001,HCM,SAP_ERP,ESB,Async,Success,,,,3204,SESS-51118A97B9,REQ-D1CC59CB82E4,2026-09-14 14:36:44
EVT-0001686,IF_HCMWM_SAPFIN_001,HCM,SAP_ERP,ESB,Async,Success,,,,5780,SESS-ED483B27B3,REQ-3AC9DA481764,2026-09-13 13:28:33
EVT-0001696,IF_HCMWM_SAPFIN_001,HCM,SAP_ERP,ESB,Async,Success,,,,3143,SESS-C6C1A47E6A,REQ-B742C0BD1DF6,2026-09-11 09:16:26
EVT-0001711,IF_HCMWM_SAPFIN_001,HCM,SAP_ERP,ESB,Async,Success,,,,2662,SESS-55258C8BD7,REQ-3CF30A007A81,2026-09-16 08:17:44
EVT-0001713,IF_HCMWM_SAPFIN_001,HCM,SAP_ERP,ESB,Async,Success,,,,4414,SESS-CA3AE94760,REQ-4771E1AE3F81,2026-09-14 23:42:26
EVT-0001734,IF_HCMPAY_SAPFIN_001,HCM,SAP_ERP,SFTP,Batch,Success,,,,18949,SESS-5E0459A327,REQ-53B4E4926A34,2026-09-16 21:38:08
EVT-0001737,IF_HCMWM_SAPFIN_001,HCM,SAP_ERP,ESB,Async,Retry,TIME_004,Downstream response exceeded SLA,Timeout,8497,SESS-B44301214B,REQ-545A29425A68,2026-09-11 02:49:24
EVT-0001745,IF_HCMPAY_SAPFIN_001,HCM,SAP_ERP,SFTP,Batch,Success,,,,12344,SESS-010096C033,REQ-5B9649BC72FB,2026-09-13 18:49:38
EVT-0001752,IF_HCMPAY_SAPFIN_001,HCM,SAP_ERP,SFTP,Batch,Success,,,,13454,SESS-B116C5EA75,REQ-70A229635B43,2026-09-10 16:53:05
EVT-0001815,IF_HCMWM_SAPFIN_001,HCM,SAP_ERP,ESB,Async,Failed,AUTH_401,Service credential rejected,Authentication,32201,SESS-A032A849A5,REQ-C705875DBC26,2026-09-14 16:13:14
EVT-0001838,IF_HCMWM_SAPFIN_001,HCM,SAP_ERP,ESB,Async,Success,,,,3847,SESS-4A9CE2F8C7,REQ-BBE2277394E8,2026-09-16 03:17:56
EVT-0001849,IF_HCMPAY_SAPFIN_001,HCM,SAP_ERP,SFTP,Batch,Success,,,,15026,SESS-05ABF96AD1,REQ-DECD45EDFD96,2026-09-12 12:31:33
EVT-0001852,IF_HCMPAY_SAPFIN_001,HCM,SAP_ERP,SFTP,Batch,Success,,,,19191,SESS-400AD9EC23,REQ-6D986EA96BF1,2026-09-11 19:40:51
EVT-0001865,IF_HCMPAY_SAPFIN_001,HCM,SAP_ERP,SFTP,Batch,Retry,VAL_400,Required business field failed validation,Validation,41796,SESS-270F600177,REQ-89E04C0691EB,2026-09-15 10:47:39
EVT-0001874,IF_HCMPAY_SAPFIN_001,HCM,SAP_ERP,SFTP,Batch,Success,,,,14721,SESS-45087D477C,REQ-D460338D9A1E,2026-09-14 22:48:55
EVT-0001876,IF_HCMWM_SAPFIN_001,HCM,SAP_ERP,ESB,Async,Success,,,,3640,SESS-C9A68184CD,REQ-C72B40F34010,2026-09-10 03:33:11
EVT-0001882,IF_HCMWM_SAPFIN_001,HCM,SAP_ERP,ESB,Async,Retry,DB_COMMIT_014,Transaction commit failed,Database,11435,SESS-7B48456055,REQ-3514ABD9280E,2026-09-10 03:25:34
EVT-0001891,IF_HCMPAY_SAPFIN_001,HCM,SAP_ERP,SFTP,Batch,Success,,,,16073,SESS-C545E6C74F,REQ-E475F77078AD,2026-09-15 01:33:04
EVT-0001892,IF_HCMPAY_SAPFIN_001,HCM,SAP_ERP,SFTP,Batch,Retry,AUTHZ_403,Caller is not authorized,Authorization,44260,SESS-E7C8565E1B,REQ-BD74BE40BF81,2026-09-11 17:51:49
EVT-0001914,IF_HCMWM_SAPFIN_001,HCM,SAP_ERP,ESB,Async,Success,,,,4737,SESS-C4A756F05E,REQ-18FDA677A918,2026-09-13 21:15:11
EVT-0001917,IF_HCMPAY_SAPFIN_001,HCM,SAP_ERP,SFTP,Batch,Success,,,,12204,SESS-5A450674DC,REQ-1A6AC45B8245,2026-09-12 11:16:03
EVT-0001923,IF_HCMPAY_SAPFIN_001,HCM,SAP_ERP,SFTP,Batch,Success,,,,12166,SESS-22C76EC15D,REQ-0D6207BE4FBA,2026-09-11 09:52:50
EVT-0001925,IF_HCMWM_SAPFIN_001,HCM,SAP_ERP,ESB,Async,Retry,AUTH_401,Service credential rejected,Authentication,8155,SESS-A85F5371F1,REQ-F7A2F204D674,2026-09-10 15:16:57
EVT-0001943,IF_HCMWM_SAPFIN_001,HCM,SAP_ERP,ESB,Async,Success,,,,3541,SESS-39B059269B,REQ-E9D58083074C,2026-09-15 23:28:19
EVT-0001961,IF_HCMPAY_SAPFIN_001,HCM,SAP_ERP,SFTP,Batch,Success,,,,13329,SESS-6C6D164D65,REQ-5AC4CDE9D1C4,2026-09-14 14:40:43
EVT-0001973,IF_HCMPAY_SAPFIN_001,HCM,SAP_ERP,SFTP,Batch,Success,,,,13049,SESS-F8981EA190,REQ-92C800F64C42,2026-09-13 13:03:14
EVT-0001996,IF_HCMPAY_SAPFIN_001,HCM,SAP_ERP,SFTP,Batch,Success,,,,14964,SESS-90E229AEEB,REQ-BF57A0F52BA6,2026-09-12 23:50:15
EVT-0002002,IF_HCMPAY_SAPFIN_001,HCM,SAP_ERP,SFTP,Batch,Success,,,,11495,SESS-4F2B775EB8,REQ-45FDD10D193C,2026-09-10 04:17:12
EVT-0002007,IF_HCMWM_SAPFIN_001,HCM,SAP_ERP,ESB,Async,Success,,,,4630,SESS-305BA4527A,REQ-92B69D645EB1,2026-09-13 04:25:58
EVT-0002021,IF_HCMPAY_SAPFIN_001,HCM,SAP_ERP,SFTP,Batch,Success,,,,14416,SESS-94CA9DFF7F,REQ-6FEB8C26FF6F,2026-09-14 06:10:51
EVT-0002050,IF_HCMPAY_SAPFIN_001,HCM,SAP_ERP,SFTP,Batch,Success,,,,13719,SESS-9B2AAA7FD4,REQ-407E95516201,2026-09-16 17:02:49
EVT-0002094,IF_HCMPAY_SAPFIN_001,HCM,SAP_ERP,SFTP,Batch,Success,,,,11924,SESS-8F7800BFA4,REQ-1CAA61EB959C,2026-09-10 08:00:27
EVT-0002097,IF_HCMWM_SAPFIN_001,HCM,SAP_ERP,ESB,Async,Success,,,,3951,SESS-4003C7468A,REQ-610C5A4AFFEC,2026-09-16 02:03:05
EVT-0002099,IF_HCMPAY_SAPFIN_001,HCM,SAP_ERP,SFTP,Batch,Success,,,,13091,SESS-89676C2B6C,REQ-AF3AB22F59F9,2026-09-11 13:14:53
EVT-0002109,IF_HCMWM_SAPFIN_001,HCM,SAP_ERP,ESB,Async,Success,,,,4408,SESS-AE292A6FF5,REQ-833C7CAA3AC6,2026-09-13 04:39:03
EVT-0002120,IF_HCMPAY_SAPFIN_001,HCM,SAP_ERP,SFTP,Batch,Success,,,,12639,SESS-A5A23978E7,REQ-AE4CBDD780D3,2026-09-11 01:17:31
EVT-0002128,IF_HCMWM_SAPFIN_001,HCM,SAP_ERP,ESB,Async,Success,,,,6887,SESS-2BDAB9750B,REQ-ADA66B1B7533,2026-09-14 10:06:29
EVT-0002150,IF_HCMPAY_SAPFIN_001,HCM,SAP_ERP,SFTP,Batch,Success,,,,12459,SESS-3EAD764E36,REQ-1ABE546970C5,2026-09-16 08:36:37
EVT-0002152,IF_HCMPAY_SAPFIN_001,HCM,SAP_ERP,SFTP,Batch,Success,,,,16668,SESS-04564DA644,REQ-751DE5379765,2026-09-15 00:21:34
EVT-0002155,IF_HCMPAY_SAPFIN_001,HCM,SAP_ERP,SFTP,Batch,Success,,,,14298,SESS-80DD259DB2,REQ-EBDFF8FE2858,2026-09-11 03:02:52
EVT-0002161,IF_HCMPAY_SAPFIN_001,HCM,SAP_ERP,SFTP,Batch,Success,,,,10322,SESS-FFC45A4F65,REQ-79B0713AB0BF,2026-09-15 14:35:09
EVT-0002162,IF_HCMPAY_SAPFIN_001,HCM,SAP_ERP,SFTP,Batch,Success,,,,13781,SESS-15955D80DB,REQ-69B1696F65BE,2026-09-12 18:20:37
EVT-0002183,IF_HCMWM_SAPFIN_001,HCM,SAP_ERP,ESB,Async,Success,,,,4106,SESS-8584CF2E78,REQ-D55783930C5A,2026-09-16 17:43:26
EVT-0002204,IF_HCMWM_SAPFIN_001,HCM,SAP_ERP,ESB,Async,Success,,,,5533,SESS-F5CF805EF9,REQ-E033895FF0C1,2026-09-10 10:43:47
EVT-0002232,IF_HCMWM_SAPFIN_001,HCM,SAP_ERP,ESB,Async,Success,,,,4825,SESS-35C91A3A7C,REQ-3C6C3020EB66,2026-09-12 05:55:17
EVT-0002242,IF_HCMWM_SAPFIN_001,HCM,SAP_ERP,ESB,Async,Success,,,,2744,SESS-D3AB2C709C,REQ-DCBF93D7B374,2026-09-12 20:52:32
EVT-0002259,IF_HCMWM_SAPFIN_001,HCM,SAP_ERP,ESB,Async,Success,,,,4092,SESS-B1F09B3FCB,REQ-A9097F9F6135,2026-09-11 07:15:30
EVT-0002264,IF_HCMWM_SAPFIN_001,HCM,SAP_ERP,ESB,Async,Success,,,,6238,SESS-57C14CDA95,REQ-F3F5203A6BF5,2026-09-16 08:41:13
EVT-0002269,IF_HCMWM_SAPFIN_001,HCM,SAP_ERP,ESB,Async,Success,,,,5030,SESS-F52F78121D,REQ-FE3D3C04F921,2026-09-11 13:48:47
EVT-0002277,IF_HCMWM_SAPFIN_001,HCM,SAP_ERP,ESB,Async,Success,,,,4272,SESS-0C922C1D34,REQ-F735DC399A25,2026-09-11 12:27:01
EVT-0002299,IF_HCMWM_SAPFIN_001,HCM,SAP_ERP,ESB,Async,Success,,,,3449,SESS-EA22B545AC,REQ-A68279B0DC81,2026-09-10 19:03:26
EVT-0002324,IF_HCMPAY_SAPFIN_001,HCM,SAP_ERP,SFTP,Batch,Success,,,,13844,SESS-897A22A261,REQ-5B448AAC84B8,2026-09-16 22:10:48
EVT-0002328,IF_HCMWM_SAPFIN_001,HCM,SAP_ERP,ESB,Async,Retry,EXT_502,Downstream service returned 502,External Service,7443,SESS-2A47818FC5,REQ-C66591F8B1B7,2026-09-10 10:31:51
EVT-0002332,IF_HCMWM_SAPFIN_001,HCM,SAP_ERP,ESB,Async,Retry,AUTH_401,Service credential rejected,Authentication,7260,SESS-C8FDEB7E7E,REQ-B815AD3F89AB,2026-09-13 23:39:47
EVT-0002357,IF_HCMWM_SAPFIN_001,HCM,SAP_ERP,ESB,Async,Success,,,,3688,SESS-8DADCFFCB2,REQ-045ADCEE6990,2026-09-12 05:33:27
EVT-0002359,IF_HCMWM_SAPFIN_001,HCM,SAP_ERP,ESB,Async,Success,,,,4210,SESS-3E33E6EBFE,REQ-C0D97D93A433,2026-09-12 14:17:00
EVT-0002368,IF_HCMPAY_SAPFIN_001,HCM,SAP_ERP,SFTP,Batch,Success,,,,19001,SESS-B70B58973F,REQ-9427B417D92D,2026-09-12 19:23:29
EVT-0002381,IF_HCMWM_SAPFIN_001,HCM,SAP_ERP,ESB,Async,Success,,,,4604,SESS-57A56A8F7D,REQ-D25158CBB1C6,2026-09-10 14:43:28
EVT-0002413,IF_HCMWM_SAPFIN_001,HCM,SAP_ERP,ESB,Async,Retry,NET_CONN_003,Connection reset by peer,Network,11790,SESS-08828F414E,REQ-351800B54A1F,2026-09-10 10:56:14
EVT-0002429,IF_HCMPAY_SAPFIN_001,HCM,SAP_ERP,SFTP,Batch,Success,,,,12882,SESS-D50E6EB738,REQ-42C9A97934BF,2026-09-10 06:34:46
EVT-0002449,IF_HCMWM_SAPFIN_001,HCM,SAP_ERP,ESB,Async,Success,,,,4064,SESS-6BEAF22296,REQ-D0934616266B,2026-09-16 23:35:46
EVT-0002472,IF_HCMPAY_SAPFIN_001,HCM,SAP_ERP,SFTP,Batch,Success,,,,13132,SESS-F7E4571117,REQ-908ECB4878FF,2026-09-11 04:25:47
EVT-0002474,IF_HCMWM_SAPFIN_001,HCM,SAP_ERP,ESB,Async,Failed,NET_CONN_003,Connection reset by peer,Network,7142,SESS-3F47336AD2,REQ-D678D1806BCA,2026-09-13 01:48:40
EVT-0002490,IF_HCMWM_SAPFIN_001,HCM,SAP_ERP,ESB,Async,Success,,,,3773,SESS-2ED838FCE9,REQ-DA0C2C7CB153,2026-09-10 23:20:03
EVT-0002506,IF_HCMWM_SAPFIN_001,HCM,SAP_ERP,ESB,Async,Success,,,,2377,SESS-7A2315752A,REQ-AD39DB0E1688,2026-09-14 19:06:54
EVT-0002521,IF_HCMWM_SAPFIN_001,HCM,SAP_ERP,ESB,Async,Retry,CAP_003,Downstream service is at capacity,Capacity,12954,SESS-2E9B363C08,REQ-6CED681367F5,2026-09-14 12:52:33
EVT-0002523,IF_HCMWM_SAPFIN_001,HCM,SAP_ERP,ESB,Async,Success,,,,4605,SESS-21A0E55817,REQ-635D78C15505,2026-09-16 06:24:56
EVT-0002545,IF_HCMPAY_SAPFIN_001,HCM,SAP_ERP,SFTP,Batch,Success,,,,10319,SESS-2F25AA61A6,REQ-E39A783F613E,2026-09-10 16:54:38
EVT-0002551,IF_HCMPAY_SAPFIN_001,HCM,SAP_ERP,SFTP,Batch,Success,,,,16136,SESS-3343C5A97E,REQ-C23FB94C33E2,2026-09-10 00:02:42
EVT-0002553,IF_HCMWM_SAPFIN_001,HCM,SAP_ERP,ESB,Async,Success,,,,4904,SESS-91CF08DA0D,REQ-C14E17C9FB78,2026-09-14 08:54:41
EVT-0002555,IF_HCMWM_SAPFIN_001,HCM,SAP_ERP,ESB,Async,Success,,,,5452,SESS-C2D27D377F,REQ-A7880B3AD9A9,2026-09-10 02:21:06
EVT-0002564,IF_HCMPAY_SAPFIN_001,HCM,SAP_ERP,SFTP,Batch,Success,,,,13943,SESS-F7234A5941,REQ-F0B895E18681,2026-09-10 15:11:27
EVT-0002576,IF_HCMPAY_SAPFIN_001,HCM,SAP_ERP,SFTP,Batch,Success,,,,16299,SESS-3375566785,REQ-7961929947FA,2026-09-16 06:36:35
EVT-0002578,IF_HCMWM_SAPFIN_001,HCM,SAP_ERP,ESB,Async,Success,,,,3627,SESS-41F03253C9,REQ-2F913DF203A0,2026-09-16 21:43:53
EVT-0002597,IF_HCMWM_SAPFIN_001,HCM,SAP_ERP,ESB,Async,Success,,,,4043,SESS-99B6EED087,REQ-56FF8208646F,2026-09-13 13:22:42
EVT-0002607,IF_HCMPAY_SAPFIN_001,HCM,SAP_ERP,SFTP,Batch,Success,,,,17164,SESS-F652C5C1E8,REQ-1C1969B36AD6,2026-09-16 03:29:05
EVT-0002608,IF_HCMWM_SAPFIN_001,HCM,SAP_ERP,ESB,Async,Success,,,,4984,SESS-0F68D23F0B,REQ-0EEA8A59009B,2026-09-13 06:48:19
EVT-0002611,IF_HCMPAY_SAPFIN_001,HCM,SAP_ERP,SFTP,Batch,Failed,CFG_017,Interface configuration mismatch,Configuration,81868,SESS-7CE04670BF,REQ-895A86192BFD,2026-09-10 03:20:23
EVT-0002644,IF_HCMPAY_SAPFIN_001,HCM,SAP_ERP,SFTP,Batch,Success,,,,11929,SESS-25CB311636,REQ-FF798254B5B9,2026-09-13 01:16:36
EVT-0002646,IF_HCMPAY_SAPFIN_001,HCM,SAP_ERP,SFTP,Batch,Success,,,,19382,SESS-F30A942507,REQ-372256A65CB1,2026-09-13 05:43:40
EVT-0002664,IF_HCMWM_SAPFIN_001,HCM,SAP_ERP,ESB,Async,Success,,,,4866,SESS-6B894A5132,REQ-D5347746E79C,2026-09-16 08:37:19
EVT-0002665,IF_HCMWM_SAPFIN_001,HCM,SAP_ERP,ESB,Async,Success,,,,5599,SESS-5D38C2B9AB,REQ-3D022FE5E167,2026-09-12 04:42:27
EVT-0002669,IF_HCMWM_SAPFIN_001,HCM,SAP_ERP,ESB,Async,Success,,,,5208,SESS-5D085ADF63,REQ-E1CBE61EF599,2026-09-13 03:04:49
EVT-0002670,IF_HCMWM_SAPFIN_001,HCM,SAP_ERP,ESB,Async,Success,,,,5969,SESS-B7270611A9,REQ-A7BE66807269,2026-09-10 18:06:57
EVT-0002671,IF_HCMPAY_SAPFIN_001,HCM,SAP_ERP,SFTP,Batch,Success,,,,18723,SESS-8950309882,REQ-A63F79C494AE,2026-09-14 21:43:36
EVT-0002674,IF_HCMWM_SAPFIN_001,HCM,SAP_ERP,ESB,Async,Success,,,,5212,SESS-1BAF8F75C4,REQ-F1A2C3E79E42,2026-09-13 17:35:41
EVT-0002683,IF_HCMWM_SAPFIN_001,HCM,SAP_ERP,ESB,Async,Success,,,,4569,SESS-6D26B37BC1,REQ-91F91D8506F9,2026-09-15 11:40:17
EVT-0002687,IF_HCMWM_SAPFIN_001,HCM,SAP_ERP,ESB,Async,Retry,AUTHZ_403,Caller is not authorized,Authorization,9964,SESS-3F249C3B07,REQ-AB196E192EB1,2026-09-15 21:04:27
EVT-0002691,IF_HCMPAY_SAPFIN_001,HCM,SAP_ERP,SFTP,Batch,Success,,,,12602,SESS-2341E0BD59,REQ-449D019A7AB2,2026-09-10 01:58:28
EVT-0002697,IF_HCMPAY_SAPFIN_001,HCM,SAP_ERP,SFTP,Batch,Success,,,,13839,SESS-FAF5EC1683,REQ-79614EAEBFB6,2026-09-16 22:06:07
EVT-0002716,IF_HCMPAY_SAPFIN_001,HCM,SAP_ERP,SFTP,Batch,Success,,,,9448,SESS-9392433418,REQ-7B030746E86F,2026-09-15 17:48:20
EVT-0002719,IF_HCMPAY_SAPFIN_001,HCM,SAP_ERP,SFTP,Batch,Failed,AUTHZ_403,Caller is not authorized,Authorization,55673,SESS-B0FA660409,REQ-D3FD8ABFCA6E,2026-09-11 11:49:47
EVT-0002722,IF_HCMWM_SAPFIN_001,HCM,SAP_ERP,ESB,Async,Retry,NET_CONN_003,Connection reset by peer,Network,15089,SESS-9436F4519E,REQ-5FD070B317CE,2026-09-16 23:59:58
EVT-0002724,IF_HCMPAY_SAPFIN_001,HCM,SAP_ERP,SFTP,Batch,Success,,,,13333,SESS-C1492D84E6,REQ-29227FEAB3AF,2026-09-15 00:26:55
EVT-0002744,IF_HCMWM_SAPFIN_001,HCM,SAP_ERP,ESB,Async,Success,,,,3654,SESS-EB3AA8AB29,REQ-836F0CB1A657,2026-09-14 18:03:16
EVT-0002749,IF_HCMWM_SAPFIN_001,HCM,SAP_ERP,ESB,Async,Success,,,,3868,SESS-32D8D9166F,REQ-F7171E9CE203,2026-09-14 04:50:27
EVT-0002751,IF_HCMPAY_SAPFIN_001,HCM,SAP_ERP,SFTP,Batch,Retry,CFG_017,Interface configuration mismatch,Configuration,25189,SESS-05B1A510AE,REQ-AAAD4951D2E4,2026-09-12 08:37:57
EVT-0002793,IF_HCMPAY_SAPFIN_001,HCM,SAP_ERP,SFTP,Batch,Success,,,,12920,SESS-417B554A05,REQ-BC259FC61680,2026-09-10 14:31:47
EVT-0002820,IF_HCMPAY_SAPFIN_001,HCM,SAP_ERP,SFTP,Batch,Success,,,,14113,SESS-842CABD541,REQ-BA258CFE5814,2026-09-15 01:17:35
EVT-0002891,IF_HCMPAY_SAPFIN_001,HCM,SAP_ERP,SFTP,Batch,Retry,DB_COMMIT_014,Transaction commit failed,Database,49438,SESS-0EA06C7F49,REQ-6D215D170F58,2026-09-12 14:30:26
EVT-0002893,IF_HCMPAY_SAPFIN_001,HCM,SAP_ERP,SFTP,Batch,Success,,,,16042,SESS-7F4D07DA26,REQ-111CC7E81292,2026-09-10 13:45:40
EVT-0002895,IF_HCMPAY_SAPFIN_001,HCM,SAP_ERP,SFTP,Batch,Success,,,,14938,SESS-2D28287B93,REQ-F50E90258C8F,2026-09-14 18:13:51
EVT-0002896,IF_HCMWM_SAPFIN_001,HCM,SAP_ERP,ESB,Async,Failed,VAL_400,Required business field failed validation,Validation,29442,SESS-E9E88A82A4,REQ-A82536BA23DF,2026-09-12 21:54:13
EVT-0002909,IF_HCMPAY_SAPFIN_001,HCM,SAP_ERP,SFTP,Batch,Success,,,,11237,SESS-6D971D5BBB,REQ-6AC55952778F,2026-09-14 07:11:35
EVT-0002915,IF_HCMPAY_SAPFIN_001,HCM,SAP_ERP,SFTP,Batch,Retry,DB_COMMIT_014,Transaction commit failed,Database,35730,SESS-344CB8D309,REQ-FDDC04430271,2026-09-11 17:08:02
EVT-0002919,IF_HCMWM_SAPFIN_001,HCM,SAP_ERP,ESB,Async,Retry,INFRA_008,Runtime node unavailable,Infrastructure,16978,SESS-8838DBEE37,REQ-A3558D371B9E,2026-09-10 11:56:15
EVT-0002938,IF_HCMPAY_SAPFIN_001,HCM,SAP_ERP,SFTP,Batch,Failed,CAP_003,Downstream service is at capacity,Capacity,45066,SESS-42E67A5CAE,REQ-172A89E731A4,2026-09-10 10:26:16
EVT-0002945,IF_HCMWM_SAPFIN_001,HCM,SAP_ERP,ESB,Async,Success,,,,5811,SESS-42FB9AE4EE,REQ-E8D1EB6DAAE7,2026-09-11 21:27:35
EVT-0002965,IF_HCMWM_SAPFIN_001,HCM,SAP_ERP,ESB,Async,Success,,,,4347,SESS-9464B557D8,REQ-49C84AC15E79,2026-09-14 12:04:06
EVT-0002968,IF_HCMWM_SAPFIN_001,HCM,SAP_ERP,ESB,Async,Success,,,,2832,SESS-7A4A1954DC,REQ-38317AE474A9,2026-09-14 03:35:19
EVT-0002976,IF_HCMPAY_SAPFIN_001,HCM,SAP_ERP,SFTP,Batch,Success,,,,17277,SESS-9AFA197915,REQ-5FF24AA8238F,2026-09-11 21:19:58
EVT-0002986,IF_HCMWM_SAPFIN_001,HCM,SAP_ERP,ESB,Async,Success,,,,3246,SESS-6ABF199D40,REQ-DEB4366373D3,2026-09-14 09:15:24
EVT-0003003,IF_HCMWM_SAPFIN_001,HCM,SAP_ERP,ESB,Async,Retry,VAL_400,Required business field failed validation,Validation,16424,SESS-94FBF16416,REQ-D44B746D3047,2026-09-10 02:55:23
EVT-0003006,IF_HCMPAY_SAPFIN_001,HCM,SAP_ERP,SFTP,Batch,Success,,,,7909,SESS-EA57263230,REQ-1A32D9C49147,2026-09-15 23:43:38
EVT-0003012,IF_HCMWM_SAPFIN_001,HCM,SAP_ERP,ESB,Async,Success,,,,5057,SESS-E5033DA458,REQ-31BEC25F8ABE,2026-09-14 01:48:01
EVT-0003053,IF_HCMPAY_SAPFIN_001,HCM,SAP_ERP,SFTP,Batch,Success,,,,18165,SESS-1AE0DE5D82,REQ-7779F5E70088,2026-09-11 14:33:19
EVT-0003093,IF_HCMPAY_SAPFIN_001,HCM,SAP_ERP,SFTP,Batch,Success,,,,13052,SESS-4E4FFE0660,REQ-2D0B8F4FF336,2026-09-12 06:40:13
EVT-0003109,IF_HCMWM_SAPFIN_001,HCM,SAP_ERP,ESB,Async,Success,,,,4503,SESS-9A64F4ECB4,REQ-B1F063C0B797,2026-09-16 23:57:39
EVT-0003128,IF_HCMWM_SAPFIN_001,HCM,SAP_ERP,ESB,Async,Success,,,,4342,SESS-79AF7B26A3,REQ-9DB03FD699DC,2026-09-16 21:48:10
EVT-0003148,IF_HCMPAY_SAPFIN_001,HCM,SAP_ERP,SFTP,Batch,Success,,,,7509,SESS-7BD09974B8,REQ-BF0DB131688A,2026-09-15 05:15:38
EVT-0003157,IF_HCMPAY_SAPFIN_001,HCM,SAP_ERP,SFTP,Batch,Retry,AUTHZ_403,Caller is not authorized,Authorization,48208,SESS-6888D2CA09,REQ-1151BB36844C,2026-09-10 00:06:16
EVT-0003160,IF_HCMPAY_SAPFIN_001,HCM,SAP_ERP,SFTP,Batch,Success,,,,18925,SESS-3A14B686E3,REQ-C5F7A43469FB,2026-09-14 17:58:28
EVT-0003188,IF_HCMPAY_SAPFIN_001,HCM,SAP_ERP,SFTP,Batch,Retry,TIME_004,Downstream response exceeded SLA,Timeout,26945,SESS-4F9B2C95ED,REQ-038B66385293,2026-09-12 19:12:17
EVT-0003200,IF_HCMPAY_SAPFIN_001,HCM,SAP_ERP,SFTP,Batch,Success,,,,17533,SESS-68B036331A,REQ-0770383B9976,2026-09-11 10:49:32
EVT-0003202,IF_HCMWM_SAPFIN_001,HCM,SAP_ERP,ESB,Async,Success,,,,3515,SESS-0A6D2CEEE4,REQ-768D3089D063,2026-09-16 23:05:12
EVT-0003244,IF_HCMPAY_SAPFIN_001,HCM,SAP_ERP,SFTP,Batch,Success,,,,11904,SESS-F88905B08C,REQ-9AC0075111AA,2026-09-15 11:36:37
EVT-0003261,IF_HCMWM_SAPFIN_001,HCM,SAP_ERP,ESB,Async,Retry,NET_CONN_003,Connection reset by peer,Network,14115,SESS-209B1B3BEF,REQ-4AE29CD4D7E1,2026-09-15 06:14:55
EVT-0003277,IF_HCMPAY_SAPFIN_001,HCM,SAP_ERP,SFTP,Batch,Success,,,,12318,SESS-5D173201F1,REQ-EDAAE6FBDDC7,2026-09-14 15:20:03
EVT-0003290,IF_HCMWM_SAPFIN_001,HCM,SAP_ERP,ESB,Async,Retry,AUTHZ_403,Caller is not authorized,Authorization,17357,SESS-4AF0945807,REQ-517E050A49DC,2026-09-12 06:09:52
EVT-0003296,IF_HCMWM_SAPFIN_001,HCM,SAP_ERP,ESB,Async,Retry,CFG_017,Interface configuration mismatch,Configuration,8422,SESS-53AC1D1554,REQ-DD4ACFA48630,2026-09-11 19:31:48
EVT-0003306,IF_HCMWM_SAPFIN_001,HCM,SAP_ERP,ESB,Async,Success,,,,4017,SESS-AA5FE821C4,REQ-5D20D9D05DAA,2026-09-10 08:50:50
EVT-0003308,IF_HCMPAY_SAPFIN_001,HCM,SAP_ERP,SFTP,Batch,Success,,,,17368,SESS-5B5FDA4A6B,REQ-4C21D53A6A1D,2026-09-12 02:27:26
EVT-0003313,IF_HCMPAY_SAPFIN_001,HCM,SAP_ERP,SFTP,Batch,Success,,,,9788,SESS-1214CE2504,REQ-5C7512BE27CB,2026-09-14 18:15:53
EVT-0003341,IF_HCMWM_SAPFIN_001,HCM,SAP_ERP,ESB,Async,Success,,,,4019,SESS-105BAFE810,REQ-6101988AAA0E,2026-09-13 09:22:22
EVT-0003368,IF_HCMWM_SAPFIN_001,HCM,SAP_ERP,ESB,Async,Success,,,,3592,SESS-7512DE8497,REQ-391DFAA2EBAC,2026-09-16 17:38:42
EVT-0003389,IF_HCMWM_SAPFIN_001,HCM,SAP_ERP,ESB,Async,Success,,,,5499,SESS-E2AEAE5708,REQ-8D41D87C9B01,2026-09-14 20:12:41
EVT-0003412,IF_HCMWM_SAPFIN_001,HCM,SAP_ERP,ESB,Async,Success,,,,4630,SESS-54018532C2,REQ-91719E1B368E,2026-09-11 17:51:17
EVT-0003415,IF_HCMWM_SAPFIN_001,HCM,SAP_ERP,ESB,Async,Success,,,,6789,SESS-E19A646FDC,REQ-C500CC8C391F,2026-09-14 22:43:27
EVT-0003420,IF_HCMPAY_SAPFIN_001,HCM,SAP_ERP,SFTP,Batch,Success,,,,18349,SESS-792CA6376B,REQ-6217DB098829,2026-09-10 21:02:52
EVT-0003442,IF_HCMPAY_SAPFIN_001,HCM,SAP_ERP,SFTP,Batch,Success,,,,11269,SESS-D877ED5C07,REQ-F6A68072635F,2026-09-10 00:56:33
EVT-0003467,IF_HCMWM_SAPFIN_001,HCM,SAP_ERP,ESB,Async,Success,,,,4154,SESS-5B810B2B61,REQ-174F3DF87ABD,2026-09-12 03:50:34
EVT-0003482,IF_HCMPAY_SAPFIN_001,HCM,SAP_ERP,SFTP,Batch,Retry,VAL_400,Required business field failed validation,Validation,45900,SESS-5212B1D236,REQ-D67263C5D0F7,2026-09-13 01:05:07
EVT-0003490,IF_HCMPAY_SAPFIN_001,HCM,SAP_ERP,SFTP,Batch,Success,,,,13662,SESS-6547B3ACCF,REQ-BBB0819EBBDD,2026-09-12 06:00:54
EVT-0003498,IF_HCMWM_SAPFIN_001,HCM,SAP_ERP,ESB,Async,Success,,,,3451,SESS-2C4D69BF2C,REQ-34C78A9FA339,2026-09-12 00:28:54
EVT-0003501,IF_HCMPAY_SAPFIN_001,HCM,SAP_ERP,SFTP,Batch,Success,,,,15370,SESS-A70A7C56D6,REQ-C9191FCB1477,2026-09-15 07:02:27
EVT-0003543,IF_HCMPAY_SAPFIN_001,HCM,SAP_ERP,SFTP,Batch,Success,,,,14981,SESS-288BD2BBE8,REQ-0FB19DF41E80,2026-09-10 17:02:32
EVT-0003544,IF_HCMWM_SAPFIN_001,HCM,SAP_ERP,ESB,Async,Success,,,,3610,SESS-A579390AA5,REQ-7621AAB4CDB3,2026-09-14 02:14:41
EVT-0003547,IF_HCMWM_SAPFIN_001,HCM,SAP_ERP,ESB,Async,Success,,,,4352,SESS-F075A707A3,REQ-EAE8808D4A7C,2026-09-11 12:22:08
EVT-0003549,IF_HCMPAY_SAPFIN_001,HCM,SAP_ERP,SFTP,Batch,Success,,,,18786,SESS-B40991FCCC,REQ-02DEBD75D649,2026-09-15 17:45:25
EVT-0003567,IF_HCMPAY_SAPFIN_001,HCM,SAP_ERP,SFTP,Batch,Success,,,,16887,SESS-6ECF0B604C,REQ-0B4090BB9D11,2026-09-16 21:13:09
EVT-0003568,IF_HCMPAY_SAPFIN_001,HCM,SAP_ERP,SFTP,Batch,Success,,,,17560,SESS-E793C612DF,REQ-2F928AF2879A,2026-09-15 01:01:30
EVT-0003571,IF_HCMPAY_SAPFIN_001,HCM,SAP_ERP,SFTP,Batch,Success,,,,16028,SESS-C6E3EE44C1,REQ-14E89D759D98,2026-09-11 04:36:37
EVT-0003574,IF_HCMPAY_SAPFIN_001,HCM,SAP_ERP,SFTP,Batch,Success,,,,16898,SESS-9D83C9BD2B,REQ-7821EC936922,2026-09-11 23:12:44
EVT-0003588,IF_HCMWM_SAPFIN_001,HCM,SAP_ERP,ESB,Async,Success,,,,6515,SESS-2BBDCBF9B6,REQ-722702A27700,2026-09-16 06:19:37
EVT-0003601,IF_HCMWM_SAPFIN_001,HCM,SAP_ERP,ESB,Async,Success,,,,4162,SESS-1E3238DF24,REQ-569B56ED0A9C,2026-09-11 22:21:46
EVT-0003634,IF_HCMWM_SAPFIN_001,HCM,SAP_ERP,ESB,Async,Success,,,,4425,SESS-D6EB321C83,REQ-FA875F41B7C0,2026-09-13 08:58:44
EVT-0003644,IF_HCMPAY_SAPFIN_001,HCM,SAP_ERP,SFTP,Batch,Success,,,,15710,SESS-CFE095DF1B,REQ-8977F10856A6,2026-09-16 07:57:55
EVT-0003646,IF_HCMPAY_SAPFIN_001,HCM,SAP_ERP,SFTP,Batch,Success,,,,11400,SESS-A432EA6048,REQ-22EBD1F7154E,2026-09-14 21:02:08
EVT-0003666,IF_HCMPAY_SAPFIN_001,HCM,SAP_ERP,SFTP,Batch,Success,,,,10011,SESS-8D1F27351A,REQ-3EF12A928804,2026-09-13 19:59:58
EVT-0003679,IF_HCMPAY_SAPFIN_001,HCM,SAP_ERP,SFTP,Batch,Success,,,,11308,SESS-9894AFF65B,REQ-97CDE816BFCB,2026-09-14 08:34:15
EVT-0003681,IF_HCMWM_SAPFIN_001,HCM,SAP_ERP,ESB,Async,Retry,EXT_502,Downstream service returned 502,External Service,13590,SESS-B23D8EBF89,REQ-69B4E6A2BB40,2026-09-10 16:55:37
EVT-0003749,IF_HCMPAY_SAPFIN_001,HCM,SAP_ERP,SFTP,Batch,Success,,,,15498,SESS-46554F7E22,REQ-984DB8E15CAB,2026-09-12 19:10:31
EVT-0003755,IF_HCMPAY_SAPFIN_001,HCM,SAP_ERP,SFTP,Batch,Success,,,,9914,SESS-9A94481F5E,REQ-CC9D2E0570CA,2026-09-15 01:23:20
EVT-0003768,IF_HCMPAY_SAPFIN_001,HCM,SAP_ERP,SFTP,Batch,Success,,,,15029,SESS-3E610C7F18,REQ-CFC49777F342,2026-09-10 20:48:17
EVT-0003784,IF_HCMPAY_SAPFIN_001,HCM,SAP_ERP,SFTP,Batch,Success,,,,11588,SESS-81EEBABAEA,REQ-6FD3688CA99E,2026-09-15 17:28:37
EVT-0003816,IF_HCMPAY_SAPFIN_001,HCM,SAP_ERP,SFTP,Batch,Success,,,,15185,SESS-2BD49634C6,REQ-10CBBB3D0B5D,2026-09-14 05:24:07
EVT-0003842,IF_HCMPAY_SAPFIN_001,HCM,SAP_ERP,SFTP,Batch,Success,,,,13755,SESS-C8F0BCCAAA,REQ-F405ADA132D3,2026-09-13 14:10:27
EVT-0003844,IF_HCMWM_SAPFIN_001,HCM,SAP_ERP,ESB,Async,Retry,INFRA_008,Runtime node unavailable,Infrastructure,8717,SESS-39E0CCC178,REQ-8C2199E231E7,2026-09-11 20:23:33
EVT-0003861,IF_HCMPAY_SAPFIN_001,HCM,SAP_ERP,SFTP,Batch,Success,,,,15345,SESS-C3F83D0919,REQ-FA28E169AAC3,2026-09-10 11:36:02
EVT-0003894,IF_HCMPAY_SAPFIN_001,HCM,SAP_ERP,SFTP,Batch,Success,,,,13452,SESS-5A5E2249B0,REQ-E29C8AE06E96,2026-09-13 21:22:27
EVT-0003897,IF_HCMWM_SAPFIN_001,HCM,SAP_ERP,ESB,Async,Success,,,,5119,SESS-89365196EE,REQ-56BA38E72980,2026-09-16 04:48:54
EVT-0003932,IF_HCMWM_SAPFIN_001,HCM,SAP_ERP,ESB,Async,Success,,,,4212,SESS-08D56637A3,REQ-04CD160B2745,2026-09-16 17:28:55
EVT-0003942,IF_HCMWM_SAPFIN_001,HCM,SAP_ERP,ESB,Async,Success,,,,4730,SESS-05117F3273,REQ-DCBA9EC1566F,2026-09-13 04:31:51
EVT-0003943,IF_HCMWM_SAPFIN_001,HCM,SAP_ERP,ESB,Async,Success,,,,3762,SESS-FF05E1DA5E,REQ-90982A853339,2026-09-12 03:46:36
EVT-0003958,IF_HCMPAY_SAPFIN_001,HCM,SAP_ERP,SFTP,Batch,Success,,,,11047,SESS-780299C983,REQ-3DD3E26AC60D,2026-09-14 21:41:05
EVT-0004010,IF_HCMWM_SAPFIN_001,HCM,SAP_ERP,ESB,Async,Success,,,,3709,SESS-DA8C808FA8,REQ-2A762BCA2989,2026-09-12 05:41:45
EVT-0004024,IF_HCMPAY_SAPFIN_001,HCM,SAP_ERP,SFTP,Batch,Success,,,,14582,SESS-21CEE217FA,REQ-33DE8079F829,2026-09-13 16:44:57
EVT-0004049,IF_HCMWM_SAPFIN_001,HCM,SAP_ERP,ESB,Async,Retry,AUTH_401,Service credential rejected,Authentication,13553,SESS-D972D31B8E,REQ-8BF89B5D8872,2026-09-12 15:01:25
EVT-0004068,IF_HCMPAY_SAPFIN_001,HCM,SAP_ERP,SFTP,Batch,Success,,,,17927,SESS-176F957692,REQ-D21353C728EB,2026-09-11 10:21:00
EVT-0004097,IF_HCMWM_SAPFIN_001,HCM,SAP_ERP,ESB,Async,Success,,,,4076,SESS-58E282FFDE,REQ-5448B6A21B66,2026-09-13 13:42:48
EVT-0004111,IF_HCMWM_SAPFIN_001,HCM,SAP_ERP,ESB,Async,Success,,,,5384,SESS-7A580B2F0B,REQ-FBA3B4DC6F1C,2026-09-10 02:46:55
EVT-0004114,IF_HCMWM_SAPFIN_001,HCM,SAP_ERP,ESB,Async,Success,,,,3827,SESS-1F9D16D7F2,REQ-80AF6EA01D75,2026-09-11 17:08:50
EVT-0004117,IF_HCMPAY_SAPFIN_001,HCM,SAP_ERP,SFTP,Batch,Success,,,,10016,SESS-F1FD57455F,REQ-0EA75D5C88EC,2026-09-10 19:40:46
EVT-0004121,IF_HCMPAY_SAPFIN_001,HCM,SAP_ERP,SFTP,Batch,Success,,,,18277,SESS-861CDFE442,REQ-C296A4835C00,2026-09-14 04:08:50
EVT-0004127,IF_HCMPAY_SAPFIN_001,HCM,SAP_ERP,SFTP,Batch,Failed,TIME_004,Downstream response exceeded SLA,Timeout,84848,SESS-80382D9D00,REQ-05F31DDDA6F5,2026-09-11 20:25:35
EVT-0004148,IF_HCMWM_SAPFIN_001,HCM,SAP_ERP,ESB,Async,Success,,,,4974,SESS-2A5A569131,REQ-49FABD64C87B,2026-09-13 23:46:51
EVT-0004158,IF_HCMWM_SAPFIN_001,HCM,SAP_ERP,ESB,Async,Success,,,,5136,SESS-AC6FEFEB83,REQ-D87D1BCE56C9,2026-09-15 06:30:33
EVT-0004193,IF_HCMWM_SAPFIN_001,HCM,SAP_ERP,ESB,Async,Success,,,,5168,SESS-7548623E02,REQ-4558C4B5A8D3,2026-09-11 16:38:21
EVT-0004217,IF_HCMPAY_SAPFIN_001,HCM,SAP_ERP,SFTP,Batch,Retry,VAL_400,Required business field failed validation,Validation,46391,SESS-DF64B4DDA4,REQ-317E0DE885DA,2026-09-15 20:13:39
EVT-0004224,IF_HCMWM_SAPFIN_001,HCM,SAP_ERP,ESB,Async,Success,,,,3994,SESS-2CE3A5A097,REQ-0D6CB41131C3,2026-09-16 16:20:18
EVT-0004241,IF_HCMWM_SAPFIN_001,HCM,SAP_ERP,ESB,Async,Success,,,,3646,SESS-6A8CB9E2D3,REQ-464B7073FDB6,2026-09-13 17:42:48
EVT-0004260,IF_HCMPAY_SAPFIN_001,HCM,SAP_ERP,SFTP,Batch,Success,,,,14189,SESS-9C1D07D3B3,REQ-A9CFE91C79CF,2026-09-15 19:18:49
EVT-0004270,IF_HCMWM_SAPFIN_001,HCM,SAP_ERP,ESB,Async,Success,,,,4886,SESS-5CEECB7A5C,REQ-D88DD3C5E69E,2026-09-10 10:33:20
EVT-0004275,IF_HCMWM_SAPFIN_001,HCM,SAP_ERP,ESB,Async,Success,,,,3275,SESS-B2968A944B,REQ-CB3C9F76312C,2026-09-10 01:11:54
EVT-0004301,IF_HCMWM_SAPFIN_001,HCM,SAP_ERP,ESB,Async,Success,,,,4190,SESS-66B91DFC82,REQ-F3DB50392F27,2026-09-11 14:11:53
EVT-0004304,IF_HCMWM_SAPFIN_001,HCM,SAP_ERP,ESB,Async,Success,,,,3971,SESS-2682EAC542,REQ-4978C558B516,2026-09-11 01:57:00
EVT-0004315,IF_HCMPAY_SAPFIN_001,HCM,SAP_ERP,SFTP,Batch,Success,,,,13477,SESS-8C54F84C49,REQ-1AD3605C2393,2026-09-14 21:26:04
EVT-0004320,IF_HCMPAY_SAPFIN_001,HCM,SAP_ERP,SFTP,Batch,Retry,DB_COMMIT_014,Transaction commit failed,Database,30225,SESS-AC061C2AC9,REQ-4FEF535D0E77,2026-09-10 13:42:17
EVT-0004331,IF_HCMPAY_SAPFIN_001,HCM,SAP_ERP,SFTP,Batch,Success,,,,11963,SESS-88CE9FA78C,REQ-FB8C958B1C16,2026-09-10 00:05:40
EVT-0004333,IF_HCMWM_SAPFIN_001,HCM,SAP_ERP,ESB,Async,Retry,AUTHZ_403,Caller is not authorized,Authorization,14883,SESS-E32E153964,REQ-0750523F87E1,2026-09-11 00:07:50
EVT-0004339,IF_HCMPAY_SAPFIN_001,HCM,SAP_ERP,SFTP,Batch,Success,,,,14418,SESS-CA60D04330,REQ-A99BAF595823,2026-09-15 19:48:51
EVT-0004362,IF_HCMWM_SAPFIN_001,HCM,SAP_ERP,ESB,Async,Success,,,,4434,SESS-9BA9AFF8DC,REQ-7B96223AF2EE,2026-09-11 13:01:20
EVT-0004366,IF_HCMPAY_SAPFIN_001,HCM,SAP_ERP,SFTP,Batch,Success,,,,13024,SESS-87F48D3850,REQ-E4B381AC82D5,2026-09-10 07:58:53
EVT-0004367,IF_HCMPAY_SAPFIN_001,HCM,SAP_ERP,SFTP,Batch,Success,,,,19113,SESS-1A0CC719D7,REQ-0D1C5B39FD79,2026-09-16 14:08:39
EVT-0004377,IF_HCMPAY_SAPFIN_001,HCM,SAP_ERP,SFTP,Batch,Success,,,,13100,SESS-25B6E13836,REQ-86BDDA3352B4,2026-09-13 04:38:47
EVT-0004378,IF_HCMPAY_SAPFIN_001,HCM,SAP_ERP,SFTP,Batch,Success,,,,15302,SESS-6CF4C0D015,REQ-31EEB4723F74,2026-09-16 12:17:08
EVT-0004402,IF_HCMPAY_SAPFIN_001,HCM,SAP_ERP,SFTP,Batch,Success,,,,11554,SESS-6D9AE43E03,REQ-8CF9D961CA17,2026-09-16 23:35:10
EVT-0004414,IF_HCMWM_SAPFIN_001,HCM,SAP_ERP,ESB,Async,Success,,,,5371,SESS-5599D4EDAF,REQ-C523E02433B4,2026-09-15 10:22:36
EVT-0004424,IF_HCMWM_SAPFIN_001,HCM,SAP_ERP,ESB,Async,Success,,,,3734,SESS-13BD759D2C,REQ-FE31E07BA5C1,2026-09-12 06:48:09
EVT-0004429,IF_HCMWM_SAPFIN_001,HCM,SAP_ERP,ESB,Async,Success,,,,5296,SESS-9A65D334C5,REQ-8EB3B75E175C,2026-09-13 20:48:17
EVT-0004450,IF_HCMWM_SAPFIN_001,HCM,SAP_ERP,ESB,Async,Retry,INFRA_008,Runtime node unavailable,Infrastructure,17550,SESS-C2D7855652,REQ-791538F130EC,2026-09-12 22:59:27
EVT-0004456,IF_HCMWM_SAPFIN_001,HCM,SAP_ERP,ESB,Async,Success,,,,4410,SESS-DB0D07AC65,REQ-08ABDC453D4A,2026-09-12 17:07:28
EVT-0004471,IF_HCMPAY_SAPFIN_001,HCM,SAP_ERP,SFTP,Batch,Success,,,,8772,SESS-CBABEE7606,REQ-45FF583BC124,2026-09-12 09:41:28
EVT-0004482,IF_HCMWM_SAPFIN_001,HCM,SAP_ERP,ESB,Async,Success,,,,3669,SESS-BC0132ACC3,REQ-A48CFDD0298D,2026-09-16 21:22:29
EVT-0004503,IF_HCMPAY_SAPFIN_001,HCM,SAP_ERP,SFTP,Batch,Success,,,,10015,SESS-F91C67956F,REQ-E6DA859FDA69,2026-09-15 00:36:47
EVT-0004510,IF_HCMPAY_SAPFIN_001,HCM,SAP_ERP,SFTP,Batch,Retry,AUTH_401,Service credential rejected,Authentication,41749,SESS-34AE6AB629,REQ-9BBA86A51084,2026-09-13 17:39:28
EVT-0004538,IF_HCMWM_SAPFIN_001,HCM,SAP_ERP,ESB,Async,Failed,INFRA_008,Runtime node unavailable,Infrastructure,8888,SESS-A2991F3D6C,REQ-9CF802039AE0,2026-09-15 00:44:50
EVT-0004610,IF_HCMWM_SAPFIN_001,HCM,SAP_ERP,ESB,Async,Success,,,,4204,SESS-AF59DA53AB,REQ-60CBF8B7F6CA,2026-09-16 12:41:17
EVT-0004654,IF_HCMPAY_SAPFIN_001,HCM,SAP_ERP,SFTP,Batch,Success,,,,16532,SESS-B8B6D7557B,REQ-328E8763FE41,2026-09-11 01:55:45
EVT-0004663,IF_HCMWM_SAPFIN_001,HCM,SAP_ERP,ESB,Async,Success,,,,3646,SESS-FD64D9FFD4,REQ-9EBE570C5D79,2026-09-10 04:20:04
EVT-0004678,IF_HCMWM_SAPFIN_001,HCM,SAP_ERP,ESB,Async,Success,,,,5257,SESS-6EB81ED911,REQ-4B67BDFB1D77,2026-09-10 00:03:41
EVT-0004696,IF_HCMWM_SAPFIN_001,HCM,SAP_ERP,ESB,Async,Success,,,,3513,SESS-555F584CE9,REQ-9301BA6BD5E1,2026-09-16 17:19:27
EVT-0004707,IF_HCMPAY_SAPFIN_001,HCM,SAP_ERP,SFTP,Batch,Success,,,,14442,SESS-3E6CD5BED4,REQ-024B72262639,2026-09-15 09:23:15
EVT-0004724,IF_HCMWM_SAPFIN_001,HCM,SAP_ERP,ESB,Async,Success,,,,5215,SESS-F233906C28,REQ-3E22DCEA66EF,2026-09-11 20:07:16
EVT-0004728,IF_HCMWM_SAPFIN_001,HCM,SAP_ERP,ESB,Async,Success,,,,4262,SESS-23C59A2549,REQ-DBB7E6003AB8,2026-09-10 03:44:32
EVT-0004757,IF_HCMWM_SAPFIN_001,HCM,SAP_ERP,ESB,Async,Success,,,,5159,SESS-C0330FC052,REQ-9DCA95589771,2026-09-13 19:13:51
EVT-0004766,IF_HCMPAY_SAPFIN_001,HCM,SAP_ERP,SFTP,Batch,Success,,,,17785,SESS-9FD402278C,REQ-6A2F8004106C,2026-09-14 11:38:36
EVT-0004769,IF_HCMWM_SAPFIN_001,HCM,SAP_ERP,ESB,Async,Success,,,,3349,SESS-E42C8396FD,REQ-7E60B9549FEB,2026-09-12 13:41:24
EVT-0004809,IF_HCMWM_SAPFIN_001,HCM,SAP_ERP,ESB,Async,Success,,,,4425,SESS-95D5B67302,REQ-2155C8C7E506,2026-09-10 06:01:46
EVT-0004830,IF_HCMWM_SAPFIN_001,HCM,SAP_ERP,ESB,Async,Success,,,,4700,SESS-DAABE8E861,REQ-C97130D4D1FB,2026-09-14 07:09:04
EVT-0004836,IF_HCMPAY_SAPFIN_001,HCM,SAP_ERP,SFTP,Batch,Success,,,,9127,SESS-8AD219EDB1,REQ-9C4DB840A0B8,2026-09-15 16:35:37
EVT-0004846,IF_HCMPAY_SAPFIN_001,HCM,SAP_ERP,SFTP,Batch,Success,,,,14606,SESS-7FFF4061BB,REQ-1695307BABDF,2026-09-12 23:56:38
EVT-0004851,IF_HCMPAY_SAPFIN_001,HCM,SAP_ERP,SFTP,Batch,Success,,,,18241,SESS-46F9DD8B74,REQ-5A85874B1227,2026-09-13 06:32:22
EVT-0004864,IF_HCMWM_SAPFIN_001,HCM,SAP_ERP,ESB,Async,Success,,,,3588,SESS-844BC24637,REQ-AE628357E150,2026-09-14 05:50:15
EVT-0004871,IF_HCMPAY_SAPFIN_001,HCM,SAP_ERP,SFTP,Batch,Failed,AUTHZ_403,Caller is not authorized,Authorization,63648,SESS-78C338AB5F,REQ-A0FA9D33F667,2026-09-16 12:06:47
EVT-0004905,IF_HCMPAY_SAPFIN_001,HCM,SAP_ERP,SFTP,Batch,Success,,,,15072,SESS-6EE2FCA233,REQ-F692104FEE7B,2026-09-16 14:54:50
EVT-0004955,IF_HCMWM_SAPFIN_001,HCM,SAP_ERP,ESB,Async,Success,,,,4180,SESS-F0059A7D18,REQ-1694BA55F398,2026-09-13 09:03:16
EVT-0004960,IF_HCMPAY_SAPFIN_001,HCM,SAP_ERP,SFTP,Batch,Success,,,,16260,SESS-BDACBFD35F,REQ-C6BFBC2F49E2,2026-09-12 13:31:28
EVT-0004971,IF_HCMWM_SAPFIN_001,HCM,SAP_ERP,ESB,Async,Success,,,,4119,SESS-C8827707FF,REQ-4F4F2DBCAE36,2026-09-15 04:48:17
EVT-0004972,IF_HCMPAY_SAPFIN_001,HCM,SAP_ERP,SFTP,Batch,Failed,TIME_004,Downstream response exceeded SLA,Timeout,25250,SESS-66F565F75F,REQ-9EABC800F2E6,2026-09-13 20:11:51
EVT-0005012,IF_HCMPAY_SAPFIN_001,HCM,SAP_ERP,SFTP,Batch,Success,,,,16085,SESS-F698D6137C,REQ-2B1D21F7A347,2026-09-12 05:47:04
EVT-0005019,IF_HCMWM_SAPFIN_001,HCM,SAP_ERP,ESB,Async,Success,,,,3883,SESS-637DC309D4,REQ-35C53672A3B5,2026-09-10 00:13:03
EVT-0005020,IF_HCMPAY_SAPFIN_001,HCM,SAP_ERP,SFTP,Batch,Success,,,,10453,SESS-32D482D1EE,REQ-D3517F57C0F8,2026-09-13 11:10:11
EVT-0005026,IF_HCMPAY_SAPFIN_001,HCM,SAP_ERP,SFTP,Batch,Success,,,,12912,SESS-679F092977,REQ-B3A7EC8616AA,2026-09-12 06:36:15
EVT-0005048,IF_HCMWM_SAPFIN_001,HCM,SAP_ERP,ESB,Async,Success,,,,3259,SESS-51DB384D8F,REQ-E52CDCD476DC,2026-09-10 05:39:36
EVT-0005050,IF_HCMWM_SAPFIN_001,HCM,SAP_ERP,ESB,Async,Success,,,,2092,SESS-377D9B5D41,REQ-4CED20F5B677,2026-09-16 04:43:51
EVT-0005062,IF_HCMPAY_SAPFIN_001,HCM,SAP_ERP,SFTP,Batch,Success,,,,17691,SESS-08233565A4,REQ-52CEABCF79D9,2026-09-16 05:14:55
EVT-0005068,IF_HCMPAY_SAPFIN_001,HCM,SAP_ERP,SFTP,Batch,Success,,,,15872,SESS-3067238E00,REQ-9525BCDD2787,2026-09-11 20:57:33
EVT-0005069,IF_HCMWM_SAPFIN_001,HCM,SAP_ERP,ESB,Async,Success,,,,3695,SESS-C39B992A87,REQ-20FF51694CBA,2026-09-13 10:19:33
EVT-0005087,IF_HCMWM_SAPFIN_001,HCM,SAP_ERP,ESB,Async,Success,,,,5513,SESS-421E6071AA,REQ-9907E4DD7872,2026-09-11 20:57:22
EVT-0005095,IF_HCMPAY_SAPFIN_001,HCM,SAP_ERP,SFTP,Batch,Success,,,,4402,SESS-A0085F9959,REQ-FB34A42CA1FE,2026-09-15 13:46:00
EVT-0005127,IF_HCMWM_SAPFIN_001,HCM,SAP_ERP,ESB,Async,Success,,,,5382,SESS-0A3C7ECBAF,REQ-E7A0407B4230,2026-09-10 04:24:00
EVT-0005139,IF_HCMWM_SAPFIN_001,HCM,SAP_ERP,ESB,Async,Retry,EXT_502,Downstream service returned 502,External Service,14479,SESS-8708086E93,REQ-07E65C8E84EF,2026-09-12 10:01:55
EVT-0005145,IF_HCMPAY_SAPFIN_001,HCM,SAP_ERP,SFTP,Batch,Success,,,,14073,SESS-F5DC41C69C,REQ-E8CDE1B60848,2026-09-16 05:21:47
EVT-0005176,IF_HCMWM_SAPFIN_001,HCM,SAP_ERP,ESB,Async,Retry,EXT_502,Downstream service returned 502,External Service,15766,SESS-7DBB55E070,REQ-B0ECC8E1206B,2026-09-11 09:53:25
EVT-0005204,IF_HCMWM_SAPFIN_001,HCM,SAP_ERP,ESB,Async,Success,,,,3732,SESS-D32DADFB53,REQ-9741E008CC45,2026-09-13 06:42:24
EVT-0005220,IF_HCMPAY_SAPFIN_001,HCM,SAP_ERP,SFTP,Batch,Success,,,,7316,SESS-C17AE26748,REQ-BAE2C933DD16,2026-09-11 03:03:11
EVT-0005225,IF_HCMWM_SAPFIN_001,HCM,SAP_ERP,ESB,Async,Success,,,,4331,SESS-3098056CBC,REQ-BAAAA47A6467,2026-09-11 02:29:18
EVT-0005240,IF_HCMPAY_SAPFIN_001,HCM,SAP_ERP,SFTP,Batch,Success,,,,9273,SESS-EDE45CF1D9,REQ-E78B82DC9BBF,2026-09-14 03:47:27
EVT-0005249,IF_HCMWM_SAPFIN_001,HCM,SAP_ERP,ESB,Async,Success,,,,2670,SESS-E85DE6F39D,REQ-0346044967B3,2026-09-11 15:00:51
EVT-0005267,IF_HCMPAY_SAPFIN_001,HCM,SAP_ERP,SFTP,Batch,Success,,,,17478,SESS-990051F4A0,REQ-B99B40BA665C,2026-09-12 06:11:42
EVT-0005272,IF_HCMPAY_SAPFIN_001,HCM,SAP_ERP,SFTP,Batch,Success,,,,11074,SESS-C39E385CFC,REQ-D57E97CB425B,2026-09-14 18:57:26
EVT-0005307,IF_HCMPAY_SAPFIN_001,HCM,SAP_ERP,SFTP,Batch,Success,,,,16375,SESS-B791D39B57,REQ-74CF8A0CFB78,2026-09-12 09:28:23
EVT-0005313,IF_HCMWM_SAPFIN_001,HCM,SAP_ERP,ESB,Async,Success,,,,2808,SESS-ED466FC58C,REQ-A94B5E553B87,2026-09-15 21:10:34
EVT-0005330,IF_HCMWM_SAPFIN_001,HCM,SAP_ERP,ESB,Async,Success,,,,3212,SESS-A2E9E8E97F,REQ-F9F6A18474FE,2026-09-11 22:13:53
EVT-0005346,IF_HCMWM_SAPFIN_001,HCM,SAP_ERP,ESB,Async,Success,,,,4230,SESS-39C719F2EF,REQ-2A138A541628,2026-09-16 08:50:19
EVT-0005349,IF_HCMPAY_SAPFIN_001,HCM,SAP_ERP,SFTP,Batch,Failed,NET_CONN_003,Connection reset by peer,Network,60742,SESS-86F67EEEAE,REQ-13DB861BAF57,2026-09-14 09:47:27
EVT-0005355,IF_HCMPAY_SAPFIN_001,HCM,SAP_ERP,SFTP,Batch,Success,,,,15664,SESS-F59D71CE9B,REQ-3EAAE08F1E4F,2026-09-15 22:11:39
EVT-0005384,IF_HCMPAY_SAPFIN_001,HCM,SAP_ERP,SFTP,Batch,Retry,INFRA_008,Runtime node unavailable,Infrastructure,44150,SESS-2BC70DE4B5,REQ-84375908CB8B,2026-09-11 11:51:03
EVT-0005438,IF_HCMWM_SAPFIN_001,HCM,SAP_ERP,ESB,Async,Retry,INFRA_008,Runtime node unavailable,Infrastructure,9678,SESS-D71D7358AC,REQ-C96ED8D435FD,2026-09-13 18:19:29
EVT-0005439,IF_HCMWM_SAPFIN_001,HCM,SAP_ERP,ESB,Async,Success,,,,4316,SESS-04F619E693,REQ-0C07F478463A,2026-09-10 01:19:58
EVT-0005441,IF_HCMWM_SAPFIN_001,HCM,SAP_ERP,ESB,Async,Success,,,,3886,SESS-E65F7B94E4,REQ-C4C8B1D69305,2026-09-12 08:41:41
EVT-0005461,IF_HCMWM_SAPFIN_001,HCM,SAP_ERP,ESB,Async,Success,,,,4698,SESS-A3D55E77CF,REQ-290D49003061,2026-09-14 12:47:52
EVT-0005462,IF_HCMWM_SAPFIN_001,HCM,SAP_ERP,ESB,Async,Success,,,,2696,SESS-7CC279CF6F,REQ-60EE5EFBD969,2026-09-10 13:03:43
EVT-0005477,IF_HCMWM_SAPFIN_001,HCM,SAP_ERP,ESB,Async,Success,,,,4785,SESS-64E4380A97,REQ-195F1B9740B5,2026-09-14 20:56:13
EVT-0005498,IF_HCMWM_SAPFIN_001,HCM,SAP_ERP,ESB,Async,Success,,,,4864,SESS-805FB01EE6,REQ-C62BD3484A07,2026-09-10 05:25:05
EVT-0005510,IF_HCMPAY_SAPFIN_001,HCM,SAP_ERP,SFTP,Batch,Success,,,,9359,SESS-78A58E3E22,REQ-A9C2E9C307A1,2026-09-10 19:25:42
EVT-0005523,IF_HCMWM_SAPFIN_001,HCM,SAP_ERP,ESB,Async,Success,,,,6262,SESS-E06F5B72B4,REQ-0B800F1706CD,2026-09-10 11:11:36
EVT-0005540,IF_HCMWM_SAPFIN_001,HCM,SAP_ERP,ESB,Async,Failed,NET_CONN_003,Connection reset by peer,Network,14566,SESS-EEEA657B54,REQ-8332EA6F37E8,2026-09-16 03:00:39
EVT-0005552,IF_HCMPAY_SAPFIN_001,HCM,SAP_ERP,SFTP,Batch,Success,,,,8142,SESS-560008721C,REQ-017A3E223D22,2026-09-15 15:56:12
EVT-0005560,IF_HCMWM_SAPFIN_001,HCM,SAP_ERP,ESB,Async,Failed,EXT_502,Downstream service returned 502,External Service,36071,SESS-11569F86F9,REQ-41A34EDCE645,2026-09-10 05:54:00
EVT-0005583,IF_HCMWM_SAPFIN_001,HCM,SAP_ERP,ESB,Async,Failed,VAL_400,Required business field failed validation,Validation,7269,SESS-8849E34296,REQ-F506DE8CF375,2026-09-14 10:36:43
EVT-0005586,IF_HCMPAY_SAPFIN_001,HCM,SAP_ERP,SFTP,Batch,Success,,,,18129,SESS-BE3E267CEF,REQ-A8C6D772421B,2026-09-11 15:16:28
EVT-0005597,IF_HCMWM_SAPFIN_001,HCM,SAP_ERP,ESB,Async,Success,,,,3224,SESS-98BAA31BF5,REQ-085A0B4B7D64,2026-09-13 09:19:04
EVT-0005640,IF_HCMWM_SAPFIN_001,HCM,SAP_ERP,ESB,Async,Success,,,,3508,SESS-F191CF2630,REQ-1A4FA6C99457,2026-09-11 02:02:36
EVT-0005649,IF_HCMWM_SAPFIN_001,HCM,SAP_ERP,ESB,Async,Success,,,,2582,SESS-D91AA36361,REQ-3D66B8B6D2AA,2026-09-14 02:32:20
EVT-0005654,IF_HCMPAY_SAPFIN_001,HCM,SAP_ERP,SFTP,Batch,Success,,,,14896,SESS-590D9E3CF2,REQ-6581E31B2A2D,2026-09-14 20:12:20
EVT-0005657,IF_HCMPAY_SAPFIN_001,HCM,SAP_ERP,SFTP,Batch,Success,,,,12793,SESS-D24A24D126,REQ-62E874D37FB7,2026-09-12 17:50:17
EVT-0005691,IF_HCMWM_SAPFIN_001,HCM,SAP_ERP,ESB,Async,Success,,,,5909,SESS-BA5CDAA63A,REQ-F30827DA93B0,2026-09-11 14:52:15
EVT-0005693,IF_HCMWM_SAPFIN_001,HCM,SAP_ERP,ESB,Async,Success,,,,3382,SESS-FA57D4B80B,REQ-495DAD60C16C,2026-09-12 18:50:10
EVT-0005737,IF_HCMPAY_SAPFIN_001,HCM,SAP_ERP,SFTP,Batch,Retry,CAP_003,Downstream service is at capacity,Capacity,46590,SESS-6A65E47A1E,REQ-313FDFD9FF00,2026-09-16 06:01:14
EVT-0005750,IF_HCMPAY_SAPFIN_001,HCM,SAP_ERP,SFTP,Batch,Success,,,,8687,SESS-D2A7B371FE,REQ-810C7ABE8AE0,2026-09-14 16:36:44
EVT-0005751,IF_HCMPAY_SAPFIN_001,HCM,SAP_ERP,SFTP,Batch,Success,,,,16546,SESS-1B501282DA,REQ-7F56A1B9516F,2026-09-14 11:03:46
EVT-0005784,IF_HCMPAY_SAPFIN_001,HCM,SAP_ERP,SFTP,Batch,Success,,,,10998,SESS-383C929415,REQ-5A8C03222F06,2026-09-15 04:02:59
EVT-0005794,IF_HCMWM_SAPFIN_001,HCM,SAP_ERP,ESB,Async,Retry,TIME_004,Downstream response exceeded SLA,Timeout,17776,SESS-DB0EA061DD,REQ-B48EAA68AA20,2026-09-10 03:06:21
EVT-0005803,IF_HCMPAY_SAPFIN_001,HCM,SAP_ERP,SFTP,Batch,Success,,,,11517,SESS-C31DD1DFD8,REQ-A45F33448430,2026-09-15 23:29:30
EVT-0005804,IF_HCMWM_SAPFIN_001,HCM,SAP_ERP,ESB,Async,Success,,,,5352,SESS-302443A044,REQ-8748FF580B71,2026-09-14 01:05:39
EVT-0005807,IF_HCMWM_SAPFIN_001,HCM,SAP_ERP,ESB,Async,Success,,,,4695,SESS-2766F58091,REQ-C893A7F6959D,2026-09-11 14:37:00
EVT-0005809,IF_HCMPAY_SAPFIN_001,HCM,SAP_ERP,SFTP,Batch,Retry,TIME_004,Downstream response exceeded SLA,Timeout,22067,SESS-3DD19CDB2D,REQ-55FA589E4676,2026-09-13 02:54:20
EVT-0005833,IF_HCMPAY_SAPFIN_001,HCM,SAP_ERP,SFTP,Batch,Success,,,,16462,SESS-FD959DBD11,REQ-E1828F191064,2026-09-14 17:54:30
EVT-0005857,IF_HCMWM_SAPFIN_001,HCM,SAP_ERP,ESB,Async,Success,,,,5490,SESS-D427D845D5,REQ-DB8F0DF2A472,2026-09-10 03:08:58
EVT-0005877,IF_HCMPAY_SAPFIN_001,HCM,SAP_ERP,SFTP,Batch,Success,,,,17098,SESS-0E722961E1,REQ-38ED87EBBB59,2026-09-10 20:22:52
EVT-0005904,IF_HCMWM_SAPFIN_001,HCM,SAP_ERP,ESB,Async,Failed,DB_COMMIT_014,Transaction commit failed,Database,32246,SESS-C18D5B4F47,REQ-B17A735B9A17,2026-09-16 00:10:50
EVT-0005945,IF_HCMPAY_SAPFIN_001,HCM,SAP_ERP,SFTP,Batch,Success,,,,15316,SESS-677F8D6837,REQ-359C25E52DB5,2026-09-12 00:06:46
EVT-0005959,IF_HCMWM_SAPFIN_001,HCM,SAP_ERP,ESB,Async,Success,,,,3175,SESS-78E9E3E27F,REQ-CB09AF00E25C,2026-09-14 22:02:48
EVT-0005962,IF_HCMPAY_SAPFIN_001,HCM,SAP_ERP,SFTP,Batch,Success,,,,13062,SESS-8D130B929A,REQ-7A51F76D2E44,2026-09-12 20:34:17
EVT-0005980,IF_HCMPAY_SAPFIN_001,HCM,SAP_ERP,SFTP,Batch,Success,,,,11611,SESS-942EB32BDC,REQ-346E8D67F8B9,2026-09-12 05:27:33
EVT-0005990,IF_HCMWM_SAPFIN_001,HCM,SAP_ERP,ESB,Async,Success,,,,4821,SESS-F0B11ADAAE,REQ-BD874A5064F4,2026-09-10 15:40:10
EVT-0000033,IF_MESPC_PLMPD_001,MES,PLM,REST_API,REST,Success,,,,7285,SESS-C88AC6FA49,REQ-EBB5FA57F6B7,2026-09-16 15:32:02
EVT-0000035,IF_MESPE_SAPPP_001,MES,SAP_ERP,Kafka,Async,Success,,,,1104,SESS-5ABE8E6F2B,REQ-6911C43DF356,2026-09-13 20:46:46
EVT-0000042,IF_MESYM_SAPQM_001,MES,SAP_ERP,Kafka,Async,Retry,CFG_017,Interface configuration mismatch,Configuration,2822,SESS-8EC2FD9DE8,REQ-5EE616ADCC56,2026-09-10 05:09:11
EVT-0000051,IF_MESPE_ORSC_001,MES,ORACLE_SCM,Kafka,Async,Retry,NET_CONN_003,Connection reset by peer,Network,8245,SESS-AE03379DFF,REQ-20BC8C95E9AE,2026-09-14 09:15:41
EVT-0000052,IF_MESPC_PLMPD_001,MES,PLM,REST_API,REST,Failed,EXT_502,Downstream service returned 502,External Service,48317,SESS-45CC1F36BC,REQ-9848327E4A99,2026-09-12 20:45:05
EVT-0000055,IF_MESPC_PLMPD_001,MES,PLM,REST_API,REST,Failed,TIME_004,Downstream response exceeded SLA,Timeout,41296,SESS-1356105647,REQ-5C3762C4B654,2026-09-16 20:39:31
EVT-0000061,IF_MESPE_ORSC_001,MES,ORACLE_SCM,Kafka,Async,Success,,,,2214,SESS-00FF676768,REQ-93F20EBCDC8F,2026-09-13 08:56:58
EVT-0000065,IF_MESPC_PLMPD_001,MES,PLM,REST_API,REST,Success,,,,4797,SESS-4DD3216B92,REQ-40934069C291,2026-09-13 22:54:38
EVT-0000066,IF_MESPE_SAPPP_001,MES,SAP_ERP,Kafka,Async,Success,,,,785,SESS-BA97FC1B95,REQ-4CC7BB88A133,2026-09-13 09:00:05
EVT-0000068,IF_MESPE_ORSC_001,MES,ORACLE_SCM,Kafka,Async,Success,,,,2333,SESS-907BE72FF9,REQ-1EF10B3EC1EA,2026-09-16 03:26:44
EVT-0000075,IF_MESPC_PLMPD_001,MES,PLM,REST_API,REST,Success,,,,6988,SESS-867C1FF50C,REQ-E97517836D54,2026-09-15 09:18:52
EVT-0000087,IF_MESPC_PLMPD_001,MES,PLM,REST_API,REST,Failed,NET_CONN_003,Connection reset by peer,Network,35428,SESS-1D81F048DC,REQ-F978A0E2F497,2026-09-12 13:31:23
EVT-0000104,IF_MESPE_SAPPP_001,MES,SAP_ERP,Kafka,Async,Success,,,,879,SESS-254BF12329,REQ-C51928C81509,2026-09-14 03:41:34
EVT-0000106,IF_MESPE_SAPPP_001,MES,SAP_ERP,Kafka,Async,Success,,,,876,SESS-A51D43C2F8,REQ-FF69A95FC885,2026-09-16 21:26:32
EVT-0000112,IF_MESPE_SAPPP_001,MES,SAP_ERP,Kafka,Async,Success,,,,1159,SESS-1FF0C8A6EF,REQ-845EE789EC5A,2026-09-15 02:50:45
EVT-0000116,IF_MESYM_SAPQM_001,MES,SAP_ERP,Kafka,Async,Retry,DB_COMMIT_014,Transaction commit failed,Database,2614,SESS-7644509275,REQ-77B4A8637A46,2026-09-10 17:20:08
EVT-0000125,IF_MESPC_PLMPD_001,MES,PLM,REST_API,REST,Success,,,,6016,SESS-DDE66A5326,REQ-69790CCB15C6,2026-09-14 15:20:14
EVT-0000130,IF_MESYM_SAPQM_001,MES,SAP_ERP,Kafka,Async,Success,,,,1326,SESS-BB1D954DF2,REQ-D1FA7A7A3E11,2026-09-13 16:13:29
EVT-0000135,IF_MESPE_ORSC_001,MES,ORACLE_SCM,Kafka,Async,Success,,,,2549,SESS-A788A26921,REQ-DC3F6197D3E4,2026-09-15 12:32:37
EVT-0000144,IF_MESPE_SAPPP_001,MES,SAP_ERP,Kafka,Async,Success,,,,961,SESS-990BFCB4B1,REQ-3096205B50F0,2026-09-10 06:25:17
EVT-0000145,IF_MESPE_ORSC_001,MES,ORACLE_SCM,Kafka,Async,Retry,NET_CONN_003,Connection reset by peer,Network,8499,SESS-EC42CA7264,REQ-5CE4A120BCB1,2026-09-11 15:32:10
EVT-0000153,IF_MESPC_PLMPD_001,MES,PLM,REST_API,REST,Retry,VAL_400,Required business field failed validation,Validation,25521,SESS-1C0F95549D,REQ-7A9120CE93AE,2026-09-12 04:59:01
EVT-0000155,IF_MESPE_ORSC_001,MES,ORACLE_SCM,Kafka,Async,Success,,,,2506,SESS-5847121813,REQ-69DED338A59D,2026-09-10 00:02:23
EVT-0000162,IF_MESPC_PLMPD_001,MES,PLM,REST_API,REST,Success,,,,4493,SESS-8BFABB1ABE,REQ-0CF3EEBDDA1D,2026-09-10 16:49:01
EVT-0000168,IF_MESPE_ORSC_001,MES,ORACLE_SCM,Kafka,Async,Success,,,,1612,SESS-0488C02324,REQ-1D8998320BFE,2026-09-13 04:08:23
EVT-0000170,IF_MESPE_ORSC_001,MES,ORACLE_SCM,Kafka,Async,Success,,,,1511,SESS-3203A64842,REQ-A5067402C989,2026-09-12 17:28:47
EVT-0000191,IF_MESPE_ORSC_001,MES,ORACLE_SCM,Kafka,Async,Success,,,,1015,SESS-DA4F8A6AFC,REQ-7B6BE22298C7,2026-09-11 19:29:32
EVT-0000193,IF_MESPE_ORSC_001,MES,ORACLE_SCM,Kafka,Async,Retry,CFG_017,Interface configuration mismatch,Configuration,4194,SESS-89DF5885EC,REQ-6995863EDFE8,2026-09-12 08:08:15
EVT-0000195,IF_MESPE_ORSC_001,MES,ORACLE_SCM,Kafka,Async,Success,,,,2488,SESS-30950B17EB,REQ-610AD0FA80AA,2026-09-16 00:21:03
EVT-0000201,IF_MESPC_PLMPD_001,MES,PLM,REST_API,REST,Success,,,,5132,SESS-45D696783F,REQ-844233B8F21F,2026-09-10 06:46:42
EVT-0000210,IF_MESPE_ORSC_001,MES,ORACLE_SCM,Kafka,Async,Success,,,,3356,SESS-046B3BB3A1,REQ-260BA55F7A0D,2026-09-14 16:36:52
EVT-0000212,IF_MESPE_ORSC_001,MES,ORACLE_SCM,Kafka,Async,Success,,,,2157,SESS-C802093426,REQ-413EFEB63AD9,2026-09-14 17:45:57
EVT-0000218,IF_MESYM_SAPQM_001,MES,SAP_ERP,Kafka,Async,Retry,NET_CONN_003,Connection reset by peer,Network,3119,SESS-BF78DC7B50,REQ-B1E9C67B2905,2026-09-14 11:57:53
EVT-0000220,IF_MESPE_ORSC_001,MES,ORACLE_SCM,Kafka,Async,Failed,EXT_502,Downstream service returned 502,External Service,15348,SESS-EC6C16B1C6,REQ-58A9B8914EB9,2026-09-14 01:02:33
EVT-0000221,IF_MESYM_SAPQM_001,MES,SAP_ERP,Kafka,Async,Success,,,,1191,SESS-6A771AE075,REQ-4E9D72B28A77,2026-09-11 06:55:01
EVT-0000238,IF_MESPE_SAPPP_001,MES,SAP_ERP,Kafka,Async,Retry,TIME_004,Downstream response exceeded SLA,Timeout,1673,SESS-8D36DCA5C0,REQ-3F0D469E92D6,2026-09-12 07:01:33
EVT-0000251,IF_MESPE_ORSC_001,MES,ORACLE_SCM,Kafka,Async,Success,,,,2635,SESS-768D47F1E9,REQ-ED632A29DD78,2026-09-11 17:08:55
EVT-0000255,IF_MESPC_PLMPD_001,MES,PLM,REST_API,REST,Retry,INFRA_008,Runtime node unavailable,Infrastructure,26908,SESS-25602D56BC,REQ-CA690069BD17,2026-09-16 14:36:09
EVT-0000258,IF_MESPE_ORSC_001,MES,ORACLE_SCM,Kafka,Async,Success,,,,1600,SESS-5C0FADE61D,REQ-1D7783FF3357,2026-09-12 02:29:07
EVT-0000260,IF_MESYM_SAPQM_001,MES,SAP_ERP,Kafka,Async,Success,,,,1464,SESS-2E0BB773F0,REQ-FF9F71BE6F76,2026-09-16 11:09:54
EVT-0000264,IF_MESPE_SAPPP_001,MES,SAP_ERP,Kafka,Async,Retry,VAL_400,Required business field failed validation,Validation,2090,SESS-AE7F714A1C,REQ-A3964A49AD1C,2026-09-15 14:10:46
EVT-0000268,IF_MESPE_ORSC_001,MES,ORACLE_SCM,Kafka,Async,Success,,,,2148,SESS-600C16543B,REQ-5106402335DE,2026-09-16 17:17:15
EVT-0000284,IF_MESPE_SAPPP_001,MES,SAP_ERP,Kafka,Async,Success,,,,831,SESS-FC972DC9EB,REQ-C0847A8DA2D4,2026-09-14 06:44:29
EVT-0000291,IF_MESPE_ORSC_001,MES,ORACLE_SCM,Kafka,Async,Success,,,,1465,SESS-B5ADD9BFE5,REQ-3B9F849B5073,2026-09-11 04:49:55
EVT-0000308,IF_MESPE_ORSC_001,MES,ORACLE_SCM,Kafka,Async,Failed,EXT_502,Downstream service returned 502,External Service,13641,SESS-A40761FF08,REQ-598FA233B174,2026-09-15 06:03:19
EVT-0000309,IF_MESPC_PLMPD_001,MES,PLM,REST_API,REST,Success,,,,6970,SESS-ADA8AD8D5C,REQ-BB9037F44DD1,2026-09-10 03:16:28
EVT-0000311,IF_MESPE_SAPPP_001,MES,SAP_ERP,Kafka,Async,Success,,,,683,SESS-1FE4C54B75,REQ-BE0E6864E7A7,2026-09-15 02:45:16
EVT-0000314,IF_MESYM_SAPQM_001,MES,SAP_ERP,Kafka,Async,Success,,,,862,SESS-AA53C0E935,REQ-C1A9B117B852,2026-09-14 06:34:25
EVT-0000325,IF_MESPC_PLMPD_001,MES,PLM,REST_API,REST,Success,,,,7471,SESS-D38CB32CA0,REQ-A487DEA2F964,2026-09-16 06:22:25
EVT-0000330,IF_MESPE_ORSC_001,MES,ORACLE_SCM,Kafka,Async,Retry,INFRA_008,Runtime node unavailable,Infrastructure,4891,SESS-CD264C94CB,REQ-CD0BEED38E39,2026-09-14 15:21:29
EVT-0000340,IF_MESPC_PLMPD_001,MES,PLM,REST_API,REST,Success,,,,8949,SESS-623EE46F6C,REQ-B8AFD023531E,2026-09-14 22:31:11
EVT-0000343,IF_MESPC_PLMPD_001,MES,PLM,REST_API,REST,Success,,,,6293,SESS-2C03105C72,REQ-D45D8C0FCE52,2026-09-12 02:44:57
EVT-0000347,IF_MESPC_PLMPD_001,MES,PLM,REST_API,REST,Success,,,,5650,SESS-2CF35C2871,REQ-7A2B94FF6E5F,2026-09-13 22:41:37
EVT-0000361,IF_MESPE_SAPPP_001,MES,SAP_ERP,Kafka,Async,Success,,,,966,SESS-6CADB138C8,REQ-83F4DED240A3,2026-09-16 21:51:31
EVT-0000368,IF_MESPE_ORSC_001,MES,ORACLE_SCM,Kafka,Async,Success,,,,2468,SESS-61DC393687,REQ-6D4FDEF9A5E7,2026-09-11 02:34:20
EVT-0000370,IF_MESPE_ORSC_001,MES,ORACLE_SCM,Kafka,Async,Success,,,,2409,SESS-A152DE89CD,REQ-9D692B35CF24,2026-09-14 23:46:25
EVT-0000381,IF_MESPC_PLMPD_001,MES,PLM,REST_API,REST,Success,,,,6009,SESS-D8D7350D53,REQ-E2D1476C3DD3,2026-09-12 15:16:56
EVT-0000393,IF_MESPE_ORSC_001,MES,ORACLE_SCM,Kafka,Async,Success,,,,2579,SESS-6C0B865ED0,REQ-FEE7914A134A,2026-09-16 15:50:05
EVT-0000411,IF_MESPC_PLMPD_001,MES,PLM,REST_API,REST,Success,,,,8097,SESS-56789AE85F,REQ-B067ACAFF4B6,2026-09-12 12:33:15
EVT-0000418,IF_MESPC_PLMPD_001,MES,PLM,REST_API,REST,Success,,,,8207,SESS-21E19CF2D5,REQ-47FB31A56394,2026-09-14 15:53:26
EVT-0000420,IF_MESPE_SAPPP_001,MES,SAP_ERP,Kafka,Async,Success,,,,996,SESS-5ED147BEEB,REQ-96FEDE17EC5F,2026-09-16 02:35:46
EVT-0000427,IF_MESYM_SAPQM_001,MES,SAP_ERP,Kafka,Async,Success,,,,1289,SESS-F4540DC0E4,REQ-F2E815E3134E,2026-09-14 10:27:29
EVT-0000440,IF_MESPE_SAPPP_001,MES,SAP_ERP,Kafka,Async,Success,,,,1060,SESS-4AA759010C,REQ-4830BEA6AFCD,2026-09-10 11:27:30
EVT-0000455,IF_MESYM_SAPQM_001,MES,SAP_ERP,Kafka,Async,Success,,,,1309,SESS-BBEEC35827,REQ-76B61B9AA852,2026-09-15 02:43:28
EVT-0000456,IF_MESPE_SAPPP_001,MES,SAP_ERP,Kafka,Async,Success,,,,938,SESS-49BA4DDEC6,REQ-FDBB5F2FDD1F,2026-09-14 07:06:13
EVT-0000457,IF_MESPC_PLMPD_001,MES,PLM,REST_API,REST,Retry,VAL_400,Required business field failed validation,Validation,19310,SESS-9B4E8B31D0,REQ-EF199DAD8E50,2026-09-10 19:19:10
EVT-0000458,IF_MESPE_ORSC_001,MES,ORACLE_SCM,Kafka,Async,Success,,,,2954,SESS-218B96914D,REQ-A65AB7D2198D,2026-09-12 02:20:31
EVT-0000462,IF_MESYM_SAPQM_001,MES,SAP_ERP,Kafka,Async,Success,,,,1457,SESS-D750B3C9A5,REQ-ACD09A8E5927,2026-09-16 05:03:58
EVT-0000463,IF_MESPE_SAPPP_001,MES,SAP_ERP,Kafka,Async,Retry,TIME_004,Downstream response exceeded SLA,Timeout,1563,SESS-7E397EB334,REQ-09AA18F9C4C9,2026-09-14 16:57:29
EVT-0000479,IF_MESPE_SAPPP_001,MES,SAP_ERP,Kafka,Async,Success,,,,785,SESS-0036B6034E,REQ-0C3F076724A6,2026-09-11 03:59:29
EVT-0000481,IF_MESPE_ORSC_001,MES,ORACLE_SCM,Kafka,Async,Success,,,,2038,SESS-9A16EF74D5,REQ-1677C493BA57,2026-09-11 22:57:17
EVT-0000483,IF_MESPC_PLMPD_001,MES,PLM,REST_API,REST,Success,,,,6184,SESS-1F0F4DA8F0,REQ-40CEFC1552BA,2026-09-15 04:49:29
EVT-0000489,IF_MESPE_ORSC_001,MES,ORACLE_SCM,Kafka,Async,Retry,CFG_017,Interface configuration mismatch,Configuration,4993,SESS-06E725EF71,REQ-3D2C9EC721CB,2026-09-12 03:15:15
EVT-0000499,IF_MESPE_SAPPP_001,MES,SAP_ERP,Kafka,Async,Success,,,,827,SESS-7873E0E34E,REQ-5AB765B53720,2026-09-14 00:14:16
EVT-0000505,IF_MESPE_SAPPP_001,MES,SAP_ERP,Kafka,Async,Success,,,,637,SESS-ADC260F436,REQ-B2DDFAA152C0,2026-09-11 07:25:34
EVT-0000516,IF_MESPE_ORSC_001,MES,ORACLE_SCM,Kafka,Async,Success,,,,2105,SESS-B84A796FCB,REQ-7B131D99F7CF,2026-09-14 16:30:25
EVT-0000518,IF_MESPC_PLMPD_001,MES,PLM,REST_API,REST,Success,,,,6306,SESS-E179685EC3,REQ-4DB2D918BCFD,2026-09-12 14:30:47
EVT-0000527,IF_MESYM_SAPQM_001,MES,SAP_ERP,Kafka,Async,Success,,,,1927,SESS-A2F8CE4973,REQ-DF0EF33738C0,2026-09-11 03:46:19
EVT-0000528,IF_MESYM_SAPQM_001,MES,SAP_ERP,Kafka,Async,Success,,,,1198,SESS-C31B2DF563,REQ-C038BD52C58C,2026-09-10 02:00:12
EVT-0000529,IF_MESPC_PLMPD_001,MES,PLM,REST_API,REST,Success,,,,8545,SESS-CC530CC330,REQ-0C4459FA00DC,2026-09-11 05:29:27
EVT-0000553,IF_MESPC_PLMPD_001,MES,PLM,REST_API,REST,Failed,AUTHZ_403,Caller is not authorized,Authorization,56332,SESS-2D4558FBD2,REQ-40E26838B990,2026-09-12 17:00:27
EVT-0000560,IF_MESPE_SAPPP_001,MES,SAP_ERP,Kafka,Async,Retry,TIME_004,Downstream response exceeded SLA,Timeout,2321,SESS-0D8B88BA78,REQ-745B99CA51DA,2026-09-12 15:42:40
EVT-0000562,IF_MESPE_ORSC_001,MES,ORACLE_SCM,Kafka,Async,Success,,,,2653,SESS-3309279FE3,REQ-7453A18EF51E,2026-09-16 18:32:19
EVT-0000565,IF_MESYM_SAPQM_001,MES,SAP_ERP,Kafka,Async,Success,,,,1077,SESS-E31AAFD0CB,REQ-6B183FFDD8E9,2026-09-16 18:23:09
EVT-0000585,IF_MESPE_SAPPP_001,MES,SAP_ERP,Kafka,Async,Success,,,,1020,SESS-A53B8453D3,REQ-B37DF71A5341,2026-09-13 12:52:05
EVT-0000588,IF_MESPC_PLMPD_001,MES,PLM,REST_API,REST,Success,,,,6600,SESS-1F4303BE77,REQ-602A7930D15A,2026-09-13 19:50:06
EVT-0000592,IF_MESPC_PLMPD_001,MES,PLM,REST_API,REST,Success,,,,5686,SESS-87EBDA194E,REQ-714192682D05,2026-09-16 05:32:18
EVT-0000611,IF_MESPC_PLMPD_001,MES,PLM,REST_API,REST,Success,,,,6026,SESS-CA31563BC5,REQ-9F0D70DBD54C,2026-09-16 23:29:37
EVT-0000614,IF_MESPE_SAPPP_001,MES,SAP_ERP,Kafka,Async,Retry,CAP_003,Downstream service is at capacity,Capacity,2819,SESS-66DD59E677,REQ-A2D0B6FA008A,2026-09-14 06:25:43
EVT-0000615,IF_MESPE_SAPPP_001,MES,SAP_ERP,Kafka,Async,Success,,,,221,SESS-57C3885CF1,REQ-0500DCCCFC91,2026-09-15 04:02:54
EVT-0000626,IF_MESPE_ORSC_001,MES,ORACLE_SCM,Kafka,Async,Success,,,,1841,SESS-C85E263232,REQ-BCD3B72EA0DA,2026-09-14 09:05:40
EVT-0000631,IF_MESPC_PLMPD_001,MES,PLM,REST_API,REST,Success,,,,8361,SESS-67B7296E82,REQ-C549E138E75F,2026-09-15 19:12:47
EVT-0000633,IF_MESPE_SAPPP_001,MES,SAP_ERP,Kafka,Async,Success,,,,606,SESS-ED78D8FA25,REQ-92B3E9633272,2026-09-14 23:22:48
EVT-0000634,IF_MESPE_ORSC_001,MES,ORACLE_SCM,Kafka,Async,Success,,,,1424,SESS-281483276E,REQ-72D78D9752A1,2026-09-15 14:01:35
EVT-0000643,IF_MESPC_PLMPD_001,MES,PLM,REST_API,REST,Success,,,,8318,SESS-0729A29517,REQ-7F5C3D20C3E2,2026-09-14 21:25:57
EVT-0000660,IF_MESYM_SAPQM_001,MES,SAP_ERP,Kafka,Async,Success,,,,1536,SESS-4CA6D0A407,REQ-52922242F717,2026-09-10 06:44:21
EVT-0000666,IF_MESPC_PLMPD_001,MES,PLM,REST_API,REST,Success,,,,7010,SESS-5865D8215F,REQ-33FA828CF0E0,2026-09-11 21:21:54
EVT-0000676,IF_MESPE_ORSC_001,MES,ORACLE_SCM,Kafka,Async,Success,,,,1645,SESS-66ACE6BC33,REQ-DC2F3BCDD4C2,2026-09-14 22:41:56
EVT-0000677,IF_MESYM_SAPQM_001,MES,SAP_ERP,Kafka,Async,Retry,DB_COMMIT_014,Transaction commit failed,Database,2209,SESS-1D82D6B664,REQ-1D9DFC4D6BFA,2026-09-10 21:14:36
EVT-0000687,IF_MESYM_SAPQM_001,MES,SAP_ERP,Kafka,Async,Success,,,,1467,SESS-30F5DC98D2,REQ-01150CEC0784,2026-09-13 20:02:30
EVT-0000688,IF_MESPC_PLMPD_001,MES,PLM,REST_API,REST,Success,,,,5757,SESS-D7D731E9A1,REQ-1FDFC949D2B4,2026-09-15 01:01:07
EVT-0000700,IF_MESPE_SAPPP_001,MES,SAP_ERP,Kafka,Async,Success,,,,1161,SESS-88EE48B313,REQ-666EF8E977E4,2026-09-13 22:46:01
EVT-0000701,IF_MESPE_SAPPP_001,MES,SAP_ERP,Kafka,Async,Success,,,,588,SESS-A61929EAE2,REQ-0FC22DEBB51D,2026-09-14 05:30:03
EVT-0000707,IF_MESPE_ORSC_001,MES,ORACLE_SCM,Kafka,Async,Failed,DB_COMMIT_014,Transaction commit failed,Database,17522,SESS-E4F5576FE3,REQ-B9891E98AE15,2026-09-15 10:48:06
EVT-0000708,IF_MESPC_PLMPD_001,MES,PLM,REST_API,REST,Success,,,,5989,SESS-7E11F9E4CA,REQ-C09E35C1CA9D,2026-09-10 14:16:43
EVT-0000709,IF_MESPE_SAPPP_001,MES,SAP_ERP,Kafka,Async,Success,,,,854,SESS-2DF43BA084,REQ-25D15D5FE738,2026-09-15 03:11:06
EVT-0000715,IF_MESPC_PLMPD_001,MES,PLM,REST_API,REST,Retry,NET_CONN_003,Connection reset by peer,Network,21788,SESS-FB11B50D7C,REQ-E418488E60BC,2026-09-11 18:56:41
EVT-0000719,IF_MESPE_SAPPP_001,MES,SAP_ERP,Kafka,Async,Success,,,,661,SESS-62D22BDDCD,REQ-AE6E2F9192A8,2026-09-16 19:29:13
EVT-0000754,IF_MESYM_SAPQM_001,MES,SAP_ERP,Kafka,Async,Failed,EXT_502,Downstream service returned 502,External Service,11785,SESS-EDD53032B3,REQ-04D6C1E6BF90,2026-09-12 14:25:19
EVT-0000765,IF_MESPC_PLMPD_001,MES,PLM,REST_API,REST,Success,,,,8761,SESS-0C3855E383,REQ-8B038F0BA462,2026-09-11 08:25:45
EVT-0000776,IF_MESPE_SAPPP_001,MES,SAP_ERP,Kafka,Async,Success,,,,909,SESS-3B616F6C97,REQ-11AF866D4EA6,2026-09-10 00:32:18
EVT-0000780,IF_MESPC_PLMPD_001,MES,PLM,REST_API,REST,Success,,,,7085,SESS-A84F6ECD07,REQ-3BBBAD1A33AE,2026-09-11 15:03:29
EVT-0000783,IF_MESPC_PLMPD_001,MES,PLM,REST_API,REST,Retry,TIME_004,Downstream response exceeded SLA,Timeout,22288,SESS-89C9EDEA88,REQ-BEB960AB7D5F,2026-09-10 00:31:29
EVT-0000784,IF_MESYM_SAPQM_001,MES,SAP_ERP,Kafka,Async,Success,,,,1726,SESS-39714EF0AD,REQ-3CBEFAE737ED,2026-09-10 02:02:18
EVT-0000790,IF_MESPE_ORSC_001,MES,ORACLE_SCM,Kafka,Async,Retry,VAL_400,Required business field failed validation,Validation,5244,SESS-D4D9419078,REQ-A70DCE4AA87D,2026-09-16 16:57:15
EVT-0000797,IF_MESPE_ORSC_001,MES,ORACLE_SCM,Kafka,Async,Success,,,,2034,SESS-05998F020A,REQ-BE908B58EF45,2026-09-15 11:36:00
EVT-0000806,IF_MESPC_PLMPD_001,MES,PLM,REST_API,REST,Success,,,,5607,SESS-1EBB16258B,REQ-FD61FC40F2AE,2026-09-11 09:10:52
EVT-0000822,IF_MESPE_SAPPP_001,MES,SAP_ERP,Kafka,Async,Success,,,,862,SESS-F9072E4145,REQ-8B050A1D6C3A,2026-09-12 17:26:16
EVT-0000845,IF_MESPC_PLMPD_001,MES,PLM,REST_API,REST,Success,,,,5101,SESS-985BFC88BD,REQ-4E64290648F6,2026-09-11 11:29:17
EVT-0000849,IF_MESPE_SAPPP_001,MES,SAP_ERP,Kafka,Async,Success,,,,902,SESS-A134833E43,REQ-D0339B5EFDDB,2026-09-16 14:39:19
EVT-0000876,IF_MESPC_PLMPD_001,MES,PLM,REST_API,REST,Success,,,,5456,SESS-D2DBADD6E8,REQ-2859B5E92F79,2026-09-12 00:53:53
EVT-0000881,IF_MESYM_SAPQM_001,MES,SAP_ERP,Kafka,Async,Retry,CAP_003,Downstream service is at capacity,Capacity,5110,SESS-BCDA37FF12,REQ-8913AB18A6C7,2026-09-16 16:03:36
EVT-0000886,IF_MESPC_PLMPD_001,MES,PLM,REST_API,REST,Success,,,,6759,SESS-E1C18E194C,REQ-8C021AEBF208,2026-09-14 04:39:03
EVT-0000889,IF_MESYM_SAPQM_001,MES,SAP_ERP,Kafka,Async,Success,,,,1208,SESS-F0EC094677,REQ-8CFF9169F40F,2026-09-15 06:30:51
EVT-0000913,IF_MESPE_ORSC_001,MES,ORACLE_SCM,Kafka,Async,Success,,,,723,SESS-9DF6E2EA88,REQ-FA4D71FAA0AF,2026-09-13 21:19:55
EVT-0000915,IF_MESYM_SAPQM_001,MES,SAP_ERP,Kafka,Async,Success,,,,1238,SESS-4CFACC7C7D,REQ-E42421F8E12C,2026-09-16 12:06:20
EVT-0000924,IF_MESPC_PLMPD_001,MES,PLM,REST_API,REST,Success,,,,7370,SESS-ED2ADB58C0,REQ-78550FEB9A91,2026-09-10 14:11:58
EVT-0000928,IF_MESPC_PLMPD_001,MES,PLM,REST_API,REST,Retry,DB_COMMIT_014,Transaction commit failed,Database,15176,SESS-BBD7A1C147,REQ-850087B329ED,2026-09-11 06:53:30
EVT-0000941,IF_MESPE_ORSC_001,MES,ORACLE_SCM,Kafka,Async,Success,,,,2444,SESS-AD405586C3,REQ-CFFAB94F2CA8,2026-09-13 11:18:52
EVT-0000949,IF_MESPE_SAPPP_001,MES,SAP_ERP,Kafka,Async,Retry,CFG_017,Interface configuration mismatch,Configuration,3427,SESS-4C97200D20,REQ-573BBDFF22FB,2026-09-14 10:21:19
EVT-0000951,IF_MESPE_SAPPP_001,MES,SAP_ERP,Kafka,Async,Success,,,,1019,SESS-508078089B,REQ-285C19CFA05B,2026-09-13 16:48:52
EVT-0000958,IF_MESPC_PLMPD_001,MES,PLM,REST_API,REST,Success,,,,6950,SESS-8026151BE5,REQ-32C7D6B71BCF,2026-09-13 23:31:27
EVT-0000971,IF_MESPE_ORSC_001,MES,ORACLE_SCM,Kafka,Async,Success,,,,2195,SESS-AC742878BE,REQ-33F7B2432183,2026-09-16 20:15:16
EVT-0001002,IF_MESPE_SAPPP_001,MES,SAP_ERP,Kafka,Async,Success,,,,1129,SESS-7CA0698ABF,REQ-34CC4492FFEB,2026-09-10 04:57:09
EVT-0001022,IF_MESPE_SAPPP_001,MES,SAP_ERP,Kafka,Async,Success,,,,1101,SESS-8BA14C71B2,REQ-DAE4A31CBB32,2026-09-10 02:10:56
EVT-0001024,IF_MESPE_SAPPP_001,MES,SAP_ERP,Kafka,Async,Success,,,,644,SESS-98354EFEFD,REQ-54DE72C3EA34,2026-09-11 11:15:21
EVT-0001025,IF_MESPE_SAPPP_001,MES,SAP_ERP,Kafka,Async,Success,,,,775,SESS-9801BD0CBC,REQ-13B3FD890883,2026-09-14 14:08:59
EVT-0001028,IF_MESPC_PLMPD_001,MES,PLM,REST_API,REST,Success,,,,5022,SESS-1D0F7DE851,REQ-E03593C66577,2026-09-13 01:35:40
EVT-0001030,IF_MESYM_SAPQM_001,MES,SAP_ERP,Kafka,Async,Success,,,,1466,SESS-3F96EA3B2D,REQ-A030CA15D7B7,2026-09-11 08:34:53
EVT-0001032,IF_MESPC_PLMPD_001,MES,PLM,REST_API,REST,Success,,,,7952,SESS-A3C9AC4D3B,REQ-0EC0984F2D1A,2026-09-15 07:54:52
EVT-0001042,IF_MESPE_SAPPP_001,MES,SAP_ERP,Kafka,Async,Success,,,,790,SESS-64C0C2D6E2,REQ-9450856B5205,2026-09-15 18:59:23
EVT-0001056,IF_MESPC_PLMPD_001,MES,PLM,REST_API,REST,Success,,,,5516,SESS-7ECD9A077F,REQ-BF2145CC46B7,2026-09-15 00:43:19
EVT-0001060,IF_MESPC_PLMPD_001,MES,PLM,REST_API,REST,Retry,NET_CONN_003,Connection reset by peer,Network,23813,SESS-4B0E03178C,REQ-E0D3D778D703,2026-09-14 23:25:34
EVT-0001063,IF_MESPC_PLMPD_001,MES,PLM,REST_API,REST,Success,,,,7405,SESS-9C747AF900,REQ-A8868BC95654,2026-09-13 04:10:15
EVT-0001079,IF_MESYM_SAPQM_001,MES,SAP_ERP,Kafka,Async,Success,,,,1224,SESS-0BCA00E03D,REQ-7AEFBA738819,2026-09-15 19:32:40
EVT-0001086,IF_MESPE_SAPPP_001,MES,SAP_ERP,Kafka,Async,Success,,,,971,SESS-869F0EE404,REQ-292A865BB3DD,2026-09-15 23:48:24
EVT-0001099,IF_MESPC_PLMPD_001,MES,PLM,REST_API,REST,Success,,,,7565,SESS-3AF3A711F5,REQ-5002942CEF5E,2026-09-11 19:02:48
EVT-0001113,IF_MESYM_SAPQM_001,MES,SAP_ERP,Kafka,Async,Success,,,,1628,SESS-0E7F562296,REQ-98ACE0876D2D,2026-09-12 04:43:23
EVT-0001136,IF_MESPE_ORSC_001,MES,ORACLE_SCM,Kafka,Async,Success,,,,2040,SESS-1F4F9C0C5F,REQ-272A92C04A4F,2026-09-15 14:51:25
EVT-0001138,IF_MESPC_PLMPD_001,MES,PLM,REST_API,REST,Success,,,,3112,SESS-64E26DC188,REQ-32F7754D6466,2026-09-16 12:42:21
EVT-0001141,IF_MESPC_PLMPD_001,MES,PLM,REST_API,REST,Success,,,,9896,SESS-3BDCD9DD90,REQ-CAE6FEEB2732,2026-09-15 08:44:07
EVT-0001143,IF_MESYM_SAPQM_001,MES,SAP_ERP,Kafka,Async,Success,,,,1293,SESS-D07C71BDCD,REQ-87DD8FB4895E,2026-09-10 01:35:44
EVT-0001146,IF_MESPC_PLMPD_001,MES,PLM,REST_API,REST,Success,,,,6291,SESS-FFB4D1F9B9,REQ-09772B5A25ED,2026-09-16 08:12:39
EVT-0001149,IF_MESYM_SAPQM_001,MES,SAP_ERP,Kafka,Async,Retry,VAL_400,Required business field failed validation,Validation,2124,SESS-8AA47E0129,REQ-E07D0D62C226,2026-09-15 13:38:52
EVT-0001153,IF_MESPE_SAPPP_001,MES,SAP_ERP,Kafka,Async,Success,,,,845,SESS-02034192F6,REQ-7CFD98EA83A0,2026-09-16 15:20:10
EVT-0001155,IF_MESYM_SAPQM_001,MES,SAP_ERP,Kafka,Async,Success,,,,1721,SESS-0C17E23B1A,REQ-A34F514399CB,2026-09-12 04:29:38
EVT-0001161,IF_MESPE_SAPPP_001,MES,SAP_ERP,Kafka,Async,Retry,CFG_017,Interface configuration mismatch,Configuration,3124,SESS-6722D4E9D7,REQ-89EEB1624B0C,2026-09-10 12:35:35
EVT-0001173,IF_MESPE_SAPPP_001,MES,SAP_ERP,Kafka,Async,Success,,,,1054,SESS-B979773F03,REQ-0FB0373693AB,2026-09-10 15:08:55
EVT-0001183,IF_MESPC_PLMPD_001,MES,PLM,REST_API,REST,Success,,,,6098,SESS-94958DBE72,REQ-BAA4C33B7255,2026-09-13 20:33:03
EVT-0001191,IF_MESPE_SAPPP_001,MES,SAP_ERP,Kafka,Async,Success,,,,530,SESS-8507BCD255,REQ-F78055848CE5,2026-09-10 21:01:41
EVT-0001200,IF_MESPE_ORSC_001,MES,ORACLE_SCM,Kafka,Async,Success,,,,2061,SESS-A636B4E450,REQ-43E51C8C5F77,2026-09-13 05:52:43
EVT-0001201,IF_MESYM_SAPQM_001,MES,SAP_ERP,Kafka,Async,Success,,,,1467,SESS-4505B3D817,REQ-DCDE585E3B55,2026-09-11 00:56:33
EVT-0001206,IF_MESPE_SAPPP_001,MES,SAP_ERP,Kafka,Async,Success,,,,878,SESS-F3F8A6699E,REQ-E716BEB30AA8,2026-09-10 18:12:41
EVT-0001211,IF_MESPC_PLMPD_001,MES,PLM,REST_API,REST,Failed,INFRA_008,Runtime node unavailable,Infrastructure,33895,SESS-12D018147E,REQ-981E06016514,2026-09-13 03:19:39
EVT-0001225,IF_MESYM_SAPQM_001,MES,SAP_ERP,Kafka,Async,Success,,,,1077,SESS-1C2709980B,REQ-E8BFA0221932,2026-09-15 07:47:56
EVT-0001228,IF_MESPE_SAPPP_001,MES,SAP_ERP,Kafka,Async,Success,,,,943,SESS-0C6A7D44DD,REQ-F77D4115C3AF,2026-09-12 17:44:25
EVT-0001229,IF_MESPE_SAPPP_001,MES,SAP_ERP,Kafka,Async,Success,,,,869,SESS-817CF112DC,REQ-8D86104E93ED,2026-09-14 01:26:36
EVT-0001231,IF_MESYM_SAPQM_001,MES,SAP_ERP,Kafka,Async,Success,,,,1272,SESS-AF17949576,REQ-37115567D474,2026-09-16 19:22:04
EVT-0001263,IF_MESPE_SAPPP_001,MES,SAP_ERP,Kafka,Async,Retry,AUTH_401,Service credential rejected,Authentication,3254,SESS-2AE20E3122,REQ-F56958E6C29E,2026-09-12 06:14:25
EVT-0001271,IF_MESYM_SAPQM_001,MES,SAP_ERP,Kafka,Async,Success,,,,1098,SESS-5B91B89339,REQ-C153286B1910,2026-09-14 11:42:45
EVT-0001283,IF_MESPE_SAPPP_001,MES,SAP_ERP,Kafka,Async,Failed,CFG_017,Interface configuration mismatch,Configuration,5613,SESS-E3FC2C0DAC,REQ-F68A5E3C53B0,2026-09-16 17:46:16
EVT-0001327,IF_MESYM_SAPQM_001,MES,SAP_ERP,Kafka,Async,Success,,,,1871,SESS-4BCEEFE9E5,REQ-A9C9FA85B108,2026-09-10 14:52:12
EVT-0001334,IF_MESPC_PLMPD_001,MES,PLM,REST_API,REST,Success,,,,5502,SESS-E617C8DC10,REQ-AE52295260E6,2026-09-16 19:17:30
EVT-0001346,IF_MESPE_ORSC_001,MES,ORACLE_SCM,Kafka,Async,Success,,,,1354,SESS-A26732388A,REQ-531644DE955A,2026-09-12 06:11:45
EVT-0001351,IF_MESPE_ORSC_001,MES,ORACLE_SCM,Kafka,Async,Success,,,,3160,SESS-A0425EA3AC,REQ-E7948A92E948,2026-09-15 13:38:29
EVT-0001368,IF_MESPE_ORSC_001,MES,ORACLE_SCM,Kafka,Async,Success,,,,2484,SESS-983F69AA41,REQ-B77B870E57AB,2026-09-12 06:28:34
EVT-0001371,IF_MESPC_PLMPD_001,MES,PLM,REST_API,REST,Success,,,,7508,SESS-89B8295A5A,REQ-AD78AC1DCCD4,2026-09-11 18:31:13
EVT-0001372,IF_MESPE_SAPPP_001,MES,SAP_ERP,Kafka,Async,Success,,,,729,SESS-0DF320D09A,REQ-8097A355F11A,2026-09-14 21:14:51
EVT-0001373,IF_MESPE_ORSC_001,MES,ORACLE_SCM,Kafka,Async,Success,,,,3082,SESS-841595CD07,REQ-9B9F654E19EA,2026-09-15 13:01:56
EVT-0001383,IF_MESPE_ORSC_001,MES,ORACLE_SCM,Kafka,Async,Success,,,,1935,SESS-37D3B00A8E,REQ-4A8D8B83BD2F,2026-09-14 23:36:26
EVT-0001384,IF_MESPE_ORSC_001,MES,ORACLE_SCM,Kafka,Async,Success,,,,2101,SESS-466D6329F7,REQ-814DF39C3E24,2026-09-11 07:02:44
EVT-0001386,IF_MESYM_SAPQM_001,MES,SAP_ERP,Kafka,Async,Success,,,,985,SESS-9DAEF39B1A,REQ-8A92AF59E424,2026-09-12 20:44:01
EVT-0001396,IF_MESYM_SAPQM_001,MES,SAP_ERP,Kafka,Async,Success,,,,1592,SESS-C67BF882FF,REQ-DC61DF2DF2DC,2026-09-11 23:53:46
EVT-0001400,IF_MESYM_SAPQM_001,MES,SAP_ERP,Kafka,Async,Retry,AUTH_401,Service credential rejected,Authentication,2211,SESS-87FB89EE92,REQ-5A3343FC0D14,2026-09-12 09:32:24
EVT-0001404,IF_MESYM_SAPQM_001,MES,SAP_ERP,Kafka,Async,Success,,,,1106,SESS-736B962289,REQ-EED766078384,2026-09-15 03:43:06
EVT-0001405,IF_MESPE_ORSC_001,MES,ORACLE_SCM,Kafka,Async,Success,,,,2497,SESS-F35A698A1D,REQ-34A83A51C3C3,2026-09-12 10:36:39
EVT-0001407,IF_MESPE_ORSC_001,MES,ORACLE_SCM,Kafka,Async,Success,,,,2788,SESS-7EBAE6D010,REQ-76872D1E2FE1,2026-09-15 17:26:52
EVT-0001409,IF_MESYM_SAPQM_001,MES,SAP_ERP,Kafka,Async,Success,,,,1183,SESS-C4C64908E0,REQ-BB7B28196066,2026-09-10 23:55:31
EVT-0001418,IF_MESPE_ORSC_001,MES,ORACLE_SCM,Kafka,Async,Success,,,,2356,SESS-5FBD80DC4D,REQ-7CB33611A539,2026-09-12 13:57:53
EVT-0001422,IF_MESYM_SAPQM_001,MES,SAP_ERP,Kafka,Async,Success,,,,1753,SESS-9CA9D048E5,REQ-00EB7301C806,2026-09-12 04:20:21
EVT-0001423,IF_MESYM_SAPQM_001,MES,SAP_ERP,Kafka,Async,Success,,,,1494,SESS-120F23BB0B,REQ-E7255539E934,2026-09-13 20:26:02
EVT-0001429,IF_MESPE_ORSC_001,MES,ORACLE_SCM,Kafka,Async,Success,,,,2156,SESS-3267318509,REQ-EC08890A245C,2026-09-14 15:32:32
EVT-0001439,IF_MESPC_PLMPD_001,MES,PLM,REST_API,REST,Success,,,,5534,SESS-5F0E4A5B5E,REQ-09C4B3E97767,2026-09-11 08:23:24
EVT-0001440,IF_MESYM_SAPQM_001,MES,SAP_ERP,Kafka,Async,Success,,,,1271,SESS-339D3906CA,REQ-D721C34C4DDC,2026-09-16 11:55:58
EVT-0001445,IF_MESPE_SAPPP_001,MES,SAP_ERP,Kafka,Async,Success,,,,616,SESS-97F0C001B0,REQ-3E650BE746BC,2026-09-15 08:48:21
EVT-0001456,IF_MESPC_PLMPD_001,MES,PLM,REST_API,REST,Success,,,,6501,SESS-2044942BC8,REQ-7FF6DA631FD4,2026-09-14 13:18:56
EVT-0001477,IF_MESPE_ORSC_001,MES,ORACLE_SCM,Kafka,Async,Success,,,,2109,SESS-A04C5CFD9E,REQ-A44E356CC914,2026-09-12 05:41:32
EVT-0001488,IF_MESPC_PLMPD_001,MES,PLM,REST_API,REST,Success,,,,3964,SESS-325D9F485C,REQ-6DF327862F70,2026-09-13 08:03:22
EVT-0001524,IF_MESPE_ORSC_001,MES,ORACLE_SCM,Kafka,Async,Success,,,,2718,SESS-3AC5C3A452,REQ-5C54FFF6A7FA,2026-09-16 15:06:15
EVT-0001529,IF_MESYM_SAPQM_001,MES,SAP_ERP,Kafka,Async,Success,,,,684,SESS-1EFBDF7D18,REQ-417E9AF4362B,2026-09-14 10:24:03
EVT-0001531,IF_MESYM_SAPQM_001,MES,SAP_ERP,Kafka,Async,Success,,,,1157,SESS-53699C7455,REQ-6935BE3828D9,2026-09-12 16:41:36
EVT-0001534,IF_MESPE_ORSC_001,MES,ORACLE_SCM,Kafka,Async,Success,,,,3279,SESS-5A9DDBD2E9,REQ-E2E64285DB03,2026-09-13 18:24:37
EVT-0001549,IF_MESPC_PLMPD_001,MES,PLM,REST_API,REST,Success,,,,6855,SESS-46F6C2C43C,REQ-4283D813CC35,2026-09-12 15:02:18
EVT-0001564,IF_MESPC_PLMPD_001,MES,PLM,REST_API,REST,Success,,,,7763,SESS-8B673C989D,REQ-066F5D4808BB,2026-09-15 17:23:47
EVT-0001567,IF_MESPE_SAPPP_001,MES,SAP_ERP,Kafka,Async,Success,,,,959,SESS-A6B64EC367,REQ-698683676959,2026-09-14 14:33:05
EVT-0001579,IF_MESPE_SAPPP_001,MES,SAP_ERP,Kafka,Async,Success,,,,1149,SESS-1E942DF498,REQ-867CC8E94562,2026-09-12 17:47:05
EVT-0001589,IF_MESYM_SAPQM_001,MES,SAP_ERP,Kafka,Async,Success,,,,1747,SESS-CCBF44A409,REQ-DA2ADDF8CAFA,2026-09-16 03:35:42
EVT-0001594,IF_MESPC_PLMPD_001,MES,PLM,REST_API,REST,Success,,,,7239,SESS-B903BCE142,REQ-B9C5789DA279,2026-09-16 23:01:02
EVT-0001595,IF_MESPC_PLMPD_001,MES,PLM,REST_API,REST,Success,,,,7031,SESS-3AA0C4EDE8,REQ-F31AC333D907,2026-09-11 06:50:49
EVT-0001607,IF_MESYM_SAPQM_001,MES,SAP_ERP,Kafka,Async,Retry,DB_COMMIT_014,Transaction commit failed,Database,2672,SESS-2731173651,REQ-08758C573F6C,2026-09-14 19:36:29
EVT-0001610,IF_MESPE_ORSC_001,MES,ORACLE_SCM,Kafka,Async,Retry,AUTHZ_403,Caller is not authorized,Authorization,7198,SESS-602CA15AC3,REQ-9D1513CED2B7,2026-09-11 02:12:08
EVT-0001611,IF_MESPE_ORSC_001,MES,ORACLE_SCM,Kafka,Async,Retry,VAL_400,Required business field failed validation,Validation,6542,SESS-1DE1DE5C5C,REQ-DBDC7EEE9B4D,2026-09-10 05:11:26
EVT-0001614,IF_MESPE_ORSC_001,MES,ORACLE_SCM,Kafka,Async,Success,,,,1433,SESS-B2E430707C,REQ-EF7078D82B25,2026-09-10 00:10:13
EVT-0001624,IF_MESYM_SAPQM_001,MES,SAP_ERP,Kafka,Async,Success,,,,1110,SESS-B79D58ABC2,REQ-DFE2F7BEC34E,2026-09-14 07:50:21
EVT-0001626,IF_MESPE_SAPPP_001,MES,SAP_ERP,Kafka,Async,Failed,AUTH_401,Service credential rejected,Authentication,5393,SESS-B963EA26DB,REQ-F0354C9EAE9A,2026-09-13 20:17:32
EVT-0001641,IF_MESYM_SAPQM_001,MES,SAP_ERP,Kafka,Async,Success,,,,1426,SESS-DD560A2162,REQ-457E36D8954D,2026-09-10 01:25:20
EVT-0001649,IF_MESPE_SAPPP_001,MES,SAP_ERP,Kafka,Async,Success,,,,950,SESS-4D8C36ABB3,REQ-FFDF24D9A8FB,2026-09-14 21:30:00
EVT-0001651,IF_MESYM_SAPQM_001,MES,SAP_ERP,Kafka,Async,Retry,TIME_004,Downstream response exceeded SLA,Timeout,3815,SESS-F80F449CDF,REQ-23E7E7E7FE39,2026-09-11 16:32:10
EVT-0001658,IF_MESPE_ORSC_001,MES,ORACLE_SCM,Kafka,Async,Success,,,,2004,SESS-F32F6473AB,REQ-3F9FB4E5562B,2026-09-15 07:46:51
EVT-0001660,IF_MESYM_SAPQM_001,MES,SAP_ERP,Kafka,Async,Success,,,,1488,SESS-5CA809BC55,REQ-7837F92B19EC,2026-09-11 08:30:06
EVT-0001662,IF_MESYM_SAPQM_001,MES,SAP_ERP,Kafka,Async,Success,,,,1237,SESS-7953432FCC,REQ-4918CB00B019,2026-09-13 11:31:39
EVT-0001663,IF_MESPE_SAPPP_001,MES,SAP_ERP,Kafka,Async,Success,,,,840,SESS-78762E87C3,REQ-ABB95E400B00,2026-09-15 02:06:49
EVT-0001669,IF_MESPC_PLMPD_001,MES,PLM,REST_API,REST,Success,,,,8863,SESS-B2F7179280,REQ-685F2AC569CA,2026-09-16 03:35:57
EVT-0001670,IF_MESPE_ORSC_001,MES,ORACLE_SCM,Kafka,Async,Success,,,,3678,SESS-466210BDC3,REQ-367AC3BE56D9,2026-09-10 10:14:53
EVT-0001672,IF_MESPE_ORSC_001,MES,ORACLE_SCM,Kafka,Async,Success,,,,2193,SESS-8B0B712F5B,REQ-68FB4302BAAE,2026-09-15 12:35:54
EVT-0001687,IF_MESPC_PLMPD_001,MES,PLM,REST_API,REST,Success,,,,5524,SESS-DEA1236631,REQ-497BDC2D9ABE,2026-09-13 05:49:43
EVT-0001689,IF_MESPC_PLMPD_001,MES,PLM,REST_API,REST,Retry,AUTH_401,Service credential rejected,Authentication,18924,SESS-67E35154B6,REQ-E696C6ABC429,2026-09-12 12:49:45
EVT-0001690,IF_MESPE_SAPPP_001,MES,SAP_ERP,Kafka,Async,Retry,CFG_017,Interface configuration mismatch,Configuration,1406,SESS-2C7ADE594F,REQ-3A2870472D05,2026-09-10 15:57:54
EVT-0001694,IF_MESPC_PLMPD_001,MES,PLM,REST_API,REST,Success,,,,6296,SESS-33873A073E,REQ-C95E58E62845,2026-09-15 13:19:33
EVT-0001698,IF_MESPC_PLMPD_001,MES,PLM,REST_API,REST,Success,,,,7710,SESS-4DF07C6536,REQ-FF4397662F06,2026-09-15 06:14:48
EVT-0001700,IF_MESYM_SAPQM_001,MES,SAP_ERP,Kafka,Async,Retry,EXT_502,Downstream service returned 502,External Service,2691,SESS-3F089E9107,REQ-6B1E8F4240DB,2026-09-16 11:20:13
EVT-0001703,IF_MESPE_ORSC_001,MES,ORACLE_SCM,Kafka,Async,Success,,,,1777,SESS-8CC382E19D,REQ-B07E11921838,2026-09-14 03:00:43
EVT-0001708,IF_MESPE_ORSC_001,MES,ORACLE_SCM,Kafka,Async,Success,,,,2207,SESS-353DA2B9FC,REQ-63F12D12C8ED,2026-09-16 01:36:51
EVT-0001720,IF_MESPE_SAPPP_001,MES,SAP_ERP,Kafka,Async,Success,,,,689,SESS-7AB5705554,REQ-3979D25EB3E7,2026-09-12 06:47:10
EVT-0001725,IF_MESYM_SAPQM_001,MES,SAP_ERP,Kafka,Async,Success,,,,1490,SESS-C0B722670F,REQ-300A2F0FA656,2026-09-11 15:54:37
EVT-0001743,IF_MESPC_PLMPD_001,MES,PLM,REST_API,REST,Failed,AUTH_401,Service credential rejected,Authentication,29513,SESS-39936A3247,REQ-C2186651BE91,2026-09-16 17:05:13
EVT-0001751,IF_MESPC_PLMPD_001,MES,PLM,REST_API,REST,Success,,,,8227,SESS-A076CED67A,REQ-DCA508244D4F,2026-09-12 13:30:08
EVT-0001757,IF_MESPC_PLMPD_001,MES,PLM,REST_API,REST,Success,,,,8968,SESS-10C8D0F12E,REQ-7E34D43D9F42,2026-09-15 19:42:48
EVT-0001768,IF_MESPE_ORSC_001,MES,ORACLE_SCM,Kafka,Async,Success,,,,3305,SESS-296CA76937,REQ-98FCC8BD802A,2026-09-11 02:02:56
EVT-0001771,IF_MESYM_SAPQM_001,MES,SAP_ERP,Kafka,Async,Retry,CAP_003,Downstream service is at capacity,Capacity,4726,SESS-8394559C92,REQ-B5895EEDA07E,2026-09-11 07:33:06
EVT-0001777,IF_MESPE_ORSC_001,MES,ORACLE_SCM,Kafka,Async,Failed,AUTHZ_403,Caller is not authorized,Authorization,15290,SESS-C6ADEA7C00,REQ-84F8F3F6FE0E,2026-09-16 06:22:11
EVT-0001779,IF_MESPE_SAPPP_001,MES,SAP_ERP,Kafka,Async,Success,,,,850,SESS-6BC723D00C,REQ-7E303C8739A4,2026-09-16 17:47:53
EVT-0001788,IF_MESPE_SAPPP_001,MES,SAP_ERP,Kafka,Async,Success,,,,1056,SESS-7FC67BC4B5,REQ-871840E1EABA,2026-09-11 16:23:12
EVT-0001796,IF_MESPE_SAPPP_001,MES,SAP_ERP,Kafka,Async,Success,,,,1001,SESS-235C0D5008,REQ-812379B3373A,2026-09-16 09:16:32
EVT-0001802,IF_MESPE_ORSC_001,MES,ORACLE_SCM,Kafka,Async,Success,,,,2341,SESS-585E89506A,REQ-A5D1026607CA,2026-09-14 17:09:09
EVT-0001813,IF_MESPE_SAPPP_001,MES,SAP_ERP,Kafka,Async,Success,,,,820,SESS-0FD1C466E4,REQ-171A836832FC,2026-09-16 02:57:54
EVT-0001814,IF_MESPC_PLMPD_001,MES,PLM,REST_API,REST,Success,,,,5867,SESS-4360DC72CF,REQ-3D900131A931,2026-09-13 03:36:33
EVT-0001828,IF_MESPE_ORSC_001,MES,ORACLE_SCM,Kafka,Async,Success,,,,2634,SESS-BB5E0D9E26,REQ-D3DA0A92FA6C,2026-09-10 15:44:03
EVT-0001846,IF_MESYM_SAPQM_001,MES,SAP_ERP,Kafka,Async,Retry,VAL_400,Required business field failed validation,Validation,4325,SESS-5A29D90BEE,REQ-6D65A19E2A23,2026-09-16 23:35:10
EVT-0001854,IF_MESPE_ORSC_001,MES,ORACLE_SCM,Kafka,Async,Success,,,,2391,SESS-76ADD882BD,REQ-9B2F8C1F40C5,2026-09-14 16:08:01
EVT-0001857,IF_MESPC_PLMPD_001,MES,PLM,REST_API,REST,Retry,INFRA_008,Runtime node unavailable,Infrastructure,26224,SESS-A4C8224D27,REQ-0C8F060D1B81,2026-09-15 06:30:12
EVT-0001866,IF_MESPC_PLMPD_001,MES,PLM,REST_API,REST,Success,,,,7240,SESS-A0B6484BBE,REQ-ADB0D57412E3,2026-09-13 17:49:57
EVT-0001878,IF_MESPC_PLMPD_001,MES,PLM,REST_API,REST,Success,,,,6984,SESS-2A1D8F54E7,REQ-2A2E18AE0902,2026-09-10 18:12:56
EVT-0001879,IF_MESPC_PLMPD_001,MES,PLM,REST_API,REST,Success,,,,3934,SESS-734AD01930,REQ-6EE2B693A9D6,2026-09-16 01:10:04
EVT-0001881,IF_MESPC_PLMPD_001,MES,PLM,REST_API,REST,Success,,,,5694,SESS-E2718D854E,REQ-EAA3A35A1860,2026-09-14 03:08:32
EVT-0001887,IF_MESPE_ORSC_001,MES,ORACLE_SCM,Kafka,Async,Success,,,,1944,SESS-2071C0FC20,REQ-68A3D38053E7,2026-09-11 12:29:24
EVT-0001888,IF_MESPE_SAPPP_001,MES,SAP_ERP,Kafka,Async,Success,,,,887,SESS-D51B9B470D,REQ-CF48AB87C7F7,2026-09-12 22:11:13
EVT-0001894,IF_MESPE_SAPPP_001,MES,SAP_ERP,Kafka,Async,Success,,,,795,SESS-6D807163BE,REQ-DAA06DE20D87,2026-09-11 14:51:45
EVT-0001900,IF_MESYM_SAPQM_001,MES,SAP_ERP,Kafka,Async,Success,,,,974,SESS-E0DA5E7109,REQ-A76515A476A7,2026-09-13 17:33:36
EVT-0001903,IF_MESPE_SAPPP_001,MES,SAP_ERP,Kafka,Async,Failed,DB_COMMIT_014,Transaction commit failed,Database,6826,SESS-05D4CE7697,REQ-B826EE6A2F72,2026-09-12 16:42:37
EVT-0001910,IF_MESPE_ORSC_001,MES,ORACLE_SCM,Kafka,Async,Success,,,,2510,SESS-8A9569A387,REQ-2D41EBA4E7CE,2026-09-14 22:41:52
EVT-0001920,IF_MESPE_SAPPP_001,MES,SAP_ERP,Kafka,Async,Success,,,,891,SESS-05D463A9F7,REQ-1F7CC56F5C86,2026-09-12 12:42:43
EVT-0001921,IF_MESPC_PLMPD_001,MES,PLM,REST_API,REST,Failed,AUTHZ_403,Caller is not authorized,Authorization,29505,SESS-5C88B47F90,REQ-014ADD8BB77F,2026-09-13 13:44:27
EVT-0001927,IF_MESYM_SAPQM_001,MES,SAP_ERP,Kafka,Async,Success,,,,1497,SESS-2EF3B4E851,REQ-1ED4C4ED19C5,2026-09-12 11:35:44
EVT-0001931,IF_MESYM_SAPQM_001,MES,SAP_ERP,Kafka,Async,Success,,,,1360,SESS-697ABCF6BD,REQ-500AFEED09AB,2026-09-16 05:03:13
EVT-0001933,IF_MESPE_ORSC_001,MES,ORACLE_SCM,Kafka,Async,Retry,DB_COMMIT_014,Transaction commit failed,Database,8880,SESS-D81623ED77,REQ-06B42CC8AA8D,2026-09-15 06:07:32
EVT-0001947,IF_MESPE_ORSC_001,MES,ORACLE_SCM,Kafka,Async,Success,,,,2458,SESS-A2258D87BD,REQ-E0B1982BDB9D,2026-09-10 02:42:08
EVT-0001954,IF_MESPC_PLMPD_001,MES,PLM,REST_API,REST,Success,,,,4108,SESS-45E809298D,REQ-73BCFD13A9C7,2026-09-14 14:46:00
EVT-0001960,IF_MESPC_PLMPD_001,MES,PLM,REST_API,REST,Failed,NET_CONN_003,Connection reset by peer,Network,30264,SESS-A112336C3C,REQ-3C3AB9EBD945,2026-09-11 18:17:00
EVT-0001962,IF_MESPC_PLMPD_001,MES,PLM,REST_API,REST,Retry,AUTHZ_403,Caller is not authorized,Authorization,15944,SESS-7A3397409A,REQ-B4D66F49F527,2026-09-16 07:24:11
EVT-0001988,IF_MESPE_ORSC_001,MES,ORACLE_SCM,Kafka,Async,Success,,,,2145,SESS-27733D5815,REQ-CC206D971736,2026-09-11 02:10:06
EVT-0001992,IF_MESYM_SAPQM_001,MES,SAP_ERP,Kafka,Async,Success,,,,871,SESS-23E5163A51,REQ-34220BA5E3E8,2026-09-10 10:06:32
EVT-0002000,IF_MESPC_PLMPD_001,MES,PLM,REST_API,REST,Success,,,,9110,SESS-56AC97CFCC,REQ-70A1E459533B,2026-09-16 01:46:25
EVT-0002005,IF_MESPE_ORSC_001,MES,ORACLE_SCM,Kafka,Async,Success,,,,3092,SESS-83B914F73E,REQ-E7D8F4C1E00C,2026-09-15 08:11:59
EVT-0002006,IF_MESPC_PLMPD_001,MES,PLM,REST_API,REST,Success,,,,5062,SESS-F00C8D743A,REQ-DB8C2F26A5DC,2026-09-16 13:00:44
EVT-0002015,IF_MESYM_SAPQM_001,MES,SAP_ERP,Kafka,Async,Success,,,,1412,SESS-4B687AB04C,REQ-D8939D915B8E,2026-09-11 13:56:27
EVT-0002017,IF_MESPE_ORSC_001,MES,ORACLE_SCM,Kafka,Async,Retry,AUTH_401,Service credential rejected,Authentication,5728,SESS-ED95148AE8,REQ-0E40AABDC8DA,2026-09-12 19:24:01
EVT-0002018,IF_MESPC_PLMPD_001,MES,PLM,REST_API,REST,Retry,NET_CONN_003,Connection reset by peer,Network,22589,SESS-C5DF269B3A,REQ-E99ECEF28FF2,2026-09-13 09:08:54
EVT-0002022,IF_MESPC_PLMPD_001,MES,PLM,REST_API,REST,Retry,VAL_400,Required business field failed validation,Validation,25485,SESS-A0E7BE521D,REQ-DFAF340AF79C,2026-09-11 17:30:54
EVT-0002024,IF_MESYM_SAPQM_001,MES,SAP_ERP,Kafka,Async,Success,,,,1550,SESS-5FE17C5332,REQ-06C12E25D318,2026-09-10 23:41:09
EVT-0002031,IF_MESPE_SAPPP_001,MES,SAP_ERP,Kafka,Async,Success,,,,716,SESS-6CDA0EC8B9,REQ-2C54F943CDBE,2026-09-12 08:49:21
EVT-0002041,IF_MESPC_PLMPD_001,MES,PLM,REST_API,REST,Success,,,,7089,SESS-6BCF2B11EC,REQ-A77CFC96B50C,2026-09-12 21:45:11
EVT-0002048,IF_MESPE_ORSC_001,MES,ORACLE_SCM,Kafka,Async,Success,,,,1857,SESS-CD82E5C7AD,REQ-B40784D439C0,2026-09-14 07:20:42
EVT-0002055,IF_MESPE_ORSC_001,MES,ORACLE_SCM,Kafka,Async,Success,,,,2795,SESS-39919E1D8E,REQ-D2F664F0D8DB,2026-09-12 21:22:28
EVT-0002064,IF_MESPE_ORSC_001,MES,ORACLE_SCM,Kafka,Async,Success,,,,2485,SESS-0F17644D4D,REQ-A59481A5334D,2026-09-13 14:09:22
EVT-0002073,IF_MESYM_SAPQM_001,MES,SAP_ERP,Kafka,Async,Success,,,,1394,SESS-5DBFDD6FF8,REQ-7D63F2E3E3C6,2026-09-12 09:03:33
EVT-0002082,IF_MESPE_ORSC_001,MES,ORACLE_SCM,Kafka,Async,Success,,,,1613,SESS-0AA8B97EA3,REQ-6AA1E8E96414,2026-09-11 01:23:48
EVT-0002089,IF_MESPC_PLMPD_001,MES,PLM,REST_API,REST,Success,,,,6667,SESS-6AE2A68EEB,REQ-F104BF7F2C9A,2026-09-10 22:15:00
EVT-0002102,IF_MESYM_SAPQM_001,MES,SAP_ERP,Kafka,Async,Success,,,,1491,SESS-0AC34BDB87,REQ-9C4B05AA2BAC,2026-09-12 11:22:37
EVT-0002106,IF_MESYM_SAPQM_001,MES,SAP_ERP,Kafka,Async,Success,,,,1276,SESS-882C0EB826,REQ-E30C942C98D4,2026-09-11 23:26:12
EVT-0002125,IF_MESYM_SAPQM_001,MES,SAP_ERP,Kafka,Async,Success,,,,1534,SESS-DDA3A7B934,REQ-3D190DE155F9,2026-09-10 14:20:00
EVT-0002130,IF_MESPE_ORSC_001,MES,ORACLE_SCM,Kafka,Async,Failed,CAP_003,Downstream service is at capacity,Capacity,4533,SESS-1B19E04965,REQ-17E86BC3E96B,2026-09-10 17:28:42
EVT-0002135,IF_MESPC_PLMPD_001,MES,PLM,REST_API,REST,Success,,,,7499,SESS-B6321CD2A3,REQ-25699175BB6E,2026-09-10 10:06:00
EVT-0002169,IF_MESPC_PLMPD_001,MES,PLM,REST_API,REST,Success,,,,5732,SESS-76BB131754,REQ-9739CC601EAB,2026-09-14 12:34:19
EVT-0002184,IF_MESYM_SAPQM_001,MES,SAP_ERP,Kafka,Async,Success,,,,823,SESS-7F68ABB780,REQ-17B32801223F,2026-09-15 03:55:08
EVT-0002189,IF_MESYM_SAPQM_001,MES,SAP_ERP,Kafka,Async,Success,,,,1648,SESS-D4D9A47FF0,REQ-1E12CDDC0BDF,2026-09-15 08:35:38
EVT-0002198,IF_MESYM_SAPQM_001,MES,SAP_ERP,Kafka,Async,Success,,,,1007,SESS-4DD864F009,REQ-D9B07743C9EE,2026-09-11 04:56:24
EVT-0002211,IF_MESYM_SAPQM_001,MES,SAP_ERP,Kafka,Async,Success,,,,1026,SESS-B14A38A047,REQ-D86CFB95AA90,2026-09-15 23:50:06
EVT-0002212,IF_MESPE_ORSC_001,MES,ORACLE_SCM,Kafka,Async,Success,,,,2734,SESS-BCCE3F48AC,REQ-ACC1AF7F47B9,2026-09-12 14:15:12
EVT-0002220,IF_MESPE_ORSC_001,MES,ORACLE_SCM,Kafka,Async,Success,,,,1938,SESS-BF22FED805,REQ-0256C42348B5,2026-09-16 16:20:22
EVT-0002235,IF_MESPE_ORSC_001,MES,ORACLE_SCM,Kafka,Async,Success,,,,1948,SESS-B524AB3D5E,REQ-F724940F1DB2,2026-09-12 02:34:14
EVT-0002238,IF_MESPE_ORSC_001,MES,ORACLE_SCM,Kafka,Async,Success,,,,2213,SESS-32B062066D,REQ-D49B2FF9A32C,2026-09-14 00:02:19
EVT-0002247,IF_MESPE_ORSC_001,MES,ORACLE_SCM,Kafka,Async,Success,,,,2217,SESS-0EC77A5C9D,REQ-C626431D2E64,2026-09-15 04:57:47
EVT-0002257,IF_MESPC_PLMPD_001,MES,PLM,REST_API,REST,Success,,,,9020,SESS-211B3CDEFD,REQ-3F316C9FFE9F,2026-09-14 07:42:55
EVT-0002258,IF_MESYM_SAPQM_001,MES,SAP_ERP,Kafka,Async,Success,,,,1147,SESS-FC6FE65EE5,REQ-481C28B79C7B,2026-09-11 07:24:25
EVT-0002270,IF_MESPE_SAPPP_001,MES,SAP_ERP,Kafka,Async,Failed,VAL_400,Required business field failed validation,Validation,6459,SESS-C540609206,REQ-2E38B43BFFE5,2026-09-11 09:48:36
EVT-0002274,IF_MESPE_ORSC_001,MES,ORACLE_SCM,Kafka,Async,Success,,,,2815,SESS-7F7A9D49FA,REQ-643708F34797,2026-09-10 06:53:29
EVT-0002282,IF_MESPE_ORSC_001,MES,ORACLE_SCM,Kafka,Async,Success,,,,1967,SESS-BB31332BC7,REQ-00EB5EEB8BBF,2026-09-11 02:29:34
EVT-0002284,IF_MESPE_ORSC_001,MES,ORACLE_SCM,Kafka,Async,Success,,,,3114,SESS-F1F982A5E4,REQ-75D65264E3B5,2026-09-14 19:40:03
EVT-0002295,IF_MESYM_SAPQM_001,MES,SAP_ERP,Kafka,Async,Retry,VAL_400,Required business field failed validation,Validation,2873,SESS-0B9A319D1F,REQ-D6ED65CFB6D5,2026-09-13 03:19:57
EVT-0002304,IF_MESPC_PLMPD_001,MES,PLM,REST_API,REST,Success,,,,7074,SESS-EDAB1CE2B4,REQ-14FE380F438A,2026-09-10 06:36:27
EVT-0002317,IF_MESPE_SAPPP_001,MES,SAP_ERP,Kafka,Async,Success,,,,913,SESS-60BBFEA89D,REQ-86DD3B1F56A7,2026-09-10 11:19:52
EVT-0002319,IF_MESPE_ORSC_001,MES,ORACLE_SCM,Kafka,Async,Success,,,,2045,SESS-A211A6F988,REQ-FBB9392E1A1B,2026-09-10 19:27:14
EVT-0002325,IF_MESPC_PLMPD_001,MES,PLM,REST_API,REST,Retry,NET_CONN_003,Connection reset by peer,Network,11473,SESS-4D65B6F0D9,REQ-015261004C6A,2026-09-14 02:04:17
EVT-0002326,IF_MESYM_SAPQM_001,MES,SAP_ERP,Kafka,Async,Success,,,,1457,SESS-D719565483,REQ-003B245395A0,2026-09-15 21:47:29
EVT-0002329,IF_MESPE_ORSC_001,MES,ORACLE_SCM,Kafka,Async,Success,,,,1962,SESS-B79D6D7A65,REQ-16A5133A3F90,2026-09-10 01:47:00
EVT-0002333,IF_MESPC_PLMPD_001,MES,PLM,REST_API,REST,Retry,AUTH_401,Service credential rejected,Authentication,19390,SESS-52E30591A5,REQ-1ADB6CFE68BB,2026-09-11 10:40:22
EVT-0002337,IF_MESYM_SAPQM_001,MES,SAP_ERP,Kafka,Async,Success,,,,1360,SESS-E0492751DD,REQ-5543E0C0AA75,2026-09-12 12:47:18
EVT-0002340,IF_MESYM_SAPQM_001,MES,SAP_ERP,Kafka,Async,Success,,,,982,SESS-20AB0D97F8,REQ-5891A706516E,2026-09-14 13:31:42
EVT-0002342,IF_MESYM_SAPQM_001,MES,SAP_ERP,Kafka,Async,Success,,,,1593,SESS-9535B012A9,REQ-280BA25F5481,2026-09-12 19:07:50
EVT-0002344,IF_MESPE_ORSC_001,MES,ORACLE_SCM,Kafka,Async,Success,,,,2379,SESS-2BADB72E56,REQ-EDE437314B3D,2026-09-16 21:50:47
EVT-0002348,IF_MESPE_SAPPP_001,MES,SAP_ERP,Kafka,Async,Success,,,,873,SESS-7271250070,REQ-CEBF32A2DE54,2026-09-10 21:30:47
EVT-0002349,IF_MESPC_PLMPD_001,MES,PLM,REST_API,REST,Success,,,,6406,SESS-A4BC0E73BB,REQ-6F0C6CAE8F32,2026-09-13 20:31:02
EVT-0002360,IF_MESPE_ORSC_001,MES,ORACLE_SCM,Kafka,Async,Success,,,,1420,SESS-81A96D26A9,REQ-48D1E2BBAEF7,2026-09-11 05:46:24
EVT-0002364,IF_MESPE_SAPPP_001,MES,SAP_ERP,Kafka,Async,Retry,INFRA_008,Runtime node unavailable,Infrastructure,2141,SESS-BA5FA65909,REQ-1744F7CF2DC9,2026-09-10 23:14:49
EVT-0002379,IF_MESPC_PLMPD_001,MES,PLM,REST_API,REST,Retry,TIME_004,Downstream response exceeded SLA,Timeout,18833,SESS-E8F659E11C,REQ-BBA07A71B987,2026-09-16 20:07:20
EVT-0002391,IF_MESPE_ORSC_001,MES,ORACLE_SCM,Kafka,Async,Success,,,,2737,SESS-20832468FA,REQ-BFF01EADA560,2026-09-13 11:29:37
EVT-0002395,IF_MESPE_SAPPP_001,MES,SAP_ERP,Kafka,Async,Success,,,,1025,SESS-48FDE70930,REQ-05C6EB02735D,2026-09-15 23:02:58
EVT-0002410,IF_MESPE_SAPPP_001,MES,SAP_ERP,Kafka,Async,Success,,,,834,SESS-EAA5C98DFA,REQ-1D4EB0B610CB,2026-09-12 10:19:37
EVT-0002425,IF_MESPE_ORSC_001,MES,ORACLE_SCM,Kafka,Async,Success,,,,1458,SESS-645240C867,REQ-EE14A3FCE59D,2026-09-11 23:35:51
EVT-0002428,IF_MESPE_ORSC_001,MES,ORACLE_SCM,Kafka,Async,Success,,,,2943,SESS-1BDDB4B863,REQ-D5B25365F0F6,2026-09-16 23:07:43
EVT-0002431,IF_MESPC_PLMPD_001,MES,PLM,REST_API,REST,Success,,,,3602,SESS-007A5D4CE5,REQ-C7E5EEDFCE08,2026-09-11 21:32:12
EVT-0002433,IF_MESPE_SAPPP_001,MES,SAP_ERP,Kafka,Async,Success,,,,761,SESS-3A8CF37A31,REQ-B8439940153D,2026-09-14 23:30:46
EVT-0002436,IF_MESPE_ORSC_001,MES,ORACLE_SCM,Kafka,Async,Success,,,,1860,SESS-CFA44C1CEB,REQ-90CBC4536CE3,2026-09-13 20:12:33
EVT-0002443,IF_MESYM_SAPQM_001,MES,SAP_ERP,Kafka,Async,Success,,,,1536,SESS-670AA7AA01,REQ-EBB29ADBE017,2026-09-16 21:30:30
EVT-0002445,IF_MESYM_SAPQM_001,MES,SAP_ERP,Kafka,Async,Success,,,,1803,SESS-D712D4D3C8,REQ-59F7DE65094E,2026-09-10 18:58:20
EVT-0002447,IF_MESPC_PLMPD_001,MES,PLM,REST_API,REST,Success,,,,5181,SESS-85C9223D2E,REQ-8625F5C9B4F5,2026-09-10 21:51:52
EVT-0002454,IF_MESPE_SAPPP_001,MES,SAP_ERP,Kafka,Async,Retry,CAP_003,Downstream service is at capacity,Capacity,3161,SESS-DD975BF5AD,REQ-2509F49AC568,2026-09-12 19:36:03
EVT-0002461,IF_MESPC_PLMPD_001,MES,PLM,REST_API,REST,Retry,DB_COMMIT_014,Transaction commit failed,Database,26225,SESS-4BAE10C940,REQ-AE73C991346F,2026-09-11 04:35:37
EVT-0002469,IF_MESYM_SAPQM_001,MES,SAP_ERP,Kafka,Async,Success,,,,1705,SESS-05B4CA3EC1,REQ-13C7E19E8D8C,2026-09-13 23:07:26
EVT-0002471,IF_MESPE_SAPPP_001,MES,SAP_ERP,Kafka,Async,Success,,,,801,SESS-DD2B17AEBE,REQ-F082E9AF098B,2026-09-15 14:38:44
EVT-0002482,IF_MESYM_SAPQM_001,MES,SAP_ERP,Kafka,Async,Failed,EXT_502,Downstream service returned 502,External Service,3356,SESS-73770B7B77,REQ-4236131E3672,2026-09-13 18:41:50
EVT-0002484,IF_MESPC_PLMPD_001,MES,PLM,REST_API,REST,Success,,,,7137,SESS-EF11F4F139,REQ-7B6A5346938E,2026-09-15 20:37:23
EVT-0002486,IF_MESYM_SAPQM_001,MES,SAP_ERP,Kafka,Async,Success,,,,1456,SESS-58C362EFC4,REQ-514CC6AC6E26,2026-09-16 16:03:22
EVT-0002505,IF_MESPC_PLMPD_001,MES,PLM,REST_API,REST,Success,,,,6133,SESS-0758216484,REQ-EB6940B140A1,2026-09-10 14:17:20
EVT-0002513,IF_MESPE_SAPPP_001,MES,SAP_ERP,Kafka,Async,Success,,,,698,SESS-B0F6CD50B3,REQ-6CAFB43D3BA0,2026-09-11 08:32:04
EVT-0002526,IF_MESPE_ORSC_001,MES,ORACLE_SCM,Kafka,Async,Success,,,,2352,SESS-D43AEE538F,REQ-60245063E87B,2026-09-14 01:45:21
EVT-0002528,IF_MESPC_PLMPD_001,MES,PLM,REST_API,REST,Retry,CFG_017,Interface configuration mismatch,Configuration,20699,SESS-5A32F05674,REQ-7D6C4BCEE45C,2026-09-10 20:24:57
EVT-0002529,IF_MESPC_PLMPD_001,MES,PLM,REST_API,REST,Success,,,,6603,SESS-89A0DBBDBC,REQ-D66AD5E5F161,2026-09-12 22:36:27
EVT-0002540,IF_MESPE_SAPPP_001,MES,SAP_ERP,Kafka,Async,Success,,,,541,SESS-93ED0CA0B6,REQ-B42F73349AC0,2026-09-14 08:57:20
EVT-0002547,IF_MESPE_SAPPP_001,MES,SAP_ERP,Kafka,Async,Success,,,,889,SESS-C656FAEA52,REQ-809FD9DB55CB,2026-09-11 00:13:05
EVT-0002548,IF_MESPE_ORSC_001,MES,ORACLE_SCM,Kafka,Async,Success,,,,1643,SESS-90B34B5582,REQ-DA546D81AA08,2026-09-10 12:11:46
EVT-0002559,IF_MESPE_SAPPP_001,MES,SAP_ERP,Kafka,Async,Success,,,,975,SESS-589B404882,REQ-C3338D993AFC,2026-09-11 17:43:29
EVT-0002574,IF_MESYM_SAPQM_001,MES,SAP_ERP,Kafka,Async,Success,,,,1519,SESS-2826BF8E6E,REQ-D6ADCBC09F18,2026-09-15 04:09:22
EVT-0002590,IF_MESPE_ORSC_001,MES,ORACLE_SCM,Kafka,Async,Success,,,,2009,SESS-37CE1DD588,REQ-1DD880AFC932,2026-09-14 07:34:06
EVT-0002592,IF_MESPE_ORSC_001,MES,ORACLE_SCM,Kafka,Async,Success,,,,2021,SESS-F487F22F40,REQ-8B72EBC83816,2026-09-12 19:57:26
EVT-0002598,IF_MESPE_ORSC_001,MES,ORACLE_SCM,Kafka,Async,Success,,,,1526,SESS-DC7FFE7A73,REQ-D85625FA3F26,2026-09-10 19:00:25
EVT-0002606,IF_MESPE_SAPPP_001,MES,SAP_ERP,Kafka,Async,Success,,,,995,SESS-FA94BFF84E,REQ-2D7ED76E7592,2026-09-14 00:54:36
EVT-0002631,IF_MESPC_PLMPD_001,MES,PLM,REST_API,REST,Failed,CFG_017,Interface configuration mismatch,Configuration,25756,SESS-6C9AEB8F74,REQ-8EE95D75EA7F,2026-09-14 07:34:15
EVT-0002652,IF_MESPE_ORSC_001,MES,ORACLE_SCM,Kafka,Async,Success,,,,2089,SESS-3773CBC960,REQ-D425F9E00B07,2026-09-16 12:15:32
EVT-0002656,IF_MESPE_ORSC_001,MES,ORACLE_SCM,Kafka,Async,Success,,,,2337,SESS-407D311813,REQ-17F8105CDC67,2026-09-11 08:17:48
EVT-0002658,IF_MESYM_SAPQM_001,MES,SAP_ERP,Kafka,Async,Retry,AUTH_401,Service credential rejected,Authentication,3466,SESS-87D8C4CA53,REQ-C952299B9F17,2026-09-14 17:13:57
EVT-0002675,IF_MESPC_PLMPD_001,MES,PLM,REST_API,REST,Success,,,,8094,SESS-6DDDF7306F,REQ-6E7643E61F75,2026-09-16 22:49:34
EVT-0002694,IF_MESPE_ORSC_001,MES,ORACLE_SCM,Kafka,Async,Success,,,,2188,SESS-5400C65D7A,REQ-0FE220E298AC,2026-09-16 10:16:37
EVT-0002696,IF_MESPE_ORSC_001,MES,ORACLE_SCM,Kafka,Async,Success,,,,2527,SESS-7939523F8D,REQ-B974E127E7D9,2026-09-12 03:07:23
EVT-0002706,IF_MESPE_SAPPP_001,MES,SAP_ERP,Kafka,Async,Success,,,,794,SESS-674E418954,REQ-3F1AB6E8116F,2026-09-13 11:51:12
EVT-0002712,IF_MESYM_SAPQM_001,MES,SAP_ERP,Kafka,Async,Success,,,,1496,SESS-D76BBDF416,REQ-E0CB952A721D,2026-09-10 19:54:42
EVT-0002713,IF_MESYM_SAPQM_001,MES,SAP_ERP,Kafka,Async,Retry,CFG_017,Interface configuration mismatch,Configuration,3192,SESS-EBD61EBD85,REQ-6F674FCBDD99,2026-09-12 08:30:29
EVT-0002715,IF_MESPE_ORSC_001,MES,ORACLE_SCM,Kafka,Async,Failed,CFG_017,Interface configuration mismatch,Configuration,4925,SESS-5F8F65B925,REQ-4FFFEB205A74,2026-09-14 12:57:14
EVT-0002721,IF_MESYM_SAPQM_001,MES,SAP_ERP,Kafka,Async,Success,,,,1235,SESS-9ADC7080C1,REQ-EB7EEBF08A70,2026-09-10 08:21:35
EVT-0002726,IF_MESPC_PLMPD_001,MES,PLM,REST_API,REST,Success,,,,5198,SESS-065C9C1E6C,REQ-841C2551B5C9,2026-09-12 06:49:40
EVT-0002729,IF_MESPE_ORSC_001,MES,ORACLE_SCM,Kafka,Async,Success,,,,2222,SESS-4EB6F5D7E3,REQ-2D1EF896FD94,2026-09-10 04:03:30
EVT-0002743,IF_MESPE_SAPPP_001,MES,SAP_ERP,Kafka,Async,Success,,,,1036,SESS-2C3BEC4934,REQ-F1CC3DBAA282,2026-09-13 17:23:49
EVT-0002746,IF_MESPE_SAPPP_001,MES,SAP_ERP,Kafka,Async,Success,,,,588,SESS-B9405CADA0,REQ-44B53EA10279,2026-09-14 04:25:19
EVT-0002750,IF_MESPC_PLMPD_001,MES,PLM,REST_API,REST,Success,,,,6357,SESS-8A2A609D7D,REQ-28F6600781DE,2026-09-10 00:07:14
EVT-0002754,IF_MESPC_PLMPD_001,MES,PLM,REST_API,REST,Success,,,,5831,SESS-8AD15B47BF,REQ-1F325A2AD298,2026-09-13 00:27:46
EVT-0002761,IF_MESPC_PLMPD_001,MES,PLM,REST_API,REST,Success,,,,7642,SESS-E89EBF45C5,REQ-FC924E3273F6,2026-09-13 22:55:41
EVT-0002762,IF_MESPE_SAPPP_001,MES,SAP_ERP,Kafka,Async,Retry,NET_CONN_003,Connection reset by peer,Network,2224,SESS-792C6E368D,REQ-BC43C7A23AD6,2026-09-14 16:31:23
EVT-0002768,IF_MESPC_PLMPD_001,MES,PLM,REST_API,REST,Success,,,,5926,SESS-5ECC784998,REQ-A65560DA9CA9,2026-09-14 08:53:06
EVT-0002769,IF_MESPC_PLMPD_001,MES,PLM,REST_API,REST,Success,,,,7827,SESS-44C3AED819,REQ-E91EF738754D,2026-09-10 21:32:01
EVT-0002782,IF_MESYM_SAPQM_001,MES,SAP_ERP,Kafka,Async,Success,,,,1816,SESS-D168754616,REQ-D1F7A5953E6B,2026-09-12 22:51:26
EVT-0002791,IF_MESPE_ORSC_001,MES,ORACLE_SCM,Kafka,Async,Success,,,,2741,SESS-E76C8D41DE,REQ-A5EF97985C1C,2026-09-12 11:05:16
EVT-0002799,IF_MESPC_PLMPD_001,MES,PLM,REST_API,REST,Success,,,,6743,SESS-D5389D3B91,REQ-67E35FEF32AD,2026-09-12 20:53:19
EVT-0002805,IF_MESPE_ORSC_001,MES,ORACLE_SCM,Kafka,Async,Success,,,,2803,SESS-71D918D4F8,REQ-97746080C27B,2026-09-15 14:17:06
EVT-0002811,IF_MESPE_ORSC_001,MES,ORACLE_SCM,Kafka,Async,Success,,,,1863,SESS-985A5AAC18,REQ-FB2CADBEF9D2,2026-09-10 19:45:57
EVT-0002819,IF_MESPE_ORSC_001,MES,ORACLE_SCM,Kafka,Async,Success,,,,2620,SESS-F3F5B92341,REQ-584CA01DD208,2026-09-12 23:38:53
EVT-0002821,IF_MESPE_ORSC_001,MES,ORACLE_SCM,Kafka,Async,Success,,,,1754,SESS-4FAA044C45,REQ-3C48706D9E2D,2026-09-13 00:17:28
EVT-0002822,IF_MESPC_PLMPD_001,MES,PLM,REST_API,REST,Success,,,,6690,SESS-3644D91CEF,REQ-E84378DE468A,2026-09-10 22:06:04
EVT-0002835,IF_MESPE_ORSC_001,MES,ORACLE_SCM,Kafka,Async,Success,,,,1787,SESS-220C06FB51,REQ-30FA45BBF92D,2026-09-10 10:36:29
EVT-0002839,IF_MESPE_ORSC_001,MES,ORACLE_SCM,Kafka,Async,Success,,,,2415,SESS-493401CCEA,REQ-63435D8A8E10,2026-09-12 09:17:37
EVT-0002849,IF_MESYM_SAPQM_001,MES,SAP_ERP,Kafka,Async,Success,,,,1819,SESS-29AC5E8C47,REQ-C32FA4C57705,2026-09-16 16:12:21
EVT-0002855,IF_MESPE_SAPPP_001,MES,SAP_ERP,Kafka,Async,Success,,,,908,SESS-8DD5D061D1,REQ-43E6EBD02E83,2026-09-10 08:35:15
EVT-0002857,IF_MESYM_SAPQM_001,MES,SAP_ERP,Kafka,Async,Failed,TIME_004,Downstream response exceeded SLA,Timeout,7647,SESS-59D01C3535,REQ-E9E9A8CE782C,2026-09-13 04:04:08
EVT-0002859,IF_MESPE_SAPPP_001,MES,SAP_ERP,Kafka,Async,Retry,DB_COMMIT_014,Transaction commit failed,Database,3415,SESS-3AB3CEE9D2,REQ-B866E53EAAA2,2026-09-13 23:30:02
EVT-0002862,IF_MESPE_ORSC_001,MES,ORACLE_SCM,Kafka,Async,Success,,,,2403,SESS-C8CBB57484,REQ-1860C0EEF89D,2026-09-15 01:55:55
EVT-0002877,IF_MESYM_SAPQM_001,MES,SAP_ERP,Kafka,Async,Success,,,,1200,SESS-1C33C91513,REQ-89A2C3EBEC08,2026-09-16 12:40:23
EVT-0002878,IF_MESYM_SAPQM_001,MES,SAP_ERP,Kafka,Async,Success,,,,1328,SESS-8C41A34D4F,REQ-644124D542AB,2026-09-13 13:15:59
EVT-0002881,IF_MESPE_SAPPP_001,MES,SAP_ERP,Kafka,Async,Success,,,,728,SESS-04338223AB,REQ-F429FAFCAADF,2026-09-15 11:49:20
EVT-0002885,IF_MESYM_SAPQM_001,MES,SAP_ERP,Kafka,Async,Success,,,,947,SESS-96028CF1F8,REQ-929D184BFF78,2026-09-11 02:55:42
EVT-0002886,IF_MESPE_SAPPP_001,MES,SAP_ERP,Kafka,Async,Success,,,,868,SESS-D9F2038100,REQ-0F3B19E0354F,2026-09-15 03:13:24
EVT-0002897,IF_MESPE_SAPPP_001,MES,SAP_ERP,Kafka,Async,Success,,,,741,SESS-AB7E9C635D,REQ-CD3523E845F8,2026-09-12 23:08:53
EVT-0002898,IF_MESPE_ORSC_001,MES,ORACLE_SCM,Kafka,Async,Success,,,,2801,SESS-11A05DFBC5,REQ-3A64CB95B714,2026-09-14 04:52:02
EVT-0002914,IF_MESYM_SAPQM_001,MES,SAP_ERP,Kafka,Async,Retry,TIME_004,Downstream response exceeded SLA,Timeout,3838,SESS-483BFC74F3,REQ-31D51C64F7AD,2026-09-12 07:45:24
EVT-0002917,IF_MESYM_SAPQM_001,MES,SAP_ERP,Kafka,Async,Success,,,,1067,SESS-6F16A8F41C,REQ-172A023BF95D,2026-09-14 00:23:39
EVT-0002918,IF_MESYM_SAPQM_001,MES,SAP_ERP,Kafka,Async,Success,,,,1429,SESS-E05A49587A,REQ-C0C7C3CD7FA4,2026-09-16 09:40:27
EVT-0002921,IF_MESPE_ORSC_001,MES,ORACLE_SCM,Kafka,Async,Success,,,,2062,SESS-9051EBB829,REQ-FB5A1CDDC65C,2026-09-15 05:08:48
EVT-0002930,IF_MESPC_PLMPD_001,MES,PLM,REST_API,REST,Success,,,,5843,SESS-6DBE88E678,REQ-FAE5F8F4A6B4,2026-09-13 01:16:49
EVT-0002939,IF_MESPE_SAPPP_001,MES,SAP_ERP,Kafka,Async,Success,,,,1313,SESS-EC8D05C734,REQ-98E596739B92,2026-09-14 21:42:53
EVT-0002944,IF_MESPE_SAPPP_001,MES,SAP_ERP,Kafka,Async,Success,,,,797,SESS-1E2D7800E7,REQ-70CF6B86E385,2026-09-11 03:08:41
EVT-0002949,IF_MESPE_SAPPP_001,MES,SAP_ERP,Kafka,Async,Success,,,,824,SESS-6C09015E01,REQ-5D76A83879E5,2026-09-14 03:55:25
EVT-0002950,IF_MESPE_SAPPP_001,MES,SAP_ERP,Kafka,Async,Failed,NET_CONN_003,Connection reset by peer,Network,1632,SESS-FD5E1BF291,REQ-526938D7D630,2026-09-11 05:29:46
EVT-0002969,IF_MESPC_PLMPD_001,MES,PLM,REST_API,REST,Failed,VAL_400,Required business field failed validation,Validation,13487,SESS-7AE4626036,REQ-512919177340,2026-09-15 18:40:11
EVT-0002971,IF_MESYM_SAPQM_001,MES,SAP_ERP,Kafka,Async,Success,,,,1208,SESS-50AC08CFC2,REQ-D07CC0059A91,2026-09-14 07:25:12
EVT-0002982,IF_MESPC_PLMPD_001,MES,PLM,REST_API,REST,Success,,,,6271,SESS-FCA020F86E,REQ-4F7FA4B48E07,2026-09-14 11:11:40
EVT-0002994,IF_MESPC_PLMPD_001,MES,PLM,REST_API,REST,Success,,,,8265,SESS-B0F1933D11,REQ-AB8D9C61C16F,2026-09-10 21:09:40
EVT-0002997,IF_MESPE_SAPPP_001,MES,SAP_ERP,Kafka,Async,Retry,CFG_017,Interface configuration mismatch,Configuration,2185,SESS-0449E82B02,REQ-08993D28559C,2026-09-12 04:20:15
EVT-0002999,IF_MESYM_SAPQM_001,MES,SAP_ERP,Kafka,Async,Success,,,,1649,SESS-D1608B589B,REQ-A4BCBC578AEA,2026-09-14 19:22:58
EVT-0003011,IF_MESPC_PLMPD_001,MES,PLM,REST_API,REST,Success,,,,6070,SESS-D024E6C53D,REQ-25A56B2215E3,2026-09-14 18:59:11
EVT-0003013,IF_MESPC_PLMPD_001,MES,PLM,REST_API,REST,Success,,,,6700,SESS-59CD5B1363,REQ-D2C7E04768ED,2026-09-14 04:06:08
EVT-0003015,IF_MESPC_PLMPD_001,MES,PLM,REST_API,REST,Success,,,,6902,SESS-71FC52FC13,REQ-9F5348CAA398,2026-09-13 02:31:24
EVT-0003025,IF_MESPE_ORSC_001,MES,ORACLE_SCM,Kafka,Async,Failed,AUTH_401,Service credential rejected,Authentication,16999,SESS-DB828CE148,REQ-A90F5AE5FF39,2026-09-12 01:49:46
EVT-0003026,IF_MESPE_SAPPP_001,MES,SAP_ERP,Kafka,Async,Success,,,,703,SESS-B5D9645AB1,REQ-885B8CA44431,2026-09-16 19:18:54
EVT-0003033,IF_MESPE_ORSC_001,MES,ORACLE_SCM,Kafka,Async,Failed,AUTHZ_403,Caller is not authorized,Authorization,9646,SESS-A24BE76158,REQ-1D2167E9AEFD,2026-09-10 21:20:57
EVT-0003039,IF_MESPE_ORSC_001,MES,ORACLE_SCM,Kafka,Async,Success,,,,3526,SESS-675375E3BB,REQ-C58DF2AF806F,2026-09-11 08:22:09
EVT-0003043,IF_MESPE_ORSC_001,MES,ORACLE_SCM,Kafka,Async,Success,,,,3221,SESS-F82C1C354E,REQ-481FE0CEA15E,2026-09-16 14:00:04
EVT-0003066,IF_MESPC_PLMPD_001,MES,PLM,REST_API,REST,Success,,,,6004,SESS-9FB60517A4,REQ-E401E9AD3915,2026-09-13 17:08:06
EVT-0003067,IF_MESPC_PLMPD_001,MES,PLM,REST_API,REST,Retry,INFRA_008,Runtime node unavailable,Infrastructure,11001,SESS-FDEBE49463,REQ-DB54FFC7753D,2026-09-15 12:30:44
EVT-0003085,IF_MESYM_SAPQM_001,MES,SAP_ERP,Kafka,Async,Success,,,,1563,SESS-909212A45B,REQ-AC0BCFD9CF8A,2026-09-12 07:21:28
EVT-0003091,IF_MESPE_SAPPP_001,MES,SAP_ERP,Kafka,Async,Success,,,,865,SESS-17255DFC38,REQ-9CA8DBDD3E99,2026-09-12 20:31:04
EVT-0003106,IF_MESPE_ORSC_001,MES,ORACLE_SCM,Kafka,Async,Success,,,,2506,SESS-EA2FC3F68F,REQ-027EB2853917,2026-09-15 12:01:26
EVT-0003123,IF_MESPE_ORSC_001,MES,ORACLE_SCM,Kafka,Async,Success,,,,1964,SESS-3E19A9F467,REQ-2631098E1556,2026-09-16 23:03:16
EVT-0003125,IF_MESPE_SAPPP_001,MES,SAP_ERP,Kafka,Async,Success,,,,1085,SESS-D672A41150,REQ-9D1E59B637F0,2026-09-10 22:03:46
EVT-0003135,IF_MESYM_SAPQM_001,MES,SAP_ERP,Kafka,Async,Success,,,,1643,SESS-5FB9E24E8F,REQ-C71E22FDC41A,2026-09-14 04:51:37
EVT-0003136,IF_MESYM_SAPQM_001,MES,SAP_ERP,Kafka,Async,Success,,,,1457,SESS-B5568ADB53,REQ-8E6E75005848,2026-09-13 03:06:09
EVT-0003142,IF_MESPE_SAPPP_001,MES,SAP_ERP,Kafka,Async,Success,,,,1013,SESS-C52ACF2582,REQ-F119D8060E01,2026-09-16 04:19:57
EVT-0003147,IF_MESPE_ORSC_001,MES,ORACLE_SCM,Kafka,Async,Success,,,,2574,SESS-FCC3327BD6,REQ-A704EDA13D9C,2026-09-16 02:19:06
EVT-0003152,IF_MESPE_SAPPP_001,MES,SAP_ERP,Kafka,Async,Success,,,,916,SESS-45555D0572,REQ-DE06D5FC8DA2,2026-09-10 21:37:36
EVT-0003153,IF_MESPC_PLMPD_001,MES,PLM,REST_API,REST,Success,,,,5429,SESS-D09ECACFA9,REQ-AF219904BF9D,2026-09-16 02:13:02
EVT-0003156,IF_MESPC_PLMPD_001,MES,PLM,REST_API,REST,Success,,,,5125,SESS-1A150FBE93,REQ-C2122C0F915D,2026-09-15 22:26:52
EVT-0003158,IF_MESPE_SAPPP_001,MES,SAP_ERP,Kafka,Async,Success,,,,987,SESS-70DD61A6DB,REQ-F928BA880D4D,2026-09-13 03:42:51
EVT-0003176,IF_MESYM_SAPQM_001,MES,SAP_ERP,Kafka,Async,Retry,NET_CONN_003,Connection reset by peer,Network,4780,SESS-05D7F9E45C,REQ-76528F76DCDF,2026-09-10 01:46:07
EVT-0003190,IF_MESPE_SAPPP_001,MES,SAP_ERP,Kafka,Async,Success,,,,807,SESS-3D7592B524,REQ-0CF8FB998DC7,2026-09-16 02:17:16
EVT-0003193,IF_MESPE_SAPPP_001,MES,SAP_ERP,Kafka,Async,Failed,NET_CONN_003,Connection reset by peer,Network,7039,SESS-66DE97019A,REQ-8D524E4BFCC3,2026-09-13 23:38:02
EVT-0003196,IF_MESPC_PLMPD_001,MES,PLM,REST_API,REST,Success,,,,6713,SESS-1C45AF6DA2,REQ-392EFCF76245,2026-09-11 17:16:09
EVT-0003204,IF_MESPE_SAPPP_001,MES,SAP_ERP,Kafka,Async,Success,,,,541,SESS-4D546303F1,REQ-D7F89243BBC6,2026-09-13 16:34:34
EVT-0003212,IF_MESPE_SAPPP_001,MES,SAP_ERP,Kafka,Async,Success,,,,769,SESS-5EC8969591,REQ-92752CB75C9D,2026-09-16 02:57:00
EVT-0003216,IF_MESPE_SAPPP_001,MES,SAP_ERP,Kafka,Async,Success,,,,1088,SESS-A082EDA6CD,REQ-D09924890528,2026-09-10 13:35:32
EVT-0003217,IF_MESYM_SAPQM_001,MES,SAP_ERP,Kafka,Async,Success,,,,1628,SESS-29238689BA,REQ-E0E5E4693CE2,2026-09-16 11:57:59
EVT-0003218,IF_MESYM_SAPQM_001,MES,SAP_ERP,Kafka,Async,Success,,,,1371,SESS-833A4EC0D2,REQ-0F9BF3131062,2026-09-12 08:03:49
EVT-0003220,IF_MESPE_ORSC_001,MES,ORACLE_SCM,Kafka,Async,Success,,,,2442,SESS-B195C7935E,REQ-3E692C2D7058,2026-09-10 03:52:19
EVT-0003224,IF_MESPE_SAPPP_001,MES,SAP_ERP,Kafka,Async,Success,,,,1021,SESS-F629812003,REQ-D7B4679E0679,2026-09-15 22:14:33
EVT-0003230,IF_MESPE_ORSC_001,MES,ORACLE_SCM,Kafka,Async,Success,,,,1798,SESS-288161202B,REQ-BE1D10EC5C53,2026-09-10 22:22:23
EVT-0003239,IF_MESYM_SAPQM_001,MES,SAP_ERP,Kafka,Async,Success,,,,1346,SESS-DCD83EC1E7,REQ-E16386B0CB18,2026-09-15 14:15:05
EVT-0003245,IF_MESPE_SAPPP_001,MES,SAP_ERP,Kafka,Async,Success,,,,492,SESS-B32AEBB3C3,REQ-632AF3C3F1B0,2026-09-13 02:11:54
EVT-0003247,IF_MESPE_SAPPP_001,MES,SAP_ERP,Kafka,Async,Success,,,,525,SESS-C52E6EBBCB,REQ-473A1B14FC02,2026-09-13 21:54:56
EVT-0003249,IF_MESPE_ORSC_001,MES,ORACLE_SCM,Kafka,Async,Success,,,,2314,SESS-02C91D6B4E,REQ-7CD3FBA157E4,2026-09-13 11:28:00
EVT-0003251,IF_MESYM_SAPQM_001,MES,SAP_ERP,Kafka,Async,Success,,,,1868,SESS-EB8BB9C649,REQ-56B1F6B6FB28,2026-09-14 12:41:00
EVT-0003260,IF_MESYM_SAPQM_001,MES,SAP_ERP,Kafka,Async,Failed,AUTHZ_403,Caller is not authorized,Authorization,8993,SESS-66E7674D73,REQ-0D12AA6BE936,2026-09-16 23:33:04
EVT-0003281,IF_MESPE_ORSC_001,MES,ORACLE_SCM,Kafka,Async,Success,,,,2368,SESS-A84B3C6956,REQ-9D9B87B636E5,2026-09-14 05:57:39
EVT-0003283,IF_MESPC_PLMPD_001,MES,PLM,REST_API,REST,Success,,,,8234,SESS-784F7D8C9F,REQ-176003829EFE,2026-09-15 17:26:49
EVT-0003301,IF_MESPE_SAPPP_001,MES,SAP_ERP,Kafka,Async,Failed,INFRA_008,Runtime node unavailable,Infrastructure,7372,SESS-5DB36D5167,REQ-0A330A3A48B7,2026-09-16 19:57:58
EVT-0003302,IF_MESPE_ORSC_001,MES,ORACLE_SCM,Kafka,Async,Success,,,,2789,SESS-6DAC59FA7B,REQ-548249D891D3,2026-09-13 03:38:00
EVT-0003334,IF_MESYM_SAPQM_001,MES,SAP_ERP,Kafka,Async,Success,,,,1572,SESS-88E4DC25C2,REQ-EDEDEE49DCFE,2026-09-12 05:20:37
EVT-0003338,IF_MESPE_ORSC_001,MES,ORACLE_SCM,Kafka,Async,Success,,,,2789,SESS-226108C98A,REQ-F2A48B5C0015,2026-09-15 15:31:19
EVT-0003354,IF_MESPE_ORSC_001,MES,ORACLE_SCM,Kafka,Async,Success,,,,2414,SESS-7F5B0046A5,REQ-52900402DA9B,2026-09-16 00:27:29
EVT-0003357,IF_MESPE_ORSC_001,MES,ORACLE_SCM,Kafka,Async,Success,,,,2556,SESS-D1902E2A60,REQ-E15F2920909A,2026-09-14 16:13:30
EVT-0003359,IF_MESYM_SAPQM_001,MES,SAP_ERP,Kafka,Async,Retry,TIME_004,Downstream response exceeded SLA,Timeout,4078,SESS-5A89A5B562,REQ-33604F5DB5A9,2026-09-16 03:49:23
EVT-0003360,IF_MESPE_ORSC_001,MES,ORACLE_SCM,Kafka,Async,Success,,,,2408,SESS-E272B8DD7C,REQ-C1CC0DFEF1AE,2026-09-11 17:35:59
EVT-0003361,IF_MESPC_PLMPD_001,MES,PLM,REST_API,REST,Success,,,,3276,SESS-5213488C79,REQ-33C0DE459A2E,2026-09-14 22:20:07
EVT-0003387,IF_MESPE_SAPPP_001,MES,SAP_ERP,Kafka,Async,Success,,,,757,SESS-F27C50E785,REQ-F0D29C5A6F12,2026-09-14 23:07:37
EVT-0003391,IF_MESPE_SAPPP_001,MES,SAP_ERP,Kafka,Async,Success,,,,743,SESS-3F6D352B54,REQ-5D44269B0194,2026-09-15 13:41:26
EVT-0003392,IF_MESPE_ORSC_001,MES,ORACLE_SCM,Kafka,Async,Success,,,,2609,SESS-0E854F512B,REQ-3DEC0169479C,2026-09-14 21:56:41
EVT-0003396,IF_MESPE_SAPPP_001,MES,SAP_ERP,Kafka,Async,Success,,,,1005,SESS-EF44446635,REQ-C8C536CD723F,2026-09-12 06:15:35
EVT-0003399,IF_MESPE_ORSC_001,MES,ORACLE_SCM,Kafka,Async,Success,,,,2390,SESS-A063AB5AB0,REQ-D4AF81E044E6,2026-09-14 00:04:07
EVT-0003407,IF_MESYM_SAPQM_001,MES,SAP_ERP,Kafka,Async,Retry,AUTHZ_403,Caller is not authorized,Authorization,2907,SESS-CE9C8F5969,REQ-7C5739EC85D3,2026-09-10 02:15:21
EVT-0003426,IF_MESPE_ORSC_001,MES,ORACLE_SCM,Kafka,Async,Success,,,,1879,SESS-5492843223,REQ-C520FFB3B7B4,2026-09-14 21:37:31
EVT-0003432,IF_MESPE_SAPPP_001,MES,SAP_ERP,Kafka,Async,Success,,,,1066,SESS-1C59FFEE26,REQ-B9D909DEA79E,2026-09-10 14:24:12
EVT-0003446,IF_MESPE_ORSC_001,MES,ORACLE_SCM,Kafka,Async,Success,,,,2624,SESS-57AA1E379F,REQ-410E64D17A87,2026-09-10 23:11:46
EVT-0003447,IF_MESPE_ORSC_001,MES,ORACLE_SCM,Kafka,Async,Success,,,,2700,SESS-8B5CA2E7B7,REQ-976578ED7644,2026-09-12 09:00:52
EVT-0003449,IF_MESPE_SAPPP_001,MES,SAP_ERP,Kafka,Async,Failed,EXT_502,Downstream service returned 502,External Service,2399,SESS-4B579E7208,REQ-45B31AA7DECE,2026-09-15 23:08:09
EVT-0003457,IF_MESPE_SAPPP_001,MES,SAP_ERP,Kafka,Async,Success,,,,732,SESS-AB4A597D1A,REQ-CBC618F81F39,2026-09-10 00:55:30
EVT-0003458,IF_MESPE_SAPPP_001,MES,SAP_ERP,Kafka,Async,Success,,,,857,SESS-78CF32D3DA,REQ-C2ECDF60D5B4,2026-09-13 00:53:16
EVT-0003461,IF_MESPE_ORSC_001,MES,ORACLE_SCM,Kafka,Async,Retry,AUTH_401,Service credential rejected,Authentication,6177,SESS-CD890E3449,REQ-DB3FCD06D49D,2026-09-14 01:42:46
EVT-0003489,IF_MESPE_SAPPP_001,MES,SAP_ERP,Kafka,Async,Retry,AUTHZ_403,Caller is not authorized,Authorization,2772,SESS-9137C6612E,REQ-0FCCBC3B9779,2026-09-15 12:48:05
EVT-0003508,IF_MESPC_PLMPD_001,MES,PLM,REST_API,REST,Success,,,,7762,SESS-4509E141CF,REQ-275EFD69DD11,2026-09-15 23:27:09
EVT-0003511,IF_MESPE_SAPPP_001,MES,SAP_ERP,Kafka,Async,Success,,,,1028,SESS-575E17E67D,REQ-43F6828CAAFD,2026-09-13 06:58:10
EVT-0003512,IF_MESYM_SAPQM_001,MES,SAP_ERP,Kafka,Async,Success,,,,1098,SESS-A236118691,REQ-92B1FE113974,2026-09-10 04:14:49
EVT-0003515,IF_MESPE_ORSC_001,MES,ORACLE_SCM,Kafka,Async,Success,,,,2882,SESS-B3E4C0E4B5,REQ-BA4F5E88209F,2026-09-14 22:53:09
EVT-0003516,IF_MESPC_PLMPD_001,MES,PLM,REST_API,REST,Success,,,,6132,SESS-2DD0A83BE7,REQ-4E23ABDA4C5B,2026-09-14 19:16:58
EVT-0003536,IF_MESPE_ORSC_001,MES,ORACLE_SCM,Kafka,Async,Success,,,,1935,SESS-5564C96EEA,REQ-067C094BD3B2,2026-09-15 08:34:09
EVT-0003550,IF_MESYM_SAPQM_001,MES,SAP_ERP,Kafka,Async,Success,,,,1613,SESS-83BDEC64EB,REQ-5B20AD8FF64C,2026-09-10 18:27:06
EVT-0003553,IF_MESYM_SAPQM_001,MES,SAP_ERP,Kafka,Async,Success,,,,1733,SESS-4324020FC2,REQ-5AFEAC607A49,2026-09-14 14:09:22
EVT-0003560,IF_MESPE_SAPPP_001,MES,SAP_ERP,Kafka,Async,Success,,,,690,SESS-E8691893F6,REQ-8D5582B3A7DA,2026-09-16 22:01:04
EVT-0003561,IF_MESPC_PLMPD_001,MES,PLM,REST_API,REST,Failed,VAL_400,Required business field failed validation,Validation,40251,SESS-A4C5F5AB14,REQ-9D83C8049930,2026-09-11 06:37:44
EVT-0003565,IF_MESPC_PLMPD_001,MES,PLM,REST_API,REST,Success,,,,5340,SESS-CE49D4F1D8,REQ-5B04B28F59B4,2026-09-12 02:21:16
EVT-0003586,IF_MESYM_SAPQM_001,MES,SAP_ERP,Kafka,Async,Success,,,,1675,SESS-2A6ABDB6E2,REQ-E1138969D530,2026-09-16 21:14:38
EVT-0003594,IF_MESYM_SAPQM_001,MES,SAP_ERP,Kafka,Async,Success,,,,1400,SESS-8FC8223666,REQ-BC8BD33C0B2D,2026-09-16 11:04:41
EVT-0003595,IF_MESYM_SAPQM_001,MES,SAP_ERP,Kafka,Async,Success,,,,1235,SESS-FAB0BC816B,REQ-7271E77BBD97,2026-09-16 00:00:38
EVT-0003606,IF_MESPE_ORSC_001,MES,ORACLE_SCM,Kafka,Async,Failed,CAP_003,Downstream service is at capacity,Capacity,18701,SESS-C37F2824C4,REQ-13A3A141AFE2,2026-09-13 13:37:23
EVT-0003609,IF_MESYM_SAPQM_001,MES,SAP_ERP,Kafka,Async,Success,,,,1676,SESS-890711092D,REQ-B19B9757E3CA,2026-09-10 23:59:01
EVT-0003615,IF_MESPE_ORSC_001,MES,ORACLE_SCM,Kafka,Async,Success,,,,2736,SESS-C1D4D0A425,REQ-1711F1C4EFE4,2026-09-14 15:47:13
EVT-0003617,IF_MESPE_SAPPP_001,MES,SAP_ERP,Kafka,Async,Success,,,,706,SESS-CA58192E61,REQ-CA4CF1858FC6,2026-09-12 14:05:22
EVT-0003624,IF_MESPE_SAPPP_001,MES,SAP_ERP,Kafka,Async,Success,,,,1022,SESS-F9CD834C55,REQ-6C5F35260737,2026-09-11 06:27:15
EVT-0003629,IF_MESPE_ORSC_001,MES,ORACLE_SCM,Kafka,Async,Success,,,,1552,SESS-12CF026A30,REQ-456C758A1AFF,2026-09-16 11:55:25
EVT-0003635,IF_MESPE_SAPPP_001,MES,SAP_ERP,Kafka,Async,Success,,,,625,SESS-4DC71418AE,REQ-CD4C8A858CD0,2026-09-11 17:17:53
EVT-0003639,IF_MESPE_SAPPP_001,MES,SAP_ERP,Kafka,Async,Success,,,,1018,SESS-E46FC8236B,REQ-08E9919112D2,2026-09-10 22:21:29
EVT-0003642,IF_MESPE_SAPPP_001,MES,SAP_ERP,Kafka,Async,Success,,,,833,SESS-1A5D61A0B5,REQ-968DB7B538A9,2026-09-13 10:46:27
EVT-0003645,IF_MESPE_SAPPP_001,MES,SAP_ERP,Kafka,Async,Success,,,,994,SESS-4DE8CE3561,REQ-600AC22EF81C,2026-09-15 13:06:59
EVT-0003649,IF_MESPC_PLMPD_001,MES,PLM,REST_API,REST,Success,,,,9188,SESS-6D3020EDDD,REQ-5A93B52ED343,2026-09-11 06:21:33
EVT-0003665,IF_MESPE_ORSC_001,MES,ORACLE_SCM,Kafka,Async,Success,,,,3164,SESS-E184D4FCF6,REQ-EC72967D356F,2026-09-11 08:16:06
EVT-0003667,IF_MESPC_PLMPD_001,MES,PLM,REST_API,REST,Failed,CFG_017,Interface configuration mismatch,Configuration,9077,SESS-E64A1C1D02,REQ-0339C3043E4B,2026-09-14 22:08:32
EVT-0003671,IF_MESPC_PLMPD_001,MES,PLM,REST_API,REST,Success,,,,8206,SESS-3DA95F1AF5,REQ-6BA10B2D0228,2026-09-12 15:49:35
EVT-0003693,IF_MESYM_SAPQM_001,MES,SAP_ERP,Kafka,Async,Success,,,,1557,SESS-547C9DFDC1,REQ-2E63D6B18B3B,2026-09-11 21:24:00
EVT-0003710,IF_MESYM_SAPQM_001,MES,SAP_ERP,Kafka,Async,Success,,,,1430,SESS-163C637F44,REQ-62E8ED101D27,2026-09-12 07:14:38
EVT-0003713,IF_MESYM_SAPQM_001,MES,SAP_ERP,Kafka,Async,Success,,,,1339,SESS-BE84CFA8CB,REQ-86DB45B4E8DF,2026-09-11 08:01:42
EVT-0003720,IF_MESPE_ORSC_001,MES,ORACLE_SCM,Kafka,Async,Retry,CAP_003,Downstream service is at capacity,Capacity,7374,SESS-8B7A9579F3,REQ-2645B987F300,2026-09-11 21:18:18
EVT-0003721,IF_MESPE_SAPPP_001,MES,SAP_ERP,Kafka,Async,Success,,,,954,SESS-8AFEDA4222,REQ-B43F81E9E733,2026-09-15 11:48:05
EVT-0003725,IF_MESPE_SAPPP_001,MES,SAP_ERP,Kafka,Async,Success,,,,948,SESS-FAABE8ED91,REQ-1B060195ED09,2026-09-15 20:44:01
EVT-0003726,IF_MESPE_ORSC_001,MES,ORACLE_SCM,Kafka,Async,Success,,,,2009,SESS-EC01AB0CE5,REQ-E59F9B4C519A,2026-09-13 06:39:07
EVT-0003730,IF_MESPC_PLMPD_001,MES,PLM,REST_API,REST,Success,,,,7255,SESS-9BEB2AD197,REQ-B422C1B30921,2026-09-15 01:46:26
EVT-0003735,IF_MESPE_SAPPP_001,MES,SAP_ERP,Kafka,Async,Success,,,,744,SESS-20E1129FD5,REQ-1B47F2D38524,2026-09-15 00:27:26
EVT-0003737,IF_MESPE_SAPPP_001,MES,SAP_ERP,Kafka,Async,Retry,AUTH_401,Service credential rejected,Authentication,3047,SESS-AF20959938,REQ-1F7E1F8256E8,2026-09-14 12:08:39
EVT-0003746,IF_MESPC_PLMPD_001,MES,PLM,REST_API,REST,Success,,,,5541,SESS-B99AA52DA6,REQ-42F7C621C6EA,2026-09-10 20:22:56
EVT-0003751,IF_MESPE_SAPPP_001,MES,SAP_ERP,Kafka,Async,Success,,,,985,SESS-8F60F1C37A,REQ-329B07391A02,2026-09-16 13:34:00
EVT-0003761,IF_MESPE_SAPPP_001,MES,SAP_ERP,Kafka,Async,Retry,INFRA_008,Runtime node unavailable,Infrastructure,1414,SESS-DC8A9B9D25,REQ-64E757AE16A3,2026-09-15 18:38:38
EVT-0003767,IF_MESYM_SAPQM_001,MES,SAP_ERP,Kafka,Async,Success,,,,1101,SESS-FA46ADF1C9,REQ-746C064AB327,2026-09-16 01:47:26
EVT-0003772,IF_MESPC_PLMPD_001,MES,PLM,REST_API,REST,Success,,,,7654,SESS-1209DE7BC9,REQ-5BF47180776A,2026-09-12 04:12:52
EVT-0003774,IF_MESPE_SAPPP_001,MES,SAP_ERP,Kafka,Async,Success,,,,960,SESS-1022603707,REQ-7410048E4296,2026-09-15 13:57:50
EVT-0003778,IF_MESYM_SAPQM_001,MES,SAP_ERP,Kafka,Async,Retry,INFRA_008,Runtime node unavailable,Infrastructure,5369,SESS-811F7D2E41,REQ-E99C7684F5B5,2026-09-12 19:41:11
EVT-0003781,IF_MESPE_ORSC_001,MES,ORACLE_SCM,Kafka,Async,Success,,,,2601,SESS-B2EAEBA316,REQ-9E4AA230CBE7,2026-09-15 01:07:44
EVT-0003787,IF_MESYM_SAPQM_001,MES,SAP_ERP,Kafka,Async,Success,,,,1164,SESS-1780F3800C,REQ-5A2265972B40,2026-09-16 17:46:10
EVT-0003791,IF_MESYM_SAPQM_001,MES,SAP_ERP,Kafka,Async,Retry,INFRA_008,Runtime node unavailable,Infrastructure,4109,SESS-6CF4667D59,REQ-39BA2D6B491C,2026-09-16 22:27:14
EVT-0003798,IF_MESPE_SAPPP_001,MES,SAP_ERP,Kafka,Async,Retry,TIME_004,Downstream response exceeded SLA,Timeout,3548,SESS-56D1100578,REQ-EBC0A705974B,2026-09-14 22:40:07
EVT-0003799,IF_MESPE_ORSC_001,MES,ORACLE_SCM,Kafka,Async,Retry,NET_CONN_003,Connection reset by peer,Network,6188,SESS-9579C7E373,REQ-B87C3B2425A0,2026-09-16 03:02:14
EVT-0003800,IF_MESPC_PLMPD_001,MES,PLM,REST_API,REST,Success,,,,6476,SESS-43A901CECF,REQ-8B0B982C572D,2026-09-10 12:18:07
EVT-0003838,IF_MESPC_PLMPD_001,MES,PLM,REST_API,REST,Success,,,,7456,SESS-5BD6618339,REQ-BD1BB0CEBCF9,2026-09-15 21:42:32
EVT-0003841,IF_MESPC_PLMPD_001,MES,PLM,REST_API,REST,Success,,,,4086,SESS-9280969898,REQ-03517A8729D1,2026-09-10 11:33:34
EVT-0003850,IF_MESPE_ORSC_001,MES,ORACLE_SCM,Kafka,Async,Success,,,,1694,SESS-D5283349CA,REQ-04E3556F7E74,2026-09-11 08:17:33
EVT-0003852,IF_MESPE_SAPPP_001,MES,SAP_ERP,Kafka,Async,Retry,INFRA_008,Runtime node unavailable,Infrastructure,2483,SESS-A18FAAC5E7,REQ-B5B4D0E56EC9,2026-09-16 09:09:55
EVT-0003857,IF_MESPC_PLMPD_001,MES,PLM,REST_API,REST,Failed,NET_CONN_003,Connection reset by peer,Network,24009,SESS-5A88932814,REQ-38CAF4C3E75E,2026-09-14 15:12:52
EVT-0003860,IF_MESPE_SAPPP_001,MES,SAP_ERP,Kafka,Async,Success,,,,998,SESS-5441008DD2,REQ-C2389104383B,2026-09-11 02:01:47
EVT-0003864,IF_MESPE_SAPPP_001,MES,SAP_ERP,Kafka,Async,Retry,INFRA_008,Runtime node unavailable,Infrastructure,3378,SESS-A18A27081E,REQ-12B7E2A26D9E,2026-09-13 15:51:23
EVT-0003870,IF_MESPE_ORSC_001,MES,ORACLE_SCM,Kafka,Async,Success,,,,1658,SESS-3ABBAA85E9,REQ-A721CFB7FCA4,2026-09-14 03:19:02
EVT-0003876,IF_MESPC_PLMPD_001,MES,PLM,REST_API,REST,Success,,,,8248,SESS-234C168737,REQ-CB4E762D81EB,2026-09-13 09:21:58
EVT-0003892,IF_MESPE_ORSC_001,MES,ORACLE_SCM,Kafka,Async,Success,,,,2841,SESS-8AF3C4AA87,REQ-D5E82A1E272B,2026-09-15 21:00:20
EVT-0003922,IF_MESYM_SAPQM_001,MES,SAP_ERP,Kafka,Async,Success,,,,1429,SESS-87AE49D3C2,REQ-6C1AD356BB14,2026-09-15 05:20:32
EVT-0003924,IF_MESPE_SAPPP_001,MES,SAP_ERP,Kafka,Async,Success,,,,643,SESS-2AB61166B8,REQ-94313F081B92,2026-09-15 04:58:01
EVT-0003930,IF_MESPC_PLMPD_001,MES,PLM,REST_API,REST,Retry,TIME_004,Downstream response exceeded SLA,Timeout,12529,SESS-7087BED571,REQ-0DDC5C98ED26,2026-09-13 19:38:24
EVT-0003938,IF_MESPC_PLMPD_001,MES,PLM,REST_API,REST,Success,,,,7392,SESS-8AEE919ACE,REQ-6110D2E02B0C,2026-09-16 06:03:55
EVT-0003939,IF_MESPE_ORSC_001,MES,ORACLE_SCM,Kafka,Async,Success,,,,2822,SESS-1FCCBA383C,REQ-B66F748713DD,2026-09-14 03:24:04
EVT-0003944,IF_MESPE_SAPPP_001,MES,SAP_ERP,Kafka,Async,Failed,CAP_003,Downstream service is at capacity,Capacity,4753,SESS-A30D01ADE6,REQ-809A7BB35DEE,2026-09-12 05:03:01
EVT-0003946,IF_MESYM_SAPQM_001,MES,SAP_ERP,Kafka,Async,Success,,,,954,SESS-36E0B2834B,REQ-60E4E8AE35B8,2026-09-13 12:08:08
EVT-0003949,IF_MESPE_ORSC_001,MES,ORACLE_SCM,Kafka,Async,Retry,AUTHZ_403,Caller is not authorized,Authorization,6737,SESS-7BA148E59B,REQ-A8F59AFC5272,2026-09-16 14:36:11
EVT-0003950,IF_MESPC_PLMPD_001,MES,PLM,REST_API,REST,Success,,,,6699,SESS-42762E8DFA,REQ-D5332E7ABD64,2026-09-15 05:55:17
EVT-0003974,IF_MESPE_SAPPP_001,MES,SAP_ERP,Kafka,Async,Success,,,,532,SESS-3F07633A18,REQ-EDE238B8B78E,2026-09-15 16:57:08
EVT-0003978,IF_MESYM_SAPQM_001,MES,SAP_ERP,Kafka,Async,Success,,,,1317,SESS-6C1C1ADA86,REQ-4EBF33767757,2026-09-11 01:34:40
EVT-0003980,IF_MESPE_SAPPP_001,MES,SAP_ERP,Kafka,Async,Success,,,,950,SESS-04295225CE,REQ-0BDDA2BE98EA,2026-09-13 20:03:35
EVT-0003989,IF_MESPC_PLMPD_001,MES,PLM,REST_API,REST,Success,,,,5775,SESS-30BD06EFEF,REQ-E3A53F9EECFD,2026-09-13 06:48:51
EVT-0003990,IF_MESYM_SAPQM_001,MES,SAP_ERP,Kafka,Async,Failed,CAP_003,Downstream service is at capacity,Capacity,3998,SESS-A348CC0F30,REQ-CD98A6EF0659,2026-09-16 03:57:57
EVT-0003997,IF_MESPE_SAPPP_001,MES,SAP_ERP,Kafka,Async,Success,,,,1153,SESS-C0D276AEC4,REQ-325B8F7CC7DA,2026-09-10 10:37:01
EVT-0004003,IF_MESPE_ORSC_001,MES,ORACLE_SCM,Kafka,Async,Success,,,,2098,SESS-7D56772575,REQ-8A3F5E5D4742,2026-09-15 19:16:22
EVT-0004022,IF_MESPC_PLMPD_001,MES,PLM,REST_API,REST,Success,,,,4695,SESS-FE82A8DF28,REQ-3A3E7B749E47,2026-09-14 17:19:43
EVT-0004028,IF_MESPC_PLMPD_001,MES,PLM,REST_API,REST,Success,,,,7883,SESS-C601660C51,REQ-E468D09831EB,2026-09-13 13:48:25
EVT-0004031,IF_MESPE_SAPPP_001,MES,SAP_ERP,Kafka,Async,Success,,,,684,SESS-79B6FDE188,REQ-83F5C28C7709,2026-09-15 15:27:57
EVT-0004035,IF_MESPE_ORSC_001,MES,ORACLE_SCM,Kafka,Async,Success,,,,1011,SESS-47C22D9636,REQ-7D174BDFE709,2026-09-12 09:32:21
EVT-0004044,IF_MESYM_SAPQM_001,MES,SAP_ERP,Kafka,Async,Success,,,,2029,SESS-7D1C5860A0,REQ-30CBBFEF79D6,2026-09-16 03:00:06
EVT-0004059,IF_MESPE_ORSC_001,MES,ORACLE_SCM,Kafka,Async,Success,,,,608,SESS-4725C5DC25,REQ-73808E248456,2026-09-12 11:56:22
EVT-0004078,IF_MESPE_ORSC_001,MES,ORACLE_SCM,Kafka,Async,Success,,,,3600,SESS-BA5A965477,REQ-3A56D1B069E9,2026-09-15 05:49:49
EVT-0004083,IF_MESPE_ORSC_001,MES,ORACLE_SCM,Kafka,Async,Success,,,,2229,SESS-FC06615D4B,REQ-EC4092298176,2026-09-10 14:38:05
EVT-0004087,IF_MESPE_SAPPP_001,MES,SAP_ERP,Kafka,Async,Success,,,,1153,SESS-A6F8B16C76,REQ-EE15319BA28E,2026-09-16 11:45:32
EVT-0004096,IF_MESPE_SAPPP_001,MES,SAP_ERP,Kafka,Async,Success,,,,1019,SESS-9075A4179A,REQ-114E6F220C3A,2026-09-11 18:56:16
EVT-0004102,IF_MESPE_SAPPP_001,MES,SAP_ERP,Kafka,Async,Failed,AUTH_401,Service credential rejected,Authentication,5046,SESS-C7C5D470BA,REQ-A56B6188E783,2026-09-11 16:58:41
EVT-0004107,IF_MESPE_ORSC_001,MES,ORACLE_SCM,Kafka,Async,Success,,,,1992,SESS-5D9376BFA2,REQ-A5DD39DA6257,2026-09-12 23:46:47
EVT-0004115,IF_MESPE_ORSC_001,MES,ORACLE_SCM,Kafka,Async,Success,,,,2650,SESS-6AF61F54E2,REQ-B1B0DA4D8B71,2026-09-14 21:41:05
EVT-0004119,IF_MESPE_ORSC_001,MES,ORACLE_SCM,Kafka,Async,Retry,AUTHZ_403,Caller is not authorized,Authorization,7891,SESS-10ED54F8E7,REQ-B070AF940C4F,2026-09-16 09:42:39
EVT-0004133,IF_MESYM_SAPQM_001,MES,SAP_ERP,Kafka,Async,Success,,,,945,SESS-53BF9990D7,REQ-006A5C0F34FC,2026-09-11 07:00:18
EVT-0004143,IF_MESPC_PLMPD_001,MES,PLM,REST_API,REST,Success,,,,6559,SESS-87406A4743,REQ-6ECBF139B3B2,2026-09-16 05:14:23
EVT-0004151,IF_MESPC_PLMPD_001,MES,PLM,REST_API,REST,Success,,,,6517,SESS-21E3FC14B8,REQ-4F23F34125AE,2026-09-12 11:44:45
EVT-0004160,IF_MESPC_PLMPD_001,MES,PLM,REST_API,REST,Success,,,,8701,SESS-7BB0343B6C,REQ-BA6204CF052F,2026-09-16 08:23:03
EVT-0004163,IF_MESPE_SAPPP_001,MES,SAP_ERP,Kafka,Async,Success,,,,916,SESS-59793343E4,REQ-7E1741CADB18,2026-09-14 21:28:46
EVT-0004164,IF_MESPE_SAPPP_001,MES,SAP_ERP,Kafka,Async,Success,,,,821,SESS-4320AFCA0B,REQ-204D65779807,2026-09-12 12:16:11
EVT-0004166,IF_MESPE_ORSC_001,MES,ORACLE_SCM,Kafka,Async,Success,,,,2309,SESS-9E71B82B8E,REQ-32794046E1E0,2026-09-16 19:36:27
EVT-0004171,IF_MESYM_SAPQM_001,MES,SAP_ERP,Kafka,Async,Success,,,,1217,SESS-D27E7F3516,REQ-E33516C7EF55,2026-09-10 14:41:06
EVT-0004178,IF_MESPE_SAPPP_001,MES,SAP_ERP,Kafka,Async,Success,,,,764,SESS-8A1EC10480,REQ-29DE96CC803E,2026-09-11 10:14:37
EVT-0004179,IF_MESPE_ORSC_001,MES,ORACLE_SCM,Kafka,Async,Success,,,,2458,SESS-E750EEC8EA,REQ-101AD12EF565,2026-09-13 18:39:22
EVT-0004180,IF_MESPE_SAPPP_001,MES,SAP_ERP,Kafka,Async,Success,,,,980,SESS-99E9A73C84,REQ-0A001C9B807B,2026-09-11 01:12:53
EVT-0004184,IF_MESPC_PLMPD_001,MES,PLM,REST_API,REST,Retry,EXT_502,Downstream service returned 502,External Service,13837,SESS-AE7C77BCAB,REQ-30149A11A140,2026-09-12 00:33:47
EVT-0004186,IF_MESPE_ORSC_001,MES,ORACLE_SCM,Kafka,Async,Success,,,,2390,SESS-A02237AC8B,REQ-98A6600BDAE6,2026-09-15 18:12:09
EVT-0004190,IF_MESPE_SAPPP_001,MES,SAP_ERP,Kafka,Async,Success,,,,978,SESS-052196A2EC,REQ-3DDB6DA7B597,2026-09-12 13:09:04
EVT-0004195,IF_MESPE_SAPPP_001,MES,SAP_ERP,Kafka,Async,Success,,,,823,SESS-1DA54F9AFE,REQ-FE43F8CD4AD2,2026-09-16 04:20:18
EVT-0004205,IF_MESPE_ORSC_001,MES,ORACLE_SCM,Kafka,Async,Success,,,,1998,SESS-5254BB8E2D,REQ-303EA9733BD9,2026-09-15 01:51:26
EVT-0004208,IF_MESPE_SAPPP_001,MES,SAP_ERP,Kafka,Async,Success,,,,729,SESS-CCCA6E8FC6,REQ-837B40C203E9,2026-09-15 20:08:41
EVT-0004215,IF_MESPC_PLMPD_001,MES,PLM,REST_API,REST,Success,,,,9114,SESS-D274ACDE03,REQ-76F52568B148,2026-09-11 05:47:26
EVT-0004216,IF_MESPC_PLMPD_001,MES,PLM,REST_API,REST,Success,,,,4491,SESS-5A9CA8D838,REQ-800443AFE11D,2026-09-15 22:45:29
EVT-0004218,IF_MESPE_ORSC_001,MES,ORACLE_SCM,Kafka,Async,Success,,,,2077,SESS-BBFD3BA3D7,REQ-B257D3A100C3,2026-09-13 02:43:59
EVT-0004219,IF_MESPC_PLMPD_001,MES,PLM,REST_API,REST,Retry,DB_COMMIT_014,Transaction commit failed,Database,11172,SESS-9591340A1B,REQ-AFFD93F06A76,2026-09-16 00:32:38
EVT-0004227,IF_MESYM_SAPQM_001,MES,SAP_ERP,Kafka,Async,Success,,,,1530,SESS-CF4F4198DC,REQ-15DB08ADB820,2026-09-16 02:47:16
EVT-0004235,IF_MESYM_SAPQM_001,MES,SAP_ERP,Kafka,Async,Retry,AUTH_401,Service credential rejected,Authentication,2470,SESS-35849DBCB2,REQ-E8B10CB0B15F,2026-09-15 01:42:39
EVT-0004242,IF_MESPE_ORSC_001,MES,ORACLE_SCM,Kafka,Async,Success,,,,2562,SESS-DB02AC138A,REQ-5E054C11AA37,2026-09-13 13:21:46
EVT-0004249,IF_MESPE_SAPPP_001,MES,SAP_ERP,Kafka,Async,Success,,,,690,SESS-247A42DF89,REQ-728720821596,2026-09-14 17:25:28
EVT-0004262,IF_MESPE_ORSC_001,MES,ORACLE_SCM,Kafka,Async,Success,,,,2966,SESS-13E46C318E,REQ-82D10BA1A56D,2026-09-14 06:31:15
EVT-0004272,IF_MESPE_ORSC_001,MES,ORACLE_SCM,Kafka,Async,Success,,,,2545,SESS-1826C7F845,REQ-172749EE363F,2026-09-16 03:34:53
EVT-0004285,IF_MESPE_ORSC_001,MES,ORACLE_SCM,Kafka,Async,Success,,,,1874,SESS-C704FE94D8,REQ-4E375959967E,2026-09-11 17:29:59
EVT-0004288,IF_MESPC_PLMPD_001,MES,PLM,REST_API,REST,Success,,,,5983,SESS-1259691681,REQ-6A742125682C,2026-09-10 12:51:59
EVT-0004297,IF_MESYM_SAPQM_001,MES,SAP_ERP,Kafka,Async,Success,,,,1490,SESS-E3674A4443,REQ-3E81AD6BD6A8,2026-09-12 10:09:51
EVT-0004300,IF_MESPE_ORSC_001,MES,ORACLE_SCM,Kafka,Async,Success,,,,1133,SESS-DB52B088D5,REQ-3453503CA8DA,2026-09-13 10:38:58
EVT-0004302,IF_MESPC_PLMPD_001,MES,PLM,REST_API,REST,Retry,AUTH_401,Service credential rejected,Authentication,12440,SESS-82A6E4CB5C,REQ-D0CB37D75B0B,2026-09-11 16:38:09
EVT-0004308,IF_MESPE_SAPPP_001,MES,SAP_ERP,Kafka,Async,Success,,,,761,SESS-1AFB4E1302,REQ-04CD8F703DBB,2026-09-15 10:55:37
EVT-0004312,IF_MESPE_SAPPP_001,MES,SAP_ERP,Kafka,Async,Success,,,,941,SESS-7DA6F70C14,REQ-A8FAA0C1E47F,2026-09-14 07:37:53
EVT-0004321,IF_MESYM_SAPQM_001,MES,SAP_ERP,Kafka,Async,Success,,,,1100,SESS-74686D0498,REQ-E7F7C1EE09B7,2026-09-13 22:54:04
EVT-0004325,IF_MESYM_SAPQM_001,MES,SAP_ERP,Kafka,Async,Success,,,,1760,SESS-E30EA3C866,REQ-5D6CB1DC03E1,2026-09-16 07:23:00
EVT-0004330,IF_MESPE_ORSC_001,MES,ORACLE_SCM,Kafka,Async,Success,,,,2264,SESS-B70B6B5D68,REQ-1A2EF5117EB7,2026-09-15 19:23:07
EVT-0004340,IF_MESPE_SAPPP_001,MES,SAP_ERP,Kafka,Async,Success,,,,885,SESS-EB54FE08AE,REQ-7610AA054E74,2026-09-12 22:46:00
EVT-0004342,IF_MESYM_SAPQM_001,MES,SAP_ERP,Kafka,Async,Failed,INFRA_008,Runtime node unavailable,Infrastructure,3980,SESS-0560509692,REQ-6F36C3D839C4,2026-09-16 12:35:23
EVT-0004355,IF_MESPE_ORSC_001,MES,ORACLE_SCM,Kafka,Async,Success,,,,2215,SESS-6F85344AB8,REQ-1655DDBCE9C7,2026-09-11 07:38:43
EVT-0004358,IF_MESPE_SAPPP_001,MES,SAP_ERP,Kafka,Async,Success,,,,1088,SESS-5C8B65CE75,REQ-9DCFCED43216,2026-09-15 15:27:10
EVT-0004363,IF_MESPE_SAPPP_001,MES,SAP_ERP,Kafka,Async,Success,,,,950,SESS-C22AAD43DF,REQ-9ADFD8A88B8A,2026-09-16 01:39:23
EVT-0004373,IF_MESYM_SAPQM_001,MES,SAP_ERP,Kafka,Async,Success,,,,2001,SESS-9EB753B721,REQ-C2F095E5D313,2026-09-15 18:18:26
EVT-0004387,IF_MESYM_SAPQM_001,MES,SAP_ERP,Kafka,Async,Success,,,,1181,SESS-A5E468A98E,REQ-4612961E16D9,2026-09-12 04:41:09
EVT-0004411,IF_MESPE_ORSC_001,MES,ORACLE_SCM,Kafka,Async,Success,,,,2487,SESS-16DB6BFF27,REQ-12F237A985C5,2026-09-15 11:56:58
EVT-0004415,IF_MESPE_ORSC_001,MES,ORACLE_SCM,Kafka,Async,Success,,,,3246,SESS-4CC2D66F98,REQ-851845381604,2026-09-12 07:05:54
EVT-0004421,IF_MESPC_PLMPD_001,MES,PLM,REST_API,REST,Success,,,,7040,SESS-C1DFC7A00E,REQ-C7DFF8C55C8F,2026-09-13 04:24:51
EVT-0004427,IF_MESPE_ORSC_001,MES,ORACLE_SCM,Kafka,Async,Success,,,,2427,SESS-D7AB7D80D9,REQ-81A7DADB29BE,2026-09-13 12:43:23
EVT-0004433,IF_MESPE_ORSC_001,MES,ORACLE_SCM,Kafka,Async,Success,,,,2580,SESS-0F4B1536B2,REQ-A7A065EC135E,2026-09-13 19:54:14
EVT-0004437,IF_MESPE_ORSC_001,MES,ORACLE_SCM,Kafka,Async,Success,,,,1899,SESS-43A50AA906,REQ-1111DAEC038C,2026-09-12 10:46:40
EVT-0004440,IF_MESPE_ORSC_001,MES,ORACLE_SCM,Kafka,Async,Success,,,,1705,SESS-A1848EA5C5,REQ-B4CB47A44A7A,2026-09-16 01:15:22
EVT-0004448,IF_MESPC_PLMPD_001,MES,PLM,REST_API,REST,Success,,,,6988,SESS-3F037A82AD,REQ-54DE69ABA1C6,2026-09-16 17:25:58
EVT-0004457,IF_MESPE_ORSC_001,MES,ORACLE_SCM,Kafka,Async,Success,,,,2049,SESS-E17745305E,REQ-9473BA417DA6,2026-09-16 14:41:52
EVT-0004460,IF_MESPC_PLMPD_001,MES,PLM,REST_API,REST,Success,,,,4994,SESS-7450A12506,REQ-A07E6E8AC47A,2026-09-11 04:59:05
EVT-0004465,IF_MESPE_ORSC_001,MES,ORACLE_SCM,Kafka,Async,Success,,,,1806,SESS-FD3892FCA2,REQ-9BD4D121B633,2026-09-12 21:51:19
EVT-0004477,IF_MESPE_ORSC_001,MES,ORACLE_SCM,Kafka,Async,Success,,,,2563,SESS-4C327D75EB,REQ-31349F4B2E56,2026-09-14 10:14:51
EVT-0004483,IF_MESYM_SAPQM_001,MES,SAP_ERP,Kafka,Async,Success,,,,1201,SESS-7A58DBAFC6,REQ-A6031FB7E62A,2026-09-15 02:11:49
EVT-0004498,IF_MESPC_PLMPD_001,MES,PLM,REST_API,REST,Success,,,,7298,SESS-CAB1C295F4,REQ-4458A9CA8691,2026-09-10 01:10:50
EVT-0004499,IF_MESPE_ORSC_001,MES,ORACLE_SCM,Kafka,Async,Success,,,,1423,SESS-FFF9ECF67B,REQ-CF55B73EA1C2,2026-09-16 21:17:09
EVT-0004500,IF_MESYM_SAPQM_001,MES,SAP_ERP,Kafka,Async,Success,,,,1283,SESS-7684BA7C4D,REQ-6C1E9656B08B,2026-09-10 17:30:09
EVT-0004502,IF_MESPC_PLMPD_001,MES,PLM,REST_API,REST,Success,,,,7854,SESS-F1C3990F37,REQ-11C2617E766D,2026-09-12 05:51:19
EVT-0004504,IF_MESYM_SAPQM_001,MES,SAP_ERP,Kafka,Async,Success,,,,1080,SESS-8EB518731D,REQ-DCB3C801C004,2026-09-14 14:40:52
EVT-0004527,IF_MESPE_SAPPP_001,MES,SAP_ERP,Kafka,Async,Success,,,,1146,SESS-4FF69A69AA,REQ-92FAA618FE44,2026-09-10 13:58:12
EVT-0004529,IF_MESPE_ORSC_001,MES,ORACLE_SCM,Kafka,Async,Success,,,,2533,SESS-E0C2C33EC0,REQ-74D5FE733C93,2026-09-14 08:40:37
EVT-0004546,IF_MESPE_ORSC_001,MES,ORACLE_SCM,Kafka,Async,Retry,CFG_017,Interface configuration mismatch,Configuration,4640,SESS-BE84F634EE,REQ-EA513D2FCB91,2026-09-12 10:00:00
EVT-0004547,IF_MESPE_SAPPP_001,MES,SAP_ERP,Kafka,Async,Failed,AUTHZ_403,Caller is not authorized,Authorization,2089,SESS-0B3AA1DAE0,REQ-224B58120999,2026-09-16 10:14:45
EVT-0004550,IF_MESYM_SAPQM_001,MES,SAP_ERP,Kafka,Async,Success,,,,1609,SESS-4CF4BBD36C,REQ-6DF0D05BB19E,2026-09-16 05:29:38
EVT-0004557,IF_MESPE_SAPPP_001,MES,SAP_ERP,Kafka,Async,Success,,,,1221,SESS-E1586BBF50,REQ-6EC5283DFE05,2026-09-15 19:34:05
EVT-0004578,IF_MESPE_ORSC_001,MES,ORACLE_SCM,Kafka,Async,Retry,CFG_017,Interface configuration mismatch,Configuration,6392,SESS-BEE9B52728,REQ-BA9E3E7D3595,2026-09-16 15:08:54
EVT-0004585,IF_MESPE_SAPPP_001,MES,SAP_ERP,Kafka,Async,Success,,,,1058,SESS-B4C2533A9F,REQ-EB569FF402CF,2026-09-11 17:27:46
EVT-0004594,IF_MESPE_SAPPP_001,MES,SAP_ERP,Kafka,Async,Retry,CFG_017,Interface configuration mismatch,Configuration,3042,SESS-487065EBEE,REQ-698376429783,2026-09-15 06:37:02
EVT-0004595,IF_MESYM_SAPQM_001,MES,SAP_ERP,Kafka,Async,Success,,,,1115,SESS-45D009FFBA,REQ-BBC2D5BE5AB7,2026-09-12 05:56:54
EVT-0004607,IF_MESPE_ORSC_001,MES,ORACLE_SCM,Kafka,Async,Success,,,,2742,SESS-AF9C196834,REQ-0D5AF8897EBC,2026-09-10 21:26:15
EVT-0004622,IF_MESPE_SAPPP_001,MES,SAP_ERP,Kafka,Async,Success,,,,898,SESS-AE9E64CF52,REQ-FABD98DD4A2C,2026-09-15 12:31:05
EVT-0004635,IF_MESPC_PLMPD_001,MES,PLM,REST_API,REST,Success,,,,6318,SESS-92A39C062E,REQ-144A4332159B,2026-09-14 03:27:25
EVT-0004643,IF_MESPC_PLMPD_001,MES,PLM,REST_API,REST,Success,,,,3846,SESS-87DF42707C,REQ-34E9124098E5,2026-09-13 08:19:23
EVT-0004661,IF_MESPC_PLMPD_001,MES,PLM,REST_API,REST,Success,,,,6696,SESS-C8F9EB8266,REQ-ED1D6F3448AC,2026-09-14 16:48:03
EVT-0004665,IF_MESPE_ORSC_001,MES,ORACLE_SCM,Kafka,Async,Success,,,,2381,SESS-DCDE02DD14,REQ-7AD627D3BF32,2026-09-15 11:36:15
EVT-0004667,IF_MESPE_SAPPP_001,MES,SAP_ERP,Kafka,Async,Retry,VAL_400,Required business field failed validation,Validation,3593,SESS-9EB365FF37,REQ-8B599B8B3339,2026-09-12 12:53:54
EVT-0004668,IF_MESPE_ORSC_001,MES,ORACLE_SCM,Kafka,Async,Success,,,,2518,SESS-CD5E0D6B56,REQ-6B6CD2158C6E,2026-09-14 13:24:47
EVT-0004676,IF_MESYM_SAPQM_001,MES,SAP_ERP,Kafka,Async,Success,,,,1238,SESS-3700F0619D,REQ-3BE822F48233,2026-09-12 17:29:49
EVT-0004702,IF_MESPE_SAPPP_001,MES,SAP_ERP,Kafka,Async,Success,,,,895,SESS-B49CFBF53B,REQ-903E18EB0581,2026-09-12 20:26:37
EVT-0004706,IF_MESPE_SAPPP_001,MES,SAP_ERP,Kafka,Async,Success,,,,827,SESS-2080FF540A,REQ-19286BF7AB86,2026-09-12 14:33:58
EVT-0004712,IF_MESYM_SAPQM_001,MES,SAP_ERP,Kafka,Async,Success,,,,1528,SESS-63BC125D18,REQ-B2035CA6CD1A,2026-09-16 18:19:01
EVT-0004714,IF_MESPC_PLMPD_001,MES,PLM,REST_API,REST,Retry,AUTHZ_403,Caller is not authorized,Authorization,25378,SESS-63E3E1589D,REQ-F7EFA0F93F5A,2026-09-15 17:55:28
EVT-0004721,IF_MESPC_PLMPD_001,MES,PLM,REST_API,REST,Success,,,,8687,SESS-049E6A2972,REQ-ED3E36DD5B0E,2026-09-10 10:51:21
EVT-0004722,IF_MESPE_SAPPP_001,MES,SAP_ERP,Kafka,Async,Success,,,,1040,SESS-1499EACCB3,REQ-AE5A2A8E1447,2026-09-12 15:32:59
EVT-0004740,IF_MESPE_SAPPP_001,MES,SAP_ERP,Kafka,Async,Success,,,,1076,SESS-BD79348CD5,REQ-BB6658418456,2026-09-10 18:33:38
EVT-0004741,IF_MESPC_PLMPD_001,MES,PLM,REST_API,REST,Success,,,,6843,SESS-C325B3839A,REQ-D582FCCF62BF,2026-09-16 17:27:27
EVT-0004742,IF_MESPE_SAPPP_001,MES,SAP_ERP,Kafka,Async,Failed,CAP_003,Downstream service is at capacity,Capacity,2908,SESS-F22105E879,REQ-FED1AB591B43,2026-09-12 19:50:25
EVT-0004746,IF_MESPE_ORSC_001,MES,ORACLE_SCM,Kafka,Async,Success,,,,2348,SESS-8F48B1BBCE,REQ-20B02855A1A5,2026-09-15 14:56:40
EVT-0004748,IF_MESPC_PLMPD_001,MES,PLM,REST_API,REST,Success,,,,8439,SESS-E21073AA5B,REQ-E34CB47673BA,2026-09-13 13:09:00
EVT-0004762,IF_MESPC_PLMPD_001,MES,PLM,REST_API,REST,Success,,,,8658,SESS-F15CB44F9E,REQ-1AD8B54A463A,2026-09-13 22:18:42
EVT-0004770,IF_MESPE_ORSC_001,MES,ORACLE_SCM,Kafka,Async,Success,,,,2333,SESS-496ED4679D,REQ-3AAD4ABCCBC6,2026-09-16 22:02:40
EVT-0004777,IF_MESPE_ORSC_001,MES,ORACLE_SCM,Kafka,Async,Success,,,,2025,SESS-E2AC80AA3D,REQ-0627680FBFBC,2026-09-11 11:16:31
EVT-0004789,IF_MESYM_SAPQM_001,MES,SAP_ERP,Kafka,Async,Success,,,,953,SESS-2D2DFD06BF,REQ-E1BD4FE55CEB,2026-09-14 00:45:22
EVT-0004790,IF_MESPE_ORSC_001,MES,ORACLE_SCM,Kafka,Async,Success,,,,2300,SESS-4BD078B009,REQ-66DABEF7F0A4,2026-09-12 22:24:42
EVT-0004797,IF_MESYM_SAPQM_001,MES,SAP_ERP,Kafka,Async,Success,,,,1101,SESS-0467FB5AFF,REQ-00304EDB11DB,2026-09-13 16:23:36
EVT-0004798,IF_MESYM_SAPQM_001,MES,SAP_ERP,Kafka,Async,Success,,,,1239,SESS-43C614A5BC,REQ-5E048E43044A,2026-09-14 22:03:00
EVT-0004808,IF_MESPC_PLMPD_001,MES,PLM,REST_API,REST,Success,,,,5031,SESS-3506EB95FA,REQ-F176ECBE5873,2026-09-14 02:44:26
EVT-0004826,IF_MESPE_SAPPP_001,MES,SAP_ERP,Kafka,Async,Failed,TIME_004,Downstream response exceeded SLA,Timeout,3449,SESS-C4787ADD5B,REQ-2A838CC475A9,2026-09-13 08:48:48
EVT-0004840,IF_MESPE_ORSC_001,MES,ORACLE_SCM,Kafka,Async,Success,,,,2269,SESS-3EAFF166EA,REQ-D795D2765DC8,2026-09-12 06:19:46
EVT-0004843,IF_MESPE_ORSC_001,MES,ORACLE_SCM,Kafka,Async,Success,,,,2119,SESS-D467910A4A,REQ-A769F1CE1104,2026-09-12 04:24:11
EVT-0004849,IF_MESPC_PLMPD_001,MES,PLM,REST_API,REST,Success,,,,7611,SESS-424E8E278F,REQ-5B12E57B4BC8,2026-09-10 20:59:03
EVT-0004857,IF_MESPC_PLMPD_001,MES,PLM,REST_API,REST,Success,,,,6690,SESS-CF253CF8AD,REQ-EB9F28C3FB90,2026-09-10 04:44:22
EVT-0004866,IF_MESPE_ORSC_001,MES,ORACLE_SCM,Kafka,Async,Success,,,,2207,SESS-6CEF18B22F,REQ-C68174132570,2026-09-10 21:59:08
EVT-0004883,IF_MESPE_SAPPP_001,MES,SAP_ERP,Kafka,Async,Success,,,,966,SESS-DD9ACEDC53,REQ-AE3F46466060,2026-09-11 07:17:25
EVT-0004890,IF_MESPC_PLMPD_001,MES,PLM,REST_API,REST,Success,,,,7125,SESS-2FABACA68F,REQ-6E457BA56DBA,2026-09-13 16:26:32
EVT-0004891,IF_MESPC_PLMPD_001,MES,PLM,REST_API,REST,Success,,,,6797,SESS-31A396F19C,REQ-8AF4D722BDC7,2026-09-15 17:36:33
EVT-0004897,IF_MESPC_PLMPD_001,MES,PLM,REST_API,REST,Success,,,,9543,SESS-1968825BDD,REQ-0DB045E220B5,2026-09-11 01:21:32
EVT-0004900,IF_MESPE_SAPPP_001,MES,SAP_ERP,Kafka,Async,Success,,,,1111,SESS-DDE062CFAD,REQ-0A0F65937790,2026-09-11 12:25:25
EVT-0004902,IF_MESPE_SAPPP_001,MES,SAP_ERP,Kafka,Async,Success,,,,1159,SESS-FA4F079A13,REQ-45DCB6883612,2026-09-16 10:40:17
EVT-0004912,IF_MESPE_ORSC_001,MES,ORACLE_SCM,Kafka,Async,Retry,AUTHZ_403,Caller is not authorized,Authorization,6487,SESS-E31F7B32B8,REQ-697C603A04FD,2026-09-14 08:00:38
EVT-0004917,IF_MESYM_SAPQM_001,MES,SAP_ERP,Kafka,Async,Success,,,,1350,SESS-61CA410CB8,REQ-05A6AC648855,2026-09-11 00:21:56
EVT-0004938,IF_MESPC_PLMPD_001,MES,PLM,REST_API,REST,Success,,,,5664,SESS-30641D6A6F,REQ-DEEF9766CA2B,2026-09-12 16:36:08
EVT-0004942,IF_MESPC_PLMPD_001,MES,PLM,REST_API,REST,Success,,,,6434,SESS-A1BF07CFE0,REQ-423061030FA1,2026-09-14 03:04:41
EVT-0004950,IF_MESYM_SAPQM_001,MES,SAP_ERP,Kafka,Async,Success,,,,1549,SESS-E05DF610FD,REQ-ED376315AEF1,2026-09-16 06:56:24
EVT-0004968,IF_MESPE_ORSC_001,MES,ORACLE_SCM,Kafka,Async,Failed,NET_CONN_003,Connection reset by peer,Network,18391,SESS-B6E716EAEF,REQ-065FB80222AB,2026-09-13 04:55:43
EVT-0004980,IF_MESPC_PLMPD_001,MES,PLM,REST_API,REST,Success,,,,6950,SESS-DE7B5A6DCE,REQ-C95D1534EA2C,2026-09-13 01:33:59
EVT-0004989,IF_MESPE_SAPPP_001,MES,SAP_ERP,Kafka,Async,Success,,,,970,SESS-F2D90A05DF,REQ-D6B5AE52A5BE,2026-09-13 13:39:35
EVT-0004991,IF_MESPC_PLMPD_001,MES,PLM,REST_API,REST,Success,,,,6938,SESS-A0FFBC9956,REQ-580CEE99F79D,2026-09-11 20:04:11
EVT-0004997,IF_MESPE_SAPPP_001,MES,SAP_ERP,Kafka,Async,Success,,,,901,SESS-5954439879,REQ-FA5908925509,2026-09-14 01:21:34
EVT-0005000,IF_MESPC_PLMPD_001,MES,PLM,REST_API,REST,Retry,AUTH_401,Service credential rejected,Authentication,24366,SESS-9B93BB6A65,REQ-596C112BD72E,2026-09-12 07:53:58
EVT-0005006,IF_MESYM_SAPQM_001,MES,SAP_ERP,Kafka,Async,Success,,,,1490,SESS-9D6F7FFA88,REQ-F89EAA0445C1,2026-09-16 20:06:27
EVT-0005013,IF_MESPE_ORSC_001,MES,ORACLE_SCM,Kafka,Async,Retry,INFRA_008,Runtime node unavailable,Infrastructure,5594,SESS-36EF1D75F1,REQ-58C35B1052BC,2026-09-12 12:38:58
EVT-0005016,IF_MESYM_SAPQM_001,MES,SAP_ERP,Kafka,Async,Success,,,,1410,SESS-89B672C347,REQ-89B61ADB804D,2026-09-14 23:54:25
EVT-0005021,IF_MESPE_ORSC_001,MES,ORACLE_SCM,Kafka,Async,Success,,,,1414,SESS-5A0D017EF5,REQ-ED7158F125C7,2026-09-16 23:32:05
EVT-0005030,IF_MESYM_SAPQM_001,MES,SAP_ERP,Kafka,Async,Success,,,,1105,SESS-C7715517CE,REQ-EC8156ED7C71,2026-09-16 02:53:23
EVT-0005032,IF_MESPE_SAPPP_001,MES,SAP_ERP,Kafka,Async,Success,,,,966,SESS-E39E4A2C73,REQ-844E9EC607BC,2026-09-10 21:43:22
EVT-0005036,IF_MESYM_SAPQM_001,MES,SAP_ERP,Kafka,Async,Retry,DB_COMMIT_014,Transaction commit failed,Database,4920,SESS-6BC7A2F258,REQ-D208DEB2EF46,2026-09-13 04:06:41
EVT-0005045,IF_MESPE_ORSC_001,MES,ORACLE_SCM,Kafka,Async,Success,,,,1477,SESS-1DF4B23BA0,REQ-8DAE0EC89159,2026-09-15 17:40:53
EVT-0005052,IF_MESYM_SAPQM_001,MES,SAP_ERP,Kafka,Async,Success,,,,857,SESS-785180C594,REQ-FA3A5363DDD2,2026-09-11 11:55:28
EVT-0005064,IF_MESPE_SAPPP_001,MES,SAP_ERP,Kafka,Async,Success,,,,654,SESS-066290AAB5,REQ-9ECEC4A6C495,2026-09-14 02:06:37
EVT-0005082,IF_MESPC_PLMPD_001,MES,PLM,REST_API,REST,Success,,,,7134,SESS-F11689521D,REQ-C1888E94B994,2026-09-12 12:39:08
EVT-0005088,IF_MESPC_PLMPD_001,MES,PLM,REST_API,REST,Success,,,,6611,SESS-90F70541D9,REQ-0B824D47ED25,2026-09-12 02:14:29
EVT-0005090,IF_MESPE_ORSC_001,MES,ORACLE_SCM,Kafka,Async,Failed,DB_COMMIT_014,Transaction commit failed,Database,3426,SESS-8AB76F689E,REQ-2D827C1674F4,2026-09-15 03:10:32
EVT-0005093,IF_MESPC_PLMPD_001,MES,PLM,REST_API,REST,Retry,DB_COMMIT_014,Transaction commit failed,Database,24971,SESS-F5F21DE220,REQ-FC0DBB8949A1,2026-09-12 03:33:30
EVT-0005106,IF_MESPC_PLMPD_001,MES,PLM,REST_API,REST,Success,,,,7373,SESS-83051B27FD,REQ-C4005210D760,2026-09-11 04:49:43
EVT-0005112,IF_MESPE_SAPPP_001,MES,SAP_ERP,Kafka,Async,Success,,,,902,SESS-E7B22F89F5,REQ-D7C6409FDAF0,2026-09-16 10:27:12
EVT-0005123,IF_MESPC_PLMPD_001,MES,PLM,REST_API,REST,Success,,,,5772,SESS-DB6D28BB42,REQ-8F330A224C84,2026-09-15 08:04:24
EVT-0005128,IF_MESYM_SAPQM_001,MES,SAP_ERP,Kafka,Async,Success,,,,985,SESS-3E59D8F877,REQ-BDDB70914326,2026-09-13 12:08:53
EVT-0005146,IF_MESPC_PLMPD_001,MES,PLM,REST_API,REST,Success,,,,9495,SESS-16E30DC627,REQ-49A35C0800A0,2026-09-10 11:49:46
EVT-0005156,IF_MESPE_ORSC_001,MES,ORACLE_SCM,Kafka,Async,Success,,,,3111,SESS-CF3432522A,REQ-B6032238B54B,2026-09-14 19:28:52
EVT-0005163,IF_MESPC_PLMPD_001,MES,PLM,REST_API,REST,Success,,,,6277,SESS-EE93102FC9,REQ-0851F9295762,2026-09-13 14:04:29
EVT-0005173,IF_MESPE_ORSC_001,MES,ORACLE_SCM,Kafka,Async,Success,,,,2084,SESS-C04F4E5765,REQ-756EEBA36B2F,2026-09-16 15:27:10
EVT-0005189,IF_MESPE_ORSC_001,MES,ORACLE_SCM,Kafka,Async,Success,,,,1949,SESS-0148F4BBB2,REQ-4664268B4EA2,2026-09-11 01:56:11
EVT-0005191,IF_MESPE_ORSC_001,MES,ORACLE_SCM,Kafka,Async,Success,,,,1974,SESS-88C9094373,REQ-65A012DD643C,2026-09-12 12:01:21
EVT-0005196,IF_MESPE_ORSC_001,MES,ORACLE_SCM,Kafka,Async,Success,,,,2556,SESS-9146869682,REQ-A620CF7405B9,2026-09-16 22:09:39
EVT-0005197,IF_MESPE_ORSC_001,MES,ORACLE_SCM,Kafka,Async,Success,,,,2315,SESS-4C3D161559,REQ-AF30F1AADC19,2026-09-12 08:32:29
EVT-0005203,IF_MESYM_SAPQM_001,MES,SAP_ERP,Kafka,Async,Success,,,,1848,SESS-212FC82E58,REQ-36F0D971F25F,2026-09-14 01:20:50
EVT-0005205,IF_MESPC_PLMPD_001,MES,PLM,REST_API,REST,Success,,,,5029,SESS-2F24F0FDD5,REQ-E5B3B3948A00,2026-09-10 15:37:32
EVT-0005229,IF_MESPE_SAPPP_001,MES,SAP_ERP,Kafka,Async,Success,,,,740,SESS-5304479860,REQ-410D6DD70584,2026-09-10 21:15:20
EVT-0005230,IF_MESPE_ORSC_001,MES,ORACLE_SCM,Kafka,Async,Success,,,,2227,SESS-9FF0CD94F0,REQ-41BA242D1900,2026-09-14 10:47:16
EVT-0005248,IF_MESPE_ORSC_001,MES,ORACLE_SCM,Kafka,Async,Success,,,,2201,SESS-351DF72D82,REQ-E6EA8373E74A,2026-09-10 12:16:54
EVT-0005253,IF_MESPE_SAPPP_001,MES,SAP_ERP,Kafka,Async,Retry,NET_CONN_003,Connection reset by peer,Network,2780,SESS-F3B5EE391A,REQ-AA3BB0DD344A,2026-09-13 04:20:57
EVT-0005263,IF_MESPE_SAPPP_001,MES,SAP_ERP,Kafka,Async,Success,,,,913,SESS-378B507592,REQ-DEA99CB890CF,2026-09-15 21:57:31
EVT-0005264,IF_MESPE_ORSC_001,MES,ORACLE_SCM,Kafka,Async,Success,,,,3022,SESS-131F7F3BF5,REQ-786A5036C38C,2026-09-10 15:13:06
EVT-0005275,IF_MESPE_ORSC_001,MES,ORACLE_SCM,Kafka,Async,Success,,,,2138,SESS-153CF498FF,REQ-AF1B7C92257B,2026-09-11 04:25:43
EVT-0005279,IF_MESPC_PLMPD_001,MES,PLM,REST_API,REST,Success,,,,6082,SESS-BE40DE0DED,REQ-8964F0DBE0C5,2026-09-16 05:52:33
EVT-0005292,IF_MESYM_SAPQM_001,MES,SAP_ERP,Kafka,Async,Success,,,,1394,SESS-428A6331D9,REQ-83F3C3BBFBB8,2026-09-11 04:34:49
EVT-0005296,IF_MESPE_SAPPP_001,MES,SAP_ERP,Kafka,Async,Success,,,,782,SESS-16359DEBB9,REQ-683B07AEC9B0,2026-09-16 13:59:37
EVT-0005300,IF_MESPE_SAPPP_001,MES,SAP_ERP,Kafka,Async,Success,,,,748,SESS-6D4A52BB00,REQ-49BB90E74BEB,2026-09-14 23:03:18
EVT-0005315,IF_MESPE_SAPPP_001,MES,SAP_ERP,Kafka,Async,Success,,,,1237,SESS-69A00F983F,REQ-85D2B1E9AB8B,2026-09-10 08:02:56
EVT-0005316,IF_MESPE_ORSC_001,MES,ORACLE_SCM,Kafka,Async,Success,,,,1268,SESS-9576467DA4,REQ-8495DDF7E861,2026-09-13 21:04:06
EVT-0005321,IF_MESPC_PLMPD_001,MES,PLM,REST_API,REST,Success,,,,7451,SESS-83BAD27D2B,REQ-2F20ABB15461,2026-09-14 05:46:30
EVT-0005323,IF_MESYM_SAPQM_001,MES,SAP_ERP,Kafka,Async,Success,,,,853,SESS-1D95714CE8,REQ-08AFA16C900F,2026-09-16 02:38:30
EVT-0005334,IF_MESPE_SAPPP_001,MES,SAP_ERP,Kafka,Async,Success,,,,916,SESS-31ADA967FB,REQ-0B41ADB8181D,2026-09-15 04:49:46
EVT-0005341,IF_MESPC_PLMPD_001,MES,PLM,REST_API,REST,Success,,,,9363,SESS-C0618C342D,REQ-F035A1AD8822,2026-09-10 01:29:34
EVT-0005343,IF_MESYM_SAPQM_001,MES,SAP_ERP,Kafka,Async,Failed,AUTHZ_403,Caller is not authorized,Authorization,11954,SESS-7920119B4B,REQ-B386D1EF5A96,2026-09-11 21:35:57
EVT-0005344,IF_MESYM_SAPQM_001,MES,SAP_ERP,Kafka,Async,Success,,,,1772,SESS-C8579433EF,REQ-B46819C52408,2026-09-15 00:45:45
EVT-0005371,IF_MESPE_ORSC_001,MES,ORACLE_SCM,Kafka,Async,Success,,,,1564,SESS-083EF53E2D,REQ-A349B6FE48CE,2026-09-12 07:25:11
EVT-0005377,IF_MESPE_SAPPP_001,MES,SAP_ERP,Kafka,Async,Success,,,,988,SESS-9F99F04C4D,REQ-D6A91A4AB5BB,2026-09-15 05:08:49
EVT-0005389,IF_MESPC_PLMPD_001,MES,PLM,REST_API,REST,Retry,NET_CONN_003,Connection reset by peer,Network,25519,SESS-AA6A874F4A,REQ-E022F6293217,2026-09-15 05:08:56
EVT-0005392,IF_MESPE_ORSC_001,MES,ORACLE_SCM,Kafka,Async,Success,,,,2285,SESS-84FC585562,REQ-3B72529A3DE4,2026-09-14 01:07:12
EVT-0005401,IF_MESPC_PLMPD_001,MES,PLM,REST_API,REST,Success,,,,7165,SESS-5186CC583B,REQ-0AF1D8FC8E7A,2026-09-13 08:06:30
EVT-0005409,IF_MESPE_SAPPP_001,MES,SAP_ERP,Kafka,Async,Retry,CFG_017,Interface configuration mismatch,Configuration,1738,SESS-AA6DA2ABB2,REQ-8F6310D38724,2026-09-10 01:33:38
EVT-0005421,IF_MESPC_PLMPD_001,MES,PLM,REST_API,REST,Failed,NET_CONN_003,Connection reset by peer,Network,27140,SESS-0E738EF894,REQ-CB20F87BFA7A,2026-09-15 13:00:26
EVT-0005423,IF_MESPC_PLMPD_001,MES,PLM,REST_API,REST,Success,,,,7772,SESS-7D8E6C7586,REQ-6B50FB2D631A,2026-09-12 00:49:17
EVT-0005424,IF_MESPE_ORSC_001,MES,ORACLE_SCM,Kafka,Async,Success,,,,2335,SESS-96FB70BD4B,REQ-B3E1672D843D,2026-09-11 04:42:50
EVT-0005432,IF_MESYM_SAPQM_001,MES,SAP_ERP,Kafka,Async,Success,,,,1065,SESS-8133ADCA2F,REQ-98B33EE2EBD3,2026-09-11 01:10:21
EVT-0005433,IF_MESPE_SAPPP_001,MES,SAP_ERP,Kafka,Async,Retry,VAL_400,Required business field failed validation,Validation,2595,SESS-B1827E9B3B,REQ-092AF0000A2A,2026-09-14 22:35:42
EVT-0005434,IF_MESPE_SAPPP_001,MES,SAP_ERP,Kafka,Async,Success,,,,934,SESS-1E730FB0B6,REQ-DEBCD7CDB12B,2026-09-16 00:24:15
EVT-0005457,IF_MESPE_ORSC_001,MES,ORACLE_SCM,Kafka,Async,Success,,,,2532,SESS-9A5EE76881,REQ-CA37BF07FD98,2026-09-14 17:47:52
EVT-0005460,IF_MESPE_SAPPP_001,MES,SAP_ERP,Kafka,Async,Success,,,,700,SESS-53D130B5EC,REQ-E7971A550195,2026-09-14 03:16:49
EVT-0005467,IF_MESPE_ORSC_001,MES,ORACLE_SCM,Kafka,Async,Success,,,,2866,SESS-3F5276AF74,REQ-A32789D54EBE,2026-09-13 18:08:38
EVT-0005504,IF_MESYM_SAPQM_001,MES,SAP_ERP,Kafka,Async,Success,,,,1229,SESS-2BBEAA856E,REQ-CC0C284A06DB,2026-09-14 22:10:16
EVT-0005512,IF_MESPE_SAPPP_001,MES,SAP_ERP,Kafka,Async,Success,,,,579,SESS-FC3C9B3481,REQ-9B237C70D127,2026-09-15 01:12:51
EVT-0005525,IF_MESPE_SAPPP_001,MES,SAP_ERP,Kafka,Async,Success,,,,755,SESS-6B88F261B2,REQ-F0C961073CC9,2026-09-11 13:16:11
EVT-0005528,IF_MESPE_SAPPP_001,MES,SAP_ERP,Kafka,Async,Success,,,,585,SESS-3BAE7DE00A,REQ-1AFB452B64A7,2026-09-12 19:24:00
EVT-0005531,IF_MESPE_ORSC_001,MES,ORACLE_SCM,Kafka,Async,Retry,AUTH_401,Service credential rejected,Authentication,7971,SESS-E01B1D957D,REQ-2072DB4B29B4,2026-09-15 17:48:49
EVT-0005535,IF_MESPE_ORSC_001,MES,ORACLE_SCM,Kafka,Async,Success,,,,2970,SESS-6F19CB4B49,REQ-EF15FC4C29F1,2026-09-11 17:52:44
EVT-0005538,IF_MESYM_SAPQM_001,MES,SAP_ERP,Kafka,Async,Success,,,,1186,SESS-F29662E40F,REQ-B25BA1A3209E,2026-09-12 13:35:53
EVT-0005544,IF_MESPC_PLMPD_001,MES,PLM,REST_API,REST,Success,,,,7361,SESS-2B4772C68D,REQ-4F6510F08220,2026-09-11 08:03:12
EVT-0005545,IF_MESYM_SAPQM_001,MES,SAP_ERP,Kafka,Async,Success,,,,1404,SESS-E0356427AC,REQ-66F88E7E0D1F,2026-09-12 20:03:47
EVT-0005546,IF_MESYM_SAPQM_001,MES,SAP_ERP,Kafka,Async,Success,,,,1226,SESS-12C4D68575,REQ-DCD107F7B965,2026-09-16 08:29:09
EVT-0005551,IF_MESPE_ORSC_001,MES,ORACLE_SCM,Kafka,Async,Success,,,,1785,SESS-2E6F30BDF6,REQ-F2A0B70BC205,2026-09-16 01:07:17
EVT-0005553,IF_MESPE_SAPPP_001,MES,SAP_ERP,Kafka,Async,Success,,,,903,SESS-887A3990DD,REQ-EE71DC51C502,2026-09-11 07:32:31
EVT-0005567,IF_MESPE_SAPPP_001,MES,SAP_ERP,Kafka,Async,Success,,,,879,SESS-F98EF91F8C,REQ-FAEE767E61A3,2026-09-12 17:58:23
EVT-0005573,IF_MESPC_PLMPD_001,MES,PLM,REST_API,REST,Success,,,,6300,SESS-B6138EF270,REQ-4BA3709DE2E9,2026-09-14 15:21:13
EVT-0005581,IF_MESYM_SAPQM_001,MES,SAP_ERP,Kafka,Async,Retry,EXT_502,Downstream service returned 502,External Service,2235,SESS-533D3BACFC,REQ-86667C821C9F,2026-09-15 21:32:26
EVT-0005585,IF_MESPC_PLMPD_001,MES,PLM,REST_API,REST,Success,,,,10240,SESS-42E455BA4E,REQ-320FC8C67994,2026-09-10 01:23:27
EVT-0005594,IF_MESPE_SAPPP_001,MES,SAP_ERP,Kafka,Async,Success,,,,1101,SESS-88C3580728,REQ-EAB6139DB462,2026-09-11 07:20:06
EVT-0005605,IF_MESPC_PLMPD_001,MES,PLM,REST_API,REST,Success,,,,8157,SESS-B26B3B163A,REQ-8490D451C142,2026-09-12 01:00:05
EVT-0005606,IF_MESPE_SAPPP_001,MES,SAP_ERP,Kafka,Async,Success,,,,986,SESS-A534E7D56F,REQ-34D4E3BB2AA6,2026-09-15 20:18:58
EVT-0005611,IF_MESPE_ORSC_001,MES,ORACLE_SCM,Kafka,Async,Success,,,,2590,SESS-186875F6C8,REQ-5D3C417AF1BE,2026-09-13 12:58:33
EVT-0005613,IF_MESPE_ORSC_001,MES,ORACLE_SCM,Kafka,Async,Retry,AUTH_401,Service credential rejected,Authentication,7166,SESS-CDFCD0C0AB,REQ-A8274D127095,2026-09-12 16:20:10
EVT-0005616,IF_MESPE_SAPPP_001,MES,SAP_ERP,Kafka,Async,Success,,,,702,SESS-6CC22A2847,REQ-B4D09C665FF2,2026-09-14 20:21:22
EVT-0005620,IF_MESPC_PLMPD_001,MES,PLM,REST_API,REST,Success,,,,7052,SESS-EDC28D8FA4,REQ-0EE4E2F8A8E0,2026-09-14 20:00:12
EVT-0005625,IF_MESYM_SAPQM_001,MES,SAP_ERP,Kafka,Async,Success,,,,1368,SESS-0E472DFA34,REQ-D20FC2AFDB48,2026-09-15 21:25:54
EVT-0005628,IF_MESYM_SAPQM_001,MES,SAP_ERP,Kafka,Async,Success,,,,1400,SESS-AE32E00DBE,REQ-35F96287840A,2026-09-15 03:06:46
EVT-0005630,IF_MESPC_PLMPD_001,MES,PLM,REST_API,REST,Success,,,,7517,SESS-91EE513506,REQ-FAB62EE097AF,2026-09-12 11:46:45
EVT-0005632,IF_MESYM_SAPQM_001,MES,SAP_ERP,Kafka,Async,Retry,VAL_400,Required business field failed validation,Validation,2337,SESS-77B6716DCB,REQ-C02E4BFB7353,2026-09-15 13:55:15
EVT-0005638,IF_MESPE_ORSC_001,MES,ORACLE_SCM,Kafka,Async,Success,,,,2470,SESS-B339CCE4C6,REQ-668441DE7503,2026-09-16 09:03:47
EVT-0005642,IF_MESPE_ORSC_001,MES,ORACLE_SCM,Kafka,Async,Success,,,,1666,SESS-1B43A27988,REQ-7887D1CC4EBD,2026-09-10 02:21:05
EVT-0005644,IF_MESPE_SAPPP_001,MES,SAP_ERP,Kafka,Async,Success,,,,743,SESS-8294A9C591,REQ-ECA792DAAB03,2026-09-12 20:01:30
EVT-0005645,IF_MESPE_SAPPP_001,MES,SAP_ERP,Kafka,Async,Retry,AUTH_401,Service credential rejected,Authentication,1859,SESS-C7334FF713,REQ-83F94553257C,2026-09-12 23:27:52
EVT-0005652,IF_MESPC_PLMPD_001,MES,PLM,REST_API,REST,Success,,,,7445,SESS-20558316DA,REQ-9323DA89B979,2026-09-10 11:21:31
EVT-0005656,IF_MESPC_PLMPD_001,MES,PLM,REST_API,REST,Success,,,,7892,SESS-FF679D3919,REQ-D341B23F6BA0,2026-09-13 05:43:40
EVT-0005658,IF_MESPE_SAPPP_001,MES,SAP_ERP,Kafka,Async,Success,,,,984,SESS-04CD66E3D3,REQ-D0B873669AEE,2026-09-13 23:44:40
EVT-0005660,IF_MESPC_PLMPD_001,MES,PLM,REST_API,REST,Success,,,,2541,SESS-C0D3D6A4E9,REQ-1EE7503EF1C3,2026-09-11 03:40:14
EVT-0005663,IF_MESPE_SAPPP_001,MES,SAP_ERP,Kafka,Async,Success,,,,941,SESS-E17CB804F4,REQ-BB1A8E36FF57,2026-09-13 14:57:47
EVT-0005668,IF_MESPE_SAPPP_001,MES,SAP_ERP,Kafka,Async,Retry,INFRA_008,Runtime node unavailable,Infrastructure,2800,SESS-3CCE6C8CE9,REQ-46E565717DE8,2026-09-12 12:34:08
EVT-0005673,IF_MESPE_SAPPP_001,MES,SAP_ERP,Kafka,Async,Failed,DB_COMMIT_014,Transaction commit failed,Database,4598,SESS-5B9AC5D6F2,REQ-337E78BECA57,2026-09-12 09:35:30
EVT-0005677,IF_MESPE_ORSC_001,MES,ORACLE_SCM,Kafka,Async,Success,,,,1329,SESS-AAB32FA1CD,REQ-2BB070D8709B,2026-09-13 22:08:12
EVT-0005698,IF_MESPE_SAPPP_001,MES,SAP_ERP,Kafka,Async,Retry,DB_COMMIT_014,Transaction commit failed,Database,1768,SESS-CC9575AB55,REQ-2FE0B55677FE,2026-09-10 07:09:31
EVT-0005703,IF_MESPE_SAPPP_001,MES,SAP_ERP,Kafka,Async,Success,,,,302,SESS-89C7FE896C,REQ-2FE5A4300181,2026-09-14 00:20:38
EVT-0005705,IF_MESPE_ORSC_001,MES,ORACLE_SCM,Kafka,Async,Retry,TIME_004,Downstream response exceeded SLA,Timeout,3944,SESS-7B56D36E7B,REQ-87EBE5575B52,2026-09-16 13:54:36
EVT-0005708,IF_MESPE_SAPPP_001,MES,SAP_ERP,Kafka,Async,Success,,,,873,SESS-CF8DE40543,REQ-47F4B80A64D1,2026-09-13 03:25:07
EVT-0005711,IF_MESPE_ORSC_001,MES,ORACLE_SCM,Kafka,Async,Success,,,,2063,SESS-4ECC3B88BF,REQ-90DCEC55E8B2,2026-09-15 00:57:20
EVT-0005712,IF_MESPE_ORSC_001,MES,ORACLE_SCM,Kafka,Async,Success,,,,1830,SESS-272A586C8D,REQ-543B552096C4,2026-09-13 18:36:17
EVT-0005724,IF_MESPE_ORSC_001,MES,ORACLE_SCM,Kafka,Async,Success,,,,2350,SESS-EEA5C376A8,REQ-EB314B7B2315,2026-09-13 20:10:31
EVT-0005726,IF_MESPE_ORSC_001,MES,ORACLE_SCM,Kafka,Async,Success,,,,2767,SESS-332D279C60,REQ-0690533DC769,2026-09-16 23:01:18
EVT-0005729,IF_MESPE_ORSC_001,MES,ORACLE_SCM,Kafka,Async,Retry,AUTH_401,Service credential rejected,Authentication,6885,SESS-D93DB3FD3E,REQ-4859E47E59A9,2026-09-10 11:45:02
EVT-0005733,IF_MESPC_PLMPD_001,MES,PLM,REST_API,REST,Success,,,,5557,SESS-29301727B9,REQ-3A73658D8100,2026-09-15 18:58:31
EVT-0005749,IF_MESPC_PLMPD_001,MES,PLM,REST_API,REST,Success,,,,6573,SESS-A276861363,REQ-E464B358EADE,2026-09-13 19:50:27
EVT-0005752,IF_MESPC_PLMPD_001,MES,PLM,REST_API,REST,Success,,,,6719,SESS-B3D09B476F,REQ-91F914F240B1,2026-09-11 19:51:00
EVT-0005753,IF_MESPC_PLMPD_001,MES,PLM,REST_API,REST,Success,,,,7299,SESS-FA351D21C6,REQ-3EAD0A996E4E,2026-09-10 15:24:42
EVT-0005759,IF_MESPE_SAPPP_001,MES,SAP_ERP,Kafka,Async,Success,,,,1055,SESS-CA9F3F9155,REQ-C7C71E75D5CD,2026-09-10 22:28:25
EVT-0005765,IF_MESPE_ORSC_001,MES,ORACLE_SCM,Kafka,Async,Failed,CFG_017,Interface configuration mismatch,Configuration,9784,SESS-F0124D7D53,REQ-5E195E45B07D,2026-09-14 04:03:53
EVT-0005770,IF_MESYM_SAPQM_001,MES,SAP_ERP,Kafka,Async,Success,,,,1308,SESS-BDF4D61F94,REQ-4D1E808AB4B6,2026-09-13 16:15:34
EVT-0005781,IF_MESPE_ORSC_001,MES,ORACLE_SCM,Kafka,Async,Success,,,,2223,SESS-DF4E2ECAD0,REQ-0776412C254D,2026-09-16 04:20:34
EVT-0005788,IF_MESPE_ORSC_001,MES,ORACLE_SCM,Kafka,Async,Success,,,,3101,SESS-F67BABC5C3,REQ-21DB1DE27805,2026-09-12 17:05:05
EVT-0005790,IF_MESPE_ORSC_001,MES,ORACLE_SCM,Kafka,Async,Success,,,,1977,SESS-1886A9C9A0,REQ-25282958F551,2026-09-12 11:58:45
EVT-0005796,IF_MESPE_SAPPP_001,MES,SAP_ERP,Kafka,Async,Success,,,,1298,SESS-E369CDB519,REQ-1787661D398B,2026-09-12 13:29:26
EVT-0005801,IF_MESYM_SAPQM_001,MES,SAP_ERP,Kafka,Async,Success,,,,1600,SESS-7856D4BCDA,REQ-261D05A2DF79,2026-09-10 22:15:36
EVT-0005802,IF_MESPE_ORSC_001,MES,ORACLE_SCM,Kafka,Async,Success,,,,1802,SESS-C01E8AE141,REQ-47BC4D2C24CC,2026-09-15 17:15:13
EVT-0005806,IF_MESPE_ORSC_001,MES,ORACLE_SCM,Kafka,Async,Success,,,,3291,SESS-41F2ADE067,REQ-99AB2A9A21A4,2026-09-11 13:15:50
EVT-0005814,IF_MESPE_SAPPP_001,MES,SAP_ERP,Kafka,Async,Success,,,,936,SESS-2B63120CBD,REQ-22FDB7B984B8,2026-09-11 16:24:29
EVT-0005821,IF_MESPC_PLMPD_001,MES,PLM,REST_API,REST,Success,,,,6754,SESS-5D6AC38E70,REQ-F746956B034A,2026-09-11 11:52:04
EVT-0005823,IF_MESYM_SAPQM_001,MES,SAP_ERP,Kafka,Async,Success,,,,985,SESS-846777BF34,REQ-7CB1B01754F0,2026-09-15 08:22:38
EVT-0005826,IF_MESYM_SAPQM_001,MES,SAP_ERP,Kafka,Async,Success,,,,1823,SESS-C480E82FAC,REQ-7C68E44BA0D6,2026-09-12 22:31:03
EVT-0005832,IF_MESYM_SAPQM_001,MES,SAP_ERP,Kafka,Async,Success,,,,1341,SESS-3871FC307A,REQ-71D27116020E,2026-09-10 10:40:24
EVT-0005834,IF_MESPE_SAPPP_001,MES,SAP_ERP,Kafka,Async,Success,,,,615,SESS-81F49B3BBC,REQ-346A778C9B93,2026-09-14 02:14:00
EVT-0005836,IF_MESPC_PLMPD_001,MES,PLM,REST_API,REST,Failed,VAL_400,Required business field failed validation,Validation,33928,SESS-1315840448,REQ-20A9C2B67677,2026-09-14 06:39:01
EVT-0005840,IF_MESPE_SAPPP_001,MES,SAP_ERP,Kafka,Async,Success,,,,891,SESS-FD8332B87D,REQ-5DA147891835,2026-09-11 09:41:55
EVT-0005841,IF_MESYM_SAPQM_001,MES,SAP_ERP,Kafka,Async,Success,,,,1219,SESS-D47C30E23B,REQ-741D5C4A9B4D,2026-09-12 15:25:24
EVT-0005842,IF_MESPE_ORSC_001,MES,ORACLE_SCM,Kafka,Async,Success,,,,2539,SESS-3199F6ECE5,REQ-1408D4273D33,2026-09-16 19:29:13
EVT-0005849,IF_MESPC_PLMPD_001,MES,PLM,REST_API,REST,Success,,,,5771,SESS-C2D258576A,REQ-5C8F281D35DE,2026-09-14 12:37:32
EVT-0005850,IF_MESYM_SAPQM_001,MES,SAP_ERP,Kafka,Async,Success,,,,679,SESS-709EA1EB6C,REQ-188982EB958A,2026-09-11 16:48:02
EVT-0005856,IF_MESPE_ORSC_001,MES,ORACLE_SCM,Kafka,Async,Success,,,,2087,SESS-25AA859454,REQ-05C866D5ADB8,2026-09-14 11:12:28
EVT-0005867,IF_MESYM_SAPQM_001,MES,SAP_ERP,Kafka,Async,Success,,,,1462,SESS-3D4F20DC85,REQ-0FE3D89BF0B4,2026-09-14 02:38:21
EVT-0005872,IF_MESYM_SAPQM_001,MES,SAP_ERP,Kafka,Async,Success,,,,1430,SESS-F1AB212B40,REQ-EDBD3993FB74,2026-09-11 07:08:42
EVT-0005883,IF_MESPE_ORSC_001,MES,ORACLE_SCM,Kafka,Async,Retry,TIME_004,Downstream response exceeded SLA,Timeout,5451,SESS-267E302F8D,REQ-09C4C95143D6,2026-09-15 17:23:56
EVT-0005894,IF_MESPE_SAPPP_001,MES,SAP_ERP,Kafka,Async,Success,,,,738,SESS-0D7CBE0575,REQ-1C89307DCD30,2026-09-12 22:34:40
EVT-0005895,IF_MESPC_PLMPD_001,MES,PLM,REST_API,REST,Success,,,,4993,SESS-544733E750,REQ-D2B58CBD34C2,2026-09-11 06:01:31
EVT-0005896,IF_MESPC_PLMPD_001,MES,PLM,REST_API,REST,Success,,,,7995,SESS-8E535520B1,REQ-7B5A9B3883FA,2026-09-13 01:02:07
EVT-0005898,IF_MESPE_SAPPP_001,MES,SAP_ERP,Kafka,Async,Success,,,,807,SESS-9A9492C760,REQ-A634815050CE,2026-09-16 11:56:09
EVT-0005899,IF_MESPE_SAPPP_001,MES,SAP_ERP,Kafka,Async,Success,,,,749,SESS-E9DB6AB240,REQ-36276CEF88E3,2026-09-10 06:47:15
EVT-0005907,IF_MESPE_SAPPP_001,MES,SAP_ERP,Kafka,Async,Retry,INFRA_008,Runtime node unavailable,Infrastructure,1432,SESS-607A4181D7,REQ-BD6201A63EE8,2026-09-14 12:40:46
EVT-0005918,IF_MESPE_SAPPP_001,MES,SAP_ERP,Kafka,Async,Retry,VAL_400,Required business field failed validation,Validation,1823,SESS-6F81F8B4C5,REQ-92055A74640E,2026-09-15 23:55:11
EVT-0005920,IF_MESYM_SAPQM_001,MES,SAP_ERP,Kafka,Async,Failed,NET_CONN_003,Connection reset by peer,Network,3913,SESS-A9FB4AA467,REQ-0153DD67D0C7,2026-09-13 07:15:27
EVT-0005936,IF_MESPE_ORSC_001,MES,ORACLE_SCM,Kafka,Async,Success,,,,2486,SESS-A6772BC512,REQ-CC5BE85E6CB4,2026-09-14 09:33:34
EVT-0005955,IF_MESYM_SAPQM_001,MES,SAP_ERP,Kafka,Async,Success,,,,1509,SESS-72ABD519CF,REQ-FA4019B5A682,2026-09-16 20:22:49
EVT-0005960,IF_MESPE_ORSC_001,MES,ORACLE_SCM,Kafka,Async,Success,,,,2242,SESS-78CFE9644B,REQ-255D759D088F,2026-09-14 22:17:13
EVT-0005967,IF_MESPC_PLMPD_001,MES,PLM,REST_API,REST,Success,,,,6405,SESS-BDA82F54CA,REQ-FCB64989D042,2026-09-10 01:44:32
EVT-0005977,IF_MESPE_ORSC_001,MES,ORACLE_SCM,Kafka,Async,Success,,,,1671,SESS-2E4566A590,REQ-0D8B253BCA21,2026-09-16 14:29:19
EVT-0005983,IF_MESPE_ORSC_001,MES,ORACLE_SCM,Kafka,Async,Success,,,,2182,SESS-42601F3FC9,REQ-CFB89555D4E1,2026-09-14 01:24:37
EVT-0005994,IF_MESPE_ORSC_001,MES,ORACLE_SCM,Kafka,Async,Success,,,,2456,SESS-030E0A3425,REQ-5201CFEB6193,2026-09-10 15:37:50
EVT-0000001,IF_ORSC_SAPPP_001,ORACLE_SCM,SAP_ERP,Kafka,Async,Retry,INFRA_008,Runtime node unavailable,Infrastructure,2266,SESS-05F8981FB9,REQ-3F73C449F9E0,2026-09-15 05:35:56+00:00
EVT-0000002,IF_ORSC_ORIM_001,ORACLE_SCM,ORACLE_SCM,ESB,Sync,Retry,AUTH_401,Service credential rejected,Authentication,7125,SESS-FBFD6EEC9F,REQ-E249D08A1EE0,2026-09-14 08:18:25+00:00
EVT-0000010,IF_ORIM_SAPPROC_001,ORACLE_SCM,SAP_ERP,REST_API,REST,Success,,,,2153,SESS-A8B47456AF,REQ-1485B021A0BD,2026-09-11 23:55:01+00:00
EVT-0000011,IF_ORIM_SAPPROC_001,ORACLE_SCM,SAP_ERP,REST_API,REST,Success,,,,2871,SESS-36B7A49142,REQ-09C8D06CD525,2026-09-16 18:38:25+00:00
EVT-0000013,IF_ORWMS_SAPQM_001,ORACLE_SCM,SAP_ERP,Kafka,Async,Success,,,,1978,SESS-23AB529388,REQ-988DDC96D514,2026-09-16 03:26:58+00:00
EVT-0000014,IF_ORIM_MESPE_001,ORACLE_SCM,MES,Kafka,Async,Success,,,,989,SESS-EEDA6F8155,REQ-C1CCE44B2A8C,2026-09-13 21:05:07+00:00
EVT-0000018,IF_ORWMS_SAPQM_001,ORACLE_SCM,SAP_ERP,Kafka,Async,Success,,,,2277,SESS-F94C7F15BA,REQ-F2C7B96BCCE6,2026-09-14 09:52:32+00:00
EVT-0000020,IF_ORSC_ORIM_001,ORACLE_SCM,ORACLE_SCM,ESB,Sync,Success,,,,2112,SESS-462A597318,REQ-47C4FB5C57CC,2026-09-16 00:04:51+00:00
EVT-0000028,IF_ORSC_SAPPP_001,ORACLE_SCM,SAP_ERP,Kafka,Async,Retry,TIME_004,Downstream response exceeded SLA,Timeout,3268,SESS-3353544B2F,REQ-AF66D42BF427,2026-09-11 08:31:59+00:00
EVT-0000043,IF_OROM_CRMOM_001,ORACLE_SCM,CRM,REST_API,REST,Retry,EXT_502,Downstream service returned 502,External Service,5046,SESS-CA1A065571,REQ-897E27B56397,2026-09-10 17:59:11+00:00
EVT-0000044,IF_ORIM_SAPPROC_001,ORACLE_SCM,SAP_ERP,REST_API,REST,Success,,,,1292,SESS-92C90CD8DA,REQ-5C606CC6CF84,2026-09-16 01:53:12+00:00
EVT-0000047,IF_ORWMS_SAPQM_001,ORACLE_SCM,SAP_ERP,Kafka,Async,Success,,,,1340,SESS-AB46CFCF5D,REQ-FF1E37982BFA,2026-09-16 09:34:12+00:00
EVT-0000048,IF_ORSC_ORIM_001,ORACLE_SCM,ORACLE_SCM,ESB,Sync,Success,,,,2597,SESS-F89EF97F4E,REQ-785B49C91F7D,2026-09-14 05:12:27+00:00
EVT-0000056,IF_OROM_CRMOM_001,ORACLE_SCM,CRM,REST_API,REST,Success,,,,1978,SESS-28D2CF3141,REQ-C949B1F00B4D,2026-09-15 15:44:12+00:00
EVT-0000058,IF_ORWMS_OROM_001,ORACLE_SCM,ORACLE_SCM,Kafka,Async,Retry,TIME_004,Downstream response exceeded SLA,Timeout,2589,SESS-DD2B95B502,REQ-35AD9E242CF7,2026-09-13 12:31:12+00:00
EVT-0000059,IF_ORWMS_SAPQM_001,ORACLE_SCM,SAP_ERP,Kafka,Async,Success,,,,2009,SESS-7F72FB3429,REQ-A2898A303AFF,2026-09-11 14:08:25+00:00
EVT-0000067,IF_ORSC_ORIM_001,ORACLE_SCM,ORACLE_SCM,ESB,Sync,Success,,,,2707,SESS-5F393F34D8,REQ-4B3CA14EC931,2026-09-13 01:33:47+00:00
EVT-0000071,IF_ORIM_ORWMS_001,ORACLE_SCM,ORACLE_SCM,ESB,Sync,Retry,CFG_017,Interface configuration mismatch,Configuration,1652,SESS-EC3B76B0A1,REQ-1AEB09046049,2026-09-12 17:52:12+00:00
EVT-0000079,IF_ORIM_SAPPROC_001,ORACLE_SCM,SAP_ERP,REST_API,REST,Success,,,,2586,SESS-16AB8F497A,REQ-5DF476376498,2026-09-11 07:21:12+00:00
EVT-0000081,IF_ORSC_ORIM_001,ORACLE_SCM,ORACLE_SCM,ESB,Sync,Success,,,,2534,SESS-CAEABCA5DE,REQ-68F36D9915CC,2026-09-14 13:15:19+00:00
EVT-0000083,IF_ORSC_ORIM_001,ORACLE_SCM,ORACLE_SCM,ESB,Sync,Success,,,,2206,SESS-28B5601755,REQ-C10A90C7213C,2026-09-15 22:01:08+00:00
EVT-0000084,IF_ORSC_SAPPP_001,ORACLE_SCM,SAP_ERP,Kafka,Async,Success,,,,1490,SESS-C719130EE2,REQ-686F0505E51A,2026-09-10 23:20:22+00:00
EVT-0000085,IF_ORIM_SAPPROC_001,ORACLE_SCM,SAP_ERP,REST_API,REST,Failed,AUTHZ_403,Caller is not authorized,Authorization,4390,SESS-50AB77AD23,REQ-6B782DC8D056,2026-09-13 01:29:45+00:00
EVT-0000086,IF_ORIM_ORWMS_001,ORACLE_SCM,ORACLE_SCM,ESB,Sync,Success,,,,971,SESS-2B97E51F4A,REQ-09D2B8983C76,2026-09-15 05:58:33+00:00
EVT-0000088,IF_ORWMS_SAPQM_001,ORACLE_SCM,SAP_ERP,Kafka,Async,Success,,,,3106,SESS-ED542AF04D,REQ-1D0B8F9F98F9,2026-09-10 11:51:43+00:00
EVT-0000090,IF_ORIM_ORWMS_001,ORACLE_SCM,ORACLE_SCM,ESB,Sync,Success,,,,769,SESS-402E1F2654,REQ-AAC560E399C4,2026-09-16 19:37:00+00:00
EVT-0000096,IF_ORSC_ORIM_001,ORACLE_SCM,ORACLE_SCM,ESB,Sync,Success,,,,2188,SESS-6659B425D6,REQ-5D27889EA5BC,2026-09-14 13:21:42+00:00
EVT-0000097,IF_ORWMS_OROM_001,ORACLE_SCM,ORACLE_SCM,Kafka,Async,Failed,CFG_017,Interface configuration mismatch,Configuration,2526,SESS-3FE63FA7D5,REQ-AE7C02E023AC,2026-09-16 02:47:40+00:00
EVT-0000098,IF_OROM_CRMOM_001,ORACLE_SCM,CRM,REST_API,REST,Success,,,,1961,SESS-3CE20EACCD,REQ-6E663077B627,2026-09-12 06:19:11+00:00
EVT-0000101,IF_ORSC_ORIM_001,ORACLE_SCM,ORACLE_SCM,ESB,Sync,Success,,,,2519,SESS-F7FF6979AD,REQ-2909C82B5C5A,2026-09-10 10:35:36+00:00
EVT-0000103,IF_ORSC_SAPPP_001,ORACLE_SCM,SAP_ERP,Kafka,Async,Success,,,,1352,SESS-05C7ADE967,REQ-F1F7755FC31B,2026-09-14 13:03:08+00:00
EVT-0000111,IF_ORSC_ORIM_001,ORACLE_SCM,ORACLE_SCM,ESB,Sync,Success,,,,1346,SESS-F8455CD917,REQ-51EBE61C054C,2026-09-11 09:24:48+00:00
EVT-0000117,IF_ORWMS_OROM_001,ORACLE_SCM,ORACLE_SCM,Kafka,Async,Retry,NET_CONN_003,Connection reset by peer,Network,5355,SESS-2803FBE3A4,REQ-1EAFBC18F84A,2026-09-16 21:19:22+00:00
EVT-0000122,IF_ORIM_ORWMS_001,ORACLE_SCM,ORACLE_SCM,ESB,Sync,Success,,,,820,SESS-9F5062D520,REQ-C1292E27D7F0,2026-09-12 13:27:49+00:00
EVT-0000124,IF_ORIM_MESPE_001,ORACLE_SCM,MES,Kafka,Async,Success,,,,2230,SESS-8E0509983D,REQ-A38BC39D99EA,2026-09-16 14:56:59+00:00
EVT-0000128,IF_ORSC_SAPPP_001,ORACLE_SCM,SAP_ERP,Kafka,Async,Success,,,,1503,SESS-DFB003A6E5,REQ-9DA96A81035E,2026-09-13 09:44:46+00:00
EVT-0000137,IF_ORSC_ORIM_001,ORACLE_SCM,ORACLE_SCM,ESB,Sync,Success,,,,1850,SESS-DDEC000082,REQ-9EDBFED351D5,2026-09-11 16:27:21+00:00
EVT-0000141,IF_ORSC_ORIM_001,ORACLE_SCM,ORACLE_SCM,ESB,Sync,Success,,,,3091,SESS-AB3C8B05EE,REQ-090C89CE5399,2026-09-14 08:44:28+00:00
EVT-0000150,IF_ORSC_SAPPP_001,ORACLE_SCM,SAP_ERP,Kafka,Async,Retry,AUTH_401,Service credential rejected,Authentication,4588,SESS-9B1E563074,REQ-F868EC319428,2026-09-15 13:45:58+00:00
EVT-0000151,IF_ORWMS_SAPQM_001,ORACLE_SCM,SAP_ERP,Kafka,Async,Success,,,,3551,SESS-20ED0CBA2C,REQ-2725F1DF910F,2026-09-16 16:18:22+00:00
EVT-0000156,IF_ORIM_SAPPROC_001,ORACLE_SCM,SAP_ERP,REST_API,REST,Success,,,,2098,SESS-505961DDC9,REQ-D2EE71E98985,2026-09-13 03:56:17+00:00
EVT-0000157,IF_ORIM_ORWMS_001,ORACLE_SCM,ORACLE_SCM,ESB,Sync,Success,,,,603,SESS-F87A1C6A81,REQ-443B2C0982BD,2026-09-15 20:37:56+00:00
EVT-0000158,IF_OROM_CRMOM_001,ORACLE_SCM,CRM,REST_API,REST,Success,,,,1577,SESS-B737D93205,REQ-33155FCC71A0,2026-09-14 15:02:26+00:00
EVT-0000161,IF_OROM_CRMOM_001,ORACLE_SCM,CRM,REST_API,REST,Retry,DB_COMMIT_014,Transaction commit failed,Database,7754,SESS-47A435291A,REQ-5B22F7876613,2026-09-13 18:17:52+00:00
EVT-0000166,IF_ORIM_SAPPROC_001,ORACLE_SCM,SAP_ERP,REST_API,REST,Failed,CAP_003,Downstream service is at capacity,Capacity,6709,SESS-8C829ABB11,REQ-A087DB2E1B3D,2026-09-14 00:37:19+00:00
EVT-0000167,IF_ORWMS_SAPQM_001,ORACLE_SCM,SAP_ERP,Kafka,Async,Success,,,,1659,SESS-335805AC95,REQ-539226B29656,2026-09-11 02:04:20+00:00
EVT-0000169,IF_ORIM_MESPE_001,ORACLE_SCM,MES,Kafka,Async,Success,,,,1453,SESS-3AB2DF7F25,REQ-D87E9215A88D,2026-09-16 14:32:16+00:00
EVT-0000172,IF_ORWMS_SAPQM_001,ORACLE_SCM,SAP_ERP,Kafka,Async,Retry,VAL_400,Required business field failed validation,Validation,3779,SESS-540DA1E958,REQ-D2522EE92876,2026-09-14 04:37:15+00:00
EVT-0000173,IF_OROM_CRMOM_001,ORACLE_SCM,CRM,REST_API,REST,Failed,INFRA_008,Runtime node unavailable,Infrastructure,15147,SESS-F58E830355,REQ-9CC2F0C74A1D,2026-09-15 21:44:56+00:00
EVT-0000174,IF_ORIM_ORWMS_001,ORACLE_SCM,ORACLE_SCM,ESB,Sync,Success,,,,829,SESS-92A90D7B15,REQ-D51C36EDC633,2026-09-15 03:34:57+00:00
EVT-0000175,IF_ORIM_SAPPROC_001,ORACLE_SCM,SAP_ERP,REST_API,REST,Success,,,,2496,SESS-0FBE130759,REQ-AB156C0F7134,2026-09-10 16:55:54+00:00
EVT-0000178,IF_ORIM_ORWMS_001,ORACLE_SCM,ORACLE_SCM,ESB,Sync,Success,,,,1148,SESS-DFB9010062,REQ-3EF97DAB68D6,2026-09-14 20:14:23+00:00
EVT-0000182,IF_ORWMS_SAPQM_001,ORACLE_SCM,SAP_ERP,Kafka,Async,Failed,CAP_003,Downstream service is at capacity,Capacity,4928,SESS-957CC918ED,REQ-961F9F395773,2026-09-16 08:47:13+00:00
EVT-0000185,IF_ORIM_SAPPROC_001,ORACLE_SCM,SAP_ERP,REST_API,REST,Retry,DB_COMMIT_014,Transaction commit failed,Database,4733,SESS-A47E504080,REQ-DF52C2DA85BB,2026-09-13 10:08:07+00:00
EVT-0000196,IF_ORIM_SAPPROC_001,ORACLE_SCM,SAP_ERP,REST_API,REST,Success,,,,2802,SESS-4831E15F88,REQ-C9B3AE780F8D,2026-09-11 21:58:05+00:00
EVT-0000203,IF_ORSC_SAPPP_001,ORACLE_SCM,SAP_ERP,Kafka,Async,Success,,,,984,SESS-AA2EA7A07D,REQ-BA0C0105938A,2026-09-10 01:17:28+00:00
EVT-0000206,IF_ORWMS_SAPQM_001,ORACLE_SCM,SAP_ERP,Kafka,Async,Retry,CFG_017,Interface configuration mismatch,Configuration,4299,SESS-4454C7D230,REQ-4338294DBBA3,2026-09-12 12:14:30+00:00
EVT-0000213,IF_OROM_CRMOM_001,ORACLE_SCM,CRM,REST_API,REST,Success,,,,1519,SESS-77EA51DCB4,REQ-97FE43686EC8,2026-09-12 03:01:15+00:00
EVT-0000214,IF_ORWMS_OROM_001,ORACLE_SCM,ORACLE_SCM,Kafka,Async,Success,,,,1505,SESS-11523D04C6,REQ-61C28ED827F2,2026-09-12 20:57:20+00:00
EVT-0000215,IF_OROM_CRMOM_001,ORACLE_SCM,CRM,REST_API,REST,Failed,EXT_502,Downstream service returned 502,External Service,19126,SESS-C0D90AA829,REQ-CD0F876FFC71,2026-09-16 19:12:10+00:00
EVT-0000217,IF_ORIM_SAPPROC_001,ORACLE_SCM,SAP_ERP,REST_API,REST,Success,,,,872,SESS-DD779A96B0,REQ-5715C66451A9,2026-09-10 00:47:05+00:00
EVT-0000222,IF_ORIM_ORWMS_001,ORACLE_SCM,ORACLE_SCM,ESB,Sync,Success,,,,761,SESS-87415F8F54,REQ-394F48F4F9C1,2026-09-16 12:32:25+00:00
EVT-0000226,IF_ORIM_MESPE_001,ORACLE_SCM,MES,Kafka,Async,Success,,,,1188,SESS-284CBC3257,REQ-40A8A6263D21,2026-09-12 03:46:55+00:00
EVT-0000228,IF_ORIM_ORWMS_001,ORACLE_SCM,ORACLE_SCM,ESB,Sync,Success,,,,913,SESS-A908F2EBA3,REQ-597AF8082FA6,2026-09-12 20:42:15+00:00
EVT-0000235,IF_ORWMS_SAPQM_001,ORACLE_SCM,SAP_ERP,Kafka,Async,Success,,,,1467,SESS-706D770D16,REQ-C25B4F997A3F,2026-09-12 01:22:57+00:00
EVT-0000236,IF_ORSC_SAPPP_001,ORACLE_SCM,SAP_ERP,Kafka,Async,Retry,CAP_003,Downstream service is at capacity,Capacity,4771,SESS-9D3E8F78F8,REQ-D336351AAF25,2026-09-10 20:20:49+00:00
EVT-0000237,IF_ORSC_SAPPP_001,ORACLE_SCM,SAP_ERP,Kafka,Async,Success,,,,1870,SESS-74F8C52AAF,REQ-397AE61CC651,2026-09-12 19:22:39+00:00
EVT-0000239,IF_ORSC_ORIM_001,ORACLE_SCM,ORACLE_SCM,ESB,Sync,Success,,,,2304,SESS-B9E1588F5D,REQ-AC4124BE1794,2026-09-16 20:39:47+00:00
EVT-0000245,IF_ORSC_ORIM_001,ORACLE_SCM,ORACLE_SCM,ESB,Sync,Success,,,,3143,SESS-F0BEB0027D,REQ-3DA1B81402C5,2026-09-13 13:49:37+00:00
EVT-0000247,IF_ORWMS_SAPQM_001,ORACLE_SCM,SAP_ERP,Kafka,Async,Success,,,,1271,SESS-E4F22529B4,REQ-8D033CE4B7A1,2026-09-10 10:23:15+00:00
EVT-0000250,IF_ORSC_SAPPP_001,ORACLE_SCM,SAP_ERP,Kafka,Async,Success,,,,1557,SESS-D7C6E492EF,REQ-D617C7CDE802,2026-09-10 23:56:59+00:00
EVT-0000256,IF_ORIM_MESPE_001,ORACLE_SCM,MES,Kafka,Async,Success,,,,1327,SESS-8602662A95,REQ-96DD9BD51D2E,2026-09-12 12:06:23+00:00
EVT-0000257,IF_ORSC_SAPPP_001,ORACLE_SCM,SAP_ERP,Kafka,Async,Success,,,,1844,SESS-B7B3B69FE2,REQ-4533740F9110,2026-09-12 22:36:54+00:00
EVT-0000262,IF_OROM_CRMOM_001,ORACLE_SCM,CRM,REST_API,REST,Success,,,,2218,SESS-6720456549,REQ-D2BD7E625D2A,2026-09-10 15:04:22+00:00
EVT-0000265,IF_OROM_CRMOM_001,ORACLE_SCM,CRM,REST_API,REST,Success,,,,1669,SESS-14C7976388,REQ-4DA3BBC523C6,2026-09-12 19:22:09+00:00
EVT-0000267,IF_ORWMS_SAPQM_001,ORACLE_SCM,SAP_ERP,Kafka,Async,Success,,,,2873,SESS-199145C8B5,REQ-0A5A0C7D2F25,2026-09-14 16:56:34+00:00
EVT-0000272,IF_OROM_CRMOM_001,ORACLE_SCM,CRM,REST_API,REST,Success,,,,1427,SESS-BC80D6AD22,REQ-0C62CFE9821E,2026-09-15 07:18:24+00:00
EVT-0000273,IF_ORIM_SAPPROC_001,ORACLE_SCM,SAP_ERP,REST_API,REST,Success,,,,2166,SESS-E3D9EC1930,REQ-9F1F9D5C674D,2026-09-16 17:56:45+00:00
EVT-0000274,IF_ORIM_SAPPROC_001,ORACLE_SCM,SAP_ERP,REST_API,REST,Success,,,,2487,SESS-9AC60CE14D,REQ-A825B6C976F8,2026-09-14 02:29:29+00:00
EVT-0000275,IF_ORWMS_OROM_001,ORACLE_SCM,ORACLE_SCM,Kafka,Async,Success,,,,1258,SESS-073FF6E805,REQ-113B0A023F0A,2026-09-12 02:06:34+00:00
EVT-0000278,IF_ORIM_SAPPROC_001,ORACLE_SCM,SAP_ERP,REST_API,REST,Success,,,,2369,SESS-BB31A5F6EF,REQ-BE4EF2A71136,2026-09-13 01:58:09+00:00
EVT-0000286,IF_ORIM_ORWMS_001,ORACLE_SCM,ORACLE_SCM,ESB,Sync,Success,,,,977,SESS-896048D01C,REQ-A5E5A241EF6C,2026-09-12 00:34:48+00:00
EVT-0000290,IF_ORSC_SAPPP_001,ORACLE_SCM,SAP_ERP,Kafka,Async,Success,,,,1957,SESS-B415040EC6,REQ-00975D6C28CA,2026-09-12 11:04:34+00:00
EVT-0000292,IF_ORSC_ORIM_001,ORACLE_SCM,ORACLE_SCM,ESB,Sync,Success,,,,2221,SESS-AEC72C524F,REQ-63C814606895,2026-09-11 13:21:39+00:00
EVT-0000295,IF_ORWMS_OROM_001,ORACLE_SCM,ORACLE_SCM,Kafka,Async,Success,,,,1580,SESS-F2B208DDD9,REQ-9A9E48145D67,2026-09-10 14:55:35+00:00
EVT-0000297,IF_ORIM_SAPPROC_001,ORACLE_SCM,SAP_ERP,REST_API,REST,Success,,,,2983,SESS-7922D46F6E,REQ-E69F9C39CD85,2026-09-10 20:55:55+00:00
EVT-0000313,IF_ORIM_ORWMS_001,ORACLE_SCM,ORACLE_SCM,ESB,Sync,Success,,,,961,SESS-8595F09C0F,REQ-104F52D28BD9,2026-09-14 06:48:02+00:00
EVT-0000317,IF_ORIM_SAPPROC_001,ORACLE_SCM,SAP_ERP,REST_API,REST,Success,,,,1766,SESS-8D61D54D55,REQ-BF4EC4476CD6,2026-09-11 10:11:12+00:00
EVT-0000322,IF_ORIM_SAPPROC_001,ORACLE_SCM,SAP_ERP,REST_API,REST,Success,,,,1661,SESS-1037313BF0,REQ-ABBD8A1771B0,2026-09-10 04:54:07+00:00
EVT-0000323,IF_ORWMS_SAPQM_001,ORACLE_SCM,SAP_ERP,Kafka,Async,Success,,,,1697,SESS-509693B8A8,REQ-8FAC551B5C34,2026-09-14 01:26:11+00:00
EVT-0000326,IF_ORIM_SAPPROC_001,ORACLE_SCM,SAP_ERP,REST_API,REST,Success,,,,2315,SESS-06981DCA6D,REQ-535389E03705,2026-09-10 17:32:53+00:00
EVT-0000331,IF_ORWMS_OROM_001,ORACLE_SCM,ORACLE_SCM,Kafka,Async,Retry,NET_CONN_003,Connection reset by peer,Network,3142,SESS-265A3E07C4,REQ-35508209D4C8,2026-09-11 03:31:14+00:00
EVT-0000332,IF_ORSC_SAPPP_001,ORACLE_SCM,SAP_ERP,Kafka,Async,Retry,AUTH_401,Service credential rejected,Authentication,3360,SESS-196136ADBE,REQ-1C0A0A9DBE43,2026-09-13 04:47:48+00:00
EVT-0000334,IF_ORSC_SAPPP_001,ORACLE_SCM,SAP_ERP,Kafka,Async,Success,,,,1301,SESS-ADE2B20F38,REQ-1A5E39CC7A5D,2026-09-14 10:21:23+00:00
EVT-0000335,IF_ORSC_ORIM_001,ORACLE_SCM,ORACLE_SCM,ESB,Sync,Success,,,,2428,SESS-A35AC73270,REQ-06D2F45C9578,2026-09-12 20:47:59+00:00
EVT-0000337,IF_ORWMS_SAPQM_001,ORACLE_SCM,SAP_ERP,Kafka,Async,Success,,,,2176,SESS-642AC37663,REQ-DEE12E61E6D5,2026-09-16 21:36:30+00:00
EVT-0000345,IF_ORIM_MESPE_001,ORACLE_SCM,MES,Kafka,Async,Success,,,,982,SESS-26EACAC202,REQ-98AA0CF6641C,2026-09-11 08:50:03+00:00
EVT-0000346,IF_ORWMS_OROM_001,ORACLE_SCM,ORACLE_SCM,Kafka,Async,Success,,,,1719,SESS-0140C6F746,REQ-4F105A70F6CB,2026-09-12 20:04:17+00:00
EVT-0000359,IF_ORIM_ORWMS_001,ORACLE_SCM,ORACLE_SCM,ESB,Sync,Success,,,,613,SESS-C8286064B1,REQ-1E1C9AF73B74,2026-09-11 16:55:43+00:00
EVT-0000366,IF_ORWMS_SAPQM_001,ORACLE_SCM,SAP_ERP,Kafka,Async,Success,,,,2886,SESS-B8E193171A,REQ-D6E723A0D186,2026-09-13 17:09:01+00:00
EVT-0000382,IF_ORIM_ORWMS_001,ORACLE_SCM,ORACLE_SCM,ESB,Sync,Success,,,,426,SESS-19E90D617B,REQ-D4C8226D659C,2026-09-16 23:44:43+00:00
EVT-0000383,IF_ORSC_SAPPP_001,ORACLE_SCM,SAP_ERP,Kafka,Async,Success,,,,1405,SESS-3C072D3F02,REQ-8A11B7444DD4,2026-09-10 03:31:46+00:00
EVT-0000387,IF_OROM_CRMOM_001,ORACLE_SCM,CRM,REST_API,REST,Success,,,,2368,SESS-F349084AFB,REQ-021302B1A615,2026-09-11 09:10:40+00:00
EVT-0000389,IF_ORWMS_OROM_001,ORACLE_SCM,ORACLE_SCM,Kafka,Async,Success,,,,1415,SESS-85724CA87A,REQ-A9D339A80F56,2026-09-12 10:18:22+00:00
EVT-0000392,IF_ORWMS_OROM_001,ORACLE_SCM,ORACLE_SCM,Kafka,Async,Retry,DB_COMMIT_014,Transaction commit failed,Database,4049,SESS-7869E9E8D6,REQ-36D2AF5E3ECF,2026-09-12 20:07:25+00:00
EVT-0000394,IF_ORWMS_OROM_001,ORACLE_SCM,ORACLE_SCM,Kafka,Async,Success,,,,1479,SESS-E0A0D1DBC8,REQ-7050CE52EB12,2026-09-13 12:59:50+00:00
EVT-0000395,IF_ORSC_SAPPP_001,ORACLE_SCM,SAP_ERP,Kafka,Async,Failed,INFRA_008,Runtime node unavailable,Infrastructure,9288,SESS-A8A7EFCF0D,REQ-FE0B2F16D6D4,2026-09-15 14:01:51+00:00
EVT-0000396,IF_ORWMS_SAPQM_001,ORACLE_SCM,SAP_ERP,Kafka,Async,Success,,,,2144,SESS-628D5B430D,REQ-6048650F4E92,2026-09-11 11:25:17+00:00
EVT-0000404,IF_ORSC_ORIM_001,ORACLE_SCM,ORACLE_SCM,ESB,Sync,Success,,,,2410,SESS-EA88C7E3FB,REQ-2E2084759545,2026-09-14 19:56:15+00:00
EVT-0000408,IF_ORSC_ORIM_001,ORACLE_SCM,ORACLE_SCM,ESB,Sync,Success,,,,2522,SESS-46738B4F85,REQ-C7A4FE3E6340,2026-09-13 12:46:24+00:00
EVT-0000410,IF_ORIM_MESPE_001,ORACLE_SCM,MES,Kafka,Async,Success,,,,1761,SESS-FFEEB7BE0E,REQ-2566945549EE,2026-09-12 00:53:11+00:00
EVT-0000412,IF_ORWMS_OROM_001,ORACLE_SCM,ORACLE_SCM,Kafka,Async,Success,,,,1496,SESS-BD0696F2D3,REQ-4594F4E397CD,2026-09-10 00:46:49+00:00
EVT-0000413,IF_ORIM_ORWMS_001,ORACLE_SCM,ORACLE_SCM,ESB,Sync,Success,,,,774,SESS-5AD8C568E1,REQ-BA33B38A2D4F,2026-09-14 08:49:01+00:00
EVT-0000414,IF_ORIM_MESPE_001,ORACLE_SCM,MES,Kafka,Async,Success,,,,1561,SESS-7A88E1423C,REQ-1C3A3862C269,2026-09-11 01:24:19+00:00
EVT-0000415,IF_ORIM_SAPPROC_001,ORACLE_SCM,SAP_ERP,REST_API,REST,Success,,,,2201,SESS-E662A0D60E,REQ-FD8A9683135A,2026-09-11 13:44:16+00:00
EVT-0000416,IF_ORIM_SAPPROC_001,ORACLE_SCM,SAP_ERP,REST_API,REST,Retry,CFG_017,Interface configuration mismatch,Configuration,5483,SESS-545994B18A,REQ-2E29669C66C4,2026-09-16 02:27:19+00:00
EVT-0000417,IF_ORIM_MESPE_001,ORACLE_SCM,MES,Kafka,Async,Failed,AUTH_401,Service credential rejected,Authentication,11471,SESS-D6EFD4ED5C,REQ-287E67B8B495,2026-09-12 05:38:25+00:00
EVT-0000421,IF_ORWMS_SAPQM_001,ORACLE_SCM,SAP_ERP,Kafka,Async,Success,,,,1588,SESS-BAAA3F5B9A,REQ-D34FCA89EF34,2026-09-10 01:39:35+00:00
EVT-0000422,IF_ORWMS_OROM_001,ORACLE_SCM,ORACLE_SCM,Kafka,Async,Success,,,,1341,SESS-4A386F2ED2,REQ-1848F66EDE9D,2026-09-11 01:12:42+00:00
EVT-0000424,IF_ORWMS_OROM_001,ORACLE_SCM,ORACLE_SCM,Kafka,Async,Success,,,,1765,SESS-5B2391A991,REQ-3B6E3D184177,2026-09-14 07:04:58+00:00
EVT-0000431,IF_ORWMS_OROM_001,ORACLE_SCM,ORACLE_SCM,Kafka,Async,Success,,,,1547,SESS-9DF000BF2C,REQ-C357147DEE20,2026-09-15 13:41:01+00:00
EVT-0000437,IF_ORWMS_OROM_001,ORACLE_SCM,ORACLE_SCM,Kafka,Async,Success,,,,1165,SESS-D25487E18C,REQ-1FBE70E2D4E7,2026-09-12 14:03:04+00:00
EVT-0000442,IF_ORIM_ORWMS_001,ORACLE_SCM,ORACLE_SCM,ESB,Sync,Success,,,,666,SESS-B560DDB6EB,REQ-9C1984BF96AA,2026-09-12 01:15:52+00:00
EVT-0000443,IF_ORWMS_OROM_001,ORACLE_SCM,ORACLE_SCM,Kafka,Async,Retry,CFG_017,Interface configuration mismatch,Configuration,3463,SESS-1FD35312E9,REQ-0E3A7B5DEABA,2026-09-16 09:40:14+00:00
EVT-0000444,IF_ORWMS_SAPQM_001,ORACLE_SCM,SAP_ERP,Kafka,Async,Success,,,,2120,SESS-16B80EEFF8,REQ-6D6BA1DDA82E,2026-09-14 01:43:33+00:00
EVT-0000445,IF_ORSC_ORIM_001,ORACLE_SCM,ORACLE_SCM,ESB,Sync,Success,,,,2664,SESS-401EB59CD3,REQ-3783E14680FD,2026-09-13 01:32:58+00:00
EVT-0000447,IF_ORSC_ORIM_001,ORACLE_SCM,ORACLE_SCM,ESB,Sync,Success,,,,1698,SESS-3BAE362A8B,REQ-6EE5BFDFDFA8,2026-09-15 21:31:44+00:00
EVT-0000448,IF_ORSC_ORIM_001,ORACLE_SCM,ORACLE_SCM,ESB,Sync,Success,,,,3319,SESS-6D1A407255,REQ-B3C6F4B24746,2026-09-13 23:57:14+00:00
EVT-0000450,IF_OROM_CRMOM_001,ORACLE_SCM,CRM,REST_API,REST,Retry,CAP_003,Downstream service is at capacity,Capacity,4721,SESS-D11CE82401,REQ-1D55E48E6D10,2026-09-14 05:03:55+00:00
EVT-0000453,IF_ORSC_SAPPP_001,ORACLE_SCM,SAP_ERP,Kafka,Async,Success,,,,1192,SESS-DCEDD4FB26,REQ-BE8F31D83326,2026-09-10 16:02:31+00:00
EVT-0000471,IF_ORIM_SAPPROC_001,ORACLE_SCM,SAP_ERP,REST_API,REST,Success,,,,2617,SESS-874758CE55,REQ-7F686AFFEF94,2026-09-11 04:52:49+00:00
EVT-0000472,IF_ORIM_SAPPROC_001,ORACLE_SCM,SAP_ERP,REST_API,REST,Success,,,,2688,SESS-CE49FF7374,REQ-79336EED7591,2026-09-14 16:45:18+00:00
EVT-0000474,IF_ORSC_SAPPP_001,ORACLE_SCM,SAP_ERP,Kafka,Async,Success,,,,1286,SESS-930B830F11,REQ-4B30DD478800,2026-09-13 00:10:45+00:00
EVT-0000480,IF_ORIM_MESPE_001,ORACLE_SCM,MES,Kafka,Async,Success,,,,1671,SESS-CAF4BAB8F4,REQ-14B375232EC1,2026-09-15 06:43:28+00:00
EVT-0000485,IF_ORIM_ORWMS_001,ORACLE_SCM,ORACLE_SCM,ESB,Sync,Failed,TIME_004,Downstream response exceeded SLA,Timeout,7219,SESS-1A7AAE4025,REQ-1E2BD01BD753,2026-09-12 11:39:19+00:00
EVT-0000486,IF_OROM_CRMOM_001,ORACLE_SCM,CRM,REST_API,REST,Success,,,,2024,SESS-76F8758068,REQ-B634A81D0D5C,2026-09-14 07:56:22+00:00
EVT-0000493,IF_ORWMS_SAPQM_001,ORACLE_SCM,SAP_ERP,Kafka,Async,Failed,AUTHZ_403,Caller is not authorized,Authorization,9984,SESS-2286207ED0,REQ-0B664DB52C44,2026-09-11 20:48:40+00:00
EVT-0000494,IF_ORIM_SAPPROC_001,ORACLE_SCM,SAP_ERP,REST_API,REST,Success,,,,2259,SESS-1C443AD488,REQ-73A772F29BF1,2026-09-11 20:52:35+00:00
EVT-0000496,IF_ORSC_ORIM_001,ORACLE_SCM,ORACLE_SCM,ESB,Sync,Success,,,,2347,SESS-2099854186,REQ-972087E1DDA6,2026-09-13 12:22:50+00:00
EVT-0000500,IF_ORSC_SAPPP_001,ORACLE_SCM,SAP_ERP,Kafka,Async,Success,,,,1054,SESS-A09BEDCFB2,REQ-ADD99E0115DD,2026-09-12 16:21:43+00:00
EVT-0000502,IF_ORWMS_SAPQM_001,ORACLE_SCM,SAP_ERP,Kafka,Async,Retry,TIME_004,Downstream response exceeded SLA,Timeout,5459,SESS-458D7ACF10,REQ-BC81BA863FD4,2026-09-14 23:06:27+00:00
EVT-0000507,IF_OROM_CRMOM_001,ORACLE_SCM,CRM,REST_API,REST,Success,,,,2346,SESS-CC03137106,REQ-03F5DBBBC101,2026-09-14 18:56:21+00:00
EVT-0000508,IF_ORIM_ORWMS_001,ORACLE_SCM,ORACLE_SCM,ESB,Sync,Success,,,,844,SESS-B51AE0A0DF,REQ-6A08F34E2F43,2026-09-11 14:20:47+00:00
EVT-0000511,IF_ORIM_MESPE_001,ORACLE_SCM,MES,Kafka,Async,Success,,,,1494,SESS-B19ABDC936,REQ-7C29352A19EC,2026-09-14 18:47:40+00:00
EVT-0000513,IF_ORSC_ORIM_001,ORACLE_SCM,ORACLE_SCM,ESB,Sync,Success,,,,2272,SESS-8E82454A83,REQ-E8A94A160662,2026-09-10 19:56:15+00:00
EVT-0000514,IF_ORIM_SAPPROC_001,ORACLE_SCM,SAP_ERP,REST_API,REST,Success,,,,2032,SESS-AA23083A3F,REQ-25FE8940B896,2026-09-13 12:03:37+00:00
EVT-0000515,IF_ORIM_MESPE_001,ORACLE_SCM,MES,Kafka,Async,Success,,,,1923,SESS-081327A92D,REQ-E7A3B3258A43,2026-09-12 22:43:09+00:00
EVT-0000520,IF_ORIM_ORWMS_001,ORACLE_SCM,ORACLE_SCM,ESB,Sync,Success,,,,840,SESS-3EF0596334,REQ-A1E91DAFEB39,2026-09-14 22:17:21+00:00
EVT-0000532,IF_ORWMS_OROM_001,ORACLE_SCM,ORACLE_SCM,Kafka,Async,Failed,INFRA_008,Runtime node unavailable,Infrastructure,6830,SESS-AC0E1B9729,REQ-B8D38979008E,2026-09-15 13:11:42+00:00
EVT-0000540,IF_ORIM_MESPE_001,ORACLE_SCM,MES,Kafka,Async,Success,,,,1363,SESS-898AAC171C,REQ-013F3A6B44F1,2026-09-10 06:29:44+00:00
EVT-0000545,IF_ORWMS_SAPQM_001,ORACLE_SCM,SAP_ERP,Kafka,Async,Failed,AUTHZ_403,Caller is not authorized,Authorization,6763,SESS-75937C58AC,REQ-F287C52BAAF1,2026-09-13 19:07:44+00:00
EVT-0000557,IF_ORSC_SAPPP_001,ORACLE_SCM,SAP_ERP,Kafka,Async,Success,,,,1859,SESS-2815701628,REQ-3A97417EEC01,2026-09-14 19:01:28+00:00
EVT-0000563,IF_ORWMS_SAPQM_001,ORACLE_SCM,SAP_ERP,Kafka,Async,Success,,,,2692,SESS-2881CFD47D,REQ-5E2598844B90,2026-09-14 10:08:55+00:00
EVT-0000566,IF_ORSC_SAPPP_001,ORACLE_SCM,SAP_ERP,Kafka,Async,Success,,,,1631,SESS-CF3DEAFEBC,REQ-2377BDCA7798,2026-09-13 21:38:31+00:00
EVT-0000570,IF_OROM_CRMOM_001,ORACLE_SCM,CRM,REST_API,REST,Success,,,,2170,SESS-6800707B48,REQ-B69E64906CED,2026-09-13 10:58:30+00:00
EVT-0000571,IF_ORWMS_OROM_001,ORACLE_SCM,ORACLE_SCM,Kafka,Async,Success,,,,1739,SESS-4D7EC831A9,REQ-970E2B4992BC,2026-09-15 09:18:30+00:00
EVT-0000573,IF_ORIM_SAPPROC_001,ORACLE_SCM,SAP_ERP,REST_API,REST,Success,,,,2208,SESS-1379D757B4,REQ-4667C3846AB8,2026-09-16 23:01:17+00:00
EVT-0000577,IF_ORSC_SAPPP_001,ORACLE_SCM,SAP_ERP,Kafka,Async,Retry,NET_CONN_003,Connection reset by peer,Network,4426,SESS-7545D78CCA,REQ-1C849BA3910E,2026-09-11 18:48:33+00:00
EVT-0000586,IF_ORWMS_SAPQM_001,ORACLE_SCM,SAP_ERP,Kafka,Async,Success,,,,2668,SESS-F1A1AE6D1E,REQ-098080B984AE,2026-09-15 22:02:07+00:00
EVT-0000589,IF_ORSC_SAPPP_001,ORACLE_SCM,SAP_ERP,Kafka,Async,Success,,,,1056,SESS-5F2C157B3E,REQ-FB290533EA42,2026-09-12 11:51:05+00:00
EVT-0000590,IF_ORIM_ORWMS_001,ORACLE_SCM,ORACLE_SCM,ESB,Sync,Success,,,,856,SESS-E98D611CB1,REQ-10FAD2363F2C,2026-09-11 18:23:52+00:00
EVT-0000598,IF_ORIM_MESPE_001,ORACLE_SCM,MES,Kafka,Async,Retry,AUTH_401,Service credential rejected,Authentication,4632,SESS-3680770AE6,REQ-DD409F71BD9D,2026-09-11 19:19:46+00:00
EVT-0000600,IF_ORWMS_SAPQM_001,ORACLE_SCM,SAP_ERP,Kafka,Async,Success,,,,1815,SESS-932D4F584D,REQ-59F7394E081F,2026-09-15 10:55:43+00:00
EVT-0000604,IF_ORIM_ORWMS_001,ORACLE_SCM,ORACLE_SCM,ESB,Sync,Success,,,,844,SESS-1F54340AB0,REQ-FE605886FB25,2026-09-15 13:04:39+00:00
EVT-0000612,IF_OROM_CRMOM_001,ORACLE_SCM,CRM,REST_API,REST,Success,,,,2619,SESS-8B90747B36,REQ-81558A54A525,2026-09-10 08:53:17+00:00
EVT-0000619,IF_ORIM_ORWMS_001,ORACLE_SCM,ORACLE_SCM,ESB,Sync,Success,,,,1125,SESS-80E4CC114D,REQ-F24BC3AF9D34,2026-09-15 07:38:50+00:00
EVT-0000622,IF_ORWMS_OROM_001,ORACLE_SCM,ORACLE_SCM,Kafka,Async,Success,,,,1246,SESS-57A4D647FF,REQ-91FC00838409,2026-09-14 06:10:48+00:00
EVT-0000627,IF_ORWMS_SAPQM_001,ORACLE_SCM,SAP_ERP,Kafka,Async,Success,,,,2371,SESS-17A8253ACB,REQ-8661C1D99707,2026-09-15 07:43:34+00:00
EVT-0000628,IF_OROM_CRMOM_001,ORACLE_SCM,CRM,REST_API,REST,Success,,,,2381,SESS-773946FC78,REQ-FCCE986858AA,2026-09-16 23:32:11+00:00
EVT-0000636,IF_ORWMS_OROM_001,ORACLE_SCM,ORACLE_SCM,Kafka,Async,Retry,EXT_502,Downstream service returned 502,External Service,2845,SESS-970EE0DAB1,REQ-327E0FCC5347,2026-09-16 14:44:27+00:00
EVT-0000637,IF_ORWMS_SAPQM_001,ORACLE_SCM,SAP_ERP,Kafka,Async,Success,,,,1221,SESS-513224A1D8,REQ-0F0B5F25415B,2026-09-10 14:39:24+00:00
EVT-0000640,IF_ORIM_ORWMS_001,ORACLE_SCM,ORACLE_SCM,ESB,Sync,Success,,,,1050,SESS-94433AD593,REQ-0F9DB8B04A1E,2026-09-11 14:53:40+00:00
EVT-0000641,IF_ORWMS_OROM_001,ORACLE_SCM,ORACLE_SCM,Kafka,Async,Success,,,,1733,SESS-1D2EFBD915,REQ-9206DC3D2BE9,2026-09-15 21:47:38+00:00
EVT-0000644,IF_ORSC_ORIM_001,ORACLE_SCM,ORACLE_SCM,ESB,Sync,Retry,CAP_003,Downstream service is at capacity,Capacity,5586,SESS-29CE678A66,REQ-B75D90BB67DA,2026-09-14 23:32:45+00:00
EVT-0000645,IF_ORWMS_SAPQM_001,ORACLE_SCM,SAP_ERP,Kafka,Async,Success,,,,1895,SESS-16B8BC051E,REQ-19B159BD947E,2026-09-14 02:01:27+00:00
EVT-0000648,IF_ORIM_ORWMS_001,ORACLE_SCM,ORACLE_SCM,ESB,Sync,Success,,,,1008,SESS-1D63EF9DD1,REQ-410E9E0E404B,2026-09-16 15:39:43+00:00
EVT-0000649,IF_ORWMS_OROM_001,ORACLE_SCM,ORACLE_SCM,Kafka,Async,Success,,,,1213,SESS-8252116BA9,REQ-841F59AEBB07,2026-09-11 11:26:48+00:00
EVT-0000650,IF_ORIM_SAPPROC_001,ORACLE_SCM,SAP_ERP,REST_API,REST,Retry,CAP_003,Downstream service is at capacity,Capacity,5035,SESS-D5287E176D,REQ-F20A212AF4EE,2026-09-14 17:51:59+00:00
EVT-0000651,IF_ORSC_ORIM_001,ORACLE_SCM,ORACLE_SCM,ESB,Sync,Failed,CAP_003,Downstream service is at capacity,Capacity,13341,SESS-659AC3AF7A,REQ-B8848D9D02D3,2026-09-13 22:35:44+00:00
EVT-0000655,IF_OROM_CRMOM_001,ORACLE_SCM,CRM,REST_API,REST,Success,,,,2718,SESS-B280BD37E6,REQ-A486BCE5741C,2026-09-12 06:18:07+00:00
EVT-0000656,IF_ORSC_SAPPP_001,ORACLE_SCM,SAP_ERP,Kafka,Async,Success,,,,1396,SESS-40D17B5A1C,REQ-40462E638AE8,2026-09-11 21:08:51+00:00
EVT-0000658,IF_ORSC_ORIM_001,ORACLE_SCM,ORACLE_SCM,ESB,Sync,Success,,,,1761,SESS-8302DAC376,REQ-43959C242BCC,2026-09-12 13:27:34+00:00
EVT-0000664,IF_OROM_CRMOM_001,ORACLE_SCM,CRM,REST_API,REST,Success,,,,2377,SESS-F8839F84C8,REQ-CD2167AD866A,2026-09-14 05:05:12+00:00
EVT-0000665,IF_ORIM_SAPPROC_001,ORACLE_SCM,SAP_ERP,REST_API,REST,Success,,,,2227,SESS-14D45CDCEB,REQ-0E87992E91D1,2026-09-11 17:27:54+00:00
EVT-0000670,IF_ORIM_SAPPROC_001,ORACLE_SCM,SAP_ERP,REST_API,REST,Retry,TIME_004,Downstream response exceeded SLA,Timeout,7322,SESS-4CDCE25749,REQ-46AFE309AE17,2026-09-11 06:18:53+00:00
EVT-0000671,IF_ORWMS_SAPQM_001,ORACLE_SCM,SAP_ERP,Kafka,Async,Success,,,,2613,SESS-23C390E92D,REQ-AB97110B88C8,2026-09-11 17:50:22+00:00
EVT-0000672,IF_OROM_CRMOM_001,ORACLE_SCM,CRM,REST_API,REST,Success,,,,3930,SESS-AFA5B60AA7,REQ-AE2EA6D7E296,2026-09-12 05:26:21+00:00
EVT-0000674,IF_ORSC_SAPPP_001,ORACLE_SCM,SAP_ERP,Kafka,Async,Failed,VAL_400,Required business field failed validation,Validation,7952,SESS-78CE18272C,REQ-E83F633D65DF,2026-09-14 05:22:59+00:00
EVT-0000678,IF_ORSC_ORIM_001,ORACLE_SCM,ORACLE_SCM,ESB,Sync,Success,,,,2924,SESS-7C15B2B9BD,REQ-8D502C0984A8,2026-09-16 02:07:28+00:00
EVT-0000681,IF_ORSC_SAPPP_001,ORACLE_SCM,SAP_ERP,Kafka,Async,Retry,AUTHZ_403,Caller is not authorized,Authorization,4186,SESS-0122276E5F,REQ-2F8E7088BBF6,2026-09-14 18:43:41+00:00
EVT-0000685,IF_ORIM_MESPE_001,ORACLE_SCM,MES,Kafka,Async,Failed,CFG_017,Interface configuration mismatch,Configuration,4135,SESS-B8C886AB5B,REQ-C79170CF4197,2026-09-12 07:56:42+00:00
EVT-0000689,IF_ORSC_ORIM_001,ORACLE_SCM,ORACLE_SCM,ESB,Sync,Success,,,,1802,SESS-88D228E138,REQ-DC966D55A5CC,2026-09-16 23:05:23+00:00
EVT-0000690,IF_ORIM_MESPE_001,ORACLE_SCM,MES,Kafka,Async,Success,,,,1179,SESS-C86D148AE8,REQ-C989747D8D00,2026-09-15 00:24:02+00:00
EVT-0000695,IF_ORIM_MESPE_001,ORACLE_SCM,MES,Kafka,Async,Success,,,,1441,SESS-B958759A73,REQ-E8917DD6B207,2026-09-15 17:46:33+00:00
EVT-0000696,IF_ORSC_SAPPP_001,ORACLE_SCM,SAP_ERP,Kafka,Async,Retry,NET_CONN_003,Connection reset by peer,Network,5008,SESS-447DCDE2AA,REQ-A5404C5520B1,2026-09-16 05:09:10+00:00
EVT-0000698,IF_ORIM_MESPE_001,ORACLE_SCM,MES,Kafka,Async,Success,,,,1359,SESS-6F8BD34668,REQ-A6C05CE896F4,2026-09-16 02:37:39+00:00
EVT-0000703,IF_ORIM_MESPE_001,ORACLE_SCM,MES,Kafka,Async,Success,,,,1714,SESS-68DD69A264,REQ-DEF1228E8CFB,2026-09-13 07:46:07+00:00
EVT-0000706,IF_ORWMS_SAPQM_001,ORACLE_SCM,SAP_ERP,Kafka,Async,Success,,,,1741,SESS-FB1FBDA230,REQ-03AC7198D5F8,2026-09-13 11:48:34+00:00
EVT-0000713,IF_ORWMS_OROM_001,ORACLE_SCM,ORACLE_SCM,Kafka,Async,Success,,,,1195,SESS-D3B6D8EA49,REQ-E9D4BB35BAF9,2026-09-12 10:46:52+00:00
EVT-0000717,IF_ORWMS_SAPQM_001,ORACLE_SCM,SAP_ERP,Kafka,Async,Retry,NET_CONN_003,Connection reset by peer,Network,7839,SESS-D612159ACB,REQ-D335FDA6146D,2026-09-15 22:45:52+00:00
EVT-0000722,IF_ORWMS_OROM_001,ORACLE_SCM,ORACLE_SCM,Kafka,Async,Success,,,,1837,SESS-68190CB0B8,REQ-04EDC49FD9E7,2026-09-16 20:08:59+00:00
EVT-0000723,IF_ORIM_SAPPROC_001,ORACLE_SCM,SAP_ERP,REST_API,REST,Success,,,,2188,SESS-7B45788471,REQ-8CBA22860BAB,2026-09-11 15:52:30+00:00
EVT-0000725,IF_ORIM_ORWMS_001,ORACLE_SCM,ORACLE_SCM,ESB,Sync,Retry,INFRA_008,Runtime node unavailable,Infrastructure,3210,SESS-E850B42BD2,REQ-4648700D308E,2026-09-10 11:28:20+00:00
EVT-0000729,IF_ORWMS_SAPQM_001,ORACLE_SCM,SAP_ERP,Kafka,Async,Success,,,,2512,SESS-9268CB0709,REQ-2D9E50FBFC73,2026-09-13 03:56:30+00:00
EVT-0000735,IF_ORWMS_OROM_001,ORACLE_SCM,ORACLE_SCM,Kafka,Async,Success,,,,1475,SESS-D328B8FA38,REQ-563E47E15D6E,2026-09-10 19:31:54+00:00
EVT-0000736,IF_ORIM_MESPE_001,ORACLE_SCM,MES,Kafka,Async,Success,,,,1567,SESS-9FDAF6E72F,REQ-2EC3E482B808,2026-09-15 03:50:25+00:00
EVT-0000740,IF_OROM_CRMOM_001,ORACLE_SCM,CRM,REST_API,REST,Success,,,,2292,SESS-DE8C263A7D,REQ-9769DA1E2724,2026-09-14 04:00:19+00:00
EVT-0000745,IF_ORIM_ORWMS_001,ORACLE_SCM,ORACLE_SCM,ESB,Sync,Success,,,,1032,SESS-8D1EBEB431,REQ-E2DABCB8D8BE,2026-09-16 22:37:01+00:00
EVT-0000746,IF_ORWMS_SAPQM_001,ORACLE_SCM,SAP_ERP,Kafka,Async,Success,,,,3090,SESS-6F32B64546,REQ-F7F9782F2EBA,2026-09-11 04:40:54+00:00
EVT-0000747,IF_ORIM_MESPE_001,ORACLE_SCM,MES,Kafka,Async,Success,,,,1030,SESS-19A4AC81C3,REQ-F6CE8A9FB266,2026-09-14 09:27:21+00:00
EVT-0000749,IF_ORWMS_OROM_001,ORACLE_SCM,ORACLE_SCM,Kafka,Async,Success,,,,1633,SESS-CD82EDB946,REQ-14A564EE62B3,2026-09-14 01:17:41+00:00
EVT-0000758,IF_OROM_CRMOM_001,ORACLE_SCM,CRM,REST_API,REST,Success,,,,1445,SESS-1E2C8FB5DE,REQ-194088DBC587,2026-09-13 06:31:07+00:00
EVT-0000759,IF_ORIM_ORWMS_001,ORACLE_SCM,ORACLE_SCM,ESB,Sync,Failed,AUTH_401,Service credential rejected,Authentication,3929,SESS-41C4FED561,REQ-D889A06DDCE0,2026-09-10 06:22:04+00:00
EVT-0000760,IF_ORSC_SAPPP_001,ORACLE_SCM,SAP_ERP,Kafka,Async,Success,,,,1479,SESS-7A83B9E819,REQ-E83AC4FDC0A8,2026-09-10 12:02:54+00:00
EVT-0000766,IF_ORIM_MESPE_001,ORACLE_SCM,MES,Kafka,Async,Success,,,,1322,SESS-EAF524F678,REQ-D9FE7BEE5A7E,2026-09-14 01:40:38+00:00
EVT-0000770,IF_ORSC_ORIM_001,ORACLE_SCM,ORACLE_SCM,ESB,Sync,Success,,,,2055,SESS-706D849995,REQ-E24633A19D22,2026-09-11 21:25:50+00:00
EVT-0000774,IF_OROM_CRMOM_001,ORACLE_SCM,CRM,REST_API,REST,Success,,,,2839,SESS-154A76D5DA,REQ-AD69417D7AF5,2026-09-13 10:45:51+00:00
EVT-0000777,IF_ORWMS_SAPQM_001,ORACLE_SCM,SAP_ERP,Kafka,Async,Success,,,,1679,SESS-E2F6BEDC1A,REQ-4A3C927FA535,2026-09-15 11:56:45+00:00
EVT-0000781,IF_ORSC_ORIM_001,ORACLE_SCM,ORACLE_SCM,ESB,Sync,Success,,,,2373,SESS-69C65A8CE0,REQ-FC3DE543242E,2026-09-14 02:52:45+00:00
EVT-0000782,IF_ORIM_ORWMS_001,ORACLE_SCM,ORACLE_SCM,ESB,Sync,Success,,,,885,SESS-58B57FA70E,REQ-8231655907DA,2026-09-14 07:12:58+00:00
EVT-0000791,IF_ORWMS_OROM_001,ORACLE_SCM,ORACLE_SCM,Kafka,Async,Success,,,,1437,SESS-42C59ED1C1,REQ-CE31FEFAA4AB,2026-09-15 19:19:27+00:00
EVT-0000809,IF_ORIM_SAPPROC_001,ORACLE_SCM,SAP_ERP,REST_API,REST,Retry,AUTH_401,Service credential rejected,Authentication,7184,SESS-7DF0C6AC2E,REQ-E067D0EF90A1,2026-09-12 08:16:15+00:00
EVT-0000811,IF_ORIM_SAPPROC_001,ORACLE_SCM,SAP_ERP,REST_API,REST,Retry,AUTH_401,Service credential rejected,Authentication,5694,SESS-6B74BACE82,REQ-3AAE201AAA10,2026-09-10 05:55:56+00:00
EVT-0000812,IF_ORWMS_OROM_001,ORACLE_SCM,ORACLE_SCM,Kafka,Async,Success,,,,1357,SESS-5C4E4E6D94,REQ-57E36D47C51D,2026-09-14 19:11:36+00:00
EVT-0000815,IF_ORSC_SAPPP_001,ORACLE_SCM,SAP_ERP,Kafka,Async,Success,,,,1328,SESS-E90A7787F6,REQ-B6B1B1571D69,2026-09-15 01:03:24+00:00
EVT-0000819,IF_ORIM_SAPPROC_001,ORACLE_SCM,SAP_ERP,REST_API,REST,Success,,,,2677,SESS-F680AB9EEB,REQ-FDFFAEAA803C,2026-09-10 08:18:51+00:00
EVT-0000820,IF_ORIM_MESPE_001,ORACLE_SCM,MES,Kafka,Async,Retry,VAL_400,Required business field failed validation,Validation,3791,SESS-0119E4B996,REQ-1AD30122E1C5,2026-09-16 17:26:29+00:00
EVT-0000824,IF_ORSC_SAPPP_001,ORACLE_SCM,SAP_ERP,Kafka,Async,Success,,,,1134,SESS-9CEF17C26E,REQ-E9BFC4649949,2026-09-16 14:14:12+00:00
EVT-0000825,IF_OROM_CRMOM_001,ORACLE_SCM,CRM,REST_API,REST,Success,,,,2481,SESS-8D7294D5BA,REQ-474BB2058915,2026-09-10 13:09:44+00:00
EVT-0000830,IF_ORSC_SAPPP_001,ORACLE_SCM,SAP_ERP,Kafka,Async,Success,,,,1857,SESS-7607F1D20C,REQ-445FFF7CC674,2026-09-10 13:02:19+00:00
EVT-0000831,IF_ORSC_SAPPP_001,ORACLE_SCM,SAP_ERP,Kafka,Async,Success,,,,1580,SESS-95629702CB,REQ-F7FEEBBC65DB,2026-09-15 16:44:57+00:00
EVT-0000832,IF_ORIM_MESPE_001,ORACLE_SCM,MES,Kafka,Async,Retry,AUTH_401,Service credential rejected,Authentication,4469,SESS-83062B3DD3,REQ-5A77610443DE,2026-09-15 21:17:31+00:00
EVT-0000846,IF_ORIM_MESPE_001,ORACLE_SCM,MES,Kafka,Async,Success,,,,1387,SESS-9C9E4E45B5,REQ-AB4FEB3FAD6B,2026-09-13 14:27:15+00:00
EVT-0000851,IF_ORIM_MESPE_001,ORACLE_SCM,MES,Kafka,Async,Success,,,,1114,SESS-040DA37E99,REQ-8DE6EC7F7334,2026-09-12 14:29:16+00:00
EVT-0000855,IF_OROM_CRMOM_001,ORACLE_SCM,CRM,REST_API,REST,Success,,,,1574,SESS-D06F4AA740,REQ-1A6493089EA7,2026-09-12 14:44:17+00:00
EVT-0000859,IF_ORSC_SAPPP_001,ORACLE_SCM,SAP_ERP,Kafka,Async,Success,,,,1769,SESS-D7AD96CE26,REQ-FBBAABD169CC,2026-09-12 01:19:28+00:00
EVT-0000860,IF_ORIM_ORWMS_001,ORACLE_SCM,ORACLE_SCM,ESB,Sync,Success,,,,733,SESS-C46A5A8C04,REQ-C6D094AB38A7,2026-09-15 22:09:15+00:00
EVT-0000861,IF_ORIM_SAPPROC_001,ORACLE_SCM,SAP_ERP,REST_API,REST,Success,,,,2017,SESS-5CCD8F5605,REQ-2C9F517B88E4,2026-09-16 06:10:10+00:00
EVT-0000864,IF_ORIM_MESPE_001,ORACLE_SCM,MES,Kafka,Async,Success,,,,2041,SESS-07D00A14DB,REQ-884CD72A1BE5,2026-09-14 04:39:31+00:00
EVT-0000865,IF_ORWMS_OROM_001,ORACLE_SCM,ORACLE_SCM,Kafka,Async,Retry,CFG_017,Interface configuration mismatch,Configuration,5123,SESS-6EACC201D5,REQ-7982633E2C05,2026-09-10 12:33:31+00:00
EVT-0000868,IF_ORSC_SAPPP_001,ORACLE_SCM,SAP_ERP,Kafka,Async,Success,,,,1205,SESS-34EDBCC715,REQ-9B31C37A6356,2026-09-12 18:18:41+00:00
EVT-0000874,IF_ORSC_SAPPP_001,ORACLE_SCM,SAP_ERP,Kafka,Async,Success,,,,1499,SESS-2FB0EDB202,REQ-47E592DAB72A,2026-09-10 00:18:37+00:00
EVT-0000875,IF_ORWMS_SAPQM_001,ORACLE_SCM,SAP_ERP,Kafka,Async,Success,,,,1462,SESS-6BEE9F4444,REQ-693DC531B47A,2026-09-10 13:45:50+00:00
EVT-0000877,IF_ORWMS_OROM_001,ORACLE_SCM,ORACLE_SCM,Kafka,Async,Success,,,,1485,SESS-08817A5B0C,REQ-F6DEA50220BF,2026-09-11 01:38:26+00:00
EVT-0000878,IF_OROM_CRMOM_001,ORACLE_SCM,CRM,REST_API,REST,Failed,TIME_004,Downstream response exceeded SLA,Timeout,8194,SESS-5D24A1DB1B,REQ-CF3B1E7DDFF9,2026-09-13 23:01:02+00:00
EVT-0000884,IF_ORWMS_SAPQM_001,ORACLE_SCM,SAP_ERP,Kafka,Async,Success,,,,1877,SESS-D54B50F844,REQ-209F9AE85124,2026-09-16 21:38:04+00:00
EVT-0000885,IF_ORWMS_SAPQM_001,ORACLE_SCM,SAP_ERP,Kafka,Async,Success,,,,3250,SESS-603BDA1FA1,REQ-4A39A6313569,2026-09-10 07:56:01+00:00
EVT-0000888,IF_ORIM_ORWMS_001,ORACLE_SCM,ORACLE_SCM,ESB,Sync,Success,,,,1133,SESS-7458B6EA68,REQ-B892491071B4,2026-09-12 03:18:21+00:00
EVT-0000890,IF_ORIM_MESPE_001,ORACLE_SCM,MES,Kafka,Async,Success,,,,1433,SESS-49146C0E0B,REQ-8C7D6AD2FF6B,2026-09-14 13:00:08+00:00
EVT-0000894,IF_ORIM_SAPPROC_001,ORACLE_SCM,SAP_ERP,REST_API,REST,Success,,,,2766,SESS-32D8FB534E,REQ-AF179A0C53BB,2026-09-16 15:56:01+00:00
EVT-0000895,IF_ORSC_SAPPP_001,ORACLE_SCM,SAP_ERP,Kafka,Async,Success,,,,1170,SESS-59581D0786,REQ-5D5D1751026B,2026-09-11 17:56:37+00:00
EVT-0000897,IF_ORWMS_OROM_001,ORACLE_SCM,ORACLE_SCM,Kafka,Async,Success,,,,1318,SESS-DE7EFC02C6,REQ-240A7C8162A6,2026-09-15 13:55:16+00:00
EVT-0000898,IF_OROM_CRMOM_001,ORACLE_SCM,CRM,REST_API,REST,Success,,,,1756,SESS-3D5D7A17C7,REQ-EDBF3614ACE5,2026-09-16 08:28:30+00:00
EVT-0000899,IF_ORSC_ORIM_001,ORACLE_SCM,ORACLE_SCM,ESB,Sync,Retry,CFG_017,Interface configuration mismatch,Configuration,8583,SESS-44DCCB78D5,REQ-8556986CFC1F,2026-09-12 15:01:41+00:00
EVT-0000900,IF_OROM_CRMOM_001,ORACLE_SCM,CRM,REST_API,REST,Success,,,,2754,SESS-210820EACD,REQ-57327BF45A07,2026-09-12 01:51:41+00:00
EVT-0000901,IF_OROM_CRMOM_001,ORACLE_SCM,CRM,REST_API,REST,Success,,,,1627,SESS-630DC4B71E,REQ-1ECD3C6B9759,2026-09-12 06:25:43+00:00
EVT-0000905,IF_ORIM_ORWMS_001,ORACLE_SCM,ORACLE_SCM,ESB,Sync,Success,,,,1267,SESS-0F2D154C2C,REQ-CE6D931FAC7B,2026-09-10 10:34:25+00:00
EVT-0000906,IF_ORSC_SAPPP_001,ORACLE_SCM,SAP_ERP,Kafka,Async,Success,,,,1378,SESS-A6CF965B1B,REQ-2BBADE4323F1,2026-09-11 07:03:35+00:00
EVT-0000907,IF_ORWMS_SAPQM_001,ORACLE_SCM,SAP_ERP,Kafka,Async,Success,,,,1911,SESS-11697F3B86,REQ-3C9B4F2F81E4,2026-09-15 19:20:29+00:00
EVT-0000909,IF_ORSC_SAPPP_001,ORACLE_SCM,SAP_ERP,Kafka,Async,Retry,EXT_502,Downstream service returned 502,External Service,5107,SESS-BB0356C576,REQ-C517F4F40DCF,2026-09-16 16:52:00+00:00
EVT-0000910,IF_ORWMS_SAPQM_001,ORACLE_SCM,SAP_ERP,Kafka,Async,Success,,,,2740,SESS-F05DEE91BB,REQ-FD35ED570080,2026-09-15 13:26:32+00:00
EVT-0000912,IF_ORSC_SAPPP_001,ORACLE_SCM,SAP_ERP,Kafka,Async,Failed,TIME_004,Downstream response exceeded SLA,Timeout,11749,SESS-CA469DBB4E,REQ-1EB2F261FA15,2026-09-12 03:34:08+00:00
EVT-0000917,IF_ORIM_ORWMS_001,ORACLE_SCM,ORACLE_SCM,ESB,Sync,Retry,EXT_502,Downstream service returned 502,External Service,1552,SESS-B6783E28B4,REQ-5B3EED980A2E,2026-09-13 18:54:15+00:00
EVT-0000918,IF_ORIM_ORWMS_001,ORACLE_SCM,ORACLE_SCM,ESB,Sync,Success,,,,717,SESS-CEDA9DB660,REQ-16DC0E9BA7AF,2026-09-15 07:08:07+00:00
EVT-0000919,IF_ORIM_ORWMS_001,ORACLE_SCM,ORACLE_SCM,ESB,Sync,Success,,,,889,SESS-055F87CBF3,REQ-18852726E38C,2026-09-15 19:56:16+00:00
EVT-0000921,IF_ORIM_MESPE_001,ORACLE_SCM,MES,Kafka,Async,Success,,,,1064,SESS-7F7FEEA70C,REQ-89239E63FC97,2026-09-15 16:18:20+00:00
EVT-0000926,IF_ORSC_ORIM_001,ORACLE_SCM,ORACLE_SCM,ESB,Sync,Success,,,,1391,SESS-BF62FD2D42,REQ-F92E6D36256F,2026-09-11 09:23:49+00:00
EVT-0000929,IF_ORSC_SAPPP_001,ORACLE_SCM,SAP_ERP,Kafka,Async,Retry,EXT_502,Downstream service returned 502,External Service,3590,SESS-CD468D8B59,REQ-4F894BB283B9,2026-09-10 11:43:47+00:00
EVT-0000930,IF_ORWMS_OROM_001,ORACLE_SCM,ORACLE_SCM,Kafka,Async,Success,,,,1214,SESS-4F9F3F28C2,REQ-833BCEF47841,2026-09-14 04:58:06+00:00
EVT-0000932,IF_ORIM_MESPE_001,ORACLE_SCM,MES,Kafka,Async,Success,,,,996,SESS-B5826A1DE3,REQ-1A17A1A0739F,2026-09-14 14:13:44+00:00
EVT-0000939,IF_ORWMS_SAPQM_001,ORACLE_SCM,SAP_ERP,Kafka,Async,Success,,,,2231,SESS-0843C060A3,REQ-A61E0F0C8F03,2026-09-11 23:47:11+00:00
EVT-0000942,IF_ORWMS_OROM_001,ORACLE_SCM,ORACLE_SCM,Kafka,Async,Success,,,,1395,SESS-FEB3A11EA5,REQ-1615159B8FA6,2026-09-16 14:09:36+00:00
EVT-0000946,IF_ORIM_ORWMS_001,ORACLE_SCM,ORACLE_SCM,ESB,Sync,Success,,,,910,SESS-74DC83AE0B,REQ-99AD74BBF991,2026-09-15 07:27:21+00:00
EVT-0000953,IF_ORIM_SAPPROC_001,ORACLE_SCM,SAP_ERP,REST_API,REST,Success,,,,2022,SESS-80A049CFB2,REQ-B6E6501D222F,2026-09-13 05:41:52+00:00
EVT-0000954,IF_ORIM_MESPE_001,ORACLE_SCM,MES,Kafka,Async,Failed,AUTH_401,Service credential rejected,Authentication,3954,SESS-BE1D868F7F,REQ-BF1A972ECB2D,2026-09-15 02:31:00+00:00
EVT-0000957,IF_ORIM_SAPPROC_001,ORACLE_SCM,SAP_ERP,REST_API,REST,Success,,,,2687,SESS-51EE04972C,REQ-F099BC004DC4,2026-09-16 20:55:12+00:00
EVT-0000961,IF_ORIM_ORWMS_001,ORACLE_SCM,ORACLE_SCM,ESB,Sync,Success,,,,904,SESS-407248F837,REQ-4FCC6F224756,2026-09-14 06:57:24+00:00
EVT-0000962,IF_ORIM_ORWMS_001,ORACLE_SCM,ORACLE_SCM,ESB,Sync,Success,,,,1036,SESS-8F44B46B36,REQ-581AB35787D4,2026-09-14 05:12:48+00:00
EVT-0000963,IF_ORSC_ORIM_001,ORACLE_SCM,ORACLE_SCM,ESB,Sync,Success,,,,2099,SESS-DC92BD9D94,REQ-E3AC5ACE6A48,2026-09-12 03:17:29+00:00
EVT-0000968,IF_ORIM_SAPPROC_001,ORACLE_SCM,SAP_ERP,REST_API,REST,Success,,,,1829,SESS-11CF9B35D5,REQ-F2D3481904EA,2026-09-11 03:13:17+00:00
EVT-0000969,IF_ORIM_MESPE_001,ORACLE_SCM,MES,Kafka,Async,Success,,,,1331,SESS-4FA8F8484B,REQ-7FF575CE1582,2026-09-14 00:58:19+00:00
EVT-0000972,IF_OROM_CRMOM_001,ORACLE_SCM,CRM,REST_API,REST,Success,,,,1348,SESS-7336D63C99,REQ-7D1943C16E46,2026-09-10 05:22:22+00:00
EVT-0000979,IF_ORIM_ORWMS_001,ORACLE_SCM,ORACLE_SCM,ESB,Sync,Success,,,,1170,SESS-392E7E1BCA,REQ-122A696850B1,2026-09-15 21:24:58+00:00
EVT-0000980,IF_ORWMS_SAPQM_001,ORACLE_SCM,SAP_ERP,Kafka,Async,Success,,,,2491,SESS-E48BE5085E,REQ-6FAEAE63150E,2026-09-15 21:16:27+00:00
EVT-0000983,IF_ORWMS_SAPQM_001,ORACLE_SCM,SAP_ERP,Kafka,Async,Success,,,,2424,SESS-E5803CC218,REQ-EB2A498512C1,2026-09-12 01:50:40+00:00
EVT-0000984,IF_ORIM_MESPE_001,ORACLE_SCM,MES,Kafka,Async,Success,,,,1665,SESS-E1CC7A09C7,REQ-3A18E2D86584,2026-09-10 17:26:01+00:00
EVT-0000985,IF_ORSC_ORIM_001,ORACLE_SCM,ORACLE_SCM,ESB,Sync,Success,,,,1248,SESS-E6CF4411EF,REQ-4827567F2FFE,2026-09-14 05:12:47+00:00
EVT-0000986,IF_ORIM_ORWMS_001,ORACLE_SCM,ORACLE_SCM,ESB,Sync,Success,,,,956,SESS-F221DE8D8B,REQ-7E7C64140CA8,2026-09-13 07:52:03+00:00
EVT-0000989,IF_ORIM_MESPE_001,ORACLE_SCM,MES,Kafka,Async,Success,,,,1455,SESS-3898C4794F,REQ-7C0B110EC198,2026-09-16 11:00:12+00:00
EVT-0000992,IF_ORIM_ORWMS_001,ORACLE_SCM,ORACLE_SCM,ESB,Sync,Success,,,,969,SESS-3D1FD88145,REQ-3036EC6D5921,2026-09-10 13:26:43+00:00
EVT-0000993,IF_ORSC_SAPPP_001,ORACLE_SCM,SAP_ERP,Kafka,Async,Failed,TIME_004,Downstream response exceeded SLA,Timeout,6061,SESS-B0F6B5A821,REQ-F9071C1C0543,2026-09-15 09:01:35+00:00
EVT-0000995,IF_ORWMS_SAPQM_001,ORACLE_SCM,SAP_ERP,Kafka,Async,Success,,,,2437,SESS-38A4D44229,REQ-40C5AEA261FE,2026-09-12 04:28:38+00:00
EVT-0000997,IF_ORIM_ORWMS_001,ORACLE_SCM,ORACLE_SCM,ESB,Sync,Success,,,,943,SESS-4CEA87068B,REQ-4C0D7226AAA8,2026-09-11 08:55:55+00:00
EVT-0001000,IF_ORWMS_OROM_001,ORACLE_SCM,ORACLE_SCM,Kafka,Async,Success,,,,1170,SESS-4B68B6527D,REQ-C236F7DB082D,2026-09-16 06:22:45+00:00
EVT-0001005,IF_ORWMS_OROM_001,ORACLE_SCM,ORACLE_SCM,Kafka,Async,Success,,,,1741,SESS-EB5B3F0170,REQ-0D5AF52F7937,2026-09-11 20:46:21+00:00
EVT-0001011,IF_OROM_CRMOM_001,ORACLE_SCM,CRM,REST_API,REST,Success,,,,2376,SESS-788A27F613,REQ-3477A2BD3CCF,2026-09-15 16:42:57+00:00
EVT-0001012,IF_ORSC_ORIM_001,ORACLE_SCM,ORACLE_SCM,ESB,Sync,Success,,,,1642,SESS-4D7032BD12,REQ-24026BBDE70A,2026-09-11 08:35:33+00:00
EVT-0001013,IF_ORSC_SAPPP_001,ORACLE_SCM,SAP_ERP,Kafka,Async,Success,,,,1331,SESS-956F175315,REQ-79FFB3AF78DC,2026-09-10 16:13:24+00:00
EVT-0001018,IF_ORIM_ORWMS_001,ORACLE_SCM,ORACLE_SCM,ESB,Sync,Success,,,,699,SESS-AB5A5E008B,REQ-B35EE537FEBA,2026-09-10 03:44:05+00:00
EVT-0001039,IF_ORWMS_SAPQM_001,ORACLE_SCM,SAP_ERP,Kafka,Async,Success,,,,2430,SESS-6CA3016028,REQ-01EC76FAD45E,2026-09-10 23:38:27+00:00
EVT-0001044,IF_OROM_CRMOM_001,ORACLE_SCM,CRM,REST_API,REST,Success,,,,1821,SESS-155FBEFD8A,REQ-DC2099B92293,2026-09-10 09:36:52+00:00
EVT-0001047,IF_ORSC_SAPPP_001,ORACLE_SCM,SAP_ERP,Kafka,Async,Success,,,,970,SESS-452EC5BCCA,REQ-0C533B1C84CC,2026-09-11 03:55:48+00:00
EVT-0001050,IF_ORIM_SAPPROC_001,ORACLE_SCM,SAP_ERP,REST_API,REST,Retry,CFG_017,Interface configuration mismatch,Configuration,6447,SESS-165CFC534B,REQ-2E90C1E9083C,2026-09-14 18:11:48+00:00
EVT-0001051,IF_OROM_CRMOM_001,ORACLE_SCM,CRM,REST_API,REST,Success,,,,2051,SESS-DC81720C33,REQ-56C3CE089CB8,2026-09-14 08:23:17+00:00
EVT-0001052,IF_ORIM_SAPPROC_001,ORACLE_SCM,SAP_ERP,REST_API,REST,Success,,,,1844,SESS-234305C0D3,REQ-D259688ECB34,2026-09-13 19:05:08+00:00
EVT-0001053,IF_ORSC_SAPPP_001,ORACLE_SCM,SAP_ERP,Kafka,Async,Success,,,,1247,SESS-27DD1DE353,REQ-342A23D6E469,2026-09-15 21:09:53+00:00
EVT-0001055,IF_ORSC_SAPPP_001,ORACLE_SCM,SAP_ERP,Kafka,Async,Success,,,,1580,SESS-CD2023A9B3,REQ-CFE8E3DEABCE,2026-09-15 09:27:26+00:00
EVT-0001058,IF_ORWMS_SAPQM_001,ORACLE_SCM,SAP_ERP,Kafka,Async,Success,,,,1791,SESS-EBC63BFE9E,REQ-610A9E265FD2,2026-09-14 10:05:14+00:00
EVT-0001064,IF_ORSC_SAPPP_001,ORACLE_SCM,SAP_ERP,Kafka,Async,Success,,,,2026,SESS-4B93F04478,REQ-C6B61C3753DD,2026-09-10 15:50:51+00:00
EVT-0001066,IF_ORWMS_OROM_001,ORACLE_SCM,ORACLE_SCM,Kafka,Async,Success,,,,778,SESS-97BDCA589B,REQ-31A49D34EB17,2026-09-13 08:46:27+00:00
EVT-0001067,IF_ORWMS_OROM_001,ORACLE_SCM,ORACLE_SCM,Kafka,Async,Success,,,,1997,SESS-6350EE861F,REQ-73D2E5CA8897,2026-09-12 18:43:08+00:00
EVT-0001076,IF_ORWMS_SAPQM_001,ORACLE_SCM,SAP_ERP,Kafka,Async,Failed,AUTH_401,Service credential rejected,Authentication,8795,SESS-A68C52B2AB,REQ-B3168E599525,2026-09-16 09:27:55+00:00
EVT-0001092,IF_ORIM_MESPE_001,ORACLE_SCM,MES,Kafka,Async,Success,,,,1563,SESS-02A0D18513,REQ-7F65F8F88B5E,2026-09-11 10:36:05+00:00
EVT-0001098,IF_ORIM_ORWMS_001,ORACLE_SCM,ORACLE_SCM,ESB,Sync,Success,,,,519,SESS-D7D8B04CD8,REQ-120036E48F78,2026-09-10 01:38:58+00:00
EVT-0001103,IF_ORIM_SAPPROC_001,ORACLE_SCM,SAP_ERP,REST_API,REST,Retry,TIME_004,Downstream response exceeded SLA,Timeout,6034,SESS-140B40420D,REQ-3A8EEC5D2913,2026-09-15 05:56:07+00:00
EVT-0001104,IF_ORWMS_OROM_001,ORACLE_SCM,ORACLE_SCM,Kafka,Async,Success,,,,1281,SESS-755D04EC84,REQ-2E239EBD3BD5,2026-09-11 12:35:42+00:00
EVT-0001105,IF_ORSC_ORIM_001,ORACLE_SCM,ORACLE_SCM,ESB,Sync,Success,,,,1188,SESS-62F456F305,REQ-2F2E8466F6B7,2026-09-10 07:28:43+00:00
EVT-0001107,IF_ORIM_MESPE_001,ORACLE_SCM,MES,Kafka,Async,Retry,NET_CONN_003,Connection reset by peer,Network,4166,SESS-F7C6C4D964,REQ-A72AE817040B,2026-09-14 06:28:32+00:00
EVT-0001114,IF_ORIM_MESPE_001,ORACLE_SCM,MES,Kafka,Async,Success,,,,1439,SESS-336192BD67,REQ-5BEA985BC35B,2026-09-15 14:03:40+00:00
EVT-0001118,IF_ORWMS_OROM_001,ORACLE_SCM,ORACLE_SCM,Kafka,Async,Success,,,,1099,SESS-44A6674D12,REQ-BE82CAF9C231,2026-09-12 19:19:06+00:00
EVT-0001119,IF_ORIM_ORWMS_001,ORACLE_SCM,ORACLE_SCM,ESB,Sync,Success,,,,820,SESS-0AB5FBB3B7,REQ-E39F8FE8D694,2026-09-13 13:21:11+00:00
EVT-0001122,IF_ORWMS_SAPQM_001,ORACLE_SCM,SAP_ERP,Kafka,Async,Failed,CAP_003,Downstream service is at capacity,Capacity,16785,SESS-358713D1C3,REQ-6E9FD4DAE47B,2026-09-11 13:56:48+00:00
EVT-0001123,IF_ORWMS_SAPQM_001,ORACLE_SCM,SAP_ERP,Kafka,Async,Success,,,,2138,SESS-1E925B3244,REQ-5C308BC0F4E8,2026-09-10 22:14:51+00:00
EVT-0001125,IF_ORIM_MESPE_001,ORACLE_SCM,MES,Kafka,Async,Success,,,,1192,SESS-540FD22528,REQ-295FDF133F1A,2026-09-13 10:30:03+00:00
EVT-0001134,IF_ORIM_MESPE_001,ORACLE_SCM,MES,Kafka,Async,Retry,INFRA_008,Runtime node unavailable,Infrastructure,3721,SESS-96F0A4D738,REQ-C0044CCD0A08,2026-09-15 06:17:40+00:00
EVT-0001135,IF_ORIM_ORWMS_001,ORACLE_SCM,ORACLE_SCM,ESB,Sync,Success,,,,967,SESS-1AC184C2AA,REQ-D662D4B26E70,2026-09-11 22:07:59+00:00
EVT-0001137,IF_ORIM_MESPE_001,ORACLE_SCM,MES,Kafka,Async,Success,,,,1504,SESS-4891EE9C7A,REQ-DE157059B474,2026-09-11 01:53:53+00:00
EVT-0001145,IF_ORWMS_SAPQM_001,ORACLE_SCM,SAP_ERP,Kafka,Async,Success,,,,1455,SESS-E5997560F4,REQ-803990F61707,2026-09-16 21:11:12+00:00
EVT-0001152,IF_ORWMS_SAPQM_001,ORACLE_SCM,SAP_ERP,Kafka,Async,Success,,,,2456,SESS-EA7EB68B35,REQ-BC6701391C43,2026-09-11 07:15:18+00:00
EVT-0001156,IF_ORWMS_OROM_001,ORACLE_SCM,ORACLE_SCM,Kafka,Async,Success,,,,923,SESS-1A947D3FB7,REQ-C31FB3223039,2026-09-10 13:23:38+00:00
EVT-0001157,IF_ORIM_MESPE_001,ORACLE_SCM,MES,Kafka,Async,Success,,,,1903,SESS-A22193A41B,REQ-0C5A32A8372D,2026-09-14 06:30:44+00:00
EVT-0001160,IF_OROM_CRMOM_001,ORACLE_SCM,CRM,REST_API,REST,Success,,,,2041,SESS-B035862FB9,REQ-EC3E7949E659,2026-09-16 03:15:55+00:00
EVT-0001163,IF_OROM_CRMOM_001,ORACLE_SCM,CRM,REST_API,REST,Retry,NET_CONN_003,Connection reset by peer,Network,6485,SESS-E664BEDC16,REQ-A04BD4B01D28,2026-09-12 02:40:39+00:00
EVT-0001168,IF_ORIM_MESPE_001,ORACLE_SCM,MES,Kafka,Async,Success,,,,1379,SESS-9FC6A73EDF,REQ-03FFE1D77BB6,2026-09-13 11:35:10+00:00
EVT-0001171,IF_ORIM_ORWMS_001,ORACLE_SCM,ORACLE_SCM,ESB,Sync,Retry,INFRA_008,Runtime node unavailable,Infrastructure,1713,SESS-230D75DED1,REQ-FC612FB09F99,2026-09-13 02:12:51+00:00
EVT-0001175,IF_ORWMS_OROM_001,ORACLE_SCM,ORACLE_SCM,Kafka,Async,Success,,,,1293,SESS-1EBF01720B,REQ-45E72282AF9B,2026-09-15 21:03:35+00:00
EVT-0001176,IF_OROM_CRMOM_001,ORACLE_SCM,CRM,REST_API,REST,Success,,,,2082,SESS-F1AFFBAAD8,REQ-C17622499B72,2026-09-13 05:25:14+00:00
EVT-0001181,IF_ORSC_ORIM_001,ORACLE_SCM,ORACLE_SCM,ESB,Sync,Success,,,,3028,SESS-D281374AA5,REQ-DA38F3E92A7E,2026-09-13 15:50:18+00:00
EVT-0001184,IF_ORWMS_SAPQM_001,ORACLE_SCM,SAP_ERP,Kafka,Async,Retry,NET_CONN_003,Connection reset by peer,Network,5390,SESS-CA3637C319,REQ-D2C63BCE93F8,2026-09-15 02:05:38+00:00
EVT-0001186,IF_ORIM_SAPPROC_001,ORACLE_SCM,SAP_ERP,REST_API,REST,Success,,,,2879,SESS-E056D9AA2E,REQ-EABAABA9BE49,2026-09-12 22:35:38+00:00
EVT-0001190,IF_ORSC_ORIM_001,ORACLE_SCM,ORACLE_SCM,ESB,Sync,Success,,,,2148,SESS-DCD44DC6D5,REQ-F42111609A2D,2026-09-14 04:38:48+00:00
EVT-0001194,IF_ORWMS_SAPQM_001,ORACLE_SCM,SAP_ERP,Kafka,Async,Success,,,,1811,SESS-375FF5F879,REQ-D97C87B84A9E,2026-09-11 04:23:52+00:00
EVT-0001195,IF_ORWMS_OROM_001,ORACLE_SCM,ORACLE_SCM,Kafka,Async,Success,,,,774,SESS-FF98B7CFF3,REQ-9B0E0A0518D9,2026-09-12 02:06:46+00:00
EVT-0001196,IF_ORSC_SAPPP_001,ORACLE_SCM,SAP_ERP,Kafka,Async,Success,,,,1292,SESS-AE4111094B,REQ-697C7C38C896,2026-09-15 18:24:34+00:00
EVT-0001198,IF_ORWMS_SAPQM_001,ORACLE_SCM,SAP_ERP,Kafka,Async,Success,,,,2299,SESS-66352E1631,REQ-9C73ABD4A445,2026-09-12 10:28:02+00:00
EVT-0001205,IF_ORWMS_SAPQM_001,ORACLE_SCM,SAP_ERP,Kafka,Async,Success,,,,2487,SESS-2FFBA9D955,REQ-55831DA6D5E5,2026-09-13 22:01:30+00:00
EVT-0001207,IF_OROM_CRMOM_001,ORACLE_SCM,CRM,REST_API,REST,Failed,DB_COMMIT_014,Transaction commit failed,Database,17676,SESS-EB208C0EB0,REQ-F0D1B2EA8CBF,2026-09-14 10:58:54+00:00
EVT-0001209,IF_OROM_CRMOM_001,ORACLE_SCM,CRM,REST_API,REST,Success,,,,2425,SESS-5996D5AA17,REQ-F95053C046AA,2026-09-16 07:04:05+00:00
EVT-0001210,IF_ORIM_SAPPROC_001,ORACLE_SCM,SAP_ERP,REST_API,REST,Success,,,,2259,SESS-26C08E9D6B,REQ-ACDB0EF750BF,2026-09-14 13:59:51+00:00
EVT-0001215,IF_ORWMS_OROM_001,ORACLE_SCM,ORACLE_SCM,Kafka,Async,Success,,,,1655,SESS-87B872D11B,REQ-228F6E3BB304,2026-09-15 23:30:46+00:00
EVT-0001217,IF_ORSC_SAPPP_001,ORACLE_SCM,SAP_ERP,Kafka,Async,Success,,,,1409,SESS-822ACB5281,REQ-F6B61D90DA38,2026-09-16 16:41:12+00:00
EVT-0001220,IF_ORWMS_SAPQM_001,ORACLE_SCM,SAP_ERP,Kafka,Async,Success,,,,2708,SESS-2B45F8D71F,REQ-A43709DAB04A,2026-09-15 19:42:35+00:00
EVT-0001222,IF_ORWMS_SAPQM_001,ORACLE_SCM,SAP_ERP,Kafka,Async,Retry,TIME_004,Downstream response exceeded SLA,Timeout,8974,SESS-B0DD762D1B,REQ-0181BACC222C,2026-09-11 21:39:11+00:00
EVT-0001227,IF_ORIM_MESPE_001,ORACLE_SCM,MES,Kafka,Async,Success,,,,1381,SESS-5E52A321C0,REQ-99DE86587941,2026-09-13 08:50:22+00:00
EVT-0001232,IF_ORIM_SAPPROC_001,ORACLE_SCM,SAP_ERP,REST_API,REST,Success,,,,2400,SESS-D07B838855,REQ-F5F6AB0DB4DB,2026-09-16 08:10:01+00:00
EVT-0001233,IF_ORIM_SAPPROC_001,ORACLE_SCM,SAP_ERP,REST_API,REST,Success,,,,1829,SESS-8F4EEE533B,REQ-AB68346A51B1,2026-09-13 06:43:30+00:00
EVT-0001237,IF_ORIM_ORWMS_001,ORACLE_SCM,ORACLE_SCM,ESB,Sync,Success,,,,722,SESS-88D6CCF836,REQ-A8F111ED6BA6,2026-09-11 19:46:55+00:00
EVT-0001238,IF_ORSC_SAPPP_001,ORACLE_SCM,SAP_ERP,Kafka,Async,Retry,TIME_004,Downstream response exceeded SLA,Timeout,3160,SESS-26B1779B9A,REQ-BC45D3AA42A1,2026-09-15 05:40:47+00:00
EVT-0001240,IF_ORIM_ORWMS_001,ORACLE_SCM,ORACLE_SCM,ESB,Sync,Success,,,,631,SESS-0CEF1D6143,REQ-79C9AC8F4BF2,2026-09-12 08:25:09+00:00
EVT-0001245,IF_ORSC_ORIM_001,ORACLE_SCM,ORACLE_SCM,ESB,Sync,Success,,,,3144,SESS-3F0654CA0B,REQ-359789560DF6,2026-09-13 18:26:50+00:00
EVT-0001249,IF_ORIM_MESPE_001,ORACLE_SCM,MES,Kafka,Async,Success,,,,1377,SESS-3FE5F51335,REQ-C238A288FFDB,2026-09-15 02:46:09+00:00
EVT-0001251,IF_ORIM_SAPPROC_001,ORACLE_SCM,SAP_ERP,REST_API,REST,Success,,,,2706,SESS-45077BBB5C,REQ-D8E7C3F5A9C7,2026-09-16 13:08:36+00:00
EVT-0001254,IF_ORWMS_OROM_001,ORACLE_SCM,ORACLE_SCM,Kafka,Async,Success,,,,1250,SESS-DEB712BCA9,REQ-CF778B345261,2026-09-13 10:55:55+00:00
EVT-0001257,IF_ORIM_MESPE_001,ORACLE_SCM,MES,Kafka,Async,Success,,,,1447,SESS-4D43E8103C,REQ-024D59ED4156,2026-09-10 07:41:15+00:00
EVT-0001258,IF_ORSC_SAPPP_001,ORACLE_SCM,SAP_ERP,Kafka,Async,Success,,,,1842,SESS-EB72028119,REQ-354D782C1002,2026-09-11 23:12:04+00:00
EVT-0001264,IF_ORIM_ORWMS_001,ORACLE_SCM,ORACLE_SCM,ESB,Sync,Success,,,,926,SESS-E319C96305,REQ-296CF9C92E2F,2026-09-12 02:34:02+00:00
EVT-0001265,IF_ORIM_SAPPROC_001,ORACLE_SCM,SAP_ERP,REST_API,REST,Success,,,,2004,SESS-FBC12EC9FE,REQ-83457A793BAC,2026-09-10 16:28:42+00:00
EVT-0001267,IF_ORWMS_SAPQM_001,ORACLE_SCM,SAP_ERP,Kafka,Async,Success,,,,1320,SESS-C3CF31F508,REQ-3C14E270A9D7,2026-09-13 08:35:15+00:00
EVT-0001268,IF_OROM_CRMOM_001,ORACLE_SCM,CRM,REST_API,REST,Success,,,,2921,SESS-C6A84F64A3,REQ-64F01CB0DAF0,2026-09-13 00:37:01+00:00
EVT-0001269,IF_OROM_CRMOM_001,ORACLE_SCM,CRM,REST_API,REST,Success,,,,1918,SESS-12DAAB5B9E,REQ-DCA143074BE2,2026-09-11 13:33:08+00:00
EVT-0001272,IF_OROM_CRMOM_001,ORACLE_SCM,CRM,REST_API,REST,Success,,,,2747,SESS-90B170B160,REQ-DFB18F3AEBAF,2026-09-14 16:30:42+00:00
EVT-0001273,IF_ORWMS_SAPQM_001,ORACLE_SCM,SAP_ERP,Kafka,Async,Success,,,,2644,SESS-643416AC11,REQ-CBAF7C4BCFA9,2026-09-11 06:01:35+00:00
EVT-0001285,IF_ORSC_SAPPP_001,ORACLE_SCM,SAP_ERP,Kafka,Async,Success,,,,1591,SESS-DD264E3DB4,REQ-E7D7771D84AB,2026-09-11 13:10:02+00:00
EVT-0001286,IF_ORSC_SAPPP_001,ORACLE_SCM,SAP_ERP,Kafka,Async,Success,,,,1009,SESS-2450C40608,REQ-B95938DC76A9,2026-09-10 08:52:05+00:00
EVT-0001289,IF_ORSC_SAPPP_001,ORACLE_SCM,SAP_ERP,Kafka,Async,Success,,,,860,SESS-A6258E5BD7,REQ-3CDC0D09933A,2026-09-10 21:05:28+00:00
EVT-0001292,IF_ORSC_SAPPP_001,ORACLE_SCM,SAP_ERP,Kafka,Async,Success,,,,1541,SESS-BE46E3F59B,REQ-24F1FAA7752E,2026-09-14 10:15:03+00:00
EVT-0001294,IF_ORWMS_OROM_001,ORACLE_SCM,ORACLE_SCM,Kafka,Async,Retry,AUTHZ_403,Caller is not authorized,Authorization,5004,SESS-55C01847D1,REQ-E87891662C8D,2026-09-15 12:45:21+00:00
EVT-0001303,IF_ORIM_SAPPROC_001,ORACLE_SCM,SAP_ERP,REST_API,REST,Success,,,,1353,SESS-301E7C325D,REQ-2C497209AABD,2026-09-10 04:43:36+00:00
EVT-0001305,IF_ORWMS_OROM_001,ORACLE_SCM,ORACLE_SCM,Kafka,Async,Success,,,,752,SESS-4E93E0787B,REQ-F8B5B4E17439,2026-09-12 08:39:33+00:00
EVT-0001311,IF_OROM_CRMOM_001,ORACLE_SCM,CRM,REST_API,REST,Success,,,,2499,SESS-F01E1AC3E6,REQ-B3D9DF70F27F,2026-09-16 04:32:04+00:00
EVT-0001313,IF_ORSC_ORIM_001,ORACLE_SCM,ORACLE_SCM,ESB,Sync,Success,,,,2377,SESS-7C35F71A98,REQ-555FCC6FB0B4,2026-09-15 14:08:35+00:00
EVT-0001314,IF_ORWMS_SAPQM_001,ORACLE_SCM,SAP_ERP,Kafka,Async,Success,,,,2736,SESS-5CC3C6AC1D,REQ-11AC0E3864F3,2026-09-13 15:08:22+00:00
EVT-0001317,IF_OROM_CRMOM_001,ORACLE_SCM,CRM,REST_API,REST,Success,,,,2202,SESS-0CA8EE1A60,REQ-B9DE25871E2E,2026-09-14 19:09:59+00:00
EVT-0001322,IF_ORIM_MESPE_001,ORACLE_SCM,MES,Kafka,Async,Success,,,,1042,SESS-1900FB476D,REQ-BE569044B738,2026-09-12 20:47:19+00:00
EVT-0001329,IF_ORSC_ORIM_001,ORACLE_SCM,ORACLE_SCM,ESB,Sync,Success,,,,1510,SESS-418FA91F74,REQ-EB6DC3485AA6,2026-09-12 08:31:13+00:00
EVT-0001331,IF_ORWMS_SAPQM_001,ORACLE_SCM,SAP_ERP,Kafka,Async,Failed,EXT_502,Downstream service returned 502,External Service,3130,SESS-A7E6CB60D4,REQ-4B61629DC0A4,2026-09-14 19:04:53+00:00
EVT-0001335,IF_ORWMS_OROM_001,ORACLE_SCM,ORACLE_SCM,Kafka,Async,Success,,,,1385,SESS-05F6EEE05A,REQ-2A3B1F660EAF,2026-09-15 10:22:35+00:00
EVT-0001337,IF_ORWMS_OROM_001,ORACLE_SCM,ORACLE_SCM,Kafka,Async,Success,,,,846,SESS-96830A562E,REQ-DA1B612E54A8,2026-09-14 18:18:03+00:00
EVT-0001339,IF_ORIM_SAPPROC_001,ORACLE_SCM,SAP_ERP,REST_API,REST,Success,,,,2704,SESS-59178EF8EB,REQ-925257E15E3C,2026-09-11 00:42:19+00:00
EVT-0001344,IF_ORSC_SAPPP_001,ORACLE_SCM,SAP_ERP,Kafka,Async,Success,,,,1362,SESS-A9F8CE8AE8,REQ-B9BFDDCD24D0,2026-09-10 08:28:43+00:00
EVT-0001359,IF_ORSC_SAPPP_001,ORACLE_SCM,SAP_ERP,Kafka,Async,Retry,CFG_017,Interface configuration mismatch,Configuration,5117,SESS-AB11659596,REQ-0A0BC44DB3AF,2026-09-15 11:18:07+00:00
EVT-0001360,IF_ORSC_SAPPP_001,ORACLE_SCM,SAP_ERP,Kafka,Async,Success,,,,1440,SESS-36C54411DE,REQ-3C9E37F00A9B,2026-09-11 13:27:48+00:00
EVT-0001369,IF_ORSC_SAPPP_001,ORACLE_SCM,SAP_ERP,Kafka,Async,Success,,,,1573,SESS-E0516234DC,REQ-D3C98E91FCFC,2026-09-14 04:18:01+00:00
EVT-0001375,IF_ORIM_SAPPROC_001,ORACLE_SCM,SAP_ERP,REST_API,REST,Success,,,,2017,SESS-63CBC02A67,REQ-98CC4DADEE1A,2026-09-10 03:28:59+00:00
EVT-0001376,IF_OROM_CRMOM_001,ORACLE_SCM,CRM,REST_API,REST,Success,,,,2587,SESS-C86D2E6F47,REQ-6A0D727C243B,2026-09-12 05:00:22+00:00
EVT-0001377,IF_ORSC_ORIM_001,ORACLE_SCM,ORACLE_SCM,ESB,Sync,Success,,,,2167,SESS-17E4773108,REQ-75DD3A5DEB63,2026-09-11 19:37:51+00:00
EVT-0001382,IF_OROM_CRMOM_001,ORACLE_SCM,CRM,REST_API,REST,Success,,,,2330,SESS-F342BB9604,REQ-AE5DF5ED8AFC,2026-09-14 19:46:45+00:00
EVT-0001385,IF_ORWMS_SAPQM_001,ORACLE_SCM,SAP_ERP,Kafka,Async,Success,,,,2884,SESS-BCCD14465C,REQ-E67FAAA7746E,2026-09-14 06:27:01+00:00
EVT-0001391,IF_ORSC_SAPPP_001,ORACLE_SCM,SAP_ERP,Kafka,Async,Failed,DB_COMMIT_014,Transaction commit failed,Database,9237,SESS-6CC3409E0B,REQ-D30C5D498309,2026-09-10 05:26:02+00:00
EVT-0001401,IF_ORSC_SAPPP_001,ORACLE_SCM,SAP_ERP,Kafka,Async,Success,,,,1442,SESS-8355E52716,REQ-918FB0854B06,2026-09-14 13:28:54+00:00
EVT-0001403,IF_ORIM_MESPE_001,ORACLE_SCM,MES,Kafka,Async,Success,,,,1536,SESS-3C5CDFCDC1,REQ-1FDFAAE557FC,2026-09-10 15:51:51+00:00
EVT-0001414,IF_ORIM_ORWMS_001,ORACLE_SCM,ORACLE_SCM,ESB,Sync,Success,,,,1151,SESS-96309069D5,REQ-A81FEAD965E7,2026-09-15 18:16:41+00:00
EVT-0001421,IF_ORWMS_OROM_001,ORACLE_SCM,ORACLE_SCM,Kafka,Async,Failed,AUTH_401,Service credential rejected,Authentication,2529,SESS-D047E36D71,REQ-EB8B15A48D61,2026-09-14 08:42:22+00:00
EVT-0001424,IF_OROM_CRMOM_001,ORACLE_SCM,CRM,REST_API,REST,Success,,,,1742,SESS-40804AF070,REQ-5F2446E8F4D7,2026-09-16 03:17:01+00:00
EVT-0001425,IF_ORWMS_SAPQM_001,ORACLE_SCM,SAP_ERP,Kafka,Async,Success,,,,1933,SESS-605350CD32,REQ-6B6B5614A4A0,2026-09-12 17:45:42+00:00
EVT-0001427,IF_ORSC_SAPPP_001,ORACLE_SCM,SAP_ERP,Kafka,Async,Success,,,,1396,SESS-433D71C5BD,REQ-DD168808E2C3,2026-09-14 10:16:55+00:00
EVT-0001428,IF_OROM_CRMOM_001,ORACLE_SCM,CRM,REST_API,REST,Success,,,,2060,SESS-4D2F2C191A,REQ-BE6BAEFEB2F7,2026-09-10 20:53:33+00:00
EVT-0001431,IF_ORWMS_SAPQM_001,ORACLE_SCM,SAP_ERP,Kafka,Async,Success,,,,1776,SESS-2B91F9B1F6,REQ-96D884A83B9D,2026-09-15 08:48:30+00:00
EVT-0001432,IF_ORIM_ORWMS_001,ORACLE_SCM,ORACLE_SCM,ESB,Sync,Success,,,,1028,SESS-B7B47CC8E3,REQ-70C9ADCFF67F,2026-09-13 13:46:30+00:00
EVT-0001435,IF_ORSC_ORIM_001,ORACLE_SCM,ORACLE_SCM,ESB,Sync,Success,,,,2478,SESS-2785602B50,REQ-F959D8F5D647,2026-09-10 17:44:03+00:00
EVT-0001436,IF_ORSC_ORIM_001,ORACLE_SCM,ORACLE_SCM,ESB,Sync,Failed,VAL_400,Required business field failed validation,Validation,14824,SESS-DF3B971340,REQ-62D24C3DAB3D,2026-09-15 20:35:21+00:00
EVT-0001442,IF_ORSC_SAPPP_001,ORACLE_SCM,SAP_ERP,Kafka,Async,Failed,CAP_003,Downstream service is at capacity,Capacity,7951,SESS-9B18307DAE,REQ-69292016839F,2026-09-10 17:36:17+00:00
EVT-0001452,IF_OROM_CRMOM_001,ORACLE_SCM,CRM,REST_API,REST,Success,,,,2992,SESS-34DE5818BE,REQ-108F122ED3B5,2026-09-11 14:42:20+00:00
EVT-0001457,IF_ORWMS_SAPQM_001,ORACLE_SCM,SAP_ERP,Kafka,Async,Success,,,,2428,SESS-F6EBAD6EBE,REQ-5E7A944D5246,2026-09-10 10:12:38+00:00
EVT-0001459,IF_ORIM_ORWMS_001,ORACLE_SCM,ORACLE_SCM,ESB,Sync,Success,,,,1182,SESS-97040A8CE9,REQ-2ED825EC40E8,2026-09-16 12:38:09+00:00
EVT-0001462,IF_ORIM_SAPPROC_001,ORACLE_SCM,SAP_ERP,REST_API,REST,Success,,,,1640,SESS-16FF1B02C0,REQ-22A365FAF03A,2026-09-13 01:18:57+00:00
EVT-0001463,IF_ORIM_MESPE_001,ORACLE_SCM,MES,Kafka,Async,Success,,,,1226,SESS-506ACA361D,REQ-59A3CC265821,2026-09-13 06:03:40+00:00
EVT-0001467,IF_OROM_CRMOM_001,ORACLE_SCM,CRM,REST_API,REST,Success,,,,1948,SESS-4E363EE249,REQ-C25C5DED203D,2026-09-14 02:35:22+00:00
EVT-0001468,IF_OROM_CRMOM_001,ORACLE_SCM,CRM,REST_API,REST,Success,,,,2257,SESS-61DBFFB6FF,REQ-392B20DCE73F,2026-09-14 23:36:02+00:00
EVT-0001473,IF_ORWMS_SAPQM_001,ORACLE_SCM,SAP_ERP,Kafka,Async,Success,,,,1614,SESS-D046D941F9,REQ-C8DD27428383,2026-09-16 01:39:19+00:00
EVT-0001475,IF_ORIM_MESPE_001,ORACLE_SCM,MES,Kafka,Async,Success,,,,1410,SESS-1A55D432B7,REQ-CAA84E0561D5,2026-09-10 13:59:59+00:00
EVT-0001480,IF_ORSC_ORIM_001,ORACLE_SCM,ORACLE_SCM,ESB,Sync,Success,,,,2133,SESS-A8A75BF7C2,REQ-A455E59E662B,2026-09-15 07:18:51+00:00
EVT-0001482,IF_ORSC_ORIM_001,ORACLE_SCM,ORACLE_SCM,ESB,Sync,Success,,,,1669,SESS-4A9F468B0F,REQ-0DA109046FCF,2026-09-16 10:27:57+00:00
EVT-0001486,IF_OROM_CRMOM_001,ORACLE_SCM,CRM,REST_API,REST,Failed,CAP_003,Downstream service is at capacity,Capacity,8171,SESS-BBD3EF9F6D,REQ-781729E4576C,2026-09-15 07:13:15+00:00
EVT-0001487,IF_ORIM_MESPE_001,ORACLE_SCM,MES,Kafka,Async,Success,,,,1444,SESS-7E2CD67342,REQ-DDF4A302E61C,2026-09-13 20:11:59+00:00
EVT-0001489,IF_ORSC_SAPPP_001,ORACLE_SCM,SAP_ERP,Kafka,Async,Success,,,,781,SESS-5703A89582,REQ-28DE53A50135,2026-09-13 21:28:46+00:00
EVT-0001491,IF_ORSC_SAPPP_001,ORACLE_SCM,SAP_ERP,Kafka,Async,Failed,INFRA_008,Runtime node unavailable,Infrastructure,4709,SESS-C0C3CB8D3E,REQ-342C26FB5C81,2026-09-12 12:21:15+00:00
EVT-0001492,IF_ORWMS_OROM_001,ORACLE_SCM,ORACLE_SCM,Kafka,Async,Success,,,,1182,SESS-CF8E674EAA,REQ-98A89682A97F,2026-09-11 12:41:13+00:00
EVT-0001496,IF_ORSC_SAPPP_001,ORACLE_SCM,SAP_ERP,Kafka,Async,Retry,AUTHZ_403,Caller is not authorized,Authorization,3510,SESS-BCE76E3C24,REQ-0F050A28EF9E,2026-09-14 00:00:09+00:00
EVT-0001498,IF_ORSC_SAPPP_001,ORACLE_SCM,SAP_ERP,Kafka,Async,Success,,,,1151,SESS-A1EC5C48A5,REQ-062941B4F91A,2026-09-14 06:15:02+00:00
EVT-0001504,IF_ORIM_MESPE_001,ORACLE_SCM,MES,Kafka,Async,Success,,,,739,SESS-4DA2314CAF,REQ-C61F0D996FF8,2026-09-14 16:47:57+00:00
EVT-0001507,IF_ORWMS_OROM_001,ORACLE_SCM,ORACLE_SCM,Kafka,Async,Success,,,,807,SESS-EB83E46E5F,REQ-595C098EBA4C,2026-09-16 02:37:28+00:00
EVT-0001508,IF_ORWMS_SAPQM_001,ORACLE_SCM,SAP_ERP,Kafka,Async,Success,,,,1975,SESS-5AAF80BA2F,REQ-A1C463CC4EA0,2026-09-13 10:41:15+00:00
EVT-0001513,IF_ORWMS_OROM_001,ORACLE_SCM,ORACLE_SCM,Kafka,Async,Success,,,,722,SESS-DA53ACC168,REQ-7B32E64E547F,2026-09-10 15:47:38+00:00
EVT-0001519,IF_ORWMS_OROM_001,ORACLE_SCM,ORACLE_SCM,Kafka,Async,Success,,,,1108,SESS-2B408709E7,REQ-5CDEB93C7F41,2026-09-11 20:55:42+00:00
EVT-0001521,IF_ORWMS_SAPQM_001,ORACLE_SCM,SAP_ERP,Kafka,Async,Success,,,,1504,SESS-3AD8FF6111,REQ-B7F065A14927,2026-09-13 21:28:41+00:00
EVT-0001522,IF_ORWMS_SAPQM_001,ORACLE_SCM,SAP_ERP,Kafka,Async,Success,,,,2146,SESS-1066BF9A12,REQ-7C9B065BAA18,2026-09-16 02:54:11+00:00
EVT-0001525,IF_OROM_CRMOM_001,ORACLE_SCM,CRM,REST_API,REST,Success,,,,2341,SESS-CF3EF71973,REQ-E50A39D5713F,2026-09-13 02:58:29+00:00
EVT-0001526,IF_ORIM_SAPPROC_001,ORACLE_SCM,SAP_ERP,REST_API,REST,Success,,,,2011,SESS-9FF9953103,REQ-7ADC25C643AB,2026-09-14 09:03:34+00:00
EVT-0001536,IF_ORSC_ORIM_001,ORACLE_SCM,ORACLE_SCM,ESB,Sync,Success,,,,2943,SESS-95956A4754,REQ-3099FD9C69B8,2026-09-11 12:44:18+00:00
EVT-0001537,IF_ORIM_ORWMS_001,ORACLE_SCM,ORACLE_SCM,ESB,Sync,Success,,,,856,SESS-0DD101219B,REQ-F9C938496782,2026-09-12 23:49:56+00:00
EVT-0001540,IF_ORWMS_SAPQM_001,ORACLE_SCM,SAP_ERP,Kafka,Async,Success,,,,2065,SESS-C93CF9C805,REQ-7023B1432E5B,2026-09-15 00:37:32+00:00
EVT-0001543,IF_ORSC_ORIM_001,ORACLE_SCM,ORACLE_SCM,ESB,Sync,Success,,,,1954,SESS-97BD4DD2F6,REQ-74E0C65DCA02,2026-09-13 01:34:15+00:00
EVT-0001546,IF_ORIM_ORWMS_001,ORACLE_SCM,ORACLE_SCM,ESB,Sync,Retry,NET_CONN_003,Connection reset by peer,Network,3268,SESS-19482CFE9C,REQ-D933F032502D,2026-09-16 05:27:30+00:00
EVT-0001548,IF_ORIM_ORWMS_001,ORACLE_SCM,ORACLE_SCM,ESB,Sync,Success,,,,889,SESS-A622D7D378,REQ-32C4361A530A,2026-09-13 01:53:01+00:00
EVT-0001550,IF_ORIM_ORWMS_001,ORACLE_SCM,ORACLE_SCM,ESB,Sync,Success,,,,714,SESS-8F5ABC1D76,REQ-5E228341CA4A,2026-09-16 19:42:27+00:00
EVT-0001553,IF_ORSC_SAPPP_001,ORACLE_SCM,SAP_ERP,Kafka,Async,Failed,AUTHZ_403,Caller is not authorized,Authorization,2244,SESS-9CBF7F2C2B,REQ-0D206E529C8D,2026-09-16 17:44:05+00:00
EVT-0001558,IF_ORIM_MESPE_001,ORACLE_SCM,MES,Kafka,Async,Success,,,,1369,SESS-47B5FE7338,REQ-63C59427E488,2026-09-11 05:05:25+00:00
EVT-0001560,IF_ORIM_SAPPROC_001,ORACLE_SCM,SAP_ERP,REST_API,REST,Success,,,,2791,SESS-7B0E75DF73,REQ-940C086088E7,2026-09-14 08:04:24+00:00
EVT-0001561,IF_OROM_CRMOM_001,ORACLE_SCM,CRM,REST_API,REST,Success,,,,2066,SESS-ADB687A811,REQ-A91F87204D50,2026-09-14 03:18:26+00:00
EVT-0001562,IF_ORSC_ORIM_001,ORACLE_SCM,ORACLE_SCM,ESB,Sync,Success,,,,2008,SESS-52A9643B22,REQ-D46F479FEA58,2026-09-11 06:12:46+00:00
EVT-0001563,IF_OROM_CRMOM_001,ORACLE_SCM,CRM,REST_API,REST,Retry,CFG_017,Interface configuration mismatch,Configuration,7357,SESS-C1A6491C3B,REQ-F4BBA052164F,2026-09-13 00:17:30+00:00
EVT-0001569,IF_OROM_CRMOM_001,ORACLE_SCM,CRM,REST_API,REST,Success,,,,1890,SESS-67753D3E98,REQ-DFD9EBF43B50,2026-09-11 16:16:04+00:00
EVT-0001571,IF_ORWMS_SAPQM_001,ORACLE_SCM,SAP_ERP,Kafka,Async,Success,,,,2550,SESS-9042C210C7,REQ-39B859040171,2026-09-10 19:51:53+00:00
EVT-0001578,IF_ORWMS_OROM_001,ORACLE_SCM,ORACLE_SCM,Kafka,Async,Success,,,,928,SESS-DA9EEC3577,REQ-DB057C025BAB,2026-09-11 09:48:02+00:00
EVT-0001585,IF_ORSC_ORIM_001,ORACLE_SCM,ORACLE_SCM,ESB,Sync,Success,,,,1568,SESS-E9F8F8BCC2,REQ-86A5D495B465,2026-09-13 23:05:01+00:00
EVT-0001586,IF_ORSC_SAPPP_001,ORACLE_SCM,SAP_ERP,Kafka,Async,Success,,,,1130,SESS-11A0892E4C,REQ-BC26DBF9E60B,2026-09-10 10:43:02+00:00
EVT-0001591,IF_ORIM_MESPE_001,ORACLE_SCM,MES,Kafka,Async,Success,,,,1520,SESS-F72CCD80CA,REQ-0AA45FF79AD8,2026-09-11 21:21:13+00:00
EVT-0001596,IF_ORWMS_SAPQM_001,ORACLE_SCM,SAP_ERP,Kafka,Async,Failed,INFRA_008,Runtime node unavailable,Infrastructure,19243,SESS-C3F362975E,REQ-097D9229F974,2026-09-10 04:17:27+00:00
EVT-0001598,IF_ORWMS_SAPQM_001,ORACLE_SCM,SAP_ERP,Kafka,Async,Success,,,,2761,SESS-CB069F75AC,REQ-FD48F5B2CB0F,2026-09-13 04:30:43+00:00
EVT-0001600,IF_ORWMS_OROM_001,ORACLE_SCM,ORACLE_SCM,Kafka,Async,Success,,,,978,SESS-193B99261C,REQ-1C05CB828F3E,2026-09-11 16:14:34+00:00
EVT-0001603,IF_ORSC_ORIM_001,ORACLE_SCM,ORACLE_SCM,ESB,Sync,Retry,AUTHZ_403,Caller is not authorized,Authorization,4310,SESS-C60B5804E0,REQ-E12808C00B5D,2026-09-11 01:53:53+00:00
EVT-0001613,IF_ORSC_ORIM_001,ORACLE_SCM,ORACLE_SCM,ESB,Sync,Success,,,,3153,SESS-86010DD89E,REQ-82CDCE9D779C,2026-09-13 03:17:06+00:00
EVT-0001615,IF_ORIM_ORWMS_001,ORACLE_SCM,ORACLE_SCM,ESB,Sync,Success,,,,804,SESS-45C86ECD6C,REQ-AC909673E902,2026-09-12 07:33:59+00:00
EVT-0001616,IF_ORWMS_SAPQM_001,ORACLE_SCM,SAP_ERP,Kafka,Async,Success,,,,1900,SESS-9D6CD777B7,REQ-AE71EF8C6C96,2026-09-16 00:48:11+00:00
EVT-0001619,IF_ORIM_ORWMS_001,ORACLE_SCM,ORACLE_SCM,ESB,Sync,Success,,,,1185,SESS-EF8B77D522,REQ-9D3E9707B84B,2026-09-16 11:50:25+00:00
EVT-0001623,IF_ORWMS_SAPQM_001,ORACLE_SCM,SAP_ERP,Kafka,Async,Success,,,,2539,SESS-D71A0E83D2,REQ-C8415BA68354,2026-09-15 07:20:36+00:00
EVT-0001625,IF_OROM_CRMOM_001,ORACLE_SCM,CRM,REST_API,REST,Failed,AUTHZ_403,Caller is not authorized,Authorization,18540,SESS-3D4816FD97,REQ-F1B456A69BA4,2026-09-12 06:55:22+00:00
EVT-0001629,IF_ORIM_ORWMS_001,ORACLE_SCM,ORACLE_SCM,ESB,Sync,Retry,INFRA_008,Runtime node unavailable,Infrastructure,3366,SESS-6E415632B9,REQ-93D500FB4F49,2026-09-12 14:53:06+00:00
EVT-0001632,IF_ORIM_SAPPROC_001,ORACLE_SCM,SAP_ERP,REST_API,REST,Success,,,,3011,SESS-C9DD0EC72C,REQ-3DAEDC78A253,2026-09-13 22:36:17+00:00
EVT-0001635,IF_ORIM_ORWMS_001,ORACLE_SCM,ORACLE_SCM,ESB,Sync,Success,,,,1038,SESS-E8F2F060F6,REQ-EBE016326B53,2026-09-12 09:17:49+00:00
EVT-0001640,IF_ORSC_SAPPP_001,ORACLE_SCM,SAP_ERP,Kafka,Async,Success,,,,1541,SESS-008B8A18C6,REQ-B9FC5D4DD693,2026-09-11 11:43:55+00:00
EVT-0001645,IF_ORWMS_SAPQM_001,ORACLE_SCM,SAP_ERP,Kafka,Async,Success,,,,1989,SESS-F98F30C526,REQ-D5070B98ACF9,2026-09-15 06:09:53+00:00
EVT-0001647,IF_OROM_CRMOM_001,ORACLE_SCM,CRM,REST_API,REST,Success,,,,3025,SESS-64152C0715,REQ-6CEB32B9900B,2026-09-16 15:50:35+00:00
EVT-0001650,IF_ORWMS_OROM_001,ORACLE_SCM,ORACLE_SCM,Kafka,Async,Success,,,,1579,SESS-5C8352D165,REQ-581845C9073B,2026-09-15 15:21:04+00:00
EVT-0001655,IF_OROM_CRMOM_001,ORACLE_SCM,CRM,REST_API,REST,Success,,,,2922,SESS-AEB3F8DF6B,REQ-8FA68E598956,2026-09-11 17:01:13+00:00
EVT-0001656,IF_ORIM_ORWMS_001,ORACLE_SCM,ORACLE_SCM,ESB,Sync,Success,,,,929,SESS-1C71385246,REQ-0089832BC5D6,2026-09-15 11:39:46+00:00
EVT-0001657,IF_ORIM_MESPE_001,ORACLE_SCM,MES,Kafka,Async,Success,,,,1399,SESS-D97E245C8C,REQ-0C0CD05B0181,2026-09-13 07:10:56+00:00
EVT-0001677,IF_ORIM_SAPPROC_001,ORACLE_SCM,SAP_ERP,REST_API,REST,Success,,,,2711,SESS-2FF2672649,REQ-24DFC76BBE10,2026-09-10 08:57:34+00:00
EVT-0001682,IF_ORIM_MESPE_001,ORACLE_SCM,MES,Kafka,Async,Success,,,,2127,SESS-00BA7C94AD,REQ-1042F9FF0889,2026-09-13 03:56:49+00:00
EVT-0001692,IF_ORIM_ORWMS_001,ORACLE_SCM,ORACLE_SCM,ESB,Sync,Success,,,,1184,SESS-03362CFEA5,REQ-CE101BB96AA3,2026-09-14 23:28:39+00:00
EVT-0001693,IF_ORWMS_OROM_001,ORACLE_SCM,ORACLE_SCM,Kafka,Async,Success,,,,1564,SESS-1479031582,REQ-2B0A010FF4AA,2026-09-16 05:05:52+00:00
EVT-0001695,IF_ORWMS_OROM_001,ORACLE_SCM,ORACLE_SCM,Kafka,Async,Success,,,,1202,SESS-B3EE8C1312,REQ-29C7340214A2,2026-09-16 05:19:02+00:00
EVT-0001699,IF_ORWMS_SAPQM_001,ORACLE_SCM,SAP_ERP,Kafka,Async,Success,,,,2731,SESS-8F8BF2BDE9,REQ-61A2E3C1FA0A,2026-09-15 00:12:49+00:00
EVT-0001701,IF_ORWMS_OROM_001,ORACLE_SCM,ORACLE_SCM,Kafka,Async,Success,,,,1307,SESS-D4FED0497C,REQ-E37A44B36294,2026-09-14 08:52:01+00:00
EVT-0001704,IF_ORIM_SAPPROC_001,ORACLE_SCM,SAP_ERP,REST_API,REST,Success,,,,1854,SESS-119779D1B5,REQ-C1318875F195,2026-09-16 14:46:28+00:00
EVT-0001710,IF_ORIM_SAPPROC_001,ORACLE_SCM,SAP_ERP,REST_API,REST,Success,,,,2483,SESS-C318C28C14,REQ-222D9E4C3BA4,2026-09-13 13:40:14+00:00
EVT-0001714,IF_ORSC_ORIM_001,ORACLE_SCM,ORACLE_SCM,ESB,Sync,Success,,,,2636,SESS-66EACA19E3,REQ-7CCD2A81CD6A,2026-09-11 18:17:08+00:00
EVT-0001727,IF_ORIM_ORWMS_001,ORACLE_SCM,ORACLE_SCM,ESB,Sync,Success,,,,967,SESS-420901C681,REQ-2F00A19E7D3B,2026-09-10 22:11:02+00:00
EVT-0001728,IF_ORWMS_SAPQM_001,ORACLE_SCM,SAP_ERP,Kafka,Async,Success,,,,2810,SESS-57B89FBBB3,REQ-E26FA635400A,2026-09-10 04:30:19+00:00
EVT-0001730,IF_ORSC_ORIM_001,ORACLE_SCM,ORACLE_SCM,ESB,Sync,Success,,,,2140,SESS-0B4460A4F7,REQ-051AD541A898,2026-09-11 06:03:07+00:00
EVT-0001732,IF_ORIM_SAPPROC_001,ORACLE_SCM,SAP_ERP,REST_API,REST,Success,,,,2569,SESS-C33194695E,REQ-5B4E5ABA2150,2026-09-14 19:49:50+00:00
EVT-0001739,IF_ORIM_ORWMS_001,ORACLE_SCM,ORACLE_SCM,ESB,Sync,Success,,,,742,SESS-DCFBAAB0F0,REQ-85F177DB686B,2026-09-13 17:31:56+00:00
EVT-0001740,IF_OROM_CRMOM_001,ORACLE_SCM,CRM,REST_API,REST,Success,,,,2157,SESS-40D1D56B26,REQ-6C75BC2A9E4F,2026-09-13 00:41:57+00:00
EVT-0001741,IF_ORWMS_SAPQM_001,ORACLE_SCM,SAP_ERP,Kafka,Async,Success,,,,2695,SESS-C1CD5A3154,REQ-A3BAFB4F1725,2026-09-14 01:21:54+00:00
EVT-0001742,IF_ORIM_MESPE_001,ORACLE_SCM,MES,Kafka,Async,Success,,,,1718,SESS-2D45CCDB28,REQ-A6DC847FC156,2026-09-13 03:59:12+00:00
EVT-0001749,IF_ORWMS_SAPQM_001,ORACLE_SCM,SAP_ERP,Kafka,Async,Success,,,,1750,SESS-9656505110,REQ-EFE883D167BF,2026-09-12 20:04:08+00:00
EVT-0001759,IF_ORSC_ORIM_001,ORACLE_SCM,ORACLE_SCM,ESB,Sync,Retry,CAP_003,Downstream service is at capacity,Capacity,3542,SESS-FD9B08CA91,REQ-995883992B9F,2026-09-14 10:39:18+00:00
EVT-0001767,IF_ORSC_SAPPP_001,ORACLE_SCM,SAP_ERP,Kafka,Async,Success,,,,1106,SESS-23F22FE853,REQ-AC664E741C0A,2026-09-12 11:47:33+00:00
EVT-0001778,IF_OROM_CRMOM_001,ORACLE_SCM,CRM,REST_API,REST,Success,,,,2512,SESS-888BA1F61A,REQ-426DC13D259B,2026-09-10 10:00:03+00:00
EVT-0001789,IF_ORSC_ORIM_001,ORACLE_SCM,ORACLE_SCM,ESB,Sync,Success,,,,1590,SESS-09834524F4,REQ-DC70B3AE2D05,2026-09-12 23:51:42+00:00
EVT-0001790,IF_OROM_CRMOM_001,ORACLE_SCM,CRM,REST_API,REST,Success,,,,2687,SESS-D0CFA85CA4,REQ-1778DEAB498C,2026-09-13 19:01:47+00:00
EVT-0001792,IF_ORIM_SAPPROC_001,ORACLE_SCM,SAP_ERP,REST_API,REST,Success,,,,2705,SESS-5080C3DC8F,REQ-B1440134B648,2026-09-15 11:19:38+00:00
EVT-0001797,IF_ORSC_ORIM_001,ORACLE_SCM,ORACLE_SCM,ESB,Sync,Success,,,,3113,SESS-3B249E1573,REQ-520D0533F752,2026-09-13 18:51:33+00:00
EVT-0001801,IF_ORSC_SAPPP_001,ORACLE_SCM,SAP_ERP,Kafka,Async,Success,,,,1543,SESS-C77B8BDA3A,REQ-B70C774449F8,2026-09-14 19:33:52+00:00
EVT-0001804,IF_ORIM_MESPE_001,ORACLE_SCM,MES,Kafka,Async,Retry,INFRA_008,Runtime node unavailable,Infrastructure,2568,SESS-C4969F7FFD,REQ-39FEC04167B1,2026-09-13 21:49:10+00:00
EVT-0001805,IF_ORIM_ORWMS_001,ORACLE_SCM,ORACLE_SCM,ESB,Sync,Success,,,,731,SESS-E289A18DE9,REQ-D6CB28067D92,2026-09-13 10:37:26+00:00
EVT-0001806,IF_ORIM_SAPPROC_001,ORACLE_SCM,SAP_ERP,REST_API,REST,Success,,,,2799,SESS-86DBF14002,REQ-C6C1E65AA2C8,2026-09-11 07:08:07+00:00
EVT-0001807,IF_ORSC_SAPPP_001,ORACLE_SCM,SAP_ERP,Kafka,Async,Retry,AUTH_401,Service credential rejected,Authentication,4355,SESS-788E0A1978,REQ-518E88B78804,2026-09-16 09:00:33+00:00
EVT-0001809,IF_ORIM_ORWMS_001,ORACLE_SCM,ORACLE_SCM,ESB,Sync,Success,,,,1071,SESS-3A5B3F48D6,REQ-89DCF0AD0E48,2026-09-14 03:56:14+00:00
EVT-0001811,IF_OROM_CRMOM_001,ORACLE_SCM,CRM,REST_API,REST,Success,,,,1173,SESS-863B6C40E5,REQ-EAD581B92B73,2026-09-13 08:08:39+00:00
EVT-0001816,IF_ORSC_ORIM_001,ORACLE_SCM,ORACLE_SCM,ESB,Sync,Success,,,,2744,SESS-FF75C1ADC7,REQ-CFC9E73CA6B9,2026-09-15 21:50:22+00:00
EVT-0001821,IF_ORIM_MESPE_001,ORACLE_SCM,MES,Kafka,Async,Success,,,,1176,SESS-A8499013A6,REQ-64F4180F15F5,2026-09-12 06:28:38+00:00
EVT-0001823,IF_ORIM_SAPPROC_001,ORACLE_SCM,SAP_ERP,REST_API,REST,Success,,,,1927,SESS-8A1066E449,REQ-BD3113276061,2026-09-11 17:42:00+00:00
EVT-0001825,IF_ORIM_MESPE_001,ORACLE_SCM,MES,Kafka,Async,Success,,,,1184,SESS-7345123962,REQ-F9309C059C75,2026-09-14 20:19:11+00:00
EVT-0001829,IF_OROM_CRMOM_001,ORACLE_SCM,CRM,REST_API,REST,Success,,,,2372,SESS-CF827C6C20,REQ-CE930B158AF5,2026-09-11 21:52:33+00:00
EVT-0001830,IF_ORSC_ORIM_001,ORACLE_SCM,ORACLE_SCM,ESB,Sync,Success,,,,2311,SESS-0F335E48F2,REQ-771369EC4406,2026-09-15 00:55:28+00:00
EVT-0001832,IF_OROM_CRMOM_001,ORACLE_SCM,CRM,REST_API,REST,Success,,,,3185,SESS-C9A9060203,REQ-A41478DEF47A,2026-09-14 17:27:04+00:00
EVT-0001836,IF_ORWMS_SAPQM_001,ORACLE_SCM,SAP_ERP,Kafka,Async,Success,,,,2164,SESS-726AB99F42,REQ-EBF6CC1E3439,2026-09-12 12:55:45+00:00
EVT-0001837,IF_OROM_CRMOM_001,ORACLE_SCM,CRM,REST_API,REST,Success,,,,1788,SESS-7C6DB59770,REQ-70536275C8AD,2026-09-14 07:34:55+00:00
EVT-0001839,IF_ORWMS_OROM_001,ORACLE_SCM,ORACLE_SCM,Kafka,Async,Success,,,,1340,SESS-190E3EB924,REQ-E3D75540F405,2026-09-14 06:20:44+00:00
EVT-0001841,IF_ORIM_MESPE_001,ORACLE_SCM,MES,Kafka,Async,Success,,,,1067,SESS-701F35F39E,REQ-C808670D9CD7,2026-09-12 17:52:47+00:00
EVT-0001842,IF_ORSC_SAPPP_001,ORACLE_SCM,SAP_ERP,Kafka,Async,Success,,,,1185,SESS-47E551C57C,REQ-73D5877531F0,2026-09-10 03:11:32+00:00
EVT-0001850,IF_ORIM_ORWMS_001,ORACLE_SCM,ORACLE_SCM,ESB,Sync,Retry,CAP_003,Downstream service is at capacity,Capacity,2049,SESS-9F1426EDA6,REQ-41E58E21EC05,2026-09-12 20:01:17+00:00
EVT-0001851,IF_OROM_CRMOM_001,ORACLE_SCM,CRM,REST_API,REST,Retry,DB_COMMIT_014,Transaction commit failed,Database,6823,SESS-249A95799A,REQ-78187114506F,2026-09-14 12:25:22+00:00
EVT-0001856,IF_ORWMS_OROM_001,ORACLE_SCM,ORACLE_SCM,Kafka,Async,Retry,AUTHZ_403,Caller is not authorized,Authorization,2386,SESS-F10AACCEF1,REQ-F4AA0EEE45A0,2026-09-15 03:32:47+00:00
EVT-0001858,IF_ORSC_SAPPP_001,ORACLE_SCM,SAP_ERP,Kafka,Async,Retry,CFG_017,Interface configuration mismatch,Configuration,2712,SESS-CA6A363576,REQ-7FD4BD6D9A33,2026-09-10 21:10:19+00:00
EVT-0001860,IF_ORSC_SAPPP_001,ORACLE_SCM,SAP_ERP,Kafka,Async,Success,,,,1008,SESS-3A1D67DD06,REQ-7813DBB60161,2026-09-14 15:35:57+00:00
EVT-0001863,IF_ORSC_ORIM_001,ORACLE_SCM,ORACLE_SCM,ESB,Sync,Success,,,,1940,SESS-4D45DA05F5,REQ-DB0B95991A12,2026-09-15 03:47:22+00:00
EVT-0001864,IF_ORIM_MESPE_001,ORACLE_SCM,MES,Kafka,Async,Success,,,,1479,SESS-CAC030BBD2,REQ-956477A0C313,2026-09-14 06:03:55+00:00
EVT-0001867,IF_OROM_CRMOM_001,ORACLE_SCM,CRM,REST_API,REST,Success,,,,1973,SESS-DDA193DA97,REQ-74B2A13E4976,2026-09-13 01:41:16+00:00
EVT-0001869,IF_ORIM_MESPE_001,ORACLE_SCM,MES,Kafka,Async,Success,,,,1149,SESS-F2CC27683A,REQ-1082B1CDE0EC,2026-09-13 18:56:37+00:00
EVT-0001871,IF_ORIM_ORWMS_001,ORACLE_SCM,ORACLE_SCM,ESB,Sync,Success,,,,499,SESS-1E96F60462,REQ-0B6F73FDDD8E,2026-09-11 23:34:39+00:00
EVT-0001872,IF_ORSC_SAPPP_001,ORACLE_SCM,SAP_ERP,Kafka,Async,Success,,,,1279,SESS-06E11C1E18,REQ-78F417F653D8,2026-09-10 17:11:52+00:00
EVT-0001873,IF_ORIM_SAPPROC_001,ORACLE_SCM,SAP_ERP,REST_API,REST,Success,,,,1949,SESS-44E9D2CAD9,REQ-E14B7C56EEA8,2026-09-15 22:03:19+00:00
EVT-0001877,IF_ORSC_SAPPP_001,ORACLE_SCM,SAP_ERP,Kafka,Async,Success,,,,1951,SESS-E5FA477756,REQ-AC1EF737A6D5,2026-09-10 19:02:45+00:00
EVT-0001886,IF_OROM_CRMOM_001,ORACLE_SCM,CRM,REST_API,REST,Success,,,,2434,SESS-75546DF4D0,REQ-9FDE1CD8C431,2026-09-13 02:55:05+00:00
EVT-0001893,IF_ORIM_SAPPROC_001,ORACLE_SCM,SAP_ERP,REST_API,REST,Success,,,,2193,SESS-04712D2FCE,REQ-538A7F468FE7,2026-09-11 20:52:02+00:00
EVT-0001895,IF_ORSC_ORIM_001,ORACLE_SCM,ORACLE_SCM,ESB,Sync,Success,,,,1629,SESS-68ED167112,REQ-0888BA3A865E,2026-09-15 08:39:45+00:00
EVT-0001901,IF_ORIM_MESPE_001,ORACLE_SCM,MES,Kafka,Async,Success,,,,1301,SESS-CC1CE6EFF2,REQ-11D95D1CB1D2,2026-09-11 11:59:19+00:00
EVT-0001902,IF_ORIM_ORWMS_001,ORACLE_SCM,ORACLE_SCM,ESB,Sync,Success,,,,743,SESS-64AADAD08F,REQ-D435B8B10DFA,2026-09-10 03:10:18+00:00
EVT-0001905,IF_OROM_CRMOM_001,ORACLE_SCM,CRM,REST_API,REST,Success,,,,2150,SESS-31C0DDBC8C,REQ-8FA909C39492,2026-09-14 07:25:17+00:00
EVT-0001906,IF_ORIM_SAPPROC_001,ORACLE_SCM,SAP_ERP,REST_API,REST,Failed,VAL_400,Required business field failed validation,Validation,7584,SESS-9570EBC9E7,REQ-1D4661F6A4FD,2026-09-12 23:23:31+00:00
EVT-0001909,IF_ORSC_SAPPP_001,ORACLE_SCM,SAP_ERP,Kafka,Async,Success,,,,1048,SESS-B2A184A753,REQ-30AD86103875,2026-09-14 03:23:20+00:00
EVT-0001912,IF_ORIM_ORWMS_001,ORACLE_SCM,ORACLE_SCM,ESB,Sync,Retry,CAP_003,Downstream service is at capacity,Capacity,2667,SESS-4D1A156EFB,REQ-F4B5D7F6D191,2026-09-11 17:15:31+00:00
EVT-0001915,IF_ORSC_SAPPP_001,ORACLE_SCM,SAP_ERP,Kafka,Async,Success,,,,1232,SESS-97DF8E96FC,REQ-A45E2C981BF2,2026-09-15 19:13:00+00:00
EVT-0001916,IF_ORIM_SAPPROC_001,ORACLE_SCM,SAP_ERP,REST_API,REST,Success,,,,2630,SESS-2217A95189,REQ-668A7122DE6C,2026-09-16 04:54:05+00:00
EVT-0001928,IF_ORIM_SAPPROC_001,ORACLE_SCM,SAP_ERP,REST_API,REST,Success,,,,2817,SESS-0E70E02F04,REQ-18808474C28C,2026-09-14 21:32:59+00:00
EVT-0001930,IF_ORIM_ORWMS_001,ORACLE_SCM,ORACLE_SCM,ESB,Sync,Success,,,,545,SESS-35011BFA26,REQ-CFAFE9CB4A14,2026-09-11 09:19:58+00:00
EVT-0001934,IF_ORSC_ORIM_001,ORACLE_SCM,ORACLE_SCM,ESB,Sync,Success,,,,2578,SESS-07F0730F77,REQ-C482D01E6A79,2026-09-12 23:57:06+00:00
EVT-0001937,IF_ORWMS_SAPQM_001,ORACLE_SCM,SAP_ERP,Kafka,Async,Success,,,,2682,SESS-46085973AE,REQ-5B552B89C21F,2026-09-10 00:24:54+00:00
EVT-0001938,IF_ORIM_ORWMS_001,ORACLE_SCM,ORACLE_SCM,ESB,Sync,Success,,,,695,SESS-943CFD3D13,REQ-F07C14443F01,2026-09-16 04:14:38+00:00
EVT-0001945,IF_OROM_CRMOM_001,ORACLE_SCM,CRM,REST_API,REST,Success,,,,2825,SESS-245D6E48AD,REQ-5B797337973E,2026-09-11 22:16:22+00:00
EVT-0001946,IF_ORSC_SAPPP_001,ORACLE_SCM,SAP_ERP,Kafka,Async,Success,,,,1396,SESS-71101D2A80,REQ-32F74E2B099B,2026-09-16 22:16:06+00:00
EVT-0001949,IF_ORIM_ORWMS_001,ORACLE_SCM,ORACLE_SCM,ESB,Sync,Success,,,,823,SESS-A90A276239,REQ-98D82FCCE980,2026-09-10 05:56:27+00:00
EVT-0001953,IF_ORSC_SAPPP_001,ORACLE_SCM,SAP_ERP,Kafka,Async,Success,,,,1623,SESS-47375D67C0,REQ-7AD24F9D2581,2026-09-13 12:30:18+00:00
EVT-0001955,IF_ORWMS_OROM_001,ORACLE_SCM,ORACLE_SCM,Kafka,Async,Success,,,,1550,SESS-3995AD2ADE,REQ-0030D49C1814,2026-09-11 13:10:05+00:00
EVT-0001956,IF_ORSC_ORIM_001,ORACLE_SCM,ORACLE_SCM,ESB,Sync,Retry,CFG_017,Interface configuration mismatch,Configuration,6402,SESS-9255DE4DEF,REQ-0CAFA806B50C,2026-09-11 06:04:03+00:00
EVT-0001957,IF_ORIM_SAPPROC_001,ORACLE_SCM,SAP_ERP,REST_API,REST,Success,,,,2567,SESS-0C50E3DFA3,REQ-6AF16F4CC2A9,2026-09-10 16:19:49+00:00
EVT-0001958,IF_ORSC_ORIM_001,ORACLE_SCM,ORACLE_SCM,ESB,Sync,Success,,,,2580,SESS-896C8CC72F,REQ-A77D23B44385,2026-09-13 09:34:41+00:00
EVT-0001967,IF_ORSC_SAPPP_001,ORACLE_SCM,SAP_ERP,Kafka,Async,Success,,,,1405,SESS-6928D025D6,REQ-655FF982C77D,2026-09-14 16:23:40+00:00
EVT-0001969,IF_ORSC_SAPPP_001,ORACLE_SCM,SAP_ERP,Kafka,Async,Success,,,,1744,SESS-1B4D35D6B5,REQ-B96BA5FCF8DB,2026-09-13 18:50:17+00:00
EVT-0001970,IF_ORSC_ORIM_001,ORACLE_SCM,ORACLE_SCM,ESB,Sync,Success,,,,2680,SESS-157433584E,REQ-B2E637AC1C57,2026-09-13 14:24:41+00:00
EVT-0001971,IF_ORWMS_SAPQM_001,ORACLE_SCM,SAP_ERP,Kafka,Async,Success,,,,2265,SESS-85A912F6C7,REQ-240332D2F7E8,2026-09-10 13:19:03+00:00
EVT-0001977,IF_OROM_CRMOM_001,ORACLE_SCM,CRM,REST_API,REST,Success,,,,1887,SESS-8A7750B718,REQ-ADA96E540390,2026-09-16 19:19:38+00:00
EVT-0001978,IF_ORSC_ORIM_001,ORACLE_SCM,ORACLE_SCM,ESB,Sync,Success,,,,2661,SESS-FD98066E3E,REQ-C8B4AD6EA08D,2026-09-11 17:00:16+00:00
EVT-0001981,IF_ORIM_MESPE_001,ORACLE_SCM,MES,Kafka,Async,Success,,,,972,SESS-BACA6EC483,REQ-95C58BC90487,2026-09-11 19:35:41+00:00
EVT-0001983,IF_ORIM_SAPPROC_001,ORACLE_SCM,SAP_ERP,REST_API,REST,Success,,,,1590,SESS-03D63C26D2,REQ-C82B973BBD5F,2026-09-15 16:39:06+00:00
EVT-0001984,IF_ORWMS_SAPQM_001,ORACLE_SCM,SAP_ERP,Kafka,Async,Success,,,,1385,SESS-243EA616F2,REQ-D081DFACE4C4,2026-09-11 15:37:41+00:00
EVT-0001987,IF_ORIM_MESPE_001,ORACLE_SCM,MES,Kafka,Async,Success,,,,1662,SESS-F7B504306A,REQ-0A27E4E50FC3,2026-09-11 11:59:28+00:00
EVT-0001989,IF_ORIM_SAPPROC_001,ORACLE_SCM,SAP_ERP,REST_API,REST,Success,,,,2342,SESS-4870DFE792,REQ-55024CE9445C,2026-09-14 21:53:30+00:00
EVT-0001990,IF_ORSC_SAPPP_001,ORACLE_SCM,SAP_ERP,Kafka,Async,Success,,,,1245,SESS-EDFA9986B3,REQ-A7516EF00C7D,2026-09-10 03:46:20+00:00
EVT-0001993,IF_ORSC_ORIM_001,ORACLE_SCM,ORACLE_SCM,ESB,Sync,Success,,,,2044,SESS-81574AFC89,REQ-08D25A58C885,2026-09-12 13:40:28+00:00
EVT-0001995,IF_ORSC_SAPPP_001,ORACLE_SCM,SAP_ERP,Kafka,Async,Failed,AUTHZ_403,Caller is not authorized,Authorization,3693,SESS-5750DFCF4C,REQ-62DEE32C3D74,2026-09-12 19:11:50+00:00
EVT-0002004,IF_ORWMS_SAPQM_001,ORACLE_SCM,SAP_ERP,Kafka,Async,Success,,,,1426,SESS-EAA7F2B6C4,REQ-DFE97F1C7AC7,2026-09-13 06:32:21+00:00
EVT-0002012,IF_OROM_CRMOM_001,ORACLE_SCM,CRM,REST_API,REST,Retry,CAP_003,Downstream service is at capacity,Capacity,8594,SESS-A472DF44E9,REQ-444E21A38E6C,2026-09-12 01:47:27+00:00
EVT-0002013,IF_ORWMS_OROM_001,ORACLE_SCM,ORACLE_SCM,Kafka,Async,Success,,,,1457,SESS-20D7F30B73,REQ-AFAF12AA7ED4,2026-09-16 04:26:47+00:00
EVT-0002014,IF_OROM_CRMOM_001,ORACLE_SCM,CRM,REST_API,REST,Success,,,,2166,SESS-81D3EAED83,REQ-4E2B7F322770,2026-09-15 15:57:39+00:00
EVT-0002025,IF_ORWMS_OROM_001,ORACLE_SCM,ORACLE_SCM,Kafka,Async,Success,,,,1756,SESS-BBD8CBA3D5,REQ-D8188DB86D0B,2026-09-10 08:55:13+00:00
EVT-0002030,IF_ORSC_ORIM_001,ORACLE_SCM,ORACLE_SCM,ESB,Sync,Success,,,,2478,SESS-11B5A32A3D,REQ-3421358C5B3E,2026-09-10 05:56:06+00:00
EVT-0002044,IF_ORWMS_OROM_001,ORACLE_SCM,ORACLE_SCM,Kafka,Async,Success,,,,1231,SESS-92B8B29560,REQ-1B8B53E8AA9D,2026-09-10 10:31:13+00:00
EVT-0002047,IF_ORIM_MESPE_001,ORACLE_SCM,MES,Kafka,Async,Success,,,,1395,SESS-300738D05A,REQ-CB7033D2C046,2026-09-15 21:42:40+00:00
EVT-0002051,IF_ORSC_SAPPP_001,ORACLE_SCM,SAP_ERP,Kafka,Async,Success,,,,1251,SESS-104C811201,REQ-122B6DEA61C4,2026-09-10 22:00:11+00:00
EVT-0002052,IF_ORSC_SAPPP_001,ORACLE_SCM,SAP_ERP,Kafka,Async,Success,,,,1001,SESS-8AE25F3883,REQ-C71CA4FB88FC,2026-09-16 06:51:14+00:00
EVT-0002058,IF_ORWMS_SAPQM_001,ORACLE_SCM,SAP_ERP,Kafka,Async,Success,,,,2400,SESS-91CAC0D412,REQ-20C8FFF36F2A,2026-09-16 16:17:18+00:00
EVT-0002059,IF_ORWMS_SAPQM_001,ORACLE_SCM,SAP_ERP,Kafka,Async,Success,,,,1692,SESS-156AC5C86B,REQ-5A8A6837C851,2026-09-15 22:59:19+00:00
EVT-0002060,IF_ORIM_ORWMS_001,ORACLE_SCM,ORACLE_SCM,ESB,Sync,Success,,,,1086,SESS-395900B004,REQ-1BBC6A9AA488,2026-09-14 16:00:53+00:00
EVT-0002061,IF_ORWMS_OROM_001,ORACLE_SCM,ORACLE_SCM,Kafka,Async,Success,,,,1136,SESS-92BC259417,REQ-B88FA7D9B9FF,2026-09-16 02:57:32+00:00
EVT-0002063,IF_ORIM_ORWMS_001,ORACLE_SCM,ORACLE_SCM,ESB,Sync,Success,,,,1183,SESS-69515759D5,REQ-C85F1C408710,2026-09-10 15:01:30+00:00
EVT-0002065,IF_ORWMS_OROM_001,ORACLE_SCM,ORACLE_SCM,Kafka,Async,Success,,,,1329,SESS-27162118D6,REQ-6D3DDB35719A,2026-09-12 14:41:01+00:00
EVT-0002067,IF_ORIM_MESPE_001,ORACLE_SCM,MES,Kafka,Async,Success,,,,2330,SESS-952FCBAC51,REQ-17E632135200,2026-09-11 03:17:23+00:00
EVT-0002068,IF_ORSC_SAPPP_001,ORACLE_SCM,SAP_ERP,Kafka,Async,Success,,,,1315,SESS-FC065459B3,REQ-7AC6E9AB91BC,2026-09-14 02:56:13+00:00
EVT-0002069,IF_OROM_CRMOM_001,ORACLE_SCM,CRM,REST_API,REST,Success,,,,1853,SESS-7CD6AE8DF2,REQ-5316DBD3D182,2026-09-10 00:28:52+00:00
EVT-0002071,IF_ORWMS_SAPQM_001,ORACLE_SCM,SAP_ERP,Kafka,Async,Failed,INFRA_008,Runtime node unavailable,Infrastructure,19615,SESS-0ED9CD8C3A,REQ-85926695F446,2026-09-15 05:01:32+00:00
EVT-0002072,IF_ORWMS_OROM_001,ORACLE_SCM,ORACLE_SCM,Kafka,Async,Success,,,,1257,SESS-43DDD0C339,REQ-67A919BBBEFE,2026-09-11 04:30:34+00:00
EVT-0002074,IF_ORWMS_SAPQM_001,ORACLE_SCM,SAP_ERP,Kafka,Async,Success,,,,2308,SESS-904665B8FF,REQ-CACF6B829669,2026-09-16 03:00:49+00:00
EVT-0002076,IF_ORSC_ORIM_001,ORACLE_SCM,ORACLE_SCM,ESB,Sync,Success,,,,2632,SESS-A57AB64886,REQ-BBA7F2030063,2026-09-14 09:33:37+00:00
EVT-0002083,IF_ORSC_SAPPP_001,ORACLE_SCM,SAP_ERP,Kafka,Async,Success,,,,1837,SESS-9DE33C3434,REQ-6FCADF39902D,2026-09-13 06:38:04+00:00
EVT-0002087,IF_ORIM_SAPPROC_001,ORACLE_SCM,SAP_ERP,REST_API,REST,Success,,,,2169,SESS-45B12EE033,REQ-5EADBD321943,2026-09-11 11:48:41+00:00
EVT-0002095,IF_ORSC_SAPPP_001,ORACLE_SCM,SAP_ERP,Kafka,Async,Success,,,,1409,SESS-20B2E5FA3F,REQ-7D671FC9C170,2026-09-15 08:31:18+00:00
EVT-0002103,IF_ORIM_SAPPROC_001,ORACLE_SCM,SAP_ERP,REST_API,REST,Success,,,,1491,SESS-A4261E86DB,REQ-F017AF80A6BB,2026-09-16 12:07:59+00:00
EVT-0002105,IF_ORIM_ORWMS_001,ORACLE_SCM,ORACLE_SCM,ESB,Sync,Success,,,,900,SESS-E2215D15F0,REQ-EBC0508F2BF7,2026-09-15 20:27:45+00:00
EVT-0002114,IF_ORSC_ORIM_001,ORACLE_SCM,ORACLE_SCM,ESB,Sync,Success,,,,2285,SESS-A5BD9EBC41,REQ-B20190DB4053,2026-09-10 09:47:36+00:00
EVT-0002115,IF_ORIM_MESPE_001,ORACLE_SCM,MES,Kafka,Async,Success,,,,1392,SESS-56054CFD68,REQ-F56D32BA1726,2026-09-10 01:19:20+00:00
EVT-0002116,IF_ORSC_ORIM_001,ORACLE_SCM,ORACLE_SCM,ESB,Sync,Success,,,,2429,SESS-3D5D51AB0F,REQ-8A6A4EDECE26,2026-09-11 19:02:12+00:00
EVT-0002121,IF_ORWMS_OROM_001,ORACLE_SCM,ORACLE_SCM,Kafka,Async,Retry,AUTH_401,Service credential rejected,Authentication,4243,SESS-0E29F787D9,REQ-1482FB777EBF,2026-09-11 14:49:02+00:00
EVT-0002124,IF_ORIM_ORWMS_001,ORACLE_SCM,ORACLE_SCM,ESB,Sync,Success,,,,760,SESS-D164A69182,REQ-80C9241087F5,2026-09-15 22:00:09+00:00
EVT-0002126,IF_ORWMS_SAPQM_001,ORACLE_SCM,SAP_ERP,Kafka,Async,Success,,,,2856,SESS-F51964AF36,REQ-9F65BB99EB5A,2026-09-15 20:19:46+00:00
EVT-0002127,IF_ORWMS_OROM_001,ORACLE_SCM,ORACLE_SCM,Kafka,Async,Success,,,,1336,SESS-9A6E3C581C,REQ-C144D88C8344,2026-09-14 04:25:06+00:00
EVT-0002133,IF_ORWMS_OROM_001,ORACLE_SCM,ORACLE_SCM,Kafka,Async,Success,,,,2003,SESS-DAEC904832,REQ-E8DF747D0ADC,2026-09-12 21:08:53+00:00
EVT-0002136,IF_ORWMS_OROM_001,ORACLE_SCM,ORACLE_SCM,Kafka,Async,Success,,,,1169,SESS-FD4D495604,REQ-9652747BA8D5,2026-09-13 06:28:41+00:00
EVT-0002138,IF_OROM_CRMOM_001,ORACLE_SCM,CRM,REST_API,REST,Retry,CFG_017,Interface configuration mismatch,Configuration,8792,SESS-02219F3C0C,REQ-2278C566436E,2026-09-11 16:35:04+00:00
EVT-0002139,IF_ORIM_SAPPROC_001,ORACLE_SCM,SAP_ERP,REST_API,REST,Retry,AUTH_401,Service credential rejected,Authentication,3564,SESS-9DC9D2F0EE,REQ-98C1358AF728,2026-09-14 08:52:01+00:00
EVT-0002144,IF_ORSC_ORIM_001,ORACLE_SCM,ORACLE_SCM,ESB,Sync,Success,,,,1994,SESS-6A4E8B3876,REQ-095F2BBF5A11,2026-09-14 18:37:50+00:00
EVT-0002157,IF_ORWMS_OROM_001,ORACLE_SCM,ORACLE_SCM,Kafka,Async,Success,,,,2051,SESS-C9D1202668,REQ-8E43AF21D196,2026-09-14 10:03:27+00:00
EVT-0002159,IF_ORWMS_OROM_001,ORACLE_SCM,ORACLE_SCM,Kafka,Async,Failed,AUTHZ_403,Caller is not authorized,Authorization,8810,SESS-0F8FBF68CC,REQ-7E03C3790BF9,2026-09-15 02:00:35+00:00
EVT-0002163,IF_ORSC_SAPPP_001,ORACLE_SCM,SAP_ERP,Kafka,Async,Retry,TIME_004,Downstream response exceeded SLA,Timeout,4319,SESS-BC6EA20708,REQ-87FA2BF3D376,2026-09-12 20:51:59+00:00
EVT-0002164,IF_ORIM_MESPE_001,ORACLE_SCM,MES,Kafka,Async,Success,,,,935,SESS-F744D68802,REQ-8515B580EAF1,2026-09-11 15:35:27+00:00
EVT-0002173,IF_ORSC_SAPPP_001,ORACLE_SCM,SAP_ERP,Kafka,Async,Success,,,,1572,SESS-94396F633D,REQ-223460262E1E,2026-09-15 21:28:27+00:00
EVT-0002176,IF_OROM_CRMOM_001,ORACLE_SCM,CRM,REST_API,REST,Success,,,,2060,SESS-66807ACDC2,REQ-AA33964C9C8F,2026-09-16 14:21:20+00:00
EVT-0002177,IF_ORWMS_OROM_001,ORACLE_SCM,ORACLE_SCM,Kafka,Async,Failed,TIME_004,Downstream response exceeded SLA,Timeout,3829,SESS-6D19949131,REQ-763973942E4E,2026-09-10 15:18:29+00:00
EVT-0002180,IF_ORIM_ORWMS_001,ORACLE_SCM,ORACLE_SCM,ESB,Sync,Success,,,,1017,SESS-4B765C7A22,REQ-F06B50B3ECBB,2026-09-11 21:27:32+00:00
EVT-0002181,IF_ORIM_SAPPROC_001,ORACLE_SCM,SAP_ERP,REST_API,REST,Success,,,,1987,SESS-C9A45F8C53,REQ-5AD236126AEF,2026-09-12 11:03:21+00:00
EVT-0002197,IF_OROM_CRMOM_001,ORACLE_SCM,CRM,REST_API,REST,Success,,,,3134,SESS-F34FD0D3F7,REQ-C9AD63FE1489,2026-09-13 14:41:09+00:00
EVT-0002199,IF_ORIM_MESPE_001,ORACLE_SCM,MES,Kafka,Async,Success,,,,1531,SESS-B13FA4A606,REQ-26274A194009,2026-09-13 03:38:38+00:00
EVT-0002200,IF_ORSC_SAPPP_001,ORACLE_SCM,SAP_ERP,Kafka,Async,Success,,,,1275,SESS-0B8B2289FF,REQ-50AB5D0354A2,2026-09-14 10:38:42+00:00
EVT-0002202,IF_ORSC_ORIM_001,ORACLE_SCM,ORACLE_SCM,ESB,Sync,Success,,,,2181,SESS-C6C39315BB,REQ-A7D5FB9F56F9,2026-09-11 20:43:39+00:00
EVT-0002203,IF_ORIM_SAPPROC_001,ORACLE_SCM,SAP_ERP,REST_API,REST,Success,,,,2974,SESS-D8507C6329,REQ-2DBEE6ABE81A,2026-09-15 06:29:31+00:00
EVT-0002208,IF_ORWMS_OROM_001,ORACLE_SCM,ORACLE_SCM,Kafka,Async,Success,,,,1482,SESS-675D5AE66A,REQ-A796058BA448,2026-09-13 22:48:08+00:00
EVT-0002209,IF_ORIM_ORWMS_001,ORACLE_SCM,ORACLE_SCM,ESB,Sync,Success,,,,943,SESS-09CBFEE215,REQ-D6406A6A2C45,2026-09-16 23:08:26+00:00
EVT-0002213,IF_OROM_CRMOM_001,ORACLE_SCM,CRM,REST_API,REST,Success,,,,1309,SESS-39E2C93DF2,REQ-99E0226C830F,2026-09-14 06:26:33+00:00
EVT-0002214,IF_ORIM_SAPPROC_001,ORACLE_SCM,SAP_ERP,REST_API,REST,Success,,,,1893,SESS-7050109B5E,REQ-439F431EB168,2026-09-11 14:36:32+00:00
EVT-0002215,IF_ORIM_MESPE_001,ORACLE_SCM,MES,Kafka,Async,Success,,,,1400,SESS-02EB415D99,REQ-B32D2AE25182,2026-09-16 19:20:12+00:00
EVT-0002219,IF_ORIM_MESPE_001,ORACLE_SCM,MES,Kafka,Async,Retry,NET_CONN_003,Connection reset by peer,Network,4633,SESS-53FD620D42,REQ-41DE39915B14,2026-09-14 20:14:59+00:00
EVT-0002222,IF_ORSC_SAPPP_001,ORACLE_SCM,SAP_ERP,Kafka,Async,Success,,,,975,SESS-35B2CD2EA8,REQ-789982E1E881,2026-09-13 12:26:08+00:00
EVT-0002227,IF_ORIM_SAPPROC_001,ORACLE_SCM,SAP_ERP,REST_API,REST,Success,,,,2350,SESS-42A9C404B3,REQ-003393BC48C0,2026-09-14 20:49:06+00:00
EVT-0002229,IF_ORIM_MESPE_001,ORACLE_SCM,MES,Kafka,Async,Success,,,,1096,SESS-7EECFD130F,REQ-FD00095460BD,2026-09-15 15:57:32+00:00
EVT-0002231,IF_OROM_CRMOM_001,ORACLE_SCM,CRM,REST_API,REST,Success,,,,2686,SESS-5A51E6D158,REQ-623C47D5BD3F,2026-09-11 10:49:55+00:00
EVT-0002243,IF_ORWMS_SAPQM_001,ORACLE_SCM,SAP_ERP,Kafka,Async,Success,,,,2616,SESS-6C0D057F8D,REQ-8027C982D0E0,2026-09-16 23:55:00+00:00
EVT-0002244,IF_OROM_CRMOM_001,ORACLE_SCM,CRM,REST_API,REST,Success,,,,2219,SESS-E0CC7DAC5E,REQ-F8D786027770,2026-09-10 03:16:55+00:00
EVT-0002246,IF_ORIM_ORWMS_001,ORACLE_SCM,ORACLE_SCM,ESB,Sync,Success,,,,715,SESS-38F9C66F50,REQ-566D775CC9EC,2026-09-13 22:43:24+00:00
EVT-0002250,IF_OROM_CRMOM_001,ORACLE_SCM,CRM,REST_API,REST,Success,,,,2366,SESS-92149E59E1,REQ-38B988B9175D,2026-09-14 23:46:13+00:00
EVT-0002251,IF_ORSC_ORIM_001,ORACLE_SCM,ORACLE_SCM,ESB,Sync,Success,,,,3498,SESS-AC489827EA,REQ-B698856ED575,2026-09-14 07:42:17+00:00
EVT-0002253,IF_ORWMS_OROM_001,ORACLE_SCM,ORACLE_SCM,Kafka,Async,Success,,,,1416,SESS-5D07504E8D,REQ-E2B2D503E0EA,2026-09-10 05:01:21+00:00
EVT-0002255,IF_ORIM_ORWMS_001,ORACLE_SCM,ORACLE_SCM,ESB,Sync,Success,,,,745,SESS-A299D5337C,REQ-3DA8B80D4C94,2026-09-10 22:05:12+00:00
EVT-0002256,IF_ORIM_ORWMS_001,ORACLE_SCM,ORACLE_SCM,ESB,Sync,Success,,,,699,SESS-12B0B8FD25,REQ-5BC5A0A9B072,2026-09-10 16:14:34+00:00
EVT-0002260,IF_OROM_CRMOM_001,ORACLE_SCM,CRM,REST_API,REST,Success,,,,3020,SESS-C804876E70,REQ-8D16F66D983B,2026-09-10 12:08:32+00:00
EVT-0002263,IF_ORWMS_SAPQM_001,ORACLE_SCM,SAP_ERP,Kafka,Async,Success,,,,2242,SESS-A27FACF003,REQ-3FFB3C9FDB06,2026-09-10 02:07:39+00:00
EVT-0002268,IF_ORWMS_OROM_001,ORACLE_SCM,ORACLE_SCM,Kafka,Async,Success,,,,1575,SESS-83AD7853B7,REQ-1F8F37BB352E,2026-09-16 15:47:21+00:00
EVT-0002271,IF_ORSC_SAPPP_001,ORACLE_SCM,SAP_ERP,Kafka,Async,Success,,,,1023,SESS-FB3986A630,REQ-2F1A97FEFE7E,2026-09-13 02:54:34+00:00
EVT-0002278,IF_ORSC_SAPPP_001,ORACLE_SCM,SAP_ERP,Kafka,Async,Success,,,,992,SESS-647E95AA35,REQ-693C819F24A6,2026-09-13 19:13:40+00:00
EVT-0002279,IF_OROM_CRMOM_001,ORACLE_SCM,CRM,REST_API,REST,Success,,,,615,SESS-92EEB93598,REQ-8167D33413B2,2026-09-11 01:46:36+00:00
EVT-0002281,IF_ORIM_SAPPROC_001,ORACLE_SCM,SAP_ERP,REST_API,REST,Retry,INFRA_008,Runtime node unavailable,Infrastructure,4379,SESS-B71CC2E82B,REQ-78F0289ECE70,2026-09-13 21:30:52+00:00
EVT-0002285,IF_ORIM_SAPPROC_001,ORACLE_SCM,SAP_ERP,REST_API,REST,Success,,,,2317,SESS-522B71222D,REQ-01C7361CB27D,2026-09-14 22:11:14+00:00
EVT-0002287,IF_ORIM_MESPE_001,ORACLE_SCM,MES,Kafka,Async,Retry,DB_COMMIT_014,Transaction commit failed,Database,4194,SESS-FE6BA175BD,REQ-73ABFA9C0893,2026-09-15 05:02:39+00:00
EVT-0002290,IF_OROM_CRMOM_001,ORACLE_SCM,CRM,REST_API,REST,Success,,,,3004,SESS-ED871C7D2F,REQ-AF765FAFDBCB,2026-09-13 10:30:50+00:00
EVT-0002291,IF_ORWMS_OROM_001,ORACLE_SCM,ORACLE_SCM,Kafka,Async,Success,,,,1419,SESS-5D85A2A323,REQ-003F4CA37541,2026-09-14 15:52:58+00:00
EVT-0002292,IF_ORWMS_OROM_001,ORACLE_SCM,ORACLE_SCM,Kafka,Async,Success,,,,1211,SESS-34199F92AC,REQ-917657F04DBC,2026-09-15 10:16:06+00:00
EVT-0002294,IF_ORSC_ORIM_001,ORACLE_SCM,ORACLE_SCM,ESB,Sync,Success,,,,2289,SESS-4A53EA7927,REQ-CFE04FDA961C,2026-09-14 09:42:32+00:00
EVT-0002298,IF_ORIM_ORWMS_001,ORACLE_SCM,ORACLE_SCM,ESB,Sync,Success,,,,927,SESS-9D2699E6C6,REQ-17E10425F9BE,2026-09-12 15:21:57+00:00
EVT-0002300,IF_ORIM_SAPPROC_001,ORACLE_SCM,SAP_ERP,REST_API,REST,Success,,,,2226,SESS-A137280927,REQ-FC485037CF3A,2026-09-15 16:08:20+00:00
EVT-0002303,IF_ORIM_MESPE_001,ORACLE_SCM,MES,Kafka,Async,Success,,,,1626,SESS-FBFDDFCECA,REQ-8368EE1FA38B,2026-09-13 19:50:00+00:00
EVT-0002305,IF_OROM_CRMOM_001,ORACLE_SCM,CRM,REST_API,REST,Success,,,,1256,SESS-970D6ED90F,REQ-27A0235D188E,2026-09-10 12:11:42+00:00
EVT-0002312,IF_ORSC_ORIM_001,ORACLE_SCM,ORACLE_SCM,ESB,Sync,Success,,,,1300,SESS-60ADC46FA1,REQ-7AB45FC1ACD2,2026-09-11 14:42:49+00:00
EVT-0002314,IF_ORIM_SAPPROC_001,ORACLE_SCM,SAP_ERP,REST_API,REST,Success,,,,2148,SESS-CBE0602D86,REQ-2E0F51C103D1,2026-09-10 12:24:09+00:00
EVT-0002318,IF_ORIM_ORWMS_001,ORACLE_SCM,ORACLE_SCM,ESB,Sync,Success,,,,818,SESS-3C673C6654,REQ-E374B517A6E1,2026-09-10 08:48:20+00:00
EVT-0002321,IF_ORWMS_SAPQM_001,ORACLE_SCM,SAP_ERP,Kafka,Async,Success,,,,2630,SESS-F23020CA8E,REQ-5078D7337EC8,2026-09-14 03:28:57+00:00
EVT-0002322,IF_ORIM_SAPPROC_001,ORACLE_SCM,SAP_ERP,REST_API,REST,Retry,AUTHZ_403,Caller is not authorized,Authorization,6902,SESS-E41672A719,REQ-2FB989C529D8,2026-09-14 05:23:25+00:00
EVT-0002327,IF_ORIM_MESPE_001,ORACLE_SCM,MES,Kafka,Async,Retry,VAL_400,Required business field failed validation,Validation,3548,SESS-85505A74F9,REQ-97ED5D66B5B2,2026-09-13 05:57:24+00:00
EVT-0002338,IF_ORSC_ORIM_001,ORACLE_SCM,ORACLE_SCM,ESB,Sync,Success,,,,1628,SESS-13952B0A4B,REQ-4F1134AA9A5C,2026-09-12 19:39:18+00:00
EVT-0002339,IF_ORSC_SAPPP_001,ORACLE_SCM,SAP_ERP,Kafka,Async,Retry,CFG_017,Interface configuration mismatch,Configuration,4307,SESS-17766FE21E,REQ-635926BB8CC9,2026-09-10 21:55:33+00:00
EVT-0002346,IF_ORIM_ORWMS_001,ORACLE_SCM,ORACLE_SCM,ESB,Sync,Success,,,,845,SESS-72551AB3CA,REQ-1FFC7F7495B3,2026-09-16 18:31:04+00:00
EVT-0002350,IF_ORIM_MESPE_001,ORACLE_SCM,MES,Kafka,Async,Success,,,,1488,SESS-F99D92C8FC,REQ-273B94E9DDC0,2026-09-12 13:02:58+00:00
EVT-0002351,IF_ORIM_SAPPROC_001,ORACLE_SCM,SAP_ERP,REST_API,REST,Retry,VAL_400,Required business field failed validation,Validation,4438,SESS-3BB409F32B,REQ-CD937701C4BD,2026-09-10 11:26:33+00:00
EVT-0002352,IF_ORIM_MESPE_001,ORACLE_SCM,MES,Kafka,Async,Success,,,,1489,SESS-8A295FE516,REQ-AE43C2406238,2026-09-14 03:34:31+00:00
EVT-0002362,IF_ORIM_SAPPROC_001,ORACLE_SCM,SAP_ERP,REST_API,REST,Success,,,,2378,SESS-5D49879F09,REQ-FEE55B6F75CC,2026-09-13 20:14:00+00:00
EVT-0002365,IF_ORSC_SAPPP_001,ORACLE_SCM,SAP_ERP,Kafka,Async,Success,,,,2018,SESS-9A6EA42A9A,REQ-227970904240,2026-09-10 05:44:45+00:00
EVT-0002366,IF_ORIM_SAPPROC_001,ORACLE_SCM,SAP_ERP,REST_API,REST,Retry,TIME_004,Downstream response exceeded SLA,Timeout,6366,SESS-09C171C87D,REQ-81EA8A8D5457,2026-09-12 18:47:42+00:00
EVT-0002370,IF_ORWMS_SAPQM_001,ORACLE_SCM,SAP_ERP,Kafka,Async,Success,,,,1578,SESS-3E666F661D,REQ-3266152D98CB,2026-09-13 01:45:03+00:00
EVT-0002371,IF_ORSC_ORIM_001,ORACLE_SCM,ORACLE_SCM,ESB,Sync,Retry,AUTH_401,Service credential rejected,Authentication,3536,SESS-54C3527A28,REQ-1DED31762861,2026-09-13 07:45:12+00:00
EVT-0002372,IF_ORWMS_OROM_001,ORACLE_SCM,ORACLE_SCM,Kafka,Async,Success,,,,375,SESS-0A41FD8AAC,REQ-E5DB93C05441,2026-09-10 05:56:35+00:00
EVT-0002377,IF_ORWMS_OROM_001,ORACLE_SCM,ORACLE_SCM,Kafka,Async,Success,,,,911,SESS-5164508CEC,REQ-A0030F5EB46D,2026-09-10 11:52:18+00:00
EVT-0002378,IF_ORSC_SAPPP_001,ORACLE_SCM,SAP_ERP,Kafka,Async,Success,,,,919,SESS-37FAF87728,REQ-EC8A40617A29,2026-09-10 10:57:38+00:00
EVT-0002383,IF_ORWMS_OROM_001,ORACLE_SCM,ORACLE_SCM,Kafka,Async,Retry,INFRA_008,Runtime node unavailable,Infrastructure,3279,SESS-E250532448,REQ-33BBBF1B4205,2026-09-10 12:45:23+00:00
EVT-0002386,IF_ORIM_MESPE_001,ORACLE_SCM,MES,Kafka,Async,Retry,DB_COMMIT_014,Transaction commit failed,Database,2616,SESS-42B8AD4CCB,REQ-C94418CDB178,2026-09-16 20:39:17+00:00
EVT-0002388,IF_ORWMS_OROM_001,ORACLE_SCM,ORACLE_SCM,Kafka,Async,Success,,,,1290,SESS-2F293C73E6,REQ-4BB46DF892C3,2026-09-13 12:38:03+00:00
EVT-0002394,IF_ORIM_SAPPROC_001,ORACLE_SCM,SAP_ERP,REST_API,REST,Success,,,,1590,SESS-B7A2C048C7,REQ-8BE3F9850D27,2026-09-15 08:03:51+00:00
EVT-0002399,IF_ORIM_ORWMS_001,ORACLE_SCM,ORACLE_SCM,ESB,Sync,Success,,,,926,SESS-BB1AF619BB,REQ-C27A976EB483,2026-09-13 21:31:26+00:00
EVT-0002403,IF_ORSC_ORIM_001,ORACLE_SCM,ORACLE_SCM,ESB,Sync,Success,,,,1869,SESS-D87610DEE9,REQ-EC909F234440,2026-09-12 16:48:20+00:00
EVT-0002407,IF_OROM_CRMOM_001,ORACLE_SCM,CRM,REST_API,REST,Success,,,,1567,SESS-9CA4FCB3BE,REQ-70259E97EAA5,2026-09-11 21:15:34+00:00
EVT-0002408,IF_OROM_CRMOM_001,ORACLE_SCM,CRM,REST_API,REST,Success,,,,2327,SESS-4156355794,REQ-1E5A106CE089,2026-09-16 08:01:44+00:00
EVT-0002409,IF_ORIM_ORWMS_001,ORACLE_SCM,ORACLE_SCM,ESB,Sync,Success,,,,963,SESS-D58A2BAADE,REQ-7F796B0BC3C7,2026-09-10 22:38:13+00:00
EVT-0002411,IF_ORIM_ORWMS_001,ORACLE_SCM,ORACLE_SCM,ESB,Sync,Success,,,,957,SESS-F93E502563,REQ-ACDC30B32723,2026-09-13 00:54:56+00:00
EVT-0002418,IF_ORIM_ORWMS_001,ORACLE_SCM,ORACLE_SCM,ESB,Sync,Failed,VAL_400,Required business field failed validation,Validation,1480,SESS-00DB0995FE,REQ-ED6B137249BA,2026-09-14 22:08:21+00:00
EVT-0002420,IF_ORWMS_SAPQM_001,ORACLE_SCM,SAP_ERP,Kafka,Async,Success,,,,1772,SESS-1690E7F152,REQ-A0B8DD4BB1C7,2026-09-16 08:03:25+00:00
EVT-0002424,IF_ORIM_ORWMS_001,ORACLE_SCM,ORACLE_SCM,ESB,Sync,Success,,,,971,SESS-BF103A8E2F,REQ-A45BDA114067,2026-09-12 04:49:29+00:00
EVT-0002427,IF_ORWMS_OROM_001,ORACLE_SCM,ORACLE_SCM,Kafka,Async,Success,,,,1783,SESS-7EEDE5F80E,REQ-32C65C9687F2,2026-09-16 23:49:35+00:00
EVT-0002430,IF_OROM_CRMOM_001,ORACLE_SCM,CRM,REST_API,REST,Success,,,,1704,SESS-6C8A6905DB,REQ-05544F0F8691,2026-09-15 14:04:50+00:00
EVT-0002435,IF_ORIM_ORWMS_001,ORACLE_SCM,ORACLE_SCM,ESB,Sync,Success,,,,969,SESS-9CBAE44F92,REQ-5878CB1A9DE5,2026-09-16 14:41:25+00:00
EVT-0002439,IF_OROM_CRMOM_001,ORACLE_SCM,CRM,REST_API,REST,Success,,,,1324,SESS-512E2E7F1F,REQ-D2C1406F0A96,2026-09-12 23:40:24+00:00
EVT-0002440,IF_ORWMS_OROM_001,ORACLE_SCM,ORACLE_SCM,Kafka,Async,Success,,,,1202,SESS-0A7B4995AE,REQ-FA710C1CF3FA,2026-09-10 01:36:59+00:00
EVT-0002442,IF_ORWMS_SAPQM_001,ORACLE_SCM,SAP_ERP,Kafka,Async,Success,,,,2758,SESS-7281827290,REQ-2980768C0588,2026-09-14 07:26:47+00:00
EVT-0002450,IF_ORSC_ORIM_001,ORACLE_SCM,ORACLE_SCM,ESB,Sync,Success,,,,2039,SESS-E457A1B3DC,REQ-93A4ED15FDE0,2026-09-10 00:16:24+00:00
EVT-0002452,IF_ORWMS_OROM_001,ORACLE_SCM,ORACLE_SCM,Kafka,Async,Failed,DB_COMMIT_014,Transaction commit failed,Database,11360,SESS-50AA6BD8E0,REQ-D6A09FF5B915,2026-09-14 01:28:43+00:00
EVT-0002453,IF_ORSC_ORIM_001,ORACLE_SCM,ORACLE_SCM,ESB,Sync,Success,,,,1664,SESS-8CE01D6FF2,REQ-59F3B37B9E08,2026-09-12 13:36:56+00:00
EVT-0002457,IF_ORSC_ORIM_001,ORACLE_SCM,ORACLE_SCM,ESB,Sync,Success,,,,3016,SESS-371A6E3D3C,REQ-A4E2DFFDFDBF,2026-09-12 12:05:35+00:00
EVT-0002458,IF_ORIM_ORWMS_001,ORACLE_SCM,ORACLE_SCM,ESB,Sync,Success,,,,943,SESS-44D19F2FEF,REQ-86CE73580060,2026-09-10 03:59:53+00:00
EVT-0002459,IF_ORIM_ORWMS_001,ORACLE_SCM,ORACLE_SCM,ESB,Sync,Success,,,,1024,SESS-6BF6478A1E,REQ-B726BDBCC52C,2026-09-13 16:14:48+00:00
EVT-0002467,IF_ORWMS_SAPQM_001,ORACLE_SCM,SAP_ERP,Kafka,Async,Success,,,,2095,SESS-292B1EF413,REQ-F67021194EEF,2026-09-15 08:15:06+00:00
EVT-0002476,IF_ORSC_SAPPP_001,ORACLE_SCM,SAP_ERP,Kafka,Async,Success,,,,1373,SESS-DAFC4381A7,REQ-81E712C86DD5,2026-09-13 22:01:11+00:00
EVT-0002478,IF_ORSC_SAPPP_001,ORACLE_SCM,SAP_ERP,Kafka,Async,Success,,,,1368,SESS-26F5E81944,REQ-CF3664A336A3,2026-09-16 20:46:19+00:00
EVT-0002481,IF_ORIM_SAPPROC_001,ORACLE_SCM,SAP_ERP,REST_API,REST,Success,,,,2023,SESS-1070E49B84,REQ-6E90DE917377,2026-09-12 00:27:44+00:00
EVT-0002485,IF_ORSC_SAPPP_001,ORACLE_SCM,SAP_ERP,Kafka,Async,Success,,,,1675,SESS-796C31165F,REQ-E723B7C4606F,2026-09-10 23:21:11+00:00
EVT-0002488,IF_ORSC_ORIM_001,ORACLE_SCM,ORACLE_SCM,ESB,Sync,Success,,,,1754,SESS-229022B969,REQ-C365A69D290C,2026-09-12 14:44:24+00:00
EVT-0002491,IF_ORIM_SAPPROC_001,ORACLE_SCM,SAP_ERP,REST_API,REST,Success,,,,2980,SESS-D56204EB73,REQ-62A3F8EDC322,2026-09-11 23:43:06+00:00
EVT-0002493,IF_ORIM_ORWMS_001,ORACLE_SCM,ORACLE_SCM,ESB,Sync,Failed,EXT_502,Downstream service returned 502,External Service,7833,SESS-7FE3C07915,REQ-8E761C505AEC,2026-09-12 17:52:49+00:00
EVT-0002495,IF_ORWMS_OROM_001,ORACLE_SCM,ORACLE_SCM,Kafka,Async,Success,,,,1067,SESS-5D00256114,REQ-537B6DF5D6A7,2026-09-15 16:12:30+00:00
EVT-0002496,IF_ORIM_ORWMS_001,ORACLE_SCM,ORACLE_SCM,ESB,Sync,Retry,DB_COMMIT_014,Transaction commit failed,Database,2101,SESS-82733E9CB1,REQ-0DB29338E008,2026-09-15 12:48:35+00:00
EVT-0002497,IF_ORIM_MESPE_001,ORACLE_SCM,MES,Kafka,Async,Success,,,,1178,SESS-336EFE4084,REQ-CF6FFF737C90,2026-09-13 18:58:20+00:00
EVT-0002500,IF_ORSC_SAPPP_001,ORACLE_SCM,SAP_ERP,Kafka,Async,Success,,,,1116,SESS-F24BDDD3BB,REQ-095F566FA25A,2026-09-13 04:50:30+00:00
EVT-0002501,IF_ORIM_ORWMS_001,ORACLE_SCM,ORACLE_SCM,ESB,Sync,Success,,,,1361,SESS-1B969D3F69,REQ-68FDD3FEE993,2026-09-16 20:06:58+00:00
EVT-0002502,IF_ORWMS_OROM_001,ORACLE_SCM,ORACLE_SCM,Kafka,Async,Success,,,,1457,SESS-DD78A20D2A,REQ-A31BCDB4F8E9,2026-09-14 05:45:25+00:00
EVT-0002504,IF_ORSC_SAPPP_001,ORACLE_SCM,SAP_ERP,Kafka,Async,Success,,,,733,SESS-9343FC963F,REQ-CA3113D572CE,2026-09-11 16:34:50+00:00
EVT-0002512,IF_ORIM_ORWMS_001,ORACLE_SCM,ORACLE_SCM,ESB,Sync,Success,,,,1023,SESS-6384ABA2FA,REQ-FABF7D0F34D3,2026-09-14 07:16:44+00:00
EVT-0002515,IF_ORSC_SAPPP_001,ORACLE_SCM,SAP_ERP,Kafka,Async,Success,,,,1466,SESS-13ED1AE2F3,REQ-25AC48CB6F84,2026-09-16 09:20:28+00:00
EVT-0002516,IF_ORWMS_OROM_001,ORACLE_SCM,ORACLE_SCM,Kafka,Async,Success,,,,1438,SESS-CBCDAC8F66,REQ-24B19C0C5712,2026-09-13 16:27:08+00:00
EVT-0002518,IF_ORIM_SAPPROC_001,ORACLE_SCM,SAP_ERP,REST_API,REST,Success,,,,2368,SESS-A4ECDF7BCB,REQ-24F42E183D36,2026-09-16 18:05:03+00:00
EVT-0002522,IF_ORSC_SAPPP_001,ORACLE_SCM,SAP_ERP,Kafka,Async,Success,,,,1053,SESS-11DA187639,REQ-78AB267B5618,2026-09-16 16:55:43+00:00
EVT-0002533,IF_ORWMS_OROM_001,ORACLE_SCM,ORACLE_SCM,Kafka,Async,Success,,,,1569,SESS-C6008B8954,REQ-073C220B61FB,2026-09-16 11:00:04+00:00
EVT-0002535,IF_ORIM_MESPE_001,ORACLE_SCM,MES,Kafka,Async,Failed,AUTHZ_403,Caller is not authorized,Authorization,8786,SESS-7D8F95B1B4,REQ-B401B2400926,2026-09-11 22:41:22+00:00
EVT-0002537,IF_ORIM_ORWMS_001,ORACLE_SCM,ORACLE_SCM,ESB,Sync,Failed,AUTHZ_403,Caller is not authorized,Authorization,3317,SESS-3B375808C6,REQ-5CFDFD4A55F8,2026-09-15 15:16:13+00:00
EVT-0002541,IF_ORIM_SAPPROC_001,ORACLE_SCM,SAP_ERP,REST_API,REST,Retry,CFG_017,Interface configuration mismatch,Configuration,4063,SESS-B2B5A1C998,REQ-1CA5ABACBE19,2026-09-11 22:03:32+00:00
EVT-0002549,IF_OROM_CRMOM_001,ORACLE_SCM,CRM,REST_API,REST,Success,,,,2051,SESS-EABD0E055F,REQ-38A98DDC659C,2026-09-12 14:34:37+00:00
EVT-0002552,IF_ORWMS_OROM_001,ORACLE_SCM,ORACLE_SCM,Kafka,Async,Success,,,,1288,SESS-A9DF2A8D29,REQ-DBF005473914,2026-09-10 23:21:22+00:00
EVT-0002556,IF_ORIM_SAPPROC_001,ORACLE_SCM,SAP_ERP,REST_API,REST,Success,,,,1376,SESS-9787139482,REQ-C1F591500227,2026-09-13 20:25:20+00:00
EVT-0002557,IF_ORSC_SAPPP_001,ORACLE_SCM,SAP_ERP,Kafka,Async,Success,,,,1808,SESS-3EB641DB26,REQ-A0B36BD5E5DE,2026-09-10 03:48:09+00:00
EVT-0002558,IF_ORIM_ORWMS_001,ORACLE_SCM,ORACLE_SCM,ESB,Sync,Success,,,,907,SESS-B3182D4FF6,REQ-C55287268982,2026-09-15 17:28:21+00:00
EVT-0002560,IF_OROM_CRMOM_001,ORACLE_SCM,CRM,REST_API,REST,Retry,INFRA_008,Runtime node unavailable,Infrastructure,5092,SESS-6C62024267,REQ-AA194AA12175,2026-09-15 22:55:40+00:00
EVT-0002561,IF_ORSC_SAPPP_001,ORACLE_SCM,SAP_ERP,Kafka,Async,Success,,,,1465,SESS-1E4C245C96,REQ-D689F98D1EC4,2026-09-13 10:49:49+00:00
EVT-0002565,IF_ORIM_MESPE_001,ORACLE_SCM,MES,Kafka,Async,Retry,INFRA_008,Runtime node unavailable,Infrastructure,2257,SESS-3B09DB161C,REQ-CA1307AEAF63,2026-09-10 00:35:45+00:00
EVT-0002567,IF_ORSC_SAPPP_001,ORACLE_SCM,SAP_ERP,Kafka,Async,Success,,,,1276,SESS-ABF5BE6A87,REQ-9F53223EF6FE,2026-09-16 21:42:06+00:00
EVT-0002579,IF_ORWMS_SAPQM_001,ORACLE_SCM,SAP_ERP,Kafka,Async,Success,,,,1594,SESS-4B4896CCF3,REQ-BDAF9FB3AEFF,2026-09-13 15:25:18+00:00
EVT-0002585,IF_ORIM_ORWMS_001,ORACLE_SCM,ORACLE_SCM,ESB,Sync,Retry,NET_CONN_003,Connection reset by peer,Network,3334,SESS-281626CF7D,REQ-8DF2DA713DC7,2026-09-12 21:07:47+00:00
EVT-0002589,IF_ORIM_SAPPROC_001,ORACLE_SCM,SAP_ERP,REST_API,REST,Success,,,,3075,SESS-606B6A66D4,REQ-CA7BA8F67ED5,2026-09-10 18:54:41+00:00
EVT-0002594,IF_ORIM_SAPPROC_001,ORACLE_SCM,SAP_ERP,REST_API,REST,Retry,TIME_004,Downstream response exceeded SLA,Timeout,5434,SESS-55AB50865D,REQ-7979851BC1EE,2026-09-16 19:59:26+00:00
EVT-0002600,IF_ORSC_SAPPP_001,ORACLE_SCM,SAP_ERP,Kafka,Async,Success,,,,1234,SESS-CC7E37FA86,REQ-86B40AB1011C,2026-09-15 18:21:15+00:00
EVT-0002602,IF_ORSC_ORIM_001,ORACLE_SCM,ORACLE_SCM,ESB,Sync,Success,,,,2738,SESS-93C0B482AB,REQ-5191DD5EBC01,2026-09-15 21:14:58+00:00
EVT-0002603,IF_ORSC_SAPPP_001,ORACLE_SCM,SAP_ERP,Kafka,Async,Failed,EXT_502,Downstream service returned 502,External Service,7313,SESS-1B7C7E0DE7,REQ-1506F48764E5,2026-09-12 07:51:18+00:00
EVT-0002604,IF_OROM_CRMOM_001,ORACLE_SCM,CRM,REST_API,REST,Success,,,,1620,SESS-6484CEC9DD,REQ-8021949673BB,2026-09-10 20:52:49+00:00
EVT-0002609,IF_ORSC_SAPPP_001,ORACLE_SCM,SAP_ERP,Kafka,Async,Success,,,,982,SESS-2BA22B6D32,REQ-756EA91936F5,2026-09-11 10:09:29+00:00
EVT-0002610,IF_ORWMS_OROM_001,ORACLE_SCM,ORACLE_SCM,Kafka,Async,Success,,,,1772,SESS-630BB17750,REQ-37C8DDA53F07,2026-09-14 20:26:04+00:00
EVT-0002618,IF_ORWMS_SAPQM_001,ORACLE_SCM,SAP_ERP,Kafka,Async,Success,,,,2340,SESS-3E0A80BA1D,REQ-2511C5655FD7,2026-09-12 22:38:32+00:00
EVT-0002619,IF_ORSC_ORIM_001,ORACLE_SCM,ORACLE_SCM,ESB,Sync,Success,,,,3293,SESS-B3B93311F4,REQ-DCE10F47CFD3,2026-09-14 01:26:37+00:00
EVT-0002621,IF_ORSC_ORIM_001,ORACLE_SCM,ORACLE_SCM,ESB,Sync,Success,,,,2711,SESS-A9C25DBE84,REQ-244AE771395E,2026-09-12 12:05:44+00:00
EVT-0002622,IF_ORIM_SAPPROC_001,ORACLE_SCM,SAP_ERP,REST_API,REST,Success,,,,2442,SESS-C672FE6220,REQ-0C24BA3395AB,2026-09-14 12:47:29+00:00
EVT-0002624,IF_ORSC_ORIM_001,ORACLE_SCM,ORACLE_SCM,ESB,Sync,Success,,,,2290,SESS-27286A4FF7,REQ-F1E44EFEA36F,2026-09-14 10:20:37+00:00
EVT-0002630,IF_ORIM_SAPPROC_001,ORACLE_SCM,SAP_ERP,REST_API,REST,Success,,,,1986,SESS-6286D0A6E5,REQ-725C68151AFC,2026-09-15 18:24:18+00:00
EVT-0002634,IF_ORIM_ORWMS_001,ORACLE_SCM,ORACLE_SCM,ESB,Sync,Success,,,,1030,SESS-ABABFF3FD7,REQ-CE62C2D6AD67,2026-09-16 23:31:06+00:00
EVT-0002636,IF_ORIM_ORWMS_001,ORACLE_SCM,ORACLE_SCM,ESB,Sync,Success,,,,621,SESS-E288AD4443,REQ-FE0B14871E10,2026-09-10 15:51:48+00:00
EVT-0002647,IF_ORWMS_OROM_001,ORACLE_SCM,ORACLE_SCM,Kafka,Async,Success,,,,1490,SESS-EEAFBB1D8B,REQ-44F6BBE4EC9D,2026-09-10 07:41:29+00:00
EVT-0002648,IF_ORIM_SAPPROC_001,ORACLE_SCM,SAP_ERP,REST_API,REST,Success,,,,2046,SESS-7D756C25B4,REQ-11D8808916F6,2026-09-13 20:29:13+00:00
EVT-0002649,IF_ORSC_SAPPP_001,ORACLE_SCM,SAP_ERP,Kafka,Async,Retry,CAP_003,Downstream service is at capacity,Capacity,2310,SESS-F037CF33BB,REQ-F5B0149F6706,2026-09-15 05:02:01+00:00
EVT-0002651,IF_ORIM_SAPPROC_001,ORACLE_SCM,SAP_ERP,REST_API,REST,Retry,INFRA_008,Runtime node unavailable,Infrastructure,4931,SESS-081F707AFE,REQ-430BB0DC8F4C,2026-09-15 04:29:32+00:00
EVT-0002654,IF_OROM_CRMOM_001,ORACLE_SCM,CRM,REST_API,REST,Success,,,,2312,SESS-5741D1DA2B,REQ-1C358DFA835D,2026-09-13 15:20:02+00:00
EVT-0002663,IF_ORWMS_OROM_001,ORACLE_SCM,ORACLE_SCM,Kafka,Async,Success,,,,1437,SESS-073F2150C4,REQ-CBEE0B3F92A8,2026-09-14 03:27:01+00:00
EVT-0002667,IF_ORIM_SAPPROC_001,ORACLE_SCM,SAP_ERP,REST_API,REST,Retry,AUTH_401,Service credential rejected,Authentication,8518,SESS-4DBD98E8A5,REQ-1CBA237003DE,2026-09-15 15:17:21+00:00
EVT-0002673,IF_ORIM_MESPE_001,ORACLE_SCM,MES,Kafka,Async,Success,,,,977,SESS-DEE135161D,REQ-3F5D6D6A42BF,2026-09-10 20:09:04+00:00
EVT-0002681,IF_ORSC_SAPPP_001,ORACLE_SCM,SAP_ERP,Kafka,Async,Success,,,,894,SESS-EBB59132C8,REQ-30FABD7F66EB,2026-09-16 09:17:22+00:00
EVT-0002685,IF_ORIM_MESPE_001,ORACLE_SCM,MES,Kafka,Async,Success,,,,1293,SESS-3A946B8A33,REQ-AE83C419C3A1,2026-09-13 18:35:52+00:00
EVT-0002688,IF_ORWMS_OROM_001,ORACLE_SCM,ORACLE_SCM,Kafka,Async,Success,,,,919,SESS-FF14D87259,REQ-B70AAA6A678A,2026-09-11 05:09:41+00:00
EVT-0002695,IF_ORIM_ORWMS_001,ORACLE_SCM,ORACLE_SCM,ESB,Sync,Success,,,,1031,SESS-2606BDB770,REQ-16ED256299C2,2026-09-15 04:38:19+00:00
EVT-0002699,IF_ORIM_SAPPROC_001,ORACLE_SCM,SAP_ERP,REST_API,REST,Retry,NET_CONN_003,Connection reset by peer,Network,5963,SESS-946F510AFF,REQ-61878AB26258,2026-09-16 01:14:04+00:00
EVT-0002703,IF_ORSC_ORIM_001,ORACLE_SCM,ORACLE_SCM,ESB,Sync,Success,,,,1623,SESS-7FEF46179A,REQ-F1D6BAFAA8F4,2026-09-13 01:44:28+00:00
EVT-0002704,IF_ORWMS_OROM_001,ORACLE_SCM,ORACLE_SCM,Kafka,Async,Success,,,,1291,SESS-58A8E07A9F,REQ-2E18B521F2DD,2026-09-11 09:28:59+00:00
EVT-0002705,IF_ORWMS_OROM_001,ORACLE_SCM,ORACLE_SCM,Kafka,Async,Success,,,,1760,SESS-32E013B02E,REQ-1EEC05E95D22,2026-09-15 14:58:24+00:00
EVT-0002707,IF_ORIM_MESPE_001,ORACLE_SCM,MES,Kafka,Async,Success,,,,1440,SESS-10F6AC3BE6,REQ-E2158CF3663F,2026-09-16 17:56:41+00:00
EVT-0002710,IF_ORIM_ORWMS_001,ORACLE_SCM,ORACLE_SCM,ESB,Sync,Success,,,,850,SESS-EB7D50B3FF,REQ-E7BE2B076D0F,2026-09-14 12:30:01+00:00
EVT-0002717,IF_ORSC_SAPPP_001,ORACLE_SCM,SAP_ERP,Kafka,Async,Failed,DB_COMMIT_014,Transaction commit failed,Database,2468,SESS-D38BAFDF8A,REQ-C1F3FE968942,2026-09-14 01:58:59+00:00
EVT-0002718,IF_ORWMS_OROM_001,ORACLE_SCM,ORACLE_SCM,Kafka,Async,Success,,,,1530,SESS-978619CBE0,REQ-DF5252FA5911,2026-09-15 01:29:37+00:00
EVT-0002725,IF_ORSC_SAPPP_001,ORACLE_SCM,SAP_ERP,Kafka,Async,Retry,TIME_004,Downstream response exceeded SLA,Timeout,3022,SESS-1A8C57FD53,REQ-1316D4805622,2026-09-10 00:51:03+00:00
EVT-0002727,IF_ORSC_SAPPP_001,ORACLE_SCM,SAP_ERP,Kafka,Async,Failed,AUTH_401,Service credential rejected,Authentication,3620,SESS-C2645CBAA8,REQ-FA70C9606E50,2026-09-15 22:14:30+00:00
EVT-0002735,IF_ORIM_ORWMS_001,ORACLE_SCM,ORACLE_SCM,ESB,Sync,Success,,,,814,SESS-E594697A59,REQ-F3F86DC0F455,2026-09-16 06:13:15+00:00
EVT-0002736,IF_ORSC_SAPPP_001,ORACLE_SCM,SAP_ERP,Kafka,Async,Success,,,,1402,SESS-0555C28F4C,REQ-7E4B56DEF26A,2026-09-11 07:14:31+00:00
EVT-0002737,IF_ORIM_MESPE_001,ORACLE_SCM,MES,Kafka,Async,Success,,,,1530,SESS-144F298E0B,REQ-820A8E949C3D,2026-09-14 08:23:12+00:00
EVT-0002738,IF_ORIM_ORWMS_001,ORACLE_SCM,ORACLE_SCM,ESB,Sync,Success,,,,969,SESS-46242FA4EB,REQ-6205BF95ACA0,2026-09-13 09:03:32+00:00
EVT-0002739,IF_ORSC_ORIM_001,ORACLE_SCM,ORACLE_SCM,ESB,Sync,Success,,,,2211,SESS-6925A70498,REQ-C12E28102B36,2026-09-16 07:36:10+00:00
EVT-0002740,IF_ORSC_ORIM_001,ORACLE_SCM,ORACLE_SCM,ESB,Sync,Success,,,,2473,SESS-698981303E,REQ-0218F3202E20,2026-09-11 23:35:36+00:00
EVT-0002741,IF_ORIM_MESPE_001,ORACLE_SCM,MES,Kafka,Async,Success,,,,1789,SESS-0552B410D4,REQ-9705CE9F2520,2026-09-10 02:43:18+00:00
EVT-0002752,IF_ORIM_SAPPROC_001,ORACLE_SCM,SAP_ERP,REST_API,REST,Retry,VAL_400,Required business field failed validation,Validation,6289,SESS-61F42E9A9B,REQ-1C8676A8713C,2026-09-16 03:24:11+00:00
EVT-0002757,IF_ORIM_MESPE_001,ORACLE_SCM,MES,Kafka,Async,Success,,,,698,SESS-D1BE8D278D,REQ-5F291608602E,2026-09-11 20:43:00+00:00
EVT-0002759,IF_ORIM_ORWMS_001,ORACLE_SCM,ORACLE_SCM,ESB,Sync,Success,,,,985,SESS-13785B95FF,REQ-E79E953BC17A,2026-09-13 22:29:49+00:00
EVT-0002763,IF_ORSC_SAPPP_001,ORACLE_SCM,SAP_ERP,Kafka,Async,Success,,,,934,SESS-7E2ED68073,REQ-4C9CC210B8B6,2026-09-16 01:31:02+00:00
EVT-0002765,IF_ORSC_SAPPP_001,ORACLE_SCM,SAP_ERP,Kafka,Async,Success,,,,1614,SESS-B616AC539D,REQ-82B1B66D3F9F,2026-09-16 03:50:26+00:00
EVT-0002770,IF_ORWMS_OROM_001,ORACLE_SCM,ORACLE_SCM,Kafka,Async,Success,,,,1697,SESS-373E732C9D,REQ-E086722D5DF5,2026-09-16 21:39:24+00:00
EVT-0002774,IF_ORIM_MESPE_001,ORACLE_SCM,MES,Kafka,Async,Retry,TIME_004,Downstream response exceeded SLA,Timeout,4798,SESS-5113206800,REQ-670275E425C0,2026-09-10 18:57:20+00:00
EVT-0002777,IF_ORIM_MESPE_001,ORACLE_SCM,MES,Kafka,Async,Success,,,,1188,SESS-D103B5C66C,REQ-D4596C2586A5,2026-09-11 00:46:20+00:00
EVT-0002778,IF_ORIM_MESPE_001,ORACLE_SCM,MES,Kafka,Async,Retry,AUTHZ_403,Caller is not authorized,Authorization,2377,SESS-D8A70E6A2C,REQ-B0B8EF405907,2026-09-12 08:52:01+00:00
EVT-0002779,IF_OROM_CRMOM_001,ORACLE_SCM,CRM,REST_API,REST,Success,,,,2599,SESS-C341AF37A9,REQ-25B5A3FE8349,2026-09-10 01:11:35+00:00
EVT-0002781,IF_ORIM_ORWMS_001,ORACLE_SCM,ORACLE_SCM,ESB,Sync,Success,,,,689,SESS-9BF1714736,REQ-6B183C503D92,2026-09-11 20:21:35+00:00
EVT-0002794,IF_ORWMS_OROM_001,ORACLE_SCM,ORACLE_SCM,Kafka,Async,Success,,,,1460,SESS-684434CF73,REQ-B0BF3B7B9F80,2026-09-12 05:21:44+00:00
EVT-0002795,IF_OROM_CRMOM_001,ORACLE_SCM,CRM,REST_API,REST,Success,,,,2498,SESS-B58874576B,REQ-F27769D3374F,2026-09-16 10:00:09+00:00
EVT-0002803,IF_ORIM_SAPPROC_001,ORACLE_SCM,SAP_ERP,REST_API,REST,Success,,,,2846,SESS-8CC36160EB,REQ-78C44589BA76,2026-09-10 06:57:40+00:00
EVT-0002804,IF_ORSC_ORIM_001,ORACLE_SCM,ORACLE_SCM,ESB,Sync,Failed,VAL_400,Required business field failed validation,Validation,4825,SESS-D84FF6C939,REQ-1A1C6EBE64C9,2026-09-10 21:38:32+00:00
EVT-0002806,IF_ORSC_ORIM_001,ORACLE_SCM,ORACLE_SCM,ESB,Sync,Success,,,,2714,SESS-8C7BE7641B,REQ-CB7E14042099,2026-09-14 23:28:25+00:00
EVT-0002809,IF_ORIM_SAPPROC_001,ORACLE_SCM,SAP_ERP,REST_API,REST,Success,,,,2347,SESS-7D528516E5,REQ-E0D2E9A36E31,2026-09-15 00:34:32+00:00
EVT-0002812,IF_ORSC_SAPPP_001,ORACLE_SCM,SAP_ERP,Kafka,Async,Success,,,,1449,SESS-03A453746A,REQ-F691F027FC3D,2026-09-13 20:03:01+00:00
EVT-0002813,IF_ORSC_ORIM_001,ORACLE_SCM,ORACLE_SCM,ESB,Sync,Success,,,,2836,SESS-F4361DC7A1,REQ-B1B50626D072,2026-09-16 21:06:22+00:00
EVT-0002817,IF_ORWMS_SAPQM_001,ORACLE_SCM,SAP_ERP,Kafka,Async,Success,,,,2505,SESS-1DC0345A08,REQ-4FB67475B5D8,2026-09-15 09:24:36+00:00
EVT-0002828,IF_OROM_CRMOM_001,ORACLE_SCM,CRM,REST_API,REST,Retry,AUTH_401,Service credential rejected,Authentication,5009,SESS-C1B65B6236,REQ-858054A56563,2026-09-12 11:13:19+00:00
EVT-0002832,IF_ORIM_ORWMS_001,ORACLE_SCM,ORACLE_SCM,ESB,Sync,Success,,,,1070,SESS-9EDEC267A8,REQ-3D3D26CEE5D1,2026-09-12 18:42:20+00:00
EVT-0002833,IF_ORIM_SAPPROC_001,ORACLE_SCM,SAP_ERP,REST_API,REST,Success,,,,1710,SESS-DE580BFD27,REQ-30CD8FDC7C96,2026-09-14 15:50:55+00:00
EVT-0002834,IF_ORSC_SAPPP_001,ORACLE_SCM,SAP_ERP,Kafka,Async,Success,,,,1388,SESS-9D21FD4C2C,REQ-71404F67A862,2026-09-13 09:31:54+00:00
EVT-0002840,IF_ORWMS_OROM_001,ORACLE_SCM,ORACLE_SCM,Kafka,Async,Success,,,,825,SESS-E580AC744D,REQ-39255AABB3F2,2026-09-11 11:27:29+00:00
EVT-0002846,IF_ORIM_ORWMS_001,ORACLE_SCM,ORACLE_SCM,ESB,Sync,Success,,,,1207,SESS-570CE81859,REQ-3805699BDFE4,2026-09-14 09:02:50+00:00
EVT-0002850,IF_ORSC_SAPPP_001,ORACLE_SCM,SAP_ERP,Kafka,Async,Success,,,,897,SESS-BA0687C6B6,REQ-5F216D46BAD6,2026-09-16 16:39:41+00:00
EVT-0002853,IF_ORSC_ORIM_001,ORACLE_SCM,ORACLE_SCM,ESB,Sync,Success,,,,2163,SESS-250D655142,REQ-AB368D0E7476,2026-09-15 06:10:09+00:00
EVT-0002860,IF_OROM_CRMOM_001,ORACLE_SCM,CRM,REST_API,REST,Success,,,,2081,SESS-4E7E955AE5,REQ-C6FEFAE3471E,2026-09-12 01:00:49+00:00
EVT-0002861,IF_ORWMS_OROM_001,ORACLE_SCM,ORACLE_SCM,Kafka,Async,Failed,AUTHZ_403,Caller is not authorized,Authorization,10836,SESS-A85461E410,REQ-9474022AC5F9,2026-09-13 12:41:34+00:00
EVT-0002868,IF_OROM_CRMOM_001,ORACLE_SCM,CRM,REST_API,REST,Success,,,,2040,SESS-B4BEB5CCC8,REQ-DD9B44A43951,2026-09-11 06:46:55+00:00
EVT-0002869,IF_ORWMS_OROM_001,ORACLE_SCM,ORACLE_SCM,Kafka,Async,Success,,,,1235,SESS-00A6634797,REQ-1F74F69C7D59,2026-09-16 09:34:50+00:00
EVT-0002870,IF_OROM_CRMOM_001,ORACLE_SCM,CRM,REST_API,REST,Retry,AUTH_401,Service credential rejected,Authentication,7683,SESS-47966267CC,REQ-DF43ABB36DD4,2026-09-10 11:08:58+00:00
EVT-0002876,IF_ORSC_ORIM_001,ORACLE_SCM,ORACLE_SCM,ESB,Sync,Success,,,,2599,SESS-5DDBD052AB,REQ-45D860B8C1B8,2026-09-15 17:26:55+00:00
EVT-0002882,IF_ORIM_SAPPROC_001,ORACLE_SCM,SAP_ERP,REST_API,REST,Success,,,,1509,SESS-1C568C746A,REQ-FD7BCEF9569F,2026-09-15 04:48:28+00:00
EVT-0002884,IF_ORSC_ORIM_001,ORACLE_SCM,ORACLE_SCM,ESB,Sync,Success,,,,1989,SESS-FFE323616A,REQ-F01A829F9539,2026-09-13 09:53:36+00:00
EVT-0002887,IF_ORWMS_OROM_001,ORACLE_SCM,ORACLE_SCM,Kafka,Async,Success,,,,1572,SESS-139E11738F,REQ-C3A27007C94E,2026-09-14 14:14:18+00:00
EVT-0002888,IF_ORIM_MESPE_001,ORACLE_SCM,MES,Kafka,Async,Retry,VAL_400,Required business field failed validation,Validation,3131,SESS-FCA0702E79,REQ-8DBE28DAA802,2026-09-12 13:20:45+00:00
EVT-0002890,IF_ORSC_SAPPP_001,ORACLE_SCM,SAP_ERP,Kafka,Async,Success,,,,1233,SESS-9DD23AD398,REQ-A3BCAC085DF6,2026-09-16 02:25:21+00:00
EVT-0002899,IF_ORIM_ORWMS_001,ORACLE_SCM,ORACLE_SCM,ESB,Sync,Success,,,,984,SESS-81565B2F14,REQ-20F4872C649B,2026-09-14 16:25:51+00:00
EVT-0002906,IF_ORIM_MESPE_001,ORACLE_SCM,MES,Kafka,Async,Success,,,,1527,SESS-870B9A5322,REQ-CA5AA90A1EFD,2026-09-15 11:54:47+00:00
EVT-0002907,IF_ORIM_MESPE_001,ORACLE_SCM,MES,Kafka,Async,Success,,,,770,SESS-54CB0739D6,REQ-59CB9831B483,2026-09-13 00:02:23+00:00
EVT-0002908,IF_ORSC_SAPPP_001,ORACLE_SCM,SAP_ERP,Kafka,Async,Retry,DB_COMMIT_014,Transaction commit failed,Database,3811,SESS-622AFD0AB5,REQ-11E5620F7086,2026-09-12 05:05:55+00:00
EVT-0002910,IF_ORIM_SAPPROC_001,ORACLE_SCM,SAP_ERP,REST_API,REST,Retry,EXT_502,Downstream service returned 502,External Service,5966,SESS-1DB4D7B389,REQ-B6DE8ACE167E,2026-09-15 03:55:47+00:00
EVT-0002916,IF_ORIM_SAPPROC_001,ORACLE_SCM,SAP_ERP,REST_API,REST,Success,,,,2460,SESS-4E7ED24BC2,REQ-09D031E81427,2026-09-11 23:57:53+00:00
EVT-0002920,IF_OROM_CRMOM_001,ORACLE_SCM,CRM,REST_API,REST,Success,,,,2287,SESS-8C1383F96E,REQ-7CD87BE84D80,2026-09-16 07:31:21+00:00
EVT-0002922,IF_ORIM_SAPPROC_001,ORACLE_SCM,SAP_ERP,REST_API,REST,Retry,CAP_003,Downstream service is at capacity,Capacity,7208,SESS-D53B99268D,REQ-9E5C757EDA5F,2026-09-12 16:12:16+00:00
EVT-0002925,IF_ORSC_ORIM_001,ORACLE_SCM,ORACLE_SCM,ESB,Sync,Success,,,,2808,SESS-AA7E38ABB4,REQ-DE6B250CC78B,2026-09-16 05:46:14+00:00
EVT-0002929,IF_ORSC_SAPPP_001,ORACLE_SCM,SAP_ERP,Kafka,Async,Success,,,,1087,SESS-A7D638B4EE,REQ-76129237A8A2,2026-09-14 23:46:23+00:00
EVT-0002935,IF_ORIM_ORWMS_001,ORACLE_SCM,ORACLE_SCM,ESB,Sync,Success,,,,672,SESS-636669F5B6,REQ-E7AB3F3A9016,2026-09-11 06:30:53+00:00
EVT-0002942,IF_ORIM_SAPPROC_001,ORACLE_SCM,SAP_ERP,REST_API,REST,Success,,,,2676,SESS-2C3DBA6A42,REQ-8A384EF01114,2026-09-16 03:34:39+00:00
EVT-0002943,IF_OROM_CRMOM_001,ORACLE_SCM,CRM,REST_API,REST,Success,,,,2197,SESS-BE2D0EE86D,REQ-F7C19BDF8EEB,2026-09-16 10:38:30+00:00
EVT-0002954,IF_ORIM_SAPPROC_001,ORACLE_SCM,SAP_ERP,REST_API,REST,Success,,,,3270,SESS-33854452E6,REQ-A2197D26C77B,2026-09-10 18:37:26+00:00
EVT-0002959,IF_ORSC_SAPPP_001,ORACLE_SCM,SAP_ERP,Kafka,Async,Success,,,,1762,SESS-090B3B9A38,REQ-72DFB8FD47D3,2026-09-14 16:17:55+00:00
EVT-0002960,IF_ORSC_ORIM_001,ORACLE_SCM,ORACLE_SCM,ESB,Sync,Success,,,,1641,SESS-AA412FA623,REQ-36DBED6A79E5,2026-09-14 10:15:41+00:00
EVT-0002973,IF_OROM_CRMOM_001,ORACLE_SCM,CRM,REST_API,REST,Success,,,,2837,SESS-F91E7CF952,REQ-6D8A42C0A243,2026-09-11 15:14:49+00:00
EVT-0002975,IF_ORIM_ORWMS_001,ORACLE_SCM,ORACLE_SCM,ESB,Sync,Success,,,,1028,SESS-0D9EEA7DD7,REQ-9C5CF615DC89,2026-09-14 04:49:59+00:00
EVT-0002978,IF_ORWMS_OROM_001,ORACLE_SCM,ORACLE_SCM,Kafka,Async,Failed,CAP_003,Downstream service is at capacity,Capacity,11262,SESS-C1EB203B47,REQ-4A49EDF5DC86,2026-09-15 03:08:06+00:00
EVT-0002983,IF_ORSC_SAPPP_001,ORACLE_SCM,SAP_ERP,Kafka,Async,Success,,,,1495,SESS-A0ED9A129E,REQ-97CBF7CFB40C,2026-09-11 00:16:04+00:00
EVT-0002984,IF_ORWMS_OROM_001,ORACLE_SCM,ORACLE_SCM,Kafka,Async,Success,,,,1559,SESS-20F19B8B3B,REQ-61632D46C94F,2026-09-10 07:28:29+00:00
EVT-0002987,IF_ORIM_MESPE_001,ORACLE_SCM,MES,Kafka,Async,Success,,,,1404,SESS-DE0B43C43B,REQ-EC46009B35C2,2026-09-11 01:14:31+00:00
EVT-0002989,IF_OROM_CRMOM_001,ORACLE_SCM,CRM,REST_API,REST,Success,,,,2278,SESS-367714D7FA,REQ-BD2BC9F9E8EA,2026-09-14 21:03:15+00:00
EVT-0002992,IF_ORIM_SAPPROC_001,ORACLE_SCM,SAP_ERP,REST_API,REST,Failed,CFG_017,Interface configuration mismatch,Configuration,5052,SESS-C04F5108A3,REQ-75FB2232CAB2,2026-09-10 20:29:33+00:00
EVT-0003000,IF_ORIM_MESPE_001,ORACLE_SCM,MES,Kafka,Async,Success,,,,1842,SESS-A141110A60,REQ-E10E59D9C765,2026-09-13 05:10:36+00:00
EVT-0003004,IF_OROM_CRMOM_001,ORACLE_SCM,CRM,REST_API,REST,Retry,TIME_004,Downstream response exceeded SLA,Timeout,6970,SESS-559C27B9E4,REQ-E2552617B45C,2026-09-12 09:54:35+00:00
EVT-0003007,IF_OROM_CRMOM_001,ORACLE_SCM,CRM,REST_API,REST,Success,,,,1654,SESS-80671D570C,REQ-6CD41DC22D38,2026-09-11 05:45:47+00:00
EVT-0003014,IF_ORSC_ORIM_001,ORACLE_SCM,ORACLE_SCM,ESB,Sync,Success,,,,1868,SESS-F5DBE5BD07,REQ-BA5DFDAEE048,2026-09-16 16:30:29+00:00
EVT-0003021,IF_ORSC_SAPPP_001,ORACLE_SCM,SAP_ERP,Kafka,Async,Success,,,,1346,SESS-B558AA2242,REQ-FB21446D6DC4,2026-09-12 23:31:24+00:00
EVT-0003023,IF_ORSC_ORIM_001,ORACLE_SCM,ORACLE_SCM,ESB,Sync,Success,,,,2436,SESS-CD98FDB5A4,REQ-F7D96FD63DC2,2026-09-14 11:44:24+00:00
EVT-0003027,IF_ORWMS_SAPQM_001,ORACLE_SCM,SAP_ERP,Kafka,Async,Success,,,,2469,SESS-CBF51851D7,REQ-0865F653F2C9,2026-09-10 02:32:47+00:00
EVT-0003029,IF_ORSC_ORIM_001,ORACLE_SCM,ORACLE_SCM,ESB,Sync,Success,,,,2856,SESS-61B30CBD80,REQ-682B79648619,2026-09-13 07:52:40+00:00
EVT-0003030,IF_OROM_CRMOM_001,ORACLE_SCM,CRM,REST_API,REST,Success,,,,1622,SESS-008B1A9D7B,REQ-D7AB88B78BEA,2026-09-11 16:49:26+00:00
EVT-0003031,IF_OROM_CRMOM_001,ORACLE_SCM,CRM,REST_API,REST,Success,,,,2562,SESS-64D0A3E737,REQ-5A90E81EAE3B,2026-09-12 02:52:42+00:00
EVT-0003035,IF_ORSC_ORIM_001,ORACLE_SCM,ORACLE_SCM,ESB,Sync,Failed,INFRA_008,Runtime node unavailable,Infrastructure,12263,SESS-F6630243C5,REQ-24B343128222,2026-09-16 15:34:10+00:00
EVT-0003036,IF_OROM_CRMOM_001,ORACLE_SCM,CRM,REST_API,REST,Success,,,,2436,SESS-89F393AFF6,REQ-62BCB5B7E374,2026-09-11 23:45:22+00:00
EVT-0003038,IF_ORWMS_OROM_001,ORACLE_SCM,ORACLE_SCM,Kafka,Async,Success,,,,501,SESS-3713F419D0,REQ-2BA8711314BC,2026-09-14 00:55:13+00:00
EVT-0003045,IF_ORSC_ORIM_001,ORACLE_SCM,ORACLE_SCM,ESB,Sync,Success,,,,2225,SESS-F814140907,REQ-B21D7B5AF83B,2026-09-13 20:47:37+00:00
EVT-0003048,IF_ORIM_ORWMS_001,ORACLE_SCM,ORACLE_SCM,ESB,Sync,Success,,,,719,SESS-FA097E517A,REQ-4CD16FA5CE2B,2026-09-13 01:47:19+00:00
EVT-0003049,IF_OROM_CRMOM_001,ORACLE_SCM,CRM,REST_API,REST,Success,,,,2422,SESS-723679739B,REQ-E35638988233,2026-09-14 03:42:54+00:00
EVT-0003061,IF_ORIM_SAPPROC_001,ORACLE_SCM,SAP_ERP,REST_API,REST,Success,,,,2876,SESS-4BECBBF8E8,REQ-8B85E029B631,2026-09-13 04:46:53+00:00
EVT-0003062,IF_ORSC_SAPPP_001,ORACLE_SCM,SAP_ERP,Kafka,Async,Success,,,,1460,SESS-A9D25CC41C,REQ-9D21551E566C,2026-09-13 14:30:30+00:00
EVT-0003063,IF_ORIM_SAPPROC_001,ORACLE_SCM,SAP_ERP,REST_API,REST,Success,,,,2610,SESS-715BD6DCFB,REQ-E689B581336F,2026-09-16 20:32:55+00:00
EVT-0003065,IF_OROM_CRMOM_001,ORACLE_SCM,CRM,REST_API,REST,Success,,,,2588,SESS-CF84A65CD2,REQ-139D2A01B99F,2026-09-11 01:28:13+00:00
EVT-0003068,IF_ORIM_ORWMS_001,ORACLE_SCM,ORACLE_SCM,ESB,Sync,Success,,,,671,SESS-F553EF99B4,REQ-01D9114C011D,2026-09-15 04:50:15+00:00
EVT-0003072,IF_OROM_CRMOM_001,ORACLE_SCM,CRM,REST_API,REST,Success,,,,2259,SESS-9E9CF5DE46,REQ-113967E4C2F7,2026-09-11 20:10:25+00:00
EVT-0003073,IF_ORWMS_OROM_001,ORACLE_SCM,ORACLE_SCM,Kafka,Async,Success,,,,1385,SESS-2008A8C114,REQ-A1DE701DF3BC,2026-09-10 14:13:57+00:00
EVT-0003080,IF_OROM_CRMOM_001,ORACLE_SCM,CRM,REST_API,REST,Success,,,,2340,SESS-7F2252D5AF,REQ-8FF8061272C7,2026-09-12 12:44:09+00:00
EVT-0003081,IF_ORWMS_SAPQM_001,ORACLE_SCM,SAP_ERP,Kafka,Async,Success,,,,2227,SESS-7D11526602,REQ-C4826F274641,2026-09-14 18:40:06+00:00
EVT-0003082,IF_OROM_CRMOM_001,ORACLE_SCM,CRM,REST_API,REST,Success,,,,1769,SESS-8307110741,REQ-C120EAC7ED5E,2026-09-10 16:44:04+00:00
EVT-0003083,IF_ORSC_ORIM_001,ORACLE_SCM,ORACLE_SCM,ESB,Sync,Retry,TIME_004,Downstream response exceeded SLA,Timeout,3712,SESS-5BBA6E3C5A,REQ-4F8B9899B337,2026-09-12 17:27:13+00:00
EVT-0003084,IF_ORIM_MESPE_001,ORACLE_SCM,MES,Kafka,Async,Retry,AUTHZ_403,Caller is not authorized,Authorization,4538,SESS-CF6D32F2EB,REQ-9EA6D5CAFAEB,2026-09-10 08:41:50+00:00
EVT-0003086,IF_ORWMS_SAPQM_001,ORACLE_SCM,SAP_ERP,Kafka,Async,Success,,,,2226,SESS-4EB2B03BDC,REQ-8249D59ADB2F,2026-09-16 21:31:10+00:00
EVT-0003088,IF_ORIM_SAPPROC_001,ORACLE_SCM,SAP_ERP,REST_API,REST,Success,,,,2565,SESS-8884F33E93,REQ-FC7B5C3B8D0F,2026-09-15 19:19:17+00:00
EVT-0003090,IF_ORIM_SAPPROC_001,ORACLE_SCM,SAP_ERP,REST_API,REST,Success,,,,1629,SESS-C4523E3D8D,REQ-661773255DB9,2026-09-10 11:15:14+00:00
EVT-0003097,IF_ORWMS_OROM_001,ORACLE_SCM,ORACLE_SCM,Kafka,Async,Success,,,,1167,SESS-977051316B,REQ-DA69B95E88D1,2026-09-10 18:49:08+00:00
EVT-0003099,IF_ORWMS_OROM_001,ORACLE_SCM,ORACLE_SCM,Kafka,Async,Retry,AUTHZ_403,Caller is not authorized,Authorization,3337,SESS-38D6C67E86,REQ-C9065359CEE0,2026-09-15 20:55:23+00:00
EVT-0003107,IF_ORIM_SAPPROC_001,ORACLE_SCM,SAP_ERP,REST_API,REST,Success,,,,2333,SESS-28E0FF42CC,REQ-A53AB178B892,2026-09-13 08:26:08+00:00
EVT-0003112,IF_ORWMS_OROM_001,ORACLE_SCM,ORACLE_SCM,Kafka,Async,Success,,,,1902,SESS-54F55C821F,REQ-824D9FCECB1F,2026-09-16 08:14:33+00:00
EVT-0003115,IF_OROM_CRMOM_001,ORACLE_SCM,CRM,REST_API,REST,Failed,VAL_400,Required business field failed validation,Validation,7885,SESS-26F1D43EFB,REQ-80E92467B0EF,2026-09-11 04:47:41+00:00
EVT-0003118,IF_ORIM_MESPE_001,ORACLE_SCM,MES,Kafka,Async,Success,,,,1372,SESS-B15D44B536,REQ-E9AB6E70D37A,2026-09-12 23:44:29+00:00
EVT-0003119,IF_ORWMS_OROM_001,ORACLE_SCM,ORACLE_SCM,Kafka,Async,Success,,,,1629,SESS-8532B216DA,REQ-E87A092D0F2F,2026-09-13 18:41:56+00:00
EVT-0003121,IF_OROM_CRMOM_001,ORACLE_SCM,CRM,REST_API,REST,Success,,,,2590,SESS-447E5FE9A3,REQ-27781F8DC1E3,2026-09-14 23:52:04+00:00
EVT-0003122,IF_ORWMS_SAPQM_001,ORACLE_SCM,SAP_ERP,Kafka,Async,Success,,,,2782,SESS-3BD4A8A342,REQ-3301F7DDBFDD,2026-09-13 10:32:55+00:00
EVT-0003126,IF_ORSC_ORIM_001,ORACLE_SCM,ORACLE_SCM,ESB,Sync,Success,,,,2794,SESS-01F1B8D1CC,REQ-5FD0E0F8DC62,2026-09-15 09:37:08+00:00
EVT-0003129,IF_ORWMS_OROM_001,ORACLE_SCM,ORACLE_SCM,Kafka,Async,Success,,,,1271,SESS-7B0E95CAC7,REQ-2FF3820D9677,2026-09-14 02:29:44+00:00
EVT-0003132,IF_ORIM_MESPE_001,ORACLE_SCM,MES,Kafka,Async,Success,,,,1427,SESS-303238C654,REQ-5A8339E89165,2026-09-12 11:53:00+00:00
EVT-0003138,IF_ORIM_SAPPROC_001,ORACLE_SCM,SAP_ERP,REST_API,REST,Retry,VAL_400,Required business field failed validation,Validation,4876,SESS-36EC699BD9,REQ-4FC5DC742A04,2026-09-14 01:47:07+00:00
EVT-0003141,IF_ORWMS_OROM_001,ORACLE_SCM,ORACLE_SCM,Kafka,Async,Retry,NET_CONN_003,Connection reset by peer,Network,4767,SESS-216A395697,REQ-BF117D8764C8,2026-09-14 12:00:10+00:00
EVT-0003150,IF_ORWMS_SAPQM_001,ORACLE_SCM,SAP_ERP,Kafka,Async,Success,,,,1882,SESS-47F6B7B9D1,REQ-CD66A63C9718,2026-09-11 18:48:28+00:00
EVT-0003151,IF_ORWMS_SAPQM_001,ORACLE_SCM,SAP_ERP,Kafka,Async,Retry,VAL_400,Required business field failed validation,Validation,5030,SESS-BE2D2CB1FF,REQ-BCA4CFAB5EBE,2026-09-16 17:52:15+00:00
EVT-0003154,IF_ORIM_ORWMS_001,ORACLE_SCM,ORACLE_SCM,ESB,Sync,Success,,,,740,SESS-A42EA0D5DE,REQ-2227BCBEA2AD,2026-09-14 13:06:11+00:00
EVT-0003161,IF_ORSC_SAPPP_001,ORACLE_SCM,SAP_ERP,Kafka,Async,Success,,,,1441,SESS-E06DCA55ED,REQ-F06217A4EEF4,2026-09-14 14:26:33+00:00
EVT-0003167,IF_OROM_CRMOM_001,ORACLE_SCM,CRM,REST_API,REST,Success,,,,2707,SESS-2E8B9290A4,REQ-B6731AC1203E,2026-09-13 21:21:47+00:00
EVT-0003169,IF_ORSC_SAPPP_001,ORACLE_SCM,SAP_ERP,Kafka,Async,Success,,,,1641,SESS-0AD9371ECC,REQ-652294995D47,2026-09-15 21:43:19+00:00
EVT-0003174,IF_ORSC_SAPPP_001,ORACLE_SCM,SAP_ERP,Kafka,Async,Success,,,,1312,SESS-DA1764AD47,REQ-F4218E296ABE,2026-09-12 08:09:28+00:00
EVT-0003175,IF_OROM_CRMOM_001,ORACLE_SCM,CRM,REST_API,REST,Success,,,,2459,SESS-17C64EEECA,REQ-7980B3D17ADD,2026-09-12 08:31:39+00:00
EVT-0003177,IF_OROM_CRMOM_001,ORACLE_SCM,CRM,REST_API,REST,Success,,,,2426,SESS-3089D21FF7,REQ-1FAC449EB397,2026-09-13 09:35:59+00:00
EVT-0003179,IF_ORSC_ORIM_001,ORACLE_SCM,ORACLE_SCM,ESB,Sync,Retry,DB_COMMIT_014,Transaction commit failed,Database,7125,SESS-06592790C3,REQ-9222B70B91DE,2026-09-13 12:09:56+00:00
EVT-0003180,IF_ORIM_ORWMS_001,ORACLE_SCM,ORACLE_SCM,ESB,Sync,Success,,,,658,SESS-F04500C2C5,REQ-ADCC746420BB,2026-09-15 15:16:14+00:00
EVT-0003181,IF_ORSC_ORIM_001,ORACLE_SCM,ORACLE_SCM,ESB,Sync,Success,,,,2470,SESS-9A01102D65,REQ-431895165B92,2026-09-11 01:12:18+00:00
EVT-0003191,IF_OROM_CRMOM_001,ORACLE_SCM,CRM,REST_API,REST,Success,,,,1867,SESS-0037F49177,REQ-4A188AC9F5E3,2026-09-15 16:02:18+00:00
EVT-0003194,IF_ORIM_SAPPROC_001,ORACLE_SCM,SAP_ERP,REST_API,REST,Success,,,,2201,SESS-D455B0A80B,REQ-3B925C40E503,2026-09-16 19:23:33+00:00
EVT-0003197,IF_ORSC_SAPPP_001,ORACLE_SCM,SAP_ERP,Kafka,Async,Success,,,,2208,SESS-4C33AE4E99,REQ-612FDF91238C,2026-09-15 01:35:26+00:00
EVT-0003203,IF_ORSC_SAPPP_001,ORACLE_SCM,SAP_ERP,Kafka,Async,Success,,,,1752,SESS-AC22D69BEF,REQ-8CD3AE95ADFC,2026-09-14 13:10:26+00:00
EVT-0003208,IF_ORIM_SAPPROC_001,ORACLE_SCM,SAP_ERP,REST_API,REST,Success,,,,1576,SESS-9C093FDBCF,REQ-DC0EFF041FF3,2026-09-15 00:40:50+00:00
EVT-0003211,IF_ORWMS_SAPQM_001,ORACLE_SCM,SAP_ERP,Kafka,Async,Success,,,,2617,SESS-2C4FDC3B46,REQ-5BE505B2262B,2026-09-12 04:00:30+00:00
EVT-0003214,IF_ORIM_ORWMS_001,ORACLE_SCM,ORACLE_SCM,ESB,Sync,Retry,INFRA_008,Runtime node unavailable,Infrastructure,2431,SESS-E71D2D71DA,REQ-B2A6815DFB1C,2026-09-14 00:20:24+00:00
EVT-0003235,IF_OROM_CRMOM_001,ORACLE_SCM,CRM,REST_API,REST,Success,,,,2386,SESS-98FA67E1FB,REQ-76F20CE4F385,2026-09-11 03:27:57+00:00
EVT-0003237,IF_ORIM_MESPE_001,ORACLE_SCM,MES,Kafka,Async,Failed,CAP_003,Downstream service is at capacity,Capacity,2436,SESS-A1FFD373AD,REQ-DD78CC0152FB,2026-09-13 19:23:29+00:00
EVT-0003238,IF_ORWMS_OROM_001,ORACLE_SCM,ORACLE_SCM,Kafka,Async,Success,,,,857,SESS-591C31403A,REQ-0CAF2357864A,2026-09-11 13:17:47+00:00
EVT-0003240,IF_ORIM_SAPPROC_001,ORACLE_SCM,SAP_ERP,REST_API,REST,Success,,,,2569,SESS-D916D08179,REQ-7B5786E3B8BD,2026-09-14 22:58:33+00:00
EVT-0003246,IF_OROM_CRMOM_001,ORACLE_SCM,CRM,REST_API,REST,Success,,,,1636,SESS-9210994901,REQ-34CED0A0C837,2026-09-14 21:11:57+00:00
EVT-0003250,IF_ORIM_ORWMS_001,ORACLE_SCM,ORACLE_SCM,ESB,Sync,Success,,,,699,SESS-C50ED9BA16,REQ-9E9C48300565,2026-09-10 09:25:05+00:00
EVT-0003265,IF_ORSC_ORIM_001,ORACLE_SCM,ORACLE_SCM,ESB,Sync,Success,,,,1575,SESS-E7EE500BA3,REQ-4072F36660B6,2026-09-15 20:11:51+00:00
EVT-0003269,IF_ORWMS_SAPQM_001,ORACLE_SCM,SAP_ERP,Kafka,Async,Success,,,,1619,SESS-FB713D5E19,REQ-A3EC10BE8CAB,2026-09-16 21:43:10+00:00
EVT-0003270,IF_OROM_CRMOM_001,ORACLE_SCM,CRM,REST_API,REST,Retry,AUTHZ_403,Caller is not authorized,Authorization,5096,SESS-F81AA82530,REQ-63F166C7D2AA,2026-09-16 03:39:43+00:00
EVT-0003274,IF_ORWMS_OROM_001,ORACLE_SCM,ORACLE_SCM,Kafka,Async,Success,,,,1675,SESS-D332189F45,REQ-35F39663FFBF,2026-09-12 05:40:15+00:00
EVT-0003275,IF_OROM_CRMOM_001,ORACLE_SCM,CRM,REST_API,REST,Success,,,,3187,SESS-FF226B1D4A,REQ-4D1686268294,2026-09-13 02:43:04+00:00
EVT-0003276,IF_ORIM_SAPPROC_001,ORACLE_SCM,SAP_ERP,REST_API,REST,Success,,,,1557,SESS-BEB4AA9307,REQ-B7D70F530969,2026-09-12 10:11:51+00:00
EVT-0003280,IF_ORSC_ORIM_001,ORACLE_SCM,ORACLE_SCM,ESB,Sync,Success,,,,1814,SESS-0362E90101,REQ-B97711DC0640,2026-09-13 07:36:40+00:00
EVT-0003284,IF_ORSC_ORIM_001,ORACLE_SCM,ORACLE_SCM,ESB,Sync,Success,,,,2797,SESS-74340C377B,REQ-2FCB3D3A7670,2026-09-11 22:42:49+00:00
EVT-0003286,IF_ORIM_SAPPROC_001,ORACLE_SCM,SAP_ERP,REST_API,REST,Success,,,,2715,SESS-98B400D138,REQ-7FE86CA1F8B9,2026-09-13 00:11:35+00:00
EVT-0003287,IF_ORWMS_OROM_001,ORACLE_SCM,ORACLE_SCM,Kafka,Async,Success,,,,1790,SESS-E86D7F71AB,REQ-B4FE5CB38693,2026-09-15 23:11:24+00:00
EVT-0003288,IF_ORSC_ORIM_001,ORACLE_SCM,ORACLE_SCM,ESB,Sync,Success,,,,2310,SESS-906E425C00,REQ-637E573059B6,2026-09-14 10:50:09+00:00
EVT-0003299,IF_ORSC_SAPPP_001,ORACLE_SCM,SAP_ERP,Kafka,Async,Success,,,,1186,SESS-D282E86A46,REQ-FE0CE358BACC,2026-09-12 14:55:52+00:00
EVT-0003300,IF_ORIM_MESPE_001,ORACLE_SCM,MES,Kafka,Async,Success,,,,1034,SESS-DB3EA768F5,REQ-DC7C3CAC5FFA,2026-09-12 03:52:54+00:00
EVT-0003309,IF_ORSC_ORIM_001,ORACLE_SCM,ORACLE_SCM,ESB,Sync,Success,,,,1766,SESS-073E937338,REQ-23F4D22EAE6A,2026-09-13 04:00:38+00:00
EVT-0003316,IF_ORSC_ORIM_001,ORACLE_SCM,ORACLE_SCM,ESB,Sync,Success,,,,1906,SESS-596C96A844,REQ-E46D84EDE246,2026-09-10 06:52:40+00:00
EVT-0003319,IF_ORIM_SAPPROC_001,ORACLE_SCM,SAP_ERP,REST_API,REST,Success,,,,2384,SESS-8F5A99862D,REQ-CC7B5F19E6AD,2026-09-12 03:39:24+00:00
EVT-0003320,IF_ORWMS_SAPQM_001,ORACLE_SCM,SAP_ERP,Kafka,Async,Success,,,,2028,SESS-781762319C,REQ-679EA8F78CC0,2026-09-12 12:54:59+00:00
EVT-0003324,IF_ORSC_ORIM_001,ORACLE_SCM,ORACLE_SCM,ESB,Sync,Success,,,,2935,SESS-03E32C5396,REQ-D36E7D47A7B9,2026-09-16 07:24:42+00:00
EVT-0003327,IF_ORSC_ORIM_001,ORACLE_SCM,ORACLE_SCM,ESB,Sync,Success,,,,2387,SESS-4971C2BC5F,REQ-19946A3CFF0F,2026-09-10 22:42:26+00:00
EVT-0003330,IF_ORSC_ORIM_001,ORACLE_SCM,ORACLE_SCM,ESB,Sync,Success,,,,3263,SESS-D63C606E7F,REQ-9503C6682026,2026-09-15 12:37:24+00:00
EVT-0003336,IF_ORIM_SAPPROC_001,ORACLE_SCM,SAP_ERP,REST_API,REST,Success,,,,2090,SESS-6CDF9B6EDA,REQ-DA73735A7B2F,2026-09-16 14:40:08+00:00
EVT-0003337,IF_ORSC_ORIM_001,ORACLE_SCM,ORACLE_SCM,ESB,Sync,Failed,AUTHZ_403,Caller is not authorized,Authorization,12354,SESS-11FF41D754,REQ-86C674614A09,2026-09-11 08:12:41+00:00
EVT-0003343,IF_ORWMS_OROM_001,ORACLE_SCM,ORACLE_SCM,Kafka,Async,Success,,,,1421,SESS-490F194E50,REQ-FB27FD395822,2026-09-16 15:17:02+00:00
EVT-0003346,IF_ORIM_SAPPROC_001,ORACLE_SCM,SAP_ERP,REST_API,REST,Success,,,,2342,SESS-816E2A770A,REQ-D8E417EBFE94,2026-09-11 19:44:17+00:00
EVT-0003347,IF_ORSC_ORIM_001,ORACLE_SCM,ORACLE_SCM,ESB,Sync,Retry,CFG_017,Interface configuration mismatch,Configuration,6422,SESS-8178ABC5DD,REQ-ED0F4F15D562,2026-09-12 03:40:47+00:00
EVT-0003349,IF_ORSC_ORIM_001,ORACLE_SCM,ORACLE_SCM,ESB,Sync,Success,,,,1722,SESS-DDF2EAA8C0,REQ-3E87FDCD09C2,2026-09-16 04:48:06+00:00
EVT-0003355,IF_ORSC_SAPPP_001,ORACLE_SCM,SAP_ERP,Kafka,Async,Failed,AUTHZ_403,Caller is not authorized,Authorization,9366,SESS-0151B6819D,REQ-3E7DD962C53C,2026-09-12 00:06:58+00:00
EVT-0003362,IF_ORSC_ORIM_001,ORACLE_SCM,ORACLE_SCM,ESB,Sync,Success,,,,2364,SESS-B5DFCC6C1D,REQ-1BFCA6105310,2026-09-15 21:23:17+00:00
EVT-0003363,IF_ORSC_SAPPP_001,ORACLE_SCM,SAP_ERP,Kafka,Async,Success,,,,1412,SESS-BF931FAA2B,REQ-9204263D9320,2026-09-16 15:05:35+00:00
EVT-0003365,IF_ORIM_MESPE_001,ORACLE_SCM,MES,Kafka,Async,Success,,,,1652,SESS-A0A6EB606A,REQ-8BBF0DB78023,2026-09-13 19:30:21+00:00
EVT-0003369,IF_ORWMS_SAPQM_001,ORACLE_SCM,SAP_ERP,Kafka,Async,Success,,,,1956,SESS-DD1992DFAE,REQ-0C9DFAF6F4C5,2026-09-14 02:39:12+00:00
EVT-0003370,IF_OROM_CRMOM_001,ORACLE_SCM,CRM,REST_API,REST,Success,,,,1937,SESS-C8DAF0B7BA,REQ-6E41BEC4F78F,2026-09-11 22:08:37+00:00
EVT-0003372,IF_ORIM_SAPPROC_001,ORACLE_SCM,SAP_ERP,REST_API,REST,Success,,,,3391,SESS-C20CF62C6D,REQ-EC119A081231,2026-09-11 13:36:11+00:00
EVT-0003380,IF_ORIM_ORWMS_001,ORACLE_SCM,ORACLE_SCM,ESB,Sync,Success,,,,1021,SESS-4E14A38660,REQ-02C7417316E4,2026-09-10 18:40:21+00:00
EVT-0003381,IF_ORWMS_SAPQM_001,ORACLE_SCM,SAP_ERP,Kafka,Async,Retry,EXT_502,Downstream service returned 502,External Service,5071,SESS-50625ABC6C,REQ-3CBC10822A67,2026-09-16 18:59:31+00:00
EVT-0003383,IF_ORSC_ORIM_001,ORACLE_SCM,ORACLE_SCM,ESB,Sync,Success,,,,2283,SESS-3ED4BFD2A9,REQ-2231A10BC4FA,2026-09-13 17:10:37+00:00
EVT-0003390,IF_ORWMS_OROM_001,ORACLE_SCM,ORACLE_SCM,Kafka,Async,Success,,,,1412,SESS-FA13C5BDC8,REQ-C69975BFBEB4,2026-09-13 05:36:27+00:00
EVT-0003394,IF_ORSC_SAPPP_001,ORACLE_SCM,SAP_ERP,Kafka,Async,Success,,,,1403,SESS-5C4AF527A0,REQ-0B0E0CDD04C4,2026-09-12 19:01:19+00:00
EVT-0003398,IF_OROM_CRMOM_001,ORACLE_SCM,CRM,REST_API,REST,Success,,,,1377,SESS-8DAD403D84,REQ-4892BEA9FBF4,2026-09-10 22:17:25+00:00
EVT-0003400,IF_ORSC_ORIM_001,ORACLE_SCM,ORACLE_SCM,ESB,Sync,Success,,,,2872,SESS-DE7C4573B6,REQ-CF786D41115A,2026-09-10 21:36:32+00:00
EVT-0003403,IF_ORWMS_OROM_001,ORACLE_SCM,ORACLE_SCM,Kafka,Async,Retry,DB_COMMIT_014,Transaction commit failed,Database,5398,SESS-551E7EA71C,REQ-715295AD6D77,2026-09-10 03:50:50+00:00
EVT-0003408,IF_ORSC_SAPPP_001,ORACLE_SCM,SAP_ERP,Kafka,Async,Success,,,,1399,SESS-89BA3A3004,REQ-3C3194F895DD,2026-09-10 03:32:20+00:00
EVT-0003414,IF_OROM_CRMOM_001,ORACLE_SCM,CRM,REST_API,REST,Success,,,,2181,SESS-614B77AA1A,REQ-6C71F6BEC785,2026-09-15 20:16:43+00:00
EVT-0003417,IF_ORSC_SAPPP_001,ORACLE_SCM,SAP_ERP,Kafka,Async,Success,,,,1564,SESS-12C51C8755,REQ-DAC2F2BA71DA,2026-09-10 23:30:47+00:00
EVT-0003418,IF_ORIM_ORWMS_001,ORACLE_SCM,ORACLE_SCM,ESB,Sync,Success,,,,515,SESS-7714BC4F34,REQ-6BB0A5D59653,2026-09-15 07:38:52+00:00
EVT-0003419,IF_ORWMS_SAPQM_001,ORACLE_SCM,SAP_ERP,Kafka,Async,Success,,,,2565,SESS-0AD28A5732,REQ-758D3D2E58D6,2026-09-12 20:16:14+00:00
EVT-0003422,IF_ORIM_ORWMS_001,ORACLE_SCM,ORACLE_SCM,ESB,Sync,Success,,,,1319,SESS-22028A40C2,REQ-595F6107BDAA,2026-09-16 17:51:25+00:00
EVT-0003425,IF_ORIM_SAPPROC_001,ORACLE_SCM,SAP_ERP,REST_API,REST,Success,,,,1664,SESS-14D187EA33,REQ-48654496D66F,2026-09-10 08:37:37+00:00
EVT-0003427,IF_OROM_CRMOM_001,ORACLE_SCM,CRM,REST_API,REST,Success,,,,1291,SESS-11AEC5C7DF,REQ-891DA6FE43FB,2026-09-11 10:36:08+00:00
EVT-0003428,IF_OROM_CRMOM_001,ORACLE_SCM,CRM,REST_API,REST,Retry,CFG_017,Interface configuration mismatch,Configuration,5089,SESS-7677053A43,REQ-D8ACC7D57BEB,2026-09-15 00:27:16+00:00
EVT-0003433,IF_ORIM_SAPPROC_001,ORACLE_SCM,SAP_ERP,REST_API,REST,Success,,,,1869,SESS-4663B9A8F8,REQ-F6C736421554,2026-09-12 07:47:30+00:00
EVT-0003434,IF_ORIM_MESPE_001,ORACLE_SCM,MES,Kafka,Async,Retry,AUTHZ_403,Caller is not authorized,Authorization,4015,SESS-3B050A9630,REQ-F77D043DBD17,2026-09-14 17:45:41+00:00
EVT-0003441,IF_ORIM_ORWMS_001,ORACLE_SCM,ORACLE_SCM,ESB,Sync,Success,,,,580,SESS-582CD69449,REQ-FD35E7C25260,2026-09-12 03:05:42+00:00
EVT-0003443,IF_ORIM_MESPE_001,ORACLE_SCM,MES,Kafka,Async,Retry,AUTHZ_403,Caller is not authorized,Authorization,4474,SESS-76BE2498A1,REQ-39F8F495A271,2026-09-16 10:46:54+00:00
EVT-0003450,IF_ORSC_ORIM_001,ORACLE_SCM,ORACLE_SCM,ESB,Sync,Success,,,,3034,SESS-E9A7B786C2,REQ-6C5807B7DA45,2026-09-15 08:13:18+00:00
EVT-0003454,IF_ORIM_MESPE_001,ORACLE_SCM,MES,Kafka,Async,Success,,,,1022,SESS-D449E69B47,REQ-E0116587A529,2026-09-14 16:59:54+00:00
EVT-0003455,IF_ORSC_SAPPP_001,ORACLE_SCM,SAP_ERP,Kafka,Async,Success,,,,923,SESS-D9BE92983F,REQ-F00928737BCC,2026-09-14 21:56:14+00:00
EVT-0003456,IF_ORWMS_OROM_001,ORACLE_SCM,ORACLE_SCM,Kafka,Async,Failed,CAP_003,Downstream service is at capacity,Capacity,6321,SESS-9AAD6CE7BE,REQ-38504478FD42,2026-09-13 11:13:57+00:00
EVT-0003459,IF_OROM_CRMOM_001,ORACLE_SCM,CRM,REST_API,REST,Success,,,,2103,SESS-78BA18989C,REQ-4D03ACA7BB7D,2026-09-11 05:36:26+00:00
EVT-0003460,IF_ORSC_ORIM_001,ORACLE_SCM,ORACLE_SCM,ESB,Sync,Retry,CAP_003,Downstream service is at capacity,Capacity,7802,SESS-B8136F0447,REQ-F75121B268C3,2026-09-14 07:23:08+00:00
EVT-0003463,IF_OROM_CRMOM_001,ORACLE_SCM,CRM,REST_API,REST,Failed,NET_CONN_003,Connection reset by peer,Network,8239,SESS-FC6FC47109,REQ-7478A949D7BF,2026-09-10 19:32:34+00:00
EVT-0003466,IF_ORIM_ORWMS_001,ORACLE_SCM,ORACLE_SCM,ESB,Sync,Success,,,,979,SESS-72E0D2CC83,REQ-AEE23CA45D66,2026-09-12 09:05:04+00:00
EVT-0003468,IF_ORIM_ORWMS_001,ORACLE_SCM,ORACLE_SCM,ESB,Sync,Failed,VAL_400,Required business field failed validation,Validation,1533,SESS-BC47FC13B0,REQ-DEEB7C7270FA,2026-09-12 01:00:44+00:00
EVT-0003471,IF_ORWMS_OROM_001,ORACLE_SCM,ORACLE_SCM,Kafka,Async,Success,,,,1558,SESS-ED0223B85A,REQ-7387705907D1,2026-09-16 19:13:19+00:00
EVT-0003472,IF_ORWMS_SAPQM_001,ORACLE_SCM,SAP_ERP,Kafka,Async,Success,,,,2693,SESS-9194C94A2C,REQ-675CD80864AD,2026-09-16 02:46:30+00:00
EVT-0003474,IF_ORIM_MESPE_001,ORACLE_SCM,MES,Kafka,Async,Success,,,,1064,SESS-682E681C9E,REQ-FB5F97772394,2026-09-10 23:44:04+00:00
EVT-0003475,IF_ORSC_SAPPP_001,ORACLE_SCM,SAP_ERP,Kafka,Async,Success,,,,1448,SESS-4F681A8513,REQ-96656D458074,2026-09-16 15:06:25+00:00
EVT-0003479,IF_ORWMS_OROM_001,ORACLE_SCM,ORACLE_SCM,Kafka,Async,Success,,,,1183,SESS-B0FF2434BE,REQ-5044413AA716,2026-09-15 14:34:43+00:00
EVT-0003483,IF_ORIM_MESPE_001,ORACLE_SCM,MES,Kafka,Async,Retry,AUTH_401,Service credential rejected,Authentication,2208,SESS-0E94AF243A,REQ-1487C7970515,2026-09-16 20:09:38+00:00
EVT-0003484,IF_ORWMS_OROM_001,ORACLE_SCM,ORACLE_SCM,Kafka,Async,Success,,,,1177,SESS-332DCDACBE,REQ-D4DE73FDAED1,2026-09-16 14:07:22+00:00
EVT-0003486,IF_ORSC_SAPPP_001,ORACLE_SCM,SAP_ERP,Kafka,Async,Retry,CFG_017,Interface configuration mismatch,Configuration,3688,SESS-F913B6E5D9,REQ-4569994332D4,2026-09-11 04:40:42+00:00
EVT-0003487,IF_ORSC_ORIM_001,ORACLE_SCM,ORACLE_SCM,ESB,Sync,Success,,,,2309,SESS-7E4681B0C3,REQ-66D48FF8B631,2026-09-15 14:11:41+00:00
EVT-0003488,IF_ORIM_MESPE_001,ORACLE_SCM,MES,Kafka,Async,Success,,,,1511,SESS-B7DDCA078A,REQ-B504644C286C,2026-09-12 22:46:21+00:00
EVT-0003491,IF_ORIM_SAPPROC_001,ORACLE_SCM,SAP_ERP,REST_API,REST,Success,,,,2527,SESS-9A8BE45BA9,REQ-7A6548E33DD1,2026-09-10 07:53:01+00:00
EVT-0003497,IF_ORSC_ORIM_001,ORACLE_SCM,ORACLE_SCM,ESB,Sync,Failed,NET_CONN_003,Connection reset by peer,Network,7071,SESS-D7E90EE6A2,REQ-BBA6C25AEB9E,2026-09-12 14:04:49+00:00
EVT-0003499,IF_OROM_CRMOM_001,ORACLE_SCM,CRM,REST_API,REST,Success,,,,2726,SESS-A6B818BE39,REQ-04BB1DF8551D,2026-09-10 13:07:29+00:00
EVT-0003502,IF_ORIM_MESPE_001,ORACLE_SCM,MES,Kafka,Async,Success,,,,1520,SESS-4A0B068B97,REQ-84C5C576C9A5,2026-09-11 14:59:08+00:00
EVT-0003507,IF_OROM_CRMOM_001,ORACLE_SCM,CRM,REST_API,REST,Success,,,,1879,SESS-C0BACCD406,REQ-A9A821E4AE57,2026-09-13 11:48:22+00:00
EVT-0003510,IF_ORSC_ORIM_001,ORACLE_SCM,ORACLE_SCM,ESB,Sync,Success,,,,2404,SESS-AE47D8EEC3,REQ-E404BA489E24,2026-09-10 11:55:55+00:00
EVT-0003514,IF_ORIM_MESPE_001,ORACLE_SCM,MES,Kafka,Async,Success,,,,1211,SESS-77577927E9,REQ-6B2BF83F7FED,2026-09-10 03:20:34+00:00
EVT-0003518,IF_ORSC_ORIM_001,ORACLE_SCM,ORACLE_SCM,ESB,Sync,Retry,TIME_004,Downstream response exceeded SLA,Timeout,6566,SESS-B73866572F,REQ-80AECA53A40D,2026-09-14 01:34:41+00:00
EVT-0003519,IF_ORSC_ORIM_001,ORACLE_SCM,ORACLE_SCM,ESB,Sync,Success,,,,2778,SESS-6DDA8BA5FE,REQ-1D07EDD31CA1,2026-09-11 11:18:21+00:00
EVT-0003521,IF_ORWMS_SAPQM_001,ORACLE_SCM,SAP_ERP,Kafka,Async,Success,,,,1942,SESS-29866A79E7,REQ-A1CF1C7CD8EE,2026-09-10 08:08:00+00:00
EVT-0003524,IF_OROM_CRMOM_001,ORACLE_SCM,CRM,REST_API,REST,Success,,,,2242,SESS-B62A54BDAE,REQ-5137BDE5264C,2026-09-15 16:24:29+00:00
EVT-0003525,IF_ORWMS_OROM_001,ORACLE_SCM,ORACLE_SCM,Kafka,Async,Success,,,,2118,SESS-002DCD7E9D,REQ-C98E704258BE,2026-09-10 01:24:39+00:00
EVT-0003526,IF_ORSC_SAPPP_001,ORACLE_SCM,SAP_ERP,Kafka,Async,Retry,AUTH_401,Service credential rejected,Authentication,3900,SESS-7EB6B32315,REQ-A183A0BD02BD,2026-09-10 16:27:30+00:00
EVT-0003528,IF_ORWMS_OROM_001,ORACLE_SCM,ORACLE_SCM,Kafka,Async,Success,,,,865,SESS-0F3C50008B,REQ-E5C114589ECD,2026-09-16 21:32:25+00:00
EVT-0003534,IF_ORIM_ORWMS_001,ORACLE_SCM,ORACLE_SCM,ESB,Sync,Success,,,,1156,SESS-88C8B14F1D,REQ-FFD27104AF88,2026-09-13 03:22:40+00:00
EVT-0003540,IF_ORWMS_SAPQM_001,ORACLE_SCM,SAP_ERP,Kafka,Async,Success,,,,2501,SESS-6C252F7DCC,REQ-B05FA9CD63EF,2026-09-10 16:39:51+00:00
EVT-0003541,IF_ORSC_SAPPP_001,ORACLE_SCM,SAP_ERP,Kafka,Async,Success,,,,1406,SESS-673C32000F,REQ-4F9242D638A3,2026-09-10 10:54:34+00:00
EVT-0003551,IF_ORSC_SAPPP_001,ORACLE_SCM,SAP_ERP,Kafka,Async,Success,,,,1624,SESS-FC53F411AE,REQ-B3039F1ED604,2026-09-16 13:10:43+00:00
EVT-0003556,IF_ORIM_MESPE_001,ORACLE_SCM,MES,Kafka,Async,Success,,,,1056,SESS-59C9970748,REQ-8C79E51AD33B,2026-09-10 19:01:03+00:00
EVT-0003557,IF_ORSC_ORIM_001,ORACLE_SCM,ORACLE_SCM,ESB,Sync,Retry,EXT_502,Downstream service returned 502,External Service,7320,SESS-10597EBA76,REQ-1ABDC95770EE,2026-09-13 22:13:16+00:00
EVT-0003564,IF_ORIM_MESPE_001,ORACLE_SCM,MES,Kafka,Async,Success,,,,1132,SESS-36265A48AD,REQ-06AF20A03924,2026-09-13 08:50:09+00:00
EVT-0003572,IF_ORIM_SAPPROC_001,ORACLE_SCM,SAP_ERP,REST_API,REST,Success,,,,2577,SESS-79ED24FB8B,REQ-993815EA3D71,2026-09-13 04:59:10+00:00
EVT-0003573,IF_ORIM_ORWMS_001,ORACLE_SCM,ORACLE_SCM,ESB,Sync,Success,,,,1274,SESS-272721C457,REQ-637F2759B369,2026-09-11 04:03:49+00:00
EVT-0003575,IF_ORIM_MESPE_001,ORACLE_SCM,MES,Kafka,Async,Success,,,,1228,SESS-02B0282041,REQ-7D7BFA2BA614,2026-09-13 12:27:04+00:00
EVT-0003582,IF_ORWMS_OROM_001,ORACLE_SCM,ORACLE_SCM,Kafka,Async,Success,,,,948,SESS-A88DCF2F65,REQ-2736EC9CAD35,2026-09-15 00:27:35+00:00
EVT-0003584,IF_ORIM_MESPE_001,ORACLE_SCM,MES,Kafka,Async,Success,,,,1509,SESS-D8EF62FA75,REQ-4DA17741B9CC,2026-09-10 17:49:27+00:00
EVT-0003585,IF_ORIM_ORWMS_001,ORACLE_SCM,ORACLE_SCM,ESB,Sync,Success,,,,937,SESS-398145FAA1,REQ-23FA9EAC631A,2026-09-10 07:30:59+00:00
EVT-0003587,IF_ORIM_MESPE_001,ORACLE_SCM,MES,Kafka,Async,Failed,AUTH_401,Service credential rejected,Authentication,4587,SESS-15D40018B0,REQ-B51F8AB5946E,2026-09-13 21:59:34+00:00
EVT-0003600,IF_ORSC_ORIM_001,ORACLE_SCM,ORACLE_SCM,ESB,Sync,Success,,,,3242,SESS-FEFCB21233,REQ-16D71C3B34DC,2026-09-15 13:53:40+00:00
EVT-0003603,IF_ORIM_SAPPROC_001,ORACLE_SCM,SAP_ERP,REST_API,REST,Success,,,,2303,SESS-DC6B979E2C,REQ-B514D6E221BF,2026-09-13 01:52:22+00:00
EVT-0003605,IF_ORIM_MESPE_001,ORACLE_SCM,MES,Kafka,Async,Success,,,,1138,SESS-C34EEE77DA,REQ-4BE85C856216,2026-09-12 15:20:06+00:00
EVT-0003608,IF_ORSC_ORIM_001,ORACLE_SCM,ORACLE_SCM,ESB,Sync,Success,,,,2772,SESS-905DE9A2BC,REQ-7D7986F3FC12,2026-09-15 19:01:54+00:00
EVT-0003614,IF_OROM_CRMOM_001,ORACLE_SCM,CRM,REST_API,REST,Success,,,,3034,SESS-D403A03915,REQ-11355203D7B8,2026-09-16 13:34:08+00:00
EVT-0003619,IF_ORIM_ORWMS_001,ORACLE_SCM,ORACLE_SCM,ESB,Sync,Success,,,,1104,SESS-BA15129A22,REQ-933604A81D8A,2026-09-14 06:06:35+00:00
EVT-0003621,IF_ORSC_ORIM_001,ORACLE_SCM,ORACLE_SCM,ESB,Sync,Success,,,,2570,SESS-8DA7F597F4,REQ-3489C6BB83AE,2026-09-13 15:20:25+00:00
EVT-0003623,IF_ORIM_SAPPROC_001,ORACLE_SCM,SAP_ERP,REST_API,REST,Success,,,,2031,SESS-AA0AE67E22,REQ-2E62093BA862,2026-09-13 16:39:21+00:00
EVT-0003625,IF_ORWMS_OROM_001,ORACLE_SCM,ORACLE_SCM,Kafka,Async,Success,,,,1621,SESS-D61D0E9A08,REQ-B62706E8689A,2026-09-13 11:03:00+00:00
EVT-0003627,IF_ORWMS_OROM_001,ORACLE_SCM,ORACLE_SCM,Kafka,Async,Failed,CAP_003,Downstream service is at capacity,Capacity,7139,SESS-3EE864ACAB,REQ-C1007B5F507B,2026-09-14 21:42:57+00:00
EVT-0003630,IF_ORIM_ORWMS_001,ORACLE_SCM,ORACLE_SCM,ESB,Sync,Success,,,,753,SESS-BD7B6934DB,REQ-2A3EB3B02D52,2026-09-10 13:42:51+00:00
EVT-0003631,IF_ORIM_MESPE_001,ORACLE_SCM,MES,Kafka,Async,Success,,,,1058,SESS-FD38147552,REQ-703695C8BDA5,2026-09-15 10:47:29+00:00
EVT-0003638,IF_ORIM_MESPE_001,ORACLE_SCM,MES,Kafka,Async,Success,,,,1136,SESS-816BC3DA20,REQ-BD00324607F8,2026-09-14 22:56:48+00:00
EVT-0003640,IF_ORSC_SAPPP_001,ORACLE_SCM,SAP_ERP,Kafka,Async,Retry,TIME_004,Downstream response exceeded SLA,Timeout,3848,SESS-A30D490424,REQ-6BBF99DA25F6,2026-09-15 12:57:18+00:00
EVT-0003641,IF_ORSC_ORIM_001,ORACLE_SCM,ORACLE_SCM,ESB,Sync,Success,,,,3040,SESS-B5479A59BE,REQ-8239E42BCBA1,2026-09-13 03:26:55+00:00
EVT-0003647,IF_ORSC_ORIM_001,ORACLE_SCM,ORACLE_SCM,ESB,Sync,Success,,,,2927,SESS-17C186DC43,REQ-4A0A3AF33561,2026-09-15 23:22:45+00:00
EVT-0003653,IF_ORIM_MESPE_001,ORACLE_SCM,MES,Kafka,Async,Success,,,,967,SESS-83C7A70296,REQ-8AF888175857,2026-09-15 23:08:07+00:00
EVT-0003658,IF_OROM_CRMOM_001,ORACLE_SCM,CRM,REST_API,REST,Success,,,,2285,SESS-384DCB0DAF,REQ-9C8A58489B40,2026-09-12 23:08:03+00:00
EVT-0003659,IF_ORIM_MESPE_001,ORACLE_SCM,MES,Kafka,Async,Success,,,,1712,SESS-6CC40CFB81,REQ-26B9E8428623,2026-09-15 09:58:23+00:00
EVT-0003660,IF_ORSC_ORIM_001,ORACLE_SCM,ORACLE_SCM,ESB,Sync,Success,,,,2887,SESS-5D25EFD88D,REQ-61AF5341EF9D,2026-09-15 00:57:37+00:00
EVT-0003661,IF_ORWMS_SAPQM_001,ORACLE_SCM,SAP_ERP,Kafka,Async,Retry,NET_CONN_003,Connection reset by peer,Network,7019,SESS-299ED1FA9B,REQ-9871127349D4,2026-09-13 04:56:27+00:00
EVT-0003663,IF_OROM_CRMOM_001,ORACLE_SCM,CRM,REST_API,REST,Success,,,,1518,SESS-30C2403AC4,REQ-9CB701024364,2026-09-10 11:41:32+00:00
EVT-0003664,IF_ORIM_MESPE_001,ORACLE_SCM,MES,Kafka,Async,Success,,,,1524,SESS-2FBDBFB91B,REQ-B6326E57901E,2026-09-14 17:57:48+00:00
EVT-0003670,IF_ORWMS_OROM_001,ORACLE_SCM,ORACLE_SCM,Kafka,Async,Success,,,,1547,SESS-42C92B95CD,REQ-D447FBFA2175,2026-09-12 04:49:29+00:00
EVT-0003675,IF_ORWMS_SAPQM_001,ORACLE_SCM,SAP_ERP,Kafka,Async,Success,,,,2474,SESS-8039B403C9,REQ-9150C650F35D,2026-09-12 10:35:09+00:00
EVT-0003676,IF_OROM_CRMOM_001,ORACLE_SCM,CRM,REST_API,REST,Success,,,,2817,SESS-08FFB36458,REQ-3CB286781D51,2026-09-10 15:36:01+00:00
EVT-0003680,IF_ORIM_MESPE_001,ORACLE_SCM,MES,Kafka,Async,Success,,,,1115,SESS-DA9D2561CB,REQ-6B79FB51B065,2026-09-13 07:08:02+00:00
EVT-0003684,IF_ORSC_ORIM_001,ORACLE_SCM,ORACLE_SCM,ESB,Sync,Success,,,,2090,SESS-324C4C6029,REQ-49EE72ABD07B,2026-09-10 07:22:46+00:00
EVT-0003687,IF_ORIM_ORWMS_001,ORACLE_SCM,ORACLE_SCM,ESB,Sync,Success,,,,924,SESS-CCC5E940E9,REQ-67EFE92307D8,2026-09-13 09:14:38+00:00
EVT-0003689,IF_OROM_CRMOM_001,ORACLE_SCM,CRM,REST_API,REST,Success,,,,2019,SESS-5FF3E6DD08,REQ-66B277E2B1CF,2026-09-12 19:56:28+00:00
EVT-0003692,IF_ORSC_SAPPP_001,ORACLE_SCM,SAP_ERP,Kafka,Async,Retry,CFG_017,Interface configuration mismatch,Configuration,2692,SESS-A9CBE9AD57,REQ-E5CE5FB2EA1E,2026-09-13 18:09:26+00:00
EVT-0003694,IF_ORWMS_OROM_001,ORACLE_SCM,ORACLE_SCM,Kafka,Async,Success,,,,1123,SESS-C713CBF1EF,REQ-B2D3250D16CE,2026-09-12 09:38:20+00:00
EVT-0003699,IF_ORSC_ORIM_001,ORACLE_SCM,ORACLE_SCM,ESB,Sync,Success,,,,2453,SESS-3231982887,REQ-B8EB2DFFBF30,2026-09-15 20:52:38+00:00
EVT-0003700,IF_ORWMS_SAPQM_001,ORACLE_SCM,SAP_ERP,Kafka,Async,Success,,,,1810,SESS-025DCB09FF,REQ-D72D73F43E60,2026-09-10 13:30:33+00:00
EVT-0003707,IF_ORWMS_OROM_001,ORACLE_SCM,ORACLE_SCM,Kafka,Async,Success,,,,1315,SESS-F7D3FE3AFD,REQ-6B56CBC280BE,2026-09-13 22:07:59+00:00
EVT-0003709,IF_ORWMS_OROM_001,ORACLE_SCM,ORACLE_SCM,Kafka,Async,Success,,,,1526,SESS-5727DE5EC7,REQ-749DC3453BDF,2026-09-12 02:08:58+00:00
EVT-0003711,IF_ORIM_ORWMS_001,ORACLE_SCM,ORACLE_SCM,ESB,Sync,Success,,,,916,SESS-22D6611387,REQ-87F4F4F542E3,2026-09-12 00:46:59+00:00
EVT-0003714,IF_ORSC_SAPPP_001,ORACLE_SCM,SAP_ERP,Kafka,Async,Success,,,,1597,SESS-6FC63B4C0E,REQ-D76654465722,2026-09-16 20:23:04+00:00
EVT-0003715,IF_ORIM_ORWMS_001,ORACLE_SCM,ORACLE_SCM,ESB,Sync,Success,,,,412,SESS-F2F69026BC,REQ-9FB420AB5EA0,2026-09-12 06:05:17+00:00
EVT-0003719,IF_ORWMS_OROM_001,ORACLE_SCM,ORACLE_SCM,Kafka,Async,Success,,,,1248,SESS-791F0A127D,REQ-4C27B169342E,2026-09-15 10:13:17+00:00
EVT-0003724,IF_ORIM_ORWMS_001,ORACLE_SCM,ORACLE_SCM,ESB,Sync,Success,,,,864,SESS-FC51372D5E,REQ-CA2F37D8E660,2026-09-10 06:36:17+00:00
EVT-0003729,IF_ORSC_ORIM_001,ORACLE_SCM,ORACLE_SCM,ESB,Sync,Success,,,,2292,SESS-A5A6525A27,REQ-2361D5F8210C,2026-09-10 07:14:41+00:00
EVT-0003733,IF_ORWMS_OROM_001,ORACLE_SCM,ORACLE_SCM,Kafka,Async,Success,,,,947,SESS-0ABB8C953D,REQ-DB788C822E72,2026-09-12 10:39:06+00:00
EVT-0003734,IF_ORSC_SAPPP_001,ORACLE_SCM,SAP_ERP,Kafka,Async,Success,,,,1620,SESS-8BED3B0371,REQ-AB0D541EFF48,2026-09-13 02:03:11+00:00
EVT-0003739,IF_ORIM_MESPE_001,ORACLE_SCM,MES,Kafka,Async,Success,,,,1788,SESS-649230ECD2,REQ-00A275156AE9,2026-09-15 01:49:13+00:00
EVT-0003742,IF_ORSC_SAPPP_001,ORACLE_SCM,SAP_ERP,Kafka,Async,Retry,INFRA_008,Runtime node unavailable,Infrastructure,2869,SESS-B812C7EE7B,REQ-FAC9D8959426,2026-09-12 20:26:39+00:00
EVT-0003744,IF_ORIM_SAPPROC_001,ORACLE_SCM,SAP_ERP,REST_API,REST,Success,,,,2394,SESS-61BFC96195,REQ-A966CE5B785D,2026-09-10 01:56:42+00:00
EVT-0003752,IF_ORIM_ORWMS_001,ORACLE_SCM,ORACLE_SCM,ESB,Sync,Success,,,,1154,SESS-499E4319AF,REQ-EAA4EAF87FE5,2026-09-14 14:05:01+00:00
EVT-0003753,IF_ORIM_SAPPROC_001,ORACLE_SCM,SAP_ERP,REST_API,REST,Success,,,,1756,SESS-38FE3C2062,REQ-B1A3B63FBFFD,2026-09-16 21:53:50+00:00
EVT-0003759,IF_ORWMS_OROM_001,ORACLE_SCM,ORACLE_SCM,Kafka,Async,Retry,AUTHZ_403,Caller is not authorized,Authorization,5374,SESS-5F020BAD3B,REQ-97E1A78E4D44,2026-09-15 21:45:56+00:00
EVT-0003762,IF_ORWMS_OROM_001,ORACLE_SCM,ORACLE_SCM,Kafka,Async,Success,,,,1259,SESS-D45B4E0FFF,REQ-98E86B5603E3,2026-09-13 07:44:06+00:00
EVT-0003766,IF_ORIM_MESPE_001,ORACLE_SCM,MES,Kafka,Async,Success,,,,1611,SESS-A44E991F5D,REQ-E3874A1E025B,2026-09-13 11:28:22+00:00
EVT-0003775,IF_OROM_CRMOM_001,ORACLE_SCM,CRM,REST_API,REST,Success,,,,2565,SESS-A65BC89C53,REQ-F1BBFBF33F17,2026-09-12 01:14:49+00:00
EVT-0003776,IF_OROM_CRMOM_001,ORACLE_SCM,CRM,REST_API,REST,Failed,EXT_502,Downstream service returned 502,External Service,14600,SESS-A9AEF517F9,REQ-1FAB03DCFD60,2026-09-16 12:24:19+00:00
EVT-0003779,IF_ORSC_ORIM_001,ORACLE_SCM,ORACLE_SCM,ESB,Sync,Retry,AUTHZ_403,Caller is not authorized,Authorization,6267,SESS-BCD1C588D6,REQ-A285009A15EF,2026-09-14 18:41:43+00:00
EVT-0003782,IF_ORWMS_SAPQM_001,ORACLE_SCM,SAP_ERP,Kafka,Async,Success,,,,2890,SESS-22DFC41A32,REQ-795F7C5A3209,2026-09-14 05:21:24+00:00
EVT-0003783,IF_ORIM_ORWMS_001,ORACLE_SCM,ORACLE_SCM,ESB,Sync,Success,,,,981,SESS-B0FDE1A855,REQ-6FAF7DF6ACDF,2026-09-13 05:09:38+00:00
EVT-0003790,IF_ORWMS_SAPQM_001,ORACLE_SCM,SAP_ERP,Kafka,Async,Success,,,,2595,SESS-0DFADA10D2,REQ-D6433065E66B,2026-09-14 19:55:30+00:00
EVT-0003801,IF_ORIM_ORWMS_001,ORACLE_SCM,ORACLE_SCM,ESB,Sync,Retry,AUTHZ_403,Caller is not authorized,Authorization,1637,SESS-6576991EA1,REQ-57964164BFF9,2026-09-10 14:56:37+00:00
EVT-0003803,IF_ORWMS_SAPQM_001,ORACLE_SCM,SAP_ERP,Kafka,Async,Retry,NET_CONN_003,Connection reset by peer,Network,3626,SESS-6F47397E07,REQ-761711CEA3BA,2026-09-16 09:28:00+00:00
EVT-0003805,IF_ORWMS_SAPQM_001,ORACLE_SCM,SAP_ERP,Kafka,Async,Success,,,,1779,SESS-BF40994AD6,REQ-5F808EC7FB2A,2026-09-10 07:10:36+00:00
EVT-0003808,IF_ORIM_ORWMS_001,ORACLE_SCM,ORACLE_SCM,ESB,Sync,Success,,,,667,SESS-288F1705CD,REQ-5977980B99ED,2026-09-11 05:06:23+00:00
EVT-0003811,IF_ORIM_SAPPROC_001,ORACLE_SCM,SAP_ERP,REST_API,REST,Success,,,,3289,SESS-88C23515AD,REQ-7657A0851030,2026-09-15 11:35:06+00:00
EVT-0003814,IF_ORIM_MESPE_001,ORACLE_SCM,MES,Kafka,Async,Success,,,,1304,SESS-FA71E6FEFE,REQ-4720E1CECFCE,2026-09-10 04:36:43+00:00
EVT-0003817,IF_ORIM_MESPE_001,ORACLE_SCM,MES,Kafka,Async,Success,,,,1893,SESS-B5B62A935E,REQ-CA6D5BC207D7,2026-09-10 20:42:05+00:00
EVT-0003819,IF_ORSC_SAPPP_001,ORACLE_SCM,SAP_ERP,Kafka,Async,Success,,,,1817,SESS-A97FB91991,REQ-4468695E0BE0,2026-09-16 19:40:14+00:00
EVT-0003820,IF_ORSC_SAPPP_001,ORACLE_SCM,SAP_ERP,Kafka,Async,Success,,,,1794,SESS-1D6115DCFA,REQ-B403FB634621,2026-09-11 11:20:39+00:00
EVT-0003822,IF_ORWMS_SAPQM_001,ORACLE_SCM,SAP_ERP,Kafka,Async,Success,,,,1404,SESS-6545A22663,REQ-B60337E76881,2026-09-15 20:26:51+00:00
EVT-0003823,IF_ORWMS_OROM_001,ORACLE_SCM,ORACLE_SCM,Kafka,Async,Success,,,,1485,SESS-8CDED48B59,REQ-2DBF7AA902E8,2026-09-14 06:58:30+00:00
EVT-0003824,IF_ORIM_MESPE_001,ORACLE_SCM,MES,Kafka,Async,Success,,,,1368,SESS-A70B5E753E,REQ-70EBABDCDFB7,2026-09-14 03:48:29+00:00
EVT-0003825,IF_ORSC_ORIM_001,ORACLE_SCM,ORACLE_SCM,ESB,Sync,Success,,,,2440,SESS-16229B0F25,REQ-88BCEA070696,2026-09-15 14:05:51+00:00
EVT-0003828,IF_ORWMS_OROM_001,ORACLE_SCM,ORACLE_SCM,Kafka,Async,Success,,,,1154,SESS-B3EDFAD60A,REQ-E3EF06148A81,2026-09-14 21:42:39+00:00
EVT-0003830,IF_OROM_CRMOM_001,ORACLE_SCM,CRM,REST_API,REST,Success,,,,2061,SESS-A5B88C1441,REQ-69B8DDBBE947,2026-09-10 02:29:13+00:00
EVT-0003834,IF_ORIM_SAPPROC_001,ORACLE_SCM,SAP_ERP,REST_API,REST,Success,,,,2624,SESS-93B34F6C78,REQ-B0B67F998247,2026-09-12 02:59:16+00:00
EVT-0003835,IF_ORWMS_OROM_001,ORACLE_SCM,ORACLE_SCM,Kafka,Async,Success,,,,1229,SESS-9A7CDC105C,REQ-EBB9D42E748E,2026-09-15 20:47:28+00:00
EVT-0003836,IF_ORSC_ORIM_001,ORACLE_SCM,ORACLE_SCM,ESB,Sync,Success,,,,2548,SESS-8023E3A2D5,REQ-28744F666D0B,2026-09-16 18:38:50+00:00
EVT-0003839,IF_ORIM_ORWMS_001,ORACLE_SCM,ORACLE_SCM,ESB,Sync,Success,,,,875,SESS-20D2318590,REQ-E12AC2FA6A81,2026-09-14 09:54:42+00:00
EVT-0003845,IF_ORIM_MESPE_001,ORACLE_SCM,MES,Kafka,Async,Success,,,,977,SESS-C2AD469370,REQ-F7C44696BDB7,2026-09-11 18:24:42+00:00
EVT-0003846,IF_ORIM_MESPE_001,ORACLE_SCM,MES,Kafka,Async,Success,,,,1478,SESS-1405E417A8,REQ-3CB1574393D0,2026-09-10 21:19:39+00:00
EVT-0003847,IF_ORWMS_SAPQM_001,ORACLE_SCM,SAP_ERP,Kafka,Async,Failed,AUTHZ_403,Caller is not authorized,Authorization,9287,SESS-FA03FFD99B,REQ-D793FF14A5F2,2026-09-10 13:47:22+00:00
EVT-0003849,IF_ORIM_SAPPROC_001,ORACLE_SCM,SAP_ERP,REST_API,REST,Retry,DB_COMMIT_014,Transaction commit failed,Database,3563,SESS-E6E85800CB,REQ-FAC5FB3C6A2D,2026-09-10 07:00:20+00:00
EVT-0003853,IF_ORWMS_SAPQM_001,ORACLE_SCM,SAP_ERP,Kafka,Async,Success,,,,1509,SESS-2BBE108818,REQ-6130A50CF478,2026-09-16 17:39:51+00:00
EVT-0003858,IF_ORWMS_OROM_001,ORACLE_SCM,ORACLE_SCM,Kafka,Async,Success,,,,1685,SESS-FB10C0FEFC,REQ-4315EAD614A8,2026-09-12 11:40:45+00:00
EVT-0003865,IF_OROM_CRMOM_001,ORACLE_SCM,CRM,REST_API,REST,Retry,CAP_003,Downstream service is at capacity,Capacity,7552,SESS-030E307108,REQ-C9A3BC12AADD,2026-09-16 13:27:59+00:00
EVT-0003867,IF_ORSC_SAPPP_001,ORACLE_SCM,SAP_ERP,Kafka,Async,Success,,,,1721,SESS-9BFC75196C,REQ-1F017AF8F5C0,2026-09-11 18:01:00+00:00
EVT-0003869,IF_ORSC_ORIM_001,ORACLE_SCM,ORACLE_SCM,ESB,Sync,Success,,,,2902,SESS-5363BCFED2,REQ-516D1BA16843,2026-09-10 09:30:40+00:00
EVT-0003871,IF_ORWMS_SAPQM_001,ORACLE_SCM,SAP_ERP,Kafka,Async,Success,,,,2397,SESS-64B6944ED7,REQ-BFB581F0D469,2026-09-14 05:54:01+00:00
EVT-0003872,IF_ORSC_ORIM_001,ORACLE_SCM,ORACLE_SCM,ESB,Sync,Success,,,,3018,SESS-1FFBA97984,REQ-47C2678E3218,2026-09-12 18:32:24+00:00
EVT-0003878,IF_ORSC_ORIM_001,ORACLE_SCM,ORACLE_SCM,ESB,Sync,Success,,,,2554,SESS-88F49DBE62,REQ-40DB843F0276,2026-09-16 00:27:54+00:00
EVT-0003879,IF_ORWMS_SAPQM_001,ORACLE_SCM,SAP_ERP,Kafka,Async,Success,,,,2542,SESS-92042BED61,REQ-FFC3974BFECE,2026-09-12 03:33:07+00:00
EVT-0003880,IF_ORWMS_SAPQM_001,ORACLE_SCM,SAP_ERP,Kafka,Async,Success,,,,3157,SESS-423FF5A673,REQ-3F016F74D0E0,2026-09-12 04:20:42+00:00
EVT-0003884,IF_ORWMS_SAPQM_001,ORACLE_SCM,SAP_ERP,Kafka,Async,Success,,,,2707,SESS-5ABA5C2937,REQ-F5281F9C8104,2026-09-10 11:58:47+00:00
EVT-0003889,IF_ORWMS_OROM_001,ORACLE_SCM,ORACLE_SCM,Kafka,Async,Success,,,,1121,SESS-D008A6CBF6,REQ-D6D454231097,2026-09-12 17:55:34+00:00
EVT-0003890,IF_ORWMS_OROM_001,ORACLE_SCM,ORACLE_SCM,Kafka,Async,Success,,,,1489,SESS-893EA2070F,REQ-D921FCAF71E7,2026-09-15 20:05:02+00:00
EVT-0003895,IF_OROM_CRMOM_001,ORACLE_SCM,CRM,REST_API,REST,Success,,,,2935,SESS-FFDBA71F2B,REQ-D18C08E24967,2026-09-14 05:16:28+00:00
EVT-0003898,IF_ORWMS_OROM_001,ORACLE_SCM,ORACLE_SCM,Kafka,Async,Success,,,,1561,SESS-3DE30A1E4F,REQ-6ED1AB6414E4,2026-09-14 22:21:18+00:00
EVT-0003899,IF_ORSC_ORIM_001,ORACLE_SCM,ORACLE_SCM,ESB,Sync,Success,,,,3184,SESS-98BD3AAA31,REQ-917B7C6F8627,2026-09-16 06:25:53+00:00
EVT-0003901,IF_ORSC_SAPPP_001,ORACLE_SCM,SAP_ERP,Kafka,Async,Success,,,,889,SESS-8D987766CD,REQ-772444DF4E56,2026-09-10 05:04:29+00:00
EVT-0003904,IF_ORSC_SAPPP_001,ORACLE_SCM,SAP_ERP,Kafka,Async,Retry,AUTH_401,Service credential rejected,Authentication,3761,SESS-C603EA81A1,REQ-6B1CC2C89712,2026-09-13 12:43:16+00:00
EVT-0003907,IF_OROM_CRMOM_001,ORACLE_SCM,CRM,REST_API,REST,Success,,,,2987,SESS-F55C526F35,REQ-D7DBF31F8B65,2026-09-11 19:29:39+00:00
EVT-0003911,IF_ORSC_SAPPP_001,ORACLE_SCM,SAP_ERP,Kafka,Async,Success,,,,1343,SESS-1F49030A20,REQ-D4E6FDA0C540,2026-09-16 05:57:31+00:00
EVT-0003912,IF_ORSC_ORIM_001,ORACLE_SCM,ORACLE_SCM,ESB,Sync,Success,,,,2086,SESS-D4961F4F85,REQ-D74FDDA98245,2026-09-16 09:27:33+00:00
EVT-0003914,IF_ORSC_ORIM_001,ORACLE_SCM,ORACLE_SCM,ESB,Sync,Success,,,,2422,SESS-93FF721AEC,REQ-C5765F9CDD01,2026-09-13 18:32:24+00:00
EVT-0003915,IF_ORIM_SAPPROC_001,ORACLE_SCM,SAP_ERP,REST_API,REST,Success,,,,3126,SESS-C7B2CA9A9C,REQ-DFFFC1D97424,2026-09-10 09:01:56+00:00
EVT-0003917,IF_ORWMS_OROM_001,ORACLE_SCM,ORACLE_SCM,Kafka,Async,Retry,NET_CONN_003,Connection reset by peer,Network,5351,SESS-3804580FD9,REQ-D95BD40D0011,2026-09-11 11:43:32+00:00
EVT-0003918,IF_ORIM_ORWMS_001,ORACLE_SCM,ORACLE_SCM,ESB,Sync,Success,,,,880,SESS-D90F70E510,REQ-566168F3600D,2026-09-13 10:20:22+00:00
EVT-0003920,IF_ORIM_SAPPROC_001,ORACLE_SCM,SAP_ERP,REST_API,REST,Success,,,,2845,SESS-E7C11AD86D,REQ-FAD4A30AF899,2026-09-14 06:08:24+00:00
EVT-0003921,IF_ORWMS_SAPQM_001,ORACLE_SCM,SAP_ERP,Kafka,Async,Success,,,,1503,SESS-10E12BB73E,REQ-CE9E32BFA4C2,2026-09-15 07:47:15+00:00
EVT-0003928,IF_ORWMS_SAPQM_001,ORACLE_SCM,SAP_ERP,Kafka,Async,Success,,,,2380,SESS-408664C4A0,REQ-E098A0A600DB,2026-09-14 20:54:21+00:00
EVT-0003935,IF_ORSC_ORIM_001,ORACLE_SCM,ORACLE_SCM,ESB,Sync,Success,,,,1990,SESS-D792BB8BE4,REQ-6887A084D09B,2026-09-12 04:37:23+00:00
EVT-0003941,IF_ORSC_SAPPP_001,ORACLE_SCM,SAP_ERP,Kafka,Async,Success,,,,1098,SESS-E069D89DA5,REQ-D9FF90BA35F7,2026-09-13 10:18:43+00:00
EVT-0003948,IF_ORWMS_OROM_001,ORACLE_SCM,ORACLE_SCM,Kafka,Async,Retry,DB_COMMIT_014,Transaction commit failed,Database,4197,SESS-C48326AC76,REQ-B9A279610269,2026-09-13 10:38:00+00:00
EVT-0003955,IF_ORIM_MESPE_001,ORACLE_SCM,MES,Kafka,Async,Success,,,,1234,SESS-870A038CA6,REQ-DE4D23D04C54,2026-09-15 17:41:58+00:00
EVT-0003961,IF_OROM_CRMOM_001,ORACLE_SCM,CRM,REST_API,REST,Success,,,,1550,SESS-546E1EE332,REQ-A00A5512C2DA,2026-09-14 03:39:02+00:00
EVT-0003964,IF_ORIM_SAPPROC_001,ORACLE_SCM,SAP_ERP,REST_API,REST,Success,,,,2708,SESS-9D8ABA68FA,REQ-ECBDE8AD1BEA,2026-09-14 21:50:46+00:00
EVT-0003965,IF_OROM_CRMOM_001,ORACLE_SCM,CRM,REST_API,REST,Success,,,,2105,SESS-72F66F78A9,REQ-7E4D9C8E1DA1,2026-09-14 09:50:46+00:00
EVT-0003968,IF_ORIM_MESPE_001,ORACLE_SCM,MES,Kafka,Async,Success,,,,1263,SESS-E59E340553,REQ-1F9BAA775BBD,2026-09-15 18:49:42+00:00
EVT-0003970,IF_OROM_CRMOM_001,ORACLE_SCM,CRM,REST_API,REST,Retry,INFRA_008,Runtime node unavailable,Infrastructure,8357,SESS-E28F5740AF,REQ-B1495256E675,2026-09-15 05:46:58+00:00
EVT-0003972,IF_OROM_CRMOM_001,ORACLE_SCM,CRM,REST_API,REST,Success,,,,1755,SESS-6079AA89F0,REQ-D788631BC5D5,2026-09-13 10:40:37+00:00
EVT-0003973,IF_ORWMS_OROM_001,ORACLE_SCM,ORACLE_SCM,Kafka,Async,Success,,,,1885,SESS-8D25CB4ED3,REQ-817142A8B8AA,2026-09-13 12:20:37+00:00
EVT-0003977,IF_ORSC_SAPPP_001,ORACLE_SCM,SAP_ERP,Kafka,Async,Success,,,,680,SESS-EBC132BC56,REQ-8E44F7C3273C,2026-09-10 00:02:12+00:00
EVT-0003982,IF_OROM_CRMOM_001,ORACLE_SCM,CRM,REST_API,REST,Retry,EXT_502,Downstream service returned 502,External Service,3785,SESS-7F639565C8,REQ-786CF023017A,2026-09-16 03:07:44+00:00
EVT-0003988,IF_ORIM_ORWMS_001,ORACLE_SCM,ORACLE_SCM,ESB,Sync,Success,,,,781,SESS-14C097B282,REQ-CBA1166D8EC0,2026-09-16 12:46:25+00:00
EVT-0003991,IF_ORIM_MESPE_001,ORACLE_SCM,MES,Kafka,Async,Success,,,,1940,SESS-E33F10C529,REQ-850C6B8A59E0,2026-09-16 23:48:30+00:00
EVT-0003992,IF_ORWMS_OROM_001,ORACLE_SCM,ORACLE_SCM,Kafka,Async,Failed,CFG_017,Interface configuration mismatch,Configuration,4118,SESS-57EA67F56A,REQ-E6D0898758AF,2026-09-14 03:19:54+00:00
EVT-0003994,IF_ORSC_SAPPP_001,ORACLE_SCM,SAP_ERP,Kafka,Async,Failed,CFG_017,Interface configuration mismatch,Configuration,7957,SESS-77EF96470E,REQ-856576E9A2FD,2026-09-16 10:36:28+00:00
EVT-0003995,IF_ORIM_SAPPROC_001,ORACLE_SCM,SAP_ERP,REST_API,REST,Failed,AUTHZ_403,Caller is not authorized,Authorization,12934,SESS-3B97134266,REQ-13A21AC0EBED,2026-09-14 10:18:05+00:00
EVT-0003996,IF_ORIM_ORWMS_001,ORACLE_SCM,ORACLE_SCM,ESB,Sync,Success,,,,1225,SESS-53D986F254,REQ-2DB69380735D,2026-09-15 08:47:01+00:00
EVT-0004001,IF_ORWMS_SAPQM_001,ORACLE_SCM,SAP_ERP,Kafka,Async,Success,,,,2946,SESS-95514487B4,REQ-783F4740E6A1,2026-09-13 00:42:42+00:00
EVT-0004004,IF_OROM_CRMOM_001,ORACLE_SCM,CRM,REST_API,REST,Success,,,,2540,SESS-A3B7A661B3,REQ-A71BBD7EFEC8,2026-09-10 15:43:50+00:00
EVT-0004009,IF_ORIM_ORWMS_001,ORACLE_SCM,ORACLE_SCM,ESB,Sync,Success,,,,776,SESS-3AAE5A6130,REQ-97B82AC6135E,2026-09-12 05:21:19+00:00
EVT-0004011,IF_ORSC_ORIM_001,ORACLE_SCM,ORACLE_SCM,ESB,Sync,Success,,,,1823,SESS-57CA1507F5,REQ-E2B62F1312D5,2026-09-11 00:02:04+00:00
EVT-0004014,IF_ORIM_SAPPROC_001,ORACLE_SCM,SAP_ERP,REST_API,REST,Success,,,,2237,SESS-649B8CEA81,REQ-E86C2C5134F1,2026-09-11 13:03:28+00:00
EVT-0004016,IF_ORSC_ORIM_001,ORACLE_SCM,ORACLE_SCM,ESB,Sync,Retry,CAP_003,Downstream service is at capacity,Capacity,6731,SESS-5BAA0C3AED,REQ-FDCE97423D2E,2026-09-16 06:33:10+00:00
EVT-0004021,IF_ORIM_SAPPROC_001,ORACLE_SCM,SAP_ERP,REST_API,REST,Success,,,,1958,SESS-F61ECF4B74,REQ-0CC07C51087E,2026-09-12 00:46:32+00:00
EVT-0004023,IF_ORSC_ORIM_001,ORACLE_SCM,ORACLE_SCM,ESB,Sync,Success,,,,1935,SESS-D1E59584B5,REQ-ED5652A117AC,2026-09-10 15:28:40+00:00
EVT-0004025,IF_ORIM_MESPE_001,ORACLE_SCM,MES,Kafka,Async,Success,,,,1642,SESS-86E2811282,REQ-05FD58986461,2026-09-11 03:23:46+00:00
EVT-0004029,IF_ORSC_ORIM_001,ORACLE_SCM,ORACLE_SCM,ESB,Sync,Success,,,,2392,SESS-D71C785F2F,REQ-5FE4BDEFA46C,2026-09-13 02:56:58+00:00
EVT-0004036,IF_ORWMS_SAPQM_001,ORACLE_SCM,SAP_ERP,Kafka,Async,Success,,,,3000,SESS-3C459C2D3B,REQ-0B35DA3F39E4,2026-09-11 19:38:31+00:00
EVT-0004039,IF_ORIM_ORWMS_001,ORACLE_SCM,ORACLE_SCM,ESB,Sync,Success,,,,938,SESS-A167C0C4BB,REQ-68189DC8ACE8,2026-09-13 01:10:05+00:00
EVT-0004041,IF_ORSC_SAPPP_001,ORACLE_SCM,SAP_ERP,Kafka,Async,Success,,,,1142,SESS-66AA240D8E,REQ-5AD233C8D62C,2026-09-15 09:14:15+00:00
EVT-0004052,IF_ORIM_SAPPROC_001,ORACLE_SCM,SAP_ERP,REST_API,REST,Success,,,,2849,SESS-DD50BA1023,REQ-E55A329D9520,2026-09-13 20:59:04+00:00
EVT-0004056,IF_ORIM_SAPPROC_001,ORACLE_SCM,SAP_ERP,REST_API,REST,Success,,,,1403,SESS-43A244588B,REQ-5A03261EEE20,2026-09-12 10:53:16+00:00
EVT-0004069,IF_ORSC_ORIM_001,ORACLE_SCM,ORACLE_SCM,ESB,Sync,Success,,,,2690,SESS-B3A74B7A59,REQ-B36F4E2B2FB3,2026-09-13 08:58:29+00:00
EVT-0004074,IF_ORSC_ORIM_001,ORACLE_SCM,ORACLE_SCM,ESB,Sync,Success,,,,2496,SESS-F863AAAD63,REQ-4363BB3DD352,2026-09-12 02:17:30+00:00
EVT-0004081,IF_ORIM_ORWMS_001,ORACLE_SCM,ORACLE_SCM,ESB,Sync,Success,,,,444,SESS-5461E07295,REQ-2A3555EF17AE,2026-09-14 01:14:01+00:00
EVT-0004088,IF_ORSC_SAPPP_001,ORACLE_SCM,SAP_ERP,Kafka,Async,Success,,,,1089,SESS-0BE867BACB,REQ-579E34423CB9,2026-09-10 14:07:58+00:00
EVT-0004092,IF_ORIM_ORWMS_001,ORACLE_SCM,ORACLE_SCM,ESB,Sync,Success,,,,942,SESS-6969386137,REQ-F4FA055C582F,2026-09-13 09:32:34+00:00
EVT-0004093,IF_ORSC_SAPPP_001,ORACLE_SCM,SAP_ERP,Kafka,Async,Retry,DB_COMMIT_014,Transaction commit failed,Database,4623,SESS-F87C5317BD,REQ-129E11D1C5D1,2026-09-11 13:59:17+00:00
EVT-0004095,IF_ORSC_SAPPP_001,ORACLE_SCM,SAP_ERP,Kafka,Async,Success,,,,1831,SESS-F4936A6730,REQ-41440790F7A4,2026-09-12 07:34:21+00:00
EVT-0004098,IF_OROM_CRMOM_001,ORACLE_SCM,CRM,REST_API,REST,Success,,,,2149,SESS-0ADD8B499F,REQ-DB6CA4ECE980,2026-09-13 18:01:58+00:00
EVT-0004099,IF_ORWMS_SAPQM_001,ORACLE_SCM,SAP_ERP,Kafka,Async,Success,,,,2127,SESS-5CD76A4174,REQ-9A79ED716418,2026-09-16 09:26:38+00:00
EVT-0004105,IF_ORSC_ORIM_001,ORACLE_SCM,ORACLE_SCM,ESB,Sync,Success,,,,2080,SESS-718E9D538A,REQ-CE9A1EAABB8F,2026-09-16 14:27:15+00:00
EVT-0004112,IF_OROM_CRMOM_001,ORACLE_SCM,CRM,REST_API,REST,Retry,CFG_017,Interface configuration mismatch,Configuration,7838,SESS-25D6AE32A8,REQ-CE24EC8CC431,2026-09-16 15:43:45+00:00
EVT-0004116,IF_OROM_CRMOM_001,ORACLE_SCM,CRM,REST_API,REST,Success,,,,2107,SESS-D6047FA796,REQ-9B33A75E4A5C,2026-09-13 12:15:20+00:00
EVT-0004125,IF_ORIM_ORWMS_001,ORACLE_SCM,ORACLE_SCM,ESB,Sync,Success,,,,745,SESS-65F63628A7,REQ-A52C2F7AF5F6,2026-09-16 06:31:22+00:00
EVT-0004137,IF_ORSC_SAPPP_001,ORACLE_SCM,SAP_ERP,Kafka,Async,Success,,,,1433,SESS-4FE21F5111,REQ-3C282647678C,2026-09-14 01:30:49+00:00
EVT-0004138,IF_ORIM_ORWMS_001,ORACLE_SCM,ORACLE_SCM,ESB,Sync,Success,,,,910,SESS-5851D9BE53,REQ-0CF754424B3F,2026-09-14 12:44:25+00:00
EVT-0004146,IF_ORIM_SAPPROC_001,ORACLE_SCM,SAP_ERP,REST_API,REST,Retry,AUTHZ_403,Caller is not authorized,Authorization,6364,SESS-0D9540677E,REQ-34954132FB8C,2026-09-10 13:48:56+00:00
EVT-0004149,IF_ORWMS_OROM_001,ORACLE_SCM,ORACLE_SCM,Kafka,Async,Success,,,,1097,SESS-F283E390C1,REQ-CFB683D60F6D,2026-09-15 06:57:30+00:00
EVT-0004150,IF_ORWMS_SAPQM_001,ORACLE_SCM,SAP_ERP,Kafka,Async,Success,,,,2681,SESS-B2ABA3D96A,REQ-234E9FD7FDFC,2026-09-11 20:59:04+00:00
EVT-0004159,IF_ORWMS_SAPQM_001,ORACLE_SCM,SAP_ERP,Kafka,Async,Success,,,,2593,SESS-4BC0AE38EA,REQ-DD7F07F03975,2026-09-16 11:06:32+00:00
EVT-0004161,IF_ORIM_SAPPROC_001,ORACLE_SCM,SAP_ERP,REST_API,REST,Success,,,,2649,SESS-AC0CF0CCE0,REQ-664CD3A869F8,2026-09-15 14:07:28+00:00
EVT-0004162,IF_ORSC_SAPPP_001,ORACLE_SCM,SAP_ERP,Kafka,Async,Success,,,,1641,SESS-A6F460D1D0,REQ-4AD982FB90DD,2026-09-11 22:20:10+00:00
EVT-0004168,IF_ORWMS_SAPQM_001,ORACLE_SCM,SAP_ERP,Kafka,Async,Success,,,,2122,SESS-CB6B587E39,REQ-6E796CA5A508,2026-09-11 13:05:45+00:00
EVT-0004170,IF_ORIM_MESPE_001,ORACLE_SCM,MES,Kafka,Async,Success,,,,1094,SESS-B19479345A,REQ-A0CC0CA38990,2026-09-11 12:12:25+00:00
EVT-0004172,IF_ORIM_MESPE_001,ORACLE_SCM,MES,Kafka,Async,Success,,,,1285,SESS-F853D2294D,REQ-2307A05E8EB9,2026-09-13 22:25:16+00:00
EVT-0004173,IF_ORWMS_OROM_001,ORACLE_SCM,ORACLE_SCM,Kafka,Async,Success,,,,1344,SESS-3133F83227,REQ-5E30F19625C0,2026-09-15 21:57:00+00:00
EVT-0004174,IF_ORWMS_OROM_001,ORACLE_SCM,ORACLE_SCM,Kafka,Async,Success,,,,1464,SESS-4182EE1FF7,REQ-2EBE6E4A309F,2026-09-14 22:38:06+00:00
EVT-0004177,IF_ORWMS_SAPQM_001,ORACLE_SCM,SAP_ERP,Kafka,Async,Success,,,,1651,SESS-86F63530D3,REQ-D3C034D8526A,2026-09-12 00:08:57+00:00
EVT-0004189,IF_ORWMS_OROM_001,ORACLE_SCM,ORACLE_SCM,Kafka,Async,Success,,,,1059,SESS-2C70902E6E,REQ-F754270E0DE8,2026-09-11 00:59:33+00:00
EVT-0004192,IF_ORSC_ORIM_001,ORACLE_SCM,ORACLE_SCM,ESB,Sync,Success,,,,3330,SESS-F408598C40,REQ-AD64B4828DB0,2026-09-16 06:36:28+00:00
EVT-0004196,IF_ORIM_SAPPROC_001,ORACLE_SCM,SAP_ERP,REST_API,REST,Success,,,,3025,SESS-0418B4AD89,REQ-BE6F73428A0C,2026-09-15 04:26:31+00:00
EVT-0004198,IF_ORIM_SAPPROC_001,ORACLE_SCM,SAP_ERP,REST_API,REST,Retry,NET_CONN_003,Connection reset by peer,Network,7729,SESS-D56CE23505,REQ-513EE2F77E99,2026-09-15 10:23:55+00:00
EVT-0004199,IF_ORIM_SAPPROC_001,ORACLE_SCM,SAP_ERP,REST_API,REST,Retry,CAP_003,Downstream service is at capacity,Capacity,3986,SESS-209862FA69,REQ-E44C3D19DA52,2026-09-16 10:04:53+00:00
EVT-0004204,IF_ORSC_SAPPP_001,ORACLE_SCM,SAP_ERP,Kafka,Async,Success,,,,1627,SESS-F454FB9B00,REQ-479CACBE9683,2026-09-13 08:31:44+00:00
EVT-0004209,IF_ORIM_ORWMS_001,ORACLE_SCM,ORACLE_SCM,ESB,Sync,Success,,,,793,SESS-E827BEFD1D,REQ-7F98D4BDFE9D,2026-09-11 05:34:53+00:00
EVT-0004210,IF_ORIM_ORWMS_001,ORACLE_SCM,ORACLE_SCM,ESB,Sync,Success,,,,999,SESS-BF0A5DF3F0,REQ-7C83CF0754D6,2026-09-16 21:08:18+00:00
EVT-0004221,IF_ORIM_MESPE_001,ORACLE_SCM,MES,Kafka,Async,Success,,,,804,SESS-2C9325A08B,REQ-A44DC264A509,2026-09-16 08:22:38+00:00
EVT-0004222,IF_ORSC_SAPPP_001,ORACLE_SCM,SAP_ERP,Kafka,Async,Success,,,,1547,SESS-26722F94B3,REQ-4D4AF3BF908D,2026-09-13 22:26:10+00:00
EVT-0004223,IF_ORSC_ORIM_001,ORACLE_SCM,ORACLE_SCM,ESB,Sync,Success,,,,2468,SESS-337CCF1B8A,REQ-0BFF9C9BDE9C,2026-09-14 10:32:52+00:00
EVT-0004230,IF_OROM_CRMOM_001,ORACLE_SCM,CRM,REST_API,REST,Success,,,,1828,SESS-ADC525ABC6,REQ-A80F20118FB5,2026-09-15 15:40:21+00:00
EVT-0004234,IF_OROM_CRMOM_001,ORACLE_SCM,CRM,REST_API,REST,Success,,,,2813,SESS-20EAB2DF01,REQ-6F1215A3E7A1,2026-09-16 03:37:40+00:00
EVT-0004237,IF_ORSC_SAPPP_001,ORACLE_SCM,SAP_ERP,Kafka,Async,Success,,,,1384,SESS-37164A21FC,REQ-B392ED3E62C6,2026-09-15 10:38:45+00:00
EVT-0004239,IF_ORSC_SAPPP_001,ORACLE_SCM,SAP_ERP,Kafka,Async,Success,,,,1538,SESS-8ED3086B4E,REQ-1FD2C9557C85,2026-09-15 15:49:26+00:00
EVT-0004240,IF_ORWMS_OROM_001,ORACLE_SCM,ORACLE_SCM,Kafka,Async,Success,,,,918,SESS-476124BE9C,REQ-A92E09C00E13,2026-09-16 08:11:36+00:00
EVT-0004244,IF_ORWMS_OROM_001,ORACLE_SCM,ORACLE_SCM,Kafka,Async,Success,,,,1682,SESS-3F008BFFC8,REQ-460892B80A4C,2026-09-10 04:14:37+00:00
EVT-0004245,IF_OROM_CRMOM_001,ORACLE_SCM,CRM,REST_API,REST,Success,,,,2620,SESS-38F7D9C424,REQ-9517126B88CA,2026-09-16 11:44:43+00:00
EVT-0004246,IF_ORIM_SAPPROC_001,ORACLE_SCM,SAP_ERP,REST_API,REST,Retry,AUTH_401,Service credential rejected,Authentication,6429,SESS-AB73EE74C0,REQ-7B7597415FC3,2026-09-13 12:54:35+00:00
EVT-0004251,IF_ORIM_SAPPROC_001,ORACLE_SCM,SAP_ERP,REST_API,REST,Success,,,,1427,SESS-24B30AA2AC,REQ-93E3C2406AE0,2026-09-16 03:48:43+00:00
EVT-0004254,IF_ORIM_MESPE_001,ORACLE_SCM,MES,Kafka,Async,Success,,,,1196,SESS-4C62A080FC,REQ-DC60F45DED59,2026-09-12 13:38:03+00:00
EVT-0004255,IF_ORWMS_OROM_001,ORACLE_SCM,ORACLE_SCM,Kafka,Async,Success,,,,1266,SESS-C446767B24,REQ-1EA1F99986B2,2026-09-15 16:50:23+00:00
EVT-0004259,IF_ORIM_ORWMS_001,ORACLE_SCM,ORACLE_SCM,ESB,Sync,Retry,CAP_003,Downstream service is at capacity,Capacity,2034,SESS-AE9112FEB9,REQ-0B2327776ABA,2026-09-11 01:02:46+00:00
EVT-0004263,IF_ORSC_ORIM_001,ORACLE_SCM,ORACLE_SCM,ESB,Sync,Success,,,,2220,SESS-928B88F306,REQ-1EC2D6ACBE7F,2026-09-11 20:54:39+00:00
EVT-0004269,IF_ORWMS_OROM_001,ORACLE_SCM,ORACLE_SCM,Kafka,Async,Success,,,,1262,SESS-FA811D8878,REQ-635E4EFECABF,2026-09-14 00:04:28+00:00
EVT-0004271,IF_ORWMS_SAPQM_001,ORACLE_SCM,SAP_ERP,Kafka,Async,Success,,,,1981,SESS-BEA2207A20,REQ-627728E48B7A,2026-09-15 08:47:23+00:00
EVT-0004273,IF_ORIM_ORWMS_001,ORACLE_SCM,ORACLE_SCM,ESB,Sync,Success,,,,243,SESS-1141F31102,REQ-A2BAF3F70D6B,2026-09-15 05:32:08+00:00
EVT-0004274,IF_ORIM_MESPE_001,ORACLE_SCM,MES,Kafka,Async,Retry,CFG_017,Interface configuration mismatch,Configuration,5193,SESS-8A94D7D181,REQ-B3263E9406A7,2026-09-15 08:14:03+00:00
EVT-0004278,IF_ORIM_SAPPROC_001,ORACLE_SCM,SAP_ERP,REST_API,REST,Success,,,,2907,SESS-9EF5D6FE60,REQ-8A28FFCFAAF2,2026-09-15 00:32:44+00:00
EVT-0004280,IF_ORWMS_SAPQM_001,ORACLE_SCM,SAP_ERP,Kafka,Async,Success,,,,2646,SESS-9B716C13FF,REQ-2C7775E6AAA3,2026-09-16 22:12:50+00:00
EVT-0004284,IF_OROM_CRMOM_001,ORACLE_SCM,CRM,REST_API,REST,Success,,,,1484,SESS-FA2C4EB188,REQ-472A8C33CAE9,2026-09-15 19:49:50+00:00
EVT-0004291,IF_ORSC_ORIM_001,ORACLE_SCM,ORACLE_SCM,ESB,Sync,Success,,,,3417,SESS-B7B85C698A,REQ-3F783CA17E14,2026-09-15 11:31:42+00:00
EVT-0004296,IF_ORIM_ORWMS_001,ORACLE_SCM,ORACLE_SCM,ESB,Sync,Retry,CFG_017,Interface configuration mismatch,Configuration,2892,SESS-3F03DBB6B9,REQ-A93DE490224C,2026-09-16 08:44:11+00:00
EVT-0004303,IF_ORIM_MESPE_001,ORACLE_SCM,MES,Kafka,Async,Success,,,,1140,SESS-81C54CE24E,REQ-101B11F35EF8,2026-09-15 22:27:23+00:00
EVT-0004305,IF_ORSC_ORIM_001,ORACLE_SCM,ORACLE_SCM,ESB,Sync,Success,,,,2116,SESS-8F27532853,REQ-FBE172DEBA63,2026-09-11 07:22:35+00:00
EVT-0004307,IF_ORWMS_OROM_001,ORACLE_SCM,ORACLE_SCM,Kafka,Async,Success,,,,1408,SESS-18E5F06506,REQ-72C2295C3F8C,2026-09-14 10:54:17+00:00
EVT-0004309,IF_ORWMS_SAPQM_001,ORACLE_SCM,SAP_ERP,Kafka,Async,Success,,,,1974,SESS-5F3398171A,REQ-52B6C56CB955,2026-09-11 19:54:25+00:00
EVT-0004316,IF_ORSC_SAPPP_001,ORACLE_SCM,SAP_ERP,Kafka,Async,Failed,TIME_004,Downstream response exceeded SLA,Timeout,8276,SESS-BCE47C0C09,REQ-DD08E8DCE0C3,2026-09-12 04:26:39+00:00
EVT-0004322,IF_ORSC_ORIM_001,ORACLE_SCM,ORACLE_SCM,ESB,Sync,Success,,,,2355,SESS-7345AAB8F2,REQ-52FAF06EFE14,2026-09-12 15:13:22+00:00
EVT-0004326,IF_ORIM_ORWMS_001,ORACLE_SCM,ORACLE_SCM,ESB,Sync,Success,,,,1220,SESS-4DDA4A5BEA,REQ-A2A585C166D1,2026-09-10 09:38:56+00:00
EVT-0004328,IF_ORWMS_OROM_001,ORACLE_SCM,ORACLE_SCM,Kafka,Async,Success,,,,963,SESS-4C03A0DBCE,REQ-4469AF33AD29,2026-09-11 05:00:20+00:00
EVT-0004329,IF_ORIM_SAPPROC_001,ORACLE_SCM,SAP_ERP,REST_API,REST,Success,,,,1597,SESS-76445358DA,REQ-856E9D5939F1,2026-09-14 08:02:43+00:00
EVT-0004334,IF_ORWMS_SAPQM_001,ORACLE_SCM,SAP_ERP,Kafka,Async,Success,,,,2235,SESS-00E60F3E85,REQ-99F99EAA92BB,2026-09-15 23:04:21+00:00
EVT-0004335,IF_OROM_CRMOM_001,ORACLE_SCM,CRM,REST_API,REST,Success,,,,1537,SESS-1E39E57840,REQ-0543F2726A9D,2026-09-13 06:46:30+00:00
EVT-0004343,IF_ORSC_SAPPP_001,ORACLE_SCM,SAP_ERP,Kafka,Async,Success,,,,1469,SESS-A084B0D0EF,REQ-608DF4EAA18B,2026-09-11 02:16:23+00:00
EVT-0004344,IF_ORSC_SAPPP_001,ORACLE_SCM,SAP_ERP,Kafka,Async,Success,,,,1715,SESS-3B60AB66E5,REQ-FA28E19D6EFE,2026-09-11 23:25:56+00:00
EVT-0004349,IF_ORWMS_SAPQM_001,ORACLE_SCM,SAP_ERP,Kafka,Async,Success,,,,1902,SESS-ADB0212C22,REQ-FC62B72CBF2D,2026-09-11 07:45:31+00:00
EVT-0004351,IF_ORIM_MESPE_001,ORACLE_SCM,MES,Kafka,Async,Success,,,,1247,SESS-209ED3E2A7,REQ-A010C100B3B1,2026-09-13 21:22:05+00:00
EVT-0004353,IF_OROM_CRMOM_001,ORACLE_SCM,CRM,REST_API,REST,Retry,AUTHZ_403,Caller is not authorized,Authorization,4323,SESS-DD0629E5D4,REQ-4703739BF9FE,2026-09-11 15:59:12+00:00
EVT-0004357,IF_ORIM_ORWMS_001,ORACLE_SCM,ORACLE_SCM,ESB,Sync,Failed,CAP_003,Downstream service is at capacity,Capacity,5135,SESS-B941216BE1,REQ-8A5CF63FCF20,2026-09-16 01:30:20+00:00
EVT-0004365,IF_OROM_CRMOM_001,ORACLE_SCM,CRM,REST_API,REST,Success,,,,2142,SESS-92D0214268,REQ-59BC5E2CEF66,2026-09-11 10:17:53+00:00
EVT-0004368,IF_ORSC_SAPPP_001,ORACLE_SCM,SAP_ERP,Kafka,Async,Success,,,,1552,SESS-490AF7D872,REQ-A40C25404F97,2026-09-15 12:41:52+00:00
EVT-0004370,IF_ORWMS_SAPQM_001,ORACLE_SCM,SAP_ERP,Kafka,Async,Success,,,,2592,SESS-ACB27A213B,REQ-4FAB7E7C4DFE,2026-09-11 13:41:29+00:00
EVT-0004375,IF_ORIM_SAPPROC_001,ORACLE_SCM,SAP_ERP,REST_API,REST,Success,,,,2417,SESS-7A80A58D9D,REQ-0C16F20C9817,2026-09-10 06:57:17+00:00
EVT-0004386,IF_ORWMS_SAPQM_001,ORACLE_SCM,SAP_ERP,Kafka,Async,Success,,,,2383,SESS-5E14B1D01F,REQ-4C32B20E3F8B,2026-09-12 04:38:06+00:00
EVT-0004389,IF_OROM_CRMOM_001,ORACLE_SCM,CRM,REST_API,REST,Success,,,,1089,SESS-52EB7B1EF4,REQ-7D9A81927BF1,2026-09-16 03:13:15+00:00
EVT-0004393,IF_ORWMS_SAPQM_001,ORACLE_SCM,SAP_ERP,Kafka,Async,Retry,DB_COMMIT_014,Transaction commit failed,Database,5505,SESS-AA85ED043D,REQ-7AC50B7BEFA0,2026-09-11 07:30:38+00:00
EVT-0004396,IF_ORSC_ORIM_001,ORACLE_SCM,ORACLE_SCM,ESB,Sync,Success,,,,2273,SESS-11798FBE43,REQ-BC75917A9D03,2026-09-15 22:52:07+00:00
EVT-0004399,IF_ORWMS_SAPQM_001,ORACLE_SCM,SAP_ERP,Kafka,Async,Retry,AUTHZ_403,Caller is not authorized,Authorization,3704,SESS-E461C90384,REQ-7E9720E1940F,2026-09-14 02:50:16+00:00
EVT-0004400,IF_ORIM_ORWMS_001,ORACLE_SCM,ORACLE_SCM,ESB,Sync,Success,,,,815,SESS-2DAE5155F4,REQ-0AE981505B53,2026-09-14 04:10:00+00:00
EVT-0004404,IF_ORWMS_SAPQM_001,ORACLE_SCM,SAP_ERP,Kafka,Async,Success,,,,1463,SESS-9B2BC52E40,REQ-CC4D21E235E5,2026-09-15 12:42:50+00:00
EVT-0004406,IF_ORIM_MESPE_001,ORACLE_SCM,MES,Kafka,Async,Retry,CFG_017,Interface configuration mismatch,Configuration,5344,SESS-E1ED1BC6D4,REQ-AEBBA8A6A680,2026-09-10 16:55:46+00:00
EVT-0004407,IF_ORWMS_OROM_001,ORACLE_SCM,ORACLE_SCM,Kafka,Async,Success,,,,1288,SESS-59BD648826,REQ-EB13A9565AB2,2026-09-11 18:35:10+00:00
EVT-0004409,IF_OROM_CRMOM_001,ORACLE_SCM,CRM,REST_API,REST,Failed,INFRA_008,Runtime node unavailable,Infrastructure,4009,SESS-4C3B07105D,REQ-05D82E92A987,2026-09-16 00:22:22+00:00
EVT-0004410,IF_OROM_CRMOM_001,ORACLE_SCM,CRM,REST_API,REST,Success,,,,2316,SESS-42030396CD,REQ-1B1ECD20D4F5,2026-09-15 18:03:39+00:00
EVT-0004413,IF_ORSC_ORIM_001,ORACLE_SCM,ORACLE_SCM,ESB,Sync,Retry,CFG_017,Interface configuration mismatch,Configuration,4820,SESS-A0D24EA9B7,REQ-DD7708209879,2026-09-12 00:06:41+00:00
EVT-0004416,IF_ORIM_SAPPROC_001,ORACLE_SCM,SAP_ERP,REST_API,REST,Success,,,,1750,SESS-1E4FD76386,REQ-45681A927313,2026-09-11 22:33:40+00:00
EVT-0004420,IF_ORIM_MESPE_001,ORACLE_SCM,MES,Kafka,Async,Success,,,,1434,SESS-3339F23C9F,REQ-AE9FC5B935B8,2026-09-12 03:58:02+00:00
EVT-0004422,IF_ORSC_SAPPP_001,ORACLE_SCM,SAP_ERP,Kafka,Async,Success,,,,1054,SESS-261664B43A,REQ-EA567FBE00AF,2026-09-14 10:13:29+00:00
EVT-0004426,IF_ORSC_ORIM_001,ORACLE_SCM,ORACLE_SCM,ESB,Sync,Success,,,,2707,SESS-11453D2404,REQ-1E30430D00FB,2026-09-13 20:01:38+00:00
EVT-0004446,IF_ORIM_MESPE_001,ORACLE_SCM,MES,Kafka,Async,Failed,TIME_004,Downstream response exceeded SLA,Timeout,4352,SESS-7E8B355597,REQ-0CE1FA7E6140,2026-09-13 21:50:45+00:00
EVT-0004447,IF_ORWMS_SAPQM_001,ORACLE_SCM,SAP_ERP,Kafka,Async,Success,,,,1932,SESS-009DB53EBE,REQ-F715F0F7F493,2026-09-15 09:21:00+00:00
EVT-0004449,IF_ORIM_SAPPROC_001,ORACLE_SCM,SAP_ERP,REST_API,REST,Success,,,,2760,SESS-87A6054248,REQ-B8DC1C84F889,2026-09-14 23:10:53+00:00
EVT-0004452,IF_ORSC_SAPPP_001,ORACLE_SCM,SAP_ERP,Kafka,Async,Failed,TIME_004,Downstream response exceeded SLA,Timeout,11074,SESS-99F4408553,REQ-3EE3172ED1C8,2026-09-16 19:43:34+00:00
EVT-0004453,IF_ORSC_ORIM_001,ORACLE_SCM,ORACLE_SCM,ESB,Sync,Success,,,,3406,SESS-B406509F77,REQ-0A856263B9CD,2026-09-11 11:37:16+00:00
EVT-0004455,IF_ORIM_SAPPROC_001,ORACLE_SCM,SAP_ERP,REST_API,REST,Success,,,,2440,SESS-04EFD689F3,REQ-61BB0394B529,2026-09-11 00:51:32+00:00
EVT-0004459,IF_ORSC_ORIM_001,ORACLE_SCM,ORACLE_SCM,ESB,Sync,Success,,,,1697,SESS-75210F4BC0,REQ-0E28C35FA107,2026-09-11 10:54:11+00:00
EVT-0004461,IF_ORIM_ORWMS_001,ORACLE_SCM,ORACLE_SCM,ESB,Sync,Retry,DB_COMMIT_014,Transaction commit failed,Database,2841,SESS-568B715178,REQ-4EBEF16ED4A9,2026-09-15 00:31:21+00:00
EVT-0004463,IF_ORWMS_OROM_001,ORACLE_SCM,ORACLE_SCM,Kafka,Async,Success,,,,1156,SESS-D2255FAC1F,REQ-33452BAE5705,2026-09-10 03:38:51+00:00
EVT-0004469,IF_ORSC_ORIM_001,ORACLE_SCM,ORACLE_SCM,ESB,Sync,Retry,CAP_003,Downstream service is at capacity,Capacity,4248,SESS-C94DD7C180,REQ-3ACCA42226CE,2026-09-10 16:36:31+00:00
EVT-0004472,IF_ORIM_ORWMS_001,ORACLE_SCM,ORACLE_SCM,ESB,Sync,Success,,,,743,SESS-801FA4C91C,REQ-F92447076DAE,2026-09-13 14:26:18+00:00
EVT-0004473,IF_ORSC_SAPPP_001,ORACLE_SCM,SAP_ERP,Kafka,Async,Failed,INFRA_008,Runtime node unavailable,Infrastructure,9073,SESS-63BBF60709,REQ-528854C629EC,2026-09-16 10:57:10+00:00
EVT-0004474,IF_ORWMS_OROM_001,ORACLE_SCM,ORACLE_SCM,Kafka,Async,Success,,,,1853,SESS-B60E278A19,REQ-02A59EF60329,2026-09-12 10:31:37+00:00
EVT-0004475,IF_ORSC_SAPPP_001,ORACLE_SCM,SAP_ERP,Kafka,Async,Retry,EXT_502,Downstream service returned 502,External Service,5073,SESS-341FFCBA14,REQ-B1FEAF44E262,2026-09-16 15:28:39+00:00
EVT-0004484,IF_ORSC_ORIM_001,ORACLE_SCM,ORACLE_SCM,ESB,Sync,Retry,AUTH_401,Service credential rejected,Authentication,7757,SESS-647335E86E,REQ-607097EA41F2,2026-09-12 01:53:44+00:00
EVT-0004485,IF_ORWMS_SAPQM_001,ORACLE_SCM,SAP_ERP,Kafka,Async,Success,,,,1350,SESS-3E896AA6CC,REQ-7D05C2CF0BCD,2026-09-15 09:12:45+00:00
EVT-0004487,IF_ORIM_ORWMS_001,ORACLE_SCM,ORACLE_SCM,ESB,Sync,Success,,,,830,SESS-5E890701A0,REQ-50D2DA0B81BF,2026-09-15 06:58:54+00:00
EVT-0004489,IF_ORWMS_OROM_001,ORACLE_SCM,ORACLE_SCM,Kafka,Async,Retry,CFG_017,Interface configuration mismatch,Configuration,4857,SESS-C30A23FFFA,REQ-2D6AB286034E,2026-09-14 08:39:19+00:00
EVT-0004496,IF_ORSC_ORIM_001,ORACLE_SCM,ORACLE_SCM,ESB,Sync,Success,,,,2986,SESS-5F94BD211B,REQ-10245D5FD445,2026-09-12 06:57:14+00:00
EVT-0004501,IF_ORSC_ORIM_001,ORACLE_SCM,ORACLE_SCM,ESB,Sync,Success,,,,1693,SESS-C22E9D6B94,REQ-9C4D3AC209CF,2026-09-13 11:37:12+00:00
EVT-0004508,IF_ORIM_MESPE_001,ORACLE_SCM,MES,Kafka,Async,Success,,,,1571,SESS-5232BA9A42,REQ-3BCA1C5DB1A6,2026-09-16 14:26:44+00:00
EVT-0004509,IF_ORWMS_OROM_001,ORACLE_SCM,ORACLE_SCM,Kafka,Async,Success,,,,2085,SESS-52B01743E0,REQ-3C30FE0BBE86,2026-09-13 16:02:13+00:00
EVT-0004511,IF_ORSC_ORIM_001,ORACLE_SCM,ORACLE_SCM,ESB,Sync,Success,,,,2615,SESS-FBC50F7260,REQ-5DC9CC6D1241,2026-09-16 01:35:06+00:00
EVT-0004512,IF_ORSC_ORIM_001,ORACLE_SCM,ORACLE_SCM,ESB,Sync,Success,,,,3769,SESS-2B64FEFC0E,REQ-212DD1D5C70C,2026-09-12 05:52:23+00:00
EVT-0004514,IF_ORSC_SAPPP_001,ORACLE_SCM,SAP_ERP,Kafka,Async,Success,,,,1260,SESS-631309603D,REQ-228D1FEDE98A,2026-09-15 19:14:28+00:00
EVT-0004515,IF_ORIM_SAPPROC_001,ORACLE_SCM,SAP_ERP,REST_API,REST,Success,,,,1760,SESS-F558105D81,REQ-DAAF79690D8D,2026-09-12 16:37:45+00:00
EVT-0004518,IF_ORIM_SAPPROC_001,ORACLE_SCM,SAP_ERP,REST_API,REST,Success,,,,2843,SESS-8C4C28F72E,REQ-D19E33A01719,2026-09-11 04:22:56+00:00
EVT-0004519,IF_ORIM_SAPPROC_001,ORACLE_SCM,SAP_ERP,REST_API,REST,Success,,,,2079,SESS-7F7A912CB4,REQ-CACA581C9869,2026-09-10 05:57:39+00:00
EVT-0004520,IF_OROM_CRMOM_001,ORACLE_SCM,CRM,REST_API,REST,Success,,,,2011,SESS-9A381721B6,REQ-1761A746083E,2026-09-16 06:23:22+00:00
EVT-0004522,IF_ORIM_SAPPROC_001,ORACLE_SCM,SAP_ERP,REST_API,REST,Success,,,,1465,SESS-5553A22F92,REQ-00B0C0A71BA7,2026-09-16 19:34:09+00:00
EVT-0004523,IF_ORSC_SAPPP_001,ORACLE_SCM,SAP_ERP,Kafka,Async,Success,,,,1414,SESS-F166AC32D3,REQ-E4EB3E7DEAB1,2026-09-16 10:03:51+00:00
EVT-0004524,IF_ORIM_ORWMS_001,ORACLE_SCM,ORACLE_SCM,ESB,Sync,Success,,,,713,SESS-D9710D5ECF,REQ-38CF2012067D,2026-09-14 13:14:01+00:00
EVT-0004525,IF_ORSC_SAPPP_001,ORACLE_SCM,SAP_ERP,Kafka,Async,Success,,,,1142,SESS-C0E225EC24,REQ-E5D54B3C8E90,2026-09-11 03:21:13+00:00
EVT-0004526,IF_ORSC_SAPPP_001,ORACLE_SCM,SAP_ERP,Kafka,Async,Success,,,,1541,SESS-49CE605E9F,REQ-E0A561B8F4A8,2026-09-11 17:24:14+00:00
EVT-0004531,IF_ORIM_SAPPROC_001,ORACLE_SCM,SAP_ERP,REST_API,REST,Success,,,,2738,SESS-A7FA0F1742,REQ-00A34F41671F,2026-09-14 06:38:21+00:00
EVT-0004532,IF_ORIM_ORWMS_001,ORACLE_SCM,ORACLE_SCM,ESB,Sync,Success,,,,1148,SESS-10BE81B494,REQ-C2178414A16D,2026-09-15 19:16:45+00:00
EVT-0004537,IF_ORSC_SAPPP_001,ORACLE_SCM,SAP_ERP,Kafka,Async,Failed,TIME_004,Downstream response exceeded SLA,Timeout,3066,SESS-C79FA0D6A3,REQ-6481D7A49993,2026-09-13 13:06:12+00:00
EVT-0004541,IF_ORWMS_OROM_001,ORACLE_SCM,ORACLE_SCM,Kafka,Async,Success,,,,1645,SESS-8DA7FB61E0,REQ-FD0DFF9D0548,2026-09-10 23:55:39+00:00
EVT-0004543,IF_ORIM_ORWMS_001,ORACLE_SCM,ORACLE_SCM,ESB,Sync,Retry,INFRA_008,Runtime node unavailable,Infrastructure,2870,SESS-2A7E551D30,REQ-847572564250,2026-09-16 01:02:08+00:00
EVT-0004545,IF_ORIM_ORWMS_001,ORACLE_SCM,ORACLE_SCM,ESB,Sync,Success,,,,785,SESS-7B610B4D75,REQ-513954B2261E,2026-09-11 03:22:07+00:00
EVT-0004549,IF_ORSC_SAPPP_001,ORACLE_SCM,SAP_ERP,Kafka,Async,Success,,,,1493,SESS-7F57E8F43B,REQ-ACBE745CD9E5,2026-09-15 20:40:50+00:00
EVT-0004552,IF_ORIM_ORWMS_001,ORACLE_SCM,ORACLE_SCM,ESB,Sync,Retry,VAL_400,Required business field failed validation,Validation,3259,SESS-F3D2506D3E,REQ-B357A8CA1A4E,2026-09-14 19:30:48+00:00
EVT-0004553,IF_ORIM_MESPE_001,ORACLE_SCM,MES,Kafka,Async,Success,,,,1816,SESS-E8A2356058,REQ-85F6818AEE91,2026-09-15 21:27:25+00:00
EVT-0004555,IF_ORWMS_SAPQM_001,ORACLE_SCM,SAP_ERP,Kafka,Async,Success,,,,2875,SESS-9593143266,REQ-BE8E2A4AA0E5,2026-09-12 04:17:54+00:00
EVT-0004559,IF_ORWMS_SAPQM_001,ORACLE_SCM,SAP_ERP,Kafka,Async,Success,,,,2591,SESS-9E1AA16F8A,REQ-258B7D70F2A3,2026-09-10 12:20:05+00:00
EVT-0004565,IF_OROM_CRMOM_001,ORACLE_SCM,CRM,REST_API,REST,Failed,CAP_003,Downstream service is at capacity,Capacity,17226,SESS-1726ED7CD7,REQ-D7AC65DE155B,2026-09-13 20:27:57+00:00
EVT-0004573,IF_ORSC_SAPPP_001,ORACLE_SCM,SAP_ERP,Kafka,Async,Success,,,,989,SESS-F88A2B7F47,REQ-1099517D3B25,2026-09-10 00:31:09+00:00
EVT-0004575,IF_ORWMS_OROM_001,ORACLE_SCM,ORACLE_SCM,Kafka,Async,Success,,,,1425,SESS-2C7AE4E4C4,REQ-F4B82B11D6F4,2026-09-10 01:12:21+00:00
EVT-0004583,IF_ORSC_SAPPP_001,ORACLE_SCM,SAP_ERP,Kafka,Async,Success,,,,733,SESS-D5F89626A5,REQ-120992842E45,2026-09-13 20:19:54+00:00
EVT-0004586,IF_ORWMS_OROM_001,ORACLE_SCM,ORACLE_SCM,Kafka,Async,Retry,CFG_017,Interface configuration mismatch,Configuration,2987,SESS-7A76957A24,REQ-78CB9C372AD1,2026-09-15 13:42:10+00:00
EVT-0004587,IF_ORIM_SAPPROC_001,ORACLE_SCM,SAP_ERP,REST_API,REST,Failed,EXT_502,Downstream service returned 502,External Service,6159,SESS-AF426729DF,REQ-0669253E7008,2026-09-13 09:54:23+00:00
EVT-0004588,IF_OROM_CRMOM_001,ORACLE_SCM,CRM,REST_API,REST,Success,,,,2095,SESS-F81DAAF7CA,REQ-E2BE43F0DE43,2026-09-11 17:25:33+00:00
EVT-0004589,IF_ORWMS_OROM_001,ORACLE_SCM,ORACLE_SCM,Kafka,Async,Success,,,,1870,SESS-266AA99A40,REQ-1E293A5B7418,2026-09-13 13:12:18+00:00
EVT-0004596,IF_OROM_CRMOM_001,ORACLE_SCM,CRM,REST_API,REST,Success,,,,1841,SESS-3935E708BC,REQ-5545FD9962A2,2026-09-16 04:37:24+00:00
EVT-0004598,IF_ORWMS_OROM_001,ORACLE_SCM,ORACLE_SCM,Kafka,Async,Retry,CAP_003,Downstream service is at capacity,Capacity,5003,SESS-015F63BBA3,REQ-B683D16AE45B,2026-09-10 21:18:53+00:00
EVT-0004600,IF_ORSC_SAPPP_001,ORACLE_SCM,SAP_ERP,Kafka,Async,Retry,DB_COMMIT_014,Transaction commit failed,Database,4948,SESS-9383636806,REQ-6F95E1ED82E2,2026-09-16 04:34:35+00:00
EVT-0004603,IF_ORIM_SAPPROC_001,ORACLE_SCM,SAP_ERP,REST_API,REST,Success,,,,2786,SESS-7E3FCA9872,REQ-5709D2828DD9,2026-09-12 12:15:12+00:00
EVT-0004605,IF_ORSC_SAPPP_001,ORACLE_SCM,SAP_ERP,Kafka,Async,Success,,,,1459,SESS-796377C8CC,REQ-D0676991C317,2026-09-14 06:38:00+00:00
EVT-0004612,IF_ORWMS_OROM_001,ORACLE_SCM,ORACLE_SCM,Kafka,Async,Success,,,,1128,SESS-6936F5EBB1,REQ-BC15CEF11964,2026-09-14 04:11:39+00:00
EVT-0004615,IF_ORIM_SAPPROC_001,ORACLE_SCM,SAP_ERP,REST_API,REST,Success,,,,2087,SESS-DA8D6EAC88,REQ-1FFC718C02BB,2026-09-15 16:38:41+00:00
EVT-0004618,IF_ORWMS_SAPQM_001,ORACLE_SCM,SAP_ERP,Kafka,Async,Retry,VAL_400,Required business field failed validation,Validation,6208,SESS-A1DCEAF79C,REQ-BEFED9A68888,2026-09-15 18:11:33+00:00
EVT-0004620,IF_ORSC_ORIM_001,ORACLE_SCM,ORACLE_SCM,ESB,Sync,Success,,,,1681,SESS-154D2EA301,REQ-AA0DD06160A8,2026-09-16 18:35:32+00:00
EVT-0004621,IF_ORSC_ORIM_001,ORACLE_SCM,ORACLE_SCM,ESB,Sync,Success,,,,1159,SESS-DE8BACACB1,REQ-D169F72AF14C,2026-09-15 04:26:38+00:00
EVT-0004625,IF_ORWMS_SAPQM_001,ORACLE_SCM,SAP_ERP,Kafka,Async,Success,,,,2915,SESS-6346AF7DF6,REQ-EC450C857A6F,2026-09-16 17:53:17+00:00
EVT-0004626,IF_ORWMS_SAPQM_001,ORACLE_SCM,SAP_ERP,Kafka,Async,Success,,,,2278,SESS-43312E0253,REQ-34590D2B091C,2026-09-14 14:50:04+00:00
EVT-0004628,IF_ORIM_ORWMS_001,ORACLE_SCM,ORACLE_SCM,ESB,Sync,Success,,,,956,SESS-12BC952D95,REQ-1C6E23C391B4,2026-09-13 21:12:54+00:00
EVT-0004629,IF_ORWMS_OROM_001,ORACLE_SCM,ORACLE_SCM,Kafka,Async,Retry,NET_CONN_003,Connection reset by peer,Network,2836,SESS-19AD3BC607,REQ-5556A7F5F9D6,2026-09-10 07:17:09+00:00
EVT-0004639,IF_ORIM_ORWMS_001,ORACLE_SCM,ORACLE_SCM,ESB,Sync,Retry,CAP_003,Downstream service is at capacity,Capacity,3556,SESS-C030E41350,REQ-709984BBD5B2,2026-09-15 15:12:46+00:00
EVT-0004641,IF_ORIM_MESPE_001,ORACLE_SCM,MES,Kafka,Async,Success,,,,1262,SESS-F51003D4EC,REQ-4168F08595BC,2026-09-14 20:43:11+00:00
EVT-0004645,IF_OROM_CRMOM_001,ORACLE_SCM,CRM,REST_API,REST,Retry,INFRA_008,Runtime node unavailable,Infrastructure,6996,SESS-424B0B6A85,REQ-2B0B2D85613E,2026-09-14 21:31:50+00:00
EVT-0004646,IF_ORIM_MESPE_001,ORACLE_SCM,MES,Kafka,Async,Success,,,,1218,SESS-0CE735D127,REQ-E55CEDF4382F,2026-09-16 00:52:15+00:00
EVT-0004647,IF_ORWMS_SAPQM_001,ORACLE_SCM,SAP_ERP,Kafka,Async,Success,,,,2706,SESS-9794C6BB8C,REQ-85526886F7B5,2026-09-11 17:14:44+00:00
EVT-0004652,IF_ORIM_ORWMS_001,ORACLE_SCM,ORACLE_SCM,ESB,Sync,Retry,EXT_502,Downstream service returned 502,External Service,1964,SESS-A40BCA6E72,REQ-4A9FDCD79578,2026-09-14 06:12:38+00:00
EVT-0004653,IF_ORIM_SAPPROC_001,ORACLE_SCM,SAP_ERP,REST_API,REST,Retry,CFG_017,Interface configuration mismatch,Configuration,7531,SESS-BF99CC1C4F,REQ-FA5FB9B8B39E,2026-09-10 01:05:10+00:00
EVT-0004657,IF_OROM_CRMOM_001,ORACLE_SCM,CRM,REST_API,REST,Success,,,,1805,SESS-7A576DC033,REQ-69116082C4C5,2026-09-11 08:12:42+00:00
EVT-0004659,IF_ORIM_MESPE_001,ORACLE_SCM,MES,Kafka,Async,Retry,TIME_004,Downstream response exceeded SLA,Timeout,4440,SESS-FC0E1B2A82,REQ-745D188F111F,2026-09-13 01:57:55+00:00
EVT-0004666,IF_ORSC_SAPPP_001,ORACLE_SCM,SAP_ERP,Kafka,Async,Success,,,,1853,SESS-31E82178E2,REQ-2FE0E9C19FE5,2026-09-14 05:25:48+00:00
EVT-0004670,IF_ORWMS_SAPQM_001,ORACLE_SCM,SAP_ERP,Kafka,Async,Success,,,,2129,SESS-4BC51E0E69,REQ-9F6F1805B8BC,2026-09-10 01:05:14+00:00
EVT-0004672,IF_ORSC_SAPPP_001,ORACLE_SCM,SAP_ERP,Kafka,Async,Success,,,,1016,SESS-0449C2AAAA,REQ-54D1A0462247,2026-09-14 23:41:53+00:00
EVT-0004673,IF_ORSC_SAPPP_001,ORACLE_SCM,SAP_ERP,Kafka,Async,Success,,,,1585,SESS-75ED77B20A,REQ-A03BDD9545B2,2026-09-16 04:36:00+00:00
EVT-0004674,IF_ORSC_ORIM_001,ORACLE_SCM,ORACLE_SCM,ESB,Sync,Success,,,,2114,SESS-35796118F9,REQ-2822E981723E,2026-09-12 20:11:53+00:00
EVT-0004680,IF_ORSC_SAPPP_001,ORACLE_SCM,SAP_ERP,Kafka,Async,Retry,DB_COMMIT_014,Transaction commit failed,Database,3695,SESS-7620C89EC0,REQ-904B92670B7E,2026-09-11 07:03:03+00:00
EVT-0004681,IF_ORIM_SAPPROC_001,ORACLE_SCM,SAP_ERP,REST_API,REST,Success,,,,2838,SESS-10C3D4C51C,REQ-6F0EBB3E7F78,2026-09-13 20:59:15+00:00
EVT-0004689,IF_ORWMS_OROM_001,ORACLE_SCM,ORACLE_SCM,Kafka,Async,Success,,,,1555,SESS-8615F441DE,REQ-951D6CE7863D,2026-09-14 03:38:51+00:00
EVT-0004691,IF_ORSC_ORIM_001,ORACLE_SCM,ORACLE_SCM,ESB,Sync,Success,,,,2505,SESS-BB39DD8D17,REQ-E2BE546A4944,2026-09-13 14:56:36+00:00
EVT-0004692,IF_ORIM_MESPE_001,ORACLE_SCM,MES,Kafka,Async,Success,,,,1585,SESS-3B8292AAE8,REQ-EBE417E85C4B,2026-09-11 08:59:59+00:00
EVT-0004693,IF_ORSC_SAPPP_001,ORACLE_SCM,SAP_ERP,Kafka,Async,Success,,,,1645,SESS-001E779BAA,REQ-8F006714C2FA,2026-09-13 17:42:42+00:00
EVT-0004694,IF_ORWMS_SAPQM_001,ORACLE_SCM,SAP_ERP,Kafka,Async,Success,,,,2612,SESS-14B72FA2BF,REQ-CDA89902238B,2026-09-14 03:19:16+00:00
EVT-0004697,IF_ORWMS_OROM_001,ORACLE_SCM,ORACLE_SCM,Kafka,Async,Success,,,,1686,SESS-CE2F8A0ED6,REQ-DA6627F301D0,2026-09-12 20:48:59+00:00
EVT-0004699,IF_ORSC_SAPPP_001,ORACLE_SCM,SAP_ERP,Kafka,Async,Success,,,,1338,SESS-72652026B7,REQ-D7D0C078340D,2026-09-16 10:44:03+00:00
EVT-0004703,IF_ORIM_SAPPROC_001,ORACLE_SCM,SAP_ERP,REST_API,REST,Success,,,,2195,SESS-DB77B158A2,REQ-064B5083D709,2026-09-16 21:01:12+00:00
EVT-0004708,IF_ORSC_ORIM_001,ORACLE_SCM,ORACLE_SCM,ESB,Sync,Success,,,,1449,SESS-C9C6B0709B,REQ-99DED18876CE,2026-09-15 15:55:05+00:00
EVT-0004709,IF_ORIM_SAPPROC_001,ORACLE_SCM,SAP_ERP,REST_API,REST,Success,,,,2794,SESS-AACAE2104C,REQ-6C7DEEC8A5B2,2026-09-16 14:50:01+00:00
EVT-0004711,IF_ORIM_MESPE_001,ORACLE_SCM,MES,Kafka,Async,Success,,,,2098,SESS-F49D829684,REQ-C2429846C094,2026-09-15 06:41:11+00:00
EVT-0004716,IF_ORWMS_OROM_001,ORACLE_SCM,ORACLE_SCM,Kafka,Async,Success,,,,1227,SESS-F3270D1CF6,REQ-45B3ABBA05B4,2026-09-13 09:59:54+00:00
EVT-0004717,IF_ORIM_ORWMS_001,ORACLE_SCM,ORACLE_SCM,ESB,Sync,Success,,,,955,SESS-FBA2E3BBD3,REQ-F1A5224017E8,2026-09-12 21:12:15+00:00
EVT-0004719,IF_ORIM_ORWMS_001,ORACLE_SCM,ORACLE_SCM,ESB,Sync,Failed,CAP_003,Downstream service is at capacity,Capacity,4248,SESS-03CC299D17,REQ-D6F4B20768E6,2026-09-14 12:11:27+00:00
EVT-0004726,IF_ORSC_ORIM_001,ORACLE_SCM,ORACLE_SCM,ESB,Sync,Success,,,,2198,SESS-A3CC4CA5CC,REQ-9A17964070DA,2026-09-14 04:24:50+00:00
EVT-0004730,IF_ORIM_ORWMS_001,ORACLE_SCM,ORACLE_SCM,ESB,Sync,Success,,,,601,SESS-6E5BD4A431,REQ-A5D9DE56E011,2026-09-14 14:06:05+00:00
EVT-0004732,IF_OROM_CRMOM_001,ORACLE_SCM,CRM,REST_API,REST,Retry,VAL_400,Required business field failed validation,Validation,6931,SESS-BEF150A468,REQ-A4A4A4702598,2026-09-11 22:37:42+00:00
EVT-0004734,IF_ORIM_MESPE_001,ORACLE_SCM,MES,Kafka,Async,Success,,,,1297,SESS-D45CD74EC5,REQ-55C5C2BA4869,2026-09-15 16:53:03+00:00
EVT-0004736,IF_OROM_CRMOM_001,ORACLE_SCM,CRM,REST_API,REST,Success,,,,2585,SESS-0A20D635AE,REQ-71FB35DEE8CE,2026-09-15 01:41:20+00:00
EVT-0004737,IF_OROM_CRMOM_001,ORACLE_SCM,CRM,REST_API,REST,Success,,,,2249,SESS-37C69280AD,REQ-57743033BCEF,2026-09-12 04:58:09+00:00
EVT-0004743,IF_ORIM_MESPE_001,ORACLE_SCM,MES,Kafka,Async,Retry,AUTHZ_403,Caller is not authorized,Authorization,4644,SESS-00DECC8049,REQ-0BB05F56D0F7,2026-09-12 17:20:29+00:00
EVT-0004747,IF_ORWMS_OROM_001,ORACLE_SCM,ORACLE_SCM,Kafka,Async,Success,,,,1558,SESS-8BE5F54CEF,REQ-103085DBB4B2,2026-09-16 00:43:27+00:00
EVT-0004749,IF_ORIM_ORWMS_001,ORACLE_SCM,ORACLE_SCM,ESB,Sync,Success,,,,1055,SESS-8147F86321,REQ-6BE27B848418,2026-09-10 11:51:42+00:00
EVT-0004750,IF_ORSC_ORIM_001,ORACLE_SCM,ORACLE_SCM,ESB,Sync,Retry,VAL_400,Required business field failed validation,Validation,4121,SESS-ACD4DC178B,REQ-81AC71F83800,2026-09-12 11:07:08+00:00
EVT-0004752,IF_ORSC_SAPPP_001,ORACLE_SCM,SAP_ERP,Kafka,Async,Success,,,,1543,SESS-505DED9B57,REQ-367EFAB44E47,2026-09-10 09:14:11+00:00
EVT-0004755,IF_ORWMS_SAPQM_001,ORACLE_SCM,SAP_ERP,Kafka,Async,Success,,,,2461,SESS-9CC78666DE,REQ-C6B0124F176E,2026-09-14 19:54:15+00:00
EVT-0004767,IF_ORSC_ORIM_001,ORACLE_SCM,ORACLE_SCM,ESB,Sync,Retry,VAL_400,Required business field failed validation,Validation,3718,SESS-2B301F5DDB,REQ-BAD133C49FD4,2026-09-14 16:28:25+00:00
EVT-0004768,IF_ORIM_ORWMS_001,ORACLE_SCM,ORACLE_SCM,ESB,Sync,Retry,TIME_004,Downstream response exceeded SLA,Timeout,1509,SESS-8EE82B824D,REQ-438CCEC5032F,2026-09-13 10:43:08+00:00
EVT-0004771,IF_ORWMS_SAPQM_001,ORACLE_SCM,SAP_ERP,Kafka,Async,Failed,NET_CONN_003,Connection reset by peer,Network,17200,SESS-91588B0023,REQ-7673926EB96E,2026-09-15 19:28:20+00:00
EVT-0004773,IF_ORIM_SAPPROC_001,ORACLE_SCM,SAP_ERP,REST_API,REST,Success,,,,2264,SESS-7C6D256BDF,REQ-5531C83FA073,2026-09-13 15:52:08+00:00
EVT-0004774,IF_ORWMS_OROM_001,ORACLE_SCM,ORACLE_SCM,Kafka,Async,Success,,,,1375,SESS-B3DE380648,REQ-35B8741A96F8,2026-09-14 12:49:08+00:00
EVT-0004778,IF_ORIM_ORWMS_001,ORACLE_SCM,ORACLE_SCM,ESB,Sync,Retry,EXT_502,Downstream service returned 502,External Service,1807,SESS-1C05B46D39,REQ-770FFF81C8B8,2026-09-16 09:56:12+00:00
EVT-0004780,IF_ORWMS_SAPQM_001,ORACLE_SCM,SAP_ERP,Kafka,Async,Retry,NET_CONN_003,Connection reset by peer,Network,4194,SESS-3CCAE295A9,REQ-5AE925425CEB,2026-09-15 13:31:24+00:00
EVT-0004784,IF_ORSC_ORIM_001,ORACLE_SCM,ORACLE_SCM,ESB,Sync,Success,,,,2253,SESS-121B149B95,REQ-841E113A3171,2026-09-11 19:52:48+00:00
EVT-0004785,IF_ORSC_SAPPP_001,ORACLE_SCM,SAP_ERP,Kafka,Async,Success,,,,1608,SESS-FAF1811A88,REQ-7C4231489459,2026-09-16 23:45:23+00:00
EVT-0004786,IF_ORIM_ORWMS_001,ORACLE_SCM,ORACLE_SCM,ESB,Sync,Success,,,,965,SESS-35D6676912,REQ-8E80BB7699A9,2026-09-14 12:49:58+00:00
EVT-0004791,IF_ORIM_MESPE_001,ORACLE_SCM,MES,Kafka,Async,Success,,,,1275,SESS-347AEC4B34,REQ-917659E68401,2026-09-13 23:39:23+00:00
EVT-0004792,IF_ORIM_SAPPROC_001,ORACLE_SCM,SAP_ERP,REST_API,REST,Success,,,,2605,SESS-3DD30E6FE3,REQ-9283C698BC24,2026-09-14 07:42:19+00:00
EVT-0004793,IF_OROM_CRMOM_001,ORACLE_SCM,CRM,REST_API,REST,Success,,,,2548,SESS-443EF5BF39,REQ-5F70F1EC6BB1,2026-09-13 13:12:42+00:00
EVT-0004811,IF_ORWMS_SAPQM_001,ORACLE_SCM,SAP_ERP,Kafka,Async,Success,,,,2334,SESS-57FCA99637,REQ-CC6CE9C60611,2026-09-11 04:52:22+00:00
EVT-0004822,IF_ORSC_SAPPP_001,ORACLE_SCM,SAP_ERP,Kafka,Async,Success,,,,1692,SESS-819CF6982B,REQ-E81172796EAF,2026-09-11 12:47:25+00:00
EVT-0004824,IF_ORIM_ORWMS_001,ORACLE_SCM,ORACLE_SCM,ESB,Sync,Success,,,,707,SESS-FA080F4B6B,REQ-51BFA905D621,2026-09-12 16:55:55+00:00
EVT-0004825,IF_ORIM_SAPPROC_001,ORACLE_SCM,SAP_ERP,REST_API,REST,Success,,,,3168,SESS-B50850B0C4,REQ-842EE919520B,2026-09-11 00:29:15+00:00
EVT-0004829,IF_ORSC_SAPPP_001,ORACLE_SCM,SAP_ERP,Kafka,Async,Success,,,,750,SESS-E7B97974BA,REQ-1D7EB10CB6F6,2026-09-10 05:48:17+00:00
EVT-0004831,IF_ORIM_MESPE_001,ORACLE_SCM,MES,Kafka,Async,Success,,,,1610,SESS-53BA10299F,REQ-D056AC5DDA88,2026-09-14 08:02:18+00:00
EVT-0004838,IF_ORWMS_SAPQM_001,ORACLE_SCM,SAP_ERP,Kafka,Async,Success,,,,2564,SESS-E3DD377642,REQ-A3252B3E4EAC,2026-09-15 17:38:12+00:00
EVT-0004842,IF_ORWMS_SAPQM_001,ORACLE_SCM,SAP_ERP,Kafka,Async,Success,,,,1751,SESS-164911702A,REQ-60B1E42E7016,2026-09-13 10:13:06+00:00
EVT-0004844,IF_OROM_CRMOM_001,ORACLE_SCM,CRM,REST_API,REST,Success,,,,2157,SESS-9A283A669E,REQ-44851763BCA1,2026-09-14 00:41:52+00:00
EVT-0004845,IF_ORIM_MESPE_001,ORACLE_SCM,MES,Kafka,Async,Success,,,,1438,SESS-4505DBCDAF,REQ-3965F28CAB57,2026-09-11 09:26:01+00:00
EVT-0004853,IF_ORSC_SAPPP_001,ORACLE_SCM,SAP_ERP,Kafka,Async,Success,,,,1453,SESS-0D5283EB5D,REQ-0F33B3FA7CEE,2026-09-12 06:32:10+00:00
EVT-0004855,IF_ORIM_MESPE_001,ORACLE_SCM,MES,Kafka,Async,Success,,,,1495,SESS-76038A3CE3,REQ-7BF686C3D02E,2026-09-13 01:37:10+00:00
EVT-0004859,IF_ORIM_SAPPROC_001,ORACLE_SCM,SAP_ERP,REST_API,REST,Success,,,,2125,SESS-175DB3FD35,REQ-20C03C6BA51C,2026-09-15 00:03:50+00:00
EVT-0004861,IF_ORSC_ORIM_001,ORACLE_SCM,ORACLE_SCM,ESB,Sync,Success,,,,2568,SESS-18E7D4B613,REQ-290F968A730F,2026-09-12 17:02:38+00:00
EVT-0004862,IF_ORIM_SAPPROC_001,ORACLE_SCM,SAP_ERP,REST_API,REST,Success,,,,2741,SESS-34C8FEDCCB,REQ-0B1EFC2999ED,2026-09-11 05:24:23+00:00
EVT-0004865,IF_OROM_CRMOM_001,ORACLE_SCM,CRM,REST_API,REST,Success,,,,1438,SESS-DD791E7BA8,REQ-2A18B759B95D,2026-09-10 23:08:10+00:00
EVT-0004870,IF_OROM_CRMOM_001,ORACLE_SCM,CRM,REST_API,REST,Success,,,,1952,SESS-D9C554D172,REQ-FCEA6100D567,2026-09-13 05:45:46+00:00
EVT-0004875,IF_OROM_CRMOM_001,ORACLE_SCM,CRM,REST_API,REST,Success,,,,2053,SESS-9F5BA9B03A,REQ-62F9CF66E4A6,2026-09-14 16:19:00+00:00
EVT-0004877,IF_ORSC_ORIM_001,ORACLE_SCM,ORACLE_SCM,ESB,Sync,Success,,,,2910,SESS-0302B47445,REQ-7A3A492F93F7,2026-09-14 10:18:30+00:00
EVT-0004879,IF_ORSC_ORIM_001,ORACLE_SCM,ORACLE_SCM,ESB,Sync,Success,,,,2498,SESS-E3E81F880A,REQ-56B7914A84A1,2026-09-14 21:30:51+00:00
EVT-0004881,IF_OROM_CRMOM_001,ORACLE_SCM,CRM,REST_API,REST,Retry,AUTH_401,Service credential rejected,Authentication,3996,SESS-E685C8D838,REQ-A3FF3A4F2780,2026-09-12 15:58:08+00:00
EVT-0004885,IF_ORSC_SAPPP_001,ORACLE_SCM,SAP_ERP,Kafka,Async,Success,,,,1712,SESS-5C89D88A43,REQ-5BD838EC2BB0,2026-09-12 14:36:49+00:00
EVT-0004893,IF_ORWMS_SAPQM_001,ORACLE_SCM,SAP_ERP,Kafka,Async,Success,,,,1718,SESS-0B5392E556,REQ-246217D18512,2026-09-14 04:03:21+00:00
EVT-0004894,IF_ORIM_MESPE_001,ORACLE_SCM,MES,Kafka,Async,Success,,,,1507,SESS-0AD6F90856,REQ-80F66307CFEF,2026-09-14 20:58:51+00:00
EVT-0004895,IF_ORIM_ORWMS_001,ORACLE_SCM,ORACLE_SCM,ESB,Sync,Success,,,,846,SESS-0E77B9B47C,REQ-2D69C948D343,2026-09-16 10:22:07+00:00
EVT-0004898,IF_ORIM_MESPE_001,ORACLE_SCM,MES,Kafka,Async,Success,,,,1317,SESS-A8299637FB,REQ-4C612F07E25F,2026-09-16 16:10:01+00:00
EVT-0004899,IF_ORIM_SAPPROC_001,ORACLE_SCM,SAP_ERP,REST_API,REST,Success,,,,2215,SESS-BA0EA5B054,REQ-C0196C7E4F1A,2026-09-10 18:24:04+00:00
EVT-0004901,IF_ORIM_MESPE_001,ORACLE_SCM,MES,Kafka,Async,Success,,,,1008,SESS-0E3FFCDB93,REQ-57E8E6F85E84,2026-09-12 13:07:33+00:00
EVT-0004903,IF_ORIM_MESPE_001,ORACLE_SCM,MES,Kafka,Async,Retry,NET_CONN_003,Connection reset by peer,Network,5097,SESS-F8FB575E91,REQ-45B988055614,2026-09-16 03:48:40+00:00
EVT-0004916,IF_ORSC_SAPPP_001,ORACLE_SCM,SAP_ERP,Kafka,Async,Success,,,,1628,SESS-F5ABE35FD9,REQ-DB7ED320F7AB,2026-09-10 18:02:30+00:00
EVT-0004920,IF_ORSC_ORIM_001,ORACLE_SCM,ORACLE_SCM,ESB,Sync,Success,,,,2739,SESS-D1B5CE7784,REQ-6D9E84438D36,2026-09-14 03:22:18+00:00
EVT-0004924,IF_ORSC_ORIM_001,ORACLE_SCM,ORACLE_SCM,ESB,Sync,Success,,,,1851,SESS-59547BB3D1,REQ-1DBB75BF1420,2026-09-10 16:17:36+00:00
EVT-0004928,IF_ORSC_ORIM_001,ORACLE_SCM,ORACLE_SCM,ESB,Sync,Success,,,,2132,SESS-7DD8CDD1C1,REQ-4F24266AE351,2026-09-14 04:14:01+00:00
EVT-0004930,IF_ORIM_MESPE_001,ORACLE_SCM,MES,Kafka,Async,Success,,,,1313,SESS-D590D9C9D4,REQ-90AF0EB734AB,2026-09-11 16:37:36+00:00
EVT-0004935,IF_ORSC_ORIM_001,ORACLE_SCM,ORACLE_SCM,ESB,Sync,Success,,,,2538,SESS-489CFFF937,REQ-AFFE8D2E9D7D,2026-09-12 00:36:36+00:00
EVT-0004937,IF_ORIM_ORWMS_001,ORACLE_SCM,ORACLE_SCM,ESB,Sync,Success,,,,982,SESS-9BE5B9C6E6,REQ-6A3CFD25DCCC,2026-09-11 02:17:35+00:00
EVT-0004940,IF_ORWMS_OROM_001,ORACLE_SCM,ORACLE_SCM,Kafka,Async,Success,,,,966,SESS-3813E3A49B,REQ-CDC98BCF24E8,2026-09-12 11:49:24+00:00
EVT-0004944,IF_ORSC_ORIM_001,ORACLE_SCM,ORACLE_SCM,ESB,Sync,Success,,,,1777,SESS-211366919B,REQ-A9EF3AD24CC5,2026-09-12 03:38:03+00:00
EVT-0004946,IF_OROM_CRMOM_001,ORACLE_SCM,CRM,REST_API,REST,Success,,,,2449,SESS-B26ADD150F,REQ-03C808E1DCDA,2026-09-10 04:52:10+00:00
EVT-0004947,IF_ORWMS_OROM_001,ORACLE_SCM,ORACLE_SCM,Kafka,Async,Failed,CAP_003,Downstream service is at capacity,Capacity,2778,SESS-F445627B36,REQ-D08F59A602B7,2026-09-12 23:11:55+00:00
EVT-0004951,IF_ORIM_MESPE_001,ORACLE_SCM,MES,Kafka,Async,Success,,,,1655,SESS-5684297E80,REQ-0A4B7E8DE214,2026-09-10 22:45:26+00:00
EVT-0004952,IF_ORSC_ORIM_001,ORACLE_SCM,ORACLE_SCM,ESB,Sync,Success,,,,2503,SESS-6441528D22,REQ-8DB7592D7592,2026-09-12 02:32:17+00:00
EVT-0004956,IF_OROM_CRMOM_001,ORACLE_SCM,CRM,REST_API,REST,Failed,DB_COMMIT_014,Transaction commit failed,Database,11195,SESS-AC7CA4F4BA,REQ-17170A6BD920,2026-09-12 12:45:21+00:00
EVT-0004958,IF_ORIM_ORWMS_001,ORACLE_SCM,ORACLE_SCM,ESB,Sync,Success,,,,1035,SESS-8D019AC19A,REQ-00698684DDEB,2026-09-13 20:34:05+00:00
EVT-0004959,IF_ORWMS_OROM_001,ORACLE_SCM,ORACLE_SCM,Kafka,Async,Success,,,,1197,SESS-F627E3F695,REQ-A4B76B41DE4F,2026-09-12 18:16:04+00:00
EVT-0004963,IF_ORSC_SAPPP_001,ORACLE_SCM,SAP_ERP,Kafka,Async,Success,,,,1474,SESS-CA1DA01463,REQ-84F33B8ADC97,2026-09-10 20:20:27+00:00
EVT-0004966,IF_OROM_CRMOM_001,ORACLE_SCM,CRM,REST_API,REST,Success,,,,2518,SESS-17D61BBD04,REQ-02D476685287,2026-09-15 19:06:01+00:00
EVT-0004969,IF_ORIM_SAPPROC_001,ORACLE_SCM,SAP_ERP,REST_API,REST,Success,,,,2370,SESS-CCF787D202,REQ-0A9577B2AD77,2026-09-13 14:26:42+00:00
EVT-0004974,IF_ORWMS_SAPQM_001,ORACLE_SCM,SAP_ERP,Kafka,Async,Retry,VAL_400,Required business field failed validation,Validation,5577,SESS-31AA1F702A,REQ-FFFC554F4213,2026-09-10 14:35:48+00:00
EVT-0004981,IF_ORWMS_OROM_001,ORACLE_SCM,ORACLE_SCM,Kafka,Async,Success,,,,1325,SESS-2E61254A97,REQ-5F10C0B9F80B,2026-09-14 14:09:26+00:00
EVT-0004983,IF_ORSC_SAPPP_001,ORACLE_SCM,SAP_ERP,Kafka,Async,Success,,,,851,SESS-A44D8C4167,REQ-B6CCD8ED768A,2026-09-12 02:10:54+00:00
EVT-0004992,IF_ORSC_SAPPP_001,ORACLE_SCM,SAP_ERP,Kafka,Async,Success,,,,1687,SESS-F1E72F0373,REQ-B74D5BDAA238,2026-09-12 14:07:04+00:00
EVT-0004993,IF_ORSC_SAPPP_001,ORACLE_SCM,SAP_ERP,Kafka,Async,Success,,,,1595,SESS-157D4B2933,REQ-0AD4512E4EA2,2026-09-11 05:48:46+00:00
EVT-0004995,IF_OROM_CRMOM_001,ORACLE_SCM,CRM,REST_API,REST,Success,,,,2237,SESS-18E26FB514,REQ-16E0FCE74DEC,2026-09-11 08:54:04+00:00
EVT-0005009,IF_ORIM_SAPPROC_001,ORACLE_SCM,SAP_ERP,REST_API,REST,Success,,,,1725,SESS-1524468CE2,REQ-810B6DAD0E0E,2026-09-16 04:20:42+00:00
EVT-0005011,IF_ORWMS_OROM_001,ORACLE_SCM,ORACLE_SCM,Kafka,Async,Retry,EXT_502,Downstream service returned 502,External Service,3434,SESS-857AA714D4,REQ-8456E3000292,2026-09-14 17:13:55+00:00
EVT-0005017,IF_ORIM_SAPPROC_001,ORACLE_SCM,SAP_ERP,REST_API,REST,Failed,CAP_003,Downstream service is at capacity,Capacity,2943,SESS-83251986D2,REQ-8CA974A3F107,2026-09-11 14:07:33+00:00
EVT-0005018,IF_ORIM_ORWMS_001,ORACLE_SCM,ORACLE_SCM,ESB,Sync,Success,,,,605,SESS-57CC3F161F,REQ-260AEAE960C5,2026-09-10 08:17:21+00:00
EVT-0005024,IF_ORSC_SAPPP_001,ORACLE_SCM,SAP_ERP,Kafka,Async,Success,,,,1511,SESS-B7EFFCFDD1,REQ-514D98854237,2026-09-11 23:49:49+00:00
EVT-0005025,IF_ORSC_ORIM_001,ORACLE_SCM,ORACLE_SCM,ESB,Sync,Success,,,,2188,SESS-E1D992B81F,REQ-EA470D2AFA0F,2026-09-14 04:36:51+00:00
EVT-0005029,IF_ORIM_SAPPROC_001,ORACLE_SCM,SAP_ERP,REST_API,REST,Success,,,,1509,SESS-E648323B32,REQ-2F600279C8A2,2026-09-15 22:30:57+00:00
EVT-0005035,IF_ORIM_SAPPROC_001,ORACLE_SCM,SAP_ERP,REST_API,REST,Success,,,,2737,SESS-A8B26B04DF,REQ-00469FC59008,2026-09-11 23:41:19+00:00
EVT-0005037,IF_ORWMS_SAPQM_001,ORACLE_SCM,SAP_ERP,Kafka,Async,Success,,,,2683,SESS-435D2A5063,REQ-8E22E9514DB0,2026-09-13 05:03:25+00:00
EVT-0005038,IF_ORIM_MESPE_001,ORACLE_SCM,MES,Kafka,Async,Success,,,,797,SESS-DF03F55CCC,REQ-AFA96F23CF80,2026-09-12 00:02:14+00:00
EVT-0005039,IF_ORIM_ORWMS_001,ORACLE_SCM,ORACLE_SCM,ESB,Sync,Success,,,,604,SESS-6EF9A65264,REQ-099B6FFB77C4,2026-09-13 03:01:24+00:00
EVT-0005040,IF_ORWMS_SAPQM_001,ORACLE_SCM,SAP_ERP,Kafka,Async,Success,,,,2292,SESS-961A8BD84D,REQ-872745A3A947,2026-09-16 09:29:03+00:00
EVT-0005041,IF_ORIM_MESPE_001,ORACLE_SCM,MES,Kafka,Async,Failed,DB_COMMIT_014,Transaction commit failed,Database,6042,SESS-5102BED158,REQ-2EA1FA2908B8,2026-09-15 03:42:44+00:00
EVT-0005044,IF_ORIM_MESPE_001,ORACLE_SCM,MES,Kafka,Async,Success,,,,1281,SESS-33B07F2B1B,REQ-01836797357F,2026-09-15 18:56:07+00:00
EVT-0005046,IF_ORIM_MESPE_001,ORACLE_SCM,MES,Kafka,Async,Success,,,,1687,SESS-77FF4DF37B,REQ-A02958756EE8,2026-09-15 05:22:43+00:00
EVT-0005049,IF_ORSC_ORIM_001,ORACLE_SCM,ORACLE_SCM,ESB,Sync,Success,,,,2011,SESS-4A74232C94,REQ-E15BAC154F74,2026-09-12 23:34:32+00:00
EVT-0005053,IF_ORSC_ORIM_001,ORACLE_SCM,ORACLE_SCM,ESB,Sync,Success,,,,2593,SESS-5FD92B3CC0,REQ-5A33750D8A5E,2026-09-13 00:33:35+00:00
EVT-0005057,IF_ORIM_ORWMS_001,ORACLE_SCM,ORACLE_SCM,ESB,Sync,Success,,,,698,SESS-D394D7BA88,REQ-9F050383063F,2026-09-15 07:10:00+00:00
EVT-0005059,IF_OROM_CRMOM_001,ORACLE_SCM,CRM,REST_API,REST,Success,,,,1920,SESS-F8958C97CE,REQ-7DE1183A5244,2026-09-13 09:25:21+00:00
EVT-0005060,IF_ORWMS_OROM_001,ORACLE_SCM,ORACLE_SCM,Kafka,Async,Success,,,,1444,SESS-49ED51C00B,REQ-9071E38D7E9F,2026-09-12 17:06:17+00:00
EVT-0005063,IF_OROM_CRMOM_001,ORACLE_SCM,CRM,REST_API,REST,Success,,,,1941,SESS-13A640C70C,REQ-FF72DBD22E27,2026-09-16 12:08:36+00:00
EVT-0005065,IF_ORSC_ORIM_001,ORACLE_SCM,ORACLE_SCM,ESB,Sync,Success,,,,2133,SESS-A62A19E050,REQ-C0656ADD0D60,2026-09-12 15:21:21+00:00
EVT-0005070,IF_ORIM_SAPPROC_001,ORACLE_SCM,SAP_ERP,REST_API,REST,Success,,,,2431,SESS-7C3B658709,REQ-FB8C74835491,2026-09-10 11:18:44+00:00
EVT-0005072,IF_ORSC_SAPPP_001,ORACLE_SCM,SAP_ERP,Kafka,Async,Success,,,,1351,SESS-F069FB0C7A,REQ-2B06BE01AE9A,2026-09-12 08:36:35+00:00
EVT-0005073,IF_ORIM_MESPE_001,ORACLE_SCM,MES,Kafka,Async,Success,,,,1449,SESS-ACAC6E1959,REQ-2BFC3E127FA4,2026-09-11 10:18:46+00:00
EVT-0005079,IF_ORSC_ORIM_001,ORACLE_SCM,ORACLE_SCM,ESB,Sync,Success,,,,1636,SESS-087CF10B02,REQ-E69B5AB467E4,2026-09-15 09:53:12+00:00
EVT-0005083,IF_OROM_CRMOM_001,ORACLE_SCM,CRM,REST_API,REST,Success,,,,3111,SESS-4D3E50D508,REQ-5838EA8A838D,2026-09-10 17:55:54+00:00
EVT-0005094,IF_OROM_CRMOM_001,ORACLE_SCM,CRM,REST_API,REST,Success,,,,2230,SESS-B63BB60E2A,REQ-BFD90B9945CB,2026-09-10 13:32:16+00:00
EVT-0005096,IF_ORIM_ORWMS_001,ORACLE_SCM,ORACLE_SCM,ESB,Sync,Success,,,,756,SESS-E42A9F4655,REQ-09F1E932C6E7,2026-09-16 10:38:13+00:00
EVT-0005098,IF_OROM_CRMOM_001,ORACLE_SCM,CRM,REST_API,REST,Success,,,,2803,SESS-50A0B25AC5,REQ-DEA71B6BA42B,2026-09-14 02:23:38+00:00
EVT-0005102,IF_OROM_CRMOM_001,ORACLE_SCM,CRM,REST_API,REST,Success,,,,2380,SESS-AB35B1FF91,REQ-34E06FB33E72,2026-09-10 11:37:11+00:00
EVT-0005103,IF_ORIM_SAPPROC_001,ORACLE_SCM,SAP_ERP,REST_API,REST,Success,,,,1486,SESS-F28F147E1C,REQ-0C62FEF6C69C,2026-09-10 09:36:31+00:00
EVT-0005105,IF_ORIM_ORWMS_001,ORACLE_SCM,ORACLE_SCM,ESB,Sync,Success,,,,670,SESS-008466B0BE,REQ-1708DED4BE6A,2026-09-11 16:55:33+00:00
EVT-0005109,IF_ORIM_MESPE_001,ORACLE_SCM,MES,Kafka,Async,Success,,,,477,SESS-5E1CF53E2E,REQ-810EA37229D1,2026-09-13 05:39:39+00:00
EVT-0005111,IF_ORIM_MESPE_001,ORACLE_SCM,MES,Kafka,Async,Retry,TIME_004,Downstream response exceeded SLA,Timeout,4089,SESS-BF827BA6F0,REQ-593BB1F09EB5,2026-09-16 00:46:42+00:00
EVT-0005115,IF_OROM_CRMOM_001,ORACLE_SCM,CRM,REST_API,REST,Failed,CFG_017,Interface configuration mismatch,Configuration,7614,SESS-11323D5025,REQ-293B902616BB,2026-09-10 05:28:12+00:00
EVT-0005118,IF_ORIM_SAPPROC_001,ORACLE_SCM,SAP_ERP,REST_API,REST,Success,,,,1810,SESS-A1B9D62C99,REQ-D173CB01F78D,2026-09-14 00:41:42+00:00
EVT-0005119,IF_ORWMS_SAPQM_001,ORACLE_SCM,SAP_ERP,Kafka,Async,Retry,CFG_017,Interface configuration mismatch,Configuration,6056,SESS-381D9C22BF,REQ-B6F124A78A41,2026-09-13 15:43:10+00:00
EVT-0005120,IF_ORWMS_SAPQM_001,ORACLE_SCM,SAP_ERP,Kafka,Async,Success,,,,1718,SESS-1BC1102DD8,REQ-D0F8AC3322D7,2026-09-15 00:30:04+00:00
EVT-0005121,IF_OROM_CRMOM_001,ORACLE_SCM,CRM,REST_API,REST,Success,,,,1569,SESS-B33E297DDE,REQ-691AE50F2612,2026-09-11 15:47:09+00:00
EVT-0005124,IF_ORWMS_OROM_001,ORACLE_SCM,ORACLE_SCM,Kafka,Async,Success,,,,1276,SESS-8E8E59439F,REQ-7088FDDE91A7,2026-09-12 01:56:21+00:00
EVT-0005129,IF_ORIM_ORWMS_001,ORACLE_SCM,ORACLE_SCM,ESB,Sync,Success,,,,981,SESS-B21E29C753,REQ-B6EAB17F7B83,2026-09-16 07:59:21+00:00
EVT-0005130,IF_ORSC_ORIM_001,ORACLE_SCM,ORACLE_SCM,ESB,Sync,Success,,,,1928,SESS-FCD175D39C,REQ-748B4DB84E54,2026-09-15 06:21:46+00:00
EVT-0005132,IF_OROM_CRMOM_001,ORACLE_SCM,CRM,REST_API,REST,Success,,,,1914,SESS-ADBFC2B01E,REQ-16CF3C65DF3D,2026-09-10 07:45:48+00:00
EVT-0005135,IF_ORIM_SAPPROC_001,ORACLE_SCM,SAP_ERP,REST_API,REST,Success,,,,1718,SESS-FFFEA22F78,REQ-EA68E054342E,2026-09-11 09:27:17+00:00
EVT-0005137,IF_ORSC_ORIM_001,ORACLE_SCM,ORACLE_SCM,ESB,Sync,Success,,,,1815,SESS-A7C381F203,REQ-6E4932C6E218,2026-09-11 01:29:12+00:00
EVT-0005138,IF_ORWMS_OROM_001,ORACLE_SCM,ORACLE_SCM,Kafka,Async,Success,,,,1573,SESS-64EFE81939,REQ-0274E3C86BE8,2026-09-16 04:14:02+00:00
EVT-0005142,IF_ORWMS_SAPQM_001,ORACLE_SCM,SAP_ERP,Kafka,Async,Success,,,,1634,SESS-BBFA222F80,REQ-8878BD3C0B9D,2026-09-15 04:54:26+00:00
EVT-0005154,IF_ORIM_ORWMS_001,ORACLE_SCM,ORACLE_SCM,ESB,Sync,Success,,,,851,SESS-77D6F6F7B1,REQ-2513E6252394,2026-09-16 15:59:30+00:00
EVT-0005157,IF_ORIM_MESPE_001,ORACLE_SCM,MES,Kafka,Async,Success,,,,1220,SESS-6DBFE0704B,REQ-36F15F2E7DF2,2026-09-11 14:11:15+00:00
EVT-0005159,IF_ORIM_SAPPROC_001,ORACLE_SCM,SAP_ERP,REST_API,REST,Success,,,,1742,SESS-1C44DD0C03,REQ-C78FE3E7B33D,2026-09-10 04:05:47+00:00
EVT-0005161,IF_OROM_CRMOM_001,ORACLE_SCM,CRM,REST_API,REST,Failed,AUTH_401,Service credential rejected,Authentication,13645,SESS-FFD12E1002,REQ-56F66C59F839,2026-09-14 01:27:07+00:00
EVT-0005164,IF_ORIM_SAPPROC_001,ORACLE_SCM,SAP_ERP,REST_API,REST,Success,,,,1980,SESS-DE3F35A7B2,REQ-5D67CACBBB89,2026-09-10 02:12:03+00:00
EVT-0005167,IF_ORIM_SAPPROC_001,ORACLE_SCM,SAP_ERP,REST_API,REST,Success,,,,2349,SESS-B54175DD21,REQ-3F3E5845CBCB,2026-09-14 06:30:18+00:00
EVT-0005169,IF_OROM_CRMOM_001,ORACLE_SCM,CRM,REST_API,REST,Success,,,,2373,SESS-7BEF5EBF5E,REQ-9E1523E42D2B,2026-09-13 00:35:26+00:00
EVT-0005170,IF_ORIM_MESPE_001,ORACLE_SCM,MES,Kafka,Async,Retry,EXT_502,Downstream service returned 502,External Service,3430,SESS-BA5D63B2B3,REQ-E4962D34A5DC,2026-09-10 05:27:54+00:00
EVT-0005172,IF_ORWMS_OROM_001,ORACLE_SCM,ORACLE_SCM,Kafka,Async,Success,,,,994,SESS-4CF16EB653,REQ-BA6133F55469,2026-09-14 21:21:05+00:00
EVT-0005178,IF_OROM_CRMOM_001,ORACLE_SCM,CRM,REST_API,REST,Success,,,,2030,SESS-6BBD849C4D,REQ-43343141788B,2026-09-12 18:22:32+00:00
EVT-0005180,IF_ORIM_SAPPROC_001,ORACLE_SCM,SAP_ERP,REST_API,REST,Success,,,,1772,SESS-39D1319681,REQ-E02B6E4B9146,2026-09-13 09:47:00+00:00
EVT-0005183,IF_ORWMS_OROM_001,ORACLE_SCM,ORACLE_SCM,Kafka,Async,Failed,TIME_004,Downstream response exceeded SLA,Timeout,7222,SESS-E3545C079F,REQ-A863EC62D5AF,2026-09-16 01:33:01+00:00
EVT-0005184,IF_ORWMS_OROM_001,ORACLE_SCM,ORACLE_SCM,Kafka,Async,Success,,,,773,SESS-324CDC3771,REQ-0A3CF20451EC,2026-09-10 03:05:36+00:00
EVT-0005186,IF_ORSC_SAPPP_001,ORACLE_SCM,SAP_ERP,Kafka,Async,Success,,,,1150,SESS-2836907861,REQ-646EC413672C,2026-09-15 08:23:14+00:00
EVT-0005187,IF_ORIM_SAPPROC_001,ORACLE_SCM,SAP_ERP,REST_API,REST,Retry,INFRA_008,Runtime node unavailable,Infrastructure,8172,SESS-63C3862411,REQ-4A155B814285,2026-09-13 06:33:59+00:00
EVT-0005200,IF_ORIM_MESPE_001,ORACLE_SCM,MES,Kafka,Async,Success,,,,1362,SESS-41D0D5F4C6,REQ-02E7C29132BA,2026-09-11 18:30:33+00:00
EVT-0005201,IF_ORSC_SAPPP_001,ORACLE_SCM,SAP_ERP,Kafka,Async,Success,,,,1954,SESS-2D1E575FC2,REQ-389F8A7EB958,2026-09-14 08:50:11+00:00
EVT-0005206,IF_ORIM_ORWMS_001,ORACLE_SCM,ORACLE_SCM,ESB,Sync,Success,,,,668,SESS-96F69F6455,REQ-7E69FBCF9CAC,2026-09-15 02:39:59+00:00
EVT-0005207,IF_ORIM_ORWMS_001,ORACLE_SCM,ORACLE_SCM,ESB,Sync,Retry,INFRA_008,Runtime node unavailable,Infrastructure,1929,SESS-5007F4372B,REQ-75CCCAD7B4FE,2026-09-16 23:58:06+00:00
EVT-0005208,IF_ORIM_ORWMS_001,ORACLE_SCM,ORACLE_SCM,ESB,Sync,Success,,,,884,SESS-AF47197239,REQ-5B741E802D07,2026-09-15 21:52:17+00:00
EVT-0005214,IF_ORIM_ORWMS_001,ORACLE_SCM,ORACLE_SCM,ESB,Sync,Success,,,,1013,SESS-D986925857,REQ-B16CFEEA78D4,2026-09-10 15:05:15+00:00
EVT-0005215,IF_ORWMS_SAPQM_001,ORACLE_SCM,SAP_ERP,Kafka,Async,Retry,AUTH_401,Service credential rejected,Authentication,3658,SESS-4EA1BBA7B9,REQ-451EFAED8DB6,2026-09-11 04:27:14+00:00
EVT-0005221,IF_ORSC_ORIM_001,ORACLE_SCM,ORACLE_SCM,ESB,Sync,Success,,,,2638,SESS-EF249303DB,REQ-185D9D029508,2026-09-13 18:21:57+00:00
EVT-0005227,IF_ORIM_MESPE_001,ORACLE_SCM,MES,Kafka,Async,Success,,,,1090,SESS-F68642B76A,REQ-2C0D1A635633,2026-09-10 10:35:35+00:00
EVT-0005237,IF_ORWMS_OROM_001,ORACLE_SCM,ORACLE_SCM,Kafka,Async,Retry,AUTHZ_403,Caller is not authorized,Authorization,2654,SESS-B610ABC60A,REQ-58169CF81002,2026-09-12 08:22:11+00:00
EVT-0005238,IF_OROM_CRMOM_001,ORACLE_SCM,CRM,REST_API,REST,Success,,,,2431,SESS-DCF5296C59,REQ-8C9B156F781C,2026-09-11 13:55:58+00:00
EVT-0005243,IF_ORSC_SAPPP_001,ORACLE_SCM,SAP_ERP,Kafka,Async,Success,,,,1507,SESS-4A1322E6AD,REQ-9885DEDC1B57,2026-09-10 10:48:59+00:00
EVT-0005244,IF_ORIM_SAPPROC_001,ORACLE_SCM,SAP_ERP,REST_API,REST,Success,,,,1783,SESS-C787430BC1,REQ-C6C42845EA7A,2026-09-13 18:18:51+00:00
EVT-0005245,IF_ORIM_ORWMS_001,ORACLE_SCM,ORACLE_SCM,ESB,Sync,Success,,,,839,SESS-286C274460,REQ-C585799A0542,2026-09-13 00:05:11+00:00
EVT-0005250,IF_ORIM_ORWMS_001,ORACLE_SCM,ORACLE_SCM,ESB,Sync,Success,,,,988,SESS-8E0C09D2B5,REQ-9F4E36749DC2,2026-09-11 01:52:06+00:00
EVT-0005252,IF_ORWMS_OROM_001,ORACLE_SCM,ORACLE_SCM,Kafka,Async,Retry,AUTHZ_403,Caller is not authorized,Authorization,4971,SESS-4042909E17,REQ-C714665F176D,2026-09-12 19:36:32+00:00
EVT-0005255,IF_ORIM_SAPPROC_001,ORACLE_SCM,SAP_ERP,REST_API,REST,Retry,INFRA_008,Runtime node unavailable,Infrastructure,8324,SESS-086EE59EEA,REQ-35727FFF337F,2026-09-16 08:36:32+00:00
EVT-0005256,IF_ORSC_ORIM_001,ORACLE_SCM,ORACLE_SCM,ESB,Sync,Retry,TIME_004,Downstream response exceeded SLA,Timeout,6648,SESS-FF12A0332E,REQ-6FC6CC6E3D5D,2026-09-15 03:53:39+00:00
EVT-0005258,IF_ORWMS_OROM_001,ORACLE_SCM,ORACLE_SCM,Kafka,Async,Success,,,,1348,SESS-6767929F8B,REQ-9AF3E8540C5B,2026-09-10 10:19:42+00:00
EVT-0005259,IF_ORWMS_OROM_001,ORACLE_SCM,ORACLE_SCM,Kafka,Async,Success,,,,1587,SESS-1040394715,REQ-D65EA7A9A20B,2026-09-14 09:03:29+00:00
EVT-0005265,IF_ORSC_ORIM_001,ORACLE_SCM,ORACLE_SCM,ESB,Sync,Success,,,,2717,SESS-788D83C305,REQ-149A1C37902E,2026-09-10 06:54:01+00:00
EVT-0005266,IF_ORIM_ORWMS_001,ORACLE_SCM,ORACLE_SCM,ESB,Sync,Success,,,,869,SESS-5254D8BC10,REQ-2AB23A2077B9,2026-09-10 19:55:30+00:00
EVT-0005268,IF_ORWMS_OROM_001,ORACLE_SCM,ORACLE_SCM,Kafka,Async,Success,,,,1477,SESS-8AEFBDBF0A,REQ-2B53E1A31E1B,2026-09-14 15:46:45+00:00
EVT-0005270,IF_ORSC_SAPPP_001,ORACLE_SCM,SAP_ERP,Kafka,Async,Success,,,,1028,SESS-4023020D26,REQ-1AA125085EE1,2026-09-11 06:57:37+00:00
EVT-0005282,IF_ORWMS_OROM_001,ORACLE_SCM,ORACLE_SCM,Kafka,Async,Success,,,,1595,SESS-7D478CFAE1,REQ-192A3C204F71,2026-09-14 14:56:32+00:00
EVT-0005283,IF_OROM_CRMOM_001,ORACLE_SCM,CRM,REST_API,REST,Failed,TIME_004,Downstream response exceeded SLA,Timeout,12141,SESS-37B181C671,REQ-2011AB5E470E,2026-09-15 06:08:10+00:00
EVT-0005285,IF_ORSC_SAPPP_001,ORACLE_SCM,SAP_ERP,Kafka,Async,Success,,,,1395,SESS-F05C20A8D5,REQ-9AD5A5646103,2026-09-13 22:41:09+00:00
EVT-0005286,IF_ORIM_ORWMS_001,ORACLE_SCM,ORACLE_SCM,ESB,Sync,Retry,AUTHZ_403,Caller is not authorized,Authorization,2223,SESS-A85413BF89,REQ-57F240F0AB17,2026-09-13 15:46:11+00:00
EVT-0005287,IF_ORWMS_SAPQM_001,ORACLE_SCM,SAP_ERP,Kafka,Async,Success,,,,2815,SESS-8820631063,REQ-B2B7C5F252AB,2026-09-14 23:30:32+00:00
EVT-0005290,IF_ORSC_ORIM_001,ORACLE_SCM,ORACLE_SCM,ESB,Sync,Retry,CFG_017,Interface configuration mismatch,Configuration,4078,SESS-87463C8E8F,REQ-F33254424B47,2026-09-16 04:43:10+00:00
EVT-0005291,IF_ORIM_ORWMS_001,ORACLE_SCM,ORACLE_SCM,ESB,Sync,Success,,,,597,SESS-5955013E7E,REQ-73749BA9E2B7,2026-09-11 15:31:05+00:00
EVT-0005295,IF_ORIM_ORWMS_001,ORACLE_SCM,ORACLE_SCM,ESB,Sync,Success,,,,908,SESS-3DEDB58454,REQ-C087EF76A619,2026-09-14 21:24:03+00:00
EVT-0005297,IF_ORSC_SAPPP_001,ORACLE_SCM,SAP_ERP,Kafka,Async,Success,,,,1437,SESS-4C2396D5F2,REQ-6F85FE0FF643,2026-09-10 08:42:05+00:00
EVT-0005304,IF_ORWMS_OROM_001,ORACLE_SCM,ORACLE_SCM,Kafka,Async,Success,,,,1594,SESS-B60CB31E48,REQ-04E9ACB68679,2026-09-10 11:04:34+00:00
EVT-0005305,IF_ORIM_ORWMS_001,ORACLE_SCM,ORACLE_SCM,ESB,Sync,Success,,,,863,SESS-3228AD0ED1,REQ-D44783B9C1F5,2026-09-13 12:20:47+00:00
EVT-0005314,IF_OROM_CRMOM_001,ORACLE_SCM,CRM,REST_API,REST,Success,,,,2026,SESS-FDE2732912,REQ-282985FD1078,2026-09-15 07:33:09+00:00
EVT-0005324,IF_ORWMS_OROM_001,ORACLE_SCM,ORACLE_SCM,Kafka,Async,Success,,,,1446,SESS-A077C1A51C,REQ-10C9957EDE2D,2026-09-11 02:58:09+00:00
EVT-0005327,IF_ORIM_SAPPROC_001,ORACLE_SCM,SAP_ERP,REST_API,REST,Success,,,,3296,SESS-1BEC1952DC,REQ-87E2FB7B6B5C,2026-09-10 08:09:55+00:00
EVT-0005332,IF_ORIM_MESPE_001,ORACLE_SCM,MES,Kafka,Async,Success,,,,1148,SESS-0DE4495556,REQ-F857B626252B,2026-09-16 22:21:11+00:00
EVT-0005335,IF_ORIM_MESPE_001,ORACLE_SCM,MES,Kafka,Async,Success,,,,1298,SESS-0F5E22A31B,REQ-582AFB966849,2026-09-15 01:15:48+00:00
EVT-0005336,IF_ORSC_ORIM_001,ORACLE_SCM,ORACLE_SCM,ESB,Sync,Success,,,,2540,SESS-A415A3F637,REQ-F1AC92E4BAC3,2026-09-14 18:09:03+00:00
EVT-0005338,IF_ORIM_MESPE_001,ORACLE_SCM,MES,Kafka,Async,Success,,,,1721,SESS-8C63AD9A0C,REQ-A18C01A39CC5,2026-09-12 22:29:37+00:00
EVT-0005339,IF_ORWMS_SAPQM_001,ORACLE_SCM,SAP_ERP,Kafka,Async,Success,,,,2045,SESS-C9D11BDB8C,REQ-9FFCE71CE340,2026-09-15 17:51:25+00:00
EVT-0005351,IF_OROM_CRMOM_001,ORACLE_SCM,CRM,REST_API,REST,Retry,TIME_004,Downstream response exceeded SLA,Timeout,5413,SESS-9083D8339E,REQ-26D36A2B7E35,2026-09-15 22:41:00+00:00
EVT-0005354,IF_OROM_CRMOM_001,ORACLE_SCM,CRM,REST_API,REST,Success,,,,1576,SESS-08DED9129B,REQ-5558545A2513,2026-09-10 02:35:36+00:00
EVT-0005360,IF_ORSC_SAPPP_001,ORACLE_SCM,SAP_ERP,Kafka,Async,Success,,,,1172,SESS-64CFD2BAA0,REQ-C903FBFF942B,2026-09-15 14:12:16+00:00
EVT-0005361,IF_ORIM_SAPPROC_001,ORACLE_SCM,SAP_ERP,REST_API,REST,Success,,,,2796,SESS-E0C4477CFB,REQ-838598A3C399,2026-09-14 23:08:26+00:00
EVT-0005364,IF_ORWMS_SAPQM_001,ORACLE_SCM,SAP_ERP,Kafka,Async,Success,,,,2327,SESS-B83DBF7912,REQ-16D09A84C7C1,2026-09-10 02:32:07+00:00
EVT-0005370,IF_ORSC_SAPPP_001,ORACLE_SCM,SAP_ERP,Kafka,Async,Success,,,,1311,SESS-E3FBFF8DDC,REQ-AE33F7B61CDA,2026-09-10 20:41:28+00:00
EVT-0005375,IF_ORIM_SAPPROC_001,ORACLE_SCM,SAP_ERP,REST_API,REST,Success,,,,2696,SESS-AA7710A277,REQ-39167543E0EE,2026-09-13 23:05:26+00:00
EVT-0005376,IF_ORWMS_OROM_001,ORACLE_SCM,ORACLE_SCM,Kafka,Async,Success,,,,1349,SESS-070E56ED73,REQ-09FFD5425F69,2026-09-13 03:03:30+00:00
EVT-0005378,IF_ORWMS_SAPQM_001,ORACLE_SCM,SAP_ERP,Kafka,Async,Success,,,,2102,SESS-D887BCE094,REQ-BAC5CD819CE0,2026-09-13 00:50:05+00:00
EVT-0005383,IF_ORIM_SAPPROC_001,ORACLE_SCM,SAP_ERP,REST_API,REST,Retry,AUTHZ_403,Caller is not authorized,Authorization,6535,SESS-442A2960F6,REQ-7F4F99BA7FFE,2026-09-13 08:55:35+00:00
EVT-0005388,IF_OROM_CRMOM_001,ORACLE_SCM,CRM,REST_API,REST,Success,,,,3132,SESS-49684F6EA9,REQ-5C2D21C19FF2,2026-09-10 09:59:20+00:00
EVT-0005393,IF_ORIM_MESPE_001,ORACLE_SCM,MES,Kafka,Async,Success,,,,869,SESS-368C891FFB,REQ-CB5A32C0817D,2026-09-12 21:51:31+00:00
EVT-0005394,IF_ORIM_ORWMS_001,ORACLE_SCM,ORACLE_SCM,ESB,Sync,Success,,,,768,SESS-3C9E64B6F3,REQ-097BCED6982C,2026-09-11 05:19:10+00:00
EVT-0005396,IF_ORSC_ORIM_001,ORACLE_SCM,ORACLE_SCM,ESB,Sync,Success,,,,2374,SESS-E77BEB27BB,REQ-A055DC2AF9F7,2026-09-11 21:52:47+00:00
EVT-0005397,IF_ORSC_ORIM_001,ORACLE_SCM,ORACLE_SCM,ESB,Sync,Success,,,,1778,SESS-48B4047D4C,REQ-C1396BA69F45,2026-09-11 23:22:46+00:00
EVT-0005399,IF_ORWMS_SAPQM_001,ORACLE_SCM,SAP_ERP,Kafka,Async,Failed,NET_CONN_003,Connection reset by peer,Network,14022,SESS-83119A5908,REQ-035BDB591AB9,2026-09-13 08:40:53+00:00
EVT-0005402,IF_ORWMS_OROM_001,ORACLE_SCM,ORACLE_SCM,Kafka,Async,Success,,,,1467,SESS-15F5CC00EE,REQ-AB28BCEDBA79,2026-09-16 08:52:57+00:00
EVT-0005403,IF_ORWMS_OROM_001,ORACLE_SCM,ORACLE_SCM,Kafka,Async,Success,,,,1151,SESS-A4D4E03CFF,REQ-CDB2CE2314D7,2026-09-14 04:11:52+00:00
EVT-0005404,IF_ORWMS_SAPQM_001,ORACLE_SCM,SAP_ERP,Kafka,Async,Success,,,,1935,SESS-01E06E727D,REQ-B429325FEEA4,2026-09-13 11:27:39+00:00
EVT-0005408,IF_ORWMS_SAPQM_001,ORACLE_SCM,SAP_ERP,Kafka,Async,Success,,,,2535,SESS-0A1515447B,REQ-07803FBEED02,2026-09-11 20:06:22+00:00
EVT-0005411,IF_ORWMS_OROM_001,ORACLE_SCM,ORACLE_SCM,Kafka,Async,Failed,NET_CONN_003,Connection reset by peer,Network,8533,SESS-23813C396B,REQ-0F458A901811,2026-09-13 16:10:31+00:00
EVT-0005412,IF_ORSC_SAPPP_001,ORACLE_SCM,SAP_ERP,Kafka,Async,Retry,TIME_004,Downstream response exceeded SLA,Timeout,3267,SESS-CED1FF4E07,REQ-BECB49343CD2,2026-09-16 03:01:56+00:00
EVT-0005414,IF_OROM_CRMOM_001,ORACLE_SCM,CRM,REST_API,REST,Success,,,,1143,SESS-3643105FEE,REQ-2A58379A79DE,2026-09-12 04:10:07+00:00
EVT-0005415,IF_ORIM_SAPPROC_001,ORACLE_SCM,SAP_ERP,REST_API,REST,Retry,CFG_017,Interface configuration mismatch,Configuration,8523,SESS-703ADCE0C7,REQ-75A2E7901D65,2026-09-10 07:26:04+00:00
EVT-0005416,IF_ORIM_SAPPROC_001,ORACLE_SCM,SAP_ERP,REST_API,REST,Failed,DB_COMMIT_014,Transaction commit failed,Database,4487,SESS-4D531146F1,REQ-44DAE806C74C,2026-09-15 05:37:20+00:00
EVT-0005417,IF_OROM_CRMOM_001,ORACLE_SCM,CRM,REST_API,REST,Success,,,,1589,SESS-1C9554F4AB,REQ-6F3E1D52E04A,2026-09-10 05:37:34+00:00
EVT-0005420,IF_ORIM_SAPPROC_001,ORACLE_SCM,SAP_ERP,REST_API,REST,Success,,,,2244,SESS-6952BDC4B5,REQ-952CAF1CB48D,2026-09-12 12:08:20+00:00
EVT-0005425,IF_ORIM_SAPPROC_001,ORACLE_SCM,SAP_ERP,REST_API,REST,Success,,,,1662,SESS-76D9AF3362,REQ-4C72EF5F8E07,2026-09-10 01:57:38+00:00
EVT-0005428,IF_ORSC_SAPPP_001,ORACLE_SCM,SAP_ERP,Kafka,Async,Success,,,,1739,SESS-AFD1EE4E49,REQ-E43FFECE3A79,2026-09-10 07:42:18+00:00
EVT-0005429,IF_OROM_CRMOM_001,ORACLE_SCM,CRM,REST_API,REST,Success,,,,1683,SESS-C9122F04FD,REQ-A7AFA9FE8A46,2026-09-14 02:55:21+00:00
EVT-0005431,IF_OROM_CRMOM_001,ORACLE_SCM,CRM,REST_API,REST,Success,,,,1546,SESS-0BE428B290,REQ-5C44B391C318,2026-09-14 22:27:53+00:00
EVT-0005435,IF_ORIM_MESPE_001,ORACLE_SCM,MES,Kafka,Async,Success,,,,1071,SESS-374FB38BAA,REQ-406BEA396F9A,2026-09-15 07:27:46+00:00
EVT-0005436,IF_ORIM_SAPPROC_001,ORACLE_SCM,SAP_ERP,REST_API,REST,Success,,,,2793,SESS-F101A96B5C,REQ-C26896519620,2026-09-12 06:48:51+00:00
EVT-0005437,IF_ORIM_MESPE_001,ORACLE_SCM,MES,Kafka,Async,Success,,,,1797,SESS-B0AA9DEA47,REQ-B9961B97403C,2026-09-15 06:05:30+00:00
EVT-0005440,IF_ORWMS_OROM_001,ORACLE_SCM,ORACLE_SCM,Kafka,Async,Failed,TIME_004,Downstream response exceeded SLA,Timeout,7953,SESS-52190ABE73,REQ-61EAFF10D0CC,2026-09-11 10:55:11+00:00
EVT-0005448,IF_ORWMS_SAPQM_001,ORACLE_SCM,SAP_ERP,Kafka,Async,Success,,,,2249,SESS-DED7515F5D,REQ-C86533B8F8DC,2026-09-14 07:46:17+00:00
EVT-0005450,IF_ORWMS_OROM_001,ORACLE_SCM,ORACLE_SCM,Kafka,Async,Success,,,,1350,SESS-DEC1A8A3BE,REQ-E78C6007E633,2026-09-16 07:50:35+00:00
EVT-0005453,IF_ORSC_ORIM_001,ORACLE_SCM,ORACLE_SCM,ESB,Sync,Failed,AUTH_401,Service credential rejected,Authentication,14526,SESS-928AB017FC,REQ-62A2297888DC,2026-09-16 11:10:00+00:00
EVT-0005456,IF_ORIM_MESPE_001,ORACLE_SCM,MES,Kafka,Async,Success,,,,1238,SESS-6DDFC279F2,REQ-3505CF9E7795,2026-09-11 11:28:15+00:00
EVT-0005458,IF_OROM_CRMOM_001,ORACLE_SCM,CRM,REST_API,REST,Success,,,,2383,SESS-3F2C5159D3,REQ-8E89BD54C94D,2026-09-16 15:28:47+00:00
EVT-0005463,IF_ORIM_ORWMS_001,ORACLE_SCM,ORACLE_SCM,ESB,Sync,Success,,,,1003,SESS-561CD6276A,REQ-743AACE6024B,2026-09-12 02:04:32+00:00
EVT-0005465,IF_ORWMS_OROM_001,ORACLE_SCM,ORACLE_SCM,Kafka,Async,Success,,,,897,SESS-69B976411B,REQ-EB3028EA5287,2026-09-10 23:08:24+00:00
EVT-0005468,IF_ORIM_ORWMS_001,ORACLE_SCM,ORACLE_SCM,ESB,Sync,Success,,,,792,SESS-FB7CBDA397,REQ-2582BA9E76C9,2026-09-10 17:09:22+00:00
EVT-0005472,IF_ORSC_ORIM_001,ORACLE_SCM,ORACLE_SCM,ESB,Sync,Success,,,,2759,SESS-568EBF9BF2,REQ-513173059CF2,2026-09-14 14:48:00+00:00
EVT-0005474,IF_ORWMS_OROM_001,ORACLE_SCM,ORACLE_SCM,Kafka,Async,Success,,,,1320,SESS-0981E47423,REQ-895551DB86D5,2026-09-10 15:59:09+00:00
EVT-0005476,IF_ORWMS_SAPQM_001,ORACLE_SCM,SAP_ERP,Kafka,Async,Success,,,,1934,SESS-15BF134AFF,REQ-F76AF35B284B,2026-09-12 13:21:04+00:00
EVT-0005478,IF_ORSC_ORIM_001,ORACLE_SCM,ORACLE_SCM,ESB,Sync,Success,,,,2164,SESS-B5083CCF60,REQ-643D7CD8F963,2026-09-14 13:51:29+00:00
EVT-0005479,IF_ORWMS_SAPQM_001,ORACLE_SCM,SAP_ERP,Kafka,Async,Retry,NET_CONN_003,Connection reset by peer,Network,3522,SESS-C785A7E53C,REQ-B0AE6C777B3A,2026-09-13 19:16:05+00:00
EVT-0005481,IF_ORSC_SAPPP_001,ORACLE_SCM,SAP_ERP,Kafka,Async,Success,,,,1392,SESS-1EB394FFD4,REQ-8026E526A924,2026-09-13 19:02:51+00:00
EVT-0005483,IF_ORSC_ORIM_001,ORACLE_SCM,ORACLE_SCM,ESB,Sync,Success,,,,1899,SESS-9B7C62CB01,REQ-195269DA4512,2026-09-16 14:13:57+00:00
EVT-0005486,IF_ORSC_SAPPP_001,ORACLE_SCM,SAP_ERP,Kafka,Async,Failed,CAP_003,Downstream service is at capacity,Capacity,1501,SESS-B95340897E,REQ-2C9BD31BDC8E,2026-09-16 02:26:22+00:00
EVT-0005489,IF_ORSC_SAPPP_001,ORACLE_SCM,SAP_ERP,Kafka,Async,Success,,,,862,SESS-896DB3A70A,REQ-186BA9E80DBD,2026-09-11 01:38:02+00:00
EVT-0005491,IF_ORSC_ORIM_001,ORACLE_SCM,ORACLE_SCM,ESB,Sync,Retry,CFG_017,Interface configuration mismatch,Configuration,6255,SESS-9B4D008DBD,REQ-7E2E92AA4572,2026-09-10 16:14:04+00:00
EVT-0005492,IF_ORIM_SAPPROC_001,ORACLE_SCM,SAP_ERP,REST_API,REST,Success,,,,2636,SESS-DCAC01776E,REQ-0CFBB97C2A32,2026-09-10 16:11:33+00:00
EVT-0005493,IF_ORSC_ORIM_001,ORACLE_SCM,ORACLE_SCM,ESB,Sync,Success,,,,2772,SESS-C9A10A4540,REQ-6A18197C41F2,2026-09-13 21:41:41+00:00
EVT-0005494,IF_ORIM_MESPE_001,ORACLE_SCM,MES,Kafka,Async,Success,,,,1958,SESS-7AD2A51579,REQ-C860385AA0E5,2026-09-14 13:23:58+00:00
EVT-0005495,IF_ORWMS_SAPQM_001,ORACLE_SCM,SAP_ERP,Kafka,Async,Success,,,,2601,SESS-0A55B40BC4,REQ-8EAB0E934924,2026-09-13 09:30:19+00:00
EVT-0005500,IF_OROM_CRMOM_001,ORACLE_SCM,CRM,REST_API,REST,Success,,,,2594,SESS-B286A6E3D4,REQ-5F2C2422C17F,2026-09-10 23:34:58+00:00
EVT-0005503,IF_ORWMS_OROM_001,ORACLE_SCM,ORACLE_SCM,Kafka,Async,Success,,,,1014,SESS-40C5FCA187,REQ-83A6B97A9F69,2026-09-10 03:57:59+00:00
EVT-0005505,IF_ORWMS_SAPQM_001,ORACLE_SCM,SAP_ERP,Kafka,Async,Success,,,,1820,SESS-66741B894A,REQ-1F41C866EC8D,2026-09-13 07:28:07+00:00
EVT-0005521,IF_ORWMS_SAPQM_001,ORACLE_SCM,SAP_ERP,Kafka,Async,Failed,CFG_017,Interface configuration mismatch,Configuration,15884,SESS-764038273A,REQ-72BF0E5EE530,2026-09-13 11:58:28+00:00
EVT-0005534,IF_ORIM_SAPPROC_001,ORACLE_SCM,SAP_ERP,REST_API,REST,Success,,,,2284,SESS-7A7E7A6F94,REQ-A9BD9F678AD7,2026-09-10 09:05:56+00:00
EVT-0005536,IF_ORWMS_SAPQM_001,ORACLE_SCM,SAP_ERP,Kafka,Async,Retry,CFG_017,Interface configuration mismatch,Configuration,6361,SESS-53E8156749,REQ-E10DF0BF3FAB,2026-09-12 12:10:58+00:00
EVT-0005548,IF_ORSC_SAPPP_001,ORACLE_SCM,SAP_ERP,Kafka,Async,Retry,TIME_004,Downstream response exceeded SLA,Timeout,4486,SESS-FCC440E076,REQ-AB543901B54C,2026-09-10 22:21:30+00:00
EVT-0005554,IF_ORIM_MESPE_001,ORACLE_SCM,MES,Kafka,Async,Success,,,,1364,SESS-7E47FF0513,REQ-E2019A170D35,2026-09-15 18:17:35+00:00
EVT-0005557,IF_ORSC_ORIM_001,ORACLE_SCM,ORACLE_SCM,ESB,Sync,Success,,,,2766,SESS-C55603A76B,REQ-67FE3375F178,2026-09-15 02:36:20+00:00
EVT-0005559,IF_ORSC_ORIM_001,ORACLE_SCM,ORACLE_SCM,ESB,Sync,Success,,,,3069,SESS-97D3378B00,REQ-83D3FA17927A,2026-09-16 18:13:43+00:00
EVT-0005561,IF_ORIM_ORWMS_001,ORACLE_SCM,ORACLE_SCM,ESB,Sync,Retry,INFRA_008,Runtime node unavailable,Infrastructure,2439,SESS-018BB5B50B,REQ-F6B8F75BED93,2026-09-10 18:05:11+00:00
EVT-0005562,IF_ORIM_MESPE_001,ORACLE_SCM,MES,Kafka,Async,Success,,,,1303,SESS-89EDF4D740,REQ-15F9FD708162,2026-09-12 06:02:55+00:00
EVT-0005563,IF_ORSC_ORIM_001,ORACLE_SCM,ORACLE_SCM,ESB,Sync,Success,,,,1678,SESS-DBD3745591,REQ-D57558BD75CC,2026-09-16 01:28:46+00:00
EVT-0005566,IF_ORIM_SAPPROC_001,ORACLE_SCM,SAP_ERP,REST_API,REST,Success,,,,2606,SESS-FDA7FD7147,REQ-3DA7A58A6AC1,2026-09-15 13:23:27+00:00
EVT-0005569,IF_ORIM_MESPE_001,ORACLE_SCM,MES,Kafka,Async,Success,,,,1287,SESS-13CFD35A36,REQ-E0E6FB00EA7D,2026-09-14 10:19:51+00:00
EVT-0005572,IF_ORIM_SAPPROC_001,ORACLE_SCM,SAP_ERP,REST_API,REST,Success,,,,1744,SESS-58AF037F20,REQ-F30CD1903CE2,2026-09-14 15:33:21+00:00
EVT-0005576,IF_OROM_CRMOM_001,ORACLE_SCM,CRM,REST_API,REST,Success,,,,2927,SESS-E7F090BB3D,REQ-2DF8B3C8A7C1,2026-09-14 21:22:41+00:00
EVT-0005577,IF_ORWMS_OROM_001,ORACLE_SCM,ORACLE_SCM,Kafka,Async,Success,,,,1857,SESS-FA3785CDBC,REQ-4972FBEA4D50,2026-09-13 02:48:28+00:00
EVT-0005578,IF_ORIM_SAPPROC_001,ORACLE_SCM,SAP_ERP,REST_API,REST,Success,,,,1831,SESS-8DE7F8FC9A,REQ-CC9644AB5D23,2026-09-11 13:53:20+00:00
EVT-0005579,IF_ORSC_ORIM_001,ORACLE_SCM,ORACLE_SCM,ESB,Sync,Success,,,,1033,SESS-23C2A4D52A,REQ-46C4DC6295E6,2026-09-13 15:21:43+00:00
EVT-0005587,IF_ORIM_MESPE_001,ORACLE_SCM,MES,Kafka,Async,Success,,,,1318,SESS-1645FC1AF7,REQ-0637BF7E3B97,2026-09-16 07:21:45+00:00
EVT-0005592,IF_ORSC_ORIM_001,ORACLE_SCM,ORACLE_SCM,ESB,Sync,Success,,,,1427,SESS-26E173D1A1,REQ-54A5536CDE10,2026-09-12 05:42:22+00:00
EVT-0005593,IF_OROM_CRMOM_001,ORACLE_SCM,CRM,REST_API,REST,Success,,,,2067,SESS-C5368E4492,REQ-87FB593A8DCE,2026-09-13 05:52:46+00:00
EVT-0005595,IF_ORIM_SAPPROC_001,ORACLE_SCM,SAP_ERP,REST_API,REST,Success,,,,1856,SESS-9C734ABCAC,REQ-5F3099B4921D,2026-09-12 14:49:40+00:00
EVT-0005599,IF_ORWMS_OROM_001,ORACLE_SCM,ORACLE_SCM,Kafka,Async,Success,,,,1704,SESS-0C07A67DF7,REQ-3A2A92328ED8,2026-09-10 13:05:22+00:00
EVT-0005604,IF_ORSC_SAPPP_001,ORACLE_SCM,SAP_ERP,Kafka,Async,Success,,,,970,SESS-199F1969BE,REQ-93A119E3A9B9,2026-09-11 00:07:05+00:00
EVT-0005607,IF_OROM_CRMOM_001,ORACLE_SCM,CRM,REST_API,REST,Failed,NET_CONN_003,Connection reset by peer,Network,17203,SESS-3A30288A34,REQ-E76AEEA4782D,2026-09-13 01:43:23+00:00
EVT-0005608,IF_ORIM_MESPE_001,ORACLE_SCM,MES,Kafka,Async,Success,,,,983,SESS-156DCCB077,REQ-FDDA58707AAF,2026-09-10 01:03:50+00:00
EVT-0005609,IF_ORIM_ORWMS_001,ORACLE_SCM,ORACLE_SCM,ESB,Sync,Success,,,,643,SESS-59CDF75B54,REQ-DAD69ED45DD1,2026-09-14 22:22:25+00:00
EVT-0005615,IF_ORIM_SAPPROC_001,ORACLE_SCM,SAP_ERP,REST_API,REST,Retry,EXT_502,Downstream service returned 502,External Service,6846,SESS-38177017DB,REQ-C58F299559D7,2026-09-14 08:45:00+00:00
EVT-0005617,IF_ORIM_SAPPROC_001,ORACLE_SCM,SAP_ERP,REST_API,REST,Success,,,,3022,SESS-3E9689D183,REQ-AB81C53E0213,2026-09-11 22:04:57+00:00
EVT-0005627,IF_ORIM_MESPE_001,ORACLE_SCM,MES,Kafka,Async,Retry,VAL_400,Required business field failed validation,Validation,4674,SESS-8943F9797D,REQ-25ECA30ED059,2026-09-14 14:58:15+00:00
EVT-0005633,IF_ORIM_SAPPROC_001,ORACLE_SCM,SAP_ERP,REST_API,REST,Success,,,,2343,SESS-76AE7019D2,REQ-32CE19FC0B67,2026-09-14 00:38:12+00:00
EVT-0005634,IF_ORSC_ORIM_001,ORACLE_SCM,ORACLE_SCM,ESB,Sync,Success,,,,2659,SESS-280FA26C0F,REQ-38642531E9D8,2026-09-11 09:26:03+00:00
EVT-0005637,IF_ORIM_SAPPROC_001,ORACLE_SCM,SAP_ERP,REST_API,REST,Retry,CAP_003,Downstream service is at capacity,Capacity,3658,SESS-66B3676337,REQ-42ACE3B182C0,2026-09-10 12:36:49+00:00
EVT-0005641,IF_ORSC_SAPPP_001,ORACLE_SCM,SAP_ERP,Kafka,Async,Success,,,,1211,SESS-48166258EB,REQ-A67B73000025,2026-09-13 22:30:37+00:00
EVT-0005643,IF_OROM_CRMOM_001,ORACLE_SCM,CRM,REST_API,REST,Success,,,,2874,SESS-DEDDABB808,REQ-E65937EBDE18,2026-09-15 20:17:09+00:00
EVT-0005650,IF_ORSC_ORIM_001,ORACLE_SCM,ORACLE_SCM,ESB,Sync,Success,,,,2973,SESS-3354FCBBF1,REQ-43ED02932F1C,2026-09-13 14:32:34+00:00
EVT-0005662,IF_OROM_CRMOM_001,ORACLE_SCM,CRM,REST_API,REST,Success,,,,2460,SESS-DDFABF8021,REQ-79CE5E7AAD59,2026-09-15 09:22:10+00:00
EVT-0005669,IF_ORIM_SAPPROC_001,ORACLE_SCM,SAP_ERP,REST_API,REST,Success,,,,2047,SESS-9DF42E8B7A,REQ-232E71949691,2026-09-11 21:01:46+00:00
EVT-0005674,IF_ORSC_SAPPP_001,ORACLE_SCM,SAP_ERP,Kafka,Async,Success,,,,1311,SESS-B24B916F6E,REQ-A69818EDD22D,2026-09-13 15:24:42+00:00
EVT-0005675,IF_ORWMS_SAPQM_001,ORACLE_SCM,SAP_ERP,Kafka,Async,Success,,,,2463,SESS-F845EC677D,REQ-76E9DCA8CF37,2026-09-12 10:23:54+00:00
EVT-0005676,IF_OROM_CRMOM_001,ORACLE_SCM,CRM,REST_API,REST,Success,,,,2148,SESS-CDA6677FF2,REQ-E1994F5B016F,2026-09-10 15:35:02+00:00
EVT-0005684,IF_ORIM_MESPE_001,ORACLE_SCM,MES,Kafka,Async,Success,,,,1621,SESS-6B43D355F4,REQ-469EDB2C24A3,2026-09-13 23:03:00+00:00
EVT-0005686,IF_OROM_CRMOM_001,ORACLE_SCM,CRM,REST_API,REST,Success,,,,1574,SESS-27F2D72F73,REQ-6FFAE15B0503,2026-09-14 15:23:02+00:00
EVT-0005689,IF_OROM_CRMOM_001,ORACLE_SCM,CRM,REST_API,REST,Failed,AUTHZ_403,Caller is not authorized,Authorization,15287,SESS-19F6ABDA37,REQ-1BF5435A3D9D,2026-09-15 05:31:41+00:00
EVT-0005694,IF_ORWMS_SAPQM_001,ORACLE_SCM,SAP_ERP,Kafka,Async,Success,,,,1934,SESS-46C848133A,REQ-C87089946B0D,2026-09-12 21:45:22+00:00
EVT-0005695,IF_OROM_CRMOM_001,ORACLE_SCM,CRM,REST_API,REST,Success,,,,2789,SESS-E4EF8B4829,REQ-2533FDE35F17,2026-09-10 18:48:42+00:00
EVT-0005697,IF_OROM_CRMOM_001,ORACLE_SCM,CRM,REST_API,REST,Success,,,,3018,SESS-AE70406E9B,REQ-45147039E238,2026-09-16 10:00:46+00:00
EVT-0005702,IF_ORWMS_SAPQM_001,ORACLE_SCM,SAP_ERP,Kafka,Async,Success,,,,2411,SESS-8B71514F45,REQ-63CD827C8F7F,2026-09-13 08:25:15+00:00
EVT-0005704,IF_ORIM_MESPE_001,ORACLE_SCM,MES,Kafka,Async,Success,,,,1461,SESS-936DA06D13,REQ-5E377A0F35F5,2026-09-16 10:03:36+00:00
EVT-0005706,IF_OROM_CRMOM_001,ORACLE_SCM,CRM,REST_API,REST,Success,,,,2131,SESS-1CDECDC271,REQ-DF9D14350F10,2026-09-11 08:51:59+00:00
EVT-0005710,IF_ORIM_MESPE_001,ORACLE_SCM,MES,Kafka,Async,Success,,,,1260,SESS-6431E79F41,REQ-254FE7696E67,2026-09-16 20:41:19+00:00
EVT-0005714,IF_ORWMS_OROM_001,ORACLE_SCM,ORACLE_SCM,Kafka,Async,Success,,,,1625,SESS-2BE61BC021,REQ-077BAA8C5C43,2026-09-12 03:33:34+00:00
EVT-0005715,IF_ORSC_SAPPP_001,ORACLE_SCM,SAP_ERP,Kafka,Async,Success,,,,1286,SESS-14FCA16793,REQ-C845C48E2714,2026-09-13 17:36:37+00:00
EVT-0005721,IF_ORSC_SAPPP_001,ORACLE_SCM,SAP_ERP,Kafka,Async,Success,,,,1496,SESS-B4F0C3072F,REQ-A642030CFEC7,2026-09-15 15:41:56+00:00
EVT-0005725,IF_ORIM_SAPPROC_001,ORACLE_SCM,SAP_ERP,REST_API,REST,Success,,,,2220,SESS-14EB8D7A94,REQ-6F29E2D1B947,2026-09-15 06:40:11+00:00
EVT-0005728,IF_ORIM_SAPPROC_001,ORACLE_SCM,SAP_ERP,REST_API,REST,Success,,,,1710,SESS-4A7E7EC475,REQ-1E84DFB97501,2026-09-11 05:53:50+00:00
EVT-0005740,IF_ORIM_MESPE_001,ORACLE_SCM,MES,Kafka,Async,Success,,,,1454,SESS-16D3D45876,REQ-EEA1B0678059,2026-09-10 19:24:02+00:00
EVT-0005743,IF_ORIM_SAPPROC_001,ORACLE_SCM,SAP_ERP,REST_API,REST,Success,,,,2804,SESS-8B51E1B5E5,REQ-930F6240EE14,2026-09-14 02:00:28+00:00
EVT-0005744,IF_ORSC_ORIM_001,ORACLE_SCM,ORACLE_SCM,ESB,Sync,Failed,CAP_003,Downstream service is at capacity,Capacity,4122,SESS-680C0C7E3E,REQ-B7771450580B,2026-09-11 09:16:35+00:00
EVT-0005757,IF_ORIM_SAPPROC_001,ORACLE_SCM,SAP_ERP,REST_API,REST,Success,,,,1919,SESS-2706D0A02A,REQ-A3C472BAABFE,2026-09-10 04:12:18+00:00
EVT-0005762,IF_ORIM_SAPPROC_001,ORACLE_SCM,SAP_ERP,REST_API,REST,Success,,,,2854,SESS-6B8D8F70C1,REQ-919F82EE33CD,2026-09-11 10:12:22+00:00
EVT-0005764,IF_ORIM_MESPE_001,ORACLE_SCM,MES,Kafka,Async,Success,,,,1551,SESS-2627C947E2,REQ-87B5DE506E85,2026-09-16 07:57:11+00:00
EVT-0005768,IF_ORIM_MESPE_001,ORACLE_SCM,MES,Kafka,Async,Success,,,,1215,SESS-B9923F6A99,REQ-3446ABB13320,2026-09-12 10:32:49+00:00
EVT-0005772,IF_ORSC_SAPPP_001,ORACLE_SCM,SAP_ERP,Kafka,Async,Success,,,,829,SESS-81AA0BB6FC,REQ-0B08C4EDC9F2,2026-09-13 20:58:01+00:00
EVT-0005773,IF_ORSC_SAPPP_001,ORACLE_SCM,SAP_ERP,Kafka,Async,Failed,TIME_004,Downstream response exceeded SLA,Timeout,2373,SESS-370F096751,REQ-90993DAD47CF,2026-09-15 10:17:41+00:00
EVT-0005774,IF_OROM_CRMOM_001,ORACLE_SCM,CRM,REST_API,REST,Success,,,,2221,SESS-8E7FBFF78F,REQ-1E3F1ED6F775,2026-09-15 07:08:12+00:00
EVT-0005777,IF_ORWMS_SAPQM_001,ORACLE_SCM,SAP_ERP,Kafka,Async,Success,,,,3033,SESS-2B34769845,REQ-CFEC2CB7114C,2026-09-11 00:10:50+00:00
EVT-0005779,IF_ORWMS_SAPQM_001,ORACLE_SCM,SAP_ERP,Kafka,Async,Success,,,,2143,SESS-6CF7C1FD37,REQ-4E673E5D039D,2026-09-11 07:47:21+00:00
EVT-0005783,IF_ORIM_ORWMS_001,ORACLE_SCM,ORACLE_SCM,ESB,Sync,Success,,,,603,SESS-AAA788D85B,REQ-F677013FEF58,2026-09-11 19:15:18+00:00
EVT-0005789,IF_ORSC_SAPPP_001,ORACLE_SCM,SAP_ERP,Kafka,Async,Success,,,,1215,SESS-00116B5B51,REQ-283C9979C1C3,2026-09-10 12:25:17+00:00
EVT-0005791,IF_ORWMS_OROM_001,ORACLE_SCM,ORACLE_SCM,Kafka,Async,Success,,,,1578,SESS-962D48D3AF,REQ-83FC4B416402,2026-09-11 22:40:46+00:00
EVT-0005792,IF_ORIM_ORWMS_001,ORACLE_SCM,ORACLE_SCM,ESB,Sync,Success,,,,785,SESS-3760D599A6,REQ-30B448FA8B32,2026-09-11 17:46:22+00:00
EVT-0005797,IF_ORIM_ORWMS_001,ORACLE_SCM,ORACLE_SCM,ESB,Sync,Success,,,,799,SESS-32C0C219B9,REQ-694203A6D6E1,2026-09-15 00:51:30+00:00
EVT-0005798,IF_ORIM_SAPPROC_001,ORACLE_SCM,SAP_ERP,REST_API,REST,Success,,,,2163,SESS-2B33120E06,REQ-6BDAD07169B4,2026-09-13 13:30:02+00:00
EVT-0005810,IF_ORSC_ORIM_001,ORACLE_SCM,ORACLE_SCM,ESB,Sync,Success,,,,1447,SESS-A1F4578439,REQ-F4C83776BE39,2026-09-16 19:14:59+00:00
EVT-0005811,IF_ORWMS_SAPQM_001,ORACLE_SCM,SAP_ERP,Kafka,Async,Success,,,,2593,SESS-3844FCD7DE,REQ-29D79F04C21D,2026-09-13 09:22:38+00:00
EVT-0005813,IF_ORIM_MESPE_001,ORACLE_SCM,MES,Kafka,Async,Success,,,,1540,SESS-599007C20B,REQ-544BF6904431,2026-09-14 12:10:46+00:00
EVT-0005815,IF_ORIM_MESPE_001,ORACLE_SCM,MES,Kafka,Async,Success,,,,1093,SESS-7CB499B659,REQ-4D5581062431,2026-09-15 16:57:56+00:00
EVT-0005816,IF_ORWMS_SAPQM_001,ORACLE_SCM,SAP_ERP,Kafka,Async,Success,,,,2591,SESS-0E473C491D,REQ-794DA2C307AF,2026-09-10 23:17:27+00:00
EVT-0005817,IF_ORIM_SAPPROC_001,ORACLE_SCM,SAP_ERP,REST_API,REST,Retry,VAL_400,Required business field failed validation,Validation,6224,SESS-2C89AD1F3D,REQ-1D670AAE2B8F,2026-09-13 11:23:28+00:00
EVT-0005818,IF_ORIM_ORWMS_001,ORACLE_SCM,ORACLE_SCM,ESB,Sync,Success,,,,1120,SESS-C142FF4A85,REQ-7003A4DCCD56,2026-09-14 04:35:50+00:00
EVT-0005819,IF_ORSC_ORIM_001,ORACLE_SCM,ORACLE_SCM,ESB,Sync,Success,,,,2268,SESS-9907F4A6E1,REQ-0B05CD49E9CD,2026-09-15 05:03:16+00:00
EVT-0005820,IF_ORIM_SAPPROC_001,ORACLE_SCM,SAP_ERP,REST_API,REST,Success,,,,2381,SESS-3B7647D6A9,REQ-B87D1B830D2B,2026-09-10 04:45:36+00:00
EVT-0005822,IF_ORSC_ORIM_001,ORACLE_SCM,ORACLE_SCM,ESB,Sync,Success,,,,2110,SESS-D936072B06,REQ-9ACDB67EC4FD,2026-09-11 03:08:40+00:00
EVT-0005824,IF_OROM_CRMOM_001,ORACLE_SCM,CRM,REST_API,REST,Success,,,,1579,SESS-79DCA3B7D0,REQ-9BD322F9E68D,2026-09-10 19:17:51+00:00
EVT-0005827,IF_OROM_CRMOM_001,ORACLE_SCM,CRM,REST_API,REST,Success,,,,1879,SESS-DAFEABB2B6,REQ-07428D0FDC12,2026-09-12 18:43:02+00:00
EVT-0005829,IF_ORIM_ORWMS_001,ORACLE_SCM,ORACLE_SCM,ESB,Sync,Success,,,,921,SESS-27EA7C86A9,REQ-C75E07448776,2026-09-10 23:26:35+00:00
EVT-0005843,IF_ORWMS_SAPQM_001,ORACLE_SCM,SAP_ERP,Kafka,Async,Success,,,,2568,SESS-7037301FAA,REQ-C2E91163B2FE,2026-09-16 05:21:54+00:00
EVT-0005845,IF_ORSC_SAPPP_001,ORACLE_SCM,SAP_ERP,Kafka,Async,Success,,,,1422,SESS-DACA803EF5,REQ-A4EC882BE9E8,2026-09-13 15:05:04+00:00
EVT-0005846,IF_ORSC_ORIM_001,ORACLE_SCM,ORACLE_SCM,ESB,Sync,Success,,,,2226,SESS-8F5614091C,REQ-635982EFF000,2026-09-11 13:01:34+00:00
EVT-0005848,IF_ORIM_MESPE_001,ORACLE_SCM,MES,Kafka,Async,Failed,NET_CONN_003,Connection reset by peer,Network,10544,SESS-16C52F4483,REQ-6BB60D7B0ED5,2026-09-12 13:05:04+00:00
EVT-0005853,IF_ORSC_SAPPP_001,ORACLE_SCM,SAP_ERP,Kafka,Async,Success,,,,1591,SESS-4A6EDDD2E9,REQ-BC9230DE35A5,2026-09-12 15:13:08+00:00
EVT-0005855,IF_OROM_CRMOM_001,ORACLE_SCM,CRM,REST_API,REST,Success,,,,1799,SESS-8348CE821C,REQ-6DFFF4AAE4BB,2026-09-14 13:41:32+00:00
EVT-0005860,IF_OROM_CRMOM_001,ORACLE_SCM,CRM,REST_API,REST,Success,,,,2528,SESS-9549B23574,REQ-22EBD7A98C73,2026-09-10 20:33:38+00:00
EVT-0005863,IF_ORWMS_OROM_001,ORACLE_SCM,ORACLE_SCM,Kafka,Async,Success,,,,1493,SESS-60A398CDA7,REQ-3B2490F1B919,2026-09-10 06:10:20+00:00
EVT-0005864,IF_OROM_CRMOM_001,ORACLE_SCM,CRM,REST_API,REST,Failed,VAL_400,Required business field failed validation,Validation,16738,SESS-6844DA0D3E,REQ-F7229D084BDE,2026-09-10 11:33:40+00:00
EVT-0005868,IF_ORWMS_SAPQM_001,ORACLE_SCM,SAP_ERP,Kafka,Async,Success,,,,2223,SESS-E6E25C2113,REQ-0C230321FDE9,2026-09-12 07:05:09+00:00
EVT-0005882,IF_ORWMS_OROM_001,ORACLE_SCM,ORACLE_SCM,Kafka,Async,Failed,AUTHZ_403,Caller is not authorized,Authorization,1861,SESS-73DDE9DFAD,REQ-12C1AF4465D3,2026-09-16 22:17:37+00:00
EVT-0005884,IF_ORIM_ORWMS_001,ORACLE_SCM,ORACLE_SCM,ESB,Sync,Success,,,,650,SESS-3F84836760,REQ-5C380C1AC16D,2026-09-15 03:46:07+00:00
EVT-0005886,IF_ORWMS_OROM_001,ORACLE_SCM,ORACLE_SCM,Kafka,Async,Success,,,,1225,SESS-5B1EC45BCD,REQ-EDCA594AD014,2026-09-15 15:32:00+00:00
EVT-0005890,IF_OROM_CRMOM_001,ORACLE_SCM,CRM,REST_API,REST,Retry,AUTHZ_403,Caller is not authorized,Authorization,6151,SESS-43189C7EA7,REQ-219B0F978E65,2026-09-10 22:01:33+00:00
EVT-0005893,IF_ORIM_ORWMS_001,ORACLE_SCM,ORACLE_SCM,ESB,Sync,Success,,,,1003,SESS-F9AE91AD1D,REQ-605691112D3B,2026-09-16 11:08:42+00:00
EVT-0005897,IF_ORIM_SAPPROC_001,ORACLE_SCM,SAP_ERP,REST_API,REST,Failed,CAP_003,Downstream service is at capacity,Capacity,18461,SESS-B29A771239,REQ-BBED533AAD00,2026-09-14 08:13:32+00:00
EVT-0005901,IF_OROM_CRMOM_001,ORACLE_SCM,CRM,REST_API,REST,Success,,,,2687,SESS-99230B1D44,REQ-2597D7C6761F,2026-09-14 09:22:11+00:00
EVT-0005903,IF_ORIM_MESPE_001,ORACLE_SCM,MES,Kafka,Async,Success,,,,1497,SESS-6928D3717B,REQ-7559BFA88D97,2026-09-15 12:33:51+00:00
EVT-0005906,IF_OROM_CRMOM_001,ORACLE_SCM,CRM,REST_API,REST,Retry,TIME_004,Downstream response exceeded SLA,Timeout,5017,SESS-F088C39A09,REQ-6D416EE1070C,2026-09-10 03:27:04+00:00
EVT-0005908,IF_ORIM_ORWMS_001,ORACLE_SCM,ORACLE_SCM,ESB,Sync,Success,,,,780,SESS-F488DDEBE2,REQ-D6E5C887D571,2026-09-12 20:58:38+00:00
EVT-0005910,IF_ORIM_MESPE_001,ORACLE_SCM,MES,Kafka,Async,Success,,,,1135,SESS-E5A9C50B81,REQ-B9B39AF05C26,2026-09-16 21:08:51+00:00
EVT-0005915,IF_ORIM_ORWMS_001,ORACLE_SCM,ORACLE_SCM,ESB,Sync,Success,,,,949,SESS-20CADAC73A,REQ-87EE91562BF2,2026-09-16 10:22:54+00:00
EVT-0005917,IF_ORIM_SAPPROC_001,ORACLE_SCM,SAP_ERP,REST_API,REST,Success,,,,1866,SESS-8AC5901202,REQ-5705A0B63196,2026-09-13 05:24:20+00:00
EVT-0005919,IF_ORIM_ORWMS_001,ORACLE_SCM,ORACLE_SCM,ESB,Sync,Retry,INFRA_008,Runtime node unavailable,Infrastructure,2232,SESS-E305401A5A,REQ-A1B6FCF09C0C,2026-09-15 15:04:08+00:00
EVT-0005921,IF_ORSC_ORIM_001,ORACLE_SCM,ORACLE_SCM,ESB,Sync,Success,,,,3279,SESS-A2BEF4CD36,REQ-32F0F0FDC96A,2026-09-12 16:27:18+00:00
EVT-0005924,IF_ORIM_SAPPROC_001,ORACLE_SCM,SAP_ERP,REST_API,REST,Success,,,,1658,SESS-83D2EAAEE4,REQ-0E2E893F512B,2026-09-16 18:43:56+00:00
EVT-0005925,IF_ORSC_ORIM_001,ORACLE_SCM,ORACLE_SCM,ESB,Sync,Retry,VAL_400,Required business field failed validation,Validation,5350,SESS-51B9225B1A,REQ-C62D67DC0435,2026-09-14 03:45:15+00:00
EVT-0005930,IF_ORIM_SAPPROC_001,ORACLE_SCM,SAP_ERP,REST_API,REST,Success,,,,2597,SESS-1A3FAC531B,REQ-BAB532F35FEC,2026-09-14 20:13:49+00:00
EVT-0005939,IF_ORIM_SAPPROC_001,ORACLE_SCM,SAP_ERP,REST_API,REST,Success,,,,795,SESS-7BF4AFE22D,REQ-D226860A5B4A,2026-09-11 09:47:20+00:00
EVT-0005941,IF_ORWMS_OROM_001,ORACLE_SCM,ORACLE_SCM,Kafka,Async,Retry,CFG_017,Interface configuration mismatch,Configuration,5133,SESS-484E48BF95,REQ-4F5D4D499498,2026-09-14 01:28:41+00:00
EVT-0005943,IF_ORIM_ORWMS_001,ORACLE_SCM,ORACLE_SCM,ESB,Sync,Success,,,,1382,SESS-4636F2A8A1,REQ-D878669EC131,2026-09-13 20:26:39+00:00
EVT-0005944,IF_ORIM_SAPPROC_001,ORACLE_SCM,SAP_ERP,REST_API,REST,Failed,CAP_003,Downstream service is at capacity,Capacity,8783,SESS-FA8F824D1E,REQ-E4A1A87B3D1C,2026-09-11 02:18:57+00:00
EVT-0005946,IF_ORSC_SAPPP_001,ORACLE_SCM,SAP_ERP,Kafka,Async,Success,,,,1506,SESS-3F4F91FCFA,REQ-DA0B57404C7A,2026-09-13 12:04:00+00:00
EVT-0005949,IF_ORSC_ORIM_001,ORACLE_SCM,ORACLE_SCM,ESB,Sync,Retry,DB_COMMIT_014,Transaction commit failed,Database,7167,SESS-72AC537EB9,REQ-964910EA14B3,2026-09-14 10:02:55+00:00
EVT-0005950,IF_OROM_CRMOM_001,ORACLE_SCM,CRM,REST_API,REST,Retry,TIME_004,Downstream response exceeded SLA,Timeout,6232,SESS-478BBE5869,REQ-4B6050E0F642,2026-09-14 05:50:49+00:00
EVT-0005951,IF_ORSC_SAPPP_001,ORACLE_SCM,SAP_ERP,Kafka,Async,Success,,,,1568,SESS-E4D5B9B66A,REQ-0CDDC14BD3B9,2026-09-15 12:41:21+00:00
EVT-0005956,IF_ORIM_MESPE_001,ORACLE_SCM,MES,Kafka,Async,Success,,,,1409,SESS-6D254D62BF,REQ-D7D30ED3A45D,2026-09-16 15:47:18+00:00
EVT-0005957,IF_ORWMS_OROM_001,ORACLE_SCM,ORACLE_SCM,Kafka,Async,Success,,,,989,SESS-0BF0394039,REQ-2A1C04DC78FB,2026-09-10 07:09:32+00:00
EVT-0005964,IF_ORSC_ORIM_001,ORACLE_SCM,ORACLE_SCM,ESB,Sync,Success,,,,2269,SESS-D377EBFFE3,REQ-5F7ABF610ADD,2026-09-14 01:50:17+00:00
EVT-0005965,IF_ORIM_MESPE_001,ORACLE_SCM,MES,Kafka,Async,Success,,,,1291,SESS-8199700B8B,REQ-42C5E9022EF7,2026-09-13 22:16:38+00:00
EVT-0005966,IF_ORSC_ORIM_001,ORACLE_SCM,ORACLE_SCM,ESB,Sync,Success,,,,2740,SESS-7DA6481B25,REQ-7D28411CF1DF,2026-09-11 16:17:44+00:00
EVT-0005972,IF_ORSC_ORIM_001,ORACLE_SCM,ORACLE_SCM,ESB,Sync,Success,,,,2362,SESS-5724AEFE47,REQ-6BCDF675FB79,2026-09-10 11:37:41+00:00
EVT-0005973,IF_ORSC_ORIM_001,ORACLE_SCM,ORACLE_SCM,ESB,Sync,Success,,,,3961,SESS-07EAE9C0A0,REQ-CC4705FD99AC,2026-09-16 00:22:53+00:00
EVT-0005978,IF_ORWMS_OROM_001,ORACLE_SCM,ORACLE_SCM,Kafka,Async,Success,,,,1255,SESS-49C02207F9,REQ-7D79DC44EA3F,2026-09-12 05:03:05+00:00
EVT-0005979,IF_OROM_CRMOM_001,ORACLE_SCM,CRM,REST_API,REST,Retry,INFRA_008,Runtime node unavailable,Infrastructure,7502,SESS-333EB4630A,REQ-DC3B39901CE9,2026-09-10 03:00:19+00:00
EVT-0005982,IF_ORIM_SAPPROC_001,ORACLE_SCM,SAP_ERP,REST_API,REST,Success,,,,2615,SESS-ACF6B9CCBE,REQ-55099EEA3399,2026-09-13 05:55:39+00:00
EVT-0005985,IF_ORIM_ORWMS_001,ORACLE_SCM,ORACLE_SCM,ESB,Sync,Failed,EXT_502,Downstream service returned 502,External Service,1349,SESS-8A8FD4D10F,REQ-F93622F07710,2026-09-13 12:54:48+00:00
EVT-0005988,IF_ORSC_ORIM_001,ORACLE_SCM,ORACLE_SCM,ESB,Sync,Retry,EXT_502,Downstream service returned 502,External Service,8039,SESS-FD12D8E280,REQ-CC1671565023,2026-09-16 04:12:31+00:00
EVT-0005989,IF_ORSC_ORIM_001,ORACLE_SCM,ORACLE_SCM,ESB,Sync,Success,,,,2106,SESS-17B1539130,REQ-2E93FCC5F646,2026-09-15 22:37:00+00:00
EVT-0005991,IF_ORWMS_OROM_001,ORACLE_SCM,ORACLE_SCM,Kafka,Async,Retry,AUTHZ_403,Caller is not authorized,Authorization,3955,SESS-4F365E55E5,REQ-8D3FD86D73C0,2026-09-11 08:31:04+00:00
EVT-0005992,IF_ORSC_SAPPP_001,ORACLE_SCM,SAP_ERP,Kafka,Async,Success,,,,1262,SESS-E7E71F81EA,REQ-712725FEA27E,2026-09-15 00:52:51+00:00
EVT-0005997,IF_ORWMS_OROM_001,ORACLE_SCM,ORACLE_SCM,Kafka,Async,Success,,,,1288,SESS-D8FEA30A6E,REQ-4BF9CC9674F2,2026-09-16 20:15:56+00:00
EVT-0005998,IF_ORIM_ORWMS_001,ORACLE_SCM,ORACLE_SCM,ESB,Sync,Success,,,,1164,SESS-449D1E1E83,REQ-63AAFAF4121A,2026-09-15 12:25:02+00:00
EVT-0006000,IF_ORWMS_OROM_001,ORACLE_SCM,ORACLE_SCM,Kafka,Async,Success,,,,1276,SESS-7ED172D158,REQ-D26CA7209CA2,2026-09-16 01:48:46+00:00
EVT-0000008,IF_PLMCM_SAPPP_001,PLM,SAP_ERP,ESB,Async,Success,,,,2363,SESS-A1E61DE6F6,REQ-FEA3FAC77845,2026-09-11 22:14:45+00:00
EVT-0000017,IF_PLMPD_MESPE_001,PLM,MES,Kafka,Async,Success,,,,968,SESS-3669979A8D,REQ-30E5B85772F5,2026-09-15 12:13:11+00:00
EVT-0000029,IF_PLMCM_SAPPP_001,PLM,SAP_ERP,ESB,Async,Success,,,,2075,SESS-609BE4D856,REQ-E2C9324B95C4,2026-09-14 21:55:18+00:00
EVT-0000031,IF_PLMCFG_MESPC_001,PLM,MES,REST_API,REST,Success,,,,1487,SESS-6BBCF27755,REQ-F362FBA8CCED,2026-09-15 15:04:24+00:00
EVT-0000053,IF_PLMCFG_MESPC_001,PLM,MES,REST_API,REST,Success,,,,1996,SESS-8AB8CF821E,REQ-A5C8B50A6604,2026-09-14 07:28:32+00:00
EVT-0000063,IF_PLMCFG_MESPC_001,PLM,MES,REST_API,REST,Success,,,,1757,SESS-59228E38D3,REQ-81603CFB3110,2026-09-16 09:44:46+00:00
EVT-0000069,IF_PLMPD_SAPPP_001,PLM,SAP_ERP,Kafka,Async,Success,,,,1151,SESS-4B51AF75BA,REQ-41E71152F8A2,2026-09-11 20:49:04+00:00
EVT-0000076,IF_PLMCM_SAPPP_001,PLM,SAP_ERP,ESB,Async,Success,,,,1902,SESS-FCA0AD8071,REQ-8E1A6191582E,2026-09-15 21:22:47+00:00
EVT-0000078,IF_PLMCM_SAPPP_001,PLM,SAP_ERP,ESB,Async,Success,,,,2060,SESS-31FEAE5571,REQ-131E83D57DF6,2026-09-13 17:30:12+00:00
EVT-0000082,IF_PLMCM_SAPPP_001,PLM,SAP_ERP,ESB,Async,Retry,CAP_003,Downstream service is at capacity,Capacity,7646,SESS-F522AD8380,REQ-D286999106C8,2026-09-13 20:11:53+00:00
EVT-0000102,IF_PLMPD_SAPPP_001,PLM,SAP_ERP,Kafka,Async,Success,,,,1104,SESS-83FF260C79,REQ-34895A245BF0,2026-09-11 11:06:11+00:00
EVT-0000107,IF_PLMCM_SAPPP_001,PLM,SAP_ERP,ESB,Async,Success,,,,2450,SESS-96337393D5,REQ-1A426702C444,2026-09-14 20:16:02+00:00
EVT-0000113,IF_PLMPD_SAPPP_001,PLM,SAP_ERP,Kafka,Async,Success,,,,464,SESS-B191EE4687,REQ-3A41C974F81C,2026-09-11 16:31:16+00:00
EVT-0000131,IF_PLMPD_MESPE_001,PLM,MES,Kafka,Async,Success,,,,687,SESS-8C0A252F1E,REQ-68AA52AE2BAC,2026-09-12 17:04:49+00:00
EVT-0000132,IF_PLMPD_MESPE_001,PLM,MES,Kafka,Async,Success,,,,1060,SESS-7EF778E09D,REQ-05827539B5B8,2026-09-13 01:38:32+00:00
EVT-0000133,IF_PLMPD_SAPPP_001,PLM,SAP_ERP,Kafka,Async,Success,,,,892,SESS-649D52E914,REQ-05C16E7C8735,2026-09-14 20:41:07+00:00
EVT-0000140,IF_PLMPD_SAPPP_001,PLM,SAP_ERP,Kafka,Async,Retry,AUTH_401,Service credential rejected,Authentication,2269,SESS-CAA4470387,REQ-38893F642C95,2026-09-16 16:26:33+00:00
EVT-0000143,IF_PLMPD_SAPPP_001,PLM,SAP_ERP,Kafka,Async,Success,,,,890,SESS-BA6EBF316C,REQ-1328E9AA3245,2026-09-10 15:02:19+00:00
EVT-0000149,IF_PLMPD_SAPPP_001,PLM,SAP_ERP,Kafka,Async,Success,,,,858,SESS-7015E63C22,REQ-BB64855B605E,2026-09-11 05:05:40+00:00
EVT-0000159,IF_PLMPD_MESPE_001,PLM,MES,Kafka,Async,Failed,AUTHZ_403,Caller is not authorized,Authorization,4981,SESS-1A37BD29E9,REQ-4BF9712D36DF,2026-09-14 23:43:43+00:00
EVT-0000171,IF_PLMCM_SAPPP_001,PLM,SAP_ERP,ESB,Async,Failed,AUTH_401,Service credential rejected,Authentication,14263,SESS-B450CFC25D,REQ-EB30D15F22FA,2026-09-12 14:15:23+00:00
EVT-0000189,IF_PLMCFG_MESPC_001,PLM,MES,REST_API,REST,Retry,EXT_502,Downstream service returned 502,External Service,8261,SESS-3A2D92EFFC,REQ-3F70A482AEE4,2026-09-10 10:15:39+00:00
EVT-0000200,IF_PLMPD_SAPPP_001,PLM,SAP_ERP,Kafka,Async,Success,,,,863,SESS-01BBCFF2BE,REQ-C30838FBD9D2,2026-09-12 22:22:52+00:00
EVT-0000207,IF_PLMCFG_MESPC_001,PLM,MES,REST_API,REST,Success,,,,1720,SESS-40257FEAD9,REQ-9F229E2F55FD,2026-09-10 09:02:05+00:00
EVT-0000224,IF_PLMPD_SAPPP_001,PLM,SAP_ERP,Kafka,Async,Success,,,,684,SESS-1647551BDC,REQ-2B17885A0510,2026-09-11 16:41:48+00:00
EVT-0000230,IF_PLMCM_SAPPP_001,PLM,SAP_ERP,ESB,Async,Success,,,,2707,SESS-7777CCD6BE,REQ-3977E8770503,2026-09-16 06:39:07+00:00
EVT-0000233,IF_PLMCM_SAPPP_001,PLM,SAP_ERP,ESB,Async,Success,,,,2759,SESS-484F7AD0E4,REQ-D8B31B03A463,2026-09-16 12:32:23+00:00
EVT-0000242,IF_PLMPD_SAPPP_001,PLM,SAP_ERP,Kafka,Async,Success,,,,973,SESS-C4C018AAB6,REQ-DEACFD2A5483,2026-09-11 22:18:45+00:00
EVT-0000243,IF_PLMCM_SAPPP_001,PLM,SAP_ERP,ESB,Async,Success,,,,2333,SESS-886936FE19,REQ-D33BD133328D,2026-09-10 10:19:00+00:00
EVT-0000244,IF_PLMPD_SAPPP_001,PLM,SAP_ERP,Kafka,Async,Success,,,,1563,SESS-2D3CEBBAC6,REQ-0676FBF0670E,2026-09-12 21:31:59+00:00
EVT-0000252,IF_PLMCM_SAPPP_001,PLM,SAP_ERP,ESB,Async,Success,,,,1837,SESS-86A2C3D760,REQ-6B87E2677D47,2026-09-14 01:53:35+00:00
EVT-0000277,IF_PLMPD_SAPPP_001,PLM,SAP_ERP,Kafka,Async,Success,,,,652,SESS-676B956437,REQ-66A8A924701A,2026-09-16 00:19:05+00:00
EVT-0000283,IF_PLMCM_SAPPP_001,PLM,SAP_ERP,ESB,Async,Success,,,,2291,SESS-2245AE636A,REQ-8663BFD44AFE,2026-09-14 07:06:03+00:00
EVT-0000293,IF_PLMCM_SAPPP_001,PLM,SAP_ERP,ESB,Async,Success,,,,2565,SESS-8D3829BA10,REQ-3646FAD39B27,2026-09-10 07:49:38+00:00
EVT-0000299,IF_PLMPD_SAPPP_001,PLM,SAP_ERP,Kafka,Async,Failed,VAL_400,Required business field failed validation,Validation,4369,SESS-D1CECB0D74,REQ-BD2E41369485,2026-09-11 11:42:30+00:00
EVT-0000300,IF_PLMPD_MESPE_001,PLM,MES,Kafka,Async,Success,,,,908,SESS-C2A51C9148,REQ-8B5F92B3CAFB,2026-09-10 23:14:55+00:00
EVT-0000305,IF_PLMPD_SAPPP_001,PLM,SAP_ERP,Kafka,Async,Failed,NET_CONN_003,Connection reset by peer,Network,6093,SESS-347EDD9706,REQ-08FA413C61A9,2026-09-15 13:30:16+00:00
EVT-0000316,IF_PLMPD_SAPPP_001,PLM,SAP_ERP,Kafka,Async,Success,,,,666,SESS-983B690CDC,REQ-8290A9266DF9,2026-09-10 17:17:48+00:00
EVT-0000321,IF_PLMCM_SAPPP_001,PLM,SAP_ERP,ESB,Async,Success,,,,2115,SESS-6D47510489,REQ-C0ED3147DFCD,2026-09-14 22:33:28+00:00
EVT-0000327,IF_PLMPD_MESPE_001,PLM,MES,Kafka,Async,Success,,,,881,SESS-E18ED9D19C,REQ-651868E75668,2026-09-14 23:37:43+00:00
EVT-0000329,IF_PLMCFG_MESPC_001,PLM,MES,REST_API,REST,Success,,,,2676,SESS-C24A33E5A0,REQ-117DD0574BAD,2026-09-15 19:43:39+00:00
EVT-0000339,IF_PLMPD_SAPPP_001,PLM,SAP_ERP,Kafka,Async,Success,,,,799,SESS-8CD12D1F19,REQ-1B8623E4E640,2026-09-10 09:16:25+00:00
EVT-0000348,IF_PLMPD_SAPPP_001,PLM,SAP_ERP,Kafka,Async,Retry,CAP_003,Downstream service is at capacity,Capacity,2455,SESS-3630621857,REQ-B10DDEA23F49,2026-09-10 11:56:15+00:00
EVT-0000350,IF_PLMPD_SAPPP_001,PLM,SAP_ERP,Kafka,Async,Success,,,,1021,SESS-14E4CAAB4E,REQ-41C672B15761,2026-09-11 09:23:35+00:00
EVT-0000356,IF_PLMCFG_MESPC_001,PLM,MES,REST_API,REST,Success,,,,2456,SESS-871B8A06BD,REQ-253185C754DA,2026-09-16 02:48:24+00:00
EVT-0000363,IF_PLMPD_MESPE_001,PLM,MES,Kafka,Async,Retry,NET_CONN_003,Connection reset by peer,Network,1911,SESS-6967605F24,REQ-C4E3D9153F0B,2026-09-13 18:42:44+00:00
EVT-0000365,IF_PLMPD_SAPPP_001,PLM,SAP_ERP,Kafka,Async,Success,,,,979,SESS-975C6F9B07,REQ-FDBE914E935D,2026-09-10 02:45:39+00:00
EVT-0000379,IF_PLMPD_MESPE_001,PLM,MES,Kafka,Async,Retry,CAP_003,Downstream service is at capacity,Capacity,2809,SESS-23FB54D398,REQ-22BE6BE23D75,2026-09-11 16:36:18+00:00
EVT-0000385,IF_PLMPD_SAPPP_001,PLM,SAP_ERP,Kafka,Async,Failed,VAL_400,Required business field failed validation,Validation,5902,SESS-D3EB09D313,REQ-E58037D443BA,2026-09-13 22:10:21+00:00
EVT-0000386,IF_PLMPD_SAPPP_001,PLM,SAP_ERP,Kafka,Async,Success,,,,653,SESS-F30E79C8A2,REQ-C43775267602,2026-09-11 17:48:57+00:00
EVT-0000390,IF_PLMPD_SAPPP_001,PLM,SAP_ERP,Kafka,Async,Success,,,,799,SESS-78104B3E67,REQ-0709FF162341,2026-09-15 20:30:43+00:00
EVT-0000399,IF_PLMPD_SAPPP_001,PLM,SAP_ERP,Kafka,Async,Success,,,,1212,SESS-B31293607C,REQ-178B6F4A1446,2026-09-10 14:45:06+00:00
EVT-0000403,IF_PLMCFG_MESPC_001,PLM,MES,REST_API,REST,Success,,,,2368,SESS-C5D96A9109,REQ-4EB1A04C05FE,2026-09-11 21:46:16+00:00
EVT-0000433,IF_PLMCFG_MESPC_001,PLM,MES,REST_API,REST,Success,,,,1163,SESS-B993E11D9C,REQ-BD35D4668701,2026-09-13 01:50:38+00:00
EVT-0000438,IF_PLMCFG_MESPC_001,PLM,MES,REST_API,REST,Success,,,,2379,SESS-43C8887541,REQ-D78E03E7D6B4,2026-09-15 02:09:06+00:00
EVT-0000449,IF_PLMCFG_MESPC_001,PLM,MES,REST_API,REST,Success,,,,1709,SESS-97727AC8CD,REQ-F9E56649645A,2026-09-11 01:36:37+00:00
EVT-0000464,IF_PLMPD_MESPE_001,PLM,MES,Kafka,Async,Success,,,,851,SESS-4F406B8F13,REQ-B01958720494,2026-09-10 21:30:55+00:00
EVT-0000466,IF_PLMPD_SAPPP_001,PLM,SAP_ERP,Kafka,Async,Success,,,,645,SESS-7EC1957194,REQ-BE95BB4D051B,2026-09-11 16:42:37+00:00
EVT-0000468,IF_PLMPD_MESPE_001,PLM,MES,Kafka,Async,Retry,VAL_400,Required business field failed validation,Validation,2010,SESS-C65BBB23F8,REQ-7D59EA760CE0,2026-09-10 06:40:19+00:00
EVT-0000478,IF_PLMPD_SAPPP_001,PLM,SAP_ERP,Kafka,Async,Success,,,,986,SESS-443711D7EC,REQ-281E460FF8E9,2026-09-15 18:55:39+00:00
EVT-0000488,IF_PLMCFG_MESPC_001,PLM,MES,REST_API,REST,Success,,,,1359,SESS-8459F1352D,REQ-D87FFCA06AA1,2026-09-12 03:14:18+00:00
EVT-0000521,IF_PLMCFG_MESPC_001,PLM,MES,REST_API,REST,Success,,,,2314,SESS-2E9E16F6AA,REQ-49FC2F637ED9,2026-09-13 07:43:42+00:00
EVT-0000522,IF_PLMCM_SAPPP_001,PLM,SAP_ERP,ESB,Async,Success,,,,2299,SESS-23D1E3C575,REQ-C04072E9FF5F,2026-09-16 10:50:29+00:00
EVT-0000525,IF_PLMPD_MESPE_001,PLM,MES,Kafka,Async,Success,,,,789,SESS-A2AB128270,REQ-6CE802B00D11,2026-09-15 18:17:13+00:00
EVT-0000531,IF_PLMPD_SAPPP_001,PLM,SAP_ERP,Kafka,Async,Success,,,,776,SESS-1C37C14821,REQ-24793F63BDB7,2026-09-12 02:07:49+00:00
EVT-0000534,IF_PLMPD_MESPE_001,PLM,MES,Kafka,Async,Success,,,,701,SESS-822E63AFE4,REQ-A0886E6626C1,2026-09-10 07:06:59+00:00
EVT-0000537,IF_PLMPD_MESPE_001,PLM,MES,Kafka,Async,Retry,DB_COMMIT_014,Transaction commit failed,Database,2771,SESS-2306375493,REQ-14B58C065514,2026-09-10 05:51:34+00:00
EVT-0000538,IF_PLMPD_MESPE_001,PLM,MES,Kafka,Async,Failed,TIME_004,Downstream response exceeded SLA,Timeout,3571,SESS-F608E881DF,REQ-A33E31060105,2026-09-16 04:56:45+00:00
EVT-0000539,IF_PLMPD_MESPE_001,PLM,MES,Kafka,Async,Success,,,,951,SESS-95CB30DD30,REQ-A923A53648B4,2026-09-15 10:12:39+00:00
EVT-0000542,IF_PLMPD_MESPE_001,PLM,MES,Kafka,Async,Success,,,,899,SESS-AAB712187C,REQ-80FD2B45BD64,2026-09-16 02:16:30+00:00
EVT-0000547,IF_PLMCM_SAPPP_001,PLM,SAP_ERP,ESB,Async,Success,,,,2288,SESS-2ECD2D19CC,REQ-5B1AE3349CD1,2026-09-12 21:09:37+00:00
EVT-0000548,IF_PLMCM_SAPPP_001,PLM,SAP_ERP,ESB,Async,Success,,,,1674,SESS-4D5FB8E7C7,REQ-11D1E83D3377,2026-09-14 20:41:45+00:00
EVT-0000549,IF_PLMCFG_MESPC_001,PLM,MES,REST_API,REST,Success,,,,2687,SESS-42EC29463C,REQ-0B89DA468C9B,2026-09-14 10:58:38+00:00
EVT-0000552,IF_PLMPD_SAPPP_001,PLM,SAP_ERP,Kafka,Async,Success,,,,619,SESS-3A460FA458,REQ-798252FAABB3,2026-09-13 12:02:57+00:00
EVT-0000556,IF_PLMPD_SAPPP_001,PLM,SAP_ERP,Kafka,Async,Retry,CFG_017,Interface configuration mismatch,Configuration,1985,SESS-289D3FA5CB,REQ-B4C35056C6DB,2026-09-12 14:47:00+00:00
EVT-0000558,IF_PLMPD_SAPPP_001,PLM,SAP_ERP,Kafka,Async,Success,,,,964,SESS-4600122EE2,REQ-D620C937D5FF,2026-09-16 04:25:42+00:00
EVT-0000564,IF_PLMCM_SAPPP_001,PLM,SAP_ERP,ESB,Async,Failed,INFRA_008,Runtime node unavailable,Infrastructure,3405,SESS-B25D36DA8D,REQ-16433AB6F989,2026-09-16 04:04:52+00:00
EVT-0000580,IF_PLMPD_MESPE_001,PLM,MES,Kafka,Async,Success,,,,865,SESS-FED1A49563,REQ-81E929497E3C,2026-09-16 08:49:59+00:00
EVT-0000583,IF_PLMCFG_MESPC_001,PLM,MES,REST_API,REST,Success,,,,2669,SESS-C5EE1F1E50,REQ-E855B4351921,2026-09-16 07:53:32+00:00
EVT-0000601,IF_PLMCM_SAPPP_001,PLM,SAP_ERP,ESB,Async,Failed,CAP_003,Downstream service is at capacity,Capacity,4384,SESS-49256E192C,REQ-6D4081ECD973,2026-09-16 10:31:58+00:00
EVT-0000605,IF_PLMPD_SAPPP_001,PLM,SAP_ERP,Kafka,Async,Success,,,,979,SESS-522DCEBE85,REQ-47EB4497BE3C,2026-09-11 10:35:42+00:00
EVT-0000606,IF_PLMPD_MESPE_001,PLM,MES,Kafka,Async,Retry,AUTHZ_403,Caller is not authorized,Authorization,2963,SESS-497CB2D010,REQ-D3AC5D4A7170,2026-09-11 01:59:51+00:00
EVT-0000607,IF_PLMCFG_MESPC_001,PLM,MES,REST_API,REST,Failed,VAL_400,Required business field failed validation,Validation,7482,SESS-19273A9662,REQ-0A6775902C63,2026-09-16 04:19:30+00:00
EVT-0000617,IF_PLMCFG_MESPC_001,PLM,MES,REST_API,REST,Success,,,,1588,SESS-8F42C9BDFE,REQ-6F8AD14B3866,2026-09-10 03:46:31+00:00
EVT-0000618,IF_PLMCFG_MESPC_001,PLM,MES,REST_API,REST,Success,,,,1745,SESS-952D871170,REQ-535E50692B57,2026-09-14 07:36:04+00:00
EVT-0000621,IF_PLMCM_SAPPP_001,PLM,SAP_ERP,ESB,Async,Retry,VAL_400,Required business field failed validation,Validation,7582,SESS-60E89D452B,REQ-740D0700591B,2026-09-14 16:13:35+00:00
EVT-0000642,IF_PLMPD_SAPPP_001,PLM,SAP_ERP,Kafka,Async,Success,,,,864,SESS-EEE32F5770,REQ-18F4C70B95CA,2026-09-12 03:30:54+00:00
EVT-0000646,IF_PLMCFG_MESPC_001,PLM,MES,REST_API,REST,Success,,,,1765,SESS-AADD24F307,REQ-80332347651E,2026-09-13 04:37:30+00:00
EVT-0000647,IF_PLMCM_SAPPP_001,PLM,SAP_ERP,ESB,Async,Success,,,,1829,SESS-BC50E92D08,REQ-CBB4450A6C52,2026-09-12 06:01:12+00:00
EVT-0000654,IF_PLMPD_SAPPP_001,PLM,SAP_ERP,Kafka,Async,Success,,,,730,SESS-9E344E0BAB,REQ-F92938CA029A,2026-09-11 08:17:25+00:00
EVT-0000657,IF_PLMCM_SAPPP_001,PLM,SAP_ERP,ESB,Async,Success,,,,1519,SESS-09903BE365,REQ-F757B56C43EA,2026-09-12 01:15:08+00:00
EVT-0000659,IF_PLMPD_SAPPP_001,PLM,SAP_ERP,Kafka,Async,Success,,,,873,SESS-B4A65732B9,REQ-016E3C8ABE70,2026-09-11 19:46:40+00:00
EVT-0000663,IF_PLMPD_MESPE_001,PLM,MES,Kafka,Async,Success,,,,939,SESS-1568E1505C,REQ-7345D811DD9C,2026-09-13 03:29:08+00:00
EVT-0000667,IF_PLMPD_MESPE_001,PLM,MES,Kafka,Async,Success,,,,524,SESS-DBDCECD91C,REQ-0CFD2EFEBF26,2026-09-12 16:58:21+00:00
EVT-0000675,IF_PLMCM_SAPPP_001,PLM,SAP_ERP,ESB,Async,Success,,,,2733,SESS-391487538C,REQ-3D0CA0B29322,2026-09-16 20:24:59+00:00
EVT-0000691,IF_PLMPD_MESPE_001,PLM,MES,Kafka,Async,Success,,,,1183,SESS-3A51D1243F,REQ-6F76D58562AB,2026-09-16 00:10:13+00:00
EVT-0000692,IF_PLMCM_SAPPP_001,PLM,SAP_ERP,ESB,Async,Retry,AUTH_401,Service credential rejected,Authentication,3885,SESS-183C6ECA91,REQ-B07AA2AA9755,2026-09-13 18:11:54+00:00
EVT-0000694,IF_PLMCM_SAPPP_001,PLM,SAP_ERP,ESB,Async,Failed,TIME_004,Downstream response exceeded SLA,Timeout,3665,SESS-FB40AB5735,REQ-4D05F0517B1D,2026-09-14 09:58:27+00:00
EVT-0000704,IF_PLMCFG_MESPC_001,PLM,MES,REST_API,REST,Success,,,,2628,SESS-16E4556646,REQ-B3675B981768,2026-09-11 08:30:03+00:00
EVT-0000710,IF_PLMCFG_MESPC_001,PLM,MES,REST_API,REST,Success,,,,2656,SESS-5290F0EE7D,REQ-E8F155ACB36A,2026-09-12 21:24:51+00:00
EVT-0000724,IF_PLMCFG_MESPC_001,PLM,MES,REST_API,REST,Failed,AUTH_401,Service credential rejected,Authentication,3861,SESS-D3B6737E62,REQ-73ED3DB815D2,2026-09-12 00:30:40+00:00
EVT-0000727,IF_PLMPD_SAPPP_001,PLM,SAP_ERP,Kafka,Async,Success,,,,1087,SESS-15A32F2CE9,REQ-A999696052F6,2026-09-15 23:00:54+00:00
EVT-0000734,IF_PLMPD_MESPE_001,PLM,MES,Kafka,Async,Success,,,,982,SESS-097C74C9B6,REQ-6039C56E2D91,2026-09-13 05:11:51+00:00
EVT-0000739,IF_PLMCM_SAPPP_001,PLM,SAP_ERP,ESB,Async,Success,,,,2044,SESS-6D02A1FA34,REQ-D1D5ACA10275,2026-09-15 01:59:14+00:00
EVT-0000742,IF_PLMCM_SAPPP_001,PLM,SAP_ERP,ESB,Async,Success,,,,2183,SESS-CE19CF9049,REQ-E4EA48DAB284,2026-09-11 21:35:36+00:00
EVT-0000763,IF_PLMPD_MESPE_001,PLM,MES,Kafka,Async,Success,,,,1192,SESS-83696D55EC,REQ-DF3ECC7598EE,2026-09-13 09:13:39+00:00
EVT-0000768,IF_PLMCM_SAPPP_001,PLM,SAP_ERP,ESB,Async,Success,,,,2680,SESS-014E2AD27A,REQ-A013DA5DC05F,2026-09-12 12:19:05+00:00
EVT-0000779,IF_PLMCM_SAPPP_001,PLM,SAP_ERP,ESB,Async,Failed,TIME_004,Downstream response exceeded SLA,Timeout,8195,SESS-70BADC34C7,REQ-4D831D5B9E69,2026-09-13 17:35:04+00:00
EVT-0000789,IF_PLMCM_SAPPP_001,PLM,SAP_ERP,ESB,Async,Success,,,,2275,SESS-11483A726A,REQ-1F70F759D247,2026-09-16 07:50:48+00:00
EVT-0000793,IF_PLMCM_SAPPP_001,PLM,SAP_ERP,ESB,Async,Failed,CFG_017,Interface configuration mismatch,Configuration,17454,SESS-F775BF9644,REQ-747208919E2F,2026-09-10 19:40:41+00:00
EVT-0000796,IF_PLMCFG_MESPC_001,PLM,MES,REST_API,REST,Retry,AUTH_401,Service credential rejected,Authentication,7664,SESS-310FFD1127,REQ-4957B824BF04,2026-09-10 08:45:00+00:00
EVT-0000802,IF_PLMCM_SAPPP_001,PLM,SAP_ERP,ESB,Async,Success,,,,1707,SESS-EFBC0996DB,REQ-B8192390E329,2026-09-14 11:28:56+00:00
EVT-0000803,IF_PLMPD_SAPPP_001,PLM,SAP_ERP,Kafka,Async,Success,,,,945,SESS-5133848131,REQ-D55D4DFE2B14,2026-09-10 07:01:25+00:00
EVT-0000805,IF_PLMCM_SAPPP_001,PLM,SAP_ERP,ESB,Async,Success,,,,2082,SESS-F96AF31FFF,REQ-DD0819C0840E,2026-09-16 22:42:17+00:00
EVT-0000818,IF_PLMPD_MESPE_001,PLM,MES,Kafka,Async,Success,,,,939,SESS-3CFCCC3407,REQ-098400E584FA,2026-09-10 11:52:43+00:00
EVT-0000821,IF_PLMCM_SAPPP_001,PLM,SAP_ERP,ESB,Async,Success,,,,2621,SESS-F0DC5C1A21,REQ-78E768782BDC,2026-09-11 20:27:07+00:00
EVT-0000823,IF_PLMPD_SAPPP_001,PLM,SAP_ERP,Kafka,Async,Success,,,,974,SESS-DA19AABE07,REQ-B098CD69D881,2026-09-16 12:02:13+00:00
EVT-0000827,IF_PLMPD_SAPPP_001,PLM,SAP_ERP,Kafka,Async,Success,,,,878,SESS-C7F67A5563,REQ-A5F57449E6E7,2026-09-12 15:37:13+00:00
EVT-0000833,IF_PLMPD_SAPPP_001,PLM,SAP_ERP,Kafka,Async,Success,,,,978,SESS-0122A5141B,REQ-7B10D72104BE,2026-09-13 07:47:23+00:00
EVT-0000834,IF_PLMCM_SAPPP_001,PLM,SAP_ERP,ESB,Async,Success,,,,2562,SESS-366929B942,REQ-CFFD95A9CFAE,2026-09-16 01:02:01+00:00
EVT-0000840,IF_PLMCFG_MESPC_001,PLM,MES,REST_API,REST,Success,,,,2592,SESS-46C645760B,REQ-2935EEE234F4,2026-09-15 00:32:16+00:00
EVT-0000848,IF_PLMPD_SAPPP_001,PLM,SAP_ERP,Kafka,Async,Success,,,,785,SESS-61281FC536,REQ-7404F4A537BA,2026-09-13 18:13:57+00:00
EVT-0000854,IF_PLMPD_MESPE_001,PLM,MES,Kafka,Async,Retry,NET_CONN_003,Connection reset by peer,Network,2721,SESS-7BB877A34B,REQ-22BCF50A9BC2,2026-09-10 02:11:05+00:00
EVT-0000887,IF_PLMCFG_MESPC_001,PLM,MES,REST_API,REST,Success,,,,2200,SESS-893899CB7D,REQ-736C099ECCA2,2026-09-12 08:31:50+00:00
EVT-0000892,IF_PLMCM_SAPPP_001,PLM,SAP_ERP,ESB,Async,Success,,,,2672,SESS-2F211F1AF6,REQ-C09E8525C4CC,2026-09-13 09:16:20+00:00
EVT-0000893,IF_PLMPD_SAPPP_001,PLM,SAP_ERP,Kafka,Async,Success,,,,702,SESS-55873576F3,REQ-E9E9D21660DB,2026-09-16 17:45:10+00:00
EVT-0000916,IF_PLMCM_SAPPP_001,PLM,SAP_ERP,ESB,Async,Success,,,,2216,SESS-96029E6191,REQ-C32E5A49E52F,2026-09-14 06:53:42+00:00
EVT-0000920,IF_PLMCM_SAPPP_001,PLM,SAP_ERP,ESB,Async,Success,,,,2367,SESS-21DF460AEB,REQ-7EA7440AC4C5,2026-09-11 16:44:09+00:00
EVT-0000923,IF_PLMPD_MESPE_001,PLM,MES,Kafka,Async,Retry,AUTH_401,Service credential rejected,Authentication,2736,SESS-C65B10D92E,REQ-E3AFC9EDCF70,2026-09-13 13:39:53+00:00
EVT-0000927,IF_PLMCFG_MESPC_001,PLM,MES,REST_API,REST,Success,,,,3495,SESS-8B5898D0BC,REQ-EEB0D7F4317E,2026-09-12 12:32:12+00:00
EVT-0000933,IF_PLMCFG_MESPC_001,PLM,MES,REST_API,REST,Success,,,,1799,SESS-D25D377FC2,REQ-5CC5EE6A2752,2026-09-11 14:46:55+00:00
EVT-0000934,IF_PLMCFG_MESPC_001,PLM,MES,REST_API,REST,Retry,VAL_400,Required business field failed validation,Validation,7774,SESS-31D39C1C6A,REQ-6D7B652A0073,2026-09-11 05:41:46+00:00
EVT-0000935,IF_PLMPD_SAPPP_001,PLM,SAP_ERP,Kafka,Async,Success,,,,815,SESS-097B95F5A1,REQ-E3D2EC2A7B5A,2026-09-15 02:45:04+00:00
EVT-0000936,IF_PLMCM_SAPPP_001,PLM,SAP_ERP,ESB,Async,Success,,,,1931,SESS-8556E993A9,REQ-6516E4110101,2026-09-10 03:06:24+00:00
EVT-0000938,IF_PLMPD_SAPPP_001,PLM,SAP_ERP,Kafka,Async,Success,,,,915,SESS-65AD950DCA,REQ-77AFBE9E814B,2026-09-11 11:49:53+00:00
EVT-0000940,IF_PLMCM_SAPPP_001,PLM,SAP_ERP,ESB,Async,Success,,,,1988,SESS-33158C281B,REQ-F8965EA9F000,2026-09-16 09:29:59+00:00
EVT-0000943,IF_PLMPD_MESPE_001,PLM,MES,Kafka,Async,Success,,,,1189,SESS-C53B46EBBD,REQ-E2F86AACC1CF,2026-09-15 23:15:41+00:00
EVT-0000964,IF_PLMCFG_MESPC_001,PLM,MES,REST_API,REST,Success,,,,2520,SESS-D00D1CACA2,REQ-3A6250A574CB,2026-09-16 09:32:25+00:00
EVT-0000970,IF_PLMPD_MESPE_001,PLM,MES,Kafka,Async,Success,,,,781,SESS-F56FD6B6DE,REQ-AF8CFD7F558B,2026-09-11 14:39:04+00:00
EVT-0000975,IF_PLMPD_MESPE_001,PLM,MES,Kafka,Async,Success,,,,812,SESS-9250331896,REQ-FA43AFFB3D3B,2026-09-16 04:39:20+00:00
EVT-0000976,IF_PLMPD_SAPPP_001,PLM,SAP_ERP,Kafka,Async,Success,,,,837,SESS-FEC3DD0317,REQ-5FABE78D3833,2026-09-12 02:44:35+00:00
EVT-0000977,IF_PLMCFG_MESPC_001,PLM,MES,REST_API,REST,Success,,,,1803,SESS-8897501D56,REQ-37CD12FAF1C4,2026-09-12 17:30:46+00:00
EVT-0000987,IF_PLMPD_MESPE_001,PLM,MES,Kafka,Async,Retry,CAP_003,Downstream service is at capacity,Capacity,3133,SESS-60E7E33918,REQ-405B47D25DA4,2026-09-13 19:30:26+00:00
EVT-0000988,IF_PLMCFG_MESPC_001,PLM,MES,REST_API,REST,Success,,,,2392,SESS-D853F9421B,REQ-A12A2014FBA2,2026-09-16 05:33:00+00:00
EVT-0000991,IF_PLMCFG_MESPC_001,PLM,MES,REST_API,REST,Success,,,,2351,SESS-6429E3EFC2,REQ-F530B61673F8,2026-09-13 07:30:53+00:00
EVT-0001003,IF_PLMPD_MESPE_001,PLM,MES,Kafka,Async,Success,,,,986,SESS-EBA0C71F77,REQ-A5F15F2E4BA4,2026-09-10 13:48:08+00:00
EVT-0001009,IF_PLMCM_SAPPP_001,PLM,SAP_ERP,ESB,Async,Success,,,,2474,SESS-9EFC135732,REQ-4D75F1A9081A,2026-09-14 11:05:19+00:00
EVT-0001010,IF_PLMCFG_MESPC_001,PLM,MES,REST_API,REST,Success,,,,2216,SESS-AE36799670,REQ-603BA9B8486B,2026-09-10 15:28:59+00:00
EVT-0001014,IF_PLMPD_MESPE_001,PLM,MES,Kafka,Async,Success,,,,776,SESS-5E1C4F4A24,REQ-AD14E1CBE0FE,2026-09-11 10:58:12+00:00
EVT-0001026,IF_PLMPD_SAPPP_001,PLM,SAP_ERP,Kafka,Async,Success,,,,838,SESS-DBCC07B46A,REQ-FE337382E0F3,2026-09-10 05:32:08+00:00
EVT-0001029,IF_PLMPD_SAPPP_001,PLM,SAP_ERP,Kafka,Async,Success,,,,1464,SESS-BE91275181,REQ-9B577446F03B,2026-09-16 11:34:03+00:00
EVT-0001035,IF_PLMPD_MESPE_001,PLM,MES,Kafka,Async,Success,,,,997,SESS-956E8FF734,REQ-A3B0768D6F46,2026-09-11 14:05:29+00:00
EVT-0001037,IF_PLMCFG_MESPC_001,PLM,MES,REST_API,REST,Success,,,,2575,SESS-1779ABDCDA,REQ-EADBAC0A164F,2026-09-12 23:06:47+00:00
EVT-0001038,IF_PLMPD_MESPE_001,PLM,MES,Kafka,Async,Success,,,,600,SESS-689A201C1C,REQ-D00F6243D7F5,2026-09-12 05:51:40+00:00
EVT-0001040,IF_PLMCM_SAPPP_001,PLM,SAP_ERP,ESB,Async,Success,,,,2245,SESS-3AFADD83C3,REQ-2D3E9819C41E,2026-09-15 00:02:24+00:00
EVT-0001041,IF_PLMPD_MESPE_001,PLM,MES,Kafka,Async,Success,,,,1261,SESS-58A9AFDB06,REQ-01F3992048D8,2026-09-16 23:09:07+00:00
EVT-0001045,IF_PLMPD_MESPE_001,PLM,MES,Kafka,Async,Success,,,,621,SESS-30F74B3282,REQ-AD6D7FCAB919,2026-09-15 12:41:40+00:00
EVT-0001048,IF_PLMCM_SAPPP_001,PLM,SAP_ERP,ESB,Async,Failed,TIME_004,Downstream response exceeded SLA,Timeout,11680,SESS-5C04F7F084,REQ-421682CE99F2,2026-09-11 04:44:13+00:00
EVT-0001070,IF_PLMPD_SAPPP_001,PLM,SAP_ERP,Kafka,Async,Success,,,,655,SESS-BD3A16B936,REQ-46515F3FC7A3,2026-09-14 17:24:55+00:00
EVT-0001074,IF_PLMCFG_MESPC_001,PLM,MES,REST_API,REST,Success,,,,3100,SESS-4856311594,REQ-9DAE5BC88BB3,2026-09-12 15:46:29+00:00
EVT-0001078,IF_PLMPD_MESPE_001,PLM,MES,Kafka,Async,Retry,AUTHZ_403,Caller is not authorized,Authorization,3386,SESS-66AEA79053,REQ-5B687C09BC4E,2026-09-15 14:58:13+00:00
EVT-0001083,IF_PLMPD_SAPPP_001,PLM,SAP_ERP,Kafka,Async,Success,,,,817,SESS-30218DE769,REQ-2E8666F9E363,2026-09-10 23:55:36+00:00
EVT-0001084,IF_PLMPD_MESPE_001,PLM,MES,Kafka,Async,Success,,,,873,SESS-3970DD2DF8,REQ-4F8E66A80043,2026-09-16 02:47:18+00:00
EVT-0001095,IF_PLMPD_MESPE_001,PLM,MES,Kafka,Async,Success,,,,726,SESS-94BE6AD16E,REQ-31A79C14B305,2026-09-10 22:15:45+00:00
EVT-0001096,IF_PLMPD_SAPPP_001,PLM,SAP_ERP,Kafka,Async,Failed,INFRA_008,Runtime node unavailable,Infrastructure,2243,SESS-484C21AD8B,REQ-7AFAD4470445,2026-09-10 06:36:53+00:00
EVT-0001120,IF_PLMCM_SAPPP_001,PLM,SAP_ERP,ESB,Async,Success,,,,2249,SESS-E61D844AC9,REQ-EDFB22E40003,2026-09-15 15:04:10+00:00
EVT-0001121,IF_PLMPD_SAPPP_001,PLM,SAP_ERP,Kafka,Async,Success,,,,1048,SESS-4ECE36376D,REQ-10CAFEC75D18,2026-09-12 19:06:28+00:00
EVT-0001124,IF_PLMPD_MESPE_001,PLM,MES,Kafka,Async,Success,,,,1155,SESS-521FE1C8FD,REQ-757F7192694B,2026-09-15 01:01:26+00:00
EVT-0001144,IF_PLMCFG_MESPC_001,PLM,MES,REST_API,REST,Success,,,,2881,SESS-8D02504F69,REQ-5875DE91F43C,2026-09-16 21:18:01+00:00
EVT-0001147,IF_PLMPD_MESPE_001,PLM,MES,Kafka,Async,Success,,,,951,SESS-872210E300,REQ-A2269BAE3962,2026-09-14 11:31:28+00:00
EVT-0001150,IF_PLMCFG_MESPC_001,PLM,MES,REST_API,REST,Success,,,,2087,SESS-DA02F55DD6,REQ-5BEB9ED953E3,2026-09-12 00:25:00+00:00
EVT-0001162,IF_PLMPD_SAPPP_001,PLM,SAP_ERP,Kafka,Async,Failed,VAL_400,Required business field failed validation,Validation,5406,SESS-6C701AF490,REQ-C6D29D67F8C1,2026-09-16 18:58:42+00:00
EVT-0001188,IF_PLMPD_SAPPP_001,PLM,SAP_ERP,Kafka,Async,Success,,,,1166,SESS-C96D669EC7,REQ-5401BE8E5A16,2026-09-12 16:53:13+00:00
EVT-0001189,IF_PLMCM_SAPPP_001,PLM,SAP_ERP,ESB,Async,Success,,,,2209,SESS-36449F7115,REQ-538D8F2E6EBC,2026-09-16 09:39:36+00:00
EVT-0001192,IF_PLMCM_SAPPP_001,PLM,SAP_ERP,ESB,Async,Success,,,,2175,SESS-14018A5AC4,REQ-A1A74D7E01CE,2026-09-11 21:30:54+00:00
EVT-0001197,IF_PLMPD_SAPPP_001,PLM,SAP_ERP,Kafka,Async,Success,,,,889,SESS-1B6C9DBF95,REQ-E58B50A6C85E,2026-09-16 11:38:07+00:00
EVT-0001212,IF_PLMPD_SAPPP_001,PLM,SAP_ERP,Kafka,Async,Success,,,,927,SESS-74A9BD2252,REQ-F86F25E4138C,2026-09-16 06:22:57+00:00
EVT-0001213,IF_PLMCFG_MESPC_001,PLM,MES,REST_API,REST,Success,,,,2366,SESS-63DB924CE9,REQ-442B627D797D,2026-09-12 08:24:18+00:00
EVT-0001219,IF_PLMCFG_MESPC_001,PLM,MES,REST_API,REST,Success,,,,2127,SESS-E9DDA6149E,REQ-8674D5029A5E,2026-09-13 18:53:35+00:00
EVT-0001223,IF_PLMCM_SAPPP_001,PLM,SAP_ERP,ESB,Async,Success,,,,2408,SESS-C7FAA8599E,REQ-D4D19A98F563,2026-09-15 21:14:48+00:00
EVT-0001236,IF_PLMCM_SAPPP_001,PLM,SAP_ERP,ESB,Async,Success,,,,2417,SESS-A931943C92,REQ-D97C89888A1A,2026-09-15 21:58:47+00:00
EVT-0001248,IF_PLMCM_SAPPP_001,PLM,SAP_ERP,ESB,Async,Retry,VAL_400,Required business field failed validation,Validation,4595,SESS-06026DCECF,REQ-E531AE3623B5,2026-09-16 18:10:55+00:00
EVT-0001261,IF_PLMCM_SAPPP_001,PLM,SAP_ERP,ESB,Async,Success,,,,2196,SESS-FBD449B918,REQ-F5C47EE6C789,2026-09-13 06:16:46+00:00
EVT-0001262,IF_PLMPD_SAPPP_001,PLM,SAP_ERP,Kafka,Async,Success,,,,1237,SESS-1715A79ED5,REQ-A1AD3D240626,2026-09-14 07:29:12+00:00
EVT-0001270,IF_PLMPD_MESPE_001,PLM,MES,Kafka,Async,Success,,,,1158,SESS-CB3C802C99,REQ-6E8FB49F66B8,2026-09-16 12:42:56+00:00
EVT-0001278,IF_PLMCM_SAPPP_001,PLM,SAP_ERP,ESB,Async,Success,,,,2130,SESS-9BB131AE76,REQ-EB9C91A247CD,2026-09-13 16:08:30+00:00
EVT-0001296,IF_PLMCM_SAPPP_001,PLM,SAP_ERP,ESB,Async,Success,,,,1640,SESS-51EA193226,REQ-A0C807E2A3E6,2026-09-11 06:03:03+00:00
EVT-0001302,IF_PLMPD_MESPE_001,PLM,MES,Kafka,Async,Retry,AUTH_401,Service credential rejected,Authentication,3289,SESS-AD3B4FBB7C,REQ-60A463CAF066,2026-09-16 07:15:33+00:00
EVT-0001310,IF_PLMCFG_MESPC_001,PLM,MES,REST_API,REST,Success,,,,2233,SESS-EB0063256F,REQ-F1E56AE8707B,2026-09-10 07:37:47+00:00
EVT-0001315,IF_PLMCM_SAPPP_001,PLM,SAP_ERP,ESB,Async,Success,,,,1753,SESS-5BEFD625A5,REQ-72842BCED034,2026-09-16 01:32:24+00:00
EVT-0001316,IF_PLMCM_SAPPP_001,PLM,SAP_ERP,ESB,Async,Success,,,,2378,SESS-050A3CAF30,REQ-DF3289E6B5FD,2026-09-11 10:28:12+00:00
EVT-0001319,IF_PLMPD_SAPPP_001,PLM,SAP_ERP,Kafka,Async,Success,,,,1026,SESS-F9DE96AA69,REQ-AC8C36AC1A78,2026-09-12 11:21:47+00:00
EVT-0001324,IF_PLMPD_SAPPP_001,PLM,SAP_ERP,Kafka,Async,Success,,,,937,SESS-C02A1A2A55,REQ-BCF1FE75D6D9,2026-09-14 12:01:30+00:00
EVT-0001342,IF_PLMCM_SAPPP_001,PLM,SAP_ERP,ESB,Async,Success,,,,1878,SESS-F92815B3C4,REQ-C82E72B42E23,2026-09-11 12:05:34+00:00
EVT-0001345,IF_PLMCM_SAPPP_001,PLM,SAP_ERP,ESB,Async,Success,,,,2261,SESS-C98E95CBBB,REQ-84FB9BB68D3B,2026-09-13 18:21:03+00:00
EVT-0001348,IF_PLMCM_SAPPP_001,PLM,SAP_ERP,ESB,Async,Success,,,,2764,SESS-14F17784E7,REQ-457B5A27CA5B,2026-09-14 18:28:44+00:00
EVT-0001358,IF_PLMPD_SAPPP_001,PLM,SAP_ERP,Kafka,Async,Success,,,,893,SESS-1FF883CA53,REQ-BF05627607F5,2026-09-15 17:43:19+00:00
EVT-0001361,IF_PLMCFG_MESPC_001,PLM,MES,REST_API,REST,Success,,,,1771,SESS-0DDE6D2318,REQ-023BE789B5B7,2026-09-13 07:13:31+00:00
EVT-0001363,IF_PLMCM_SAPPP_001,PLM,SAP_ERP,ESB,Async,Retry,CFG_017,Interface configuration mismatch,Configuration,3643,SESS-049DAD1403,REQ-6F585495DC10,2026-09-11 04:51:06+00:00
EVT-0001365,IF_PLMCFG_MESPC_001,PLM,MES,REST_API,REST,Success,,,,2347,SESS-6E22413F55,REQ-B89C03CB5532,2026-09-12 07:28:47+00:00
EVT-0001380,IF_PLMPD_SAPPP_001,PLM,SAP_ERP,Kafka,Async,Success,,,,1006,SESS-A4EF343B89,REQ-3490F4CD0591,2026-09-13 22:59:50+00:00
EVT-0001387,IF_PLMCM_SAPPP_001,PLM,SAP_ERP,ESB,Async,Success,,,,2847,SESS-0673627C22,REQ-0D5BD1504C1B,2026-09-10 20:11:23+00:00
EVT-0001392,IF_PLMCFG_MESPC_001,PLM,MES,REST_API,REST,Success,,,,2161,SESS-2770353DFF,REQ-EAD73F3653CF,2026-09-10 05:32:36+00:00
EVT-0001393,IF_PLMCFG_MESPC_001,PLM,MES,REST_API,REST,Success,,,,2518,SESS-190DC454B9,REQ-7DF0065610B3,2026-09-16 17:42:52+00:00
EVT-0001413,IF_PLMCFG_MESPC_001,PLM,MES,REST_API,REST,Success,,,,3872,SESS-0C417E2A84,REQ-5C366195782B,2026-09-11 19:00:58+00:00
EVT-0001416,IF_PLMCM_SAPPP_001,PLM,SAP_ERP,ESB,Async,Success,,,,2240,SESS-E0359A0E7C,REQ-30C4083ACEBA,2026-09-15 22:49:02+00:00
EVT-0001426,IF_PLMPD_MESPE_001,PLM,MES,Kafka,Async,Retry,EXT_502,Downstream service returned 502,External Service,2749,SESS-8E2C8CFCFB,REQ-4115FE2E5AFE,2026-09-15 05:01:56+00:00
EVT-0001434,IF_PLMPD_MESPE_001,PLM,MES,Kafka,Async,Success,,,,625,SESS-3130083D3F,REQ-3472C9836D21,2026-09-15 04:50:49+00:00
EVT-0001438,IF_PLMCFG_MESPC_001,PLM,MES,REST_API,REST,Success,,,,2395,SESS-607F02CCCE,REQ-280C5B7F5680,2026-09-10 16:46:44+00:00
EVT-0001449,IF_PLMCFG_MESPC_001,PLM,MES,REST_API,REST,Success,,,,1890,SESS-AFBBD90830,REQ-28D2C5E7E6D7,2026-09-12 19:41:15+00:00
EVT-0001455,IF_PLMCFG_MESPC_001,PLM,MES,REST_API,REST,Success,,,,1429,SESS-61004D188A,REQ-BE85CE674D1A,2026-09-16 00:49:37+00:00
EVT-0001458,IF_PLMCFG_MESPC_001,PLM,MES,REST_API,REST,Success,,,,3413,SESS-006D77AA32,REQ-E3CB87426D02,2026-09-13 09:50:32+00:00
EVT-0001470,IF_PLMCM_SAPPP_001,PLM,SAP_ERP,ESB,Async,Success,,,,3138,SESS-E0D04CFA09,REQ-B0697228060C,2026-09-11 15:54:03+00:00
EVT-0001472,IF_PLMPD_SAPPP_001,PLM,SAP_ERP,Kafka,Async,Success,,,,702,SESS-37C46DDBCD,REQ-44251FF42AAC,2026-09-11 16:34:24+00:00
EVT-0001479,IF_PLMCFG_MESPC_001,PLM,MES,REST_API,REST,Success,,,,2569,SESS-AA8488DD10,REQ-CB76E1CB2392,2026-09-11 19:54:47+00:00
EVT-0001481,IF_PLMPD_SAPPP_001,PLM,SAP_ERP,Kafka,Async,Success,,,,744,SESS-8271E17EE8,REQ-CD0221ABB9F6,2026-09-16 02:12:44+00:00
EVT-0001484,IF_PLMCFG_MESPC_001,PLM,MES,REST_API,REST,Success,,,,2235,SESS-8DDAA313DE,REQ-47B12C76232D,2026-09-10 23:03:55+00:00
EVT-0001485,IF_PLMCFG_MESPC_001,PLM,MES,REST_API,REST,Success,,,,1674,SESS-E00ED0D0AB,REQ-58D072D468C2,2026-09-15 00:45:34+00:00
EVT-0001494,IF_PLMCFG_MESPC_001,PLM,MES,REST_API,REST,Success,,,,2124,SESS-01FA6009F3,REQ-A72021504918,2026-09-12 19:08:05+00:00
EVT-0001500,IF_PLMCM_SAPPP_001,PLM,SAP_ERP,ESB,Async,Success,,,,3470,SESS-DA3FD12ECB,REQ-3FB76A43F7FA,2026-09-14 17:35:23+00:00
EVT-0001502,IF_PLMCFG_MESPC_001,PLM,MES,REST_API,REST,Failed,CFG_017,Interface configuration mismatch,Configuration,12086,SESS-D50D5163BA,REQ-5ABDABABB40F,2026-09-10 12:04:21+00:00
EVT-0001506,IF_PLMPD_MESPE_001,PLM,MES,Kafka,Async,Success,,,,931,SESS-7BDB9C25D7,REQ-0E65371A1C3B,2026-09-14 19:09:55+00:00
EVT-0001509,IF_PLMPD_SAPPP_001,PLM,SAP_ERP,Kafka,Async,Success,,,,672,SESS-664C28D8A8,REQ-D31776F6547C,2026-09-11 21:43:04+00:00
EVT-0001510,IF_PLMPD_MESPE_001,PLM,MES,Kafka,Async,Success,,,,792,SESS-B0CF36018F,REQ-CA1E94C5F5DB,2026-09-14 22:41:24+00:00
EVT-0001511,IF_PLMPD_SAPPP_001,PLM,SAP_ERP,Kafka,Async,Success,,,,594,SESS-3D541EC555,REQ-01D89E45354F,2026-09-14 15:51:19+00:00
EVT-0001514,IF_PLMPD_MESPE_001,PLM,MES,Kafka,Async,Success,,,,1122,SESS-C66B14F4E0,REQ-783D973541DC,2026-09-11 10:44:38+00:00
EVT-0001538,IF_PLMPD_SAPPP_001,PLM,SAP_ERP,Kafka,Async,Retry,INFRA_008,Runtime node unavailable,Infrastructure,1665,SESS-BC48279048,REQ-EFC53BC9C80D,2026-09-13 11:44:03+00:00
EVT-0001541,IF_PLMCFG_MESPC_001,PLM,MES,REST_API,REST,Success,,,,1610,SESS-85C1704723,REQ-70FC77B006EB,2026-09-14 18:24:17+00:00
EVT-0001545,IF_PLMPD_SAPPP_001,PLM,SAP_ERP,Kafka,Async,Success,,,,706,SESS-44C77454F4,REQ-49FD13301BFA,2026-09-15 03:30:13+00:00
EVT-0001557,IF_PLMCM_SAPPP_001,PLM,SAP_ERP,ESB,Async,Success,,,,1106,SESS-E8E476CDBB,REQ-F5E83BD57F99,2026-09-15 00:43:34+00:00
EVT-0001559,IF_PLMCFG_MESPC_001,PLM,MES,REST_API,REST,Success,,,,1250,SESS-050FF4DB12,REQ-C71CB4B5F030,2026-09-16 11:38:57+00:00
EVT-0001572,IF_PLMCFG_MESPC_001,PLM,MES,REST_API,REST,Success,,,,2754,SESS-C537D9E373,REQ-66545BB3371A,2026-09-10 10:07:57+00:00
EVT-0001576,IF_PLMCFG_MESPC_001,PLM,MES,REST_API,REST,Success,,,,2504,SESS-C10F447731,REQ-DF77D80733FF,2026-09-15 06:54:10+00:00
EVT-0001577,IF_PLMPD_MESPE_001,PLM,MES,Kafka,Async,Success,,,,839,SESS-11F1E71520,REQ-198D2A4F3F7C,2026-09-13 13:04:04+00:00
EVT-0001592,IF_PLMCM_SAPPP_001,PLM,SAP_ERP,ESB,Async,Success,,,,2294,SESS-7FA60C0051,REQ-81EEFF4C8AD7,2026-09-14 05:35:14+00:00
EVT-0001605,IF_PLMCFG_MESPC_001,PLM,MES,REST_API,REST,Retry,CFG_017,Interface configuration mismatch,Configuration,3633,SESS-0CCCC7E789,REQ-031C57055D09,2026-09-16 12:10:23+00:00
EVT-0001609,IF_PLMPD_MESPE_001,PLM,MES,Kafka,Async,Success,,,,802,SESS-C5C6595DEC,REQ-132C43E14466,2026-09-12 12:55:36+00:00
EVT-0001621,IF_PLMCFG_MESPC_001,PLM,MES,REST_API,REST,Success,,,,2190,SESS-66B275D979,REQ-D1C0BD0B742C,2026-09-11 16:08:34+00:00
EVT-0001628,IF_PLMPD_MESPE_001,PLM,MES,Kafka,Async,Success,,,,842,SESS-5881CC63B5,REQ-AC5BC4B9CA78,2026-09-16 18:30:13+00:00
EVT-0001630,IF_PLMPD_SAPPP_001,PLM,SAP_ERP,Kafka,Async,Retry,VAL_400,Required business field failed validation,Validation,1583,SESS-F5F02B9677,REQ-C45F8008B3C5,2026-09-10 03:03:21+00:00
EVT-0001638,IF_PLMCM_SAPPP_001,PLM,SAP_ERP,ESB,Async,Success,,,,2112,SESS-29D6F681D5,REQ-A3122278E214,2026-09-15 04:46:49+00:00
EVT-0001642,IF_PLMPD_MESPE_001,PLM,MES,Kafka,Async,Success,,,,1273,SESS-9F364B5633,REQ-FC9EC03BE7DB,2026-09-10 15:24:53+00:00
EVT-0001646,IF_PLMCM_SAPPP_001,PLM,SAP_ERP,ESB,Async,Success,,,,2651,SESS-7B7973EBB6,REQ-FF9A5FA34BA4,2026-09-13 15:25:26+00:00
EVT-0001654,IF_PLMPD_MESPE_001,PLM,MES,Kafka,Async,Success,,,,486,SESS-7F28A34081,REQ-7C8C47A21D49,2026-09-13 22:28:45+00:00
EVT-0001667,IF_PLMCFG_MESPC_001,PLM,MES,REST_API,REST,Retry,CFG_017,Interface configuration mismatch,Configuration,6644,SESS-916831A8A6,REQ-EC94D31A7521,2026-09-10 22:08:34+00:00
EVT-0001674,IF_PLMCFG_MESPC_001,PLM,MES,REST_API,REST,Success,,,,2400,SESS-133F24588D,REQ-8957A37A906A,2026-09-10 05:42:05+00:00
EVT-0001676,IF_PLMCFG_MESPC_001,PLM,MES,REST_API,REST,Success,,,,1313,SESS-DE523D78E0,REQ-12A4A85EAFDB,2026-09-15 11:26:26+00:00
EVT-0001683,IF_PLMCFG_MESPC_001,PLM,MES,REST_API,REST,Success,,,,2000,SESS-DED0AB7ACE,REQ-DDF6811D9B0D,2026-09-12 14:59:36+00:00
EVT-0001697,IF_PLMPD_MESPE_001,PLM,MES,Kafka,Async,Success,,,,868,SESS-274FB3B28E,REQ-36A0A645DA72,2026-09-11 05:42:00+00:00
EVT-0001702,IF_PLMPD_MESPE_001,PLM,MES,Kafka,Async,Retry,AUTH_401,Service credential rejected,Authentication,1475,SESS-19CD06E3E4,REQ-B5C130262BA0,2026-09-15 10:59:45+00:00
EVT-0001707,IF_PLMCFG_MESPC_001,PLM,MES,REST_API,REST,Retry,AUTHZ_403,Caller is not authorized,Authorization,5872,SESS-AE8E9F33ED,REQ-5467BB8F14B6,2026-09-14 10:15:40+00:00
EVT-0001709,IF_PLMCFG_MESPC_001,PLM,MES,REST_API,REST,Success,,,,2505,SESS-291355F25A,REQ-7EB55F544265,2026-09-10 15:51:38+00:00
EVT-0001716,IF_PLMPD_MESPE_001,PLM,MES,Kafka,Async,Success,,,,582,SESS-E55DE40815,REQ-13D81A5E980D,2026-09-14 00:45:26+00:00
EVT-0001717,IF_PLMPD_MESPE_001,PLM,MES,Kafka,Async,Success,,,,837,SESS-A39821418F,REQ-FBEB22030C85,2026-09-11 21:35:38+00:00
EVT-0001719,IF_PLMPD_MESPE_001,PLM,MES,Kafka,Async,Success,,,,702,SESS-475EDE88A6,REQ-2903296F2F2C,2026-09-13 02:24:41+00:00
EVT-0001722,IF_PLMPD_MESPE_001,PLM,MES,Kafka,Async,Success,,,,811,SESS-495E76B860,REQ-8C87E58EAB1E,2026-09-10 08:08:31+00:00
EVT-0001731,IF_PLMPD_SAPPP_001,PLM,SAP_ERP,Kafka,Async,Success,,,,1238,SESS-6632608E88,REQ-30F38171026D,2026-09-10 23:28:42+00:00
EVT-0001744,IF_PLMPD_SAPPP_001,PLM,SAP_ERP,Kafka,Async,Success,,,,1096,SESS-096E6B63F7,REQ-77C870C9A492,2026-09-11 15:04:09+00:00
EVT-0001750,IF_PLMCM_SAPPP_001,PLM,SAP_ERP,ESB,Async,Success,,,,3145,SESS-19A8A51E3D,REQ-0EFDC08C0725,2026-09-10 12:29:36+00:00
EVT-0001755,IF_PLMPD_MESPE_001,PLM,MES,Kafka,Async,Failed,AUTHZ_403,Caller is not authorized,Authorization,7876,SESS-C25D7C36D2,REQ-FF81E954A1B4,2026-09-12 01:11:07+00:00
EVT-0001758,IF_PLMPD_SAPPP_001,PLM,SAP_ERP,Kafka,Async,Success,,,,1022,SESS-C45F50783A,REQ-937C5BEEF9C3,2026-09-15 05:04:15+00:00
EVT-0001760,IF_PLMCFG_MESPC_001,PLM,MES,REST_API,REST,Success,,,,1658,SESS-AA0068C6AF,REQ-504DE079190E,2026-09-13 00:57:30+00:00
EVT-0001763,IF_PLMPD_MESPE_001,PLM,MES,Kafka,Async,Success,,,,858,SESS-E3CCF1F233,REQ-8BA080427B5C,2026-09-14 15:30:16+00:00
EVT-0001764,IF_PLMCM_SAPPP_001,PLM,SAP_ERP,ESB,Async,Success,,,,1608,SESS-82C41F2BBB,REQ-5E7E43E97F5A,2026-09-11 20:03:29+00:00
EVT-0001769,IF_PLMCFG_MESPC_001,PLM,MES,REST_API,REST,Success,,,,2141,SESS-7ED4E02F9E,REQ-A0F4F111C78F,2026-09-14 12:42:31+00:00
EVT-0001772,IF_PLMPD_SAPPP_001,PLM,SAP_ERP,Kafka,Async,Success,,,,953,SESS-203172CF67,REQ-C0E273CD346C,2026-09-12 00:20:24+00:00
EVT-0001781,IF_PLMPD_MESPE_001,PLM,MES,Kafka,Async,Failed,TIME_004,Downstream response exceeded SLA,Timeout,1631,SESS-B6BD17E8AF,REQ-F3797F25DD18,2026-09-13 03:05:27+00:00
EVT-0001784,IF_PLMCM_SAPPP_001,PLM,SAP_ERP,ESB,Async,Success,,,,2624,SESS-FD2E90A610,REQ-D1012F7D895C,2026-09-14 18:39:12+00:00
EVT-0001785,IF_PLMCM_SAPPP_001,PLM,SAP_ERP,ESB,Async,Success,,,,2208,SESS-9B7B6C3B1E,REQ-E5902269BC32,2026-09-13 18:10:52+00:00
EVT-0001786,IF_PLMPD_MESPE_001,PLM,MES,Kafka,Async,Success,,,,925,SESS-B3041A3E80,REQ-95053FC8A03A,2026-09-12 02:17:40+00:00
EVT-0001798,IF_PLMCM_SAPPP_001,PLM,SAP_ERP,ESB,Async,Success,,,,1574,SESS-16D9F369CD,REQ-E598E9ACC84D,2026-09-14 07:01:06+00:00
EVT-0001799,IF_PLMCM_SAPPP_001,PLM,SAP_ERP,ESB,Async,Retry,EXT_502,Downstream service returned 502,External Service,7752,SESS-717FA91A6B,REQ-2DB1FB3B843B,2026-09-15 17:51:59+00:00
EVT-0001803,IF_PLMPD_SAPPP_001,PLM,SAP_ERP,Kafka,Async,Success,,,,703,SESS-BF040F110B,REQ-5F29270F3F00,2026-09-12 13:04:07+00:00
EVT-0001808,IF_PLMPD_MESPE_001,PLM,MES,Kafka,Async,Retry,TIME_004,Downstream response exceeded SLA,Timeout,2435,SESS-E84A3EAC13,REQ-2CC24BBCEFE9,2026-09-11 14:28:42+00:00
EVT-0001810,IF_PLMCFG_MESPC_001,PLM,MES,REST_API,REST,Success,,,,2614,SESS-F5851ADB00,REQ-8B3981DA35D0,2026-09-12 02:45:37+00:00
EVT-0001819,IF_PLMPD_MESPE_001,PLM,MES,Kafka,Async,Failed,EXT_502,Downstream service returned 502,External Service,5197,SESS-DF1566E4B1,REQ-F4C1B8973494,2026-09-13 05:31:20+00:00
EVT-0001820,IF_PLMCFG_MESPC_001,PLM,MES,REST_API,REST,Success,,,,3186,SESS-10BD66BBBA,REQ-097258E55F1D,2026-09-14 03:12:57+00:00
EVT-0001826,IF_PLMPD_SAPPP_001,PLM,SAP_ERP,Kafka,Async,Success,,,,1033,SESS-66A5F0A68A,REQ-A62220337FFD,2026-09-10 12:13:51+00:00
EVT-0001835,IF_PLMPD_SAPPP_001,PLM,SAP_ERP,Kafka,Async,Success,,,,903,SESS-C801ABDB6D,REQ-0E8E9B9D2361,2026-09-14 19:05:16+00:00
EVT-0001843,IF_PLMPD_SAPPP_001,PLM,SAP_ERP,Kafka,Async,Success,,,,1018,SESS-1149532E15,REQ-1531393FACF1,2026-09-15 03:26:33+00:00
EVT-0001845,IF_PLMPD_MESPE_001,PLM,MES,Kafka,Async,Success,,,,629,SESS-40A96E3A73,REQ-627B22488404,2026-09-15 02:01:16+00:00
EVT-0001847,IF_PLMCFG_MESPC_001,PLM,MES,REST_API,REST,Success,,,,1587,SESS-16A1DFCCCF,REQ-75AFD155E207,2026-09-14 03:11:41+00:00
EVT-0001848,IF_PLMPD_MESPE_001,PLM,MES,Kafka,Async,Success,,,,858,SESS-5CFE4C321C,REQ-6D0C57196FA7,2026-09-14 01:52:13+00:00
EVT-0001868,IF_PLMCFG_MESPC_001,PLM,MES,REST_API,REST,Success,,,,3319,SESS-FC02E73BF1,REQ-4077E72BB797,2026-09-13 04:04:56+00:00
EVT-0001870,IF_PLMCFG_MESPC_001,PLM,MES,REST_API,REST,Success,,,,1874,SESS-C62EB50F10,REQ-C99DAD5D80D8,2026-09-10 11:36:25+00:00
EVT-0001889,IF_PLMCFG_MESPC_001,PLM,MES,REST_API,REST,Success,,,,1526,SESS-0FDBEE8183,REQ-3793D4D4A95C,2026-09-16 21:08:05+00:00
EVT-0001935,IF_PLMCM_SAPPP_001,PLM,SAP_ERP,ESB,Async,Success,,,,1823,SESS-CC80022A25,REQ-B4FB8A488E67,2026-09-11 22:21:13+00:00
EVT-0001936,IF_PLMCFG_MESPC_001,PLM,MES,REST_API,REST,Failed,AUTH_401,Service credential rejected,Authentication,14253,SESS-CAE2D45024,REQ-D1B7FE17B194,2026-09-15 00:26:40+00:00
EVT-0001942,IF_PLMPD_MESPE_001,PLM,MES,Kafka,Async,Success,,,,621,SESS-3027D4BF8E,REQ-AC9A5A495DB3,2026-09-10 13:19:03+00:00
EVT-0001951,IF_PLMPD_SAPPP_001,PLM,SAP_ERP,Kafka,Async,Retry,CFG_017,Interface configuration mismatch,Configuration,3233,SESS-A8B6E19AA5,REQ-B14E699933D9,2026-09-15 17:46:59+00:00
EVT-0001952,IF_PLMCM_SAPPP_001,PLM,SAP_ERP,ESB,Async,Success,,,,2944,SESS-C7DD23E449,REQ-218C40D4B256,2026-09-16 17:23:36+00:00
EVT-0001959,IF_PLMCFG_MESPC_001,PLM,MES,REST_API,REST,Success,,,,2566,SESS-1DA691A95F,REQ-C243FE77671D,2026-09-11 04:26:16+00:00
EVT-0001972,IF_PLMPD_MESPE_001,PLM,MES,Kafka,Async,Success,,,,792,SESS-A641C8C2C8,REQ-11439BCA23FD,2026-09-13 18:58:38+00:00
EVT-0001980,IF_PLMPD_SAPPP_001,PLM,SAP_ERP,Kafka,Async,Success,,,,981,SESS-0343BA5F45,REQ-023CE3861826,2026-09-15 17:07:05+00:00
EVT-0001985,IF_PLMCFG_MESPC_001,PLM,MES,REST_API,REST,Failed,NET_CONN_003,Connection reset by peer,Network,17645,SESS-A7C3AA724A,REQ-2557EB779CDA,2026-09-14 11:07:40+00:00
EVT-0002016,IF_PLMPD_SAPPP_001,PLM,SAP_ERP,Kafka,Async,Success,,,,1132,SESS-F5CCC3C5F8,REQ-8D9E188DE36F,2026-09-10 23:12:11+00:00
EVT-0002020,IF_PLMPD_MESPE_001,PLM,MES,Kafka,Async,Success,,,,896,SESS-7F0E703F9C,REQ-0E697448FC70,2026-09-10 21:12:34+00:00
EVT-0002026,IF_PLMCM_SAPPP_001,PLM,SAP_ERP,ESB,Async,Success,,,,2369,SESS-FC54E08E0F,REQ-375BBB63F835,2026-09-11 20:57:58+00:00
EVT-0002033,IF_PLMPD_MESPE_001,PLM,MES,Kafka,Async,Success,,,,1064,SESS-5605413D19,REQ-216DE3D617D0,2026-09-14 09:21:26+00:00
EVT-0002042,IF_PLMCM_SAPPP_001,PLM,SAP_ERP,ESB,Async,Success,,,,1986,SESS-86495569EC,REQ-382A9D686617,2026-09-15 10:07:40+00:00
EVT-0002045,IF_PLMPD_MESPE_001,PLM,MES,Kafka,Async,Success,,,,906,SESS-ADE055C02B,REQ-CB4E314D90BF,2026-09-15 08:18:03+00:00
EVT-0002046,IF_PLMCFG_MESPC_001,PLM,MES,REST_API,REST,Success,,,,2090,SESS-D9EE49BC91,REQ-830EC70676AF,2026-09-15 23:26:37+00:00
EVT-0002049,IF_PLMPD_MESPE_001,PLM,MES,Kafka,Async,Success,,,,778,SESS-1095F71A6F,REQ-A67A9A2D586E,2026-09-10 21:23:46+00:00
EVT-0002053,IF_PLMPD_MESPE_001,PLM,MES,Kafka,Async,Retry,TIME_004,Downstream response exceeded SLA,Timeout,2908,SESS-081E7FFB5F,REQ-D21887E40A12,2026-09-13 11:25:16+00:00
EVT-0002054,IF_PLMCM_SAPPP_001,PLM,SAP_ERP,ESB,Async,Retry,AUTHZ_403,Caller is not authorized,Authorization,7981,SESS-D309313D1A,REQ-D8E649D16FD4,2026-09-13 18:44:19+00:00
EVT-0002075,IF_PLMCM_SAPPP_001,PLM,SAP_ERP,ESB,Async,Success,,,,2001,SESS-63113C8513,REQ-FCEDD1FF323F,2026-09-15 20:28:13+00:00
EVT-0002077,IF_PLMCFG_MESPC_001,PLM,MES,REST_API,REST,Retry,EXT_502,Downstream service returned 502,External Service,7373,SESS-6ED164825D,REQ-3757D053BDF4,2026-09-13 05:32:52+00:00
EVT-0002078,IF_PLMCFG_MESPC_001,PLM,MES,REST_API,REST,Success,,,,1119,SESS-615DF484DD,REQ-AB2E6EB306BF,2026-09-16 15:25:19+00:00
EVT-0002080,IF_PLMPD_SAPPP_001,PLM,SAP_ERP,Kafka,Async,Failed,TIME_004,Downstream response exceeded SLA,Timeout,5983,SESS-656C68D8F7,REQ-DAD0C99B1D12,2026-09-13 02:51:08+00:00
EVT-0002085,IF_PLMCM_SAPPP_001,PLM,SAP_ERP,ESB,Async,Success,,,,2306,SESS-FFBCB6FF7E,REQ-F2C817D832AB,2026-09-11 13:47:04+00:00
EVT-0002086,IF_PLMPD_MESPE_001,PLM,MES,Kafka,Async,Failed,EXT_502,Downstream service returned 502,External Service,4206,SESS-8ED19E0184,REQ-9F0D33E5ACC2,2026-09-13 00:13:32+00:00
EVT-0002093,IF_PLMPD_SAPPP_001,PLM,SAP_ERP,Kafka,Async,Retry,CAP_003,Downstream service is at capacity,Capacity,2697,SESS-5ED7408ED4,REQ-5BCE7069379A,2026-09-15 06:08:49+00:00
EVT-0002098,IF_PLMCM_SAPPP_001,PLM,SAP_ERP,ESB,Async,Retry,AUTH_401,Service credential rejected,Authentication,7286,SESS-DA25516BCE,REQ-A186674AADF4,2026-09-16 03:17:42+00:00
EVT-0002104,IF_PLMCFG_MESPC_001,PLM,MES,REST_API,REST,Success,,,,3033,SESS-E7364B9564,REQ-8F7F189D319C,2026-09-13 09:07:04+00:00
EVT-0002117,IF_PLMPD_SAPPP_001,PLM,SAP_ERP,Kafka,Async,Success,,,,843,SESS-210ECF1766,REQ-E6204DE4A867,2026-09-13 09:25:07+00:00
EVT-0002119,IF_PLMPD_MESPE_001,PLM,MES,Kafka,Async,Success,,,,912,SESS-A0D611C1AC,REQ-23C6B6C3A9D0,2026-09-12 05:15:15+00:00
EVT-0002129,IF_PLMPD_MESPE_001,PLM,MES,Kafka,Async,Retry,AUTHZ_403,Caller is not authorized,Authorization,2119,SESS-ABBBB92C66,REQ-F54EB50B3850,2026-09-15 08:33:49+00:00
EVT-0002141,IF_PLMPD_MESPE_001,PLM,MES,Kafka,Async,Success,,,,1224,SESS-C9BD12F19E,REQ-A5BD9886E17D,2026-09-15 20:37:24+00:00
EVT-0002142,IF_PLMPD_SAPPP_001,PLM,SAP_ERP,Kafka,Async,Retry,CAP_003,Downstream service is at capacity,Capacity,3292,SESS-E75A870CC6,REQ-806A5FE34765,2026-09-12 22:37:02+00:00
EVT-0002146,IF_PLMPD_SAPPP_001,PLM,SAP_ERP,Kafka,Async,Retry,EXT_502,Downstream service returned 502,External Service,2261,SESS-2ACD6F81CC,REQ-945DF85AA4B7,2026-09-10 22:46:09+00:00
EVT-0002148,IF_PLMCFG_MESPC_001,PLM,MES,REST_API,REST,Success,,,,2067,SESS-51B990A6C0,REQ-CCBB736C8DD8,2026-09-15 07:38:45+00:00
EVT-0002151,IF_PLMPD_SAPPP_001,PLM,SAP_ERP,Kafka,Async,Success,,,,771,SESS-2F20037603,REQ-3301EAD5093E,2026-09-14 05:27:24+00:00
EVT-0002156,IF_PLMPD_SAPPP_001,PLM,SAP_ERP,Kafka,Async,Retry,CFG_017,Interface configuration mismatch,Configuration,2033,SESS-B7554D3F4A,REQ-37AC333D41B0,2026-09-13 00:34:56+00:00
EVT-0002158,IF_PLMCFG_MESPC_001,PLM,MES,REST_API,REST,Success,,,,1296,SESS-30C90E27B7,REQ-17A9E40C7FF3,2026-09-16 00:34:30+00:00
EVT-0002166,IF_PLMCFG_MESPC_001,PLM,MES,REST_API,REST,Success,,,,2768,SESS-F324BF488C,REQ-ADF5B292BB7D,2026-09-11 01:22:21+00:00
EVT-0002167,IF_PLMPD_SAPPP_001,PLM,SAP_ERP,Kafka,Async,Success,,,,826,SESS-D51BDEC51C,REQ-C06C622F0E2D,2026-09-13 06:55:09+00:00
EVT-0002168,IF_PLMCM_SAPPP_001,PLM,SAP_ERP,ESB,Async,Failed,NET_CONN_003,Connection reset by peer,Network,19860,SESS-634CDF1B5D,REQ-18C3BC444DDD,2026-09-11 06:44:49+00:00
EVT-0002170,IF_PLMCM_SAPPP_001,PLM,SAP_ERP,ESB,Async,Success,,,,1442,SESS-9B48D71233,REQ-2FE8728C30D9,2026-09-11 15:29:10+00:00
EVT-0002172,IF_PLMCFG_MESPC_001,PLM,MES,REST_API,REST,Success,,,,3328,SESS-462B3014D2,REQ-896B4BC6AFF1,2026-09-14 11:54:04+00:00
EVT-0002174,IF_PLMPD_MESPE_001,PLM,MES,Kafka,Async,Success,,,,813,SESS-6B1D397E18,REQ-3EAFA096C0AD,2026-09-14 06:57:16+00:00
EVT-0002185,IF_PLMCM_SAPPP_001,PLM,SAP_ERP,ESB,Async,Success,,,,2015,SESS-0CBCE65E35,REQ-14E5DC57E3D2,2026-09-11 05:50:06+00:00
EVT-0002188,IF_PLMPD_MESPE_001,PLM,MES,Kafka,Async,Success,,,,953,SESS-7C6A06D260,REQ-3662F7AF5A10,2026-09-15 18:51:53+00:00
EVT-0002190,IF_PLMCM_SAPPP_001,PLM,SAP_ERP,ESB,Async,Failed,DB_COMMIT_014,Transaction commit failed,Database,19471,SESS-FFCBC14699,REQ-84AFC8DF0466,2026-09-12 22:25:00+00:00
EVT-0002194,IF_PLMCM_SAPPP_001,PLM,SAP_ERP,ESB,Async,Success,,,,2743,SESS-C6A6619B91,REQ-644FC1C9E6C9,2026-09-10 02:28:51+00:00
EVT-0002201,IF_PLMCM_SAPPP_001,PLM,SAP_ERP,ESB,Async,Success,,,,2584,SESS-7B63DCFBDF,REQ-73B79EC6D667,2026-09-15 02:50:14+00:00
EVT-0002207,IF_PLMCFG_MESPC_001,PLM,MES,REST_API,REST,Success,,,,2256,SESS-9993CB7DBC,REQ-0AEE1FABCC5B,2026-09-14 03:01:37+00:00
EVT-0002216,IF_PLMPD_MESPE_001,PLM,MES,Kafka,Async,Success,,,,1114,SESS-1652372891,REQ-D8349DC664B4,2026-09-11 00:57:20+00:00
EVT-0002217,IF_PLMPD_MESPE_001,PLM,MES,Kafka,Async,Success,,,,773,SESS-4C435FC504,REQ-BA18C003D293,2026-09-11 09:24:51+00:00
EVT-0002223,IF_PLMCM_SAPPP_001,PLM,SAP_ERP,ESB,Async,Success,,,,2236,SESS-D0651A4C4C,REQ-CBF1CD8164F3,2026-09-12 09:40:42+00:00
EVT-0002226,IF_PLMCM_SAPPP_001,PLM,SAP_ERP,ESB,Async,Success,,,,2974,SESS-85021A1E14,REQ-8CF1D90BC15F,2026-09-14 17:41:03+00:00
EVT-0002228,IF_PLMCM_SAPPP_001,PLM,SAP_ERP,ESB,Async,Success,,,,2568,SESS-13677FF2CF,REQ-37CA48299171,2026-09-15 01:44:15+00:00
EVT-0002236,IF_PLMCFG_MESPC_001,PLM,MES,REST_API,REST,Retry,INFRA_008,Runtime node unavailable,Infrastructure,5982,SESS-3A7929BDA2,REQ-0CA8C84EEBBC,2026-09-14 13:04:24+00:00
EVT-0002237,IF_PLMCFG_MESPC_001,PLM,MES,REST_API,REST,Retry,AUTHZ_403,Caller is not authorized,Authorization,4754,SESS-88725D23A3,REQ-4D19982A1FB2,2026-09-11 14:21:02+00:00
EVT-0002249,IF_PLMCFG_MESPC_001,PLM,MES,REST_API,REST,Failed,CAP_003,Downstream service is at capacity,Capacity,3071,SESS-4534E0DB69,REQ-810699C2FB7B,2026-09-15 00:11:21+00:00
EVT-0002261,IF_PLMPD_MESPE_001,PLM,MES,Kafka,Async,Success,,,,1101,SESS-B043134310,REQ-EC1D25CDF4C0,2026-09-13 11:34:16+00:00
EVT-0002265,IF_PLMPD_SAPPP_001,PLM,SAP_ERP,Kafka,Async,Success,,,,812,SESS-EA41F92697,REQ-361F97739C59,2026-09-15 01:20:22+00:00
EVT-0002266,IF_PLMPD_SAPPP_001,PLM,SAP_ERP,Kafka,Async,Success,,,,1167,SESS-68687DAF8A,REQ-09AB5543BB12,2026-09-11 18:15:57+00:00
EVT-0002267,IF_PLMPD_SAPPP_001,PLM,SAP_ERP,Kafka,Async,Retry,EXT_502,Downstream service returned 502,External Service,1400,SESS-FA780ED66B,REQ-82489F34426C,2026-09-10 08:02:03+00:00
EVT-0002275,IF_PLMCFG_MESPC_001,PLM,MES,REST_API,REST,Success,,,,2409,SESS-C04B3E282F,REQ-DD66D440801C,2026-09-11 00:58:41+00:00
EVT-0002276,IF_PLMPD_MESPE_001,PLM,MES,Kafka,Async,Success,,,,1097,SESS-D56BF8C518,REQ-C23921A6E66A,2026-09-14 04:00:15+00:00
EVT-0002289,IF_PLMPD_SAPPP_001,PLM,SAP_ERP,Kafka,Async,Success,,,,1012,SESS-180F6D9DB8,REQ-A13CE86C44F2,2026-09-12 18:00:24+00:00
EVT-0002293,IF_PLMCM_SAPPP_001,PLM,SAP_ERP,ESB,Async,Success,,,,1676,SESS-54CDA8C106,REQ-D36327BCCCA3,2026-09-10 02:37:08+00:00
EVT-0002308,IF_PLMPD_SAPPP_001,PLM,SAP_ERP,Kafka,Async,Success,,,,654,SESS-1FCCF7D846,REQ-B08D1B3D0919,2026-09-13 02:08:00+00:00
EVT-0002311,IF_PLMPD_SAPPP_001,PLM,SAP_ERP,Kafka,Async,Success,,,,1299,SESS-F5A786F7BA,REQ-5D9E9963BF74,2026-09-16 05:42:32+00:00
EVT-0002330,IF_PLMCFG_MESPC_001,PLM,MES,REST_API,REST,Success,,,,1883,SESS-F3A6B4AE18,REQ-4465C328C87D,2026-09-11 23:14:27+00:00
EVT-0002331,IF_PLMCFG_MESPC_001,PLM,MES,REST_API,REST,Success,,,,2390,SESS-F6193C710B,REQ-24B6CA67A7B7,2026-09-15 02:44:13+00:00
EVT-0002334,IF_PLMCM_SAPPP_001,PLM,SAP_ERP,ESB,Async,Success,,,,2815,SESS-C37D8B099A,REQ-56D8BCD7147F,2026-09-12 23:55:22+00:00
EVT-0002341,IF_PLMPD_MESPE_001,PLM,MES,Kafka,Async,Success,,,,853,SESS-028761F16C,REQ-5BC27BAB4554,2026-09-13 00:31:15+00:00
EVT-0002343,IF_PLMCM_SAPPP_001,PLM,SAP_ERP,ESB,Async,Success,,,,1938,SESS-F71630845C,REQ-7048E3526701,2026-09-12 15:15:11+00:00
EVT-0002345,IF_PLMCFG_MESPC_001,PLM,MES,REST_API,REST,Success,,,,2727,SESS-1261548FC2,REQ-E647D259FDF6,2026-09-13 12:33:57+00:00
EVT-0002354,IF_PLMPD_SAPPP_001,PLM,SAP_ERP,Kafka,Async,Success,,,,806,SESS-7873A45771,REQ-2AEE5F14BB74,2026-09-16 15:19:27+00:00
EVT-0002361,IF_PLMCFG_MESPC_001,PLM,MES,REST_API,REST,Success,,,,2578,SESS-0D8F30D5EE,REQ-04A7711F295E,2026-09-12 09:30:49+00:00
EVT-0002369,IF_PLMCM_SAPPP_001,PLM,SAP_ERP,ESB,Async,Success,,,,2167,SESS-DEC3C3AAEB,REQ-D6136C703075,2026-09-11 01:45:06+00:00
EVT-0002375,IF_PLMPD_MESPE_001,PLM,MES,Kafka,Async,Success,,,,936,SESS-4E78391A61,REQ-0296C993A259,2026-09-16 22:36:57+00:00
EVT-0002385,IF_PLMCM_SAPPP_001,PLM,SAP_ERP,ESB,Async,Success,,,,2821,SESS-E427EBEE1E,REQ-81739AFEF088,2026-09-16 10:00:20+00:00
EVT-0002396,IF_PLMCM_SAPPP_001,PLM,SAP_ERP,ESB,Async,Success,,,,1963,SESS-64B62B4CBF,REQ-81C5010F55C4,2026-09-11 02:22:28+00:00
EVT-0002400,IF_PLMCFG_MESPC_001,PLM,MES,REST_API,REST,Retry,TIME_004,Downstream response exceeded SLA,Timeout,3677,SESS-EF3726038B,REQ-6053D24FDF61,2026-09-16 15:43:19+00:00
EVT-0002417,IF_PLMPD_MESPE_001,PLM,MES,Kafka,Async,Success,,,,927,SESS-470D61DA33,REQ-C7E74E97B71F,2026-09-12 21:39:14+00:00
EVT-0002434,IF_PLMCM_SAPPP_001,PLM,SAP_ERP,ESB,Async,Success,,,,2847,SESS-49FFE7B37D,REQ-C4C6FD78DFC3,2026-09-16 13:46:31+00:00
EVT-0002438,IF_PLMPD_MESPE_001,PLM,MES,Kafka,Async,Success,,,,940,SESS-0AFF0F4BC9,REQ-44F11FB6F5B4,2026-09-13 15:52:02+00:00
EVT-0002441,IF_PLMPD_SAPPP_001,PLM,SAP_ERP,Kafka,Async,Failed,AUTHZ_403,Caller is not authorized,Authorization,5037,SESS-DFC86C3D8B,REQ-2C0CCA9F0710,2026-09-14 23:38:17+00:00
EVT-0002446,IF_PLMPD_MESPE_001,PLM,MES,Kafka,Async,Retry,AUTHZ_403,Caller is not authorized,Authorization,1879,SESS-706941A54A,REQ-919ECFBA055D,2026-09-16 20:52:28+00:00
EVT-0002455,IF_PLMPD_SAPPP_001,PLM,SAP_ERP,Kafka,Async,Success,,,,659,SESS-DD47AF7CD5,REQ-9AB784C5B7A1,2026-09-15 20:23:17+00:00
EVT-0002479,IF_PLMCFG_MESPC_001,PLM,MES,REST_API,REST,Success,,,,2356,SESS-8B2C910960,REQ-AEA90E061F1A,2026-09-13 11:43:52+00:00
EVT-0002498,IF_PLMCFG_MESPC_001,PLM,MES,REST_API,REST,Retry,VAL_400,Required business field failed validation,Validation,6538,SESS-54612A2360,REQ-D0A056E9F4ED,2026-09-11 05:57:30+00:00
EVT-0002507,IF_PLMCM_SAPPP_001,PLM,SAP_ERP,ESB,Async,Success,,,,1869,SESS-09870F04E0,REQ-EB904D69DD53,2026-09-13 02:02:58+00:00
EVT-0002530,IF_PLMPD_SAPPP_001,PLM,SAP_ERP,Kafka,Async,Success,,,,567,SESS-9255BBAC42,REQ-0FD3B8F0AB0F,2026-09-12 05:10:37+00:00
EVT-0002543,IF_PLMPD_SAPPP_001,PLM,SAP_ERP,Kafka,Async,Success,,,,830,SESS-A2CD3A1C25,REQ-E9DFBDFBECB5,2026-09-12 05:26:13+00:00
EVT-0002554,IF_PLMCM_SAPPP_001,PLM,SAP_ERP,ESB,Async,Success,,,,1948,SESS-27D51C0ED6,REQ-B8C7C1C86480,2026-09-13 21:54:41+00:00
EVT-0002570,IF_PLMCFG_MESPC_001,PLM,MES,REST_API,REST,Success,,,,2630,SESS-0061668334,REQ-01BB2C3A672B,2026-09-16 09:47:40+00:00
EVT-0002572,IF_PLMCFG_MESPC_001,PLM,MES,REST_API,REST,Success,,,,1227,SESS-9811AF2439,REQ-A33AE5E3E5D7,2026-09-16 06:18:32+00:00
EVT-0002583,IF_PLMCFG_MESPC_001,PLM,MES,REST_API,REST,Retry,NET_CONN_003,Connection reset by peer,Network,7425,SESS-0C57AE5CA4,REQ-D1C7F5814DE1,2026-09-16 23:24:52+00:00
EVT-0002605,IF_PLMCFG_MESPC_001,PLM,MES,REST_API,REST,Success,,,,2321,SESS-04E973E76F,REQ-3F6F32F6148E,2026-09-11 05:05:21+00:00
EVT-0002612,IF_PLMPD_MESPE_001,PLM,MES,Kafka,Async,Retry,CAP_003,Downstream service is at capacity,Capacity,3366,SESS-584FBD69E9,REQ-C78035AA5542,2026-09-12 17:30:56+00:00
EVT-0002616,IF_PLMPD_SAPPP_001,PLM,SAP_ERP,Kafka,Async,Success,,,,772,SESS-0CD5910531,REQ-30965EA1EAC2,2026-09-14 01:51:53+00:00
EVT-0002617,IF_PLMPD_MESPE_001,PLM,MES,Kafka,Async,Success,,,,1063,SESS-44D516405E,REQ-5EEA2A53A50A,2026-09-12 13:20:31+00:00
EVT-0002623,IF_PLMPD_MESPE_001,PLM,MES,Kafka,Async,Success,,,,431,SESS-9E8BFAFD9E,REQ-502FC2874730,2026-09-10 02:42:50+00:00
EVT-0002626,IF_PLMCFG_MESPC_001,PLM,MES,REST_API,REST,Success,,,,2916,SESS-A73EADDEDF,REQ-BC205877D0D8,2026-09-16 13:01:19+00:00
EVT-0002632,IF_PLMPD_MESPE_001,PLM,MES,Kafka,Async,Retry,AUTHZ_403,Caller is not authorized,Authorization,1826,SESS-FAD1D69897,REQ-1AD12C8731BA,2026-09-16 00:20:11+00:00
EVT-0002637,IF_PLMCM_SAPPP_001,PLM,SAP_ERP,ESB,Async,Success,,,,2985,SESS-2ABABA97AE,REQ-A500871C566C,2026-09-13 07:45:35+00:00
EVT-0002638,IF_PLMPD_SAPPP_001,PLM,SAP_ERP,Kafka,Async,Success,,,,667,SESS-C0D97E6955,REQ-1DF4BA4DD3AD,2026-09-10 15:42:31+00:00
EVT-0002642,IF_PLMPD_MESPE_001,PLM,MES,Kafka,Async,Success,,,,946,SESS-EF3225C75A,REQ-1CF02FE0CA90,2026-09-13 13:36:02+00:00
EVT-0002657,IF_PLMCFG_MESPC_001,PLM,MES,REST_API,REST,Success,,,,1555,SESS-15425D3B54,REQ-6BB5B3897440,2026-09-14 12:08:57+00:00
EVT-0002660,IF_PLMCFG_MESPC_001,PLM,MES,REST_API,REST,Success,,,,1811,SESS-9D9969816E,REQ-84CF5268DE0E,2026-09-15 22:49:29+00:00
EVT-0002666,IF_PLMCM_SAPPP_001,PLM,SAP_ERP,ESB,Async,Success,,,,2221,SESS-507D128E92,REQ-6DB5B337AF3B,2026-09-11 02:22:40+00:00
EVT-0002677,IF_PLMCFG_MESPC_001,PLM,MES,REST_API,REST,Success,,,,2646,SESS-15E5A6F21B,REQ-CD21B58D1237,2026-09-11 23:11:04+00:00
EVT-0002678,IF_PLMCM_SAPPP_001,PLM,SAP_ERP,ESB,Async,Success,,,,2605,SESS-74E6C546FC,REQ-874B6EE93E58,2026-09-12 18:49:19+00:00
EVT-0002679,IF_PLMCFG_MESPC_001,PLM,MES,REST_API,REST,Success,,,,1929,SESS-C679B8D4CD,REQ-614CECDD0799,2026-09-16 01:05:00+00:00
EVT-0002682,IF_PLMCFG_MESPC_001,PLM,MES,REST_API,REST,Retry,TIME_004,Downstream response exceeded SLA,Timeout,7636,SESS-47466682C1,REQ-9FD84213262F,2026-09-15 21:30:17+00:00
EVT-0002714,IF_PLMCFG_MESPC_001,PLM,MES,REST_API,REST,Success,,,,2475,SESS-3BA184B574,REQ-BF09D8B15800,2026-09-11 19:53:02+00:00
EVT-0002732,IF_PLMCM_SAPPP_001,PLM,SAP_ERP,ESB,Async,Success,,,,3087,SESS-4C781FC6CC,REQ-DE9212F2F4D9,2026-09-11 09:51:01+00:00
EVT-0002756,IF_PLMPD_MESPE_001,PLM,MES,Kafka,Async,Success,,,,1364,SESS-69B9DD2A0B,REQ-6EE7C711A683,2026-09-14 06:14:09+00:00
EVT-0002766,IF_PLMPD_SAPPP_001,PLM,SAP_ERP,Kafka,Async,Failed,VAL_400,Required business field failed validation,Validation,7203,SESS-07CE5A893D,REQ-27B6274C6F25,2026-09-13 22:26:53+00:00
EVT-0002767,IF_PLMPD_SAPPP_001,PLM,SAP_ERP,Kafka,Async,Success,,,,673,SESS-5163CAED3A,REQ-128277EFAA04,2026-09-10 08:42:31+00:00
EVT-0002776,IF_PLMPD_MESPE_001,PLM,MES,Kafka,Async,Success,,,,964,SESS-06FB71DC5A,REQ-CDC2ADE82300,2026-09-11 22:24:37+00:00
EVT-0002784,IF_PLMPD_MESPE_001,PLM,MES,Kafka,Async,Success,,,,429,SESS-2EDA88EA60,REQ-19DC3EB1DC39,2026-09-10 08:37:07+00:00
EVT-0002785,IF_PLMCM_SAPPP_001,PLM,SAP_ERP,ESB,Async,Success,,,,1493,SESS-D6DD91A152,REQ-F25CC089292C,2026-09-11 04:33:11+00:00
EVT-0002786,IF_PLMPD_SAPPP_001,PLM,SAP_ERP,Kafka,Async,Success,,,,822,SESS-1ADD7E6F22,REQ-BE8F9D0FE8AC,2026-09-15 10:14:03+00:00
EVT-0002787,IF_PLMPD_SAPPP_001,PLM,SAP_ERP,Kafka,Async,Success,,,,1135,SESS-67D493F774,REQ-3CE52BBAE2F2,2026-09-16 19:52:57+00:00
EVT-0002789,IF_PLMCM_SAPPP_001,PLM,SAP_ERP,ESB,Async,Success,,,,1978,SESS-5DC5F8F3B7,REQ-9756DB67E983,2026-09-15 07:48:26+00:00
EVT-0002790,IF_PLMCFG_MESPC_001,PLM,MES,REST_API,REST,Success,,,,1124,SESS-4B739088DE,REQ-7F6385F24C5A,2026-09-14 08:29:25+00:00
EVT-0002807,IF_PLMCFG_MESPC_001,PLM,MES,REST_API,REST,Success,,,,1836,SESS-A067054ADD,REQ-D5EA88EDB245,2026-09-12 23:48:58+00:00
EVT-0002810,IF_PLMCFG_MESPC_001,PLM,MES,REST_API,REST,Retry,EXT_502,Downstream service returned 502,External Service,3689,SESS-97FDF910D4,REQ-E4580A76C93F,2026-09-13 04:53:19+00:00
EVT-0002825,IF_PLMPD_SAPPP_001,PLM,SAP_ERP,Kafka,Async,Success,,,,637,SESS-7918C5B2AF,REQ-3C84C65FC0DA,2026-09-16 22:21:17+00:00
EVT-0002827,IF_PLMCFG_MESPC_001,PLM,MES,REST_API,REST,Success,,,,2518,SESS-ADD2F564BC,REQ-4DA2C8E3D05F,2026-09-16 14:12:41+00:00
EVT-0002837,IF_PLMCM_SAPPP_001,PLM,SAP_ERP,ESB,Async,Success,,,,1856,SESS-BC39969A46,REQ-281200822FB1,2026-09-10 08:17:15+00:00
EVT-0002844,IF_PLMPD_MESPE_001,PLM,MES,Kafka,Async,Success,,,,819,SESS-923CB6208F,REQ-19727FE5B154,2026-09-15 16:17:02+00:00
EVT-0002854,IF_PLMPD_SAPPP_001,PLM,SAP_ERP,Kafka,Async,Success,,,,824,SESS-38DD10EC64,REQ-7CC5D9E7B72A,2026-09-16 17:05:38+00:00
EVT-0002863,IF_PLMCFG_MESPC_001,PLM,MES,REST_API,REST,Success,,,,1862,SESS-C03601A8F9,REQ-28E82A276CEA,2026-09-15 02:48:38+00:00
EVT-0002871,IF_PLMPD_SAPPP_001,PLM,SAP_ERP,Kafka,Async,Success,,,,1158,SESS-A8BF70BB7D,REQ-0E41CF796BBB,2026-09-12 14:44:27+00:00
EVT-0002873,IF_PLMPD_SAPPP_001,PLM,SAP_ERP,Kafka,Async,Success,,,,1052,SESS-5C89866D43,REQ-25A1D2408406,2026-09-10 05:44:24+00:00
EVT-0002894,IF_PLMCFG_MESPC_001,PLM,MES,REST_API,REST,Retry,CAP_003,Downstream service is at capacity,Capacity,4475,SESS-EE9DD89DC6,REQ-E607DF2BF10D,2026-09-13 16:19:25+00:00
EVT-0002904,IF_PLMPD_MESPE_001,PLM,MES,Kafka,Async,Success,,,,836,SESS-E0582277AE,REQ-B84FFAF490FC,2026-09-10 15:33:46+00:00
EVT-0002913,IF_PLMCM_SAPPP_001,PLM,SAP_ERP,ESB,Async,Success,,,,2849,SESS-7AAD5A82D9,REQ-C7AC8AE63A90,2026-09-13 15:43:29+00:00
EVT-0002923,IF_PLMPD_SAPPP_001,PLM,SAP_ERP,Kafka,Async,Retry,EXT_502,Downstream service returned 502,External Service,1866,SESS-DCAA71BD30,REQ-3B89B172C202,2026-09-14 22:32:57+00:00
EVT-0002928,IF_PLMPD_SAPPP_001,PLM,SAP_ERP,Kafka,Async,Success,,,,818,SESS-FCBBC9ED1D,REQ-587536E8B4AC,2026-09-12 15:29:10+00:00
EVT-0002931,IF_PLMPD_MESPE_001,PLM,MES,Kafka,Async,Success,,,,1179,SESS-73C4871933,REQ-842A2E170A31,2026-09-16 07:37:35+00:00
EVT-0002933,IF_PLMPD_MESPE_001,PLM,MES,Kafka,Async,Success,,,,1055,SESS-D863DC299B,REQ-4402F54E1112,2026-09-15 13:38:01+00:00
EVT-0002936,IF_PLMCFG_MESPC_001,PLM,MES,REST_API,REST,Success,,,,1682,SESS-1230423931,REQ-A70421189ED8,2026-09-10 15:29:40+00:00
EVT-0002941,IF_PLMPD_SAPPP_001,PLM,SAP_ERP,Kafka,Async,Success,,,,803,SESS-EB7A4ECFD1,REQ-870457A7BD6E,2026-09-10 11:50:47+00:00
EVT-0002956,IF_PLMCFG_MESPC_001,PLM,MES,REST_API,REST,Success,,,,1636,SESS-71ACDEB730,REQ-A35B41B96961,2026-09-16 06:47:07+00:00
EVT-0002974,IF_PLMPD_SAPPP_001,PLM,SAP_ERP,Kafka,Async,Success,,,,858,SESS-0D6E1E368C,REQ-6DD7CA6200F5,2026-09-14 20:18:17+00:00
EVT-0002988,IF_PLMPD_SAPPP_001,PLM,SAP_ERP,Kafka,Async,Success,,,,814,SESS-3337C2A184,REQ-E7A2B549C630,2026-09-12 10:48:33+00:00
EVT-0002993,IF_PLMPD_SAPPP_001,PLM,SAP_ERP,Kafka,Async,Success,,,,1256,SESS-A4FEC5A170,REQ-6D88CF0CE066,2026-09-13 11:34:38+00:00
EVT-0002996,IF_PLMCM_SAPPP_001,PLM,SAP_ERP,ESB,Async,Success,,,,1801,SESS-37BBAD12A3,REQ-31C011422288,2026-09-13 20:20:09+00:00
EVT-0003001,IF_PLMCM_SAPPP_001,PLM,SAP_ERP,ESB,Async,Success,,,,2142,SESS-C35CBDDF46,REQ-A5D9EEC70A1D,2026-09-15 17:32:03+00:00
EVT-0003002,IF_PLMCFG_MESPC_001,PLM,MES,REST_API,REST,Success,,,,2313,SESS-A3BC542D39,REQ-73D0D55B6F9F,2026-09-16 11:35:26+00:00
EVT-0003008,IF_PLMCFG_MESPC_001,PLM,MES,REST_API,REST,Success,,,,1649,SESS-6445D9E598,REQ-237BD00ACCBA,2026-09-16 12:51:26+00:00
EVT-0003009,IF_PLMPD_MESPE_001,PLM,MES,Kafka,Async,Success,,,,878,SESS-EA829629A2,REQ-4744D82B5796,2026-09-16 16:19:26+00:00
EVT-0003018,IF_PLMCM_SAPPP_001,PLM,SAP_ERP,ESB,Async,Success,,,,1860,SESS-2F9EEDE523,REQ-205B6A50368B,2026-09-10 04:28:35+00:00
EVT-0003034,IF_PLMPD_SAPPP_001,PLM,SAP_ERP,Kafka,Async,Success,,,,913,SESS-EE33C19A15,REQ-3BE191AE237F,2026-09-11 03:58:56+00:00
EVT-0003037,IF_PLMCM_SAPPP_001,PLM,SAP_ERP,ESB,Async,Success,,,,3094,SESS-26F5E0497C,REQ-F47142F6A804,2026-09-14 16:28:38+00:00
EVT-0003047,IF_PLMPD_SAPPP_001,PLM,SAP_ERP,Kafka,Async,Success,,,,839,SESS-6CB2E86DF1,REQ-19BBBA885F06,2026-09-14 12:24:30+00:00
EVT-0003056,IF_PLMCM_SAPPP_001,PLM,SAP_ERP,ESB,Async,Failed,CFG_017,Interface configuration mismatch,Configuration,15165,SESS-C759558730,REQ-D83567A1E03A,2026-09-16 16:11:33+00:00
EVT-0003057,IF_PLMPD_SAPPP_001,PLM,SAP_ERP,Kafka,Async,Success,,,,1188,SESS-ECC533F292,REQ-3AC0DA44FD4E,2026-09-13 08:45:52+00:00
EVT-0003059,IF_PLMPD_MESPE_001,PLM,MES,Kafka,Async,Success,,,,1165,SESS-B62A12897B,REQ-F448F78A82A3,2026-09-10 02:57:47+00:00
EVT-0003069,IF_PLMPD_SAPPP_001,PLM,SAP_ERP,Kafka,Async,Retry,CFG_017,Interface configuration mismatch,Configuration,1691,SESS-FD259E76A0,REQ-EDEEAAFFE0E8,2026-09-14 22:23:50+00:00
EVT-0003070,IF_PLMPD_MESPE_001,PLM,MES,Kafka,Async,Success,,,,1109,SESS-8CFD2BD881,REQ-EB4FE5053966,2026-09-16 08:48:39+00:00
EVT-0003094,IF_PLMCFG_MESPC_001,PLM,MES,REST_API,REST,Success,,,,1947,SESS-50442AB00A,REQ-C890CF96EA4D,2026-09-14 07:06:30+00:00
EVT-0003103,IF_PLMCM_SAPPP_001,PLM,SAP_ERP,ESB,Async,Success,,,,2928,SESS-32AD74B1D1,REQ-DCF41A57D4A9,2026-09-10 17:31:24+00:00
EVT-0003117,IF_PLMCM_SAPPP_001,PLM,SAP_ERP,ESB,Async,Failed,TIME_004,Downstream response exceeded SLA,Timeout,4080,SESS-130FE49A03,REQ-97F03EA47D11,2026-09-11 18:51:49+00:00
EVT-0003124,IF_PLMPD_MESPE_001,PLM,MES,Kafka,Async,Success,,,,702,SESS-AD9FE0401C,REQ-F7FFD2D8F1F3,2026-09-15 08:51:39+00:00
EVT-0003127,IF_PLMCM_SAPPP_001,PLM,SAP_ERP,ESB,Async,Success,,,,1709,SESS-25A1CF6E9D,REQ-8DA4F7D13966,2026-09-15 19:11:42+00:00
EVT-0003131,IF_PLMCFG_MESPC_001,PLM,MES,REST_API,REST,Success,,,,2416,SESS-972FE67E7A,REQ-935251FB209E,2026-09-12 01:07:03+00:00
EVT-0003144,IF_PLMPD_SAPPP_001,PLM,SAP_ERP,Kafka,Async,Success,,,,1121,SESS-DA4BC64197,REQ-DBEFCF7441E5,2026-09-12 02:12:12+00:00
EVT-0003149,IF_PLMPD_MESPE_001,PLM,MES,Kafka,Async,Success,,,,729,SESS-B7899485C8,REQ-4013067109F6,2026-09-10 16:08:36+00:00
EVT-0003159,IF_PLMPD_SAPPP_001,PLM,SAP_ERP,Kafka,Async,Success,,,,799,SESS-1B0F83B3A9,REQ-0990C91D74B9,2026-09-10 13:22:56+00:00
EVT-0003165,IF_PLMPD_SAPPP_001,PLM,SAP_ERP,Kafka,Async,Retry,VAL_400,Required business field failed validation,Validation,2413,SESS-CEABA05CFA,REQ-FAC177C2D499,2026-09-12 18:52:53+00:00
EVT-0003166,IF_PLMCFG_MESPC_001,PLM,MES,REST_API,REST,Retry,NET_CONN_003,Connection reset by peer,Network,6161,SESS-E85DEEFB7D,REQ-4907F632C74C,2026-09-16 10:14:27+00:00
EVT-0003168,IF_PLMCM_SAPPP_001,PLM,SAP_ERP,ESB,Async,Failed,AUTHZ_403,Caller is not authorized,Authorization,4704,SESS-7B1D5E45EE,REQ-912FDFC4AB5D,2026-09-13 05:20:12+00:00
EVT-0003170,IF_PLMPD_MESPE_001,PLM,MES,Kafka,Async,Success,,,,1044,SESS-DC6658888F,REQ-2B205BAB7F75,2026-09-13 12:29:32+00:00
EVT-0003171,IF_PLMPD_MESPE_001,PLM,MES,Kafka,Async,Success,,,,670,SESS-FEAB65F4C9,REQ-EA08783E50CE,2026-09-13 01:56:03+00:00
EVT-0003178,IF_PLMCM_SAPPP_001,PLM,SAP_ERP,ESB,Async,Success,,,,2750,SESS-ECC28C8E48,REQ-8FCFC4A2301C,2026-09-15 14:12:47+00:00
EVT-0003184,IF_PLMPD_MESPE_001,PLM,MES,Kafka,Async,Success,,,,1077,SESS-B65EDAADBC,REQ-3E600EEF34CA,2026-09-11 03:21:56+00:00
EVT-0003185,IF_PLMPD_SAPPP_001,PLM,SAP_ERP,Kafka,Async,Failed,NET_CONN_003,Connection reset by peer,Network,5586,SESS-752EB63E26,REQ-706E257BCEF1,2026-09-10 20:10:35+00:00
EVT-0003186,IF_PLMCFG_MESPC_001,PLM,MES,REST_API,REST,Retry,AUTH_401,Service credential rejected,Authentication,4511,SESS-36E498E284,REQ-EC227063BE30,2026-09-12 16:53:32+00:00
EVT-0003187,IF_PLMPD_SAPPP_001,PLM,SAP_ERP,Kafka,Async,Success,,,,1068,SESS-8D05D3FAD1,REQ-969DD7C5A844,2026-09-15 21:43:29+00:00
EVT-0003189,IF_PLMCFG_MESPC_001,PLM,MES,REST_API,REST,Success,,,,2231,SESS-2623D8379C,REQ-183AF18D0532,2026-09-10 05:53:48+00:00
EVT-0003195,IF_PLMPD_SAPPP_001,PLM,SAP_ERP,Kafka,Async,Success,,,,1284,SESS-678A907C07,REQ-6961BA275020,2026-09-15 22:50:46+00:00
EVT-0003219,IF_PLMPD_SAPPP_001,PLM,SAP_ERP,Kafka,Async,Success,,,,1286,SESS-CB1AD1325F,REQ-1F4A03A11E22,2026-09-13 01:05:52+00:00
EVT-0003222,IF_PLMCM_SAPPP_001,PLM,SAP_ERP,ESB,Async,Success,,,,2313,SESS-ED8C3ACE2C,REQ-A8FA9D31B202,2026-09-16 18:42:31+00:00
EVT-0003225,IF_PLMCFG_MESPC_001,PLM,MES,REST_API,REST,Retry,AUTHZ_403,Caller is not authorized,Authorization,5921,SESS-07F2A31617,REQ-71B8FCA13D41,2026-09-13 14:34:18+00:00
EVT-0003226,IF_PLMCM_SAPPP_001,PLM,SAP_ERP,ESB,Async,Success,,,,2462,SESS-75E77A2986,REQ-B66BD624E95D,2026-09-13 12:31:25+00:00
EVT-0003241,IF_PLMPD_SAPPP_001,PLM,SAP_ERP,Kafka,Async,Success,,,,473,SESS-6742A520E2,REQ-83C624E1640A,2026-09-14 21:38:56+00:00
EVT-0003242,IF_PLMCM_SAPPP_001,PLM,SAP_ERP,ESB,Async,Success,,,,2473,SESS-19C0FA48B6,REQ-72DFE5F7F3D1,2026-09-10 16:07:27+00:00
EVT-0003253,IF_PLMCM_SAPPP_001,PLM,SAP_ERP,ESB,Async,Success,,,,3401,SESS-7732400680,REQ-D585AABC81BC,2026-09-14 11:11:11+00:00
EVT-0003255,IF_PLMCFG_MESPC_001,PLM,MES,REST_API,REST,Success,,,,2299,SESS-C79E0E45CF,REQ-2EFE9431BCD8,2026-09-16 23:06:56+00:00
EVT-0003256,IF_PLMPD_SAPPP_001,PLM,SAP_ERP,Kafka,Async,Failed,CAP_003,Downstream service is at capacity,Capacity,5966,SESS-DDE074650C,REQ-3E8C0FE8F2C2,2026-09-13 06:26:10+00:00
EVT-0003258,IF_PLMPD_MESPE_001,PLM,MES,Kafka,Async,Success,,,,991,SESS-CB2AC234A2,REQ-4DF59CF27B03,2026-09-10 08:55:54+00:00
EVT-0003263,IF_PLMCM_SAPPP_001,PLM,SAP_ERP,ESB,Async,Success,,,,2173,SESS-B193824DDF,REQ-551E9C84021F,2026-09-11 20:02:59+00:00
EVT-0003271,IF_PLMCM_SAPPP_001,PLM,SAP_ERP,ESB,Async,Retry,VAL_400,Required business field failed validation,Validation,3599,SESS-A392456A43,REQ-CAFBB918449A,2026-09-13 12:41:48+00:00
EVT-0003278,IF_PLMPD_MESPE_001,PLM,MES,Kafka,Async,Success,,,,840,SESS-72352E36E3,REQ-F3B819E6440B,2026-09-11 20:40:56+00:00
EVT-0003285,IF_PLMPD_MESPE_001,PLM,MES,Kafka,Async,Success,,,,1163,SESS-5056AFDA63,REQ-9DB6AAD78AD3,2026-09-16 07:57:30+00:00
EVT-0003291,IF_PLMCM_SAPPP_001,PLM,SAP_ERP,ESB,Async,Success,,,,1985,SESS-CB76FEB645,REQ-5CE11AEBFE33,2026-09-13 20:49:06+00:00
EVT-0003293,IF_PLMPD_SAPPP_001,PLM,SAP_ERP,Kafka,Async,Success,,,,938,SESS-5F7A498A35,REQ-B710897F39C9,2026-09-15 17:05:35+00:00
EVT-0003295,IF_PLMCM_SAPPP_001,PLM,SAP_ERP,ESB,Async,Success,,,,2387,SESS-3EBDCE75DD,REQ-F03EAB9B88DE,2026-09-12 06:05:00+00:00
EVT-0003305,IF_PLMPD_SAPPP_001,PLM,SAP_ERP,Kafka,Async,Success,,,,935,SESS-81A634B773,REQ-0F87726164EE,2026-09-10 01:35:56+00:00
EVT-0003311,IF_PLMPD_SAPPP_001,PLM,SAP_ERP,Kafka,Async,Success,,,,979,SESS-14E78C8582,REQ-742C32342240,2026-09-12 09:38:24+00:00
EVT-0003321,IF_PLMCM_SAPPP_001,PLM,SAP_ERP,ESB,Async,Success,,,,2262,SESS-0AC9E60E1D,REQ-F95796178361,2026-09-12 12:27:45+00:00
EVT-0003326,IF_PLMCFG_MESPC_001,PLM,MES,REST_API,REST,Success,,,,2567,SESS-A545FCEDF3,REQ-229A8218D2B6,2026-09-12 13:15:45+00:00
EVT-0003329,IF_PLMCM_SAPPP_001,PLM,SAP_ERP,ESB,Async,Success,,,,2152,SESS-A4490BD437,REQ-F08B6BAF9F2A,2026-09-15 13:26:11+00:00
EVT-0003340,IF_PLMPD_MESPE_001,PLM,MES,Kafka,Async,Success,,,,667,SESS-D2D07857F3,REQ-9F37260025A7,2026-09-12 00:57:16+00:00
EVT-0003345,IF_PLMPD_MESPE_001,PLM,MES,Kafka,Async,Success,,,,966,SESS-5773D250BA,REQ-F41CD536C50A,2026-09-15 15:03:45+00:00
EVT-0003351,IF_PLMCFG_MESPC_001,PLM,MES,REST_API,REST,Success,,,,2950,SESS-FD289CD023,REQ-FFB78A15E975,2026-09-16 21:45:38+00:00
EVT-0003356,IF_PLMCM_SAPPP_001,PLM,SAP_ERP,ESB,Async,Success,,,,1611,SESS-AD8CD649C8,REQ-1021EE2DA1B0,2026-09-10 11:57:35+00:00
EVT-0003366,IF_PLMPD_MESPE_001,PLM,MES,Kafka,Async,Success,,,,900,SESS-E8A23458B3,REQ-44C5B42B9C63,2026-09-15 23:31:43+00:00
EVT-0003374,IF_PLMCFG_MESPC_001,PLM,MES,REST_API,REST,Success,,,,1589,SESS-EC09B25B22,REQ-5A12925462C6,2026-09-16 15:10:11+00:00
EVT-0003378,IF_PLMPD_MESPE_001,PLM,MES,Kafka,Async,Success,,,,753,SESS-5C0AD39FE9,REQ-26875B0FC344,2026-09-11 12:52:19+00:00
EVT-0003402,IF_PLMPD_SAPPP_001,PLM,SAP_ERP,Kafka,Async,Retry,EXT_502,Downstream service returned 502,External Service,2687,SESS-CA90283126,REQ-820D69524C78,2026-09-13 23:19:00+00:00
EVT-0003405,IF_PLMPD_SAPPP_001,PLM,SAP_ERP,Kafka,Async,Success,,,,1109,SESS-BB8230C0FC,REQ-A2805B974E80,2026-09-13 01:09:15+00:00
EVT-0003410,IF_PLMPD_SAPPP_001,PLM,SAP_ERP,Kafka,Async,Success,,,,766,SESS-DEA6393A4E,REQ-9A8EB51E7440,2026-09-15 23:12:59+00:00
EVT-0003421,IF_PLMPD_SAPPP_001,PLM,SAP_ERP,Kafka,Async,Success,,,,889,SESS-8232A1994C,REQ-E91B6E6B710E,2026-09-10 23:14:52+00:00
EVT-0003423,IF_PLMPD_MESPE_001,PLM,MES,Kafka,Async,Success,,,,1053,SESS-909F8A89DC,REQ-53DBF0111426,2026-09-15 20:50:28+00:00
EVT-0003424,IF_PLMCM_SAPPP_001,PLM,SAP_ERP,ESB,Async,Success,,,,1638,SESS-BDFCF41D5D,REQ-BC247DF1EC45,2026-09-11 00:00:34+00:00
EVT-0003435,IF_PLMPD_MESPE_001,PLM,MES,Kafka,Async,Retry,INFRA_008,Runtime node unavailable,Infrastructure,3159,SESS-8F0AF059C6,REQ-968C862ABAC3,2026-09-15 15:06:24+00:00
EVT-0003437,IF_PLMPD_MESPE_001,PLM,MES,Kafka,Async,Success,,,,894,SESS-84ABB4920D,REQ-60B8F4A7C27C,2026-09-13 23:37:58+00:00
EVT-0003445,IF_PLMCFG_MESPC_001,PLM,MES,REST_API,REST,Success,,,,2439,SESS-220E0A1974,REQ-42503389EF76,2026-09-14 06:09:20+00:00
EVT-0003453,IF_PLMCFG_MESPC_001,PLM,MES,REST_API,REST,Success,,,,2028,SESS-D8347ECE57,REQ-CA5CB39BC818,2026-09-13 11:59:58+00:00
EVT-0003465,IF_PLMCFG_MESPC_001,PLM,MES,REST_API,REST,Success,,,,2787,SESS-45ADEB4616,REQ-8F0A25794AE3,2026-09-12 17:37:26+00:00
EVT-0003470,IF_PLMCM_SAPPP_001,PLM,SAP_ERP,ESB,Async,Success,,,,2183,SESS-55B734BD9D,REQ-7C7AE0C0FF62,2026-09-15 15:42:09+00:00
EVT-0003473,IF_PLMPD_SAPPP_001,PLM,SAP_ERP,Kafka,Async,Success,,,,998,SESS-5C8E5707A6,REQ-71223DE6F724,2026-09-16 05:01:22+00:00
EVT-0003477,IF_PLMCFG_MESPC_001,PLM,MES,REST_API,REST,Success,,,,2149,SESS-32FA72C09A,REQ-6042CA59021D,2026-09-12 09:46:03+00:00
EVT-0003478,IF_PLMPD_SAPPP_001,PLM,SAP_ERP,Kafka,Async,Retry,EXT_502,Downstream service returned 502,External Service,1444,SESS-D6C43E0EFC,REQ-C236EAFF2DE5,2026-09-10 12:59:37+00:00
EVT-0003485,IF_PLMPD_MESPE_001,PLM,MES,Kafka,Async,Failed,TIME_004,Downstream response exceeded SLA,Timeout,6387,SESS-8CE8DF17C5,REQ-7A9AABD0943B,2026-09-11 00:14:42+00:00
EVT-0003494,IF_PLMPD_MESPE_001,PLM,MES,Kafka,Async,Success,,,,1088,SESS-F73F3F365A,REQ-956119A5F203,2026-09-16 18:58:36+00:00
EVT-0003495,IF_PLMPD_MESPE_001,PLM,MES,Kafka,Async,Success,,,,808,SESS-847AF7D670,REQ-73B6D0859194,2026-09-16 06:09:47+00:00
EVT-0003500,IF_PLMPD_MESPE_001,PLM,MES,Kafka,Async,Success,,,,856,SESS-53CE1DDCBE,REQ-52E16DA87459,2026-09-12 13:47:43+00:00
EVT-0003503,IF_PLMPD_MESPE_001,PLM,MES,Kafka,Async,Success,,,,953,SESS-1CDB0254E9,REQ-71B11E13F1D8,2026-09-16 19:35:10+00:00
EVT-0003504,IF_PLMPD_SAPPP_001,PLM,SAP_ERP,Kafka,Async,Success,,,,989,SESS-02E634085F,REQ-179C9058CCAE,2026-09-11 10:49:28+00:00
EVT-0003505,IF_PLMCM_SAPPP_001,PLM,SAP_ERP,ESB,Async,Success,,,,1794,SESS-A18D4A6B97,REQ-F6626D1BB43C,2026-09-16 12:08:25+00:00
EVT-0003530,IF_PLMPD_MESPE_001,PLM,MES,Kafka,Async,Success,,,,548,SESS-58FF419084,REQ-24D2E560D7AF,2026-09-15 10:57:08+00:00
EVT-0003533,IF_PLMCFG_MESPC_001,PLM,MES,REST_API,REST,Success,,,,1293,SESS-A49044DCC0,REQ-9069316393E3,2026-09-12 03:43:45+00:00
EVT-0003548,IF_PLMPD_SAPPP_001,PLM,SAP_ERP,Kafka,Async,Success,,,,1165,SESS-9A81AE72CB,REQ-E48366DBA1E5,2026-09-13 00:42:57+00:00
EVT-0003570,IF_PLMCFG_MESPC_001,PLM,MES,REST_API,REST,Retry,EXT_502,Downstream service returned 502,External Service,5729,SESS-291E001E49,REQ-E65409B12C45,2026-09-11 05:00:19+00:00
EVT-0003576,IF_PLMPD_SAPPP_001,PLM,SAP_ERP,Kafka,Async,Success,,,,779,SESS-AC3AEA9E59,REQ-C075E420CFF4,2026-09-16 03:50:37+00:00
EVT-0003583,IF_PLMPD_MESPE_001,PLM,MES,Kafka,Async,Success,,,,845,SESS-2681D6DCD3,REQ-C48CD8D50F46,2026-09-12 05:28:46+00:00
EVT-0003590,IF_PLMCFG_MESPC_001,PLM,MES,REST_API,REST,Success,,,,2896,SESS-4A9BF1E558,REQ-49D12C747B36,2026-09-10 07:11:59+00:00
EVT-0003591,IF_PLMPD_MESPE_001,PLM,MES,Kafka,Async,Success,,,,1156,SESS-FD613D27F8,REQ-6175A1E1F290,2026-09-14 14:30:55+00:00
EVT-0003612,IF_PLMPD_MESPE_001,PLM,MES,Kafka,Async,Success,,,,908,SESS-189F3A0D8C,REQ-C74B36FCB58B,2026-09-12 06:05:11+00:00
EVT-0003616,IF_PLMPD_MESPE_001,PLM,MES,Kafka,Async,Success,,,,816,SESS-BC03829387,REQ-55BDAE181911,2026-09-13 01:31:34+00:00
EVT-0003626,IF_PLMCM_SAPPP_001,PLM,SAP_ERP,ESB,Async,Success,,,,2671,SESS-64942B48DB,REQ-6B8902B47188,2026-09-13 06:41:14+00:00
EVT-0003628,IF_PLMCFG_MESPC_001,PLM,MES,REST_API,REST,Success,,,,1630,SESS-BD6D4C8E45,REQ-40C72CE0AD23,2026-09-10 00:01:17+00:00
EVT-0003637,IF_PLMCFG_MESPC_001,PLM,MES,REST_API,REST,Success,,,,2175,SESS-6CA43CAFC4,REQ-8BB03AF2821C,2026-09-10 09:46:48+00:00
EVT-0003652,IF_PLMPD_SAPPP_001,PLM,SAP_ERP,Kafka,Async,Success,,,,1044,SESS-E741EB0794,REQ-46969AA7D8CC,2026-09-12 12:05:12+00:00
EVT-0003655,IF_PLMPD_SAPPP_001,PLM,SAP_ERP,Kafka,Async,Success,,,,896,SESS-58234DA1FA,REQ-11303C2B93B4,2026-09-13 18:21:05+00:00
EVT-0003673,IF_PLMCM_SAPPP_001,PLM,SAP_ERP,ESB,Async,Success,,,,2268,SESS-477D0EA198,REQ-B279DA705F55,2026-09-12 20:05:19+00:00
EVT-0003685,IF_PLMCM_SAPPP_001,PLM,SAP_ERP,ESB,Async,Success,,,,2936,SESS-C85FB1A157,REQ-1F69DD1EE247,2026-09-13 16:25:36+00:00
EVT-0003695,IF_PLMPD_SAPPP_001,PLM,SAP_ERP,Kafka,Async,Success,,,,820,SESS-BC2097E5C2,REQ-F3ABF2B52790,2026-09-14 20:46:23+00:00
EVT-0003696,IF_PLMCM_SAPPP_001,PLM,SAP_ERP,ESB,Async,Success,,,,2191,SESS-9E144D8052,REQ-7B8F9F9137C7,2026-09-12 00:15:00+00:00
EVT-0003701,IF_PLMPD_MESPE_001,PLM,MES,Kafka,Async,Success,,,,960,SESS-64969E218B,REQ-AD2AB23A775C,2026-09-13 09:27:22+00:00
EVT-0003703,IF_PLMCFG_MESPC_001,PLM,MES,REST_API,REST,Success,,,,2817,SESS-8EBC106FA3,REQ-09707211270F,2026-09-14 15:41:05+00:00
EVT-0003704,IF_PLMPD_MESPE_001,PLM,MES,Kafka,Async,Success,,,,836,SESS-450CD67A47,REQ-94CD783047CB,2026-09-11 05:05:28+00:00
EVT-0003705,IF_PLMCFG_MESPC_001,PLM,MES,REST_API,REST,Success,,,,3145,SESS-9CC46525DA,REQ-AB11CAC78B28,2026-09-13 08:10:47+00:00
EVT-0003712,IF_PLMPD_SAPPP_001,PLM,SAP_ERP,Kafka,Async,Success,,,,614,SESS-36932A6ED9,REQ-44C2BD3C5C05,2026-09-13 20:05:17+00:00
EVT-0003716,IF_PLMPD_MESPE_001,PLM,MES,Kafka,Async,Success,,,,678,SESS-278DC29BEB,REQ-C8E8CC2BC561,2026-09-10 00:15:27+00:00
EVT-0003717,IF_PLMCFG_MESPC_001,PLM,MES,REST_API,REST,Success,,,,3348,SESS-D3A43AA350,REQ-8C8B8E7E6E66,2026-09-13 15:52:52+00:00
EVT-0003728,IF_PLMPD_MESPE_001,PLM,MES,Kafka,Async,Success,,,,702,SESS-5E2602098A,REQ-F15F9F4AC9D2,2026-09-13 04:56:03+00:00
EVT-0003731,IF_PLMPD_MESPE_001,PLM,MES,Kafka,Async,Failed,VAL_400,Required business field failed validation,Validation,1387,SESS-00CEE2439A,REQ-C657CA2A219A,2026-09-12 22:26:42+00:00
EVT-0003736,IF_PLMCM_SAPPP_001,PLM,SAP_ERP,ESB,Async,Retry,CAP_003,Downstream service is at capacity,Capacity,6106,SESS-521ADE7585,REQ-38791CF77503,2026-09-12 11:34:26+00:00
EVT-0003738,IF_PLMPD_SAPPP_001,PLM,SAP_ERP,Kafka,Async,Success,,,,821,SESS-3A73E28CEB,REQ-D19A92FF4AAA,2026-09-14 04:03:49+00:00
EVT-0003741,IF_PLMCFG_MESPC_001,PLM,MES,REST_API,REST,Success,,,,2688,SESS-EC1CDDBE8E,REQ-F3E452AE3A84,2026-09-14 06:30:10+00:00
EVT-0003743,IF_PLMCFG_MESPC_001,PLM,MES,REST_API,REST,Success,,,,2910,SESS-F6B77EA5DC,REQ-BDB3AF42283C,2026-09-11 15:16:11+00:00
EVT-0003748,IF_PLMPD_SAPPP_001,PLM,SAP_ERP,Kafka,Async,Failed,NET_CONN_003,Connection reset by peer,Network,1240,SESS-B6FD6A558A,REQ-7EC3B33C7381,2026-09-14 16:00:46+00:00
EVT-0003754,IF_PLMPD_MESPE_001,PLM,MES,Kafka,Async,Success,,,,1111,SESS-44D64EF8DF,REQ-C38D4023E99E,2026-09-13 23:52:56+00:00
EVT-0003760,IF_PLMPD_MESPE_001,PLM,MES,Kafka,Async,Success,,,,1191,SESS-C9F5F91A61,REQ-8AF0602B2BD7,2026-09-15 07:36:41+00:00
EVT-0003777,IF_PLMPD_SAPPP_001,PLM,SAP_ERP,Kafka,Async,Success,,,,781,SESS-FC86E1A614,REQ-F5D18123D010,2026-09-10 16:02:14+00:00
EVT-0003780,IF_PLMPD_MESPE_001,PLM,MES,Kafka,Async,Success,,,,982,SESS-ABEAE87B78,REQ-516446FB6161,2026-09-13 08:41:29+00:00
EVT-0003795,IF_PLMCFG_MESPC_001,PLM,MES,REST_API,REST,Success,,,,1873,SESS-9A6C2241F7,REQ-86EF66F66C5A,2026-09-13 05:57:19+00:00
EVT-0003796,IF_PLMCFG_MESPC_001,PLM,MES,REST_API,REST,Success,,,,2317,SESS-94D0F0C652,REQ-E93653FA5CC7,2026-09-12 01:14:19+00:00
EVT-0003797,IF_PLMPD_MESPE_001,PLM,MES,Kafka,Async,Success,,,,924,SESS-235643F430,REQ-6D5ECA762B6F,2026-09-14 11:01:01+00:00
EVT-0003809,IF_PLMPD_SAPPP_001,PLM,SAP_ERP,Kafka,Async,Failed,CFG_017,Interface configuration mismatch,Configuration,7173,SESS-907BE55BF3,REQ-831E2AC24DB1,2026-09-11 03:18:42+00:00
EVT-0003832,IF_PLMCM_SAPPP_001,PLM,SAP_ERP,ESB,Async,Success,,,,2899,SESS-5184CB710A,REQ-AD73994B28A3,2026-09-13 18:31:42+00:00
EVT-0003833,IF_PLMCFG_MESPC_001,PLM,MES,REST_API,REST,Retry,NET_CONN_003,Connection reset by peer,Network,4874,SESS-C44D0B4E93,REQ-942EA3F801F2,2026-09-14 00:55:32+00:00
EVT-0003851,IF_PLMPD_SAPPP_001,PLM,SAP_ERP,Kafka,Async,Success,,,,809,SESS-4476D66731,REQ-C140B2DB128C,2026-09-15 22:19:00+00:00
EVT-0003856,IF_PLMCM_SAPPP_001,PLM,SAP_ERP,ESB,Async,Success,,,,2338,SESS-2E80B57458,REQ-ED6F7D4BD72C,2026-09-15 17:35:43+00:00
EVT-0003859,IF_PLMCFG_MESPC_001,PLM,MES,REST_API,REST,Success,,,,2338,SESS-5BF2E2B683,REQ-ADB42D8AB90E,2026-09-16 11:00:52+00:00
EVT-0003862,IF_PLMPD_MESPE_001,PLM,MES,Kafka,Async,Success,,,,1084,SESS-3DAF26BC26,REQ-682DDE238A89,2026-09-10 02:38:43+00:00
EVT-0003863,IF_PLMPD_SAPPP_001,PLM,SAP_ERP,Kafka,Async,Success,,,,750,SESS-8EBC7BDFC7,REQ-7AED8A8C7664,2026-09-15 10:11:55+00:00
EVT-0003866,IF_PLMCFG_MESPC_001,PLM,MES,REST_API,REST,Success,,,,2379,SESS-7BEAE9B7E5,REQ-848BE372F207,2026-09-14 01:35:53+00:00
EVT-0003874,IF_PLMPD_SAPPP_001,PLM,SAP_ERP,Kafka,Async,Success,,,,967,SESS-5127372577,REQ-82F4371D70B2,2026-09-11 14:00:26+00:00
EVT-0003877,IF_PLMPD_MESPE_001,PLM,MES,Kafka,Async,Retry,INFRA_008,Runtime node unavailable,Infrastructure,1819,SESS-2118947E18,REQ-06749B716CA5,2026-09-15 13:25:02+00:00
EVT-0003886,IF_PLMCM_SAPPP_001,PLM,SAP_ERP,ESB,Async,Success,,,,2132,SESS-CC18D9CEF0,REQ-AC8C6D033196,2026-09-14 13:25:19+00:00
EVT-0003891,IF_PLMCFG_MESPC_001,PLM,MES,REST_API,REST,Retry,NET_CONN_003,Connection reset by peer,Network,8290,SESS-40D7A7F083,REQ-A557C2133D14,2026-09-16 02:18:45+00:00
EVT-0003910,IF_PLMPD_SAPPP_001,PLM,SAP_ERP,Kafka,Async,Success,,,,703,SESS-493874FFE5,REQ-F452142AFDCF,2026-09-16 03:31:57+00:00
EVT-0003916,IF_PLMCM_SAPPP_001,PLM,SAP_ERP,ESB,Async,Success,,,,1909,SESS-5FD98A4EB9,REQ-046F9F5BB27F,2026-09-16 11:31:12+00:00
EVT-0003923,IF_PLMCFG_MESPC_001,PLM,MES,REST_API,REST,Success,,,,2045,SESS-5F95F12394,REQ-F147A4F9EE6B,2026-09-12 00:11:52+00:00
EVT-0003926,IF_PLMCFG_MESPC_001,PLM,MES,REST_API,REST,Success,,,,2238,SESS-9E0E4B93CC,REQ-1E63EFA35642,2026-09-10 13:13:58+00:00
EVT-0003929,IF_PLMPD_MESPE_001,PLM,MES,Kafka,Async,Retry,EXT_502,Downstream service returned 502,External Service,3408,SESS-82CDB05B6C,REQ-CF7965372AC9,2026-09-10 11:24:22+00:00
EVT-0003931,IF_PLMCM_SAPPP_001,PLM,SAP_ERP,ESB,Async,Success,,,,2305,SESS-7E1D20B739,REQ-C3DD82A4133A,2026-09-11 02:43:48+00:00
EVT-0003933,IF_PLMPD_MESPE_001,PLM,MES,Kafka,Async,Success,,,,972,SESS-C929740E70,REQ-B33117289FC1,2026-09-15 18:54:58+00:00
EVT-0003934,IF_PLMPD_SAPPP_001,PLM,SAP_ERP,Kafka,Async,Success,,,,1004,SESS-972F33EB91,REQ-DA8E3F50E79F,2026-09-14 21:50:23+00:00
EVT-0003936,IF_PLMPD_MESPE_001,PLM,MES,Kafka,Async,Success,,,,1213,SESS-D94B78B24B,REQ-28F910E7B71A,2026-09-14 13:56:48+00:00
EVT-0003967,IF_PLMCFG_MESPC_001,PLM,MES,REST_API,REST,Success,,,,1653,SESS-AE49FC5F50,REQ-735D8A9164E2,2026-09-13 07:29:23+00:00
EVT-0003979,IF_PLMCM_SAPPP_001,PLM,SAP_ERP,ESB,Async,Retry,INFRA_008,Runtime node unavailable,Infrastructure,4461,SESS-09CA79EA66,REQ-03964F63439A,2026-09-13 19:49:34+00:00
EVT-0003986,IF_PLMCM_SAPPP_001,PLM,SAP_ERP,ESB,Async,Success,,,,2032,SESS-3200899121,REQ-A27F10DC43A5,2026-09-12 03:04:46+00:00
EVT-0003998,IF_PLMPD_MESPE_001,PLM,MES,Kafka,Async,Success,,,,744,SESS-7EEF7C66F8,REQ-F19ADB1D4228,2026-09-10 04:21:00+00:00
EVT-0004000,IF_PLMPD_MESPE_001,PLM,MES,Kafka,Async,Success,,,,1092,SESS-7C35AFBB13,REQ-EE1C72F41257,2026-09-14 20:55:25+00:00
EVT-0004026,IF_PLMCFG_MESPC_001,PLM,MES,REST_API,REST,Success,,,,1945,SESS-1CF7DB2196,REQ-DBE27FE48B71,2026-09-15 23:22:56+00:00
EVT-0004037,IF_PLMCFG_MESPC_001,PLM,MES,REST_API,REST,Success,,,,2196,SESS-55A20B97BA,REQ-1EEE30B25FE4,2026-09-10 22:47:43+00:00
EVT-0004038,IF_PLMPD_SAPPP_001,PLM,SAP_ERP,Kafka,Async,Success,,,,1175,SESS-C28178DF86,REQ-8C0FBF830970,2026-09-10 00:02:21+00:00
EVT-0004048,IF_PLMCM_SAPPP_001,PLM,SAP_ERP,ESB,Async,Success,,,,2047,SESS-ABC6827DEA,REQ-505DBF1C409F,2026-09-12 07:43:21+00:00
EVT-0004054,IF_PLMPD_SAPPP_001,PLM,SAP_ERP,Kafka,Async,Success,,,,353,SESS-42DD3C4736,REQ-1869C79B8FC5,2026-09-11 17:26:37+00:00
EVT-0004057,IF_PLMPD_MESPE_001,PLM,MES,Kafka,Async,Failed,TIME_004,Downstream response exceeded SLA,Timeout,2546,SESS-CCFAAC7CD5,REQ-105CEDF14CB5,2026-09-12 05:34:37+00:00
EVT-0004058,IF_PLMPD_MESPE_001,PLM,MES,Kafka,Async,Success,,,,673,SESS-771CD205BC,REQ-CFB1A6B5AB31,2026-09-12 13:11:22+00:00
EVT-0004065,IF_PLMPD_SAPPP_001,PLM,SAP_ERP,Kafka,Async,Failed,CFG_017,Interface configuration mismatch,Configuration,2462,SESS-633C661437,REQ-E141106303B0,2026-09-16 12:18:41+00:00
EVT-0004079,IF_PLMPD_SAPPP_001,PLM,SAP_ERP,Kafka,Async,Retry,NET_CONN_003,Connection reset by peer,Network,2643,SESS-6ECAB1935D,REQ-C25EED4E0148,2026-09-16 06:38:19+00:00
EVT-0004090,IF_PLMCFG_MESPC_001,PLM,MES,REST_API,REST,Success,,,,2518,SESS-497BADCBD6,REQ-09DDD4DCE25A,2026-09-12 07:23:05+00:00
EVT-0004100,IF_PLMCFG_MESPC_001,PLM,MES,REST_API,REST,Success,,,,1946,SESS-34A1C38090,REQ-661DF066F878,2026-09-15 11:15:24+00:00
EVT-0004101,IF_PLMCM_SAPPP_001,PLM,SAP_ERP,ESB,Async,Success,,,,2787,SESS-94B99B939C,REQ-48AC2A6BDC01,2026-09-15 07:47:35+00:00
EVT-0004109,IF_PLMCFG_MESPC_001,PLM,MES,REST_API,REST,Success,,,,3099,SESS-670A80C878,REQ-1C43692AEBA9,2026-09-11 23:45:25+00:00
EVT-0004113,IF_PLMPD_SAPPP_001,PLM,SAP_ERP,Kafka,Async,Success,,,,582,SESS-D371564F49,REQ-0392CDA31B15,2026-09-16 19:47:39+00:00
EVT-0004118,IF_PLMCM_SAPPP_001,PLM,SAP_ERP,ESB,Async,Success,,,,1394,SESS-489EDAA54A,REQ-04417867EB63,2026-09-10 06:53:52+00:00
EVT-0004120,IF_PLMCFG_MESPC_001,PLM,MES,REST_API,REST,Success,,,,2478,SESS-C2025D8C54,REQ-693B64FFBBB9,2026-09-15 01:11:37+00:00
EVT-0004129,IF_PLMCM_SAPPP_001,PLM,SAP_ERP,ESB,Async,Success,,,,2486,SESS-E6B574C662,REQ-2284FB6968D8,2026-09-13 07:10:43+00:00
EVT-0004130,IF_PLMPD_SAPPP_001,PLM,SAP_ERP,Kafka,Async,Success,,,,1086,SESS-72B4370A0A,REQ-53DDF00E4932,2026-09-10 14:38:31+00:00
EVT-0004140,IF_PLMPD_MESPE_001,PLM,MES,Kafka,Async,Success,,,,879,SESS-3186F228C6,REQ-3A8518184120,2026-09-12 14:37:01+00:00
EVT-0004147,IF_PLMPD_SAPPP_001,PLM,SAP_ERP,Kafka,Async,Success,,,,846,SESS-6F3E6A5EBA,REQ-69D3861D96E3,2026-09-13 23:16:16+00:00
EVT-0004153,IF_PLMPD_MESPE_001,PLM,MES,Kafka,Async,Failed,EXT_502,Downstream service returned 502,External Service,6811,SESS-C191D58DB1,REQ-1B90AEFDD234,2026-09-14 04:15:44+00:00
EVT-0004156,IF_PLMCFG_MESPC_001,PLM,MES,REST_API,REST,Success,,,,2457,SESS-6B52E69FF7,REQ-5C821AFC67D4,2026-09-13 18:25:58+00:00
EVT-0004165,IF_PLMCM_SAPPP_001,PLM,SAP_ERP,ESB,Async,Failed,VAL_400,Required business field failed validation,Validation,10279,SESS-B93E4A5041,REQ-15676B897463,2026-09-16 02:47:56+00:00
EVT-0004167,IF_PLMCM_SAPPP_001,PLM,SAP_ERP,ESB,Async,Success,,,,2768,SESS-37648B7DFC,REQ-DA01BA16F528,2026-09-16 05:56:11+00:00
EVT-0004176,IF_PLMPD_MESPE_001,PLM,MES,Kafka,Async,Success,,,,599,SESS-AD846E2228,REQ-F6418B5628C2,2026-09-16 21:05:49+00:00
EVT-0004182,IF_PLMCM_SAPPP_001,PLM,SAP_ERP,ESB,Async,Success,,,,2340,SESS-D182D1E07C,REQ-CA3B8534CE4F,2026-09-14 12:21:35+00:00
EVT-0004200,IF_PLMCFG_MESPC_001,PLM,MES,REST_API,REST,Success,,,,1940,SESS-F168C1215F,REQ-841E2A06AD70,2026-09-16 13:44:39+00:00
EVT-0004202,IF_PLMPD_MESPE_001,PLM,MES,Kafka,Async,Success,,,,743,SESS-B5AA48F8F7,REQ-C6336FF7DC41,2026-09-14 01:20:50+00:00
EVT-0004207,IF_PLMCM_SAPPP_001,PLM,SAP_ERP,ESB,Async,Success,,,,2416,SESS-1BE990347B,REQ-C339B3453E43,2026-09-13 07:48:51+00:00
EVT-0004211,IF_PLMPD_SAPPP_001,PLM,SAP_ERP,Kafka,Async,Success,,,,898,SESS-10CB4B24D6,REQ-E92DA9A29519,2026-09-10 03:06:53+00:00
EVT-0004213,IF_PLMPD_MESPE_001,PLM,MES,Kafka,Async,Success,,,,1430,SESS-FA2F814F00,REQ-9988570B55F7,2026-09-14 07:57:35+00:00
EVT-0004236,IF_PLMCM_SAPPP_001,PLM,SAP_ERP,ESB,Async,Success,,,,1851,SESS-0E375E4631,REQ-613665E26B57,2026-09-15 03:08:38+00:00
EVT-0004243,IF_PLMPD_SAPPP_001,PLM,SAP_ERP,Kafka,Async,Success,,,,884,SESS-245F420B27,REQ-D7401A809AD4,2026-09-11 03:54:59+00:00
EVT-0004256,IF_PLMCFG_MESPC_001,PLM,MES,REST_API,REST,Success,,,,2052,SESS-815A7C703F,REQ-D423E693EA18,2026-09-15 07:25:07+00:00
EVT-0004267,IF_PLMPD_SAPPP_001,PLM,SAP_ERP,Kafka,Async,Success,,,,844,SESS-0113CFCF8B,REQ-4C16DB1ED722,2026-09-16 23:57:22+00:00
EVT-0004276,IF_PLMCM_SAPPP_001,PLM,SAP_ERP,ESB,Async,Success,,,,1842,SESS-13F515C6EC,REQ-036DC0273BEF,2026-09-15 00:55:41+00:00
EVT-0004277,IF_PLMCM_SAPPP_001,PLM,SAP_ERP,ESB,Async,Success,,,,1148,SESS-F770278089,REQ-739E09C51DB4,2026-09-12 14:20:21+00:00
EVT-0004287,IF_PLMCM_SAPPP_001,PLM,SAP_ERP,ESB,Async,Success,,,,2114,SESS-2303E76545,REQ-4381D65CF0E7,2026-09-15 06:36:02+00:00
EVT-0004289,IF_PLMPD_SAPPP_001,PLM,SAP_ERP,Kafka,Async,Success,,,,1134,SESS-2FB7687E95,REQ-1E8DBB58A077,2026-09-13 01:16:31+00:00
EVT-0004290,IF_PLMPD_MESPE_001,PLM,MES,Kafka,Async,Retry,CFG_017,Interface configuration mismatch,Configuration,2587,SESS-6E8F971110,REQ-F97EF57A711C,2026-09-15 14:11:56+00:00
EVT-0004294,IF_PLMPD_MESPE_001,PLM,MES,Kafka,Async,Success,,,,973,SESS-77467256C0,REQ-EC4CA11850EF,2026-09-14 22:57:06+00:00
EVT-0004298,IF_PLMCFG_MESPC_001,PLM,MES,REST_API,REST,Success,,,,2070,SESS-F5778E5DFF,REQ-C7699CE4AD54,2026-09-13 17:25:45+00:00
EVT-0004313,IF_PLMPD_MESPE_001,PLM,MES,Kafka,Async,Retry,INFRA_008,Runtime node unavailable,Infrastructure,3065,SESS-634BD0AE42,REQ-55117E44757C,2026-09-10 18:14:51+00:00
EVT-0004314,IF_PLMPD_MESPE_001,PLM,MES,Kafka,Async,Retry,CAP_003,Downstream service is at capacity,Capacity,3042,SESS-64D4713F80,REQ-CE94572C1329,2026-09-14 06:15:51+00:00
EVT-0004317,IF_PLMPD_SAPPP_001,PLM,SAP_ERP,Kafka,Async,Success,,,,924,SESS-A86A0EFAF4,REQ-52666B6C4666,2026-09-14 07:14:24+00:00
EVT-0004319,IF_PLMPD_SAPPP_001,PLM,SAP_ERP,Kafka,Async,Success,,,,831,SESS-CFEBACA8B4,REQ-8FC77C8213E5,2026-09-14 16:05:38+00:00
EVT-0004324,IF_PLMPD_MESPE_001,PLM,MES,Kafka,Async,Retry,AUTHZ_403,Caller is not authorized,Authorization,2825,SESS-8A2CAEC76E,REQ-FC455D782358,2026-09-13 15:27:34+00:00
EVT-0004336,IF_PLMPD_SAPPP_001,PLM,SAP_ERP,Kafka,Async,Success,,,,997,SESS-98019A865F,REQ-A3FC672B79DF,2026-09-16 09:50:38+00:00
EVT-0004347,IF_PLMPD_MESPE_001,PLM,MES,Kafka,Async,Retry,EXT_502,Downstream service returned 502,External Service,1820,SESS-ADEE7880C9,REQ-A2D325962C57,2026-09-11 16:43:24+00:00
EVT-0004350,IF_PLMPD_MESPE_001,PLM,MES,Kafka,Async,Success,,,,570,SESS-395468E3C7,REQ-E56E125ADD22,2026-09-13 06:22:26+00:00
EVT-0004356,IF_PLMPD_SAPPP_001,PLM,SAP_ERP,Kafka,Async,Success,,,,915,SESS-79E85BD109,REQ-032CED0C5C24,2026-09-16 08:48:57+00:00
EVT-0004359,IF_PLMPD_MESPE_001,PLM,MES,Kafka,Async,Success,,,,827,SESS-50D963627D,REQ-4D2EA382FA1E,2026-09-14 02:47:18+00:00
EVT-0004360,IF_PLMPD_SAPPP_001,PLM,SAP_ERP,Kafka,Async,Success,,,,661,SESS-2D77392B6B,REQ-A8290A11CE16,2026-09-16 17:29:43+00:00
EVT-0004374,IF_PLMCM_SAPPP_001,PLM,SAP_ERP,ESB,Async,Success,,,,1984,SESS-EA5845B87A,REQ-7D6C652F569B,2026-09-14 22:37:06+00:00
EVT-0004379,IF_PLMCM_SAPPP_001,PLM,SAP_ERP,ESB,Async,Failed,EXT_502,Downstream service returned 502,External Service,2892,SESS-235077E8D0,REQ-8903EC78A439,2026-09-11 00:20:58+00:00
EVT-0004380,IF_PLMPD_SAPPP_001,PLM,SAP_ERP,Kafka,Async,Success,,,,691,SESS-CDF5868084,REQ-126A26AB4ECA,2026-09-12 03:38:38+00:00
EVT-0004384,IF_PLMPD_MESPE_001,PLM,MES,Kafka,Async,Retry,AUTH_401,Service credential rejected,Authentication,3000,SESS-019771187C,REQ-149896A904F3,2026-09-16 08:31:18+00:00
EVT-0004397,IF_PLMCFG_MESPC_001,PLM,MES,REST_API,REST,Failed,EXT_502,Downstream service returned 502,External Service,3061,SESS-870F1177B0,REQ-5D4A86349EEF,2026-09-11 13:01:01+00:00
EVT-0004401,IF_PLMCFG_MESPC_001,PLM,MES,REST_API,REST,Failed,DB_COMMIT_014,Transaction commit failed,Database,19756,SESS-8B60776002,REQ-9BF3D8E5F183,2026-09-13 23:23:11+00:00
EVT-0004403,IF_PLMPD_SAPPP_001,PLM,SAP_ERP,Kafka,Async,Success,,,,1236,SESS-295585CAE2,REQ-51A6BAABE46B,2026-09-10 02:03:05+00:00
EVT-0004405,IF_PLMPD_SAPPP_001,PLM,SAP_ERP,Kafka,Async,Retry,AUTHZ_403,Caller is not authorized,Authorization,1527,SESS-FA79A46F89,REQ-E3E87DD93B3D,2026-09-16 04:00:50+00:00
EVT-0004408,IF_PLMPD_MESPE_001,PLM,MES,Kafka,Async,Success,,,,706,SESS-42A12468BB,REQ-82189B23670C,2026-09-16 18:22:51+00:00
EVT-0004417,IF_PLMPD_SAPPP_001,PLM,SAP_ERP,Kafka,Async,Success,,,,928,SESS-8E9AF762A5,REQ-D50D1009CC9F,2026-09-10 04:42:24+00:00
EVT-0004432,IF_PLMCFG_MESPC_001,PLM,MES,REST_API,REST,Success,,,,2767,SESS-FCED375B3D,REQ-F14A961DC24B,2026-09-12 13:03:46+00:00
EVT-0004436,IF_PLMPD_MESPE_001,PLM,MES,Kafka,Async,Failed,VAL_400,Required business field failed validation,Validation,7472,SESS-2469F47BF1,REQ-624B30B74315,2026-09-13 04:40:45+00:00
EVT-0004442,IF_PLMCFG_MESPC_001,PLM,MES,REST_API,REST,Success,,,,3036,SESS-7175DD900F,REQ-D3F904C6E198,2026-09-15 01:41:39+00:00
EVT-0004443,IF_PLMCFG_MESPC_001,PLM,MES,REST_API,REST,Failed,EXT_502,Downstream service returned 502,External Service,12530,SESS-B4C57D0E48,REQ-55E0866BDB6F,2026-09-12 00:20:31+00:00
EVT-0004445,IF_PLMPD_MESPE_001,PLM,MES,Kafka,Async,Success,,,,1270,SESS-2F05AE23F7,REQ-795AC86B8052,2026-09-12 09:11:18+00:00
EVT-0004458,IF_PLMCFG_MESPC_001,PLM,MES,REST_API,REST,Success,,,,2559,SESS-91C59CFDEE,REQ-FC9249570E36,2026-09-14 03:10:07+00:00
EVT-0004467,IF_PLMCFG_MESPC_001,PLM,MES,REST_API,REST,Success,,,,1878,SESS-EE6F7750C1,REQ-0381F2619C09,2026-09-11 08:34:26+00:00
EVT-0004470,IF_PLMCM_SAPPP_001,PLM,SAP_ERP,ESB,Async,Success,,,,2491,SESS-B2E96797AD,REQ-726DBA46040B,2026-09-16 14:56:12+00:00
EVT-0004479,IF_PLMPD_SAPPP_001,PLM,SAP_ERP,Kafka,Async,Retry,CFG_017,Interface configuration mismatch,Configuration,1584,SESS-841DD62376,REQ-4F997295C48F,2026-09-12 17:15:27+00:00
EVT-0004486,IF_PLMPD_SAPPP_001,PLM,SAP_ERP,Kafka,Async,Success,,,,884,SESS-3A8BDAD727,REQ-A52FBE62BA6E,2026-09-14 16:52:07+00:00
EVT-0004495,IF_PLMPD_MESPE_001,PLM,MES,Kafka,Async,Success,,,,935,SESS-CC0D73C328,REQ-51370DEA288A,2026-09-14 17:18:22+00:00
EVT-0004506,IF_PLMPD_SAPPP_001,PLM,SAP_ERP,Kafka,Async,Success,,,,1082,SESS-28A11D53BF,REQ-979E0BCBB8C9,2026-09-10 17:13:03+00:00
EVT-0004507,IF_PLMCM_SAPPP_001,PLM,SAP_ERP,ESB,Async,Success,,,,2019,SESS-31500C394D,REQ-D3AD4A9378AF,2026-09-14 21:19:07+00:00
EVT-0004513,IF_PLMCFG_MESPC_001,PLM,MES,REST_API,REST,Success,,,,2633,SESS-98FD47F704,REQ-9FF9C621B5DE,2026-09-11 23:36:40+00:00
EVT-0004516,IF_PLMCM_SAPPP_001,PLM,SAP_ERP,ESB,Async,Success,,,,3152,SESS-7A3DCC5C69,REQ-4954D4EC8CB3,2026-09-15 22:19:20+00:00
EVT-0004534,IF_PLMPD_SAPPP_001,PLM,SAP_ERP,Kafka,Async,Success,,,,914,SESS-70420FEC2B,REQ-C0FC520EABA7,2026-09-12 00:59:49+00:00
EVT-0004544,IF_PLMPD_SAPPP_001,PLM,SAP_ERP,Kafka,Async,Success,,,,1081,SESS-712894B21B,REQ-0E422A143FA4,2026-09-15 15:17:08+00:00
EVT-0004556,IF_PLMPD_SAPPP_001,PLM,SAP_ERP,Kafka,Async,Success,,,,791,SESS-6DDA0CDE20,REQ-3F4E0BA44BF0,2026-09-13 16:14:42+00:00
EVT-0004560,IF_PLMPD_MESPE_001,PLM,MES,Kafka,Async,Success,,,,996,SESS-6504A38233,REQ-575D2BCAC9D9,2026-09-11 11:14:24+00:00
EVT-0004563,IF_PLMCFG_MESPC_001,PLM,MES,REST_API,REST,Success,,,,2771,SESS-9687E41A5E,REQ-ECEF348290A5,2026-09-13 23:13:28+00:00
EVT-0004564,IF_PLMCM_SAPPP_001,PLM,SAP_ERP,ESB,Async,Success,,,,2083,SESS-C4F90661DA,REQ-1E569AF062A8,2026-09-15 23:46:30+00:00
EVT-0004580,IF_PLMPD_MESPE_001,PLM,MES,Kafka,Async,Success,,,,1068,SESS-D8E9BFEE11,REQ-FE99BF1390EC,2026-09-10 06:34:48+00:00
EVT-0004581,IF_PLMCFG_MESPC_001,PLM,MES,REST_API,REST,Success,,,,2140,SESS-C8D40BE50A,REQ-C0A0C593062E,2026-09-15 16:36:44+00:00
EVT-0004593,IF_PLMCFG_MESPC_001,PLM,MES,REST_API,REST,Success,,,,1600,SESS-6BF8CBB54A,REQ-5C25DCB71D2C,2026-09-14 02:53:54+00:00
EVT-0004597,IF_PLMCFG_MESPC_001,PLM,MES,REST_API,REST,Success,,,,1995,SESS-4C75BE7C55,REQ-8403F6DC9093,2026-09-14 09:39:33+00:00
EVT-0004599,IF_PLMPD_SAPPP_001,PLM,SAP_ERP,Kafka,Async,Success,,,,845,SESS-986302118C,REQ-E560B3D54835,2026-09-12 14:21:06+00:00
EVT-0004602,IF_PLMPD_MESPE_001,PLM,MES,Kafka,Async,Success,,,,940,SESS-48F8C8123F,REQ-F3F2B1F618B8,2026-09-16 15:16:13+00:00
EVT-0004604,IF_PLMPD_SAPPP_001,PLM,SAP_ERP,Kafka,Async,Success,,,,945,SESS-4AA0BFE7AB,REQ-D4BABA93233D,2026-09-14 17:01:26+00:00
EVT-0004608,IF_PLMCFG_MESPC_001,PLM,MES,REST_API,REST,Success,,,,2684,SESS-30ABF482B4,REQ-3B26681228F6,2026-09-13 02:59:21+00:00
EVT-0004627,IF_PLMPD_MESPE_001,PLM,MES,Kafka,Async,Success,,,,638,SESS-F42FDAA1EA,REQ-45520B12A798,2026-09-16 23:19:15+00:00
EVT-0004636,IF_PLMCFG_MESPC_001,PLM,MES,REST_API,REST,Success,,,,2107,SESS-C1CB6BDC93,REQ-C868E0081F0F,2026-09-11 16:51:11+00:00
EVT-0004637,IF_PLMCFG_MESPC_001,PLM,MES,REST_API,REST,Success,,,,3349,SESS-126974A842,REQ-F209D93C6F5E,2026-09-12 10:49:26+00:00
EVT-0004638,IF_PLMCFG_MESPC_001,PLM,MES,REST_API,REST,Success,,,,2729,SESS-1B0B7710E6,REQ-B8F5F5DE8E17,2026-09-16 20:27:26+00:00
EVT-0004642,IF_PLMPD_MESPE_001,PLM,MES,Kafka,Async,Success,,,,1065,SESS-7310D3692A,REQ-61D5A821477E,2026-09-10 02:02:47+00:00
EVT-0004655,IF_PLMCFG_MESPC_001,PLM,MES,REST_API,REST,Success,,,,2995,SESS-3D5FBEFD19,REQ-ADDF101D059B,2026-09-14 07:42:54+00:00
EVT-0004660,IF_PLMCFG_MESPC_001,PLM,MES,REST_API,REST,Failed,NET_CONN_003,Connection reset by peer,Network,16984,SESS-790C9F6123,REQ-E7B550200126,2026-09-14 00:08:37+00:00
EVT-0004664,IF_PLMCFG_MESPC_001,PLM,MES,REST_API,REST,Success,,,,1975,SESS-A0CFC627BB,REQ-C6CDCCF22FA0,2026-09-14 02:20:05+00:00
EVT-0004669,IF_PLMPD_MESPE_001,PLM,MES,Kafka,Async,Success,,,,564,SESS-253D5B901A,REQ-0F39751FF4B8,2026-09-14 11:34:33+00:00
EVT-0004675,IF_PLMPD_SAPPP_001,PLM,SAP_ERP,Kafka,Async,Success,,,,584,SESS-52481F7462,REQ-29BEF5AE6A9E,2026-09-16 14:45:23+00:00
EVT-0004683,IF_PLMCFG_MESPC_001,PLM,MES,REST_API,REST,Success,,,,2393,SESS-BF72751CC8,REQ-AC95EC0690DD,2026-09-14 03:40:48+00:00
EVT-0004684,IF_PLMPD_MESPE_001,PLM,MES,Kafka,Async,Success,,,,1295,SESS-EA2C2648A0,REQ-D5DDE88AB11E,2026-09-15 02:52:44+00:00
EVT-0004685,IF_PLMCM_SAPPP_001,PLM,SAP_ERP,ESB,Async,Success,,,,1484,SESS-F81815BF71,REQ-2CCC699E4430,2026-09-13 06:49:19+00:00
EVT-0004701,IF_PLMPD_SAPPP_001,PLM,SAP_ERP,Kafka,Async,Success,,,,1159,SESS-652C111277,REQ-2B79E5E9187C,2026-09-13 17:42:13+00:00
EVT-0004704,IF_PLMPD_MESPE_001,PLM,MES,Kafka,Async,Success,,,,999,SESS-63C37474B9,REQ-C5D8EE4ED201,2026-09-10 23:18:25+00:00
EVT-0004705,IF_PLMPD_SAPPP_001,PLM,SAP_ERP,Kafka,Async,Retry,NET_CONN_003,Connection reset by peer,Network,1880,SESS-1BFBE46FD3,REQ-E225FAB3A48D,2026-09-12 16:08:05+00:00
EVT-0004735,IF_PLMPD_SAPPP_001,PLM,SAP_ERP,Kafka,Async,Success,,,,1007,SESS-FD72CEE3E8,REQ-B23FF30F5D62,2026-09-11 12:54:45+00:00
EVT-0004744,IF_PLMPD_SAPPP_001,PLM,SAP_ERP,Kafka,Async,Success,,,,521,SESS-FD98A6EC9B,REQ-12FBA719C317,2026-09-12 23:41:38+00:00
EVT-0004751,IF_PLMCM_SAPPP_001,PLM,SAP_ERP,ESB,Async,Success,,,,2260,SESS-058F2EBA4D,REQ-B2E5BB703BD1,2026-09-12 08:06:09+00:00
EVT-0004756,IF_PLMCFG_MESPC_001,PLM,MES,REST_API,REST,Success,,,,2085,SESS-3B8F28734A,REQ-97E960ACA143,2026-09-12 07:56:26+00:00
EVT-0004758,IF_PLMCFG_MESPC_001,PLM,MES,REST_API,REST,Success,,,,1110,SESS-8819355D2B,REQ-D4900C3C6E8F,2026-09-15 06:15:55+00:00
EVT-0004788,IF_PLMCFG_MESPC_001,PLM,MES,REST_API,REST,Success,,,,1757,SESS-B845FB0502,REQ-D657564F82F5,2026-09-15 07:17:33+00:00
EVT-0004794,IF_PLMCM_SAPPP_001,PLM,SAP_ERP,ESB,Async,Retry,CFG_017,Interface configuration mismatch,Configuration,8092,SESS-A7F92AC2CF,REQ-19AB33232BC0,2026-09-10 13:34:26+00:00
EVT-0004799,IF_PLMCFG_MESPC_001,PLM,MES,REST_API,REST,Success,,,,1347,SESS-10E121715F,REQ-4ACDB5D381D0,2026-09-13 11:05:15+00:00
EVT-0004800,IF_PLMCFG_MESPC_001,PLM,MES,REST_API,REST,Retry,DB_COMMIT_014,Transaction commit failed,Database,7786,SESS-A23B6D35E2,REQ-BF30DBC42588,2026-09-14 16:46:30+00:00
EVT-0004807,IF_PLMCM_SAPPP_001,PLM,SAP_ERP,ESB,Async,Failed,INFRA_008,Runtime node unavailable,Infrastructure,4115,SESS-ED9EA935F9,REQ-BFE13BC79BFA,2026-09-12 05:38:40+00:00
EVT-0004814,IF_PLMCM_SAPPP_001,PLM,SAP_ERP,ESB,Async,Failed,TIME_004,Downstream response exceeded SLA,Timeout,14401,SESS-2278192385,REQ-67A02BA04DBB,2026-09-11 07:49:21+00:00
EVT-0004823,IF_PLMCFG_MESPC_001,PLM,MES,REST_API,REST,Success,,,,1376,SESS-B12B71738C,REQ-4476A1DEFDF9,2026-09-13 08:43:34+00:00
EVT-0004832,IF_PLMCFG_MESPC_001,PLM,MES,REST_API,REST,Success,,,,1952,SESS-96DAAC6BF3,REQ-659E1561C83A,2026-09-15 06:00:05+00:00
EVT-0004841,IF_PLMPD_SAPPP_001,PLM,SAP_ERP,Kafka,Async,Success,,,,1113,SESS-F6366AB3A7,REQ-FBD1145C08BB,2026-09-10 16:13:59+00:00
EVT-0004852,IF_PLMCM_SAPPP_001,PLM,SAP_ERP,ESB,Async,Success,,,,2350,SESS-41C2B0AE2F,REQ-DCBF3F6D495B,2026-09-10 10:51:02+00:00
EVT-0004860,IF_PLMPD_MESPE_001,PLM,MES,Kafka,Async,Success,,,,671,SESS-B0D0DBD34D,REQ-270625C2652F,2026-09-16 02:50:17+00:00
EVT-0004863,IF_PLMCFG_MESPC_001,PLM,MES,REST_API,REST,Success,,,,1226,SESS-092F5780A9,REQ-11BE4FAA2C87,2026-09-11 19:06:29+00:00
EVT-0004869,IF_PLMCM_SAPPP_001,PLM,SAP_ERP,ESB,Async,Success,,,,3033,SESS-55BA55D338,REQ-D2A0B1325BB6,2026-09-14 18:20:40+00:00
EVT-0004876,IF_PLMPD_SAPPP_001,PLM,SAP_ERP,Kafka,Async,Success,,,,959,SESS-6C4461F579,REQ-FCF79AB6CA65,2026-09-11 01:49:42+00:00
EVT-0004880,IF_PLMPD_MESPE_001,PLM,MES,Kafka,Async,Success,,,,601,SESS-4BDAEDE3CD,REQ-45CDBD7A6DEB,2026-09-11 15:32:13+00:00
EVT-0004889,IF_PLMCM_SAPPP_001,PLM,SAP_ERP,ESB,Async,Retry,CAP_003,Downstream service is at capacity,Capacity,7099,SESS-25C26EE8FB,REQ-148BDCEE616D,2026-09-10 01:45:43+00:00
EVT-0004906,IF_PLMCM_SAPPP_001,PLM,SAP_ERP,ESB,Async,Success,,,,2655,SESS-D0F7004D80,REQ-DCB3B7CD465F,2026-09-14 11:34:41+00:00
EVT-0004910,IF_PLMPD_MESPE_001,PLM,MES,Kafka,Async,Success,,,,917,SESS-F4AEBAF97C,REQ-58F3AFAF84E8,2026-09-11 22:40:16+00:00
EVT-0004911,IF_PLMPD_SAPPP_001,PLM,SAP_ERP,Kafka,Async,Success,,,,539,SESS-9C5317C930,REQ-8AAD68FD3379,2026-09-11 06:43:35+00:00
EVT-0004919,IF_PLMCFG_MESPC_001,PLM,MES,REST_API,REST,Success,,,,1892,SESS-8FA110B700,REQ-CE0D51B0C321,2026-09-16 02:32:13+00:00
EVT-0004921,IF_PLMCFG_MESPC_001,PLM,MES,REST_API,REST,Success,,,,2319,SESS-DE844CA144,REQ-A4AB067CDCD2,2026-09-11 19:29:27+00:00
EVT-0004923,IF_PLMPD_MESPE_001,PLM,MES,Kafka,Async,Success,,,,496,SESS-894F586BFB,REQ-43D95EC87093,2026-09-14 11:31:23+00:00
EVT-0004925,IF_PLMPD_SAPPP_001,PLM,SAP_ERP,Kafka,Async,Success,,,,818,SESS-4AB430C5A5,REQ-EC8C63EC8BBE,2026-09-11 14:27:04+00:00
EVT-0004929,IF_PLMPD_SAPPP_001,PLM,SAP_ERP,Kafka,Async,Success,,,,673,SESS-32C9180D33,REQ-C505CAE6015E,2026-09-10 18:41:32+00:00
EVT-0004932,IF_PLMCFG_MESPC_001,PLM,MES,REST_API,REST,Success,,,,2314,SESS-12EA4F803E,REQ-DF8A9E4434D5,2026-09-11 18:05:37+00:00
EVT-0004936,IF_PLMCM_SAPPP_001,PLM,SAP_ERP,ESB,Async,Success,,,,1919,SESS-4A7D98F0C4,REQ-2072529EC97F,2026-09-12 01:49:35+00:00
EVT-0004939,IF_PLMPD_SAPPP_001,PLM,SAP_ERP,Kafka,Async,Success,,,,1336,SESS-F6CAD7EE4D,REQ-53F9F4000B12,2026-09-10 03:50:53+00:00
EVT-0004948,IF_PLMCFG_MESPC_001,PLM,MES,REST_API,REST,Success,,,,2285,SESS-5CA69C0F9A,REQ-C5662A9FF446,2026-09-16 06:41:26+00:00
EVT-0004954,IF_PLMPD_SAPPP_001,PLM,SAP_ERP,Kafka,Async,Success,,,,868,SESS-57DE7BD3F9,REQ-DBC5A2D5AF67,2026-09-14 05:24:04+00:00
EVT-0004961,IF_PLMCFG_MESPC_001,PLM,MES,REST_API,REST,Success,,,,2141,SESS-13D5769C2D,REQ-47F372006791,2026-09-16 01:36:01+00:00
EVT-0004967,IF_PLMCM_SAPPP_001,PLM,SAP_ERP,ESB,Async,Success,,,,2658,SESS-FB64CF2741,REQ-65E7D930733D,2026-09-14 23:56:21+00:00
EVT-0004975,IF_PLMPD_SAPPP_001,PLM,SAP_ERP,Kafka,Async,Success,,,,1125,SESS-0D518FB979,REQ-F57BF6AB801E,2026-09-12 07:14:52+00:00
EVT-0004977,IF_PLMPD_SAPPP_001,PLM,SAP_ERP,Kafka,Async,Success,,,,932,SESS-519CB3696A,REQ-C16983ACC49F,2026-09-12 06:58:59+00:00
EVT-0004978,IF_PLMCM_SAPPP_001,PLM,SAP_ERP,ESB,Async,Success,,,,1239,SESS-7F3DB0789F,REQ-DC7248D9E6DF,2026-09-12 03:43:57+00:00
EVT-0004994,IF_PLMCFG_MESPC_001,PLM,MES,REST_API,REST,Retry,CAP_003,Downstream service is at capacity,Capacity,8845,SESS-56D3B85039,REQ-144E97C7BCBF,2026-09-11 05:29:36+00:00
EVT-0005001,IF_PLMCFG_MESPC_001,PLM,MES,REST_API,REST,Success,,,,3186,SESS-EDE997E375,REQ-E8D8DD41A51E,2026-09-14 15:02:20+00:00
EVT-0005004,IF_PLMCFG_MESPC_001,PLM,MES,REST_API,REST,Success,,,,2134,SESS-5E0F7BA433,REQ-DD367D3D3D4C,2026-09-16 01:31:24+00:00
EVT-0005007,IF_PLMCFG_MESPC_001,PLM,MES,REST_API,REST,Success,,,,2859,SESS-FC2086963C,REQ-DEB7637C9C62,2026-09-10 21:14:22+00:00
EVT-0005010,IF_PLMPD_MESPE_001,PLM,MES,Kafka,Async,Success,,,,997,SESS-266EBA5D3A,REQ-5DC4B647909B,2026-09-16 00:04:51+00:00
EVT-0005047,IF_PLMPD_SAPPP_001,PLM,SAP_ERP,Kafka,Async,Success,,,,988,SESS-DCA2C49F95,REQ-A82579E01C4A,2026-09-13 14:21:29+00:00
EVT-0005058,IF_PLMCM_SAPPP_001,PLM,SAP_ERP,ESB,Async,Success,,,,1599,SESS-D654A28DBF,REQ-E07ADF8A247B,2026-09-12 09:22:24+00:00
EVT-0005067,IF_PLMPD_MESPE_001,PLM,MES,Kafka,Async,Retry,TIME_004,Downstream response exceeded SLA,Timeout,2798,SESS-A4693D7A56,REQ-DEB3FCCB1918,2026-09-16 06:26:11+00:00
EVT-0005071,IF_PLMCFG_MESPC_001,PLM,MES,REST_API,REST,Success,,,,2458,SESS-1562190FCE,REQ-6E8389E7F470,2026-09-16 02:17:51+00:00
EVT-0005075,IF_PLMCFG_MESPC_001,PLM,MES,REST_API,REST,Success,,,,2308,SESS-DD6E41993B,REQ-2B58884D91B1,2026-09-13 08:25:29+00:00
EVT-0005076,IF_PLMPD_MESPE_001,PLM,MES,Kafka,Async,Success,,,,1099,SESS-E555719E44,REQ-4505C5DE7495,2026-09-15 10:49:37+00:00
EVT-0005080,IF_PLMCFG_MESPC_001,PLM,MES,REST_API,REST,Success,,,,1930,SESS-95A36597EC,REQ-65FF15B4C756,2026-09-11 18:23:19+00:00
EVT-0005089,IF_PLMPD_MESPE_001,PLM,MES,Kafka,Async,Success,,,,740,SESS-2C4B959FBE,REQ-50D298603240,2026-09-13 16:30:34+00:00
EVT-0005101,IF_PLMPD_SAPPP_001,PLM,SAP_ERP,Kafka,Async,Success,,,,650,SESS-233165D188,REQ-EF4198F93DE3,2026-09-12 02:41:47+00:00
EVT-0005107,IF_PLMCM_SAPPP_001,PLM,SAP_ERP,ESB,Async,Success,,,,1681,SESS-97F0889256,REQ-21B59146612D,2026-09-11 12:31:28+00:00
EVT-0005110,IF_PLMCFG_MESPC_001,PLM,MES,REST_API,REST,Success,,,,2610,SESS-10F314D5D1,REQ-713AE12D485D,2026-09-14 13:17:46+00:00
EVT-0005114,IF_PLMCM_SAPPP_001,PLM,SAP_ERP,ESB,Async,Retry,NET_CONN_003,Connection reset by peer,Network,4891,SESS-EC49B433CB,REQ-5DAFDB1182BA,2026-09-11 01:24:51+00:00
EVT-0005116,IF_PLMPD_MESPE_001,PLM,MES,Kafka,Async,Success,,,,863,SESS-C301ACAEDE,REQ-14FEBBA895B4,2026-09-13 01:03:33+00:00
EVT-0005117,IF_PLMCM_SAPPP_001,PLM,SAP_ERP,ESB,Async,Success,,,,1828,SESS-8CC5F225B5,REQ-5EA8A5EC11DF,2026-09-15 04:21:18+00:00
EVT-0005134,IF_PLMCM_SAPPP_001,PLM,SAP_ERP,ESB,Async,Success,,,,2233,SESS-A814A8B7E6,REQ-56F1DAB2F6A7,2026-09-12 17:45:12+00:00
EVT-0005150,IF_PLMPD_MESPE_001,PLM,MES,Kafka,Async,Retry,TIME_004,Downstream response exceeded SLA,Timeout,1785,SESS-C5561510D6,REQ-D91E30F52FAB,2026-09-11 08:13:37+00:00
EVT-0005152,IF_PLMCFG_MESPC_001,PLM,MES,REST_API,REST,Retry,DB_COMMIT_014,Transaction commit failed,Database,4202,SESS-D9363DB9F7,REQ-133FA8AC8C4A,2026-09-15 06:59:50+00:00
EVT-0005153,IF_PLMPD_SAPPP_001,PLM,SAP_ERP,Kafka,Async,Success,,,,1124,SESS-3EC4C81B28,REQ-31ABE07F4A16,2026-09-16 09:01:50+00:00
EVT-0005162,IF_PLMCM_SAPPP_001,PLM,SAP_ERP,ESB,Async,Success,,,,981,SESS-AC80A6EB8D,REQ-5930541F0156,2026-09-12 04:53:08+00:00
EVT-0005177,IF_PLMCFG_MESPC_001,PLM,MES,REST_API,REST,Success,,,,1643,SESS-43A8547F5A,REQ-40ED9762BA84,2026-09-11 15:35:29+00:00
EVT-0005195,IF_PLMPD_SAPPP_001,PLM,SAP_ERP,Kafka,Async,Retry,NET_CONN_003,Connection reset by peer,Network,2360,SESS-4F1BE4D740,REQ-39EEC005A2B1,2026-09-11 06:37:28+00:00
EVT-0005199,IF_PLMCM_SAPPP_001,PLM,SAP_ERP,ESB,Async,Success,,,,2791,SESS-C9D6D5DA4C,REQ-C246B44AA344,2026-09-12 07:03:06+00:00
EVT-0005211,IF_PLMCFG_MESPC_001,PLM,MES,REST_API,REST,Success,,,,1185,SESS-0E9E208C87,REQ-25980A0ED58D,2026-09-15 05:28:35+00:00
EVT-0005213,IF_PLMPD_MESPE_001,PLM,MES,Kafka,Async,Success,,,,1029,SESS-92422951EB,REQ-634932627C2E,2026-09-16 18:54:45+00:00
EVT-0005218,IF_PLMPD_MESPE_001,PLM,MES,Kafka,Async,Success,,,,1001,SESS-FC80F8D508,REQ-F2CDF12B42E9,2026-09-11 06:28:05+00:00
EVT-0005219,IF_PLMPD_SAPPP_001,PLM,SAP_ERP,Kafka,Async,Success,,,,764,SESS-1070CC8FA3,REQ-680595291E20,2026-09-12 05:41:35+00:00
EVT-0005231,IF_PLMCM_SAPPP_001,PLM,SAP_ERP,ESB,Async,Success,,,,2426,SESS-DA41A8EEC5,REQ-ED9D479239D5,2026-09-11 07:53:35+00:00
EVT-0005239,IF_PLMCM_SAPPP_001,PLM,SAP_ERP,ESB,Async,Success,,,,1485,SESS-CC404088AB,REQ-201DE88A1ADF,2026-09-14 22:00:25+00:00
EVT-0005251,IF_PLMPD_MESPE_001,PLM,MES,Kafka,Async,Success,,,,827,SESS-B66BF23B79,REQ-E42BA14134C8,2026-09-10 20:01:06+00:00
EVT-0005254,IF_PLMPD_MESPE_001,PLM,MES,Kafka,Async,Retry,CAP_003,Downstream service is at capacity,Capacity,1665,SESS-AB1E64622E,REQ-CCD3905F0BB4,2026-09-16 12:36:38+00:00
EVT-0005257,IF_PLMPD_MESPE_001,PLM,MES,Kafka,Async,Success,,,,991,SESS-5C1FCFADA1,REQ-F1C536FFBE61,2026-09-10 11:34:57+00:00
EVT-0005260,IF_PLMPD_SAPPP_001,PLM,SAP_ERP,Kafka,Async,Success,,,,572,SESS-D54D573902,REQ-438ADE5EF81F,2026-09-14 23:16:23+00:00
EVT-0005276,IF_PLMCFG_MESPC_001,PLM,MES,REST_API,REST,Success,,,,2520,SESS-639B4C6215,REQ-299F3A40A319,2026-09-14 03:39:32+00:00
EVT-0005277,IF_PLMCFG_MESPC_001,PLM,MES,REST_API,REST,Success,,,,2749,SESS-156D423F02,REQ-C3C75C5D4972,2026-09-12 12:56:58+00:00
EVT-0005281,IF_PLMPD_MESPE_001,PLM,MES,Kafka,Async,Success,,,,692,SESS-369C4DCBA7,REQ-C7AE5DD0A2B3,2026-09-16 06:36:42+00:00
EVT-0005293,IF_PLMCFG_MESPC_001,PLM,MES,REST_API,REST,Success,,,,2246,SESS-DA9537CDC4,REQ-EB5D67C8423B,2026-09-16 00:37:01+00:00
EVT-0005308,IF_PLMCM_SAPPP_001,PLM,SAP_ERP,ESB,Async,Success,,,,2152,SESS-9A4E9014E5,REQ-DC4CCB5D0670,2026-09-16 01:09:15+00:00
EVT-0005317,IF_PLMPD_MESPE_001,PLM,MES,Kafka,Async,Success,,,,1113,SESS-50A35F2E9B,REQ-42BF871BB884,2026-09-10 21:20:19+00:00
EVT-0005325,IF_PLMCM_SAPPP_001,PLM,SAP_ERP,ESB,Async,Success,,,,1749,SESS-B44D8B71CC,REQ-8EA79BD35853,2026-09-15 05:08:23+00:00
EVT-0005333,IF_PLMCM_SAPPP_001,PLM,SAP_ERP,ESB,Async,Success,,,,1906,SESS-4E8B8BA862,REQ-17296AB8C50B,2026-09-13 12:04:58+00:00
EVT-0005340,IF_PLMPD_MESPE_001,PLM,MES,Kafka,Async,Success,,,,985,SESS-20BDF27B0C,REQ-5D10A0DE79E2,2026-09-11 08:34:22+00:00
EVT-0005353,IF_PLMCFG_MESPC_001,PLM,MES,REST_API,REST,Success,,,,2368,SESS-1D05A2ABE9,REQ-7D4A1EA598C3,2026-09-16 17:18:56+00:00
EVT-0005356,IF_PLMCM_SAPPP_001,PLM,SAP_ERP,ESB,Async,Success,,,,1914,SESS-40F00F4387,REQ-69AE93F8CA4D,2026-09-13 03:43:03+00:00
EVT-0005366,IF_PLMPD_MESPE_001,PLM,MES,Kafka,Async,Success,,,,821,SESS-C4C2A04455,REQ-1F5C816BE41C,2026-09-10 13:50:29+00:00
EVT-0005368,IF_PLMPD_SAPPP_001,PLM,SAP_ERP,Kafka,Async,Success,,,,802,SESS-63544C0645,REQ-05352C5B9554,2026-09-14 09:21:30+00:00
EVT-0005369,IF_PLMCFG_MESPC_001,PLM,MES,REST_API,REST,Success,,,,1807,SESS-C81C4FA03B,REQ-06E5B84AAB49,2026-09-10 07:05:37+00:00
EVT-0005387,IF_PLMPD_MESPE_001,PLM,MES,Kafka,Async,Success,,,,1007,SESS-3A542BB273,REQ-E555C22B8E43,2026-09-16 05:41:28+00:00
EVT-0005398,IF_PLMPD_SAPPP_001,PLM,SAP_ERP,Kafka,Async,Success,,,,1036,SESS-0BB42BA5AC,REQ-58F34B2DF3B4,2026-09-10 16:44:28+00:00
EVT-0005400,IF_PLMPD_SAPPP_001,PLM,SAP_ERP,Kafka,Async,Success,,,,1300,SESS-9119919B07,REQ-8A7C2A6E6EC4,2026-09-13 20:46:40+00:00
EVT-0005406,IF_PLMPD_SAPPP_001,PLM,SAP_ERP,Kafka,Async,Success,,,,627,SESS-42AD4BD4B5,REQ-CAC3CD1B3799,2026-09-10 16:09:54+00:00
EVT-0005418,IF_PLMCM_SAPPP_001,PLM,SAP_ERP,ESB,Async,Success,,,,2224,SESS-2B63BE7564,REQ-B10F0F41FC1A,2026-09-14 01:37:02+00:00
EVT-0005419,IF_PLMPD_MESPE_001,PLM,MES,Kafka,Async,Success,,,,724,SESS-43973104BA,REQ-23FFEC86A9D4,2026-09-10 15:10:51+00:00
EVT-0005427,IF_PLMCFG_MESPC_001,PLM,MES,REST_API,REST,Success,,,,1653,SESS-98F85A0AC6,REQ-C3D7D9FDDF59,2026-09-16 02:05:45+00:00
EVT-0005443,IF_PLMCM_SAPPP_001,PLM,SAP_ERP,ESB,Async,Retry,NET_CONN_003,Connection reset by peer,Network,4163,SESS-4C6B157A49,REQ-1DBE7651FFBE,2026-09-12 15:45:21+00:00
EVT-0005452,IF_PLMPD_SAPPP_001,PLM,SAP_ERP,Kafka,Async,Success,,,,1089,SESS-C072A0F208,REQ-B6BD789E2751,2026-09-13 09:11:59+00:00
EVT-0005455,IF_PLMPD_MESPE_001,PLM,MES,Kafka,Async,Retry,TIME_004,Downstream response exceeded SLA,Timeout,1817,SESS-62B423BC14,REQ-C231E656051C,2026-09-11 10:03:39+00:00
EVT-0005466,IF_PLMPD_MESPE_001,PLM,MES,Kafka,Async,Success,,,,1041,SESS-F93AD918A5,REQ-45B4D2F5A4CB,2026-09-10 10:42:25+00:00
EVT-0005480,IF_PLMPD_SAPPP_001,PLM,SAP_ERP,Kafka,Async,Success,,,,957,SESS-6162FA0D00,REQ-F197435D5828,2026-09-14 02:26:19+00:00
EVT-0005490,IF_PLMCM_SAPPP_001,PLM,SAP_ERP,ESB,Async,Retry,NET_CONN_003,Connection reset by peer,Network,5287,SESS-F3834BF78F,REQ-075A4CB1EC01,2026-09-16 07:01:13+00:00
EVT-0005497,IF_PLMPD_MESPE_001,PLM,MES,Kafka,Async,Retry,DB_COMMIT_014,Transaction commit failed,Database,1776,SESS-C9B19E29E4,REQ-9DBDDDC7BA33,2026-09-11 13:56:54+00:00
EVT-0005507,IF_PLMPD_MESPE_001,PLM,MES,Kafka,Async,Success,,,,644,SESS-60B945F3F1,REQ-5CFA62B8CB30,2026-09-13 12:47:35+00:00
EVT-0005518,IF_PLMCFG_MESPC_001,PLM,MES,REST_API,REST,Success,,,,2563,SESS-AD37648DD0,REQ-9E964050627F,2026-09-13 13:57:57+00:00
EVT-0005526,IF_PLMPD_MESPE_001,PLM,MES,Kafka,Async,Success,,,,517,SESS-2AC658E3E3,REQ-E325422016BD,2026-09-16 10:30:46+00:00
EVT-0005527,IF_PLMPD_MESPE_001,PLM,MES,Kafka,Async,Success,,,,1131,SESS-DBB57FEFBC,REQ-FFE4BDDAB3E2,2026-09-16 02:38:40+00:00
EVT-0005529,IF_PLMCM_SAPPP_001,PLM,SAP_ERP,ESB,Async,Success,,,,2666,SESS-56BA6454D2,REQ-5C78013AA772,2026-09-13 16:00:58+00:00
EVT-0005530,IF_PLMCFG_MESPC_001,PLM,MES,REST_API,REST,Success,,,,1929,SESS-581C0A329C,REQ-2BC14E24D0F0,2026-09-13 02:33:56+00:00
EVT-0005537,IF_PLMCFG_MESPC_001,PLM,MES,REST_API,REST,Success,,,,2603,SESS-2C16572761,REQ-9D734BDCA9B8,2026-09-11 07:56:34+00:00
EVT-0005564,IF_PLMPD_SAPPP_001,PLM,SAP_ERP,Kafka,Async,Failed,CAP_003,Downstream service is at capacity,Capacity,3933,SESS-D1E1CB507B,REQ-33CB81BFD675,2026-09-14 16:51:46+00:00
EVT-0005570,IF_PLMPD_SAPPP_001,PLM,SAP_ERP,Kafka,Async,Success,,,,944,SESS-7EC3D6319F,REQ-BC7A5061B225,2026-09-11 07:15:09+00:00
EVT-0005575,IF_PLMCFG_MESPC_001,PLM,MES,REST_API,REST,Success,,,,2501,SESS-C32C05A505,REQ-2B33BA0505C2,2026-09-10 18:17:37+00:00
EVT-0005612,IF_PLMPD_MESPE_001,PLM,MES,Kafka,Async,Success,,,,688,SESS-84595762CA,REQ-AF741F1FB851,2026-09-15 03:44:45+00:00
EVT-0005619,IF_PLMCM_SAPPP_001,PLM,SAP_ERP,ESB,Async,Success,,,,1323,SESS-43DC3804BC,REQ-E74D42089515,2026-09-11 19:31:13+00:00
EVT-0005623,IF_PLMCM_SAPPP_001,PLM,SAP_ERP,ESB,Async,Failed,INFRA_008,Runtime node unavailable,Infrastructure,7074,SESS-89D5F7C619,REQ-70C67FF7394B,2026-09-13 14:52:15+00:00
EVT-0005629,IF_PLMCM_SAPPP_001,PLM,SAP_ERP,ESB,Async,Retry,VAL_400,Required business field failed validation,Validation,7870,SESS-A4773D9D25,REQ-037CE296583B,2026-09-10 15:09:04+00:00
EVT-0005636,IF_PLMPD_MESPE_001,PLM,MES,Kafka,Async,Success,,,,863,SESS-A5E3EC0A14,REQ-7AF986B84250,2026-09-10 06:59:54+00:00
EVT-0005651,IF_PLMPD_SAPPP_001,PLM,SAP_ERP,Kafka,Async,Success,,,,874,SESS-E0BE6B2C5A,REQ-72D625E2C995,2026-09-15 13:36:36+00:00
EVT-0005655,IF_PLMCM_SAPPP_001,PLM,SAP_ERP,ESB,Async,Success,,,,1880,SESS-CA12151FBA,REQ-CD1961803DDE,2026-09-14 19:47:32+00:00
EVT-0005659,IF_PLMPD_SAPPP_001,PLM,SAP_ERP,Kafka,Async,Failed,VAL_400,Required business field failed validation,Validation,4047,SESS-190D815F11,REQ-47F39F28FFAE,2026-09-11 19:19:02+00:00
EVT-0005666,IF_PLMPD_SAPPP_001,PLM,SAP_ERP,Kafka,Async,Success,,,,743,SESS-405A50D191,REQ-824BBE482EFD,2026-09-16 05:09:44+00:00
EVT-0005671,IF_PLMCM_SAPPP_001,PLM,SAP_ERP,ESB,Async,Success,,,,2205,SESS-B170E39D11,REQ-E17BDB4C6F67,2026-09-11 07:48:38+00:00
EVT-0005679,IF_PLMCFG_MESPC_001,PLM,MES,REST_API,REST,Success,,,,2979,SESS-91EDCDE1FF,REQ-10565EF624B0,2026-09-15 15:43:29+00:00
EVT-0005683,IF_PLMCM_SAPPP_001,PLM,SAP_ERP,ESB,Async,Success,,,,2480,SESS-2B36BB499B,REQ-0817A3EB3134,2026-09-16 00:12:59+00:00
EVT-0005700,IF_PLMCM_SAPPP_001,PLM,SAP_ERP,ESB,Async,Success,,,,3494,SESS-14696EF0BA,REQ-2DF1D3DA5794,2026-09-16 15:01:01+00:00
EVT-0005707,IF_PLMCM_SAPPP_001,PLM,SAP_ERP,ESB,Async,Retry,CAP_003,Downstream service is at capacity,Capacity,7776,SESS-D04F5B3774,REQ-FC392C3F9BAD,2026-09-16 12:40:28+00:00
EVT-0005709,IF_PLMPD_SAPPP_001,PLM,SAP_ERP,Kafka,Async,Success,,,,983,SESS-10EB1A5C8A,REQ-2F52145921B0,2026-09-10 04:36:33+00:00
EVT-0005713,IF_PLMPD_SAPPP_001,PLM,SAP_ERP,Kafka,Async,Success,,,,843,SESS-DF9C232894,REQ-A833F702495E,2026-09-13 15:15:51+00:00
EVT-0005717,IF_PLMPD_SAPPP_001,PLM,SAP_ERP,Kafka,Async,Retry,AUTHZ_403,Caller is not authorized,Authorization,1591,SESS-8ADE155397,REQ-E593439BB64A,2026-09-10 07:59:38+00:00
EVT-0005718,IF_PLMCFG_MESPC_001,PLM,MES,REST_API,REST,Success,,,,2625,SESS-8C63478223,REQ-260E560548B7,2026-09-11 11:50:41+00:00
EVT-0005719,IF_PLMCM_SAPPP_001,PLM,SAP_ERP,ESB,Async,Failed,CAP_003,Downstream service is at capacity,Capacity,5314,SESS-AA6E0C62DB,REQ-5D59116136E0,2026-09-13 08:28:12+00:00
EVT-0005727,IF_PLMCM_SAPPP_001,PLM,SAP_ERP,ESB,Async,Success,,,,2108,SESS-59BEAE7A94,REQ-7B2DB86F6A7E,2026-09-14 03:20:26+00:00
EVT-0005736,IF_PLMPD_MESPE_001,PLM,MES,Kafka,Async,Retry,NET_CONN_003,Connection reset by peer,Network,2653,SESS-9E57234941,REQ-CAA5DD14491F,2026-09-16 16:12:41+00:00
EVT-0005738,IF_PLMPD_SAPPP_001,PLM,SAP_ERP,Kafka,Async,Success,,,,707,SESS-EED502D53B,REQ-FA971C24B1D9,2026-09-16 13:31:27+00:00
EVT-0005739,IF_PLMPD_SAPPP_001,PLM,SAP_ERP,Kafka,Async,Success,,,,627,SESS-5953B9C873,REQ-828B5F3E5672,2026-09-10 06:11:48+00:00
EVT-0005741,IF_PLMPD_MESPE_001,PLM,MES,Kafka,Async,Success,,,,987,SESS-E14523F970,REQ-53EE7234EADC,2026-09-16 14:28:09+00:00
EVT-0005755,IF_PLMCFG_MESPC_001,PLM,MES,REST_API,REST,Success,,,,2389,SESS-6FFC2D3EA4,REQ-ABF413B53D95,2026-09-13 11:48:41+00:00
EVT-0005763,IF_PLMCM_SAPPP_001,PLM,SAP_ERP,ESB,Async,Success,,,,1903,SESS-2909D20899,REQ-51CBB3135A8D,2026-09-16 10:56:04+00:00
EVT-0005769,IF_PLMCM_SAPPP_001,PLM,SAP_ERP,ESB,Async,Success,,,,1933,SESS-7A13EF731B,REQ-BB023F05D866,2026-09-10 04:54:41+00:00
EVT-0005775,IF_PLMPD_SAPPP_001,PLM,SAP_ERP,Kafka,Async,Success,,,,1009,SESS-1A916D57F5,REQ-F6C80FBE24A5,2026-09-16 21:19:19+00:00
EVT-0005776,IF_PLMCM_SAPPP_001,PLM,SAP_ERP,ESB,Async,Retry,AUTHZ_403,Caller is not authorized,Authorization,5319,SESS-49D56A48D0,REQ-9C42E2A6B2CF,2026-09-16 05:43:38+00:00
EVT-0005778,IF_PLMPD_MESPE_001,PLM,MES,Kafka,Async,Success,,,,728,SESS-BE052EA861,REQ-8EB979BF21A4,2026-09-11 23:29:31+00:00
EVT-0005780,IF_PLMCM_SAPPP_001,PLM,SAP_ERP,ESB,Async,Success,,,,1768,SESS-3B7BF30D37,REQ-E7E91D159CFE,2026-09-12 12:59:19+00:00
EVT-0005782,IF_PLMPD_MESPE_001,PLM,MES,Kafka,Async,Success,,,,954,SESS-0ABFC4E156,REQ-7C9A7FFB8E92,2026-09-11 18:37:44+00:00
EVT-0005785,IF_PLMCM_SAPPP_001,PLM,SAP_ERP,ESB,Async,Retry,AUTHZ_403,Caller is not authorized,Authorization,7457,SESS-EA5A8C8355,REQ-C82C5E20B56A,2026-09-13 04:19:51+00:00
EVT-0005786,IF_PLMPD_SAPPP_001,PLM,SAP_ERP,Kafka,Async,Retry,INFRA_008,Runtime node unavailable,Infrastructure,2010,SESS-B026AA4839,REQ-EF216E8B9791,2026-09-16 05:30:19+00:00
EVT-0005793,IF_PLMPD_MESPE_001,PLM,MES,Kafka,Async,Success,,,,1386,SESS-687D4317AC,REQ-6F0E20BF321A,2026-09-16 03:49:02+00:00
EVT-0005800,IF_PLMPD_MESPE_001,PLM,MES,Kafka,Async,Success,,,,873,SESS-F2A93C14B2,REQ-F997107CB77C,2026-09-12 20:04:39+00:00
EVT-0005831,IF_PLMCM_SAPPP_001,PLM,SAP_ERP,ESB,Async,Success,,,,3224,SESS-A3B9804A54,REQ-5757DC3B0B57,2026-09-15 01:23:08+00:00
EVT-0005835,IF_PLMPD_SAPPP_001,PLM,SAP_ERP,Kafka,Async,Success,,,,847,SESS-D79BB6782E,REQ-6C8DF50D4DEF,2026-09-12 21:52:33+00:00
EVT-0005851,IF_PLMCFG_MESPC_001,PLM,MES,REST_API,REST,Success,,,,2163,SESS-29BEAC55C3,REQ-63533128C93F,2026-09-15 16:11:02+00:00
EVT-0005852,IF_PLMPD_SAPPP_001,PLM,SAP_ERP,Kafka,Async,Retry,CAP_003,Downstream service is at capacity,Capacity,3034,SESS-BB2CF033F2,REQ-0DD7D2AFDBF3,2026-09-14 22:31:23+00:00
EVT-0005854,IF_PLMPD_SAPPP_001,PLM,SAP_ERP,Kafka,Async,Success,,,,1002,SESS-DF7C3AAFF1,REQ-0CA84F1ECFDB,2026-09-10 21:25:25+00:00
EVT-0005865,IF_PLMPD_SAPPP_001,PLM,SAP_ERP,Kafka,Async,Success,,,,1064,SESS-E1F9FD5C05,REQ-84F62BC1AE87,2026-09-11 18:17:53+00:00
EVT-0005871,IF_PLMPD_SAPPP_001,PLM,SAP_ERP,Kafka,Async,Success,,,,815,SESS-D60BE9D398,REQ-8D12A9221503,2026-09-13 19:13:39+00:00
EVT-0005873,IF_PLMCM_SAPPP_001,PLM,SAP_ERP,ESB,Async,Success,,,,1546,SESS-3676DDBC1D,REQ-4EA5756319E7,2026-09-16 01:24:18+00:00
EVT-0005874,IF_PLMCFG_MESPC_001,PLM,MES,REST_API,REST,Success,,,,2629,SESS-F1839307CF,REQ-D401A80E431A,2026-09-10 18:16:34+00:00
EVT-0005876,IF_PLMCM_SAPPP_001,PLM,SAP_ERP,ESB,Async,Success,,,,1843,SESS-D5E0C302B8,REQ-CA8DB28C6FCF,2026-09-14 17:01:54+00:00
EVT-0005879,IF_PLMPD_MESPE_001,PLM,MES,Kafka,Async,Success,,,,1003,SESS-F4067DDA01,REQ-E72BAE3FD3A0,2026-09-10 11:20:12+00:00
EVT-0005881,IF_PLMPD_MESPE_001,PLM,MES,Kafka,Async,Success,,,,985,SESS-5FBC9A45A2,REQ-4C60BC88F527,2026-09-10 16:16:38+00:00
EVT-0005888,IF_PLMCM_SAPPP_001,PLM,SAP_ERP,ESB,Async,Success,,,,1978,SESS-A770B70EF8,REQ-A145B2654518,2026-09-16 22:36:32+00:00
EVT-0005905,IF_PLMCM_SAPPP_001,PLM,SAP_ERP,ESB,Async,Success,,,,1962,SESS-D14936E3F0,REQ-4A5C240F3FE8,2026-09-14 19:31:38+00:00
EVT-0005911,IF_PLMPD_MESPE_001,PLM,MES,Kafka,Async,Success,,,,1034,SESS-FBEF53B61C,REQ-FA8D7F95E3E7,2026-09-10 01:09:02+00:00
EVT-0005922,IF_PLMCFG_MESPC_001,PLM,MES,REST_API,REST,Retry,AUTH_401,Service credential rejected,Authentication,6729,SESS-E19DECF27C,REQ-7A0017EACC21,2026-09-13 05:31:45+00:00
EVT-0005926,IF_PLMCFG_MESPC_001,PLM,MES,REST_API,REST,Success,,,,2432,SESS-41C055EF47,REQ-6DE69D015333,2026-09-14 14:21:34+00:00
EVT-0005935,IF_PLMPD_SAPPP_001,PLM,SAP_ERP,Kafka,Async,Success,,,,708,SESS-8A0DD76BA4,REQ-46E29BE082E3,2026-09-16 11:08:47+00:00
EVT-0005940,IF_PLMPD_SAPPP_001,PLM,SAP_ERP,Kafka,Async,Success,,,,626,SESS-79266F0B3C,REQ-BB9F9C0167B1,2026-09-16 01:07:05+00:00
EVT-0005948,IF_PLMPD_SAPPP_001,PLM,SAP_ERP,Kafka,Async,Success,,,,777,SESS-C573D7BD83,REQ-9BA3D7E5F2C7,2026-09-15 05:29:34+00:00
EVT-0005952,IF_PLMPD_MESPE_001,PLM,MES,Kafka,Async,Retry,DB_COMMIT_014,Transaction commit failed,Database,2257,SESS-E50E2FEA6E,REQ-5E34555BE305,2026-09-14 00:05:41+00:00
EVT-0005958,IF_PLMCFG_MESPC_001,PLM,MES,REST_API,REST,Retry,CAP_003,Downstream service is at capacity,Capacity,7370,SESS-93D0F6BB18,REQ-A4A2AECB5552,2026-09-16 04:07:36+00:00
EVT-0005975,IF_PLMCFG_MESPC_001,PLM,MES,REST_API,REST,Success,,,,2734,SESS-06B0C25AE3,REQ-B0FFA6AC0F7D,2026-09-16 10:38:38+00:00
EVT-0005993,IF_PLMPD_SAPPP_001,PLM,SAP_ERP,Kafka,Async,Success,,,,1276,SESS-28693AD22B,REQ-ED40EFF41F8B,2026-09-12 12:54:36+00:00
EVT-0005996,IF_PLMPD_MESPE_001,PLM,MES,Kafka,Async,Success,,,,955,SESS-440778689F,REQ-1AA478CC4FC4,2026-09-12 15:17:35+00:00
EVT-0000003,IF_SAPQM_ORWMS_001,SAP_ERP,ORACLE_SCM,Kafka,Async,Success,,,,1792,SESS-3266D471F3,REQ-718781968F4E,2026-09-11 04:29:57
EVT-0000004,IF_SAPQM_MESPE_001,SAP_ERP,MES,Kafka,Async,Success,,,,841,SESS-581B232159,REQ-6F3920D37E95,2026-09-10 13:32:43
EVT-0000005,IF_SAPPP_ORSC_001,SAP_ERP,ORACLE_SCM,Kafka,Async,Retry,INFRA_008,Runtime node unavailable,Infrastructure,3055,SESS-13745682FB,REQ-8C6AB3C88376,2026-09-12 20:32:29
EVT-0000007,IF_SAPPROC_ORWMS_001,SAP_ERP,ORACLE_SCM,SFTP,Batch,Success,,,,13539,SESS-241C5AF946,REQ-3D6B3F5ADB4E,2026-09-16 03:29:47
EVT-0000009,IF_SAPPP_MESPE_001,SAP_ERP,MES,Kafka,Async,Success,,,,1042,SESS-96B8E5AD57,REQ-C0784B4BB2F2,2026-09-15 02:01:35
EVT-0000015,IF_SAPFIN_HCMPAY_001,SAP_ERP,HCM,SFTP,Batch,Success,,,,15606,SESS-6A8AD72B6E,REQ-72C33074E710,2026-09-15 10:28:59
EVT-0000016,IF_SAPPROC_ORIM_001,SAP_ERP,ORACLE_SCM,REST_API,REST,Success,,,,1851,SESS-0BECB0A943,REQ-35DE3AD5187C,2026-09-15 10:50:43
EVT-0000019,IF_SAPQM_MESPE_001,SAP_ERP,MES,Kafka,Async,Retry,CFG_017,Interface configuration mismatch,Configuration,2200,SESS-22347FAA6C,REQ-9EE182CF1792,2026-09-14 11:46:19
EVT-0000021,IF_SAPPP_MESPE_001,SAP_ERP,MES,Kafka,Async,Success,,,,632,SESS-6803E7E443,REQ-FFD30E27F200,2026-09-16 10:38:55
EVT-0000022,IF_SAPPP_ORSC_001,SAP_ERP,ORACLE_SCM,Kafka,Async,Success,,,,1766,SESS-7B61E96658,REQ-222B9A13261D,2026-09-15 07:19:10
EVT-0000023,IF_SAPQM_MESPE_001,SAP_ERP,MES,Kafka,Async,Retry,CFG_017,Interface configuration mismatch,Configuration,2648,SESS-175BF3FB82,REQ-B842C46BB01B,2026-09-12 16:18:36
EVT-0000025,IF_SAPQM_MESPE_001,SAP_ERP,MES,Kafka,Async,Success,,,,951,SESS-D4E5BF1659,REQ-1FFC2AFB852B,2026-09-12 03:56:01
EVT-0000026,IF_SAPFIN_HCMPAY_001,SAP_ERP,HCM,SFTP,Batch,Success,,,,9701,SESS-365BD6986A,REQ-059645515D17,2026-09-14 03:17:02
EVT-0000027,IF_SAPPP_ORSC_001,SAP_ERP,ORACLE_SCM,Kafka,Async,Retry,AUTH_401,Service credential rejected,Authentication,4903,SESS-761C4039B2,REQ-FC1DC1D77239,2026-09-12 00:46:05
EVT-0000032,IF_SAPPROC_ORIM_001,SAP_ERP,ORACLE_SCM,REST_API,REST,Success,,,,2003,SESS-DD54FE6256,REQ-EB884429AD26,2026-09-10 09:06:23
EVT-0000034,IF_SAPQM_MESPE_001,SAP_ERP,MES,Kafka,Async,Success,,,,1150,SESS-EED52871A9,REQ-412EB38A4F70,2026-09-16 17:43:38
EVT-0000036,IF_SAPPP_ORSC_001,SAP_ERP,ORACLE_SCM,Kafka,Async,Success,,,,1229,SESS-C4368AB833,REQ-2BA8231C1797,2026-09-13 02:25:40
EVT-0000038,IF_SAPPP_ORSC_001,SAP_ERP,ORACLE_SCM,Kafka,Async,Success,,,,1745,SESS-B4B5FD01EA,REQ-254B4D5DFE70,2026-09-16 07:12:08
EVT-0000039,IF_SAPQM_MESPE_001,SAP_ERP,MES,Kafka,Async,Success,,,,910,SESS-9AC3106E23,REQ-AADA48AAE490,2026-09-13 02:50:00
EVT-0000040,IF_SAPPP_MESPE_001,SAP_ERP,MES,Kafka,Async,Success,,,,994,SESS-949E288AF5,REQ-41AF3F7EDA26,2026-09-13 08:50:26
EVT-0000041,IF_SAPPROC_ORWMS_001,SAP_ERP,ORACLE_SCM,SFTP,Batch,Retry,EXT_502,Downstream service returned 502,External Service,52424,SESS-F26B6FBE21,REQ-337CC3E19430,2026-09-15 01:40:43
EVT-0000050,IF_SAPPROC_ORWMS_001,SAP_ERP,ORACLE_SCM,SFTP,Batch,Success,,,,14647,SESS-6E5A4311EB,REQ-EB4A648753E1,2026-09-10 21:58:31
EVT-0000057,IF_SAPQM_ORWMS_001,SAP_ERP,ORACLE_SCM,Kafka,Async,Success,,,,2253,SESS-B1B7116898,REQ-C1AC5AFF197A,2026-09-16 03:28:54
EVT-0000062,IF_SAPQM_MESPE_001,SAP_ERP,MES,Kafka,Async,Success,,,,867,SESS-DD0AFDB1BB,REQ-888F93AB592E,2026-09-15 22:33:34
EVT-0000064,IF_SAPPROC_ORIM_001,SAP_ERP,ORACLE_SCM,REST_API,REST,Success,,,,1325,SESS-C1F5B4ED64,REQ-59D7CCCDD971,2026-09-14 16:50:42
EVT-0000072,IF_SAPQM_MESPE_001,SAP_ERP,MES,Kafka,Async,Success,,,,976,SESS-54348886BA,REQ-D46741980236,2026-09-14 16:35:09
EVT-0000073,IF_SAPQM_MESPE_001,SAP_ERP,MES,Kafka,Async,Success,,,,657,SESS-53AA05A7F8,REQ-F97E9E0CEC82,2026-09-12 16:10:32
EVT-0000074,IF_SAPQM_MESPE_001,SAP_ERP,MES,Kafka,Async,Failed,CFG_017,Interface configuration mismatch,Configuration,6314,SESS-E65C089F19,REQ-AAB8E2998EB6,2026-09-11 04:53:02
EVT-0000077,IF_SAPFIN_HCMPAY_001,SAP_ERP,HCM,SFTP,Batch,Success,,,,13624,SESS-2A7E034B02,REQ-575DE282E315,2026-09-12 22:35:02
EVT-0000089,IF_SAPPP_ORSC_001,SAP_ERP,ORACLE_SCM,Kafka,Async,Success,,,,1572,SESS-A9E8A728D3,REQ-29029ED1CE84,2026-09-16 19:02:10
EVT-0000091,IF_SAPPROC_ORWMS_001,SAP_ERP,ORACLE_SCM,SFTP,Batch,Success,,,,17432,SESS-110CC999E3,REQ-A4E3D4618EAD,2026-09-15 08:35:06
EVT-0000100,IF_SAPFIN_HCMPAY_001,SAP_ERP,HCM,SFTP,Batch,Success,,,,9832,SESS-ABDA845664,REQ-8EC29860F0EA,2026-09-14 06:44:18
EVT-0000105,IF_SAPPP_ORSC_001,SAP_ERP,ORACLE_SCM,Kafka,Async,Success,,,,1016,SESS-BF0203AE40,REQ-713033375C91,2026-09-12 20:57:16
EVT-0000108,IF_SAPPROC_ORIM_001,SAP_ERP,ORACLE_SCM,REST_API,REST,Retry,AUTHZ_403,Caller is not authorized,Authorization,5908,SESS-A266C5618E,REQ-90BBBE9E9F2C,2026-09-12 17:27:43
EVT-0000110,IF_SAPFIN_HCMPAY_001,SAP_ERP,HCM,SFTP,Batch,Retry,AUTH_401,Service credential rejected,Authentication,26863,SESS-B49FA3DE33,REQ-E40C226B4AF4,2026-09-14 03:41:34
EVT-0000115,IF_SAPPROC_ORWMS_001,SAP_ERP,ORACLE_SCM,SFTP,Batch,Success,,,,9611,SESS-80CE5559D9,REQ-8F9D13C90194,2026-09-15 13:45:34
EVT-0000118,IF_SAPPROC_ORWMS_001,SAP_ERP,ORACLE_SCM,SFTP,Batch,Success,,,,15320,SESS-A80B094C6A,REQ-621634CEC92B,2026-09-16 14:56:53
EVT-0000119,IF_SAPQM_ORWMS_001,SAP_ERP,ORACLE_SCM,Kafka,Async,Success,,,,940,SESS-B5A25FC2E0,REQ-D764D1EDFB26,2026-09-10 06:20:44
EVT-0000126,IF_SAPFIN_HCMPAY_001,SAP_ERP,HCM,SFTP,Batch,Success,,,,14003,SESS-54291BE9BC,REQ-E950527453BF,2026-09-14 16:18:25
EVT-0000127,IF_SAPQM_MESPE_001,SAP_ERP,MES,Kafka,Async,Failed,VAL_400,Required business field failed validation,Validation,7945,SESS-779F6B5893,REQ-FCD023F2CB86,2026-09-14 22:38:27
EVT-0000129,IF_SAPPP_ORSC_001,SAP_ERP,ORACLE_SCM,Kafka,Async,Success,,,,1505,SESS-A5B5AAA82E,REQ-09DD82F66AFE,2026-09-10 08:04:37
EVT-0000136,IF_SAPQM_MESPE_001,SAP_ERP,MES,Kafka,Async,Success,,,,871,SESS-78DBB98D14,REQ-60302A0CDC90,2026-09-16 15:42:25
EVT-0000138,IF_SAPPP_ORSC_001,SAP_ERP,ORACLE_SCM,Kafka,Async,Success,,,,1550,SESS-B5E64686C1,REQ-1D8540F9C3F3,2026-09-16 14:06:03
EVT-0000142,IF_SAPQM_ORWMS_001,SAP_ERP,ORACLE_SCM,Kafka,Async,Retry,TIME_004,Downstream response exceeded SLA,Timeout,7432,SESS-86D4DC3A9F,REQ-5988ADED80F0,2026-09-10 10:27:01
EVT-0000146,IF_SAPPP_ORSC_001,SAP_ERP,ORACLE_SCM,Kafka,Async,Success,,,,651,SESS-8523309A40,REQ-64748B9525DB,2026-09-10 22:03:26
EVT-0000147,IF_SAPPP_MESPE_001,SAP_ERP,MES,Kafka,Async,Failed,EXT_502,Downstream service returned 502,External Service,4083,SESS-7115F9A2C6,REQ-B854B0B1669E,2026-09-15 06:31:40
EVT-0000160,IF_SAPPROC_ORIM_001,SAP_ERP,ORACLE_SCM,REST_API,REST,Failed,NET_CONN_003,Connection reset by peer,Network,14600,SESS-2EF662EB34,REQ-C72AF1D9E361,2026-09-13 16:07:38
EVT-0000163,IF_SAPQM_ORWMS_001,SAP_ERP,ORACLE_SCM,Kafka,Async,Success,,,,2118,SESS-BA0CF9E71B,REQ-2ED3E7C821D1,2026-09-15 09:30:19
EVT-0000165,IF_SAPPROC_ORIM_001,SAP_ERP,ORACLE_SCM,REST_API,REST,Success,,,,1990,SESS-E9AB94FDF9,REQ-8CA2ABF96D9A,2026-09-12 00:48:32
EVT-0000177,IF_SAPPP_ORSC_001,SAP_ERP,ORACLE_SCM,Kafka,Async,Retry,EXT_502,Downstream service returned 502,External Service,4475,SESS-6F2C021A77,REQ-196326F553FB,2026-09-13 14:35:12
EVT-0000179,IF_SAPQM_ORWMS_001,SAP_ERP,ORACLE_SCM,Kafka,Async,Success,,,,1932,SESS-0618B6041E,REQ-5B88754C8CE5,2026-09-14 04:53:09
EVT-0000180,IF_SAPFIN_HCMPAY_001,SAP_ERP,HCM,SFTP,Batch,Success,,,,18373,SESS-CD938D4516,REQ-58393A52AB31,2026-09-14 12:53:47
EVT-0000181,IF_SAPFIN_HCMPAY_001,SAP_ERP,HCM,SFTP,Batch,Success,,,,18277,SESS-B8851DC6EA,REQ-EAE1E1EE6293,2026-09-16 14:40:56
EVT-0000183,IF_SAPQM_MESPE_001,SAP_ERP,MES,Kafka,Async,Success,,,,1256,SESS-D8696CC7BB,REQ-2FAA9452395A,2026-09-10 09:33:36
EVT-0000186,IF_SAPQM_MESPE_001,SAP_ERP,MES,Kafka,Async,Success,,,,491,SESS-9968E58329,REQ-E2AE5876BBCB,2026-09-12 22:32:05
EVT-0000187,IF_SAPPROC_ORIM_001,SAP_ERP,ORACLE_SCM,REST_API,REST,Success,,,,2467,SESS-802736947F,REQ-11DA91235BA2,2026-09-10 08:24:15
EVT-0000190,IF_SAPFIN_HCMPAY_001,SAP_ERP,HCM,SFTP,Batch,Success,,,,17344,SESS-D10905BADC,REQ-4737FFC61DEC,2026-09-10 02:21:18
EVT-0000192,IF_SAPQM_MESPE_001,SAP_ERP,MES,Kafka,Async,Success,,,,1260,SESS-C1AB635B57,REQ-4471840B54A2,2026-09-11 21:55:25
EVT-0000194,IF_SAPFIN_HCMPAY_001,SAP_ERP,HCM,SFTP,Batch,Success,,,,16229,SESS-5C24FB8B6F,REQ-DAD5857D74AB,2026-09-12 03:21:21
EVT-0000197,IF_SAPPP_MESPE_001,SAP_ERP,MES,Kafka,Async,Retry,EXT_502,Downstream service returned 502,External Service,3398,SESS-99F13602A6,REQ-716E04A6B67D,2026-09-11 20:48:05
EVT-0000198,IF_SAPPP_MESPE_001,SAP_ERP,MES,Kafka,Async,Success,,,,508,SESS-A0E8E22648,REQ-A1E9FD26F636,2026-09-14 01:45:51
EVT-0000204,IF_SAPFIN_HCMPAY_001,SAP_ERP,HCM,SFTP,Batch,Failed,INFRA_008,Runtime node unavailable,Infrastructure,39130,SESS-7DFA840180,REQ-BCB4D903ABCB,2026-09-13 00:42:36
EVT-0000208,IF_SAPPP_ORSC_001,SAP_ERP,ORACLE_SCM,Kafka,Async,Success,,,,1420,SESS-9FA0D08D27,REQ-D103F24E02BC,2026-09-10 12:29:39
EVT-0000209,IF_SAPPP_MESPE_001,SAP_ERP,MES,Kafka,Async,Success,,,,1129,SESS-2B6CEFE5FC,REQ-3690920F51ED,2026-09-13 12:32:53
EVT-0000216,IF_SAPPROC_ORIM_001,SAP_ERP,ORACLE_SCM,REST_API,REST,Success,,,,1077,SESS-485B3A912A,REQ-5412DB2BFDDF,2026-09-15 18:35:40
EVT-0000223,IF_SAPPROC_ORIM_001,SAP_ERP,ORACLE_SCM,REST_API,REST,Retry,CAP_003,Downstream service is at capacity,Capacity,4433,SESS-E5946FD5D7,REQ-8FB00EF871B9,2026-09-13 06:41:42
EVT-0000225,IF_SAPPP_MESPE_001,SAP_ERP,MES,Kafka,Async,Success,,,,1113,SESS-9122E4B158,REQ-6CF478200CA7,2026-09-16 23:44:14
EVT-0000227,IF_SAPQM_MESPE_001,SAP_ERP,MES,Kafka,Async,Success,,,,760,SESS-0224486A49,REQ-92C32DF43741,2026-09-10 20:43:48
EVT-0000229,IF_SAPPP_ORSC_001,SAP_ERP,ORACLE_SCM,Kafka,Async,Success,,,,256,SESS-5F4FED9255,REQ-5244BAF813B6,2026-09-11 19:27:11
EVT-0000231,IF_SAPQM_MESPE_001,SAP_ERP,MES,Kafka,Async,Success,,,,615,SESS-6C150A3AA5,REQ-4C74063B6976,2026-09-10 03:23:21
EVT-0000234,IF_SAPPROC_ORIM_001,SAP_ERP,ORACLE_SCM,REST_API,REST,Success,,,,2458,SESS-10F338513D,REQ-7F652DD09CE7,2026-09-11 14:45:26
EVT-0000240,IF_SAPPROC_ORWMS_001,SAP_ERP,ORACLE_SCM,SFTP,Batch,Success,,,,15309,SESS-39EB86F773,REQ-FD7658E2D61D,2026-09-10 07:04:09
EVT-0000241,IF_SAPPROC_ORWMS_001,SAP_ERP,ORACLE_SCM,SFTP,Batch,Retry,AUTHZ_403,Caller is not authorized,Authorization,40212,SESS-A162F9317F,REQ-FBF97E72B127,2026-09-16 10:56:44
EVT-0000246,IF_SAPQM_ORWMS_001,SAP_ERP,ORACLE_SCM,Kafka,Async,Failed,CFG_017,Interface configuration mismatch,Configuration,9307,SESS-900105F1F0,REQ-C63F51314608,2026-09-14 04:17:04
EVT-0000248,IF_SAPQM_ORWMS_001,SAP_ERP,ORACLE_SCM,Kafka,Async,Retry,CAP_003,Downstream service is at capacity,Capacity,8656,SESS-828455C64F,REQ-F918AB4C568D,2026-09-10 14:37:33
EVT-0000249,IF_SAPPROC_ORIM_001,SAP_ERP,ORACLE_SCM,REST_API,REST,Success,,,,2317,SESS-E5F72D6580,REQ-F3B3ACE3ABF6,2026-09-12 06:13:26
EVT-0000253,IF_SAPPROC_ORWMS_001,SAP_ERP,ORACLE_SCM,SFTP,Batch,Success,,,,12072,SESS-D30E23EF7E,REQ-C663702CFA47,2026-09-10 03:08:25
EVT-0000254,IF_SAPFIN_HCMPAY_001,SAP_ERP,HCM,SFTP,Batch,Success,,,,18947,SESS-24E3C5BB06,REQ-D145AA34BA6E,2026-09-16 01:02:38
EVT-0000259,IF_SAPPP_MESPE_001,SAP_ERP,MES,Kafka,Async,Success,,,,858,SESS-64D472EE81,REQ-029C7DBEDCDB,2026-09-10 06:49:09
EVT-0000270,IF_SAPPROC_ORWMS_001,SAP_ERP,ORACLE_SCM,SFTP,Batch,Success,,,,15258,SESS-DD24CDF290,REQ-836B76374945,2026-09-15 02:36:04
EVT-0000271,IF_SAPQM_ORWMS_001,SAP_ERP,ORACLE_SCM,Kafka,Async,Failed,VAL_400,Required business field failed validation,Validation,11124,SESS-7D180EB51B,REQ-72B6A4D053F1,2026-09-10 05:37:44
EVT-0000276,IF_SAPPP_ORSC_001,SAP_ERP,ORACLE_SCM,Kafka,Async,Success,,,,1289,SESS-4BD8F8488A,REQ-6BBE383DB61D,2026-09-11 13:31:02
EVT-0000280,IF_SAPQM_ORWMS_001,SAP_ERP,ORACLE_SCM,Kafka,Async,Success,,,,2889,SESS-8DFAFE9391,REQ-87DA83F5904F,2026-09-10 16:13:35
EVT-0000282,IF_SAPQM_MESPE_001,SAP_ERP,MES,Kafka,Async,Success,,,,490,SESS-59C6DC7824,REQ-F3F3DA7602B2,2026-09-15 23:35:47
EVT-0000285,IF_SAPPROC_ORIM_001,SAP_ERP,ORACLE_SCM,REST_API,REST,Success,,,,2291,SESS-DC0378161A,REQ-ED17C2C4E153,2026-09-14 10:40:39
EVT-0000287,IF_SAPPROC_ORIM_001,SAP_ERP,ORACLE_SCM,REST_API,REST,Success,,,,2212,SESS-596358C938,REQ-F99BCA7C2E07,2026-09-16 14:59:49
EVT-0000301,IF_SAPPP_ORSC_001,SAP_ERP,ORACLE_SCM,Kafka,Async,Success,,,,1418,SESS-E1240065A0,REQ-9522D55C19ED,2026-09-16 05:16:16
EVT-0000302,IF_SAPPP_MESPE_001,SAP_ERP,MES,Kafka,Async,Success,,,,1173,SESS-720CBD5B37,REQ-BF0B0B762643,2026-09-16 12:34:05
EVT-0000304,IF_SAPFIN_HCMPAY_001,SAP_ERP,HCM,SFTP,Batch,Success,,,,23106,SESS-FA7D885630,REQ-5552563CB764,2026-09-11 00:48:27
EVT-0000306,IF_SAPQM_ORWMS_001,SAP_ERP,ORACLE_SCM,Kafka,Async,Success,,,,3063,SESS-1B7A72598C,REQ-4065D28EA68C,2026-09-13 15:29:32
EVT-0000307,IF_SAPFIN_HCMPAY_001,SAP_ERP,HCM,SFTP,Batch,Retry,CAP_003,Downstream service is at capacity,Capacity,43872,SESS-79E2586969,REQ-EE7D7FD2AAA1,2026-09-13 18:09:00
EVT-0000310,IF_SAPPP_ORSC_001,SAP_ERP,ORACLE_SCM,Kafka,Async,Retry,CAP_003,Downstream service is at capacity,Capacity,2220,SESS-36762A65A4,REQ-A10A6EBDA40B,2026-09-15 09:41:48
EVT-0000312,IF_SAPFIN_HCMPAY_001,SAP_ERP,HCM,SFTP,Batch,Success,,,,13483,SESS-3C5D2183D4,REQ-4F31F0DBB8EC,2026-09-13 10:58:02
EVT-0000318,IF_SAPFIN_HCMPAY_001,SAP_ERP,HCM,SFTP,Batch,Success,,,,11576,SESS-21CA463648,REQ-208FC150BAD5,2026-09-11 21:59:46
EVT-0000319,IF_SAPPP_ORSC_001,SAP_ERP,ORACLE_SCM,Kafka,Async,Success,,,,608,SESS-86FEAEF153,REQ-80846E712EDF,2026-09-16 23:40:34
EVT-0000320,IF_SAPPROC_ORIM_001,SAP_ERP,ORACLE_SCM,REST_API,REST,Success,,,,1862,SESS-24594A0675,REQ-BB54E2133381,2026-09-16 02:05:22
EVT-0000324,IF_SAPPROC_ORWMS_001,SAP_ERP,ORACLE_SCM,SFTP,Batch,Retry,TIME_004,Downstream response exceeded SLA,Timeout,51680,SESS-3111EABA15,REQ-036C179FDCCE,2026-09-12 14:27:07
EVT-0000328,IF_SAPPP_ORSC_001,SAP_ERP,ORACLE_SCM,Kafka,Async,Success,,,,1518,SESS-E5AC5B9335,REQ-CDECB64879B5,2026-09-10 21:45:27
EVT-0000333,IF_SAPPROC_ORWMS_001,SAP_ERP,ORACLE_SCM,SFTP,Batch,Success,,,,13823,SESS-E889734621,REQ-643A05B3F93B,2026-09-11 10:43:27
EVT-0000338,IF_SAPPP_ORSC_001,SAP_ERP,ORACLE_SCM,Kafka,Async,Success,,,,906,SESS-C6FAA8AF71,REQ-A0D70290C883,2026-09-16 17:59:05
EVT-0000341,IF_SAPQM_ORWMS_001,SAP_ERP,ORACLE_SCM,Kafka,Async,Success,,,,3250,SESS-8EEB46FF8F,REQ-1E843B021EFB,2026-09-14 07:01:44
EVT-0000351,IF_SAPPP_MESPE_001,SAP_ERP,MES,Kafka,Async,Success,,,,997,SESS-D54858FA6D,REQ-A406075691E9,2026-09-14 08:28:46
EVT-0000352,IF_SAPPP_MESPE_001,SAP_ERP,MES,Kafka,Async,Retry,AUTHZ_403,Caller is not authorized,Authorization,1641,SESS-D1E72D99B5,REQ-223139367B31,2026-09-16 14:12:10
EVT-0000354,IF_SAPPROC_ORIM_001,SAP_ERP,ORACLE_SCM,REST_API,REST,Success,,,,2592,SESS-37A94DA5BF,REQ-D94231E60EE3,2026-09-13 18:39:34
EVT-0000355,IF_SAPQM_ORWMS_001,SAP_ERP,ORACLE_SCM,Kafka,Async,Retry,CFG_017,Interface configuration mismatch,Configuration,4320,SESS-9CEF542849,REQ-13AADCF5341D,2026-09-16 09:53:13
EVT-0000357,IF_SAPPP_ORSC_001,SAP_ERP,ORACLE_SCM,Kafka,Async,Success,,,,569,SESS-A5310D0EAC,REQ-7C2B100FDA22,2026-09-10 23:52:18
EVT-0000358,IF_SAPPP_MESPE_001,SAP_ERP,MES,Kafka,Async,Success,,,,1117,SESS-7665B6A144,REQ-57051EAF6E36,2026-09-15 16:34:10
EVT-0000360,IF_SAPFIN_HCMPAY_001,SAP_ERP,HCM,SFTP,Batch,Success,,,,13639,SESS-397965AF8A,REQ-70C71E257BEA,2026-09-13 06:04:54
EVT-0000364,IF_SAPQM_MESPE_001,SAP_ERP,MES,Kafka,Async,Retry,CFG_017,Interface configuration mismatch,Configuration,2528,SESS-7484A7BE16,REQ-FED440D03D55,2026-09-10 22:35:19
EVT-0000372,IF_SAPPROC_ORWMS_001,SAP_ERP,ORACLE_SCM,SFTP,Batch,Success,,,,15807,SESS-9541EDA946,REQ-2E63A31F6F39,2026-09-14 07:36:18
EVT-0000373,IF_SAPPP_ORSC_001,SAP_ERP,ORACLE_SCM,Kafka,Async,Success,,,,1227,SESS-A3A85ED1C0,REQ-50C46B06FD31,2026-09-15 13:55:06
EVT-0000375,IF_SAPPP_MESPE_001,SAP_ERP,MES,Kafka,Async,Success,,,,948,SESS-F5CBA4771C,REQ-F17FEBC0FFC8,2026-09-13 11:48:57
EVT-0000378,IF_SAPQM_MESPE_001,SAP_ERP,MES,Kafka,Async,Success,,,,768,SESS-741FCFDB93,REQ-B77F9AD03D06,2026-09-16 02:10:43
EVT-0000380,IF_SAPPROC_ORIM_001,SAP_ERP,ORACLE_SCM,REST_API,REST,Success,,,,2701,SESS-0996452438,REQ-CE2587DBFB01,2026-09-14 22:32:48
EVT-0000384,IF_SAPQM_ORWMS_001,SAP_ERP,ORACLE_SCM,Kafka,Async,Success,,,,3229,SESS-677F841E14,REQ-696E95E0F034,2026-09-15 03:48:15
EVT-0000391,IF_SAPPP_MESPE_001,SAP_ERP,MES,Kafka,Async,Success,,,,828,SESS-6BB9CD5CEA,REQ-B839C1B335B1,2026-09-13 05:29:40
EVT-0000397,IF_SAPQM_MESPE_001,SAP_ERP,MES,Kafka,Async,Retry,DB_COMMIT_014,Transaction commit failed,Database,3501,SESS-17B0122E8E,REQ-F9662783B855,2026-09-11 21:16:28
EVT-0000398,IF_SAPPP_ORSC_001,SAP_ERP,ORACLE_SCM,Kafka,Async,Success,,,,909,SESS-4A7332AB1A,REQ-992C786D1021,2026-09-13 16:42:38
EVT-0000400,IF_SAPFIN_HCMPAY_001,SAP_ERP,HCM,SFTP,Batch,Success,,,,13837,SESS-B886770701,REQ-D7858CF786A4,2026-09-10 20:21:54
EVT-0000401,IF_SAPFIN_HCMPAY_001,SAP_ERP,HCM,SFTP,Batch,Success,,,,7663,SESS-FB8D2B3408,REQ-4A7888A84690,2026-09-15 05:19:41
EVT-0000402,IF_SAPPROC_ORIM_001,SAP_ERP,ORACLE_SCM,REST_API,REST,Success,,,,2823,SESS-4A2B75656F,REQ-661B4B98A12D,2026-09-16 11:43:56
EVT-0000405,IF_SAPPROC_ORWMS_001,SAP_ERP,ORACLE_SCM,SFTP,Batch,Success,,,,12462,SESS-EB4F2B730C,REQ-A26B32B6BE0E,2026-09-16 19:06:09
EVT-0000409,IF_SAPQM_MESPE_001,SAP_ERP,MES,Kafka,Async,Success,,,,781,SESS-4F4E4E93B7,REQ-A60843CBC3A3,2026-09-15 21:26:10
EVT-0000423,IF_SAPPROC_ORWMS_001,SAP_ERP,ORACLE_SCM,SFTP,Batch,Success,,,,17373,SESS-AD52CDB8FE,REQ-6A5EE06DCD67,2026-09-15 20:23:51
EVT-0000426,IF_SAPPP_ORSC_001,SAP_ERP,ORACLE_SCM,Kafka,Async,Success,,,,1356,SESS-2FB25E9754,REQ-D34AA8D5C361,2026-09-12 04:02:51
EVT-0000430,IF_SAPPROC_ORIM_001,SAP_ERP,ORACLE_SCM,REST_API,REST,Success,,,,1677,SESS-2DDA36EFF4,REQ-3FC1AB68833C,2026-09-13 12:05:17
EVT-0000432,IF_SAPQM_ORWMS_001,SAP_ERP,ORACLE_SCM,Kafka,Async,Success,,,,2785,SESS-294D16D9A4,REQ-64E49E5F04A7,2026-09-14 21:58:17
EVT-0000434,IF_SAPPROC_ORWMS_001,SAP_ERP,ORACLE_SCM,SFTP,Batch,Failed,CAP_003,Downstream service is at capacity,Capacity,72198,SESS-F86423E9F6,REQ-85645B3D2C26,2026-09-14 20:31:34
EVT-0000439,IF_SAPFIN_HCMPAY_001,SAP_ERP,HCM,SFTP,Batch,Success,,,,14021,SESS-599B67ED4D,REQ-BE7E2FA7E3F7,2026-09-13 06:43:53
EVT-0000441,IF_SAPPP_ORSC_001,SAP_ERP,ORACLE_SCM,Kafka,Async,Success,,,,1816,SESS-38A3C7A05F,REQ-8F29DD306AB5,2026-09-16 05:19:45
EVT-0000454,IF_SAPQM_ORWMS_001,SAP_ERP,ORACLE_SCM,Kafka,Async,Success,,,,1559,SESS-DF537160EB,REQ-4F5B6B1D35AA,2026-09-11 11:21:03
EVT-0000459,IF_SAPQM_MESPE_001,SAP_ERP,MES,Kafka,Async,Success,,,,985,SESS-3DDBA142AA,REQ-B8260400A6E5,2026-09-13 14:34:56
EVT-0000461,IF_SAPQM_MESPE_001,SAP_ERP,MES,Kafka,Async,Success,,,,727,SESS-F48AB0AB60,REQ-7BAC630D7318,2026-09-12 01:13:42
EVT-0000465,IF_SAPPROC_ORWMS_001,SAP_ERP,ORACLE_SCM,SFTP,Batch,Failed,TIME_004,Downstream response exceeded SLA,Timeout,92277,SESS-0C9EF8264C,REQ-65EF91B4658E,2026-09-16 13:02:05
EVT-0000469,IF_SAPFIN_HCMPAY_001,SAP_ERP,HCM,SFTP,Batch,Failed,VAL_400,Required business field failed validation,Validation,22512,SESS-9DAC2E3A4C,REQ-BB6228E13B0D,2026-09-13 23:32:34
EVT-0000473,IF_SAPPROC_ORWMS_001,SAP_ERP,ORACLE_SCM,SFTP,Batch,Success,,,,11151,SESS-FD80B0FF8D,REQ-E930293645EC,2026-09-16 10:28:12
EVT-0000475,IF_SAPFIN_HCMPAY_001,SAP_ERP,HCM,SFTP,Batch,Success,,,,14333,SESS-80F089E72A,REQ-E3B77054F81E,2026-09-14 09:08:52
EVT-0000476,IF_SAPFIN_HCMPAY_001,SAP_ERP,HCM,SFTP,Batch,Success,,,,9003,SESS-9351FD8D66,REQ-3646C525FC11,2026-09-15 11:08:39
EVT-0000477,IF_SAPFIN_HCMPAY_001,SAP_ERP,HCM,SFTP,Batch,Success,,,,17159,SESS-4447887EFD,REQ-E0D2609B3954,2026-09-15 02:33:16
EVT-0000484,IF_SAPQM_MESPE_001,SAP_ERP,MES,Kafka,Async,Success,,,,855,SESS-3C72CF4510,REQ-1688FC572111,2026-09-13 20:37:45
EVT-0000487,IF_SAPPROC_ORIM_001,SAP_ERP,ORACLE_SCM,REST_API,REST,Retry,VAL_400,Required business field failed validation,Validation,5300,SESS-2115F2C24D,REQ-EB3376D19289,2026-09-15 22:43:04
EVT-0000490,IF_SAPPROC_ORIM_001,SAP_ERP,ORACLE_SCM,REST_API,REST,Failed,AUTHZ_403,Caller is not authorized,Authorization,7761,SESS-6AB7012179,REQ-2F902137D1E2,2026-09-13 19:57:39
EVT-0000492,IF_SAPPP_MESPE_001,SAP_ERP,MES,Kafka,Async,Success,,,,1045,SESS-722632CC40,REQ-CC72CD3FA32A,2026-09-11 03:17:53
EVT-0000495,IF_SAPQM_MESPE_001,SAP_ERP,MES,Kafka,Async,Success,,,,897,SESS-BF8219315C,REQ-ED01335CCFEF,2026-09-15 06:56:19
EVT-0000501,IF_SAPFIN_HCMPAY_001,SAP_ERP,HCM,SFTP,Batch,Success,,,,8828,SESS-A05DCC1DB6,REQ-4C303C77B1BE,2026-09-14 01:21:58
EVT-0000503,IF_SAPPP_MESPE_001,SAP_ERP,MES,Kafka,Async,Success,,,,726,SESS-7843625F30,REQ-5C0BA5CF873E,2026-09-12 09:08:26
EVT-0000504,IF_SAPQM_MESPE_001,SAP_ERP,MES,Kafka,Async,Success,,,,885,SESS-77DC21138D,REQ-78460693D392,2026-09-10 22:17:29
EVT-0000506,IF_SAPPP_MESPE_001,SAP_ERP,MES,Kafka,Async,Success,,,,985,SESS-3CAE1337AB,REQ-BAB971661490,2026-09-15 02:47:54
EVT-0000509,IF_SAPPROC_ORWMS_001,SAP_ERP,ORACLE_SCM,SFTP,Batch,Retry,CFG_017,Interface configuration mismatch,Configuration,21063,SESS-030E5CF11E,REQ-441F6CD0ADB3,2026-09-13 23:41:14
EVT-0000512,IF_SAPPROC_ORIM_001,SAP_ERP,ORACLE_SCM,REST_API,REST,Success,,,,2209,SESS-A5FE3B3CE4,REQ-6766524BA29B,2026-09-13 04:58:09
EVT-0000519,IF_SAPQM_ORWMS_001,SAP_ERP,ORACLE_SCM,Kafka,Async,Success,,,,1971,SESS-FFD9B0A28E,REQ-738A1EA14F26,2026-09-15 10:09:05
EVT-0000523,IF_SAPPROC_ORIM_001,SAP_ERP,ORACLE_SCM,REST_API,REST,Success,,,,1716,SESS-E7DFF7D19B,REQ-D1B0C297EAB1,2026-09-10 00:04:43
EVT-0000533,IF_SAPPROC_ORIM_001,SAP_ERP,ORACLE_SCM,REST_API,REST,Retry,EXT_502,Downstream service returned 502,External Service,5075,SESS-64144C946F,REQ-43231A122AC9,2026-09-14 11:07:49
EVT-0000535,IF_SAPPP_MESPE_001,SAP_ERP,MES,Kafka,Async,Success,,,,487,SESS-EE04561347,REQ-224A065CF187,2026-09-13 00:02:08
EVT-0000536,IF_SAPFIN_HCMPAY_001,SAP_ERP,HCM,SFTP,Batch,Success,,,,11838,SESS-54A007BECF,REQ-DC3127267F82,2026-09-14 10:48:28
EVT-0000541,IF_SAPPP_ORSC_001,SAP_ERP,ORACLE_SCM,Kafka,Async,Success,,,,1087,SESS-2B05EF60F2,REQ-26409CA06C46,2026-09-12 02:40:07
EVT-0000543,IF_SAPPROC_ORWMS_001,SAP_ERP,ORACLE_SCM,SFTP,Batch,Success,,,,7084,SESS-D20738F863,REQ-27C1969520B2,2026-09-10 19:50:16
EVT-0000544,IF_SAPQM_ORWMS_001,SAP_ERP,ORACLE_SCM,Kafka,Async,Success,,,,2189,SESS-70243FC71B,REQ-3BD3DE528638,2026-09-16 13:16:33
EVT-0000546,IF_SAPPP_MESPE_001,SAP_ERP,MES,Kafka,Async,Retry,CFG_017,Interface configuration mismatch,Configuration,2959,SESS-AF7E79BCCC,REQ-0DCDBEF501EF,2026-09-15 15:42:58
EVT-0000550,IF_SAPPROC_ORWMS_001,SAP_ERP,ORACLE_SCM,SFTP,Batch,Success,,,,16706,SESS-2CD55A224A,REQ-6D559AF7F975,2026-09-12 00:15:06
EVT-0000551,IF_SAPFIN_HCMPAY_001,SAP_ERP,HCM,SFTP,Batch,Retry,DB_COMMIT_014,Transaction commit failed,Database,25272,SESS-048BDFFDA8,REQ-92C256D769CE,2026-09-11 13:16:03
EVT-0000555,IF_SAPPROC_ORWMS_001,SAP_ERP,ORACLE_SCM,SFTP,Batch,Retry,CAP_003,Downstream service is at capacity,Capacity,52188,SESS-160CCA563B,REQ-1644A6F47AB5,2026-09-10 21:27:07
EVT-0000569,IF_SAPPROC_ORWMS_001,SAP_ERP,ORACLE_SCM,SFTP,Batch,Success,,,,11591,SESS-5EF7696A8B,REQ-5F8DCB069018,2026-09-16 00:50:11
EVT-0000572,IF_SAPPP_ORSC_001,SAP_ERP,ORACLE_SCM,Kafka,Async,Retry,DB_COMMIT_014,Transaction commit failed,Database,4758,SESS-A92AB342C8,REQ-D377EA6FB305,2026-09-13 03:37:26
EVT-0000574,IF_SAPQM_ORWMS_001,SAP_ERP,ORACLE_SCM,Kafka,Async,Success,,,,2660,SESS-E267A356A1,REQ-F350467D57D7,2026-09-14 08:12:38
EVT-0000576,IF_SAPQM_MESPE_001,SAP_ERP,MES,Kafka,Async,Success,,,,890,SESS-E568236979,REQ-03394CACCA7E,2026-09-11 20:36:32
EVT-0000579,IF_SAPQM_MESPE_001,SAP_ERP,MES,Kafka,Async,Success,,,,1101,SESS-D0F598ECA1,REQ-ADEF8DAF7C20,2026-09-16 17:02:02
EVT-0000582,IF_SAPPROC_ORWMS_001,SAP_ERP,ORACLE_SCM,SFTP,Batch,Retry,CAP_003,Downstream service is at capacity,Capacity,31508,SESS-BF9F6BC4F6,REQ-43EBE92BCFFC,2026-09-15 09:24:38
EVT-0000587,IF_SAPPP_ORSC_001,SAP_ERP,ORACLE_SCM,Kafka,Async,Success,,,,1703,SESS-BA7C9B67B3,REQ-7B79557FEF53,2026-09-11 04:05:14
EVT-0000591,IF_SAPFIN_HCMPAY_001,SAP_ERP,HCM,SFTP,Batch,Success,,,,13370,SESS-EEC5DA6877,REQ-5303C1C08CFC,2026-09-14 18:48:23
EVT-0000593,IF_SAPPP_ORSC_001,SAP_ERP,ORACLE_SCM,Kafka,Async,Retry,EXT_502,Downstream service returned 502,External Service,2925,SESS-D66C379DBB,REQ-46FF9EB79264,2026-09-10 01:34:10
EVT-0000594,IF_SAPPROC_ORIM_001,SAP_ERP,ORACLE_SCM,REST_API,REST,Success,,,,1385,SESS-EACDECD2B0,REQ-B2ACAB650EF8,2026-09-11 15:42:00
EVT-0000595,IF_SAPPROC_ORWMS_001,SAP_ERP,ORACLE_SCM,SFTP,Batch,Success,,,,15798,SESS-C1761D0355,REQ-5666B3F71A1B,2026-09-11 09:39:40
EVT-0000596,IF_SAPQM_ORWMS_001,SAP_ERP,ORACLE_SCM,Kafka,Async,Failed,VAL_400,Required business field failed validation,Validation,17330,SESS-1CFCD72399,REQ-4AB35BCB2DC2,2026-09-15 02:31:37
EVT-0000597,IF_SAPPROC_ORIM_001,SAP_ERP,ORACLE_SCM,REST_API,REST,Success,,,,1371,SESS-18F5E5F929,REQ-50F432EE1F10,2026-09-15 06:57:07
EVT-0000599,IF_SAPPP_ORSC_001,SAP_ERP,ORACLE_SCM,Kafka,Async,Failed,VAL_400,Required business field failed validation,Validation,7670,SESS-C379048A25,REQ-AED7E2177E8C,2026-09-16 08:34:23
EVT-0000609,IF_SAPPP_MESPE_001,SAP_ERP,MES,Kafka,Async,Success,,,,734,SESS-902B29F6CD,REQ-1B03B12A8C72,2026-09-14 09:12:30
EVT-0000613,IF_SAPQM_ORWMS_001,SAP_ERP,ORACLE_SCM,Kafka,Async,Success,,,,2370,SESS-32086A6BFA,REQ-891FA266131C,2026-09-13 19:15:21
EVT-0000620,IF_SAPQM_MESPE_001,SAP_ERP,MES,Kafka,Async,Retry,INFRA_008,Runtime node unavailable,Infrastructure,2917,SESS-A528B37075,REQ-B45A107714E6,2026-09-10 06:38:54
EVT-0000623,IF_SAPFIN_HCMPAY_001,SAP_ERP,HCM,SFTP,Batch,Success,,,,8018,SESS-E3116FE728,REQ-30A9C655BF3B,2026-09-13 20:59:03
EVT-0000625,IF_SAPPROC_ORWMS_001,SAP_ERP,ORACLE_SCM,SFTP,Batch,Success,,,,11292,SESS-B4C59B751C,REQ-351BC8A6A015,2026-09-13 00:58:49
EVT-0000632,IF_SAPPROC_ORIM_001,SAP_ERP,ORACLE_SCM,REST_API,REST,Success,,,,1789,SESS-4C5DD1B9C8,REQ-75BDC8C726D6,2026-09-16 01:38:41
EVT-0000653,IF_SAPQM_ORWMS_001,SAP_ERP,ORACLE_SCM,Kafka,Async,Success,,,,2793,SESS-3F2827B074,REQ-724E9CB46D49,2026-09-14 11:36:33
EVT-0000662,IF_SAPQM_MESPE_001,SAP_ERP,MES,Kafka,Async,Failed,CAP_003,Downstream service is at capacity,Capacity,7679,SESS-495EA5779D,REQ-F1702F29C22E,2026-09-12 10:27:16
EVT-0000669,IF_SAPQM_ORWMS_001,SAP_ERP,ORACLE_SCM,Kafka,Async,Success,,,,2520,SESS-C81287966E,REQ-4FF0A129386B,2026-09-11 01:40:24
EVT-0000679,IF_SAPQM_ORWMS_001,SAP_ERP,ORACLE_SCM,Kafka,Async,Retry,EXT_502,Downstream service returned 502,External Service,6833,SESS-B5C6F64B8E,REQ-BC101A1637B0,2026-09-16 22:04:19
EVT-0000680,IF_SAPPROC_ORIM_001,SAP_ERP,ORACLE_SCM,REST_API,REST,Success,,,,1859,SESS-DCFDF41F6F,REQ-8B7B9D002D8A,2026-09-11 20:53:57
EVT-0000682,IF_SAPPP_ORSC_001,SAP_ERP,ORACLE_SCM,Kafka,Async,Success,,,,1153,SESS-B015B19CCA,REQ-E5AEB65E1358,2026-09-10 06:54:16
EVT-0000683,IF_SAPPROC_ORIM_001,SAP_ERP,ORACLE_SCM,REST_API,REST,Success,,,,1595,SESS-946A4660BC,REQ-70FB5FCE656A,2026-09-13 08:12:21
EVT-0000686,IF_SAPQM_ORWMS_001,SAP_ERP,ORACLE_SCM,Kafka,Async,Success,,,,1782,SESS-6D9899AE49,REQ-3A95A46B7BBD,2026-09-16 17:03:27
EVT-0000693,IF_SAPQM_ORWMS_001,SAP_ERP,ORACLE_SCM,Kafka,Async,Retry,VAL_400,Required business field failed validation,Validation,3556,SESS-347AD1A10D,REQ-8FE2C90D7D86,2026-09-12 13:13:14
EVT-0000699,IF_SAPPP_ORSC_001,SAP_ERP,ORACLE_SCM,Kafka,Async,Success,,,,1469,SESS-A67243D2B0,REQ-F4BD8A642F83,2026-09-10 03:25:57
EVT-0000702,IF_SAPPROC_ORWMS_001,SAP_ERP,ORACLE_SCM,SFTP,Batch,Success,,,,11774,SESS-9483944663,REQ-88E217BB364E,2026-09-13 19:56:58
EVT-0000705,IF_SAPFIN_HCMPAY_001,SAP_ERP,HCM,SFTP,Batch,Success,,,,14384,SESS-327C35740B,REQ-A1ED4D5CB76F,2026-09-11 03:31:37
EVT-0000711,IF_SAPPP_MESPE_001,SAP_ERP,MES,Kafka,Async,Success,,,,962,SESS-AC4EB1C95D,REQ-35AB47F09976,2026-09-15 10:30:48
EVT-0000716,IF_SAPPROC_ORWMS_001,SAP_ERP,ORACLE_SCM,SFTP,Batch,Success,,,,12504,SESS-42B5FC3718,REQ-C82A4CC5B7DC,2026-09-10 23:33:58
EVT-0000718,IF_SAPPROC_ORWMS_001,SAP_ERP,ORACLE_SCM,SFTP,Batch,Success,,,,13062,SESS-D4072DA1C7,REQ-6512BFF4F523,2026-09-16 14:20:07
EVT-0000726,IF_SAPPP_ORSC_001,SAP_ERP,ORACLE_SCM,Kafka,Async,Success,,,,2141,SESS-6794B398BF,REQ-09DA8F772B77,2026-09-13 11:30:08
EVT-0000731,IF_SAPPROC_ORWMS_001,SAP_ERP,ORACLE_SCM,SFTP,Batch,Failed,CFG_017,Interface configuration mismatch,Configuration,70330,SESS-469D0276E2,REQ-F310ACE80475,2026-09-14 22:22:41
EVT-0000732,IF_SAPFIN_HCMPAY_001,SAP_ERP,HCM,SFTP,Batch,Success,,,,14851,SESS-2666314B64,REQ-C4BBB6429134,2026-09-14 20:26:56
EVT-0000733,IF_SAPPP_ORSC_001,SAP_ERP,ORACLE_SCM,Kafka,Async,Success,,,,1248,SESS-6D71C3F0A5,REQ-BF482DB8A1A6,2026-09-13 17:42:33
EVT-0000737,IF_SAPPP_MESPE_001,SAP_ERP,MES,Kafka,Async,Retry,CAP_003,Downstream service is at capacity,Capacity,1544,SESS-808DC7DB69,REQ-F07CD4BB571C,2026-09-13 12:23:23
EVT-0000743,IF_SAPPROC_ORWMS_001,SAP_ERP,ORACLE_SCM,SFTP,Batch,Success,,,,11552,SESS-6628918396,REQ-7B120CA7E103,2026-09-13 12:46:47
EVT-0000744,IF_SAPFIN_HCMPAY_001,SAP_ERP,HCM,SFTP,Batch,Success,,,,8477,SESS-633CBCAD93,REQ-45C8ABC97E79,2026-09-13 08:47:59
EVT-0000748,IF_SAPPP_MESPE_001,SAP_ERP,MES,Kafka,Async,Failed,INFRA_008,Runtime node unavailable,Infrastructure,1004,SESS-30456B353E,REQ-2BBAF51FFA89,2026-09-10 09:52:09
EVT-0000751,IF_SAPQM_ORWMS_001,SAP_ERP,ORACLE_SCM,Kafka,Async,Success,,,,2577,SESS-544C748736,REQ-1F7688A284A5,2026-09-14 03:20:42
EVT-0000753,IF_SAPPROC_ORIM_001,SAP_ERP,ORACLE_SCM,REST_API,REST,Success,,,,2607,SESS-972D207EC6,REQ-6709B0115AA5,2026-09-11 06:58:50
EVT-0000755,IF_SAPPP_ORSC_001,SAP_ERP,ORACLE_SCM,Kafka,Async,Retry,INFRA_008,Runtime node unavailable,Infrastructure,3282,SESS-AA127763AD,REQ-FAE94E63642B,2026-09-12 08:45:00
EVT-0000757,IF_SAPQM_ORWMS_001,SAP_ERP,ORACLE_SCM,Kafka,Async,Success,,,,2443,SESS-2B49CE670A,REQ-0DF8BF44CD29,2026-09-15 01:17:33
EVT-0000761,IF_SAPPP_ORSC_001,SAP_ERP,ORACLE_SCM,Kafka,Async,Retry,INFRA_008,Runtime node unavailable,Infrastructure,3543,SESS-CA53517F58,REQ-19CD3BC82544,2026-09-12 05:53:12
EVT-0000769,IF_SAPPROC_ORIM_001,SAP_ERP,ORACLE_SCM,REST_API,REST,Success,,,,1939,SESS-6273433D4E,REQ-AC3F130D4AE0,2026-09-11 23:04:51
EVT-0000771,IF_SAPQM_ORWMS_001,SAP_ERP,ORACLE_SCM,Kafka,Async,Success,,,,3926,SESS-4FDA532897,REQ-7D18E6C2A96F,2026-09-16 07:48:16
EVT-0000775,IF_SAPPROC_ORWMS_001,SAP_ERP,ORACLE_SCM,SFTP,Batch,Success,,,,12572,SESS-C6BCAA4B27,REQ-C11FA0A55074,2026-09-12 10:10:41
EVT-0000778,IF_SAPPP_ORSC_001,SAP_ERP,ORACLE_SCM,Kafka,Async,Success,,,,1750,SESS-E8591AA154,REQ-D1EE24A80338,2026-09-10 21:12:19
EVT-0000785,IF_SAPPROC_ORIM_001,SAP_ERP,ORACLE_SCM,REST_API,REST,Failed,AUTH_401,Service credential rejected,Authentication,9999,SESS-EAB5A97AC8,REQ-11B59B8B12B5,2026-09-13 20:17:59
EVT-0000792,IF_SAPFIN_HCMPAY_001,SAP_ERP,HCM,SFTP,Batch,Success,,,,13593,SESS-142EA93F71,REQ-86AC18904331,2026-09-11 09:01:25
EVT-0000794,IF_SAPQM_ORWMS_001,SAP_ERP,ORACLE_SCM,Kafka,Async,Success,,,,1458,SESS-230F02AA19,REQ-F7F273D1D0BB,2026-09-16 02:40:35
EVT-0000795,IF_SAPFIN_HCMPAY_001,SAP_ERP,HCM,SFTP,Batch,Success,,,,22804,SESS-D24C2058CD,REQ-BD2A1CDD7726,2026-09-11 10:36:40
EVT-0000798,IF_SAPPROC_ORIM_001,SAP_ERP,ORACLE_SCM,REST_API,REST,Success,,,,2259,SESS-31C70B6A21,REQ-0D0955FE74AA,2026-09-13 06:33:25
EVT-0000799,IF_SAPPROC_ORWMS_001,SAP_ERP,ORACLE_SCM,SFTP,Batch,Success,,,,13640,SESS-BB33739973,REQ-6030C3BDA654,2026-09-12 18:06:04
EVT-0000801,IF_SAPPP_MESPE_001,SAP_ERP,MES,Kafka,Async,Success,,,,934,SESS-A1022FA0B9,REQ-E8710E5A715F,2026-09-13 07:44:45
EVT-0000804,IF_SAPPP_MESPE_001,SAP_ERP,MES,Kafka,Async,Success,,,,744,SESS-BFF2A09E4E,REQ-F87DD9986F72,2026-09-13 22:10:57
EVT-0000807,IF_SAPFIN_HCMPAY_001,SAP_ERP,HCM,SFTP,Batch,Success,,,,14257,SESS-9E7233D443,REQ-7825CA1A83EA,2026-09-14 19:01:10
EVT-0000813,IF_SAPQM_ORWMS_001,SAP_ERP,ORACLE_SCM,Kafka,Async,Success,,,,2022,SESS-A7C4C993B3,REQ-5D4734042BE5,2026-09-15 03:21:35
EVT-0000816,IF_SAPQM_MESPE_001,SAP_ERP,MES,Kafka,Async,Success,,,,1117,SESS-9B580DA340,REQ-075610580000,2026-09-10 01:29:26
EVT-0000828,IF_SAPPP_ORSC_001,SAP_ERP,ORACLE_SCM,Kafka,Async,Success,,,,1348,SESS-71AEF93943,REQ-A3B6F97963C5,2026-09-11 20:59:28
EVT-0000839,IF_SAPPP_ORSC_001,SAP_ERP,ORACLE_SCM,Kafka,Async,Success,,,,1141,SESS-13928A1628,REQ-2B4B287E2FD3,2026-09-11 07:06:33
EVT-0000841,IF_SAPQM_MESPE_001,SAP_ERP,MES,Kafka,Async,Success,,,,1119,SESS-BBC43772A3,REQ-B0D0518D3F90,2026-09-11 07:24:10
EVT-0000842,IF_SAPPROC_ORWMS_001,SAP_ERP,ORACLE_SCM,SFTP,Batch,Failed,VAL_400,Required business field failed validation,Validation,75323,SESS-B5D53FCC36,REQ-80DB025EA1F1,2026-09-15 17:31:12
EVT-0000844,IF_SAPQM_ORWMS_001,SAP_ERP,ORACLE_SCM,Kafka,Async,Retry,INFRA_008,Runtime node unavailable,Infrastructure,6194,SESS-082790B2B1,REQ-EF1E6C06BC86,2026-09-16 09:54:07
EVT-0000850,IF_SAPQM_ORWMS_001,SAP_ERP,ORACLE_SCM,Kafka,Async,Retry,CFG_017,Interface configuration mismatch,Configuration,6929,SESS-C980E9D13C,REQ-09D812367E7C,2026-09-14 12:08:58
EVT-0000853,IF_SAPPROC_ORWMS_001,SAP_ERP,ORACLE_SCM,SFTP,Batch,Failed,NET_CONN_003,Connection reset by peer,Network,20654,SESS-781E40102B,REQ-8AABD8578742,2026-09-14 21:57:22
EVT-0000856,IF_SAPPROC_ORWMS_001,SAP_ERP,ORACLE_SCM,SFTP,Batch,Success,,,,12681,SESS-423E4EF9EA,REQ-1799353F772A,2026-09-10 00:50:06
EVT-0000863,IF_SAPPP_ORSC_001,SAP_ERP,ORACLE_SCM,Kafka,Async,Success,,,,2072,SESS-BDFCA684EC,REQ-CBAB22048BD1,2026-09-15 10:34:20
EVT-0000867,IF_SAPPP_ORSC_001,SAP_ERP,ORACLE_SCM,Kafka,Async,Success,,,,1494,SESS-604A5A62A0,REQ-C05885C0F9BE,2026-09-15 23:52:56
EVT-0000869,IF_SAPQM_MESPE_001,SAP_ERP,MES,Kafka,Async,Success,,,,1127,SESS-51B86A09BC,REQ-1792CB90EAA1,2026-09-11 21:53:22
EVT-0000871,IF_SAPPROC_ORIM_001,SAP_ERP,ORACLE_SCM,REST_API,REST,Success,,,,2837,SESS-4ED89EC60A,REQ-E3916F20B36D,2026-09-16 08:22:17
EVT-0000872,IF_SAPPROC_ORWMS_001,SAP_ERP,ORACLE_SCM,SFTP,Batch,Retry,TIME_004,Downstream response exceeded SLA,Timeout,35418,SESS-D7DBD2A512,REQ-00C8DBBD4B20,2026-09-13 23:36:57
EVT-0000873,IF_SAPQM_MESPE_001,SAP_ERP,MES,Kafka,Async,Success,,,,888,SESS-547DD3DAE1,REQ-5D14FC253494,2026-09-13 01:45:33
EVT-0000879,IF_SAPQM_MESPE_001,SAP_ERP,MES,Kafka,Async,Success,,,,836,SESS-5C1A43B745,REQ-D56FC545EBB5,2026-09-13 19:13:25
EVT-0000880,IF_SAPPROC_ORWMS_001,SAP_ERP,ORACLE_SCM,SFTP,Batch,Retry,AUTHZ_403,Caller is not authorized,Authorization,51918,SESS-1D6918FCE0,REQ-B149406550DC,2026-09-14 04:18:11
EVT-0000882,IF_SAPPP_ORSC_001,SAP_ERP,ORACLE_SCM,Kafka,Async,Success,,,,1293,SESS-5B51BF81AD,REQ-BE52C19924B0,2026-09-12 22:46:28
EVT-0000891,IF_SAPFIN_HCMPAY_001,SAP_ERP,HCM,SFTP,Batch,Success,,,,13928,SESS-0319063EBE,REQ-8318B5D0F387,2026-09-12 22:10:34
EVT-0000902,IF_SAPPP_MESPE_001,SAP_ERP,MES,Kafka,Async,Success,,,,870,SESS-4532DE0554,REQ-A71BC8AB74C5,2026-09-12 06:48:26
EVT-0000904,IF_SAPPROC_ORWMS_001,SAP_ERP,ORACLE_SCM,SFTP,Batch,Success,,,,7640,SESS-8F3F1F8721,REQ-610099B58E45,2026-09-11 20:22:05
EVT-0000911,IF_SAPPROC_ORWMS_001,SAP_ERP,ORACLE_SCM,SFTP,Batch,Success,,,,9199,SESS-EF8E1CB797,REQ-25063F6C9163,2026-09-12 19:34:08
EVT-0000914,IF_SAPPROC_ORWMS_001,SAP_ERP,ORACLE_SCM,SFTP,Batch,Success,,,,12483,SESS-A5CD5427B9,REQ-074D5B5F88F7,2026-09-14 08:25:00
EVT-0000922,IF_SAPQM_ORWMS_001,SAP_ERP,ORACLE_SCM,Kafka,Async,Retry,EXT_502,Downstream service returned 502,External Service,3592,SESS-6898699E25,REQ-94BE6AB36AC2,2026-09-15 05:44:59
EVT-0000931,IF_SAPFIN_HCMPAY_001,SAP_ERP,HCM,SFTP,Batch,Retry,AUTH_401,Service credential rejected,Authentication,53674,SESS-8CDEDCC958,REQ-7B00A96EAAE3,2026-09-16 13:35:02
EVT-0000944,IF_SAPPP_MESPE_001,SAP_ERP,MES,Kafka,Async,Success,,,,789,SESS-20B15F6953,REQ-DFCD437D5482,2026-09-14 09:36:12
EVT-0000945,IF_SAPFIN_HCMPAY_001,SAP_ERP,HCM,SFTP,Batch,Success,,,,13732,SESS-D5B793B310,REQ-AF622EB6A854,2026-09-10 15:38:54
EVT-0000948,IF_SAPPP_ORSC_001,SAP_ERP,ORACLE_SCM,Kafka,Async,Retry,EXT_502,Downstream service returned 502,External Service,4213,SESS-F97A0A7D9D,REQ-51874B4A28AD,2026-09-14 17:41:47
EVT-0000950,IF_SAPPROC_ORIM_001,SAP_ERP,ORACLE_SCM,REST_API,REST,Success,,,,1215,SESS-01807D464A,REQ-75952EDB32BD,2026-09-15 23:21:36
EVT-0000955,IF_SAPPP_ORSC_001,SAP_ERP,ORACLE_SCM,Kafka,Async,Success,,,,1509,SESS-D04D1D919D,REQ-2F122EB7614B,2026-09-14 17:39:28
EVT-0000959,IF_SAPPROC_ORWMS_001,SAP_ERP,ORACLE_SCM,SFTP,Batch,Success,,,,18951,SESS-9D25AE58E4,REQ-C1CE0E6FC664,2026-09-14 19:59:03
EVT-0000960,IF_SAPQM_MESPE_001,SAP_ERP,MES,Kafka,Async,Retry,AUTHZ_403,Caller is not authorized,Authorization,3345,SESS-0C3FA349E1,REQ-E9E37F1E2D44,2026-09-12 07:26:04
EVT-0000967,IF_SAPPROC_ORWMS_001,SAP_ERP,ORACLE_SCM,SFTP,Batch,Success,,,,14196,SESS-3C6C034DBC,REQ-2923507B2276,2026-09-15 19:39:43
EVT-0000978,IF_SAPPROC_ORWMS_001,SAP_ERP,ORACLE_SCM,SFTP,Batch,Success,,,,9430,SESS-EC60172222,REQ-05E0D73F615F,2026-09-15 05:11:09
EVT-0000981,IF_SAPPROC_ORWMS_001,SAP_ERP,ORACLE_SCM,SFTP,Batch,Success,,,,10951,SESS-4AAA77C461,REQ-DD89F36937D5,2026-09-14 10:49:32
EVT-0000982,IF_SAPPROC_ORIM_001,SAP_ERP,ORACLE_SCM,REST_API,REST,Success,,,,1862,SESS-00A91B1E5E,REQ-31958C801EF6,2026-09-15 08:52:46
EVT-0000994,IF_SAPQM_MESPE_001,SAP_ERP,MES,Kafka,Async,Retry,VAL_400,Required business field failed validation,Validation,1500,SESS-D55A1F12D2,REQ-B16EE5159ACD,2026-09-12 13:23:38
EVT-0000998,IF_SAPQM_ORWMS_001,SAP_ERP,ORACLE_SCM,Kafka,Async,Retry,AUTHZ_403,Caller is not authorized,Authorization,8779,SESS-E657C5666B,REQ-DDB806C46AFF,2026-09-11 13:11:01
EVT-0001004,IF_SAPPROC_ORIM_001,SAP_ERP,ORACLE_SCM,REST_API,REST,Success,,,,2157,SESS-7D3B871611,REQ-92F9BC111F16,2026-09-12 07:47:16
EVT-0001006,IF_SAPPROC_ORIM_001,SAP_ERP,ORACLE_SCM,REST_API,REST,Success,,,,1393,SESS-BB1CEFE55E,REQ-E6D82B7A73CE,2026-09-13 10:15:42
EVT-0001007,IF_SAPPP_MESPE_001,SAP_ERP,MES,Kafka,Async,Success,,,,615,SESS-2CACC54A48,REQ-49D4F9CDB484,2026-09-10 17:15:44
EVT-0001016,IF_SAPPROC_ORWMS_001,SAP_ERP,ORACLE_SCM,SFTP,Batch,Success,,,,12090,SESS-D22E7444CE,REQ-404039D6BF40,2026-09-13 07:21:41
EVT-0001017,IF_SAPPROC_ORWMS_001,SAP_ERP,ORACLE_SCM,SFTP,Batch,Success,,,,12593,SESS-B5D5FF08F2,REQ-F144B0F1A68E,2026-09-11 23:47:15
EVT-0001020,IF_SAPPROC_ORWMS_001,SAP_ERP,ORACLE_SCM,SFTP,Batch,Success,,,,19146,SESS-AB620A0034,REQ-01700505B103,2026-09-13 10:57:37
EVT-0001021,IF_SAPQM_MESPE_001,SAP_ERP,MES,Kafka,Async,Success,,,,743,SESS-D3775E6649,REQ-A3986E29C383,2026-09-13 23:37:26
EVT-0001027,IF_SAPQM_ORWMS_001,SAP_ERP,ORACLE_SCM,Kafka,Async,Success,,,,3185,SESS-8C9CADB789,REQ-122483B354C4,2026-09-13 14:26:42
EVT-0001031,IF_SAPFIN_HCMPAY_001,SAP_ERP,HCM,SFTP,Batch,Success,,,,11104,SESS-BC282E80C3,REQ-09FBC630E1B0,2026-09-12 13:02:58
EVT-0001036,IF_SAPQM_ORWMS_001,SAP_ERP,ORACLE_SCM,Kafka,Async,Success,,,,2323,SESS-45D1D6BF9E,REQ-21F449DE6284,2026-09-13 10:14:56
EVT-0001046,IF_SAPFIN_HCMPAY_001,SAP_ERP,HCM,SFTP,Batch,Success,,,,15443,SESS-EBF50E1ECB,REQ-389D6C6F6FFD,2026-09-10 04:14:24
EVT-0001049,IF_SAPPP_ORSC_001,SAP_ERP,ORACLE_SCM,Kafka,Async,Success,,,,1236,SESS-71CFE1A0AB,REQ-8ECE974B2EF6,2026-09-11 09:06:57
EVT-0001062,IF_SAPQM_MESPE_001,SAP_ERP,MES,Kafka,Async,Success,,,,830,SESS-938C516D23,REQ-BED3A9101AC1,2026-09-12 14:38:28
EVT-0001069,IF_SAPPP_ORSC_001,SAP_ERP,ORACLE_SCM,Kafka,Async,Success,,,,1582,SESS-F7E01AE5BF,REQ-80C77D48D3C9,2026-09-13 09:05:31
EVT-0001072,IF_SAPPP_ORSC_001,SAP_ERP,ORACLE_SCM,Kafka,Async,Retry,CFG_017,Interface configuration mismatch,Configuration,4970,SESS-B982092FCA,REQ-2E1D10579F91,2026-09-14 05:47:17
EVT-0001073,IF_SAPQM_MESPE_001,SAP_ERP,MES,Kafka,Async,Success,,,,913,SESS-17B3E7436D,REQ-94A439A73435,2026-09-11 01:14:27
EVT-0001075,IF_SAPFIN_HCMPAY_001,SAP_ERP,HCM,SFTP,Batch,Retry,VAL_400,Required business field failed validation,Validation,37850,SESS-A257102D05,REQ-CA834E2740A9,2026-09-14 10:09:19
EVT-0001077,IF_SAPPP_ORSC_001,SAP_ERP,ORACLE_SCM,Kafka,Async,Success,,,,1174,SESS-003D947872,REQ-817115DFBE81,2026-09-10 08:17:15
EVT-0001081,IF_SAPPP_ORSC_001,SAP_ERP,ORACLE_SCM,Kafka,Async,Success,,,,1750,SESS-A7621FD22D,REQ-633462AE363E,2026-09-12 15:44:59
EVT-0001082,IF_SAPQM_ORWMS_001,SAP_ERP,ORACLE_SCM,Kafka,Async,Retry,VAL_400,Required business field failed validation,Validation,4851,SESS-EE6AF6BD78,REQ-D5693C670E22,2026-09-10 17:14:53
EVT-0001089,IF_SAPPROC_ORIM_001,SAP_ERP,ORACLE_SCM,REST_API,REST,Success,,,,2795,SESS-978B830B38,REQ-1B9B201AF90D,2026-09-15 20:24:06
EVT-0001097,IF_SAPPROC_ORWMS_001,SAP_ERP,ORACLE_SCM,SFTP,Batch,Success,,,,12623,SESS-821A8A44B1,REQ-982D61E3E47D,2026-09-14 13:22:02
EVT-0001100,IF_SAPPROC_ORIM_001,SAP_ERP,ORACLE_SCM,REST_API,REST,Success,,,,2403,SESS-1D2329847C,REQ-18708346E3F7,2026-09-10 08:50:52
EVT-0001109,IF_SAPPROC_ORWMS_001,SAP_ERP,ORACLE_SCM,SFTP,Batch,Success,,,,11580,SESS-CF05B9EAD3,REQ-393D2D419181,2026-09-11 08:29:22
EVT-0001111,IF_SAPPP_MESPE_001,SAP_ERP,MES,Kafka,Async,Success,,,,885,SESS-FAE60123FC,REQ-5601EB897F0C,2026-09-16 12:45:57
EVT-0001112,IF_SAPPROC_ORWMS_001,SAP_ERP,ORACLE_SCM,SFTP,Batch,Success,,,,10898,SESS-5F228671BD,REQ-02B45E3E65C9,2026-09-15 14:07:28
EVT-0001115,IF_SAPPP_MESPE_001,SAP_ERP,MES,Kafka,Async,Success,,,,517,SESS-2469386EF5,REQ-A0EAA4CFB1D5,2026-09-14 12:54:53
EVT-0001116,IF_SAPQM_ORWMS_001,SAP_ERP,ORACLE_SCM,Kafka,Async,Success,,,,2071,SESS-31EA1E38D8,REQ-6BB6BFE3E173,2026-09-13 04:02:09
EVT-0001117,IF_SAPPROC_ORWMS_001,SAP_ERP,ORACLE_SCM,SFTP,Batch,Success,,,,8806,SESS-7FE22DBA8C,REQ-B054769F782F,2026-09-11 00:23:21
EVT-0001128,IF_SAPPP_MESPE_001,SAP_ERP,MES,Kafka,Async,Retry,EXT_502,Downstream service returned 502,External Service,2195,SESS-7786EE263A,REQ-A0025C0FF8B7,2026-09-12 16:28:52
EVT-0001130,IF_SAPQM_ORWMS_001,SAP_ERP,ORACLE_SCM,Kafka,Async,Success,,,,1979,SESS-1D6A2F7E3E,REQ-05799AA2E8AE,2026-09-16 18:47:43
EVT-0001131,IF_SAPPP_ORSC_001,SAP_ERP,ORACLE_SCM,Kafka,Async,Success,,,,1413,SESS-A3394B6416,REQ-5B6B99F68B54,2026-09-13 16:58:23
EVT-0001132,IF_SAPPP_ORSC_001,SAP_ERP,ORACLE_SCM,Kafka,Async,Success,,,,1374,SESS-A7997262D2,REQ-546BD5F6D23C,2026-09-16 08:34:19
EVT-0001133,IF_SAPQM_ORWMS_001,SAP_ERP,ORACLE_SCM,Kafka,Async,Success,,,,1954,SESS-9A763513E6,REQ-6FE4109D282E,2026-09-14 15:34:06
EVT-0001154,IF_SAPQM_MESPE_001,SAP_ERP,MES,Kafka,Async,Success,,,,805,SESS-FE9226F126,REQ-85D3845A123C,2026-09-13 04:15:38
EVT-0001158,IF_SAPPROC_ORIM_001,SAP_ERP,ORACLE_SCM,REST_API,REST,Success,,,,1686,SESS-C166FEEC5E,REQ-E8CD27033164,2026-09-11 14:37:02
EVT-0001159,IF_SAPPP_MESPE_001,SAP_ERP,MES,Kafka,Async,Success,,,,773,SESS-BB8D8AAFDE,REQ-AEA921FA1395,2026-09-12 14:56:08
EVT-0001166,IF_SAPPP_MESPE_001,SAP_ERP,MES,Kafka,Async,Success,,,,1285,SESS-47BA577EFD,REQ-3C3C1AE51312,2026-09-12 03:34:44
EVT-0001167,IF_SAPPP_ORSC_001,SAP_ERP,ORACLE_SCM,Kafka,Async,Success,,,,1942,SESS-3BD0F48009,REQ-5D93CE628C78,2026-09-11 20:49:20
EVT-0001170,IF_SAPPROC_ORWMS_001,SAP_ERP,ORACLE_SCM,SFTP,Batch,Success,,,,15348,SESS-0AAAEEFE09,REQ-ADDCAB3FA559,2026-09-16 23:55:11
EVT-0001172,IF_SAPPP_ORSC_001,SAP_ERP,ORACLE_SCM,Kafka,Async,Retry,TIME_004,Downstream response exceeded SLA,Timeout,5051,SESS-36E82DFFAA,REQ-3372D0C368D0,2026-09-13 09:00:09
EVT-0001177,IF_SAPQM_ORWMS_001,SAP_ERP,ORACLE_SCM,Kafka,Async,Success,,,,3105,SESS-C384B5FEA6,REQ-1EDB9B2CC428,2026-09-11 16:36:09
EVT-0001182,IF_SAPQM_ORWMS_001,SAP_ERP,ORACLE_SCM,Kafka,Async,Success,,,,2180,SESS-8ED79C4323,REQ-F07BEC83109D,2026-09-13 23:24:57
EVT-0001187,IF_SAPPROC_ORIM_001,SAP_ERP,ORACLE_SCM,REST_API,REST,Success,,,,2009,SESS-28383BACFA,REQ-0125E6DE627B,2026-09-13 13:39:36
EVT-0001193,IF_SAPQM_ORWMS_001,SAP_ERP,ORACLE_SCM,Kafka,Async,Success,,,,2275,SESS-4B95E41EBB,REQ-A465EF887543,2026-09-12 20:50:19
EVT-0001202,IF_SAPQM_ORWMS_001,SAP_ERP,ORACLE_SCM,Kafka,Async,Success,,,,2280,SESS-0E62C5E9C8,REQ-19594D7169C9,2026-09-14 08:01:47
EVT-0001203,IF_SAPQM_MESPE_001,SAP_ERP,MES,Kafka,Async,Success,,,,1197,SESS-AF011D6469,REQ-6D6AF0571885,2026-09-12 20:42:35
EVT-0001204,IF_SAPQM_ORWMS_001,SAP_ERP,ORACLE_SCM,Kafka,Async,Success,,,,2422,SESS-43C58CD491,REQ-B78F1424B2CA,2026-09-13 01:54:38
EVT-0001214,IF_SAPPP_ORSC_001,SAP_ERP,ORACLE_SCM,Kafka,Async,Retry,AUTH_401,Service credential rejected,Authentication,4817,SESS-EC997812CF,REQ-C81DE2CB506D,2026-09-14 18:29:54
EVT-0001216,IF_SAPQM_MESPE_001,SAP_ERP,MES,Kafka,Async,Success,,,,686,SESS-97DCAB19E3,REQ-CE5DD9790D9F,2026-09-11 20:44:16
EVT-0001221,IF_SAPQM_MESPE_001,SAP_ERP,MES,Kafka,Async,Retry,CAP_003,Downstream service is at capacity,Capacity,2846,SESS-8FEA6ADF1F,REQ-412AEE17DF30,2026-09-15 18:16:11
EVT-0001226,IF_SAPPP_MESPE_001,SAP_ERP,MES,Kafka,Async,Success,,,,878,SESS-DD1EC4EA2C,REQ-EAAD6071ED62,2026-09-13 10:55:58
EVT-0001230,IF_SAPPP_MESPE_001,SAP_ERP,MES,Kafka,Async,Success,,,,671,SESS-132929F1D3,REQ-303300BBF55B,2026-09-12 18:17:06
EVT-0001234,IF_SAPPROC_ORWMS_001,SAP_ERP,ORACLE_SCM,SFTP,Batch,Success,,,,14725,SESS-ADC27CA300,REQ-9E7810547C4A,2026-09-12 05:25:51
EVT-0001235,IF_SAPQM_ORWMS_001,SAP_ERP,ORACLE_SCM,Kafka,Async,Retry,TIME_004,Downstream response exceeded SLA,Timeout,8617,SESS-0ED72CAE33,REQ-B546394BC105,2026-09-11 13:20:35
EVT-0001239,IF_SAPFIN_HCMPAY_001,SAP_ERP,HCM,SFTP,Batch,Failed,EXT_502,Downstream service returned 502,External Service,21908,SESS-7D0781F774,REQ-4B5058952B01,2026-09-13 14:55:38
EVT-0001241,IF_SAPFIN_HCMPAY_001,SAP_ERP,HCM,SFTP,Batch,Retry,EXT_502,Downstream service returned 502,External Service,46819,SESS-5EE9C3F562,REQ-99D69F334371,2026-09-14 07:28:53
EVT-0001243,IF_SAPPP_MESPE_001,SAP_ERP,MES,Kafka,Async,Success,,,,918,SESS-0C5307E800,REQ-0549E84125AE,2026-09-13 20:15:39
EVT-0001244,IF_SAPPP_MESPE_001,SAP_ERP,MES,Kafka,Async,Success,,,,669,SESS-C917B7FACC,REQ-E867C079E8AD,2026-09-13 16:02:54
EVT-0001250,IF_SAPPROC_ORIM_001,SAP_ERP,ORACLE_SCM,REST_API,REST,Success,,,,2312,SESS-BD4E30179E,REQ-233B2935B4B3,2026-09-11 10:14:07
EVT-0001253,IF_SAPQM_MESPE_001,SAP_ERP,MES,Kafka,Async,Success,,,,980,SESS-86D57A35C0,REQ-B8D00B17F808,2026-09-11 11:11:08
EVT-0001266,IF_SAPPROC_ORWMS_001,SAP_ERP,ORACLE_SCM,SFTP,Batch,Success,,,,12433,SESS-55557A978C,REQ-4B37790F2240,2026-09-12 08:15:49
EVT-0001276,IF_SAPPP_MESPE_001,SAP_ERP,MES,Kafka,Async,Success,,,,650,SESS-145A786004,REQ-6758C1749071,2026-09-13 02:57:19
EVT-0001277,IF_SAPPP_MESPE_001,SAP_ERP,MES,Kafka,Async,Success,,,,685,SESS-A42A54A887,REQ-837A97DF69CB,2026-09-10 21:14:13
EVT-0001279,IF_SAPQM_MESPE_001,SAP_ERP,MES,Kafka,Async,Success,,,,980,SESS-8A81B6A8ED,REQ-4AE9A8856841,2026-09-11 17:09:42
EVT-0001284,IF_SAPPROC_ORWMS_001,SAP_ERP,ORACLE_SCM,SFTP,Batch,Retry,EXT_502,Downstream service returned 502,External Service,51415,SESS-86989D6B0C,REQ-682AA7050C5C,2026-09-14 18:27:24
EVT-0001287,IF_SAPQM_ORWMS_001,SAP_ERP,ORACLE_SCM,Kafka,Async,Success,,,,1682,SESS-AB53B62170,REQ-723B50130E9C,2026-09-14 23:18:27
EVT-0001290,IF_SAPPROC_ORIM_001,SAP_ERP,ORACLE_SCM,REST_API,REST,Success,,,,1646,SESS-ADB76F9552,REQ-37B72C1C4C4F,2026-09-13 17:23:20
EVT-0001291,IF_SAPPROC_ORWMS_001,SAP_ERP,ORACLE_SCM,SFTP,Batch,Success,,,,15272,SESS-59F2BA8AF4,REQ-08754AFAAF2F,2026-09-15 16:18:51
EVT-0001293,IF_SAPQM_ORWMS_001,SAP_ERP,ORACLE_SCM,Kafka,Async,Success,,,,2720,SESS-9B0BD2F1DF,REQ-BA8204DAC344,2026-09-15 21:12:23
EVT-0001295,IF_SAPQM_MESPE_001,SAP_ERP,MES,Kafka,Async,Success,,,,974,SESS-CF90AA8C16,REQ-BD024600F742,2026-09-15 06:10:30
EVT-0001304,IF_SAPPROC_ORIM_001,SAP_ERP,ORACLE_SCM,REST_API,REST,Success,,,,1794,SESS-908EF4BF02,REQ-511EB71535E6,2026-09-10 12:29:54
EVT-0001307,IF_SAPQM_MESPE_001,SAP_ERP,MES,Kafka,Async,Success,,,,1062,SESS-C0C2D02385,REQ-0FD0E0EA0F77,2026-09-13 23:05:50
EVT-0001309,IF_SAPPROC_ORWMS_001,SAP_ERP,ORACLE_SCM,SFTP,Batch,Success,,,,15752,SESS-362982B4A0,REQ-4021DC356B28,2026-09-16 06:05:40
EVT-0001312,IF_SAPPROC_ORIM_001,SAP_ERP,ORACLE_SCM,REST_API,REST,Success,,,,1811,SESS-E06987E0A3,REQ-BF034481166C,2026-09-14 12:17:18
EVT-0001321,IF_SAPPP_MESPE_001,SAP_ERP,MES,Kafka,Async,Success,,,,944,SESS-7536BB2870,REQ-63B6F91702B0,2026-09-12 04:35:56
EVT-0001323,IF_SAPPP_ORSC_001,SAP_ERP,ORACLE_SCM,Kafka,Async,Success,,,,1075,SESS-99B381EE68,REQ-27877A0E0B5E,2026-09-13 23:50:33
EVT-0001325,IF_SAPPP_ORSC_001,SAP_ERP,ORACLE_SCM,Kafka,Async,Success,,,,1542,SESS-1B0783BB86,REQ-97195B82F05A,2026-09-14 14:30:53
EVT-0001326,IF_SAPPP_MESPE_001,SAP_ERP,MES,Kafka,Async,Success,,,,757,SESS-3FDD82ABEF,REQ-E6A3BF4BDA78,2026-09-15 01:18:12
EVT-0001328,IF_SAPQM_MESPE_001,SAP_ERP,MES,Kafka,Async,Success,,,,741,SESS-E374421146,REQ-6B80A7DB2661,2026-09-14 01:31:46
EVT-0001330,IF_SAPQM_MESPE_001,SAP_ERP,MES,Kafka,Async,Success,,,,731,SESS-F5CBB79D86,REQ-BFB2BB47CAB7,2026-09-13 22:07:30
EVT-0001332,IF_SAPQM_ORWMS_001,SAP_ERP,ORACLE_SCM,Kafka,Async,Success,,,,2006,SESS-ED7D415C2C,REQ-B82EF45D6582,2026-09-14 15:26:18
EVT-0001338,IF_SAPQM_ORWMS_001,SAP_ERP,ORACLE_SCM,Kafka,Async,Success,,,,1312,SESS-76C02C1675,REQ-B327E7E06D18,2026-09-14 18:31:08
EVT-0001340,IF_SAPPP_MESPE_001,SAP_ERP,MES,Kafka,Async,Success,,,,1225,SESS-9421A4ABEF,REQ-92C7787F05C9,2026-09-14 13:16:08
EVT-0001343,IF_SAPPROC_ORWMS_001,SAP_ERP,ORACLE_SCM,SFTP,Batch,Success,,,,14565,SESS-9D94143981,REQ-5BA6DB0377A7,2026-09-11 03:40:56
EVT-0001349,IF_SAPPP_MESPE_001,SAP_ERP,MES,Kafka,Async,Success,,,,639,SESS-FAC98C14A6,REQ-023EE1C321F7,2026-09-12 10:55:03
EVT-0001350,IF_SAPPROC_ORIM_001,SAP_ERP,ORACLE_SCM,REST_API,REST,Success,,,,2899,SESS-A934DBA1C2,REQ-32822D8C6E5D,2026-09-15 12:51:06
EVT-0001354,IF_SAPPP_MESPE_001,SAP_ERP,MES,Kafka,Async,Failed,AUTHZ_403,Caller is not authorized,Authorization,2046,SESS-51B67142CC,REQ-8055ED5B198B,2026-09-16 09:52:32
EVT-0001356,IF_SAPQM_MESPE_001,SAP_ERP,MES,Kafka,Async,Retry,AUTH_401,Service credential rejected,Authentication,2800,SESS-89E38B2D98,REQ-0A7C07801BC8,2026-09-11 10:53:33
EVT-0001357,IF_SAPFIN_HCMPAY_001,SAP_ERP,HCM,SFTP,Batch,Success,,,,11829,SESS-A6A227081C,REQ-B295637BB20E,2026-09-15 19:12:35
EVT-0001362,IF_SAPPROC_ORWMS_001,SAP_ERP,ORACLE_SCM,SFTP,Batch,Success,,,,12049,SESS-90263252C0,REQ-D9C42983AECB,2026-09-15 14:12:23
EVT-0001364,IF_SAPPP_MESPE_001,SAP_ERP,MES,Kafka,Async,Success,,,,710,SESS-BE95995758,REQ-C2D46EFF4468,2026-09-14 21:30:37
EVT-0001367,IF_SAPFIN_HCMPAY_001,SAP_ERP,HCM,SFTP,Batch,Success,,,,11497,SESS-B27FC3009E,REQ-CBCB938A88EF,2026-09-12 15:45:07
EVT-0001370,IF_SAPPP_MESPE_001,SAP_ERP,MES,Kafka,Async,Retry,INFRA_008,Runtime node unavailable,Infrastructure,3021,SESS-657EAB0CFB,REQ-9C7CCF125242,2026-09-14 21:45:40
EVT-0001378,IF_SAPFIN_HCMPAY_001,SAP_ERP,HCM,SFTP,Batch,Success,,,,15015,SESS-3FA9DE0251,REQ-3DB878891C1B,2026-09-16 09:21:56
EVT-0001381,IF_SAPFIN_HCMPAY_001,SAP_ERP,HCM,SFTP,Batch,Success,,,,15601,SESS-4E3B0536A9,REQ-D0B3D1F37909,2026-09-12 23:31:37
EVT-0001389,IF_SAPPP_MESPE_001,SAP_ERP,MES,Kafka,Async,Failed,TIME_004,Downstream response exceeded SLA,Timeout,5730,SESS-8CDEBFC601,REQ-A971D3B4EA67,2026-09-12 16:55:45
EVT-0001395,IF_SAPFIN_HCMPAY_001,SAP_ERP,HCM,SFTP,Batch,Success,,,,15133,SESS-D20016F876,REQ-0E6CED73B56F,2026-09-16 05:10:46
EVT-0001398,IF_SAPFIN_HCMPAY_001,SAP_ERP,HCM,SFTP,Batch,Success,,,,14067,SESS-8D7210970C,REQ-91B8997F0891,2026-09-13 13:33:01
EVT-0001399,IF_SAPQM_MESPE_001,SAP_ERP,MES,Kafka,Async,Failed,AUTH_401,Service credential rejected,Authentication,7375,SESS-EDED29288F,REQ-650112AB8AF5,2026-09-13 12:12:46
EVT-0001402,IF_SAPFIN_HCMPAY_001,SAP_ERP,HCM,SFTP,Batch,Success,,,,10957,SESS-FAC7449BAB,REQ-249F7926646B,2026-09-14 19:11:49
EVT-0001406,IF_SAPQM_MESPE_001,SAP_ERP,MES,Kafka,Async,Success,,,,639,SESS-0A3A991ABF,REQ-BF2B1AC91065,2026-09-14 04:12:43
EVT-0001408,IF_SAPPP_MESPE_001,SAP_ERP,MES,Kafka,Async,Success,,,,729,SESS-21379D18B9,REQ-BFE5721469F2,2026-09-16 14:48:36
EVT-0001411,IF_SAPPROC_ORIM_001,SAP_ERP,ORACLE_SCM,REST_API,REST,Success,,,,2791,SESS-13F11EF4E7,REQ-C3A7C8CB946D,2026-09-11 12:05:24
EVT-0001412,IF_SAPQM_ORWMS_001,SAP_ERP,ORACLE_SCM,Kafka,Async,Success,,,,2082,SESS-9973973FAC,REQ-46FCD789460F,2026-09-13 04:33:05
EVT-0001415,IF_SAPQM_MESPE_001,SAP_ERP,MES,Kafka,Async,Success,,,,1023,SESS-EB9E18D23D,REQ-F8403B5782C7,2026-09-11 22:06:13
EVT-0001420,IF_SAPFIN_HCMPAY_001,SAP_ERP,HCM,SFTP,Batch,Success,,,,13269,SESS-261DC7DBD1,REQ-AD026525C609,2026-09-16 11:47:22
EVT-0001430,IF_SAPPROC_ORWMS_001,SAP_ERP,ORACLE_SCM,SFTP,Batch,Success,,,,10843,SESS-F22DE046DB,REQ-890316FB10CC,2026-09-16 22:13:53
EVT-0001433,IF_SAPFIN_HCMPAY_001,SAP_ERP,HCM,SFTP,Batch,Success,,,,12578,SESS-039F35D4EF,REQ-A1D55B9CDEAC,2026-09-12 07:12:54
EVT-0001441,IF_SAPFIN_HCMPAY_001,SAP_ERP,HCM,SFTP,Batch,Retry,NET_CONN_003,Connection reset by peer,Network,51631,SESS-F670911DAB,REQ-47B4C00856DA,2026-09-15 09:39:59
EVT-0001443,IF_SAPPROC_ORWMS_001,SAP_ERP,ORACLE_SCM,SFTP,Batch,Success,,,,14191,SESS-7A40ED7B91,REQ-23CBC6AD3C47,2026-09-12 01:34:08
EVT-0001444,IF_SAPPP_MESPE_001,SAP_ERP,MES,Kafka,Async,Success,,,,996,SESS-AA8AF8016F,REQ-ADD2516DE9B1,2026-09-11 12:40:50
EVT-0001450,IF_SAPPROC_ORIM_001,SAP_ERP,ORACLE_SCM,REST_API,REST,Retry,TIME_004,Downstream response exceeded SLA,Timeout,6935,SESS-661395BC74,REQ-9C5662E5B018,2026-09-14 07:29:51
EVT-0001451,IF_SAPQM_MESPE_001,SAP_ERP,MES,Kafka,Async,Retry,EXT_502,Downstream service returned 502,External Service,2007,SESS-B4F2A2C449,REQ-3E351AE12E7C,2026-09-16 00:53:08
EVT-0001453,IF_SAPPROC_ORWMS_001,SAP_ERP,ORACLE_SCM,SFTP,Batch,Success,,,,9570,SESS-A7A607D695,REQ-1DEDD972BF6A,2026-09-15 19:17:14
EVT-0001460,IF_SAPFIN_HCMPAY_001,SAP_ERP,HCM,SFTP,Batch,Success,,,,15039,SESS-70B4512A0A,REQ-6A4CC04D5676,2026-09-11 19:32:33
EVT-0001464,IF_SAPFIN_HCMPAY_001,SAP_ERP,HCM,SFTP,Batch,Success,,,,12629,SESS-9D6094B1A0,REQ-D4918558BAF7,2026-09-11 12:09:51
EVT-0001465,IF_SAPQM_ORWMS_001,SAP_ERP,ORACLE_SCM,Kafka,Async,Retry,INFRA_008,Runtime node unavailable,Infrastructure,4720,SESS-478DF8F1A4,REQ-366BBDD5D51F,2026-09-12 18:57:54
EVT-0001469,IF_SAPPP_MESPE_001,SAP_ERP,MES,Kafka,Async,Success,,,,1000,SESS-704152EE82,REQ-EF34693CA55A,2026-09-10 02:15:25
EVT-0001483,IF_SAPPROC_ORWMS_001,SAP_ERP,ORACLE_SCM,SFTP,Batch,Success,,,,13146,SESS-44C51D0B77,REQ-1BB58B58D493,2026-09-14 09:03:21
EVT-0001493,IF_SAPQM_MESPE_001,SAP_ERP,MES,Kafka,Async,Success,,,,839,SESS-4247A9CCC1,REQ-CA0EA19BAF2F,2026-09-11 13:56:16
EVT-0001501,IF_SAPPROC_ORWMS_001,SAP_ERP,ORACLE_SCM,SFTP,Batch,Retry,CFG_017,Interface configuration mismatch,Configuration,28919,SESS-71512DA292,REQ-D7BE16E4F745,2026-09-10 18:07:47
EVT-0001505,IF_SAPPP_ORSC_001,SAP_ERP,ORACLE_SCM,Kafka,Async,Success,,,,1371,SESS-149EB4B72E,REQ-1DEDFDEA5ED3,2026-09-11 02:53:43
EVT-0001518,IF_SAPPROC_ORWMS_001,SAP_ERP,ORACLE_SCM,SFTP,Batch,Success,,,,15161,SESS-E557F53A2A,REQ-D73BD00DD292,2026-09-13 18:14:58
EVT-0001520,IF_SAPPROC_ORIM_001,SAP_ERP,ORACLE_SCM,REST_API,REST,Success,,,,2138,SESS-856125DE55,REQ-226257ADE1ED,2026-09-10 14:17:49
EVT-0001527,IF_SAPPROC_ORWMS_001,SAP_ERP,ORACLE_SCM,SFTP,Batch,Success,,,,17032,SESS-48CF7C9CE0,REQ-84A8E73D37E9,2026-09-15 17:55:18
EVT-0001528,IF_SAPFIN_HCMPAY_001,SAP_ERP,HCM,SFTP,Batch,Success,,,,17068,SESS-011B22E76C,REQ-90C421172AAF,2026-09-12 06:35:07
EVT-0001530,IF_SAPQM_ORWMS_001,SAP_ERP,ORACLE_SCM,Kafka,Async,Success,,,,2610,SESS-E8CC87A630,REQ-B8AE1CD6B74B,2026-09-11 21:37:18
EVT-0001532,IF_SAPPROC_ORWMS_001,SAP_ERP,ORACLE_SCM,SFTP,Batch,Success,,,,10911,SESS-ABCCC8F965,REQ-B685115948E8,2026-09-16 13:33:21
EVT-0001533,IF_SAPPROC_ORIM_001,SAP_ERP,ORACLE_SCM,REST_API,REST,Success,,,,2365,SESS-E649A68363,REQ-80629BA45F25,2026-09-14 10:27:02
EVT-0001535,IF_SAPPP_ORSC_001,SAP_ERP,ORACLE_SCM,Kafka,Async,Success,,,,1630,SESS-05681C63FD,REQ-F0E4AEFF4781,2026-09-13 09:11:13
EVT-0001544,IF_SAPPROC_ORIM_001,SAP_ERP,ORACLE_SCM,REST_API,REST,Success,,,,2002,SESS-9FF44F024A,REQ-7C74B3EAC5A9,2026-09-13 22:01:35
EVT-0001547,IF_SAPQM_MESPE_001,SAP_ERP,MES,Kafka,Async,Success,,,,304,SESS-3B536F9503,REQ-648719AD9CCF,2026-09-13 13:02:40
EVT-0001554,IF_SAPPROC_ORWMS_001,SAP_ERP,ORACLE_SCM,SFTP,Batch,Success,,,,11693,SESS-4D0AB965BC,REQ-EC58E9C732BF,2026-09-12 21:06:41
EVT-0001555,IF_SAPQM_ORWMS_001,SAP_ERP,ORACLE_SCM,Kafka,Async,Success,,,,2072,SESS-8DD12949C5,REQ-D1B0E736BB64,2026-09-15 13:02:13
EVT-0001556,IF_SAPPP_MESPE_001,SAP_ERP,MES,Kafka,Async,Success,,,,698,SESS-38980AD46A,REQ-F6DFB18835DF,2026-09-15 08:39:05
EVT-0001568,IF_SAPPP_ORSC_001,SAP_ERP,ORACLE_SCM,Kafka,Async,Success,,,,1703,SESS-D3FA116F3C,REQ-D77CFC0B93AD,2026-09-11 16:42:22
EVT-0001573,IF_SAPPP_ORSC_001,SAP_ERP,ORACLE_SCM,Kafka,Async,Success,,,,1111,SESS-FCA93EEEA1,REQ-ABEF53C9ABC1,2026-09-14 04:32:06
EVT-0001575,IF_SAPPROC_ORWMS_001,SAP_ERP,ORACLE_SCM,SFTP,Batch,Success,,,,15552,SESS-647787FC9B,REQ-DFC4216B32B4,2026-09-12 07:45:02
EVT-0001583,IF_SAPPP_ORSC_001,SAP_ERP,ORACLE_SCM,Kafka,Async,Success,,,,1143,SESS-41DDEF232C,REQ-DEE3A420CB48,2026-09-16 17:51:12
EVT-0001584,IF_SAPQM_MESPE_001,SAP_ERP,MES,Kafka,Async,Success,,,,912,SESS-478040BA33,REQ-C5F0A6A8C310,2026-09-12 22:12:14
EVT-0001590,IF_SAPQM_ORWMS_001,SAP_ERP,ORACLE_SCM,Kafka,Async,Success,,,,2288,SESS-630FA57AC7,REQ-04D6C5D81C90,2026-09-15 21:25:14
EVT-0001602,IF_SAPPROC_ORIM_001,SAP_ERP,ORACLE_SCM,REST_API,REST,Retry,AUTH_401,Service credential rejected,Authentication,7008,SESS-295DEBC1C1,REQ-96BDB81661E8,2026-09-11 13:05:46
EVT-0001604,IF_SAPPP_MESPE_001,SAP_ERP,MES,Kafka,Async,Success,,,,1111,SESS-E67666DA91,REQ-3AAFE997BE7C,2026-09-13 21:47:58
EVT-0001608,IF_SAPPROC_ORWMS_001,SAP_ERP,ORACLE_SCM,SFTP,Batch,Retry,AUTH_401,Service credential rejected,Authentication,36845,SESS-EBF2CE92A0,REQ-8733D675F041,2026-09-12 07:33:11
EVT-0001617,IF_SAPQM_MESPE_001,SAP_ERP,MES,Kafka,Async,Success,,,,518,SESS-9AFDE66FEC,REQ-FC15C366CDE9,2026-09-11 14:29:35
EVT-0001618,IF_SAPPP_ORSC_001,SAP_ERP,ORACLE_SCM,Kafka,Async,Success,,,,894,SESS-BE8C1E9938,REQ-C570B9B8BD1B,2026-09-14 03:37:11
EVT-0001620,IF_SAPPROC_ORWMS_001,SAP_ERP,ORACLE_SCM,SFTP,Batch,Retry,INFRA_008,Runtime node unavailable,Infrastructure,24069,SESS-F5962B0BE1,REQ-4DAB9CB51C38,2026-09-11 10:56:43
EVT-0001622,IF_SAPPP_MESPE_001,SAP_ERP,MES,Kafka,Async,Retry,TIME_004,Downstream response exceeded SLA,Timeout,2263,SESS-42AAE72471,REQ-0C70F6FE425A,2026-09-11 21:16:55
EVT-0001631,IF_SAPPROC_ORIM_001,SAP_ERP,ORACLE_SCM,REST_API,REST,Success,,,,3003,SESS-5FD1DEEBB8,REQ-FAB1A8F4AB7E,2026-09-15 05:27:57
EVT-0001636,IF_SAPPP_ORSC_001,SAP_ERP,ORACLE_SCM,Kafka,Async,Success,,,,1152,SESS-EF8BB8CA5E,REQ-48AB308F842E,2026-09-10 08:59:33
EVT-0001644,IF_SAPFIN_HCMPAY_001,SAP_ERP,HCM,SFTP,Batch,Success,,,,19176,SESS-8DB1634ADF,REQ-D1B07E645F7B,2026-09-11 12:00:57
EVT-0001652,IF_SAPPP_MESPE_001,SAP_ERP,MES,Kafka,Async,Retry,VAL_400,Required business field failed validation,Validation,1627,SESS-AD04F92958,REQ-5D830413F15D,2026-09-16 12:39:29
EVT-0001661,IF_SAPQM_MESPE_001,SAP_ERP,MES,Kafka,Async,Success,,,,591,SESS-04308F9905,REQ-3FEEB7613FD4,2026-09-12 08:58:02
EVT-0001664,IF_SAPPROC_ORIM_001,SAP_ERP,ORACLE_SCM,REST_API,REST,Success,,,,1618,SESS-623C5DDE6D,REQ-09404E677B53,2026-09-10 21:47:14
EVT-0001668,IF_SAPPROC_ORWMS_001,SAP_ERP,ORACLE_SCM,SFTP,Batch,Retry,DB_COMMIT_014,Transaction commit failed,Database,35272,SESS-E894B23B02,REQ-23C6B3165B0E,2026-09-14 09:57:34
EVT-0001673,IF_SAPPP_MESPE_001,SAP_ERP,MES,Kafka,Async,Success,,,,793,SESS-1374767EB4,REQ-14CE3D514D4D,2026-09-14 10:56:22
EVT-0001678,IF_SAPPROC_ORWMS_001,SAP_ERP,ORACLE_SCM,SFTP,Batch,Success,,,,15405,SESS-2E12662453,REQ-49C52159C05A,2026-09-15 08:54:24
EVT-0001679,IF_SAPQM_ORWMS_001,SAP_ERP,ORACLE_SCM,Kafka,Async,Retry,INFRA_008,Runtime node unavailable,Infrastructure,3836,SESS-94E5371E9D,REQ-D15F3FDAE329,2026-09-15 09:49:57
EVT-0001681,IF_SAPFIN_HCMPAY_001,SAP_ERP,HCM,SFTP,Batch,Success,,,,12443,SESS-5DD5861CD9,REQ-642F7C210CD6,2026-09-15 10:57:39
EVT-0001684,IF_SAPPROC_ORWMS_001,SAP_ERP,ORACLE_SCM,SFTP,Batch,Success,,,,19267,SESS-0B08266FD8,REQ-15BEA7EC116F,2026-09-12 16:06:33
EVT-0001685,IF_SAPQM_ORWMS_001,SAP_ERP,ORACLE_SCM,Kafka,Async,Success,,,,2499,SESS-462657AA64,REQ-987BA547BB45,2026-09-12 11:32:50
EVT-0001688,IF_SAPFIN_HCMPAY_001,SAP_ERP,HCM,SFTP,Batch,Retry,CAP_003,Downstream service is at capacity,Capacity,22798,SESS-D94F452FAD,REQ-E347FCA29B3C,2026-09-11 03:40:49
EVT-0001706,IF_SAPQM_MESPE_001,SAP_ERP,MES,Kafka,Async,Success,,,,920,SESS-34781D3000,REQ-40C192AD1FC5,2026-09-11 05:11:34
EVT-0001712,IF_SAPPP_MESPE_001,SAP_ERP,MES,Kafka,Async,Success,,,,731,SESS-C0C2EB7DFA,REQ-B1D055F01F7D,2026-09-12 20:16:34
EVT-0001715,IF_SAPPROC_ORWMS_001,SAP_ERP,ORACLE_SCM,SFTP,Batch,Success,,,,12761,SESS-825113E2B0,REQ-82F385BB8F93,2026-09-12 20:34:28
EVT-0001721,IF_SAPQM_MESPE_001,SAP_ERP,MES,Kafka,Async,Success,,,,984,SESS-749FBF136A,REQ-2C45DCC0382D,2026-09-11 13:16:30
EVT-0001724,IF_SAPPROC_ORIM_001,SAP_ERP,ORACLE_SCM,REST_API,REST,Failed,AUTHZ_403,Caller is not authorized,Authorization,7705,SESS-C145E9376B,REQ-141C43DD370B,2026-09-15 23:42:38
EVT-0001726,IF_SAPPROC_ORIM_001,SAP_ERP,ORACLE_SCM,REST_API,REST,Retry,EXT_502,Downstream service returned 502,External Service,3703,SESS-CA0E426AD7,REQ-6C3726BF813B,2026-09-13 23:03:22
EVT-0001729,IF_SAPPROC_ORWMS_001,SAP_ERP,ORACLE_SCM,SFTP,Batch,Success,,,,13118,SESS-73F9546872,REQ-79CBD0884A34,2026-09-13 10:06:50
EVT-0001733,IF_SAPFIN_HCMPAY_001,SAP_ERP,HCM,SFTP,Batch,Success,,,,11114,SESS-D488DC5CED,REQ-69E1539D5D97,2026-09-11 12:59:07
EVT-0001735,IF_SAPPP_MESPE_001,SAP_ERP,MES,Kafka,Async,Failed,VAL_400,Required business field failed validation,Validation,3276,SESS-F4608FE471,REQ-476A149D2635,2026-09-16 13:10:30
EVT-0001736,IF_SAPPROC_ORWMS_001,SAP_ERP,ORACLE_SCM,SFTP,Batch,Success,,,,14774,SESS-4A81D3AC45,REQ-B35407ED4C85,2026-09-12 14:33:08
EVT-0001746,IF_SAPQM_ORWMS_001,SAP_ERP,ORACLE_SCM,Kafka,Async,Success,,,,3070,SESS-2BF6B97AB8,REQ-5F9C60D1FBA6,2026-09-13 20:38:24
EVT-0001747,IF_SAPPROC_ORIM_001,SAP_ERP,ORACLE_SCM,REST_API,REST,Success,,,,2647,SESS-B0CDF1B60E,REQ-2C5CE331B08A,2026-09-10 15:55:43
EVT-0001753,IF_SAPQM_ORWMS_001,SAP_ERP,ORACLE_SCM,Kafka,Async,Success,,,,2332,SESS-E49630CE38,REQ-53EFB264C51E,2026-09-12 14:54:55
EVT-0001754,IF_SAPPROC_ORWMS_001,SAP_ERP,ORACLE_SCM,SFTP,Batch,Success,,,,16992,SESS-7787D6A65B,REQ-1B8C76E262DA,2026-09-16 04:15:15
EVT-0001756,IF_SAPPROC_ORWMS_001,SAP_ERP,ORACLE_SCM,SFTP,Batch,Retry,INFRA_008,Runtime node unavailable,Infrastructure,40121,SESS-5113F008F9,REQ-2069A0285C9F,2026-09-11 15:59:04
EVT-0001761,IF_SAPQM_MESPE_001,SAP_ERP,MES,Kafka,Async,Retry,AUTH_401,Service credential rejected,Authentication,2913,SESS-8254CDDA41,REQ-15CC0A01C26B,2026-09-11 06:48:15
EVT-0001765,IF_SAPFIN_HCMPAY_001,SAP_ERP,HCM,SFTP,Batch,Success,,,,18759,SESS-F73595A0DC,REQ-DE368409E939,2026-09-15 07:46:24
EVT-0001773,IF_SAPQM_ORWMS_001,SAP_ERP,ORACLE_SCM,Kafka,Async,Success,,,,1796,SESS-1D60B49A8F,REQ-DA8A517178C6,2026-09-13 03:48:55
EVT-0001775,IF_SAPQM_MESPE_001,SAP_ERP,MES,Kafka,Async,Success,,,,912,SESS-5E2912FCA2,REQ-35C8F89F2960,2026-09-12 07:09:10
EVT-0001776,IF_SAPPP_ORSC_001,SAP_ERP,ORACLE_SCM,Kafka,Async,Success,,,,1418,SESS-4F9AE717BD,REQ-76FAFB1BB9EE,2026-09-12 23:38:42
EVT-0001780,IF_SAPQM_MESPE_001,SAP_ERP,MES,Kafka,Async,Success,,,,1001,SESS-C7F7BC2DAD,REQ-699ACD310801,2026-09-16 04:18:36
EVT-0001787,IF_SAPQM_ORWMS_001,SAP_ERP,ORACLE_SCM,Kafka,Async,Success,,,,3653,SESS-E6AC78D02F,REQ-576FAAD04351,2026-09-10 07:11:03
EVT-0001793,IF_SAPQM_MESPE_001,SAP_ERP,MES,Kafka,Async,Success,,,,684,SESS-E0628083DB,REQ-DD8ADE2F8F86,2026-09-11 11:56:38
EVT-0001795,IF_SAPQM_MESPE_001,SAP_ERP,MES,Kafka,Async,Success,,,,1161,SESS-86735F2DF6,REQ-1F0C90F8C3A1,2026-09-16 09:38:24
EVT-0001800,IF_SAPPROC_ORWMS_001,SAP_ERP,ORACLE_SCM,SFTP,Batch,Success,,,,12272,SESS-1A15200552,REQ-AC4E85640DF3,2026-09-10 05:36:22
EVT-0001812,IF_SAPPP_ORSC_001,SAP_ERP,ORACLE_SCM,Kafka,Async,Success,,,,1007,SESS-5DE02E92ED,REQ-45A680BFD67D,2026-09-16 16:51:28
EVT-0001817,IF_SAPPP_MESPE_001,SAP_ERP,MES,Kafka,Async,Success,,,,551,SESS-121DAC5CF0,REQ-1EACB997FF8F,2026-09-16 11:11:35
EVT-0001818,IF_SAPPP_MESPE_001,SAP_ERP,MES,Kafka,Async,Success,,,,1045,SESS-69E5BB8978,REQ-62408B8CEA62,2026-09-14 10:39:45
EVT-0001822,IF_SAPPROC_ORIM_001,SAP_ERP,ORACLE_SCM,REST_API,REST,Success,,,,1882,SESS-C82867A157,REQ-DCF16FFB2936,2026-09-11 08:29:43
EVT-0001827,IF_SAPPROC_ORWMS_001,SAP_ERP,ORACLE_SCM,SFTP,Batch,Success,,,,16290,SESS-D9B8EA23BB,REQ-A510907FD68E,2026-09-15 23:17:31
EVT-0001831,IF_SAPQM_ORWMS_001,SAP_ERP,ORACLE_SCM,Kafka,Async,Success,,,,2739,SESS-C5CD14E3CE,REQ-247D5FDB158E,2026-09-11 16:44:27
EVT-0001833,IF_SAPPP_MESPE_001,SAP_ERP,MES,Kafka,Async,Success,,,,717,SESS-61AFF5EDBD,REQ-45E5F5593803,2026-09-13 23:49:48
EVT-0001834,IF_SAPQM_MESPE_001,SAP_ERP,MES,Kafka,Async,Success,,,,906,SESS-F44621F375,REQ-D886E2D2FA45,2026-09-10 13:43:47
EVT-0001840,IF_SAPPP_MESPE_001,SAP_ERP,MES,Kafka,Async,Success,,,,1160,SESS-165C703FE2,REQ-C72334DF271F,2026-09-12 12:14:14
EVT-0001844,IF_SAPPROC_ORIM_001,SAP_ERP,ORACLE_SCM,REST_API,REST,Success,,,,1994,SESS-121293CAA4,REQ-21FE68458006,2026-09-16 03:46:37
EVT-0001853,IF_SAPPROC_ORIM_001,SAP_ERP,ORACLE_SCM,REST_API,REST,Failed,AUTHZ_403,Caller is not authorized,Authorization,3329,SESS-FD98976683,REQ-D3DF04B6F72A,2026-09-13 18:30:51
EVT-0001855,IF_SAPPP_MESPE_001,SAP_ERP,MES,Kafka,Async,Success,,,,904,SESS-8B3E504E93,REQ-807B85044E62,2026-09-15 07:17:46
EVT-0001862,IF_SAPQM_MESPE_001,SAP_ERP,MES,Kafka,Async,Retry,DB_COMMIT_014,Transaction commit failed,Database,2369,SESS-07612739C7,REQ-9FFD27BB9631,2026-09-16 13:05:04
EVT-0001875,IF_SAPFIN_HCMPAY_001,SAP_ERP,HCM,SFTP,Batch,Success,,,,15725,SESS-1D682C5280,REQ-330681AC1103,2026-09-14 19:22:32
EVT-0001880,IF_SAPPP_ORSC_001,SAP_ERP,ORACLE_SCM,Kafka,Async,Success,,,,782,SESS-F0A47347E4,REQ-6CC77BB679EE,2026-09-12 11:30:24
EVT-0001883,IF_SAPPROC_ORWMS_001,SAP_ERP,ORACLE_SCM,SFTP,Batch,Success,,,,15562,SESS-2E65F4BA3D,REQ-0CA75B4722F2,2026-09-10 14:52:20
EVT-0001884,IF_SAPPP_ORSC_001,SAP_ERP,ORACLE_SCM,Kafka,Async,Success,,,,1236,SESS-6B596CDB77,REQ-AB3D6586B0BF,2026-09-11 07:49:09
EVT-0001890,IF_SAPPP_ORSC_001,SAP_ERP,ORACLE_SCM,Kafka,Async,Retry,TIME_004,Downstream response exceeded SLA,Timeout,3241,SESS-ACFE62238F,REQ-8CD69B68A1F9,2026-09-15 15:38:00
EVT-0001896,IF_SAPQM_ORWMS_001,SAP_ERP,ORACLE_SCM,Kafka,Async,Success,,,,2623,SESS-0058248008,REQ-995060CD5100,2026-09-11 12:54:52
EVT-0001898,IF_SAPQM_MESPE_001,SAP_ERP,MES,Kafka,Async,Success,,,,989,SESS-30F68278AD,REQ-E581B1DD28C4,2026-09-14 05:38:24
EVT-0001899,IF_SAPPROC_ORIM_001,SAP_ERP,ORACLE_SCM,REST_API,REST,Success,,,,2762,SESS-B2A47E2087,REQ-39D7CFDFF2C8,2026-09-16 08:57:46
EVT-0001907,IF_SAPQM_MESPE_001,SAP_ERP,MES,Kafka,Async,Success,,,,961,SESS-FC869C414D,REQ-EF9AB1DB5B6F,2026-09-12 02:59:31
EVT-0001911,IF_SAPPP_ORSC_001,SAP_ERP,ORACLE_SCM,Kafka,Async,Success,,,,1549,SESS-BE50C2AE57,REQ-FE4B94633810,2026-09-12 13:42:33
EVT-0001913,IF_SAPQM_MESPE_001,SAP_ERP,MES,Kafka,Async,Retry,DB_COMMIT_014,Transaction commit failed,Database,2614,SESS-6DC6C3567F,REQ-FD9823DFDDDD,2026-09-14 18:36:41
EVT-0001918,IF_SAPFIN_HCMPAY_001,SAP_ERP,HCM,SFTP,Batch,Success,,,,9088,SESS-BA5E5196AF,REQ-F6FECF9E5E7B,2026-09-16 08:17:17
EVT-0001922,IF_SAPPROC_ORWMS_001,SAP_ERP,ORACLE_SCM,SFTP,Batch,Success,,,,12444,SESS-EFEFC4768C,REQ-635034293DE2,2026-09-16 20:03:13
EVT-0001924,IF_SAPPROC_ORIM_001,SAP_ERP,ORACLE_SCM,REST_API,REST,Retry,EXT_502,Downstream service returned 502,External Service,8131,SESS-528AF94FAC,REQ-FDA3F33D50F9,2026-09-12 15:30:41
EVT-0001926,IF_SAPFIN_HCMPAY_001,SAP_ERP,HCM,SFTP,Batch,Success,,,,12828,SESS-D6B9C04F2C,REQ-9509DC660069,2026-09-16 04:27:55
EVT-0001929,IF_SAPQM_ORWMS_001,SAP_ERP,ORACLE_SCM,Kafka,Async,Success,,,,2225,SESS-35AFCBDFBD,REQ-54DD717F6115,2026-09-12 17:51:05
EVT-0001932,IF_SAPQM_MESPE_001,SAP_ERP,MES,Kafka,Async,Success,,,,846,SESS-3D4D1CA9B5,REQ-4881379D07B8,2026-09-10 10:35:18
EVT-0001940,IF_SAPPROC_ORWMS_001,SAP_ERP,ORACLE_SCM,SFTP,Batch,Success,,,,16874,SESS-09D584143D,REQ-2898A83F999C,2026-09-11 05:25:25
EVT-0001944,IF_SAPPP_MESPE_001,SAP_ERP,MES,Kafka,Async,Retry,AUTH_401,Service credential rejected,Authentication,2476,SESS-2D2685E891,REQ-2038C76D1387,2026-09-11 15:10:43
EVT-0001948,IF_SAPQM_MESPE_001,SAP_ERP,MES,Kafka,Async,Success,,,,859,SESS-77E85CA702,REQ-1DD08A550648,2026-09-15 12:24:58
EVT-0001964,IF_SAPFIN_HCMPAY_001,SAP_ERP,HCM,SFTP,Batch,Success,,,,15593,SESS-C8404EAFF2,REQ-920ECABD0733,2026-09-16 12:11:30
EVT-0001965,IF_SAPPP_ORSC_001,SAP_ERP,ORACLE_SCM,Kafka,Async,Failed,EXT_502,Downstream service returned 502,External Service,4566,SESS-86C0142414,REQ-B5A699907BD0,2026-09-10 18:38:06
EVT-0001966,IF_SAPPP_MESPE_001,SAP_ERP,MES,Kafka,Async,Failed,CAP_003,Downstream service is at capacity,Capacity,6640,SESS-48C9F7D405,REQ-72E0863411BC,2026-09-14 03:01:21
EVT-0001968,IF_SAPFIN_HCMPAY_001,SAP_ERP,HCM,SFTP,Batch,Success,,,,9966,SESS-2873A5F109,REQ-2512CD946C97,2026-09-15 13:22:36
EVT-0001974,IF_SAPFIN_HCMPAY_001,SAP_ERP,HCM,SFTP,Batch,Success,,,,12932,SESS-B77B3C4270,REQ-54E2C18FCC8B,2026-09-12 17:38:22
EVT-0001975,IF_SAPQM_MESPE_001,SAP_ERP,MES,Kafka,Async,Success,,,,881,SESS-94E3A8DF38,REQ-BF0C9D9B45A9,2026-09-15 10:23:15
EVT-0001976,IF_SAPPROC_ORIM_001,SAP_ERP,ORACLE_SCM,REST_API,REST,Success,,,,2456,SESS-3EC78D5C75,REQ-66D41E1C5E89,2026-09-14 04:07:19
EVT-0001986,IF_SAPPP_ORSC_001,SAP_ERP,ORACLE_SCM,Kafka,Async,Success,,,,1012,SESS-E1A6FEF6EF,REQ-283023A3097F,2026-09-10 00:57:38
EVT-0001991,IF_SAPQM_MESPE_001,SAP_ERP,MES,Kafka,Async,Success,,,,923,SESS-45651F1A85,REQ-746A7CA4BDE2,2026-09-10 00:30:33
EVT-0001997,IF_SAPPP_ORSC_001,SAP_ERP,ORACLE_SCM,Kafka,Async,Success,,,,1484,SESS-1ADD6E2C73,REQ-8FC9201F23E8,2026-09-15 16:16:51
EVT-0001998,IF_SAPFIN_HCMPAY_001,SAP_ERP,HCM,SFTP,Batch,Success,,,,11257,SESS-055C5FB091,REQ-088DF4C19A9F,2026-09-14 03:32:48
EVT-0001999,IF_SAPPP_ORSC_001,SAP_ERP,ORACLE_SCM,Kafka,Async,Success,,,,726,SESS-D629DCDC24,REQ-6512CABEAC62,2026-09-12 16:39:33
EVT-0002008,IF_SAPPP_ORSC_001,SAP_ERP,ORACLE_SCM,Kafka,Async,Success,,,,1280,SESS-0338EA4D3E,REQ-CF42896A0A9E,2026-09-10 17:46:28
EVT-0002019,IF_SAPPROC_ORWMS_001,SAP_ERP,ORACLE_SCM,SFTP,Batch,Success,,,,12220,SESS-E08C73F4AC,REQ-10B00EB5D56E,2026-09-15 07:57:19
EVT-0002027,IF_SAPFIN_HCMPAY_001,SAP_ERP,HCM,SFTP,Batch,Success,,,,7483,SESS-18F9520895,REQ-D732F6C01A43,2026-09-14 04:28:16
EVT-0002028,IF_SAPFIN_HCMPAY_001,SAP_ERP,HCM,SFTP,Batch,Failed,AUTH_401,Service credential rejected,Authentication,39479,SESS-1BBF631197,REQ-01FA3867DED7,2026-09-15 20:26:52
EVT-0002029,IF_SAPQM_ORWMS_001,SAP_ERP,ORACLE_SCM,Kafka,Async,Success,,,,2629,SESS-B2EB9AE87E,REQ-8780FD3DA6B4,2026-09-15 18:21:49
EVT-0002032,IF_SAPPP_ORSC_001,SAP_ERP,ORACLE_SCM,Kafka,Async,Success,,,,1493,SESS-9336E1B8D0,REQ-5CD8FC611AF9,2026-09-16 10:54:54
EVT-0002034,IF_SAPPROC_ORIM_001,SAP_ERP,ORACLE_SCM,REST_API,REST,Success,,,,1539,SESS-0EEDC45A2B,REQ-229B0C27EDF1,2026-09-16 03:18:08
EVT-0002036,IF_SAPPROC_ORWMS_001,SAP_ERP,ORACLE_SCM,SFTP,Batch,Success,,,,15468,SESS-5C907B7702,REQ-C76CCE987178,2026-09-16 17:55:40
EVT-0002037,IF_SAPPROC_ORWMS_001,SAP_ERP,ORACLE_SCM,SFTP,Batch,Retry,NET_CONN_003,Connection reset by peer,Network,52627,SESS-22E03B8B5F,REQ-CFCD041CA315,2026-09-13 14:48:04
EVT-0002039,IF_SAPPROC_ORWMS_001,SAP_ERP,ORACLE_SCM,SFTP,Batch,Success,,,,19894,SESS-0528D06A06,REQ-DF36725120CF,2026-09-16 13:50:29
EVT-0002040,IF_SAPFIN_HCMPAY_001,SAP_ERP,HCM,SFTP,Batch,Success,,,,19294,SESS-0C82A1E0E0,REQ-2C9FA3BCD8F7,2026-09-11 10:21:38
EVT-0002043,IF_SAPPROC_ORWMS_001,SAP_ERP,ORACLE_SCM,SFTP,Batch,Success,,,,13923,SESS-2B711BB377,REQ-7376C8B0CCE2,2026-09-12 17:38:09
EVT-0002057,IF_SAPQM_ORWMS_001,SAP_ERP,ORACLE_SCM,Kafka,Async,Success,,,,2413,SESS-2041CC1690,REQ-E8EBA064DB14,2026-09-11 16:32:28
EVT-0002066,IF_SAPPROC_ORIM_001,SAP_ERP,ORACLE_SCM,REST_API,REST,Success,,,,1594,SESS-77CCAD13FD,REQ-B2898540DB26,2026-09-15 05:35:22
EVT-0002070,IF_SAPQM_MESPE_001,SAP_ERP,MES,Kafka,Async,Failed,EXT_502,Downstream service returned 502,External Service,6986,SESS-6BE5E7E260,REQ-062EAD4C799E,2026-09-15 08:53:10
EVT-0002079,IF_SAPQM_ORWMS_001,SAP_ERP,ORACLE_SCM,Kafka,Async,Success,,,,2713,SESS-AEF50C2B97,REQ-FE51396F27A1,2026-09-12 21:12:33
EVT-0002081,IF_SAPPP_ORSC_001,SAP_ERP,ORACLE_SCM,Kafka,Async,Retry,CAP_003,Downstream service is at capacity,Capacity,3792,SESS-E4089ECEE7,REQ-D0428C4C395D,2026-09-14 22:22:55
EVT-0002084,IF_SAPPROC_ORIM_001,SAP_ERP,ORACLE_SCM,REST_API,REST,Retry,EXT_502,Downstream service returned 502,External Service,7884,SESS-C115FAF451,REQ-6CBC7A813D82,2026-09-13 00:49:44
EVT-0002088,IF_SAPPROC_ORIM_001,SAP_ERP,ORACLE_SCM,REST_API,REST,Success,,,,2268,SESS-9C6B500C0F,REQ-BD2833EF2DC8,2026-09-10 23:01:17
EVT-0002090,IF_SAPPP_ORSC_001,SAP_ERP,ORACLE_SCM,Kafka,Async,Retry,CAP_003,Downstream service is at capacity,Capacity,3129,SESS-AB2CB2F83E,REQ-9FEF18A1DB28,2026-09-13 12:49:20
EVT-0002091,IF_SAPPP_MESPE_001,SAP_ERP,MES,Kafka,Async,Failed,INFRA_008,Runtime node unavailable,Infrastructure,6587,SESS-4E7FE43229,REQ-3D1C16AD500B,2026-09-10 15:47:58
EVT-0002096,IF_SAPPP_ORSC_001,SAP_ERP,ORACLE_SCM,Kafka,Async,Success,,,,1246,SESS-448841E084,REQ-CA782D4DF1AE,2026-09-11 07:07:23
EVT-0002100,IF_SAPPP_ORSC_001,SAP_ERP,ORACLE_SCM,Kafka,Async,Success,,,,1521,SESS-FFA0118746,REQ-E32728FA40CE,2026-09-14 19:39:49
EVT-0002101,IF_SAPPROC_ORIM_001,SAP_ERP,ORACLE_SCM,REST_API,REST,Success,,,,1374,SESS-E2BE607C93,REQ-A2399A949185,2026-09-10 02:53:04
EVT-0002110,IF_SAPPROC_ORWMS_001,SAP_ERP,ORACLE_SCM,SFTP,Batch,Success,,,,14673,SESS-21B9B68BCA,REQ-2BB049FA9AF4,2026-09-11 11:20:47
EVT-0002111,IF_SAPPP_MESPE_001,SAP_ERP,MES,Kafka,Async,Success,,,,749,SESS-8B9CEEB75D,REQ-B15227CFA17A,2026-09-16 14:27:17
EVT-0002113,IF_SAPQM_ORWMS_001,SAP_ERP,ORACLE_SCM,Kafka,Async,Success,,,,2644,SESS-3F16B4559C,REQ-63001BA207A3,2026-09-13 01:00:27
EVT-0002122,IF_SAPQM_ORWMS_001,SAP_ERP,ORACLE_SCM,Kafka,Async,Success,,,,2288,SESS-39B3F0A69A,REQ-0E827FE952AA,2026-09-13 01:52:08
EVT-0002123,IF_SAPFIN_HCMPAY_001,SAP_ERP,HCM,SFTP,Batch,Success,,,,14793,SESS-25CC8DD5ED,REQ-E80C1D360FED,2026-09-16 14:05:16
EVT-0002132,IF_SAPPROC_ORIM_001,SAP_ERP,ORACLE_SCM,REST_API,REST,Success,,,,2564,SESS-5F42B72FE4,REQ-8A10177C060F,2026-09-13 21:10:02
EVT-0002134,IF_SAPPP_MESPE_001,SAP_ERP,MES,Kafka,Async,Success,,,,759,SESS-2554393D30,REQ-D3097B20F8AA,2026-09-11 02:05:51
EVT-0002145,IF_SAPPROC_ORIM_001,SAP_ERP,ORACLE_SCM,REST_API,REST,Success,,,,2564,SESS-EC6EDEE18B,REQ-9FB96EB14478,2026-09-16 09:57:02
EVT-0002147,IF_SAPPP_ORSC_001,SAP_ERP,ORACLE_SCM,Kafka,Async,Success,,,,1405,SESS-0B7B98A715,REQ-6EF05727C8B0,2026-09-12 04:00:06
EVT-0002149,IF_SAPFIN_HCMPAY_001,SAP_ERP,HCM,SFTP,Batch,Success,,,,15811,SESS-C5948752B4,REQ-2965C04281CD,2026-09-15 12:31:29
EVT-0002154,IF_SAPPP_MESPE_001,SAP_ERP,MES,Kafka,Async,Success,,,,828,SESS-D0CA913A23,REQ-56440C8B197F,2026-09-14 12:51:44
EVT-0002160,IF_SAPPP_MESPE_001,SAP_ERP,MES,Kafka,Async,Success,,,,1028,SESS-F970200424,REQ-0CD1E12D8DE2,2026-09-12 23:27:51
EVT-0002165,IF_SAPPP_ORSC_001,SAP_ERP,ORACLE_SCM,Kafka,Async,Success,,,,1242,SESS-E116CEC41D,REQ-704ABCFF472E,2026-09-12 20:50:08
EVT-0002178,IF_SAPPROC_ORWMS_001,SAP_ERP,ORACLE_SCM,SFTP,Batch,Success,,,,15858,SESS-3F640088A2,REQ-D55B32C538A8,2026-09-16 01:47:35
EVT-0002179,IF_SAPPROC_ORIM_001,SAP_ERP,ORACLE_SCM,REST_API,REST,Retry,INFRA_008,Runtime node unavailable,Infrastructure,8254,SESS-C3CC115307,REQ-173E00415A82,2026-09-12 12:43:41
EVT-0002182,IF_SAPPP_MESPE_001,SAP_ERP,MES,Kafka,Async,Success,,,,833,SESS-B791C9AA77,REQ-F64D5F95B553,2026-09-14 23:19:06
EVT-0002186,IF_SAPPROC_ORIM_001,SAP_ERP,ORACLE_SCM,REST_API,REST,Success,,,,2607,SESS-7140BECC83,REQ-5682C7DF2188,2026-09-15 00:10:29
EVT-0002187,IF_SAPPROC_ORIM_001,SAP_ERP,ORACLE_SCM,REST_API,REST,Success,,,,1821,SESS-12A904D0B4,REQ-5510E0F61103,2026-09-12 02:03:59
EVT-0002192,IF_SAPPP_ORSC_001,SAP_ERP,ORACLE_SCM,Kafka,Async,Success,,,,1081,SESS-6A4B9D24AA,REQ-248C6C97A76A,2026-09-11 08:48:45
EVT-0002193,IF_SAPPROC_ORWMS_001,SAP_ERP,ORACLE_SCM,SFTP,Batch,Failed,DB_COMMIT_014,Transaction commit failed,Database,41269,SESS-FEC81A4B4D,REQ-CDABE0D2D5C6,2026-09-12 03:28:03
EVT-0002195,IF_SAPPP_ORSC_001,SAP_ERP,ORACLE_SCM,Kafka,Async,Success,,,,2289,SESS-C424DC1618,REQ-EC27CC385215,2026-09-12 20:10:48
EVT-0002196,IF_SAPPROC_ORIM_001,SAP_ERP,ORACLE_SCM,REST_API,REST,Success,,,,2599,SESS-13997128CC,REQ-02580D088248,2026-09-15 05:26:35
EVT-0002205,IF_SAPQM_MESPE_001,SAP_ERP,MES,Kafka,Async,Success,,,,909,SESS-3AFD581366,REQ-D5078187DD79,2026-09-13 05:29:22
EVT-0002206,IF_SAPPP_MESPE_001,SAP_ERP,MES,Kafka,Async,Success,,,,1240,SESS-F5EC1B3536,REQ-5C54C37A44F1,2026-09-12 09:39:21
EVT-0002210,IF_SAPQM_ORWMS_001,SAP_ERP,ORACLE_SCM,Kafka,Async,Retry,EXT_502,Downstream service returned 502,External Service,4966,SESS-BA513704FD,REQ-017732C9AC9B,2026-09-16 08:45:16
EVT-0002221,IF_SAPPROC_ORWMS_001,SAP_ERP,ORACLE_SCM,SFTP,Batch,Retry,TIME_004,Downstream response exceeded SLA,Timeout,45200,SESS-A0C8F89652,REQ-CDE7D3C772EA,2026-09-10 04:40:04
EVT-0002225,IF_SAPPP_MESPE_001,SAP_ERP,MES,Kafka,Async,Success,,,,1187,SESS-F2E583FEEE,REQ-F724DC63497B,2026-09-13 08:25:13
EVT-0002230,IF_SAPPP_ORSC_001,SAP_ERP,ORACLE_SCM,Kafka,Async,Success,,,,1322,SESS-EBBA1362E3,REQ-93D6698C9E1E,2026-09-13 19:16:32
EVT-0002233,IF_SAPQM_ORWMS_001,SAP_ERP,ORACLE_SCM,Kafka,Async,Success,,,,2704,SESS-A04A548D24,REQ-A6004DD28789,2026-09-16 15:40:23
EVT-0002234,IF_SAPPP_MESPE_001,SAP_ERP,MES,Kafka,Async,Success,,,,1048,SESS-164CBFA197,REQ-8613B6B83783,2026-09-10 10:12:03
EVT-0002240,IF_SAPPROC_ORIM_001,SAP_ERP,ORACLE_SCM,REST_API,REST,Failed,NET_CONN_003,Connection reset by peer,Network,3761,SESS-BC97BCC1B6,REQ-CE3FD6CB599E,2026-09-13 01:14:12
EVT-0002245,IF_SAPPP_ORSC_001,SAP_ERP,ORACLE_SCM,Kafka,Async,Success,,,,1289,SESS-8F8261F872,REQ-A33EF72D4F91,2026-09-16 17:34:49
EVT-0002248,IF_SAPPROC_ORIM_001,SAP_ERP,ORACLE_SCM,REST_API,REST,Retry,INFRA_008,Runtime node unavailable,Infrastructure,3778,SESS-78D428BDB3,REQ-2DECD4FDCECD,2026-09-11 21:54:27
EVT-0002252,IF_SAPQM_ORWMS_001,SAP_ERP,ORACLE_SCM,Kafka,Async,Success,,,,1743,SESS-12DB3F25A2,REQ-8B94221181E3,2026-09-16 23:25:51
EVT-0002254,IF_SAPPROC_ORWMS_001,SAP_ERP,ORACLE_SCM,SFTP,Batch,Success,,,,17796,SESS-09F04F6F58,REQ-773B90FB4949,2026-09-13 11:16:02
EVT-0002262,IF_SAPPROC_ORIM_001,SAP_ERP,ORACLE_SCM,REST_API,REST,Success,,,,2421,SESS-DCC42B580E,REQ-79281C75B5EE,2026-09-13 08:38:20
EVT-0002280,IF_SAPPROC_ORIM_001,SAP_ERP,ORACLE_SCM,REST_API,REST,Success,,,,1663,SESS-8BA820FB6C,REQ-E59E991CCEA2,2026-09-12 15:53:42
EVT-0002296,IF_SAPQM_ORWMS_001,SAP_ERP,ORACLE_SCM,Kafka,Async,Success,,,,2466,SESS-A22B6E13A5,REQ-214433C4FDA0,2026-09-11 03:37:31
EVT-0002297,IF_SAPPP_ORSC_001,SAP_ERP,ORACLE_SCM,Kafka,Async,Success,,,,1698,SESS-2D7C38C39D,REQ-9E8A1146FB84,2026-09-14 11:13:56
EVT-0002301,IF_SAPPROC_ORWMS_001,SAP_ERP,ORACLE_SCM,SFTP,Batch,Retry,NET_CONN_003,Connection reset by peer,Network,43118,SESS-C80208D46F,REQ-B77C21A8437D,2026-09-14 00:18:16
EVT-0002306,IF_SAPPP_MESPE_001,SAP_ERP,MES,Kafka,Async,Success,,,,949,SESS-788A88C167,REQ-7D29920ABF3E,2026-09-12 14:42:01
EVT-0002309,IF_SAPFIN_HCMPAY_001,SAP_ERP,HCM,SFTP,Batch,Success,,,,15114,SESS-2640BE7B4F,REQ-380C802BFA44,2026-09-14 05:34:53
EVT-0002320,IF_SAPPROC_ORIM_001,SAP_ERP,ORACLE_SCM,REST_API,REST,Success,,,,3007,SESS-65C842A2AB,REQ-92B966BA4784,2026-09-10 14:31:10
EVT-0002336,IF_SAPQM_MESPE_001,SAP_ERP,MES,Kafka,Async,Success,,,,1258,SESS-9D9508A01B,REQ-6468BB8801EC,2026-09-14 17:21:39
EVT-0002353,IF_SAPPP_MESPE_001,SAP_ERP,MES,Kafka,Async,Success,,,,817,SESS-0852E88BCC,REQ-535511A10F48,2026-09-11 14:21:52
EVT-0002355,IF_SAPQM_MESPE_001,SAP_ERP,MES,Kafka,Async,Success,,,,1218,SESS-B5A42A934A,REQ-EF63A49D70F3,2026-09-16 21:26:41
EVT-0002356,IF_SAPQM_ORWMS_001,SAP_ERP,ORACLE_SCM,Kafka,Async,Success,,,,2472,SESS-1768657F49,REQ-EA243BBB6E90,2026-09-14 15:13:48
EVT-0002358,IF_SAPQM_ORWMS_001,SAP_ERP,ORACLE_SCM,Kafka,Async,Success,,,,3418,SESS-C1F00CA707,REQ-66BD46E837DA,2026-09-16 14:03:55
EVT-0002373,IF_SAPQM_ORWMS_001,SAP_ERP,ORACLE_SCM,Kafka,Async,Success,,,,2128,SESS-32FCB1D6C5,REQ-E8A3BC1FB7DF,2026-09-14 08:55:36
EVT-0002374,IF_SAPFIN_HCMPAY_001,SAP_ERP,HCM,SFTP,Batch,Success,,,,11152,SESS-C15099877E,REQ-265496DDC601,2026-09-13 11:23:28
EVT-0002376,IF_SAPQM_ORWMS_001,SAP_ERP,ORACLE_SCM,Kafka,Async,Success,,,,2457,SESS-DD55588278,REQ-FF3DCD02DB67,2026-09-12 19:30:15
EVT-0002380,IF_SAPPP_ORSC_001,SAP_ERP,ORACLE_SCM,Kafka,Async,Success,,,,1426,SESS-231AC787C6,REQ-D2047DD4325F,2026-09-11 14:06:18
EVT-0002384,IF_SAPFIN_HCMPAY_001,SAP_ERP,HCM,SFTP,Batch,Success,,,,10434,SESS-B621028668,REQ-BC50AAD13A63,2026-09-10 14:29:48
EVT-0002387,IF_SAPFIN_HCMPAY_001,SAP_ERP,HCM,SFTP,Batch,Success,,,,11863,SESS-7B6A6E415E,REQ-DFC1BB77327C,2026-09-14 13:33:19
EVT-0002390,IF_SAPPROC_ORIM_001,SAP_ERP,ORACLE_SCM,REST_API,REST,Success,,,,1862,SESS-9F875C15B9,REQ-CE7E52727536,2026-09-14 20:33:04
EVT-0002392,IF_SAPPP_MESPE_001,SAP_ERP,MES,Kafka,Async,Success,,,,980,SESS-296F680E1B,REQ-8B234BA8154D,2026-09-13 04:26:05
EVT-0002393,IF_SAPPROC_ORWMS_001,SAP_ERP,ORACLE_SCM,SFTP,Batch,Success,,,,11273,SESS-84F51D0E58,REQ-02F25546D95D,2026-09-16 01:30:10
EVT-0002397,IF_SAPPP_MESPE_001,SAP_ERP,MES,Kafka,Async,Success,,,,902,SESS-581C470C18,REQ-BAE912218895,2026-09-13 05:17:12
EVT-0002398,IF_SAPFIN_HCMPAY_001,SAP_ERP,HCM,SFTP,Batch,Success,,,,17340,SESS-E903ECBE1A,REQ-F5B35563DF78,2026-09-10 15:23:24
EVT-0002401,IF_SAPQM_ORWMS_001,SAP_ERP,ORACLE_SCM,Kafka,Async,Success,,,,1758,SESS-0E28A7A6C5,REQ-7654D2B59180,2026-09-11 12:35:35
EVT-0002402,IF_SAPFIN_HCMPAY_001,SAP_ERP,HCM,SFTP,Batch,Success,,,,5485,SESS-CFD8A7C791,REQ-B7754B044FFB,2026-09-11 03:49:04
EVT-0002404,IF_SAPPP_MESPE_001,SAP_ERP,MES,Kafka,Async,Success,,,,800,SESS-641D6064E1,REQ-38DBA6AEB239,2026-09-12 14:16:27
EVT-0002405,IF_SAPPROC_ORWMS_001,SAP_ERP,ORACLE_SCM,SFTP,Batch,Success,,,,13117,SESS-7BE458C111,REQ-05FABADE053E,2026-09-13 23:58:23
EVT-0002406,IF_SAPPP_ORSC_001,SAP_ERP,ORACLE_SCM,Kafka,Async,Success,,,,1173,SESS-E263750C76,REQ-852EC40A73DC,2026-09-12 19:07:45
EVT-0002414,IF_SAPPROC_ORIM_001,SAP_ERP,ORACLE_SCM,REST_API,REST,Success,,,,2510,SESS-012C42CDC7,REQ-C16AD0732986,2026-09-14 04:02:28
EVT-0002415,IF_SAPPROC_ORWMS_001,SAP_ERP,ORACLE_SCM,SFTP,Batch,Success,,,,12430,SESS-EF56638E65,REQ-D7DA4214D8D8,2026-09-14 10:00:59
EVT-0002416,IF_SAPFIN_HCMPAY_001,SAP_ERP,HCM,SFTP,Batch,Retry,CAP_003,Downstream service is at capacity,Capacity,50510,SESS-DEBB3A6F12,REQ-9DA1EE0C51D8,2026-09-13 03:26:29
EVT-0002421,IF_SAPPROC_ORWMS_001,SAP_ERP,ORACLE_SCM,SFTP,Batch,Success,,,,14776,SESS-C74AF404F9,REQ-67E29F849695,2026-09-10 22:37:10
EVT-0002422,IF_SAPPP_MESPE_001,SAP_ERP,MES,Kafka,Async,Retry,INFRA_008,Runtime node unavailable,Infrastructure,2842,SESS-62651DA183,REQ-C4303EB0E082,2026-09-15 09:43:46
EVT-0002423,IF_SAPPP_ORSC_001,SAP_ERP,ORACLE_SCM,Kafka,Async,Success,,,,1147,SESS-08D2DF00C2,REQ-4DE15912F23C,2026-09-11 06:23:17
EVT-0002426,IF_SAPPROC_ORWMS_001,SAP_ERP,ORACLE_SCM,SFTP,Batch,Failed,INFRA_008,Runtime node unavailable,Infrastructure,85626,SESS-EF05C50BD0,REQ-4C84CA251969,2026-09-13 21:42:49
EVT-0002432,IF_SAPQM_MESPE_001,SAP_ERP,MES,Kafka,Async,Success,,,,645,SESS-5A472D1F5B,REQ-28AA82FAAB8E,2026-09-14 07:42:18
EVT-0002444,IF_SAPPROC_ORIM_001,SAP_ERP,ORACLE_SCM,REST_API,REST,Success,,,,2545,SESS-992F8286DE,REQ-9454210D85D5,2026-09-15 19:05:48
EVT-0002448,IF_SAPPROC_ORWMS_001,SAP_ERP,ORACLE_SCM,SFTP,Batch,Success,,,,9933,SESS-E7FE4ADAA2,REQ-8A390E142C68,2026-09-16 16:59:20
EVT-0002456,IF_SAPFIN_HCMPAY_001,SAP_ERP,HCM,SFTP,Batch,Retry,TIME_004,Downstream response exceeded SLA,Timeout,47730,SESS-670C8E8C60,REQ-EDA67C73BA00,2026-09-13 22:39:57
EVT-0002462,IF_SAPPROC_ORWMS_001,SAP_ERP,ORACLE_SCM,SFTP,Batch,Success,,,,16327,SESS-81F1FDB184,REQ-A475A3CAEB0A,2026-09-14 21:24:19
EVT-0002463,IF_SAPPP_MESPE_001,SAP_ERP,MES,Kafka,Async,Success,,,,1220,SESS-9861B36DA5,REQ-21EC29CF2B57,2026-09-14 00:26:19
EVT-0002464,IF_SAPQM_ORWMS_001,SAP_ERP,ORACLE_SCM,Kafka,Async,Success,,,,2384,SESS-0A6D0B463D,REQ-488A7AD71B4E,2026-09-15 15:52:37
EVT-0002468,IF_SAPQM_MESPE_001,SAP_ERP,MES,Kafka,Async,Success,,,,951,SESS-F829D34629,REQ-48A84FEC48EE,2026-09-14 11:48:47
EVT-0002473,IF_SAPQM_ORWMS_001,SAP_ERP,ORACLE_SCM,Kafka,Async,Success,,,,2983,SESS-3D9000AF1F,REQ-F6D4A50D6EE5,2026-09-14 20:02:16
EVT-0002477,IF_SAPPP_MESPE_001,SAP_ERP,MES,Kafka,Async,Retry,EXT_502,Downstream service returned 502,External Service,2332,SESS-EF55E091A0,REQ-C17350844DCD,2026-09-12 06:54:57
EVT-0002480,IF_SAPPP_MESPE_001,SAP_ERP,MES,Kafka,Async,Success,,,,1331,SESS-A2AB580554,REQ-CBFA76E6088E,2026-09-10 05:31:49
EVT-0002483,IF_SAPFIN_HCMPAY_001,SAP_ERP,HCM,SFTP,Batch,Failed,CAP_003,Downstream service is at capacity,Capacity,117589,SESS-28BB950470,REQ-02721F1B1C02,2026-09-10 12:07:46
EVT-0002489,IF_SAPPP_ORSC_001,SAP_ERP,ORACLE_SCM,Kafka,Async,Success,,,,1272,SESS-87794D3C93,REQ-A1F382527E2F,2026-09-11 19:36:28
EVT-0002494,IF_SAPQM_MESPE_001,SAP_ERP,MES,Kafka,Async,Success,,,,811,SESS-08B7EBE8A0,REQ-2CF1F619793E,2026-09-16 04:43:50
EVT-0002503,IF_SAPQM_MESPE_001,SAP_ERP,MES,Kafka,Async,Success,,,,1079,SESS-97603AB727,REQ-195EC540C63F,2026-09-12 20:47:54
EVT-0002509,IF_SAPPROC_ORIM_001,SAP_ERP,ORACLE_SCM,REST_API,REST,Success,,,,2102,SESS-7CF0DBB2A0,REQ-CB0681D49112,2026-09-13 15:20:51
EVT-0002511,IF_SAPPROC_ORIM_001,SAP_ERP,ORACLE_SCM,REST_API,REST,Success,,,,1894,SESS-1AA65DB0EB,REQ-56D3A6471061,2026-09-15 21:52:17
EVT-0002514,IF_SAPPROC_ORIM_001,SAP_ERP,ORACLE_SCM,REST_API,REST,Success,,,,2742,SESS-799F02CFAC,REQ-9D9F71534748,2026-09-16 13:08:54
EVT-0002517,IF_SAPQM_MESPE_001,SAP_ERP,MES,Kafka,Async,Success,,,,665,SESS-CBE8BFF1C2,REQ-233D90B887D1,2026-09-14 04:23:17
EVT-0002519,IF_SAPPROC_ORWMS_001,SAP_ERP,ORACLE_SCM,SFTP,Batch,Success,,,,15877,SESS-41E978A18D,REQ-B3093C2B45B6,2026-09-10 14:02:22
EVT-0002524,IF_SAPPROC_ORIM_001,SAP_ERP,ORACLE_SCM,REST_API,REST,Success,,,,2843,SESS-8F5BE6DB95,REQ-AB8469E81D14,2026-09-10 08:35:52
EVT-0002531,IF_SAPPP_MESPE_001,SAP_ERP,MES,Kafka,Async,Success,,,,1038,SESS-7EEB36E9AC,REQ-E5C585979FC1,2026-09-16 04:41:15
EVT-0002532,IF_SAPPROC_ORWMS_001,SAP_ERP,ORACLE_SCM,SFTP,Batch,Success,,,,11597,SESS-B5840E8C20,REQ-FD3289744FB6,2026-09-14 14:10:49
EVT-0002536,IF_SAPFIN_HCMPAY_001,SAP_ERP,HCM,SFTP,Batch,Retry,AUTH_401,Service credential rejected,Authentication,51668,SESS-ED3936E2D7,REQ-225E18CF7ACE,2026-09-13 20:49:00
EVT-0002538,IF_SAPQM_ORWMS_001,SAP_ERP,ORACLE_SCM,Kafka,Async,Failed,VAL_400,Required business field failed validation,Validation,17037,SESS-E8521C4DA6,REQ-0862A41F04D6,2026-09-14 05:20:34
EVT-0002539,IF_SAPFIN_HCMPAY_001,SAP_ERP,HCM,SFTP,Batch,Success,,,,14468,SESS-E376E71CF7,REQ-F5E88824D854,2026-09-11 01:28:18
EVT-0002544,IF_SAPFIN_HCMPAY_001,SAP_ERP,HCM,SFTP,Batch,Success,,,,13619,SESS-2576E0CD41,REQ-13964ACAEE9C,2026-09-12 04:11:10
EVT-0002563,IF_SAPPP_MESPE_001,SAP_ERP,MES,Kafka,Async,Success,,,,748,SESS-EBFAAE1588,REQ-CF4A36CE89E0,2026-09-12 14:09:00
EVT-0002568,IF_SAPPP_ORSC_001,SAP_ERP,ORACLE_SCM,Kafka,Async,Success,,,,1025,SESS-AC1D082A7D,REQ-FEE9410DCBB2,2026-09-16 08:31:37
EVT-0002569,IF_SAPQM_MESPE_001,SAP_ERP,MES,Kafka,Async,Success,,,,687,SESS-994D849317,REQ-0DD89F22BFDA,2026-09-16 11:18:47
EVT-0002571,IF_SAPQM_ORWMS_001,SAP_ERP,ORACLE_SCM,Kafka,Async,Failed,TIME_004,Downstream response exceeded SLA,Timeout,7502,SESS-6D5B0F8391,REQ-8B4070EA3234,2026-09-15 20:33:29
EVT-0002575,IF_SAPFIN_HCMPAY_001,SAP_ERP,HCM,SFTP,Batch,Failed,EXT_502,Downstream service returned 502,External Service,28963,SESS-800025AF37,REQ-940DA38FF686,2026-09-16 21:15:53
EVT-0002580,IF_SAPFIN_HCMPAY_001,SAP_ERP,HCM,SFTP,Batch,Success,,,,11566,SESS-BCBC4DF553,REQ-503673A3A5F2,2026-09-12 18:56:00
EVT-0002581,IF_SAPPROC_ORIM_001,SAP_ERP,ORACLE_SCM,REST_API,REST,Success,,,,1489,SESS-445EDAE8D2,REQ-556335A39440,2026-09-13 22:07:45
EVT-0002582,IF_SAPPP_ORSC_001,SAP_ERP,ORACLE_SCM,Kafka,Async,Success,,,,1454,SESS-763C7218EB,REQ-66B0DF1A7294,2026-09-10 09:18:21
EVT-0002586,IF_SAPPROC_ORIM_001,SAP_ERP,ORACLE_SCM,REST_API,REST,Success,,,,1444,SESS-CCE3A9CB01,REQ-5F938DFBE8E8,2026-09-16 23:10:31
EVT-0002588,IF_SAPQM_ORWMS_001,SAP_ERP,ORACLE_SCM,Kafka,Async,Success,,,,1699,SESS-9AA9E30516,REQ-BB92172A2E47,2026-09-16 20:18:12
EVT-0002591,IF_SAPQM_ORWMS_001,SAP_ERP,ORACLE_SCM,Kafka,Async,Success,,,,2767,SESS-2C2877BA09,REQ-38520EE013F5,2026-09-16 15:00:00
EVT-0002593,IF_SAPPP_MESPE_001,SAP_ERP,MES,Kafka,Async,Success,,,,696,SESS-62F2907A78,REQ-1E5CFD42FA13,2026-09-11 01:29:53
EVT-0002595,IF_SAPFIN_HCMPAY_001,SAP_ERP,HCM,SFTP,Batch,Retry,INFRA_008,Runtime node unavailable,Infrastructure,32413,SESS-6BE0C7D5C3,REQ-15C01C201F85,2026-09-11 19:47:02
EVT-0002599,IF_SAPFIN_HCMPAY_001,SAP_ERP,HCM,SFTP,Batch,Success,,,,12271,SESS-D9EA1BEC03,REQ-9AAD0E43C524,2026-09-11 06:34:32
EVT-0002614,IF_SAPQM_MESPE_001,SAP_ERP,MES,Kafka,Async,Success,,,,868,SESS-E03EE5C53E,REQ-8DE464A643F0,2026-09-13 10:22:36
EVT-0002615,IF_SAPPP_ORSC_001,SAP_ERP,ORACLE_SCM,Kafka,Async,Success,,,,834,SESS-FDC8F12F38,REQ-38388EAA147B,2026-09-13 02:58:13
EVT-0002620,IF_SAPPP_MESPE_001,SAP_ERP,MES,Kafka,Async,Success,,,,985,SESS-D79639FA5A,REQ-98C05DB7AFAE,2026-09-13 13:57:06
EVT-0002628,IF_SAPPROC_ORIM_001,SAP_ERP,ORACLE_SCM,REST_API,REST,Success,,,,1850,SESS-E6C0FD3C21,REQ-3515EF52E705,2026-09-10 09:38:41
EVT-0002629,IF_SAPQM_MESPE_001,SAP_ERP,MES,Kafka,Async,Retry,INFRA_008,Runtime node unavailable,Infrastructure,2717,SESS-8FDBBB700E,REQ-3500D91B2F7A,2026-09-10 22:37:01
EVT-0002635,IF_SAPPP_ORSC_001,SAP_ERP,ORACLE_SCM,Kafka,Async,Success,,,,1810,SESS-4B89EBF0A8,REQ-E9BE6AC1BC5E,2026-09-15 20:32:39
EVT-0002639,IF_SAPQM_MESPE_001,SAP_ERP,MES,Kafka,Async,Success,,,,1130,SESS-97D3CFB13C,REQ-78BB30ABC72C,2026-09-14 01:30:30
EVT-0002641,IF_SAPFIN_HCMPAY_001,SAP_ERP,HCM,SFTP,Batch,Failed,CFG_017,Interface configuration mismatch,Configuration,20002,SESS-910BE2588E,REQ-5E371211BD43,2026-09-16 02:41:23
EVT-0002645,IF_SAPPP_ORSC_001,SAP_ERP,ORACLE_SCM,Kafka,Async,Success,,,,1189,SESS-1C49AB4967,REQ-74C7FFC37425,2026-09-13 12:56:50
EVT-0002650,IF_SAPPROC_ORIM_001,SAP_ERP,ORACLE_SCM,REST_API,REST,Success,,,,2107,SESS-0003D948BA,REQ-2F1084077606,2026-09-13 00:25:43
EVT-0002653,IF_SAPFIN_HCMPAY_001,SAP_ERP,HCM,SFTP,Batch,Success,,,,14870,SESS-ECAAF6597E,REQ-747F9A3960B8,2026-09-16 04:29:04
EVT-0002655,IF_SAPFIN_HCMPAY_001,SAP_ERP,HCM,SFTP,Batch,Success,,,,13758,SESS-808FB78049,REQ-CBBA9E1F7171,2026-09-15 03:37:00
EVT-0002659,IF_SAPPROC_ORIM_001,SAP_ERP,ORACLE_SCM,REST_API,REST,Success,,,,1753,SESS-57A8E706F5,REQ-F04676076657,2026-09-11 13:21:10
EVT-0002661,IF_SAPQM_MESPE_001,SAP_ERP,MES,Kafka,Async,Success,,,,988,SESS-A4DB5FBEBC,REQ-BFBF100DB756,2026-09-11 02:12:13
EVT-0002662,IF_SAPPP_MESPE_001,SAP_ERP,MES,Kafka,Async,Retry,CAP_003,Downstream service is at capacity,Capacity,1524,SESS-59BAAE5086,REQ-A5421CD7C42A,2026-09-11 12:31:56
EVT-0002668,IF_SAPFIN_HCMPAY_001,SAP_ERP,HCM,SFTP,Batch,Success,,,,12791,SESS-409744E280,REQ-A680A0BA0353,2026-09-11 08:20:28
EVT-0002672,IF_SAPQM_MESPE_001,SAP_ERP,MES,Kafka,Async,Success,,,,924,SESS-8AC3B1E0E7,REQ-46E3B17177FF,2026-09-13 06:57:47
EVT-0002676,IF_SAPQM_MESPE_001,SAP_ERP,MES,Kafka,Async,Success,,,,1050,SESS-03B0EB46CF,REQ-716CE4462BAC,2026-09-16 14:22:35
EVT-0002680,IF_SAPFIN_HCMPAY_001,SAP_ERP,HCM,SFTP,Batch,Failed,INFRA_008,Runtime node unavailable,Infrastructure,40343,SESS-128714DC16,REQ-5EFA9BF5FF39,2026-09-11 04:06:47
EVT-0002689,IF_SAPQM_ORWMS_001,SAP_ERP,ORACLE_SCM,Kafka,Async,Success,,,,2574,SESS-24CE2D14AA,REQ-59801DB7DBF8,2026-09-12 07:29:12
EVT-0002690,IF_SAPQM_MESPE_001,SAP_ERP,MES,Kafka,Async,Success,,,,1240,SESS-BBCFEAB79F,REQ-AE3D265BBFDB,2026-09-10 16:25:38
EVT-0002692,IF_SAPPP_MESPE_001,SAP_ERP,MES,Kafka,Async,Success,,,,1011,SESS-60921536DD,REQ-CEB2CA870985,2026-09-13 06:35:48
EVT-0002693,IF_SAPPROC_ORIM_001,SAP_ERP,ORACLE_SCM,REST_API,REST,Success,,,,2873,SESS-2B4AC9E01E,REQ-CDADEDCE2394,2026-09-12 18:37:50
EVT-0002698,IF_SAPPP_MESPE_001,SAP_ERP,MES,Kafka,Async,Success,,,,1044,SESS-59A413DAC7,REQ-851714DF6070,2026-09-15 09:16:07
EVT-0002700,IF_SAPPROC_ORWMS_001,SAP_ERP,ORACLE_SCM,SFTP,Batch,Success,,,,12593,SESS-6B181A6FC9,REQ-D72E30C19ACE,2026-09-11 17:22:55
EVT-0002701,IF_SAPQM_ORWMS_001,SAP_ERP,ORACLE_SCM,Kafka,Async,Success,,,,2608,SESS-11D88C9E8E,REQ-A657AD297291,2026-09-12 10:43:04
EVT-0002702,IF_SAPPROC_ORWMS_001,SAP_ERP,ORACLE_SCM,SFTP,Batch,Success,,,,14483,SESS-648C75A99E,REQ-3CE4CBF74263,2026-09-11 21:40:23
EVT-0002708,IF_SAPPP_MESPE_001,SAP_ERP,MES,Kafka,Async,Success,,,,640,SESS-26BF2132F0,REQ-A786425C13FB,2026-09-11 08:25:35
EVT-0002709,IF_SAPPP_ORSC_001,SAP_ERP,ORACLE_SCM,Kafka,Async,Failed,NET_CONN_003,Connection reset by peer,Network,7173,SESS-2EA0C9C7A8,REQ-0BA5627919CB,2026-09-15 13:06:27
EVT-0002711,IF_SAPPP_ORSC_001,SAP_ERP,ORACLE_SCM,Kafka,Async,Success,,,,1359,SESS-13C1081DA8,REQ-ED4CB8BC4C23,2026-09-12 14:42:48
EVT-0002720,IF_SAPQM_MESPE_001,SAP_ERP,MES,Kafka,Async,Success,,,,1046,SESS-CB4BD015BA,REQ-700E8C2C294E,2026-09-15 20:07:24
EVT-0002723,IF_SAPPROC_ORIM_001,SAP_ERP,ORACLE_SCM,REST_API,REST,Retry,INFRA_008,Runtime node unavailable,Infrastructure,6455,SESS-E5A78EBF8A,REQ-E7380844A42D,2026-09-10 04:51:30
EVT-0002728,IF_SAPQM_MESPE_001,SAP_ERP,MES,Kafka,Async,Success,,,,910,SESS-A962DC26A2,REQ-F988DBB42C43,2026-09-10 00:24:14
EVT-0002731,IF_SAPPP_MESPE_001,SAP_ERP,MES,Kafka,Async,Success,,,,900,SESS-9B102F36A2,REQ-13F9A0C0843C,2026-09-10 07:28:58
EVT-0002733,IF_SAPPROC_ORIM_001,SAP_ERP,ORACLE_SCM,REST_API,REST,Success,,,,2575,SESS-A29DE3B334,REQ-D4EF0BC6829B,2026-09-15 22:18:43
EVT-0002734,IF_SAPQM_MESPE_001,SAP_ERP,MES,Kafka,Async,Success,,,,880,SESS-4CE81C53BB,REQ-F72D2765E914,2026-09-15 20:01:07
EVT-0002742,IF_SAPQM_ORWMS_001,SAP_ERP,ORACLE_SCM,Kafka,Async,Success,,,,1754,SESS-A6E2662CD1,REQ-7F227617A0A7,2026-09-11 08:41:48
EVT-0002745,IF_SAPFIN_HCMPAY_001,SAP_ERP,HCM,SFTP,Batch,Failed,VAL_400,Required business field failed validation,Validation,58231,SESS-5CC5C7F76B,REQ-C2636342C4DE,2026-09-10 12:30:41
EVT-0002747,IF_SAPPP_ORSC_001,SAP_ERP,ORACLE_SCM,Kafka,Async,Retry,AUTH_401,Service credential rejected,Authentication,4777,SESS-9F89684C75,REQ-06FBD2B58E95,2026-09-15 12:52:09
EVT-0002748,IF_SAPQM_MESPE_001,SAP_ERP,MES,Kafka,Async,Success,,,,1028,SESS-E87CAFAE10,REQ-7BDE2AB3108D,2026-09-16 16:01:08
EVT-0002753,IF_SAPPROC_ORWMS_001,SAP_ERP,ORACLE_SCM,SFTP,Batch,Success,,,,9894,SESS-9A6C006721,REQ-120497193DC2,2026-09-14 11:31:43
EVT-0002758,IF_SAPPP_MESPE_001,SAP_ERP,MES,Kafka,Async,Success,,,,1193,SESS-6D0AB4F732,REQ-2291B4F1218D,2026-09-14 15:01:23
EVT-0002760,IF_SAPPP_MESPE_001,SAP_ERP,MES,Kafka,Async,Retry,TIME_004,Downstream response exceeded SLA,Timeout,1485,SESS-EF35E04F81,REQ-D15D896C5EB3,2026-09-16 00:48:26
EVT-0002764,IF_SAPFIN_HCMPAY_001,SAP_ERP,HCM,SFTP,Batch,Retry,CFG_017,Interface configuration mismatch,Configuration,44387,SESS-4433AA6773,REQ-5B4DA2AAA83D,2026-09-14 13:19:12
EVT-0002771,IF_SAPQM_ORWMS_001,SAP_ERP,ORACLE_SCM,Kafka,Async,Success,,,,2076,SESS-F524EEB98A,REQ-B3F850186D1E,2026-09-16 06:26:32
EVT-0002773,IF_SAPQM_ORWMS_001,SAP_ERP,ORACLE_SCM,Kafka,Async,Success,,,,2741,SESS-A5CB1E3101,REQ-70075AFA6898,2026-09-11 03:37:52
EVT-0002775,IF_SAPPP_ORSC_001,SAP_ERP,ORACLE_SCM,Kafka,Async,Success,,,,1245,SESS-9922A385D1,REQ-73698417762D,2026-09-13 09:07:19
EVT-0002788,IF_SAPPROC_ORWMS_001,SAP_ERP,ORACLE_SCM,SFTP,Batch,Failed,VAL_400,Required business field failed validation,Validation,53469,SESS-6FEDE15F11,REQ-C4D429741F59,2026-09-10 00:50:05
EVT-0002792,IF_SAPPP_MESPE_001,SAP_ERP,MES,Kafka,Async,Success,,,,740,SESS-11EB039D6C,REQ-A67B1B310CD4,2026-09-15 21:28:29
EVT-0002797,IF_SAPQM_ORWMS_001,SAP_ERP,ORACLE_SCM,Kafka,Async,Success,,,,1656,SESS-20EF018CEC,REQ-A0819A24AABE,2026-09-12 05:59:55
EVT-0002798,IF_SAPPROC_ORIM_001,SAP_ERP,ORACLE_SCM,REST_API,REST,Success,,,,1217,SESS-FE5250AE05,REQ-A142D27CA254,2026-09-12 02:29:38
EVT-0002800,IF_SAPQM_MESPE_001,SAP_ERP,MES,Kafka,Async,Success,,,,576,SESS-6EB4BA15F0,REQ-8EBC0610B8A3,2026-09-10 22:28:41
EVT-0002802,IF_SAPPP_ORSC_001,SAP_ERP,ORACLE_SCM,Kafka,Async,Success,,,,1232,SESS-1D8D548907,REQ-637AAC0425CB,2026-09-15 07:38:49
EVT-0002808,IF_SAPPP_ORSC_001,SAP_ERP,ORACLE_SCM,Kafka,Async,Success,,,,2010,SESS-EC83FA304A,REQ-7ED90312A885,2026-09-15 05:54:05
EVT-0002814,IF_SAPQM_ORWMS_001,SAP_ERP,ORACLE_SCM,Kafka,Async,Success,,,,2455,SESS-9D52339E0C,REQ-41ACA6E20A8E,2026-09-10 08:43:50
EVT-0002815,IF_SAPQM_MESPE_001,SAP_ERP,MES,Kafka,Async,Success,,,,827,SESS-A8FD60F582,REQ-6EC7D71346A1,2026-09-11 13:15:03
EVT-0002823,IF_SAPPROC_ORIM_001,SAP_ERP,ORACLE_SCM,REST_API,REST,Success,,,,2421,SESS-2E98D68B81,REQ-DBB901DA193A,2026-09-10 16:09:28
EVT-0002824,IF_SAPQM_ORWMS_001,SAP_ERP,ORACLE_SCM,Kafka,Async,Success,,,,2027,SESS-86EA7BCA8F,REQ-66252A50A5B3,2026-09-13 14:25:57
EVT-0002826,IF_SAPPROC_ORWMS_001,SAP_ERP,ORACLE_SCM,SFTP,Batch,Success,,,,14126,SESS-9FDE42C0F1,REQ-FB92C63117FA,2026-09-13 06:08:37
EVT-0002829,IF_SAPQM_MESPE_001,SAP_ERP,MES,Kafka,Async,Retry,CAP_003,Downstream service is at capacity,Capacity,3456,SESS-29534843ED,REQ-EE50FAA962B4,2026-09-11 20:32:13
EVT-0002836,IF_SAPQM_MESPE_001,SAP_ERP,MES,Kafka,Async,Success,,,,1020,SESS-0F23F67601,REQ-7076810F8D5C,2026-09-11 01:13:46
EVT-0002838,IF_SAPQM_MESPE_001,SAP_ERP,MES,Kafka,Async,Failed,INFRA_008,Runtime node unavailable,Infrastructure,7043,SESS-15E38B0147,REQ-212B58259386,2026-09-10 03:04:40
EVT-0002841,IF_SAPQM_MESPE_001,SAP_ERP,MES,Kafka,Async,Success,,,,1052,SESS-94D5935719,REQ-AB9E5E5ADC86,2026-09-15 12:16:40
EVT-0002843,IF_SAPPROC_ORWMS_001,SAP_ERP,ORACLE_SCM,SFTP,Batch,Success,,,,14992,SESS-230B2E82C1,REQ-1710BC473F08,2026-09-10 20:28:26
EVT-0002845,IF_SAPQM_MESPE_001,SAP_ERP,MES,Kafka,Async,Success,,,,1097,SESS-5C170998E9,REQ-6DFD84163BBC,2026-09-10 11:37:25
EVT-0002847,IF_SAPPP_ORSC_001,SAP_ERP,ORACLE_SCM,Kafka,Async,Success,,,,1439,SESS-5F01254D32,REQ-CDFC747022DA,2026-09-16 07:51:36
EVT-0002848,IF_SAPPP_ORSC_001,SAP_ERP,ORACLE_SCM,Kafka,Async,Success,,,,822,SESS-27C966BCC0,REQ-C0324B8FE8A0,2026-09-14 18:33:47
EVT-0002851,IF_SAPPP_MESPE_001,SAP_ERP,MES,Kafka,Async,Success,,,,871,SESS-29C4B01DA4,REQ-B5A4A427F0D2,2026-09-14 05:27:46
EVT-0002858,IF_SAPQM_MESPE_001,SAP_ERP,MES,Kafka,Async,Success,,,,990,SESS-664451FD55,REQ-5A74552828C3,2026-09-13 03:40:07
EVT-0002865,IF_SAPPROC_ORWMS_001,SAP_ERP,ORACLE_SCM,SFTP,Batch,Failed,CFG_017,Interface configuration mismatch,Configuration,89502,SESS-2599D8D5A5,REQ-3DAEBAABA6D7,2026-09-16 11:12:50
EVT-0002866,IF_SAPPROC_ORIM_001,SAP_ERP,ORACLE_SCM,REST_API,REST,Success,,,,1664,SESS-5DE27963AD,REQ-59D63895114C,2026-09-11 13:28:53
EVT-0002867,IF_SAPQM_ORWMS_001,SAP_ERP,ORACLE_SCM,Kafka,Async,Success,,,,1539,SESS-DBD4BA6962,REQ-0DFF872E1F05,2026-09-14 10:22:23
EVT-0002874,IF_SAPPP_MESPE_001,SAP_ERP,MES,Kafka,Async,Success,,,,1048,SESS-DE4FA195B7,REQ-6960A252E7E1,2026-09-15 08:18:56
EVT-0002883,IF_SAPFIN_HCMPAY_001,SAP_ERP,HCM,SFTP,Batch,Success,,,,11506,SESS-5AEC77DB6D,REQ-A038283CB250,2026-09-10 07:49:33
EVT-0002889,IF_SAPPROC_ORIM_001,SAP_ERP,ORACLE_SCM,REST_API,REST,Success,,,,2023,SESS-B436CCED5E,REQ-95778D71A9CA,2026-09-12 21:11:41
EVT-0002900,IF_SAPPP_ORSC_001,SAP_ERP,ORACLE_SCM,Kafka,Async,Success,,,,1160,SESS-71E5DBBCDF,REQ-7EB3CF55F0D7,2026-09-15 11:24:27
EVT-0002903,IF_SAPPP_ORSC_001,SAP_ERP,ORACLE_SCM,Kafka,Async,Failed,AUTHZ_403,Caller is not authorized,Authorization,11172,SESS-8882DD702A,REQ-70928EFE775C,2026-09-13 08:25:24
EVT-0002905,IF_SAPPROC_ORWMS_001,SAP_ERP,ORACLE_SCM,SFTP,Batch,Success,,,,18840,SESS-F3E4C0559D,REQ-CA9B911BF548,2026-09-15 21:54:04
EVT-0002911,IF_SAPFIN_HCMPAY_001,SAP_ERP,HCM,SFTP,Batch,Success,,,,14806,SESS-0D4ED477C7,REQ-43D21E8C0490,2026-09-12 20:11:36
EVT-0002912,IF_SAPPP_MESPE_001,SAP_ERP,MES,Kafka,Async,Success,,,,777,SESS-29D26B5689,REQ-3800B7F5B32A,2026-09-12 00:32:04
EVT-0002924,IF_SAPPP_MESPE_001,SAP_ERP,MES,Kafka,Async,Success,,,,630,SESS-D19A906AF0,REQ-88A7139C0748,2026-09-13 05:24:03
EVT-0002926,IF_SAPPROC_ORWMS_001,SAP_ERP,ORACLE_SCM,SFTP,Batch,Retry,CFG_017,Interface configuration mismatch,Configuration,28886,SESS-2CF22F1042,REQ-F5D179F19AC9,2026-09-11 16:35:08
EVT-0002927,IF_SAPQM_ORWMS_001,SAP_ERP,ORACLE_SCM,Kafka,Async,Success,,,,2532,SESS-C3B5F42B4E,REQ-F6B8CDD5F2C0,2026-09-15 17:34:03
EVT-0002932,IF_SAPPROC_ORWMS_001,SAP_ERP,ORACLE_SCM,SFTP,Batch,Success,,,,12972,SESS-D013CD62CF,REQ-04A669C59CF1,2026-09-10 19:27:32
EVT-0002934,IF_SAPPROC_ORWMS_001,SAP_ERP,ORACLE_SCM,SFTP,Batch,Success,,,,19913,SESS-45D133ADEE,REQ-168669094731,2026-09-16 18:38:28
EVT-0002940,IF_SAPQM_ORWMS_001,SAP_ERP,ORACLE_SCM,Kafka,Async,Success,,,,1791,SESS-FB183DC88E,REQ-C1CE03A35488,2026-09-10 15:56:58
EVT-0002946,IF_SAPPROC_ORIM_001,SAP_ERP,ORACLE_SCM,REST_API,REST,Success,,,,1745,SESS-0D33636D7A,REQ-5961C34B6D73,2026-09-16 20:56:23
EVT-0002951,IF_SAPPROC_ORIM_001,SAP_ERP,ORACLE_SCM,REST_API,REST,Success,,,,2556,SESS-7C02512339,REQ-0A5A0A75F243,2026-09-13 07:52:21
EVT-0002953,IF_SAPQM_MESPE_001,SAP_ERP,MES,Kafka,Async,Success,,,,804,SESS-C3AD42C72B,REQ-1F9146ED88F9,2026-09-10 14:06:54
EVT-0002957,IF_SAPPROC_ORIM_001,SAP_ERP,ORACLE_SCM,REST_API,REST,Retry,VAL_400,Required business field failed validation,Validation,7535,SESS-7EB5056C84,REQ-1D7950A02427,2026-09-12 03:41:33
EVT-0002961,IF_SAPPP_ORSC_001,SAP_ERP,ORACLE_SCM,Kafka,Async,Success,,,,1517,SESS-22F7BEAF0F,REQ-A7BDD2451188,2026-09-16 03:28:38
EVT-0002962,IF_SAPPP_ORSC_001,SAP_ERP,ORACLE_SCM,Kafka,Async,Success,,,,1932,SESS-03674A84FF,REQ-D7AFF095ABE5,2026-09-11 21:33:38
EVT-0002963,IF_SAPQM_MESPE_001,SAP_ERP,MES,Kafka,Async,Success,,,,1172,SESS-2A2EF8BC4E,REQ-4D3CAFB8E017,2026-09-15 00:02:20
EVT-0002964,IF_SAPPROC_ORIM_001,SAP_ERP,ORACLE_SCM,REST_API,REST,Success,,,,2113,SESS-4A5221013D,REQ-0951A011C180,2026-09-14 19:16:55
EVT-0002966,IF_SAPPP_ORSC_001,SAP_ERP,ORACLE_SCM,Kafka,Async,Success,,,,1061,SESS-32A8795272,REQ-1847FE38769C,2026-09-15 22:13:18
EVT-0002967,IF_SAPPP_ORSC_001,SAP_ERP,ORACLE_SCM,Kafka,Async,Success,,,,1556,SESS-5056037E2E,REQ-737227ABA24D,2026-09-10 22:56:48
EVT-0002972,IF_SAPPROC_ORWMS_001,SAP_ERP,ORACLE_SCM,SFTP,Batch,Retry,NET_CONN_003,Connection reset by peer,Network,35250,SESS-EE39CE4125,REQ-F3825483594A,2026-09-16 03:55:18
EVT-0002980,IF_SAPFIN_HCMPAY_001,SAP_ERP,HCM,SFTP,Batch,Success,,,,15682,SESS-60EC458BCC,REQ-A9E811024481,2026-09-13 21:37:32
EVT-0002981,IF_SAPPROC_ORIM_001,SAP_ERP,ORACLE_SCM,REST_API,REST,Success,,,,1423,SESS-1F657C69EB,REQ-36CF9605D3E5,2026-09-16 21:48:02
EVT-0002985,IF_SAPPP_ORSC_001,SAP_ERP,ORACLE_SCM,Kafka,Async,Success,,,,1234,SESS-33B1E969BF,REQ-3E2D0CA667E5,2026-09-14 03:18:50
EVT-0002991,IF_SAPPROC_ORWMS_001,SAP_ERP,ORACLE_SCM,SFTP,Batch,Success,,,,17446,SESS-8616E9A998,REQ-FEAEF2F49A29,2026-09-13 15:14:21
EVT-0002998,IF_SAPFIN_HCMPAY_001,SAP_ERP,HCM,SFTP,Batch,Success,,,,16902,SESS-D08B1E013F,REQ-6FBA57BAF604,2026-09-16 09:17:23
EVT-0003010,IF_SAPPROC_ORWMS_001,SAP_ERP,ORACLE_SCM,SFTP,Batch,Retry,AUTHZ_403,Caller is not authorized,Authorization,44368,SESS-FFB5A3993F,REQ-F74F6863389E,2026-09-11 16:40:49
EVT-0003016,IF_SAPQM_ORWMS_001,SAP_ERP,ORACLE_SCM,Kafka,Async,Success,,,,3540,SESS-47A464A1BD,REQ-137CE2799B9A,2026-09-15 01:02:58
EVT-0003022,IF_SAPPP_MESPE_001,SAP_ERP,MES,Kafka,Async,Retry,CAP_003,Downstream service is at capacity,Capacity,3056,SESS-600CB290BC,REQ-1855C2BA7BC2,2026-09-16 01:53:34
EVT-0003024,IF_SAPQM_ORWMS_001,SAP_ERP,ORACLE_SCM,Kafka,Async,Success,,,,3547,SESS-68972E00A7,REQ-B470731E8FD1,2026-09-11 06:35:53
EVT-0003028,IF_SAPQM_ORWMS_001,SAP_ERP,ORACLE_SCM,Kafka,Async,Retry,AUTH_401,Service credential rejected,Authentication,3657,SESS-AC48175F11,REQ-191FD57FBC6B,2026-09-11 22:06:59
EVT-0003032,IF_SAPPROC_ORWMS_001,SAP_ERP,ORACLE_SCM,SFTP,Batch,Success,,,,10332,SESS-12BE357D8A,REQ-A47A1D2F288E,2026-09-11 13:40:46
EVT-0003041,IF_SAPFIN_HCMPAY_001,SAP_ERP,HCM,SFTP,Batch,Success,,,,11092,SESS-BB46033D92,REQ-6787239E914E,2026-09-13 04:49:58
EVT-0003042,IF_SAPPROC_ORIM_001,SAP_ERP,ORACLE_SCM,REST_API,REST,Success,,,,1605,SESS-EFECF61217,REQ-0C2161749BE1,2026-09-10 05:40:05
EVT-0003044,IF_SAPPROC_ORIM_001,SAP_ERP,ORACLE_SCM,REST_API,REST,Success,,,,3336,SESS-9A6F06B217,REQ-394C38407B20,2026-09-16 12:18:53
EVT-0003046,IF_SAPPROC_ORWMS_001,SAP_ERP,ORACLE_SCM,SFTP,Batch,Success,,,,15088,SESS-6489CEFAC0,REQ-041B3223980C,2026-09-16 17:22:32
EVT-0003050,IF_SAPQM_MESPE_001,SAP_ERP,MES,Kafka,Async,Success,,,,981,SESS-88C4F9219D,REQ-92F0D790BA37,2026-09-15 22:31:36
EVT-0003051,IF_SAPQM_ORWMS_001,SAP_ERP,ORACLE_SCM,Kafka,Async,Failed,EXT_502,Downstream service returned 502,External Service,18014,SESS-C8E7859A30,REQ-515BDE07747D,2026-09-13 10:26:28
EVT-0003052,IF_SAPPP_MESPE_001,SAP_ERP,MES,Kafka,Async,Success,,,,923,SESS-10C18226A6,REQ-501015A42801,2026-09-15 19:29:18
EVT-0003054,IF_SAPQM_ORWMS_001,SAP_ERP,ORACLE_SCM,Kafka,Async,Success,,,,2305,SESS-C4AF3BBF22,REQ-2E56A3C64BDB,2026-09-16 16:51:25
EVT-0003060,IF_SAPQM_MESPE_001,SAP_ERP,MES,Kafka,Async,Success,,,,975,SESS-2C87541A86,REQ-E8E3561187EA,2026-09-13 22:38:44
EVT-0003064,IF_SAPQM_ORWMS_001,SAP_ERP,ORACLE_SCM,Kafka,Async,Success,,,,2763,SESS-16FE0760AC,REQ-06E70416C541,2026-09-12 06:10:12
EVT-0003071,IF_SAPQM_ORWMS_001,SAP_ERP,ORACLE_SCM,Kafka,Async,Failed,INFRA_008,Runtime node unavailable,Infrastructure,10213,SESS-4E854AB08F,REQ-844EF6928BB6,2026-09-12 07:55:56
EVT-0003074,IF_SAPFIN_HCMPAY_001,SAP_ERP,HCM,SFTP,Batch,Success,,,,13542,SESS-89C6A1FEC2,REQ-710423B458C4,2026-09-12 21:18:12
EVT-0003076,IF_SAPPP_ORSC_001,SAP_ERP,ORACLE_SCM,Kafka,Async,Failed,VAL_400,Required business field failed validation,Validation,5894,SESS-6226ADC516,REQ-5B70AF464230,2026-09-12 17:48:39
EVT-0003077,IF_SAPPROC_ORWMS_001,SAP_ERP,ORACLE_SCM,SFTP,Batch,Success,,,,19731,SESS-5222941F30,REQ-124D1D13581A,2026-09-14 06:32:36
EVT-0003078,IF_SAPPROC_ORWMS_001,SAP_ERP,ORACLE_SCM,SFTP,Batch,Success,,,,9848,SESS-B00BA5B200,REQ-F7A534B86ADD,2026-09-10 02:39:37
EVT-0003087,IF_SAPPROC_ORIM_001,SAP_ERP,ORACLE_SCM,REST_API,REST,Success,,,,3047,SESS-7281DF48D4,REQ-DD38B5536B12,2026-09-16 10:35:26
EVT-0003089,IF_SAPQM_MESPE_001,SAP_ERP,MES,Kafka,Async,Success,,,,763,SESS-BFAFB4852E,REQ-FA1F45BF96F3,2026-09-11 09:24:49
EVT-0003095,IF_SAPFIN_HCMPAY_001,SAP_ERP,HCM,SFTP,Batch,Success,,,,14200,SESS-0EECA536A5,REQ-1EB4B967DDF6,2026-09-13 19:42:45
EVT-0003096,IF_SAPPP_MESPE_001,SAP_ERP,MES,Kafka,Async,Success,,,,1033,SESS-2D41FF5359,REQ-BBC22F8D09B6,2026-09-16 03:54:24
EVT-0003098,IF_SAPQM_ORWMS_001,SAP_ERP,ORACLE_SCM,Kafka,Async,Success,,,,2058,SESS-FC5EE05771,REQ-07C1C5A96251,2026-09-11 17:56:58
EVT-0003100,IF_SAPPP_ORSC_001,SAP_ERP,ORACLE_SCM,Kafka,Async,Success,,,,1268,SESS-D2CB8ABED2,REQ-6816210E62BF,2026-09-10 11:26:16
EVT-0003104,IF_SAPFIN_HCMPAY_001,SAP_ERP,HCM,SFTP,Batch,Success,,,,13503,SESS-601D270271,REQ-67CBA7334CFA,2026-09-14 13:30:47
EVT-0003113,IF_SAPPP_ORSC_001,SAP_ERP,ORACLE_SCM,Kafka,Async,Success,,,,1582,SESS-94525B986A,REQ-208913D67E7F,2026-09-13 02:30:48
EVT-0003116,IF_SAPPP_MESPE_001,SAP_ERP,MES,Kafka,Async,Success,,,,981,SESS-3507B3DFDD,REQ-64CF51DDC21B,2026-09-15 17:16:50
EVT-0003120,IF_SAPPP_MESPE_001,SAP_ERP,MES,Kafka,Async,Success,,,,1134,SESS-D31AE7F62A,REQ-FA2C34BE337E,2026-09-11 03:09:11
EVT-0003130,IF_SAPPROC_ORIM_001,SAP_ERP,ORACLE_SCM,REST_API,REST,Success,,,,2347,SESS-BE1CF64DBD,REQ-A34F29A28DFE,2026-09-11 06:36:03
EVT-0003133,IF_SAPQM_MESPE_001,SAP_ERP,MES,Kafka,Async,Success,,,,896,SESS-1774221607,REQ-72948C78FAD9,2026-09-11 13:56:21
EVT-0003137,IF_SAPQM_ORWMS_001,SAP_ERP,ORACLE_SCM,Kafka,Async,Success,,,,1333,SESS-AD2A6C81C4,REQ-14BB07EB3B87,2026-09-16 02:25:46
EVT-0003146,IF_SAPQM_ORWMS_001,SAP_ERP,ORACLE_SCM,Kafka,Async,Success,,,,2833,SESS-1DEA5E9F39,REQ-562124491536,2026-09-10 00:12:01
EVT-0003155,IF_SAPFIN_HCMPAY_001,SAP_ERP,HCM,SFTP,Batch,Retry,AUTH_401,Service credential rejected,Authentication,43073,SESS-6DFAF3C96A,REQ-92C597D480FE,2026-09-16 13:00:53
EVT-0003164,IF_SAPFIN_HCMPAY_001,SAP_ERP,HCM,SFTP,Batch,Success,,,,16199,SESS-9AA08E89CF,REQ-6FB9B515DA57,2026-09-15 02:20:34
EVT-0003172,IF_SAPPROC_ORWMS_001,SAP_ERP,ORACLE_SCM,SFTP,Batch,Success,,,,11415,SESS-AD7CD1CD65,REQ-69EB40DB6F51,2026-09-15 19:07:00
EVT-0003182,IF_SAPPROC_ORIM_001,SAP_ERP,ORACLE_SCM,REST_API,REST,Success,,,,3206,SESS-EDBD6D24FE,REQ-C4D310A400A0,2026-09-16 05:11:15
EVT-0003183,IF_SAPPROC_ORIM_001,SAP_ERP,ORACLE_SCM,REST_API,REST,Success,,,,2197,SESS-4FF3D6F538,REQ-D442CC5CE89E,2026-09-16 14:33:21
EVT-0003192,IF_SAPPP_MESPE_001,SAP_ERP,MES,Kafka,Async,Success,,,,998,SESS-64C9BCC8FA,REQ-51BAA9945291,2026-09-14 11:36:02
EVT-0003198,IF_SAPPP_ORSC_001,SAP_ERP,ORACLE_SCM,Kafka,Async,Success,,,,749,SESS-5FBF7F2CEB,REQ-DFEBA438FF31,2026-09-13 22:55:24
EVT-0003201,IF_SAPQM_MESPE_001,SAP_ERP,MES,Kafka,Async,Success,,,,1377,SESS-0A2713354C,REQ-1E3EB8DDD2E0,2026-09-12 05:55:12
EVT-0003205,IF_SAPPROC_ORIM_001,SAP_ERP,ORACLE_SCM,REST_API,REST,Success,,,,2665,SESS-20EDC7F571,REQ-070E0295ABB5,2026-09-11 11:50:47
EVT-0003207,IF_SAPPROC_ORIM_001,SAP_ERP,ORACLE_SCM,REST_API,REST,Retry,NET_CONN_003,Connection reset by peer,Network,4840,SESS-1F120AD2A9,REQ-AD86267D083B,2026-09-13 01:32:24
EVT-0003215,IF_SAPQM_MESPE_001,SAP_ERP,MES,Kafka,Async,Retry,INFRA_008,Runtime node unavailable,Infrastructure,3020,SESS-73DC3D024A,REQ-4CB8BC9D143C,2026-09-11 13:06:42
EVT-0003223,IF_SAPQM_ORWMS_001,SAP_ERP,ORACLE_SCM,Kafka,Async,Success,,,,2478,SESS-7105CA4BF3,REQ-4733435FF14B,2026-09-13 13:03:17
EVT-0003227,IF_SAPQM_ORWMS_001,SAP_ERP,ORACLE_SCM,Kafka,Async,Success,,,,1716,SESS-58EF6BF883,REQ-D79BABC4ACBB,2026-09-11 21:52:16
EVT-0003228,IF_SAPPP_MESPE_001,SAP_ERP,MES,Kafka,Async,Success,,,,874,SESS-1ADF4D006C,REQ-70E69CCF8E5C,2026-09-11 22:18:25
EVT-0003232,IF_SAPPROC_ORWMS_001,SAP_ERP,ORACLE_SCM,SFTP,Batch,Success,,,,12839,SESS-887740C0B6,REQ-24ADCA37DA1F,2026-09-15 17:40:24
EVT-0003234,IF_SAPPP_MESPE_001,SAP_ERP,MES,Kafka,Async,Success,,,,978,SESS-0BA1ADFA45,REQ-049EFF94DD8C,2026-09-15 08:39:11
EVT-0003236,IF_SAPPP_MESPE_001,SAP_ERP,MES,Kafka,Async,Success,,,,1112,SESS-4DBC9FCD64,REQ-C03147768FA4,2026-09-13 15:06:43
EVT-0003243,IF_SAPPROC_ORIM_001,SAP_ERP,ORACLE_SCM,REST_API,REST,Failed,CFG_017,Interface configuration mismatch,Configuration,9520,SESS-E75F69761A,REQ-7B23AB8CCAD5,2026-09-14 01:55:20
EVT-0003248,IF_SAPPROC_ORIM_001,SAP_ERP,ORACLE_SCM,REST_API,REST,Success,,,,1470,SESS-CACDB4CA50,REQ-080B539008A3,2026-09-15 13:43:31
EVT-0003254,IF_SAPPP_MESPE_001,SAP_ERP,MES,Kafka,Async,Retry,VAL_400,Required business field failed validation,Validation,2495,SESS-D255E02922,REQ-6542BB7009A0,2026-09-14 18:57:15
EVT-0003257,IF_SAPPROC_ORWMS_001,SAP_ERP,ORACLE_SCM,SFTP,Batch,Success,,,,10999,SESS-520856858F,REQ-30700FC7FA6E,2026-09-13 09:41:49
EVT-0003262,IF_SAPQM_MESPE_001,SAP_ERP,MES,Kafka,Async,Retry,VAL_400,Required business field failed validation,Validation,1599,SESS-96EE32F0C4,REQ-DAFE08D54758,2026-09-11 16:33:02
EVT-0003264,IF_SAPPROC_ORWMS_001,SAP_ERP,ORACLE_SCM,SFTP,Batch,Success,,,,16667,SESS-4BFE1A2B89,REQ-A1851B6407F2,2026-09-15 08:53:22
EVT-0003266,IF_SAPQM_MESPE_001,SAP_ERP,MES,Kafka,Async,Success,,,,1054,SESS-8829AF5FD7,REQ-4230E4E96126,2026-09-10 00:22:46
EVT-0003267,IF_SAPPP_MESPE_001,SAP_ERP,MES,Kafka,Async,Failed,CFG_017,Interface configuration mismatch,Configuration,1626,SESS-17AA06006F,REQ-A731FE9CC8AA,2026-09-11 17:06:25
EVT-0003272,IF_SAPPP_MESPE_001,SAP_ERP,MES,Kafka,Async,Success,,,,723,SESS-8A9421AD9C,REQ-93DBEEA4F5BC,2026-09-10 05:41:08
EVT-0003273,IF_SAPPP_ORSC_001,SAP_ERP,ORACLE_SCM,Kafka,Async,Success,,,,1686,SESS-D26108AE79,REQ-A3AA7FB7630D,2026-09-16 14:40:49
EVT-0003282,IF_SAPPP_ORSC_001,SAP_ERP,ORACLE_SCM,Kafka,Async,Success,,,,1599,SESS-3070CD1419,REQ-C6741C0A97A2,2026-09-16 12:58:25
EVT-0003303,IF_SAPQM_ORWMS_001,SAP_ERP,ORACLE_SCM,Kafka,Async,Success,,,,2211,SESS-F657F8A201,REQ-1701FD484B89,2026-09-13 21:30:36
EVT-0003304,IF_SAPPROC_ORIM_001,SAP_ERP,ORACLE_SCM,REST_API,REST,Success,,,,2554,SESS-514A1CEA93,REQ-320EB4CD2E7D,2026-09-10 17:13:12
EVT-0003310,IF_SAPPROC_ORWMS_001,SAP_ERP,ORACLE_SCM,SFTP,Batch,Retry,INFRA_008,Runtime node unavailable,Infrastructure,25478,SESS-D968C7E11E,REQ-6422D1480339,2026-09-15 06:47:15
EVT-0003312,IF_SAPQM_ORWMS_001,SAP_ERP,ORACLE_SCM,Kafka,Async,Success,,,,2498,SESS-690937FC47,REQ-8F60C743AE0C,2026-09-16 10:32:15
EVT-0003314,IF_SAPPP_ORSC_001,SAP_ERP,ORACLE_SCM,Kafka,Async,Success,,,,1462,SESS-B7C522FC64,REQ-DA9AE2EE5728,2026-09-16 08:46:18
EVT-0003322,IF_SAPQM_ORWMS_001,SAP_ERP,ORACLE_SCM,Kafka,Async,Success,,,,2010,SESS-378B38AA66,REQ-718D02183007,2026-09-14 18:42:44
EVT-0003323,IF_SAPPP_ORSC_001,SAP_ERP,ORACLE_SCM,Kafka,Async,Success,,,,1420,SESS-58364505C3,REQ-EA478CA801EC,2026-09-15 02:59:22
EVT-0003328,IF_SAPQM_ORWMS_001,SAP_ERP,ORACLE_SCM,Kafka,Async,Failed,INFRA_008,Runtime node unavailable,Infrastructure,12303,SESS-4E6B9FA8E3,REQ-C257632925E2,2026-09-10 12:19:23
EVT-0003331,IF_SAPQM_MESPE_001,SAP_ERP,MES,Kafka,Async,Success,,,,1111,SESS-5A879DCAE8,REQ-1173725D3D5B,2026-09-10 01:58:49
EVT-0003333,IF_SAPQM_ORWMS_001,SAP_ERP,ORACLE_SCM,Kafka,Async,Retry,AUTH_401,Service credential rejected,Authentication,7723,SESS-A0A1B96FBE,REQ-BC0D2A1C1251,2026-09-13 12:01:07
EVT-0003335,IF_SAPPP_ORSC_001,SAP_ERP,ORACLE_SCM,Kafka,Async,Success,,,,1576,SESS-84F72067F9,REQ-B6F6442825E6,2026-09-11 14:18:55
EVT-0003339,IF_SAPPP_ORSC_001,SAP_ERP,ORACLE_SCM,Kafka,Async,Success,,,,958,SESS-EAC5EE6FCA,REQ-3841786A20C4,2026-09-16 02:30:55
EVT-0003342,IF_SAPPP_ORSC_001,SAP_ERP,ORACLE_SCM,Kafka,Async,Success,,,,1192,SESS-144B4E7FF3,REQ-E36A62086756,2026-09-16 12:08:31
EVT-0003344,IF_SAPQM_MESPE_001,SAP_ERP,MES,Kafka,Async,Success,,,,874,SESS-3BB0C22928,REQ-65AD2CFEB83E,2026-09-14 08:45:57
EVT-0003348,IF_SAPQM_ORWMS_001,SAP_ERP,ORACLE_SCM,Kafka,Async,Success,,,,1653,SESS-8C3EB6ED72,REQ-DB91D431A0B6,2026-09-14 21:07:50
EVT-0003350,IF_SAPQM_ORWMS_001,SAP_ERP,ORACLE_SCM,Kafka,Async,Success,,,,2021,SESS-610586E10A,REQ-4A6A9236F0C5,2026-09-11 05:32:17
EVT-0003352,IF_SAPQM_MESPE_001,SAP_ERP,MES,Kafka,Async,Success,,,,1073,SESS-7064692D4E,REQ-2934CFAA3BE5,2026-09-14 02:18:44
EVT-0003353,IF_SAPPP_MESPE_001,SAP_ERP,MES,Kafka,Async,Success,,,,725,SESS-5ABB114F58,REQ-3CD416241A75,2026-09-10 15:11:02
EVT-0003358,IF_SAPPROC_ORIM_001,SAP_ERP,ORACLE_SCM,REST_API,REST,Success,,,,2705,SESS-B19BF2E137,REQ-690C00072F30,2026-09-15 13:06:56
EVT-0003364,IF_SAPPP_MESPE_001,SAP_ERP,MES,Kafka,Async,Success,,,,982,SESS-C413A6743E,REQ-CF47C70BB180,2026-09-14 10:59:06
EVT-0003367,IF_SAPPP_MESPE_001,SAP_ERP,MES,Kafka,Async,Success,,,,568,SESS-B5C704DA9C,REQ-67B783E38F9A,2026-09-12 15:49:49
EVT-0003371,IF_SAPQM_ORWMS_001,SAP_ERP,ORACLE_SCM,Kafka,Async,Success,,,,2376,SESS-A8E49362BC,REQ-F53A2847BE20,2026-09-13 12:57:42
EVT-0003373,IF_SAPFIN_HCMPAY_001,SAP_ERP,HCM,SFTP,Batch,Success,,,,18926,SESS-141EFDA57F,REQ-F348F999811A,2026-09-13 14:56:17
EVT-0003375,IF_SAPPP_ORSC_001,SAP_ERP,ORACLE_SCM,Kafka,Async,Success,,,,844,SESS-367559E71E,REQ-CFEA585811F3,2026-09-11 19:32:30
EVT-0003376,IF_SAPQM_MESPE_001,SAP_ERP,MES,Kafka,Async,Success,,,,1182,SESS-401FBCFA79,REQ-2BC6AE74D857,2026-09-14 08:13:36
EVT-0003379,IF_SAPFIN_HCMPAY_001,SAP_ERP,HCM,SFTP,Batch,Success,,,,18113,SESS-66F9FA35F0,REQ-BA020CD5FCF2,2026-09-15 08:48:09
EVT-0003382,IF_SAPPROC_ORWMS_001,SAP_ERP,ORACLE_SCM,SFTP,Batch,Success,,,,15788,SESS-2D011F1FC4,REQ-669B8CA1B14A,2026-09-15 17:05:16
EVT-0003384,IF_SAPPP_MESPE_001,SAP_ERP,MES,Kafka,Async,Success,,,,680,SESS-629C6953BC,REQ-C904D873F041,2026-09-15 20:24:53
EVT-0003385,IF_SAPPROC_ORIM_001,SAP_ERP,ORACLE_SCM,REST_API,REST,Success,,,,3011,SESS-8121BA5673,REQ-5533DF35CD64,2026-09-10 01:37:51
EVT-0003393,IF_SAPPROC_ORIM_001,SAP_ERP,ORACLE_SCM,REST_API,REST,Success,,,,1572,SESS-6350FC3D5F,REQ-054C5A5EEDAF,2026-09-14 21:07:53
EVT-0003397,IF_SAPPP_MESPE_001,SAP_ERP,MES,Kafka,Async,Retry,AUTH_401,Service credential rejected,Authentication,3273,SESS-FFC9C323D8,REQ-36C2302BFC42,2026-09-10 19:53:38
EVT-0003401,IF_SAPFIN_HCMPAY_001,SAP_ERP,HCM,SFTP,Batch,Success,,,,19349,SESS-14A543E836,REQ-B939D8BC7C7C,2026-09-16 12:40:50
EVT-0003404,IF_SAPQM_MESPE_001,SAP_ERP,MES,Kafka,Async,Success,,,,935,SESS-5E44D8B813,REQ-07C95655EA6C,2026-09-12 18:48:09
EVT-0003411,IF_SAPPP_ORSC_001,SAP_ERP,ORACLE_SCM,Kafka,Async,Failed,TIME_004,Downstream response exceeded SLA,Timeout,2487,SESS-B79060D884,REQ-C87C58006E54,2026-09-15 04:55:26
EVT-0003416,IF_SAPPROC_ORIM_001,SAP_ERP,ORACLE_SCM,REST_API,REST,Success,,,,3109,SESS-40D241E429,REQ-1DF924485D4E,2026-09-12 12:08:56
EVT-0003429,IF_SAPPROC_ORIM_001,SAP_ERP,ORACLE_SCM,REST_API,REST,Success,,,,3296,SESS-53B20A6A8C,REQ-DD80CA14280E,2026-09-11 15:08:35
EVT-0003430,IF_SAPPROC_ORWMS_001,SAP_ERP,ORACLE_SCM,SFTP,Batch,Success,,,,15476,SESS-71501639F1,REQ-88F19678F115,2026-09-10 19:52:41
EVT-0003436,IF_SAPPROC_ORWMS_001,SAP_ERP,ORACLE_SCM,SFTP,Batch,Success,,,,11071,SESS-CD9FCDE333,REQ-725DBF425DA7,2026-09-14 20:38:45
EVT-0003438,IF_SAPPROC_ORIM_001,SAP_ERP,ORACLE_SCM,REST_API,REST,Success,,,,2109,SESS-EECAC80ECA,REQ-2FE074E61CD3,2026-09-10 08:32:15
EVT-0003464,IF_SAPPROC_ORIM_001,SAP_ERP,ORACLE_SCM,REST_API,REST,Success,,,,2356,SESS-50E443F8AF,REQ-1FE8223356CA,2026-09-10 15:52:00
EVT-0003469,IF_SAPPP_ORSC_001,SAP_ERP,ORACLE_SCM,Kafka,Async,Success,,,,1474,SESS-EF0E4C8693,REQ-0822CCD85D50,2026-09-16 07:09:26
EVT-0003476,IF_SAPQM_MESPE_001,SAP_ERP,MES,Kafka,Async,Success,,,,899,SESS-D9D97A843F,REQ-CAF151468457,2026-09-15 11:27:22
EVT-0003480,IF_SAPPROC_ORWMS_001,SAP_ERP,ORACLE_SCM,SFTP,Batch,Success,,,,16726,SESS-E709A81728,REQ-6614DB790BC8,2026-09-14 13:16:52
EVT-0003492,IF_SAPPP_ORSC_001,SAP_ERP,ORACLE_SCM,Kafka,Async,Success,,,,1202,SESS-E7B5A9C8AC,REQ-A4EC8DE5B225,2026-09-12 21:55:39
EVT-0003496,IF_SAPPP_ORSC_001,SAP_ERP,ORACLE_SCM,Kafka,Async,Success,,,,680,SESS-A7CAEE0FF9,REQ-91E4CE1EAF77,2026-09-16 21:41:23
EVT-0003513,IF_SAPQM_MESPE_001,SAP_ERP,MES,Kafka,Async,Success,,,,1104,SESS-3ACE850C2A,REQ-F7A3FE68C100,2026-09-10 13:42:37
EVT-0003517,IF_SAPPP_MESPE_001,SAP_ERP,MES,Kafka,Async,Success,,,,650,SESS-3FBA64FE39,REQ-E21B02FE7466,2026-09-11 08:11:39
EVT-0003522,IF_SAPPP_MESPE_001,SAP_ERP,MES,Kafka,Async,Success,,,,1171,SESS-4075ED9492,REQ-F8CE3DB1A70E,2026-09-10 16:22:58
EVT-0003523,IF_SAPFIN_HCMPAY_001,SAP_ERP,HCM,SFTP,Batch,Success,,,,15618,SESS-54CCF77DCE,REQ-12E0D592E7B4,2026-09-12 18:57:08
EVT-0003529,IF_SAPPROC_ORWMS_001,SAP_ERP,ORACLE_SCM,SFTP,Batch,Success,,,,16226,SESS-EED0B4D311,REQ-F8437A46678D,2026-09-14 21:54:06
EVT-0003531,IF_SAPFIN_HCMPAY_001,SAP_ERP,HCM,SFTP,Batch,Success,,,,10567,SESS-BC2DE44B20,REQ-D569E5ECB39B,2026-09-11 18:01:10
EVT-0003538,IF_SAPQM_ORWMS_001,SAP_ERP,ORACLE_SCM,Kafka,Async,Success,,,,2104,SESS-59128107DE,REQ-52C1560A06CC,2026-09-13 09:20:16
EVT-0003542,IF_SAPPP_ORSC_001,SAP_ERP,ORACLE_SCM,Kafka,Async,Retry,AUTHZ_403,Caller is not authorized,Authorization,3424,SESS-2822A67112,REQ-8E4200A1D457,2026-09-13 13:22:03
EVT-0003546,IF_SAPQM_ORWMS_001,SAP_ERP,ORACLE_SCM,Kafka,Async,Success,,,,1363,SESS-C60519259E,REQ-C4ECC07EB04B,2026-09-10 18:24:18
EVT-0003554,IF_SAPPP_ORSC_001,SAP_ERP,ORACLE_SCM,Kafka,Async,Success,,,,1352,SESS-5CE9763101,REQ-E01D2E52DCF3,2026-09-16 13:18:30
EVT-0003555,IF_SAPFIN_HCMPAY_001,SAP_ERP,HCM,SFTP,Batch,Retry,NET_CONN_003,Connection reset by peer,Network,27489,SESS-FEE24EE301,REQ-4272F9C6345A,2026-09-10 08:06:30
EVT-0003558,IF_SAPQM_ORWMS_001,SAP_ERP,ORACLE_SCM,Kafka,Async,Success,,,,2414,SESS-EBBBCFFE7A,REQ-C8A2BB871D28,2026-09-12 23:40:37
EVT-0003559,IF_SAPPP_ORSC_001,SAP_ERP,ORACLE_SCM,Kafka,Async,Success,,,,1238,SESS-7744BF00DB,REQ-7F5FE805897F,2026-09-16 05:37:32
EVT-0003562,IF_SAPQM_MESPE_001,SAP_ERP,MES,Kafka,Async,Success,,,,653,SESS-C023F3A5DD,REQ-F1DE5E83197F,2026-09-13 05:27:43
EVT-0003577,IF_SAPFIN_HCMPAY_001,SAP_ERP,HCM,SFTP,Batch,Success,,,,9619,SESS-45A8DA7E67,REQ-F4477E31FFF8,2026-09-10 02:57:29
EVT-0003581,IF_SAPPROC_ORWMS_001,SAP_ERP,ORACLE_SCM,SFTP,Batch,Success,,,,13549,SESS-75596C970E,REQ-8315A37CC9A2,2026-09-13 17:32:50
EVT-0003592,IF_SAPPROC_ORIM_001,SAP_ERP,ORACLE_SCM,REST_API,REST,Success,,,,2453,SESS-9C5C49C9ED,REQ-C28EFAED47AB,2026-09-13 08:23:15
EVT-0003593,IF_SAPPP_ORSC_001,SAP_ERP,ORACLE_SCM,Kafka,Async,Success,,,,916,SESS-E7F7B7F2FE,REQ-334F447562A1,2026-09-13 05:26:48
EVT-0003598,IF_SAPQM_MESPE_001,SAP_ERP,MES,Kafka,Async,Success,,,,674,SESS-87287A20F2,REQ-6FC5E80F8FAD,2026-09-16 02:39:15
EVT-0003599,IF_SAPQM_MESPE_001,SAP_ERP,MES,Kafka,Async,Success,,,,593,SESS-B0EC74DA2A,REQ-089BBD4C29B5,2026-09-11 02:51:55
EVT-0003602,IF_SAPFIN_HCMPAY_001,SAP_ERP,HCM,SFTP,Batch,Success,,,,11958,SESS-05CBBD145E,REQ-1B7A68694A4A,2026-09-13 07:37:00
EVT-0003607,IF_SAPPP_ORSC_001,SAP_ERP,ORACLE_SCM,Kafka,Async,Success,,,,1536,SESS-39A94BE50E,REQ-7718F0B094D2,2026-09-11 05:34:19
EVT-0003610,IF_SAPQM_ORWMS_001,SAP_ERP,ORACLE_SCM,Kafka,Async,Success,,,,2174,SESS-A1FE6671FF,REQ-1D3AE24AC7F0,2026-09-12 17:44:35
EVT-0003611,IF_SAPPP_MESPE_001,SAP_ERP,MES,Kafka,Async,Success,,,,897,SESS-F210E146B1,REQ-ADD996537FE8,2026-09-11 23:18:35
EVT-0003613,IF_SAPPROC_ORWMS_001,SAP_ERP,ORACLE_SCM,SFTP,Batch,Success,,,,13997,SESS-2C69511478,REQ-8AC8E040DF13,2026-09-12 21:50:46
EVT-0003622,IF_SAPPP_ORSC_001,SAP_ERP,ORACLE_SCM,Kafka,Async,Success,,,,1790,SESS-5D17B17B6C,REQ-D8839CD8606C,2026-09-11 13:38:58
EVT-0003632,IF_SAPPP_MESPE_001,SAP_ERP,MES,Kafka,Async,Retry,NET_CONN_003,Connection reset by peer,Network,2065,SESS-D8348723B0,REQ-17B21C93E397,2026-09-16 15:06:48
EVT-0003636,IF_SAPPP_ORSC_001,SAP_ERP,ORACLE_SCM,Kafka,Async,Success,,,,1477,SESS-9F51E7AED4,REQ-0769ED2F7ACB,2026-09-12 16:36:23
EVT-0003650,IF_SAPPROC_ORIM_001,SAP_ERP,ORACLE_SCM,REST_API,REST,Success,,,,2437,SESS-058ABDD1C0,REQ-485F24D284E3,2026-09-12 02:14:33
EVT-0003654,IF_SAPPP_ORSC_001,SAP_ERP,ORACLE_SCM,Kafka,Async,Success,,,,1242,SESS-955DB9292B,REQ-50849E405BFC,2026-09-16 20:04:48
EVT-0003657,IF_SAPPROC_ORIM_001,SAP_ERP,ORACLE_SCM,REST_API,REST,Success,,,,2079,SESS-D7FB6A747F,REQ-EF27D50E13BD,2026-09-15 18:40:42
EVT-0003668,IF_SAPPROC_ORIM_001,SAP_ERP,ORACLE_SCM,REST_API,REST,Success,,,,2289,SESS-F93340CEFF,REQ-60A33221A41B,2026-09-12 15:13:33
EVT-0003669,IF_SAPPP_MESPE_001,SAP_ERP,MES,Kafka,Async,Success,,,,869,SESS-E45B2CA083,REQ-46405643A7D6,2026-09-15 09:10:40
EVT-0003678,IF_SAPPROC_ORIM_001,SAP_ERP,ORACLE_SCM,REST_API,REST,Success,,,,2192,SESS-C5408CB33F,REQ-B4A93617B217,2026-09-12 17:49:05
EVT-0003682,IF_SAPQM_ORWMS_001,SAP_ERP,ORACLE_SCM,Kafka,Async,Success,,,,2366,SESS-C9DD95A375,REQ-A7F781313CDD,2026-09-15 12:27:01
EVT-0003683,IF_SAPFIN_HCMPAY_001,SAP_ERP,HCM,SFTP,Batch,Success,,,,15319,SESS-5E802C3C24,REQ-82F146713759,2026-09-14 06:12:27
EVT-0003686,IF_SAPPROC_ORIM_001,SAP_ERP,ORACLE_SCM,REST_API,REST,Success,,,,2737,SESS-FFFB9617C6,REQ-6D1DCF4D8EAE,2026-09-14 21:33:18
EVT-0003688,IF_SAPQM_ORWMS_001,SAP_ERP,ORACLE_SCM,Kafka,Async,Success,,,,1580,SESS-2368B2D5B9,REQ-9011AF0A25D5,2026-09-12 21:28:00
EVT-0003690,IF_SAPPP_MESPE_001,SAP_ERP,MES,Kafka,Async,Retry,CFG_017,Interface configuration mismatch,Configuration,1464,SESS-4F48FD749A,REQ-51BEEE885E98,2026-09-10 15:37:18
EVT-0003702,IF_SAPQM_ORWMS_001,SAP_ERP,ORACLE_SCM,Kafka,Async,Success,,,,1717,SESS-C54C6D5110,REQ-001252B281A9,2026-09-14 02:22:43
EVT-0003706,IF_SAPPROC_ORIM_001,SAP_ERP,ORACLE_SCM,REST_API,REST,Success,,,,2259,SESS-879C7FE427,REQ-F3E5ACC33352,2026-09-15 17:21:36
EVT-0003708,IF_SAPPROC_ORWMS_001,SAP_ERP,ORACLE_SCM,SFTP,Batch,Success,,,,13200,SESS-5F25F16702,REQ-670789793E0D,2026-09-16 16:46:44
EVT-0003718,IF_SAPPROC_ORWMS_001,SAP_ERP,ORACLE_SCM,SFTP,Batch,Success,,,,17934,SESS-D017F8145F,REQ-4C341BC57774,2026-09-12 03:14:01
EVT-0003722,IF_SAPPROC_ORWMS_001,SAP_ERP,ORACLE_SCM,SFTP,Batch,Success,,,,14424,SESS-DA8CBAAC4A,REQ-1A3501E467AE,2026-09-12 07:52:10
EVT-0003732,IF_SAPQM_ORWMS_001,SAP_ERP,ORACLE_SCM,Kafka,Async,Success,,,,2785,SESS-B4B369B43F,REQ-2BBAE6CF2B4D,2026-09-12 18:33:05
EVT-0003740,IF_SAPFIN_HCMPAY_001,SAP_ERP,HCM,SFTP,Batch,Success,,,,19703,SESS-DB1106719B,REQ-999577AEE7C0,2026-09-16 21:51:58
EVT-0003745,IF_SAPFIN_HCMPAY_001,SAP_ERP,HCM,SFTP,Batch,Success,,,,14115,SESS-7CD71055BD,REQ-A261EC4762CC,2026-09-11 09:15:44
EVT-0003756,IF_SAPFIN_HCMPAY_001,SAP_ERP,HCM,SFTP,Batch,Success,,,,10734,SESS-313E1541AD,REQ-8D53A6C27370,2026-09-15 08:02:15
EVT-0003757,IF_SAPPP_MESPE_001,SAP_ERP,MES,Kafka,Async,Success,,,,965,SESS-A7BB346DAD,REQ-1E16C79F768C,2026-09-13 15:25:39
EVT-0003758,IF_SAPPP_ORSC_001,SAP_ERP,ORACLE_SCM,Kafka,Async,Retry,NET_CONN_003,Connection reset by peer,Network,3070,SESS-B8557108EB,REQ-8838314276FA,2026-09-14 12:52:25
EVT-0003763,IF_SAPPROC_ORIM_001,SAP_ERP,ORACLE_SCM,REST_API,REST,Retry,AUTHZ_403,Caller is not authorized,Authorization,5278,SESS-C242CE6182,REQ-E216A66D7F3C,2026-09-13 18:48:01
EVT-0003765,IF_SAPFIN_HCMPAY_001,SAP_ERP,HCM,SFTP,Batch,Success,,,,16075,SESS-3E7362D8D2,REQ-E14817BB7C74,2026-09-13 18:38:06
EVT-0003769,IF_SAPPROC_ORWMS_001,SAP_ERP,ORACLE_SCM,SFTP,Batch,Success,,,,13986,SESS-7E85D30F84,REQ-66A2EA5CE90C,2026-09-16 09:34:30
EVT-0003770,IF_SAPQM_MESPE_001,SAP_ERP,MES,Kafka,Async,Failed,CAP_003,Downstream service is at capacity,Capacity,5336,SESS-B1832961E4,REQ-67650BDF5D50,2026-09-16 01:03:59
EVT-0003771,IF_SAPFIN_HCMPAY_001,SAP_ERP,HCM,SFTP,Batch,Success,,,,16276,SESS-44865448A9,REQ-469A129639A7,2026-09-16 15:06:08
EVT-0003773,IF_SAPPP_ORSC_001,SAP_ERP,ORACLE_SCM,Kafka,Async,Retry,DB_COMMIT_014,Transaction commit failed,Database,2667,SESS-050B0DC5FE,REQ-B2CDE64AF675,2026-09-16 04:04:46
EVT-0003785,IF_SAPQM_MESPE_001,SAP_ERP,MES,Kafka,Async,Success,,,,831,SESS-785F685503,REQ-8B251F9F4FCC,2026-09-15 23:42:26
EVT-0003786,IF_SAPFIN_HCMPAY_001,SAP_ERP,HCM,SFTP,Batch,Success,,,,14614,SESS-26F82B0CC0,REQ-8446FB4DCBFA,2026-09-12 03:05:55
EVT-0003788,IF_SAPPP_MESPE_001,SAP_ERP,MES,Kafka,Async,Success,,,,1194,SESS-E03DC619A5,REQ-31189A228AD6,2026-09-15 02:24:17
EVT-0003789,IF_SAPFIN_HCMPAY_001,SAP_ERP,HCM,SFTP,Batch,Success,,,,17101,SESS-A6DFE4DE9C,REQ-B71DB33BD6C1,2026-09-12 13:02:53
EVT-0003793,IF_SAPFIN_HCMPAY_001,SAP_ERP,HCM,SFTP,Batch,Success,,,,17526,SESS-764E50D0CF,REQ-7E1996C852A8,2026-09-14 07:30:15
EVT-0003794,IF_SAPPROC_ORWMS_001,SAP_ERP,ORACLE_SCM,SFTP,Batch,Success,,,,12348,SESS-8C624B3DA4,REQ-4B5DEF934285,2026-09-10 08:56:29
EVT-0003802,IF_SAPPP_ORSC_001,SAP_ERP,ORACLE_SCM,Kafka,Async,Retry,TIME_004,Downstream response exceeded SLA,Timeout,4381,SESS-44033C6EC1,REQ-5EB65F9610CD,2026-09-10 03:29:01
EVT-0003806,IF_SAPPROC_ORWMS_001,SAP_ERP,ORACLE_SCM,SFTP,Batch,Success,,,,13731,SESS-E9A010DA99,REQ-C818605E52F6,2026-09-16 02:06:05
EVT-0003810,IF_SAPPP_MESPE_001,SAP_ERP,MES,Kafka,Async,Retry,DB_COMMIT_014,Transaction commit failed,Database,1835,SESS-ED9F35A5E9,REQ-70FF576F2D31,2026-09-10 08:46:04
EVT-0003812,IF_SAPFIN_HCMPAY_001,SAP_ERP,HCM,SFTP,Batch,Success,,,,15680,SESS-619FEFE798,REQ-AA7B2FDDD70D,2026-09-10 19:04:46
EVT-0003813,IF_SAPFIN_HCMPAY_001,SAP_ERP,HCM,SFTP,Batch,Success,,,,12610,SESS-D6203FEA34,REQ-58398471314B,2026-09-16 17:07:36
EVT-0003815,IF_SAPQM_ORWMS_001,SAP_ERP,ORACLE_SCM,Kafka,Async,Failed,CFG_017,Interface configuration mismatch,Configuration,13966,SESS-7CF5291439,REQ-EA721125E8C2,2026-09-14 16:13:20
EVT-0003818,IF_SAPQM_ORWMS_001,SAP_ERP,ORACLE_SCM,Kafka,Async,Success,,,,1730,SESS-4926904360,REQ-87A3C56574E5,2026-09-15 04:54:23
EVT-0003821,IF_SAPPP_ORSC_001,SAP_ERP,ORACLE_SCM,Kafka,Async,Success,,,,1569,SESS-2891278255,REQ-FDFD5F959D0B,2026-09-16 02:43:20
EVT-0003826,IF_SAPQM_MESPE_001,SAP_ERP,MES,Kafka,Async,Success,,,,1279,SESS-7D320DA0D3,REQ-70D1BD01C4B8,2026-09-12 09:05:36
EVT-0003827,IF_SAPFIN_HCMPAY_001,SAP_ERP,HCM,SFTP,Batch,Success,,,,14344,SESS-6217AD3CCC,REQ-CA9A75FBD238,2026-09-16 02:06:27
EVT-0003829,IF_SAPQM_MESPE_001,SAP_ERP,MES,Kafka,Async,Success,,,,1011,SESS-A3FC4D7B5E,REQ-8385F6BCE6F0,2026-09-16 13:47:15
EVT-0003837,IF_SAPPP_MESPE_001,SAP_ERP,MES,Kafka,Async,Success,,,,848,SESS-DC72A60C64,REQ-C9B79D9D7058,2026-09-11 02:06:04
EVT-0003840,IF_SAPPP_ORSC_001,SAP_ERP,ORACLE_SCM,Kafka,Async,Success,,,,772,SESS-5D0E3AF9C1,REQ-A031767ED83E,2026-09-12 20:53:01
EVT-0003843,IF_SAPQM_MESPE_001,SAP_ERP,MES,Kafka,Async,Success,,,,974,SESS-0AE95BFF8D,REQ-EDD37019189B,2026-09-15 15:23:04
EVT-0003848,IF_SAPPROC_ORIM_001,SAP_ERP,ORACLE_SCM,REST_API,REST,Success,,,,2264,SESS-CC4203718E,REQ-8529FB37F272,2026-09-10 00:01:14
EVT-0003855,IF_SAPPROC_ORIM_001,SAP_ERP,ORACLE_SCM,REST_API,REST,Success,,,,1556,SESS-DB419E4BD1,REQ-31D6A67D38EE,2026-09-16 03:44:31
EVT-0003868,IF_SAPQM_ORWMS_001,SAP_ERP,ORACLE_SCM,Kafka,Async,Success,,,,2578,SESS-5330868BC6,REQ-E756A80247BA,2026-09-15 18:53:15
EVT-0003873,IF_SAPPROC_ORWMS_001,SAP_ERP,ORACLE_SCM,SFTP,Batch,Retry,AUTH_401,Service credential rejected,Authentication,48131,SESS-C24C428B83,REQ-10E0369E53BA,2026-09-10 09:01:15
EVT-0003875,IF_SAPQM_MESPE_001,SAP_ERP,MES,Kafka,Async,Retry,NET_CONN_003,Connection reset by peer,Network,3085,SESS-CA93ECE34E,REQ-675E1460C234,2026-09-12 04:08:01
EVT-0003881,IF_SAPFIN_HCMPAY_001,SAP_ERP,HCM,SFTP,Batch,Success,,,,11625,SESS-9352126645,REQ-ACA314615DB9,2026-09-10 05:57:07
EVT-0003882,IF_SAPQM_ORWMS_001,SAP_ERP,ORACLE_SCM,Kafka,Async,Failed,DB_COMMIT_014,Transaction commit failed,Database,12298,SESS-13DA618250,REQ-52C465251B65,2026-09-10 15:00:16
EVT-0003885,IF_SAPQM_MESPE_001,SAP_ERP,MES,Kafka,Async,Retry,EXT_502,Downstream service returned 502,External Service,2846,SESS-E1C8D9FEB2,REQ-4DF74E2DE2DC,2026-09-10 20:19:39
EVT-0003887,IF_SAPPROC_ORWMS_001,SAP_ERP,ORACLE_SCM,SFTP,Batch,Success,,,,7873,SESS-23BAD312A0,REQ-27DA6429C580,2026-09-12 16:48:20
EVT-0003888,IF_SAPPROC_ORWMS_001,SAP_ERP,ORACLE_SCM,SFTP,Batch,Retry,AUTHZ_403,Caller is not authorized,Authorization,23403,SESS-954A789F2B,REQ-5AAD01845753,2026-09-12 20:51:11
EVT-0003893,IF_SAPPP_ORSC_001,SAP_ERP,ORACLE_SCM,Kafka,Async,Success,,,,1120,SESS-F60E69A4A5,REQ-FC43AB01A06B,2026-09-12 18:09:48
EVT-0003900,IF_SAPPP_ORSC_001,SAP_ERP,ORACLE_SCM,Kafka,Async,Success,,,,1445,SESS-61BC0FBE88,REQ-AC22DDEF0048,2026-09-12 09:14:03
EVT-0003902,IF_SAPPP_MESPE_001,SAP_ERP,MES,Kafka,Async,Success,,,,909,SESS-0BBCF5C686,REQ-5D5FE784A096,2026-09-11 12:49:21
EVT-0003903,IF_SAPQM_MESPE_001,SAP_ERP,MES,Kafka,Async,Success,,,,1030,SESS-6894A6EDA4,REQ-996C022C6C19,2026-09-16 06:30:40
EVT-0003905,IF_SAPPROC_ORIM_001,SAP_ERP,ORACLE_SCM,REST_API,REST,Retry,CAP_003,Downstream service is at capacity,Capacity,5062,SESS-1637EFCE41,REQ-4097279FEA2B,2026-09-10 12:22:13
EVT-0003908,IF_SAPQM_ORWMS_001,SAP_ERP,ORACLE_SCM,Kafka,Async,Failed,INFRA_008,Runtime node unavailable,Infrastructure,15652,SESS-9CBABB9048,REQ-00DD86EF9F48,2026-09-15 01:41:00
EVT-0003909,IF_SAPPROC_ORIM_001,SAP_ERP,ORACLE_SCM,REST_API,REST,Failed,INFRA_008,Runtime node unavailable,Infrastructure,13653,SESS-B9179C65A5,REQ-A0DB432DBA1A,2026-09-16 18:07:52
EVT-0003913,IF_SAPPROC_ORIM_001,SAP_ERP,ORACLE_SCM,REST_API,REST,Failed,CFG_017,Interface configuration mismatch,Configuration,14352,SESS-921AB3BA3B,REQ-E56B462D2AE4,2026-09-11 14:43:06
EVT-0003919,IF_SAPQM_MESPE_001,SAP_ERP,MES,Kafka,Async,Failed,DB_COMMIT_014,Transaction commit failed,Database,2902,SESS-C9C302447E,REQ-5530814A2EF0,2026-09-16 09:05:43
EVT-0003925,IF_SAPPROC_ORWMS_001,SAP_ERP,ORACLE_SCM,SFTP,Batch,Success,,,,10793,SESS-9C9BB86D67,REQ-11C276E23706,2026-09-15 11:37:06
EVT-0003940,IF_SAPFIN_HCMPAY_001,SAP_ERP,HCM,SFTP,Batch,Success,,,,9503,SESS-660132FD4D,REQ-DC62963A5793,2026-09-12 03:31:32
EVT-0003952,IF_SAPPROC_ORIM_001,SAP_ERP,ORACLE_SCM,REST_API,REST,Success,,,,2665,SESS-267DB40BE4,REQ-B456B98E3E07,2026-09-15 17:47:10
EVT-0003953,IF_SAPPROC_ORWMS_001,SAP_ERP,ORACLE_SCM,SFTP,Batch,Success,,,,13956,SESS-62D712A2F3,REQ-8CA00F04AA37,2026-09-12 14:52:09
EVT-0003954,IF_SAPFIN_HCMPAY_001,SAP_ERP,HCM,SFTP,Batch,Retry,AUTHZ_403,Caller is not authorized,Authorization,26268,SESS-9D07FA9EB0,REQ-7808D25695CC,2026-09-16 11:04:31
EVT-0003956,IF_SAPQM_ORWMS_001,SAP_ERP,ORACLE_SCM,Kafka,Async,Success,,,,1878,SESS-FEEEB1819F,REQ-8BE146E928AD,2026-09-15 22:50:50
EVT-0003960,IF_SAPQM_ORWMS_001,SAP_ERP,ORACLE_SCM,Kafka,Async,Failed,CAP_003,Downstream service is at capacity,Capacity,13543,SESS-51DD6DBE8C,REQ-7F4D41B96B1E,2026-09-14 05:35:26
EVT-0003962,IF_SAPQM_MESPE_001,SAP_ERP,MES,Kafka,Async,Success,,,,1218,SESS-3B9F8CBF24,REQ-55FB3F810704,2026-09-15 14:01:10
EVT-0003963,IF_SAPFIN_HCMPAY_001,SAP_ERP,HCM,SFTP,Batch,Retry,CFG_017,Interface configuration mismatch,Configuration,45247,SESS-DB9109D534,REQ-8C57DDEC5517,2026-09-12 09:26:59
EVT-0003966,IF_SAPPP_ORSC_001,SAP_ERP,ORACLE_SCM,Kafka,Async,Success,,,,1369,SESS-6A657268B5,REQ-8CA552AFDF8D,2026-09-13 16:19:20
EVT-0003975,IF_SAPFIN_HCMPAY_001,SAP_ERP,HCM,SFTP,Batch,Success,,,,16081,SESS-8E719B2707,REQ-0F25021E832E,2026-09-14 16:08:50
EVT-0003976,IF_SAPPROC_ORWMS_001,SAP_ERP,ORACLE_SCM,SFTP,Batch,Retry,TIME_004,Downstream response exceeded SLA,Timeout,50211,SESS-E899B9DEE5,REQ-36A5AA64BF80,2026-09-11 04:56:58
EVT-0003983,IF_SAPFIN_HCMPAY_001,SAP_ERP,HCM,SFTP,Batch,Success,,,,15291,SESS-24F20639C2,REQ-D2A9D10029E6,2026-09-14 02:54:14
EVT-0003984,IF_SAPFIN_HCMPAY_001,SAP_ERP,HCM,SFTP,Batch,Success,,,,13671,SESS-FA36D9B686,REQ-9979E3214395,2026-09-13 09:06:33
EVT-0003985,IF_SAPPP_ORSC_001,SAP_ERP,ORACLE_SCM,Kafka,Async,Success,,,,1601,SESS-691773F22D,REQ-9F14C360B9A5,2026-09-10 08:07:35
EVT-0003987,IF_SAPPP_MESPE_001,SAP_ERP,MES,Kafka,Async,Success,,,,627,SESS-15B99C454B,REQ-EE0741BD7EAB,2026-09-16 03:00:41
EVT-0003993,IF_SAPQM_MESPE_001,SAP_ERP,MES,Kafka,Async,Success,,,,1181,SESS-1B83CE3E32,REQ-9F5A475D79EB,2026-09-15 19:02:15
EVT-0004002,IF_SAPPROC_ORIM_001,SAP_ERP,ORACLE_SCM,REST_API,REST,Retry,CAP_003,Downstream service is at capacity,Capacity,4879,SESS-CD1D05C3AC,REQ-54F61E8E8BA3,2026-09-16 08:37:47
EVT-0004005,IF_SAPPP_ORSC_001,SAP_ERP,ORACLE_SCM,Kafka,Async,Success,,,,1458,SESS-8AB7474EE4,REQ-3AD4C1A2B2AB,2026-09-15 11:48:47
EVT-0004006,IF_SAPPROC_ORIM_001,SAP_ERP,ORACLE_SCM,REST_API,REST,Success,,,,2790,SESS-948670F38A,REQ-24400B2475AC,2026-09-16 13:45:08
EVT-0004013,IF_SAPFIN_HCMPAY_001,SAP_ERP,HCM,SFTP,Batch,Success,,,,15579,SESS-89CDD66301,REQ-9C2FB3800440,2026-09-11 14:19:49
EVT-0004018,IF_SAPFIN_HCMPAY_001,SAP_ERP,HCM,SFTP,Batch,Success,,,,14710,SESS-EBA3883962,REQ-932F1F419D56,2026-09-14 21:09:24
EVT-0004019,IF_SAPPROC_ORWMS_001,SAP_ERP,ORACLE_SCM,SFTP,Batch,Success,,,,20993,SESS-3EA1F61FC3,REQ-A9AEC9846D82,2026-09-11 23:18:24
EVT-0004020,IF_SAPFIN_HCMPAY_001,SAP_ERP,HCM,SFTP,Batch,Retry,VAL_400,Required business field failed validation,Validation,21229,SESS-92A9937B5D,REQ-9E14719F78CD,2026-09-13 05:05:14
EVT-0004027,IF_SAPQM_MESPE_001,SAP_ERP,MES,Kafka,Async,Success,,,,816,SESS-26E99A1129,REQ-B118C9F74402,2026-09-16 21:59:16
EVT-0004030,IF_SAPQM_ORWMS_001,SAP_ERP,ORACLE_SCM,Kafka,Async,Retry,CAP_003,Downstream service is at capacity,Capacity,6144,SESS-03D7F9FCF0,REQ-8A6A7050F30A,2026-09-10 15:45:27
EVT-0004032,IF_SAPFIN_HCMPAY_001,SAP_ERP,HCM,SFTP,Batch,Success,,,,17546,SESS-9CB196E869,REQ-DED5145A8084,2026-09-12 14:30:29
EVT-0004033,IF_SAPPROC_ORWMS_001,SAP_ERP,ORACLE_SCM,SFTP,Batch,Success,,,,12432,SESS-66CAB6B4ED,REQ-31B132E7BDA7,2026-09-15 02:03:56
EVT-0004034,IF_SAPPROC_ORIM_001,SAP_ERP,ORACLE_SCM,REST_API,REST,Success,,,,1935,SESS-85906A3FEE,REQ-8FDDFE5D1E7E,2026-09-16 11:59:29
EVT-0004040,IF_SAPQM_ORWMS_001,SAP_ERP,ORACLE_SCM,Kafka,Async,Success,,,,2008,SESS-F79D2E3C43,REQ-FCCA06198635,2026-09-12 14:18:27
EVT-0004045,IF_SAPQM_ORWMS_001,SAP_ERP,ORACLE_SCM,Kafka,Async,Retry,TIME_004,Downstream response exceeded SLA,Timeout,3893,SESS-407D3BE138,REQ-B0E89B7AC7B7,2026-09-15 00:47:25
EVT-0004046,IF_SAPPROC_ORWMS_001,SAP_ERP,ORACLE_SCM,SFTP,Batch,Success,,,,11220,SESS-3A580C9FED,REQ-F119CB2780C0,2026-09-11 13:53:16
EVT-0004047,IF_SAPPROC_ORWMS_001,SAP_ERP,ORACLE_SCM,SFTP,Batch,Success,,,,17150,SESS-CF6E962C81,REQ-4C1C8BFBD040,2026-09-14 01:00:04
EVT-0004050,IF_SAPQM_MESPE_001,SAP_ERP,MES,Kafka,Async,Success,,,,1147,SESS-92AF4A50B4,REQ-4C4D936137A2,2026-09-12 05:10:24
EVT-0004051,IF_SAPPROC_ORWMS_001,SAP_ERP,ORACLE_SCM,SFTP,Batch,Success,,,,14919,SESS-64C2CE8980,REQ-B2AAD9A9CF03,2026-09-16 20:27:12
EVT-0004053,IF_SAPQM_ORWMS_001,SAP_ERP,ORACLE_SCM,Kafka,Async,Success,,,,2317,SESS-BA514FFDA0,REQ-979DA5F2AF56,2026-09-14 11:16:51
EVT-0004055,IF_SAPQM_MESPE_001,SAP_ERP,MES,Kafka,Async,Success,,,,1063,SESS-410E4F85EC,REQ-6A0A44EB74E0,2026-09-14 11:33:08
EVT-0004060,IF_SAPQM_ORWMS_001,SAP_ERP,ORACLE_SCM,Kafka,Async,Success,,,,2775,SESS-9CFC0E15DC,REQ-5D13248595A3,2026-09-14 23:46:16
EVT-0004063,IF_SAPPP_MESPE_001,SAP_ERP,MES,Kafka,Async,Success,,,,1074,SESS-5E58D9B90A,REQ-10F92F7BD6D6,2026-09-10 18:35:20
EVT-0004064,IF_SAPPP_ORSC_001,SAP_ERP,ORACLE_SCM,Kafka,Async,Failed,DB_COMMIT_014,Transaction commit failed,Database,10846,SESS-FDC16DF476,REQ-AF450F61C45C,2026-09-15 03:18:08
EVT-0004066,IF_SAPFIN_HCMPAY_001,SAP_ERP,HCM,SFTP,Batch,Success,,,,12888,SESS-187F429991,REQ-8AC13BFDD34B,2026-09-11 19:32:30
EVT-0004067,IF_SAPPP_ORSC_001,SAP_ERP,ORACLE_SCM,Kafka,Async,Success,,,,1721,SESS-E14028B5EE,REQ-0AFBE12425E5,2026-09-14 07:22:01
EVT-0004071,IF_SAPPP_ORSC_001,SAP_ERP,ORACLE_SCM,Kafka,Async,Success,,,,1587,SESS-B9387A9CC8,REQ-AEF080F295B0,2026-09-13 01:36:41
EVT-0004073,IF_SAPQM_MESPE_001,SAP_ERP,MES,Kafka,Async,Success,,,,824,SESS-33AE6E1C40,REQ-135846E5DCAD,2026-09-15 02:16:58
EVT-0004076,IF_SAPPROC_ORWMS_001,SAP_ERP,ORACLE_SCM,SFTP,Batch,Success,,,,8828,SESS-215B5E1055,REQ-4DD39018195F,2026-09-15 22:27:07
EVT-0004077,IF_SAPPP_ORSC_001,SAP_ERP,ORACLE_SCM,Kafka,Async,Retry,NET_CONN_003,Connection reset by peer,Network,3661,SESS-BCEFE9AAB1,REQ-DBCF2A0D2D7E,2026-09-14 07:02:56
EVT-0004080,IF_SAPFIN_HCMPAY_001,SAP_ERP,HCM,SFTP,Batch,Success,,,,12112,SESS-A23F353F9C,REQ-8AB7C6D12F1F,2026-09-14 18:43:44
EVT-0004082,IF_SAPPROC_ORWMS_001,SAP_ERP,ORACLE_SCM,SFTP,Batch,Success,,,,11481,SESS-F31C231DCE,REQ-BABC8C3CB56F,2026-09-11 22:37:40
EVT-0004084,IF_SAPQM_MESPE_001,SAP_ERP,MES,Kafka,Async,Success,,,,1062,SESS-F89A926EF1,REQ-270C6DD14CFA,2026-09-14 19:12:59
EVT-0004085,IF_SAPFIN_HCMPAY_001,SAP_ERP,HCM,SFTP,Batch,Failed,CFG_017,Interface configuration mismatch,Configuration,52645,SESS-12A99AE768,REQ-2D4C31CF8E72,2026-09-15 23:46:36
EVT-0004086,IF_SAPPROC_ORWMS_001,SAP_ERP,ORACLE_SCM,SFTP,Batch,Retry,VAL_400,Required business field failed validation,Validation,26482,SESS-85FB934B68,REQ-2F17EF285765,2026-09-16 08:50:49
EVT-0004094,IF_SAPPROC_ORIM_001,SAP_ERP,ORACLE_SCM,REST_API,REST,Success,,,,2834,SESS-673DB52947,REQ-F1B8FB023131,2026-09-13 14:00:29
EVT-0004103,IF_SAPFIN_HCMPAY_001,SAP_ERP,HCM,SFTP,Batch,Success,,,,13885,SESS-4CDAA3A0A3,REQ-9BC4B2277D61,2026-09-14 13:08:16
EVT-0004104,IF_SAPQM_ORWMS_001,SAP_ERP,ORACLE_SCM,Kafka,Async,Success,,,,1627,SESS-00EA1DD6BE,REQ-BD897CFEA0D0,2026-09-16 00:03:23
EVT-0004108,IF_SAPPP_MESPE_001,SAP_ERP,MES,Kafka,Async,Success,,,,733,SESS-EB62E36984,REQ-4F4684763DAC,2026-09-14 23:21:41
EVT-0004110,IF_SAPFIN_HCMPAY_001,SAP_ERP,HCM,SFTP,Batch,Success,,,,10744,SESS-D3233219FB,REQ-4A6E7147D86B,2026-09-13 16:55:35
EVT-0004122,IF_SAPQM_MESPE_001,SAP_ERP,MES,Kafka,Async,Success,,,,967,SESS-554FF4904B,REQ-F60FF8CE342C,2026-09-10 16:21:24
EVT-0004126,IF_SAPPP_MESPE_001,SAP_ERP,MES,Kafka,Async,Success,,,,904,SESS-B13D8CCDD2,REQ-EC346AE68B3E,2026-09-12 16:42:44
EVT-0004131,IF_SAPQM_ORWMS_001,SAP_ERP,ORACLE_SCM,Kafka,Async,Success,,,,2293,SESS-F1992B20A0,REQ-33D1C172C92C,2026-09-16 17:08:38
EVT-0004132,IF_SAPPROC_ORWMS_001,SAP_ERP,ORACLE_SCM,SFTP,Batch,Retry,VAL_400,Required business field failed validation,Validation,26337,SESS-E552DEDDE2,REQ-7E21C9FE5B18,2026-09-16 01:08:02
EVT-0004134,IF_SAPPROC_ORIM_001,SAP_ERP,ORACLE_SCM,REST_API,REST,Success,,,,1924,SESS-C4A5868380,REQ-526462A43A03,2026-09-11 00:49:57
EVT-0004135,IF_SAPPP_MESPE_001,SAP_ERP,MES,Kafka,Async,Success,,,,653,SESS-6455465509,REQ-95AEF8DAB06E,2026-09-15 13:50:06
EVT-0004136,IF_SAPPROC_ORWMS_001,SAP_ERP,ORACLE_SCM,SFTP,Batch,Success,,,,12596,SESS-BD81DE13C1,REQ-D0853B09E279,2026-09-15 13:56:02
EVT-0004139,IF_SAPPP_ORSC_001,SAP_ERP,ORACLE_SCM,Kafka,Async,Retry,VAL_400,Required business field failed validation,Validation,2768,SESS-2F63D82462,REQ-404986DFBA21,2026-09-14 12:09:46
EVT-0004141,IF_SAPQM_ORWMS_001,SAP_ERP,ORACLE_SCM,Kafka,Async,Failed,NET_CONN_003,Connection reset by peer,Network,17203,SESS-2F12EC136E,REQ-23205989FF2E,2026-09-14 10:01:38
EVT-0004142,IF_SAPPP_MESPE_001,SAP_ERP,MES,Kafka,Async,Success,,,,860,SESS-F0DAC51ABD,REQ-B09D40049EFB,2026-09-11 10:34:08
EVT-0004144,IF_SAPFIN_HCMPAY_001,SAP_ERP,HCM,SFTP,Batch,Success,,,,11862,SESS-5F5A98D9B9,REQ-FCBA381803D7,2026-09-13 15:38:44
EVT-0004155,IF_SAPPROC_ORIM_001,SAP_ERP,ORACLE_SCM,REST_API,REST,Success,,,,2000,SESS-A957762AF2,REQ-74569C683037,2026-09-12 20:16:55
EVT-0004157,IF_SAPPROC_ORIM_001,SAP_ERP,ORACLE_SCM,REST_API,REST,Success,,,,1978,SESS-A7E46FBC71,REQ-77D6AB66D285,2026-09-16 20:44:37
EVT-0004169,IF_SAPPP_MESPE_001,SAP_ERP,MES,Kafka,Async,Success,,,,633,SESS-DF0077A4F1,REQ-1502DA42D781,2026-09-11 09:49:11
EVT-0004175,IF_SAPFIN_HCMPAY_001,SAP_ERP,HCM,SFTP,Batch,Retry,EXT_502,Downstream service returned 502,External Service,53061,SESS-66CAF601B9,REQ-BF5F803ED7A1,2026-09-10 03:59:23
EVT-0004181,IF_SAPPP_MESPE_001,SAP_ERP,MES,Kafka,Async,Success,,,,905,SESS-AB5F9E2680,REQ-C75E33F649C5,2026-09-12 18:21:23
EVT-0004183,IF_SAPPROC_ORWMS_001,SAP_ERP,ORACLE_SCM,SFTP,Batch,Success,,,,15360,SESS-BC6C55405B,REQ-BC2095BF032A,2026-09-16 18:54:06
EVT-0004185,IF_SAPQM_MESPE_001,SAP_ERP,MES,Kafka,Async,Retry,CAP_003,Downstream service is at capacity,Capacity,3310,SESS-7DD95A4FC7,REQ-E889BC31C9E8,2026-09-11 15:52:58
EVT-0004187,IF_SAPQM_ORWMS_001,SAP_ERP,ORACLE_SCM,Kafka,Async,Failed,AUTHZ_403,Caller is not authorized,Authorization,18199,SESS-A37AC70CA4,REQ-4AB81D9FEEF0,2026-09-13 05:37:36
EVT-0004188,IF_SAPQM_MESPE_001,SAP_ERP,MES,Kafka,Async,Success,,,,464,SESS-CCF4AD42AE,REQ-3C2029F2A695,2026-09-10 18:32:23
EVT-0004194,IF_SAPPROC_ORIM_001,SAP_ERP,ORACLE_SCM,REST_API,REST,Success,,,,2590,SESS-B9DBAFCF74,REQ-DCBF93434C9B,2026-09-15 11:51:44
EVT-0004197,IF_SAPFIN_HCMPAY_001,SAP_ERP,HCM,SFTP,Batch,Success,,,,11358,SESS-5F09600C3C,REQ-9ED3831AC09A,2026-09-12 13:21:08
EVT-0004201,IF_SAPPROC_ORWMS_001,SAP_ERP,ORACLE_SCM,SFTP,Batch,Success,,,,19822,SESS-C3AB80D1C2,REQ-EA84D0A4C9D5,2026-09-12 13:38:21
EVT-0004203,IF_SAPQM_MESPE_001,SAP_ERP,MES,Kafka,Async,Success,,,,952,SESS-BEC70F0F90,REQ-92658869EFE7,2026-09-13 12:41:55
EVT-0004220,IF_SAPPP_ORSC_001,SAP_ERP,ORACLE_SCM,Kafka,Async,Success,,,,955,SESS-405A8DF124,REQ-73FCDEC8B230,2026-09-14 21:20:43
EVT-0004225,IF_SAPPROC_ORIM_001,SAP_ERP,ORACLE_SCM,REST_API,REST,Success,,,,2456,SESS-1C7C928DC9,REQ-B71D11C57A45,2026-09-10 17:09:15
EVT-0004226,IF_SAPPROC_ORIM_001,SAP_ERP,ORACLE_SCM,REST_API,REST,Success,,,,1438,SESS-28BB34AA47,REQ-17E0FA4475C9,2026-09-16 13:45:28
EVT-0004228,IF_SAPQM_ORWMS_001,SAP_ERP,ORACLE_SCM,Kafka,Async,Success,,,,2402,SESS-75BB5EC2D9,REQ-355596530CA5,2026-09-13 23:13:49
EVT-0004232,IF_SAPPROC_ORWMS_001,SAP_ERP,ORACLE_SCM,SFTP,Batch,Success,,,,16420,SESS-A04C50AE9C,REQ-5C1A3677B0AA,2026-09-12 20:53:22
EVT-0004247,IF_SAPPROC_ORIM_001,SAP_ERP,ORACLE_SCM,REST_API,REST,Success,,,,2547,SESS-9FBD48628A,REQ-5F83EA261EFF,2026-09-12 03:38:08
EVT-0004248,IF_SAPPROC_ORWMS_001,SAP_ERP,ORACLE_SCM,SFTP,Batch,Retry,CAP_003,Downstream service is at capacity,Capacity,36794,SESS-59CCC60FCB,REQ-370E454241D2,2026-09-11 04:53:27
EVT-0004250,IF_SAPPP_ORSC_001,SAP_ERP,ORACLE_SCM,Kafka,Async,Success,,,,1153,SESS-94941B8DAB,REQ-332D232471CF,2026-09-13 22:39:18
EVT-0004253,IF_SAPFIN_HCMPAY_001,SAP_ERP,HCM,SFTP,Batch,Failed,EXT_502,Downstream service returned 502,External Service,80130,SESS-79101FA466,REQ-8130D528524D,2026-09-10 20:35:45
EVT-0004257,IF_SAPPROC_ORIM_001,SAP_ERP,ORACLE_SCM,REST_API,REST,Success,,,,1891,SESS-D3EF8E0870,REQ-5BB10B4DE3BF,2026-09-15 05:24:49
EVT-0004264,IF_SAPFIN_HCMPAY_001,SAP_ERP,HCM,SFTP,Batch,Success,,,,10688,SESS-AEB79975AC,REQ-D6D4D840B876,2026-09-16 23:43:38
EVT-0004266,IF_SAPQM_MESPE_001,SAP_ERP,MES,Kafka,Async,Success,,,,1123,SESS-11E4901FE9,REQ-30BDDBB23F45,2026-09-13 17:33:36
EVT-0004268,IF_SAPPP_ORSC_001,SAP_ERP,ORACLE_SCM,Kafka,Async,Success,,,,1599,SESS-DEE5C9466A,REQ-D77F31A328FE,2026-09-10 18:40:26
EVT-0004279,IF_SAPPROC_ORWMS_001,SAP_ERP,ORACLE_SCM,SFTP,Batch,Failed,VAL_400,Required business field failed validation,Validation,68829,SESS-1A06303568,REQ-0643AA59DCF9,2026-09-13 07:06:43
EVT-0004283,IF_SAPPROC_ORWMS_001,SAP_ERP,ORACLE_SCM,SFTP,Batch,Success,,,,15080,SESS-B2B1E4B1E5,REQ-3986312EA061,2026-09-14 10:22:35
EVT-0004286,IF_SAPQM_ORWMS_001,SAP_ERP,ORACLE_SCM,Kafka,Async,Success,,,,2246,SESS-96E7E638C5,REQ-7703428D466B,2026-09-11 10:30:53
EVT-0004292,IF_SAPFIN_HCMPAY_001,SAP_ERP,HCM,SFTP,Batch,Success,,,,11756,SESS-64BD519357,REQ-47A8019722FF,2026-09-13 21:36:58
EVT-0004293,IF_SAPPROC_ORWMS_001,SAP_ERP,ORACLE_SCM,SFTP,Batch,Failed,EXT_502,Downstream service returned 502,External Service,52639,SESS-47F0EA2EB9,REQ-D070004CE46E,2026-09-11 07:25:07
EVT-0004295,IF_SAPQM_ORWMS_001,SAP_ERP,ORACLE_SCM,Kafka,Async,Success,,,,2311,SESS-3DF7D304C8,REQ-46D88987DC99,2026-09-13 08:43:30
EVT-0004299,IF_SAPFIN_HCMPAY_001,SAP_ERP,HCM,SFTP,Batch,Success,,,,12774,SESS-B8D545EBE4,REQ-4D00255CD80A,2026-09-12 13:01:41
EVT-0004306,IF_SAPPP_ORSC_001,SAP_ERP,ORACLE_SCM,Kafka,Async,Success,,,,1185,SESS-8241142C9B,REQ-7EDA6EEFCFBE,2026-09-14 17:33:49
EVT-0004310,IF_SAPQM_MESPE_001,SAP_ERP,MES,Kafka,Async,Success,,,,907,SESS-13D82DB0B5,REQ-CF6DD282B7DC,2026-09-13 16:51:57
EVT-0004311,IF_SAPPP_ORSC_001,SAP_ERP,ORACLE_SCM,Kafka,Async,Failed,CFG_017,Interface configuration mismatch,Configuration,1958,SESS-6F17472BAC,REQ-14F84A4A7A94,2026-09-16 02:33:44
EVT-0004318,IF_SAPPROC_ORWMS_001,SAP_ERP,ORACLE_SCM,SFTP,Batch,Success,,,,11980,SESS-F9122B160B,REQ-0E28243B2F40,2026-09-16 09:03:28
EVT-0004327,IF_SAPQM_MESPE_001,SAP_ERP,MES,Kafka,Async,Success,,,,1069,SESS-E32F8EE272,REQ-AE342DC3CFA6,2026-09-12 20:28:54
EVT-0004337,IF_SAPQM_MESPE_001,SAP_ERP,MES,Kafka,Async,Success,,,,997,SESS-E1A43FC0F9,REQ-EDCBF3A5137D,2026-09-12 06:07:18
EVT-0004341,IF_SAPPROC_ORWMS_001,SAP_ERP,ORACLE_SCM,SFTP,Batch,Success,,,,12153,SESS-07A0484271,REQ-46BFFA9BB5AD,2026-09-13 02:30:25
EVT-0004345,IF_SAPFIN_HCMPAY_001,SAP_ERP,HCM,SFTP,Batch,Success,,,,11644,SESS-C723FAE40F,REQ-AC787923D624,2026-09-13 22:16:28
EVT-0004348,IF_SAPQM_MESPE_001,SAP_ERP,MES,Kafka,Async,Retry,INFRA_008,Runtime node unavailable,Infrastructure,2906,SESS-5AB6862D10,REQ-CF7A8771C232,2026-09-16 09:31:18
EVT-0004352,IF_SAPPROC_ORWMS_001,SAP_ERP,ORACLE_SCM,SFTP,Batch,Retry,DB_COMMIT_014,Transaction commit failed,Database,38082,SESS-BCCEF9C2A3,REQ-CF690EDB223E,2026-09-11 10:44:24
EVT-0004354,IF_SAPPP_MESPE_001,SAP_ERP,MES,Kafka,Async,Retry,AUTH_401,Service credential rejected,Authentication,2941,SESS-1BBAA861FA,REQ-059D8E054542,2026-09-12 04:50:52
EVT-0004361,IF_SAPQM_ORWMS_001,SAP_ERP,ORACLE_SCM,Kafka,Async,Success,,,,2555,SESS-355B59F6A5,REQ-A98FDDE10D51,2026-09-12 03:35:22
EVT-0004364,IF_SAPQM_MESPE_001,SAP_ERP,MES,Kafka,Async,Success,,,,800,SESS-C3F819C610,REQ-82C92718A59C,2026-09-11 10:54:44
EVT-0004369,IF_SAPPP_ORSC_001,SAP_ERP,ORACLE_SCM,Kafka,Async,Success,,,,1197,SESS-75E21FBEA0,REQ-889BA194C5BA,2026-09-16 08:33:18
EVT-0004371,IF_SAPPP_MESPE_001,SAP_ERP,MES,Kafka,Async,Success,,,,673,SESS-9504428462,REQ-6327D1598835,2026-09-15 20:54:32
EVT-0004372,IF_SAPPROC_ORIM_001,SAP_ERP,ORACLE_SCM,REST_API,REST,Success,,,,1642,SESS-16A2102394,REQ-E9B76B3966B5,2026-09-16 22:49:17
EVT-0004376,IF_SAPQM_ORWMS_001,SAP_ERP,ORACLE_SCM,Kafka,Async,Success,,,,3022,SESS-06D30417A4,REQ-58D73EC4912B,2026-09-15 15:49:06
EVT-0004381,IF_SAPQM_ORWMS_001,SAP_ERP,ORACLE_SCM,Kafka,Async,Success,,,,2599,SESS-826553C215,REQ-9E129BEA2065,2026-09-13 06:18:21
EVT-0004383,IF_SAPPP_ORSC_001,SAP_ERP,ORACLE_SCM,Kafka,Async,Success,,,,1559,SESS-76409673B2,REQ-FBF9772A36AB,2026-09-13 03:59:40
EVT-0004385,IF_SAPPROC_ORIM_001,SAP_ERP,ORACLE_SCM,REST_API,REST,Success,,,,3147,SESS-3161C82AF7,REQ-8203904B40B3,2026-09-13 23:08:10
EVT-0004388,IF_SAPPP_MESPE_001,SAP_ERP,MES,Kafka,Async,Failed,NET_CONN_003,Connection reset by peer,Network,4329,SESS-D1350387CF,REQ-16FA79C76E89,2026-09-12 08:24:18
EVT-0004390,IF_SAPPP_ORSC_001,SAP_ERP,ORACLE_SCM,Kafka,Async,Success,,,,1780,SESS-964A5F4131,REQ-D783DCCA3907,2026-09-10 15:35:24
EVT-0004391,IF_SAPFIN_HCMPAY_001,SAP_ERP,HCM,SFTP,Batch,Success,,,,14654,SESS-4883018A3F,REQ-0AECE310DC1D,2026-09-13 14:14:14
EVT-0004392,IF_SAPPROC_ORIM_001,SAP_ERP,ORACLE_SCM,REST_API,REST,Success,,,,2724,SESS-BED12DF657,REQ-DAF0E67009DE,2026-09-12 00:40:09
EVT-0004394,IF_SAPPROC_ORIM_001,SAP_ERP,ORACLE_SCM,REST_API,REST,Success,,,,2164,SESS-70492671D4,REQ-04261041E108,2026-09-10 10:24:34
EVT-0004395,IF_SAPPP_MESPE_001,SAP_ERP,MES,Kafka,Async,Success,,,,761,SESS-A9C05F0FD0,REQ-E0A3BA743133,2026-09-14 13:52:37
EVT-0004398,IF_SAPQM_ORWMS_001,SAP_ERP,ORACLE_SCM,Kafka,Async,Success,,,,2671,SESS-E172E3E393,REQ-EFDE9E512ADA,2026-09-12 03:04:36
EVT-0004412,IF_SAPPROC_ORWMS_001,SAP_ERP,ORACLE_SCM,SFTP,Batch,Success,,,,9947,SESS-20B82B909B,REQ-50389C5EBF26,2026-09-11 22:33:48
EVT-0004418,IF_SAPQM_MESPE_001,SAP_ERP,MES,Kafka,Async,Success,,,,1087,SESS-7A10A66461,REQ-D39E880F7EA3,2026-09-16 16:07:06
EVT-0004419,IF_SAPPP_ORSC_001,SAP_ERP,ORACLE_SCM,Kafka,Async,Success,,,,1561,SESS-688B9358A7,REQ-97B20D823735,2026-09-15 03:31:46
EVT-0004423,IF_SAPPP_MESPE_001,SAP_ERP,MES,Kafka,Async,Success,,,,785,SESS-1F7163627C,REQ-CF6E2A9133EE,2026-09-15 21:48:22
EVT-0004425,IF_SAPPROC_ORWMS_001,SAP_ERP,ORACLE_SCM,SFTP,Batch,Success,,,,10744,SESS-5C0273149D,REQ-2C1B6FBB3996,2026-09-16 18:07:10
EVT-0004430,IF_SAPQM_ORWMS_001,SAP_ERP,ORACLE_SCM,Kafka,Async,Success,,,,1320,SESS-EBBFEB97E3,REQ-E99A9D35F555,2026-09-13 02:29:01
EVT-0004434,IF_SAPPROC_ORIM_001,SAP_ERP,ORACLE_SCM,REST_API,REST,Success,,,,2611,SESS-000284D7AB,REQ-08BD0260AF04,2026-09-10 10:14:08
EVT-0004435,IF_SAPPROC_ORIM_001,SAP_ERP,ORACLE_SCM,REST_API,REST,Success,,,,2442,SESS-987756BC90,REQ-A26E8E117B31,2026-09-15 22:15:50
EVT-0004438,IF_SAPPP_ORSC_001,SAP_ERP,ORACLE_SCM,Kafka,Async,Success,,,,948,SESS-150FB58211,REQ-96B58B1921FD,2026-09-15 09:21:20
EVT-0004439,IF_SAPPP_MESPE_001,SAP_ERP,MES,Kafka,Async,Retry,CFG_017,Interface configuration mismatch,Configuration,2166,SESS-E2BCBE7311,REQ-E091EAEB317B,2026-09-11 16:30:16
EVT-0004441,IF_SAPPROC_ORIM_001,SAP_ERP,ORACLE_SCM,REST_API,REST,Success,,,,2855,SESS-4E391E085F,REQ-02D337FF879E,2026-09-15 04:56:57
EVT-0004444,IF_SAPFIN_HCMPAY_001,SAP_ERP,HCM,SFTP,Batch,Success,,,,11880,SESS-C340330DCD,REQ-2C57BB2EC976,2026-09-14 10:18:24
EVT-0004451,IF_SAPPP_ORSC_001,SAP_ERP,ORACLE_SCM,Kafka,Async,Success,,,,1203,SESS-985A237269,REQ-465FA9363D14,2026-09-13 13:46:20
EVT-0004454,IF_SAPPP_ORSC_001,SAP_ERP,ORACLE_SCM,Kafka,Async,Success,,,,1676,SESS-072BCC41F5,REQ-F741C4381E89,2026-09-10 01:59:43
EVT-0004462,IF_SAPQM_MESPE_001,SAP_ERP,MES,Kafka,Async,Success,,,,707,SESS-AE3DD1ABED,REQ-311201401449,2026-09-11 15:20:40
EVT-0004464,IF_SAPPROC_ORIM_001,SAP_ERP,ORACLE_SCM,REST_API,REST,Success,,,,2289,SESS-BF2C68448C,REQ-63F62DF4B0A7,2026-09-13 02:21:17
EVT-0004466,IF_SAPQM_MESPE_001,SAP_ERP,MES,Kafka,Async,Success,,,,832,SESS-9EC799C48C,REQ-A204D2F5F7ED,2026-09-15 15:16:08
EVT-0004476,IF_SAPFIN_HCMPAY_001,SAP_ERP,HCM,SFTP,Batch,Success,,,,15980,SESS-18E724C969,REQ-95213849A790,2026-09-15 08:14:40
EVT-0004478,IF_SAPPROC_ORIM_001,SAP_ERP,ORACLE_SCM,REST_API,REST,Success,,,,2666,SESS-20D613AB6A,REQ-70AE59735CC2,2026-09-13 14:58:30
EVT-0004480,IF_SAPQM_MESPE_001,SAP_ERP,MES,Kafka,Async,Success,,,,1358,SESS-DB34346FA1,REQ-0B55E22245D5,2026-09-14 20:59:30
EVT-0004481,IF_SAPPP_ORSC_001,SAP_ERP,ORACLE_SCM,Kafka,Async,Success,,,,1163,SESS-FAD95B65CE,REQ-E26DF0F4B22E,2026-09-11 15:11:49
EVT-0004488,IF_SAPPROC_ORWMS_001,SAP_ERP,ORACLE_SCM,SFTP,Batch,Success,,,,15323,SESS-E517EAD250,REQ-D1087A216633,2026-09-10 22:32:53
EVT-0004491,IF_SAPPROC_ORWMS_001,SAP_ERP,ORACLE_SCM,SFTP,Batch,Success,,,,20566,SESS-93A2A35E9B,REQ-F2C41DD9D72A,2026-09-15 22:55:35
EVT-0004492,IF_SAPPP_ORSC_001,SAP_ERP,ORACLE_SCM,Kafka,Async,Success,,,,954,SESS-5E0FEB6BE3,REQ-123CA3A3E874,2026-09-10 09:37:07
EVT-0004493,IF_SAPQM_MESPE_001,SAP_ERP,MES,Kafka,Async,Success,,,,862,SESS-9D339FD58D,REQ-87C74AFB1B16,2026-09-10 13:53:18
EVT-0004494,IF_SAPPROC_ORIM_001,SAP_ERP,ORACLE_SCM,REST_API,REST,Success,,,,2398,SESS-C07397318F,REQ-C69D89735ACA,2026-09-16 10:49:33
EVT-0004497,IF_SAPQM_MESPE_001,SAP_ERP,MES,Kafka,Async,Success,,,,902,SESS-62B179682E,REQ-83C5D7F9CCCE,2026-09-10 14:38:03
EVT-0004505,IF_SAPPP_ORSC_001,SAP_ERP,ORACLE_SCM,Kafka,Async,Success,,,,1517,SESS-D91EB5CE09,REQ-187FA3058268,2026-09-12 10:47:02
EVT-0004521,IF_SAPFIN_HCMPAY_001,SAP_ERP,HCM,SFTP,Batch,Success,,,,9817,SESS-E6DFB2F45C,REQ-B42143A17B67,2026-09-11 19:44:10
EVT-0004528,IF_SAPQM_ORWMS_001,SAP_ERP,ORACLE_SCM,Kafka,Async,Success,,,,1619,SESS-A620765BAA,REQ-82837BBB0586,2026-09-12 06:25:25
EVT-0004533,IF_SAPPP_ORSC_001,SAP_ERP,ORACLE_SCM,Kafka,Async,Success,,,,1898,SESS-FEC53595E4,REQ-716B4316B1B5,2026-09-15 08:04:19
EVT-0004540,IF_SAPPP_MESPE_001,SAP_ERP,MES,Kafka,Async,Success,,,,870,SESS-C0DD08EEA6,REQ-1BB9F71D58C9,2026-09-12 13:11:32
EVT-0004548,IF_SAPQM_ORWMS_001,SAP_ERP,ORACLE_SCM,Kafka,Async,Success,,,,1302,SESS-E7A38FED58,REQ-CB44C385D4A0,2026-09-13 20:02:34
EVT-0004554,IF_SAPPROC_ORIM_001,SAP_ERP,ORACLE_SCM,REST_API,REST,Success,,,,1796,SESS-B58AB62EE4,REQ-D7C4497DE834,2026-09-13 02:11:36
EVT-0004561,IF_SAPPROC_ORIM_001,SAP_ERP,ORACLE_SCM,REST_API,REST,Success,,,,1522,SESS-F438A9D17D,REQ-3692F2D3ABB7,2026-09-12 01:16:58
EVT-0004562,IF_SAPPROC_ORIM_001,SAP_ERP,ORACLE_SCM,REST_API,REST,Success,,,,1812,SESS-1EA75A8F94,REQ-B94520B32FA7,2026-09-10 11:42:39
EVT-0004566,IF_SAPQM_ORWMS_001,SAP_ERP,ORACLE_SCM,Kafka,Async,Success,,,,1875,SESS-7DBE5AA5D2,REQ-0729CA810FBD,2026-09-15 07:11:41
EVT-0004567,IF_SAPFIN_HCMPAY_001,SAP_ERP,HCM,SFTP,Batch,Success,,,,10958,SESS-65578F9F4C,REQ-48BD348F735E,2026-09-12 03:50:05
EVT-0004568,IF_SAPFIN_HCMPAY_001,SAP_ERP,HCM,SFTP,Batch,Success,,,,14897,SESS-28FEF68C96,REQ-F701FD381240,2026-09-15 09:43:06
EVT-0004569,IF_SAPPP_MESPE_001,SAP_ERP,MES,Kafka,Async,Success,,,,546,SESS-238FB7F97A,REQ-4EDDBA1932F3,2026-09-14 05:58:39
EVT-0004570,IF_SAPPROC_ORIM_001,SAP_ERP,ORACLE_SCM,REST_API,REST,Success,,,,3158,SESS-9F5C84F22D,REQ-FC10F2E361C8,2026-09-14 07:25:18
EVT-0004571,IF_SAPPP_MESPE_001,SAP_ERP,MES,Kafka,Async,Failed,VAL_400,Required business field failed validation,Validation,5136,SESS-40C5C3629D,REQ-0C91B945188B,2026-09-12 03:02:24
EVT-0004572,IF_SAPFIN_HCMPAY_001,SAP_ERP,HCM,SFTP,Batch,Retry,NET_CONN_003,Connection reset by peer,Network,27556,SESS-930B823BBB,REQ-73C6865618CD,2026-09-10 18:35:18
EVT-0004574,IF_SAPQM_MESPE_001,SAP_ERP,MES,Kafka,Async,Success,,,,779,SESS-E24189376B,REQ-83F569651CB7,2026-09-10 13:58:46
EVT-0004576,IF_SAPPROC_ORWMS_001,SAP_ERP,ORACLE_SCM,SFTP,Batch,Success,,,,17101,SESS-A86D5DB722,REQ-ADDC5FAA260E,2026-09-16 07:14:27
EVT-0004577,IF_SAPPROC_ORWMS_001,SAP_ERP,ORACLE_SCM,SFTP,Batch,Retry,INFRA_008,Runtime node unavailable,Infrastructure,24058,SESS-F4E3078049,REQ-C4915C6D37FA,2026-09-13 03:44:36
EVT-0004582,IF_SAPQM_ORWMS_001,SAP_ERP,ORACLE_SCM,Kafka,Async,Retry,CFG_017,Interface configuration mismatch,Configuration,7670,SESS-5E8163BF6B,REQ-320301FA94C5,2026-09-10 12:46:20
EVT-0004584,IF_SAPFIN_HCMPAY_001,SAP_ERP,HCM,SFTP,Batch,Failed,AUTH_401,Service credential rejected,Authentication,67539,SESS-08DA532BC6,REQ-65033EA49C43,2026-09-13 16:11:10
EVT-0004590,IF_SAPQM_MESPE_001,SAP_ERP,MES,Kafka,Async,Success,,,,676,SESS-175326D130,REQ-1B5F43A9BA34,2026-09-14 11:45:33
EVT-0004591,IF_SAPFIN_HCMPAY_001,SAP_ERP,HCM,SFTP,Batch,Success,,,,10641,SESS-F521CA2945,REQ-BA9705AA1523,2026-09-11 03:43:56
EVT-0004601,IF_SAPPROC_ORWMS_001,SAP_ERP,ORACLE_SCM,SFTP,Batch,Success,,,,13291,SESS-1B083A42CA,REQ-4E6B72284381,2026-09-12 15:08:30
EVT-0004606,IF_SAPPP_MESPE_001,SAP_ERP,MES,Kafka,Async,Success,,,,1001,SESS-8A963F9441,REQ-C5169BCC10F2,2026-09-10 08:22:33
EVT-0004609,IF_SAPPP_ORSC_001,SAP_ERP,ORACLE_SCM,Kafka,Async,Success,,,,670,SESS-0A7E3A2130,REQ-C04A95C19693,2026-09-10 04:03:34
EVT-0004611,IF_SAPPP_MESPE_001,SAP_ERP,MES,Kafka,Async,Success,,,,635,SESS-6145D36613,REQ-261C361DA088,2026-09-12 09:30:12
EVT-0004614,IF_SAPFIN_HCMPAY_001,SAP_ERP,HCM,SFTP,Batch,Success,,,,14298,SESS-936C65E694,REQ-FA42195F8E63,2026-09-10 16:45:26
EVT-0004616,IF_SAPPP_ORSC_001,SAP_ERP,ORACLE_SCM,Kafka,Async,Success,,,,1101,SESS-E8B13E4E24,REQ-E51AB5D8CDAE,2026-09-13 20:20:03
EVT-0004624,IF_SAPQM_MESPE_001,SAP_ERP,MES,Kafka,Async,Success,,,,930,SESS-61FBD020D1,REQ-27264F0B7D69,2026-09-12 01:49:55
EVT-0004630,IF_SAPPROC_ORIM_001,SAP_ERP,ORACLE_SCM,REST_API,REST,Success,,,,2967,SESS-A19EDCCD9F,REQ-6C9862248333,2026-09-16 19:57:34
EVT-0004631,IF_SAPQM_MESPE_001,SAP_ERP,MES,Kafka,Async,Success,,,,762,SESS-F1140F438E,REQ-1430410BAC49,2026-09-14 23:08:39
EVT-0004634,IF_SAPPROC_ORIM_001,SAP_ERP,ORACLE_SCM,REST_API,REST,Retry,INFRA_008,Runtime node unavailable,Infrastructure,5475,SESS-1A4C713FF9,REQ-D03341B68C7D,2026-09-12 00:28:10
EVT-0004644,IF_SAPPROC_ORIM_001,SAP_ERP,ORACLE_SCM,REST_API,REST,Success,,,,1464,SESS-8312E2DB4F,REQ-45B4554066B9,2026-09-16 15:35:45
EVT-0004648,IF_SAPFIN_HCMPAY_001,SAP_ERP,HCM,SFTP,Batch,Success,,,,15327,SESS-C8D8C06BF8,REQ-EEC0AF2139BE,2026-09-16 23:42:03
EVT-0004650,IF_SAPPROC_ORWMS_001,SAP_ERP,ORACLE_SCM,SFTP,Batch,Success,,,,12992,SESS-5FAE7B85E8,REQ-6A721C1F3800,2026-09-14 03:40:23
EVT-0004656,IF_SAPQM_ORWMS_001,SAP_ERP,ORACLE_SCM,Kafka,Async,Success,,,,1432,SESS-C1E59C891F,REQ-1472F1150F9F,2026-09-10 20:54:52
EVT-0004658,IF_SAPPP_MESPE_001,SAP_ERP,MES,Kafka,Async,Retry,TIME_004,Downstream response exceeded SLA,Timeout,1600,SESS-E7C711A635,REQ-736C0F9DF746,2026-09-10 21:32:17
EVT-0004662,IF_SAPPP_ORSC_001,SAP_ERP,ORACLE_SCM,Kafka,Async,Success,,,,708,SESS-1C2D2A367D,REQ-29604911A2C4,2026-09-13 02:59:49
EVT-0004677,IF_SAPPP_ORSC_001,SAP_ERP,ORACLE_SCM,Kafka,Async,Retry,NET_CONN_003,Connection reset by peer,Network,3245,SESS-72C6B66C86,REQ-947641A84142,2026-09-15 12:28:40
EVT-0004679,IF_SAPQM_MESPE_001,SAP_ERP,MES,Kafka,Async,Success,,,,692,SESS-13FB78CDF6,REQ-94D6FCD25644,2026-09-16 13:53:52
EVT-0004682,IF_SAPQM_ORWMS_001,SAP_ERP,ORACLE_SCM,Kafka,Async,Success,,,,2304,SESS-EBF4DEA4DE,REQ-1D2B111C3AAB,2026-09-13 02:15:30
EVT-0004687,IF_SAPFIN_HCMPAY_001,SAP_ERP,HCM,SFTP,Batch,Success,,,,13985,SESS-152D81AA66,REQ-14CDB1ADB4EB,2026-09-16 01:32:50
EVT-0004688,IF_SAPPP_ORSC_001,SAP_ERP,ORACLE_SCM,Kafka,Async,Success,,,,1002,SESS-2772B5D209,REQ-B3B9E90C5AA1,2026-09-12 11:36:50
EVT-0004698,IF_SAPPROC_ORIM_001,SAP_ERP,ORACLE_SCM,REST_API,REST,Success,,,,1938,SESS-90B858452A,REQ-DBFF1EA38CE9,2026-09-13 13:27:51
EVT-0004700,IF_SAPPP_MESPE_001,SAP_ERP,MES,Kafka,Async,Success,,,,1095,SESS-F65FEB6197,REQ-EDF2EC219B9C,2026-09-14 10:26:31
EVT-0004710,IF_SAPPP_ORSC_001,SAP_ERP,ORACLE_SCM,Kafka,Async,Success,,,,1707,SESS-E8D37E2AFC,REQ-0E48C9A154E3,2026-09-13 17:23:19
EVT-0004715,IF_SAPFIN_HCMPAY_001,SAP_ERP,HCM,SFTP,Batch,Retry,VAL_400,Required business field failed validation,Validation,22431,SESS-DF5B83C3AA,REQ-C84F3428D379,2026-09-14 06:24:14
EVT-0004718,IF_SAPQM_ORWMS_001,SAP_ERP,ORACLE_SCM,Kafka,Async,Success,,,,2226,SESS-F47B21E1E2,REQ-7D331A8B85A2,2026-09-16 10:45:06
EVT-0004720,IF_SAPQM_ORWMS_001,SAP_ERP,ORACLE_SCM,Kafka,Async,Success,,,,2232,SESS-DB63164DD9,REQ-0D080AF06320,2026-09-13 15:08:17
EVT-0004723,IF_SAPFIN_HCMPAY_001,SAP_ERP,HCM,SFTP,Batch,Success,,,,15374,SESS-5ED2A09C2A,REQ-938307FED735,2026-09-13 00:47:28
EVT-0004725,IF_SAPPP_ORSC_001,SAP_ERP,ORACLE_SCM,Kafka,Async,Success,,,,1121,SESS-099EFADC1A,REQ-DB5AD2598C7E,2026-09-14 01:07:48
EVT-0004727,IF_SAPQM_ORWMS_001,SAP_ERP,ORACLE_SCM,Kafka,Async,Success,,,,2758,SESS-CBEA1D8241,REQ-4BF6BDCD76A8,2026-09-13 21:28:27
EVT-0004738,IF_SAPPP_ORSC_001,SAP_ERP,ORACLE_SCM,Kafka,Async,Success,,,,1490,SESS-4B7F33BEEE,REQ-C2D0713C84DA,2026-09-14 21:07:06
EVT-0004753,IF_SAPFIN_HCMPAY_001,SAP_ERP,HCM,SFTP,Batch,Success,,,,17285,SESS-D206C7E250,REQ-E99D7536E90D,2026-09-13 02:04:18
EVT-0004754,IF_SAPPP_MESPE_001,SAP_ERP,MES,Kafka,Async,Retry,CAP_003,Downstream service is at capacity,Capacity,1618,SESS-E45EEF1D82,REQ-995B867A4B61,2026-09-10 19:16:34
EVT-0004759,IF_SAPQM_ORWMS_001,SAP_ERP,ORACLE_SCM,Kafka,Async,Success,,,,2995,SESS-D5FB92D1B6,REQ-D7481759B192,2026-09-13 23:26:05
EVT-0004760,IF_SAPQM_MESPE_001,SAP_ERP,MES,Kafka,Async,Success,,,,965,SESS-64FA67C9CB,REQ-AF7EEC1168EF,2026-09-11 13:33:04
EVT-0004761,IF_SAPFIN_HCMPAY_001,SAP_ERP,HCM,SFTP,Batch,Success,,,,12158,SESS-CB8A8E0716,REQ-A3ADB41C9144,2026-09-13 04:53:19
EVT-0004764,IF_SAPPP_ORSC_001,SAP_ERP,ORACLE_SCM,Kafka,Async,Success,,,,1879,SESS-F54F801DB2,REQ-F3E44DB52CCE,2026-09-11 16:03:29
EVT-0004765,IF_SAPPROC_ORWMS_001,SAP_ERP,ORACLE_SCM,SFTP,Batch,Success,,,,12790,SESS-C93CECC82F,REQ-1E3043E189FA,2026-09-16 03:20:52
EVT-0004772,IF_SAPPP_ORSC_001,SAP_ERP,ORACLE_SCM,Kafka,Async,Failed,VAL_400,Required business field failed validation,Validation,10410,SESS-F11C2B82FA,REQ-BD3B8565F486,2026-09-14 16:31:20
EVT-0004776,IF_SAPPROC_ORIM_001,SAP_ERP,ORACLE_SCM,REST_API,REST,Failed,VAL_400,Required business field failed validation,Validation,15628,SESS-81A2BFF334,REQ-48BD25516D69,2026-09-14 23:35:27
EVT-0004779,IF_SAPPP_ORSC_001,SAP_ERP,ORACLE_SCM,Kafka,Async,Success,,,,1231,SESS-A24735D78C,REQ-AA4B797F211F,2026-09-14 01:03:49
EVT-0004781,IF_SAPFIN_HCMPAY_001,SAP_ERP,HCM,SFTP,Batch,Success,,,,14113,SESS-4B1771831C,REQ-1052D3F8875E,2026-09-13 19:30:38
EVT-0004782,IF_SAPQM_ORWMS_001,SAP_ERP,ORACLE_SCM,Kafka,Async,Success,,,,2289,SESS-E2A9B22475,REQ-2E2192177281,2026-09-13 09:38:16
EVT-0004783,IF_SAPQM_ORWMS_001,SAP_ERP,ORACLE_SCM,Kafka,Async,Success,,,,1808,SESS-CACCC6DEE8,REQ-B71C42C93269,2026-09-11 06:44:45
EVT-0004787,IF_SAPFIN_HCMPAY_001,SAP_ERP,HCM,SFTP,Batch,Success,,,,9022,SESS-D3FCF4245F,REQ-076500729C30,2026-09-10 21:21:55
EVT-0004796,IF_SAPPROC_ORWMS_001,SAP_ERP,ORACLE_SCM,SFTP,Batch,Success,,,,17823,SESS-5C6A29481C,REQ-43EFEF040162,2026-09-15 07:45:58
EVT-0004801,IF_SAPFIN_HCMPAY_001,SAP_ERP,HCM,SFTP,Batch,Retry,CAP_003,Downstream service is at capacity,Capacity,45214,SESS-4ECAF70BC1,REQ-40CDC4E64331,2026-09-15 16:35:18
EVT-0004803,IF_SAPPP_ORSC_001,SAP_ERP,ORACLE_SCM,Kafka,Async,Failed,AUTH_401,Service credential rejected,Authentication,3013,SESS-B50E67C6AC,REQ-4C5A61404FC3,2026-09-10 20:50:22
EVT-0004804,IF_SAPQM_MESPE_001,SAP_ERP,MES,Kafka,Async,Failed,CAP_003,Downstream service is at capacity,Capacity,3273,SESS-667A120A79,REQ-AB9312F852D9,2026-09-15 19:59:56
EVT-0004810,IF_SAPQM_MESPE_001,SAP_ERP,MES,Kafka,Async,Success,,,,669,SESS-804A09196E,REQ-2EF41790DC9E,2026-09-10 12:25:04
EVT-0004812,IF_SAPQM_MESPE_001,SAP_ERP,MES,Kafka,Async,Success,,,,763,SESS-6A1DE66310,REQ-F297C4804F4C,2026-09-15 17:25:47
EVT-0004813,IF_SAPPROC_ORWMS_001,SAP_ERP,ORACLE_SCM,SFTP,Batch,Success,,,,16284,SESS-CCD188CE37,REQ-4FFA89131063,2026-09-13 17:02:47
EVT-0004815,IF_SAPQM_ORWMS_001,SAP_ERP,ORACLE_SCM,Kafka,Async,Failed,CFG_017,Interface configuration mismatch,Configuration,3253,SESS-289308CCF4,REQ-975DE8FBCB18,2026-09-11 23:01:47
EVT-0004816,IF_SAPPROC_ORIM_001,SAP_ERP,ORACLE_SCM,REST_API,REST,Success,,,,2755,SESS-FB935C5C27,REQ-24F1B067F990,2026-09-14 22:18:15
EVT-0004817,IF_SAPPROC_ORIM_001,SAP_ERP,ORACLE_SCM,REST_API,REST,Failed,TIME_004,Downstream response exceeded SLA,Timeout,4134,SESS-898F57FEF6,REQ-DBA9711343E9,2026-09-10 06:56:13
EVT-0004818,IF_SAPPROC_ORIM_001,SAP_ERP,ORACLE_SCM,REST_API,REST,Success,,,,2541,SESS-2F04400412,REQ-752CA6BA2E4A,2026-09-15 05:56:21
EVT-0004820,IF_SAPQM_MESPE_001,SAP_ERP,MES,Kafka,Async,Success,,,,880,SESS-9560AE6AB5,REQ-9778622EA5BB,2026-09-15 16:34:27
EVT-0004821,IF_SAPPROC_ORWMS_001,SAP_ERP,ORACLE_SCM,SFTP,Batch,Success,,,,21255,SESS-D60A368AFF,REQ-60A879E1F34A,2026-09-13 18:08:51
EVT-0004827,IF_SAPPROC_ORWMS_001,SAP_ERP,ORACLE_SCM,SFTP,Batch,Success,,,,16612,SESS-6DCF1A8842,REQ-B5895EFE2520,2026-09-13 18:56:58
EVT-0004828,IF_SAPPROC_ORIM_001,SAP_ERP,ORACLE_SCM,REST_API,REST,Success,,,,1769,SESS-006E3A4CDC,REQ-2350980EFB9A,2026-09-16 17:18:28
EVT-0004839,IF_SAPFIN_HCMPAY_001,SAP_ERP,HCM,SFTP,Batch,Success,,,,10986,SESS-4DDC149F15,REQ-E5553577BC72,2026-09-16 14:08:47
EVT-0004847,IF_SAPQM_ORWMS_001,SAP_ERP,ORACLE_SCM,Kafka,Async,Success,,,,2060,SESS-D216DFB9CD,REQ-7A4936DDF788,2026-09-13 01:52:33
EVT-0004848,IF_SAPPROC_ORWMS_001,SAP_ERP,ORACLE_SCM,SFTP,Batch,Success,,,,10029,SESS-BED8570C9A,REQ-05AA7944AA63,2026-09-12 01:16:44
EVT-0004850,IF_SAPPROC_ORIM_001,SAP_ERP,ORACLE_SCM,REST_API,REST,Success,,,,2469,SESS-7A326891C6,REQ-4C405A5E414E,2026-09-11 16:26:02
EVT-0004854,IF_SAPQM_MESPE_001,SAP_ERP,MES,Kafka,Async,Success,,,,857,SESS-C773DED99D,REQ-ACF84544C1F1,2026-09-14 08:37:13
EVT-0004856,IF_SAPQM_MESPE_001,SAP_ERP,MES,Kafka,Async,Success,,,,1013,SESS-AB917D6F02,REQ-23CA0B8F0F3E,2026-09-13 22:27:40
EVT-0004858,IF_SAPPROC_ORWMS_001,SAP_ERP,ORACLE_SCM,SFTP,Batch,Success,,,,12918,SESS-368FA6BF1C,REQ-3BC8E2FC3B48,2026-09-12 17:37:42
EVT-0004867,IF_SAPPP_MESPE_001,SAP_ERP,MES,Kafka,Async,Success,,,,847,SESS-A2BF0267A8,REQ-0BD6959EEB90,2026-09-10 19:29:47
EVT-0004868,IF_SAPQM_MESPE_001,SAP_ERP,MES,Kafka,Async,Failed,AUTHZ_403,Caller is not authorized,Authorization,4660,SESS-E2F49A54B7,REQ-D5FF349533A1,2026-09-15 04:51:50
EVT-0004872,IF_SAPPP_ORSC_001,SAP_ERP,ORACLE_SCM,Kafka,Async,Success,,,,1619,SESS-1695449C36,REQ-C8DA8A38F2B3,2026-09-10 04:33:33
EVT-0004873,IF_SAPFIN_HCMPAY_001,SAP_ERP,HCM,SFTP,Batch,Success,,,,10133,SESS-F0E8CA42C8,REQ-189908E516AF,2026-09-14 08:17:24
EVT-0004874,IF_SAPQM_ORWMS_001,SAP_ERP,ORACLE_SCM,Kafka,Async,Retry,VAL_400,Required business field failed validation,Validation,4185,SESS-F9FB777BDA,REQ-66192C988B32,2026-09-11 03:05:40
EVT-0004882,IF_SAPFIN_HCMPAY_001,SAP_ERP,HCM,SFTP,Batch,Retry,DB_COMMIT_014,Transaction commit failed,Database,49597,SESS-CDAB52492A,REQ-DF21414DDCFC,2026-09-12 02:19:53
EVT-0004884,IF_SAPPP_ORSC_001,SAP_ERP,ORACLE_SCM,Kafka,Async,Success,,,,1712,SESS-93DC346B4F,REQ-C22F8E76DF54,2026-09-11 22:41:31
EVT-0004888,IF_SAPFIN_HCMPAY_001,SAP_ERP,HCM,SFTP,Batch,Success,,,,11149,SESS-D2A8CF4D87,REQ-30EA2740B3D5,2026-09-13 11:15:12
EVT-0004892,IF_SAPFIN_HCMPAY_001,SAP_ERP,HCM,SFTP,Batch,Success,,,,17175,SESS-5FFC0654D2,REQ-E267D12D69BE,2026-09-13 15:05:35
EVT-0004896,IF_SAPQM_ORWMS_001,SAP_ERP,ORACLE_SCM,Kafka,Async,Retry,NET_CONN_003,Connection reset by peer,Network,6820,SESS-6D4B852E5D,REQ-9BB0BD076149,2026-09-16 10:07:21
EVT-0004908,IF_SAPQM_ORWMS_001,SAP_ERP,ORACLE_SCM,Kafka,Async,Success,,,,1543,SESS-8F8A05D6A2,REQ-067259CB05F9,2026-09-13 08:00:25
EVT-0004909,IF_SAPFIN_HCMPAY_001,SAP_ERP,HCM,SFTP,Batch,Failed,DB_COMMIT_014,Transaction commit failed,Database,61582,SESS-9737AE7866,REQ-26AD7F132E9C,2026-09-16 18:42:44
EVT-0004914,IF_SAPQM_MESPE_001,SAP_ERP,MES,Kafka,Async,Success,,,,848,SESS-81B0BB3B84,REQ-CF55EEA3B747,2026-09-16 01:54:31
EVT-0004927,IF_SAPPROC_ORWMS_001,SAP_ERP,ORACLE_SCM,SFTP,Batch,Success,,,,8842,SESS-96896A80CB,REQ-B716333E4519,2026-09-12 14:22:22
EVT-0004931,IF_SAPPROC_ORIM_001,SAP_ERP,ORACLE_SCM,REST_API,REST,Success,,,,2050,SESS-FEB1272F03,REQ-B1EFC3DC4C61,2026-09-12 00:48:46
EVT-0004933,IF_SAPPP_ORSC_001,SAP_ERP,ORACLE_SCM,Kafka,Async,Success,,,,1856,SESS-55BA69E721,REQ-1DD5949B817A,2026-09-10 01:57:06
EVT-0004943,IF_SAPPROC_ORIM_001,SAP_ERP,ORACLE_SCM,REST_API,REST,Success,,,,2070,SESS-80402A53E2,REQ-AB91520E74F4,2026-09-16 21:12:21
EVT-0004945,IF_SAPQM_ORWMS_001,SAP_ERP,ORACLE_SCM,Kafka,Async,Success,,,,1632,SESS-08E43099B1,REQ-806EFE872DD6,2026-09-14 18:53:12
EVT-0004949,IF_SAPPROC_ORWMS_001,SAP_ERP,ORACLE_SCM,SFTP,Batch,Success,,,,14142,SESS-95976233D2,REQ-4633BBA0E125,2026-09-11 02:25:26
EVT-0004953,IF_SAPQM_ORWMS_001,SAP_ERP,ORACLE_SCM,Kafka,Async,Success,,,,2805,SESS-35FE72A9C3,REQ-6C27B916371D,2026-09-10 02:58:04
EVT-0004962,IF_SAPPROC_ORIM_001,SAP_ERP,ORACLE_SCM,REST_API,REST,Success,,,,1993,SESS-FDE1875227,REQ-4AF4D16729BE,2026-09-16 01:53:30
EVT-0004964,IF_SAPQM_MESPE_001,SAP_ERP,MES,Kafka,Async,Success,,,,606,SESS-C4FB2C40AB,REQ-431DE06532D3,2026-09-13 21:04:38
EVT-0004970,IF_SAPPROC_ORIM_001,SAP_ERP,ORACLE_SCM,REST_API,REST,Failed,CFG_017,Interface configuration mismatch,Configuration,19683,SESS-FC138F6AF7,REQ-F0AE04326CE9,2026-09-15 09:48:08
EVT-0004973,IF_SAPPROC_ORWMS_001,SAP_ERP,ORACLE_SCM,SFTP,Batch,Success,,,,14556,SESS-DC3D5CADE1,REQ-200DD194F725,2026-09-14 13:07:15
EVT-0004976,IF_SAPPROC_ORWMS_001,SAP_ERP,ORACLE_SCM,SFTP,Batch,Success,,,,9124,SESS-B48929346D,REQ-602D5AA1D2CC,2026-09-11 05:30:41
EVT-0004979,IF_SAPFIN_HCMPAY_001,SAP_ERP,HCM,SFTP,Batch,Success,,,,14182,SESS-545824B258,REQ-27EEC2544655,2026-09-12 15:39:33
EVT-0004984,IF_SAPPP_ORSC_001,SAP_ERP,ORACLE_SCM,Kafka,Async,Retry,INFRA_008,Runtime node unavailable,Infrastructure,3764,SESS-911BB9946D,REQ-DC36C9921C15,2026-09-16 23:08:39
EVT-0004985,IF_SAPPROC_ORWMS_001,SAP_ERP,ORACLE_SCM,SFTP,Batch,Success,,,,15472,SESS-F0DA932F11,REQ-99DFF53F903A,2026-09-14 14:08:11
EVT-0004986,IF_SAPPROC_ORIM_001,SAP_ERP,ORACLE_SCM,REST_API,REST,Success,,,,1167,SESS-8AC15A9455,REQ-86F3303C12AC,2026-09-14 08:50:55
EVT-0004987,IF_SAPPROC_ORWMS_001,SAP_ERP,ORACLE_SCM,SFTP,Batch,Success,,,,11710,SESS-433E46BE7A,REQ-32420183E2AF,2026-09-16 21:30:57
EVT-0004988,IF_SAPQM_MESPE_001,SAP_ERP,MES,Kafka,Async,Success,,,,812,SESS-654AD9419E,REQ-40D7442C0ADE,2026-09-15 23:13:05
EVT-0004990,IF_SAPFIN_HCMPAY_001,SAP_ERP,HCM,SFTP,Batch,Success,,,,13130,SESS-285080960B,REQ-8C01DB2D9433,2026-09-16 02:42:15
EVT-0004996,IF_SAPPP_ORSC_001,SAP_ERP,ORACLE_SCM,Kafka,Async,Success,,,,1205,SESS-D6E6990238,REQ-F53433D5D114,2026-09-14 00:51:00
EVT-0004998,IF_SAPQM_ORWMS_001,SAP_ERP,ORACLE_SCM,Kafka,Async,Retry,AUTH_401,Service credential rejected,Authentication,8135,SESS-7A1653BE08,REQ-A812E1327B19,2026-09-11 01:25:32
EVT-0004999,IF_SAPPP_MESPE_001,SAP_ERP,MES,Kafka,Async,Failed,AUTH_401,Service credential rejected,Authentication,7743,SESS-3A022C945A,REQ-8BA4F2D82247,2026-09-12 05:25:25
EVT-0005002,IF_SAPQM_MESPE_001,SAP_ERP,MES,Kafka,Async,Success,,,,953,SESS-419250288A,REQ-BB82E6231695,2026-09-15 12:16:55
EVT-0005005,IF_SAPPP_MESPE_001,SAP_ERP,MES,Kafka,Async,Success,,,,1364,SESS-AB36E117CA,REQ-9B306D53D7D9,2026-09-12 07:57:17
EVT-0005015,IF_SAPQM_MESPE_001,SAP_ERP,MES,Kafka,Async,Success,,,,1027,SESS-CB65DDEC9F,REQ-970461DE6C75,2026-09-10 10:09:34
EVT-0005022,IF_SAPPROC_ORWMS_001,SAP_ERP,ORACLE_SCM,SFTP,Batch,Success,,,,14372,SESS-B48E038306,REQ-3D9758F39463,2026-09-16 14:03:41
EVT-0005027,IF_SAPQM_MESPE_001,SAP_ERP,MES,Kafka,Async,Retry,NET_CONN_003,Connection reset by peer,Network,2620,SESS-EB890021FE,REQ-51C3F1371B76,2026-09-10 09:56:07
EVT-0005028,IF_SAPQM_MESPE_001,SAP_ERP,MES,Kafka,Async,Success,,,,975,SESS-AB87A04D2C,REQ-2EDC150EF1F3,2026-09-10 23:50:12
EVT-0005031,IF_SAPFIN_HCMPAY_001,SAP_ERP,HCM,SFTP,Batch,Failed,CFG_017,Interface configuration mismatch,Configuration,115359,SESS-564E97991F,REQ-9B0CD371CA47,2026-09-12 03:18:06
EVT-0005033,IF_SAPPROC_ORWMS_001,SAP_ERP,ORACLE_SCM,SFTP,Batch,Retry,NET_CONN_003,Connection reset by peer,Network,24708,SESS-485BC0F3CE,REQ-534A16B30176,2026-09-11 06:35:27
EVT-0005034,IF_SAPQM_MESPE_001,SAP_ERP,MES,Kafka,Async,Success,,,,825,SESS-536D8980B8,REQ-CB37940BB352,2026-09-12 01:42:02
EVT-0005042,IF_SAPQM_ORWMS_001,SAP_ERP,ORACLE_SCM,Kafka,Async,Success,,,,2001,SESS-1A9267CAE1,REQ-4BD14AE02DFB,2026-09-14 20:37:47
EVT-0005043,IF_SAPPROC_ORIM_001,SAP_ERP,ORACLE_SCM,REST_API,REST,Success,,,,1857,SESS-EBE47EAB78,REQ-F346FED7D771,2026-09-15 13:32:35
EVT-0005051,IF_SAPFIN_HCMPAY_001,SAP_ERP,HCM,SFTP,Batch,Success,,,,17943,SESS-DD8C948FD6,REQ-DB6D14E2B5C1,2026-09-14 16:30:53
EVT-0005054,IF_SAPQM_ORWMS_001,SAP_ERP,ORACLE_SCM,Kafka,Async,Success,,,,2071,SESS-13E90C0F6D,REQ-979CB59CC53B,2026-09-16 12:08:37
EVT-0005055,IF_SAPPP_ORSC_001,SAP_ERP,ORACLE_SCM,Kafka,Async,Success,,,,1469,SESS-34F4DA63EA,REQ-B5DE18D4C0A9,2026-09-11 19:52:13
EVT-0005056,IF_SAPQM_ORWMS_001,SAP_ERP,ORACLE_SCM,Kafka,Async,Success,,,,2591,SESS-697FCCB8D8,REQ-D523B47EEAB8,2026-09-13 19:47:52
EVT-0005061,IF_SAPPP_ORSC_001,SAP_ERP,ORACLE_SCM,Kafka,Async,Success,,,,1673,SESS-70D41FAEDB,REQ-2B943CE967D1,2026-09-15 19:26:41
EVT-0005074,IF_SAPPP_MESPE_001,SAP_ERP,MES,Kafka,Async,Success,,,,954,SESS-199B12F2C5,REQ-55C2BBA50AA0,2026-09-10 23:58:56
EVT-0005078,IF_SAPPROC_ORWMS_001,SAP_ERP,ORACLE_SCM,SFTP,Batch,Success,,,,12711,SESS-5F9D5DD182,REQ-011350449DDA,2026-09-12 21:30:49
EVT-0005081,IF_SAPPP_ORSC_001,SAP_ERP,ORACLE_SCM,Kafka,Async,Success,,,,1295,SESS-B146BB9D49,REQ-01B7EA06218B,2026-09-10 11:43:47
EVT-0005084,IF_SAPQM_MESPE_001,SAP_ERP,MES,Kafka,Async,Success,,,,945,SESS-B8986F45C0,REQ-046EF6DDCD2B,2026-09-13 16:46:33
EVT-0005085,IF_SAPPROC_ORIM_001,SAP_ERP,ORACLE_SCM,REST_API,REST,Success,,,,2717,SESS-3F9B29474C,REQ-ACF9984BE99C,2026-09-10 23:08:12
EVT-0005086,IF_SAPPP_MESPE_001,SAP_ERP,MES,Kafka,Async,Success,,,,740,SESS-7858FC38BF,REQ-5626DCD8265D,2026-09-16 15:36:01
EVT-0005091,IF_SAPFIN_HCMPAY_001,SAP_ERP,HCM,SFTP,Batch,Success,,,,17619,SESS-9ECDCB1D8A,REQ-B35D2512F0FC,2026-09-13 17:41:38
EVT-0005092,IF_SAPQM_MESPE_001,SAP_ERP,MES,Kafka,Async,Success,,,,1246,SESS-E597469B32,REQ-97378021AF40,2026-09-13 09:59:00
EVT-0005099,IF_SAPFIN_HCMPAY_001,SAP_ERP,HCM,SFTP,Batch,Success,,,,14925,SESS-D8605BB38B,REQ-DBE5D6AE455A,2026-09-15 13:09:19
EVT-0005100,IF_SAPPROC_ORWMS_001,SAP_ERP,ORACLE_SCM,SFTP,Batch,Success,,,,12520,SESS-81AF58C285,REQ-EB2B420924B8,2026-09-12 19:35:46
EVT-0005104,IF_SAPPP_ORSC_001,SAP_ERP,ORACLE_SCM,Kafka,Async,Success,,,,1874,SESS-26CFF66821,REQ-AF33ED9DBDA8,2026-09-11 15:22:06
EVT-0005108,IF_SAPPROC_ORIM_001,SAP_ERP,ORACLE_SCM,REST_API,REST,Success,,,,1954,SESS-45749F1982,REQ-354C8CA76B12,2026-09-12 12:05:00
EVT-0005113,IF_SAPQM_MESPE_001,SAP_ERP,MES,Kafka,Async,Failed,VAL_400,Required business field failed validation,Validation,2734,SESS-D22C58B087,REQ-B11E27F730B0,2026-09-14 07:40:13
EVT-0005122,IF_SAPQM_ORWMS_001,SAP_ERP,ORACLE_SCM,Kafka,Async,Success,,,,1532,SESS-C6BCDCD7E3,REQ-B7D2882D67E3,2026-09-16 09:25:14
EVT-0005126,IF_SAPFIN_HCMPAY_001,SAP_ERP,HCM,SFTP,Batch,Success,,,,19454,SESS-64E6EF8AD8,REQ-E0D0CAF78CFA,2026-09-11 08:34:30
EVT-0005140,IF_SAPQM_ORWMS_001,SAP_ERP,ORACLE_SCM,Kafka,Async,Success,,,,1762,SESS-D9384755E1,REQ-6831CD721D65,2026-09-15 10:30:17
EVT-0005141,IF_SAPPP_MESPE_001,SAP_ERP,MES,Kafka,Async,Success,,,,754,SESS-7DE410A525,REQ-BD82118C2EFF,2026-09-16 12:47:09
EVT-0005144,IF_SAPPP_ORSC_001,SAP_ERP,ORACLE_SCM,Kafka,Async,Success,,,,1468,SESS-A65E96E577,REQ-2BEB7C7A9E86,2026-09-14 09:26:10
EVT-0005147,IF_SAPPP_ORSC_001,SAP_ERP,ORACLE_SCM,Kafka,Async,Success,,,,841,SESS-9D4CC30818,REQ-3A8E2F308E58,2026-09-11 03:41:37
EVT-0005148,IF_SAPPP_MESPE_001,SAP_ERP,MES,Kafka,Async,Success,,,,898,SESS-555030B524,REQ-4A4A702F010B,2026-09-10 14:47:42
EVT-0005149,IF_SAPQM_ORWMS_001,SAP_ERP,ORACLE_SCM,Kafka,Async,Success,,,,2529,SESS-04EE38ED02,REQ-96931FD9B698,2026-09-12 11:55:58
EVT-0005151,IF_SAPQM_MESPE_001,SAP_ERP,MES,Kafka,Async,Success,,,,1334,SESS-541249F221,REQ-CDB883AAB649,2026-09-15 19:42:34
EVT-0005158,IF_SAPPP_MESPE_001,SAP_ERP,MES,Kafka,Async,Retry,NET_CONN_003,Connection reset by peer,Network,2728,SESS-255C8E974D,REQ-558ABA179CB1,2026-09-14 10:46:17
EVT-0005160,IF_SAPFIN_HCMPAY_001,SAP_ERP,HCM,SFTP,Batch,Success,,,,21404,SESS-6EFA572A72,REQ-B9F12C678B9B,2026-09-15 08:27:05
EVT-0005166,IF_SAPQM_MESPE_001,SAP_ERP,MES,Kafka,Async,Success,,,,1097,SESS-83903DE5BA,REQ-CEF334B1F0D9,2026-09-16 05:48:10
EVT-0005174,IF_SAPQM_MESPE_001,SAP_ERP,MES,Kafka,Async,Success,,,,1014,SESS-35D0CED1E7,REQ-5C95E421E56B,2026-09-10 06:08:28
EVT-0005175,IF_SAPQM_MESPE_001,SAP_ERP,MES,Kafka,Async,Success,,,,1044,SESS-C3F1FC4C16,REQ-D3331D62C133,2026-09-12 10:53:15
EVT-0005179,IF_SAPQM_ORWMS_001,SAP_ERP,ORACLE_SCM,Kafka,Async,Success,,,,2536,SESS-6049E6CDD8,REQ-4D141226A4ED,2026-09-15 22:33:50
EVT-0005181,IF_SAPFIN_HCMPAY_001,SAP_ERP,HCM,SFTP,Batch,Success,,,,20195,SESS-80DDB03BB7,REQ-18418CFACBB4,2026-09-11 02:31:28
EVT-0005185,IF_SAPPROC_ORIM_001,SAP_ERP,ORACLE_SCM,REST_API,REST,Success,,,,1084,SESS-9544062422,REQ-04B81E9B3B39,2026-09-14 22:20:01
EVT-0005188,IF_SAPQM_ORWMS_001,SAP_ERP,ORACLE_SCM,Kafka,Async,Success,,,,2090,SESS-758747F643,REQ-EAA363DFE616,2026-09-14 22:27:17
EVT-0005190,IF_SAPQM_ORWMS_001,SAP_ERP,ORACLE_SCM,Kafka,Async,Success,,,,2337,SESS-B5F7B5189C,REQ-126141DB3E6E,2026-09-15 05:18:30
EVT-0005192,IF_SAPQM_MESPE_001,SAP_ERP,MES,Kafka,Async,Success,,,,810,SESS-74A52DD9AA,REQ-14C57B2FCDEA,2026-09-15 13:55:02
EVT-0005193,IF_SAPPROC_ORWMS_001,SAP_ERP,ORACLE_SCM,SFTP,Batch,Success,,,,13180,SESS-D9E9C6E3D5,REQ-F85D27AD3355,2026-09-12 09:28:26
EVT-0005194,IF_SAPQM_MESPE_001,SAP_ERP,MES,Kafka,Async,Success,,,,840,SESS-97FA311CBB,REQ-3F7734EBC86F,2026-09-16 12:10:14
EVT-0005202,IF_SAPPROC_ORIM_001,SAP_ERP,ORACLE_SCM,REST_API,REST,Success,,,,2182,SESS-8C32B4FEEF,REQ-A8D5E6A0009A,2026-09-10 21:56:17
EVT-0005209,IF_SAPPP_ORSC_001,SAP_ERP,ORACLE_SCM,Kafka,Async,Success,,,,1775,SESS-CC384C69FF,REQ-2B7749188F2B,2026-09-12 07:21:07
EVT-0005210,IF_SAPPP_ORSC_001,SAP_ERP,ORACLE_SCM,Kafka,Async,Success,,,,1632,SESS-F97E98DD4E,REQ-C3E5EE14E62B,2026-09-10 07:04:21
EVT-0005216,IF_SAPQM_ORWMS_001,SAP_ERP,ORACLE_SCM,Kafka,Async,Success,,,,1889,SESS-6001B48125,REQ-F4FAC7565F58,2026-09-14 18:08:52
EVT-0005217,IF_SAPPROC_ORIM_001,SAP_ERP,ORACLE_SCM,REST_API,REST,Success,,,,1823,SESS-F05FDFC0D1,REQ-6C70689D1853,2026-09-12 18:29:45
EVT-0005223,IF_SAPPP_MESPE_001,SAP_ERP,MES,Kafka,Async,Failed,EXT_502,Downstream service returned 502,External Service,1584,SESS-B10D87AA7F,REQ-29B1CB6F8E79,2026-09-16 09:19:31
EVT-0005224,IF_SAPPP_ORSC_001,SAP_ERP,ORACLE_SCM,Kafka,Async,Success,,,,707,SESS-E4B2FBE474,REQ-A7E9ADF193D0,2026-09-11 07:18:15
EVT-0005226,IF_SAPQM_MESPE_001,SAP_ERP,MES,Kafka,Async,Success,,,,735,SESS-9EEC2841EF,REQ-3D78284457BF,2026-09-12 21:02:05
EVT-0005228,IF_SAPPROC_ORIM_001,SAP_ERP,ORACLE_SCM,REST_API,REST,Retry,EXT_502,Downstream service returned 502,External Service,5864,SESS-BEDCE5BEF6,REQ-1D2F41449CF5,2026-09-16 09:46:46
EVT-0005232,IF_SAPPROC_ORIM_001,SAP_ERP,ORACLE_SCM,REST_API,REST,Success,,,,2178,SESS-111209029B,REQ-1BDB36A42756,2026-09-13 16:31:49
EVT-0005233,IF_SAPPROC_ORIM_001,SAP_ERP,ORACLE_SCM,REST_API,REST,Retry,AUTH_401,Service credential rejected,Authentication,8000,SESS-974DBA5D22,REQ-831EB94760E2,2026-09-14 21:01:34
EVT-0005234,IF_SAPQM_MESPE_001,SAP_ERP,MES,Kafka,Async,Success,,,,1136,SESS-A0D3037B63,REQ-1BB82CD3D628,2026-09-14 21:48:34
EVT-0005235,IF_SAPPP_ORSC_001,SAP_ERP,ORACLE_SCM,Kafka,Async,Retry,VAL_400,Required business field failed validation,Validation,2559,SESS-2854C08D3F,REQ-24EB59581BFC,2026-09-15 05:59:32
EVT-0005236,IF_SAPPROC_ORWMS_001,SAP_ERP,ORACLE_SCM,SFTP,Batch,Success,,,,14108,SESS-C2EDE36380,REQ-79121D0A3402,2026-09-10 06:51:56
EVT-0005241,IF_SAPPROC_ORIM_001,SAP_ERP,ORACLE_SCM,REST_API,REST,Success,,,,2790,SESS-7180D43DBB,REQ-ED17CEFB3802,2026-09-13 15:42:18
EVT-0005242,IF_SAPFIN_HCMPAY_001,SAP_ERP,HCM,SFTP,Batch,Success,,,,15499,SESS-CDDB00270C,REQ-F75E5353304A,2026-09-11 17:13:46
EVT-0005246,IF_SAPPROC_ORIM_001,SAP_ERP,ORACLE_SCM,REST_API,REST,Retry,CFG_017,Interface configuration mismatch,Configuration,4491,SESS-D8EDC1A8DB,REQ-15E33187E6A9,2026-09-10 12:52:05
EVT-0005247,IF_SAPPROC_ORIM_001,SAP_ERP,ORACLE_SCM,REST_API,REST,Success,,,,2308,SESS-3244599DC3,REQ-588C691E8513,2026-09-12 18:31:48
EVT-0005261,IF_SAPQM_ORWMS_001,SAP_ERP,ORACLE_SCM,Kafka,Async,Success,,,,1504,SESS-55F1D318DF,REQ-36A90DEDA0CC,2026-09-14 13:16:22
EVT-0005262,IF_SAPPP_ORSC_001,SAP_ERP,ORACLE_SCM,Kafka,Async,Success,,,,1418,SESS-D44E33C044,REQ-17F548723684,2026-09-10 12:02:48
EVT-0005271,IF_SAPQM_ORWMS_001,SAP_ERP,ORACLE_SCM,Kafka,Async,Success,,,,2398,SESS-5AB3F4334C,REQ-6917F347CAC8,2026-09-12 04:24:01
EVT-0005273,IF_SAPPP_ORSC_001,SAP_ERP,ORACLE_SCM,Kafka,Async,Success,,,,1591,SESS-86505145DB,REQ-3DA65ECFF49F,2026-09-13 18:32:07
EVT-0005274,IF_SAPPROC_ORWMS_001,SAP_ERP,ORACLE_SCM,SFTP,Batch,Success,,,,8579,SESS-0AAB4A4330,REQ-5CD901F0F801,2026-09-16 14:52:01
EVT-0005280,IF_SAPPROC_ORWMS_001,SAP_ERP,ORACLE_SCM,SFTP,Batch,Success,,,,12441,SESS-C887698118,REQ-2640B5E5FA80,2026-09-10 13:43:53
EVT-0005289,IF_SAPPP_MESPE_001,SAP_ERP,MES,Kafka,Async,Retry,AUTHZ_403,Caller is not authorized,Authorization,2413,SESS-110AD1EC24,REQ-8449B79223EA,2026-09-10 21:10:59
EVT-0005294,IF_SAPPROC_ORIM_001,SAP_ERP,ORACLE_SCM,REST_API,REST,Retry,AUTH_401,Service credential rejected,Authentication,7974,SESS-E03CF4CFA4,REQ-9CE359550D2E,2026-09-11 10:48:12
EVT-0005299,IF_SAPPP_MESPE_001,SAP_ERP,MES,Kafka,Async,Success,,,,1054,SESS-D7809D454D,REQ-46AFA02203D5,2026-09-15 17:30:55
EVT-0005302,IF_SAPFIN_HCMPAY_001,SAP_ERP,HCM,SFTP,Batch,Retry,VAL_400,Required business field failed validation,Validation,21968,SESS-C0CA028B5F,REQ-4CD095E962A4,2026-09-14 13:28:23
EVT-0005303,IF_SAPQM_ORWMS_001,SAP_ERP,ORACLE_SCM,Kafka,Async,Success,,,,2082,SESS-E2D25A471F,REQ-52F5A729BF1C,2026-09-14 04:48:04
EVT-0005309,IF_SAPPROC_ORIM_001,SAP_ERP,ORACLE_SCM,REST_API,REST,Success,,,,2779,SESS-5084F42A7A,REQ-08528C06106A,2026-09-14 10:55:27
EVT-0005310,IF_SAPQM_MESPE_001,SAP_ERP,MES,Kafka,Async,Success,,,,660,SESS-7AD107120C,REQ-0FD5E0992E44,2026-09-15 06:12:39
EVT-0005311,IF_SAPFIN_HCMPAY_001,SAP_ERP,HCM,SFTP,Batch,Retry,DB_COMMIT_014,Transaction commit failed,Database,47410,SESS-55719DCB1D,REQ-F8F83D5012F2,2026-09-12 18:09:46
EVT-0005312,IF_SAPPROC_ORWMS_001,SAP_ERP,ORACLE_SCM,SFTP,Batch,Success,,,,15680,SESS-D9D9596637,REQ-834B61EB367B,2026-09-12 08:08:11
EVT-0005318,IF_SAPPP_MESPE_001,SAP_ERP,MES,Kafka,Async,Success,,,,828,SESS-BD0D486059,REQ-CB68F1B0B1C5,2026-09-16 13:43:44
EVT-0005319,IF_SAPQM_ORWMS_001,SAP_ERP,ORACLE_SCM,Kafka,Async,Success,,,,2468,SESS-0A6768AC18,REQ-336BF74EE508,2026-09-14 14:08:57
EVT-0005320,IF_SAPQM_MESPE_001,SAP_ERP,MES,Kafka,Async,Success,,,,750,SESS-A3AF50322A,REQ-3C3A265AEF4E,2026-09-12 17:29:37
EVT-0005326,IF_SAPPROC_ORWMS_001,SAP_ERP,ORACLE_SCM,SFTP,Batch,Success,,,,20203,SESS-C3DE63A0C4,REQ-C51665202F37,2026-09-12 02:13:36
EVT-0005329,IF_SAPQM_MESPE_001,SAP_ERP,MES,Kafka,Async,Success,,,,918,SESS-E4AD1BC097,REQ-CC3CDF9FA71A,2026-09-13 21:30:56
EVT-0005331,IF_SAPFIN_HCMPAY_001,SAP_ERP,HCM,SFTP,Batch,Failed,TIME_004,Downstream response exceeded SLA,Timeout,22342,SESS-E46CA9079B,REQ-CDCB4F5A0628,2026-09-14 16:10:22
EVT-0005337,IF_SAPQM_ORWMS_001,SAP_ERP,ORACLE_SCM,Kafka,Async,Success,,,,2770,SESS-6C72E002AA,REQ-D0782782223D,2026-09-14 18:18:25
EVT-0005345,IF_SAPPROC_ORWMS_001,SAP_ERP,ORACLE_SCM,SFTP,Batch,Success,,,,12308,SESS-51D5B1A3F3,REQ-CE692777D574,2026-09-15 12:28:52
EVT-0005347,IF_SAPFIN_HCMPAY_001,SAP_ERP,HCM,SFTP,Batch,Success,,,,10178,SESS-FDA27B486C,REQ-FD6F1BEA5EBD,2026-09-11 14:18:10
EVT-0005348,IF_SAPQM_ORWMS_001,SAP_ERP,ORACLE_SCM,Kafka,Async,Success,,,,1761,SESS-636FD974E1,REQ-ECFEF4F82798,2026-09-11 06:03:58
EVT-0005350,IF_SAPPROC_ORIM_001,SAP_ERP,ORACLE_SCM,REST_API,REST,Success,,,,2186,SESS-048C50FBD9,REQ-E41D64891817,2026-09-10 18:38:20
EVT-0005358,IF_SAPFIN_HCMPAY_001,SAP_ERP,HCM,SFTP,Batch,Success,,,,15013,SESS-1E992F8629,REQ-67B654521F30,2026-09-13 13:26:15
EVT-0005359,IF_SAPPROC_ORIM_001,SAP_ERP,ORACLE_SCM,REST_API,REST,Success,,,,3160,SESS-44B205E528,REQ-CEF2F34B21F6,2026-09-16 17:33:15
EVT-0005362,IF_SAPQM_MESPE_001,SAP_ERP,MES,Kafka,Async,Success,,,,893,SESS-C21EC0FAF2,REQ-87E06538EF21,2026-09-16 23:10:39
EVT-0005363,IF_SAPPROC_ORIM_001,SAP_ERP,ORACLE_SCM,REST_API,REST,Success,,,,2031,SESS-1A6FDD6F39,REQ-404BB974CD55,2026-09-13 12:57:27
EVT-0005365,IF_SAPFIN_HCMPAY_001,SAP_ERP,HCM,SFTP,Batch,Success,,,,13058,SESS-650F492B39,REQ-54C46F0C0F89,2026-09-15 20:21:22
EVT-0005367,IF_SAPPP_MESPE_001,SAP_ERP,MES,Kafka,Async,Success,,,,584,SESS-7AF74B7D74,REQ-BA626B6F2C47,2026-09-15 22:21:39
EVT-0005372,IF_SAPPP_MESPE_001,SAP_ERP,MES,Kafka,Async,Success,,,,871,SESS-0E721AD500,REQ-38A5546D1FA8,2026-09-15 07:02:08
EVT-0005373,IF_SAPPP_ORSC_001,SAP_ERP,ORACLE_SCM,Kafka,Async,Success,,,,1493,SESS-E523C46766,REQ-4C54BE3E7EBB,2026-09-13 04:03:06
EVT-0005379,IF_SAPPROC_ORWMS_001,SAP_ERP,ORACLE_SCM,SFTP,Batch,Success,,,,11065,SESS-3F5901E5BE,REQ-543FEE862419,2026-09-15 00:01:19
EVT-0005380,IF_SAPPP_MESPE_001,SAP_ERP,MES,Kafka,Async,Success,,,,1067,SESS-4E4B704599,REQ-B4ABCFAB980F,2026-09-15 02:39:31
EVT-0005381,IF_SAPPP_ORSC_001,SAP_ERP,ORACLE_SCM,Kafka,Async,Retry,VAL_400,Required business field failed validation,Validation,5248,SESS-A8EBCBAF7E,REQ-8332DF44BECB,2026-09-10 21:39:47
EVT-0005382,IF_SAPPP_MESPE_001,SAP_ERP,MES,Kafka,Async,Success,,,,949,SESS-3EF5429F0A,REQ-B1524FD61EF4,2026-09-12 17:26:22
EVT-0005385,IF_SAPPROC_ORIM_001,SAP_ERP,ORACLE_SCM,REST_API,REST,Success,,,,2594,SESS-68B423919C,REQ-B04BADC93FCD,2026-09-16 23:18:06
EVT-0005386,IF_SAPPROC_ORIM_001,SAP_ERP,ORACLE_SCM,REST_API,REST,Success,,,,2072,SESS-EB7E26F2E3,REQ-45122FE82B2C,2026-09-15 01:01:12
EVT-0005391,IF_SAPPROC_ORWMS_001,SAP_ERP,ORACLE_SCM,SFTP,Batch,Success,,,,7336,SESS-66923940DD,REQ-2C36124BAAAC,2026-09-10 13:50:28
EVT-0005395,IF_SAPQM_MESPE_001,SAP_ERP,MES,Kafka,Async,Success,,,,720,SESS-FF6B4132C7,REQ-30F4285467B6,2026-09-11 20:34:29
EVT-0005410,IF_SAPQM_ORWMS_001,SAP_ERP,ORACLE_SCM,Kafka,Async,Success,,,,1678,SESS-1552545BD6,REQ-2F14567834C7,2026-09-15 11:02:43
EVT-0005413,IF_SAPPROC_ORIM_001,SAP_ERP,ORACLE_SCM,REST_API,REST,Success,,,,2178,SESS-5FCBE4F008,REQ-E8D85452CD92,2026-09-13 17:33:48
EVT-0005422,IF_SAPQM_MESPE_001,SAP_ERP,MES,Kafka,Async,Success,,,,1015,SESS-0C54B119A5,REQ-7E1B7AFE3D8F,2026-09-16 01:46:18
EVT-0005426,IF_SAPPP_ORSC_001,SAP_ERP,ORACLE_SCM,Kafka,Async,Retry,AUTHZ_403,Caller is not authorized,Authorization,5119,SESS-635ABC5ED0,REQ-088AB157B2D4,2026-09-15 00:21:56
EVT-0005430,IF_SAPFIN_HCMPAY_001,SAP_ERP,HCM,SFTP,Batch,Success,,,,13024,SESS-A5F29E0C4E,REQ-D2677EB78F18,2026-09-10 18:19:26
EVT-0005444,IF_SAPPP_ORSC_001,SAP_ERP,ORACLE_SCM,Kafka,Async,Failed,INFRA_008,Runtime node unavailable,Infrastructure,5792,SESS-770AADD481,REQ-DD77E8E6601B,2026-09-10 10:15:46
EVT-0005445,IF_SAPPP_ORSC_001,SAP_ERP,ORACLE_SCM,Kafka,Async,Success,,,,1441,SESS-7BCD2C68A1,REQ-4B780E501BC6,2026-09-14 02:15:06
EVT-0005446,IF_SAPPROC_ORIM_001,SAP_ERP,ORACLE_SCM,REST_API,REST,Success,,,,1707,SESS-B52FC382A7,REQ-7A47B2493D1B,2026-09-13 10:11:35
EVT-0005451,IF_SAPPP_MESPE_001,SAP_ERP,MES,Kafka,Async,Success,,,,960,SESS-EA72C375D9,REQ-CF9C93172371,2026-09-13 10:35:50
EVT-0005454,IF_SAPFIN_HCMPAY_001,SAP_ERP,HCM,SFTP,Batch,Success,,,,13036,SESS-5E30FC14AB,REQ-770E0D5B2134,2026-09-13 12:11:26
EVT-0005459,IF_SAPPP_MESPE_001,SAP_ERP,MES,Kafka,Async,Success,,,,1002,SESS-A897B65FEE,REQ-BEC9D606D1E7,2026-09-16 20:50:13
EVT-0005469,IF_SAPQM_ORWMS_001,SAP_ERP,ORACLE_SCM,Kafka,Async,Success,,,,2802,SESS-4ECC619054,REQ-CB46C12218F9,2026-09-12 07:32:09
EVT-0005470,IF_SAPQM_ORWMS_001,SAP_ERP,ORACLE_SCM,Kafka,Async,Success,,,,3010,SESS-3368E4FFF8,REQ-839CEFC88353,2026-09-10 18:21:29
EVT-0005475,IF_SAPPP_MESPE_001,SAP_ERP,MES,Kafka,Async,Success,,,,500,SESS-0D24966848,REQ-927D4A2F6B11,2026-09-13 19:26:18
EVT-0005482,IF_SAPPP_MESPE_001,SAP_ERP,MES,Kafka,Async,Failed,CFG_017,Interface configuration mismatch,Configuration,6152,SESS-D134E63B08,REQ-E73F3B546A25,2026-09-14 18:29:15
EVT-0005484,IF_SAPQM_MESPE_001,SAP_ERP,MES,Kafka,Async,Success,,,,877,SESS-407ED1574D,REQ-F1DFDF947FC6,2026-09-13 19:58:57
EVT-0005485,IF_SAPFIN_HCMPAY_001,SAP_ERP,HCM,SFTP,Batch,Success,,,,11837,SESS-5AC8186F5A,REQ-4600EFE25DBD,2026-09-16 13:50:32
EVT-0005487,IF_SAPQM_MESPE_001,SAP_ERP,MES,Kafka,Async,Success,,,,823,SESS-8CDA7EB4EB,REQ-24E6257E22DF,2026-09-13 09:08:22
EVT-0005488,IF_SAPPROC_ORWMS_001,SAP_ERP,ORACLE_SCM,SFTP,Batch,Success,,,,12399,SESS-6A4A47406D,REQ-C612446FD7C0,2026-09-12 04:09:07
EVT-0005499,IF_SAPQM_ORWMS_001,SAP_ERP,ORACLE_SCM,Kafka,Async,Success,,,,2325,SESS-8C408F2EAE,REQ-74BA6F42C39E,2026-09-12 20:04:41
EVT-0005501,IF_SAPQM_ORWMS_001,SAP_ERP,ORACLE_SCM,Kafka,Async,Success,,,,2790,SESS-E370B8403E,REQ-B4C5BEFF75DB,2026-09-15 17:15:48
EVT-0005508,IF_SAPPROC_ORIM_001,SAP_ERP,ORACLE_SCM,REST_API,REST,Retry,CFG_017,Interface configuration mismatch,Configuration,5855,SESS-A76A407F40,REQ-F7342652F607,2026-09-15 06:48:02
EVT-0005511,IF_SAPQM_MESPE_001,SAP_ERP,MES,Kafka,Async,Retry,TIME_004,Downstream response exceeded SLA,Timeout,2812,SESS-5BBCF58F02,REQ-440C0FA09B58,2026-09-13 04:23:49
EVT-0005513,IF_SAPFIN_HCMPAY_001,SAP_ERP,HCM,SFTP,Batch,Success,,,,14791,SESS-18FA686140,REQ-9EC3041C1B66,2026-09-12 09:00:16
EVT-0005515,IF_SAPPROC_ORWMS_001,SAP_ERP,ORACLE_SCM,SFTP,Batch,Retry,AUTH_401,Service credential rejected,Authentication,26824,SESS-A98750A068,REQ-A9572CB0F61B,2026-09-15 21:48:57
EVT-0005516,IF_SAPQM_ORWMS_001,SAP_ERP,ORACLE_SCM,Kafka,Async,Success,,,,2571,SESS-BE9169B5D6,REQ-CD48A97169F4,2026-09-12 13:46:42
EVT-0005517,IF_SAPPP_MESPE_001,SAP_ERP,MES,Kafka,Async,Success,,,,753,SESS-74EF7C52D9,REQ-FC4DCECBA5F5,2026-09-13 03:14:34
EVT-0005519,IF_SAPPP_MESPE_001,SAP_ERP,MES,Kafka,Async,Success,,,,330,SESS-DF86B1CA2F,REQ-F36ED9FFE670,2026-09-12 14:22:13
EVT-0005522,IF_SAPPP_MESPE_001,SAP_ERP,MES,Kafka,Async,Success,,,,850,SESS-E98DF8330E,REQ-728EBF06B755,2026-09-12 23:04:47
EVT-0005532,IF_SAPPP_ORSC_001,SAP_ERP,ORACLE_SCM,Kafka,Async,Success,,,,878,SESS-607A6525C1,REQ-165061C412D3,2026-09-15 12:43:12
EVT-0005533,IF_SAPFIN_HCMPAY_001,SAP_ERP,HCM,SFTP,Batch,Failed,CAP_003,Downstream service is at capacity,Capacity,20740,SESS-AB305F52EA,REQ-C93B8A793472,2026-09-15 12:54:46
EVT-0005539,IF_SAPPP_ORSC_001,SAP_ERP,ORACLE_SCM,Kafka,Async,Retry,CAP_003,Downstream service is at capacity,Capacity,3381,SESS-D707A570C1,REQ-91FF3641BEA3,2026-09-16 19:24:38
EVT-0005543,IF_SAPQM_ORWMS_001,SAP_ERP,ORACLE_SCM,Kafka,Async,Success,,,,2134,SESS-9A22F962C1,REQ-1E0707271961,2026-09-14 17:52:53
EVT-0005556,IF_SAPQM_ORWMS_001,SAP_ERP,ORACLE_SCM,Kafka,Async,Retry,INFRA_008,Runtime node unavailable,Infrastructure,5239,SESS-32E9F171DD,REQ-6140D88F6981,2026-09-16 21:32:56
EVT-0005558,IF_SAPQM_MESPE_001,SAP_ERP,MES,Kafka,Async,Success,,,,949,SESS-13B4BFCD2B,REQ-FDC1774B3AFA,2026-09-16 19:35:19
EVT-0005565,IF_SAPPP_ORSC_001,SAP_ERP,ORACLE_SCM,Kafka,Async,Success,,,,1326,SESS-549FAE4805,REQ-7D144EFED82F,2026-09-15 23:01:12
EVT-0005568,IF_SAPQM_MESPE_001,SAP_ERP,MES,Kafka,Async,Success,,,,961,SESS-981FAF6EB5,REQ-E9CD2C494800,2026-09-16 04:32:08
EVT-0005574,IF_SAPPROC_ORIM_001,SAP_ERP,ORACLE_SCM,REST_API,REST,Success,,,,2652,SESS-113271D3DA,REQ-CEE2A8D891C8,2026-09-11 16:23:49
EVT-0005582,IF_SAPQM_ORWMS_001,SAP_ERP,ORACLE_SCM,Kafka,Async,Success,,,,2494,SESS-6FE2652252,REQ-34FF383E7E79,2026-09-12 20:16:53
EVT-0005584,IF_SAPPP_MESPE_001,SAP_ERP,MES,Kafka,Async,Success,,,,714,SESS-F5A40122CB,REQ-2FD4B590253D,2026-09-13 00:52:39
EVT-0005588,IF_SAPPROC_ORIM_001,SAP_ERP,ORACLE_SCM,REST_API,REST,Success,,,,1937,SESS-6A60EC89C6,REQ-0F0F3C382EF1,2026-09-14 18:40:57
EVT-0005591,IF_SAPPP_MESPE_001,SAP_ERP,MES,Kafka,Async,Success,,,,778,SESS-D198AAD4F5,REQ-25929CB3762B,2026-09-12 00:09:36
EVT-0005596,IF_SAPPP_MESPE_001,SAP_ERP,MES,Kafka,Async,Success,,,,1115,SESS-286E58FE7C,REQ-B9A99F0C93CA,2026-09-10 16:23:35
EVT-0005598,IF_SAPQM_MESPE_001,SAP_ERP,MES,Kafka,Async,Success,,,,777,SESS-13D6A92FA4,REQ-110584FA621C,2026-09-15 10:33:31
EVT-0005600,IF_SAPPP_MESPE_001,SAP_ERP,MES,Kafka,Async,Failed,INFRA_008,Runtime node unavailable,Infrastructure,3869,SESS-58762DCB7D,REQ-3F931C950267,2026-09-13 03:42:20
EVT-0005601,IF_SAPPP_MESPE_001,SAP_ERP,MES,Kafka,Async,Success,,,,648,SESS-70AE0FE267,REQ-FBCEC95517E9,2026-09-11 05:33:41
EVT-0005602,IF_SAPPROC_ORIM_001,SAP_ERP,ORACLE_SCM,REST_API,REST,Success,,,,2363,SESS-5ACF154A95,REQ-7F0124A0A1E0,2026-09-14 01:18:04
EVT-0005603,IF_SAPQM_ORWMS_001,SAP_ERP,ORACLE_SCM,Kafka,Async,Success,,,,2391,SESS-A8F370205D,REQ-85F41BE42527,2026-09-14 17:01:50
EVT-0005621,IF_SAPQM_ORWMS_001,SAP_ERP,ORACLE_SCM,Kafka,Async,Success,,,,2040,SESS-67766BC77E,REQ-93A5F79CCCE3,2026-09-13 22:34:40
EVT-0005626,IF_SAPPP_ORSC_001,SAP_ERP,ORACLE_SCM,Kafka,Async,Success,,,,1600,SESS-F122A36F54,REQ-B3FBFF1166C3,2026-09-15 16:56:58
EVT-0005635,IF_SAPQM_MESPE_001,SAP_ERP,MES,Kafka,Async,Success,,,,894,SESS-6F4162EDFC,REQ-2EE3A573F850,2026-09-14 06:36:08
EVT-0005639,IF_SAPPP_MESPE_001,SAP_ERP,MES,Kafka,Async,Retry,TIME_004,Downstream response exceeded SLA,Timeout,2261,SESS-11C4044DF4,REQ-740FA887C84D,2026-09-12 02:32:42
EVT-0005647,IF_SAPQM_ORWMS_001,SAP_ERP,ORACLE_SCM,Kafka,Async,Retry,EXT_502,Downstream service returned 502,External Service,4931,SESS-369090A571,REQ-1DF1BB11A9EB,2026-09-10 11:51:53
EVT-0005648,IF_SAPPROC_ORIM_001,SAP_ERP,ORACLE_SCM,REST_API,REST,Success,,,,2081,SESS-52E3FB2123,REQ-825D2BA0CC67,2026-09-14 06:10:51
EVT-0005661,IF_SAPPP_ORSC_001,SAP_ERP,ORACLE_SCM,Kafka,Async,Success,,,,1114,SESS-4B4E90FE8C,REQ-BFD2C0662620,2026-09-10 05:33:33
EVT-0005665,IF_SAPPP_ORSC_001,SAP_ERP,ORACLE_SCM,Kafka,Async,Success,,,,1304,SESS-87A6EFCB52,REQ-6EA1D48B885A,2026-09-10 16:04:27
EVT-0005670,IF_SAPQM_MESPE_001,SAP_ERP,MES,Kafka,Async,Success,,,,851,SESS-2A7B3C9905,REQ-DDBBEF4FEDD1,2026-09-11 23:32:39
EVT-0005681,IF_SAPPROC_ORIM_001,SAP_ERP,ORACLE_SCM,REST_API,REST,Success,,,,1245,SESS-C22DC9E91A,REQ-A413316A278C,2026-09-14 14:02:13
EVT-0005685,IF_SAPPROC_ORIM_001,SAP_ERP,ORACLE_SCM,REST_API,REST,Success,,,,2733,SESS-86E44C5AA3,REQ-7FAF72EE2E04,2026-09-14 01:49:36
EVT-0005688,IF_SAPPP_ORSC_001,SAP_ERP,ORACLE_SCM,Kafka,Async,Retry,CAP_003,Downstream service is at capacity,Capacity,4658,SESS-4C2CA94C87,REQ-FE0D98E86726,2026-09-14 18:57:14
EVT-0005690,IF_SAPQM_MESPE_001,SAP_ERP,MES,Kafka,Async,Success,,,,827,SESS-72777130C6,REQ-B3D1898C1F86,2026-09-12 09:01:13
EVT-0005696,IF_SAPPP_MESPE_001,SAP_ERP,MES,Kafka,Async,Success,,,,954,SESS-CFC699783E,REQ-9B8A85AEC8BD,2026-09-14 01:12:37
EVT-0005716,IF_SAPQM_ORWMS_001,SAP_ERP,ORACLE_SCM,Kafka,Async,Success,,,,2674,SESS-3A161605B5,REQ-FE555A6D0F02,2026-09-11 21:54:23
EVT-0005722,IF_SAPPP_ORSC_001,SAP_ERP,ORACLE_SCM,Kafka,Async,Success,,,,1717,SESS-18B7C99321,REQ-21188F0A8933,2026-09-13 04:46:31
EVT-0005723,IF_SAPQM_MESPE_001,SAP_ERP,MES,Kafka,Async,Success,,,,889,SESS-FD3E0F1CD0,REQ-8B04DF95FB13,2026-09-15 00:29:08
EVT-0005730,IF_SAPFIN_HCMPAY_001,SAP_ERP,HCM,SFTP,Batch,Success,,,,12783,SESS-630981EFC2,REQ-0B3EDDAF2D36,2026-09-12 22:11:05
EVT-0005731,IF_SAPQM_MESPE_001,SAP_ERP,MES,Kafka,Async,Success,,,,580,SESS-BE5CF65576,REQ-1F7F15CEB62E,2026-09-10 18:01:20
EVT-0005732,IF_SAPQM_ORWMS_001,SAP_ERP,ORACLE_SCM,Kafka,Async,Retry,EXT_502,Downstream service returned 502,External Service,6680,SESS-72C2EB04F1,REQ-7ACAB30FED96,2026-09-16 07:19:43
EVT-0005735,IF_SAPPROC_ORWMS_001,SAP_ERP,ORACLE_SCM,SFTP,Batch,Success,,,,10128,SESS-606BCD0E4E,REQ-8BF1F41CB174,2026-09-11 10:28:54
EVT-0005742,IF_SAPFIN_HCMPAY_001,SAP_ERP,HCM,SFTP,Batch,Success,,,,12940,SESS-7AB20133D3,REQ-80A4560EA40D,2026-09-12 20:49:37
EVT-0005747,IF_SAPFIN_HCMPAY_001,SAP_ERP,HCM,SFTP,Batch,Success,,,,12455,SESS-1D0ED442C0,REQ-0E2AFF34FB4B,2026-09-11 11:50:45
EVT-0005756,IF_SAPQM_MESPE_001,SAP_ERP,MES,Kafka,Async,Success,,,,1337,SESS-8CE81731C6,REQ-1BC3ED86AD04,2026-09-10 21:47:53
EVT-0005758,IF_SAPPROC_ORWMS_001,SAP_ERP,ORACLE_SCM,SFTP,Batch,Success,,,,18116,SESS-49D5CC3F82,REQ-85AD5F066591,2026-09-10 23:05:08
EVT-0005760,IF_SAPFIN_HCMPAY_001,SAP_ERP,HCM,SFTP,Batch,Success,,,,13604,SESS-80E5501037,REQ-4A75B5B31277,2026-09-12 03:51:10
EVT-0005766,IF_SAPPROC_ORIM_001,SAP_ERP,ORACLE_SCM,REST_API,REST,Success,,,,2762,SESS-51CBC3B730,REQ-121C3BE648D9,2026-09-15 10:41:58
EVT-0005771,IF_SAPPROC_ORIM_001,SAP_ERP,ORACLE_SCM,REST_API,REST,Success,,,,2065,SESS-16E111054C,REQ-2963821A6AEC,2026-09-11 18:13:45
EVT-0005795,IF_SAPPP_MESPE_001,SAP_ERP,MES,Kafka,Async,Success,,,,812,SESS-0414410483,REQ-F181025A399E,2026-09-10 07:35:55
EVT-0005799,IF_SAPQM_ORWMS_001,SAP_ERP,ORACLE_SCM,Kafka,Async,Success,,,,1872,SESS-B7F66C541B,REQ-CBA98224E58D,2026-09-13 12:34:05
EVT-0005805,IF_SAPQM_ORWMS_001,SAP_ERP,ORACLE_SCM,Kafka,Async,Success,,,,2454,SESS-5E63F2F7F5,REQ-E25EDD2DBCC6,2026-09-13 11:35:04
EVT-0005812,IF_SAPPROC_ORWMS_001,SAP_ERP,ORACLE_SCM,SFTP,Batch,Success,,,,13496,SESS-2434A8AA05,REQ-20CCBB71A5A3,2026-09-14 17:58:20
EVT-0005825,IF_SAPQM_ORWMS_001,SAP_ERP,ORACLE_SCM,Kafka,Async,Retry,TIME_004,Downstream response exceeded SLA,Timeout,5054,SESS-746470E761,REQ-E5776130A82B,2026-09-14 22:54:16
EVT-0005828,IF_SAPPP_ORSC_001,SAP_ERP,ORACLE_SCM,Kafka,Async,Retry,CAP_003,Downstream service is at capacity,Capacity,3128,SESS-4DDB498029,REQ-1AAC8C60AEDF,2026-09-16 23:32:34
EVT-0005838,IF_SAPPP_MESPE_001,SAP_ERP,MES,Kafka,Async,Success,,,,970,SESS-63C977E5D2,REQ-90AF48F4ADAE,2026-09-16 01:17:58
EVT-0005839,IF_SAPQM_MESPE_001,SAP_ERP,MES,Kafka,Async,Success,,,,884,SESS-45B0016917,REQ-6A64178AA99E,2026-09-14 21:06:33
EVT-0005844,IF_SAPQM_ORWMS_001,SAP_ERP,ORACLE_SCM,Kafka,Async,Success,,,,1761,SESS-B53A2F2B91,REQ-86A318AFE138,2026-09-10 03:18:55
EVT-0005858,IF_SAPQM_ORWMS_001,SAP_ERP,ORACLE_SCM,Kafka,Async,Success,,,,1920,SESS-BB0C85D14A,REQ-6D6AF143B2E0,2026-09-11 17:55:59
EVT-0005859,IF_SAPPROC_ORWMS_001,SAP_ERP,ORACLE_SCM,SFTP,Batch,Failed,CFG_017,Interface configuration mismatch,Configuration,102708,SESS-FC177A1613,REQ-15F9162C2905,2026-09-16 18:42:07
EVT-0005861,IF_SAPPP_ORSC_001,SAP_ERP,ORACLE_SCM,Kafka,Async,Success,,,,1214,SESS-768EE1BA22,REQ-D8BC1641343C,2026-09-14 08:11:40
EVT-0005862,IF_SAPFIN_HCMPAY_001,SAP_ERP,HCM,SFTP,Batch,Success,,,,9822,SESS-7AD8AB67D3,REQ-180015A452F0,2026-09-14 01:51:57
EVT-0005866,IF_SAPPROC_ORIM_001,SAP_ERP,ORACLE_SCM,REST_API,REST,Success,,,,2336,SESS-0A25B97740,REQ-C78A39ED1AA5,2026-09-15 03:00:15
EVT-0005875,IF_SAPPP_MESPE_001,SAP_ERP,MES,Kafka,Async,Success,,,,840,SESS-9720A51993,REQ-F559393437E8,2026-09-13 19:23:12
EVT-0005878,IF_SAPFIN_HCMPAY_001,SAP_ERP,HCM,SFTP,Batch,Success,,,,16344,SESS-99CC0FBFC9,REQ-F6FAB5E8AEFB,2026-09-12 22:11:48
EVT-0005880,IF_SAPPP_ORSC_001,SAP_ERP,ORACLE_SCM,Kafka,Async,Success,,,,1694,SESS-D9A59148D7,REQ-F8E8D28755C1,2026-09-12 14:08:56
EVT-0005887,IF_SAPPP_MESPE_001,SAP_ERP,MES,Kafka,Async,Success,,,,1193,SESS-B431BE551F,REQ-DC8441CCDA02,2026-09-11 02:24:04
EVT-0005891,IF_SAPQM_MESPE_001,SAP_ERP,MES,Kafka,Async,Success,,,,581,SESS-09CCDAF1F8,REQ-1CCA837E6CB6,2026-09-14 11:36:28
EVT-0005892,IF_SAPPP_MESPE_001,SAP_ERP,MES,Kafka,Async,Retry,NET_CONN_003,Connection reset by peer,Network,2876,SESS-1687A57E06,REQ-705FD3ED2C86,2026-09-13 10:41:29
EVT-0005912,IF_SAPPROC_ORIM_001,SAP_ERP,ORACLE_SCM,REST_API,REST,Success,,,,2852,SESS-F35687DA6B,REQ-3D5FD49F19EF,2026-09-16 01:41:38
EVT-0005913,IF_SAPQM_MESPE_001,SAP_ERP,MES,Kafka,Async,Success,,,,867,SESS-334A57B696,REQ-8DF23D199BB6,2026-09-13 23:52:24
EVT-0005916,IF_SAPPROC_ORIM_001,SAP_ERP,ORACLE_SCM,REST_API,REST,Success,,,,3431,SESS-58F2FC6454,REQ-696B785628C2,2026-09-12 06:23:06
EVT-0005923,IF_SAPQM_ORWMS_001,SAP_ERP,ORACLE_SCM,Kafka,Async,Success,,,,2102,SESS-CCE654F43E,REQ-B8F16110F41E,2026-09-15 12:31:27
EVT-0005927,IF_SAPQM_ORWMS_001,SAP_ERP,ORACLE_SCM,Kafka,Async,Success,,,,2276,SESS-8166EFEDE2,REQ-2023DDC3E1AB,2026-09-12 06:35:23
EVT-0005928,IF_SAPPP_ORSC_001,SAP_ERP,ORACLE_SCM,Kafka,Async,Success,,,,673,SESS-954665BF09,REQ-8D35CBD1EC2A,2026-09-14 00:37:55
EVT-0005929,IF_SAPPROC_ORWMS_001,SAP_ERP,ORACLE_SCM,SFTP,Batch,Success,,,,14754,SESS-1757A43E18,REQ-CA5618BE5875,2026-09-16 15:15:05
EVT-0005932,IF_SAPPP_MESPE_001,SAP_ERP,MES,Kafka,Async,Retry,NET_CONN_003,Connection reset by peer,Network,1709,SESS-59552BA77B,REQ-1DCA742422C2,2026-09-14 06:27:54
EVT-0005933,IF_SAPQM_MESPE_001,SAP_ERP,MES,Kafka,Async,Success,,,,753,SESS-B80D088498,REQ-6AEFE822DB7B,2026-09-10 04:53:24
EVT-0005934,IF_SAPPP_ORSC_001,SAP_ERP,ORACLE_SCM,Kafka,Async,Success,,,,1985,SESS-044DAACF20,REQ-2EEC7E2FEFFC,2026-09-11 12:41:36
EVT-0005938,IF_SAPQM_ORWMS_001,SAP_ERP,ORACLE_SCM,Kafka,Async,Success,,,,1961,SESS-304F31F12D,REQ-F58AD6FA026D,2026-09-10 14:54:16
EVT-0005942,IF_SAPPROC_ORIM_001,SAP_ERP,ORACLE_SCM,REST_API,REST,Success,,,,2188,SESS-FAEC7D4678,REQ-6549A1BBBB63,2026-09-15 21:45:18
EVT-0005947,IF_SAPQM_MESPE_001,SAP_ERP,MES,Kafka,Async,Success,,,,1319,SESS-CAF1D9462B,REQ-D2533410CDB4,2026-09-13 19:30:32
EVT-0005953,IF_SAPPROC_ORWMS_001,SAP_ERP,ORACLE_SCM,SFTP,Batch,Success,,,,14158,SESS-C3BCBFB2C6,REQ-192E511F30A4,2026-09-10 15:19:55
EVT-0005954,IF_SAPPP_ORSC_001,SAP_ERP,ORACLE_SCM,Kafka,Async,Success,,,,1220,SESS-A74E37BC07,REQ-5097D9F70E2F,2026-09-16 04:27:03
EVT-0005961,IF_SAPPROC_ORIM_001,SAP_ERP,ORACLE_SCM,REST_API,REST,Success,,,,1664,SESS-436DE1D42E,REQ-C4D3D5B14B36,2026-09-13 17:19:03
EVT-0005963,IF_SAPPP_ORSC_001,SAP_ERP,ORACLE_SCM,Kafka,Async,Success,,,,1434,SESS-DA1FB5477D,REQ-1C99C2F391FF,2026-09-11 09:51:16
EVT-0005968,IF_SAPFIN_HCMPAY_001,SAP_ERP,HCM,SFTP,Batch,Success,,,,9844,SESS-0F061C5779,REQ-B34C5701C5BC,2026-09-12 04:32:16
EVT-0005969,IF_SAPQM_ORWMS_001,SAP_ERP,ORACLE_SCM,Kafka,Async,Success,,,,2129,SESS-4536165412,REQ-42FC10F14EEF,2026-09-16 06:40:10
EVT-0005971,IF_SAPQM_MESPE_001,SAP_ERP,MES,Kafka,Async,Success,,,,1177,SESS-4514682F51,REQ-E2A21E6C4A64,2026-09-11 17:10:43
EVT-0005974,IF_SAPPROC_ORIM_001,SAP_ERP,ORACLE_SCM,REST_API,REST,Success,,,,2590,SESS-217EB8DF72,REQ-5F990FC98EC7,2026-09-11 02:05:55
EVT-0005976,IF_SAPQM_MESPE_001,SAP_ERP,MES,Kafka,Async,Success,,,,996,SESS-C5CF59CA07,REQ-1582CBB5B2E9,2026-09-13 07:09:16
EVT-0005981,IF_SAPPP_ORSC_001,SAP_ERP,ORACLE_SCM,Kafka,Async,Success,,,,962,SESS-0498E1D6F2,REQ-D0C89FC94359,2026-09-14 18:30:02
EVT-0005984,IF_SAPPP_MESPE_001,SAP_ERP,MES,Kafka,Async,Retry,AUTHZ_403,Caller is not authorized,Authorization,3432,SESS-FDEA8659DA,REQ-71AB5CA5EFB4,2026-09-13 18:59:49
EVT-0005986,IF_SAPPP_MESPE_001,SAP_ERP,MES,Kafka,Async,Success,,,,776,SESS-576A542874,REQ-46BD9F84838F,2026-09-15 19:25:45
EVT-0005987,IF_SAPPROC_ORWMS_001,SAP_ERP,ORACLE_SCM,SFTP,Batch,Success,,,,15799,SESS-DB6A05134B,REQ-B8A749D07A96,2026-09-16 01:00:01
EVT-0005995,IF_SAPFIN_HCMPAY_001,SAP_ERP,HCM,SFTP,Batch,Success,,,,15734,SESS-7882FD9AD5,REQ-AD02D3B3D710,2026-09-12 06:21:47
EVT-0005999,IF_SAPPROC_ORWMS_001,SAP_ERP,ORACLE_SCM,SFTP,Batch,Success,,,,13926,SESS-55D3322BEA,REQ-9E4A86F6F33F,2026-09-13 05:43:48
