EventID,InterfaceID,SourceSystem,TargetSystem,Middleware,Pattern,Status,ErrorCode,ErrorText,RootCauseClass,Latency_ms,SessionID,RequestID,Timestamp
EVT-0000033,IF_MESPC_PLMPD_001,MES,PLM,REST_API,REST,Success,,,,7285,SESS-C88AC6FA49,REQ-EBB5FA57F6B7,2026-09-16 15:32:02
EVT-0000035,IF_MESPE_SAPPP_001,MES,SAP_ERP,Kafka,Async,Success,,,,1104,SESS-5ABE8E6F2B,REQ-6911C43DF356,2026-09-13 20:46:46
EVT-0000042,IF_MESYM_SAPQM_001,MES,SAP_ERP,Kafka,Async,Retry,CFG_017,Interface configuration mismatch,Configuration,2822,SESS-8EC2FD9DE8,REQ-5EE616ADCC56,2026-09-10 05:09:11
EVT-0000051,IF_MESPE_ORSC_001,MES,ORACLE_SCM,Kafka,Async,Retry,NET_CONN_003,Connection reset by peer,Network,8245,SESS-AE03379DFF,REQ-20BC8C95E9AE,2026-09-14 09:15:41
EVT-0000052,IF_MESPC_PLMPD_001,MES,PLM,REST_API,REST,Failed,EXT_502,Downstream service returned 502,External Service,48317,SESS-45CC1F36BC,REQ-9848327E4A99,2026-09-12 20:45:05
EVT-0000055,IF_MESPC_PLMPD_001,MES,PLM,REST_API,REST,Failed,TIME_004,Downstream response exceeded SLA,Timeout,41296,SESS-1356105647,REQ-5C3762C4B654,2026-09-16 20:39:31
EVT-0000061,IF_MESPE_ORSC_001,MES,ORACLE_SCM,Kafka,Async,Success,,,,2214,SESS-00FF676768,REQ-93F20EBCDC8F,2026-09-13 08:56:58
EVT-0000065,IF_MESPC_PLMPD_001,MES,PLM,REST_API,REST,Success,,,,4797,SESS-4DD3216B92,REQ-40934069C291,2026-09-13 22:54:38
EVT-0000066,IF_MESPE_SAPPP_001,MES,SAP_ERP,Kafka,Async,Success,,,,785,SESS-BA97FC1B95,REQ-4CC7BB88A133,2026-09-13 09:00:05
EVT-0000068,IF_MESPE_ORSC_001,MES,ORACLE_SCM,Kafka,Async,Success,,,,2333,SESS-907BE72FF9,REQ-1EF10B3EC1EA,2026-09-16 03:26:44
EVT-0000075,IF_MESPC_PLMPD_001,MES,PLM,REST_API,REST,Success,,,,6988,SESS-867C1FF50C,REQ-E97517836D54,2026-09-15 09:18:52
EVT-0000087,IF_MESPC_PLMPD_001,MES,PLM,REST_API,REST,Failed,NET_CONN_003,Connection reset by peer,Network,35428,SESS-1D81F048DC,REQ-F978A0E2F497,2026-09-12 13:31:23
EVT-0000104,IF_MESPE_SAPPP_001,MES,SAP_ERP,Kafka,Async,Success,,,,879,SESS-254BF12329,REQ-C51928C81509,2026-09-14 03:41:34
EVT-0000106,IF_MESPE_SAPPP_001,MES,SAP_ERP,Kafka,Async,Success,,,,876,SESS-A51D43C2F8,REQ-FF69A95FC885,2026-09-16 21:26:32
EVT-0000112,IF_MESPE_SAPPP_001,MES,SAP_ERP,Kafka,Async,Success,,,,1159,SESS-1FF0C8A6EF,REQ-845EE789EC5A,2026-09-15 02:50:45
EVT-0000116,IF_MESYM_SAPQM_001,MES,SAP_ERP,Kafka,Async,Retry,DB_COMMIT_014,Transaction commit failed,Database,2614,SESS-7644509275,REQ-77B4A8637A46,2026-09-10 17:20:08
EVT-0000125,IF_MESPC_PLMPD_001,MES,PLM,REST_API,REST,Success,,,,6016,SESS-DDE66A5326,REQ-69790CCB15C6,2026-09-14 15:20:14
EVT-0000130,IF_MESYM_SAPQM_001,MES,SAP_ERP,Kafka,Async,Success,,,,1326,SESS-BB1D954DF2,REQ-D1FA7A7A3E11,2026-09-13 16:13:29
EVT-0000135,IF_MESPE_ORSC_001,MES,ORACLE_SCM,Kafka,Async,Success,,,,2549,SESS-A788A26921,REQ-DC3F6197D3E4,2026-09-15 12:32:37
EVT-0000144,IF_MESPE_SAPPP_001,MES,SAP_ERP,Kafka,Async,Success,,,,961,SESS-990BFCB4B1,REQ-3096205B50F0,2026-09-10 06:25:17
EVT-0000145,IF_MESPE_ORSC_001,MES,ORACLE_SCM,Kafka,Async,Retry,NET_CONN_003,Connection reset by peer,Network,8499,SESS-EC42CA7264,REQ-5CE4A120BCB1,2026-09-11 15:32:10
EVT-0000153,IF_MESPC_PLMPD_001,MES,PLM,REST_API,REST,Retry,VAL_400,Required business field failed validation,Validation,25521,SESS-1C0F95549D,REQ-7A9120CE93AE,2026-09-12 04:59:01
EVT-0000155,IF_MESPE_ORSC_001,MES,ORACLE_SCM,Kafka,Async,Success,,,,2506,SESS-5847121813,REQ-69DED338A59D,2026-09-10 00:02:23
EVT-0000162,IF_MESPC_PLMPD_001,MES,PLM,REST_API,REST,Success,,,,4493,SESS-8BFABB1ABE,REQ-0CF3EEBDDA1D,2026-09-10 16:49:01
EVT-0000168,IF_MESPE_ORSC_001,MES,ORACLE_SCM,Kafka,Async,Success,,,,1612,SESS-0488C02324,REQ-1D8998320BFE,2026-09-13 04:08:23
EVT-0000170,IF_MESPE_ORSC_001,MES,ORACLE_SCM,Kafka,Async,Success,,,,1511,SESS-3203A64842,REQ-A5067402C989,2026-09-12 17:28:47
EVT-0000191,IF_MESPE_ORSC_001,MES,ORACLE_SCM,Kafka,Async,Success,,,,1015,SESS-DA4F8A6AFC,REQ-7B6BE22298C7,2026-09-11 19:29:32
EVT-0000193,IF_MESPE_ORSC_001,MES,ORACLE_SCM,Kafka,Async,Retry,CFG_017,Interface configuration mismatch,Configuration,4194,SESS-89DF5885EC,REQ-6995863EDFE8,2026-09-12 08:08:15
EVT-0000195,IF_MESPE_ORSC_001,MES,ORACLE_SCM,Kafka,Async,Success,,,,2488,SESS-30950B17EB,REQ-610AD0FA80AA,2026-09-16 00:21:03
EVT-0000201,IF_MESPC_PLMPD_001,MES,PLM,REST_API,REST,Success,,,,5132,SESS-45D696783F,REQ-844233B8F21F,2026-09-10 06:46:42
EVT-0000210,IF_MESPE_ORSC_001,MES,ORACLE_SCM,Kafka,Async,Success,,,,3356,SESS-046B3BB3A1,REQ-260BA55F7A0D,2026-09-14 16:36:52
EVT-0000212,IF_MESPE_ORSC_001,MES,ORACLE_SCM,Kafka,Async,Success,,,,2157,SESS-C802093426,REQ-413EFEB63AD9,2026-09-14 17:45:57
EVT-0000218,IF_MESYM_SAPQM_001,MES,SAP_ERP,Kafka,Async,Retry,NET_CONN_003,Connection reset by peer,Network,3119,SESS-BF78DC7B50,REQ-B1E9C67B2905,2026-09-14 11:57:53
EVT-0000220,IF_MESPE_ORSC_001,MES,ORACLE_SCM,Kafka,Async,Failed,EXT_502,Downstream service returned 502,External Service,15348,SESS-EC6C16B1C6,REQ-58A9B8914EB9,2026-09-14 01:02:33
EVT-0000221,IF_MESYM_SAPQM_001,MES,SAP_ERP,Kafka,Async,Success,,,,1191,SESS-6A771AE075,REQ-4E9D72B28A77,2026-09-11 06:55:01
EVT-0000238,IF_MESPE_SAPPP_001,MES,SAP_ERP,Kafka,Async,Retry,TIME_004,Downstream response exceeded SLA,Timeout,1673,SESS-8D36DCA5C0,REQ-3F0D469E92D6,2026-09-12 07:01:33
EVT-0000251,IF_MESPE_ORSC_001,MES,ORACLE_SCM,Kafka,Async,Success,,,,2635,SESS-768D47F1E9,REQ-ED632A29DD78,2026-09-11 17:08:55
EVT-0000255,IF_MESPC_PLMPD_001,MES,PLM,REST_API,REST,Retry,INFRA_008,Runtime node unavailable,Infrastructure,26908,SESS-25602D56BC,REQ-CA690069BD17,2026-09-16 14:36:09
EVT-0000258,IF_MESPE_ORSC_001,MES,ORACLE_SCM,Kafka,Async,Success,,,,1600,SESS-5C0FADE61D,REQ-1D7783FF3357,2026-09-12 02:29:07
EVT-0000260,IF_MESYM_SAPQM_001,MES,SAP_ERP,Kafka,Async,Success,,,,1464,SESS-2E0BB773F0,REQ-FF9F71BE6F76,2026-09-16 11:09:54
EVT-0000264,IF_MESPE_SAPPP_001,MES,SAP_ERP,Kafka,Async,Retry,VAL_400,Required business field failed validation,Validation,2090,SESS-AE7F714A1C,REQ-A3964A49AD1C,2026-09-15 14:10:46
EVT-0000268,IF_MESPE_ORSC_001,MES,ORACLE_SCM,Kafka,Async,Success,,,,2148,SESS-600C16543B,REQ-5106402335DE,2026-09-16 17:17:15
EVT-0000284,IF_MESPE_SAPPP_001,MES,SAP_ERP,Kafka,Async,Success,,,,831,SESS-FC972DC9EB,REQ-C0847A8DA2D4,2026-09-14 06:44:29
EVT-0000291,IF_MESPE_ORSC_001,MES,ORACLE_SCM,Kafka,Async,Success,,,,1465,SESS-B5ADD9BFE5,REQ-3B9F849B5073,2026-09-11 04:49:55
EVT-0000308,IF_MESPE_ORSC_001,MES,ORACLE_SCM,Kafka,Async,Failed,EXT_502,Downstream service returned 502,External Service,13641,SESS-A40761FF08,REQ-598FA233B174,2026-09-15 06:03:19
EVT-0000309,IF_MESPC_PLMPD_001,MES,PLM,REST_API,REST,Success,,,,6970,SESS-ADA8AD8D5C,REQ-BB9037F44DD1,2026-09-10 03:16:28
EVT-0000311,IF_MESPE_SAPPP_001,MES,SAP_ERP,Kafka,Async,Success,,,,683,SESS-1FE4C54B75,REQ-BE0E6864E7A7,2026-09-15 02:45:16
EVT-0000314,IF_MESYM_SAPQM_001,MES,SAP_ERP,Kafka,Async,Success,,,,862,SESS-AA53C0E935,REQ-C1A9B117B852,2026-09-14 06:34:25
EVT-0000325,IF_MESPC_PLMPD_001,MES,PLM,REST_API,REST,Success,,,,7471,SESS-D38CB32CA0,REQ-A487DEA2F964,2026-09-16 06:22:25
EVT-0000330,IF_MESPE_ORSC_001,MES,ORACLE_SCM,Kafka,Async,Retry,INFRA_008,Runtime node unavailable,Infrastructure,4891,SESS-CD264C94CB,REQ-CD0BEED38E39,2026-09-14 15:21:29
EVT-0000340,IF_MESPC_PLMPD_001,MES,PLM,REST_API,REST,Success,,,,8949,SESS-623EE46F6C,REQ-B8AFD023531E,2026-09-14 22:31:11
EVT-0000343,IF_MESPC_PLMPD_001,MES,PLM,REST_API,REST,Success,,,,6293,SESS-2C03105C72,REQ-D45D8C0FCE52,2026-09-12 02:44:57
EVT-0000347,IF_MESPC_PLMPD_001,MES,PLM,REST_API,REST,Success,,,,5650,SESS-2CF35C2871,REQ-7A2B94FF6E5F,2026-09-13 22:41:37
EVT-0000361,IF_MESPE_SAPPP_001,MES,SAP_ERP,Kafka,Async,Success,,,,966,SESS-6CADB138C8,REQ-83F4DED240A3,2026-09-16 21:51:31
EVT-0000368,IF_MESPE_ORSC_001,MES,ORACLE_SCM,Kafka,Async,Success,,,,2468,SESS-61DC393687,REQ-6D4FDEF9A5E7,2026-09-11 02:34:20
EVT-0000370,IF_MESPE_ORSC_001,MES,ORACLE_SCM,Kafka,Async,Success,,,,2409,SESS-A152DE89CD,REQ-9D692B35CF24,2026-09-14 23:46:25
EVT-0000381,IF_MESPC_PLMPD_001,MES,PLM,REST_API,REST,Success,,,,6009,SESS-D8D7350D53,REQ-E2D1476C3DD3,2026-09-12 15:16:56
EVT-0000393,IF_MESPE_ORSC_001,MES,ORACLE_SCM,Kafka,Async,Success,,,,2579,SESS-6C0B865ED0,REQ-FEE7914A134A,2026-09-16 15:50:05
EVT-0000411,IF_MESPC_PLMPD_001,MES,PLM,REST_API,REST,Success,,,,8097,SESS-56789AE85F,REQ-B067ACAFF4B6,2026-09-12 12:33:15
EVT-0000418,IF_MESPC_PLMPD_001,MES,PLM,REST_API,REST,Success,,,,8207,SESS-21E19CF2D5,REQ-47FB31A56394,2026-09-14 15:53:26
EVT-0000420,IF_MESPE_SAPPP_001,MES,SAP_ERP,Kafka,Async,Success,,,,996,SESS-5ED147BEEB,REQ-96FEDE17EC5F,2026-09-16 02:35:46
EVT-0000427,IF_MESYM_SAPQM_001,MES,SAP_ERP,Kafka,Async,Success,,,,1289,SESS-F4540DC0E4,REQ-F2E815E3134E,2026-09-14 10:27:29
EVT-0000440,IF_MESPE_SAPPP_001,MES,SAP_ERP,Kafka,Async,Success,,,,1060,SESS-4AA759010C,REQ-4830BEA6AFCD,2026-09-10 11:27:30
EVT-0000455,IF_MESYM_SAPQM_001,MES,SAP_ERP,Kafka,Async,Success,,,,1309,SESS-BBEEC35827,REQ-76B61B9AA852,2026-09-15 02:43:28
EVT-0000456,IF_MESPE_SAPPP_001,MES,SAP_ERP,Kafka,Async,Success,,,,938,SESS-49BA4DDEC6,REQ-FDBB5F2FDD1F,2026-09-14 07:06:13
EVT-0000457,IF_MESPC_PLMPD_001,MES,PLM,REST_API,REST,Retry,VAL_400,Required business field failed validation,Validation,19310,SESS-9B4E8B31D0,REQ-EF199DAD8E50,2026-09-10 19:19:10
EVT-0000458,IF_MESPE_ORSC_001,MES,ORACLE_SCM,Kafka,Async,Success,,,,2954,SESS-218B96914D,REQ-A65AB7D2198D,2026-09-12 02:20:31
EVT-0000462,IF_MESYM_SAPQM_001,MES,SAP_ERP,Kafka,Async,Success,,,,1457,SESS-D750B3C9A5,REQ-ACD09A8E5927,2026-09-16 05:03:58
EVT-0000463,IF_MESPE_SAPPP_001,MES,SAP_ERP,Kafka,Async,Retry,TIME_004,Downstream response exceeded SLA,Timeout,1563,SESS-7E397EB334,REQ-09AA18F9C4C9,2026-09-14 16:57:29
EVT-0000479,IF_MESPE_SAPPP_001,MES,SAP_ERP,Kafka,Async,Success,,,,785,SESS-0036B6034E,REQ-0C3F076724A6,2026-09-11 03:59:29
EVT-0000481,IF_MESPE_ORSC_001,MES,ORACLE_SCM,Kafka,Async,Success,,,,2038,SESS-9A16EF74D5,REQ-1677C493BA57,2026-09-11 22:57:17
EVT-0000483,IF_MESPC_PLMPD_001,MES,PLM,REST_API,REST,Success,,,,6184,SESS-1F0F4DA8F0,REQ-40CEFC1552BA,2026-09-15 04:49:29
EVT-0000489,IF_MESPE_ORSC_001,MES,ORACLE_SCM,Kafka,Async,Retry,CFG_017,Interface configuration mismatch,Configuration,4993,SESS-06E725EF71,REQ-3D2C9EC721CB,2026-09-12 03:15:15
EVT-0000499,IF_MESPE_SAPPP_001,MES,SAP_ERP,Kafka,Async,Success,,,,827,SESS-7873E0E34E,REQ-5AB765B53720,2026-09-14 00:14:16
EVT-0000505,IF_MESPE_SAPPP_001,MES,SAP_ERP,Kafka,Async,Success,,,,637,SESS-ADC260F436,REQ-B2DDFAA152C0,2026-09-11 07:25:34
EVT-0000516,IF_MESPE_ORSC_001,MES,ORACLE_SCM,Kafka,Async,Success,,,,2105,SESS-B84A796FCB,REQ-7B131D99F7CF,2026-09-14 16:30:25
EVT-0000518,IF_MESPC_PLMPD_001,MES,PLM,REST_API,REST,Success,,,,6306,SESS-E179685EC3,REQ-4DB2D918BCFD,2026-09-12 14:30:47
EVT-0000527,IF_MESYM_SAPQM_001,MES,SAP_ERP,Kafka,Async,Success,,,,1927,SESS-A2F8CE4973,REQ-DF0EF33738C0,2026-09-11 03:46:19
EVT-0000528,IF_MESYM_SAPQM_001,MES,SAP_ERP,Kafka,Async,Success,,,,1198,SESS-C31B2DF563,REQ-C038BD52C58C,2026-09-10 02:00:12
EVT-0000529,IF_MESPC_PLMPD_001,MES,PLM,REST_API,REST,Success,,,,8545,SESS-CC530CC330,REQ-0C4459FA00DC,2026-09-11 05:29:27
EVT-0000553,IF_MESPC_PLMPD_001,MES,PLM,REST_API,REST,Failed,AUTHZ_403,Caller is not authorized,Authorization,56332,SESS-2D4558FBD2,REQ-40E26838B990,2026-09-12 17:00:27
EVT-0000560,IF_MESPE_SAPPP_001,MES,SAP_ERP,Kafka,Async,Retry,TIME_004,Downstream response exceeded SLA,Timeout,2321,SESS-0D8B88BA78,REQ-745B99CA51DA,2026-09-12 15:42:40
EVT-0000562,IF_MESPE_ORSC_001,MES,ORACLE_SCM,Kafka,Async,Success,,,,2653,SESS-3309279FE3,REQ-7453A18EF51E,2026-09-16 18:32:19
EVT-0000565,IF_MESYM_SAPQM_001,MES,SAP_ERP,Kafka,Async,Success,,,,1077,SESS-E31AAFD0CB,REQ-6B183FFDD8E9,2026-09-16 18:23:09
EVT-0000585,IF_MESPE_SAPPP_001,MES,SAP_ERP,Kafka,Async,Success,,,,1020,SESS-A53B8453D3,REQ-B37DF71A5341,2026-09-13 12:52:05
EVT-0000588,IF_MESPC_PLMPD_001,MES,PLM,REST_API,REST,Success,,,,6600,SESS-1F4303BE77,REQ-602A7930D15A,2026-09-13 19:50:06
EVT-0000592,IF_MESPC_PLMPD_001,MES,PLM,REST_API,REST,Success,,,,5686,SESS-87EBDA194E,REQ-714192682D05,2026-09-16 05:32:18
EVT-0000611,IF_MESPC_PLMPD_001,MES,PLM,REST_API,REST,Success,,,,6026,SESS-CA31563BC5,REQ-9F0D70DBD54C,2026-09-16 23:29:37
EVT-0000614,IF_MESPE_SAPPP_001,MES,SAP_ERP,Kafka,Async,Retry,CAP_003,Downstream service is at capacity,Capacity,2819,SESS-66DD59E677,REQ-A2D0B6FA008A,2026-09-14 06:25:43
EVT-0000615,IF_MESPE_SAPPP_001,MES,SAP_ERP,Kafka,Async,Success,,,,221,SESS-57C3885CF1,REQ-0500DCCCFC91,2026-09-15 04:02:54
EVT-0000626,IF_MESPE_ORSC_001,MES,ORACLE_SCM,Kafka,Async,Success,,,,1841,SESS-C85E263232,REQ-BCD3B72EA0DA,2026-09-14 09:05:40
EVT-0000631,IF_MESPC_PLMPD_001,MES,PLM,REST_API,REST,Success,,,,8361,SESS-67B7296E82,REQ-C549E138E75F,2026-09-15 19:12:47
EVT-0000633,IF_MESPE_SAPPP_001,MES,SAP_ERP,Kafka,Async,Success,,,,606,SESS-ED78D8FA25,REQ-92B3E9633272,2026-09-14 23:22:48
EVT-0000634,IF_MESPE_ORSC_001,MES,ORACLE_SCM,Kafka,Async,Success,,,,1424,SESS-281483276E,REQ-72D78D9752A1,2026-09-15 14:01:35
EVT-0000643,IF_MESPC_PLMPD_001,MES,PLM,REST_API,REST,Success,,,,8318,SESS-0729A29517,REQ-7F5C3D20C3E2,2026-09-14 21:25:57
EVT-0000660,IF_MESYM_SAPQM_001,MES,SAP_ERP,Kafka,Async,Success,,,,1536,SESS-4CA6D0A407,REQ-52922242F717,2026-09-10 06:44:21
EVT-0000666,IF_MESPC_PLMPD_001,MES,PLM,REST_API,REST,Success,,,,7010,SESS-5865D8215F,REQ-33FA828CF0E0,2026-09-11 21:21:54
EVT-0000676,IF_MESPE_ORSC_001,MES,ORACLE_SCM,Kafka,Async,Success,,,,1645,SESS-66ACE6BC33,REQ-DC2F3BCDD4C2,2026-09-14 22:41:56
EVT-0000677,IF_MESYM_SAPQM_001,MES,SAP_ERP,Kafka,Async,Retry,DB_COMMIT_014,Transaction commit failed,Database,2209,SESS-1D82D6B664,REQ-1D9DFC4D6BFA,2026-09-10 21:14:36
EVT-0000687,IF_MESYM_SAPQM_001,MES,SAP_ERP,Kafka,Async,Success,,,,1467,SESS-30F5DC98D2,REQ-01150CEC0784,2026-09-13 20:02:30
EVT-0000688,IF_MESPC_PLMPD_001,MES,PLM,REST_API,REST,Success,,,,5757,SESS-D7D731E9A1,REQ-1FDFC949D2B4,2026-09-15 01:01:07
EVT-0000700,IF_MESPE_SAPPP_001,MES,SAP_ERP,Kafka,Async,Success,,,,1161,SESS-88EE48B313,REQ-666EF8E977E4,2026-09-13 22:46:01
EVT-0000701,IF_MESPE_SAPPP_001,MES,SAP_ERP,Kafka,Async,Success,,,,588,SESS-A61929EAE2,REQ-0FC22DEBB51D,2026-09-14 05:30:03
EVT-0000707,IF_MESPE_ORSC_001,MES,ORACLE_SCM,Kafka,Async,Failed,DB_COMMIT_014,Transaction commit failed,Database,17522,SESS-E4F5576FE3,REQ-B9891E98AE15,2026-09-15 10:48:06
EVT-0000708,IF_MESPC_PLMPD_001,MES,PLM,REST_API,REST,Success,,,,5989,SESS-7E11F9E4CA,REQ-C09E35C1CA9D,2026-09-10 14:16:43
EVT-0000709,IF_MESPE_SAPPP_001,MES,SAP_ERP,Kafka,Async,Success,,,,854,SESS-2DF43BA084,REQ-25D15D5FE738,2026-09-15 03:11:06
EVT-0000715,IF_MESPC_PLMPD_001,MES,PLM,REST_API,REST,Retry,NET_CONN_003,Connection reset by peer,Network,21788,SESS-FB11B50D7C,REQ-E418488E60BC,2026-09-11 18:56:41
EVT-0000719,IF_MESPE_SAPPP_001,MES,SAP_ERP,Kafka,Async,Success,,,,661,SESS-62D22BDDCD,REQ-AE6E2F9192A8,2026-09-16 19:29:13
EVT-0000754,IF_MESYM_SAPQM_001,MES,SAP_ERP,Kafka,Async,Failed,EXT_502,Downstream service returned 502,External Service,11785,SESS-EDD53032B3,REQ-04D6C1E6BF90,2026-09-12 14:25:19
EVT-0000765,IF_MESPC_PLMPD_001,MES,PLM,REST_API,REST,Success,,,,8761,SESS-0C3855E383,REQ-8B038F0BA462,2026-09-11 08:25:45
EVT-0000776,IF_MESPE_SAPPP_001,MES,SAP_ERP,Kafka,Async,Success,,,,909,SESS-3B616F6C97,REQ-11AF866D4EA6,2026-09-10 00:32:18
EVT-0000780,IF_MESPC_PLMPD_001,MES,PLM,REST_API,REST,Success,,,,7085,SESS-A84F6ECD07,REQ-3BBBAD1A33AE,2026-09-11 15:03:29
EVT-0000783,IF_MESPC_PLMPD_001,MES,PLM,REST_API,REST,Retry,TIME_004,Downstream response exceeded SLA,Timeout,22288,SESS-89C9EDEA88,REQ-BEB960AB7D5F,2026-09-10 00:31:29
EVT-0000784,IF_MESYM_SAPQM_001,MES,SAP_ERP,Kafka,Async,Success,,,,1726,SESS-39714EF0AD,REQ-3CBEFAE737ED,2026-09-10 02:02:18
EVT-0000790,IF_MESPE_ORSC_001,MES,ORACLE_SCM,Kafka,Async,Retry,VAL_400,Required business field failed validation,Validation,5244,SESS-D4D9419078,REQ-A70DCE4AA87D,2026-09-16 16:57:15
EVT-0000797,IF_MESPE_ORSC_001,MES,ORACLE_SCM,Kafka,Async,Success,,,,2034,SESS-05998F020A,REQ-BE908B58EF45,2026-09-15 11:36:00
EVT-0000806,IF_MESPC_PLMPD_001,MES,PLM,REST_API,REST,Success,,,,5607,SESS-1EBB16258B,REQ-FD61FC40F2AE,2026-09-11 09:10:52
EVT-0000822,IF_MESPE_SAPPP_001,MES,SAP_ERP,Kafka,Async,Success,,,,862,SESS-F9072E4145,REQ-8B050A1D6C3A,2026-09-12 17:26:16
EVT-0000845,IF_MESPC_PLMPD_001,MES,PLM,REST_API,REST,Success,,,,5101,SESS-985BFC88BD,REQ-4E64290648F6,2026-09-11 11:29:17
EVT-0000849,IF_MESPE_SAPPP_001,MES,SAP_ERP,Kafka,Async,Success,,,,902,SESS-A134833E43,REQ-D0339B5EFDDB,2026-09-16 14:39:19
EVT-0000876,IF_MESPC_PLMPD_001,MES,PLM,REST_API,REST,Success,,,,5456,SESS-D2DBADD6E8,REQ-2859B5E92F79,2026-09-12 00:53:53
EVT-0000881,IF_MESYM_SAPQM_001,MES,SAP_ERP,Kafka,Async,Retry,CAP_003,Downstream service is at capacity,Capacity,5110,SESS-BCDA37FF12,REQ-8913AB18A6C7,2026-09-16 16:03:36
EVT-0000886,IF_MESPC_PLMPD_001,MES,PLM,REST_API,REST,Success,,,,6759,SESS-E1C18E194C,REQ-8C021AEBF208,2026-09-14 04:39:03
EVT-0000889,IF_MESYM_SAPQM_001,MES,SAP_ERP,Kafka,Async,Success,,,,1208,SESS-F0EC094677,REQ-8CFF9169F40F,2026-09-15 06:30:51
EVT-0000913,IF_MESPE_ORSC_001,MES,ORACLE_SCM,Kafka,Async,Success,,,,723,SESS-9DF6E2EA88,REQ-FA4D71FAA0AF,2026-09-13 21:19:55
EVT-0000915,IF_MESYM_SAPQM_001,MES,SAP_ERP,Kafka,Async,Success,,,,1238,SESS-4CFACC7C7D,REQ-E42421F8E12C,2026-09-16 12:06:20
EVT-0000924,IF_MESPC_PLMPD_001,MES,PLM,REST_API,REST,Success,,,,7370,SESS-ED2ADB58C0,REQ-78550FEB9A91,2026-09-10 14:11:58
EVT-0000928,IF_MESPC_PLMPD_001,MES,PLM,REST_API,REST,Retry,DB_COMMIT_014,Transaction commit failed,Database,15176,SESS-BBD7A1C147,REQ-850087B329ED,2026-09-11 06:53:30
EVT-0000941,IF_MESPE_ORSC_001,MES,ORACLE_SCM,Kafka,Async,Success,,,,2444,SESS-AD405586C3,REQ-CFFAB94F2CA8,2026-09-13 11:18:52
EVT-0000949,IF_MESPE_SAPPP_001,MES,SAP_ERP,Kafka,Async,Retry,CFG_017,Interface configuration mismatch,Configuration,3427,SESS-4C97200D20,REQ-573BBDFF22FB,2026-09-14 10:21:19
EVT-0000951,IF_MESPE_SAPPP_001,MES,SAP_ERP,Kafka,Async,Success,,,,1019,SESS-508078089B,REQ-285C19CFA05B,2026-09-13 16:48:52
EVT-0000958,IF_MESPC_PLMPD_001,MES,PLM,REST_API,REST,Success,,,,6950,SESS-8026151BE5,REQ-32C7D6B71BCF,2026-09-13 23:31:27
EVT-0000971,IF_MESPE_ORSC_001,MES,ORACLE_SCM,Kafka,Async,Success,,,,2195,SESS-AC742878BE,REQ-33F7B2432183,2026-09-16 20:15:16
EVT-0001002,IF_MESPE_SAPPP_001,MES,SAP_ERP,Kafka,Async,Success,,,,1129,SESS-7CA0698ABF,REQ-34CC4492FFEB,2026-09-10 04:57:09
EVT-0001022,IF_MESPE_SAPPP_001,MES,SAP_ERP,Kafka,Async,Success,,,,1101,SESS-8BA14C71B2,REQ-DAE4A31CBB32,2026-09-10 02:10:56
EVT-0001024,IF_MESPE_SAPPP_001,MES,SAP_ERP,Kafka,Async,Success,,,,644,SESS-98354EFEFD,REQ-54DE72C3EA34,2026-09-11 11:15:21
EVT-0001025,IF_MESPE_SAPPP_001,MES,SAP_ERP,Kafka,Async,Success,,,,775,SESS-9801BD0CBC,REQ-13B3FD890883,2026-09-14 14:08:59
EVT-0001028,IF_MESPC_PLMPD_001,MES,PLM,REST_API,REST,Success,,,,5022,SESS-1D0F7DE851,REQ-E03593C66577,2026-09-13 01:35:40
EVT-0001030,IF_MESYM_SAPQM_001,MES,SAP_ERP,Kafka,Async,Success,,,,1466,SESS-3F96EA3B2D,REQ-A030CA15D7B7,2026-09-11 08:34:53
EVT-0001032,IF_MESPC_PLMPD_001,MES,PLM,REST_API,REST,Success,,,,7952,SESS-A3C9AC4D3B,REQ-0EC0984F2D1A,2026-09-15 07:54:52
EVT-0001042,IF_MESPE_SAPPP_001,MES,SAP_ERP,Kafka,Async,Success,,,,790,SESS-64C0C2D6E2,REQ-9450856B5205,2026-09-15 18:59:23
EVT-0001056,IF_MESPC_PLMPD_001,MES,PLM,REST_API,REST,Success,,,,5516,SESS-7ECD9A077F,REQ-BF2145CC46B7,2026-09-15 00:43:19
EVT-0001060,IF_MESPC_PLMPD_001,MES,PLM,REST_API,REST,Retry,NET_CONN_003,Connection reset by peer,Network,23813,SESS-4B0E03178C,REQ-E0D3D778D703,2026-09-14 23:25:34
EVT-0001063,IF_MESPC_PLMPD_001,MES,PLM,REST_API,REST,Success,,,,7405,SESS-9C747AF900,REQ-A8868BC95654,2026-09-13 04:10:15
EVT-0001079,IF_MESYM_SAPQM_001,MES,SAP_ERP,Kafka,Async,Success,,,,1224,SESS-0BCA00E03D,REQ-7AEFBA738819,2026-09-15 19:32:40
EVT-0001086,IF_MESPE_SAPPP_001,MES,SAP_ERP,Kafka,Async,Success,,,,971,SESS-869F0EE404,REQ-292A865BB3DD,2026-09-15 23:48:24
EVT-0001099,IF_MESPC_PLMPD_001,MES,PLM,REST_API,REST,Success,,,,7565,SESS-3AF3A711F5,REQ-5002942CEF5E,2026-09-11 19:02:48
EVT-0001113,IF_MESYM_SAPQM_001,MES,SAP_ERP,Kafka,Async,Success,,,,1628,SESS-0E7F562296,REQ-98ACE0876D2D,2026-09-12 04:43:23
EVT-0001136,IF_MESPE_ORSC_001,MES,ORACLE_SCM,Kafka,Async,Success,,,,2040,SESS-1F4F9C0C5F,REQ-272A92C04A4F,2026-09-15 14:51:25
EVT-0001138,IF_MESPC_PLMPD_001,MES,PLM,REST_API,REST,Success,,,,3112,SESS-64E26DC188,REQ-32F7754D6466,2026-09-16 12:42:21
EVT-0001141,IF_MESPC_PLMPD_001,MES,PLM,REST_API,REST,Success,,,,9896,SESS-3BDCD9DD90,REQ-CAE6FEEB2732,2026-09-15 08:44:07
EVT-0001143,IF_MESYM_SAPQM_001,MES,SAP_ERP,Kafka,Async,Success,,,,1293,SESS-D07C71BDCD,REQ-87DD8FB4895E,2026-09-10 01:35:44
EVT-0001146,IF_MESPC_PLMPD_001,MES,PLM,REST_API,REST,Success,,,,6291,SESS-FFB4D1F9B9,REQ-09772B5A25ED,2026-09-16 08:12:39
EVT-0001149,IF_MESYM_SAPQM_001,MES,SAP_ERP,Kafka,Async,Retry,VAL_400,Required business field failed validation,Validation,2124,SESS-8AA47E0129,REQ-E07D0D62C226,2026-09-15 13:38:52
EVT-0001153,IF_MESPE_SAPPP_001,MES,SAP_ERP,Kafka,Async,Success,,,,845,SESS-02034192F6,REQ-7CFD98EA83A0,2026-09-16 15:20:10
EVT-0001155,IF_MESYM_SAPQM_001,MES,SAP_ERP,Kafka,Async,Success,,,,1721,SESS-0C17E23B1A,REQ-A34F514399CB,2026-09-12 04:29:38
EVT-0001161,IF_MESPE_SAPPP_001,MES,SAP_ERP,Kafka,Async,Retry,CFG_017,Interface configuration mismatch,Configuration,3124,SESS-6722D4E9D7,REQ-89EEB1624B0C,2026-09-10 12:35:35
EVT-0001173,IF_MESPE_SAPPP_001,MES,SAP_ERP,Kafka,Async,Success,,,,1054,SESS-B979773F03,REQ-0FB0373693AB,2026-09-10 15:08:55
EVT-0001183,IF_MESPC_PLMPD_001,MES,PLM,REST_API,REST,Success,,,,6098,SESS-94958DBE72,REQ-BAA4C33B7255,2026-09-13 20:33:03
EVT-0001191,IF_MESPE_SAPPP_001,MES,SAP_ERP,Kafka,Async,Success,,,,530,SESS-8507BCD255,REQ-F78055848CE5,2026-09-10 21:01:41
EVT-0001200,IF_MESPE_ORSC_001,MES,ORACLE_SCM,Kafka,Async,Success,,,,2061,SESS-A636B4E450,REQ-43E51C8C5F77,2026-09-13 05:52:43
EVT-0001201,IF_MESYM_SAPQM_001,MES,SAP_ERP,Kafka,Async,Success,,,,1467,SESS-4505B3D817,REQ-DCDE585E3B55,2026-09-11 00:56:33
EVT-0001206,IF_MESPE_SAPPP_001,MES,SAP_ERP,Kafka,Async,Success,,,,878,SESS-F3F8A6699E,REQ-E716BEB30AA8,2026-09-10 18:12:41
EVT-0001211,IF_MESPC_PLMPD_001,MES,PLM,REST_API,REST,Failed,INFRA_008,Runtime node unavailable,Infrastructure,33895,SESS-12D018147E,REQ-981E06016514,2026-09-13 03:19:39
EVT-0001225,IF_MESYM_SAPQM_001,MES,SAP_ERP,Kafka,Async,Success,,,,1077,SESS-1C2709980B,REQ-E8BFA0221932,2026-09-15 07:47:56
EVT-0001228,IF_MESPE_SAPPP_001,MES,SAP_ERP,Kafka,Async,Success,,,,943,SESS-0C6A7D44DD,REQ-F77D4115C3AF,2026-09-12 17:44:25
EVT-0001229,IF_MESPE_SAPPP_001,MES,SAP_ERP,Kafka,Async,Success,,,,869,SESS-817CF112DC,REQ-8D86104E93ED,2026-09-14 01:26:36
EVT-0001231,IF_MESYM_SAPQM_001,MES,SAP_ERP,Kafka,Async,Success,,,,1272,SESS-AF17949576,REQ-37115567D474,2026-09-16 19:22:04
EVT-0001263,IF_MESPE_SAPPP_001,MES,SAP_ERP,Kafka,Async,Retry,AUTH_401,Service credential rejected,Authentication,3254,SESS-2AE20E3122,REQ-F56958E6C29E,2026-09-12 06:14:25
EVT-0001271,IF_MESYM_SAPQM_001,MES,SAP_ERP,Kafka,Async,Success,,,,1098,SESS-5B91B89339,REQ-C153286B1910,2026-09-14 11:42:45
EVT-0001283,IF_MESPE_SAPPP_001,MES,SAP_ERP,Kafka,Async,Failed,CFG_017,Interface configuration mismatch,Configuration,5613,SESS-E3FC2C0DAC,REQ-F68A5E3C53B0,2026-09-16 17:46:16
EVT-0001327,IF_MESYM_SAPQM_001,MES,SAP_ERP,Kafka,Async,Success,,,,1871,SESS-4BCEEFE9E5,REQ-A9C9FA85B108,2026-09-10 14:52:12
EVT-0001334,IF_MESPC_PLMPD_001,MES,PLM,REST_API,REST,Success,,,,5502,SESS-E617C8DC10,REQ-AE52295260E6,2026-09-16 19:17:30
EVT-0001346,IF_MESPE_ORSC_001,MES,ORACLE_SCM,Kafka,Async,Success,,,,1354,SESS-A26732388A,REQ-531644DE955A,2026-09-12 06:11:45
EVT-0001351,IF_MESPE_ORSC_001,MES,ORACLE_SCM,Kafka,Async,Success,,,,3160,SESS-A0425EA3AC,REQ-E7948A92E948,2026-09-15 13:38:29
EVT-0001368,IF_MESPE_ORSC_001,MES,ORACLE_SCM,Kafka,Async,Success,,,,2484,SESS-983F69AA41,REQ-B77B870E57AB,2026-09-12 06:28:34
EVT-0001371,IF_MESPC_PLMPD_001,MES,PLM,REST_API,REST,Success,,,,7508,SESS-89B8295A5A,REQ-AD78AC1DCCD4,2026-09-11 18:31:13
EVT-0001372,IF_MESPE_SAPPP_001,MES,SAP_ERP,Kafka,Async,Success,,,,729,SESS-0DF320D09A,REQ-8097A355F11A,2026-09-14 21:14:51
EVT-0001373,IF_MESPE_ORSC_001,MES,ORACLE_SCM,Kafka,Async,Success,,,,3082,SESS-841595CD07,REQ-9B9F654E19EA,2026-09-15 13:01:56
EVT-0001383,IF_MESPE_ORSC_001,MES,ORACLE_SCM,Kafka,Async,Success,,,,1935,SESS-37D3B00A8E,REQ-4A8D8B83BD2F,2026-09-14 23:36:26
EVT-0001384,IF_MESPE_ORSC_001,MES,ORACLE_SCM,Kafka,Async,Success,,,,2101,SESS-466D6329F7,REQ-814DF39C3E24,2026-09-11 07:02:44
EVT-0001386,IF_MESYM_SAPQM_001,MES,SAP_ERP,Kafka,Async,Success,,,,985,SESS-9DAEF39B1A,REQ-8A92AF59E424,2026-09-12 20:44:01
EVT-0001396,IF_MESYM_SAPQM_001,MES,SAP_ERP,Kafka,Async,Success,,,,1592,SESS-C67BF882FF,REQ-DC61DF2DF2DC,2026-09-11 23:53:46
EVT-0001400,IF_MESYM_SAPQM_001,MES,SAP_ERP,Kafka,Async,Retry,AUTH_401,Service credential rejected,Authentication,2211,SESS-87FB89EE92,REQ-5A3343FC0D14,2026-09-12 09:32:24
EVT-0001404,IF_MESYM_SAPQM_001,MES,SAP_ERP,Kafka,Async,Success,,,,1106,SESS-736B962289,REQ-EED766078384,2026-09-15 03:43:06
EVT-0001405,IF_MESPE_ORSC_001,MES,ORACLE_SCM,Kafka,Async,Success,,,,2497,SESS-F35A698A1D,REQ-34A83A51C3C3,2026-09-12 10:36:39
EVT-0001407,IF_MESPE_ORSC_001,MES,ORACLE_SCM,Kafka,Async,Success,,,,2788,SESS-7EBAE6D010,REQ-76872D1E2FE1,2026-09-15 17:26:52
EVT-0001409,IF_MESYM_SAPQM_001,MES,SAP_ERP,Kafka,Async,Success,,,,1183,SESS-C4C64908E0,REQ-BB7B28196066,2026-09-10 23:55:31
EVT-0001418,IF_MESPE_ORSC_001,MES,ORACLE_SCM,Kafka,Async,Success,,,,2356,SESS-5FBD80DC4D,REQ-7CB33611A539,2026-09-12 13:57:53
EVT-0001422,IF_MESYM_SAPQM_001,MES,SAP_ERP,Kafka,Async,Success,,,,1753,SESS-9CA9D048E5,REQ-00EB7301C806,2026-09-12 04:20:21
EVT-0001423,IF_MESYM_SAPQM_001,MES,SAP_ERP,Kafka,Async,Success,,,,1494,SESS-120F23BB0B,REQ-E7255539E934,2026-09-13 20:26:02
EVT-0001429,IF_MESPE_ORSC_001,MES,ORACLE_SCM,Kafka,Async,Success,,,,2156,SESS-3267318509,REQ-EC08890A245C,2026-09-14 15:32:32
EVT-0001439,IF_MESPC_PLMPD_001,MES,PLM,REST_API,REST,Success,,,,5534,SESS-5F0E4A5B5E,REQ-09C4B3E97767,2026-09-11 08:23:24
EVT-0001440,IF_MESYM_SAPQM_001,MES,SAP_ERP,Kafka,Async,Success,,,,1271,SESS-339D3906CA,REQ-D721C34C4DDC,2026-09-16 11:55:58
EVT-0001445,IF_MESPE_SAPPP_001,MES,SAP_ERP,Kafka,Async,Success,,,,616,SESS-97F0C001B0,REQ-3E650BE746BC,2026-09-15 08:48:21
EVT-0001456,IF_MESPC_PLMPD_001,MES,PLM,REST_API,REST,Success,,,,6501,SESS-2044942BC8,REQ-7FF6DA631FD4,2026-09-14 13:18:56
EVT-0001477,IF_MESPE_ORSC_001,MES,ORACLE_SCM,Kafka,Async,Success,,,,2109,SESS-A04C5CFD9E,REQ-A44E356CC914,2026-09-12 05:41:32
EVT-0001488,IF_MESPC_PLMPD_001,MES,PLM,REST_API,REST,Success,,,,3964,SESS-325D9F485C,REQ-6DF327862F70,2026-09-13 08:03:22
EVT-0001524,IF_MESPE_ORSC_001,MES,ORACLE_SCM,Kafka,Async,Success,,,,2718,SESS-3AC5C3A452,REQ-5C54FFF6A7FA,2026-09-16 15:06:15
EVT-0001529,IF_MESYM_SAPQM_001,MES,SAP_ERP,Kafka,Async,Success,,,,684,SESS-1EFBDF7D18,REQ-417E9AF4362B,2026-09-14 10:24:03
EVT-0001531,IF_MESYM_SAPQM_001,MES,SAP_ERP,Kafka,Async,Success,,,,1157,SESS-53699C7455,REQ-6935BE3828D9,2026-09-12 16:41:36
EVT-0001534,IF_MESPE_ORSC_001,MES,ORACLE_SCM,Kafka,Async,Success,,,,3279,SESS-5A9DDBD2E9,REQ-E2E64285DB03,2026-09-13 18:24:37
EVT-0001549,IF_MESPC_PLMPD_001,MES,PLM,REST_API,REST,Success,,,,6855,SESS-46F6C2C43C,REQ-4283D813CC35,2026-09-12 15:02:18
EVT-0001564,IF_MESPC_PLMPD_001,MES,PLM,REST_API,REST,Success,,,,7763,SESS-8B673C989D,REQ-066F5D4808BB,2026-09-15 17:23:47
EVT-0001567,IF_MESPE_SAPPP_001,MES,SAP_ERP,Kafka,Async,Success,,,,959,SESS-A6B64EC367,REQ-698683676959,2026-09-14 14:33:05
EVT-0001579,IF_MESPE_SAPPP_001,MES,SAP_ERP,Kafka,Async,Success,,,,1149,SESS-1E942DF498,REQ-867CC8E94562,2026-09-12 17:47:05
EVT-0001589,IF_MESYM_SAPQM_001,MES,SAP_ERP,Kafka,Async,Success,,,,1747,SESS-CCBF44A409,REQ-DA2ADDF8CAFA,2026-09-16 03:35:42
EVT-0001594,IF_MESPC_PLMPD_001,MES,PLM,REST_API,REST,Success,,,,7239,SESS-B903BCE142,REQ-B9C5789DA279,2026-09-16 23:01:02
EVT-0001595,IF_MESPC_PLMPD_001,MES,PLM,REST_API,REST,Success,,,,7031,SESS-3AA0C4EDE8,REQ-F31AC333D907,2026-09-11 06:50:49
EVT-0001607,IF_MESYM_SAPQM_001,MES,SAP_ERP,Kafka,Async,Retry,DB_COMMIT_014,Transaction commit failed,Database,2672,SESS-2731173651,REQ-08758C573F6C,2026-09-14 19:36:29
EVT-0001610,IF_MESPE_ORSC_001,MES,ORACLE_SCM,Kafka,Async,Retry,AUTHZ_403,Caller is not authorized,Authorization,7198,SESS-602CA15AC3,REQ-9D1513CED2B7,2026-09-11 02:12:08
EVT-0001611,IF_MESPE_ORSC_001,MES,ORACLE_SCM,Kafka,Async,Retry,VAL_400,Required business field failed validation,Validation,6542,SESS-1DE1DE5C5C,REQ-DBDC7EEE9B4D,2026-09-10 05:11:26
EVT-0001614,IF_MESPE_ORSC_001,MES,ORACLE_SCM,Kafka,Async,Success,,,,1433,SESS-B2E430707C,REQ-EF7078D82B25,2026-09-10 00:10:13
EVT-0001624,IF_MESYM_SAPQM_001,MES,SAP_ERP,Kafka,Async,Success,,,,1110,SESS-B79D58ABC2,REQ-DFE2F7BEC34E,2026-09-14 07:50:21
EVT-0001626,IF_MESPE_SAPPP_001,MES,SAP_ERP,Kafka,Async,Failed,AUTH_401,Service credential rejected,Authentication,5393,SESS-B963EA26DB,REQ-F0354C9EAE9A,2026-09-13 20:17:32
EVT-0001641,IF_MESYM_SAPQM_001,MES,SAP_ERP,Kafka,Async,Success,,,,1426,SESS-DD560A2162,REQ-457E36D8954D,2026-09-10 01:25:20
EVT-0001649,IF_MESPE_SAPPP_001,MES,SAP_ERP,Kafka,Async,Success,,,,950,SESS-4D8C36ABB3,REQ-FFDF24D9A8FB,2026-09-14 21:30:00
EVT-0001651,IF_MESYM_SAPQM_001,MES,SAP_ERP,Kafka,Async,Retry,TIME_004,Downstream response exceeded SLA,Timeout,3815,SESS-F80F449CDF,REQ-23E7E7E7FE39,2026-09-11 16:32:10
EVT-0001658,IF_MESPE_ORSC_001,MES,ORACLE_SCM,Kafka,Async,Success,,,,2004,SESS-F32F6473AB,REQ-3F9FB4E5562B,2026-09-15 07:46:51
EVT-0001660,IF_MESYM_SAPQM_001,MES,SAP_ERP,Kafka,Async,Success,,,,1488,SESS-5CA809BC55,REQ-7837F92B19EC,2026-09-11 08:30:06
EVT-0001662,IF_MESYM_SAPQM_001,MES,SAP_ERP,Kafka,Async,Success,,,,1237,SESS-7953432FCC,REQ-4918CB00B019,2026-09-13 11:31:39
EVT-0001663,IF_MESPE_SAPPP_001,MES,SAP_ERP,Kafka,Async,Success,,,,840,SESS-78762E87C3,REQ-ABB95E400B00,2026-09-15 02:06:49
EVT-0001669,IF_MESPC_PLMPD_001,MES,PLM,REST_API,REST,Success,,,,8863,SESS-B2F7179280,REQ-685F2AC569CA,2026-09-16 03:35:57
EVT-0001670,IF_MESPE_ORSC_001,MES,ORACLE_SCM,Kafka,Async,Success,,,,3678,SESS-466210BDC3,REQ-367AC3BE56D9,2026-09-10 10:14:53
EVT-0001672,IF_MESPE_ORSC_001,MES,ORACLE_SCM,Kafka,Async,Success,,,,2193,SESS-8B0B712F5B,REQ-68FB4302BAAE,2026-09-15 12:35:54
EVT-0001687,IF_MESPC_PLMPD_001,MES,PLM,REST_API,REST,Success,,,,5524,SESS-DEA1236631,REQ-497BDC2D9ABE,2026-09-13 05:49:43
EVT-0001689,IF_MESPC_PLMPD_001,MES,PLM,REST_API,REST,Retry,AUTH_401,Service credential rejected,Authentication,18924,SESS-67E35154B6,REQ-E696C6ABC429,2026-09-12 12:49:45
EVT-0001690,IF_MESPE_SAPPP_001,MES,SAP_ERP,Kafka,Async,Retry,CFG_017,Interface configuration mismatch,Configuration,1406,SESS-2C7ADE594F,REQ-3A2870472D05,2026-09-10 15:57:54
EVT-0001694,IF_MESPC_PLMPD_001,MES,PLM,REST_API,REST,Success,,,,6296,SESS-33873A073E,REQ-C95E58E62845,2026-09-15 13:19:33
EVT-0001698,IF_MESPC_PLMPD_001,MES,PLM,REST_API,REST,Success,,,,7710,SESS-4DF07C6536,REQ-FF4397662F06,2026-09-15 06:14:48
EVT-0001700,IF_MESYM_SAPQM_001,MES,SAP_ERP,Kafka,Async,Retry,EXT_502,Downstream service returned 502,External Service,2691,SESS-3F089E9107,REQ-6B1E8F4240DB,2026-09-16 11:20:13
EVT-0001703,IF_MESPE_ORSC_001,MES,ORACLE_SCM,Kafka,Async,Success,,,,1777,SESS-8CC382E19D,REQ-B07E11921838,2026-09-14 03:00:43
EVT-0001708,IF_MESPE_ORSC_001,MES,ORACLE_SCM,Kafka,Async,Success,,,,2207,SESS-353DA2B9FC,REQ-63F12D12C8ED,2026-09-16 01:36:51
EVT-0001720,IF_MESPE_SAPPP_001,MES,SAP_ERP,Kafka,Async,Success,,,,689,SESS-7AB5705554,REQ-3979D25EB3E7,2026-09-12 06:47:10
EVT-0001725,IF_MESYM_SAPQM_001,MES,SAP_ERP,Kafka,Async,Success,,,,1490,SESS-C0B722670F,REQ-300A2F0FA656,2026-09-11 15:54:37
EVT-0001743,IF_MESPC_PLMPD_001,MES,PLM,REST_API,REST,Failed,AUTH_401,Service credential rejected,Authentication,29513,SESS-39936A3247,REQ-C2186651BE91,2026-09-16 17:05:13
EVT-0001751,IF_MESPC_PLMPD_001,MES,PLM,REST_API,REST,Success,,,,8227,SESS-A076CED67A,REQ-DCA508244D4F,2026-09-12 13:30:08
EVT-0001757,IF_MESPC_PLMPD_001,MES,PLM,REST_API,REST,Success,,,,8968,SESS-10C8D0F12E,REQ-7E34D43D9F42,2026-09-15 19:42:48
EVT-0001768,IF_MESPE_ORSC_001,MES,ORACLE_SCM,Kafka,Async,Success,,,,3305,SESS-296CA76937,REQ-98FCC8BD802A,2026-09-11 02:02:56
EVT-0001771,IF_MESYM_SAPQM_001,MES,SAP_ERP,Kafka,Async,Retry,CAP_003,Downstream service is at capacity,Capacity,4726,SESS-8394559C92,REQ-B5895EEDA07E,2026-09-11 07:33:06
EVT-0001777,IF_MESPE_ORSC_001,MES,ORACLE_SCM,Kafka,Async,Failed,AUTHZ_403,Caller is not authorized,Authorization,15290,SESS-C6ADEA7C00,REQ-84F8F3F6FE0E,2026-09-16 06:22:11
EVT-0001779,IF_MESPE_SAPPP_001,MES,SAP_ERP,Kafka,Async,Success,,,,850,SESS-6BC723D00C,REQ-7E303C8739A4,2026-09-16 17:47:53
EVT-0001788,IF_MESPE_SAPPP_001,MES,SAP_ERP,Kafka,Async,Success,,,,1056,SESS-7FC67BC4B5,REQ-871840E1EABA,2026-09-11 16:23:12
EVT-0001796,IF_MESPE_SAPPP_001,MES,SAP_ERP,Kafka,Async,Success,,,,1001,SESS-235C0D5008,REQ-812379B3373A,2026-09-16 09:16:32
EVT-0001802,IF_MESPE_ORSC_001,MES,ORACLE_SCM,Kafka,Async,Success,,,,2341,SESS-585E89506A,REQ-A5D1026607CA,2026-09-14 17:09:09
EVT-0001813,IF_MESPE_SAPPP_001,MES,SAP_ERP,Kafka,Async,Success,,,,820,SESS-0FD1C466E4,REQ-171A836832FC,2026-09-16 02:57:54
EVT-0001814,IF_MESPC_PLMPD_001,MES,PLM,REST_API,REST,Success,,,,5867,SESS-4360DC72CF,REQ-3D900131A931,2026-09-13 03:36:33
EVT-0001828,IF_MESPE_ORSC_001,MES,ORACLE_SCM,Kafka,Async,Success,,,,2634,SESS-BB5E0D9E26,REQ-D3DA0A92FA6C,2026-09-10 15:44:03
EVT-0001846,IF_MESYM_SAPQM_001,MES,SAP_ERP,Kafka,Async,Retry,VAL_400,Required business field failed validation,Validation,4325,SESS-5A29D90BEE,REQ-6D65A19E2A23,2026-09-16 23:35:10
EVT-0001854,IF_MESPE_ORSC_001,MES,ORACLE_SCM,Kafka,Async,Success,,,,2391,SESS-76ADD882BD,REQ-9B2F8C1F40C5,2026-09-14 16:08:01
EVT-0001857,IF_MESPC_PLMPD_001,MES,PLM,REST_API,REST,Retry,INFRA_008,Runtime node unavailable,Infrastructure,26224,SESS-A4C8224D27,REQ-0C8F060D1B81,2026-09-15 06:30:12
EVT-0001866,IF_MESPC_PLMPD_001,MES,PLM,REST_API,REST,Success,,,,7240,SESS-A0B6484BBE,REQ-ADB0D57412E3,2026-09-13 17:49:57
EVT-0001878,IF_MESPC_PLMPD_001,MES,PLM,REST_API,REST,Success,,,,6984,SESS-2A1D8F54E7,REQ-2A2E18AE0902,2026-09-10 18:12:56
EVT-0001879,IF_MESPC_PLMPD_001,MES,PLM,REST_API,REST,Success,,,,3934,SESS-734AD01930,REQ-6EE2B693A9D6,2026-09-16 01:10:04
EVT-0001881,IF_MESPC_PLMPD_001,MES,PLM,REST_API,REST,Success,,,,5694,SESS-E2718D854E,REQ-EAA3A35A1860,2026-09-14 03:08:32
EVT-0001887,IF_MESPE_ORSC_001,MES,ORACLE_SCM,Kafka,Async,Success,,,,1944,SESS-2071C0FC20,REQ-68A3D38053E7,2026-09-11 12:29:24
EVT-0001888,IF_MESPE_SAPPP_001,MES,SAP_ERP,Kafka,Async,Success,,,,887,SESS-D51B9B470D,REQ-CF48AB87C7F7,2026-09-12 22:11:13
EVT-0001894,IF_MESPE_SAPPP_001,MES,SAP_ERP,Kafka,Async,Success,,,,795,SESS-6D807163BE,REQ-DAA06DE20D87,2026-09-11 14:51:45
EVT-0001900,IF_MESYM_SAPQM_001,MES,SAP_ERP,Kafka,Async,Success,,,,974,SESS-E0DA5E7109,REQ-A76515A476A7,2026-09-13 17:33:36
EVT-0001903,IF_MESPE_SAPPP_001,MES,SAP_ERP,Kafka,Async,Failed,DB_COMMIT_014,Transaction commit failed,Database,6826,SESS-05D4CE7697,REQ-B826EE6A2F72,2026-09-12 16:42:37
EVT-0001910,IF_MESPE_ORSC_001,MES,ORACLE_SCM,Kafka,Async,Success,,,,2510,SESS-8A9569A387,REQ-2D41EBA4E7CE,2026-09-14 22:41:52
EVT-0001920,IF_MESPE_SAPPP_001,MES,SAP_ERP,Kafka,Async,Success,,,,891,SESS-05D463A9F7,REQ-1F7CC56F5C86,2026-09-12 12:42:43
EVT-0001921,IF_MESPC_PLMPD_001,MES,PLM,REST_API,REST,Failed,AUTHZ_403,Caller is not authorized,Authorization,29505,SESS-5C88B47F90,REQ-014ADD8BB77F,2026-09-13 13:44:27
EVT-0001927,IF_MESYM_SAPQM_001,MES,SAP_ERP,Kafka,Async,Success,,,,1497,SESS-2EF3B4E851,REQ-1ED4C4ED19C5,2026-09-12 11:35:44
EVT-0001931,IF_MESYM_SAPQM_001,MES,SAP_ERP,Kafka,Async,Success,,,,1360,SESS-697ABCF6BD,REQ-500AFEED09AB,2026-09-16 05:03:13
EVT-0001933,IF_MESPE_ORSC_001,MES,ORACLE_SCM,Kafka,Async,Retry,DB_COMMIT_014,Transaction commit failed,Database,8880,SESS-D81623ED77,REQ-06B42CC8AA8D,2026-09-15 06:07:32
EVT-0001947,IF_MESPE_ORSC_001,MES,ORACLE_SCM,Kafka,Async,Success,,,,2458,SESS-A2258D87BD,REQ-E0B1982BDB9D,2026-09-10 02:42:08
EVT-0001954,IF_MESPC_PLMPD_001,MES,PLM,REST_API,REST,Success,,,,4108,SESS-45E809298D,REQ-73BCFD13A9C7,2026-09-14 14:46:00
EVT-0001960,IF_MESPC_PLMPD_001,MES,PLM,REST_API,REST,Failed,NET_CONN_003,Connection reset by peer,Network,30264,SESS-A112336C3C,REQ-3C3AB9EBD945,2026-09-11 18:17:00
EVT-0001962,IF_MESPC_PLMPD_001,MES,PLM,REST_API,REST,Retry,AUTHZ_403,Caller is not authorized,Authorization,15944,SESS-7A3397409A,REQ-B4D66F49F527,2026-09-16 07:24:11
EVT-0001988,IF_MESPE_ORSC_001,MES,ORACLE_SCM,Kafka,Async,Success,,,,2145,SESS-27733D5815,REQ-CC206D971736,2026-09-11 02:10:06
EVT-0001992,IF_MESYM_SAPQM_001,MES,SAP_ERP,Kafka,Async,Success,,,,871,SESS-23E5163A51,REQ-34220BA5E3E8,2026-09-10 10:06:32
EVT-0002000,IF_MESPC_PLMPD_001,MES,PLM,REST_API,REST,Success,,,,9110,SESS-56AC97CFCC,REQ-70A1E459533B,2026-09-16 01:46:25
EVT-0002005,IF_MESPE_ORSC_001,MES,ORACLE_SCM,Kafka,Async,Success,,,,3092,SESS-83B914F73E,REQ-E7D8F4C1E00C,2026-09-15 08:11:59
EVT-0002006,IF_MESPC_PLMPD_001,MES,PLM,REST_API,REST,Success,,,,5062,SESS-F00C8D743A,REQ-DB8C2F26A5DC,2026-09-16 13:00:44
EVT-0002015,IF_MESYM_SAPQM_001,MES,SAP_ERP,Kafka,Async,Success,,,,1412,SESS-4B687AB04C,REQ-D8939D915B8E,2026-09-11 13:56:27
EVT-0002017,IF_MESPE_ORSC_001,MES,ORACLE_SCM,Kafka,Async,Retry,AUTH_401,Service credential rejected,Authentication,5728,SESS-ED95148AE8,REQ-0E40AABDC8DA,2026-09-12 19:24:01
EVT-0002018,IF_MESPC_PLMPD_001,MES,PLM,REST_API,REST,Retry,NET_CONN_003,Connection reset by peer,Network,22589,SESS-C5DF269B3A,REQ-E99ECEF28FF2,2026-09-13 09:08:54
EVT-0002022,IF_MESPC_PLMPD_001,MES,PLM,REST_API,REST,Retry,VAL_400,Required business field failed validation,Validation,25485,SESS-A0E7BE521D,REQ-DFAF340AF79C,2026-09-11 17:30:54
EVT-0002024,IF_MESYM_SAPQM_001,MES,SAP_ERP,Kafka,Async,Success,,,,1550,SESS-5FE17C5332,REQ-06C12E25D318,2026-09-10 23:41:09
EVT-0002031,IF_MESPE_SAPPP_001,MES,SAP_ERP,Kafka,Async,Success,,,,716,SESS-6CDA0EC8B9,REQ-2C54F943CDBE,2026-09-12 08:49:21
EVT-0002041,IF_MESPC_PLMPD_001,MES,PLM,REST_API,REST,Success,,,,7089,SESS-6BCF2B11EC,REQ-A77CFC96B50C,2026-09-12 21:45:11
EVT-0002048,IF_MESPE_ORSC_001,MES,ORACLE_SCM,Kafka,Async,Success,,,,1857,SESS-CD82E5C7AD,REQ-B40784D439C0,2026-09-14 07:20:42
EVT-0002055,IF_MESPE_ORSC_001,MES,ORACLE_SCM,Kafka,Async,Success,,,,2795,SESS-39919E1D8E,REQ-D2F664F0D8DB,2026-09-12 21:22:28
EVT-0002064,IF_MESPE_ORSC_001,MES,ORACLE_SCM,Kafka,Async,Success,,,,2485,SESS-0F17644D4D,REQ-A59481A5334D,2026-09-13 14:09:22
EVT-0002073,IF_MESYM_SAPQM_001,MES,SAP_ERP,Kafka,Async,Success,,,,1394,SESS-5DBFDD6FF8,REQ-7D63F2E3E3C6,2026-09-12 09:03:33
EVT-0002082,IF_MESPE_ORSC_001,MES,ORACLE_SCM,Kafka,Async,Success,,,,1613,SESS-0AA8B97EA3,REQ-6AA1E8E96414,2026-09-11 01:23:48
EVT-0002089,IF_MESPC_PLMPD_001,MES,PLM,REST_API,REST,Success,,,,6667,SESS-6AE2A68EEB,REQ-F104BF7F2C9A,2026-09-10 22:15:00
EVT-0002102,IF_MESYM_SAPQM_001,MES,SAP_ERP,Kafka,Async,Success,,,,1491,SESS-0AC34BDB87,REQ-9C4B05AA2BAC,2026-09-12 11:22:37
EVT-0002106,IF_MESYM_SAPQM_001,MES,SAP_ERP,Kafka,Async,Success,,,,1276,SESS-882C0EB826,REQ-E30C942C98D4,2026-09-11 23:26:12
EVT-0002125,IF_MESYM_SAPQM_001,MES,SAP_ERP,Kafka,Async,Success,,,,1534,SESS-DDA3A7B934,REQ-3D190DE155F9,2026-09-10 14:20:00
EVT-0002130,IF_MESPE_ORSC_001,MES,ORACLE_SCM,Kafka,Async,Failed,CAP_003,Downstream service is at capacity,Capacity,4533,SESS-1B19E04965,REQ-17E86BC3E96B,2026-09-10 17:28:42
EVT-0002135,IF_MESPC_PLMPD_001,MES,PLM,REST_API,REST,Success,,,,7499,SESS-B6321CD2A3,REQ-25699175BB6E,2026-09-10 10:06:00
EVT-0002169,IF_MESPC_PLMPD_001,MES,PLM,REST_API,REST,Success,,,,5732,SESS-76BB131754,REQ-9739CC601EAB,2026-09-14 12:34:19
EVT-0002184,IF_MESYM_SAPQM_001,MES,SAP_ERP,Kafka,Async,Success,,,,823,SESS-7F68ABB780,REQ-17B32801223F,2026-09-15 03:55:08
EVT-0002189,IF_MESYM_SAPQM_001,MES,SAP_ERP,Kafka,Async,Success,,,,1648,SESS-D4D9A47FF0,REQ-1E12CDDC0BDF,2026-09-15 08:35:38
EVT-0002198,IF_MESYM_SAPQM_001,MES,SAP_ERP,Kafka,Async,Success,,,,1007,SESS-4DD864F009,REQ-D9B07743C9EE,2026-09-11 04:56:24
EVT-0002211,IF_MESYM_SAPQM_001,MES,SAP_ERP,Kafka,Async,Success,,,,1026,SESS-B14A38A047,REQ-D86CFB95AA90,2026-09-15 23:50:06
EVT-0002212,IF_MESPE_ORSC_001,MES,ORACLE_SCM,Kafka,Async,Success,,,,2734,SESS-BCCE3F48AC,REQ-ACC1AF7F47B9,2026-09-12 14:15:12
EVT-0002220,IF_MESPE_ORSC_001,MES,ORACLE_SCM,Kafka,Async,Success,,,,1938,SESS-BF22FED805,REQ-0256C42348B5,2026-09-16 16:20:22
EVT-0002235,IF_MESPE_ORSC_001,MES,ORACLE_SCM,Kafka,Async,Success,,,,1948,SESS-B524AB3D5E,REQ-F724940F1DB2,2026-09-12 02:34:14
EVT-0002238,IF_MESPE_ORSC_001,MES,ORACLE_SCM,Kafka,Async,Success,,,,2213,SESS-32B062066D,REQ-D49B2FF9A32C,2026-09-14 00:02:19
EVT-0002247,IF_MESPE_ORSC_001,MES,ORACLE_SCM,Kafka,Async,Success,,,,2217,SESS-0EC77A5C9D,REQ-C626431D2E64,2026-09-15 04:57:47
EVT-0002257,IF_MESPC_PLMPD_001,MES,PLM,REST_API,REST,Success,,,,9020,SESS-211B3CDEFD,REQ-3F316C9FFE9F,2026-09-14 07:42:55
EVT-0002258,IF_MESYM_SAPQM_001,MES,SAP_ERP,Kafka,Async,Success,,,,1147,SESS-FC6FE65EE5,REQ-481C28B79C7B,2026-09-11 07:24:25
EVT-0002270,IF_MESPE_SAPPP_001,MES,SAP_ERP,Kafka,Async,Failed,VAL_400,Required business field failed validation,Validation,6459,SESS-C540609206,REQ-2E38B43BFFE5,2026-09-11 09:48:36
EVT-0002274,IF_MESPE_ORSC_001,MES,ORACLE_SCM,Kafka,Async,Success,,,,2815,SESS-7F7A9D49FA,REQ-643708F34797,2026-09-10 06:53:29
EVT-0002282,IF_MESPE_ORSC_001,MES,ORACLE_SCM,Kafka,Async,Success,,,,1967,SESS-BB31332BC7,REQ-00EB5EEB8BBF,2026-09-11 02:29:34
EVT-0002284,IF_MESPE_ORSC_001,MES,ORACLE_SCM,Kafka,Async,Success,,,,3114,SESS-F1F982A5E4,REQ-75D65264E3B5,2026-09-14 19:40:03
EVT-0002295,IF_MESYM_SAPQM_001,MES,SAP_ERP,Kafka,Async,Retry,VAL_400,Required business field failed validation,Validation,2873,SESS-0B9A319D1F,REQ-D6ED65CFB6D5,2026-09-13 03:19:57
EVT-0002304,IF_MESPC_PLMPD_001,MES,PLM,REST_API,REST,Success,,,,7074,SESS-EDAB1CE2B4,REQ-14FE380F438A,2026-09-10 06:36:27
EVT-0002317,IF_MESPE_SAPPP_001,MES,SAP_ERP,Kafka,Async,Success,,,,913,SESS-60BBFEA89D,REQ-86DD3B1F56A7,2026-09-10 11:19:52
EVT-0002319,IF_MESPE_ORSC_001,MES,ORACLE_SCM,Kafka,Async,Success,,,,2045,SESS-A211A6F988,REQ-FBB9392E1A1B,2026-09-10 19:27:14
EVT-0002325,IF_MESPC_PLMPD_001,MES,PLM,REST_API,REST,Retry,NET_CONN_003,Connection reset by peer,Network,11473,SESS-4D65B6F0D9,REQ-015261004C6A,2026-09-14 02:04:17
EVT-0002326,IF_MESYM_SAPQM_001,MES,SAP_ERP,Kafka,Async,Success,,,,1457,SESS-D719565483,REQ-003B245395A0,2026-09-15 21:47:29
EVT-0002329,IF_MESPE_ORSC_001,MES,ORACLE_SCM,Kafka,Async,Success,,,,1962,SESS-B79D6D7A65,REQ-16A5133A3F90,2026-09-10 01:47:00
EVT-0002333,IF_MESPC_PLMPD_001,MES,PLM,REST_API,REST,Retry,AUTH_401,Service credential rejected,Authentication,19390,SESS-52E30591A5,REQ-1ADB6CFE68BB,2026-09-11 10:40:22
EVT-0002337,IF_MESYM_SAPQM_001,MES,SAP_ERP,Kafka,Async,Success,,,,1360,SESS-E0492751DD,REQ-5543E0C0AA75,2026-09-12 12:47:18
EVT-0002340,IF_MESYM_SAPQM_001,MES,SAP_ERP,Kafka,Async,Success,,,,982,SESS-20AB0D97F8,REQ-5891A706516E,2026-09-14 13:31:42
EVT-0002342,IF_MESYM_SAPQM_001,MES,SAP_ERP,Kafka,Async,Success,,,,1593,SESS-9535B012A9,REQ-280BA25F5481,2026-09-12 19:07:50
EVT-0002344,IF_MESPE_ORSC_001,MES,ORACLE_SCM,Kafka,Async,Success,,,,2379,SESS-2BADB72E56,REQ-EDE437314B3D,2026-09-16 21:50:47
EVT-0002348,IF_MESPE_SAPPP_001,MES,SAP_ERP,Kafka,Async,Success,,,,873,SESS-7271250070,REQ-CEBF32A2DE54,2026-09-10 21:30:47
EVT-0002349,IF_MESPC_PLMPD_001,MES,PLM,REST_API,REST,Success,,,,6406,SESS-A4BC0E73BB,REQ-6F0C6CAE8F32,2026-09-13 20:31:02
EVT-0002360,IF_MESPE_ORSC_001,MES,ORACLE_SCM,Kafka,Async,Success,,,,1420,SESS-81A96D26A9,REQ-48D1E2BBAEF7,2026-09-11 05:46:24
EVT-0002364,IF_MESPE_SAPPP_001,MES,SAP_ERP,Kafka,Async,Retry,INFRA_008,Runtime node unavailable,Infrastructure,2141,SESS-BA5FA65909,REQ-1744F7CF2DC9,2026-09-10 23:14:49
EVT-0002379,IF_MESPC_PLMPD_001,MES,PLM,REST_API,REST,Retry,TIME_004,Downstream response exceeded SLA,Timeout,18833,SESS-E8F659E11C,REQ-BBA07A71B987,2026-09-16 20:07:20
EVT-0002391,IF_MESPE_ORSC_001,MES,ORACLE_SCM,Kafka,Async,Success,,,,2737,SESS-20832468FA,REQ-BFF01EADA560,2026-09-13 11:29:37
EVT-0002395,IF_MESPE_SAPPP_001,MES,SAP_ERP,Kafka,Async,Success,,,,1025,SESS-48FDE70930,REQ-05C6EB02735D,2026-09-15 23:02:58
EVT-0002410,IF_MESPE_SAPPP_001,MES,SAP_ERP,Kafka,Async,Success,,,,834,SESS-EAA5C98DFA,REQ-1D4EB0B610CB,2026-09-12 10:19:37
EVT-0002425,IF_MESPE_ORSC_001,MES,ORACLE_SCM,Kafka,Async,Success,,,,1458,SESS-645240C867,REQ-EE14A3FCE59D,2026-09-11 23:35:51
EVT-0002428,IF_MESPE_ORSC_001,MES,ORACLE_SCM,Kafka,Async,Success,,,,2943,SESS-1BDDB4B863,REQ-D5B25365F0F6,2026-09-16 23:07:43
EVT-0002431,IF_MESPC_PLMPD_001,MES,PLM,REST_API,REST,Success,,,,3602,SESS-007A5D4CE5,REQ-C7E5EEDFCE08,2026-09-11 21:32:12
EVT-0002433,IF_MESPE_SAPPP_001,MES,SAP_ERP,Kafka,Async,Success,,,,761,SESS-3A8CF37A31,REQ-B8439940153D,2026-09-14 23:30:46
EVT-0002436,IF_MESPE_ORSC_001,MES,ORACLE_SCM,Kafka,Async,Success,,,,1860,SESS-CFA44C1CEB,REQ-90CBC4536CE3,2026-09-13 20:12:33
EVT-0002443,IF_MESYM_SAPQM_001,MES,SAP_ERP,Kafka,Async,Success,,,,1536,SESS-670AA7AA01,REQ-EBB29ADBE017,2026-09-16 21:30:30
EVT-0002445,IF_MESYM_SAPQM_001,MES,SAP_ERP,Kafka,Async,Success,,,,1803,SESS-D712D4D3C8,REQ-59F7DE65094E,2026-09-10 18:58:20
EVT-0002447,IF_MESPC_PLMPD_001,MES,PLM,REST_API,REST,Success,,,,5181,SESS-85C9223D2E,REQ-8625F5C9B4F5,2026-09-10 21:51:52
EVT-0002454,IF_MESPE_SAPPP_001,MES,SAP_ERP,Kafka,Async,Retry,CAP_003,Downstream service is at capacity,Capacity,3161,SESS-DD975BF5AD,REQ-2509F49AC568,2026-09-12 19:36:03
EVT-0002461,IF_MESPC_PLMPD_001,MES,PLM,REST_API,REST,Retry,DB_COMMIT_014,Transaction commit failed,Database,26225,SESS-4BAE10C940,REQ-AE73C991346F,2026-09-11 04:35:37
EVT-0002469,IF_MESYM_SAPQM_001,MES,SAP_ERP,Kafka,Async,Success,,,,1705,SESS-05B4CA3EC1,REQ-13C7E19E8D8C,2026-09-13 23:07:26
EVT-0002471,IF_MESPE_SAPPP_001,MES,SAP_ERP,Kafka,Async,Success,,,,801,SESS-DD2B17AEBE,REQ-F082E9AF098B,2026-09-15 14:38:44
EVT-0002482,IF_MESYM_SAPQM_001,MES,SAP_ERP,Kafka,Async,Failed,EXT_502,Downstream service returned 502,External Service,3356,SESS-73770B7B77,REQ-4236131E3672,2026-09-13 18:41:50
EVT-0002484,IF_MESPC_PLMPD_001,MES,PLM,REST_API,REST,Success,,,,7137,SESS-EF11F4F139,REQ-7B6A5346938E,2026-09-15 20:37:23
EVT-0002486,IF_MESYM_SAPQM_001,MES,SAP_ERP,Kafka,Async,Success,,,,1456,SESS-58C362EFC4,REQ-514CC6AC6E26,2026-09-16 16:03:22
EVT-0002505,IF_MESPC_PLMPD_001,MES,PLM,REST_API,REST,Success,,,,6133,SESS-0758216484,REQ-EB6940B140A1,2026-09-10 14:17:20
EVT-0002513,IF_MESPE_SAPPP_001,MES,SAP_ERP,Kafka,Async,Success,,,,698,SESS-B0F6CD50B3,REQ-6CAFB43D3BA0,2026-09-11 08:32:04
EVT-0002526,IF_MESPE_ORSC_001,MES,ORACLE_SCM,Kafka,Async,Success,,,,2352,SESS-D43AEE538F,REQ-60245063E87B,2026-09-14 01:45:21
EVT-0002528,IF_MESPC_PLMPD_001,MES,PLM,REST_API,REST,Retry,CFG_017,Interface configuration mismatch,Configuration,20699,SESS-5A32F05674,REQ-7D6C4BCEE45C,2026-09-10 20:24:57
EVT-0002529,IF_MESPC_PLMPD_001,MES,PLM,REST_API,REST,Success,,,,6603,SESS-89A0DBBDBC,REQ-D66AD5E5F161,2026-09-12 22:36:27
EVT-0002540,IF_MESPE_SAPPP_001,MES,SAP_ERP,Kafka,Async,Success,,,,541,SESS-93ED0CA0B6,REQ-B42F73349AC0,2026-09-14 08:57:20
EVT-0002547,IF_MESPE_SAPPP_001,MES,SAP_ERP,Kafka,Async,Success,,,,889,SESS-C656FAEA52,REQ-809FD9DB55CB,2026-09-11 00:13:05
EVT-0002548,IF_MESPE_ORSC_001,MES,ORACLE_SCM,Kafka,Async,Success,,,,1643,SESS-90B34B5582,REQ-DA546D81AA08,2026-09-10 12:11:46
EVT-0002559,IF_MESPE_SAPPP_001,MES,SAP_ERP,Kafka,Async,Success,,,,975,SESS-589B404882,REQ-C3338D993AFC,2026-09-11 17:43:29
EVT-0002574,IF_MESYM_SAPQM_001,MES,SAP_ERP,Kafka,Async,Success,,,,1519,SESS-2826BF8E6E,REQ-D6ADCBC09F18,2026-09-15 04:09:22
EVT-0002590,IF_MESPE_ORSC_001,MES,ORACLE_SCM,Kafka,Async,Success,,,,2009,SESS-37CE1DD588,REQ-1DD880AFC932,2026-09-14 07:34:06
EVT-0002592,IF_MESPE_ORSC_001,MES,ORACLE_SCM,Kafka,Async,Success,,,,2021,SESS-F487F22F40,REQ-8B72EBC83816,2026-09-12 19:57:26
EVT-0002598,IF_MESPE_ORSC_001,MES,ORACLE_SCM,Kafka,Async,Success,,,,1526,SESS-DC7FFE7A73,REQ-D85625FA3F26,2026-09-10 19:00:25
EVT-0002606,IF_MESPE_SAPPP_001,MES,SAP_ERP,Kafka,Async,Success,,,,995,SESS-FA94BFF84E,REQ-2D7ED76E7592,2026-09-14 00:54:36
EVT-0002631,IF_MESPC_PLMPD_001,MES,PLM,REST_API,REST,Failed,CFG_017,Interface configuration mismatch,Configuration,25756,SESS-6C9AEB8F74,REQ-8EE95D75EA7F,2026-09-14 07:34:15
EVT-0002652,IF_MESPE_ORSC_001,MES,ORACLE_SCM,Kafka,Async,Success,,,,2089,SESS-3773CBC960,REQ-D425F9E00B07,2026-09-16 12:15:32
EVT-0002656,IF_MESPE_ORSC_001,MES,ORACLE_SCM,Kafka,Async,Success,,,,2337,SESS-407D311813,REQ-17F8105CDC67,2026-09-11 08:17:48
EVT-0002658,IF_MESYM_SAPQM_001,MES,SAP_ERP,Kafka,Async,Retry,AUTH_401,Service credential rejected,Authentication,3466,SESS-87D8C4CA53,REQ-C952299B9F17,2026-09-14 17:13:57
EVT-0002675,IF_MESPC_PLMPD_001,MES,PLM,REST_API,REST,Success,,,,8094,SESS-6DDDF7306F,REQ-6E7643E61F75,2026-09-16 22:49:34
EVT-0002694,IF_MESPE_ORSC_001,MES,ORACLE_SCM,Kafka,Async,Success,,,,2188,SESS-5400C65D7A,REQ-0FE220E298AC,2026-09-16 10:16:37
EVT-0002696,IF_MESPE_ORSC_001,MES,ORACLE_SCM,Kafka,Async,Success,,,,2527,SESS-7939523F8D,REQ-B974E127E7D9,2026-09-12 03:07:23
EVT-0002706,IF_MESPE_SAPPP_001,MES,SAP_ERP,Kafka,Async,Success,,,,794,SESS-674E418954,REQ-3F1AB6E8116F,2026-09-13 11:51:12
EVT-0002712,IF_MESYM_SAPQM_001,MES,SAP_ERP,Kafka,Async,Success,,,,1496,SESS-D76BBDF416,REQ-E0CB952A721D,2026-09-10 19:54:42
EVT-0002713,IF_MESYM_SAPQM_001,MES,SAP_ERP,Kafka,Async,Retry,CFG_017,Interface configuration mismatch,Configuration,3192,SESS-EBD61EBD85,REQ-6F674FCBDD99,2026-09-12 08:30:29
EVT-0002715,IF_MESPE_ORSC_001,MES,ORACLE_SCM,Kafka,Async,Failed,CFG_017,Interface configuration mismatch,Configuration,4925,SESS-5F8F65B925,REQ-4FFFEB205A74,2026-09-14 12:57:14
EVT-0002721,IF_MESYM_SAPQM_001,MES,SAP_ERP,Kafka,Async,Success,,,,1235,SESS-9ADC7080C1,REQ-EB7EEBF08A70,2026-09-10 08:21:35
EVT-0002726,IF_MESPC_PLMPD_001,MES,PLM,REST_API,REST,Success,,,,5198,SESS-065C9C1E6C,REQ-841C2551B5C9,2026-09-12 06:49:40
EVT-0002729,IF_MESPE_ORSC_001,MES,ORACLE_SCM,Kafka,Async,Success,,,,2222,SESS-4EB6F5D7E3,REQ-2D1EF896FD94,2026-09-10 04:03:30
EVT-0002743,IF_MESPE_SAPPP_001,MES,SAP_ERP,Kafka,Async,Success,,,,1036,SESS-2C3BEC4934,REQ-F1CC3DBAA282,2026-09-13 17:23:49
EVT-0002746,IF_MESPE_SAPPP_001,MES,SAP_ERP,Kafka,Async,Success,,,,588,SESS-B9405CADA0,REQ-44B53EA10279,2026-09-14 04:25:19
EVT-0002750,IF_MESPC_PLMPD_001,MES,PLM,REST_API,REST,Success,,,,6357,SESS-8A2A609D7D,REQ-28F6600781DE,2026-09-10 00:07:14
EVT-0002754,IF_MESPC_PLMPD_001,MES,PLM,REST_API,REST,Success,,,,5831,SESS-8AD15B47BF,REQ-1F325A2AD298,2026-09-13 00:27:46
EVT-0002761,IF_MESPC_PLMPD_001,MES,PLM,REST_API,REST,Success,,,,7642,SESS-E89EBF45C5,REQ-FC924E3273F6,2026-09-13 22:55:41
EVT-0002762,IF_MESPE_SAPPP_001,MES,SAP_ERP,Kafka,Async,Retry,NET_CONN_003,Connection reset by peer,Network,2224,SESS-792C6E368D,REQ-BC43C7A23AD6,2026-09-14 16:31:23
EVT-0002768,IF_MESPC_PLMPD_001,MES,PLM,REST_API,REST,Success,,,,5926,SESS-5ECC784998,REQ-A65560DA9CA9,2026-09-14 08:53:06
EVT-0002769,IF_MESPC_PLMPD_001,MES,PLM,REST_API,REST,Success,,,,7827,SESS-44C3AED819,REQ-E91EF738754D,2026-09-10 21:32:01
EVT-0002782,IF_MESYM_SAPQM_001,MES,SAP_ERP,Kafka,Async,Success,,,,1816,SESS-D168754616,REQ-D1F7A5953E6B,2026-09-12 22:51:26
EVT-0002791,IF_MESPE_ORSC_001,MES,ORACLE_SCM,Kafka,Async,Success,,,,2741,SESS-E76C8D41DE,REQ-A5EF97985C1C,2026-09-12 11:05:16
EVT-0002799,IF_MESPC_PLMPD_001,MES,PLM,REST_API,REST,Success,,,,6743,SESS-D5389D3B91,REQ-67E35FEF32AD,2026-09-12 20:53:19
EVT-0002805,IF_MESPE_ORSC_001,MES,ORACLE_SCM,Kafka,Async,Success,,,,2803,SESS-71D918D4F8,REQ-97746080C27B,2026-09-15 14:17:06
EVT-0002811,IF_MESPE_ORSC_001,MES,ORACLE_SCM,Kafka,Async,Success,,,,1863,SESS-985A5AAC18,REQ-FB2CADBEF9D2,2026-09-10 19:45:57
EVT-0002819,IF_MESPE_ORSC_001,MES,ORACLE_SCM,Kafka,Async,Success,,,,2620,SESS-F3F5B92341,REQ-584CA01DD208,2026-09-12 23:38:53
EVT-0002821,IF_MESPE_ORSC_001,MES,ORACLE_SCM,Kafka,Async,Success,,,,1754,SESS-4FAA044C45,REQ-3C48706D9E2D,2026-09-13 00:17:28
EVT-0002822,IF_MESPC_PLMPD_001,MES,PLM,REST_API,REST,Success,,,,6690,SESS-3644D91CEF,REQ-E84378DE468A,2026-09-10 22:06:04
EVT-0002835,IF_MESPE_ORSC_001,MES,ORACLE_SCM,Kafka,Async,Success,,,,1787,SESS-220C06FB51,REQ-30FA45BBF92D,2026-09-10 10:36:29
EVT-0002839,IF_MESPE_ORSC_001,MES,ORACLE_SCM,Kafka,Async,Success,,,,2415,SESS-493401CCEA,REQ-63435D8A8E10,2026-09-12 09:17:37
EVT-0002849,IF_MESYM_SAPQM_001,MES,SAP_ERP,Kafka,Async,Success,,,,1819,SESS-29AC5E8C47,REQ-C32FA4C57705,2026-09-16 16:12:21
EVT-0002855,IF_MESPE_SAPPP_001,MES,SAP_ERP,Kafka,Async,Success,,,,908,SESS-8DD5D061D1,REQ-43E6EBD02E83,2026-09-10 08:35:15
EVT-0002857,IF_MESYM_SAPQM_001,MES,SAP_ERP,Kafka,Async,Failed,TIME_004,Downstream response exceeded SLA,Timeout,7647,SESS-59D01C3535,REQ-E9E9A8CE782C,2026-09-13 04:04:08
EVT-0002859,IF_MESPE_SAPPP_001,MES,SAP_ERP,Kafka,Async,Retry,DB_COMMIT_014,Transaction commit failed,Database,3415,SESS-3AB3CEE9D2,REQ-B866E53EAAA2,2026-09-13 23:30:02
EVT-0002862,IF_MESPE_ORSC_001,MES,ORACLE_SCM,Kafka,Async,Success,,,,2403,SESS-C8CBB57484,REQ-1860C0EEF89D,2026-09-15 01:55:55
EVT-0002877,IF_MESYM_SAPQM_001,MES,SAP_ERP,Kafka,Async,Success,,,,1200,SESS-1C33C91513,REQ-89A2C3EBEC08,2026-09-16 12:40:23
EVT-0002878,IF_MESYM_SAPQM_001,MES,SAP_ERP,Kafka,Async,Success,,,,1328,SESS-8C41A34D4F,REQ-644124D542AB,2026-09-13 13:15:59
EVT-0002881,IF_MESPE_SAPPP_001,MES,SAP_ERP,Kafka,Async,Success,,,,728,SESS-04338223AB,REQ-F429FAFCAADF,2026-09-15 11:49:20
EVT-0002885,IF_MESYM_SAPQM_001,MES,SAP_ERP,Kafka,Async,Success,,,,947,SESS-96028CF1F8,REQ-929D184BFF78,2026-09-11 02:55:42
EVT-0002886,IF_MESPE_SAPPP_001,MES,SAP_ERP,Kafka,Async,Success,,,,868,SESS-D9F2038100,REQ-0F3B19E0354F,2026-09-15 03:13:24
EVT-0002897,IF_MESPE_SAPPP_001,MES,SAP_ERP,Kafka,Async,Success,,,,741,SESS-AB7E9C635D,REQ-CD3523E845F8,2026-09-12 23:08:53
EVT-0002898,IF_MESPE_ORSC_001,MES,ORACLE_SCM,Kafka,Async,Success,,,,2801,SESS-11A05DFBC5,REQ-3A64CB95B714,2026-09-14 04:52:02
EVT-0002914,IF_MESYM_SAPQM_001,MES,SAP_ERP,Kafka,Async,Retry,TIME_004,Downstream response exceeded SLA,Timeout,3838,SESS-483BFC74F3,REQ-31D51C64F7AD,2026-09-12 07:45:24
EVT-0002917,IF_MESYM_SAPQM_001,MES,SAP_ERP,Kafka,Async,Success,,,,1067,SESS-6F16A8F41C,REQ-172A023BF95D,2026-09-14 00:23:39
EVT-0002918,IF_MESYM_SAPQM_001,MES,SAP_ERP,Kafka,Async,Success,,,,1429,SESS-E05A49587A,REQ-C0C7C3CD7FA4,2026-09-16 09:40:27
EVT-0002921,IF_MESPE_ORSC_001,MES,ORACLE_SCM,Kafka,Async,Success,,,,2062,SESS-9051EBB829,REQ-FB5A1CDDC65C,2026-09-15 05:08:48
EVT-0002930,IF_MESPC_PLMPD_001,MES,PLM,REST_API,REST,Success,,,,5843,SESS-6DBE88E678,REQ-FAE5F8F4A6B4,2026-09-13 01:16:49
EVT-0002939,IF_MESPE_SAPPP_001,MES,SAP_ERP,Kafka,Async,Success,,,,1313,SESS-EC8D05C734,REQ-98E596739B92,2026-09-14 21:42:53
EVT-0002944,IF_MESPE_SAPPP_001,MES,SAP_ERP,Kafka,Async,Success,,,,797,SESS-1E2D7800E7,REQ-70CF6B86E385,2026-09-11 03:08:41
EVT-0002949,IF_MESPE_SAPPP_001,MES,SAP_ERP,Kafka,Async,Success,,,,824,SESS-6C09015E01,REQ-5D76A83879E5,2026-09-14 03:55:25
EVT-0002950,IF_MESPE_SAPPP_001,MES,SAP_ERP,Kafka,Async,Failed,NET_CONN_003,Connection reset by peer,Network,1632,SESS-FD5E1BF291,REQ-526938D7D630,2026-09-11 05:29:46
EVT-0002969,IF_MESPC_PLMPD_001,MES,PLM,REST_API,REST,Failed,VAL_400,Required business field failed validation,Validation,13487,SESS-7AE4626036,REQ-512919177340,2026-09-15 18:40:11
EVT-0002971,IF_MESYM_SAPQM_001,MES,SAP_ERP,Kafka,Async,Success,,,,1208,SESS-50AC08CFC2,REQ-D07CC0059A91,2026-09-14 07:25:12
EVT-0002982,IF_MESPC_PLMPD_001,MES,PLM,REST_API,REST,Success,,,,6271,SESS-FCA020F86E,REQ-4F7FA4B48E07,2026-09-14 11:11:40
EVT-0002994,IF_MESPC_PLMPD_001,MES,PLM,REST_API,REST,Success,,,,8265,SESS-B0F1933D11,REQ-AB8D9C61C16F,2026-09-10 21:09:40
EVT-0002997,IF_MESPE_SAPPP_001,MES,SAP_ERP,Kafka,Async,Retry,CFG_017,Interface configuration mismatch,Configuration,2185,SESS-0449E82B02,REQ-08993D28559C,2026-09-12 04:20:15
EVT-0002999,IF_MESYM_SAPQM_001,MES,SAP_ERP,Kafka,Async,Success,,,,1649,SESS-D1608B589B,REQ-A4BCBC578AEA,2026-09-14 19:22:58
EVT-0003011,IF_MESPC_PLMPD_001,MES,PLM,REST_API,REST,Success,,,,6070,SESS-D024E6C53D,REQ-25A56B2215E3,2026-09-14 18:59:11
EVT-0003013,IF_MESPC_PLMPD_001,MES,PLM,REST_API,REST,Success,,,,6700,SESS-59CD5B1363,REQ-D2C7E04768ED,2026-09-14 04:06:08
EVT-0003015,IF_MESPC_PLMPD_001,MES,PLM,REST_API,REST,Success,,,,6902,SESS-71FC52FC13,REQ-9F5348CAA398,2026-09-13 02:31:24
EVT-0003025,IF_MESPE_ORSC_001,MES,ORACLE_SCM,Kafka,Async,Failed,AUTH_401,Service credential rejected,Authentication,16999,SESS-DB828CE148,REQ-A90F5AE5FF39,2026-09-12 01:49:46
EVT-0003026,IF_MESPE_SAPPP_001,MES,SAP_ERP,Kafka,Async,Success,,,,703,SESS-B5D9645AB1,REQ-885B8CA44431,2026-09-16 19:18:54
EVT-0003033,IF_MESPE_ORSC_001,MES,ORACLE_SCM,Kafka,Async,Failed,AUTHZ_403,Caller is not authorized,Authorization,9646,SESS-A24BE76158,REQ-1D2167E9AEFD,2026-09-10 21:20:57
EVT-0003039,IF_MESPE_ORSC_001,MES,ORACLE_SCM,Kafka,Async,Success,,,,3526,SESS-675375E3BB,REQ-C58DF2AF806F,2026-09-11 08:22:09
EVT-0003043,IF_MESPE_ORSC_001,MES,ORACLE_SCM,Kafka,Async,Success,,,,3221,SESS-F82C1C354E,REQ-481FE0CEA15E,2026-09-16 14:00:04
EVT-0003066,IF_MESPC_PLMPD_001,MES,PLM,REST_API,REST,Success,,,,6004,SESS-9FB60517A4,REQ-E401E9AD3915,2026-09-13 17:08:06
EVT-0003067,IF_MESPC_PLMPD_001,MES,PLM,REST_API,REST,Retry,INFRA_008,Runtime node unavailable,Infrastructure,11001,SESS-FDEBE49463,REQ-DB54FFC7753D,2026-09-15 12:30:44
EVT-0003085,IF_MESYM_SAPQM_001,MES,SAP_ERP,Kafka,Async,Success,,,,1563,SESS-909212A45B,REQ-AC0BCFD9CF8A,2026-09-12 07:21:28
EVT-0003091,IF_MESPE_SAPPP_001,MES,SAP_ERP,Kafka,Async,Success,,,,865,SESS-17255DFC38,REQ-9CA8DBDD3E99,2026-09-12 20:31:04
EVT-0003106,IF_MESPE_ORSC_001,MES,ORACLE_SCM,Kafka,Async,Success,,,,2506,SESS-EA2FC3F68F,REQ-027EB2853917,2026-09-15 12:01:26
EVT-0003123,IF_MESPE_ORSC_001,MES,ORACLE_SCM,Kafka,Async,Success,,,,1964,SESS-3E19A9F467,REQ-2631098E1556,2026-09-16 23:03:16
EVT-0003125,IF_MESPE_SAPPP_001,MES,SAP_ERP,Kafka,Async,Success,,,,1085,SESS-D672A41150,REQ-9D1E59B637F0,2026-09-10 22:03:46
EVT-0003135,IF_MESYM_SAPQM_001,MES,SAP_ERP,Kafka,Async,Success,,,,1643,SESS-5FB9E24E8F,REQ-C71E22FDC41A,2026-09-14 04:51:37
EVT-0003136,IF_MESYM_SAPQM_001,MES,SAP_ERP,Kafka,Async,Success,,,,1457,SESS-B5568ADB53,REQ-8E6E75005848,2026-09-13 03:06:09
EVT-0003142,IF_MESPE_SAPPP_001,MES,SAP_ERP,Kafka,Async,Success,,,,1013,SESS-C52ACF2582,REQ-F119D8060E01,2026-09-16 04:19:57
EVT-0003147,IF_MESPE_ORSC_001,MES,ORACLE_SCM,Kafka,Async,Success,,,,2574,SESS-FCC3327BD6,REQ-A704EDA13D9C,2026-09-16 02:19:06
EVT-0003152,IF_MESPE_SAPPP_001,MES,SAP_ERP,Kafka,Async,Success,,,,916,SESS-45555D0572,REQ-DE06D5FC8DA2,2026-09-10 21:37:36
EVT-0003153,IF_MESPC_PLMPD_001,MES,PLM,REST_API,REST,Success,,,,5429,SESS-D09ECACFA9,REQ-AF219904BF9D,2026-09-16 02:13:02
EVT-0003156,IF_MESPC_PLMPD_001,MES,PLM,REST_API,REST,Success,,,,5125,SESS-1A150FBE93,REQ-C2122C0F915D,2026-09-15 22:26:52
EVT-0003158,IF_MESPE_SAPPP_001,MES,SAP_ERP,Kafka,Async,Success,,,,987,SESS-70DD61A6DB,REQ-F928BA880D4D,2026-09-13 03:42:51
EVT-0003176,IF_MESYM_SAPQM_001,MES,SAP_ERP,Kafka,Async,Retry,NET_CONN_003,Connection reset by peer,Network,4780,SESS-05D7F9E45C,REQ-76528F76DCDF,2026-09-10 01:46:07
EVT-0003190,IF_MESPE_SAPPP_001,MES,SAP_ERP,Kafka,Async,Success,,,,807,SESS-3D7592B524,REQ-0CF8FB998DC7,2026-09-16 02:17:16
EVT-0003193,IF_MESPE_SAPPP_001,MES,SAP_ERP,Kafka,Async,Failed,NET_CONN_003,Connection reset by peer,Network,7039,SESS-66DE97019A,REQ-8D524E4BFCC3,2026-09-13 23:38:02
EVT-0003196,IF_MESPC_PLMPD_001,MES,PLM,REST_API,REST,Success,,,,6713,SESS-1C45AF6DA2,REQ-392EFCF76245,2026-09-11 17:16:09
EVT-0003204,IF_MESPE_SAPPP_001,MES,SAP_ERP,Kafka,Async,Success,,,,541,SESS-4D546303F1,REQ-D7F89243BBC6,2026-09-13 16:34:34
EVT-0003212,IF_MESPE_SAPPP_001,MES,SAP_ERP,Kafka,Async,Success,,,,769,SESS-5EC8969591,REQ-92752CB75C9D,2026-09-16 02:57:00
EVT-0003216,IF_MESPE_SAPPP_001,MES,SAP_ERP,Kafka,Async,Success,,,,1088,SESS-A082EDA6CD,REQ-D09924890528,2026-09-10 13:35:32
EVT-0003217,IF_MESYM_SAPQM_001,MES,SAP_ERP,Kafka,Async,Success,,,,1628,SESS-29238689BA,REQ-E0E5E4693CE2,2026-09-16 11:57:59
EVT-0003218,IF_MESYM_SAPQM_001,MES,SAP_ERP,Kafka,Async,Success,,,,1371,SESS-833A4EC0D2,REQ-0F9BF3131062,2026-09-12 08:03:49
EVT-0003220,IF_MESPE_ORSC_001,MES,ORACLE_SCM,Kafka,Async,Success,,,,2442,SESS-B195C7935E,REQ-3E692C2D7058,2026-09-10 03:52:19
EVT-0003224,IF_MESPE_SAPPP_001,MES,SAP_ERP,Kafka,Async,Success,,,,1021,SESS-F629812003,REQ-D7B4679E0679,2026-09-15 22:14:33
EVT-0003230,IF_MESPE_ORSC_001,MES,ORACLE_SCM,Kafka,Async,Success,,,,1798,SESS-288161202B,REQ-BE1D10EC5C53,2026-09-10 22:22:23
EVT-0003239,IF_MESYM_SAPQM_001,MES,SAP_ERP,Kafka,Async,Success,,,,1346,SESS-DCD83EC1E7,REQ-E16386B0CB18,2026-09-15 14:15:05
EVT-0003245,IF_MESPE_SAPPP_001,MES,SAP_ERP,Kafka,Async,Success,,,,492,SESS-B32AEBB3C3,REQ-632AF3C3F1B0,2026-09-13 02:11:54
EVT-0003247,IF_MESPE_SAPPP_001,MES,SAP_ERP,Kafka,Async,Success,,,,525,SESS-C52E6EBBCB,REQ-473A1B14FC02,2026-09-13 21:54:56
EVT-0003249,IF_MESPE_ORSC_001,MES,ORACLE_SCM,Kafka,Async,Success,,,,2314,SESS-02C91D6B4E,REQ-7CD3FBA157E4,2026-09-13 11:28:00
EVT-0003251,IF_MESYM_SAPQM_001,MES,SAP_ERP,Kafka,Async,Success,,,,1868,SESS-EB8BB9C649,REQ-56B1F6B6FB28,2026-09-14 12:41:00
EVT-0003260,IF_MESYM_SAPQM_001,MES,SAP_ERP,Kafka,Async,Failed,AUTHZ_403,Caller is not authorized,Authorization,8993,SESS-66E7674D73,REQ-0D12AA6BE936,2026-09-16 23:33:04
EVT-0003281,IF_MESPE_ORSC_001,MES,ORACLE_SCM,Kafka,Async,Success,,,,2368,SESS-A84B3C6956,REQ-9D9B87B636E5,2026-09-14 05:57:39
EVT-0003283,IF_MESPC_PLMPD_001,MES,PLM,REST_API,REST,Success,,,,8234,SESS-784F7D8C9F,REQ-176003829EFE,2026-09-15 17:26:49
EVT-0003301,IF_MESPE_SAPPP_001,MES,SAP_ERP,Kafka,Async,Failed,INFRA_008,Runtime node unavailable,Infrastructure,7372,SESS-5DB36D5167,REQ-0A330A3A48B7,2026-09-16 19:57:58
EVT-0003302,IF_MESPE_ORSC_001,MES,ORACLE_SCM,Kafka,Async,Success,,,,2789,SESS-6DAC59FA7B,REQ-548249D891D3,2026-09-13 03:38:00
EVT-0003334,IF_MESYM_SAPQM_001,MES,SAP_ERP,Kafka,Async,Success,,,,1572,SESS-88E4DC25C2,REQ-EDEDEE49DCFE,2026-09-12 05:20:37
EVT-0003338,IF_MESPE_ORSC_001,MES,ORACLE_SCM,Kafka,Async,Success,,,,2789,SESS-226108C98A,REQ-F2A48B5C0015,2026-09-15 15:31:19
EVT-0003354,IF_MESPE_ORSC_001,MES,ORACLE_SCM,Kafka,Async,Success,,,,2414,SESS-7F5B0046A5,REQ-52900402DA9B,2026-09-16 00:27:29
EVT-0003357,IF_MESPE_ORSC_001,MES,ORACLE_SCM,Kafka,Async,Success,,,,2556,SESS-D1902E2A60,REQ-E15F2920909A,2026-09-14 16:13:30
EVT-0003359,IF_MESYM_SAPQM_001,MES,SAP_ERP,Kafka,Async,Retry,TIME_004,Downstream response exceeded SLA,Timeout,4078,SESS-5A89A5B562,REQ-33604F5DB5A9,2026-09-16 03:49:23
EVT-0003360,IF_MESPE_ORSC_001,MES,ORACLE_SCM,Kafka,Async,Success,,,,2408,SESS-E272B8DD7C,REQ-C1CC0DFEF1AE,2026-09-11 17:35:59
EVT-0003361,IF_MESPC_PLMPD_001,MES,PLM,REST_API,REST,Success,,,,3276,SESS-5213488C79,REQ-33C0DE459A2E,2026-09-14 22:20:07
EVT-0003387,IF_MESPE_SAPPP_001,MES,SAP_ERP,Kafka,Async,Success,,,,757,SESS-F27C50E785,REQ-F0D29C5A6F12,2026-09-14 23:07:37
EVT-0003391,IF_MESPE_SAPPP_001,MES,SAP_ERP,Kafka,Async,Success,,,,743,SESS-3F6D352B54,REQ-5D44269B0194,2026-09-15 13:41:26
EVT-0003392,IF_MESPE_ORSC_001,MES,ORACLE_SCM,Kafka,Async,Success,,,,2609,SESS-0E854F512B,REQ-3DEC0169479C,2026-09-14 21:56:41
EVT-0003396,IF_MESPE_SAPPP_001,MES,SAP_ERP,Kafka,Async,Success,,,,1005,SESS-EF44446635,REQ-C8C536CD723F,2026-09-12 06:15:35
EVT-0003399,IF_MESPE_ORSC_001,MES,ORACLE_SCM,Kafka,Async,Success,,,,2390,SESS-A063AB5AB0,REQ-D4AF81E044E6,2026-09-14 00:04:07
EVT-0003407,IF_MESYM_SAPQM_001,MES,SAP_ERP,Kafka,Async,Retry,AUTHZ_403,Caller is not authorized,Authorization,2907,SESS-CE9C8F5969,REQ-7C5739EC85D3,2026-09-10 02:15:21
EVT-0003426,IF_MESPE_ORSC_001,MES,ORACLE_SCM,Kafka,Async,Success,,,,1879,SESS-5492843223,REQ-C520FFB3B7B4,2026-09-14 21:37:31
EVT-0003432,IF_MESPE_SAPPP_001,MES,SAP_ERP,Kafka,Async,Success,,,,1066,SESS-1C59FFEE26,REQ-B9D909DEA79E,2026-09-10 14:24:12
EVT-0003446,IF_MESPE_ORSC_001,MES,ORACLE_SCM,Kafka,Async,Success,,,,2624,SESS-57AA1E379F,REQ-410E64D17A87,2026-09-10 23:11:46
EVT-0003447,IF_MESPE_ORSC_001,MES,ORACLE_SCM,Kafka,Async,Success,,,,2700,SESS-8B5CA2E7B7,REQ-976578ED7644,2026-09-12 09:00:52
EVT-0003449,IF_MESPE_SAPPP_001,MES,SAP_ERP,Kafka,Async,Failed,EXT_502,Downstream service returned 502,External Service,2399,SESS-4B579E7208,REQ-45B31AA7DECE,2026-09-15 23:08:09
EVT-0003457,IF_MESPE_SAPPP_001,MES,SAP_ERP,Kafka,Async,Success,,,,732,SESS-AB4A597D1A,REQ-CBC618F81F39,2026-09-10 00:55:30
EVT-0003458,IF_MESPE_SAPPP_001,MES,SAP_ERP,Kafka,Async,Success,,,,857,SESS-78CF32D3DA,REQ-C2ECDF60D5B4,2026-09-13 00:53:16
EVT-0003461,IF_MESPE_ORSC_001,MES,ORACLE_SCM,Kafka,Async,Retry,AUTH_401,Service credential rejected,Authentication,6177,SESS-CD890E3449,REQ-DB3FCD06D49D,2026-09-14 01:42:46
EVT-0003489,IF_MESPE_SAPPP_001,MES,SAP_ERP,Kafka,Async,Retry,AUTHZ_403,Caller is not authorized,Authorization,2772,SESS-9137C6612E,REQ-0FCCBC3B9779,2026-09-15 12:48:05
EVT-0003508,IF_MESPC_PLMPD_001,MES,PLM,REST_API,REST,Success,,,,7762,SESS-4509E141CF,REQ-275EFD69DD11,2026-09-15 23:27:09
EVT-0003511,IF_MESPE_SAPPP_001,MES,SAP_ERP,Kafka,Async,Success,,,,1028,SESS-575E17E67D,REQ-43F6828CAAFD,2026-09-13 06:58:10
EVT-0003512,IF_MESYM_SAPQM_001,MES,SAP_ERP,Kafka,Async,Success,,,,1098,SESS-A236118691,REQ-92B1FE113974,2026-09-10 04:14:49
EVT-0003515,IF_MESPE_ORSC_001,MES,ORACLE_SCM,Kafka,Async,Success,,,,2882,SESS-B3E4C0E4B5,REQ-BA4F5E88209F,2026-09-14 22:53:09
EVT-0003516,IF_MESPC_PLMPD_001,MES,PLM,REST_API,REST,Success,,,,6132,SESS-2DD0A83BE7,REQ-4E23ABDA4C5B,2026-09-14 19:16:58
EVT-0003536,IF_MESPE_ORSC_001,MES,ORACLE_SCM,Kafka,Async,Success,,,,1935,SESS-5564C96EEA,REQ-067C094BD3B2,2026-09-15 08:34:09
EVT-0003550,IF_MESYM_SAPQM_001,MES,SAP_ERP,Kafka,Async,Success,,,,1613,SESS-83BDEC64EB,REQ-5B20AD8FF64C,2026-09-10 18:27:06
EVT-0003553,IF_MESYM_SAPQM_001,MES,SAP_ERP,Kafka,Async,Success,,,,1733,SESS-4324020FC2,REQ-5AFEAC607A49,2026-09-14 14:09:22
EVT-0003560,IF_MESPE_SAPPP_001,MES,SAP_ERP,Kafka,Async,Success,,,,690,SESS-E8691893F6,REQ-8D5582B3A7DA,2026-09-16 22:01:04
EVT-0003561,IF_MESPC_PLMPD_001,MES,PLM,REST_API,REST,Failed,VAL_400,Required business field failed validation,Validation,40251,SESS-A4C5F5AB14,REQ-9D83C8049930,2026-09-11 06:37:44
EVT-0003565,IF_MESPC_PLMPD_001,MES,PLM,REST_API,REST,Success,,,,5340,SESS-CE49D4F1D8,REQ-5B04B28F59B4,2026-09-12 02:21:16
EVT-0003586,IF_MESYM_SAPQM_001,MES,SAP_ERP,Kafka,Async,Success,,,,1675,SESS-2A6ABDB6E2,REQ-E1138969D530,2026-09-16 21:14:38
EVT-0003594,IF_MESYM_SAPQM_001,MES,SAP_ERP,Kafka,Async,Success,,,,1400,SESS-8FC8223666,REQ-BC8BD33C0B2D,2026-09-16 11:04:41
EVT-0003595,IF_MESYM_SAPQM_001,MES,SAP_ERP,Kafka,Async,Success,,,,1235,SESS-FAB0BC816B,REQ-7271E77BBD97,2026-09-16 00:00:38
EVT-0003606,IF_MESPE_ORSC_001,MES,ORACLE_SCM,Kafka,Async,Failed,CAP_003,Downstream service is at capacity,Capacity,18701,SESS-C37F2824C4,REQ-13A3A141AFE2,2026-09-13 13:37:23
EVT-0003609,IF_MESYM_SAPQM_001,MES,SAP_ERP,Kafka,Async,Success,,,,1676,SESS-890711092D,REQ-B19B9757E3CA,2026-09-10 23:59:01
EVT-0003615,IF_MESPE_ORSC_001,MES,ORACLE_SCM,Kafka,Async,Success,,,,2736,SESS-C1D4D0A425,REQ-1711F1C4EFE4,2026-09-14 15:47:13
EVT-0003617,IF_MESPE_SAPPP_001,MES,SAP_ERP,Kafka,Async,Success,,,,706,SESS-CA58192E61,REQ-CA4CF1858FC6,2026-09-12 14:05:22
EVT-0003624,IF_MESPE_SAPPP_001,MES,SAP_ERP,Kafka,Async,Success,,,,1022,SESS-F9CD834C55,REQ-6C5F35260737,2026-09-11 06:27:15
EVT-0003629,IF_MESPE_ORSC_001,MES,ORACLE_SCM,Kafka,Async,Success,,,,1552,SESS-12CF026A30,REQ-456C758A1AFF,2026-09-16 11:55:25
EVT-0003635,IF_MESPE_SAPPP_001,MES,SAP_ERP,Kafka,Async,Success,,,,625,SESS-4DC71418AE,REQ-CD4C8A858CD0,2026-09-11 17:17:53
EVT-0003639,IF_MESPE_SAPPP_001,MES,SAP_ERP,Kafka,Async,Success,,,,1018,SESS-E46FC8236B,REQ-08E9919112D2,2026-09-10 22:21:29
EVT-0003642,IF_MESPE_SAPPP_001,MES,SAP_ERP,Kafka,Async,Success,,,,833,SESS-1A5D61A0B5,REQ-968DB7B538A9,2026-09-13 10:46:27
EVT-0003645,IF_MESPE_SAPPP_001,MES,SAP_ERP,Kafka,Async,Success,,,,994,SESS-4DE8CE3561,REQ-600AC22EF81C,2026-09-15 13:06:59
EVT-0003649,IF_MESPC_PLMPD_001,MES,PLM,REST_API,REST,Success,,,,9188,SESS-6D3020EDDD,REQ-5A93B52ED343,2026-09-11 06:21:33
EVT-0003665,IF_MESPE_ORSC_001,MES,ORACLE_SCM,Kafka,Async,Success,,,,3164,SESS-E184D4FCF6,REQ-EC72967D356F,2026-09-11 08:16:06
EVT-0003667,IF_MESPC_PLMPD_001,MES,PLM,REST_API,REST,Failed,CFG_017,Interface configuration mismatch,Configuration,9077,SESS-E64A1C1D02,REQ-0339C3043E4B,2026-09-14 22:08:32
EVT-0003671,IF_MESPC_PLMPD_001,MES,PLM,REST_API,REST,Success,,,,8206,SESS-3DA95F1AF5,REQ-6BA10B2D0228,2026-09-12 15:49:35
EVT-0003693,IF_MESYM_SAPQM_001,MES,SAP_ERP,Kafka,Async,Success,,,,1557,SESS-547C9DFDC1,REQ-2E63D6B18B3B,2026-09-11 21:24:00
EVT-0003710,IF_MESYM_SAPQM_001,MES,SAP_ERP,Kafka,Async,Success,,,,1430,SESS-163C637F44,REQ-62E8ED101D27,2026-09-12 07:14:38
EVT-0003713,IF_MESYM_SAPQM_001,MES,SAP_ERP,Kafka,Async,Success,,,,1339,SESS-BE84CFA8CB,REQ-86DB45B4E8DF,2026-09-11 08:01:42
EVT-0003720,IF_MESPE_ORSC_001,MES,ORACLE_SCM,Kafka,Async,Retry,CAP_003,Downstream service is at capacity,Capacity,7374,SESS-8B7A9579F3,REQ-2645B987F300,2026-09-11 21:18:18
EVT-0003721,IF_MESPE_SAPPP_001,MES,SAP_ERP,Kafka,Async,Success,,,,954,SESS-8AFEDA4222,REQ-B43F81E9E733,2026-09-15 11:48:05
EVT-0003725,IF_MESPE_SAPPP_001,MES,SAP_ERP,Kafka,Async,Success,,,,948,SESS-FAABE8ED91,REQ-1B060195ED09,2026-09-15 20:44:01
EVT-0003726,IF_MESPE_ORSC_001,MES,ORACLE_SCM,Kafka,Async,Success,,,,2009,SESS-EC01AB0CE5,REQ-E59F9B4C519A,2026-09-13 06:39:07
EVT-0003730,IF_MESPC_PLMPD_001,MES,PLM,REST_API,REST,Success,,,,7255,SESS-9BEB2AD197,REQ-B422C1B30921,2026-09-15 01:46:26
EVT-0003735,IF_MESPE_SAPPP_001,MES,SAP_ERP,Kafka,Async,Success,,,,744,SESS-20E1129FD5,REQ-1B47F2D38524,2026-09-15 00:27:26
EVT-0003737,IF_MESPE_SAPPP_001,MES,SAP_ERP,Kafka,Async,Retry,AUTH_401,Service credential rejected,Authentication,3047,SESS-AF20959938,REQ-1F7E1F8256E8,2026-09-14 12:08:39
EVT-0003746,IF_MESPC_PLMPD_001,MES,PLM,REST_API,REST,Success,,,,5541,SESS-B99AA52DA6,REQ-42F7C621C6EA,2026-09-10 20:22:56
EVT-0003751,IF_MESPE_SAPPP_001,MES,SAP_ERP,Kafka,Async,Success,,,,985,SESS-8F60F1C37A,REQ-329B07391A02,2026-09-16 13:34:00
EVT-0003761,IF_MESPE_SAPPP_001,MES,SAP_ERP,Kafka,Async,Retry,INFRA_008,Runtime node unavailable,Infrastructure,1414,SESS-DC8A9B9D25,REQ-64E757AE16A3,2026-09-15 18:38:38
EVT-0003767,IF_MESYM_SAPQM_001,MES,SAP_ERP,Kafka,Async,Success,,,,1101,SESS-FA46ADF1C9,REQ-746C064AB327,2026-09-16 01:47:26
EVT-0003772,IF_MESPC_PLMPD_001,MES,PLM,REST_API,REST,Success,,,,7654,SESS-1209DE7BC9,REQ-5BF47180776A,2026-09-12 04:12:52
EVT-0003774,IF_MESPE_SAPPP_001,MES,SAP_ERP,Kafka,Async,Success,,,,960,SESS-1022603707,REQ-7410048E4296,2026-09-15 13:57:50
EVT-0003778,IF_MESYM_SAPQM_001,MES,SAP_ERP,Kafka,Async,Retry,INFRA_008,Runtime node unavailable,Infrastructure,5369,SESS-811F7D2E41,REQ-E99C7684F5B5,2026-09-12 19:41:11
EVT-0003781,IF_MESPE_ORSC_001,MES,ORACLE_SCM,Kafka,Async,Success,,,,2601,SESS-B2EAEBA316,REQ-9E4AA230CBE7,2026-09-15 01:07:44
EVT-0003787,IF_MESYM_SAPQM_001,MES,SAP_ERP,Kafka,Async,Success,,,,1164,SESS-1780F3800C,REQ-5A2265972B40,2026-09-16 17:46:10
EVT-0003791,IF_MESYM_SAPQM_001,MES,SAP_ERP,Kafka,Async,Retry,INFRA_008,Runtime node unavailable,Infrastructure,4109,SESS-6CF4667D59,REQ-39BA2D6B491C,2026-09-16 22:27:14
EVT-0003798,IF_MESPE_SAPPP_001,MES,SAP_ERP,Kafka,Async,Retry,TIME_004,Downstream response exceeded SLA,Timeout,3548,SESS-56D1100578,REQ-EBC0A705974B,2026-09-14 22:40:07
EVT-0003799,IF_MESPE_ORSC_001,MES,ORACLE_SCM,Kafka,Async,Retry,NET_CONN_003,Connection reset by peer,Network,6188,SESS-9579C7E373,REQ-B87C3B2425A0,2026-09-16 03:02:14
EVT-0003800,IF_MESPC_PLMPD_001,MES,PLM,REST_API,REST,Success,,,,6476,SESS-43A901CECF,REQ-8B0B982C572D,2026-09-10 12:18:07
EVT-0003838,IF_MESPC_PLMPD_001,MES,PLM,REST_API,REST,Success,,,,7456,SESS-5BD6618339,REQ-BD1BB0CEBCF9,2026-09-15 21:42:32
EVT-0003841,IF_MESPC_PLMPD_001,MES,PLM,REST_API,REST,Success,,,,4086,SESS-9280969898,REQ-03517A8729D1,2026-09-10 11:33:34
EVT-0003850,IF_MESPE_ORSC_001,MES,ORACLE_SCM,Kafka,Async,Success,,,,1694,SESS-D5283349CA,REQ-04E3556F7E74,2026-09-11 08:17:33
EVT-0003852,IF_MESPE_SAPPP_001,MES,SAP_ERP,Kafka,Async,Retry,INFRA_008,Runtime node unavailable,Infrastructure,2483,SESS-A18FAAC5E7,REQ-B5B4D0E56EC9,2026-09-16 09:09:55
EVT-0003857,IF_MESPC_PLMPD_001,MES,PLM,REST_API,REST,Failed,NET_CONN_003,Connection reset by peer,Network,24009,SESS-5A88932814,REQ-38CAF4C3E75E,2026-09-14 15:12:52
EVT-0003860,IF_MESPE_SAPPP_001,MES,SAP_ERP,Kafka,Async,Success,,,,998,SESS-5441008DD2,REQ-C2389104383B,2026-09-11 02:01:47
EVT-0003864,IF_MESPE_SAPPP_001,MES,SAP_ERP,Kafka,Async,Retry,INFRA_008,Runtime node unavailable,Infrastructure,3378,SESS-A18A27081E,REQ-12B7E2A26D9E,2026-09-13 15:51:23
EVT-0003870,IF_MESPE_ORSC_001,MES,ORACLE_SCM,Kafka,Async,Success,,,,1658,SESS-3ABBAA85E9,REQ-A721CFB7FCA4,2026-09-14 03:19:02
EVT-0003876,IF_MESPC_PLMPD_001,MES,PLM,REST_API,REST,Success,,,,8248,SESS-234C168737,REQ-CB4E762D81EB,2026-09-13 09:21:58
EVT-0003892,IF_MESPE_ORSC_001,MES,ORACLE_SCM,Kafka,Async,Success,,,,2841,SESS-8AF3C4AA87,REQ-D5E82A1E272B,2026-09-15 21:00:20
EVT-0003922,IF_MESYM_SAPQM_001,MES,SAP_ERP,Kafka,Async,Success,,,,1429,SESS-87AE49D3C2,REQ-6C1AD356BB14,2026-09-15 05:20:32
EVT-0003924,IF_MESPE_SAPPP_001,MES,SAP_ERP,Kafka,Async,Success,,,,643,SESS-2AB61166B8,REQ-94313F081B92,2026-09-15 04:58:01
EVT-0003930,IF_MESPC_PLMPD_001,MES,PLM,REST_API,REST,Retry,TIME_004,Downstream response exceeded SLA,Timeout,12529,SESS-7087BED571,REQ-0DDC5C98ED26,2026-09-13 19:38:24
EVT-0003938,IF_MESPC_PLMPD_001,MES,PLM,REST_API,REST,Success,,,,7392,SESS-8AEE919ACE,REQ-6110D2E02B0C,2026-09-16 06:03:55
EVT-0003939,IF_MESPE_ORSC_001,MES,ORACLE_SCM,Kafka,Async,Success,,,,2822,SESS-1FCCBA383C,REQ-B66F748713DD,2026-09-14 03:24:04
EVT-0003944,IF_MESPE_SAPPP_001,MES,SAP_ERP,Kafka,Async,Failed,CAP_003,Downstream service is at capacity,Capacity,4753,SESS-A30D01ADE6,REQ-809A7BB35DEE,2026-09-12 05:03:01
EVT-0003946,IF_MESYM_SAPQM_001,MES,SAP_ERP,Kafka,Async,Success,,,,954,SESS-36E0B2834B,REQ-60E4E8AE35B8,2026-09-13 12:08:08
EVT-0003949,IF_MESPE_ORSC_001,MES,ORACLE_SCM,Kafka,Async,Retry,AUTHZ_403,Caller is not authorized,Authorization,6737,SESS-7BA148E59B,REQ-A8F59AFC5272,2026-09-16 14:36:11
EVT-0003950,IF_MESPC_PLMPD_001,MES,PLM,REST_API,REST,Success,,,,6699,SESS-42762E8DFA,REQ-D5332E7ABD64,2026-09-15 05:55:17
EVT-0003974,IF_MESPE_SAPPP_001,MES,SAP_ERP,Kafka,Async,Success,,,,532,SESS-3F07633A18,REQ-EDE238B8B78E,2026-09-15 16:57:08
EVT-0003978,IF_MESYM_SAPQM_001,MES,SAP_ERP,Kafka,Async,Success,,,,1317,SESS-6C1C1ADA86,REQ-4EBF33767757,2026-09-11 01:34:40
EVT-0003980,IF_MESPE_SAPPP_001,MES,SAP_ERP,Kafka,Async,Success,,,,950,SESS-04295225CE,REQ-0BDDA2BE98EA,2026-09-13 20:03:35
EVT-0003989,IF_MESPC_PLMPD_001,MES,PLM,REST_API,REST,Success,,,,5775,SESS-30BD06EFEF,REQ-E3A53F9EECFD,2026-09-13 06:48:51
EVT-0003990,IF_MESYM_SAPQM_001,MES,SAP_ERP,Kafka,Async,Failed,CAP_003,Downstream service is at capacity,Capacity,3998,SESS-A348CC0F30,REQ-CD98A6EF0659,2026-09-16 03:57:57
EVT-0003997,IF_MESPE_SAPPP_001,MES,SAP_ERP,Kafka,Async,Success,,,,1153,SESS-C0D276AEC4,REQ-325B8F7CC7DA,2026-09-10 10:37:01
EVT-0004003,IF_MESPE_ORSC_001,MES,ORACLE_SCM,Kafka,Async,Success,,,,2098,SESS-7D56772575,REQ-8A3F5E5D4742,2026-09-15 19:16:22
EVT-0004022,IF_MESPC_PLMPD_001,MES,PLM,REST_API,REST,Success,,,,4695,SESS-FE82A8DF28,REQ-3A3E7B749E47,2026-09-14 17:19:43
EVT-0004028,IF_MESPC_PLMPD_001,MES,PLM,REST_API,REST,Success,,,,7883,SESS-C601660C51,REQ-E468D09831EB,2026-09-13 13:48:25
EVT-0004031,IF_MESPE_SAPPP_001,MES,SAP_ERP,Kafka,Async,Success,,,,684,SESS-79B6FDE188,REQ-83F5C28C7709,2026-09-15 15:27:57
EVT-0004035,IF_MESPE_ORSC_001,MES,ORACLE_SCM,Kafka,Async,Success,,,,1011,SESS-47C22D9636,REQ-7D174BDFE709,2026-09-12 09:32:21
EVT-0004044,IF_MESYM_SAPQM_001,MES,SAP_ERP,Kafka,Async,Success,,,,2029,SESS-7D1C5860A0,REQ-30CBBFEF79D6,2026-09-16 03:00:06
EVT-0004059,IF_MESPE_ORSC_001,MES,ORACLE_SCM,Kafka,Async,Success,,,,608,SESS-4725C5DC25,REQ-73808E248456,2026-09-12 11:56:22
EVT-0004078,IF_MESPE_ORSC_001,MES,ORACLE_SCM,Kafka,Async,Success,,,,3600,SESS-BA5A965477,REQ-3A56D1B069E9,2026-09-15 05:49:49
EVT-0004083,IF_MESPE_ORSC_001,MES,ORACLE_SCM,Kafka,Async,Success,,,,2229,SESS-FC06615D4B,REQ-EC4092298176,2026-09-10 14:38:05
EVT-0004087,IF_MESPE_SAPPP_001,MES,SAP_ERP,Kafka,Async,Success,,,,1153,SESS-A6F8B16C76,REQ-EE15319BA28E,2026-09-16 11:45:32
EVT-0004096,IF_MESPE_SAPPP_001,MES,SAP_ERP,Kafka,Async,Success,,,,1019,SESS-9075A4179A,REQ-114E6F220C3A,2026-09-11 18:56:16
EVT-0004102,IF_MESPE_SAPPP_001,MES,SAP_ERP,Kafka,Async,Failed,AUTH_401,Service credential rejected,Authentication,5046,SESS-C7C5D470BA,REQ-A56B6188E783,2026-09-11 16:58:41
EVT-0004107,IF_MESPE_ORSC_001,MES,ORACLE_SCM,Kafka,Async,Success,,,,1992,SESS-5D9376BFA2,REQ-A5DD39DA6257,2026-09-12 23:46:47
EVT-0004115,IF_MESPE_ORSC_001,MES,ORACLE_SCM,Kafka,Async,Success,,,,2650,SESS-6AF61F54E2,REQ-B1B0DA4D8B71,2026-09-14 21:41:05
EVT-0004119,IF_MESPE_ORSC_001,MES,ORACLE_SCM,Kafka,Async,Retry,AUTHZ_403,Caller is not authorized,Authorization,7891,SESS-10ED54F8E7,REQ-B070AF940C4F,2026-09-16 09:42:39
EVT-0004133,IF_MESYM_SAPQM_001,MES,SAP_ERP,Kafka,Async,Success,,,,945,SESS-53BF9990D7,REQ-006A5C0F34FC,2026-09-11 07:00:18
EVT-0004143,IF_MESPC_PLMPD_001,MES,PLM,REST_API,REST,Success,,,,6559,SESS-87406A4743,REQ-6ECBF139B3B2,2026-09-16 05:14:23
EVT-0004151,IF_MESPC_PLMPD_001,MES,PLM,REST_API,REST,Success,,,,6517,SESS-21E3FC14B8,REQ-4F23F34125AE,2026-09-12 11:44:45
EVT-0004160,IF_MESPC_PLMPD_001,MES,PLM,REST_API,REST,Success,,,,8701,SESS-7BB0343B6C,REQ-BA6204CF052F,2026-09-16 08:23:03
EVT-0004163,IF_MESPE_SAPPP_001,MES,SAP_ERP,Kafka,Async,Success,,,,916,SESS-59793343E4,REQ-7E1741CADB18,2026-09-14 21:28:46
EVT-0004164,IF_MESPE_SAPPP_001,MES,SAP_ERP,Kafka,Async,Success,,,,821,SESS-4320AFCA0B,REQ-204D65779807,2026-09-12 12:16:11
EVT-0004166,IF_MESPE_ORSC_001,MES,ORACLE_SCM,Kafka,Async,Success,,,,2309,SESS-9E71B82B8E,REQ-32794046E1E0,2026-09-16 19:36:27
EVT-0004171,IF_MESYM_SAPQM_001,MES,SAP_ERP,Kafka,Async,Success,,,,1217,SESS-D27E7F3516,REQ-E33516C7EF55,2026-09-10 14:41:06
EVT-0004178,IF_MESPE_SAPPP_001,MES,SAP_ERP,Kafka,Async,Success,,,,764,SESS-8A1EC10480,REQ-29DE96CC803E,2026-09-11 10:14:37
EVT-0004179,IF_MESPE_ORSC_001,MES,ORACLE_SCM,Kafka,Async,Success,,,,2458,SESS-E750EEC8EA,REQ-101AD12EF565,2026-09-13 18:39:22
EVT-0004180,IF_MESPE_SAPPP_001,MES,SAP_ERP,Kafka,Async,Success,,,,980,SESS-99E9A73C84,REQ-0A001C9B807B,2026-09-11 01:12:53
EVT-0004184,IF_MESPC_PLMPD_001,MES,PLM,REST_API,REST,Retry,EXT_502,Downstream service returned 502,External Service,13837,SESS-AE7C77BCAB,REQ-30149A11A140,2026-09-12 00:33:47
EVT-0004186,IF_MESPE_ORSC_001,MES,ORACLE_SCM,Kafka,Async,Success,,,,2390,SESS-A02237AC8B,REQ-98A6600BDAE6,2026-09-15 18:12:09
EVT-0004190,IF_MESPE_SAPPP_001,MES,SAP_ERP,Kafka,Async,Success,,,,978,SESS-052196A2EC,REQ-3DDB6DA7B597,2026-09-12 13:09:04
EVT-0004195,IF_MESPE_SAPPP_001,MES,SAP_ERP,Kafka,Async,Success,,,,823,SESS-1DA54F9AFE,REQ-FE43F8CD4AD2,2026-09-16 04:20:18
EVT-0004205,IF_MESPE_ORSC_001,MES,ORACLE_SCM,Kafka,Async,Success,,,,1998,SESS-5254BB8E2D,REQ-303EA9733BD9,2026-09-15 01:51:26
EVT-0004208,IF_MESPE_SAPPP_001,MES,SAP_ERP,Kafka,Async,Success,,,,729,SESS-CCCA6E8FC6,REQ-837B40C203E9,2026-09-15 20:08:41
EVT-0004215,IF_MESPC_PLMPD_001,MES,PLM,REST_API,REST,Success,,,,9114,SESS-D274ACDE03,REQ-76F52568B148,2026-09-11 05:47:26
EVT-0004216,IF_MESPC_PLMPD_001,MES,PLM,REST_API,REST,Success,,,,4491,SESS-5A9CA8D838,REQ-800443AFE11D,2026-09-15 22:45:29
EVT-0004218,IF_MESPE_ORSC_001,MES,ORACLE_SCM,Kafka,Async,Success,,,,2077,SESS-BBFD3BA3D7,REQ-B257D3A100C3,2026-09-13 02:43:59
EVT-0004219,IF_MESPC_PLMPD_001,MES,PLM,REST_API,REST,Retry,DB_COMMIT_014,Transaction commit failed,Database,11172,SESS-9591340A1B,REQ-AFFD93F06A76,2026-09-16 00:32:38
EVT-0004227,IF_MESYM_SAPQM_001,MES,SAP_ERP,Kafka,Async,Success,,,,1530,SESS-CF4F4198DC,REQ-15DB08ADB820,2026-09-16 02:47:16
EVT-0004235,IF_MESYM_SAPQM_001,MES,SAP_ERP,Kafka,Async,Retry,AUTH_401,Service credential rejected,Authentication,2470,SESS-35849DBCB2,REQ-E8B10CB0B15F,2026-09-15 01:42:39
EVT-0004242,IF_MESPE_ORSC_001,MES,ORACLE_SCM,Kafka,Async,Success,,,,2562,SESS-DB02AC138A,REQ-5E054C11AA37,2026-09-13 13:21:46
EVT-0004249,IF_MESPE_SAPPP_001,MES,SAP_ERP,Kafka,Async,Success,,,,690,SESS-247A42DF89,REQ-728720821596,2026-09-14 17:25:28
EVT-0004262,IF_MESPE_ORSC_001,MES,ORACLE_SCM,Kafka,Async,Success,,,,2966,SESS-13E46C318E,REQ-82D10BA1A56D,2026-09-14 06:31:15
EVT-0004272,IF_MESPE_ORSC_001,MES,ORACLE_SCM,Kafka,Async,Success,,,,2545,SESS-1826C7F845,REQ-172749EE363F,2026-09-16 03:34:53
EVT-0004285,IF_MESPE_ORSC_001,MES,ORACLE_SCM,Kafka,Async,Success,,,,1874,SESS-C704FE94D8,REQ-4E375959967E,2026-09-11 17:29:59
EVT-0004288,IF_MESPC_PLMPD_001,MES,PLM,REST_API,REST,Success,,,,5983,SESS-1259691681,REQ-6A742125682C,2026-09-10 12:51:59
EVT-0004297,IF_MESYM_SAPQM_001,MES,SAP_ERP,Kafka,Async,Success,,,,1490,SESS-E3674A4443,REQ-3E81AD6BD6A8,2026-09-12 10:09:51
EVT-0004300,IF_MESPE_ORSC_001,MES,ORACLE_SCM,Kafka,Async,Success,,,,1133,SESS-DB52B088D5,REQ-3453503CA8DA,2026-09-13 10:38:58
EVT-0004302,IF_MESPC_PLMPD_001,MES,PLM,REST_API,REST,Retry,AUTH_401,Service credential rejected,Authentication,12440,SESS-82A6E4CB5C,REQ-D0CB37D75B0B,2026-09-11 16:38:09
EVT-0004308,IF_MESPE_SAPPP_001,MES,SAP_ERP,Kafka,Async,Success,,,,761,SESS-1AFB4E1302,REQ-04CD8F703DBB,2026-09-15 10:55:37
EVT-0004312,IF_MESPE_SAPPP_001,MES,SAP_ERP,Kafka,Async,Success,,,,941,SESS-7DA6F70C14,REQ-A8FAA0C1E47F,2026-09-14 07:37:53
EVT-0004321,IF_MESYM_SAPQM_001,MES,SAP_ERP,Kafka,Async,Success,,,,1100,SESS-74686D0498,REQ-E7F7C1EE09B7,2026-09-13 22:54:04
EVT-0004325,IF_MESYM_SAPQM_001,MES,SAP_ERP,Kafka,Async,Success,,,,1760,SESS-E30EA3C866,REQ-5D6CB1DC03E1,2026-09-16 07:23:00
EVT-0004330,IF_MESPE_ORSC_001,MES,ORACLE_SCM,Kafka,Async,Success,,,,2264,SESS-B70B6B5D68,REQ-1A2EF5117EB7,2026-09-15 19:23:07
EVT-0004340,IF_MESPE_SAPPP_001,MES,SAP_ERP,Kafka,Async,Success,,,,885,SESS-EB54FE08AE,REQ-7610AA054E74,2026-09-12 22:46:00
EVT-0004342,IF_MESYM_SAPQM_001,MES,SAP_ERP,Kafka,Async,Failed,INFRA_008,Runtime node unavailable,Infrastructure,3980,SESS-0560509692,REQ-6F36C3D839C4,2026-09-16 12:35:23
EVT-0004355,IF_MESPE_ORSC_001,MES,ORACLE_SCM,Kafka,Async,Success,,,,2215,SESS-6F85344AB8,REQ-1655DDBCE9C7,2026-09-11 07:38:43
EVT-0004358,IF_MESPE_SAPPP_001,MES,SAP_ERP,Kafka,Async,Success,,,,1088,SESS-5C8B65CE75,REQ-9DCFCED43216,2026-09-15 15:27:10
EVT-0004363,IF_MESPE_SAPPP_001,MES,SAP_ERP,Kafka,Async,Success,,,,950,SESS-C22AAD43DF,REQ-9ADFD8A88B8A,2026-09-16 01:39:23
EVT-0004373,IF_MESYM_SAPQM_001,MES,SAP_ERP,Kafka,Async,Success,,,,2001,SESS-9EB753B721,REQ-C2F095E5D313,2026-09-15 18:18:26
EVT-0004387,IF_MESYM_SAPQM_001,MES,SAP_ERP,Kafka,Async,Success,,,,1181,SESS-A5E468A98E,REQ-4612961E16D9,2026-09-12 04:41:09
EVT-0004411,IF_MESPE_ORSC_001,MES,ORACLE_SCM,Kafka,Async,Success,,,,2487,SESS-16DB6BFF27,REQ-12F237A985C5,2026-09-15 11:56:58
EVT-0004415,IF_MESPE_ORSC_001,MES,ORACLE_SCM,Kafka,Async,Success,,,,3246,SESS-4CC2D66F98,REQ-851845381604,2026-09-12 07:05:54
EVT-0004421,IF_MESPC_PLMPD_001,MES,PLM,REST_API,REST,Success,,,,7040,SESS-C1DFC7A00E,REQ-C7DFF8C55C8F,2026-09-13 04:24:51
EVT-0004427,IF_MESPE_ORSC_001,MES,ORACLE_SCM,Kafka,Async,Success,,,,2427,SESS-D7AB7D80D9,REQ-81A7DADB29BE,2026-09-13 12:43:23
EVT-0004433,IF_MESPE_ORSC_001,MES,ORACLE_SCM,Kafka,Async,Success,,,,2580,SESS-0F4B1536B2,REQ-A7A065EC135E,2026-09-13 19:54:14
EVT-0004437,IF_MESPE_ORSC_001,MES,ORACLE_SCM,Kafka,Async,Success,,,,1899,SESS-43A50AA906,REQ-1111DAEC038C,2026-09-12 10:46:40
EVT-0004440,IF_MESPE_ORSC_001,MES,ORACLE_SCM,Kafka,Async,Success,,,,1705,SESS-A1848EA5C5,REQ-B4CB47A44A7A,2026-09-16 01:15:22
EVT-0004448,IF_MESPC_PLMPD_001,MES,PLM,REST_API,REST,Success,,,,6988,SESS-3F037A82AD,REQ-54DE69ABA1C6,2026-09-16 17:25:58
EVT-0004457,IF_MESPE_ORSC_001,MES,ORACLE_SCM,Kafka,Async,Success,,,,2049,SESS-E17745305E,REQ-9473BA417DA6,2026-09-16 14:41:52
EVT-0004460,IF_MESPC_PLMPD_001,MES,PLM,REST_API,REST,Success,,,,4994,SESS-7450A12506,REQ-A07E6E8AC47A,2026-09-11 04:59:05
EVT-0004465,IF_MESPE_ORSC_001,MES,ORACLE_SCM,Kafka,Async,Success,,,,1806,SESS-FD3892FCA2,REQ-9BD4D121B633,2026-09-12 21:51:19
EVT-0004477,IF_MESPE_ORSC_001,MES,ORACLE_SCM,Kafka,Async,Success,,,,2563,SESS-4C327D75EB,REQ-31349F4B2E56,2026-09-14 10:14:51
EVT-0004483,IF_MESYM_SAPQM_001,MES,SAP_ERP,Kafka,Async,Success,,,,1201,SESS-7A58DBAFC6,REQ-A6031FB7E62A,2026-09-15 02:11:49
EVT-0004498,IF_MESPC_PLMPD_001,MES,PLM,REST_API,REST,Success,,,,7298,SESS-CAB1C295F4,REQ-4458A9CA8691,2026-09-10 01:10:50
EVT-0004499,IF_MESPE_ORSC_001,MES,ORACLE_SCM,Kafka,Async,Success,,,,1423,SESS-FFF9ECF67B,REQ-CF55B73EA1C2,2026-09-16 21:17:09
EVT-0004500,IF_MESYM_SAPQM_001,MES,SAP_ERP,Kafka,Async,Success,,,,1283,SESS-7684BA7C4D,REQ-6C1E9656B08B,2026-09-10 17:30:09
EVT-0004502,IF_MESPC_PLMPD_001,MES,PLM,REST_API,REST,Success,,,,7854,SESS-F1C3990F37,REQ-11C2617E766D,2026-09-12 05:51:19
EVT-0004504,IF_MESYM_SAPQM_001,MES,SAP_ERP,Kafka,Async,Success,,,,1080,SESS-8EB518731D,REQ-DCB3C801C004,2026-09-14 14:40:52
EVT-0004527,IF_MESPE_SAPPP_001,MES,SAP_ERP,Kafka,Async,Success,,,,1146,SESS-4FF69A69AA,REQ-92FAA618FE44,2026-09-10 13:58:12
EVT-0004529,IF_MESPE_ORSC_001,MES,ORACLE_SCM,Kafka,Async,Success,,,,2533,SESS-E0C2C33EC0,REQ-74D5FE733C93,2026-09-14 08:40:37
EVT-0004546,IF_MESPE_ORSC_001,MES,ORACLE_SCM,Kafka,Async,Retry,CFG_017,Interface configuration mismatch,Configuration,4640,SESS-BE84F634EE,REQ-EA513D2FCB91,2026-09-12 10:00:00
EVT-0004547,IF_MESPE_SAPPP_001,MES,SAP_ERP,Kafka,Async,Failed,AUTHZ_403,Caller is not authorized,Authorization,2089,SESS-0B3AA1DAE0,REQ-224B58120999,2026-09-16 10:14:45
EVT-0004550,IF_MESYM_SAPQM_001,MES,SAP_ERP,Kafka,Async,Success,,,,1609,SESS-4CF4BBD36C,REQ-6DF0D05BB19E,2026-09-16 05:29:38
EVT-0004557,IF_MESPE_SAPPP_001,MES,SAP_ERP,Kafka,Async,Success,,,,1221,SESS-E1586BBF50,REQ-6EC5283DFE05,2026-09-15 19:34:05
EVT-0004578,IF_MESPE_ORSC_001,MES,ORACLE_SCM,Kafka,Async,Retry,CFG_017,Interface configuration mismatch,Configuration,6392,SESS-BEE9B52728,REQ-BA9E3E7D3595,2026-09-16 15:08:54
EVT-0004585,IF_MESPE_SAPPP_001,MES,SAP_ERP,Kafka,Async,Success,,,,1058,SESS-B4C2533A9F,REQ-EB569FF402CF,2026-09-11 17:27:46
EVT-0004594,IF_MESPE_SAPPP_001,MES,SAP_ERP,Kafka,Async,Retry,CFG_017,Interface configuration mismatch,Configuration,3042,SESS-487065EBEE,REQ-698376429783,2026-09-15 06:37:02
EVT-0004595,IF_MESYM_SAPQM_001,MES,SAP_ERP,Kafka,Async,Success,,,,1115,SESS-45D009FFBA,REQ-BBC2D5BE5AB7,2026-09-12 05:56:54
EVT-0004607,IF_MESPE_ORSC_001,MES,ORACLE_SCM,Kafka,Async,Success,,,,2742,SESS-AF9C196834,REQ-0D5AF8897EBC,2026-09-10 21:26:15
EVT-0004622,IF_MESPE_SAPPP_001,MES,SAP_ERP,Kafka,Async,Success,,,,898,SESS-AE9E64CF52,REQ-FABD98DD4A2C,2026-09-15 12:31:05
EVT-0004635,IF_MESPC_PLMPD_001,MES,PLM,REST_API,REST,Success,,,,6318,SESS-92A39C062E,REQ-144A4332159B,2026-09-14 03:27:25
EVT-0004643,IF_MESPC_PLMPD_001,MES,PLM,REST_API,REST,Success,,,,3846,SESS-87DF42707C,REQ-34E9124098E5,2026-09-13 08:19:23
EVT-0004661,IF_MESPC_PLMPD_001,MES,PLM,REST_API,REST,Success,,,,6696,SESS-C8F9EB8266,REQ-ED1D6F3448AC,2026-09-14 16:48:03
EVT-0004665,IF_MESPE_ORSC_001,MES,ORACLE_SCM,Kafka,Async,Success,,,,2381,SESS-DCDE02DD14,REQ-7AD627D3BF32,2026-09-15 11:36:15
EVT-0004667,IF_MESPE_SAPPP_001,MES,SAP_ERP,Kafka,Async,Retry,VAL_400,Required business field failed validation,Validation,3593,SESS-9EB365FF37,REQ-8B599B8B3339,2026-09-12 12:53:54
EVT-0004668,IF_MESPE_ORSC_001,MES,ORACLE_SCM,Kafka,Async,Success,,,,2518,SESS-CD5E0D6B56,REQ-6B6CD2158C6E,2026-09-14 13:24:47
EVT-0004676,IF_MESYM_SAPQM_001,MES,SAP_ERP,Kafka,Async,Success,,,,1238,SESS-3700F0619D,REQ-3BE822F48233,2026-09-12 17:29:49
EVT-0004702,IF_MESPE_SAPPP_001,MES,SAP_ERP,Kafka,Async,Success,,,,895,SESS-B49CFBF53B,REQ-903E18EB0581,2026-09-12 20:26:37
EVT-0004706,IF_MESPE_SAPPP_001,MES,SAP_ERP,Kafka,Async,Success,,,,827,SESS-2080FF540A,REQ-19286BF7AB86,2026-09-12 14:33:58
EVT-0004712,IF_MESYM_SAPQM_001,MES,SAP_ERP,Kafka,Async,Success,,,,1528,SESS-63BC125D18,REQ-B2035CA6CD1A,2026-09-16 18:19:01
EVT-0004714,IF_MESPC_PLMPD_001,MES,PLM,REST_API,REST,Retry,AUTHZ_403,Caller is not authorized,Authorization,25378,SESS-63E3E1589D,REQ-F7EFA0F93F5A,2026-09-15 17:55:28
EVT-0004721,IF_MESPC_PLMPD_001,MES,PLM,REST_API,REST,Success,,,,8687,SESS-049E6A2972,REQ-ED3E36DD5B0E,2026-09-10 10:51:21
EVT-0004722,IF_MESPE_SAPPP_001,MES,SAP_ERP,Kafka,Async,Success,,,,1040,SESS-1499EACCB3,REQ-AE5A2A8E1447,2026-09-12 15:32:59
EVT-0004740,IF_MESPE_SAPPP_001,MES,SAP_ERP,Kafka,Async,Success,,,,1076,SESS-BD79348CD5,REQ-BB6658418456,2026-09-10 18:33:38
EVT-0004741,IF_MESPC_PLMPD_001,MES,PLM,REST_API,REST,Success,,,,6843,SESS-C325B3839A,REQ-D582FCCF62BF,2026-09-16 17:27:27
EVT-0004742,IF_MESPE_SAPPP_001,MES,SAP_ERP,Kafka,Async,Failed,CAP_003,Downstream service is at capacity,Capacity,2908,SESS-F22105E879,REQ-FED1AB591B43,2026-09-12 19:50:25
EVT-0004746,IF_MESPE_ORSC_001,MES,ORACLE_SCM,Kafka,Async,Success,,,,2348,SESS-8F48B1BBCE,REQ-20B02855A1A5,2026-09-15 14:56:40
EVT-0004748,IF_MESPC_PLMPD_001,MES,PLM,REST_API,REST,Success,,,,8439,SESS-E21073AA5B,REQ-E34CB47673BA,2026-09-13 13:09:00
EVT-0004762,IF_MESPC_PLMPD_001,MES,PLM,REST_API,REST,Success,,,,8658,SESS-F15CB44F9E,REQ-1AD8B54A463A,2026-09-13 22:18:42
EVT-0004770,IF_MESPE_ORSC_001,MES,ORACLE_SCM,Kafka,Async,Success,,,,2333,SESS-496ED4679D,REQ-3AAD4ABCCBC6,2026-09-16 22:02:40
EVT-0004777,IF_MESPE_ORSC_001,MES,ORACLE_SCM,Kafka,Async,Success,,,,2025,SESS-E2AC80AA3D,REQ-0627680FBFBC,2026-09-11 11:16:31
EVT-0004789,IF_MESYM_SAPQM_001,MES,SAP_ERP,Kafka,Async,Success,,,,953,SESS-2D2DFD06BF,REQ-E1BD4FE55CEB,2026-09-14 00:45:22
EVT-0004790,IF_MESPE_ORSC_001,MES,ORACLE_SCM,Kafka,Async,Success,,,,2300,SESS-4BD078B009,REQ-66DABEF7F0A4,2026-09-12 22:24:42
EVT-0004797,IF_MESYM_SAPQM_001,MES,SAP_ERP,Kafka,Async,Success,,,,1101,SESS-0467FB5AFF,REQ-00304EDB11DB,2026-09-13 16:23:36
EVT-0004798,IF_MESYM_SAPQM_001,MES,SAP_ERP,Kafka,Async,Success,,,,1239,SESS-43C614A5BC,REQ-5E048E43044A,2026-09-14 22:03:00
EVT-0004808,IF_MESPC_PLMPD_001,MES,PLM,REST_API,REST,Success,,,,5031,SESS-3506EB95FA,REQ-F176ECBE5873,2026-09-14 02:44:26
EVT-0004826,IF_MESPE_SAPPP_001,MES,SAP_ERP,Kafka,Async,Failed,TIME_004,Downstream response exceeded SLA,Timeout,3449,SESS-C4787ADD5B,REQ-2A838CC475A9,2026-09-13 08:48:48
EVT-0004840,IF_MESPE_ORSC_001,MES,ORACLE_SCM,Kafka,Async,Success,,,,2269,SESS-3EAFF166EA,REQ-D795D2765DC8,2026-09-12 06:19:46
EVT-0004843,IF_MESPE_ORSC_001,MES,ORACLE_SCM,Kafka,Async,Success,,,,2119,SESS-D467910A4A,REQ-A769F1CE1104,2026-09-12 04:24:11
EVT-0004849,IF_MESPC_PLMPD_001,MES,PLM,REST_API,REST,Success,,,,7611,SESS-424E8E278F,REQ-5B12E57B4BC8,2026-09-10 20:59:03
EVT-0004857,IF_MESPC_PLMPD_001,MES,PLM,REST_API,REST,Success,,,,6690,SESS-CF253CF8AD,REQ-EB9F28C3FB90,2026-09-10 04:44:22
EVT-0004866,IF_MESPE_ORSC_001,MES,ORACLE_SCM,Kafka,Async,Success,,,,2207,SESS-6CEF18B22F,REQ-C68174132570,2026-09-10 21:59:08
EVT-0004883,IF_MESPE_SAPPP_001,MES,SAP_ERP,Kafka,Async,Success,,,,966,SESS-DD9ACEDC53,REQ-AE3F46466060,2026-09-11 07:17:25
EVT-0004890,IF_MESPC_PLMPD_001,MES,PLM,REST_API,REST,Success,,,,7125,SESS-2FABACA68F,REQ-6E457BA56DBA,2026-09-13 16:26:32
EVT-0004891,IF_MESPC_PLMPD_001,MES,PLM,REST_API,REST,Success,,,,6797,SESS-31A396F19C,REQ-8AF4D722BDC7,2026-09-15 17:36:33
EVT-0004897,IF_MESPC_PLMPD_001,MES,PLM,REST_API,REST,Success,,,,9543,SESS-1968825BDD,REQ-0DB045E220B5,2026-09-11 01:21:32
EVT-0004900,IF_MESPE_SAPPP_001,MES,SAP_ERP,Kafka,Async,Success,,,,1111,SESS-DDE062CFAD,REQ-0A0F65937790,2026-09-11 12:25:25
EVT-0004902,IF_MESPE_SAPPP_001,MES,SAP_ERP,Kafka,Async,Success,,,,1159,SESS-FA4F079A13,REQ-45DCB6883612,2026-09-16 10:40:17
EVT-0004912,IF_MESPE_ORSC_001,MES,ORACLE_SCM,Kafka,Async,Retry,AUTHZ_403,Caller is not authorized,Authorization,6487,SESS-E31F7B32B8,REQ-697C603A04FD,2026-09-14 08:00:38
EVT-0004917,IF_MESYM_SAPQM_001,MES,SAP_ERP,Kafka,Async,Success,,,,1350,SESS-61CA410CB8,REQ-05A6AC648855,2026-09-11 00:21:56
EVT-0004938,IF_MESPC_PLMPD_001,MES,PLM,REST_API,REST,Success,,,,5664,SESS-30641D6A6F,REQ-DEEF9766CA2B,2026-09-12 16:36:08
EVT-0004942,IF_MESPC_PLMPD_001,MES,PLM,REST_API,REST,Success,,,,6434,SESS-A1BF07CFE0,REQ-423061030FA1,2026-09-14 03:04:41
EVT-0004950,IF_MESYM_SAPQM_001,MES,SAP_ERP,Kafka,Async,Success,,,,1549,SESS-E05DF610FD,REQ-ED376315AEF1,2026-09-16 06:56:24
EVT-0004968,IF_MESPE_ORSC_001,MES,ORACLE_SCM,Kafka,Async,Failed,NET_CONN_003,Connection reset by peer,Network,18391,SESS-B6E716EAEF,REQ-065FB80222AB,2026-09-13 04:55:43
EVT-0004980,IF_MESPC_PLMPD_001,MES,PLM,REST_API,REST,Success,,,,6950,SESS-DE7B5A6DCE,REQ-C95D1534EA2C,2026-09-13 01:33:59
EVT-0004989,IF_MESPE_SAPPP_001,MES,SAP_ERP,Kafka,Async,Success,,,,970,SESS-F2D90A05DF,REQ-D6B5AE52A5BE,2026-09-13 13:39:35
EVT-0004991,IF_MESPC_PLMPD_001,MES,PLM,REST_API,REST,Success,,,,6938,SESS-A0FFBC9956,REQ-580CEE99F79D,2026-09-11 20:04:11
EVT-0004997,IF_MESPE_SAPPP_001,MES,SAP_ERP,Kafka,Async,Success,,,,901,SESS-5954439879,REQ-FA5908925509,2026-09-14 01:21:34
EVT-0005000,IF_MESPC_PLMPD_001,MES,PLM,REST_API,REST,Retry,AUTH_401,Service credential rejected,Authentication,24366,SESS-9B93BB6A65,REQ-596C112BD72E,2026-09-12 07:53:58
EVT-0005006,IF_MESYM_SAPQM_001,MES,SAP_ERP,Kafka,Async,Success,,,,1490,SESS-9D6F7FFA88,REQ-F89EAA0445C1,2026-09-16 20:06:27
EVT-0005013,IF_MESPE_ORSC_001,MES,ORACLE_SCM,Kafka,Async,Retry,INFRA_008,Runtime node unavailable,Infrastructure,5594,SESS-36EF1D75F1,REQ-58C35B1052BC,2026-09-12 12:38:58
EVT-0005016,IF_MESYM_SAPQM_001,MES,SAP_ERP,Kafka,Async,Success,,,,1410,SESS-89B672C347,REQ-89B61ADB804D,2026-09-14 23:54:25
EVT-0005021,IF_MESPE_ORSC_001,MES,ORACLE_SCM,Kafka,Async,Success,,,,1414,SESS-5A0D017EF5,REQ-ED7158F125C7,2026-09-16 23:32:05
EVT-0005030,IF_MESYM_SAPQM_001,MES,SAP_ERP,Kafka,Async,Success,,,,1105,SESS-C7715517CE,REQ-EC8156ED7C71,2026-09-16 02:53:23
EVT-0005032,IF_MESPE_SAPPP_001,MES,SAP_ERP,Kafka,Async,Success,,,,966,SESS-E39E4A2C73,REQ-844E9EC607BC,2026-09-10 21:43:22
EVT-0005036,IF_MESYM_SAPQM_001,MES,SAP_ERP,Kafka,Async,Retry,DB_COMMIT_014,Transaction commit failed,Database,4920,SESS-6BC7A2F258,REQ-D208DEB2EF46,2026-09-13 04:06:41
EVT-0005045,IF_MESPE_ORSC_001,MES,ORACLE_SCM,Kafka,Async,Success,,,,1477,SESS-1DF4B23BA0,REQ-8DAE0EC89159,2026-09-15 17:40:53
EVT-0005052,IF_MESYM_SAPQM_001,MES,SAP_ERP,Kafka,Async,Success,,,,857,SESS-785180C594,REQ-FA3A5363DDD2,2026-09-11 11:55:28
EVT-0005064,IF_MESPE_SAPPP_001,MES,SAP_ERP,Kafka,Async,Success,,,,654,SESS-066290AAB5,REQ-9ECEC4A6C495,2026-09-14 02:06:37
EVT-0005082,IF_MESPC_PLMPD_001,MES,PLM,REST_API,REST,Success,,,,7134,SESS-F11689521D,REQ-C1888E94B994,2026-09-12 12:39:08
EVT-0005088,IF_MESPC_PLMPD_001,MES,PLM,REST_API,REST,Success,,,,6611,SESS-90F70541D9,REQ-0B824D47ED25,2026-09-12 02:14:29
EVT-0005090,IF_MESPE_ORSC_001,MES,ORACLE_SCM,Kafka,Async,Failed,DB_COMMIT_014,Transaction commit failed,Database,3426,SESS-8AB76F689E,REQ-2D827C1674F4,2026-09-15 03:10:32
EVT-0005093,IF_MESPC_PLMPD_001,MES,PLM,REST_API,REST,Retry,DB_COMMIT_014,Transaction commit failed,Database,24971,SESS-F5F21DE220,REQ-FC0DBB8949A1,2026-09-12 03:33:30
EVT-0005106,IF_MESPC_PLMPD_001,MES,PLM,REST_API,REST,Success,,,,7373,SESS-83051B27FD,REQ-C4005210D760,2026-09-11 04:49:43
EVT-0005112,IF_MESPE_SAPPP_001,MES,SAP_ERP,Kafka,Async,Success,,,,902,SESS-E7B22F89F5,REQ-D7C6409FDAF0,2026-09-16 10:27:12
EVT-0005123,IF_MESPC_PLMPD_001,MES,PLM,REST_API,REST,Success,,,,5772,SESS-DB6D28BB42,REQ-8F330A224C84,2026-09-15 08:04:24
EVT-0005128,IF_MESYM_SAPQM_001,MES,SAP_ERP,Kafka,Async,Success,,,,985,SESS-3E59D8F877,REQ-BDDB70914326,2026-09-13 12:08:53
EVT-0005146,IF_MESPC_PLMPD_001,MES,PLM,REST_API,REST,Success,,,,9495,SESS-16E30DC627,REQ-49A35C0800A0,2026-09-10 11:49:46
EVT-0005156,IF_MESPE_ORSC_001,MES,ORACLE_SCM,Kafka,Async,Success,,,,3111,SESS-CF3432522A,REQ-B6032238B54B,2026-09-14 19:28:52
EVT-0005163,IF_MESPC_PLMPD_001,MES,PLM,REST_API,REST,Success,,,,6277,SESS-EE93102FC9,REQ-0851F9295762,2026-09-13 14:04:29
EVT-0005173,IF_MESPE_ORSC_001,MES,ORACLE_SCM,Kafka,Async,Success,,,,2084,SESS-C04F4E5765,REQ-756EEBA36B2F,2026-09-16 15:27:10
EVT-0005189,IF_MESPE_ORSC_001,MES,ORACLE_SCM,Kafka,Async,Success,,,,1949,SESS-0148F4BBB2,REQ-4664268B4EA2,2026-09-11 01:56:11
EVT-0005191,IF_MESPE_ORSC_001,MES,ORACLE_SCM,Kafka,Async,Success,,,,1974,SESS-88C9094373,REQ-65A012DD643C,2026-09-12 12:01:21
EVT-0005196,IF_MESPE_ORSC_001,MES,ORACLE_SCM,Kafka,Async,Success,,,,2556,SESS-9146869682,REQ-A620CF7405B9,2026-09-16 22:09:39
EVT-0005197,IF_MESPE_ORSC_001,MES,ORACLE_SCM,Kafka,Async,Success,,,,2315,SESS-4C3D161559,REQ-AF30F1AADC19,2026-09-12 08:32:29
EVT-0005203,IF_MESYM_SAPQM_001,MES,SAP_ERP,Kafka,Async,Success,,,,1848,SESS-212FC82E58,REQ-36F0D971F25F,2026-09-14 01:20:50
EVT-0005205,IF_MESPC_PLMPD_001,MES,PLM,REST_API,REST,Success,,,,5029,SESS-2F24F0FDD5,REQ-E5B3B3948A00,2026-09-10 15:37:32
EVT-0005229,IF_MESPE_SAPPP_001,MES,SAP_ERP,Kafka,Async,Success,,,,740,SESS-5304479860,REQ-410D6DD70584,2026-09-10 21:15:20
EVT-0005230,IF_MESPE_ORSC_001,MES,ORACLE_SCM,Kafka,Async,Success,,,,2227,SESS-9FF0CD94F0,REQ-41BA242D1900,2026-09-14 10:47:16
EVT-0005248,IF_MESPE_ORSC_001,MES,ORACLE_SCM,Kafka,Async,Success,,,,2201,SESS-351DF72D82,REQ-E6EA8373E74A,2026-09-10 12:16:54
EVT-0005253,IF_MESPE_SAPPP_001,MES,SAP_ERP,Kafka,Async,Retry,NET_CONN_003,Connection reset by peer,Network,2780,SESS-F3B5EE391A,REQ-AA3BB0DD344A,2026-09-13 04:20:57
EVT-0005263,IF_MESPE_SAPPP_001,MES,SAP_ERP,Kafka,Async,Success,,,,913,SESS-378B507592,REQ-DEA99CB890CF,2026-09-15 21:57:31
EVT-0005264,IF_MESPE_ORSC_001,MES,ORACLE_SCM,Kafka,Async,Success,,,,3022,SESS-131F7F3BF5,REQ-786A5036C38C,2026-09-10 15:13:06
EVT-0005275,IF_MESPE_ORSC_001,MES,ORACLE_SCM,Kafka,Async,Success,,,,2138,SESS-153CF498FF,REQ-AF1B7C92257B,2026-09-11 04:25:43
EVT-0005279,IF_MESPC_PLMPD_001,MES,PLM,REST_API,REST,Success,,,,6082,SESS-BE40DE0DED,REQ-8964F0DBE0C5,2026-09-16 05:52:33
EVT-0005292,IF_MESYM_SAPQM_001,MES,SAP_ERP,Kafka,Async,Success,,,,1394,SESS-428A6331D9,REQ-83F3C3BBFBB8,2026-09-11 04:34:49
EVT-0005296,IF_MESPE_SAPPP_001,MES,SAP_ERP,Kafka,Async,Success,,,,782,SESS-16359DEBB9,REQ-683B07AEC9B0,2026-09-16 13:59:37
EVT-0005300,IF_MESPE_SAPPP_001,MES,SAP_ERP,Kafka,Async,Success,,,,748,SESS-6D4A52BB00,REQ-49BB90E74BEB,2026-09-14 23:03:18
EVT-0005315,IF_MESPE_SAPPP_001,MES,SAP_ERP,Kafka,Async,Success,,,,1237,SESS-69A00F983F,REQ-85D2B1E9AB8B,2026-09-10 08:02:56
EVT-0005316,IF_MESPE_ORSC_001,MES,ORACLE_SCM,Kafka,Async,Success,,,,1268,SESS-9576467DA4,REQ-8495DDF7E861,2026-09-13 21:04:06
EVT-0005321,IF_MESPC_PLMPD_001,MES,PLM,REST_API,REST,Success,,,,7451,SESS-83BAD27D2B,REQ-2F20ABB15461,2026-09-14 05:46:30
EVT-0005323,IF_MESYM_SAPQM_001,MES,SAP_ERP,Kafka,Async,Success,,,,853,SESS-1D95714CE8,REQ-08AFA16C900F,2026-09-16 02:38:30
EVT-0005334,IF_MESPE_SAPPP_001,MES,SAP_ERP,Kafka,Async,Success,,,,916,SESS-31ADA967FB,REQ-0B41ADB8181D,2026-09-15 04:49:46
EVT-0005341,IF_MESPC_PLMPD_001,MES,PLM,REST_API,REST,Success,,,,9363,SESS-C0618C342D,REQ-F035A1AD8822,2026-09-10 01:29:34
EVT-0005343,IF_MESYM_SAPQM_001,MES,SAP_ERP,Kafka,Async,Failed,AUTHZ_403,Caller is not authorized,Authorization,11954,SESS-7920119B4B,REQ-B386D1EF5A96,2026-09-11 21:35:57
EVT-0005344,IF_MESYM_SAPQM_001,MES,SAP_ERP,Kafka,Async,Success,,,,1772,SESS-C8579433EF,REQ-B46819C52408,2026-09-15 00:45:45
EVT-0005371,IF_MESPE_ORSC_001,MES,ORACLE_SCM,Kafka,Async,Success,,,,1564,SESS-083EF53E2D,REQ-A349B6FE48CE,2026-09-12 07:25:11
EVT-0005377,IF_MESPE_SAPPP_001,MES,SAP_ERP,Kafka,Async,Success,,,,988,SESS-9F99F04C4D,REQ-D6A91A4AB5BB,2026-09-15 05:08:49
EVT-0005389,IF_MESPC_PLMPD_001,MES,PLM,REST_API,REST,Retry,NET_CONN_003,Connection reset by peer,Network,25519,SESS-AA6A874F4A,REQ-E022F6293217,2026-09-15 05:08:56
EVT-0005392,IF_MESPE_ORSC_001,MES,ORACLE_SCM,Kafka,Async,Success,,,,2285,SESS-84FC585562,REQ-3B72529A3DE4,2026-09-14 01:07:12
EVT-0005401,IF_MESPC_PLMPD_001,MES,PLM,REST_API,REST,Success,,,,7165,SESS-5186CC583B,REQ-0AF1D8FC8E7A,2026-09-13 08:06:30
EVT-0005409,IF_MESPE_SAPPP_001,MES,SAP_ERP,Kafka,Async,Retry,CFG_017,Interface configuration mismatch,Configuration,1738,SESS-AA6DA2ABB2,REQ-8F6310D38724,2026-09-10 01:33:38
EVT-0005421,IF_MESPC_PLMPD_001,MES,PLM,REST_API,REST,Failed,NET_CONN_003,Connection reset by peer,Network,27140,SESS-0E738EF894,REQ-CB20F87BFA7A,2026-09-15 13:00:26
EVT-0005423,IF_MESPC_PLMPD_001,MES,PLM,REST_API,REST,Success,,,,7772,SESS-7D8E6C7586,REQ-6B50FB2D631A,2026-09-12 00:49:17
EVT-0005424,IF_MESPE_ORSC_001,MES,ORACLE_SCM,Kafka,Async,Success,,,,2335,SESS-96FB70BD4B,REQ-B3E1672D843D,2026-09-11 04:42:50
EVT-0005432,IF_MESYM_SAPQM_001,MES,SAP_ERP,Kafka,Async,Success,,,,1065,SESS-8133ADCA2F,REQ-98B33EE2EBD3,2026-09-11 01:10:21
EVT-0005433,IF_MESPE_SAPPP_001,MES,SAP_ERP,Kafka,Async,Retry,VAL_400,Required business field failed validation,Validation,2595,SESS-B1827E9B3B,REQ-092AF0000A2A,2026-09-14 22:35:42
EVT-0005434,IF_MESPE_SAPPP_001,MES,SAP_ERP,Kafka,Async,Success,,,,934,SESS-1E730FB0B6,REQ-DEBCD7CDB12B,2026-09-16 00:24:15
EVT-0005457,IF_MESPE_ORSC_001,MES,ORACLE_SCM,Kafka,Async,Success,,,,2532,SESS-9A5EE76881,REQ-CA37BF07FD98,2026-09-14 17:47:52
EVT-0005460,IF_MESPE_SAPPP_001,MES,SAP_ERP,Kafka,Async,Success,,,,700,SESS-53D130B5EC,REQ-E7971A550195,2026-09-14 03:16:49
EVT-0005467,IF_MESPE_ORSC_001,MES,ORACLE_SCM,Kafka,Async,Success,,,,2866,SESS-3F5276AF74,REQ-A32789D54EBE,2026-09-13 18:08:38
EVT-0005504,IF_MESYM_SAPQM_001,MES,SAP_ERP,Kafka,Async,Success,,,,1229,SESS-2BBEAA856E,REQ-CC0C284A06DB,2026-09-14 22:10:16
EVT-0005512,IF_MESPE_SAPPP_001,MES,SAP_ERP,Kafka,Async,Success,,,,579,SESS-FC3C9B3481,REQ-9B237C70D127,2026-09-15 01:12:51
EVT-0005525,IF_MESPE_SAPPP_001,MES,SAP_ERP,Kafka,Async,Success,,,,755,SESS-6B88F261B2,REQ-F0C961073CC9,2026-09-11 13:16:11
EVT-0005528,IF_MESPE_SAPPP_001,MES,SAP_ERP,Kafka,Async,Success,,,,585,SESS-3BAE7DE00A,REQ-1AFB452B64A7,2026-09-12 19:24:00
EVT-0005531,IF_MESPE_ORSC_001,MES,ORACLE_SCM,Kafka,Async,Retry,AUTH_401,Service credential rejected,Authentication,7971,SESS-E01B1D957D,REQ-2072DB4B29B4,2026-09-15 17:48:49
EVT-0005535,IF_MESPE_ORSC_001,MES,ORACLE_SCM,Kafka,Async,Success,,,,2970,SESS-6F19CB4B49,REQ-EF15FC4C29F1,2026-09-11 17:52:44
EVT-0005538,IF_MESYM_SAPQM_001,MES,SAP_ERP,Kafka,Async,Success,,,,1186,SESS-F29662E40F,REQ-B25BA1A3209E,2026-09-12 13:35:53
EVT-0005544,IF_MESPC_PLMPD_001,MES,PLM,REST_API,REST,Success,,,,7361,SESS-2B4772C68D,REQ-4F6510F08220,2026-09-11 08:03:12
EVT-0005545,IF_MESYM_SAPQM_001,MES,SAP_ERP,Kafka,Async,Success,,,,1404,SESS-E0356427AC,REQ-66F88E7E0D1F,2026-09-12 20:03:47
EVT-0005546,IF_MESYM_SAPQM_001,MES,SAP_ERP,Kafka,Async,Success,,,,1226,SESS-12C4D68575,REQ-DCD107F7B965,2026-09-16 08:29:09
EVT-0005551,IF_MESPE_ORSC_001,MES,ORACLE_SCM,Kafka,Async,Success,,,,1785,SESS-2E6F30BDF6,REQ-F2A0B70BC205,2026-09-16 01:07:17
EVT-0005553,IF_MESPE_SAPPP_001,MES,SAP_ERP,Kafka,Async,Success,,,,903,SESS-887A3990DD,REQ-EE71DC51C502,2026-09-11 07:32:31
EVT-0005567,IF_MESPE_SAPPP_001,MES,SAP_ERP,Kafka,Async,Success,,,,879,SESS-F98EF91F8C,REQ-FAEE767E61A3,2026-09-12 17:58:23
EVT-0005573,IF_MESPC_PLMPD_001,MES,PLM,REST_API,REST,Success,,,,6300,SESS-B6138EF270,REQ-4BA3709DE2E9,2026-09-14 15:21:13
EVT-0005581,IF_MESYM_SAPQM_001,MES,SAP_ERP,Kafka,Async,Retry,EXT_502,Downstream service returned 502,External Service,2235,SESS-533D3BACFC,REQ-86667C821C9F,2026-09-15 21:32:26
EVT-0005585,IF_MESPC_PLMPD_001,MES,PLM,REST_API,REST,Success,,,,10240,SESS-42E455BA4E,REQ-320FC8C67994,2026-09-10 01:23:27
EVT-0005594,IF_MESPE_SAPPP_001,MES,SAP_ERP,Kafka,Async,Success,,,,1101,SESS-88C3580728,REQ-EAB6139DB462,2026-09-11 07:20:06
EVT-0005605,IF_MESPC_PLMPD_001,MES,PLM,REST_API,REST,Success,,,,8157,SESS-B26B3B163A,REQ-8490D451C142,2026-09-12 01:00:05
EVT-0005606,IF_MESPE_SAPPP_001,MES,SAP_ERP,Kafka,Async,Success,,,,986,SESS-A534E7D56F,REQ-34D4E3BB2AA6,2026-09-15 20:18:58
EVT-0005611,IF_MESPE_ORSC_001,MES,ORACLE_SCM,Kafka,Async,Success,,,,2590,SESS-186875F6C8,REQ-5D3C417AF1BE,2026-09-13 12:58:33
EVT-0005613,IF_MESPE_ORSC_001,MES,ORACLE_SCM,Kafka,Async,Retry,AUTH_401,Service credential rejected,Authentication,7166,SESS-CDFCD0C0AB,REQ-A8274D127095,2026-09-12 16:20:10
EVT-0005616,IF_MESPE_SAPPP_001,MES,SAP_ERP,Kafka,Async,Success,,,,702,SESS-6CC22A2847,REQ-B4D09C665FF2,2026-09-14 20:21:22
EVT-0005620,IF_MESPC_PLMPD_001,MES,PLM,REST_API,REST,Success,,,,7052,SESS-EDC28D8FA4,REQ-0EE4E2F8A8E0,2026-09-14 20:00:12
EVT-0005625,IF_MESYM_SAPQM_001,MES,SAP_ERP,Kafka,Async,Success,,,,1368,SESS-0E472DFA34,REQ-D20FC2AFDB48,2026-09-15 21:25:54
EVT-0005628,IF_MESYM_SAPQM_001,MES,SAP_ERP,Kafka,Async,Success,,,,1400,SESS-AE32E00DBE,REQ-35F96287840A,2026-09-15 03:06:46
EVT-0005630,IF_MESPC_PLMPD_001,MES,PLM,REST_API,REST,Success,,,,7517,SESS-91EE513506,REQ-FAB62EE097AF,2026-09-12 11:46:45
EVT-0005632,IF_MESYM_SAPQM_001,MES,SAP_ERP,Kafka,Async,Retry,VAL_400,Required business field failed validation,Validation,2337,SESS-77B6716DCB,REQ-C02E4BFB7353,2026-09-15 13:55:15
EVT-0005638,IF_MESPE_ORSC_001,MES,ORACLE_SCM,Kafka,Async,Success,,,,2470,SESS-B339CCE4C6,REQ-668441DE7503,2026-09-16 09:03:47
EVT-0005642,IF_MESPE_ORSC_001,MES,ORACLE_SCM,Kafka,Async,Success,,,,1666,SESS-1B43A27988,REQ-7887D1CC4EBD,2026-09-10 02:21:05
EVT-0005644,IF_MESPE_SAPPP_001,MES,SAP_ERP,Kafka,Async,Success,,,,743,SESS-8294A9C591,REQ-ECA792DAAB03,2026-09-12 20:01:30
EVT-0005645,IF_MESPE_SAPPP_001,MES,SAP_ERP,Kafka,Async,Retry,AUTH_401,Service credential rejected,Authentication,1859,SESS-C7334FF713,REQ-83F94553257C,2026-09-12 23:27:52
EVT-0005652,IF_MESPC_PLMPD_001,MES,PLM,REST_API,REST,Success,,,,7445,SESS-20558316DA,REQ-9323DA89B979,2026-09-10 11:21:31
EVT-0005656,IF_MESPC_PLMPD_001,MES,PLM,REST_API,REST,Success,,,,7892,SESS-FF679D3919,REQ-D341B23F6BA0,2026-09-13 05:43:40
EVT-0005658,IF_MESPE_SAPPP_001,MES,SAP_ERP,Kafka,Async,Success,,,,984,SESS-04CD66E3D3,REQ-D0B873669AEE,2026-09-13 23:44:40
EVT-0005660,IF_MESPC_PLMPD_001,MES,PLM,REST_API,REST,Success,,,,2541,SESS-C0D3D6A4E9,REQ-1EE7503EF1C3,2026-09-11 03:40:14
EVT-0005663,IF_MESPE_SAPPP_001,MES,SAP_ERP,Kafka,Async,Success,,,,941,SESS-E17CB804F4,REQ-BB1A8E36FF57,2026-09-13 14:57:47
EVT-0005668,IF_MESPE_SAPPP_001,MES,SAP_ERP,Kafka,Async,Retry,INFRA_008,Runtime node unavailable,Infrastructure,2800,SESS-3CCE6C8CE9,REQ-46E565717DE8,2026-09-12 12:34:08
EVT-0005673,IF_MESPE_SAPPP_001,MES,SAP_ERP,Kafka,Async,Failed,DB_COMMIT_014,Transaction commit failed,Database,4598,SESS-5B9AC5D6F2,REQ-337E78BECA57,2026-09-12 09:35:30
EVT-0005677,IF_MESPE_ORSC_001,MES,ORACLE_SCM,Kafka,Async,Success,,,,1329,SESS-AAB32FA1CD,REQ-2BB070D8709B,2026-09-13 22:08:12
EVT-0005698,IF_MESPE_SAPPP_001,MES,SAP_ERP,Kafka,Async,Retry,DB_COMMIT_014,Transaction commit failed,Database,1768,SESS-CC9575AB55,REQ-2FE0B55677FE,2026-09-10 07:09:31
EVT-0005703,IF_MESPE_SAPPP_001,MES,SAP_ERP,Kafka,Async,Success,,,,302,SESS-89C7FE896C,REQ-2FE5A4300181,2026-09-14 00:20:38
EVT-0005705,IF_MESPE_ORSC_001,MES,ORACLE_SCM,Kafka,Async,Retry,TIME_004,Downstream response exceeded SLA,Timeout,3944,SESS-7B56D36E7B,REQ-87EBE5575B52,2026-09-16 13:54:36
EVT-0005708,IF_MESPE_SAPPP_001,MES,SAP_ERP,Kafka,Async,Success,,,,873,SESS-CF8DE40543,REQ-47F4B80A64D1,2026-09-13 03:25:07
EVT-0005711,IF_MESPE_ORSC_001,MES,ORACLE_SCM,Kafka,Async,Success,,,,2063,SESS-4ECC3B88BF,REQ-90DCEC55E8B2,2026-09-15 00:57:20
EVT-0005712,IF_MESPE_ORSC_001,MES,ORACLE_SCM,Kafka,Async,Success,,,,1830,SESS-272A586C8D,REQ-543B552096C4,2026-09-13 18:36:17
EVT-0005724,IF_MESPE_ORSC_001,MES,ORACLE_SCM,Kafka,Async,Success,,,,2350,SESS-EEA5C376A8,REQ-EB314B7B2315,2026-09-13 20:10:31
EVT-0005726,IF_MESPE_ORSC_001,MES,ORACLE_SCM,Kafka,Async,Success,,,,2767,SESS-332D279C60,REQ-0690533DC769,2026-09-16 23:01:18
EVT-0005729,IF_MESPE_ORSC_001,MES,ORACLE_SCM,Kafka,Async,Retry,AUTH_401,Service credential rejected,Authentication,6885,SESS-D93DB3FD3E,REQ-4859E47E59A9,2026-09-10 11:45:02
EVT-0005733,IF_MESPC_PLMPD_001,MES,PLM,REST_API,REST,Success,,,,5557,SESS-29301727B9,REQ-3A73658D8100,2026-09-15 18:58:31
EVT-0005749,IF_MESPC_PLMPD_001,MES,PLM,REST_API,REST,Success,,,,6573,SESS-A276861363,REQ-E464B358EADE,2026-09-13 19:50:27
EVT-0005752,IF_MESPC_PLMPD_001,MES,PLM,REST_API,REST,Success,,,,6719,SESS-B3D09B476F,REQ-91F914F240B1,2026-09-11 19:51:00
EVT-0005753,IF_MESPC_PLMPD_001,MES,PLM,REST_API,REST,Success,,,,7299,SESS-FA351D21C6,REQ-3EAD0A996E4E,2026-09-10 15:24:42
EVT-0005759,IF_MESPE_SAPPP_001,MES,SAP_ERP,Kafka,Async,Success,,,,1055,SESS-CA9F3F9155,REQ-C7C71E75D5CD,2026-09-10 22:28:25
EVT-0005765,IF_MESPE_ORSC_001,MES,ORACLE_SCM,Kafka,Async,Failed,CFG_017,Interface configuration mismatch,Configuration,9784,SESS-F0124D7D53,REQ-5E195E45B07D,2026-09-14 04:03:53
EVT-0005770,IF_MESYM_SAPQM_001,MES,SAP_ERP,Kafka,Async,Success,,,,1308,SESS-BDF4D61F94,REQ-4D1E808AB4B6,2026-09-13 16:15:34
EVT-0005781,IF_MESPE_ORSC_001,MES,ORACLE_SCM,Kafka,Async,Success,,,,2223,SESS-DF4E2ECAD0,REQ-0776412C254D,2026-09-16 04:20:34
EVT-0005788,IF_MESPE_ORSC_001,MES,ORACLE_SCM,Kafka,Async,Success,,,,3101,SESS-F67BABC5C3,REQ-21DB1DE27805,2026-09-12 17:05:05
EVT-0005790,IF_MESPE_ORSC_001,MES,ORACLE_SCM,Kafka,Async,Success,,,,1977,SESS-1886A9C9A0,REQ-25282958F551,2026-09-12 11:58:45
EVT-0005796,IF_MESPE_SAPPP_001,MES,SAP_ERP,Kafka,Async,Success,,,,1298,SESS-E369CDB519,REQ-1787661D398B,2026-09-12 13:29:26
EVT-0005801,IF_MESYM_SAPQM_001,MES,SAP_ERP,Kafka,Async,Success,,,,1600,SESS-7856D4BCDA,REQ-261D05A2DF79,2026-09-10 22:15:36
EVT-0005802,IF_MESPE_ORSC_001,MES,ORACLE_SCM,Kafka,Async,Success,,,,1802,SESS-C01E8AE141,REQ-47BC4D2C24CC,2026-09-15 17:15:13
EVT-0005806,IF_MESPE_ORSC_001,MES,ORACLE_SCM,Kafka,Async,Success,,,,3291,SESS-41F2ADE067,REQ-99AB2A9A21A4,2026-09-11 13:15:50
EVT-0005814,IF_MESPE_SAPPP_001,MES,SAP_ERP,Kafka,Async,Success,,,,936,SESS-2B63120CBD,REQ-22FDB7B984B8,2026-09-11 16:24:29
EVT-0005821,IF_MESPC_PLMPD_001,MES,PLM,REST_API,REST,Success,,,,6754,SESS-5D6AC38E70,REQ-F746956B034A,2026-09-11 11:52:04
EVT-0005823,IF_MESYM_SAPQM_001,MES,SAP_ERP,Kafka,Async,Success,,,,985,SESS-846777BF34,REQ-7CB1B01754F0,2026-09-15 08:22:38
EVT-0005826,IF_MESYM_SAPQM_001,MES,SAP_ERP,Kafka,Async,Success,,,,1823,SESS-C480E82FAC,REQ-7C68E44BA0D6,2026-09-12 22:31:03
EVT-0005832,IF_MESYM_SAPQM_001,MES,SAP_ERP,Kafka,Async,Success,,,,1341,SESS-3871FC307A,REQ-71D27116020E,2026-09-10 10:40:24
EVT-0005834,IF_MESPE_SAPPP_001,MES,SAP_ERP,Kafka,Async,Success,,,,615,SESS-81F49B3BBC,REQ-346A778C9B93,2026-09-14 02:14:00
EVT-0005836,IF_MESPC_PLMPD_001,MES,PLM,REST_API,REST,Failed,VAL_400,Required business field failed validation,Validation,33928,SESS-1315840448,REQ-20A9C2B67677,2026-09-14 06:39:01
EVT-0005840,IF_MESPE_SAPPP_001,MES,SAP_ERP,Kafka,Async,Success,,,,891,SESS-FD8332B87D,REQ-5DA147891835,2026-09-11 09:41:55
EVT-0005841,IF_MESYM_SAPQM_001,MES,SAP_ERP,Kafka,Async,Success,,,,1219,SESS-D47C30E23B,REQ-741D5C4A9B4D,2026-09-12 15:25:24
EVT-0005842,IF_MESPE_ORSC_001,MES,ORACLE_SCM,Kafka,Async,Success,,,,2539,SESS-3199F6ECE5,REQ-1408D4273D33,2026-09-16 19:29:13
EVT-0005849,IF_MESPC_PLMPD_001,MES,PLM,REST_API,REST,Success,,,,5771,SESS-C2D258576A,REQ-5C8F281D35DE,2026-09-14 12:37:32
EVT-0005850,IF_MESYM_SAPQM_001,MES,SAP_ERP,Kafka,Async,Success,,,,679,SESS-709EA1EB6C,REQ-188982EB958A,2026-09-11 16:48:02
EVT-0005856,IF_MESPE_ORSC_001,MES,ORACLE_SCM,Kafka,Async,Success,,,,2087,SESS-25AA859454,REQ-05C866D5ADB8,2026-09-14 11:12:28
EVT-0005867,IF_MESYM_SAPQM_001,MES,SAP_ERP,Kafka,Async,Success,,,,1462,SESS-3D4F20DC85,REQ-0FE3D89BF0B4,2026-09-14 02:38:21
EVT-0005872,IF_MESYM_SAPQM_001,MES,SAP_ERP,Kafka,Async,Success,,,,1430,SESS-F1AB212B40,REQ-EDBD3993FB74,2026-09-11 07:08:42
EVT-0005883,IF_MESPE_ORSC_001,MES,ORACLE_SCM,Kafka,Async,Retry,TIME_004,Downstream response exceeded SLA,Timeout,5451,SESS-267E302F8D,REQ-09C4C95143D6,2026-09-15 17:23:56
EVT-0005894,IF_MESPE_SAPPP_001,MES,SAP_ERP,Kafka,Async,Success,,,,738,SESS-0D7CBE0575,REQ-1C89307DCD30,2026-09-12 22:34:40
EVT-0005895,IF_MESPC_PLMPD_001,MES,PLM,REST_API,REST,Success,,,,4993,SESS-544733E750,REQ-D2B58CBD34C2,2026-09-11 06:01:31
EVT-0005896,IF_MESPC_PLMPD_001,MES,PLM,REST_API,REST,Success,,,,7995,SESS-8E535520B1,REQ-7B5A9B3883FA,2026-09-13 01:02:07
EVT-0005898,IF_MESPE_SAPPP_001,MES,SAP_ERP,Kafka,Async,Success,,,,807,SESS-9A9492C760,REQ-A634815050CE,2026-09-16 11:56:09
EVT-0005899,IF_MESPE_SAPPP_001,MES,SAP_ERP,Kafka,Async,Success,,,,749,SESS-E9DB6AB240,REQ-36276CEF88E3,2026-09-10 06:47:15
EVT-0005907,IF_MESPE_SAPPP_001,MES,SAP_ERP,Kafka,Async,Retry,INFRA_008,Runtime node unavailable,Infrastructure,1432,SESS-607A4181D7,REQ-BD6201A63EE8,2026-09-14 12:40:46
EVT-0005918,IF_MESPE_SAPPP_001,MES,SAP_ERP,Kafka,Async,Retry,VAL_400,Required business field failed validation,Validation,1823,SESS-6F81F8B4C5,REQ-92055A74640E,2026-09-15 23:55:11
EVT-0005920,IF_MESYM_SAPQM_001,MES,SAP_ERP,Kafka,Async,Failed,NET_CONN_003,Connection reset by peer,Network,3913,SESS-A9FB4AA467,REQ-0153DD67D0C7,2026-09-13 07:15:27
EVT-0005936,IF_MESPE_ORSC_001,MES,ORACLE_SCM,Kafka,Async,Success,,,,2486,SESS-A6772BC512,REQ-CC5BE85E6CB4,2026-09-14 09:33:34
EVT-0005955,IF_MESYM_SAPQM_001,MES,SAP_ERP,Kafka,Async,Success,,,,1509,SESS-72ABD519CF,REQ-FA4019B5A682,2026-09-16 20:22:49
EVT-0005960,IF_MESPE_ORSC_001,MES,ORACLE_SCM,Kafka,Async,Success,,,,2242,SESS-78CFE9644B,REQ-255D759D088F,2026-09-14 22:17:13
EVT-0005967,IF_MESPC_PLMPD_001,MES,PLM,REST_API,REST,Success,,,,6405,SESS-BDA82F54CA,REQ-FCB64989D042,2026-09-10 01:44:32
EVT-0005977,IF_MESPE_ORSC_001,MES,ORACLE_SCM,Kafka,Async,Success,,,,1671,SESS-2E4566A590,REQ-0D8B253BCA21,2026-09-16 14:29:19
EVT-0005983,IF_MESPE_ORSC_001,MES,ORACLE_SCM,Kafka,Async,Success,,,,2182,SESS-42601F3FC9,REQ-CFB89555D4E1,2026-09-14 01:24:37
EVT-0005994,IF_MESPE_ORSC_001,MES,ORACLE_SCM,Kafka,Async,Success,,,,2456,SESS-030E0A3425,REQ-5201CFEB6193,2026-09-10 15:37:50
