EventID,InterfaceID,SourceSystem,TargetSystem,Middleware,Pattern,Status,ErrorCode,ErrorText,RootCauseClass,Latency_ms,SessionID,RequestID,Timestamp
EVT-0000001,IF_ORSC_SAPPP_001,ORACLE_SCM,SAP_ERP,Kafka,Async,Retry,INFRA_008,Runtime node unavailable,Infrastructure,2266,SESS-05F8981FB9,REQ-3F73C449F9E0,2026-09-15 05:35:56+00:00
EVT-0000002,IF_ORSC_ORIM_001,ORACLE_SCM,ORACLE_SCM,ESB,Sync,Retry,AUTH_401,Service credential rejected,Authentication,7125,SESS-FBFD6EEC9F,REQ-E249D08A1EE0,2026-09-14 08:18:25+00:00
EVT-0000010,IF_ORIM_SAPPROC_001,ORACLE_SCM,SAP_ERP,REST_API,REST,Success,,,,2153,SESS-A8B47456AF,REQ-1485B021A0BD,2026-09-11 23:55:01+00:00
EVT-0000011,IF_ORIM_SAPPROC_001,ORACLE_SCM,SAP_ERP,REST_API,REST,Success,,,,2871,SESS-36B7A49142,REQ-09C8D06CD525,2026-09-16 18:38:25+00:00
EVT-0000013,IF_ORWMS_SAPQM_001,ORACLE_SCM,SAP_ERP,Kafka,Async,Success,,,,1978,SESS-23AB529388,REQ-988DDC96D514,2026-09-16 03:26:58+00:00
EVT-0000014,IF_ORIM_MESPE_001,ORACLE_SCM,MES,Kafka,Async,Success,,,,989,SESS-EEDA6F8155,REQ-C1CCE44B2A8C,2026-09-13 21:05:07+00:00
EVT-0000018,IF_ORWMS_SAPQM_001,ORACLE_SCM,SAP_ERP,Kafka,Async,Success,,,,2277,SESS-F94C7F15BA,REQ-F2C7B96BCCE6,2026-09-14 09:52:32+00:00
EVT-0000020,IF_ORSC_ORIM_001,ORACLE_SCM,ORACLE_SCM,ESB,Sync,Success,,,,2112,SESS-462A597318,REQ-47C4FB5C57CC,2026-09-16 00:04:51+00:00
EVT-0000028,IF_ORSC_SAPPP_001,ORACLE_SCM,SAP_ERP,Kafka,Async,Retry,TIME_004,Downstream response exceeded SLA,Timeout,3268,SESS-3353544B2F,REQ-AF66D42BF427,2026-09-11 08:31:59+00:00
EVT-0000043,IF_OROM_CRMOM_001,ORACLE_SCM,CRM,REST_API,REST,Retry,EXT_502,Downstream service returned 502,External Service,5046,SESS-CA1A065571,REQ-897E27B56397,2026-09-10 17:59:11+00:00
EVT-0000044,IF_ORIM_SAPPROC_001,ORACLE_SCM,SAP_ERP,REST_API,REST,Success,,,,1292,SESS-92C90CD8DA,REQ-5C606CC6CF84,2026-09-16 01:53:12+00:00
EVT-0000047,IF_ORWMS_SAPQM_001,ORACLE_SCM,SAP_ERP,Kafka,Async,Success,,,,1340,SESS-AB46CFCF5D,REQ-FF1E37982BFA,2026-09-16 09:34:12+00:00
EVT-0000048,IF_ORSC_ORIM_001,ORACLE_SCM,ORACLE_SCM,ESB,Sync,Success,,,,2597,SESS-F89EF97F4E,REQ-785B49C91F7D,2026-09-14 05:12:27+00:00
EVT-0000056,IF_OROM_CRMOM_001,ORACLE_SCM,CRM,REST_API,REST,Success,,,,1978,SESS-28D2CF3141,REQ-C949B1F00B4D,2026-09-15 15:44:12+00:00
EVT-0000058,IF_ORWMS_OROM_001,ORACLE_SCM,ORACLE_SCM,Kafka,Async,Retry,TIME_004,Downstream response exceeded SLA,Timeout,2589,SESS-DD2B95B502,REQ-35AD9E242CF7,2026-09-13 12:31:12+00:00
EVT-0000059,IF_ORWMS_SAPQM_001,ORACLE_SCM,SAP_ERP,Kafka,Async,Success,,,,2009,SESS-7F72FB3429,REQ-A2898A303AFF,2026-09-11 14:08:25+00:00
EVT-0000067,IF_ORSC_ORIM_001,ORACLE_SCM,ORACLE_SCM,ESB,Sync,Success,,,,2707,SESS-5F393F34D8,REQ-4B3CA14EC931,2026-09-13 01:33:47+00:00
EVT-0000071,IF_ORIM_ORWMS_001,ORACLE_SCM,ORACLE_SCM,ESB,Sync,Retry,CFG_017,Interface configuration mismatch,Configuration,1652,SESS-EC3B76B0A1,REQ-1AEB09046049,2026-09-12 17:52:12+00:00
EVT-0000079,IF_ORIM_SAPPROC_001,ORACLE_SCM,SAP_ERP,REST_API,REST,Success,,,,2586,SESS-16AB8F497A,REQ-5DF476376498,2026-09-11 07:21:12+00:00
EVT-0000081,IF_ORSC_ORIM_001,ORACLE_SCM,ORACLE_SCM,ESB,Sync,Success,,,,2534,SESS-CAEABCA5DE,REQ-68F36D9915CC,2026-09-14 13:15:19+00:00
EVT-0000083,IF_ORSC_ORIM_001,ORACLE_SCM,ORACLE_SCM,ESB,Sync,Success,,,,2206,SESS-28B5601755,REQ-C10A90C7213C,2026-09-15 22:01:08+00:00
EVT-0000084,IF_ORSC_SAPPP_001,ORACLE_SCM,SAP_ERP,Kafka,Async,Success,,,,1490,SESS-C719130EE2,REQ-686F0505E51A,2026-09-10 23:20:22+00:00
EVT-0000085,IF_ORIM_SAPPROC_001,ORACLE_SCM,SAP_ERP,REST_API,REST,Failed,AUTHZ_403,Caller is not authorized,Authorization,4390,SESS-50AB77AD23,REQ-6B782DC8D056,2026-09-13 01:29:45+00:00
EVT-0000086,IF_ORIM_ORWMS_001,ORACLE_SCM,ORACLE_SCM,ESB,Sync,Success,,,,971,SESS-2B97E51F4A,REQ-09D2B8983C76,2026-09-15 05:58:33+00:00
EVT-0000088,IF_ORWMS_SAPQM_001,ORACLE_SCM,SAP_ERP,Kafka,Async,Success,,,,3106,SESS-ED542AF04D,REQ-1D0B8F9F98F9,2026-09-10 11:51:43+00:00
EVT-0000090,IF_ORIM_ORWMS_001,ORACLE_SCM,ORACLE_SCM,ESB,Sync,Success,,,,769,SESS-402E1F2654,REQ-AAC560E399C4,2026-09-16 19:37:00+00:00
EVT-0000096,IF_ORSC_ORIM_001,ORACLE_SCM,ORACLE_SCM,ESB,Sync,Success,,,,2188,SESS-6659B425D6,REQ-5D27889EA5BC,2026-09-14 13:21:42+00:00
EVT-0000097,IF_ORWMS_OROM_001,ORACLE_SCM,ORACLE_SCM,Kafka,Async,Failed,CFG_017,Interface configuration mismatch,Configuration,2526,SESS-3FE63FA7D5,REQ-AE7C02E023AC,2026-09-16 02:47:40+00:00
EVT-0000098,IF_OROM_CRMOM_001,ORACLE_SCM,CRM,REST_API,REST,Success,,,,1961,SESS-3CE20EACCD,REQ-6E663077B627,2026-09-12 06:19:11+00:00
EVT-0000101,IF_ORSC_ORIM_001,ORACLE_SCM,ORACLE_SCM,ESB,Sync,Success,,,,2519,SESS-F7FF6979AD,REQ-2909C82B5C5A,2026-09-10 10:35:36+00:00
EVT-0000103,IF_ORSC_SAPPP_001,ORACLE_SCM,SAP_ERP,Kafka,Async,Success,,,,1352,SESS-05C7ADE967,REQ-F1F7755FC31B,2026-09-14 13:03:08+00:00
EVT-0000111,IF_ORSC_ORIM_001,ORACLE_SCM,ORACLE_SCM,ESB,Sync,Success,,,,1346,SESS-F8455CD917,REQ-51EBE61C054C,2026-09-11 09:24:48+00:00
EVT-0000117,IF_ORWMS_OROM_001,ORACLE_SCM,ORACLE_SCM,Kafka,Async,Retry,NET_CONN_003,Connection reset by peer,Network,5355,SESS-2803FBE3A4,REQ-1EAFBC18F84A,2026-09-16 21:19:22+00:00
EVT-0000122,IF_ORIM_ORWMS_001,ORACLE_SCM,ORACLE_SCM,ESB,Sync,Success,,,,820,SESS-9F5062D520,REQ-C1292E27D7F0,2026-09-12 13:27:49+00:00
EVT-0000124,IF_ORIM_MESPE_001,ORACLE_SCM,MES,Kafka,Async,Success,,,,2230,SESS-8E0509983D,REQ-A38BC39D99EA,2026-09-16 14:56:59+00:00
EVT-0000128,IF_ORSC_SAPPP_001,ORACLE_SCM,SAP_ERP,Kafka,Async,Success,,,,1503,SESS-DFB003A6E5,REQ-9DA96A81035E,2026-09-13 09:44:46+00:00
EVT-0000137,IF_ORSC_ORIM_001,ORACLE_SCM,ORACLE_SCM,ESB,Sync,Success,,,,1850,SESS-DDEC000082,REQ-9EDBFED351D5,2026-09-11 16:27:21+00:00
EVT-0000141,IF_ORSC_ORIM_001,ORACLE_SCM,ORACLE_SCM,ESB,Sync,Success,,,,3091,SESS-AB3C8B05EE,REQ-090C89CE5399,2026-09-14 08:44:28+00:00
EVT-0000150,IF_ORSC_SAPPP_001,ORACLE_SCM,SAP_ERP,Kafka,Async,Retry,AUTH_401,Service credential rejected,Authentication,4588,SESS-9B1E563074,REQ-F868EC319428,2026-09-15 13:45:58+00:00
EVT-0000151,IF_ORWMS_SAPQM_001,ORACLE_SCM,SAP_ERP,Kafka,Async,Success,,,,3551,SESS-20ED0CBA2C,REQ-2725F1DF910F,2026-09-16 16:18:22+00:00
EVT-0000156,IF_ORIM_SAPPROC_001,ORACLE_SCM,SAP_ERP,REST_API,REST,Success,,,,2098,SESS-505961DDC9,REQ-D2EE71E98985,2026-09-13 03:56:17+00:00
EVT-0000157,IF_ORIM_ORWMS_001,ORACLE_SCM,ORACLE_SCM,ESB,Sync,Success,,,,603,SESS-F87A1C6A81,REQ-443B2C0982BD,2026-09-15 20:37:56+00:00
EVT-0000158,IF_OROM_CRMOM_001,ORACLE_SCM,CRM,REST_API,REST,Success,,,,1577,SESS-B737D93205,REQ-33155FCC71A0,2026-09-14 15:02:26+00:00
EVT-0000161,IF_OROM_CRMOM_001,ORACLE_SCM,CRM,REST_API,REST,Retry,DB_COMMIT_014,Transaction commit failed,Database,7754,SESS-47A435291A,REQ-5B22F7876613,2026-09-13 18:17:52+00:00
EVT-0000166,IF_ORIM_SAPPROC_001,ORACLE_SCM,SAP_ERP,REST_API,REST,Failed,CAP_003,Downstream service is at capacity,Capacity,6709,SESS-8C829ABB11,REQ-A087DB2E1B3D,2026-09-14 00:37:19+00:00
EVT-0000167,IF_ORWMS_SAPQM_001,ORACLE_SCM,SAP_ERP,Kafka,Async,Success,,,,1659,SESS-335805AC95,REQ-539226B29656,2026-09-11 02:04:20+00:00
EVT-0000169,IF_ORIM_MESPE_001,ORACLE_SCM,MES,Kafka,Async,Success,,,,1453,SESS-3AB2DF7F25,REQ-D87E9215A88D,2026-09-16 14:32:16+00:00
EVT-0000172,IF_ORWMS_SAPQM_001,ORACLE_SCM,SAP_ERP,Kafka,Async,Retry,VAL_400,Required business field failed validation,Validation,3779,SESS-540DA1E958,REQ-D2522EE92876,2026-09-14 04:37:15+00:00
EVT-0000173,IF_OROM_CRMOM_001,ORACLE_SCM,CRM,REST_API,REST,Failed,INFRA_008,Runtime node unavailable,Infrastructure,15147,SESS-F58E830355,REQ-9CC2F0C74A1D,2026-09-15 21:44:56+00:00
EVT-0000174,IF_ORIM_ORWMS_001,ORACLE_SCM,ORACLE_SCM,ESB,Sync,Success,,,,829,SESS-92A90D7B15,REQ-D51C36EDC633,2026-09-15 03:34:57+00:00
EVT-0000175,IF_ORIM_SAPPROC_001,ORACLE_SCM,SAP_ERP,REST_API,REST,Success,,,,2496,SESS-0FBE130759,REQ-AB156C0F7134,2026-09-10 16:55:54+00:00
EVT-0000178,IF_ORIM_ORWMS_001,ORACLE_SCM,ORACLE_SCM,ESB,Sync,Success,,,,1148,SESS-DFB9010062,REQ-3EF97DAB68D6,2026-09-14 20:14:23+00:00
EVT-0000182,IF_ORWMS_SAPQM_001,ORACLE_SCM,SAP_ERP,Kafka,Async,Failed,CAP_003,Downstream service is at capacity,Capacity,4928,SESS-957CC918ED,REQ-961F9F395773,2026-09-16 08:47:13+00:00
EVT-0000185,IF_ORIM_SAPPROC_001,ORACLE_SCM,SAP_ERP,REST_API,REST,Retry,DB_COMMIT_014,Transaction commit failed,Database,4733,SESS-A47E504080,REQ-DF52C2DA85BB,2026-09-13 10:08:07+00:00
EVT-0000196,IF_ORIM_SAPPROC_001,ORACLE_SCM,SAP_ERP,REST_API,REST,Success,,,,2802,SESS-4831E15F88,REQ-C9B3AE780F8D,2026-09-11 21:58:05+00:00
EVT-0000203,IF_ORSC_SAPPP_001,ORACLE_SCM,SAP_ERP,Kafka,Async,Success,,,,984,SESS-AA2EA7A07D,REQ-BA0C0105938A,2026-09-10 01:17:28+00:00
EVT-0000206,IF_ORWMS_SAPQM_001,ORACLE_SCM,SAP_ERP,Kafka,Async,Retry,CFG_017,Interface configuration mismatch,Configuration,4299,SESS-4454C7D230,REQ-4338294DBBA3,2026-09-12 12:14:30+00:00
EVT-0000213,IF_OROM_CRMOM_001,ORACLE_SCM,CRM,REST_API,REST,Success,,,,1519,SESS-77EA51DCB4,REQ-97FE43686EC8,2026-09-12 03:01:15+00:00
EVT-0000214,IF_ORWMS_OROM_001,ORACLE_SCM,ORACLE_SCM,Kafka,Async,Success,,,,1505,SESS-11523D04C6,REQ-61C28ED827F2,2026-09-12 20:57:20+00:00
EVT-0000215,IF_OROM_CRMOM_001,ORACLE_SCM,CRM,REST_API,REST,Failed,EXT_502,Downstream service returned 502,External Service,19126,SESS-C0D90AA829,REQ-CD0F876FFC71,2026-09-16 19:12:10+00:00
EVT-0000217,IF_ORIM_SAPPROC_001,ORACLE_SCM,SAP_ERP,REST_API,REST,Success,,,,872,SESS-DD779A96B0,REQ-5715C66451A9,2026-09-10 00:47:05+00:00
EVT-0000222,IF_ORIM_ORWMS_001,ORACLE_SCM,ORACLE_SCM,ESB,Sync,Success,,,,761,SESS-87415F8F54,REQ-394F48F4F9C1,2026-09-16 12:32:25+00:00
EVT-0000226,IF_ORIM_MESPE_001,ORACLE_SCM,MES,Kafka,Async,Success,,,,1188,SESS-284CBC3257,REQ-40A8A6263D21,2026-09-12 03:46:55+00:00
EVT-0000228,IF_ORIM_ORWMS_001,ORACLE_SCM,ORACLE_SCM,ESB,Sync,Success,,,,913,SESS-A908F2EBA3,REQ-597AF8082FA6,2026-09-12 20:42:15+00:00
EVT-0000235,IF_ORWMS_SAPQM_001,ORACLE_SCM,SAP_ERP,Kafka,Async,Success,,,,1467,SESS-706D770D16,REQ-C25B4F997A3F,2026-09-12 01:22:57+00:00
EVT-0000236,IF_ORSC_SAPPP_001,ORACLE_SCM,SAP_ERP,Kafka,Async,Retry,CAP_003,Downstream service is at capacity,Capacity,4771,SESS-9D3E8F78F8,REQ-D336351AAF25,2026-09-10 20:20:49+00:00
EVT-0000237,IF_ORSC_SAPPP_001,ORACLE_SCM,SAP_ERP,Kafka,Async,Success,,,,1870,SESS-74F8C52AAF,REQ-397AE61CC651,2026-09-12 19:22:39+00:00
EVT-0000239,IF_ORSC_ORIM_001,ORACLE_SCM,ORACLE_SCM,ESB,Sync,Success,,,,2304,SESS-B9E1588F5D,REQ-AC4124BE1794,2026-09-16 20:39:47+00:00
EVT-0000245,IF_ORSC_ORIM_001,ORACLE_SCM,ORACLE_SCM,ESB,Sync,Success,,,,3143,SESS-F0BEB0027D,REQ-3DA1B81402C5,2026-09-13 13:49:37+00:00
EVT-0000247,IF_ORWMS_SAPQM_001,ORACLE_SCM,SAP_ERP,Kafka,Async,Success,,,,1271,SESS-E4F22529B4,REQ-8D033CE4B7A1,2026-09-10 10:23:15+00:00
EVT-0000250,IF_ORSC_SAPPP_001,ORACLE_SCM,SAP_ERP,Kafka,Async,Success,,,,1557,SESS-D7C6E492EF,REQ-D617C7CDE802,2026-09-10 23:56:59+00:00
EVT-0000256,IF_ORIM_MESPE_001,ORACLE_SCM,MES,Kafka,Async,Success,,,,1327,SESS-8602662A95,REQ-96DD9BD51D2E,2026-09-12 12:06:23+00:00
EVT-0000257,IF_ORSC_SAPPP_001,ORACLE_SCM,SAP_ERP,Kafka,Async,Success,,,,1844,SESS-B7B3B69FE2,REQ-4533740F9110,2026-09-12 22:36:54+00:00
EVT-0000262,IF_OROM_CRMOM_001,ORACLE_SCM,CRM,REST_API,REST,Success,,,,2218,SESS-6720456549,REQ-D2BD7E625D2A,2026-09-10 15:04:22+00:00
EVT-0000265,IF_OROM_CRMOM_001,ORACLE_SCM,CRM,REST_API,REST,Success,,,,1669,SESS-14C7976388,REQ-4DA3BBC523C6,2026-09-12 19:22:09+00:00
EVT-0000267,IF_ORWMS_SAPQM_001,ORACLE_SCM,SAP_ERP,Kafka,Async,Success,,,,2873,SESS-199145C8B5,REQ-0A5A0C7D2F25,2026-09-14 16:56:34+00:00
EVT-0000272,IF_OROM_CRMOM_001,ORACLE_SCM,CRM,REST_API,REST,Success,,,,1427,SESS-BC80D6AD22,REQ-0C62CFE9821E,2026-09-15 07:18:24+00:00
EVT-0000273,IF_ORIM_SAPPROC_001,ORACLE_SCM,SAP_ERP,REST_API,REST,Success,,,,2166,SESS-E3D9EC1930,REQ-9F1F9D5C674D,2026-09-16 17:56:45+00:00
EVT-0000274,IF_ORIM_SAPPROC_001,ORACLE_SCM,SAP_ERP,REST_API,REST,Success,,,,2487,SESS-9AC60CE14D,REQ-A825B6C976F8,2026-09-14 02:29:29+00:00
EVT-0000275,IF_ORWMS_OROM_001,ORACLE_SCM,ORACLE_SCM,Kafka,Async,Success,,,,1258,SESS-073FF6E805,REQ-113B0A023F0A,2026-09-12 02:06:34+00:00
EVT-0000278,IF_ORIM_SAPPROC_001,ORACLE_SCM,SAP_ERP,REST_API,REST,Success,,,,2369,SESS-BB31A5F6EF,REQ-BE4EF2A71136,2026-09-13 01:58:09+00:00
EVT-0000286,IF_ORIM_ORWMS_001,ORACLE_SCM,ORACLE_SCM,ESB,Sync,Success,,,,977,SESS-896048D01C,REQ-A5E5A241EF6C,2026-09-12 00:34:48+00:00
EVT-0000290,IF_ORSC_SAPPP_001,ORACLE_SCM,SAP_ERP,Kafka,Async,Success,,,,1957,SESS-B415040EC6,REQ-00975D6C28CA,2026-09-12 11:04:34+00:00
EVT-0000292,IF_ORSC_ORIM_001,ORACLE_SCM,ORACLE_SCM,ESB,Sync,Success,,,,2221,SESS-AEC72C524F,REQ-63C814606895,2026-09-11 13:21:39+00:00
EVT-0000295,IF_ORWMS_OROM_001,ORACLE_SCM,ORACLE_SCM,Kafka,Async,Success,,,,1580,SESS-F2B208DDD9,REQ-9A9E48145D67,2026-09-10 14:55:35+00:00
EVT-0000297,IF_ORIM_SAPPROC_001,ORACLE_SCM,SAP_ERP,REST_API,REST,Success,,,,2983,SESS-7922D46F6E,REQ-E69F9C39CD85,2026-09-10 20:55:55+00:00
EVT-0000313,IF_ORIM_ORWMS_001,ORACLE_SCM,ORACLE_SCM,ESB,Sync,Success,,,,961,SESS-8595F09C0F,REQ-104F52D28BD9,2026-09-14 06:48:02+00:00
EVT-0000317,IF_ORIM_SAPPROC_001,ORACLE_SCM,SAP_ERP,REST_API,REST,Success,,,,1766,SESS-8D61D54D55,REQ-BF4EC4476CD6,2026-09-11 10:11:12+00:00
EVT-0000322,IF_ORIM_SAPPROC_001,ORACLE_SCM,SAP_ERP,REST_API,REST,Success,,,,1661,SESS-1037313BF0,REQ-ABBD8A1771B0,2026-09-10 04:54:07+00:00
EVT-0000323,IF_ORWMS_SAPQM_001,ORACLE_SCM,SAP_ERP,Kafka,Async,Success,,,,1697,SESS-509693B8A8,REQ-8FAC551B5C34,2026-09-14 01:26:11+00:00
EVT-0000326,IF_ORIM_SAPPROC_001,ORACLE_SCM,SAP_ERP,REST_API,REST,Success,,,,2315,SESS-06981DCA6D,REQ-535389E03705,2026-09-10 17:32:53+00:00
EVT-0000331,IF_ORWMS_OROM_001,ORACLE_SCM,ORACLE_SCM,Kafka,Async,Retry,NET_CONN_003,Connection reset by peer,Network,3142,SESS-265A3E07C4,REQ-35508209D4C8,2026-09-11 03:31:14+00:00
EVT-0000332,IF_ORSC_SAPPP_001,ORACLE_SCM,SAP_ERP,Kafka,Async,Retry,AUTH_401,Service credential rejected,Authentication,3360,SESS-196136ADBE,REQ-1C0A0A9DBE43,2026-09-13 04:47:48+00:00
EVT-0000334,IF_ORSC_SAPPP_001,ORACLE_SCM,SAP_ERP,Kafka,Async,Success,,,,1301,SESS-ADE2B20F38,REQ-1A5E39CC7A5D,2026-09-14 10:21:23+00:00
EVT-0000335,IF_ORSC_ORIM_001,ORACLE_SCM,ORACLE_SCM,ESB,Sync,Success,,,,2428,SESS-A35AC73270,REQ-06D2F45C9578,2026-09-12 20:47:59+00:00
EVT-0000337,IF_ORWMS_SAPQM_001,ORACLE_SCM,SAP_ERP,Kafka,Async,Success,,,,2176,SESS-642AC37663,REQ-DEE12E61E6D5,2026-09-16 21:36:30+00:00
EVT-0000345,IF_ORIM_MESPE_001,ORACLE_SCM,MES,Kafka,Async,Success,,,,982,SESS-26EACAC202,REQ-98AA0CF6641C,2026-09-11 08:50:03+00:00
EVT-0000346,IF_ORWMS_OROM_001,ORACLE_SCM,ORACLE_SCM,Kafka,Async,Success,,,,1719,SESS-0140C6F746,REQ-4F105A70F6CB,2026-09-12 20:04:17+00:00
EVT-0000359,IF_ORIM_ORWMS_001,ORACLE_SCM,ORACLE_SCM,ESB,Sync,Success,,,,613,SESS-C8286064B1,REQ-1E1C9AF73B74,2026-09-11 16:55:43+00:00
EVT-0000366,IF_ORWMS_SAPQM_001,ORACLE_SCM,SAP_ERP,Kafka,Async,Success,,,,2886,SESS-B8E193171A,REQ-D6E723A0D186,2026-09-13 17:09:01+00:00
EVT-0000382,IF_ORIM_ORWMS_001,ORACLE_SCM,ORACLE_SCM,ESB,Sync,Success,,,,426,SESS-19E90D617B,REQ-D4C8226D659C,2026-09-16 23:44:43+00:00
EVT-0000383,IF_ORSC_SAPPP_001,ORACLE_SCM,SAP_ERP,Kafka,Async,Success,,,,1405,SESS-3C072D3F02,REQ-8A11B7444DD4,2026-09-10 03:31:46+00:00
EVT-0000387,IF_OROM_CRMOM_001,ORACLE_SCM,CRM,REST_API,REST,Success,,,,2368,SESS-F349084AFB,REQ-021302B1A615,2026-09-11 09:10:40+00:00
EVT-0000389,IF_ORWMS_OROM_001,ORACLE_SCM,ORACLE_SCM,Kafka,Async,Success,,,,1415,SESS-85724CA87A,REQ-A9D339A80F56,2026-09-12 10:18:22+00:00
EVT-0000392,IF_ORWMS_OROM_001,ORACLE_SCM,ORACLE_SCM,Kafka,Async,Retry,DB_COMMIT_014,Transaction commit failed,Database,4049,SESS-7869E9E8D6,REQ-36D2AF5E3ECF,2026-09-12 20:07:25+00:00
EVT-0000394,IF_ORWMS_OROM_001,ORACLE_SCM,ORACLE_SCM,Kafka,Async,Success,,,,1479,SESS-E0A0D1DBC8,REQ-7050CE52EB12,2026-09-13 12:59:50+00:00
EVT-0000395,IF_ORSC_SAPPP_001,ORACLE_SCM,SAP_ERP,Kafka,Async,Failed,INFRA_008,Runtime node unavailable,Infrastructure,9288,SESS-A8A7EFCF0D,REQ-FE0B2F16D6D4,2026-09-15 14:01:51+00:00
EVT-0000396,IF_ORWMS_SAPQM_001,ORACLE_SCM,SAP_ERP,Kafka,Async,Success,,,,2144,SESS-628D5B430D,REQ-6048650F4E92,2026-09-11 11:25:17+00:00
EVT-0000404,IF_ORSC_ORIM_001,ORACLE_SCM,ORACLE_SCM,ESB,Sync,Success,,,,2410,SESS-EA88C7E3FB,REQ-2E2084759545,2026-09-14 19:56:15+00:00
EVT-0000408,IF_ORSC_ORIM_001,ORACLE_SCM,ORACLE_SCM,ESB,Sync,Success,,,,2522,SESS-46738B4F85,REQ-C7A4FE3E6340,2026-09-13 12:46:24+00:00
EVT-0000410,IF_ORIM_MESPE_001,ORACLE_SCM,MES,Kafka,Async,Success,,,,1761,SESS-FFEEB7BE0E,REQ-2566945549EE,2026-09-12 00:53:11+00:00
EVT-0000412,IF_ORWMS_OROM_001,ORACLE_SCM,ORACLE_SCM,Kafka,Async,Success,,,,1496,SESS-BD0696F2D3,REQ-4594F4E397CD,2026-09-10 00:46:49+00:00
EVT-0000413,IF_ORIM_ORWMS_001,ORACLE_SCM,ORACLE_SCM,ESB,Sync,Success,,,,774,SESS-5AD8C568E1,REQ-BA33B38A2D4F,2026-09-14 08:49:01+00:00
EVT-0000414,IF_ORIM_MESPE_001,ORACLE_SCM,MES,Kafka,Async,Success,,,,1561,SESS-7A88E1423C,REQ-1C3A3862C269,2026-09-11 01:24:19+00:00
EVT-0000415,IF_ORIM_SAPPROC_001,ORACLE_SCM,SAP_ERP,REST_API,REST,Success,,,,2201,SESS-E662A0D60E,REQ-FD8A9683135A,2026-09-11 13:44:16+00:00
EVT-0000416,IF_ORIM_SAPPROC_001,ORACLE_SCM,SAP_ERP,REST_API,REST,Retry,CFG_017,Interface configuration mismatch,Configuration,5483,SESS-545994B18A,REQ-2E29669C66C4,2026-09-16 02:27:19+00:00
EVT-0000417,IF_ORIM_MESPE_001,ORACLE_SCM,MES,Kafka,Async,Failed,AUTH_401,Service credential rejected,Authentication,11471,SESS-D6EFD4ED5C,REQ-287E67B8B495,2026-09-12 05:38:25+00:00
EVT-0000421,IF_ORWMS_SAPQM_001,ORACLE_SCM,SAP_ERP,Kafka,Async,Success,,,,1588,SESS-BAAA3F5B9A,REQ-D34FCA89EF34,2026-09-10 01:39:35+00:00
EVT-0000422,IF_ORWMS_OROM_001,ORACLE_SCM,ORACLE_SCM,Kafka,Async,Success,,,,1341,SESS-4A386F2ED2,REQ-1848F66EDE9D,2026-09-11 01:12:42+00:00
EVT-0000424,IF_ORWMS_OROM_001,ORACLE_SCM,ORACLE_SCM,Kafka,Async,Success,,,,1765,SESS-5B2391A991,REQ-3B6E3D184177,2026-09-14 07:04:58+00:00
EVT-0000431,IF_ORWMS_OROM_001,ORACLE_SCM,ORACLE_SCM,Kafka,Async,Success,,,,1547,SESS-9DF000BF2C,REQ-C357147DEE20,2026-09-15 13:41:01+00:00
EVT-0000437,IF_ORWMS_OROM_001,ORACLE_SCM,ORACLE_SCM,Kafka,Async,Success,,,,1165,SESS-D25487E18C,REQ-1FBE70E2D4E7,2026-09-12 14:03:04+00:00
EVT-0000442,IF_ORIM_ORWMS_001,ORACLE_SCM,ORACLE_SCM,ESB,Sync,Success,,,,666,SESS-B560DDB6EB,REQ-9C1984BF96AA,2026-09-12 01:15:52+00:00
EVT-0000443,IF_ORWMS_OROM_001,ORACLE_SCM,ORACLE_SCM,Kafka,Async,Retry,CFG_017,Interface configuration mismatch,Configuration,3463,SESS-1FD35312E9,REQ-0E3A7B5DEABA,2026-09-16 09:40:14+00:00
EVT-0000444,IF_ORWMS_SAPQM_001,ORACLE_SCM,SAP_ERP,Kafka,Async,Success,,,,2120,SESS-16B80EEFF8,REQ-6D6BA1DDA82E,2026-09-14 01:43:33+00:00
EVT-0000445,IF_ORSC_ORIM_001,ORACLE_SCM,ORACLE_SCM,ESB,Sync,Success,,,,2664,SESS-401EB59CD3,REQ-3783E14680FD,2026-09-13 01:32:58+00:00
EVT-0000447,IF_ORSC_ORIM_001,ORACLE_SCM,ORACLE_SCM,ESB,Sync,Success,,,,1698,SESS-3BAE362A8B,REQ-6EE5BFDFDFA8,2026-09-15 21:31:44+00:00
EVT-0000448,IF_ORSC_ORIM_001,ORACLE_SCM,ORACLE_SCM,ESB,Sync,Success,,,,3319,SESS-6D1A407255,REQ-B3C6F4B24746,2026-09-13 23:57:14+00:00
EVT-0000450,IF_OROM_CRMOM_001,ORACLE_SCM,CRM,REST_API,REST,Retry,CAP_003,Downstream service is at capacity,Capacity,4721,SESS-D11CE82401,REQ-1D55E48E6D10,2026-09-14 05:03:55+00:00
EVT-0000453,IF_ORSC_SAPPP_001,ORACLE_SCM,SAP_ERP,Kafka,Async,Success,,,,1192,SESS-DCEDD4FB26,REQ-BE8F31D83326,2026-09-10 16:02:31+00:00
EVT-0000471,IF_ORIM_SAPPROC_001,ORACLE_SCM,SAP_ERP,REST_API,REST,Success,,,,2617,SESS-874758CE55,REQ-7F686AFFEF94,2026-09-11 04:52:49+00:00
EVT-0000472,IF_ORIM_SAPPROC_001,ORACLE_SCM,SAP_ERP,REST_API,REST,Success,,,,2688,SESS-CE49FF7374,REQ-79336EED7591,2026-09-14 16:45:18+00:00
EVT-0000474,IF_ORSC_SAPPP_001,ORACLE_SCM,SAP_ERP,Kafka,Async,Success,,,,1286,SESS-930B830F11,REQ-4B30DD478800,2026-09-13 00:10:45+00:00
EVT-0000480,IF_ORIM_MESPE_001,ORACLE_SCM,MES,Kafka,Async,Success,,,,1671,SESS-CAF4BAB8F4,REQ-14B375232EC1,2026-09-15 06:43:28+00:00
EVT-0000485,IF_ORIM_ORWMS_001,ORACLE_SCM,ORACLE_SCM,ESB,Sync,Failed,TIME_004,Downstream response exceeded SLA,Timeout,7219,SESS-1A7AAE4025,REQ-1E2BD01BD753,2026-09-12 11:39:19+00:00
EVT-0000486,IF_OROM_CRMOM_001,ORACLE_SCM,CRM,REST_API,REST,Success,,,,2024,SESS-76F8758068,REQ-B634A81D0D5C,2026-09-14 07:56:22+00:00
EVT-0000493,IF_ORWMS_SAPQM_001,ORACLE_SCM,SAP_ERP,Kafka,Async,Failed,AUTHZ_403,Caller is not authorized,Authorization,9984,SESS-2286207ED0,REQ-0B664DB52C44,2026-09-11 20:48:40+00:00
EVT-0000494,IF_ORIM_SAPPROC_001,ORACLE_SCM,SAP_ERP,REST_API,REST,Success,,,,2259,SESS-1C443AD488,REQ-73A772F29BF1,2026-09-11 20:52:35+00:00
EVT-0000496,IF_ORSC_ORIM_001,ORACLE_SCM,ORACLE_SCM,ESB,Sync,Success,,,,2347,SESS-2099854186,REQ-972087E1DDA6,2026-09-13 12:22:50+00:00
EVT-0000500,IF_ORSC_SAPPP_001,ORACLE_SCM,SAP_ERP,Kafka,Async,Success,,,,1054,SESS-A09BEDCFB2,REQ-ADD99E0115DD,2026-09-12 16:21:43+00:00
EVT-0000502,IF_ORWMS_SAPQM_001,ORACLE_SCM,SAP_ERP,Kafka,Async,Retry,TIME_004,Downstream response exceeded SLA,Timeout,5459,SESS-458D7ACF10,REQ-BC81BA863FD4,2026-09-14 23:06:27+00:00
EVT-0000507,IF_OROM_CRMOM_001,ORACLE_SCM,CRM,REST_API,REST,Success,,,,2346,SESS-CC03137106,REQ-03F5DBBBC101,2026-09-14 18:56:21+00:00
EVT-0000508,IF_ORIM_ORWMS_001,ORACLE_SCM,ORACLE_SCM,ESB,Sync,Success,,,,844,SESS-B51AE0A0DF,REQ-6A08F34E2F43,2026-09-11 14:20:47+00:00
EVT-0000511,IF_ORIM_MESPE_001,ORACLE_SCM,MES,Kafka,Async,Success,,,,1494,SESS-B19ABDC936,REQ-7C29352A19EC,2026-09-14 18:47:40+00:00
EVT-0000513,IF_ORSC_ORIM_001,ORACLE_SCM,ORACLE_SCM,ESB,Sync,Success,,,,2272,SESS-8E82454A83,REQ-E8A94A160662,2026-09-10 19:56:15+00:00
EVT-0000514,IF_ORIM_SAPPROC_001,ORACLE_SCM,SAP_ERP,REST_API,REST,Success,,,,2032,SESS-AA23083A3F,REQ-25FE8940B896,2026-09-13 12:03:37+00:00
EVT-0000515,IF_ORIM_MESPE_001,ORACLE_SCM,MES,Kafka,Async,Success,,,,1923,SESS-081327A92D,REQ-E7A3B3258A43,2026-09-12 22:43:09+00:00
EVT-0000520,IF_ORIM_ORWMS_001,ORACLE_SCM,ORACLE_SCM,ESB,Sync,Success,,,,840,SESS-3EF0596334,REQ-A1E91DAFEB39,2026-09-14 22:17:21+00:00
EVT-0000532,IF_ORWMS_OROM_001,ORACLE_SCM,ORACLE_SCM,Kafka,Async,Failed,INFRA_008,Runtime node unavailable,Infrastructure,6830,SESS-AC0E1B9729,REQ-B8D38979008E,2026-09-15 13:11:42+00:00
EVT-0000540,IF_ORIM_MESPE_001,ORACLE_SCM,MES,Kafka,Async,Success,,,,1363,SESS-898AAC171C,REQ-013F3A6B44F1,2026-09-10 06:29:44+00:00
EVT-0000545,IF_ORWMS_SAPQM_001,ORACLE_SCM,SAP_ERP,Kafka,Async,Failed,AUTHZ_403,Caller is not authorized,Authorization,6763,SESS-75937C58AC,REQ-F287C52BAAF1,2026-09-13 19:07:44+00:00
EVT-0000557,IF_ORSC_SAPPP_001,ORACLE_SCM,SAP_ERP,Kafka,Async,Success,,,,1859,SESS-2815701628,REQ-3A97417EEC01,2026-09-14 19:01:28+00:00
EVT-0000563,IF_ORWMS_SAPQM_001,ORACLE_SCM,SAP_ERP,Kafka,Async,Success,,,,2692,SESS-2881CFD47D,REQ-5E2598844B90,2026-09-14 10:08:55+00:00
EVT-0000566,IF_ORSC_SAPPP_001,ORACLE_SCM,SAP_ERP,Kafka,Async,Success,,,,1631,SESS-CF3DEAFEBC,REQ-2377BDCA7798,2026-09-13 21:38:31+00:00
EVT-0000570,IF_OROM_CRMOM_001,ORACLE_SCM,CRM,REST_API,REST,Success,,,,2170,SESS-6800707B48,REQ-B69E64906CED,2026-09-13 10:58:30+00:00
EVT-0000571,IF_ORWMS_OROM_001,ORACLE_SCM,ORACLE_SCM,Kafka,Async,Success,,,,1739,SESS-4D7EC831A9,REQ-970E2B4992BC,2026-09-15 09:18:30+00:00
EVT-0000573,IF_ORIM_SAPPROC_001,ORACLE_SCM,SAP_ERP,REST_API,REST,Success,,,,2208,SESS-1379D757B4,REQ-4667C3846AB8,2026-09-16 23:01:17+00:00
EVT-0000577,IF_ORSC_SAPPP_001,ORACLE_SCM,SAP_ERP,Kafka,Async,Retry,NET_CONN_003,Connection reset by peer,Network,4426,SESS-7545D78CCA,REQ-1C849BA3910E,2026-09-11 18:48:33+00:00
EVT-0000586,IF_ORWMS_SAPQM_001,ORACLE_SCM,SAP_ERP,Kafka,Async,Success,,,,2668,SESS-F1A1AE6D1E,REQ-098080B984AE,2026-09-15 22:02:07+00:00
EVT-0000589,IF_ORSC_SAPPP_001,ORACLE_SCM,SAP_ERP,Kafka,Async,Success,,,,1056,SESS-5F2C157B3E,REQ-FB290533EA42,2026-09-12 11:51:05+00:00
EVT-0000590,IF_ORIM_ORWMS_001,ORACLE_SCM,ORACLE_SCM,ESB,Sync,Success,,,,856,SESS-E98D611CB1,REQ-10FAD2363F2C,2026-09-11 18:23:52+00:00
EVT-0000598,IF_ORIM_MESPE_001,ORACLE_SCM,MES,Kafka,Async,Retry,AUTH_401,Service credential rejected,Authentication,4632,SESS-3680770AE6,REQ-DD409F71BD9D,2026-09-11 19:19:46+00:00
EVT-0000600,IF_ORWMS_SAPQM_001,ORACLE_SCM,SAP_ERP,Kafka,Async,Success,,,,1815,SESS-932D4F584D,REQ-59F7394E081F,2026-09-15 10:55:43+00:00
EVT-0000604,IF_ORIM_ORWMS_001,ORACLE_SCM,ORACLE_SCM,ESB,Sync,Success,,,,844,SESS-1F54340AB0,REQ-FE605886FB25,2026-09-15 13:04:39+00:00
EVT-0000612,IF_OROM_CRMOM_001,ORACLE_SCM,CRM,REST_API,REST,Success,,,,2619,SESS-8B90747B36,REQ-81558A54A525,2026-09-10 08:53:17+00:00
EVT-0000619,IF_ORIM_ORWMS_001,ORACLE_SCM,ORACLE_SCM,ESB,Sync,Success,,,,1125,SESS-80E4CC114D,REQ-F24BC3AF9D34,2026-09-15 07:38:50+00:00
EVT-0000622,IF_ORWMS_OROM_001,ORACLE_SCM,ORACLE_SCM,Kafka,Async,Success,,,,1246,SESS-57A4D647FF,REQ-91FC00838409,2026-09-14 06:10:48+00:00
EVT-0000627,IF_ORWMS_SAPQM_001,ORACLE_SCM,SAP_ERP,Kafka,Async,Success,,,,2371,SESS-17A8253ACB,REQ-8661C1D99707,2026-09-15 07:43:34+00:00
EVT-0000628,IF_OROM_CRMOM_001,ORACLE_SCM,CRM,REST_API,REST,Success,,,,2381,SESS-773946FC78,REQ-FCCE986858AA,2026-09-16 23:32:11+00:00
EVT-0000636,IF_ORWMS_OROM_001,ORACLE_SCM,ORACLE_SCM,Kafka,Async,Retry,EXT_502,Downstream service returned 502,External Service,2845,SESS-970EE0DAB1,REQ-327E0FCC5347,2026-09-16 14:44:27+00:00
EVT-0000637,IF_ORWMS_SAPQM_001,ORACLE_SCM,SAP_ERP,Kafka,Async,Success,,,,1221,SESS-513224A1D8,REQ-0F0B5F25415B,2026-09-10 14:39:24+00:00
EVT-0000640,IF_ORIM_ORWMS_001,ORACLE_SCM,ORACLE_SCM,ESB,Sync,Success,,,,1050,SESS-94433AD593,REQ-0F9DB8B04A1E,2026-09-11 14:53:40+00:00
EVT-0000641,IF_ORWMS_OROM_001,ORACLE_SCM,ORACLE_SCM,Kafka,Async,Success,,,,1733,SESS-1D2EFBD915,REQ-9206DC3D2BE9,2026-09-15 21:47:38+00:00
EVT-0000644,IF_ORSC_ORIM_001,ORACLE_SCM,ORACLE_SCM,ESB,Sync,Retry,CAP_003,Downstream service is at capacity,Capacity,5586,SESS-29CE678A66,REQ-B75D90BB67DA,2026-09-14 23:32:45+00:00
EVT-0000645,IF_ORWMS_SAPQM_001,ORACLE_SCM,SAP_ERP,Kafka,Async,Success,,,,1895,SESS-16B8BC051E,REQ-19B159BD947E,2026-09-14 02:01:27+00:00
EVT-0000648,IF_ORIM_ORWMS_001,ORACLE_SCM,ORACLE_SCM,ESB,Sync,Success,,,,1008,SESS-1D63EF9DD1,REQ-410E9E0E404B,2026-09-16 15:39:43+00:00
EVT-0000649,IF_ORWMS_OROM_001,ORACLE_SCM,ORACLE_SCM,Kafka,Async,Success,,,,1213,SESS-8252116BA9,REQ-841F59AEBB07,2026-09-11 11:26:48+00:00
EVT-0000650,IF_ORIM_SAPPROC_001,ORACLE_SCM,SAP_ERP,REST_API,REST,Retry,CAP_003,Downstream service is at capacity,Capacity,5035,SESS-D5287E176D,REQ-F20A212AF4EE,2026-09-14 17:51:59+00:00
EVT-0000651,IF_ORSC_ORIM_001,ORACLE_SCM,ORACLE_SCM,ESB,Sync,Failed,CAP_003,Downstream service is at capacity,Capacity,13341,SESS-659AC3AF7A,REQ-B8848D9D02D3,2026-09-13 22:35:44+00:00
EVT-0000655,IF_OROM_CRMOM_001,ORACLE_SCM,CRM,REST_API,REST,Success,,,,2718,SESS-B280BD37E6,REQ-A486BCE5741C,2026-09-12 06:18:07+00:00
EVT-0000656,IF_ORSC_SAPPP_001,ORACLE_SCM,SAP_ERP,Kafka,Async,Success,,,,1396,SESS-40D17B5A1C,REQ-40462E638AE8,2026-09-11 21:08:51+00:00
EVT-0000658,IF_ORSC_ORIM_001,ORACLE_SCM,ORACLE_SCM,ESB,Sync,Success,,,,1761,SESS-8302DAC376,REQ-43959C242BCC,2026-09-12 13:27:34+00:00
EVT-0000664,IF_OROM_CRMOM_001,ORACLE_SCM,CRM,REST_API,REST,Success,,,,2377,SESS-F8839F84C8,REQ-CD2167AD866A,2026-09-14 05:05:12+00:00
EVT-0000665,IF_ORIM_SAPPROC_001,ORACLE_SCM,SAP_ERP,REST_API,REST,Success,,,,2227,SESS-14D45CDCEB,REQ-0E87992E91D1,2026-09-11 17:27:54+00:00
EVT-0000670,IF_ORIM_SAPPROC_001,ORACLE_SCM,SAP_ERP,REST_API,REST,Retry,TIME_004,Downstream response exceeded SLA,Timeout,7322,SESS-4CDCE25749,REQ-46AFE309AE17,2026-09-11 06:18:53+00:00
EVT-0000671,IF_ORWMS_SAPQM_001,ORACLE_SCM,SAP_ERP,Kafka,Async,Success,,,,2613,SESS-23C390E92D,REQ-AB97110B88C8,2026-09-11 17:50:22+00:00
EVT-0000672,IF_OROM_CRMOM_001,ORACLE_SCM,CRM,REST_API,REST,Success,,,,3930,SESS-AFA5B60AA7,REQ-AE2EA6D7E296,2026-09-12 05:26:21+00:00
EVT-0000674,IF_ORSC_SAPPP_001,ORACLE_SCM,SAP_ERP,Kafka,Async,Failed,VAL_400,Required business field failed validation,Validation,7952,SESS-78CE18272C,REQ-E83F633D65DF,2026-09-14 05:22:59+00:00
EVT-0000678,IF_ORSC_ORIM_001,ORACLE_SCM,ORACLE_SCM,ESB,Sync,Success,,,,2924,SESS-7C15B2B9BD,REQ-8D502C0984A8,2026-09-16 02:07:28+00:00
EVT-0000681,IF_ORSC_SAPPP_001,ORACLE_SCM,SAP_ERP,Kafka,Async,Retry,AUTHZ_403,Caller is not authorized,Authorization,4186,SESS-0122276E5F,REQ-2F8E7088BBF6,2026-09-14 18:43:41+00:00
EVT-0000685,IF_ORIM_MESPE_001,ORACLE_SCM,MES,Kafka,Async,Failed,CFG_017,Interface configuration mismatch,Configuration,4135,SESS-B8C886AB5B,REQ-C79170CF4197,2026-09-12 07:56:42+00:00
EVT-0000689,IF_ORSC_ORIM_001,ORACLE_SCM,ORACLE_SCM,ESB,Sync,Success,,,,1802,SESS-88D228E138,REQ-DC966D55A5CC,2026-09-16 23:05:23+00:00
EVT-0000690,IF_ORIM_MESPE_001,ORACLE_SCM,MES,Kafka,Async,Success,,,,1179,SESS-C86D148AE8,REQ-C989747D8D00,2026-09-15 00:24:02+00:00
EVT-0000695,IF_ORIM_MESPE_001,ORACLE_SCM,MES,Kafka,Async,Success,,,,1441,SESS-B958759A73,REQ-E8917DD6B207,2026-09-15 17:46:33+00:00
EVT-0000696,IF_ORSC_SAPPP_001,ORACLE_SCM,SAP_ERP,Kafka,Async,Retry,NET_CONN_003,Connection reset by peer,Network,5008,SESS-447DCDE2AA,REQ-A5404C5520B1,2026-09-16 05:09:10+00:00
EVT-0000698,IF_ORIM_MESPE_001,ORACLE_SCM,MES,Kafka,Async,Success,,,,1359,SESS-6F8BD34668,REQ-A6C05CE896F4,2026-09-16 02:37:39+00:00
EVT-0000703,IF_ORIM_MESPE_001,ORACLE_SCM,MES,Kafka,Async,Success,,,,1714,SESS-68DD69A264,REQ-DEF1228E8CFB,2026-09-13 07:46:07+00:00
EVT-0000706,IF_ORWMS_SAPQM_001,ORACLE_SCM,SAP_ERP,Kafka,Async,Success,,,,1741,SESS-FB1FBDA230,REQ-03AC7198D5F8,2026-09-13 11:48:34+00:00
EVT-0000713,IF_ORWMS_OROM_001,ORACLE_SCM,ORACLE_SCM,Kafka,Async,Success,,,,1195,SESS-D3B6D8EA49,REQ-E9D4BB35BAF9,2026-09-12 10:46:52+00:00
EVT-0000717,IF_ORWMS_SAPQM_001,ORACLE_SCM,SAP_ERP,Kafka,Async,Retry,NET_CONN_003,Connection reset by peer,Network,7839,SESS-D612159ACB,REQ-D335FDA6146D,2026-09-15 22:45:52+00:00
EVT-0000722,IF_ORWMS_OROM_001,ORACLE_SCM,ORACLE_SCM,Kafka,Async,Success,,,,1837,SESS-68190CB0B8,REQ-04EDC49FD9E7,2026-09-16 20:08:59+00:00
EVT-0000723,IF_ORIM_SAPPROC_001,ORACLE_SCM,SAP_ERP,REST_API,REST,Success,,,,2188,SESS-7B45788471,REQ-8CBA22860BAB,2026-09-11 15:52:30+00:00
EVT-0000725,IF_ORIM_ORWMS_001,ORACLE_SCM,ORACLE_SCM,ESB,Sync,Retry,INFRA_008,Runtime node unavailable,Infrastructure,3210,SESS-E850B42BD2,REQ-4648700D308E,2026-09-10 11:28:20+00:00
EVT-0000729,IF_ORWMS_SAPQM_001,ORACLE_SCM,SAP_ERP,Kafka,Async,Success,,,,2512,SESS-9268CB0709,REQ-2D9E50FBFC73,2026-09-13 03:56:30+00:00
EVT-0000735,IF_ORWMS_OROM_001,ORACLE_SCM,ORACLE_SCM,Kafka,Async,Success,,,,1475,SESS-D328B8FA38,REQ-563E47E15D6E,2026-09-10 19:31:54+00:00
EVT-0000736,IF_ORIM_MESPE_001,ORACLE_SCM,MES,Kafka,Async,Success,,,,1567,SESS-9FDAF6E72F,REQ-2EC3E482B808,2026-09-15 03:50:25+00:00
EVT-0000740,IF_OROM_CRMOM_001,ORACLE_SCM,CRM,REST_API,REST,Success,,,,2292,SESS-DE8C263A7D,REQ-9769DA1E2724,2026-09-14 04:00:19+00:00
EVT-0000745,IF_ORIM_ORWMS_001,ORACLE_SCM,ORACLE_SCM,ESB,Sync,Success,,,,1032,SESS-8D1EBEB431,REQ-E2DABCB8D8BE,2026-09-16 22:37:01+00:00
EVT-0000746,IF_ORWMS_SAPQM_001,ORACLE_SCM,SAP_ERP,Kafka,Async,Success,,,,3090,SESS-6F32B64546,REQ-F7F9782F2EBA,2026-09-11 04:40:54+00:00
EVT-0000747,IF_ORIM_MESPE_001,ORACLE_SCM,MES,Kafka,Async,Success,,,,1030,SESS-19A4AC81C3,REQ-F6CE8A9FB266,2026-09-14 09:27:21+00:00
EVT-0000749,IF_ORWMS_OROM_001,ORACLE_SCM,ORACLE_SCM,Kafka,Async,Success,,,,1633,SESS-CD82EDB946,REQ-14A564EE62B3,2026-09-14 01:17:41+00:00
EVT-0000758,IF_OROM_CRMOM_001,ORACLE_SCM,CRM,REST_API,REST,Success,,,,1445,SESS-1E2C8FB5DE,REQ-194088DBC587,2026-09-13 06:31:07+00:00
EVT-0000759,IF_ORIM_ORWMS_001,ORACLE_SCM,ORACLE_SCM,ESB,Sync,Failed,AUTH_401,Service credential rejected,Authentication,3929,SESS-41C4FED561,REQ-D889A06DDCE0,2026-09-10 06:22:04+00:00
EVT-0000760,IF_ORSC_SAPPP_001,ORACLE_SCM,SAP_ERP,Kafka,Async,Success,,,,1479,SESS-7A83B9E819,REQ-E83AC4FDC0A8,2026-09-10 12:02:54+00:00
EVT-0000766,IF_ORIM_MESPE_001,ORACLE_SCM,MES,Kafka,Async,Success,,,,1322,SESS-EAF524F678,REQ-D9FE7BEE5A7E,2026-09-14 01:40:38+00:00
EVT-0000770,IF_ORSC_ORIM_001,ORACLE_SCM,ORACLE_SCM,ESB,Sync,Success,,,,2055,SESS-706D849995,REQ-E24633A19D22,2026-09-11 21:25:50+00:00
EVT-0000774,IF_OROM_CRMOM_001,ORACLE_SCM,CRM,REST_API,REST,Success,,,,2839,SESS-154A76D5DA,REQ-AD69417D7AF5,2026-09-13 10:45:51+00:00
EVT-0000777,IF_ORWMS_SAPQM_001,ORACLE_SCM,SAP_ERP,Kafka,Async,Success,,,,1679,SESS-E2F6BEDC1A,REQ-4A3C927FA535,2026-09-15 11:56:45+00:00
EVT-0000781,IF_ORSC_ORIM_001,ORACLE_SCM,ORACLE_SCM,ESB,Sync,Success,,,,2373,SESS-69C65A8CE0,REQ-FC3DE543242E,2026-09-14 02:52:45+00:00
EVT-0000782,IF_ORIM_ORWMS_001,ORACLE_SCM,ORACLE_SCM,ESB,Sync,Success,,,,885,SESS-58B57FA70E,REQ-8231655907DA,2026-09-14 07:12:58+00:00
EVT-0000791,IF_ORWMS_OROM_001,ORACLE_SCM,ORACLE_SCM,Kafka,Async,Success,,,,1437,SESS-42C59ED1C1,REQ-CE31FEFAA4AB,2026-09-15 19:19:27+00:00
EVT-0000809,IF_ORIM_SAPPROC_001,ORACLE_SCM,SAP_ERP,REST_API,REST,Retry,AUTH_401,Service credential rejected,Authentication,7184,SESS-7DF0C6AC2E,REQ-E067D0EF90A1,2026-09-12 08:16:15+00:00
EVT-0000811,IF_ORIM_SAPPROC_001,ORACLE_SCM,SAP_ERP,REST_API,REST,Retry,AUTH_401,Service credential rejected,Authentication,5694,SESS-6B74BACE82,REQ-3AAE201AAA10,2026-09-10 05:55:56+00:00
EVT-0000812,IF_ORWMS_OROM_001,ORACLE_SCM,ORACLE_SCM,Kafka,Async,Success,,,,1357,SESS-5C4E4E6D94,REQ-57E36D47C51D,2026-09-14 19:11:36+00:00
EVT-0000815,IF_ORSC_SAPPP_001,ORACLE_SCM,SAP_ERP,Kafka,Async,Success,,,,1328,SESS-E90A7787F6,REQ-B6B1B1571D69,2026-09-15 01:03:24+00:00
EVT-0000819,IF_ORIM_SAPPROC_001,ORACLE_SCM,SAP_ERP,REST_API,REST,Success,,,,2677,SESS-F680AB9EEB,REQ-FDFFAEAA803C,2026-09-10 08:18:51+00:00
EVT-0000820,IF_ORIM_MESPE_001,ORACLE_SCM,MES,Kafka,Async,Retry,VAL_400,Required business field failed validation,Validation,3791,SESS-0119E4B996,REQ-1AD30122E1C5,2026-09-16 17:26:29+00:00
EVT-0000824,IF_ORSC_SAPPP_001,ORACLE_SCM,SAP_ERP,Kafka,Async,Success,,,,1134,SESS-9CEF17C26E,REQ-E9BFC4649949,2026-09-16 14:14:12+00:00
EVT-0000825,IF_OROM_CRMOM_001,ORACLE_SCM,CRM,REST_API,REST,Success,,,,2481,SESS-8D7294D5BA,REQ-474BB2058915,2026-09-10 13:09:44+00:00
EVT-0000830,IF_ORSC_SAPPP_001,ORACLE_SCM,SAP_ERP,Kafka,Async,Success,,,,1857,SESS-7607F1D20C,REQ-445FFF7CC674,2026-09-10 13:02:19+00:00
EVT-0000831,IF_ORSC_SAPPP_001,ORACLE_SCM,SAP_ERP,Kafka,Async,Success,,,,1580,SESS-95629702CB,REQ-F7FEEBBC65DB,2026-09-15 16:44:57+00:00
EVT-0000832,IF_ORIM_MESPE_001,ORACLE_SCM,MES,Kafka,Async,Retry,AUTH_401,Service credential rejected,Authentication,4469,SESS-83062B3DD3,REQ-5A77610443DE,2026-09-15 21:17:31+00:00
EVT-0000846,IF_ORIM_MESPE_001,ORACLE_SCM,MES,Kafka,Async,Success,,,,1387,SESS-9C9E4E45B5,REQ-AB4FEB3FAD6B,2026-09-13 14:27:15+00:00
EVT-0000851,IF_ORIM_MESPE_001,ORACLE_SCM,MES,Kafka,Async,Success,,,,1114,SESS-040DA37E99,REQ-8DE6EC7F7334,2026-09-12 14:29:16+00:00
EVT-0000855,IF_OROM_CRMOM_001,ORACLE_SCM,CRM,REST_API,REST,Success,,,,1574,SESS-D06F4AA740,REQ-1A6493089EA7,2026-09-12 14:44:17+00:00
EVT-0000859,IF_ORSC_SAPPP_001,ORACLE_SCM,SAP_ERP,Kafka,Async,Success,,,,1769,SESS-D7AD96CE26,REQ-FBBAABD169CC,2026-09-12 01:19:28+00:00
EVT-0000860,IF_ORIM_ORWMS_001,ORACLE_SCM,ORACLE_SCM,ESB,Sync,Success,,,,733,SESS-C46A5A8C04,REQ-C6D094AB38A7,2026-09-15 22:09:15+00:00
EVT-0000861,IF_ORIM_SAPPROC_001,ORACLE_SCM,SAP_ERP,REST_API,REST,Success,,,,2017,SESS-5CCD8F5605,REQ-2C9F517B88E4,2026-09-16 06:10:10+00:00
EVT-0000864,IF_ORIM_MESPE_001,ORACLE_SCM,MES,Kafka,Async,Success,,,,2041,SESS-07D00A14DB,REQ-884CD72A1BE5,2026-09-14 04:39:31+00:00
EVT-0000865,IF_ORWMS_OROM_001,ORACLE_SCM,ORACLE_SCM,Kafka,Async,Retry,CFG_017,Interface configuration mismatch,Configuration,5123,SESS-6EACC201D5,REQ-7982633E2C05,2026-09-10 12:33:31+00:00
EVT-0000868,IF_ORSC_SAPPP_001,ORACLE_SCM,SAP_ERP,Kafka,Async,Success,,,,1205,SESS-34EDBCC715,REQ-9B31C37A6356,2026-09-12 18:18:41+00:00
EVT-0000874,IF_ORSC_SAPPP_001,ORACLE_SCM,SAP_ERP,Kafka,Async,Success,,,,1499,SESS-2FB0EDB202,REQ-47E592DAB72A,2026-09-10 00:18:37+00:00
EVT-0000875,IF_ORWMS_SAPQM_001,ORACLE_SCM,SAP_ERP,Kafka,Async,Success,,,,1462,SESS-6BEE9F4444,REQ-693DC531B47A,2026-09-10 13:45:50+00:00
EVT-0000877,IF_ORWMS_OROM_001,ORACLE_SCM,ORACLE_SCM,Kafka,Async,Success,,,,1485,SESS-08817A5B0C,REQ-F6DEA50220BF,2026-09-11 01:38:26+00:00
EVT-0000878,IF_OROM_CRMOM_001,ORACLE_SCM,CRM,REST_API,REST,Failed,TIME_004,Downstream response exceeded SLA,Timeout,8194,SESS-5D24A1DB1B,REQ-CF3B1E7DDFF9,2026-09-13 23:01:02+00:00
EVT-0000884,IF_ORWMS_SAPQM_001,ORACLE_SCM,SAP_ERP,Kafka,Async,Success,,,,1877,SESS-D54B50F844,REQ-209F9AE85124,2026-09-16 21:38:04+00:00
EVT-0000885,IF_ORWMS_SAPQM_001,ORACLE_SCM,SAP_ERP,Kafka,Async,Success,,,,3250,SESS-603BDA1FA1,REQ-4A39A6313569,2026-09-10 07:56:01+00:00
EVT-0000888,IF_ORIM_ORWMS_001,ORACLE_SCM,ORACLE_SCM,ESB,Sync,Success,,,,1133,SESS-7458B6EA68,REQ-B892491071B4,2026-09-12 03:18:21+00:00
EVT-0000890,IF_ORIM_MESPE_001,ORACLE_SCM,MES,Kafka,Async,Success,,,,1433,SESS-49146C0E0B,REQ-8C7D6AD2FF6B,2026-09-14 13:00:08+00:00
EVT-0000894,IF_ORIM_SAPPROC_001,ORACLE_SCM,SAP_ERP,REST_API,REST,Success,,,,2766,SESS-32D8FB534E,REQ-AF179A0C53BB,2026-09-16 15:56:01+00:00
EVT-0000895,IF_ORSC_SAPPP_001,ORACLE_SCM,SAP_ERP,Kafka,Async,Success,,,,1170,SESS-59581D0786,REQ-5D5D1751026B,2026-09-11 17:56:37+00:00
EVT-0000897,IF_ORWMS_OROM_001,ORACLE_SCM,ORACLE_SCM,Kafka,Async,Success,,,,1318,SESS-DE7EFC02C6,REQ-240A7C8162A6,2026-09-15 13:55:16+00:00
EVT-0000898,IF_OROM_CRMOM_001,ORACLE_SCM,CRM,REST_API,REST,Success,,,,1756,SESS-3D5D7A17C7,REQ-EDBF3614ACE5,2026-09-16 08:28:30+00:00
EVT-0000899,IF_ORSC_ORIM_001,ORACLE_SCM,ORACLE_SCM,ESB,Sync,Retry,CFG_017,Interface configuration mismatch,Configuration,8583,SESS-44DCCB78D5,REQ-8556986CFC1F,2026-09-12 15:01:41+00:00
EVT-0000900,IF_OROM_CRMOM_001,ORACLE_SCM,CRM,REST_API,REST,Success,,,,2754,SESS-210820EACD,REQ-57327BF45A07,2026-09-12 01:51:41+00:00
EVT-0000901,IF_OROM_CRMOM_001,ORACLE_SCM,CRM,REST_API,REST,Success,,,,1627,SESS-630DC4B71E,REQ-1ECD3C6B9759,2026-09-12 06:25:43+00:00
EVT-0000905,IF_ORIM_ORWMS_001,ORACLE_SCM,ORACLE_SCM,ESB,Sync,Success,,,,1267,SESS-0F2D154C2C,REQ-CE6D931FAC7B,2026-09-10 10:34:25+00:00
EVT-0000906,IF_ORSC_SAPPP_001,ORACLE_SCM,SAP_ERP,Kafka,Async,Success,,,,1378,SESS-A6CF965B1B,REQ-2BBADE4323F1,2026-09-11 07:03:35+00:00
EVT-0000907,IF_ORWMS_SAPQM_001,ORACLE_SCM,SAP_ERP,Kafka,Async,Success,,,,1911,SESS-11697F3B86,REQ-3C9B4F2F81E4,2026-09-15 19:20:29+00:00
EVT-0000909,IF_ORSC_SAPPP_001,ORACLE_SCM,SAP_ERP,Kafka,Async,Retry,EXT_502,Downstream service returned 502,External Service,5107,SESS-BB0356C576,REQ-C517F4F40DCF,2026-09-16 16:52:00+00:00
EVT-0000910,IF_ORWMS_SAPQM_001,ORACLE_SCM,SAP_ERP,Kafka,Async,Success,,,,2740,SESS-F05DEE91BB,REQ-FD35ED570080,2026-09-15 13:26:32+00:00
EVT-0000912,IF_ORSC_SAPPP_001,ORACLE_SCM,SAP_ERP,Kafka,Async,Failed,TIME_004,Downstream response exceeded SLA,Timeout,11749,SESS-CA469DBB4E,REQ-1EB2F261FA15,2026-09-12 03:34:08+00:00
EVT-0000917,IF_ORIM_ORWMS_001,ORACLE_SCM,ORACLE_SCM,ESB,Sync,Retry,EXT_502,Downstream service returned 502,External Service,1552,SESS-B6783E28B4,REQ-5B3EED980A2E,2026-09-13 18:54:15+00:00
EVT-0000918,IF_ORIM_ORWMS_001,ORACLE_SCM,ORACLE_SCM,ESB,Sync,Success,,,,717,SESS-CEDA9DB660,REQ-16DC0E9BA7AF,2026-09-15 07:08:07+00:00
EVT-0000919,IF_ORIM_ORWMS_001,ORACLE_SCM,ORACLE_SCM,ESB,Sync,Success,,,,889,SESS-055F87CBF3,REQ-18852726E38C,2026-09-15 19:56:16+00:00
EVT-0000921,IF_ORIM_MESPE_001,ORACLE_SCM,MES,Kafka,Async,Success,,,,1064,SESS-7F7FEEA70C,REQ-89239E63FC97,2026-09-15 16:18:20+00:00
EVT-0000926,IF_ORSC_ORIM_001,ORACLE_SCM,ORACLE_SCM,ESB,Sync,Success,,,,1391,SESS-BF62FD2D42,REQ-F92E6D36256F,2026-09-11 09:23:49+00:00
EVT-0000929,IF_ORSC_SAPPP_001,ORACLE_SCM,SAP_ERP,Kafka,Async,Retry,EXT_502,Downstream service returned 502,External Service,3590,SESS-CD468D8B59,REQ-4F894BB283B9,2026-09-10 11:43:47+00:00
EVT-0000930,IF_ORWMS_OROM_001,ORACLE_SCM,ORACLE_SCM,Kafka,Async,Success,,,,1214,SESS-4F9F3F28C2,REQ-833BCEF47841,2026-09-14 04:58:06+00:00
EVT-0000932,IF_ORIM_MESPE_001,ORACLE_SCM,MES,Kafka,Async,Success,,,,996,SESS-B5826A1DE3,REQ-1A17A1A0739F,2026-09-14 14:13:44+00:00
EVT-0000939,IF_ORWMS_SAPQM_001,ORACLE_SCM,SAP_ERP,Kafka,Async,Success,,,,2231,SESS-0843C060A3,REQ-A61E0F0C8F03,2026-09-11 23:47:11+00:00
EVT-0000942,IF_ORWMS_OROM_001,ORACLE_SCM,ORACLE_SCM,Kafka,Async,Success,,,,1395,SESS-FEB3A11EA5,REQ-1615159B8FA6,2026-09-16 14:09:36+00:00
EVT-0000946,IF_ORIM_ORWMS_001,ORACLE_SCM,ORACLE_SCM,ESB,Sync,Success,,,,910,SESS-74DC83AE0B,REQ-99AD74BBF991,2026-09-15 07:27:21+00:00
EVT-0000953,IF_ORIM_SAPPROC_001,ORACLE_SCM,SAP_ERP,REST_API,REST,Success,,,,2022,SESS-80A049CFB2,REQ-B6E6501D222F,2026-09-13 05:41:52+00:00
EVT-0000954,IF_ORIM_MESPE_001,ORACLE_SCM,MES,Kafka,Async,Failed,AUTH_401,Service credential rejected,Authentication,3954,SESS-BE1D868F7F,REQ-BF1A972ECB2D,2026-09-15 02:31:00+00:00
EVT-0000957,IF_ORIM_SAPPROC_001,ORACLE_SCM,SAP_ERP,REST_API,REST,Success,,,,2687,SESS-51EE04972C,REQ-F099BC004DC4,2026-09-16 20:55:12+00:00
EVT-0000961,IF_ORIM_ORWMS_001,ORACLE_SCM,ORACLE_SCM,ESB,Sync,Success,,,,904,SESS-407248F837,REQ-4FCC6F224756,2026-09-14 06:57:24+00:00
EVT-0000962,IF_ORIM_ORWMS_001,ORACLE_SCM,ORACLE_SCM,ESB,Sync,Success,,,,1036,SESS-8F44B46B36,REQ-581AB35787D4,2026-09-14 05:12:48+00:00
EVT-0000963,IF_ORSC_ORIM_001,ORACLE_SCM,ORACLE_SCM,ESB,Sync,Success,,,,2099,SESS-DC92BD9D94,REQ-E3AC5ACE6A48,2026-09-12 03:17:29+00:00
EVT-0000968,IF_ORIM_SAPPROC_001,ORACLE_SCM,SAP_ERP,REST_API,REST,Success,,,,1829,SESS-11CF9B35D5,REQ-F2D3481904EA,2026-09-11 03:13:17+00:00
EVT-0000969,IF_ORIM_MESPE_001,ORACLE_SCM,MES,Kafka,Async,Success,,,,1331,SESS-4FA8F8484B,REQ-7FF575CE1582,2026-09-14 00:58:19+00:00
EVT-0000972,IF_OROM_CRMOM_001,ORACLE_SCM,CRM,REST_API,REST,Success,,,,1348,SESS-7336D63C99,REQ-7D1943C16E46,2026-09-10 05:22:22+00:00
EVT-0000979,IF_ORIM_ORWMS_001,ORACLE_SCM,ORACLE_SCM,ESB,Sync,Success,,,,1170,SESS-392E7E1BCA,REQ-122A696850B1,2026-09-15 21:24:58+00:00
EVT-0000980,IF_ORWMS_SAPQM_001,ORACLE_SCM,SAP_ERP,Kafka,Async,Success,,,,2491,SESS-E48BE5085E,REQ-6FAEAE63150E,2026-09-15 21:16:27+00:00
EVT-0000983,IF_ORWMS_SAPQM_001,ORACLE_SCM,SAP_ERP,Kafka,Async,Success,,,,2424,SESS-E5803CC218,REQ-EB2A498512C1,2026-09-12 01:50:40+00:00
EVT-0000984,IF_ORIM_MESPE_001,ORACLE_SCM,MES,Kafka,Async,Success,,,,1665,SESS-E1CC7A09C7,REQ-3A18E2D86584,2026-09-10 17:26:01+00:00
EVT-0000985,IF_ORSC_ORIM_001,ORACLE_SCM,ORACLE_SCM,ESB,Sync,Success,,,,1248,SESS-E6CF4411EF,REQ-4827567F2FFE,2026-09-14 05:12:47+00:00
EVT-0000986,IF_ORIM_ORWMS_001,ORACLE_SCM,ORACLE_SCM,ESB,Sync,Success,,,,956,SESS-F221DE8D8B,REQ-7E7C64140CA8,2026-09-13 07:52:03+00:00
EVT-0000989,IF_ORIM_MESPE_001,ORACLE_SCM,MES,Kafka,Async,Success,,,,1455,SESS-3898C4794F,REQ-7C0B110EC198,2026-09-16 11:00:12+00:00
EVT-0000992,IF_ORIM_ORWMS_001,ORACLE_SCM,ORACLE_SCM,ESB,Sync,Success,,,,969,SESS-3D1FD88145,REQ-3036EC6D5921,2026-09-10 13:26:43+00:00
EVT-0000993,IF_ORSC_SAPPP_001,ORACLE_SCM,SAP_ERP,Kafka,Async,Failed,TIME_004,Downstream response exceeded SLA,Timeout,6061,SESS-B0F6B5A821,REQ-F9071C1C0543,2026-09-15 09:01:35+00:00
EVT-0000995,IF_ORWMS_SAPQM_001,ORACLE_SCM,SAP_ERP,Kafka,Async,Success,,,,2437,SESS-38A4D44229,REQ-40C5AEA261FE,2026-09-12 04:28:38+00:00
EVT-0000997,IF_ORIM_ORWMS_001,ORACLE_SCM,ORACLE_SCM,ESB,Sync,Success,,,,943,SESS-4CEA87068B,REQ-4C0D7226AAA8,2026-09-11 08:55:55+00:00
EVT-0001000,IF_ORWMS_OROM_001,ORACLE_SCM,ORACLE_SCM,Kafka,Async,Success,,,,1170,SESS-4B68B6527D,REQ-C236F7DB082D,2026-09-16 06:22:45+00:00
EVT-0001005,IF_ORWMS_OROM_001,ORACLE_SCM,ORACLE_SCM,Kafka,Async,Success,,,,1741,SESS-EB5B3F0170,REQ-0D5AF52F7937,2026-09-11 20:46:21+00:00
EVT-0001011,IF_OROM_CRMOM_001,ORACLE_SCM,CRM,REST_API,REST,Success,,,,2376,SESS-788A27F613,REQ-3477A2BD3CCF,2026-09-15 16:42:57+00:00
EVT-0001012,IF_ORSC_ORIM_001,ORACLE_SCM,ORACLE_SCM,ESB,Sync,Success,,,,1642,SESS-4D7032BD12,REQ-24026BBDE70A,2026-09-11 08:35:33+00:00
EVT-0001013,IF_ORSC_SAPPP_001,ORACLE_SCM,SAP_ERP,Kafka,Async,Success,,,,1331,SESS-956F175315,REQ-79FFB3AF78DC,2026-09-10 16:13:24+00:00
EVT-0001018,IF_ORIM_ORWMS_001,ORACLE_SCM,ORACLE_SCM,ESB,Sync,Success,,,,699,SESS-AB5A5E008B,REQ-B35EE537FEBA,2026-09-10 03:44:05+00:00
EVT-0001039,IF_ORWMS_SAPQM_001,ORACLE_SCM,SAP_ERP,Kafka,Async,Success,,,,2430,SESS-6CA3016028,REQ-01EC76FAD45E,2026-09-10 23:38:27+00:00
EVT-0001044,IF_OROM_CRMOM_001,ORACLE_SCM,CRM,REST_API,REST,Success,,,,1821,SESS-155FBEFD8A,REQ-DC2099B92293,2026-09-10 09:36:52+00:00
EVT-0001047,IF_ORSC_SAPPP_001,ORACLE_SCM,SAP_ERP,Kafka,Async,Success,,,,970,SESS-452EC5BCCA,REQ-0C533B1C84CC,2026-09-11 03:55:48+00:00
EVT-0001050,IF_ORIM_SAPPROC_001,ORACLE_SCM,SAP_ERP,REST_API,REST,Retry,CFG_017,Interface configuration mismatch,Configuration,6447,SESS-165CFC534B,REQ-2E90C1E9083C,2026-09-14 18:11:48+00:00
EVT-0001051,IF_OROM_CRMOM_001,ORACLE_SCM,CRM,REST_API,REST,Success,,,,2051,SESS-DC81720C33,REQ-56C3CE089CB8,2026-09-14 08:23:17+00:00
EVT-0001052,IF_ORIM_SAPPROC_001,ORACLE_SCM,SAP_ERP,REST_API,REST,Success,,,,1844,SESS-234305C0D3,REQ-D259688ECB34,2026-09-13 19:05:08+00:00
EVT-0001053,IF_ORSC_SAPPP_001,ORACLE_SCM,SAP_ERP,Kafka,Async,Success,,,,1247,SESS-27DD1DE353,REQ-342A23D6E469,2026-09-15 21:09:53+00:00
EVT-0001055,IF_ORSC_SAPPP_001,ORACLE_SCM,SAP_ERP,Kafka,Async,Success,,,,1580,SESS-CD2023A9B3,REQ-CFE8E3DEABCE,2026-09-15 09:27:26+00:00
EVT-0001058,IF_ORWMS_SAPQM_001,ORACLE_SCM,SAP_ERP,Kafka,Async,Success,,,,1791,SESS-EBC63BFE9E,REQ-610A9E265FD2,2026-09-14 10:05:14+00:00
EVT-0001064,IF_ORSC_SAPPP_001,ORACLE_SCM,SAP_ERP,Kafka,Async,Success,,,,2026,SESS-4B93F04478,REQ-C6B61C3753DD,2026-09-10 15:50:51+00:00
EVT-0001066,IF_ORWMS_OROM_001,ORACLE_SCM,ORACLE_SCM,Kafka,Async,Success,,,,778,SESS-97BDCA589B,REQ-31A49D34EB17,2026-09-13 08:46:27+00:00
EVT-0001067,IF_ORWMS_OROM_001,ORACLE_SCM,ORACLE_SCM,Kafka,Async,Success,,,,1997,SESS-6350EE861F,REQ-73D2E5CA8897,2026-09-12 18:43:08+00:00
EVT-0001076,IF_ORWMS_SAPQM_001,ORACLE_SCM,SAP_ERP,Kafka,Async,Failed,AUTH_401,Service credential rejected,Authentication,8795,SESS-A68C52B2AB,REQ-B3168E599525,2026-09-16 09:27:55+00:00
EVT-0001092,IF_ORIM_MESPE_001,ORACLE_SCM,MES,Kafka,Async,Success,,,,1563,SESS-02A0D18513,REQ-7F65F8F88B5E,2026-09-11 10:36:05+00:00
EVT-0001098,IF_ORIM_ORWMS_001,ORACLE_SCM,ORACLE_SCM,ESB,Sync,Success,,,,519,SESS-D7D8B04CD8,REQ-120036E48F78,2026-09-10 01:38:58+00:00
EVT-0001103,IF_ORIM_SAPPROC_001,ORACLE_SCM,SAP_ERP,REST_API,REST,Retry,TIME_004,Downstream response exceeded SLA,Timeout,6034,SESS-140B40420D,REQ-3A8EEC5D2913,2026-09-15 05:56:07+00:00
EVT-0001104,IF_ORWMS_OROM_001,ORACLE_SCM,ORACLE_SCM,Kafka,Async,Success,,,,1281,SESS-755D04EC84,REQ-2E239EBD3BD5,2026-09-11 12:35:42+00:00
EVT-0001105,IF_ORSC_ORIM_001,ORACLE_SCM,ORACLE_SCM,ESB,Sync,Success,,,,1188,SESS-62F456F305,REQ-2F2E8466F6B7,2026-09-10 07:28:43+00:00
EVT-0001107,IF_ORIM_MESPE_001,ORACLE_SCM,MES,Kafka,Async,Retry,NET_CONN_003,Connection reset by peer,Network,4166,SESS-F7C6C4D964,REQ-A72AE817040B,2026-09-14 06:28:32+00:00
EVT-0001114,IF_ORIM_MESPE_001,ORACLE_SCM,MES,Kafka,Async,Success,,,,1439,SESS-336192BD67,REQ-5BEA985BC35B,2026-09-15 14:03:40+00:00
EVT-0001118,IF_ORWMS_OROM_001,ORACLE_SCM,ORACLE_SCM,Kafka,Async,Success,,,,1099,SESS-44A6674D12,REQ-BE82CAF9C231,2026-09-12 19:19:06+00:00
EVT-0001119,IF_ORIM_ORWMS_001,ORACLE_SCM,ORACLE_SCM,ESB,Sync,Success,,,,820,SESS-0AB5FBB3B7,REQ-E39F8FE8D694,2026-09-13 13:21:11+00:00
EVT-0001122,IF_ORWMS_SAPQM_001,ORACLE_SCM,SAP_ERP,Kafka,Async,Failed,CAP_003,Downstream service is at capacity,Capacity,16785,SESS-358713D1C3,REQ-6E9FD4DAE47B,2026-09-11 13:56:48+00:00
EVT-0001123,IF_ORWMS_SAPQM_001,ORACLE_SCM,SAP_ERP,Kafka,Async,Success,,,,2138,SESS-1E925B3244,REQ-5C308BC0F4E8,2026-09-10 22:14:51+00:00
EVT-0001125,IF_ORIM_MESPE_001,ORACLE_SCM,MES,Kafka,Async,Success,,,,1192,SESS-540FD22528,REQ-295FDF133F1A,2026-09-13 10:30:03+00:00
EVT-0001134,IF_ORIM_MESPE_001,ORACLE_SCM,MES,Kafka,Async,Retry,INFRA_008,Runtime node unavailable,Infrastructure,3721,SESS-96F0A4D738,REQ-C0044CCD0A08,2026-09-15 06:17:40+00:00
EVT-0001135,IF_ORIM_ORWMS_001,ORACLE_SCM,ORACLE_SCM,ESB,Sync,Success,,,,967,SESS-1AC184C2AA,REQ-D662D4B26E70,2026-09-11 22:07:59+00:00
EVT-0001137,IF_ORIM_MESPE_001,ORACLE_SCM,MES,Kafka,Async,Success,,,,1504,SESS-4891EE9C7A,REQ-DE157059B474,2026-09-11 01:53:53+00:00
EVT-0001145,IF_ORWMS_SAPQM_001,ORACLE_SCM,SAP_ERP,Kafka,Async,Success,,,,1455,SESS-E5997560F4,REQ-803990F61707,2026-09-16 21:11:12+00:00
EVT-0001152,IF_ORWMS_SAPQM_001,ORACLE_SCM,SAP_ERP,Kafka,Async,Success,,,,2456,SESS-EA7EB68B35,REQ-BC6701391C43,2026-09-11 07:15:18+00:00
EVT-0001156,IF_ORWMS_OROM_001,ORACLE_SCM,ORACLE_SCM,Kafka,Async,Success,,,,923,SESS-1A947D3FB7,REQ-C31FB3223039,2026-09-10 13:23:38+00:00
EVT-0001157,IF_ORIM_MESPE_001,ORACLE_SCM,MES,Kafka,Async,Success,,,,1903,SESS-A22193A41B,REQ-0C5A32A8372D,2026-09-14 06:30:44+00:00
EVT-0001160,IF_OROM_CRMOM_001,ORACLE_SCM,CRM,REST_API,REST,Success,,,,2041,SESS-B035862FB9,REQ-EC3E7949E659,2026-09-16 03:15:55+00:00
EVT-0001163,IF_OROM_CRMOM_001,ORACLE_SCM,CRM,REST_API,REST,Retry,NET_CONN_003,Connection reset by peer,Network,6485,SESS-E664BEDC16,REQ-A04BD4B01D28,2026-09-12 02:40:39+00:00
EVT-0001168,IF_ORIM_MESPE_001,ORACLE_SCM,MES,Kafka,Async,Success,,,,1379,SESS-9FC6A73EDF,REQ-03FFE1D77BB6,2026-09-13 11:35:10+00:00
EVT-0001171,IF_ORIM_ORWMS_001,ORACLE_SCM,ORACLE_SCM,ESB,Sync,Retry,INFRA_008,Runtime node unavailable,Infrastructure,1713,SESS-230D75DED1,REQ-FC612FB09F99,2026-09-13 02:12:51+00:00
EVT-0001175,IF_ORWMS_OROM_001,ORACLE_SCM,ORACLE_SCM,Kafka,Async,Success,,,,1293,SESS-1EBF01720B,REQ-45E72282AF9B,2026-09-15 21:03:35+00:00
EVT-0001176,IF_OROM_CRMOM_001,ORACLE_SCM,CRM,REST_API,REST,Success,,,,2082,SESS-F1AFFBAAD8,REQ-C17622499B72,2026-09-13 05:25:14+00:00
EVT-0001181,IF_ORSC_ORIM_001,ORACLE_SCM,ORACLE_SCM,ESB,Sync,Success,,,,3028,SESS-D281374AA5,REQ-DA38F3E92A7E,2026-09-13 15:50:18+00:00
EVT-0001184,IF_ORWMS_SAPQM_001,ORACLE_SCM,SAP_ERP,Kafka,Async,Retry,NET_CONN_003,Connection reset by peer,Network,5390,SESS-CA3637C319,REQ-D2C63BCE93F8,2026-09-15 02:05:38+00:00
EVT-0001186,IF_ORIM_SAPPROC_001,ORACLE_SCM,SAP_ERP,REST_API,REST,Success,,,,2879,SESS-E056D9AA2E,REQ-EABAABA9BE49,2026-09-12 22:35:38+00:00
EVT-0001190,IF_ORSC_ORIM_001,ORACLE_SCM,ORACLE_SCM,ESB,Sync,Success,,,,2148,SESS-DCD44DC6D5,REQ-F42111609A2D,2026-09-14 04:38:48+00:00
EVT-0001194,IF_ORWMS_SAPQM_001,ORACLE_SCM,SAP_ERP,Kafka,Async,Success,,,,1811,SESS-375FF5F879,REQ-D97C87B84A9E,2026-09-11 04:23:52+00:00
EVT-0001195,IF_ORWMS_OROM_001,ORACLE_SCM,ORACLE_SCM,Kafka,Async,Success,,,,774,SESS-FF98B7CFF3,REQ-9B0E0A0518D9,2026-09-12 02:06:46+00:00
EVT-0001196,IF_ORSC_SAPPP_001,ORACLE_SCM,SAP_ERP,Kafka,Async,Success,,,,1292,SESS-AE4111094B,REQ-697C7C38C896,2026-09-15 18:24:34+00:00
EVT-0001198,IF_ORWMS_SAPQM_001,ORACLE_SCM,SAP_ERP,Kafka,Async,Success,,,,2299,SESS-66352E1631,REQ-9C73ABD4A445,2026-09-12 10:28:02+00:00
EVT-0001205,IF_ORWMS_SAPQM_001,ORACLE_SCM,SAP_ERP,Kafka,Async,Success,,,,2487,SESS-2FFBA9D955,REQ-55831DA6D5E5,2026-09-13 22:01:30+00:00
EVT-0001207,IF_OROM_CRMOM_001,ORACLE_SCM,CRM,REST_API,REST,Failed,DB_COMMIT_014,Transaction commit failed,Database,17676,SESS-EB208C0EB0,REQ-F0D1B2EA8CBF,2026-09-14 10:58:54+00:00
EVT-0001209,IF_OROM_CRMOM_001,ORACLE_SCM,CRM,REST_API,REST,Success,,,,2425,SESS-5996D5AA17,REQ-F95053C046AA,2026-09-16 07:04:05+00:00
EVT-0001210,IF_ORIM_SAPPROC_001,ORACLE_SCM,SAP_ERP,REST_API,REST,Success,,,,2259,SESS-26C08E9D6B,REQ-ACDB0EF750BF,2026-09-14 13:59:51+00:00
EVT-0001215,IF_ORWMS_OROM_001,ORACLE_SCM,ORACLE_SCM,Kafka,Async,Success,,,,1655,SESS-87B872D11B,REQ-228F6E3BB304,2026-09-15 23:30:46+00:00
EVT-0001217,IF_ORSC_SAPPP_001,ORACLE_SCM,SAP_ERP,Kafka,Async,Success,,,,1409,SESS-822ACB5281,REQ-F6B61D90DA38,2026-09-16 16:41:12+00:00
EVT-0001220,IF_ORWMS_SAPQM_001,ORACLE_SCM,SAP_ERP,Kafka,Async,Success,,,,2708,SESS-2B45F8D71F,REQ-A43709DAB04A,2026-09-15 19:42:35+00:00
EVT-0001222,IF_ORWMS_SAPQM_001,ORACLE_SCM,SAP_ERP,Kafka,Async,Retry,TIME_004,Downstream response exceeded SLA,Timeout,8974,SESS-B0DD762D1B,REQ-0181BACC222C,2026-09-11 21:39:11+00:00
EVT-0001227,IF_ORIM_MESPE_001,ORACLE_SCM,MES,Kafka,Async,Success,,,,1381,SESS-5E52A321C0,REQ-99DE86587941,2026-09-13 08:50:22+00:00
EVT-0001232,IF_ORIM_SAPPROC_001,ORACLE_SCM,SAP_ERP,REST_API,REST,Success,,,,2400,SESS-D07B838855,REQ-F5F6AB0DB4DB,2026-09-16 08:10:01+00:00
EVT-0001233,IF_ORIM_SAPPROC_001,ORACLE_SCM,SAP_ERP,REST_API,REST,Success,,,,1829,SESS-8F4EEE533B,REQ-AB68346A51B1,2026-09-13 06:43:30+00:00
EVT-0001237,IF_ORIM_ORWMS_001,ORACLE_SCM,ORACLE_SCM,ESB,Sync,Success,,,,722,SESS-88D6CCF836,REQ-A8F111ED6BA6,2026-09-11 19:46:55+00:00
EVT-0001238,IF_ORSC_SAPPP_001,ORACLE_SCM,SAP_ERP,Kafka,Async,Retry,TIME_004,Downstream response exceeded SLA,Timeout,3160,SESS-26B1779B9A,REQ-BC45D3AA42A1,2026-09-15 05:40:47+00:00
EVT-0001240,IF_ORIM_ORWMS_001,ORACLE_SCM,ORACLE_SCM,ESB,Sync,Success,,,,631,SESS-0CEF1D6143,REQ-79C9AC8F4BF2,2026-09-12 08:25:09+00:00
EVT-0001245,IF_ORSC_ORIM_001,ORACLE_SCM,ORACLE_SCM,ESB,Sync,Success,,,,3144,SESS-3F0654CA0B,REQ-359789560DF6,2026-09-13 18:26:50+00:00
EVT-0001249,IF_ORIM_MESPE_001,ORACLE_SCM,MES,Kafka,Async,Success,,,,1377,SESS-3FE5F51335,REQ-C238A288FFDB,2026-09-15 02:46:09+00:00
EVT-0001251,IF_ORIM_SAPPROC_001,ORACLE_SCM,SAP_ERP,REST_API,REST,Success,,,,2706,SESS-45077BBB5C,REQ-D8E7C3F5A9C7,2026-09-16 13:08:36+00:00
EVT-0001254,IF_ORWMS_OROM_001,ORACLE_SCM,ORACLE_SCM,Kafka,Async,Success,,,,1250,SESS-DEB712BCA9,REQ-CF778B345261,2026-09-13 10:55:55+00:00
EVT-0001257,IF_ORIM_MESPE_001,ORACLE_SCM,MES,Kafka,Async,Success,,,,1447,SESS-4D43E8103C,REQ-024D59ED4156,2026-09-10 07:41:15+00:00
EVT-0001258,IF_ORSC_SAPPP_001,ORACLE_SCM,SAP_ERP,Kafka,Async,Success,,,,1842,SESS-EB72028119,REQ-354D782C1002,2026-09-11 23:12:04+00:00
EVT-0001264,IF_ORIM_ORWMS_001,ORACLE_SCM,ORACLE_SCM,ESB,Sync,Success,,,,926,SESS-E319C96305,REQ-296CF9C92E2F,2026-09-12 02:34:02+00:00
EVT-0001265,IF_ORIM_SAPPROC_001,ORACLE_SCM,SAP_ERP,REST_API,REST,Success,,,,2004,SESS-FBC12EC9FE,REQ-83457A793BAC,2026-09-10 16:28:42+00:00
EVT-0001267,IF_ORWMS_SAPQM_001,ORACLE_SCM,SAP_ERP,Kafka,Async,Success,,,,1320,SESS-C3CF31F508,REQ-3C14E270A9D7,2026-09-13 08:35:15+00:00
EVT-0001268,IF_OROM_CRMOM_001,ORACLE_SCM,CRM,REST_API,REST,Success,,,,2921,SESS-C6A84F64A3,REQ-64F01CB0DAF0,2026-09-13 00:37:01+00:00
EVT-0001269,IF_OROM_CRMOM_001,ORACLE_SCM,CRM,REST_API,REST,Success,,,,1918,SESS-12DAAB5B9E,REQ-DCA143074BE2,2026-09-11 13:33:08+00:00
EVT-0001272,IF_OROM_CRMOM_001,ORACLE_SCM,CRM,REST_API,REST,Success,,,,2747,SESS-90B170B160,REQ-DFB18F3AEBAF,2026-09-14 16:30:42+00:00
EVT-0001273,IF_ORWMS_SAPQM_001,ORACLE_SCM,SAP_ERP,Kafka,Async,Success,,,,2644,SESS-643416AC11,REQ-CBAF7C4BCFA9,2026-09-11 06:01:35+00:00
EVT-0001285,IF_ORSC_SAPPP_001,ORACLE_SCM,SAP_ERP,Kafka,Async,Success,,,,1591,SESS-DD264E3DB4,REQ-E7D7771D84AB,2026-09-11 13:10:02+00:00
EVT-0001286,IF_ORSC_SAPPP_001,ORACLE_SCM,SAP_ERP,Kafka,Async,Success,,,,1009,SESS-2450C40608,REQ-B95938DC76A9,2026-09-10 08:52:05+00:00
EVT-0001289,IF_ORSC_SAPPP_001,ORACLE_SCM,SAP_ERP,Kafka,Async,Success,,,,860,SESS-A6258E5BD7,REQ-3CDC0D09933A,2026-09-10 21:05:28+00:00
EVT-0001292,IF_ORSC_SAPPP_001,ORACLE_SCM,SAP_ERP,Kafka,Async,Success,,,,1541,SESS-BE46E3F59B,REQ-24F1FAA7752E,2026-09-14 10:15:03+00:00
EVT-0001294,IF_ORWMS_OROM_001,ORACLE_SCM,ORACLE_SCM,Kafka,Async,Retry,AUTHZ_403,Caller is not authorized,Authorization,5004,SESS-55C01847D1,REQ-E87891662C8D,2026-09-15 12:45:21+00:00
EVT-0001303,IF_ORIM_SAPPROC_001,ORACLE_SCM,SAP_ERP,REST_API,REST,Success,,,,1353,SESS-301E7C325D,REQ-2C497209AABD,2026-09-10 04:43:36+00:00
EVT-0001305,IF_ORWMS_OROM_001,ORACLE_SCM,ORACLE_SCM,Kafka,Async,Success,,,,752,SESS-4E93E0787B,REQ-F8B5B4E17439,2026-09-12 08:39:33+00:00
EVT-0001311,IF_OROM_CRMOM_001,ORACLE_SCM,CRM,REST_API,REST,Success,,,,2499,SESS-F01E1AC3E6,REQ-B3D9DF70F27F,2026-09-16 04:32:04+00:00
EVT-0001313,IF_ORSC_ORIM_001,ORACLE_SCM,ORACLE_SCM,ESB,Sync,Success,,,,2377,SESS-7C35F71A98,REQ-555FCC6FB0B4,2026-09-15 14:08:35+00:00
EVT-0001314,IF_ORWMS_SAPQM_001,ORACLE_SCM,SAP_ERP,Kafka,Async,Success,,,,2736,SESS-5CC3C6AC1D,REQ-11AC0E3864F3,2026-09-13 15:08:22+00:00
EVT-0001317,IF_OROM_CRMOM_001,ORACLE_SCM,CRM,REST_API,REST,Success,,,,2202,SESS-0CA8EE1A60,REQ-B9DE25871E2E,2026-09-14 19:09:59+00:00
EVT-0001322,IF_ORIM_MESPE_001,ORACLE_SCM,MES,Kafka,Async,Success,,,,1042,SESS-1900FB476D,REQ-BE569044B738,2026-09-12 20:47:19+00:00
EVT-0001329,IF_ORSC_ORIM_001,ORACLE_SCM,ORACLE_SCM,ESB,Sync,Success,,,,1510,SESS-418FA91F74,REQ-EB6DC3485AA6,2026-09-12 08:31:13+00:00
EVT-0001331,IF_ORWMS_SAPQM_001,ORACLE_SCM,SAP_ERP,Kafka,Async,Failed,EXT_502,Downstream service returned 502,External Service,3130,SESS-A7E6CB60D4,REQ-4B61629DC0A4,2026-09-14 19:04:53+00:00
EVT-0001335,IF_ORWMS_OROM_001,ORACLE_SCM,ORACLE_SCM,Kafka,Async,Success,,,,1385,SESS-05F6EEE05A,REQ-2A3B1F660EAF,2026-09-15 10:22:35+00:00
EVT-0001337,IF_ORWMS_OROM_001,ORACLE_SCM,ORACLE_SCM,Kafka,Async,Success,,,,846,SESS-96830A562E,REQ-DA1B612E54A8,2026-09-14 18:18:03+00:00
EVT-0001339,IF_ORIM_SAPPROC_001,ORACLE_SCM,SAP_ERP,REST_API,REST,Success,,,,2704,SESS-59178EF8EB,REQ-925257E15E3C,2026-09-11 00:42:19+00:00
EVT-0001344,IF_ORSC_SAPPP_001,ORACLE_SCM,SAP_ERP,Kafka,Async,Success,,,,1362,SESS-A9F8CE8AE8,REQ-B9BFDDCD24D0,2026-09-10 08:28:43+00:00
EVT-0001359,IF_ORSC_SAPPP_001,ORACLE_SCM,SAP_ERP,Kafka,Async,Retry,CFG_017,Interface configuration mismatch,Configuration,5117,SESS-AB11659596,REQ-0A0BC44DB3AF,2026-09-15 11:18:07+00:00
EVT-0001360,IF_ORSC_SAPPP_001,ORACLE_SCM,SAP_ERP,Kafka,Async,Success,,,,1440,SESS-36C54411DE,REQ-3C9E37F00A9B,2026-09-11 13:27:48+00:00
EVT-0001369,IF_ORSC_SAPPP_001,ORACLE_SCM,SAP_ERP,Kafka,Async,Success,,,,1573,SESS-E0516234DC,REQ-D3C98E91FCFC,2026-09-14 04:18:01+00:00
EVT-0001375,IF_ORIM_SAPPROC_001,ORACLE_SCM,SAP_ERP,REST_API,REST,Success,,,,2017,SESS-63CBC02A67,REQ-98CC4DADEE1A,2026-09-10 03:28:59+00:00
EVT-0001376,IF_OROM_CRMOM_001,ORACLE_SCM,CRM,REST_API,REST,Success,,,,2587,SESS-C86D2E6F47,REQ-6A0D727C243B,2026-09-12 05:00:22+00:00
EVT-0001377,IF_ORSC_ORIM_001,ORACLE_SCM,ORACLE_SCM,ESB,Sync,Success,,,,2167,SESS-17E4773108,REQ-75DD3A5DEB63,2026-09-11 19:37:51+00:00
EVT-0001382,IF_OROM_CRMOM_001,ORACLE_SCM,CRM,REST_API,REST,Success,,,,2330,SESS-F342BB9604,REQ-AE5DF5ED8AFC,2026-09-14 19:46:45+00:00
EVT-0001385,IF_ORWMS_SAPQM_001,ORACLE_SCM,SAP_ERP,Kafka,Async,Success,,,,2884,SESS-BCCD14465C,REQ-E67FAAA7746E,2026-09-14 06:27:01+00:00
EVT-0001391,IF_ORSC_SAPPP_001,ORACLE_SCM,SAP_ERP,Kafka,Async,Failed,DB_COMMIT_014,Transaction commit failed,Database,9237,SESS-6CC3409E0B,REQ-D30C5D498309,2026-09-10 05:26:02+00:00
EVT-0001401,IF_ORSC_SAPPP_001,ORACLE_SCM,SAP_ERP,Kafka,Async,Success,,,,1442,SESS-8355E52716,REQ-918FB0854B06,2026-09-14 13:28:54+00:00
EVT-0001403,IF_ORIM_MESPE_001,ORACLE_SCM,MES,Kafka,Async,Success,,,,1536,SESS-3C5CDFCDC1,REQ-1FDFAAE557FC,2026-09-10 15:51:51+00:00
EVT-0001414,IF_ORIM_ORWMS_001,ORACLE_SCM,ORACLE_SCM,ESB,Sync,Success,,,,1151,SESS-96309069D5,REQ-A81FEAD965E7,2026-09-15 18:16:41+00:00
EVT-0001421,IF_ORWMS_OROM_001,ORACLE_SCM,ORACLE_SCM,Kafka,Async,Failed,AUTH_401,Service credential rejected,Authentication,2529,SESS-D047E36D71,REQ-EB8B15A48D61,2026-09-14 08:42:22+00:00
EVT-0001424,IF_OROM_CRMOM_001,ORACLE_SCM,CRM,REST_API,REST,Success,,,,1742,SESS-40804AF070,REQ-5F2446E8F4D7,2026-09-16 03:17:01+00:00
EVT-0001425,IF_ORWMS_SAPQM_001,ORACLE_SCM,SAP_ERP,Kafka,Async,Success,,,,1933,SESS-605350CD32,REQ-6B6B5614A4A0,2026-09-12 17:45:42+00:00
EVT-0001427,IF_ORSC_SAPPP_001,ORACLE_SCM,SAP_ERP,Kafka,Async,Success,,,,1396,SESS-433D71C5BD,REQ-DD168808E2C3,2026-09-14 10:16:55+00:00
EVT-0001428,IF_OROM_CRMOM_001,ORACLE_SCM,CRM,REST_API,REST,Success,,,,2060,SESS-4D2F2C191A,REQ-BE6BAEFEB2F7,2026-09-10 20:53:33+00:00
EVT-0001431,IF_ORWMS_SAPQM_001,ORACLE_SCM,SAP_ERP,Kafka,Async,Success,,,,1776,SESS-2B91F9B1F6,REQ-96D884A83B9D,2026-09-15 08:48:30+00:00
EVT-0001432,IF_ORIM_ORWMS_001,ORACLE_SCM,ORACLE_SCM,ESB,Sync,Success,,,,1028,SESS-B7B47CC8E3,REQ-70C9ADCFF67F,2026-09-13 13:46:30+00:00
EVT-0001435,IF_ORSC_ORIM_001,ORACLE_SCM,ORACLE_SCM,ESB,Sync,Success,,,,2478,SESS-2785602B50,REQ-F959D8F5D647,2026-09-10 17:44:03+00:00
EVT-0001436,IF_ORSC_ORIM_001,ORACLE_SCM,ORACLE_SCM,ESB,Sync,Failed,VAL_400,Required business field failed validation,Validation,14824,SESS-DF3B971340,REQ-62D24C3DAB3D,2026-09-15 20:35:21+00:00
EVT-0001442,IF_ORSC_SAPPP_001,ORACLE_SCM,SAP_ERP,Kafka,Async,Failed,CAP_003,Downstream service is at capacity,Capacity,7951,SESS-9B18307DAE,REQ-69292016839F,2026-09-10 17:36:17+00:00
EVT-0001452,IF_OROM_CRMOM_001,ORACLE_SCM,CRM,REST_API,REST,Success,,,,2992,SESS-34DE5818BE,REQ-108F122ED3B5,2026-09-11 14:42:20+00:00
EVT-0001457,IF_ORWMS_SAPQM_001,ORACLE_SCM,SAP_ERP,Kafka,Async,Success,,,,2428,SESS-F6EBAD6EBE,REQ-5E7A944D5246,2026-09-10 10:12:38+00:00
EVT-0001459,IF_ORIM_ORWMS_001,ORACLE_SCM,ORACLE_SCM,ESB,Sync,Success,,,,1182,SESS-97040A8CE9,REQ-2ED825EC40E8,2026-09-16 12:38:09+00:00
EVT-0001462,IF_ORIM_SAPPROC_001,ORACLE_SCM,SAP_ERP,REST_API,REST,Success,,,,1640,SESS-16FF1B02C0,REQ-22A365FAF03A,2026-09-13 01:18:57+00:00
EVT-0001463,IF_ORIM_MESPE_001,ORACLE_SCM,MES,Kafka,Async,Success,,,,1226,SESS-506ACA361D,REQ-59A3CC265821,2026-09-13 06:03:40+00:00
EVT-0001467,IF_OROM_CRMOM_001,ORACLE_SCM,CRM,REST_API,REST,Success,,,,1948,SESS-4E363EE249,REQ-C25C5DED203D,2026-09-14 02:35:22+00:00
EVT-0001468,IF_OROM_CRMOM_001,ORACLE_SCM,CRM,REST_API,REST,Success,,,,2257,SESS-61DBFFB6FF,REQ-392B20DCE73F,2026-09-14 23:36:02+00:00
EVT-0001473,IF_ORWMS_SAPQM_001,ORACLE_SCM,SAP_ERP,Kafka,Async,Success,,,,1614,SESS-D046D941F9,REQ-C8DD27428383,2026-09-16 01:39:19+00:00
EVT-0001475,IF_ORIM_MESPE_001,ORACLE_SCM,MES,Kafka,Async,Success,,,,1410,SESS-1A55D432B7,REQ-CAA84E0561D5,2026-09-10 13:59:59+00:00
EVT-0001480,IF_ORSC_ORIM_001,ORACLE_SCM,ORACLE_SCM,ESB,Sync,Success,,,,2133,SESS-A8A75BF7C2,REQ-A455E59E662B,2026-09-15 07:18:51+00:00
EVT-0001482,IF_ORSC_ORIM_001,ORACLE_SCM,ORACLE_SCM,ESB,Sync,Success,,,,1669,SESS-4A9F468B0F,REQ-0DA109046FCF,2026-09-16 10:27:57+00:00
EVT-0001486,IF_OROM_CRMOM_001,ORACLE_SCM,CRM,REST_API,REST,Failed,CAP_003,Downstream service is at capacity,Capacity,8171,SESS-BBD3EF9F6D,REQ-781729E4576C,2026-09-15 07:13:15+00:00
EVT-0001487,IF_ORIM_MESPE_001,ORACLE_SCM,MES,Kafka,Async,Success,,,,1444,SESS-7E2CD67342,REQ-DDF4A302E61C,2026-09-13 20:11:59+00:00
EVT-0001489,IF_ORSC_SAPPP_001,ORACLE_SCM,SAP_ERP,Kafka,Async,Success,,,,781,SESS-5703A89582,REQ-28DE53A50135,2026-09-13 21:28:46+00:00
EVT-0001491,IF_ORSC_SAPPP_001,ORACLE_SCM,SAP_ERP,Kafka,Async,Failed,INFRA_008,Runtime node unavailable,Infrastructure,4709,SESS-C0C3CB8D3E,REQ-342C26FB5C81,2026-09-12 12:21:15+00:00
EVT-0001492,IF_ORWMS_OROM_001,ORACLE_SCM,ORACLE_SCM,Kafka,Async,Success,,,,1182,SESS-CF8E674EAA,REQ-98A89682A97F,2026-09-11 12:41:13+00:00
EVT-0001496,IF_ORSC_SAPPP_001,ORACLE_SCM,SAP_ERP,Kafka,Async,Retry,AUTHZ_403,Caller is not authorized,Authorization,3510,SESS-BCE76E3C24,REQ-0F050A28EF9E,2026-09-14 00:00:09+00:00
EVT-0001498,IF_ORSC_SAPPP_001,ORACLE_SCM,SAP_ERP,Kafka,Async,Success,,,,1151,SESS-A1EC5C48A5,REQ-062941B4F91A,2026-09-14 06:15:02+00:00
EVT-0001504,IF_ORIM_MESPE_001,ORACLE_SCM,MES,Kafka,Async,Success,,,,739,SESS-4DA2314CAF,REQ-C61F0D996FF8,2026-09-14 16:47:57+00:00
EVT-0001507,IF_ORWMS_OROM_001,ORACLE_SCM,ORACLE_SCM,Kafka,Async,Success,,,,807,SESS-EB83E46E5F,REQ-595C098EBA4C,2026-09-16 02:37:28+00:00
EVT-0001508,IF_ORWMS_SAPQM_001,ORACLE_SCM,SAP_ERP,Kafka,Async,Success,,,,1975,SESS-5AAF80BA2F,REQ-A1C463CC4EA0,2026-09-13 10:41:15+00:00
EVT-0001513,IF_ORWMS_OROM_001,ORACLE_SCM,ORACLE_SCM,Kafka,Async,Success,,,,722,SESS-DA53ACC168,REQ-7B32E64E547F,2026-09-10 15:47:38+00:00
EVT-0001519,IF_ORWMS_OROM_001,ORACLE_SCM,ORACLE_SCM,Kafka,Async,Success,,,,1108,SESS-2B408709E7,REQ-5CDEB93C7F41,2026-09-11 20:55:42+00:00
EVT-0001521,IF_ORWMS_SAPQM_001,ORACLE_SCM,SAP_ERP,Kafka,Async,Success,,,,1504,SESS-3AD8FF6111,REQ-B7F065A14927,2026-09-13 21:28:41+00:00
EVT-0001522,IF_ORWMS_SAPQM_001,ORACLE_SCM,SAP_ERP,Kafka,Async,Success,,,,2146,SESS-1066BF9A12,REQ-7C9B065BAA18,2026-09-16 02:54:11+00:00
EVT-0001525,IF_OROM_CRMOM_001,ORACLE_SCM,CRM,REST_API,REST,Success,,,,2341,SESS-CF3EF71973,REQ-E50A39D5713F,2026-09-13 02:58:29+00:00
EVT-0001526,IF_ORIM_SAPPROC_001,ORACLE_SCM,SAP_ERP,REST_API,REST,Success,,,,2011,SESS-9FF9953103,REQ-7ADC25C643AB,2026-09-14 09:03:34+00:00
EVT-0001536,IF_ORSC_ORIM_001,ORACLE_SCM,ORACLE_SCM,ESB,Sync,Success,,,,2943,SESS-95956A4754,REQ-3099FD9C69B8,2026-09-11 12:44:18+00:00
EVT-0001537,IF_ORIM_ORWMS_001,ORACLE_SCM,ORACLE_SCM,ESB,Sync,Success,,,,856,SESS-0DD101219B,REQ-F9C938496782,2026-09-12 23:49:56+00:00
EVT-0001540,IF_ORWMS_SAPQM_001,ORACLE_SCM,SAP_ERP,Kafka,Async,Success,,,,2065,SESS-C93CF9C805,REQ-7023B1432E5B,2026-09-15 00:37:32+00:00
EVT-0001543,IF_ORSC_ORIM_001,ORACLE_SCM,ORACLE_SCM,ESB,Sync,Success,,,,1954,SESS-97BD4DD2F6,REQ-74E0C65DCA02,2026-09-13 01:34:15+00:00
EVT-0001546,IF_ORIM_ORWMS_001,ORACLE_SCM,ORACLE_SCM,ESB,Sync,Retry,NET_CONN_003,Connection reset by peer,Network,3268,SESS-19482CFE9C,REQ-D933F032502D,2026-09-16 05:27:30+00:00
EVT-0001548,IF_ORIM_ORWMS_001,ORACLE_SCM,ORACLE_SCM,ESB,Sync,Success,,,,889,SESS-A622D7D378,REQ-32C4361A530A,2026-09-13 01:53:01+00:00
EVT-0001550,IF_ORIM_ORWMS_001,ORACLE_SCM,ORACLE_SCM,ESB,Sync,Success,,,,714,SESS-8F5ABC1D76,REQ-5E228341CA4A,2026-09-16 19:42:27+00:00
EVT-0001553,IF_ORSC_SAPPP_001,ORACLE_SCM,SAP_ERP,Kafka,Async,Failed,AUTHZ_403,Caller is not authorized,Authorization,2244,SESS-9CBF7F2C2B,REQ-0D206E529C8D,2026-09-16 17:44:05+00:00
EVT-0001558,IF_ORIM_MESPE_001,ORACLE_SCM,MES,Kafka,Async,Success,,,,1369,SESS-47B5FE7338,REQ-63C59427E488,2026-09-11 05:05:25+00:00
EVT-0001560,IF_ORIM_SAPPROC_001,ORACLE_SCM,SAP_ERP,REST_API,REST,Success,,,,2791,SESS-7B0E75DF73,REQ-940C086088E7,2026-09-14 08:04:24+00:00
EVT-0001561,IF_OROM_CRMOM_001,ORACLE_SCM,CRM,REST_API,REST,Success,,,,2066,SESS-ADB687A811,REQ-A91F87204D50,2026-09-14 03:18:26+00:00
EVT-0001562,IF_ORSC_ORIM_001,ORACLE_SCM,ORACLE_SCM,ESB,Sync,Success,,,,2008,SESS-52A9643B22,REQ-D46F479FEA58,2026-09-11 06:12:46+00:00
EVT-0001563,IF_OROM_CRMOM_001,ORACLE_SCM,CRM,REST_API,REST,Retry,CFG_017,Interface configuration mismatch,Configuration,7357,SESS-C1A6491C3B,REQ-F4BBA052164F,2026-09-13 00:17:30+00:00
EVT-0001569,IF_OROM_CRMOM_001,ORACLE_SCM,CRM,REST_API,REST,Success,,,,1890,SESS-67753D3E98,REQ-DFD9EBF43B50,2026-09-11 16:16:04+00:00
EVT-0001571,IF_ORWMS_SAPQM_001,ORACLE_SCM,SAP_ERP,Kafka,Async,Success,,,,2550,SESS-9042C210C7,REQ-39B859040171,2026-09-10 19:51:53+00:00
EVT-0001578,IF_ORWMS_OROM_001,ORACLE_SCM,ORACLE_SCM,Kafka,Async,Success,,,,928,SESS-DA9EEC3577,REQ-DB057C025BAB,2026-09-11 09:48:02+00:00
EVT-0001585,IF_ORSC_ORIM_001,ORACLE_SCM,ORACLE_SCM,ESB,Sync,Success,,,,1568,SESS-E9F8F8BCC2,REQ-86A5D495B465,2026-09-13 23:05:01+00:00
EVT-0001586,IF_ORSC_SAPPP_001,ORACLE_SCM,SAP_ERP,Kafka,Async,Success,,,,1130,SESS-11A0892E4C,REQ-BC26DBF9E60B,2026-09-10 10:43:02+00:00
EVT-0001591,IF_ORIM_MESPE_001,ORACLE_SCM,MES,Kafka,Async,Success,,,,1520,SESS-F72CCD80CA,REQ-0AA45FF79AD8,2026-09-11 21:21:13+00:00
EVT-0001596,IF_ORWMS_SAPQM_001,ORACLE_SCM,SAP_ERP,Kafka,Async,Failed,INFRA_008,Runtime node unavailable,Infrastructure,19243,SESS-C3F362975E,REQ-097D9229F974,2026-09-10 04:17:27+00:00
EVT-0001598,IF_ORWMS_SAPQM_001,ORACLE_SCM,SAP_ERP,Kafka,Async,Success,,,,2761,SESS-CB069F75AC,REQ-FD48F5B2CB0F,2026-09-13 04:30:43+00:00
EVT-0001600,IF_ORWMS_OROM_001,ORACLE_SCM,ORACLE_SCM,Kafka,Async,Success,,,,978,SESS-193B99261C,REQ-1C05CB828F3E,2026-09-11 16:14:34+00:00
EVT-0001603,IF_ORSC_ORIM_001,ORACLE_SCM,ORACLE_SCM,ESB,Sync,Retry,AUTHZ_403,Caller is not authorized,Authorization,4310,SESS-C60B5804E0,REQ-E12808C00B5D,2026-09-11 01:53:53+00:00
EVT-0001613,IF_ORSC_ORIM_001,ORACLE_SCM,ORACLE_SCM,ESB,Sync,Success,,,,3153,SESS-86010DD89E,REQ-82CDCE9D779C,2026-09-13 03:17:06+00:00
EVT-0001615,IF_ORIM_ORWMS_001,ORACLE_SCM,ORACLE_SCM,ESB,Sync,Success,,,,804,SESS-45C86ECD6C,REQ-AC909673E902,2026-09-12 07:33:59+00:00
EVT-0001616,IF_ORWMS_SAPQM_001,ORACLE_SCM,SAP_ERP,Kafka,Async,Success,,,,1900,SESS-9D6CD777B7,REQ-AE71EF8C6C96,2026-09-16 00:48:11+00:00
EVT-0001619,IF_ORIM_ORWMS_001,ORACLE_SCM,ORACLE_SCM,ESB,Sync,Success,,,,1185,SESS-EF8B77D522,REQ-9D3E9707B84B,2026-09-16 11:50:25+00:00
EVT-0001623,IF_ORWMS_SAPQM_001,ORACLE_SCM,SAP_ERP,Kafka,Async,Success,,,,2539,SESS-D71A0E83D2,REQ-C8415BA68354,2026-09-15 07:20:36+00:00
EVT-0001625,IF_OROM_CRMOM_001,ORACLE_SCM,CRM,REST_API,REST,Failed,AUTHZ_403,Caller is not authorized,Authorization,18540,SESS-3D4816FD97,REQ-F1B456A69BA4,2026-09-12 06:55:22+00:00
EVT-0001629,IF_ORIM_ORWMS_001,ORACLE_SCM,ORACLE_SCM,ESB,Sync,Retry,INFRA_008,Runtime node unavailable,Infrastructure,3366,SESS-6E415632B9,REQ-93D500FB4F49,2026-09-12 14:53:06+00:00
EVT-0001632,IF_ORIM_SAPPROC_001,ORACLE_SCM,SAP_ERP,REST_API,REST,Success,,,,3011,SESS-C9DD0EC72C,REQ-3DAEDC78A253,2026-09-13 22:36:17+00:00
EVT-0001635,IF_ORIM_ORWMS_001,ORACLE_SCM,ORACLE_SCM,ESB,Sync,Success,,,,1038,SESS-E8F2F060F6,REQ-EBE016326B53,2026-09-12 09:17:49+00:00
EVT-0001640,IF_ORSC_SAPPP_001,ORACLE_SCM,SAP_ERP,Kafka,Async,Success,,,,1541,SESS-008B8A18C6,REQ-B9FC5D4DD693,2026-09-11 11:43:55+00:00
EVT-0001645,IF_ORWMS_SAPQM_001,ORACLE_SCM,SAP_ERP,Kafka,Async,Success,,,,1989,SESS-F98F30C526,REQ-D5070B98ACF9,2026-09-15 06:09:53+00:00
EVT-0001647,IF_OROM_CRMOM_001,ORACLE_SCM,CRM,REST_API,REST,Success,,,,3025,SESS-64152C0715,REQ-6CEB32B9900B,2026-09-16 15:50:35+00:00
EVT-0001650,IF_ORWMS_OROM_001,ORACLE_SCM,ORACLE_SCM,Kafka,Async,Success,,,,1579,SESS-5C8352D165,REQ-581845C9073B,2026-09-15 15:21:04+00:00
EVT-0001655,IF_OROM_CRMOM_001,ORACLE_SCM,CRM,REST_API,REST,Success,,,,2922,SESS-AEB3F8DF6B,REQ-8FA68E598956,2026-09-11 17:01:13+00:00
EVT-0001656,IF_ORIM_ORWMS_001,ORACLE_SCM,ORACLE_SCM,ESB,Sync,Success,,,,929,SESS-1C71385246,REQ-0089832BC5D6,2026-09-15 11:39:46+00:00
EVT-0001657,IF_ORIM_MESPE_001,ORACLE_SCM,MES,Kafka,Async,Success,,,,1399,SESS-D97E245C8C,REQ-0C0CD05B0181,2026-09-13 07:10:56+00:00
EVT-0001677,IF_ORIM_SAPPROC_001,ORACLE_SCM,SAP_ERP,REST_API,REST,Success,,,,2711,SESS-2FF2672649,REQ-24DFC76BBE10,2026-09-10 08:57:34+00:00
EVT-0001682,IF_ORIM_MESPE_001,ORACLE_SCM,MES,Kafka,Async,Success,,,,2127,SESS-00BA7C94AD,REQ-1042F9FF0889,2026-09-13 03:56:49+00:00
EVT-0001692,IF_ORIM_ORWMS_001,ORACLE_SCM,ORACLE_SCM,ESB,Sync,Success,,,,1184,SESS-03362CFEA5,REQ-CE101BB96AA3,2026-09-14 23:28:39+00:00
EVT-0001693,IF_ORWMS_OROM_001,ORACLE_SCM,ORACLE_SCM,Kafka,Async,Success,,,,1564,SESS-1479031582,REQ-2B0A010FF4AA,2026-09-16 05:05:52+00:00
EVT-0001695,IF_ORWMS_OROM_001,ORACLE_SCM,ORACLE_SCM,Kafka,Async,Success,,,,1202,SESS-B3EE8C1312,REQ-29C7340214A2,2026-09-16 05:19:02+00:00
EVT-0001699,IF_ORWMS_SAPQM_001,ORACLE_SCM,SAP_ERP,Kafka,Async,Success,,,,2731,SESS-8F8BF2BDE9,REQ-61A2E3C1FA0A,2026-09-15 00:12:49+00:00
EVT-0001701,IF_ORWMS_OROM_001,ORACLE_SCM,ORACLE_SCM,Kafka,Async,Success,,,,1307,SESS-D4FED0497C,REQ-E37A44B36294,2026-09-14 08:52:01+00:00
EVT-0001704,IF_ORIM_SAPPROC_001,ORACLE_SCM,SAP_ERP,REST_API,REST,Success,,,,1854,SESS-119779D1B5,REQ-C1318875F195,2026-09-16 14:46:28+00:00
EVT-0001710,IF_ORIM_SAPPROC_001,ORACLE_SCM,SAP_ERP,REST_API,REST,Success,,,,2483,SESS-C318C28C14,REQ-222D9E4C3BA4,2026-09-13 13:40:14+00:00
EVT-0001714,IF_ORSC_ORIM_001,ORACLE_SCM,ORACLE_SCM,ESB,Sync,Success,,,,2636,SESS-66EACA19E3,REQ-7CCD2A81CD6A,2026-09-11 18:17:08+00:00
EVT-0001727,IF_ORIM_ORWMS_001,ORACLE_SCM,ORACLE_SCM,ESB,Sync,Success,,,,967,SESS-420901C681,REQ-2F00A19E7D3B,2026-09-10 22:11:02+00:00
EVT-0001728,IF_ORWMS_SAPQM_001,ORACLE_SCM,SAP_ERP,Kafka,Async,Success,,,,2810,SESS-57B89FBBB3,REQ-E26FA635400A,2026-09-10 04:30:19+00:00
EVT-0001730,IF_ORSC_ORIM_001,ORACLE_SCM,ORACLE_SCM,ESB,Sync,Success,,,,2140,SESS-0B4460A4F7,REQ-051AD541A898,2026-09-11 06:03:07+00:00
EVT-0001732,IF_ORIM_SAPPROC_001,ORACLE_SCM,SAP_ERP,REST_API,REST,Success,,,,2569,SESS-C33194695E,REQ-5B4E5ABA2150,2026-09-14 19:49:50+00:00
EVT-0001739,IF_ORIM_ORWMS_001,ORACLE_SCM,ORACLE_SCM,ESB,Sync,Success,,,,742,SESS-DCFBAAB0F0,REQ-85F177DB686B,2026-09-13 17:31:56+00:00
EVT-0001740,IF_OROM_CRMOM_001,ORACLE_SCM,CRM,REST_API,REST,Success,,,,2157,SESS-40D1D56B26,REQ-6C75BC2A9E4F,2026-09-13 00:41:57+00:00
EVT-0001741,IF_ORWMS_SAPQM_001,ORACLE_SCM,SAP_ERP,Kafka,Async,Success,,,,2695,SESS-C1CD5A3154,REQ-A3BAFB4F1725,2026-09-14 01:21:54+00:00
EVT-0001742,IF_ORIM_MESPE_001,ORACLE_SCM,MES,Kafka,Async,Success,,,,1718,SESS-2D45CCDB28,REQ-A6DC847FC156,2026-09-13 03:59:12+00:00
EVT-0001749,IF_ORWMS_SAPQM_001,ORACLE_SCM,SAP_ERP,Kafka,Async,Success,,,,1750,SESS-9656505110,REQ-EFE883D167BF,2026-09-12 20:04:08+00:00
EVT-0001759,IF_ORSC_ORIM_001,ORACLE_SCM,ORACLE_SCM,ESB,Sync,Retry,CAP_003,Downstream service is at capacity,Capacity,3542,SESS-FD9B08CA91,REQ-995883992B9F,2026-09-14 10:39:18+00:00
EVT-0001767,IF_ORSC_SAPPP_001,ORACLE_SCM,SAP_ERP,Kafka,Async,Success,,,,1106,SESS-23F22FE853,REQ-AC664E741C0A,2026-09-12 11:47:33+00:00
EVT-0001778,IF_OROM_CRMOM_001,ORACLE_SCM,CRM,REST_API,REST,Success,,,,2512,SESS-888BA1F61A,REQ-426DC13D259B,2026-09-10 10:00:03+00:00
EVT-0001789,IF_ORSC_ORIM_001,ORACLE_SCM,ORACLE_SCM,ESB,Sync,Success,,,,1590,SESS-09834524F4,REQ-DC70B3AE2D05,2026-09-12 23:51:42+00:00
EVT-0001790,IF_OROM_CRMOM_001,ORACLE_SCM,CRM,REST_API,REST,Success,,,,2687,SESS-D0CFA85CA4,REQ-1778DEAB498C,2026-09-13 19:01:47+00:00
EVT-0001792,IF_ORIM_SAPPROC_001,ORACLE_SCM,SAP_ERP,REST_API,REST,Success,,,,2705,SESS-5080C3DC8F,REQ-B1440134B648,2026-09-15 11:19:38+00:00
EVT-0001797,IF_ORSC_ORIM_001,ORACLE_SCM,ORACLE_SCM,ESB,Sync,Success,,,,3113,SESS-3B249E1573,REQ-520D0533F752,2026-09-13 18:51:33+00:00
EVT-0001801,IF_ORSC_SAPPP_001,ORACLE_SCM,SAP_ERP,Kafka,Async,Success,,,,1543,SESS-C77B8BDA3A,REQ-B70C774449F8,2026-09-14 19:33:52+00:00
EVT-0001804,IF_ORIM_MESPE_001,ORACLE_SCM,MES,Kafka,Async,Retry,INFRA_008,Runtime node unavailable,Infrastructure,2568,SESS-C4969F7FFD,REQ-39FEC04167B1,2026-09-13 21:49:10+00:00
EVT-0001805,IF_ORIM_ORWMS_001,ORACLE_SCM,ORACLE_SCM,ESB,Sync,Success,,,,731,SESS-E289A18DE9,REQ-D6CB28067D92,2026-09-13 10:37:26+00:00
EVT-0001806,IF_ORIM_SAPPROC_001,ORACLE_SCM,SAP_ERP,REST_API,REST,Success,,,,2799,SESS-86DBF14002,REQ-C6C1E65AA2C8,2026-09-11 07:08:07+00:00
EVT-0001807,IF_ORSC_SAPPP_001,ORACLE_SCM,SAP_ERP,Kafka,Async,Retry,AUTH_401,Service credential rejected,Authentication,4355,SESS-788E0A1978,REQ-518E88B78804,2026-09-16 09:00:33+00:00
EVT-0001809,IF_ORIM_ORWMS_001,ORACLE_SCM,ORACLE_SCM,ESB,Sync,Success,,,,1071,SESS-3A5B3F48D6,REQ-89DCF0AD0E48,2026-09-14 03:56:14+00:00
EVT-0001811,IF_OROM_CRMOM_001,ORACLE_SCM,CRM,REST_API,REST,Success,,,,1173,SESS-863B6C40E5,REQ-EAD581B92B73,2026-09-13 08:08:39+00:00
EVT-0001816,IF_ORSC_ORIM_001,ORACLE_SCM,ORACLE_SCM,ESB,Sync,Success,,,,2744,SESS-FF75C1ADC7,REQ-CFC9E73CA6B9,2026-09-15 21:50:22+00:00
EVT-0001821,IF_ORIM_MESPE_001,ORACLE_SCM,MES,Kafka,Async,Success,,,,1176,SESS-A8499013A6,REQ-64F4180F15F5,2026-09-12 06:28:38+00:00
EVT-0001823,IF_ORIM_SAPPROC_001,ORACLE_SCM,SAP_ERP,REST_API,REST,Success,,,,1927,SESS-8A1066E449,REQ-BD3113276061,2026-09-11 17:42:00+00:00
EVT-0001825,IF_ORIM_MESPE_001,ORACLE_SCM,MES,Kafka,Async,Success,,,,1184,SESS-7345123962,REQ-F9309C059C75,2026-09-14 20:19:11+00:00
EVT-0001829,IF_OROM_CRMOM_001,ORACLE_SCM,CRM,REST_API,REST,Success,,,,2372,SESS-CF827C6C20,REQ-CE930B158AF5,2026-09-11 21:52:33+00:00
EVT-0001830,IF_ORSC_ORIM_001,ORACLE_SCM,ORACLE_SCM,ESB,Sync,Success,,,,2311,SESS-0F335E48F2,REQ-771369EC4406,2026-09-15 00:55:28+00:00
EVT-0001832,IF_OROM_CRMOM_001,ORACLE_SCM,CRM,REST_API,REST,Success,,,,3185,SESS-C9A9060203,REQ-A41478DEF47A,2026-09-14 17:27:04+00:00
EVT-0001836,IF_ORWMS_SAPQM_001,ORACLE_SCM,SAP_ERP,Kafka,Async,Success,,,,2164,SESS-726AB99F42,REQ-EBF6CC1E3439,2026-09-12 12:55:45+00:00
EVT-0001837,IF_OROM_CRMOM_001,ORACLE_SCM,CRM,REST_API,REST,Success,,,,1788,SESS-7C6DB59770,REQ-70536275C8AD,2026-09-14 07:34:55+00:00
EVT-0001839,IF_ORWMS_OROM_001,ORACLE_SCM,ORACLE_SCM,Kafka,Async,Success,,,,1340,SESS-190E3EB924,REQ-E3D75540F405,2026-09-14 06:20:44+00:00
EVT-0001841,IF_ORIM_MESPE_001,ORACLE_SCM,MES,Kafka,Async,Success,,,,1067,SESS-701F35F39E,REQ-C808670D9CD7,2026-09-12 17:52:47+00:00
EVT-0001842,IF_ORSC_SAPPP_001,ORACLE_SCM,SAP_ERP,Kafka,Async,Success,,,,1185,SESS-47E551C57C,REQ-73D5877531F0,2026-09-10 03:11:32+00:00
EVT-0001850,IF_ORIM_ORWMS_001,ORACLE_SCM,ORACLE_SCM,ESB,Sync,Retry,CAP_003,Downstream service is at capacity,Capacity,2049,SESS-9F1426EDA6,REQ-41E58E21EC05,2026-09-12 20:01:17+00:00
EVT-0001851,IF_OROM_CRMOM_001,ORACLE_SCM,CRM,REST_API,REST,Retry,DB_COMMIT_014,Transaction commit failed,Database,6823,SESS-249A95799A,REQ-78187114506F,2026-09-14 12:25:22+00:00
EVT-0001856,IF_ORWMS_OROM_001,ORACLE_SCM,ORACLE_SCM,Kafka,Async,Retry,AUTHZ_403,Caller is not authorized,Authorization,2386,SESS-F10AACCEF1,REQ-F4AA0EEE45A0,2026-09-15 03:32:47+00:00
EVT-0001858,IF_ORSC_SAPPP_001,ORACLE_SCM,SAP_ERP,Kafka,Async,Retry,CFG_017,Interface configuration mismatch,Configuration,2712,SESS-CA6A363576,REQ-7FD4BD6D9A33,2026-09-10 21:10:19+00:00
EVT-0001860,IF_ORSC_SAPPP_001,ORACLE_SCM,SAP_ERP,Kafka,Async,Success,,,,1008,SESS-3A1D67DD06,REQ-7813DBB60161,2026-09-14 15:35:57+00:00
EVT-0001863,IF_ORSC_ORIM_001,ORACLE_SCM,ORACLE_SCM,ESB,Sync,Success,,,,1940,SESS-4D45DA05F5,REQ-DB0B95991A12,2026-09-15 03:47:22+00:00
EVT-0001864,IF_ORIM_MESPE_001,ORACLE_SCM,MES,Kafka,Async,Success,,,,1479,SESS-CAC030BBD2,REQ-956477A0C313,2026-09-14 06:03:55+00:00
EVT-0001867,IF_OROM_CRMOM_001,ORACLE_SCM,CRM,REST_API,REST,Success,,,,1973,SESS-DDA193DA97,REQ-74B2A13E4976,2026-09-13 01:41:16+00:00
EVT-0001869,IF_ORIM_MESPE_001,ORACLE_SCM,MES,Kafka,Async,Success,,,,1149,SESS-F2CC27683A,REQ-1082B1CDE0EC,2026-09-13 18:56:37+00:00
EVT-0001871,IF_ORIM_ORWMS_001,ORACLE_SCM,ORACLE_SCM,ESB,Sync,Success,,,,499,SESS-1E96F60462,REQ-0B6F73FDDD8E,2026-09-11 23:34:39+00:00
EVT-0001872,IF_ORSC_SAPPP_001,ORACLE_SCM,SAP_ERP,Kafka,Async,Success,,,,1279,SESS-06E11C1E18,REQ-78F417F653D8,2026-09-10 17:11:52+00:00
EVT-0001873,IF_ORIM_SAPPROC_001,ORACLE_SCM,SAP_ERP,REST_API,REST,Success,,,,1949,SESS-44E9D2CAD9,REQ-E14B7C56EEA8,2026-09-15 22:03:19+00:00
EVT-0001877,IF_ORSC_SAPPP_001,ORACLE_SCM,SAP_ERP,Kafka,Async,Success,,,,1951,SESS-E5FA477756,REQ-AC1EF737A6D5,2026-09-10 19:02:45+00:00
EVT-0001886,IF_OROM_CRMOM_001,ORACLE_SCM,CRM,REST_API,REST,Success,,,,2434,SESS-75546DF4D0,REQ-9FDE1CD8C431,2026-09-13 02:55:05+00:00
EVT-0001893,IF_ORIM_SAPPROC_001,ORACLE_SCM,SAP_ERP,REST_API,REST,Success,,,,2193,SESS-04712D2FCE,REQ-538A7F468FE7,2026-09-11 20:52:02+00:00
EVT-0001895,IF_ORSC_ORIM_001,ORACLE_SCM,ORACLE_SCM,ESB,Sync,Success,,,,1629,SESS-68ED167112,REQ-0888BA3A865E,2026-09-15 08:39:45+00:00
EVT-0001901,IF_ORIM_MESPE_001,ORACLE_SCM,MES,Kafka,Async,Success,,,,1301,SESS-CC1CE6EFF2,REQ-11D95D1CB1D2,2026-09-11 11:59:19+00:00
EVT-0001902,IF_ORIM_ORWMS_001,ORACLE_SCM,ORACLE_SCM,ESB,Sync,Success,,,,743,SESS-64AADAD08F,REQ-D435B8B10DFA,2026-09-10 03:10:18+00:00
EVT-0001905,IF_OROM_CRMOM_001,ORACLE_SCM,CRM,REST_API,REST,Success,,,,2150,SESS-31C0DDBC8C,REQ-8FA909C39492,2026-09-14 07:25:17+00:00
EVT-0001906,IF_ORIM_SAPPROC_001,ORACLE_SCM,SAP_ERP,REST_API,REST,Failed,VAL_400,Required business field failed validation,Validation,7584,SESS-9570EBC9E7,REQ-1D4661F6A4FD,2026-09-12 23:23:31+00:00
EVT-0001909,IF_ORSC_SAPPP_001,ORACLE_SCM,SAP_ERP,Kafka,Async,Success,,,,1048,SESS-B2A184A753,REQ-30AD86103875,2026-09-14 03:23:20+00:00
EVT-0001912,IF_ORIM_ORWMS_001,ORACLE_SCM,ORACLE_SCM,ESB,Sync,Retry,CAP_003,Downstream service is at capacity,Capacity,2667,SESS-4D1A156EFB,REQ-F4B5D7F6D191,2026-09-11 17:15:31+00:00
EVT-0001915,IF_ORSC_SAPPP_001,ORACLE_SCM,SAP_ERP,Kafka,Async,Success,,,,1232,SESS-97DF8E96FC,REQ-A45E2C981BF2,2026-09-15 19:13:00+00:00
EVT-0001916,IF_ORIM_SAPPROC_001,ORACLE_SCM,SAP_ERP,REST_API,REST,Success,,,,2630,SESS-2217A95189,REQ-668A7122DE6C,2026-09-16 04:54:05+00:00
EVT-0001928,IF_ORIM_SAPPROC_001,ORACLE_SCM,SAP_ERP,REST_API,REST,Success,,,,2817,SESS-0E70E02F04,REQ-18808474C28C,2026-09-14 21:32:59+00:00
EVT-0001930,IF_ORIM_ORWMS_001,ORACLE_SCM,ORACLE_SCM,ESB,Sync,Success,,,,545,SESS-35011BFA26,REQ-CFAFE9CB4A14,2026-09-11 09:19:58+00:00
EVT-0001934,IF_ORSC_ORIM_001,ORACLE_SCM,ORACLE_SCM,ESB,Sync,Success,,,,2578,SESS-07F0730F77,REQ-C482D01E6A79,2026-09-12 23:57:06+00:00
EVT-0001937,IF_ORWMS_SAPQM_001,ORACLE_SCM,SAP_ERP,Kafka,Async,Success,,,,2682,SESS-46085973AE,REQ-5B552B89C21F,2026-09-10 00:24:54+00:00
EVT-0001938,IF_ORIM_ORWMS_001,ORACLE_SCM,ORACLE_SCM,ESB,Sync,Success,,,,695,SESS-943CFD3D13,REQ-F07C14443F01,2026-09-16 04:14:38+00:00
EVT-0001945,IF_OROM_CRMOM_001,ORACLE_SCM,CRM,REST_API,REST,Success,,,,2825,SESS-245D6E48AD,REQ-5B797337973E,2026-09-11 22:16:22+00:00
EVT-0001946,IF_ORSC_SAPPP_001,ORACLE_SCM,SAP_ERP,Kafka,Async,Success,,,,1396,SESS-71101D2A80,REQ-32F74E2B099B,2026-09-16 22:16:06+00:00
EVT-0001949,IF_ORIM_ORWMS_001,ORACLE_SCM,ORACLE_SCM,ESB,Sync,Success,,,,823,SESS-A90A276239,REQ-98D82FCCE980,2026-09-10 05:56:27+00:00
EVT-0001953,IF_ORSC_SAPPP_001,ORACLE_SCM,SAP_ERP,Kafka,Async,Success,,,,1623,SESS-47375D67C0,REQ-7AD24F9D2581,2026-09-13 12:30:18+00:00
EVT-0001955,IF_ORWMS_OROM_001,ORACLE_SCM,ORACLE_SCM,Kafka,Async,Success,,,,1550,SESS-3995AD2ADE,REQ-0030D49C1814,2026-09-11 13:10:05+00:00
EVT-0001956,IF_ORSC_ORIM_001,ORACLE_SCM,ORACLE_SCM,ESB,Sync,Retry,CFG_017,Interface configuration mismatch,Configuration,6402,SESS-9255DE4DEF,REQ-0CAFA806B50C,2026-09-11 06:04:03+00:00
EVT-0001957,IF_ORIM_SAPPROC_001,ORACLE_SCM,SAP_ERP,REST_API,REST,Success,,,,2567,SESS-0C50E3DFA3,REQ-6AF16F4CC2A9,2026-09-10 16:19:49+00:00
EVT-0001958,IF_ORSC_ORIM_001,ORACLE_SCM,ORACLE_SCM,ESB,Sync,Success,,,,2580,SESS-896C8CC72F,REQ-A77D23B44385,2026-09-13 09:34:41+00:00
EVT-0001967,IF_ORSC_SAPPP_001,ORACLE_SCM,SAP_ERP,Kafka,Async,Success,,,,1405,SESS-6928D025D6,REQ-655FF982C77D,2026-09-14 16:23:40+00:00
EVT-0001969,IF_ORSC_SAPPP_001,ORACLE_SCM,SAP_ERP,Kafka,Async,Success,,,,1744,SESS-1B4D35D6B5,REQ-B96BA5FCF8DB,2026-09-13 18:50:17+00:00
EVT-0001970,IF_ORSC_ORIM_001,ORACLE_SCM,ORACLE_SCM,ESB,Sync,Success,,,,2680,SESS-157433584E,REQ-B2E637AC1C57,2026-09-13 14:24:41+00:00
EVT-0001971,IF_ORWMS_SAPQM_001,ORACLE_SCM,SAP_ERP,Kafka,Async,Success,,,,2265,SESS-85A912F6C7,REQ-240332D2F7E8,2026-09-10 13:19:03+00:00
EVT-0001977,IF_OROM_CRMOM_001,ORACLE_SCM,CRM,REST_API,REST,Success,,,,1887,SESS-8A7750B718,REQ-ADA96E540390,2026-09-16 19:19:38+00:00
EVT-0001978,IF_ORSC_ORIM_001,ORACLE_SCM,ORACLE_SCM,ESB,Sync,Success,,,,2661,SESS-FD98066E3E,REQ-C8B4AD6EA08D,2026-09-11 17:00:16+00:00
EVT-0001981,IF_ORIM_MESPE_001,ORACLE_SCM,MES,Kafka,Async,Success,,,,972,SESS-BACA6EC483,REQ-95C58BC90487,2026-09-11 19:35:41+00:00
EVT-0001983,IF_ORIM_SAPPROC_001,ORACLE_SCM,SAP_ERP,REST_API,REST,Success,,,,1590,SESS-03D63C26D2,REQ-C82B973BBD5F,2026-09-15 16:39:06+00:00
EVT-0001984,IF_ORWMS_SAPQM_001,ORACLE_SCM,SAP_ERP,Kafka,Async,Success,,,,1385,SESS-243EA616F2,REQ-D081DFACE4C4,2026-09-11 15:37:41+00:00
EVT-0001987,IF_ORIM_MESPE_001,ORACLE_SCM,MES,Kafka,Async,Success,,,,1662,SESS-F7B504306A,REQ-0A27E4E50FC3,2026-09-11 11:59:28+00:00
EVT-0001989,IF_ORIM_SAPPROC_001,ORACLE_SCM,SAP_ERP,REST_API,REST,Success,,,,2342,SESS-4870DFE792,REQ-55024CE9445C,2026-09-14 21:53:30+00:00
EVT-0001990,IF_ORSC_SAPPP_001,ORACLE_SCM,SAP_ERP,Kafka,Async,Success,,,,1245,SESS-EDFA9986B3,REQ-A7516EF00C7D,2026-09-10 03:46:20+00:00
EVT-0001993,IF_ORSC_ORIM_001,ORACLE_SCM,ORACLE_SCM,ESB,Sync,Success,,,,2044,SESS-81574AFC89,REQ-08D25A58C885,2026-09-12 13:40:28+00:00
EVT-0001995,IF_ORSC_SAPPP_001,ORACLE_SCM,SAP_ERP,Kafka,Async,Failed,AUTHZ_403,Caller is not authorized,Authorization,3693,SESS-5750DFCF4C,REQ-62DEE32C3D74,2026-09-12 19:11:50+00:00
EVT-0002004,IF_ORWMS_SAPQM_001,ORACLE_SCM,SAP_ERP,Kafka,Async,Success,,,,1426,SESS-EAA7F2B6C4,REQ-DFE97F1C7AC7,2026-09-13 06:32:21+00:00
EVT-0002012,IF_OROM_CRMOM_001,ORACLE_SCM,CRM,REST_API,REST,Retry,CAP_003,Downstream service is at capacity,Capacity,8594,SESS-A472DF44E9,REQ-444E21A38E6C,2026-09-12 01:47:27+00:00
EVT-0002013,IF_ORWMS_OROM_001,ORACLE_SCM,ORACLE_SCM,Kafka,Async,Success,,,,1457,SESS-20D7F30B73,REQ-AFAF12AA7ED4,2026-09-16 04:26:47+00:00
EVT-0002014,IF_OROM_CRMOM_001,ORACLE_SCM,CRM,REST_API,REST,Success,,,,2166,SESS-81D3EAED83,REQ-4E2B7F322770,2026-09-15 15:57:39+00:00
EVT-0002025,IF_ORWMS_OROM_001,ORACLE_SCM,ORACLE_SCM,Kafka,Async,Success,,,,1756,SESS-BBD8CBA3D5,REQ-D8188DB86D0B,2026-09-10 08:55:13+00:00
EVT-0002030,IF_ORSC_ORIM_001,ORACLE_SCM,ORACLE_SCM,ESB,Sync,Success,,,,2478,SESS-11B5A32A3D,REQ-3421358C5B3E,2026-09-10 05:56:06+00:00
EVT-0002044,IF_ORWMS_OROM_001,ORACLE_SCM,ORACLE_SCM,Kafka,Async,Success,,,,1231,SESS-92B8B29560,REQ-1B8B53E8AA9D,2026-09-10 10:31:13+00:00
EVT-0002047,IF_ORIM_MESPE_001,ORACLE_SCM,MES,Kafka,Async,Success,,,,1395,SESS-300738D05A,REQ-CB7033D2C046,2026-09-15 21:42:40+00:00
EVT-0002051,IF_ORSC_SAPPP_001,ORACLE_SCM,SAP_ERP,Kafka,Async,Success,,,,1251,SESS-104C811201,REQ-122B6DEA61C4,2026-09-10 22:00:11+00:00
EVT-0002052,IF_ORSC_SAPPP_001,ORACLE_SCM,SAP_ERP,Kafka,Async,Success,,,,1001,SESS-8AE25F3883,REQ-C71CA4FB88FC,2026-09-16 06:51:14+00:00
EVT-0002058,IF_ORWMS_SAPQM_001,ORACLE_SCM,SAP_ERP,Kafka,Async,Success,,,,2400,SESS-91CAC0D412,REQ-20C8FFF36F2A,2026-09-16 16:17:18+00:00
EVT-0002059,IF_ORWMS_SAPQM_001,ORACLE_SCM,SAP_ERP,Kafka,Async,Success,,,,1692,SESS-156AC5C86B,REQ-5A8A6837C851,2026-09-15 22:59:19+00:00
EVT-0002060,IF_ORIM_ORWMS_001,ORACLE_SCM,ORACLE_SCM,ESB,Sync,Success,,,,1086,SESS-395900B004,REQ-1BBC6A9AA488,2026-09-14 16:00:53+00:00
EVT-0002061,IF_ORWMS_OROM_001,ORACLE_SCM,ORACLE_SCM,Kafka,Async,Success,,,,1136,SESS-92BC259417,REQ-B88FA7D9B9FF,2026-09-16 02:57:32+00:00
EVT-0002063,IF_ORIM_ORWMS_001,ORACLE_SCM,ORACLE_SCM,ESB,Sync,Success,,,,1183,SESS-69515759D5,REQ-C85F1C408710,2026-09-10 15:01:30+00:00
EVT-0002065,IF_ORWMS_OROM_001,ORACLE_SCM,ORACLE_SCM,Kafka,Async,Success,,,,1329,SESS-27162118D6,REQ-6D3DDB35719A,2026-09-12 14:41:01+00:00
EVT-0002067,IF_ORIM_MESPE_001,ORACLE_SCM,MES,Kafka,Async,Success,,,,2330,SESS-952FCBAC51,REQ-17E632135200,2026-09-11 03:17:23+00:00
EVT-0002068,IF_ORSC_SAPPP_001,ORACLE_SCM,SAP_ERP,Kafka,Async,Success,,,,1315,SESS-FC065459B3,REQ-7AC6E9AB91BC,2026-09-14 02:56:13+00:00
EVT-0002069,IF_OROM_CRMOM_001,ORACLE_SCM,CRM,REST_API,REST,Success,,,,1853,SESS-7CD6AE8DF2,REQ-5316DBD3D182,2026-09-10 00:28:52+00:00
EVT-0002071,IF_ORWMS_SAPQM_001,ORACLE_SCM,SAP_ERP,Kafka,Async,Failed,INFRA_008,Runtime node unavailable,Infrastructure,19615,SESS-0ED9CD8C3A,REQ-85926695F446,2026-09-15 05:01:32+00:00
EVT-0002072,IF_ORWMS_OROM_001,ORACLE_SCM,ORACLE_SCM,Kafka,Async,Success,,,,1257,SESS-43DDD0C339,REQ-67A919BBBEFE,2026-09-11 04:30:34+00:00
EVT-0002074,IF_ORWMS_SAPQM_001,ORACLE_SCM,SAP_ERP,Kafka,Async,Success,,,,2308,SESS-904665B8FF,REQ-CACF6B829669,2026-09-16 03:00:49+00:00
EVT-0002076,IF_ORSC_ORIM_001,ORACLE_SCM,ORACLE_SCM,ESB,Sync,Success,,,,2632,SESS-A57AB64886,REQ-BBA7F2030063,2026-09-14 09:33:37+00:00
EVT-0002083,IF_ORSC_SAPPP_001,ORACLE_SCM,SAP_ERP,Kafka,Async,Success,,,,1837,SESS-9DE33C3434,REQ-6FCADF39902D,2026-09-13 06:38:04+00:00
EVT-0002087,IF_ORIM_SAPPROC_001,ORACLE_SCM,SAP_ERP,REST_API,REST,Success,,,,2169,SESS-45B12EE033,REQ-5EADBD321943,2026-09-11 11:48:41+00:00
EVT-0002095,IF_ORSC_SAPPP_001,ORACLE_SCM,SAP_ERP,Kafka,Async,Success,,,,1409,SESS-20B2E5FA3F,REQ-7D671FC9C170,2026-09-15 08:31:18+00:00
EVT-0002103,IF_ORIM_SAPPROC_001,ORACLE_SCM,SAP_ERP,REST_API,REST,Success,,,,1491,SESS-A4261E86DB,REQ-F017AF80A6BB,2026-09-16 12:07:59+00:00
EVT-0002105,IF_ORIM_ORWMS_001,ORACLE_SCM,ORACLE_SCM,ESB,Sync,Success,,,,900,SESS-E2215D15F0,REQ-EBC0508F2BF7,2026-09-15 20:27:45+00:00
EVT-0002114,IF_ORSC_ORIM_001,ORACLE_SCM,ORACLE_SCM,ESB,Sync,Success,,,,2285,SESS-A5BD9EBC41,REQ-B20190DB4053,2026-09-10 09:47:36+00:00
EVT-0002115,IF_ORIM_MESPE_001,ORACLE_SCM,MES,Kafka,Async,Success,,,,1392,SESS-56054CFD68,REQ-F56D32BA1726,2026-09-10 01:19:20+00:00
EVT-0002116,IF_ORSC_ORIM_001,ORACLE_SCM,ORACLE_SCM,ESB,Sync,Success,,,,2429,SESS-3D5D51AB0F,REQ-8A6A4EDECE26,2026-09-11 19:02:12+00:00
EVT-0002121,IF_ORWMS_OROM_001,ORACLE_SCM,ORACLE_SCM,Kafka,Async,Retry,AUTH_401,Service credential rejected,Authentication,4243,SESS-0E29F787D9,REQ-1482FB777EBF,2026-09-11 14:49:02+00:00
EVT-0002124,IF_ORIM_ORWMS_001,ORACLE_SCM,ORACLE_SCM,ESB,Sync,Success,,,,760,SESS-D164A69182,REQ-80C9241087F5,2026-09-15 22:00:09+00:00
EVT-0002126,IF_ORWMS_SAPQM_001,ORACLE_SCM,SAP_ERP,Kafka,Async,Success,,,,2856,SESS-F51964AF36,REQ-9F65BB99EB5A,2026-09-15 20:19:46+00:00
EVT-0002127,IF_ORWMS_OROM_001,ORACLE_SCM,ORACLE_SCM,Kafka,Async,Success,,,,1336,SESS-9A6E3C581C,REQ-C144D88C8344,2026-09-14 04:25:06+00:00
EVT-0002133,IF_ORWMS_OROM_001,ORACLE_SCM,ORACLE_SCM,Kafka,Async,Success,,,,2003,SESS-DAEC904832,REQ-E8DF747D0ADC,2026-09-12 21:08:53+00:00
EVT-0002136,IF_ORWMS_OROM_001,ORACLE_SCM,ORACLE_SCM,Kafka,Async,Success,,,,1169,SESS-FD4D495604,REQ-9652747BA8D5,2026-09-13 06:28:41+00:00
EVT-0002138,IF_OROM_CRMOM_001,ORACLE_SCM,CRM,REST_API,REST,Retry,CFG_017,Interface configuration mismatch,Configuration,8792,SESS-02219F3C0C,REQ-2278C566436E,2026-09-11 16:35:04+00:00
EVT-0002139,IF_ORIM_SAPPROC_001,ORACLE_SCM,SAP_ERP,REST_API,REST,Retry,AUTH_401,Service credential rejected,Authentication,3564,SESS-9DC9D2F0EE,REQ-98C1358AF728,2026-09-14 08:52:01+00:00
EVT-0002144,IF_ORSC_ORIM_001,ORACLE_SCM,ORACLE_SCM,ESB,Sync,Success,,,,1994,SESS-6A4E8B3876,REQ-095F2BBF5A11,2026-09-14 18:37:50+00:00
EVT-0002157,IF_ORWMS_OROM_001,ORACLE_SCM,ORACLE_SCM,Kafka,Async,Success,,,,2051,SESS-C9D1202668,REQ-8E43AF21D196,2026-09-14 10:03:27+00:00
EVT-0002159,IF_ORWMS_OROM_001,ORACLE_SCM,ORACLE_SCM,Kafka,Async,Failed,AUTHZ_403,Caller is not authorized,Authorization,8810,SESS-0F8FBF68CC,REQ-7E03C3790BF9,2026-09-15 02:00:35+00:00
EVT-0002163,IF_ORSC_SAPPP_001,ORACLE_SCM,SAP_ERP,Kafka,Async,Retry,TIME_004,Downstream response exceeded SLA,Timeout,4319,SESS-BC6EA20708,REQ-87FA2BF3D376,2026-09-12 20:51:59+00:00
EVT-0002164,IF_ORIM_MESPE_001,ORACLE_SCM,MES,Kafka,Async,Success,,,,935,SESS-F744D68802,REQ-8515B580EAF1,2026-09-11 15:35:27+00:00
EVT-0002173,IF_ORSC_SAPPP_001,ORACLE_SCM,SAP_ERP,Kafka,Async,Success,,,,1572,SESS-94396F633D,REQ-223460262E1E,2026-09-15 21:28:27+00:00
EVT-0002176,IF_OROM_CRMOM_001,ORACLE_SCM,CRM,REST_API,REST,Success,,,,2060,SESS-66807ACDC2,REQ-AA33964C9C8F,2026-09-16 14:21:20+00:00
EVT-0002177,IF_ORWMS_OROM_001,ORACLE_SCM,ORACLE_SCM,Kafka,Async,Failed,TIME_004,Downstream response exceeded SLA,Timeout,3829,SESS-6D19949131,REQ-763973942E4E,2026-09-10 15:18:29+00:00
EVT-0002180,IF_ORIM_ORWMS_001,ORACLE_SCM,ORACLE_SCM,ESB,Sync,Success,,,,1017,SESS-4B765C7A22,REQ-F06B50B3ECBB,2026-09-11 21:27:32+00:00
EVT-0002181,IF_ORIM_SAPPROC_001,ORACLE_SCM,SAP_ERP,REST_API,REST,Success,,,,1987,SESS-C9A45F8C53,REQ-5AD236126AEF,2026-09-12 11:03:21+00:00
EVT-0002197,IF_OROM_CRMOM_001,ORACLE_SCM,CRM,REST_API,REST,Success,,,,3134,SESS-F34FD0D3F7,REQ-C9AD63FE1489,2026-09-13 14:41:09+00:00
EVT-0002199,IF_ORIM_MESPE_001,ORACLE_SCM,MES,Kafka,Async,Success,,,,1531,SESS-B13FA4A606,REQ-26274A194009,2026-09-13 03:38:38+00:00
EVT-0002200,IF_ORSC_SAPPP_001,ORACLE_SCM,SAP_ERP,Kafka,Async,Success,,,,1275,SESS-0B8B2289FF,REQ-50AB5D0354A2,2026-09-14 10:38:42+00:00
EVT-0002202,IF_ORSC_ORIM_001,ORACLE_SCM,ORACLE_SCM,ESB,Sync,Success,,,,2181,SESS-C6C39315BB,REQ-A7D5FB9F56F9,2026-09-11 20:43:39+00:00
EVT-0002203,IF_ORIM_SAPPROC_001,ORACLE_SCM,SAP_ERP,REST_API,REST,Success,,,,2974,SESS-D8507C6329,REQ-2DBEE6ABE81A,2026-09-15 06:29:31+00:00
EVT-0002208,IF_ORWMS_OROM_001,ORACLE_SCM,ORACLE_SCM,Kafka,Async,Success,,,,1482,SESS-675D5AE66A,REQ-A796058BA448,2026-09-13 22:48:08+00:00
EVT-0002209,IF_ORIM_ORWMS_001,ORACLE_SCM,ORACLE_SCM,ESB,Sync,Success,,,,943,SESS-09CBFEE215,REQ-D6406A6A2C45,2026-09-16 23:08:26+00:00
EVT-0002213,IF_OROM_CRMOM_001,ORACLE_SCM,CRM,REST_API,REST,Success,,,,1309,SESS-39E2C93DF2,REQ-99E0226C830F,2026-09-14 06:26:33+00:00
EVT-0002214,IF_ORIM_SAPPROC_001,ORACLE_SCM,SAP_ERP,REST_API,REST,Success,,,,1893,SESS-7050109B5E,REQ-439F431EB168,2026-09-11 14:36:32+00:00
EVT-0002215,IF_ORIM_MESPE_001,ORACLE_SCM,MES,Kafka,Async,Success,,,,1400,SESS-02EB415D99,REQ-B32D2AE25182,2026-09-16 19:20:12+00:00
EVT-0002219,IF_ORIM_MESPE_001,ORACLE_SCM,MES,Kafka,Async,Retry,NET_CONN_003,Connection reset by peer,Network,4633,SESS-53FD620D42,REQ-41DE39915B14,2026-09-14 20:14:59+00:00
EVT-0002222,IF_ORSC_SAPPP_001,ORACLE_SCM,SAP_ERP,Kafka,Async,Success,,,,975,SESS-35B2CD2EA8,REQ-789982E1E881,2026-09-13 12:26:08+00:00
EVT-0002227,IF_ORIM_SAPPROC_001,ORACLE_SCM,SAP_ERP,REST_API,REST,Success,,,,2350,SESS-42A9C404B3,REQ-003393BC48C0,2026-09-14 20:49:06+00:00
EVT-0002229,IF_ORIM_MESPE_001,ORACLE_SCM,MES,Kafka,Async,Success,,,,1096,SESS-7EECFD130F,REQ-FD00095460BD,2026-09-15 15:57:32+00:00
EVT-0002231,IF_OROM_CRMOM_001,ORACLE_SCM,CRM,REST_API,REST,Success,,,,2686,SESS-5A51E6D158,REQ-623C47D5BD3F,2026-09-11 10:49:55+00:00
EVT-0002243,IF_ORWMS_SAPQM_001,ORACLE_SCM,SAP_ERP,Kafka,Async,Success,,,,2616,SESS-6C0D057F8D,REQ-8027C982D0E0,2026-09-16 23:55:00+00:00
EVT-0002244,IF_OROM_CRMOM_001,ORACLE_SCM,CRM,REST_API,REST,Success,,,,2219,SESS-E0CC7DAC5E,REQ-F8D786027770,2026-09-10 03:16:55+00:00
EVT-0002246,IF_ORIM_ORWMS_001,ORACLE_SCM,ORACLE_SCM,ESB,Sync,Success,,,,715,SESS-38F9C66F50,REQ-566D775CC9EC,2026-09-13 22:43:24+00:00
EVT-0002250,IF_OROM_CRMOM_001,ORACLE_SCM,CRM,REST_API,REST,Success,,,,2366,SESS-92149E59E1,REQ-38B988B9175D,2026-09-14 23:46:13+00:00
EVT-0002251,IF_ORSC_ORIM_001,ORACLE_SCM,ORACLE_SCM,ESB,Sync,Success,,,,3498,SESS-AC489827EA,REQ-B698856ED575,2026-09-14 07:42:17+00:00
EVT-0002253,IF_ORWMS_OROM_001,ORACLE_SCM,ORACLE_SCM,Kafka,Async,Success,,,,1416,SESS-5D07504E8D,REQ-E2B2D503E0EA,2026-09-10 05:01:21+00:00
EVT-0002255,IF_ORIM_ORWMS_001,ORACLE_SCM,ORACLE_SCM,ESB,Sync,Success,,,,745,SESS-A299D5337C,REQ-3DA8B80D4C94,2026-09-10 22:05:12+00:00
EVT-0002256,IF_ORIM_ORWMS_001,ORACLE_SCM,ORACLE_SCM,ESB,Sync,Success,,,,699,SESS-12B0B8FD25,REQ-5BC5A0A9B072,2026-09-10 16:14:34+00:00
EVT-0002260,IF_OROM_CRMOM_001,ORACLE_SCM,CRM,REST_API,REST,Success,,,,3020,SESS-C804876E70,REQ-8D16F66D983B,2026-09-10 12:08:32+00:00
EVT-0002263,IF_ORWMS_SAPQM_001,ORACLE_SCM,SAP_ERP,Kafka,Async,Success,,,,2242,SESS-A27FACF003,REQ-3FFB3C9FDB06,2026-09-10 02:07:39+00:00
EVT-0002268,IF_ORWMS_OROM_001,ORACLE_SCM,ORACLE_SCM,Kafka,Async,Success,,,,1575,SESS-83AD7853B7,REQ-1F8F37BB352E,2026-09-16 15:47:21+00:00
EVT-0002271,IF_ORSC_SAPPP_001,ORACLE_SCM,SAP_ERP,Kafka,Async,Success,,,,1023,SESS-FB3986A630,REQ-2F1A97FEFE7E,2026-09-13 02:54:34+00:00
EVT-0002278,IF_ORSC_SAPPP_001,ORACLE_SCM,SAP_ERP,Kafka,Async,Success,,,,992,SESS-647E95AA35,REQ-693C819F24A6,2026-09-13 19:13:40+00:00
EVT-0002279,IF_OROM_CRMOM_001,ORACLE_SCM,CRM,REST_API,REST,Success,,,,615,SESS-92EEB93598,REQ-8167D33413B2,2026-09-11 01:46:36+00:00
EVT-0002281,IF_ORIM_SAPPROC_001,ORACLE_SCM,SAP_ERP,REST_API,REST,Retry,INFRA_008,Runtime node unavailable,Infrastructure,4379,SESS-B71CC2E82B,REQ-78F0289ECE70,2026-09-13 21:30:52+00:00
EVT-0002285,IF_ORIM_SAPPROC_001,ORACLE_SCM,SAP_ERP,REST_API,REST,Success,,,,2317,SESS-522B71222D,REQ-01C7361CB27D,2026-09-14 22:11:14+00:00
EVT-0002287,IF_ORIM_MESPE_001,ORACLE_SCM,MES,Kafka,Async,Retry,DB_COMMIT_014,Transaction commit failed,Database,4194,SESS-FE6BA175BD,REQ-73ABFA9C0893,2026-09-15 05:02:39+00:00
EVT-0002290,IF_OROM_CRMOM_001,ORACLE_SCM,CRM,REST_API,REST,Success,,,,3004,SESS-ED871C7D2F,REQ-AF765FAFDBCB,2026-09-13 10:30:50+00:00
EVT-0002291,IF_ORWMS_OROM_001,ORACLE_SCM,ORACLE_SCM,Kafka,Async,Success,,,,1419,SESS-5D85A2A323,REQ-003F4CA37541,2026-09-14 15:52:58+00:00
EVT-0002292,IF_ORWMS_OROM_001,ORACLE_SCM,ORACLE_SCM,Kafka,Async,Success,,,,1211,SESS-34199F92AC,REQ-917657F04DBC,2026-09-15 10:16:06+00:00
EVT-0002294,IF_ORSC_ORIM_001,ORACLE_SCM,ORACLE_SCM,ESB,Sync,Success,,,,2289,SESS-4A53EA7927,REQ-CFE04FDA961C,2026-09-14 09:42:32+00:00
EVT-0002298,IF_ORIM_ORWMS_001,ORACLE_SCM,ORACLE_SCM,ESB,Sync,Success,,,,927,SESS-9D2699E6C6,REQ-17E10425F9BE,2026-09-12 15:21:57+00:00
EVT-0002300,IF_ORIM_SAPPROC_001,ORACLE_SCM,SAP_ERP,REST_API,REST,Success,,,,2226,SESS-A137280927,REQ-FC485037CF3A,2026-09-15 16:08:20+00:00
EVT-0002303,IF_ORIM_MESPE_001,ORACLE_SCM,MES,Kafka,Async,Success,,,,1626,SESS-FBFDDFCECA,REQ-8368EE1FA38B,2026-09-13 19:50:00+00:00
EVT-0002305,IF_OROM_CRMOM_001,ORACLE_SCM,CRM,REST_API,REST,Success,,,,1256,SESS-970D6ED90F,REQ-27A0235D188E,2026-09-10 12:11:42+00:00
EVT-0002312,IF_ORSC_ORIM_001,ORACLE_SCM,ORACLE_SCM,ESB,Sync,Success,,,,1300,SESS-60ADC46FA1,REQ-7AB45FC1ACD2,2026-09-11 14:42:49+00:00
EVT-0002314,IF_ORIM_SAPPROC_001,ORACLE_SCM,SAP_ERP,REST_API,REST,Success,,,,2148,SESS-CBE0602D86,REQ-2E0F51C103D1,2026-09-10 12:24:09+00:00
EVT-0002318,IF_ORIM_ORWMS_001,ORACLE_SCM,ORACLE_SCM,ESB,Sync,Success,,,,818,SESS-3C673C6654,REQ-E374B517A6E1,2026-09-10 08:48:20+00:00
EVT-0002321,IF_ORWMS_SAPQM_001,ORACLE_SCM,SAP_ERP,Kafka,Async,Success,,,,2630,SESS-F23020CA8E,REQ-5078D7337EC8,2026-09-14 03:28:57+00:00
EVT-0002322,IF_ORIM_SAPPROC_001,ORACLE_SCM,SAP_ERP,REST_API,REST,Retry,AUTHZ_403,Caller is not authorized,Authorization,6902,SESS-E41672A719,REQ-2FB989C529D8,2026-09-14 05:23:25+00:00
EVT-0002327,IF_ORIM_MESPE_001,ORACLE_SCM,MES,Kafka,Async,Retry,VAL_400,Required business field failed validation,Validation,3548,SESS-85505A74F9,REQ-97ED5D66B5B2,2026-09-13 05:57:24+00:00
EVT-0002338,IF_ORSC_ORIM_001,ORACLE_SCM,ORACLE_SCM,ESB,Sync,Success,,,,1628,SESS-13952B0A4B,REQ-4F1134AA9A5C,2026-09-12 19:39:18+00:00
EVT-0002339,IF_ORSC_SAPPP_001,ORACLE_SCM,SAP_ERP,Kafka,Async,Retry,CFG_017,Interface configuration mismatch,Configuration,4307,SESS-17766FE21E,REQ-635926BB8CC9,2026-09-10 21:55:33+00:00
EVT-0002346,IF_ORIM_ORWMS_001,ORACLE_SCM,ORACLE_SCM,ESB,Sync,Success,,,,845,SESS-72551AB3CA,REQ-1FFC7F7495B3,2026-09-16 18:31:04+00:00
EVT-0002350,IF_ORIM_MESPE_001,ORACLE_SCM,MES,Kafka,Async,Success,,,,1488,SESS-F99D92C8FC,REQ-273B94E9DDC0,2026-09-12 13:02:58+00:00
EVT-0002351,IF_ORIM_SAPPROC_001,ORACLE_SCM,SAP_ERP,REST_API,REST,Retry,VAL_400,Required business field failed validation,Validation,4438,SESS-3BB409F32B,REQ-CD937701C4BD,2026-09-10 11:26:33+00:00
EVT-0002352,IF_ORIM_MESPE_001,ORACLE_SCM,MES,Kafka,Async,Success,,,,1489,SESS-8A295FE516,REQ-AE43C2406238,2026-09-14 03:34:31+00:00
EVT-0002362,IF_ORIM_SAPPROC_001,ORACLE_SCM,SAP_ERP,REST_API,REST,Success,,,,2378,SESS-5D49879F09,REQ-FEE55B6F75CC,2026-09-13 20:14:00+00:00
EVT-0002365,IF_ORSC_SAPPP_001,ORACLE_SCM,SAP_ERP,Kafka,Async,Success,,,,2018,SESS-9A6EA42A9A,REQ-227970904240,2026-09-10 05:44:45+00:00
EVT-0002366,IF_ORIM_SAPPROC_001,ORACLE_SCM,SAP_ERP,REST_API,REST,Retry,TIME_004,Downstream response exceeded SLA,Timeout,6366,SESS-09C171C87D,REQ-81EA8A8D5457,2026-09-12 18:47:42+00:00
EVT-0002370,IF_ORWMS_SAPQM_001,ORACLE_SCM,SAP_ERP,Kafka,Async,Success,,,,1578,SESS-3E666F661D,REQ-3266152D98CB,2026-09-13 01:45:03+00:00
EVT-0002371,IF_ORSC_ORIM_001,ORACLE_SCM,ORACLE_SCM,ESB,Sync,Retry,AUTH_401,Service credential rejected,Authentication,3536,SESS-54C3527A28,REQ-1DED31762861,2026-09-13 07:45:12+00:00
EVT-0002372,IF_ORWMS_OROM_001,ORACLE_SCM,ORACLE_SCM,Kafka,Async,Success,,,,375,SESS-0A41FD8AAC,REQ-E5DB93C05441,2026-09-10 05:56:35+00:00
EVT-0002377,IF_ORWMS_OROM_001,ORACLE_SCM,ORACLE_SCM,Kafka,Async,Success,,,,911,SESS-5164508CEC,REQ-A0030F5EB46D,2026-09-10 11:52:18+00:00
EVT-0002378,IF_ORSC_SAPPP_001,ORACLE_SCM,SAP_ERP,Kafka,Async,Success,,,,919,SESS-37FAF87728,REQ-EC8A40617A29,2026-09-10 10:57:38+00:00
EVT-0002383,IF_ORWMS_OROM_001,ORACLE_SCM,ORACLE_SCM,Kafka,Async,Retry,INFRA_008,Runtime node unavailable,Infrastructure,3279,SESS-E250532448,REQ-33BBBF1B4205,2026-09-10 12:45:23+00:00
EVT-0002386,IF_ORIM_MESPE_001,ORACLE_SCM,MES,Kafka,Async,Retry,DB_COMMIT_014,Transaction commit failed,Database,2616,SESS-42B8AD4CCB,REQ-C94418CDB178,2026-09-16 20:39:17+00:00
EVT-0002388,IF_ORWMS_OROM_001,ORACLE_SCM,ORACLE_SCM,Kafka,Async,Success,,,,1290,SESS-2F293C73E6,REQ-4BB46DF892C3,2026-09-13 12:38:03+00:00
EVT-0002394,IF_ORIM_SAPPROC_001,ORACLE_SCM,SAP_ERP,REST_API,REST,Success,,,,1590,SESS-B7A2C048C7,REQ-8BE3F9850D27,2026-09-15 08:03:51+00:00
EVT-0002399,IF_ORIM_ORWMS_001,ORACLE_SCM,ORACLE_SCM,ESB,Sync,Success,,,,926,SESS-BB1AF619BB,REQ-C27A976EB483,2026-09-13 21:31:26+00:00
EVT-0002403,IF_ORSC_ORIM_001,ORACLE_SCM,ORACLE_SCM,ESB,Sync,Success,,,,1869,SESS-D87610DEE9,REQ-EC909F234440,2026-09-12 16:48:20+00:00
EVT-0002407,IF_OROM_CRMOM_001,ORACLE_SCM,CRM,REST_API,REST,Success,,,,1567,SESS-9CA4FCB3BE,REQ-70259E97EAA5,2026-09-11 21:15:34+00:00
EVT-0002408,IF_OROM_CRMOM_001,ORACLE_SCM,CRM,REST_API,REST,Success,,,,2327,SESS-4156355794,REQ-1E5A106CE089,2026-09-16 08:01:44+00:00
EVT-0002409,IF_ORIM_ORWMS_001,ORACLE_SCM,ORACLE_SCM,ESB,Sync,Success,,,,963,SESS-D58A2BAADE,REQ-7F796B0BC3C7,2026-09-10 22:38:13+00:00
EVT-0002411,IF_ORIM_ORWMS_001,ORACLE_SCM,ORACLE_SCM,ESB,Sync,Success,,,,957,SESS-F93E502563,REQ-ACDC30B32723,2026-09-13 00:54:56+00:00
EVT-0002418,IF_ORIM_ORWMS_001,ORACLE_SCM,ORACLE_SCM,ESB,Sync,Failed,VAL_400,Required business field failed validation,Validation,1480,SESS-00DB0995FE,REQ-ED6B137249BA,2026-09-14 22:08:21+00:00
EVT-0002420,IF_ORWMS_SAPQM_001,ORACLE_SCM,SAP_ERP,Kafka,Async,Success,,,,1772,SESS-1690E7F152,REQ-A0B8DD4BB1C7,2026-09-16 08:03:25+00:00
EVT-0002424,IF_ORIM_ORWMS_001,ORACLE_SCM,ORACLE_SCM,ESB,Sync,Success,,,,971,SESS-BF103A8E2F,REQ-A45BDA114067,2026-09-12 04:49:29+00:00
EVT-0002427,IF_ORWMS_OROM_001,ORACLE_SCM,ORACLE_SCM,Kafka,Async,Success,,,,1783,SESS-7EEDE5F80E,REQ-32C65C9687F2,2026-09-16 23:49:35+00:00
EVT-0002430,IF_OROM_CRMOM_001,ORACLE_SCM,CRM,REST_API,REST,Success,,,,1704,SESS-6C8A6905DB,REQ-05544F0F8691,2026-09-15 14:04:50+00:00
EVT-0002435,IF_ORIM_ORWMS_001,ORACLE_SCM,ORACLE_SCM,ESB,Sync,Success,,,,969,SESS-9CBAE44F92,REQ-5878CB1A9DE5,2026-09-16 14:41:25+00:00
EVT-0002439,IF_OROM_CRMOM_001,ORACLE_SCM,CRM,REST_API,REST,Success,,,,1324,SESS-512E2E7F1F,REQ-D2C1406F0A96,2026-09-12 23:40:24+00:00
EVT-0002440,IF_ORWMS_OROM_001,ORACLE_SCM,ORACLE_SCM,Kafka,Async,Success,,,,1202,SESS-0A7B4995AE,REQ-FA710C1CF3FA,2026-09-10 01:36:59+00:00
EVT-0002442,IF_ORWMS_SAPQM_001,ORACLE_SCM,SAP_ERP,Kafka,Async,Success,,,,2758,SESS-7281827290,REQ-2980768C0588,2026-09-14 07:26:47+00:00
EVT-0002450,IF_ORSC_ORIM_001,ORACLE_SCM,ORACLE_SCM,ESB,Sync,Success,,,,2039,SESS-E457A1B3DC,REQ-93A4ED15FDE0,2026-09-10 00:16:24+00:00
EVT-0002452,IF_ORWMS_OROM_001,ORACLE_SCM,ORACLE_SCM,Kafka,Async,Failed,DB_COMMIT_014,Transaction commit failed,Database,11360,SESS-50AA6BD8E0,REQ-D6A09FF5B915,2026-09-14 01:28:43+00:00
EVT-0002453,IF_ORSC_ORIM_001,ORACLE_SCM,ORACLE_SCM,ESB,Sync,Success,,,,1664,SESS-8CE01D6FF2,REQ-59F3B37B9E08,2026-09-12 13:36:56+00:00
EVT-0002457,IF_ORSC_ORIM_001,ORACLE_SCM,ORACLE_SCM,ESB,Sync,Success,,,,3016,SESS-371A6E3D3C,REQ-A4E2DFFDFDBF,2026-09-12 12:05:35+00:00
EVT-0002458,IF_ORIM_ORWMS_001,ORACLE_SCM,ORACLE_SCM,ESB,Sync,Success,,,,943,SESS-44D19F2FEF,REQ-86CE73580060,2026-09-10 03:59:53+00:00
EVT-0002459,IF_ORIM_ORWMS_001,ORACLE_SCM,ORACLE_SCM,ESB,Sync,Success,,,,1024,SESS-6BF6478A1E,REQ-B726BDBCC52C,2026-09-13 16:14:48+00:00
EVT-0002467,IF_ORWMS_SAPQM_001,ORACLE_SCM,SAP_ERP,Kafka,Async,Success,,,,2095,SESS-292B1EF413,REQ-F67021194EEF,2026-09-15 08:15:06+00:00
EVT-0002476,IF_ORSC_SAPPP_001,ORACLE_SCM,SAP_ERP,Kafka,Async,Success,,,,1373,SESS-DAFC4381A7,REQ-81E712C86DD5,2026-09-13 22:01:11+00:00
EVT-0002478,IF_ORSC_SAPPP_001,ORACLE_SCM,SAP_ERP,Kafka,Async,Success,,,,1368,SESS-26F5E81944,REQ-CF3664A336A3,2026-09-16 20:46:19+00:00
EVT-0002481,IF_ORIM_SAPPROC_001,ORACLE_SCM,SAP_ERP,REST_API,REST,Success,,,,2023,SESS-1070E49B84,REQ-6E90DE917377,2026-09-12 00:27:44+00:00
EVT-0002485,IF_ORSC_SAPPP_001,ORACLE_SCM,SAP_ERP,Kafka,Async,Success,,,,1675,SESS-796C31165F,REQ-E723B7C4606F,2026-09-10 23:21:11+00:00
EVT-0002488,IF_ORSC_ORIM_001,ORACLE_SCM,ORACLE_SCM,ESB,Sync,Success,,,,1754,SESS-229022B969,REQ-C365A69D290C,2026-09-12 14:44:24+00:00
EVT-0002491,IF_ORIM_SAPPROC_001,ORACLE_SCM,SAP_ERP,REST_API,REST,Success,,,,2980,SESS-D56204EB73,REQ-62A3F8EDC322,2026-09-11 23:43:06+00:00
EVT-0002493,IF_ORIM_ORWMS_001,ORACLE_SCM,ORACLE_SCM,ESB,Sync,Failed,EXT_502,Downstream service returned 502,External Service,7833,SESS-7FE3C07915,REQ-8E761C505AEC,2026-09-12 17:52:49+00:00
EVT-0002495,IF_ORWMS_OROM_001,ORACLE_SCM,ORACLE_SCM,Kafka,Async,Success,,,,1067,SESS-5D00256114,REQ-537B6DF5D6A7,2026-09-15 16:12:30+00:00
EVT-0002496,IF_ORIM_ORWMS_001,ORACLE_SCM,ORACLE_SCM,ESB,Sync,Retry,DB_COMMIT_014,Transaction commit failed,Database,2101,SESS-82733E9CB1,REQ-0DB29338E008,2026-09-15 12:48:35+00:00
EVT-0002497,IF_ORIM_MESPE_001,ORACLE_SCM,MES,Kafka,Async,Success,,,,1178,SESS-336EFE4084,REQ-CF6FFF737C90,2026-09-13 18:58:20+00:00
EVT-0002500,IF_ORSC_SAPPP_001,ORACLE_SCM,SAP_ERP,Kafka,Async,Success,,,,1116,SESS-F24BDDD3BB,REQ-095F566FA25A,2026-09-13 04:50:30+00:00
EVT-0002501,IF_ORIM_ORWMS_001,ORACLE_SCM,ORACLE_SCM,ESB,Sync,Success,,,,1361,SESS-1B969D3F69,REQ-68FDD3FEE993,2026-09-16 20:06:58+00:00
EVT-0002502,IF_ORWMS_OROM_001,ORACLE_SCM,ORACLE_SCM,Kafka,Async,Success,,,,1457,SESS-DD78A20D2A,REQ-A31BCDB4F8E9,2026-09-14 05:45:25+00:00
EVT-0002504,IF_ORSC_SAPPP_001,ORACLE_SCM,SAP_ERP,Kafka,Async,Success,,,,733,SESS-9343FC963F,REQ-CA3113D572CE,2026-09-11 16:34:50+00:00
EVT-0002512,IF_ORIM_ORWMS_001,ORACLE_SCM,ORACLE_SCM,ESB,Sync,Success,,,,1023,SESS-6384ABA2FA,REQ-FABF7D0F34D3,2026-09-14 07:16:44+00:00
EVT-0002515,IF_ORSC_SAPPP_001,ORACLE_SCM,SAP_ERP,Kafka,Async,Success,,,,1466,SESS-13ED1AE2F3,REQ-25AC48CB6F84,2026-09-16 09:20:28+00:00
EVT-0002516,IF_ORWMS_OROM_001,ORACLE_SCM,ORACLE_SCM,Kafka,Async,Success,,,,1438,SESS-CBCDAC8F66,REQ-24B19C0C5712,2026-09-13 16:27:08+00:00
EVT-0002518,IF_ORIM_SAPPROC_001,ORACLE_SCM,SAP_ERP,REST_API,REST,Success,,,,2368,SESS-A4ECDF7BCB,REQ-24F42E183D36,2026-09-16 18:05:03+00:00
EVT-0002522,IF_ORSC_SAPPP_001,ORACLE_SCM,SAP_ERP,Kafka,Async,Success,,,,1053,SESS-11DA187639,REQ-78AB267B5618,2026-09-16 16:55:43+00:00
EVT-0002533,IF_ORWMS_OROM_001,ORACLE_SCM,ORACLE_SCM,Kafka,Async,Success,,,,1569,SESS-C6008B8954,REQ-073C220B61FB,2026-09-16 11:00:04+00:00
EVT-0002535,IF_ORIM_MESPE_001,ORACLE_SCM,MES,Kafka,Async,Failed,AUTHZ_403,Caller is not authorized,Authorization,8786,SESS-7D8F95B1B4,REQ-B401B2400926,2026-09-11 22:41:22+00:00
EVT-0002537,IF_ORIM_ORWMS_001,ORACLE_SCM,ORACLE_SCM,ESB,Sync,Failed,AUTHZ_403,Caller is not authorized,Authorization,3317,SESS-3B375808C6,REQ-5CFDFD4A55F8,2026-09-15 15:16:13+00:00
EVT-0002541,IF_ORIM_SAPPROC_001,ORACLE_SCM,SAP_ERP,REST_API,REST,Retry,CFG_017,Interface configuration mismatch,Configuration,4063,SESS-B2B5A1C998,REQ-1CA5ABACBE19,2026-09-11 22:03:32+00:00
EVT-0002549,IF_OROM_CRMOM_001,ORACLE_SCM,CRM,REST_API,REST,Success,,,,2051,SESS-EABD0E055F,REQ-38A98DDC659C,2026-09-12 14:34:37+00:00
EVT-0002552,IF_ORWMS_OROM_001,ORACLE_SCM,ORACLE_SCM,Kafka,Async,Success,,,,1288,SESS-A9DF2A8D29,REQ-DBF005473914,2026-09-10 23:21:22+00:00
EVT-0002556,IF_ORIM_SAPPROC_001,ORACLE_SCM,SAP_ERP,REST_API,REST,Success,,,,1376,SESS-9787139482,REQ-C1F591500227,2026-09-13 20:25:20+00:00
EVT-0002557,IF_ORSC_SAPPP_001,ORACLE_SCM,SAP_ERP,Kafka,Async,Success,,,,1808,SESS-3EB641DB26,REQ-A0B36BD5E5DE,2026-09-10 03:48:09+00:00
EVT-0002558,IF_ORIM_ORWMS_001,ORACLE_SCM,ORACLE_SCM,ESB,Sync,Success,,,,907,SESS-B3182D4FF6,REQ-C55287268982,2026-09-15 17:28:21+00:00
EVT-0002560,IF_OROM_CRMOM_001,ORACLE_SCM,CRM,REST_API,REST,Retry,INFRA_008,Runtime node unavailable,Infrastructure,5092,SESS-6C62024267,REQ-AA194AA12175,2026-09-15 22:55:40+00:00
EVT-0002561,IF_ORSC_SAPPP_001,ORACLE_SCM,SAP_ERP,Kafka,Async,Success,,,,1465,SESS-1E4C245C96,REQ-D689F98D1EC4,2026-09-13 10:49:49+00:00
EVT-0002565,IF_ORIM_MESPE_001,ORACLE_SCM,MES,Kafka,Async,Retry,INFRA_008,Runtime node unavailable,Infrastructure,2257,SESS-3B09DB161C,REQ-CA1307AEAF63,2026-09-10 00:35:45+00:00
EVT-0002567,IF_ORSC_SAPPP_001,ORACLE_SCM,SAP_ERP,Kafka,Async,Success,,,,1276,SESS-ABF5BE6A87,REQ-9F53223EF6FE,2026-09-16 21:42:06+00:00
EVT-0002579,IF_ORWMS_SAPQM_001,ORACLE_SCM,SAP_ERP,Kafka,Async,Success,,,,1594,SESS-4B4896CCF3,REQ-BDAF9FB3AEFF,2026-09-13 15:25:18+00:00
EVT-0002585,IF_ORIM_ORWMS_001,ORACLE_SCM,ORACLE_SCM,ESB,Sync,Retry,NET_CONN_003,Connection reset by peer,Network,3334,SESS-281626CF7D,REQ-8DF2DA713DC7,2026-09-12 21:07:47+00:00
EVT-0002589,IF_ORIM_SAPPROC_001,ORACLE_SCM,SAP_ERP,REST_API,REST,Success,,,,3075,SESS-606B6A66D4,REQ-CA7BA8F67ED5,2026-09-10 18:54:41+00:00
EVT-0002594,IF_ORIM_SAPPROC_001,ORACLE_SCM,SAP_ERP,REST_API,REST,Retry,TIME_004,Downstream response exceeded SLA,Timeout,5434,SESS-55AB50865D,REQ-7979851BC1EE,2026-09-16 19:59:26+00:00
EVT-0002600,IF_ORSC_SAPPP_001,ORACLE_SCM,SAP_ERP,Kafka,Async,Success,,,,1234,SESS-CC7E37FA86,REQ-86B40AB1011C,2026-09-15 18:21:15+00:00
EVT-0002602,IF_ORSC_ORIM_001,ORACLE_SCM,ORACLE_SCM,ESB,Sync,Success,,,,2738,SESS-93C0B482AB,REQ-5191DD5EBC01,2026-09-15 21:14:58+00:00
EVT-0002603,IF_ORSC_SAPPP_001,ORACLE_SCM,SAP_ERP,Kafka,Async,Failed,EXT_502,Downstream service returned 502,External Service,7313,SESS-1B7C7E0DE7,REQ-1506F48764E5,2026-09-12 07:51:18+00:00
EVT-0002604,IF_OROM_CRMOM_001,ORACLE_SCM,CRM,REST_API,REST,Success,,,,1620,SESS-6484CEC9DD,REQ-8021949673BB,2026-09-10 20:52:49+00:00
EVT-0002609,IF_ORSC_SAPPP_001,ORACLE_SCM,SAP_ERP,Kafka,Async,Success,,,,982,SESS-2BA22B6D32,REQ-756EA91936F5,2026-09-11 10:09:29+00:00
EVT-0002610,IF_ORWMS_OROM_001,ORACLE_SCM,ORACLE_SCM,Kafka,Async,Success,,,,1772,SESS-630BB17750,REQ-37C8DDA53F07,2026-09-14 20:26:04+00:00
EVT-0002618,IF_ORWMS_SAPQM_001,ORACLE_SCM,SAP_ERP,Kafka,Async,Success,,,,2340,SESS-3E0A80BA1D,REQ-2511C5655FD7,2026-09-12 22:38:32+00:00
EVT-0002619,IF_ORSC_ORIM_001,ORACLE_SCM,ORACLE_SCM,ESB,Sync,Success,,,,3293,SESS-B3B93311F4,REQ-DCE10F47CFD3,2026-09-14 01:26:37+00:00
EVT-0002621,IF_ORSC_ORIM_001,ORACLE_SCM,ORACLE_SCM,ESB,Sync,Success,,,,2711,SESS-A9C25DBE84,REQ-244AE771395E,2026-09-12 12:05:44+00:00
EVT-0002622,IF_ORIM_SAPPROC_001,ORACLE_SCM,SAP_ERP,REST_API,REST,Success,,,,2442,SESS-C672FE6220,REQ-0C24BA3395AB,2026-09-14 12:47:29+00:00
EVT-0002624,IF_ORSC_ORIM_001,ORACLE_SCM,ORACLE_SCM,ESB,Sync,Success,,,,2290,SESS-27286A4FF7,REQ-F1E44EFEA36F,2026-09-14 10:20:37+00:00
EVT-0002630,IF_ORIM_SAPPROC_001,ORACLE_SCM,SAP_ERP,REST_API,REST,Success,,,,1986,SESS-6286D0A6E5,REQ-725C68151AFC,2026-09-15 18:24:18+00:00
EVT-0002634,IF_ORIM_ORWMS_001,ORACLE_SCM,ORACLE_SCM,ESB,Sync,Success,,,,1030,SESS-ABABFF3FD7,REQ-CE62C2D6AD67,2026-09-16 23:31:06+00:00
EVT-0002636,IF_ORIM_ORWMS_001,ORACLE_SCM,ORACLE_SCM,ESB,Sync,Success,,,,621,SESS-E288AD4443,REQ-FE0B14871E10,2026-09-10 15:51:48+00:00
EVT-0002647,IF_ORWMS_OROM_001,ORACLE_SCM,ORACLE_SCM,Kafka,Async,Success,,,,1490,SESS-EEAFBB1D8B,REQ-44F6BBE4EC9D,2026-09-10 07:41:29+00:00
EVT-0002648,IF_ORIM_SAPPROC_001,ORACLE_SCM,SAP_ERP,REST_API,REST,Success,,,,2046,SESS-7D756C25B4,REQ-11D8808916F6,2026-09-13 20:29:13+00:00
EVT-0002649,IF_ORSC_SAPPP_001,ORACLE_SCM,SAP_ERP,Kafka,Async,Retry,CAP_003,Downstream service is at capacity,Capacity,2310,SESS-F037CF33BB,REQ-F5B0149F6706,2026-09-15 05:02:01+00:00
EVT-0002651,IF_ORIM_SAPPROC_001,ORACLE_SCM,SAP_ERP,REST_API,REST,Retry,INFRA_008,Runtime node unavailable,Infrastructure,4931,SESS-081F707AFE,REQ-430BB0DC8F4C,2026-09-15 04:29:32+00:00
EVT-0002654,IF_OROM_CRMOM_001,ORACLE_SCM,CRM,REST_API,REST,Success,,,,2312,SESS-5741D1DA2B,REQ-1C358DFA835D,2026-09-13 15:20:02+00:00
EVT-0002663,IF_ORWMS_OROM_001,ORACLE_SCM,ORACLE_SCM,Kafka,Async,Success,,,,1437,SESS-073F2150C4,REQ-CBEE0B3F92A8,2026-09-14 03:27:01+00:00
EVT-0002667,IF_ORIM_SAPPROC_001,ORACLE_SCM,SAP_ERP,REST_API,REST,Retry,AUTH_401,Service credential rejected,Authentication,8518,SESS-4DBD98E8A5,REQ-1CBA237003DE,2026-09-15 15:17:21+00:00
EVT-0002673,IF_ORIM_MESPE_001,ORACLE_SCM,MES,Kafka,Async,Success,,,,977,SESS-DEE135161D,REQ-3F5D6D6A42BF,2026-09-10 20:09:04+00:00
EVT-0002681,IF_ORSC_SAPPP_001,ORACLE_SCM,SAP_ERP,Kafka,Async,Success,,,,894,SESS-EBB59132C8,REQ-30FABD7F66EB,2026-09-16 09:17:22+00:00
EVT-0002685,IF_ORIM_MESPE_001,ORACLE_SCM,MES,Kafka,Async,Success,,,,1293,SESS-3A946B8A33,REQ-AE83C419C3A1,2026-09-13 18:35:52+00:00
EVT-0002688,IF_ORWMS_OROM_001,ORACLE_SCM,ORACLE_SCM,Kafka,Async,Success,,,,919,SESS-FF14D87259,REQ-B70AAA6A678A,2026-09-11 05:09:41+00:00
EVT-0002695,IF_ORIM_ORWMS_001,ORACLE_SCM,ORACLE_SCM,ESB,Sync,Success,,,,1031,SESS-2606BDB770,REQ-16ED256299C2,2026-09-15 04:38:19+00:00
EVT-0002699,IF_ORIM_SAPPROC_001,ORACLE_SCM,SAP_ERP,REST_API,REST,Retry,NET_CONN_003,Connection reset by peer,Network,5963,SESS-946F510AFF,REQ-61878AB26258,2026-09-16 01:14:04+00:00
EVT-0002703,IF_ORSC_ORIM_001,ORACLE_SCM,ORACLE_SCM,ESB,Sync,Success,,,,1623,SESS-7FEF46179A,REQ-F1D6BAFAA8F4,2026-09-13 01:44:28+00:00
EVT-0002704,IF_ORWMS_OROM_001,ORACLE_SCM,ORACLE_SCM,Kafka,Async,Success,,,,1291,SESS-58A8E07A9F,REQ-2E18B521F2DD,2026-09-11 09:28:59+00:00
EVT-0002705,IF_ORWMS_OROM_001,ORACLE_SCM,ORACLE_SCM,Kafka,Async,Success,,,,1760,SESS-32E013B02E,REQ-1EEC05E95D22,2026-09-15 14:58:24+00:00
EVT-0002707,IF_ORIM_MESPE_001,ORACLE_SCM,MES,Kafka,Async,Success,,,,1440,SESS-10F6AC3BE6,REQ-E2158CF3663F,2026-09-16 17:56:41+00:00
EVT-0002710,IF_ORIM_ORWMS_001,ORACLE_SCM,ORACLE_SCM,ESB,Sync,Success,,,,850,SESS-EB7D50B3FF,REQ-E7BE2B076D0F,2026-09-14 12:30:01+00:00
EVT-0002717,IF_ORSC_SAPPP_001,ORACLE_SCM,SAP_ERP,Kafka,Async,Failed,DB_COMMIT_014,Transaction commit failed,Database,2468,SESS-D38BAFDF8A,REQ-C1F3FE968942,2026-09-14 01:58:59+00:00
EVT-0002718,IF_ORWMS_OROM_001,ORACLE_SCM,ORACLE_SCM,Kafka,Async,Success,,,,1530,SESS-978619CBE0,REQ-DF5252FA5911,2026-09-15 01:29:37+00:00
EVT-0002725,IF_ORSC_SAPPP_001,ORACLE_SCM,SAP_ERP,Kafka,Async,Retry,TIME_004,Downstream response exceeded SLA,Timeout,3022,SESS-1A8C57FD53,REQ-1316D4805622,2026-09-10 00:51:03+00:00
EVT-0002727,IF_ORSC_SAPPP_001,ORACLE_SCM,SAP_ERP,Kafka,Async,Failed,AUTH_401,Service credential rejected,Authentication,3620,SESS-C2645CBAA8,REQ-FA70C9606E50,2026-09-15 22:14:30+00:00
EVT-0002735,IF_ORIM_ORWMS_001,ORACLE_SCM,ORACLE_SCM,ESB,Sync,Success,,,,814,SESS-E594697A59,REQ-F3F86DC0F455,2026-09-16 06:13:15+00:00
EVT-0002736,IF_ORSC_SAPPP_001,ORACLE_SCM,SAP_ERP,Kafka,Async,Success,,,,1402,SESS-0555C28F4C,REQ-7E4B56DEF26A,2026-09-11 07:14:31+00:00
EVT-0002737,IF_ORIM_MESPE_001,ORACLE_SCM,MES,Kafka,Async,Success,,,,1530,SESS-144F298E0B,REQ-820A8E949C3D,2026-09-14 08:23:12+00:00
EVT-0002738,IF_ORIM_ORWMS_001,ORACLE_SCM,ORACLE_SCM,ESB,Sync,Success,,,,969,SESS-46242FA4EB,REQ-6205BF95ACA0,2026-09-13 09:03:32+00:00
EVT-0002739,IF_ORSC_ORIM_001,ORACLE_SCM,ORACLE_SCM,ESB,Sync,Success,,,,2211,SESS-6925A70498,REQ-C12E28102B36,2026-09-16 07:36:10+00:00
EVT-0002740,IF_ORSC_ORIM_001,ORACLE_SCM,ORACLE_SCM,ESB,Sync,Success,,,,2473,SESS-698981303E,REQ-0218F3202E20,2026-09-11 23:35:36+00:00
EVT-0002741,IF_ORIM_MESPE_001,ORACLE_SCM,MES,Kafka,Async,Success,,,,1789,SESS-0552B410D4,REQ-9705CE9F2520,2026-09-10 02:43:18+00:00
EVT-0002752,IF_ORIM_SAPPROC_001,ORACLE_SCM,SAP_ERP,REST_API,REST,Retry,VAL_400,Required business field failed validation,Validation,6289,SESS-61F42E9A9B,REQ-1C8676A8713C,2026-09-16 03:24:11+00:00
EVT-0002757,IF_ORIM_MESPE_001,ORACLE_SCM,MES,Kafka,Async,Success,,,,698,SESS-D1BE8D278D,REQ-5F291608602E,2026-09-11 20:43:00+00:00
EVT-0002759,IF_ORIM_ORWMS_001,ORACLE_SCM,ORACLE_SCM,ESB,Sync,Success,,,,985,SESS-13785B95FF,REQ-E79E953BC17A,2026-09-13 22:29:49+00:00
EVT-0002763,IF_ORSC_SAPPP_001,ORACLE_SCM,SAP_ERP,Kafka,Async,Success,,,,934,SESS-7E2ED68073,REQ-4C9CC210B8B6,2026-09-16 01:31:02+00:00
EVT-0002765,IF_ORSC_SAPPP_001,ORACLE_SCM,SAP_ERP,Kafka,Async,Success,,,,1614,SESS-B616AC539D,REQ-82B1B66D3F9F,2026-09-16 03:50:26+00:00
EVT-0002770,IF_ORWMS_OROM_001,ORACLE_SCM,ORACLE_SCM,Kafka,Async,Success,,,,1697,SESS-373E732C9D,REQ-E086722D5DF5,2026-09-16 21:39:24+00:00
EVT-0002774,IF_ORIM_MESPE_001,ORACLE_SCM,MES,Kafka,Async,Retry,TIME_004,Downstream response exceeded SLA,Timeout,4798,SESS-5113206800,REQ-670275E425C0,2026-09-10 18:57:20+00:00
EVT-0002777,IF_ORIM_MESPE_001,ORACLE_SCM,MES,Kafka,Async,Success,,,,1188,SESS-D103B5C66C,REQ-D4596C2586A5,2026-09-11 00:46:20+00:00
EVT-0002778,IF_ORIM_MESPE_001,ORACLE_SCM,MES,Kafka,Async,Retry,AUTHZ_403,Caller is not authorized,Authorization,2377,SESS-D8A70E6A2C,REQ-B0B8EF405907,2026-09-12 08:52:01+00:00
EVT-0002779,IF_OROM_CRMOM_001,ORACLE_SCM,CRM,REST_API,REST,Success,,,,2599,SESS-C341AF37A9,REQ-25B5A3FE8349,2026-09-10 01:11:35+00:00
EVT-0002781,IF_ORIM_ORWMS_001,ORACLE_SCM,ORACLE_SCM,ESB,Sync,Success,,,,689,SESS-9BF1714736,REQ-6B183C503D92,2026-09-11 20:21:35+00:00
EVT-0002794,IF_ORWMS_OROM_001,ORACLE_SCM,ORACLE_SCM,Kafka,Async,Success,,,,1460,SESS-684434CF73,REQ-B0BF3B7B9F80,2026-09-12 05:21:44+00:00
EVT-0002795,IF_OROM_CRMOM_001,ORACLE_SCM,CRM,REST_API,REST,Success,,,,2498,SESS-B58874576B,REQ-F27769D3374F,2026-09-16 10:00:09+00:00
EVT-0002803,IF_ORIM_SAPPROC_001,ORACLE_SCM,SAP_ERP,REST_API,REST,Success,,,,2846,SESS-8CC36160EB,REQ-78C44589BA76,2026-09-10 06:57:40+00:00
EVT-0002804,IF_ORSC_ORIM_001,ORACLE_SCM,ORACLE_SCM,ESB,Sync,Failed,VAL_400,Required business field failed validation,Validation,4825,SESS-D84FF6C939,REQ-1A1C6EBE64C9,2026-09-10 21:38:32+00:00
EVT-0002806,IF_ORSC_ORIM_001,ORACLE_SCM,ORACLE_SCM,ESB,Sync,Success,,,,2714,SESS-8C7BE7641B,REQ-CB7E14042099,2026-09-14 23:28:25+00:00
EVT-0002809,IF_ORIM_SAPPROC_001,ORACLE_SCM,SAP_ERP,REST_API,REST,Success,,,,2347,SESS-7D528516E5,REQ-E0D2E9A36E31,2026-09-15 00:34:32+00:00
EVT-0002812,IF_ORSC_SAPPP_001,ORACLE_SCM,SAP_ERP,Kafka,Async,Success,,,,1449,SESS-03A453746A,REQ-F691F027FC3D,2026-09-13 20:03:01+00:00
EVT-0002813,IF_ORSC_ORIM_001,ORACLE_SCM,ORACLE_SCM,ESB,Sync,Success,,,,2836,SESS-F4361DC7A1,REQ-B1B50626D072,2026-09-16 21:06:22+00:00
EVT-0002817,IF_ORWMS_SAPQM_001,ORACLE_SCM,SAP_ERP,Kafka,Async,Success,,,,2505,SESS-1DC0345A08,REQ-4FB67475B5D8,2026-09-15 09:24:36+00:00
EVT-0002828,IF_OROM_CRMOM_001,ORACLE_SCM,CRM,REST_API,REST,Retry,AUTH_401,Service credential rejected,Authentication,5009,SESS-C1B65B6236,REQ-858054A56563,2026-09-12 11:13:19+00:00
EVT-0002832,IF_ORIM_ORWMS_001,ORACLE_SCM,ORACLE_SCM,ESB,Sync,Success,,,,1070,SESS-9EDEC267A8,REQ-3D3D26CEE5D1,2026-09-12 18:42:20+00:00
EVT-0002833,IF_ORIM_SAPPROC_001,ORACLE_SCM,SAP_ERP,REST_API,REST,Success,,,,1710,SESS-DE580BFD27,REQ-30CD8FDC7C96,2026-09-14 15:50:55+00:00
EVT-0002834,IF_ORSC_SAPPP_001,ORACLE_SCM,SAP_ERP,Kafka,Async,Success,,,,1388,SESS-9D21FD4C2C,REQ-71404F67A862,2026-09-13 09:31:54+00:00
EVT-0002840,IF_ORWMS_OROM_001,ORACLE_SCM,ORACLE_SCM,Kafka,Async,Success,,,,825,SESS-E580AC744D,REQ-39255AABB3F2,2026-09-11 11:27:29+00:00
EVT-0002846,IF_ORIM_ORWMS_001,ORACLE_SCM,ORACLE_SCM,ESB,Sync,Success,,,,1207,SESS-570CE81859,REQ-3805699BDFE4,2026-09-14 09:02:50+00:00
EVT-0002850,IF_ORSC_SAPPP_001,ORACLE_SCM,SAP_ERP,Kafka,Async,Success,,,,897,SESS-BA0687C6B6,REQ-5F216D46BAD6,2026-09-16 16:39:41+00:00
EVT-0002853,IF_ORSC_ORIM_001,ORACLE_SCM,ORACLE_SCM,ESB,Sync,Success,,,,2163,SESS-250D655142,REQ-AB368D0E7476,2026-09-15 06:10:09+00:00
EVT-0002860,IF_OROM_CRMOM_001,ORACLE_SCM,CRM,REST_API,REST,Success,,,,2081,SESS-4E7E955AE5,REQ-C6FEFAE3471E,2026-09-12 01:00:49+00:00
EVT-0002861,IF_ORWMS_OROM_001,ORACLE_SCM,ORACLE_SCM,Kafka,Async,Failed,AUTHZ_403,Caller is not authorized,Authorization,10836,SESS-A85461E410,REQ-9474022AC5F9,2026-09-13 12:41:34+00:00
EVT-0002868,IF_OROM_CRMOM_001,ORACLE_SCM,CRM,REST_API,REST,Success,,,,2040,SESS-B4BEB5CCC8,REQ-DD9B44A43951,2026-09-11 06:46:55+00:00
EVT-0002869,IF_ORWMS_OROM_001,ORACLE_SCM,ORACLE_SCM,Kafka,Async,Success,,,,1235,SESS-00A6634797,REQ-1F74F69C7D59,2026-09-16 09:34:50+00:00
EVT-0002870,IF_OROM_CRMOM_001,ORACLE_SCM,CRM,REST_API,REST,Retry,AUTH_401,Service credential rejected,Authentication,7683,SESS-47966267CC,REQ-DF43ABB36DD4,2026-09-10 11:08:58+00:00
EVT-0002876,IF_ORSC_ORIM_001,ORACLE_SCM,ORACLE_SCM,ESB,Sync,Success,,,,2599,SESS-5DDBD052AB,REQ-45D860B8C1B8,2026-09-15 17:26:55+00:00
EVT-0002882,IF_ORIM_SAPPROC_001,ORACLE_SCM,SAP_ERP,REST_API,REST,Success,,,,1509,SESS-1C568C746A,REQ-FD7BCEF9569F,2026-09-15 04:48:28+00:00
EVT-0002884,IF_ORSC_ORIM_001,ORACLE_SCM,ORACLE_SCM,ESB,Sync,Success,,,,1989,SESS-FFE323616A,REQ-F01A829F9539,2026-09-13 09:53:36+00:00
EVT-0002887,IF_ORWMS_OROM_001,ORACLE_SCM,ORACLE_SCM,Kafka,Async,Success,,,,1572,SESS-139E11738F,REQ-C3A27007C94E,2026-09-14 14:14:18+00:00
EVT-0002888,IF_ORIM_MESPE_001,ORACLE_SCM,MES,Kafka,Async,Retry,VAL_400,Required business field failed validation,Validation,3131,SESS-FCA0702E79,REQ-8DBE28DAA802,2026-09-12 13:20:45+00:00
EVT-0002890,IF_ORSC_SAPPP_001,ORACLE_SCM,SAP_ERP,Kafka,Async,Success,,,,1233,SESS-9DD23AD398,REQ-A3BCAC085DF6,2026-09-16 02:25:21+00:00
EVT-0002899,IF_ORIM_ORWMS_001,ORACLE_SCM,ORACLE_SCM,ESB,Sync,Success,,,,984,SESS-81565B2F14,REQ-20F4872C649B,2026-09-14 16:25:51+00:00
EVT-0002906,IF_ORIM_MESPE_001,ORACLE_SCM,MES,Kafka,Async,Success,,,,1527,SESS-870B9A5322,REQ-CA5AA90A1EFD,2026-09-15 11:54:47+00:00
EVT-0002907,IF_ORIM_MESPE_001,ORACLE_SCM,MES,Kafka,Async,Success,,,,770,SESS-54CB0739D6,REQ-59CB9831B483,2026-09-13 00:02:23+00:00
EVT-0002908,IF_ORSC_SAPPP_001,ORACLE_SCM,SAP_ERP,Kafka,Async,Retry,DB_COMMIT_014,Transaction commit failed,Database,3811,SESS-622AFD0AB5,REQ-11E5620F7086,2026-09-12 05:05:55+00:00
EVT-0002910,IF_ORIM_SAPPROC_001,ORACLE_SCM,SAP_ERP,REST_API,REST,Retry,EXT_502,Downstream service returned 502,External Service,5966,SESS-1DB4D7B389,REQ-B6DE8ACE167E,2026-09-15 03:55:47+00:00
EVT-0002916,IF_ORIM_SAPPROC_001,ORACLE_SCM,SAP_ERP,REST_API,REST,Success,,,,2460,SESS-4E7ED24BC2,REQ-09D031E81427,2026-09-11 23:57:53+00:00
EVT-0002920,IF_OROM_CRMOM_001,ORACLE_SCM,CRM,REST_API,REST,Success,,,,2287,SESS-8C1383F96E,REQ-7CD87BE84D80,2026-09-16 07:31:21+00:00
EVT-0002922,IF_ORIM_SAPPROC_001,ORACLE_SCM,SAP_ERP,REST_API,REST,Retry,CAP_003,Downstream service is at capacity,Capacity,7208,SESS-D53B99268D,REQ-9E5C757EDA5F,2026-09-12 16:12:16+00:00
EVT-0002925,IF_ORSC_ORIM_001,ORACLE_SCM,ORACLE_SCM,ESB,Sync,Success,,,,2808,SESS-AA7E38ABB4,REQ-DE6B250CC78B,2026-09-16 05:46:14+00:00
EVT-0002929,IF_ORSC_SAPPP_001,ORACLE_SCM,SAP_ERP,Kafka,Async,Success,,,,1087,SESS-A7D638B4EE,REQ-76129237A8A2,2026-09-14 23:46:23+00:00
EVT-0002935,IF_ORIM_ORWMS_001,ORACLE_SCM,ORACLE_SCM,ESB,Sync,Success,,,,672,SESS-636669F5B6,REQ-E7AB3F3A9016,2026-09-11 06:30:53+00:00
EVT-0002942,IF_ORIM_SAPPROC_001,ORACLE_SCM,SAP_ERP,REST_API,REST,Success,,,,2676,SESS-2C3DBA6A42,REQ-8A384EF01114,2026-09-16 03:34:39+00:00
EVT-0002943,IF_OROM_CRMOM_001,ORACLE_SCM,CRM,REST_API,REST,Success,,,,2197,SESS-BE2D0EE86D,REQ-F7C19BDF8EEB,2026-09-16 10:38:30+00:00
EVT-0002954,IF_ORIM_SAPPROC_001,ORACLE_SCM,SAP_ERP,REST_API,REST,Success,,,,3270,SESS-33854452E6,REQ-A2197D26C77B,2026-09-10 18:37:26+00:00
EVT-0002959,IF_ORSC_SAPPP_001,ORACLE_SCM,SAP_ERP,Kafka,Async,Success,,,,1762,SESS-090B3B9A38,REQ-72DFB8FD47D3,2026-09-14 16:17:55+00:00
EVT-0002960,IF_ORSC_ORIM_001,ORACLE_SCM,ORACLE_SCM,ESB,Sync,Success,,,,1641,SESS-AA412FA623,REQ-36DBED6A79E5,2026-09-14 10:15:41+00:00
EVT-0002973,IF_OROM_CRMOM_001,ORACLE_SCM,CRM,REST_API,REST,Success,,,,2837,SESS-F91E7CF952,REQ-6D8A42C0A243,2026-09-11 15:14:49+00:00
EVT-0002975,IF_ORIM_ORWMS_001,ORACLE_SCM,ORACLE_SCM,ESB,Sync,Success,,,,1028,SESS-0D9EEA7DD7,REQ-9C5CF615DC89,2026-09-14 04:49:59+00:00
EVT-0002978,IF_ORWMS_OROM_001,ORACLE_SCM,ORACLE_SCM,Kafka,Async,Failed,CAP_003,Downstream service is at capacity,Capacity,11262,SESS-C1EB203B47,REQ-4A49EDF5DC86,2026-09-15 03:08:06+00:00
EVT-0002983,IF_ORSC_SAPPP_001,ORACLE_SCM,SAP_ERP,Kafka,Async,Success,,,,1495,SESS-A0ED9A129E,REQ-97CBF7CFB40C,2026-09-11 00:16:04+00:00
EVT-0002984,IF_ORWMS_OROM_001,ORACLE_SCM,ORACLE_SCM,Kafka,Async,Success,,,,1559,SESS-20F19B8B3B,REQ-61632D46C94F,2026-09-10 07:28:29+00:00
EVT-0002987,IF_ORIM_MESPE_001,ORACLE_SCM,MES,Kafka,Async,Success,,,,1404,SESS-DE0B43C43B,REQ-EC46009B35C2,2026-09-11 01:14:31+00:00
EVT-0002989,IF_OROM_CRMOM_001,ORACLE_SCM,CRM,REST_API,REST,Success,,,,2278,SESS-367714D7FA,REQ-BD2BC9F9E8EA,2026-09-14 21:03:15+00:00
EVT-0002992,IF_ORIM_SAPPROC_001,ORACLE_SCM,SAP_ERP,REST_API,REST,Failed,CFG_017,Interface configuration mismatch,Configuration,5052,SESS-C04F5108A3,REQ-75FB2232CAB2,2026-09-10 20:29:33+00:00
EVT-0003000,IF_ORIM_MESPE_001,ORACLE_SCM,MES,Kafka,Async,Success,,,,1842,SESS-A141110A60,REQ-E10E59D9C765,2026-09-13 05:10:36+00:00
EVT-0003004,IF_OROM_CRMOM_001,ORACLE_SCM,CRM,REST_API,REST,Retry,TIME_004,Downstream response exceeded SLA,Timeout,6970,SESS-559C27B9E4,REQ-E2552617B45C,2026-09-12 09:54:35+00:00
EVT-0003007,IF_OROM_CRMOM_001,ORACLE_SCM,CRM,REST_API,REST,Success,,,,1654,SESS-80671D570C,REQ-6CD41DC22D38,2026-09-11 05:45:47+00:00
EVT-0003014,IF_ORSC_ORIM_001,ORACLE_SCM,ORACLE_SCM,ESB,Sync,Success,,,,1868,SESS-F5DBE5BD07,REQ-BA5DFDAEE048,2026-09-16 16:30:29+00:00
EVT-0003021,IF_ORSC_SAPPP_001,ORACLE_SCM,SAP_ERP,Kafka,Async,Success,,,,1346,SESS-B558AA2242,REQ-FB21446D6DC4,2026-09-12 23:31:24+00:00
EVT-0003023,IF_ORSC_ORIM_001,ORACLE_SCM,ORACLE_SCM,ESB,Sync,Success,,,,2436,SESS-CD98FDB5A4,REQ-F7D96FD63DC2,2026-09-14 11:44:24+00:00
EVT-0003027,IF_ORWMS_SAPQM_001,ORACLE_SCM,SAP_ERP,Kafka,Async,Success,,,,2469,SESS-CBF51851D7,REQ-0865F653F2C9,2026-09-10 02:32:47+00:00
EVT-0003029,IF_ORSC_ORIM_001,ORACLE_SCM,ORACLE_SCM,ESB,Sync,Success,,,,2856,SESS-61B30CBD80,REQ-682B79648619,2026-09-13 07:52:40+00:00
EVT-0003030,IF_OROM_CRMOM_001,ORACLE_SCM,CRM,REST_API,REST,Success,,,,1622,SESS-008B1A9D7B,REQ-D7AB88B78BEA,2026-09-11 16:49:26+00:00
EVT-0003031,IF_OROM_CRMOM_001,ORACLE_SCM,CRM,REST_API,REST,Success,,,,2562,SESS-64D0A3E737,REQ-5A90E81EAE3B,2026-09-12 02:52:42+00:00
EVT-0003035,IF_ORSC_ORIM_001,ORACLE_SCM,ORACLE_SCM,ESB,Sync,Failed,INFRA_008,Runtime node unavailable,Infrastructure,12263,SESS-F6630243C5,REQ-24B343128222,2026-09-16 15:34:10+00:00
EVT-0003036,IF_OROM_CRMOM_001,ORACLE_SCM,CRM,REST_API,REST,Success,,,,2436,SESS-89F393AFF6,REQ-62BCB5B7E374,2026-09-11 23:45:22+00:00
EVT-0003038,IF_ORWMS_OROM_001,ORACLE_SCM,ORACLE_SCM,Kafka,Async,Success,,,,501,SESS-3713F419D0,REQ-2BA8711314BC,2026-09-14 00:55:13+00:00
EVT-0003045,IF_ORSC_ORIM_001,ORACLE_SCM,ORACLE_SCM,ESB,Sync,Success,,,,2225,SESS-F814140907,REQ-B21D7B5AF83B,2026-09-13 20:47:37+00:00
EVT-0003048,IF_ORIM_ORWMS_001,ORACLE_SCM,ORACLE_SCM,ESB,Sync,Success,,,,719,SESS-FA097E517A,REQ-4CD16FA5CE2B,2026-09-13 01:47:19+00:00
EVT-0003049,IF_OROM_CRMOM_001,ORACLE_SCM,CRM,REST_API,REST,Success,,,,2422,SESS-723679739B,REQ-E35638988233,2026-09-14 03:42:54+00:00
EVT-0003061,IF_ORIM_SAPPROC_001,ORACLE_SCM,SAP_ERP,REST_API,REST,Success,,,,2876,SESS-4BECBBF8E8,REQ-8B85E029B631,2026-09-13 04:46:53+00:00
EVT-0003062,IF_ORSC_SAPPP_001,ORACLE_SCM,SAP_ERP,Kafka,Async,Success,,,,1460,SESS-A9D25CC41C,REQ-9D21551E566C,2026-09-13 14:30:30+00:00
EVT-0003063,IF_ORIM_SAPPROC_001,ORACLE_SCM,SAP_ERP,REST_API,REST,Success,,,,2610,SESS-715BD6DCFB,REQ-E689B581336F,2026-09-16 20:32:55+00:00
EVT-0003065,IF_OROM_CRMOM_001,ORACLE_SCM,CRM,REST_API,REST,Success,,,,2588,SESS-CF84A65CD2,REQ-139D2A01B99F,2026-09-11 01:28:13+00:00
EVT-0003068,IF_ORIM_ORWMS_001,ORACLE_SCM,ORACLE_SCM,ESB,Sync,Success,,,,671,SESS-F553EF99B4,REQ-01D9114C011D,2026-09-15 04:50:15+00:00
EVT-0003072,IF_OROM_CRMOM_001,ORACLE_SCM,CRM,REST_API,REST,Success,,,,2259,SESS-9E9CF5DE46,REQ-113967E4C2F7,2026-09-11 20:10:25+00:00
EVT-0003073,IF_ORWMS_OROM_001,ORACLE_SCM,ORACLE_SCM,Kafka,Async,Success,,,,1385,SESS-2008A8C114,REQ-A1DE701DF3BC,2026-09-10 14:13:57+00:00
EVT-0003080,IF_OROM_CRMOM_001,ORACLE_SCM,CRM,REST_API,REST,Success,,,,2340,SESS-7F2252D5AF,REQ-8FF8061272C7,2026-09-12 12:44:09+00:00
EVT-0003081,IF_ORWMS_SAPQM_001,ORACLE_SCM,SAP_ERP,Kafka,Async,Success,,,,2227,SESS-7D11526602,REQ-C4826F274641,2026-09-14 18:40:06+00:00
EVT-0003082,IF_OROM_CRMOM_001,ORACLE_SCM,CRM,REST_API,REST,Success,,,,1769,SESS-8307110741,REQ-C120EAC7ED5E,2026-09-10 16:44:04+00:00
EVT-0003083,IF_ORSC_ORIM_001,ORACLE_SCM,ORACLE_SCM,ESB,Sync,Retry,TIME_004,Downstream response exceeded SLA,Timeout,3712,SESS-5BBA6E3C5A,REQ-4F8B9899B337,2026-09-12 17:27:13+00:00
EVT-0003084,IF_ORIM_MESPE_001,ORACLE_SCM,MES,Kafka,Async,Retry,AUTHZ_403,Caller is not authorized,Authorization,4538,SESS-CF6D32F2EB,REQ-9EA6D5CAFAEB,2026-09-10 08:41:50+00:00
EVT-0003086,IF_ORWMS_SAPQM_001,ORACLE_SCM,SAP_ERP,Kafka,Async,Success,,,,2226,SESS-4EB2B03BDC,REQ-8249D59ADB2F,2026-09-16 21:31:10+00:00
EVT-0003088,IF_ORIM_SAPPROC_001,ORACLE_SCM,SAP_ERP,REST_API,REST,Success,,,,2565,SESS-8884F33E93,REQ-FC7B5C3B8D0F,2026-09-15 19:19:17+00:00
EVT-0003090,IF_ORIM_SAPPROC_001,ORACLE_SCM,SAP_ERP,REST_API,REST,Success,,,,1629,SESS-C4523E3D8D,REQ-661773255DB9,2026-09-10 11:15:14+00:00
EVT-0003097,IF_ORWMS_OROM_001,ORACLE_SCM,ORACLE_SCM,Kafka,Async,Success,,,,1167,SESS-977051316B,REQ-DA69B95E88D1,2026-09-10 18:49:08+00:00
EVT-0003099,IF_ORWMS_OROM_001,ORACLE_SCM,ORACLE_SCM,Kafka,Async,Retry,AUTHZ_403,Caller is not authorized,Authorization,3337,SESS-38D6C67E86,REQ-C9065359CEE0,2026-09-15 20:55:23+00:00
EVT-0003107,IF_ORIM_SAPPROC_001,ORACLE_SCM,SAP_ERP,REST_API,REST,Success,,,,2333,SESS-28E0FF42CC,REQ-A53AB178B892,2026-09-13 08:26:08+00:00
EVT-0003112,IF_ORWMS_OROM_001,ORACLE_SCM,ORACLE_SCM,Kafka,Async,Success,,,,1902,SESS-54F55C821F,REQ-824D9FCECB1F,2026-09-16 08:14:33+00:00
EVT-0003115,IF_OROM_CRMOM_001,ORACLE_SCM,CRM,REST_API,REST,Failed,VAL_400,Required business field failed validation,Validation,7885,SESS-26F1D43EFB,REQ-80E92467B0EF,2026-09-11 04:47:41+00:00
EVT-0003118,IF_ORIM_MESPE_001,ORACLE_SCM,MES,Kafka,Async,Success,,,,1372,SESS-B15D44B536,REQ-E9AB6E70D37A,2026-09-12 23:44:29+00:00
EVT-0003119,IF_ORWMS_OROM_001,ORACLE_SCM,ORACLE_SCM,Kafka,Async,Success,,,,1629,SESS-8532B216DA,REQ-E87A092D0F2F,2026-09-13 18:41:56+00:00
EVT-0003121,IF_OROM_CRMOM_001,ORACLE_SCM,CRM,REST_API,REST,Success,,,,2590,SESS-447E5FE9A3,REQ-27781F8DC1E3,2026-09-14 23:52:04+00:00
EVT-0003122,IF_ORWMS_SAPQM_001,ORACLE_SCM,SAP_ERP,Kafka,Async,Success,,,,2782,SESS-3BD4A8A342,REQ-3301F7DDBFDD,2026-09-13 10:32:55+00:00
EVT-0003126,IF_ORSC_ORIM_001,ORACLE_SCM,ORACLE_SCM,ESB,Sync,Success,,,,2794,SESS-01F1B8D1CC,REQ-5FD0E0F8DC62,2026-09-15 09:37:08+00:00
EVT-0003129,IF_ORWMS_OROM_001,ORACLE_SCM,ORACLE_SCM,Kafka,Async,Success,,,,1271,SESS-7B0E95CAC7,REQ-2FF3820D9677,2026-09-14 02:29:44+00:00
EVT-0003132,IF_ORIM_MESPE_001,ORACLE_SCM,MES,Kafka,Async,Success,,,,1427,SESS-303238C654,REQ-5A8339E89165,2026-09-12 11:53:00+00:00
EVT-0003138,IF_ORIM_SAPPROC_001,ORACLE_SCM,SAP_ERP,REST_API,REST,Retry,VAL_400,Required business field failed validation,Validation,4876,SESS-36EC699BD9,REQ-4FC5DC742A04,2026-09-14 01:47:07+00:00
EVT-0003141,IF_ORWMS_OROM_001,ORACLE_SCM,ORACLE_SCM,Kafka,Async,Retry,NET_CONN_003,Connection reset by peer,Network,4767,SESS-216A395697,REQ-BF117D8764C8,2026-09-14 12:00:10+00:00
EVT-0003150,IF_ORWMS_SAPQM_001,ORACLE_SCM,SAP_ERP,Kafka,Async,Success,,,,1882,SESS-47F6B7B9D1,REQ-CD66A63C9718,2026-09-11 18:48:28+00:00
EVT-0003151,IF_ORWMS_SAPQM_001,ORACLE_SCM,SAP_ERP,Kafka,Async,Retry,VAL_400,Required business field failed validation,Validation,5030,SESS-BE2D2CB1FF,REQ-BCA4CFAB5EBE,2026-09-16 17:52:15+00:00
EVT-0003154,IF_ORIM_ORWMS_001,ORACLE_SCM,ORACLE_SCM,ESB,Sync,Success,,,,740,SESS-A42EA0D5DE,REQ-2227BCBEA2AD,2026-09-14 13:06:11+00:00
EVT-0003161,IF_ORSC_SAPPP_001,ORACLE_SCM,SAP_ERP,Kafka,Async,Success,,,,1441,SESS-E06DCA55ED,REQ-F06217A4EEF4,2026-09-14 14:26:33+00:00
EVT-0003167,IF_OROM_CRMOM_001,ORACLE_SCM,CRM,REST_API,REST,Success,,,,2707,SESS-2E8B9290A4,REQ-B6731AC1203E,2026-09-13 21:21:47+00:00
EVT-0003169,IF_ORSC_SAPPP_001,ORACLE_SCM,SAP_ERP,Kafka,Async,Success,,,,1641,SESS-0AD9371ECC,REQ-652294995D47,2026-09-15 21:43:19+00:00
EVT-0003174,IF_ORSC_SAPPP_001,ORACLE_SCM,SAP_ERP,Kafka,Async,Success,,,,1312,SESS-DA1764AD47,REQ-F4218E296ABE,2026-09-12 08:09:28+00:00
EVT-0003175,IF_OROM_CRMOM_001,ORACLE_SCM,CRM,REST_API,REST,Success,,,,2459,SESS-17C64EEECA,REQ-7980B3D17ADD,2026-09-12 08:31:39+00:00
EVT-0003177,IF_OROM_CRMOM_001,ORACLE_SCM,CRM,REST_API,REST,Success,,,,2426,SESS-3089D21FF7,REQ-1FAC449EB397,2026-09-13 09:35:59+00:00
EVT-0003179,IF_ORSC_ORIM_001,ORACLE_SCM,ORACLE_SCM,ESB,Sync,Retry,DB_COMMIT_014,Transaction commit failed,Database,7125,SESS-06592790C3,REQ-9222B70B91DE,2026-09-13 12:09:56+00:00
EVT-0003180,IF_ORIM_ORWMS_001,ORACLE_SCM,ORACLE_SCM,ESB,Sync,Success,,,,658,SESS-F04500C2C5,REQ-ADCC746420BB,2026-09-15 15:16:14+00:00
EVT-0003181,IF_ORSC_ORIM_001,ORACLE_SCM,ORACLE_SCM,ESB,Sync,Success,,,,2470,SESS-9A01102D65,REQ-431895165B92,2026-09-11 01:12:18+00:00
EVT-0003191,IF_OROM_CRMOM_001,ORACLE_SCM,CRM,REST_API,REST,Success,,,,1867,SESS-0037F49177,REQ-4A188AC9F5E3,2026-09-15 16:02:18+00:00
EVT-0003194,IF_ORIM_SAPPROC_001,ORACLE_SCM,SAP_ERP,REST_API,REST,Success,,,,2201,SESS-D455B0A80B,REQ-3B925C40E503,2026-09-16 19:23:33+00:00
EVT-0003197,IF_ORSC_SAPPP_001,ORACLE_SCM,SAP_ERP,Kafka,Async,Success,,,,2208,SESS-4C33AE4E99,REQ-612FDF91238C,2026-09-15 01:35:26+00:00
EVT-0003203,IF_ORSC_SAPPP_001,ORACLE_SCM,SAP_ERP,Kafka,Async,Success,,,,1752,SESS-AC22D69BEF,REQ-8CD3AE95ADFC,2026-09-14 13:10:26+00:00
EVT-0003208,IF_ORIM_SAPPROC_001,ORACLE_SCM,SAP_ERP,REST_API,REST,Success,,,,1576,SESS-9C093FDBCF,REQ-DC0EFF041FF3,2026-09-15 00:40:50+00:00
EVT-0003211,IF_ORWMS_SAPQM_001,ORACLE_SCM,SAP_ERP,Kafka,Async,Success,,,,2617,SESS-2C4FDC3B46,REQ-5BE505B2262B,2026-09-12 04:00:30+00:00
EVT-0003214,IF_ORIM_ORWMS_001,ORACLE_SCM,ORACLE_SCM,ESB,Sync,Retry,INFRA_008,Runtime node unavailable,Infrastructure,2431,SESS-E71D2D71DA,REQ-B2A6815DFB1C,2026-09-14 00:20:24+00:00
EVT-0003235,IF_OROM_CRMOM_001,ORACLE_SCM,CRM,REST_API,REST,Success,,,,2386,SESS-98FA67E1FB,REQ-76F20CE4F385,2026-09-11 03:27:57+00:00
EVT-0003237,IF_ORIM_MESPE_001,ORACLE_SCM,MES,Kafka,Async,Failed,CAP_003,Downstream service is at capacity,Capacity,2436,SESS-A1FFD373AD,REQ-DD78CC0152FB,2026-09-13 19:23:29+00:00
EVT-0003238,IF_ORWMS_OROM_001,ORACLE_SCM,ORACLE_SCM,Kafka,Async,Success,,,,857,SESS-591C31403A,REQ-0CAF2357864A,2026-09-11 13:17:47+00:00
EVT-0003240,IF_ORIM_SAPPROC_001,ORACLE_SCM,SAP_ERP,REST_API,REST,Success,,,,2569,SESS-D916D08179,REQ-7B5786E3B8BD,2026-09-14 22:58:33+00:00
EVT-0003246,IF_OROM_CRMOM_001,ORACLE_SCM,CRM,REST_API,REST,Success,,,,1636,SESS-9210994901,REQ-34CED0A0C837,2026-09-14 21:11:57+00:00
EVT-0003250,IF_ORIM_ORWMS_001,ORACLE_SCM,ORACLE_SCM,ESB,Sync,Success,,,,699,SESS-C50ED9BA16,REQ-9E9C48300565,2026-09-10 09:25:05+00:00
EVT-0003265,IF_ORSC_ORIM_001,ORACLE_SCM,ORACLE_SCM,ESB,Sync,Success,,,,1575,SESS-E7EE500BA3,REQ-4072F36660B6,2026-09-15 20:11:51+00:00
EVT-0003269,IF_ORWMS_SAPQM_001,ORACLE_SCM,SAP_ERP,Kafka,Async,Success,,,,1619,SESS-FB713D5E19,REQ-A3EC10BE8CAB,2026-09-16 21:43:10+00:00
EVT-0003270,IF_OROM_CRMOM_001,ORACLE_SCM,CRM,REST_API,REST,Retry,AUTHZ_403,Caller is not authorized,Authorization,5096,SESS-F81AA82530,REQ-63F166C7D2AA,2026-09-16 03:39:43+00:00
EVT-0003274,IF_ORWMS_OROM_001,ORACLE_SCM,ORACLE_SCM,Kafka,Async,Success,,,,1675,SESS-D332189F45,REQ-35F39663FFBF,2026-09-12 05:40:15+00:00
EVT-0003275,IF_OROM_CRMOM_001,ORACLE_SCM,CRM,REST_API,REST,Success,,,,3187,SESS-FF226B1D4A,REQ-4D1686268294,2026-09-13 02:43:04+00:00
EVT-0003276,IF_ORIM_SAPPROC_001,ORACLE_SCM,SAP_ERP,REST_API,REST,Success,,,,1557,SESS-BEB4AA9307,REQ-B7D70F530969,2026-09-12 10:11:51+00:00
EVT-0003280,IF_ORSC_ORIM_001,ORACLE_SCM,ORACLE_SCM,ESB,Sync,Success,,,,1814,SESS-0362E90101,REQ-B97711DC0640,2026-09-13 07:36:40+00:00
EVT-0003284,IF_ORSC_ORIM_001,ORACLE_SCM,ORACLE_SCM,ESB,Sync,Success,,,,2797,SESS-74340C377B,REQ-2FCB3D3A7670,2026-09-11 22:42:49+00:00
EVT-0003286,IF_ORIM_SAPPROC_001,ORACLE_SCM,SAP_ERP,REST_API,REST,Success,,,,2715,SESS-98B400D138,REQ-7FE86CA1F8B9,2026-09-13 00:11:35+00:00
EVT-0003287,IF_ORWMS_OROM_001,ORACLE_SCM,ORACLE_SCM,Kafka,Async,Success,,,,1790,SESS-E86D7F71AB,REQ-B4FE5CB38693,2026-09-15 23:11:24+00:00
EVT-0003288,IF_ORSC_ORIM_001,ORACLE_SCM,ORACLE_SCM,ESB,Sync,Success,,,,2310,SESS-906E425C00,REQ-637E573059B6,2026-09-14 10:50:09+00:00
EVT-0003299,IF_ORSC_SAPPP_001,ORACLE_SCM,SAP_ERP,Kafka,Async,Success,,,,1186,SESS-D282E86A46,REQ-FE0CE358BACC,2026-09-12 14:55:52+00:00
EVT-0003300,IF_ORIM_MESPE_001,ORACLE_SCM,MES,Kafka,Async,Success,,,,1034,SESS-DB3EA768F5,REQ-DC7C3CAC5FFA,2026-09-12 03:52:54+00:00
EVT-0003309,IF_ORSC_ORIM_001,ORACLE_SCM,ORACLE_SCM,ESB,Sync,Success,,,,1766,SESS-073E937338,REQ-23F4D22EAE6A,2026-09-13 04:00:38+00:00
EVT-0003316,IF_ORSC_ORIM_001,ORACLE_SCM,ORACLE_SCM,ESB,Sync,Success,,,,1906,SESS-596C96A844,REQ-E46D84EDE246,2026-09-10 06:52:40+00:00
EVT-0003319,IF_ORIM_SAPPROC_001,ORACLE_SCM,SAP_ERP,REST_API,REST,Success,,,,2384,SESS-8F5A99862D,REQ-CC7B5F19E6AD,2026-09-12 03:39:24+00:00
EVT-0003320,IF_ORWMS_SAPQM_001,ORACLE_SCM,SAP_ERP,Kafka,Async,Success,,,,2028,SESS-781762319C,REQ-679EA8F78CC0,2026-09-12 12:54:59+00:00
EVT-0003324,IF_ORSC_ORIM_001,ORACLE_SCM,ORACLE_SCM,ESB,Sync,Success,,,,2935,SESS-03E32C5396,REQ-D36E7D47A7B9,2026-09-16 07:24:42+00:00
EVT-0003327,IF_ORSC_ORIM_001,ORACLE_SCM,ORACLE_SCM,ESB,Sync,Success,,,,2387,SESS-4971C2BC5F,REQ-19946A3CFF0F,2026-09-10 22:42:26+00:00
EVT-0003330,IF_ORSC_ORIM_001,ORACLE_SCM,ORACLE_SCM,ESB,Sync,Success,,,,3263,SESS-D63C606E7F,REQ-9503C6682026,2026-09-15 12:37:24+00:00
EVT-0003336,IF_ORIM_SAPPROC_001,ORACLE_SCM,SAP_ERP,REST_API,REST,Success,,,,2090,SESS-6CDF9B6EDA,REQ-DA73735A7B2F,2026-09-16 14:40:08+00:00
EVT-0003337,IF_ORSC_ORIM_001,ORACLE_SCM,ORACLE_SCM,ESB,Sync,Failed,AUTHZ_403,Caller is not authorized,Authorization,12354,SESS-11FF41D754,REQ-86C674614A09,2026-09-11 08:12:41+00:00
EVT-0003343,IF_ORWMS_OROM_001,ORACLE_SCM,ORACLE_SCM,Kafka,Async,Success,,,,1421,SESS-490F194E50,REQ-FB27FD395822,2026-09-16 15:17:02+00:00
EVT-0003346,IF_ORIM_SAPPROC_001,ORACLE_SCM,SAP_ERP,REST_API,REST,Success,,,,2342,SESS-816E2A770A,REQ-D8E417EBFE94,2026-09-11 19:44:17+00:00
EVT-0003347,IF_ORSC_ORIM_001,ORACLE_SCM,ORACLE_SCM,ESB,Sync,Retry,CFG_017,Interface configuration mismatch,Configuration,6422,SESS-8178ABC5DD,REQ-ED0F4F15D562,2026-09-12 03:40:47+00:00
EVT-0003349,IF_ORSC_ORIM_001,ORACLE_SCM,ORACLE_SCM,ESB,Sync,Success,,,,1722,SESS-DDF2EAA8C0,REQ-3E87FDCD09C2,2026-09-16 04:48:06+00:00
EVT-0003355,IF_ORSC_SAPPP_001,ORACLE_SCM,SAP_ERP,Kafka,Async,Failed,AUTHZ_403,Caller is not authorized,Authorization,9366,SESS-0151B6819D,REQ-3E7DD962C53C,2026-09-12 00:06:58+00:00
EVT-0003362,IF_ORSC_ORIM_001,ORACLE_SCM,ORACLE_SCM,ESB,Sync,Success,,,,2364,SESS-B5DFCC6C1D,REQ-1BFCA6105310,2026-09-15 21:23:17+00:00
EVT-0003363,IF_ORSC_SAPPP_001,ORACLE_SCM,SAP_ERP,Kafka,Async,Success,,,,1412,SESS-BF931FAA2B,REQ-9204263D9320,2026-09-16 15:05:35+00:00
EVT-0003365,IF_ORIM_MESPE_001,ORACLE_SCM,MES,Kafka,Async,Success,,,,1652,SESS-A0A6EB606A,REQ-8BBF0DB78023,2026-09-13 19:30:21+00:00
EVT-0003369,IF_ORWMS_SAPQM_001,ORACLE_SCM,SAP_ERP,Kafka,Async,Success,,,,1956,SESS-DD1992DFAE,REQ-0C9DFAF6F4C5,2026-09-14 02:39:12+00:00
EVT-0003370,IF_OROM_CRMOM_001,ORACLE_SCM,CRM,REST_API,REST,Success,,,,1937,SESS-C8DAF0B7BA,REQ-6E41BEC4F78F,2026-09-11 22:08:37+00:00
EVT-0003372,IF_ORIM_SAPPROC_001,ORACLE_SCM,SAP_ERP,REST_API,REST,Success,,,,3391,SESS-C20CF62C6D,REQ-EC119A081231,2026-09-11 13:36:11+00:00
EVT-0003380,IF_ORIM_ORWMS_001,ORACLE_SCM,ORACLE_SCM,ESB,Sync,Success,,,,1021,SESS-4E14A38660,REQ-02C7417316E4,2026-09-10 18:40:21+00:00
EVT-0003381,IF_ORWMS_SAPQM_001,ORACLE_SCM,SAP_ERP,Kafka,Async,Retry,EXT_502,Downstream service returned 502,External Service,5071,SESS-50625ABC6C,REQ-3CBC10822A67,2026-09-16 18:59:31+00:00
EVT-0003383,IF_ORSC_ORIM_001,ORACLE_SCM,ORACLE_SCM,ESB,Sync,Success,,,,2283,SESS-3ED4BFD2A9,REQ-2231A10BC4FA,2026-09-13 17:10:37+00:00
EVT-0003390,IF_ORWMS_OROM_001,ORACLE_SCM,ORACLE_SCM,Kafka,Async,Success,,,,1412,SESS-FA13C5BDC8,REQ-C69975BFBEB4,2026-09-13 05:36:27+00:00
EVT-0003394,IF_ORSC_SAPPP_001,ORACLE_SCM,SAP_ERP,Kafka,Async,Success,,,,1403,SESS-5C4AF527A0,REQ-0B0E0CDD04C4,2026-09-12 19:01:19+00:00
EVT-0003398,IF_OROM_CRMOM_001,ORACLE_SCM,CRM,REST_API,REST,Success,,,,1377,SESS-8DAD403D84,REQ-4892BEA9FBF4,2026-09-10 22:17:25+00:00
EVT-0003400,IF_ORSC_ORIM_001,ORACLE_SCM,ORACLE_SCM,ESB,Sync,Success,,,,2872,SESS-DE7C4573B6,REQ-CF786D41115A,2026-09-10 21:36:32+00:00
EVT-0003403,IF_ORWMS_OROM_001,ORACLE_SCM,ORACLE_SCM,Kafka,Async,Retry,DB_COMMIT_014,Transaction commit failed,Database,5398,SESS-551E7EA71C,REQ-715295AD6D77,2026-09-10 03:50:50+00:00
EVT-0003408,IF_ORSC_SAPPP_001,ORACLE_SCM,SAP_ERP,Kafka,Async,Success,,,,1399,SESS-89BA3A3004,REQ-3C3194F895DD,2026-09-10 03:32:20+00:00
EVT-0003414,IF_OROM_CRMOM_001,ORACLE_SCM,CRM,REST_API,REST,Success,,,,2181,SESS-614B77AA1A,REQ-6C71F6BEC785,2026-09-15 20:16:43+00:00
EVT-0003417,IF_ORSC_SAPPP_001,ORACLE_SCM,SAP_ERP,Kafka,Async,Success,,,,1564,SESS-12C51C8755,REQ-DAC2F2BA71DA,2026-09-10 23:30:47+00:00
EVT-0003418,IF_ORIM_ORWMS_001,ORACLE_SCM,ORACLE_SCM,ESB,Sync,Success,,,,515,SESS-7714BC4F34,REQ-6BB0A5D59653,2026-09-15 07:38:52+00:00
EVT-0003419,IF_ORWMS_SAPQM_001,ORACLE_SCM,SAP_ERP,Kafka,Async,Success,,,,2565,SESS-0AD28A5732,REQ-758D3D2E58D6,2026-09-12 20:16:14+00:00
EVT-0003422,IF_ORIM_ORWMS_001,ORACLE_SCM,ORACLE_SCM,ESB,Sync,Success,,,,1319,SESS-22028A40C2,REQ-595F6107BDAA,2026-09-16 17:51:25+00:00
EVT-0003425,IF_ORIM_SAPPROC_001,ORACLE_SCM,SAP_ERP,REST_API,REST,Success,,,,1664,SESS-14D187EA33,REQ-48654496D66F,2026-09-10 08:37:37+00:00
EVT-0003427,IF_OROM_CRMOM_001,ORACLE_SCM,CRM,REST_API,REST,Success,,,,1291,SESS-11AEC5C7DF,REQ-891DA6FE43FB,2026-09-11 10:36:08+00:00
EVT-0003428,IF_OROM_CRMOM_001,ORACLE_SCM,CRM,REST_API,REST,Retry,CFG_017,Interface configuration mismatch,Configuration,5089,SESS-7677053A43,REQ-D8ACC7D57BEB,2026-09-15 00:27:16+00:00
EVT-0003433,IF_ORIM_SAPPROC_001,ORACLE_SCM,SAP_ERP,REST_API,REST,Success,,,,1869,SESS-4663B9A8F8,REQ-F6C736421554,2026-09-12 07:47:30+00:00
EVT-0003434,IF_ORIM_MESPE_001,ORACLE_SCM,MES,Kafka,Async,Retry,AUTHZ_403,Caller is not authorized,Authorization,4015,SESS-3B050A9630,REQ-F77D043DBD17,2026-09-14 17:45:41+00:00
EVT-0003441,IF_ORIM_ORWMS_001,ORACLE_SCM,ORACLE_SCM,ESB,Sync,Success,,,,580,SESS-582CD69449,REQ-FD35E7C25260,2026-09-12 03:05:42+00:00
EVT-0003443,IF_ORIM_MESPE_001,ORACLE_SCM,MES,Kafka,Async,Retry,AUTHZ_403,Caller is not authorized,Authorization,4474,SESS-76BE2498A1,REQ-39F8F495A271,2026-09-16 10:46:54+00:00
EVT-0003450,IF_ORSC_ORIM_001,ORACLE_SCM,ORACLE_SCM,ESB,Sync,Success,,,,3034,SESS-E9A7B786C2,REQ-6C5807B7DA45,2026-09-15 08:13:18+00:00
EVT-0003454,IF_ORIM_MESPE_001,ORACLE_SCM,MES,Kafka,Async,Success,,,,1022,SESS-D449E69B47,REQ-E0116587A529,2026-09-14 16:59:54+00:00
EVT-0003455,IF_ORSC_SAPPP_001,ORACLE_SCM,SAP_ERP,Kafka,Async,Success,,,,923,SESS-D9BE92983F,REQ-F00928737BCC,2026-09-14 21:56:14+00:00
EVT-0003456,IF_ORWMS_OROM_001,ORACLE_SCM,ORACLE_SCM,Kafka,Async,Failed,CAP_003,Downstream service is at capacity,Capacity,6321,SESS-9AAD6CE7BE,REQ-38504478FD42,2026-09-13 11:13:57+00:00
EVT-0003459,IF_OROM_CRMOM_001,ORACLE_SCM,CRM,REST_API,REST,Success,,,,2103,SESS-78BA18989C,REQ-4D03ACA7BB7D,2026-09-11 05:36:26+00:00
EVT-0003460,IF_ORSC_ORIM_001,ORACLE_SCM,ORACLE_SCM,ESB,Sync,Retry,CAP_003,Downstream service is at capacity,Capacity,7802,SESS-B8136F0447,REQ-F75121B268C3,2026-09-14 07:23:08+00:00
EVT-0003463,IF_OROM_CRMOM_001,ORACLE_SCM,CRM,REST_API,REST,Failed,NET_CONN_003,Connection reset by peer,Network,8239,SESS-FC6FC47109,REQ-7478A949D7BF,2026-09-10 19:32:34+00:00
EVT-0003466,IF_ORIM_ORWMS_001,ORACLE_SCM,ORACLE_SCM,ESB,Sync,Success,,,,979,SESS-72E0D2CC83,REQ-AEE23CA45D66,2026-09-12 09:05:04+00:00
EVT-0003468,IF_ORIM_ORWMS_001,ORACLE_SCM,ORACLE_SCM,ESB,Sync,Failed,VAL_400,Required business field failed validation,Validation,1533,SESS-BC47FC13B0,REQ-DEEB7C7270FA,2026-09-12 01:00:44+00:00
EVT-0003471,IF_ORWMS_OROM_001,ORACLE_SCM,ORACLE_SCM,Kafka,Async,Success,,,,1558,SESS-ED0223B85A,REQ-7387705907D1,2026-09-16 19:13:19+00:00
EVT-0003472,IF_ORWMS_SAPQM_001,ORACLE_SCM,SAP_ERP,Kafka,Async,Success,,,,2693,SESS-9194C94A2C,REQ-675CD80864AD,2026-09-16 02:46:30+00:00
EVT-0003474,IF_ORIM_MESPE_001,ORACLE_SCM,MES,Kafka,Async,Success,,,,1064,SESS-682E681C9E,REQ-FB5F97772394,2026-09-10 23:44:04+00:00
EVT-0003475,IF_ORSC_SAPPP_001,ORACLE_SCM,SAP_ERP,Kafka,Async,Success,,,,1448,SESS-4F681A8513,REQ-96656D458074,2026-09-16 15:06:25+00:00
EVT-0003479,IF_ORWMS_OROM_001,ORACLE_SCM,ORACLE_SCM,Kafka,Async,Success,,,,1183,SESS-B0FF2434BE,REQ-5044413AA716,2026-09-15 14:34:43+00:00
EVT-0003483,IF_ORIM_MESPE_001,ORACLE_SCM,MES,Kafka,Async,Retry,AUTH_401,Service credential rejected,Authentication,2208,SESS-0E94AF243A,REQ-1487C7970515,2026-09-16 20:09:38+00:00
EVT-0003484,IF_ORWMS_OROM_001,ORACLE_SCM,ORACLE_SCM,Kafka,Async,Success,,,,1177,SESS-332DCDACBE,REQ-D4DE73FDAED1,2026-09-16 14:07:22+00:00
EVT-0003486,IF_ORSC_SAPPP_001,ORACLE_SCM,SAP_ERP,Kafka,Async,Retry,CFG_017,Interface configuration mismatch,Configuration,3688,SESS-F913B6E5D9,REQ-4569994332D4,2026-09-11 04:40:42+00:00
EVT-0003487,IF_ORSC_ORIM_001,ORACLE_SCM,ORACLE_SCM,ESB,Sync,Success,,,,2309,SESS-7E4681B0C3,REQ-66D48FF8B631,2026-09-15 14:11:41+00:00
EVT-0003488,IF_ORIM_MESPE_001,ORACLE_SCM,MES,Kafka,Async,Success,,,,1511,SESS-B7DDCA078A,REQ-B504644C286C,2026-09-12 22:46:21+00:00
EVT-0003491,IF_ORIM_SAPPROC_001,ORACLE_SCM,SAP_ERP,REST_API,REST,Success,,,,2527,SESS-9A8BE45BA9,REQ-7A6548E33DD1,2026-09-10 07:53:01+00:00
EVT-0003497,IF_ORSC_ORIM_001,ORACLE_SCM,ORACLE_SCM,ESB,Sync,Failed,NET_CONN_003,Connection reset by peer,Network,7071,SESS-D7E90EE6A2,REQ-BBA6C25AEB9E,2026-09-12 14:04:49+00:00
EVT-0003499,IF_OROM_CRMOM_001,ORACLE_SCM,CRM,REST_API,REST,Success,,,,2726,SESS-A6B818BE39,REQ-04BB1DF8551D,2026-09-10 13:07:29+00:00
EVT-0003502,IF_ORIM_MESPE_001,ORACLE_SCM,MES,Kafka,Async,Success,,,,1520,SESS-4A0B068B97,REQ-84C5C576C9A5,2026-09-11 14:59:08+00:00
EVT-0003507,IF_OROM_CRMOM_001,ORACLE_SCM,CRM,REST_API,REST,Success,,,,1879,SESS-C0BACCD406,REQ-A9A821E4AE57,2026-09-13 11:48:22+00:00
EVT-0003510,IF_ORSC_ORIM_001,ORACLE_SCM,ORACLE_SCM,ESB,Sync,Success,,,,2404,SESS-AE47D8EEC3,REQ-E404BA489E24,2026-09-10 11:55:55+00:00
EVT-0003514,IF_ORIM_MESPE_001,ORACLE_SCM,MES,Kafka,Async,Success,,,,1211,SESS-77577927E9,REQ-6B2BF83F7FED,2026-09-10 03:20:34+00:00
EVT-0003518,IF_ORSC_ORIM_001,ORACLE_SCM,ORACLE_SCM,ESB,Sync,Retry,TIME_004,Downstream response exceeded SLA,Timeout,6566,SESS-B73866572F,REQ-80AECA53A40D,2026-09-14 01:34:41+00:00
EVT-0003519,IF_ORSC_ORIM_001,ORACLE_SCM,ORACLE_SCM,ESB,Sync,Success,,,,2778,SESS-6DDA8BA5FE,REQ-1D07EDD31CA1,2026-09-11 11:18:21+00:00
EVT-0003521,IF_ORWMS_SAPQM_001,ORACLE_SCM,SAP_ERP,Kafka,Async,Success,,,,1942,SESS-29866A79E7,REQ-A1CF1C7CD8EE,2026-09-10 08:08:00+00:00
EVT-0003524,IF_OROM_CRMOM_001,ORACLE_SCM,CRM,REST_API,REST,Success,,,,2242,SESS-B62A54BDAE,REQ-5137BDE5264C,2026-09-15 16:24:29+00:00
EVT-0003525,IF_ORWMS_OROM_001,ORACLE_SCM,ORACLE_SCM,Kafka,Async,Success,,,,2118,SESS-002DCD7E9D,REQ-C98E704258BE,2026-09-10 01:24:39+00:00
EVT-0003526,IF_ORSC_SAPPP_001,ORACLE_SCM,SAP_ERP,Kafka,Async,Retry,AUTH_401,Service credential rejected,Authentication,3900,SESS-7EB6B32315,REQ-A183A0BD02BD,2026-09-10 16:27:30+00:00
EVT-0003528,IF_ORWMS_OROM_001,ORACLE_SCM,ORACLE_SCM,Kafka,Async,Success,,,,865,SESS-0F3C50008B,REQ-E5C114589ECD,2026-09-16 21:32:25+00:00
EVT-0003534,IF_ORIM_ORWMS_001,ORACLE_SCM,ORACLE_SCM,ESB,Sync,Success,,,,1156,SESS-88C8B14F1D,REQ-FFD27104AF88,2026-09-13 03:22:40+00:00
EVT-0003540,IF_ORWMS_SAPQM_001,ORACLE_SCM,SAP_ERP,Kafka,Async,Success,,,,2501,SESS-6C252F7DCC,REQ-B05FA9CD63EF,2026-09-10 16:39:51+00:00
EVT-0003541,IF_ORSC_SAPPP_001,ORACLE_SCM,SAP_ERP,Kafka,Async,Success,,,,1406,SESS-673C32000F,REQ-4F9242D638A3,2026-09-10 10:54:34+00:00
EVT-0003551,IF_ORSC_SAPPP_001,ORACLE_SCM,SAP_ERP,Kafka,Async,Success,,,,1624,SESS-FC53F411AE,REQ-B3039F1ED604,2026-09-16 13:10:43+00:00
EVT-0003556,IF_ORIM_MESPE_001,ORACLE_SCM,MES,Kafka,Async,Success,,,,1056,SESS-59C9970748,REQ-8C79E51AD33B,2026-09-10 19:01:03+00:00
EVT-0003557,IF_ORSC_ORIM_001,ORACLE_SCM,ORACLE_SCM,ESB,Sync,Retry,EXT_502,Downstream service returned 502,External Service,7320,SESS-10597EBA76,REQ-1ABDC95770EE,2026-09-13 22:13:16+00:00
EVT-0003564,IF_ORIM_MESPE_001,ORACLE_SCM,MES,Kafka,Async,Success,,,,1132,SESS-36265A48AD,REQ-06AF20A03924,2026-09-13 08:50:09+00:00
EVT-0003572,IF_ORIM_SAPPROC_001,ORACLE_SCM,SAP_ERP,REST_API,REST,Success,,,,2577,SESS-79ED24FB8B,REQ-993815EA3D71,2026-09-13 04:59:10+00:00
EVT-0003573,IF_ORIM_ORWMS_001,ORACLE_SCM,ORACLE_SCM,ESB,Sync,Success,,,,1274,SESS-272721C457,REQ-637F2759B369,2026-09-11 04:03:49+00:00
EVT-0003575,IF_ORIM_MESPE_001,ORACLE_SCM,MES,Kafka,Async,Success,,,,1228,SESS-02B0282041,REQ-7D7BFA2BA614,2026-09-13 12:27:04+00:00
EVT-0003582,IF_ORWMS_OROM_001,ORACLE_SCM,ORACLE_SCM,Kafka,Async,Success,,,,948,SESS-A88DCF2F65,REQ-2736EC9CAD35,2026-09-15 00:27:35+00:00
EVT-0003584,IF_ORIM_MESPE_001,ORACLE_SCM,MES,Kafka,Async,Success,,,,1509,SESS-D8EF62FA75,REQ-4DA17741B9CC,2026-09-10 17:49:27+00:00
EVT-0003585,IF_ORIM_ORWMS_001,ORACLE_SCM,ORACLE_SCM,ESB,Sync,Success,,,,937,SESS-398145FAA1,REQ-23FA9EAC631A,2026-09-10 07:30:59+00:00
EVT-0003587,IF_ORIM_MESPE_001,ORACLE_SCM,MES,Kafka,Async,Failed,AUTH_401,Service credential rejected,Authentication,4587,SESS-15D40018B0,REQ-B51F8AB5946E,2026-09-13 21:59:34+00:00
EVT-0003600,IF_ORSC_ORIM_001,ORACLE_SCM,ORACLE_SCM,ESB,Sync,Success,,,,3242,SESS-FEFCB21233,REQ-16D71C3B34DC,2026-09-15 13:53:40+00:00
EVT-0003603,IF_ORIM_SAPPROC_001,ORACLE_SCM,SAP_ERP,REST_API,REST,Success,,,,2303,SESS-DC6B979E2C,REQ-B514D6E221BF,2026-09-13 01:52:22+00:00
EVT-0003605,IF_ORIM_MESPE_001,ORACLE_SCM,MES,Kafka,Async,Success,,,,1138,SESS-C34EEE77DA,REQ-4BE85C856216,2026-09-12 15:20:06+00:00
EVT-0003608,IF_ORSC_ORIM_001,ORACLE_SCM,ORACLE_SCM,ESB,Sync,Success,,,,2772,SESS-905DE9A2BC,REQ-7D7986F3FC12,2026-09-15 19:01:54+00:00
EVT-0003614,IF_OROM_CRMOM_001,ORACLE_SCM,CRM,REST_API,REST,Success,,,,3034,SESS-D403A03915,REQ-11355203D7B8,2026-09-16 13:34:08+00:00
EVT-0003619,IF_ORIM_ORWMS_001,ORACLE_SCM,ORACLE_SCM,ESB,Sync,Success,,,,1104,SESS-BA15129A22,REQ-933604A81D8A,2026-09-14 06:06:35+00:00
EVT-0003621,IF_ORSC_ORIM_001,ORACLE_SCM,ORACLE_SCM,ESB,Sync,Success,,,,2570,SESS-8DA7F597F4,REQ-3489C6BB83AE,2026-09-13 15:20:25+00:00
EVT-0003623,IF_ORIM_SAPPROC_001,ORACLE_SCM,SAP_ERP,REST_API,REST,Success,,,,2031,SESS-AA0AE67E22,REQ-2E62093BA862,2026-09-13 16:39:21+00:00
EVT-0003625,IF_ORWMS_OROM_001,ORACLE_SCM,ORACLE_SCM,Kafka,Async,Success,,,,1621,SESS-D61D0E9A08,REQ-B62706E8689A,2026-09-13 11:03:00+00:00
EVT-0003627,IF_ORWMS_OROM_001,ORACLE_SCM,ORACLE_SCM,Kafka,Async,Failed,CAP_003,Downstream service is at capacity,Capacity,7139,SESS-3EE864ACAB,REQ-C1007B5F507B,2026-09-14 21:42:57+00:00
EVT-0003630,IF_ORIM_ORWMS_001,ORACLE_SCM,ORACLE_SCM,ESB,Sync,Success,,,,753,SESS-BD7B6934DB,REQ-2A3EB3B02D52,2026-09-10 13:42:51+00:00
EVT-0003631,IF_ORIM_MESPE_001,ORACLE_SCM,MES,Kafka,Async,Success,,,,1058,SESS-FD38147552,REQ-703695C8BDA5,2026-09-15 10:47:29+00:00
EVT-0003638,IF_ORIM_MESPE_001,ORACLE_SCM,MES,Kafka,Async,Success,,,,1136,SESS-816BC3DA20,REQ-BD00324607F8,2026-09-14 22:56:48+00:00
EVT-0003640,IF_ORSC_SAPPP_001,ORACLE_SCM,SAP_ERP,Kafka,Async,Retry,TIME_004,Downstream response exceeded SLA,Timeout,3848,SESS-A30D490424,REQ-6BBF99DA25F6,2026-09-15 12:57:18+00:00
EVT-0003641,IF_ORSC_ORIM_001,ORACLE_SCM,ORACLE_SCM,ESB,Sync,Success,,,,3040,SESS-B5479A59BE,REQ-8239E42BCBA1,2026-09-13 03:26:55+00:00
EVT-0003647,IF_ORSC_ORIM_001,ORACLE_SCM,ORACLE_SCM,ESB,Sync,Success,,,,2927,SESS-17C186DC43,REQ-4A0A3AF33561,2026-09-15 23:22:45+00:00
EVT-0003653,IF_ORIM_MESPE_001,ORACLE_SCM,MES,Kafka,Async,Success,,,,967,SESS-83C7A70296,REQ-8AF888175857,2026-09-15 23:08:07+00:00
EVT-0003658,IF_OROM_CRMOM_001,ORACLE_SCM,CRM,REST_API,REST,Success,,,,2285,SESS-384DCB0DAF,REQ-9C8A58489B40,2026-09-12 23:08:03+00:00
EVT-0003659,IF_ORIM_MESPE_001,ORACLE_SCM,MES,Kafka,Async,Success,,,,1712,SESS-6CC40CFB81,REQ-26B9E8428623,2026-09-15 09:58:23+00:00
EVT-0003660,IF_ORSC_ORIM_001,ORACLE_SCM,ORACLE_SCM,ESB,Sync,Success,,,,2887,SESS-5D25EFD88D,REQ-61AF5341EF9D,2026-09-15 00:57:37+00:00
EVT-0003661,IF_ORWMS_SAPQM_001,ORACLE_SCM,SAP_ERP,Kafka,Async,Retry,NET_CONN_003,Connection reset by peer,Network,7019,SESS-299ED1FA9B,REQ-9871127349D4,2026-09-13 04:56:27+00:00
EVT-0003663,IF_OROM_CRMOM_001,ORACLE_SCM,CRM,REST_API,REST,Success,,,,1518,SESS-30C2403AC4,REQ-9CB701024364,2026-09-10 11:41:32+00:00
EVT-0003664,IF_ORIM_MESPE_001,ORACLE_SCM,MES,Kafka,Async,Success,,,,1524,SESS-2FBDBFB91B,REQ-B6326E57901E,2026-09-14 17:57:48+00:00
EVT-0003670,IF_ORWMS_OROM_001,ORACLE_SCM,ORACLE_SCM,Kafka,Async,Success,,,,1547,SESS-42C92B95CD,REQ-D447FBFA2175,2026-09-12 04:49:29+00:00
EVT-0003675,IF_ORWMS_SAPQM_001,ORACLE_SCM,SAP_ERP,Kafka,Async,Success,,,,2474,SESS-8039B403C9,REQ-9150C650F35D,2026-09-12 10:35:09+00:00
EVT-0003676,IF_OROM_CRMOM_001,ORACLE_SCM,CRM,REST_API,REST,Success,,,,2817,SESS-08FFB36458,REQ-3CB286781D51,2026-09-10 15:36:01+00:00
EVT-0003680,IF_ORIM_MESPE_001,ORACLE_SCM,MES,Kafka,Async,Success,,,,1115,SESS-DA9D2561CB,REQ-6B79FB51B065,2026-09-13 07:08:02+00:00
EVT-0003684,IF_ORSC_ORIM_001,ORACLE_SCM,ORACLE_SCM,ESB,Sync,Success,,,,2090,SESS-324C4C6029,REQ-49EE72ABD07B,2026-09-10 07:22:46+00:00
EVT-0003687,IF_ORIM_ORWMS_001,ORACLE_SCM,ORACLE_SCM,ESB,Sync,Success,,,,924,SESS-CCC5E940E9,REQ-67EFE92307D8,2026-09-13 09:14:38+00:00
EVT-0003689,IF_OROM_CRMOM_001,ORACLE_SCM,CRM,REST_API,REST,Success,,,,2019,SESS-5FF3E6DD08,REQ-66B277E2B1CF,2026-09-12 19:56:28+00:00
EVT-0003692,IF_ORSC_SAPPP_001,ORACLE_SCM,SAP_ERP,Kafka,Async,Retry,CFG_017,Interface configuration mismatch,Configuration,2692,SESS-A9CBE9AD57,REQ-E5CE5FB2EA1E,2026-09-13 18:09:26+00:00
EVT-0003694,IF_ORWMS_OROM_001,ORACLE_SCM,ORACLE_SCM,Kafka,Async,Success,,,,1123,SESS-C713CBF1EF,REQ-B2D3250D16CE,2026-09-12 09:38:20+00:00
EVT-0003699,IF_ORSC_ORIM_001,ORACLE_SCM,ORACLE_SCM,ESB,Sync,Success,,,,2453,SESS-3231982887,REQ-B8EB2DFFBF30,2026-09-15 20:52:38+00:00
EVT-0003700,IF_ORWMS_SAPQM_001,ORACLE_SCM,SAP_ERP,Kafka,Async,Success,,,,1810,SESS-025DCB09FF,REQ-D72D73F43E60,2026-09-10 13:30:33+00:00
EVT-0003707,IF_ORWMS_OROM_001,ORACLE_SCM,ORACLE_SCM,Kafka,Async,Success,,,,1315,SESS-F7D3FE3AFD,REQ-6B56CBC280BE,2026-09-13 22:07:59+00:00
EVT-0003709,IF_ORWMS_OROM_001,ORACLE_SCM,ORACLE_SCM,Kafka,Async,Success,,,,1526,SESS-5727DE5EC7,REQ-749DC3453BDF,2026-09-12 02:08:58+00:00
EVT-0003711,IF_ORIM_ORWMS_001,ORACLE_SCM,ORACLE_SCM,ESB,Sync,Success,,,,916,SESS-22D6611387,REQ-87F4F4F542E3,2026-09-12 00:46:59+00:00
EVT-0003714,IF_ORSC_SAPPP_001,ORACLE_SCM,SAP_ERP,Kafka,Async,Success,,,,1597,SESS-6FC63B4C0E,REQ-D76654465722,2026-09-16 20:23:04+00:00
EVT-0003715,IF_ORIM_ORWMS_001,ORACLE_SCM,ORACLE_SCM,ESB,Sync,Success,,,,412,SESS-F2F69026BC,REQ-9FB420AB5EA0,2026-09-12 06:05:17+00:00
EVT-0003719,IF_ORWMS_OROM_001,ORACLE_SCM,ORACLE_SCM,Kafka,Async,Success,,,,1248,SESS-791F0A127D,REQ-4C27B169342E,2026-09-15 10:13:17+00:00
EVT-0003724,IF_ORIM_ORWMS_001,ORACLE_SCM,ORACLE_SCM,ESB,Sync,Success,,,,864,SESS-FC51372D5E,REQ-CA2F37D8E660,2026-09-10 06:36:17+00:00
EVT-0003729,IF_ORSC_ORIM_001,ORACLE_SCM,ORACLE_SCM,ESB,Sync,Success,,,,2292,SESS-A5A6525A27,REQ-2361D5F8210C,2026-09-10 07:14:41+00:00
EVT-0003733,IF_ORWMS_OROM_001,ORACLE_SCM,ORACLE_SCM,Kafka,Async,Success,,,,947,SESS-0ABB8C953D,REQ-DB788C822E72,2026-09-12 10:39:06+00:00
EVT-0003734,IF_ORSC_SAPPP_001,ORACLE_SCM,SAP_ERP,Kafka,Async,Success,,,,1620,SESS-8BED3B0371,REQ-AB0D541EFF48,2026-09-13 02:03:11+00:00
EVT-0003739,IF_ORIM_MESPE_001,ORACLE_SCM,MES,Kafka,Async,Success,,,,1788,SESS-649230ECD2,REQ-00A275156AE9,2026-09-15 01:49:13+00:00
EVT-0003742,IF_ORSC_SAPPP_001,ORACLE_SCM,SAP_ERP,Kafka,Async,Retry,INFRA_008,Runtime node unavailable,Infrastructure,2869,SESS-B812C7EE7B,REQ-FAC9D8959426,2026-09-12 20:26:39+00:00
EVT-0003744,IF_ORIM_SAPPROC_001,ORACLE_SCM,SAP_ERP,REST_API,REST,Success,,,,2394,SESS-61BFC96195,REQ-A966CE5B785D,2026-09-10 01:56:42+00:00
EVT-0003752,IF_ORIM_ORWMS_001,ORACLE_SCM,ORACLE_SCM,ESB,Sync,Success,,,,1154,SESS-499E4319AF,REQ-EAA4EAF87FE5,2026-09-14 14:05:01+00:00
EVT-0003753,IF_ORIM_SAPPROC_001,ORACLE_SCM,SAP_ERP,REST_API,REST,Success,,,,1756,SESS-38FE3C2062,REQ-B1A3B63FBFFD,2026-09-16 21:53:50+00:00
EVT-0003759,IF_ORWMS_OROM_001,ORACLE_SCM,ORACLE_SCM,Kafka,Async,Retry,AUTHZ_403,Caller is not authorized,Authorization,5374,SESS-5F020BAD3B,REQ-97E1A78E4D44,2026-09-15 21:45:56+00:00
EVT-0003762,IF_ORWMS_OROM_001,ORACLE_SCM,ORACLE_SCM,Kafka,Async,Success,,,,1259,SESS-D45B4E0FFF,REQ-98E86B5603E3,2026-09-13 07:44:06+00:00
EVT-0003766,IF_ORIM_MESPE_001,ORACLE_SCM,MES,Kafka,Async,Success,,,,1611,SESS-A44E991F5D,REQ-E3874A1E025B,2026-09-13 11:28:22+00:00
EVT-0003775,IF_OROM_CRMOM_001,ORACLE_SCM,CRM,REST_API,REST,Success,,,,2565,SESS-A65BC89C53,REQ-F1BBFBF33F17,2026-09-12 01:14:49+00:00
EVT-0003776,IF_OROM_CRMOM_001,ORACLE_SCM,CRM,REST_API,REST,Failed,EXT_502,Downstream service returned 502,External Service,14600,SESS-A9AEF517F9,REQ-1FAB03DCFD60,2026-09-16 12:24:19+00:00
EVT-0003779,IF_ORSC_ORIM_001,ORACLE_SCM,ORACLE_SCM,ESB,Sync,Retry,AUTHZ_403,Caller is not authorized,Authorization,6267,SESS-BCD1C588D6,REQ-A285009A15EF,2026-09-14 18:41:43+00:00
EVT-0003782,IF_ORWMS_SAPQM_001,ORACLE_SCM,SAP_ERP,Kafka,Async,Success,,,,2890,SESS-22DFC41A32,REQ-795F7C5A3209,2026-09-14 05:21:24+00:00
EVT-0003783,IF_ORIM_ORWMS_001,ORACLE_SCM,ORACLE_SCM,ESB,Sync,Success,,,,981,SESS-B0FDE1A855,REQ-6FAF7DF6ACDF,2026-09-13 05:09:38+00:00
EVT-0003790,IF_ORWMS_SAPQM_001,ORACLE_SCM,SAP_ERP,Kafka,Async,Success,,,,2595,SESS-0DFADA10D2,REQ-D6433065E66B,2026-09-14 19:55:30+00:00
EVT-0003801,IF_ORIM_ORWMS_001,ORACLE_SCM,ORACLE_SCM,ESB,Sync,Retry,AUTHZ_403,Caller is not authorized,Authorization,1637,SESS-6576991EA1,REQ-57964164BFF9,2026-09-10 14:56:37+00:00
EVT-0003803,IF_ORWMS_SAPQM_001,ORACLE_SCM,SAP_ERP,Kafka,Async,Retry,NET_CONN_003,Connection reset by peer,Network,3626,SESS-6F47397E07,REQ-761711CEA3BA,2026-09-16 09:28:00+00:00
EVT-0003805,IF_ORWMS_SAPQM_001,ORACLE_SCM,SAP_ERP,Kafka,Async,Success,,,,1779,SESS-BF40994AD6,REQ-5F808EC7FB2A,2026-09-10 07:10:36+00:00
EVT-0003808,IF_ORIM_ORWMS_001,ORACLE_SCM,ORACLE_SCM,ESB,Sync,Success,,,,667,SESS-288F1705CD,REQ-5977980B99ED,2026-09-11 05:06:23+00:00
EVT-0003811,IF_ORIM_SAPPROC_001,ORACLE_SCM,SAP_ERP,REST_API,REST,Success,,,,3289,SESS-88C23515AD,REQ-7657A0851030,2026-09-15 11:35:06+00:00
EVT-0003814,IF_ORIM_MESPE_001,ORACLE_SCM,MES,Kafka,Async,Success,,,,1304,SESS-FA71E6FEFE,REQ-4720E1CECFCE,2026-09-10 04:36:43+00:00
EVT-0003817,IF_ORIM_MESPE_001,ORACLE_SCM,MES,Kafka,Async,Success,,,,1893,SESS-B5B62A935E,REQ-CA6D5BC207D7,2026-09-10 20:42:05+00:00
EVT-0003819,IF_ORSC_SAPPP_001,ORACLE_SCM,SAP_ERP,Kafka,Async,Success,,,,1817,SESS-A97FB91991,REQ-4468695E0BE0,2026-09-16 19:40:14+00:00
EVT-0003820,IF_ORSC_SAPPP_001,ORACLE_SCM,SAP_ERP,Kafka,Async,Success,,,,1794,SESS-1D6115DCFA,REQ-B403FB634621,2026-09-11 11:20:39+00:00
EVT-0003822,IF_ORWMS_SAPQM_001,ORACLE_SCM,SAP_ERP,Kafka,Async,Success,,,,1404,SESS-6545A22663,REQ-B60337E76881,2026-09-15 20:26:51+00:00
EVT-0003823,IF_ORWMS_OROM_001,ORACLE_SCM,ORACLE_SCM,Kafka,Async,Success,,,,1485,SESS-8CDED48B59,REQ-2DBF7AA902E8,2026-09-14 06:58:30+00:00
EVT-0003824,IF_ORIM_MESPE_001,ORACLE_SCM,MES,Kafka,Async,Success,,,,1368,SESS-A70B5E753E,REQ-70EBABDCDFB7,2026-09-14 03:48:29+00:00
EVT-0003825,IF_ORSC_ORIM_001,ORACLE_SCM,ORACLE_SCM,ESB,Sync,Success,,,,2440,SESS-16229B0F25,REQ-88BCEA070696,2026-09-15 14:05:51+00:00
EVT-0003828,IF_ORWMS_OROM_001,ORACLE_SCM,ORACLE_SCM,Kafka,Async,Success,,,,1154,SESS-B3EDFAD60A,REQ-E3EF06148A81,2026-09-14 21:42:39+00:00
EVT-0003830,IF_OROM_CRMOM_001,ORACLE_SCM,CRM,REST_API,REST,Success,,,,2061,SESS-A5B88C1441,REQ-69B8DDBBE947,2026-09-10 02:29:13+00:00
EVT-0003834,IF_ORIM_SAPPROC_001,ORACLE_SCM,SAP_ERP,REST_API,REST,Success,,,,2624,SESS-93B34F6C78,REQ-B0B67F998247,2026-09-12 02:59:16+00:00
EVT-0003835,IF_ORWMS_OROM_001,ORACLE_SCM,ORACLE_SCM,Kafka,Async,Success,,,,1229,SESS-9A7CDC105C,REQ-EBB9D42E748E,2026-09-15 20:47:28+00:00
EVT-0003836,IF_ORSC_ORIM_001,ORACLE_SCM,ORACLE_SCM,ESB,Sync,Success,,,,2548,SESS-8023E3A2D5,REQ-28744F666D0B,2026-09-16 18:38:50+00:00
EVT-0003839,IF_ORIM_ORWMS_001,ORACLE_SCM,ORACLE_SCM,ESB,Sync,Success,,,,875,SESS-20D2318590,REQ-E12AC2FA6A81,2026-09-14 09:54:42+00:00
EVT-0003845,IF_ORIM_MESPE_001,ORACLE_SCM,MES,Kafka,Async,Success,,,,977,SESS-C2AD469370,REQ-F7C44696BDB7,2026-09-11 18:24:42+00:00
EVT-0003846,IF_ORIM_MESPE_001,ORACLE_SCM,MES,Kafka,Async,Success,,,,1478,SESS-1405E417A8,REQ-3CB1574393D0,2026-09-10 21:19:39+00:00
EVT-0003847,IF_ORWMS_SAPQM_001,ORACLE_SCM,SAP_ERP,Kafka,Async,Failed,AUTHZ_403,Caller is not authorized,Authorization,9287,SESS-FA03FFD99B,REQ-D793FF14A5F2,2026-09-10 13:47:22+00:00
EVT-0003849,IF_ORIM_SAPPROC_001,ORACLE_SCM,SAP_ERP,REST_API,REST,Retry,DB_COMMIT_014,Transaction commit failed,Database,3563,SESS-E6E85800CB,REQ-FAC5FB3C6A2D,2026-09-10 07:00:20+00:00
EVT-0003853,IF_ORWMS_SAPQM_001,ORACLE_SCM,SAP_ERP,Kafka,Async,Success,,,,1509,SESS-2BBE108818,REQ-6130A50CF478,2026-09-16 17:39:51+00:00
EVT-0003858,IF_ORWMS_OROM_001,ORACLE_SCM,ORACLE_SCM,Kafka,Async,Success,,,,1685,SESS-FB10C0FEFC,REQ-4315EAD614A8,2026-09-12 11:40:45+00:00
EVT-0003865,IF_OROM_CRMOM_001,ORACLE_SCM,CRM,REST_API,REST,Retry,CAP_003,Downstream service is at capacity,Capacity,7552,SESS-030E307108,REQ-C9A3BC12AADD,2026-09-16 13:27:59+00:00
EVT-0003867,IF_ORSC_SAPPP_001,ORACLE_SCM,SAP_ERP,Kafka,Async,Success,,,,1721,SESS-9BFC75196C,REQ-1F017AF8F5C0,2026-09-11 18:01:00+00:00
EVT-0003869,IF_ORSC_ORIM_001,ORACLE_SCM,ORACLE_SCM,ESB,Sync,Success,,,,2902,SESS-5363BCFED2,REQ-516D1BA16843,2026-09-10 09:30:40+00:00
EVT-0003871,IF_ORWMS_SAPQM_001,ORACLE_SCM,SAP_ERP,Kafka,Async,Success,,,,2397,SESS-64B6944ED7,REQ-BFB581F0D469,2026-09-14 05:54:01+00:00
EVT-0003872,IF_ORSC_ORIM_001,ORACLE_SCM,ORACLE_SCM,ESB,Sync,Success,,,,3018,SESS-1FFBA97984,REQ-47C2678E3218,2026-09-12 18:32:24+00:00
EVT-0003878,IF_ORSC_ORIM_001,ORACLE_SCM,ORACLE_SCM,ESB,Sync,Success,,,,2554,SESS-88F49DBE62,REQ-40DB843F0276,2026-09-16 00:27:54+00:00
EVT-0003879,IF_ORWMS_SAPQM_001,ORACLE_SCM,SAP_ERP,Kafka,Async,Success,,,,2542,SESS-92042BED61,REQ-FFC3974BFECE,2026-09-12 03:33:07+00:00
EVT-0003880,IF_ORWMS_SAPQM_001,ORACLE_SCM,SAP_ERP,Kafka,Async,Success,,,,3157,SESS-423FF5A673,REQ-3F016F74D0E0,2026-09-12 04:20:42+00:00
EVT-0003884,IF_ORWMS_SAPQM_001,ORACLE_SCM,SAP_ERP,Kafka,Async,Success,,,,2707,SESS-5ABA5C2937,REQ-F5281F9C8104,2026-09-10 11:58:47+00:00
EVT-0003889,IF_ORWMS_OROM_001,ORACLE_SCM,ORACLE_SCM,Kafka,Async,Success,,,,1121,SESS-D008A6CBF6,REQ-D6D454231097,2026-09-12 17:55:34+00:00
EVT-0003890,IF_ORWMS_OROM_001,ORACLE_SCM,ORACLE_SCM,Kafka,Async,Success,,,,1489,SESS-893EA2070F,REQ-D921FCAF71E7,2026-09-15 20:05:02+00:00
EVT-0003895,IF_OROM_CRMOM_001,ORACLE_SCM,CRM,REST_API,REST,Success,,,,2935,SESS-FFDBA71F2B,REQ-D18C08E24967,2026-09-14 05:16:28+00:00
EVT-0003898,IF_ORWMS_OROM_001,ORACLE_SCM,ORACLE_SCM,Kafka,Async,Success,,,,1561,SESS-3DE30A1E4F,REQ-6ED1AB6414E4,2026-09-14 22:21:18+00:00
EVT-0003899,IF_ORSC_ORIM_001,ORACLE_SCM,ORACLE_SCM,ESB,Sync,Success,,,,3184,SESS-98BD3AAA31,REQ-917B7C6F8627,2026-09-16 06:25:53+00:00
EVT-0003901,IF_ORSC_SAPPP_001,ORACLE_SCM,SAP_ERP,Kafka,Async,Success,,,,889,SESS-8D987766CD,REQ-772444DF4E56,2026-09-10 05:04:29+00:00
EVT-0003904,IF_ORSC_SAPPP_001,ORACLE_SCM,SAP_ERP,Kafka,Async,Retry,AUTH_401,Service credential rejected,Authentication,3761,SESS-C603EA81A1,REQ-6B1CC2C89712,2026-09-13 12:43:16+00:00
EVT-0003907,IF_OROM_CRMOM_001,ORACLE_SCM,CRM,REST_API,REST,Success,,,,2987,SESS-F55C526F35,REQ-D7DBF31F8B65,2026-09-11 19:29:39+00:00
EVT-0003911,IF_ORSC_SAPPP_001,ORACLE_SCM,SAP_ERP,Kafka,Async,Success,,,,1343,SESS-1F49030A20,REQ-D4E6FDA0C540,2026-09-16 05:57:31+00:00
EVT-0003912,IF_ORSC_ORIM_001,ORACLE_SCM,ORACLE_SCM,ESB,Sync,Success,,,,2086,SESS-D4961F4F85,REQ-D74FDDA98245,2026-09-16 09:27:33+00:00
EVT-0003914,IF_ORSC_ORIM_001,ORACLE_SCM,ORACLE_SCM,ESB,Sync,Success,,,,2422,SESS-93FF721AEC,REQ-C5765F9CDD01,2026-09-13 18:32:24+00:00
EVT-0003915,IF_ORIM_SAPPROC_001,ORACLE_SCM,SAP_ERP,REST_API,REST,Success,,,,3126,SESS-C7B2CA9A9C,REQ-DFFFC1D97424,2026-09-10 09:01:56+00:00
EVT-0003917,IF_ORWMS_OROM_001,ORACLE_SCM,ORACLE_SCM,Kafka,Async,Retry,NET_CONN_003,Connection reset by peer,Network,5351,SESS-3804580FD9,REQ-D95BD40D0011,2026-09-11 11:43:32+00:00
EVT-0003918,IF_ORIM_ORWMS_001,ORACLE_SCM,ORACLE_SCM,ESB,Sync,Success,,,,880,SESS-D90F70E510,REQ-566168F3600D,2026-09-13 10:20:22+00:00
EVT-0003920,IF_ORIM_SAPPROC_001,ORACLE_SCM,SAP_ERP,REST_API,REST,Success,,,,2845,SESS-E7C11AD86D,REQ-FAD4A30AF899,2026-09-14 06:08:24+00:00
EVT-0003921,IF_ORWMS_SAPQM_001,ORACLE_SCM,SAP_ERP,Kafka,Async,Success,,,,1503,SESS-10E12BB73E,REQ-CE9E32BFA4C2,2026-09-15 07:47:15+00:00
EVT-0003928,IF_ORWMS_SAPQM_001,ORACLE_SCM,SAP_ERP,Kafka,Async,Success,,,,2380,SESS-408664C4A0,REQ-E098A0A600DB,2026-09-14 20:54:21+00:00
EVT-0003935,IF_ORSC_ORIM_001,ORACLE_SCM,ORACLE_SCM,ESB,Sync,Success,,,,1990,SESS-D792BB8BE4,REQ-6887A084D09B,2026-09-12 04:37:23+00:00
EVT-0003941,IF_ORSC_SAPPP_001,ORACLE_SCM,SAP_ERP,Kafka,Async,Success,,,,1098,SESS-E069D89DA5,REQ-D9FF90BA35F7,2026-09-13 10:18:43+00:00
EVT-0003948,IF_ORWMS_OROM_001,ORACLE_SCM,ORACLE_SCM,Kafka,Async,Retry,DB_COMMIT_014,Transaction commit failed,Database,4197,SESS-C48326AC76,REQ-B9A279610269,2026-09-13 10:38:00+00:00
EVT-0003955,IF_ORIM_MESPE_001,ORACLE_SCM,MES,Kafka,Async,Success,,,,1234,SESS-870A038CA6,REQ-DE4D23D04C54,2026-09-15 17:41:58+00:00
EVT-0003961,IF_OROM_CRMOM_001,ORACLE_SCM,CRM,REST_API,REST,Success,,,,1550,SESS-546E1EE332,REQ-A00A5512C2DA,2026-09-14 03:39:02+00:00
EVT-0003964,IF_ORIM_SAPPROC_001,ORACLE_SCM,SAP_ERP,REST_API,REST,Success,,,,2708,SESS-9D8ABA68FA,REQ-ECBDE8AD1BEA,2026-09-14 21:50:46+00:00
EVT-0003965,IF_OROM_CRMOM_001,ORACLE_SCM,CRM,REST_API,REST,Success,,,,2105,SESS-72F66F78A9,REQ-7E4D9C8E1DA1,2026-09-14 09:50:46+00:00
EVT-0003968,IF_ORIM_MESPE_001,ORACLE_SCM,MES,Kafka,Async,Success,,,,1263,SESS-E59E340553,REQ-1F9BAA775BBD,2026-09-15 18:49:42+00:00
EVT-0003970,IF_OROM_CRMOM_001,ORACLE_SCM,CRM,REST_API,REST,Retry,INFRA_008,Runtime node unavailable,Infrastructure,8357,SESS-E28F5740AF,REQ-B1495256E675,2026-09-15 05:46:58+00:00
EVT-0003972,IF_OROM_CRMOM_001,ORACLE_SCM,CRM,REST_API,REST,Success,,,,1755,SESS-6079AA89F0,REQ-D788631BC5D5,2026-09-13 10:40:37+00:00
EVT-0003973,IF_ORWMS_OROM_001,ORACLE_SCM,ORACLE_SCM,Kafka,Async,Success,,,,1885,SESS-8D25CB4ED3,REQ-817142A8B8AA,2026-09-13 12:20:37+00:00
EVT-0003977,IF_ORSC_SAPPP_001,ORACLE_SCM,SAP_ERP,Kafka,Async,Success,,,,680,SESS-EBC132BC56,REQ-8E44F7C3273C,2026-09-10 00:02:12+00:00
EVT-0003982,IF_OROM_CRMOM_001,ORACLE_SCM,CRM,REST_API,REST,Retry,EXT_502,Downstream service returned 502,External Service,3785,SESS-7F639565C8,REQ-786CF023017A,2026-09-16 03:07:44+00:00
EVT-0003988,IF_ORIM_ORWMS_001,ORACLE_SCM,ORACLE_SCM,ESB,Sync,Success,,,,781,SESS-14C097B282,REQ-CBA1166D8EC0,2026-09-16 12:46:25+00:00
EVT-0003991,IF_ORIM_MESPE_001,ORACLE_SCM,MES,Kafka,Async,Success,,,,1940,SESS-E33F10C529,REQ-850C6B8A59E0,2026-09-16 23:48:30+00:00
EVT-0003992,IF_ORWMS_OROM_001,ORACLE_SCM,ORACLE_SCM,Kafka,Async,Failed,CFG_017,Interface configuration mismatch,Configuration,4118,SESS-57EA67F56A,REQ-E6D0898758AF,2026-09-14 03:19:54+00:00
EVT-0003994,IF_ORSC_SAPPP_001,ORACLE_SCM,SAP_ERP,Kafka,Async,Failed,CFG_017,Interface configuration mismatch,Configuration,7957,SESS-77EF96470E,REQ-856576E9A2FD,2026-09-16 10:36:28+00:00
EVT-0003995,IF_ORIM_SAPPROC_001,ORACLE_SCM,SAP_ERP,REST_API,REST,Failed,AUTHZ_403,Caller is not authorized,Authorization,12934,SESS-3B97134266,REQ-13A21AC0EBED,2026-09-14 10:18:05+00:00
EVT-0003996,IF_ORIM_ORWMS_001,ORACLE_SCM,ORACLE_SCM,ESB,Sync,Success,,,,1225,SESS-53D986F254,REQ-2DB69380735D,2026-09-15 08:47:01+00:00
EVT-0004001,IF_ORWMS_SAPQM_001,ORACLE_SCM,SAP_ERP,Kafka,Async,Success,,,,2946,SESS-95514487B4,REQ-783F4740E6A1,2026-09-13 00:42:42+00:00
EVT-0004004,IF_OROM_CRMOM_001,ORACLE_SCM,CRM,REST_API,REST,Success,,,,2540,SESS-A3B7A661B3,REQ-A71BBD7EFEC8,2026-09-10 15:43:50+00:00
EVT-0004009,IF_ORIM_ORWMS_001,ORACLE_SCM,ORACLE_SCM,ESB,Sync,Success,,,,776,SESS-3AAE5A6130,REQ-97B82AC6135E,2026-09-12 05:21:19+00:00
EVT-0004011,IF_ORSC_ORIM_001,ORACLE_SCM,ORACLE_SCM,ESB,Sync,Success,,,,1823,SESS-57CA1507F5,REQ-E2B62F1312D5,2026-09-11 00:02:04+00:00
EVT-0004014,IF_ORIM_SAPPROC_001,ORACLE_SCM,SAP_ERP,REST_API,REST,Success,,,,2237,SESS-649B8CEA81,REQ-E86C2C5134F1,2026-09-11 13:03:28+00:00
EVT-0004016,IF_ORSC_ORIM_001,ORACLE_SCM,ORACLE_SCM,ESB,Sync,Retry,CAP_003,Downstream service is at capacity,Capacity,6731,SESS-5BAA0C3AED,REQ-FDCE97423D2E,2026-09-16 06:33:10+00:00
EVT-0004021,IF_ORIM_SAPPROC_001,ORACLE_SCM,SAP_ERP,REST_API,REST,Success,,,,1958,SESS-F61ECF4B74,REQ-0CC07C51087E,2026-09-12 00:46:32+00:00
EVT-0004023,IF_ORSC_ORIM_001,ORACLE_SCM,ORACLE_SCM,ESB,Sync,Success,,,,1935,SESS-D1E59584B5,REQ-ED5652A117AC,2026-09-10 15:28:40+00:00
EVT-0004025,IF_ORIM_MESPE_001,ORACLE_SCM,MES,Kafka,Async,Success,,,,1642,SESS-86E2811282,REQ-05FD58986461,2026-09-11 03:23:46+00:00
EVT-0004029,IF_ORSC_ORIM_001,ORACLE_SCM,ORACLE_SCM,ESB,Sync,Success,,,,2392,SESS-D71C785F2F,REQ-5FE4BDEFA46C,2026-09-13 02:56:58+00:00
EVT-0004036,IF_ORWMS_SAPQM_001,ORACLE_SCM,SAP_ERP,Kafka,Async,Success,,,,3000,SESS-3C459C2D3B,REQ-0B35DA3F39E4,2026-09-11 19:38:31+00:00
EVT-0004039,IF_ORIM_ORWMS_001,ORACLE_SCM,ORACLE_SCM,ESB,Sync,Success,,,,938,SESS-A167C0C4BB,REQ-68189DC8ACE8,2026-09-13 01:10:05+00:00
EVT-0004041,IF_ORSC_SAPPP_001,ORACLE_SCM,SAP_ERP,Kafka,Async,Success,,,,1142,SESS-66AA240D8E,REQ-5AD233C8D62C,2026-09-15 09:14:15+00:00
EVT-0004052,IF_ORIM_SAPPROC_001,ORACLE_SCM,SAP_ERP,REST_API,REST,Success,,,,2849,SESS-DD50BA1023,REQ-E55A329D9520,2026-09-13 20:59:04+00:00
EVT-0004056,IF_ORIM_SAPPROC_001,ORACLE_SCM,SAP_ERP,REST_API,REST,Success,,,,1403,SESS-43A244588B,REQ-5A03261EEE20,2026-09-12 10:53:16+00:00
EVT-0004069,IF_ORSC_ORIM_001,ORACLE_SCM,ORACLE_SCM,ESB,Sync,Success,,,,2690,SESS-B3A74B7A59,REQ-B36F4E2B2FB3,2026-09-13 08:58:29+00:00
EVT-0004074,IF_ORSC_ORIM_001,ORACLE_SCM,ORACLE_SCM,ESB,Sync,Success,,,,2496,SESS-F863AAAD63,REQ-4363BB3DD352,2026-09-12 02:17:30+00:00
EVT-0004081,IF_ORIM_ORWMS_001,ORACLE_SCM,ORACLE_SCM,ESB,Sync,Success,,,,444,SESS-5461E07295,REQ-2A3555EF17AE,2026-09-14 01:14:01+00:00
EVT-0004088,IF_ORSC_SAPPP_001,ORACLE_SCM,SAP_ERP,Kafka,Async,Success,,,,1089,SESS-0BE867BACB,REQ-579E34423CB9,2026-09-10 14:07:58+00:00
EVT-0004092,IF_ORIM_ORWMS_001,ORACLE_SCM,ORACLE_SCM,ESB,Sync,Success,,,,942,SESS-6969386137,REQ-F4FA055C582F,2026-09-13 09:32:34+00:00
EVT-0004093,IF_ORSC_SAPPP_001,ORACLE_SCM,SAP_ERP,Kafka,Async,Retry,DB_COMMIT_014,Transaction commit failed,Database,4623,SESS-F87C5317BD,REQ-129E11D1C5D1,2026-09-11 13:59:17+00:00
EVT-0004095,IF_ORSC_SAPPP_001,ORACLE_SCM,SAP_ERP,Kafka,Async,Success,,,,1831,SESS-F4936A6730,REQ-41440790F7A4,2026-09-12 07:34:21+00:00
EVT-0004098,IF_OROM_CRMOM_001,ORACLE_SCM,CRM,REST_API,REST,Success,,,,2149,SESS-0ADD8B499F,REQ-DB6CA4ECE980,2026-09-13 18:01:58+00:00
EVT-0004099,IF_ORWMS_SAPQM_001,ORACLE_SCM,SAP_ERP,Kafka,Async,Success,,,,2127,SESS-5CD76A4174,REQ-9A79ED716418,2026-09-16 09:26:38+00:00
EVT-0004105,IF_ORSC_ORIM_001,ORACLE_SCM,ORACLE_SCM,ESB,Sync,Success,,,,2080,SESS-718E9D538A,REQ-CE9A1EAABB8F,2026-09-16 14:27:15+00:00
EVT-0004112,IF_OROM_CRMOM_001,ORACLE_SCM,CRM,REST_API,REST,Retry,CFG_017,Interface configuration mismatch,Configuration,7838,SESS-25D6AE32A8,REQ-CE24EC8CC431,2026-09-16 15:43:45+00:00
EVT-0004116,IF_OROM_CRMOM_001,ORACLE_SCM,CRM,REST_API,REST,Success,,,,2107,SESS-D6047FA796,REQ-9B33A75E4A5C,2026-09-13 12:15:20+00:00
EVT-0004125,IF_ORIM_ORWMS_001,ORACLE_SCM,ORACLE_SCM,ESB,Sync,Success,,,,745,SESS-65F63628A7,REQ-A52C2F7AF5F6,2026-09-16 06:31:22+00:00
EVT-0004137,IF_ORSC_SAPPP_001,ORACLE_SCM,SAP_ERP,Kafka,Async,Success,,,,1433,SESS-4FE21F5111,REQ-3C282647678C,2026-09-14 01:30:49+00:00
EVT-0004138,IF_ORIM_ORWMS_001,ORACLE_SCM,ORACLE_SCM,ESB,Sync,Success,,,,910,SESS-5851D9BE53,REQ-0CF754424B3F,2026-09-14 12:44:25+00:00
EVT-0004146,IF_ORIM_SAPPROC_001,ORACLE_SCM,SAP_ERP,REST_API,REST,Retry,AUTHZ_403,Caller is not authorized,Authorization,6364,SESS-0D9540677E,REQ-34954132FB8C,2026-09-10 13:48:56+00:00
EVT-0004149,IF_ORWMS_OROM_001,ORACLE_SCM,ORACLE_SCM,Kafka,Async,Success,,,,1097,SESS-F283E390C1,REQ-CFB683D60F6D,2026-09-15 06:57:30+00:00
EVT-0004150,IF_ORWMS_SAPQM_001,ORACLE_SCM,SAP_ERP,Kafka,Async,Success,,,,2681,SESS-B2ABA3D96A,REQ-234E9FD7FDFC,2026-09-11 20:59:04+00:00
EVT-0004159,IF_ORWMS_SAPQM_001,ORACLE_SCM,SAP_ERP,Kafka,Async,Success,,,,2593,SESS-4BC0AE38EA,REQ-DD7F07F03975,2026-09-16 11:06:32+00:00
EVT-0004161,IF_ORIM_SAPPROC_001,ORACLE_SCM,SAP_ERP,REST_API,REST,Success,,,,2649,SESS-AC0CF0CCE0,REQ-664CD3A869F8,2026-09-15 14:07:28+00:00
EVT-0004162,IF_ORSC_SAPPP_001,ORACLE_SCM,SAP_ERP,Kafka,Async,Success,,,,1641,SESS-A6F460D1D0,REQ-4AD982FB90DD,2026-09-11 22:20:10+00:00
EVT-0004168,IF_ORWMS_SAPQM_001,ORACLE_SCM,SAP_ERP,Kafka,Async,Success,,,,2122,SESS-CB6B587E39,REQ-6E796CA5A508,2026-09-11 13:05:45+00:00
EVT-0004170,IF_ORIM_MESPE_001,ORACLE_SCM,MES,Kafka,Async,Success,,,,1094,SESS-B19479345A,REQ-A0CC0CA38990,2026-09-11 12:12:25+00:00
EVT-0004172,IF_ORIM_MESPE_001,ORACLE_SCM,MES,Kafka,Async,Success,,,,1285,SESS-F853D2294D,REQ-2307A05E8EB9,2026-09-13 22:25:16+00:00
EVT-0004173,IF_ORWMS_OROM_001,ORACLE_SCM,ORACLE_SCM,Kafka,Async,Success,,,,1344,SESS-3133F83227,REQ-5E30F19625C0,2026-09-15 21:57:00+00:00
EVT-0004174,IF_ORWMS_OROM_001,ORACLE_SCM,ORACLE_SCM,Kafka,Async,Success,,,,1464,SESS-4182EE1FF7,REQ-2EBE6E4A309F,2026-09-14 22:38:06+00:00
EVT-0004177,IF_ORWMS_SAPQM_001,ORACLE_SCM,SAP_ERP,Kafka,Async,Success,,,,1651,SESS-86F63530D3,REQ-D3C034D8526A,2026-09-12 00:08:57+00:00
EVT-0004189,IF_ORWMS_OROM_001,ORACLE_SCM,ORACLE_SCM,Kafka,Async,Success,,,,1059,SESS-2C70902E6E,REQ-F754270E0DE8,2026-09-11 00:59:33+00:00
EVT-0004192,IF_ORSC_ORIM_001,ORACLE_SCM,ORACLE_SCM,ESB,Sync,Success,,,,3330,SESS-F408598C40,REQ-AD64B4828DB0,2026-09-16 06:36:28+00:00
EVT-0004196,IF_ORIM_SAPPROC_001,ORACLE_SCM,SAP_ERP,REST_API,REST,Success,,,,3025,SESS-0418B4AD89,REQ-BE6F73428A0C,2026-09-15 04:26:31+00:00
EVT-0004198,IF_ORIM_SAPPROC_001,ORACLE_SCM,SAP_ERP,REST_API,REST,Retry,NET_CONN_003,Connection reset by peer,Network,7729,SESS-D56CE23505,REQ-513EE2F77E99,2026-09-15 10:23:55+00:00
EVT-0004199,IF_ORIM_SAPPROC_001,ORACLE_SCM,SAP_ERP,REST_API,REST,Retry,CAP_003,Downstream service is at capacity,Capacity,3986,SESS-209862FA69,REQ-E44C3D19DA52,2026-09-16 10:04:53+00:00
EVT-0004204,IF_ORSC_SAPPP_001,ORACLE_SCM,SAP_ERP,Kafka,Async,Success,,,,1627,SESS-F454FB9B00,REQ-479CACBE9683,2026-09-13 08:31:44+00:00
EVT-0004209,IF_ORIM_ORWMS_001,ORACLE_SCM,ORACLE_SCM,ESB,Sync,Success,,,,793,SESS-E827BEFD1D,REQ-7F98D4BDFE9D,2026-09-11 05:34:53+00:00
EVT-0004210,IF_ORIM_ORWMS_001,ORACLE_SCM,ORACLE_SCM,ESB,Sync,Success,,,,999,SESS-BF0A5DF3F0,REQ-7C83CF0754D6,2026-09-16 21:08:18+00:00
EVT-0004221,IF_ORIM_MESPE_001,ORACLE_SCM,MES,Kafka,Async,Success,,,,804,SESS-2C9325A08B,REQ-A44DC264A509,2026-09-16 08:22:38+00:00
EVT-0004222,IF_ORSC_SAPPP_001,ORACLE_SCM,SAP_ERP,Kafka,Async,Success,,,,1547,SESS-26722F94B3,REQ-4D4AF3BF908D,2026-09-13 22:26:10+00:00
EVT-0004223,IF_ORSC_ORIM_001,ORACLE_SCM,ORACLE_SCM,ESB,Sync,Success,,,,2468,SESS-337CCF1B8A,REQ-0BFF9C9BDE9C,2026-09-14 10:32:52+00:00
EVT-0004230,IF_OROM_CRMOM_001,ORACLE_SCM,CRM,REST_API,REST,Success,,,,1828,SESS-ADC525ABC6,REQ-A80F20118FB5,2026-09-15 15:40:21+00:00
EVT-0004234,IF_OROM_CRMOM_001,ORACLE_SCM,CRM,REST_API,REST,Success,,,,2813,SESS-20EAB2DF01,REQ-6F1215A3E7A1,2026-09-16 03:37:40+00:00
EVT-0004237,IF_ORSC_SAPPP_001,ORACLE_SCM,SAP_ERP,Kafka,Async,Success,,,,1384,SESS-37164A21FC,REQ-B392ED3E62C6,2026-09-15 10:38:45+00:00
EVT-0004239,IF_ORSC_SAPPP_001,ORACLE_SCM,SAP_ERP,Kafka,Async,Success,,,,1538,SESS-8ED3086B4E,REQ-1FD2C9557C85,2026-09-15 15:49:26+00:00
EVT-0004240,IF_ORWMS_OROM_001,ORACLE_SCM,ORACLE_SCM,Kafka,Async,Success,,,,918,SESS-476124BE9C,REQ-A92E09C00E13,2026-09-16 08:11:36+00:00
EVT-0004244,IF_ORWMS_OROM_001,ORACLE_SCM,ORACLE_SCM,Kafka,Async,Success,,,,1682,SESS-3F008BFFC8,REQ-460892B80A4C,2026-09-10 04:14:37+00:00
EVT-0004245,IF_OROM_CRMOM_001,ORACLE_SCM,CRM,REST_API,REST,Success,,,,2620,SESS-38F7D9C424,REQ-9517126B88CA,2026-09-16 11:44:43+00:00
EVT-0004246,IF_ORIM_SAPPROC_001,ORACLE_SCM,SAP_ERP,REST_API,REST,Retry,AUTH_401,Service credential rejected,Authentication,6429,SESS-AB73EE74C0,REQ-7B7597415FC3,2026-09-13 12:54:35+00:00
EVT-0004251,IF_ORIM_SAPPROC_001,ORACLE_SCM,SAP_ERP,REST_API,REST,Success,,,,1427,SESS-24B30AA2AC,REQ-93E3C2406AE0,2026-09-16 03:48:43+00:00
EVT-0004254,IF_ORIM_MESPE_001,ORACLE_SCM,MES,Kafka,Async,Success,,,,1196,SESS-4C62A080FC,REQ-DC60F45DED59,2026-09-12 13:38:03+00:00
EVT-0004255,IF_ORWMS_OROM_001,ORACLE_SCM,ORACLE_SCM,Kafka,Async,Success,,,,1266,SESS-C446767B24,REQ-1EA1F99986B2,2026-09-15 16:50:23+00:00
EVT-0004259,IF_ORIM_ORWMS_001,ORACLE_SCM,ORACLE_SCM,ESB,Sync,Retry,CAP_003,Downstream service is at capacity,Capacity,2034,SESS-AE9112FEB9,REQ-0B2327776ABA,2026-09-11 01:02:46+00:00
EVT-0004263,IF_ORSC_ORIM_001,ORACLE_SCM,ORACLE_SCM,ESB,Sync,Success,,,,2220,SESS-928B88F306,REQ-1EC2D6ACBE7F,2026-09-11 20:54:39+00:00
EVT-0004269,IF_ORWMS_OROM_001,ORACLE_SCM,ORACLE_SCM,Kafka,Async,Success,,,,1262,SESS-FA811D8878,REQ-635E4EFECABF,2026-09-14 00:04:28+00:00
EVT-0004271,IF_ORWMS_SAPQM_001,ORACLE_SCM,SAP_ERP,Kafka,Async,Success,,,,1981,SESS-BEA2207A20,REQ-627728E48B7A,2026-09-15 08:47:23+00:00
EVT-0004273,IF_ORIM_ORWMS_001,ORACLE_SCM,ORACLE_SCM,ESB,Sync,Success,,,,243,SESS-1141F31102,REQ-A2BAF3F70D6B,2026-09-15 05:32:08+00:00
EVT-0004274,IF_ORIM_MESPE_001,ORACLE_SCM,MES,Kafka,Async,Retry,CFG_017,Interface configuration mismatch,Configuration,5193,SESS-8A94D7D181,REQ-B3263E9406A7,2026-09-15 08:14:03+00:00
EVT-0004278,IF_ORIM_SAPPROC_001,ORACLE_SCM,SAP_ERP,REST_API,REST,Success,,,,2907,SESS-9EF5D6FE60,REQ-8A28FFCFAAF2,2026-09-15 00:32:44+00:00
EVT-0004280,IF_ORWMS_SAPQM_001,ORACLE_SCM,SAP_ERP,Kafka,Async,Success,,,,2646,SESS-9B716C13FF,REQ-2C7775E6AAA3,2026-09-16 22:12:50+00:00
EVT-0004284,IF_OROM_CRMOM_001,ORACLE_SCM,CRM,REST_API,REST,Success,,,,1484,SESS-FA2C4EB188,REQ-472A8C33CAE9,2026-09-15 19:49:50+00:00
EVT-0004291,IF_ORSC_ORIM_001,ORACLE_SCM,ORACLE_SCM,ESB,Sync,Success,,,,3417,SESS-B7B85C698A,REQ-3F783CA17E14,2026-09-15 11:31:42+00:00
EVT-0004296,IF_ORIM_ORWMS_001,ORACLE_SCM,ORACLE_SCM,ESB,Sync,Retry,CFG_017,Interface configuration mismatch,Configuration,2892,SESS-3F03DBB6B9,REQ-A93DE490224C,2026-09-16 08:44:11+00:00
EVT-0004303,IF_ORIM_MESPE_001,ORACLE_SCM,MES,Kafka,Async,Success,,,,1140,SESS-81C54CE24E,REQ-101B11F35EF8,2026-09-15 22:27:23+00:00
EVT-0004305,IF_ORSC_ORIM_001,ORACLE_SCM,ORACLE_SCM,ESB,Sync,Success,,,,2116,SESS-8F27532853,REQ-FBE172DEBA63,2026-09-11 07:22:35+00:00
EVT-0004307,IF_ORWMS_OROM_001,ORACLE_SCM,ORACLE_SCM,Kafka,Async,Success,,,,1408,SESS-18E5F06506,REQ-72C2295C3F8C,2026-09-14 10:54:17+00:00
EVT-0004309,IF_ORWMS_SAPQM_001,ORACLE_SCM,SAP_ERP,Kafka,Async,Success,,,,1974,SESS-5F3398171A,REQ-52B6C56CB955,2026-09-11 19:54:25+00:00
EVT-0004316,IF_ORSC_SAPPP_001,ORACLE_SCM,SAP_ERP,Kafka,Async,Failed,TIME_004,Downstream response exceeded SLA,Timeout,8276,SESS-BCE47C0C09,REQ-DD08E8DCE0C3,2026-09-12 04:26:39+00:00
EVT-0004322,IF_ORSC_ORIM_001,ORACLE_SCM,ORACLE_SCM,ESB,Sync,Success,,,,2355,SESS-7345AAB8F2,REQ-52FAF06EFE14,2026-09-12 15:13:22+00:00
EVT-0004326,IF_ORIM_ORWMS_001,ORACLE_SCM,ORACLE_SCM,ESB,Sync,Success,,,,1220,SESS-4DDA4A5BEA,REQ-A2A585C166D1,2026-09-10 09:38:56+00:00
EVT-0004328,IF_ORWMS_OROM_001,ORACLE_SCM,ORACLE_SCM,Kafka,Async,Success,,,,963,SESS-4C03A0DBCE,REQ-4469AF33AD29,2026-09-11 05:00:20+00:00
EVT-0004329,IF_ORIM_SAPPROC_001,ORACLE_SCM,SAP_ERP,REST_API,REST,Success,,,,1597,SESS-76445358DA,REQ-856E9D5939F1,2026-09-14 08:02:43+00:00
EVT-0004334,IF_ORWMS_SAPQM_001,ORACLE_SCM,SAP_ERP,Kafka,Async,Success,,,,2235,SESS-00E60F3E85,REQ-99F99EAA92BB,2026-09-15 23:04:21+00:00
EVT-0004335,IF_OROM_CRMOM_001,ORACLE_SCM,CRM,REST_API,REST,Success,,,,1537,SESS-1E39E57840,REQ-0543F2726A9D,2026-09-13 06:46:30+00:00
EVT-0004343,IF_ORSC_SAPPP_001,ORACLE_SCM,SAP_ERP,Kafka,Async,Success,,,,1469,SESS-A084B0D0EF,REQ-608DF4EAA18B,2026-09-11 02:16:23+00:00
EVT-0004344,IF_ORSC_SAPPP_001,ORACLE_SCM,SAP_ERP,Kafka,Async,Success,,,,1715,SESS-3B60AB66E5,REQ-FA28E19D6EFE,2026-09-11 23:25:56+00:00
EVT-0004349,IF_ORWMS_SAPQM_001,ORACLE_SCM,SAP_ERP,Kafka,Async,Success,,,,1902,SESS-ADB0212C22,REQ-FC62B72CBF2D,2026-09-11 07:45:31+00:00
EVT-0004351,IF_ORIM_MESPE_001,ORACLE_SCM,MES,Kafka,Async,Success,,,,1247,SESS-209ED3E2A7,REQ-A010C100B3B1,2026-09-13 21:22:05+00:00
EVT-0004353,IF_OROM_CRMOM_001,ORACLE_SCM,CRM,REST_API,REST,Retry,AUTHZ_403,Caller is not authorized,Authorization,4323,SESS-DD0629E5D4,REQ-4703739BF9FE,2026-09-11 15:59:12+00:00
EVT-0004357,IF_ORIM_ORWMS_001,ORACLE_SCM,ORACLE_SCM,ESB,Sync,Failed,CAP_003,Downstream service is at capacity,Capacity,5135,SESS-B941216BE1,REQ-8A5CF63FCF20,2026-09-16 01:30:20+00:00
EVT-0004365,IF_OROM_CRMOM_001,ORACLE_SCM,CRM,REST_API,REST,Success,,,,2142,SESS-92D0214268,REQ-59BC5E2CEF66,2026-09-11 10:17:53+00:00
EVT-0004368,IF_ORSC_SAPPP_001,ORACLE_SCM,SAP_ERP,Kafka,Async,Success,,,,1552,SESS-490AF7D872,REQ-A40C25404F97,2026-09-15 12:41:52+00:00
EVT-0004370,IF_ORWMS_SAPQM_001,ORACLE_SCM,SAP_ERP,Kafka,Async,Success,,,,2592,SESS-ACB27A213B,REQ-4FAB7E7C4DFE,2026-09-11 13:41:29+00:00
EVT-0004375,IF_ORIM_SAPPROC_001,ORACLE_SCM,SAP_ERP,REST_API,REST,Success,,,,2417,SESS-7A80A58D9D,REQ-0C16F20C9817,2026-09-10 06:57:17+00:00
EVT-0004386,IF_ORWMS_SAPQM_001,ORACLE_SCM,SAP_ERP,Kafka,Async,Success,,,,2383,SESS-5E14B1D01F,REQ-4C32B20E3F8B,2026-09-12 04:38:06+00:00
EVT-0004389,IF_OROM_CRMOM_001,ORACLE_SCM,CRM,REST_API,REST,Success,,,,1089,SESS-52EB7B1EF4,REQ-7D9A81927BF1,2026-09-16 03:13:15+00:00
EVT-0004393,IF_ORWMS_SAPQM_001,ORACLE_SCM,SAP_ERP,Kafka,Async,Retry,DB_COMMIT_014,Transaction commit failed,Database,5505,SESS-AA85ED043D,REQ-7AC50B7BEFA0,2026-09-11 07:30:38+00:00
EVT-0004396,IF_ORSC_ORIM_001,ORACLE_SCM,ORACLE_SCM,ESB,Sync,Success,,,,2273,SESS-11798FBE43,REQ-BC75917A9D03,2026-09-15 22:52:07+00:00
EVT-0004399,IF_ORWMS_SAPQM_001,ORACLE_SCM,SAP_ERP,Kafka,Async,Retry,AUTHZ_403,Caller is not authorized,Authorization,3704,SESS-E461C90384,REQ-7E9720E1940F,2026-09-14 02:50:16+00:00
EVT-0004400,IF_ORIM_ORWMS_001,ORACLE_SCM,ORACLE_SCM,ESB,Sync,Success,,,,815,SESS-2DAE5155F4,REQ-0AE981505B53,2026-09-14 04:10:00+00:00
EVT-0004404,IF_ORWMS_SAPQM_001,ORACLE_SCM,SAP_ERP,Kafka,Async,Success,,,,1463,SESS-9B2BC52E40,REQ-CC4D21E235E5,2026-09-15 12:42:50+00:00
EVT-0004406,IF_ORIM_MESPE_001,ORACLE_SCM,MES,Kafka,Async,Retry,CFG_017,Interface configuration mismatch,Configuration,5344,SESS-E1ED1BC6D4,REQ-AEBBA8A6A680,2026-09-10 16:55:46+00:00
EVT-0004407,IF_ORWMS_OROM_001,ORACLE_SCM,ORACLE_SCM,Kafka,Async,Success,,,,1288,SESS-59BD648826,REQ-EB13A9565AB2,2026-09-11 18:35:10+00:00
EVT-0004409,IF_OROM_CRMOM_001,ORACLE_SCM,CRM,REST_API,REST,Failed,INFRA_008,Runtime node unavailable,Infrastructure,4009,SESS-4C3B07105D,REQ-05D82E92A987,2026-09-16 00:22:22+00:00
EVT-0004410,IF_OROM_CRMOM_001,ORACLE_SCM,CRM,REST_API,REST,Success,,,,2316,SESS-42030396CD,REQ-1B1ECD20D4F5,2026-09-15 18:03:39+00:00
EVT-0004413,IF_ORSC_ORIM_001,ORACLE_SCM,ORACLE_SCM,ESB,Sync,Retry,CFG_017,Interface configuration mismatch,Configuration,4820,SESS-A0D24EA9B7,REQ-DD7708209879,2026-09-12 00:06:41+00:00
EVT-0004416,IF_ORIM_SAPPROC_001,ORACLE_SCM,SAP_ERP,REST_API,REST,Success,,,,1750,SESS-1E4FD76386,REQ-45681A927313,2026-09-11 22:33:40+00:00
EVT-0004420,IF_ORIM_MESPE_001,ORACLE_SCM,MES,Kafka,Async,Success,,,,1434,SESS-3339F23C9F,REQ-AE9FC5B935B8,2026-09-12 03:58:02+00:00
EVT-0004422,IF_ORSC_SAPPP_001,ORACLE_SCM,SAP_ERP,Kafka,Async,Success,,,,1054,SESS-261664B43A,REQ-EA567FBE00AF,2026-09-14 10:13:29+00:00
EVT-0004426,IF_ORSC_ORIM_001,ORACLE_SCM,ORACLE_SCM,ESB,Sync,Success,,,,2707,SESS-11453D2404,REQ-1E30430D00FB,2026-09-13 20:01:38+00:00
EVT-0004446,IF_ORIM_MESPE_001,ORACLE_SCM,MES,Kafka,Async,Failed,TIME_004,Downstream response exceeded SLA,Timeout,4352,SESS-7E8B355597,REQ-0CE1FA7E6140,2026-09-13 21:50:45+00:00
EVT-0004447,IF_ORWMS_SAPQM_001,ORACLE_SCM,SAP_ERP,Kafka,Async,Success,,,,1932,SESS-009DB53EBE,REQ-F715F0F7F493,2026-09-15 09:21:00+00:00
EVT-0004449,IF_ORIM_SAPPROC_001,ORACLE_SCM,SAP_ERP,REST_API,REST,Success,,,,2760,SESS-87A6054248,REQ-B8DC1C84F889,2026-09-14 23:10:53+00:00
EVT-0004452,IF_ORSC_SAPPP_001,ORACLE_SCM,SAP_ERP,Kafka,Async,Failed,TIME_004,Downstream response exceeded SLA,Timeout,11074,SESS-99F4408553,REQ-3EE3172ED1C8,2026-09-16 19:43:34+00:00
EVT-0004453,IF_ORSC_ORIM_001,ORACLE_SCM,ORACLE_SCM,ESB,Sync,Success,,,,3406,SESS-B406509F77,REQ-0A856263B9CD,2026-09-11 11:37:16+00:00
EVT-0004455,IF_ORIM_SAPPROC_001,ORACLE_SCM,SAP_ERP,REST_API,REST,Success,,,,2440,SESS-04EFD689F3,REQ-61BB0394B529,2026-09-11 00:51:32+00:00
EVT-0004459,IF_ORSC_ORIM_001,ORACLE_SCM,ORACLE_SCM,ESB,Sync,Success,,,,1697,SESS-75210F4BC0,REQ-0E28C35FA107,2026-09-11 10:54:11+00:00
EVT-0004461,IF_ORIM_ORWMS_001,ORACLE_SCM,ORACLE_SCM,ESB,Sync,Retry,DB_COMMIT_014,Transaction commit failed,Database,2841,SESS-568B715178,REQ-4EBEF16ED4A9,2026-09-15 00:31:21+00:00
EVT-0004463,IF_ORWMS_OROM_001,ORACLE_SCM,ORACLE_SCM,Kafka,Async,Success,,,,1156,SESS-D2255FAC1F,REQ-33452BAE5705,2026-09-10 03:38:51+00:00
EVT-0004469,IF_ORSC_ORIM_001,ORACLE_SCM,ORACLE_SCM,ESB,Sync,Retry,CAP_003,Downstream service is at capacity,Capacity,4248,SESS-C94DD7C180,REQ-3ACCA42226CE,2026-09-10 16:36:31+00:00
EVT-0004472,IF_ORIM_ORWMS_001,ORACLE_SCM,ORACLE_SCM,ESB,Sync,Success,,,,743,SESS-801FA4C91C,REQ-F92447076DAE,2026-09-13 14:26:18+00:00
EVT-0004473,IF_ORSC_SAPPP_001,ORACLE_SCM,SAP_ERP,Kafka,Async,Failed,INFRA_008,Runtime node unavailable,Infrastructure,9073,SESS-63BBF60709,REQ-528854C629EC,2026-09-16 10:57:10+00:00
EVT-0004474,IF_ORWMS_OROM_001,ORACLE_SCM,ORACLE_SCM,Kafka,Async,Success,,,,1853,SESS-B60E278A19,REQ-02A59EF60329,2026-09-12 10:31:37+00:00
EVT-0004475,IF_ORSC_SAPPP_001,ORACLE_SCM,SAP_ERP,Kafka,Async,Retry,EXT_502,Downstream service returned 502,External Service,5073,SESS-341FFCBA14,REQ-B1FEAF44E262,2026-09-16 15:28:39+00:00
EVT-0004484,IF_ORSC_ORIM_001,ORACLE_SCM,ORACLE_SCM,ESB,Sync,Retry,AUTH_401,Service credential rejected,Authentication,7757,SESS-647335E86E,REQ-607097EA41F2,2026-09-12 01:53:44+00:00
EVT-0004485,IF_ORWMS_SAPQM_001,ORACLE_SCM,SAP_ERP,Kafka,Async,Success,,,,1350,SESS-3E896AA6CC,REQ-7D05C2CF0BCD,2026-09-15 09:12:45+00:00
EVT-0004487,IF_ORIM_ORWMS_001,ORACLE_SCM,ORACLE_SCM,ESB,Sync,Success,,,,830,SESS-5E890701A0,REQ-50D2DA0B81BF,2026-09-15 06:58:54+00:00
EVT-0004489,IF_ORWMS_OROM_001,ORACLE_SCM,ORACLE_SCM,Kafka,Async,Retry,CFG_017,Interface configuration mismatch,Configuration,4857,SESS-C30A23FFFA,REQ-2D6AB286034E,2026-09-14 08:39:19+00:00
EVT-0004496,IF_ORSC_ORIM_001,ORACLE_SCM,ORACLE_SCM,ESB,Sync,Success,,,,2986,SESS-5F94BD211B,REQ-10245D5FD445,2026-09-12 06:57:14+00:00
EVT-0004501,IF_ORSC_ORIM_001,ORACLE_SCM,ORACLE_SCM,ESB,Sync,Success,,,,1693,SESS-C22E9D6B94,REQ-9C4D3AC209CF,2026-09-13 11:37:12+00:00
EVT-0004508,IF_ORIM_MESPE_001,ORACLE_SCM,MES,Kafka,Async,Success,,,,1571,SESS-5232BA9A42,REQ-3BCA1C5DB1A6,2026-09-16 14:26:44+00:00
EVT-0004509,IF_ORWMS_OROM_001,ORACLE_SCM,ORACLE_SCM,Kafka,Async,Success,,,,2085,SESS-52B01743E0,REQ-3C30FE0BBE86,2026-09-13 16:02:13+00:00
EVT-0004511,IF_ORSC_ORIM_001,ORACLE_SCM,ORACLE_SCM,ESB,Sync,Success,,,,2615,SESS-FBC50F7260,REQ-5DC9CC6D1241,2026-09-16 01:35:06+00:00
EVT-0004512,IF_ORSC_ORIM_001,ORACLE_SCM,ORACLE_SCM,ESB,Sync,Success,,,,3769,SESS-2B64FEFC0E,REQ-212DD1D5C70C,2026-09-12 05:52:23+00:00
EVT-0004514,IF_ORSC_SAPPP_001,ORACLE_SCM,SAP_ERP,Kafka,Async,Success,,,,1260,SESS-631309603D,REQ-228D1FEDE98A,2026-09-15 19:14:28+00:00
EVT-0004515,IF_ORIM_SAPPROC_001,ORACLE_SCM,SAP_ERP,REST_API,REST,Success,,,,1760,SESS-F558105D81,REQ-DAAF79690D8D,2026-09-12 16:37:45+00:00
EVT-0004518,IF_ORIM_SAPPROC_001,ORACLE_SCM,SAP_ERP,REST_API,REST,Success,,,,2843,SESS-8C4C28F72E,REQ-D19E33A01719,2026-09-11 04:22:56+00:00
EVT-0004519,IF_ORIM_SAPPROC_001,ORACLE_SCM,SAP_ERP,REST_API,REST,Success,,,,2079,SESS-7F7A912CB4,REQ-CACA581C9869,2026-09-10 05:57:39+00:00
EVT-0004520,IF_OROM_CRMOM_001,ORACLE_SCM,CRM,REST_API,REST,Success,,,,2011,SESS-9A381721B6,REQ-1761A746083E,2026-09-16 06:23:22+00:00
EVT-0004522,IF_ORIM_SAPPROC_001,ORACLE_SCM,SAP_ERP,REST_API,REST,Success,,,,1465,SESS-5553A22F92,REQ-00B0C0A71BA7,2026-09-16 19:34:09+00:00
EVT-0004523,IF_ORSC_SAPPP_001,ORACLE_SCM,SAP_ERP,Kafka,Async,Success,,,,1414,SESS-F166AC32D3,REQ-E4EB3E7DEAB1,2026-09-16 10:03:51+00:00
EVT-0004524,IF_ORIM_ORWMS_001,ORACLE_SCM,ORACLE_SCM,ESB,Sync,Success,,,,713,SESS-D9710D5ECF,REQ-38CF2012067D,2026-09-14 13:14:01+00:00
EVT-0004525,IF_ORSC_SAPPP_001,ORACLE_SCM,SAP_ERP,Kafka,Async,Success,,,,1142,SESS-C0E225EC24,REQ-E5D54B3C8E90,2026-09-11 03:21:13+00:00
EVT-0004526,IF_ORSC_SAPPP_001,ORACLE_SCM,SAP_ERP,Kafka,Async,Success,,,,1541,SESS-49CE605E9F,REQ-E0A561B8F4A8,2026-09-11 17:24:14+00:00
EVT-0004531,IF_ORIM_SAPPROC_001,ORACLE_SCM,SAP_ERP,REST_API,REST,Success,,,,2738,SESS-A7FA0F1742,REQ-00A34F41671F,2026-09-14 06:38:21+00:00
EVT-0004532,IF_ORIM_ORWMS_001,ORACLE_SCM,ORACLE_SCM,ESB,Sync,Success,,,,1148,SESS-10BE81B494,REQ-C2178414A16D,2026-09-15 19:16:45+00:00
EVT-0004537,IF_ORSC_SAPPP_001,ORACLE_SCM,SAP_ERP,Kafka,Async,Failed,TIME_004,Downstream response exceeded SLA,Timeout,3066,SESS-C79FA0D6A3,REQ-6481D7A49993,2026-09-13 13:06:12+00:00
EVT-0004541,IF_ORWMS_OROM_001,ORACLE_SCM,ORACLE_SCM,Kafka,Async,Success,,,,1645,SESS-8DA7FB61E0,REQ-FD0DFF9D0548,2026-09-10 23:55:39+00:00
EVT-0004543,IF_ORIM_ORWMS_001,ORACLE_SCM,ORACLE_SCM,ESB,Sync,Retry,INFRA_008,Runtime node unavailable,Infrastructure,2870,SESS-2A7E551D30,REQ-847572564250,2026-09-16 01:02:08+00:00
EVT-0004545,IF_ORIM_ORWMS_001,ORACLE_SCM,ORACLE_SCM,ESB,Sync,Success,,,,785,SESS-7B610B4D75,REQ-513954B2261E,2026-09-11 03:22:07+00:00
EVT-0004549,IF_ORSC_SAPPP_001,ORACLE_SCM,SAP_ERP,Kafka,Async,Success,,,,1493,SESS-7F57E8F43B,REQ-ACBE745CD9E5,2026-09-15 20:40:50+00:00
EVT-0004552,IF_ORIM_ORWMS_001,ORACLE_SCM,ORACLE_SCM,ESB,Sync,Retry,VAL_400,Required business field failed validation,Validation,3259,SESS-F3D2506D3E,REQ-B357A8CA1A4E,2026-09-14 19:30:48+00:00
EVT-0004553,IF_ORIM_MESPE_001,ORACLE_SCM,MES,Kafka,Async,Success,,,,1816,SESS-E8A2356058,REQ-85F6818AEE91,2026-09-15 21:27:25+00:00
EVT-0004555,IF_ORWMS_SAPQM_001,ORACLE_SCM,SAP_ERP,Kafka,Async,Success,,,,2875,SESS-9593143266,REQ-BE8E2A4AA0E5,2026-09-12 04:17:54+00:00
EVT-0004559,IF_ORWMS_SAPQM_001,ORACLE_SCM,SAP_ERP,Kafka,Async,Success,,,,2591,SESS-9E1AA16F8A,REQ-258B7D70F2A3,2026-09-10 12:20:05+00:00
EVT-0004565,IF_OROM_CRMOM_001,ORACLE_SCM,CRM,REST_API,REST,Failed,CAP_003,Downstream service is at capacity,Capacity,17226,SESS-1726ED7CD7,REQ-D7AC65DE155B,2026-09-13 20:27:57+00:00
EVT-0004573,IF_ORSC_SAPPP_001,ORACLE_SCM,SAP_ERP,Kafka,Async,Success,,,,989,SESS-F88A2B7F47,REQ-1099517D3B25,2026-09-10 00:31:09+00:00
EVT-0004575,IF_ORWMS_OROM_001,ORACLE_SCM,ORACLE_SCM,Kafka,Async,Success,,,,1425,SESS-2C7AE4E4C4,REQ-F4B82B11D6F4,2026-09-10 01:12:21+00:00
EVT-0004583,IF_ORSC_SAPPP_001,ORACLE_SCM,SAP_ERP,Kafka,Async,Success,,,,733,SESS-D5F89626A5,REQ-120992842E45,2026-09-13 20:19:54+00:00
EVT-0004586,IF_ORWMS_OROM_001,ORACLE_SCM,ORACLE_SCM,Kafka,Async,Retry,CFG_017,Interface configuration mismatch,Configuration,2987,SESS-7A76957A24,REQ-78CB9C372AD1,2026-09-15 13:42:10+00:00
EVT-0004587,IF_ORIM_SAPPROC_001,ORACLE_SCM,SAP_ERP,REST_API,REST,Failed,EXT_502,Downstream service returned 502,External Service,6159,SESS-AF426729DF,REQ-0669253E7008,2026-09-13 09:54:23+00:00
EVT-0004588,IF_OROM_CRMOM_001,ORACLE_SCM,CRM,REST_API,REST,Success,,,,2095,SESS-F81DAAF7CA,REQ-E2BE43F0DE43,2026-09-11 17:25:33+00:00
EVT-0004589,IF_ORWMS_OROM_001,ORACLE_SCM,ORACLE_SCM,Kafka,Async,Success,,,,1870,SESS-266AA99A40,REQ-1E293A5B7418,2026-09-13 13:12:18+00:00
EVT-0004596,IF_OROM_CRMOM_001,ORACLE_SCM,CRM,REST_API,REST,Success,,,,1841,SESS-3935E708BC,REQ-5545FD9962A2,2026-09-16 04:37:24+00:00
EVT-0004598,IF_ORWMS_OROM_001,ORACLE_SCM,ORACLE_SCM,Kafka,Async,Retry,CAP_003,Downstream service is at capacity,Capacity,5003,SESS-015F63BBA3,REQ-B683D16AE45B,2026-09-10 21:18:53+00:00
EVT-0004600,IF_ORSC_SAPPP_001,ORACLE_SCM,SAP_ERP,Kafka,Async,Retry,DB_COMMIT_014,Transaction commit failed,Database,4948,SESS-9383636806,REQ-6F95E1ED82E2,2026-09-16 04:34:35+00:00
EVT-0004603,IF_ORIM_SAPPROC_001,ORACLE_SCM,SAP_ERP,REST_API,REST,Success,,,,2786,SESS-7E3FCA9872,REQ-5709D2828DD9,2026-09-12 12:15:12+00:00
EVT-0004605,IF_ORSC_SAPPP_001,ORACLE_SCM,SAP_ERP,Kafka,Async,Success,,,,1459,SESS-796377C8CC,REQ-D0676991C317,2026-09-14 06:38:00+00:00
EVT-0004612,IF_ORWMS_OROM_001,ORACLE_SCM,ORACLE_SCM,Kafka,Async,Success,,,,1128,SESS-6936F5EBB1,REQ-BC15CEF11964,2026-09-14 04:11:39+00:00
EVT-0004615,IF_ORIM_SAPPROC_001,ORACLE_SCM,SAP_ERP,REST_API,REST,Success,,,,2087,SESS-DA8D6EAC88,REQ-1FFC718C02BB,2026-09-15 16:38:41+00:00
EVT-0004618,IF_ORWMS_SAPQM_001,ORACLE_SCM,SAP_ERP,Kafka,Async,Retry,VAL_400,Required business field failed validation,Validation,6208,SESS-A1DCEAF79C,REQ-BEFED9A68888,2026-09-15 18:11:33+00:00
EVT-0004620,IF_ORSC_ORIM_001,ORACLE_SCM,ORACLE_SCM,ESB,Sync,Success,,,,1681,SESS-154D2EA301,REQ-AA0DD06160A8,2026-09-16 18:35:32+00:00
EVT-0004621,IF_ORSC_ORIM_001,ORACLE_SCM,ORACLE_SCM,ESB,Sync,Success,,,,1159,SESS-DE8BACACB1,REQ-D169F72AF14C,2026-09-15 04:26:38+00:00
EVT-0004625,IF_ORWMS_SAPQM_001,ORACLE_SCM,SAP_ERP,Kafka,Async,Success,,,,2915,SESS-6346AF7DF6,REQ-EC450C857A6F,2026-09-16 17:53:17+00:00
EVT-0004626,IF_ORWMS_SAPQM_001,ORACLE_SCM,SAP_ERP,Kafka,Async,Success,,,,2278,SESS-43312E0253,REQ-34590D2B091C,2026-09-14 14:50:04+00:00
EVT-0004628,IF_ORIM_ORWMS_001,ORACLE_SCM,ORACLE_SCM,ESB,Sync,Success,,,,956,SESS-12BC952D95,REQ-1C6E23C391B4,2026-09-13 21:12:54+00:00
EVT-0004629,IF_ORWMS_OROM_001,ORACLE_SCM,ORACLE_SCM,Kafka,Async,Retry,NET_CONN_003,Connection reset by peer,Network,2836,SESS-19AD3BC607,REQ-5556A7F5F9D6,2026-09-10 07:17:09+00:00
EVT-0004639,IF_ORIM_ORWMS_001,ORACLE_SCM,ORACLE_SCM,ESB,Sync,Retry,CAP_003,Downstream service is at capacity,Capacity,3556,SESS-C030E41350,REQ-709984BBD5B2,2026-09-15 15:12:46+00:00
EVT-0004641,IF_ORIM_MESPE_001,ORACLE_SCM,MES,Kafka,Async,Success,,,,1262,SESS-F51003D4EC,REQ-4168F08595BC,2026-09-14 20:43:11+00:00
EVT-0004645,IF_OROM_CRMOM_001,ORACLE_SCM,CRM,REST_API,REST,Retry,INFRA_008,Runtime node unavailable,Infrastructure,6996,SESS-424B0B6A85,REQ-2B0B2D85613E,2026-09-14 21:31:50+00:00
EVT-0004646,IF_ORIM_MESPE_001,ORACLE_SCM,MES,Kafka,Async,Success,,,,1218,SESS-0CE735D127,REQ-E55CEDF4382F,2026-09-16 00:52:15+00:00
EVT-0004647,IF_ORWMS_SAPQM_001,ORACLE_SCM,SAP_ERP,Kafka,Async,Success,,,,2706,SESS-9794C6BB8C,REQ-85526886F7B5,2026-09-11 17:14:44+00:00
EVT-0004652,IF_ORIM_ORWMS_001,ORACLE_SCM,ORACLE_SCM,ESB,Sync,Retry,EXT_502,Downstream service returned 502,External Service,1964,SESS-A40BCA6E72,REQ-4A9FDCD79578,2026-09-14 06:12:38+00:00
EVT-0004653,IF_ORIM_SAPPROC_001,ORACLE_SCM,SAP_ERP,REST_API,REST,Retry,CFG_017,Interface configuration mismatch,Configuration,7531,SESS-BF99CC1C4F,REQ-FA5FB9B8B39E,2026-09-10 01:05:10+00:00
EVT-0004657,IF_OROM_CRMOM_001,ORACLE_SCM,CRM,REST_API,REST,Success,,,,1805,SESS-7A576DC033,REQ-69116082C4C5,2026-09-11 08:12:42+00:00
EVT-0004659,IF_ORIM_MESPE_001,ORACLE_SCM,MES,Kafka,Async,Retry,TIME_004,Downstream response exceeded SLA,Timeout,4440,SESS-FC0E1B2A82,REQ-745D188F111F,2026-09-13 01:57:55+00:00
EVT-0004666,IF_ORSC_SAPPP_001,ORACLE_SCM,SAP_ERP,Kafka,Async,Success,,,,1853,SESS-31E82178E2,REQ-2FE0E9C19FE5,2026-09-14 05:25:48+00:00
EVT-0004670,IF_ORWMS_SAPQM_001,ORACLE_SCM,SAP_ERP,Kafka,Async,Success,,,,2129,SESS-4BC51E0E69,REQ-9F6F1805B8BC,2026-09-10 01:05:14+00:00
EVT-0004672,IF_ORSC_SAPPP_001,ORACLE_SCM,SAP_ERP,Kafka,Async,Success,,,,1016,SESS-0449C2AAAA,REQ-54D1A0462247,2026-09-14 23:41:53+00:00
EVT-0004673,IF_ORSC_SAPPP_001,ORACLE_SCM,SAP_ERP,Kafka,Async,Success,,,,1585,SESS-75ED77B20A,REQ-A03BDD9545B2,2026-09-16 04:36:00+00:00
EVT-0004674,IF_ORSC_ORIM_001,ORACLE_SCM,ORACLE_SCM,ESB,Sync,Success,,,,2114,SESS-35796118F9,REQ-2822E981723E,2026-09-12 20:11:53+00:00
EVT-0004680,IF_ORSC_SAPPP_001,ORACLE_SCM,SAP_ERP,Kafka,Async,Retry,DB_COMMIT_014,Transaction commit failed,Database,3695,SESS-7620C89EC0,REQ-904B92670B7E,2026-09-11 07:03:03+00:00
EVT-0004681,IF_ORIM_SAPPROC_001,ORACLE_SCM,SAP_ERP,REST_API,REST,Success,,,,2838,SESS-10C3D4C51C,REQ-6F0EBB3E7F78,2026-09-13 20:59:15+00:00
EVT-0004689,IF_ORWMS_OROM_001,ORACLE_SCM,ORACLE_SCM,Kafka,Async,Success,,,,1555,SESS-8615F441DE,REQ-951D6CE7863D,2026-09-14 03:38:51+00:00
EVT-0004691,IF_ORSC_ORIM_001,ORACLE_SCM,ORACLE_SCM,ESB,Sync,Success,,,,2505,SESS-BB39DD8D17,REQ-E2BE546A4944,2026-09-13 14:56:36+00:00
EVT-0004692,IF_ORIM_MESPE_001,ORACLE_SCM,MES,Kafka,Async,Success,,,,1585,SESS-3B8292AAE8,REQ-EBE417E85C4B,2026-09-11 08:59:59+00:00
EVT-0004693,IF_ORSC_SAPPP_001,ORACLE_SCM,SAP_ERP,Kafka,Async,Success,,,,1645,SESS-001E779BAA,REQ-8F006714C2FA,2026-09-13 17:42:42+00:00
EVT-0004694,IF_ORWMS_SAPQM_001,ORACLE_SCM,SAP_ERP,Kafka,Async,Success,,,,2612,SESS-14B72FA2BF,REQ-CDA89902238B,2026-09-14 03:19:16+00:00
EVT-0004697,IF_ORWMS_OROM_001,ORACLE_SCM,ORACLE_SCM,Kafka,Async,Success,,,,1686,SESS-CE2F8A0ED6,REQ-DA6627F301D0,2026-09-12 20:48:59+00:00
EVT-0004699,IF_ORSC_SAPPP_001,ORACLE_SCM,SAP_ERP,Kafka,Async,Success,,,,1338,SESS-72652026B7,REQ-D7D0C078340D,2026-09-16 10:44:03+00:00
EVT-0004703,IF_ORIM_SAPPROC_001,ORACLE_SCM,SAP_ERP,REST_API,REST,Success,,,,2195,SESS-DB77B158A2,REQ-064B5083D709,2026-09-16 21:01:12+00:00
EVT-0004708,IF_ORSC_ORIM_001,ORACLE_SCM,ORACLE_SCM,ESB,Sync,Success,,,,1449,SESS-C9C6B0709B,REQ-99DED18876CE,2026-09-15 15:55:05+00:00
EVT-0004709,IF_ORIM_SAPPROC_001,ORACLE_SCM,SAP_ERP,REST_API,REST,Success,,,,2794,SESS-AACAE2104C,REQ-6C7DEEC8A5B2,2026-09-16 14:50:01+00:00
EVT-0004711,IF_ORIM_MESPE_001,ORACLE_SCM,MES,Kafka,Async,Success,,,,2098,SESS-F49D829684,REQ-C2429846C094,2026-09-15 06:41:11+00:00
EVT-0004716,IF_ORWMS_OROM_001,ORACLE_SCM,ORACLE_SCM,Kafka,Async,Success,,,,1227,SESS-F3270D1CF6,REQ-45B3ABBA05B4,2026-09-13 09:59:54+00:00
EVT-0004717,IF_ORIM_ORWMS_001,ORACLE_SCM,ORACLE_SCM,ESB,Sync,Success,,,,955,SESS-FBA2E3BBD3,REQ-F1A5224017E8,2026-09-12 21:12:15+00:00
EVT-0004719,IF_ORIM_ORWMS_001,ORACLE_SCM,ORACLE_SCM,ESB,Sync,Failed,CAP_003,Downstream service is at capacity,Capacity,4248,SESS-03CC299D17,REQ-D6F4B20768E6,2026-09-14 12:11:27+00:00
EVT-0004726,IF_ORSC_ORIM_001,ORACLE_SCM,ORACLE_SCM,ESB,Sync,Success,,,,2198,SESS-A3CC4CA5CC,REQ-9A17964070DA,2026-09-14 04:24:50+00:00
EVT-0004730,IF_ORIM_ORWMS_001,ORACLE_SCM,ORACLE_SCM,ESB,Sync,Success,,,,601,SESS-6E5BD4A431,REQ-A5D9DE56E011,2026-09-14 14:06:05+00:00
EVT-0004732,IF_OROM_CRMOM_001,ORACLE_SCM,CRM,REST_API,REST,Retry,VAL_400,Required business field failed validation,Validation,6931,SESS-BEF150A468,REQ-A4A4A4702598,2026-09-11 22:37:42+00:00
EVT-0004734,IF_ORIM_MESPE_001,ORACLE_SCM,MES,Kafka,Async,Success,,,,1297,SESS-D45CD74EC5,REQ-55C5C2BA4869,2026-09-15 16:53:03+00:00
EVT-0004736,IF_OROM_CRMOM_001,ORACLE_SCM,CRM,REST_API,REST,Success,,,,2585,SESS-0A20D635AE,REQ-71FB35DEE8CE,2026-09-15 01:41:20+00:00
EVT-0004737,IF_OROM_CRMOM_001,ORACLE_SCM,CRM,REST_API,REST,Success,,,,2249,SESS-37C69280AD,REQ-57743033BCEF,2026-09-12 04:58:09+00:00
EVT-0004743,IF_ORIM_MESPE_001,ORACLE_SCM,MES,Kafka,Async,Retry,AUTHZ_403,Caller is not authorized,Authorization,4644,SESS-00DECC8049,REQ-0BB05F56D0F7,2026-09-12 17:20:29+00:00
EVT-0004747,IF_ORWMS_OROM_001,ORACLE_SCM,ORACLE_SCM,Kafka,Async,Success,,,,1558,SESS-8BE5F54CEF,REQ-103085DBB4B2,2026-09-16 00:43:27+00:00
EVT-0004749,IF_ORIM_ORWMS_001,ORACLE_SCM,ORACLE_SCM,ESB,Sync,Success,,,,1055,SESS-8147F86321,REQ-6BE27B848418,2026-09-10 11:51:42+00:00
EVT-0004750,IF_ORSC_ORIM_001,ORACLE_SCM,ORACLE_SCM,ESB,Sync,Retry,VAL_400,Required business field failed validation,Validation,4121,SESS-ACD4DC178B,REQ-81AC71F83800,2026-09-12 11:07:08+00:00
EVT-0004752,IF_ORSC_SAPPP_001,ORACLE_SCM,SAP_ERP,Kafka,Async,Success,,,,1543,SESS-505DED9B57,REQ-367EFAB44E47,2026-09-10 09:14:11+00:00
EVT-0004755,IF_ORWMS_SAPQM_001,ORACLE_SCM,SAP_ERP,Kafka,Async,Success,,,,2461,SESS-9CC78666DE,REQ-C6B0124F176E,2026-09-14 19:54:15+00:00
EVT-0004767,IF_ORSC_ORIM_001,ORACLE_SCM,ORACLE_SCM,ESB,Sync,Retry,VAL_400,Required business field failed validation,Validation,3718,SESS-2B301F5DDB,REQ-BAD133C49FD4,2026-09-14 16:28:25+00:00
EVT-0004768,IF_ORIM_ORWMS_001,ORACLE_SCM,ORACLE_SCM,ESB,Sync,Retry,TIME_004,Downstream response exceeded SLA,Timeout,1509,SESS-8EE82B824D,REQ-438CCEC5032F,2026-09-13 10:43:08+00:00
EVT-0004771,IF_ORWMS_SAPQM_001,ORACLE_SCM,SAP_ERP,Kafka,Async,Failed,NET_CONN_003,Connection reset by peer,Network,17200,SESS-91588B0023,REQ-7673926EB96E,2026-09-15 19:28:20+00:00
EVT-0004773,IF_ORIM_SAPPROC_001,ORACLE_SCM,SAP_ERP,REST_API,REST,Success,,,,2264,SESS-7C6D256BDF,REQ-5531C83FA073,2026-09-13 15:52:08+00:00
EVT-0004774,IF_ORWMS_OROM_001,ORACLE_SCM,ORACLE_SCM,Kafka,Async,Success,,,,1375,SESS-B3DE380648,REQ-35B8741A96F8,2026-09-14 12:49:08+00:00
EVT-0004778,IF_ORIM_ORWMS_001,ORACLE_SCM,ORACLE_SCM,ESB,Sync,Retry,EXT_502,Downstream service returned 502,External Service,1807,SESS-1C05B46D39,REQ-770FFF81C8B8,2026-09-16 09:56:12+00:00
EVT-0004780,IF_ORWMS_SAPQM_001,ORACLE_SCM,SAP_ERP,Kafka,Async,Retry,NET_CONN_003,Connection reset by peer,Network,4194,SESS-3CCAE295A9,REQ-5AE925425CEB,2026-09-15 13:31:24+00:00
EVT-0004784,IF_ORSC_ORIM_001,ORACLE_SCM,ORACLE_SCM,ESB,Sync,Success,,,,2253,SESS-121B149B95,REQ-841E113A3171,2026-09-11 19:52:48+00:00
EVT-0004785,IF_ORSC_SAPPP_001,ORACLE_SCM,SAP_ERP,Kafka,Async,Success,,,,1608,SESS-FAF1811A88,REQ-7C4231489459,2026-09-16 23:45:23+00:00
EVT-0004786,IF_ORIM_ORWMS_001,ORACLE_SCM,ORACLE_SCM,ESB,Sync,Success,,,,965,SESS-35D6676912,REQ-8E80BB7699A9,2026-09-14 12:49:58+00:00
EVT-0004791,IF_ORIM_MESPE_001,ORACLE_SCM,MES,Kafka,Async,Success,,,,1275,SESS-347AEC4B34,REQ-917659E68401,2026-09-13 23:39:23+00:00
EVT-0004792,IF_ORIM_SAPPROC_001,ORACLE_SCM,SAP_ERP,REST_API,REST,Success,,,,2605,SESS-3DD30E6FE3,REQ-9283C698BC24,2026-09-14 07:42:19+00:00
EVT-0004793,IF_OROM_CRMOM_001,ORACLE_SCM,CRM,REST_API,REST,Success,,,,2548,SESS-443EF5BF39,REQ-5F70F1EC6BB1,2026-09-13 13:12:42+00:00
EVT-0004811,IF_ORWMS_SAPQM_001,ORACLE_SCM,SAP_ERP,Kafka,Async,Success,,,,2334,SESS-57FCA99637,REQ-CC6CE9C60611,2026-09-11 04:52:22+00:00
EVT-0004822,IF_ORSC_SAPPP_001,ORACLE_SCM,SAP_ERP,Kafka,Async,Success,,,,1692,SESS-819CF6982B,REQ-E81172796EAF,2026-09-11 12:47:25+00:00
EVT-0004824,IF_ORIM_ORWMS_001,ORACLE_SCM,ORACLE_SCM,ESB,Sync,Success,,,,707,SESS-FA080F4B6B,REQ-51BFA905D621,2026-09-12 16:55:55+00:00
EVT-0004825,IF_ORIM_SAPPROC_001,ORACLE_SCM,SAP_ERP,REST_API,REST,Success,,,,3168,SESS-B50850B0C4,REQ-842EE919520B,2026-09-11 00:29:15+00:00
EVT-0004829,IF_ORSC_SAPPP_001,ORACLE_SCM,SAP_ERP,Kafka,Async,Success,,,,750,SESS-E7B97974BA,REQ-1D7EB10CB6F6,2026-09-10 05:48:17+00:00
EVT-0004831,IF_ORIM_MESPE_001,ORACLE_SCM,MES,Kafka,Async,Success,,,,1610,SESS-53BA10299F,REQ-D056AC5DDA88,2026-09-14 08:02:18+00:00
EVT-0004838,IF_ORWMS_SAPQM_001,ORACLE_SCM,SAP_ERP,Kafka,Async,Success,,,,2564,SESS-E3DD377642,REQ-A3252B3E4EAC,2026-09-15 17:38:12+00:00
EVT-0004842,IF_ORWMS_SAPQM_001,ORACLE_SCM,SAP_ERP,Kafka,Async,Success,,,,1751,SESS-164911702A,REQ-60B1E42E7016,2026-09-13 10:13:06+00:00
EVT-0004844,IF_OROM_CRMOM_001,ORACLE_SCM,CRM,REST_API,REST,Success,,,,2157,SESS-9A283A669E,REQ-44851763BCA1,2026-09-14 00:41:52+00:00
EVT-0004845,IF_ORIM_MESPE_001,ORACLE_SCM,MES,Kafka,Async,Success,,,,1438,SESS-4505DBCDAF,REQ-3965F28CAB57,2026-09-11 09:26:01+00:00
EVT-0004853,IF_ORSC_SAPPP_001,ORACLE_SCM,SAP_ERP,Kafka,Async,Success,,,,1453,SESS-0D5283EB5D,REQ-0F33B3FA7CEE,2026-09-12 06:32:10+00:00
EVT-0004855,IF_ORIM_MESPE_001,ORACLE_SCM,MES,Kafka,Async,Success,,,,1495,SESS-76038A3CE3,REQ-7BF686C3D02E,2026-09-13 01:37:10+00:00
EVT-0004859,IF_ORIM_SAPPROC_001,ORACLE_SCM,SAP_ERP,REST_API,REST,Success,,,,2125,SESS-175DB3FD35,REQ-20C03C6BA51C,2026-09-15 00:03:50+00:00
EVT-0004861,IF_ORSC_ORIM_001,ORACLE_SCM,ORACLE_SCM,ESB,Sync,Success,,,,2568,SESS-18E7D4B613,REQ-290F968A730F,2026-09-12 17:02:38+00:00
EVT-0004862,IF_ORIM_SAPPROC_001,ORACLE_SCM,SAP_ERP,REST_API,REST,Success,,,,2741,SESS-34C8FEDCCB,REQ-0B1EFC2999ED,2026-09-11 05:24:23+00:00
EVT-0004865,IF_OROM_CRMOM_001,ORACLE_SCM,CRM,REST_API,REST,Success,,,,1438,SESS-DD791E7BA8,REQ-2A18B759B95D,2026-09-10 23:08:10+00:00
EVT-0004870,IF_OROM_CRMOM_001,ORACLE_SCM,CRM,REST_API,REST,Success,,,,1952,SESS-D9C554D172,REQ-FCEA6100D567,2026-09-13 05:45:46+00:00
EVT-0004875,IF_OROM_CRMOM_001,ORACLE_SCM,CRM,REST_API,REST,Success,,,,2053,SESS-9F5BA9B03A,REQ-62F9CF66E4A6,2026-09-14 16:19:00+00:00
EVT-0004877,IF_ORSC_ORIM_001,ORACLE_SCM,ORACLE_SCM,ESB,Sync,Success,,,,2910,SESS-0302B47445,REQ-7A3A492F93F7,2026-09-14 10:18:30+00:00
EVT-0004879,IF_ORSC_ORIM_001,ORACLE_SCM,ORACLE_SCM,ESB,Sync,Success,,,,2498,SESS-E3E81F880A,REQ-56B7914A84A1,2026-09-14 21:30:51+00:00
EVT-0004881,IF_OROM_CRMOM_001,ORACLE_SCM,CRM,REST_API,REST,Retry,AUTH_401,Service credential rejected,Authentication,3996,SESS-E685C8D838,REQ-A3FF3A4F2780,2026-09-12 15:58:08+00:00
EVT-0004885,IF_ORSC_SAPPP_001,ORACLE_SCM,SAP_ERP,Kafka,Async,Success,,,,1712,SESS-5C89D88A43,REQ-5BD838EC2BB0,2026-09-12 14:36:49+00:00
EVT-0004893,IF_ORWMS_SAPQM_001,ORACLE_SCM,SAP_ERP,Kafka,Async,Success,,,,1718,SESS-0B5392E556,REQ-246217D18512,2026-09-14 04:03:21+00:00
EVT-0004894,IF_ORIM_MESPE_001,ORACLE_SCM,MES,Kafka,Async,Success,,,,1507,SESS-0AD6F90856,REQ-80F66307CFEF,2026-09-14 20:58:51+00:00
EVT-0004895,IF_ORIM_ORWMS_001,ORACLE_SCM,ORACLE_SCM,ESB,Sync,Success,,,,846,SESS-0E77B9B47C,REQ-2D69C948D343,2026-09-16 10:22:07+00:00
EVT-0004898,IF_ORIM_MESPE_001,ORACLE_SCM,MES,Kafka,Async,Success,,,,1317,SESS-A8299637FB,REQ-4C612F07E25F,2026-09-16 16:10:01+00:00
EVT-0004899,IF_ORIM_SAPPROC_001,ORACLE_SCM,SAP_ERP,REST_API,REST,Success,,,,2215,SESS-BA0EA5B054,REQ-C0196C7E4F1A,2026-09-10 18:24:04+00:00
EVT-0004901,IF_ORIM_MESPE_001,ORACLE_SCM,MES,Kafka,Async,Success,,,,1008,SESS-0E3FFCDB93,REQ-57E8E6F85E84,2026-09-12 13:07:33+00:00
EVT-0004903,IF_ORIM_MESPE_001,ORACLE_SCM,MES,Kafka,Async,Retry,NET_CONN_003,Connection reset by peer,Network,5097,SESS-F8FB575E91,REQ-45B988055614,2026-09-16 03:48:40+00:00
EVT-0004916,IF_ORSC_SAPPP_001,ORACLE_SCM,SAP_ERP,Kafka,Async,Success,,,,1628,SESS-F5ABE35FD9,REQ-DB7ED320F7AB,2026-09-10 18:02:30+00:00
EVT-0004920,IF_ORSC_ORIM_001,ORACLE_SCM,ORACLE_SCM,ESB,Sync,Success,,,,2739,SESS-D1B5CE7784,REQ-6D9E84438D36,2026-09-14 03:22:18+00:00
EVT-0004924,IF_ORSC_ORIM_001,ORACLE_SCM,ORACLE_SCM,ESB,Sync,Success,,,,1851,SESS-59547BB3D1,REQ-1DBB75BF1420,2026-09-10 16:17:36+00:00
EVT-0004928,IF_ORSC_ORIM_001,ORACLE_SCM,ORACLE_SCM,ESB,Sync,Success,,,,2132,SESS-7DD8CDD1C1,REQ-4F24266AE351,2026-09-14 04:14:01+00:00
EVT-0004930,IF_ORIM_MESPE_001,ORACLE_SCM,MES,Kafka,Async,Success,,,,1313,SESS-D590D9C9D4,REQ-90AF0EB734AB,2026-09-11 16:37:36+00:00
EVT-0004935,IF_ORSC_ORIM_001,ORACLE_SCM,ORACLE_SCM,ESB,Sync,Success,,,,2538,SESS-489CFFF937,REQ-AFFE8D2E9D7D,2026-09-12 00:36:36+00:00
EVT-0004937,IF_ORIM_ORWMS_001,ORACLE_SCM,ORACLE_SCM,ESB,Sync,Success,,,,982,SESS-9BE5B9C6E6,REQ-6A3CFD25DCCC,2026-09-11 02:17:35+00:00
EVT-0004940,IF_ORWMS_OROM_001,ORACLE_SCM,ORACLE_SCM,Kafka,Async,Success,,,,966,SESS-3813E3A49B,REQ-CDC98BCF24E8,2026-09-12 11:49:24+00:00
EVT-0004944,IF_ORSC_ORIM_001,ORACLE_SCM,ORACLE_SCM,ESB,Sync,Success,,,,1777,SESS-211366919B,REQ-A9EF3AD24CC5,2026-09-12 03:38:03+00:00
EVT-0004946,IF_OROM_CRMOM_001,ORACLE_SCM,CRM,REST_API,REST,Success,,,,2449,SESS-B26ADD150F,REQ-03C808E1DCDA,2026-09-10 04:52:10+00:00
EVT-0004947,IF_ORWMS_OROM_001,ORACLE_SCM,ORACLE_SCM,Kafka,Async,Failed,CAP_003,Downstream service is at capacity,Capacity,2778,SESS-F445627B36,REQ-D08F59A602B7,2026-09-12 23:11:55+00:00
EVT-0004951,IF_ORIM_MESPE_001,ORACLE_SCM,MES,Kafka,Async,Success,,,,1655,SESS-5684297E80,REQ-0A4B7E8DE214,2026-09-10 22:45:26+00:00
EVT-0004952,IF_ORSC_ORIM_001,ORACLE_SCM,ORACLE_SCM,ESB,Sync,Success,,,,2503,SESS-6441528D22,REQ-8DB7592D7592,2026-09-12 02:32:17+00:00
EVT-0004956,IF_OROM_CRMOM_001,ORACLE_SCM,CRM,REST_API,REST,Failed,DB_COMMIT_014,Transaction commit failed,Database,11195,SESS-AC7CA4F4BA,REQ-17170A6BD920,2026-09-12 12:45:21+00:00
EVT-0004958,IF_ORIM_ORWMS_001,ORACLE_SCM,ORACLE_SCM,ESB,Sync,Success,,,,1035,SESS-8D019AC19A,REQ-00698684DDEB,2026-09-13 20:34:05+00:00
EVT-0004959,IF_ORWMS_OROM_001,ORACLE_SCM,ORACLE_SCM,Kafka,Async,Success,,,,1197,SESS-F627E3F695,REQ-A4B76B41DE4F,2026-09-12 18:16:04+00:00
EVT-0004963,IF_ORSC_SAPPP_001,ORACLE_SCM,SAP_ERP,Kafka,Async,Success,,,,1474,SESS-CA1DA01463,REQ-84F33B8ADC97,2026-09-10 20:20:27+00:00
EVT-0004966,IF_OROM_CRMOM_001,ORACLE_SCM,CRM,REST_API,REST,Success,,,,2518,SESS-17D61BBD04,REQ-02D476685287,2026-09-15 19:06:01+00:00
EVT-0004969,IF_ORIM_SAPPROC_001,ORACLE_SCM,SAP_ERP,REST_API,REST,Success,,,,2370,SESS-CCF787D202,REQ-0A9577B2AD77,2026-09-13 14:26:42+00:00
EVT-0004974,IF_ORWMS_SAPQM_001,ORACLE_SCM,SAP_ERP,Kafka,Async,Retry,VAL_400,Required business field failed validation,Validation,5577,SESS-31AA1F702A,REQ-FFFC554F4213,2026-09-10 14:35:48+00:00
EVT-0004981,IF_ORWMS_OROM_001,ORACLE_SCM,ORACLE_SCM,Kafka,Async,Success,,,,1325,SESS-2E61254A97,REQ-5F10C0B9F80B,2026-09-14 14:09:26+00:00
EVT-0004983,IF_ORSC_SAPPP_001,ORACLE_SCM,SAP_ERP,Kafka,Async,Success,,,,851,SESS-A44D8C4167,REQ-B6CCD8ED768A,2026-09-12 02:10:54+00:00
EVT-0004992,IF_ORSC_SAPPP_001,ORACLE_SCM,SAP_ERP,Kafka,Async,Success,,,,1687,SESS-F1E72F0373,REQ-B74D5BDAA238,2026-09-12 14:07:04+00:00
EVT-0004993,IF_ORSC_SAPPP_001,ORACLE_SCM,SAP_ERP,Kafka,Async,Success,,,,1595,SESS-157D4B2933,REQ-0AD4512E4EA2,2026-09-11 05:48:46+00:00
EVT-0004995,IF_OROM_CRMOM_001,ORACLE_SCM,CRM,REST_API,REST,Success,,,,2237,SESS-18E26FB514,REQ-16E0FCE74DEC,2026-09-11 08:54:04+00:00
EVT-0005009,IF_ORIM_SAPPROC_001,ORACLE_SCM,SAP_ERP,REST_API,REST,Success,,,,1725,SESS-1524468CE2,REQ-810B6DAD0E0E,2026-09-16 04:20:42+00:00
EVT-0005011,IF_ORWMS_OROM_001,ORACLE_SCM,ORACLE_SCM,Kafka,Async,Retry,EXT_502,Downstream service returned 502,External Service,3434,SESS-857AA714D4,REQ-8456E3000292,2026-09-14 17:13:55+00:00
EVT-0005017,IF_ORIM_SAPPROC_001,ORACLE_SCM,SAP_ERP,REST_API,REST,Failed,CAP_003,Downstream service is at capacity,Capacity,2943,SESS-83251986D2,REQ-8CA974A3F107,2026-09-11 14:07:33+00:00
EVT-0005018,IF_ORIM_ORWMS_001,ORACLE_SCM,ORACLE_SCM,ESB,Sync,Success,,,,605,SESS-57CC3F161F,REQ-260AEAE960C5,2026-09-10 08:17:21+00:00
EVT-0005024,IF_ORSC_SAPPP_001,ORACLE_SCM,SAP_ERP,Kafka,Async,Success,,,,1511,SESS-B7EFFCFDD1,REQ-514D98854237,2026-09-11 23:49:49+00:00
EVT-0005025,IF_ORSC_ORIM_001,ORACLE_SCM,ORACLE_SCM,ESB,Sync,Success,,,,2188,SESS-E1D992B81F,REQ-EA470D2AFA0F,2026-09-14 04:36:51+00:00
EVT-0005029,IF_ORIM_SAPPROC_001,ORACLE_SCM,SAP_ERP,REST_API,REST,Success,,,,1509,SESS-E648323B32,REQ-2F600279C8A2,2026-09-15 22:30:57+00:00
EVT-0005035,IF_ORIM_SAPPROC_001,ORACLE_SCM,SAP_ERP,REST_API,REST,Success,,,,2737,SESS-A8B26B04DF,REQ-00469FC59008,2026-09-11 23:41:19+00:00
EVT-0005037,IF_ORWMS_SAPQM_001,ORACLE_SCM,SAP_ERP,Kafka,Async,Success,,,,2683,SESS-435D2A5063,REQ-8E22E9514DB0,2026-09-13 05:03:25+00:00
EVT-0005038,IF_ORIM_MESPE_001,ORACLE_SCM,MES,Kafka,Async,Success,,,,797,SESS-DF03F55CCC,REQ-AFA96F23CF80,2026-09-12 00:02:14+00:00
EVT-0005039,IF_ORIM_ORWMS_001,ORACLE_SCM,ORACLE_SCM,ESB,Sync,Success,,,,604,SESS-6EF9A65264,REQ-099B6FFB77C4,2026-09-13 03:01:24+00:00
EVT-0005040,IF_ORWMS_SAPQM_001,ORACLE_SCM,SAP_ERP,Kafka,Async,Success,,,,2292,SESS-961A8BD84D,REQ-872745A3A947,2026-09-16 09:29:03+00:00
EVT-0005041,IF_ORIM_MESPE_001,ORACLE_SCM,MES,Kafka,Async,Failed,DB_COMMIT_014,Transaction commit failed,Database,6042,SESS-5102BED158,REQ-2EA1FA2908B8,2026-09-15 03:42:44+00:00
EVT-0005044,IF_ORIM_MESPE_001,ORACLE_SCM,MES,Kafka,Async,Success,,,,1281,SESS-33B07F2B1B,REQ-01836797357F,2026-09-15 18:56:07+00:00
EVT-0005046,IF_ORIM_MESPE_001,ORACLE_SCM,MES,Kafka,Async,Success,,,,1687,SESS-77FF4DF37B,REQ-A02958756EE8,2026-09-15 05:22:43+00:00
EVT-0005049,IF_ORSC_ORIM_001,ORACLE_SCM,ORACLE_SCM,ESB,Sync,Success,,,,2011,SESS-4A74232C94,REQ-E15BAC154F74,2026-09-12 23:34:32+00:00
EVT-0005053,IF_ORSC_ORIM_001,ORACLE_SCM,ORACLE_SCM,ESB,Sync,Success,,,,2593,SESS-5FD92B3CC0,REQ-5A33750D8A5E,2026-09-13 00:33:35+00:00
EVT-0005057,IF_ORIM_ORWMS_001,ORACLE_SCM,ORACLE_SCM,ESB,Sync,Success,,,,698,SESS-D394D7BA88,REQ-9F050383063F,2026-09-15 07:10:00+00:00
EVT-0005059,IF_OROM_CRMOM_001,ORACLE_SCM,CRM,REST_API,REST,Success,,,,1920,SESS-F8958C97CE,REQ-7DE1183A5244,2026-09-13 09:25:21+00:00
EVT-0005060,IF_ORWMS_OROM_001,ORACLE_SCM,ORACLE_SCM,Kafka,Async,Success,,,,1444,SESS-49ED51C00B,REQ-9071E38D7E9F,2026-09-12 17:06:17+00:00
EVT-0005063,IF_OROM_CRMOM_001,ORACLE_SCM,CRM,REST_API,REST,Success,,,,1941,SESS-13A640C70C,REQ-FF72DBD22E27,2026-09-16 12:08:36+00:00
EVT-0005065,IF_ORSC_ORIM_001,ORACLE_SCM,ORACLE_SCM,ESB,Sync,Success,,,,2133,SESS-A62A19E050,REQ-C0656ADD0D60,2026-09-12 15:21:21+00:00
EVT-0005070,IF_ORIM_SAPPROC_001,ORACLE_SCM,SAP_ERP,REST_API,REST,Success,,,,2431,SESS-7C3B658709,REQ-FB8C74835491,2026-09-10 11:18:44+00:00
EVT-0005072,IF_ORSC_SAPPP_001,ORACLE_SCM,SAP_ERP,Kafka,Async,Success,,,,1351,SESS-F069FB0C7A,REQ-2B06BE01AE9A,2026-09-12 08:36:35+00:00
EVT-0005073,IF_ORIM_MESPE_001,ORACLE_SCM,MES,Kafka,Async,Success,,,,1449,SESS-ACAC6E1959,REQ-2BFC3E127FA4,2026-09-11 10:18:46+00:00
EVT-0005079,IF_ORSC_ORIM_001,ORACLE_SCM,ORACLE_SCM,ESB,Sync,Success,,,,1636,SESS-087CF10B02,REQ-E69B5AB467E4,2026-09-15 09:53:12+00:00
EVT-0005083,IF_OROM_CRMOM_001,ORACLE_SCM,CRM,REST_API,REST,Success,,,,3111,SESS-4D3E50D508,REQ-5838EA8A838D,2026-09-10 17:55:54+00:00
EVT-0005094,IF_OROM_CRMOM_001,ORACLE_SCM,CRM,REST_API,REST,Success,,,,2230,SESS-B63BB60E2A,REQ-BFD90B9945CB,2026-09-10 13:32:16+00:00
EVT-0005096,IF_ORIM_ORWMS_001,ORACLE_SCM,ORACLE_SCM,ESB,Sync,Success,,,,756,SESS-E42A9F4655,REQ-09F1E932C6E7,2026-09-16 10:38:13+00:00
EVT-0005098,IF_OROM_CRMOM_001,ORACLE_SCM,CRM,REST_API,REST,Success,,,,2803,SESS-50A0B25AC5,REQ-DEA71B6BA42B,2026-09-14 02:23:38+00:00
EVT-0005102,IF_OROM_CRMOM_001,ORACLE_SCM,CRM,REST_API,REST,Success,,,,2380,SESS-AB35B1FF91,REQ-34E06FB33E72,2026-09-10 11:37:11+00:00
EVT-0005103,IF_ORIM_SAPPROC_001,ORACLE_SCM,SAP_ERP,REST_API,REST,Success,,,,1486,SESS-F28F147E1C,REQ-0C62FEF6C69C,2026-09-10 09:36:31+00:00
EVT-0005105,IF_ORIM_ORWMS_001,ORACLE_SCM,ORACLE_SCM,ESB,Sync,Success,,,,670,SESS-008466B0BE,REQ-1708DED4BE6A,2026-09-11 16:55:33+00:00
EVT-0005109,IF_ORIM_MESPE_001,ORACLE_SCM,MES,Kafka,Async,Success,,,,477,SESS-5E1CF53E2E,REQ-810EA37229D1,2026-09-13 05:39:39+00:00
EVT-0005111,IF_ORIM_MESPE_001,ORACLE_SCM,MES,Kafka,Async,Retry,TIME_004,Downstream response exceeded SLA,Timeout,4089,SESS-BF827BA6F0,REQ-593BB1F09EB5,2026-09-16 00:46:42+00:00
EVT-0005115,IF_OROM_CRMOM_001,ORACLE_SCM,CRM,REST_API,REST,Failed,CFG_017,Interface configuration mismatch,Configuration,7614,SESS-11323D5025,REQ-293B902616BB,2026-09-10 05:28:12+00:00
EVT-0005118,IF_ORIM_SAPPROC_001,ORACLE_SCM,SAP_ERP,REST_API,REST,Success,,,,1810,SESS-A1B9D62C99,REQ-D173CB01F78D,2026-09-14 00:41:42+00:00
EVT-0005119,IF_ORWMS_SAPQM_001,ORACLE_SCM,SAP_ERP,Kafka,Async,Retry,CFG_017,Interface configuration mismatch,Configuration,6056,SESS-381D9C22BF,REQ-B6F124A78A41,2026-09-13 15:43:10+00:00
EVT-0005120,IF_ORWMS_SAPQM_001,ORACLE_SCM,SAP_ERP,Kafka,Async,Success,,,,1718,SESS-1BC1102DD8,REQ-D0F8AC3322D7,2026-09-15 00:30:04+00:00
EVT-0005121,IF_OROM_CRMOM_001,ORACLE_SCM,CRM,REST_API,REST,Success,,,,1569,SESS-B33E297DDE,REQ-691AE50F2612,2026-09-11 15:47:09+00:00
EVT-0005124,IF_ORWMS_OROM_001,ORACLE_SCM,ORACLE_SCM,Kafka,Async,Success,,,,1276,SESS-8E8E59439F,REQ-7088FDDE91A7,2026-09-12 01:56:21+00:00
EVT-0005129,IF_ORIM_ORWMS_001,ORACLE_SCM,ORACLE_SCM,ESB,Sync,Success,,,,981,SESS-B21E29C753,REQ-B6EAB17F7B83,2026-09-16 07:59:21+00:00
EVT-0005130,IF_ORSC_ORIM_001,ORACLE_SCM,ORACLE_SCM,ESB,Sync,Success,,,,1928,SESS-FCD175D39C,REQ-748B4DB84E54,2026-09-15 06:21:46+00:00
EVT-0005132,IF_OROM_CRMOM_001,ORACLE_SCM,CRM,REST_API,REST,Success,,,,1914,SESS-ADBFC2B01E,REQ-16CF3C65DF3D,2026-09-10 07:45:48+00:00
EVT-0005135,IF_ORIM_SAPPROC_001,ORACLE_SCM,SAP_ERP,REST_API,REST,Success,,,,1718,SESS-FFFEA22F78,REQ-EA68E054342E,2026-09-11 09:27:17+00:00
EVT-0005137,IF_ORSC_ORIM_001,ORACLE_SCM,ORACLE_SCM,ESB,Sync,Success,,,,1815,SESS-A7C381F203,REQ-6E4932C6E218,2026-09-11 01:29:12+00:00
EVT-0005138,IF_ORWMS_OROM_001,ORACLE_SCM,ORACLE_SCM,Kafka,Async,Success,,,,1573,SESS-64EFE81939,REQ-0274E3C86BE8,2026-09-16 04:14:02+00:00
EVT-0005142,IF_ORWMS_SAPQM_001,ORACLE_SCM,SAP_ERP,Kafka,Async,Success,,,,1634,SESS-BBFA222F80,REQ-8878BD3C0B9D,2026-09-15 04:54:26+00:00
EVT-0005154,IF_ORIM_ORWMS_001,ORACLE_SCM,ORACLE_SCM,ESB,Sync,Success,,,,851,SESS-77D6F6F7B1,REQ-2513E6252394,2026-09-16 15:59:30+00:00
EVT-0005157,IF_ORIM_MESPE_001,ORACLE_SCM,MES,Kafka,Async,Success,,,,1220,SESS-6DBFE0704B,REQ-36F15F2E7DF2,2026-09-11 14:11:15+00:00
EVT-0005159,IF_ORIM_SAPPROC_001,ORACLE_SCM,SAP_ERP,REST_API,REST,Success,,,,1742,SESS-1C44DD0C03,REQ-C78FE3E7B33D,2026-09-10 04:05:47+00:00
EVT-0005161,IF_OROM_CRMOM_001,ORACLE_SCM,CRM,REST_API,REST,Failed,AUTH_401,Service credential rejected,Authentication,13645,SESS-FFD12E1002,REQ-56F66C59F839,2026-09-14 01:27:07+00:00
EVT-0005164,IF_ORIM_SAPPROC_001,ORACLE_SCM,SAP_ERP,REST_API,REST,Success,,,,1980,SESS-DE3F35A7B2,REQ-5D67CACBBB89,2026-09-10 02:12:03+00:00
EVT-0005167,IF_ORIM_SAPPROC_001,ORACLE_SCM,SAP_ERP,REST_API,REST,Success,,,,2349,SESS-B54175DD21,REQ-3F3E5845CBCB,2026-09-14 06:30:18+00:00
EVT-0005169,IF_OROM_CRMOM_001,ORACLE_SCM,CRM,REST_API,REST,Success,,,,2373,SESS-7BEF5EBF5E,REQ-9E1523E42D2B,2026-09-13 00:35:26+00:00
EVT-0005170,IF_ORIM_MESPE_001,ORACLE_SCM,MES,Kafka,Async,Retry,EXT_502,Downstream service returned 502,External Service,3430,SESS-BA5D63B2B3,REQ-E4962D34A5DC,2026-09-10 05:27:54+00:00
EVT-0005172,IF_ORWMS_OROM_001,ORACLE_SCM,ORACLE_SCM,Kafka,Async,Success,,,,994,SESS-4CF16EB653,REQ-BA6133F55469,2026-09-14 21:21:05+00:00
EVT-0005178,IF_OROM_CRMOM_001,ORACLE_SCM,CRM,REST_API,REST,Success,,,,2030,SESS-6BBD849C4D,REQ-43343141788B,2026-09-12 18:22:32+00:00
EVT-0005180,IF_ORIM_SAPPROC_001,ORACLE_SCM,SAP_ERP,REST_API,REST,Success,,,,1772,SESS-39D1319681,REQ-E02B6E4B9146,2026-09-13 09:47:00+00:00
EVT-0005183,IF_ORWMS_OROM_001,ORACLE_SCM,ORACLE_SCM,Kafka,Async,Failed,TIME_004,Downstream response exceeded SLA,Timeout,7222,SESS-E3545C079F,REQ-A863EC62D5AF,2026-09-16 01:33:01+00:00
EVT-0005184,IF_ORWMS_OROM_001,ORACLE_SCM,ORACLE_SCM,Kafka,Async,Success,,,,773,SESS-324CDC3771,REQ-0A3CF20451EC,2026-09-10 03:05:36+00:00
EVT-0005186,IF_ORSC_SAPPP_001,ORACLE_SCM,SAP_ERP,Kafka,Async,Success,,,,1150,SESS-2836907861,REQ-646EC413672C,2026-09-15 08:23:14+00:00
EVT-0005187,IF_ORIM_SAPPROC_001,ORACLE_SCM,SAP_ERP,REST_API,REST,Retry,INFRA_008,Runtime node unavailable,Infrastructure,8172,SESS-63C3862411,REQ-4A155B814285,2026-09-13 06:33:59+00:00
EVT-0005200,IF_ORIM_MESPE_001,ORACLE_SCM,MES,Kafka,Async,Success,,,,1362,SESS-41D0D5F4C6,REQ-02E7C29132BA,2026-09-11 18:30:33+00:00
EVT-0005201,IF_ORSC_SAPPP_001,ORACLE_SCM,SAP_ERP,Kafka,Async,Success,,,,1954,SESS-2D1E575FC2,REQ-389F8A7EB958,2026-09-14 08:50:11+00:00
EVT-0005206,IF_ORIM_ORWMS_001,ORACLE_SCM,ORACLE_SCM,ESB,Sync,Success,,,,668,SESS-96F69F6455,REQ-7E69FBCF9CAC,2026-09-15 02:39:59+00:00
EVT-0005207,IF_ORIM_ORWMS_001,ORACLE_SCM,ORACLE_SCM,ESB,Sync,Retry,INFRA_008,Runtime node unavailable,Infrastructure,1929,SESS-5007F4372B,REQ-75CCCAD7B4FE,2026-09-16 23:58:06+00:00
EVT-0005208,IF_ORIM_ORWMS_001,ORACLE_SCM,ORACLE_SCM,ESB,Sync,Success,,,,884,SESS-AF47197239,REQ-5B741E802D07,2026-09-15 21:52:17+00:00
EVT-0005214,IF_ORIM_ORWMS_001,ORACLE_SCM,ORACLE_SCM,ESB,Sync,Success,,,,1013,SESS-D986925857,REQ-B16CFEEA78D4,2026-09-10 15:05:15+00:00
EVT-0005215,IF_ORWMS_SAPQM_001,ORACLE_SCM,SAP_ERP,Kafka,Async,Retry,AUTH_401,Service credential rejected,Authentication,3658,SESS-4EA1BBA7B9,REQ-451EFAED8DB6,2026-09-11 04:27:14+00:00
EVT-0005221,IF_ORSC_ORIM_001,ORACLE_SCM,ORACLE_SCM,ESB,Sync,Success,,,,2638,SESS-EF249303DB,REQ-185D9D029508,2026-09-13 18:21:57+00:00
EVT-0005227,IF_ORIM_MESPE_001,ORACLE_SCM,MES,Kafka,Async,Success,,,,1090,SESS-F68642B76A,REQ-2C0D1A635633,2026-09-10 10:35:35+00:00
EVT-0005237,IF_ORWMS_OROM_001,ORACLE_SCM,ORACLE_SCM,Kafka,Async,Retry,AUTHZ_403,Caller is not authorized,Authorization,2654,SESS-B610ABC60A,REQ-58169CF81002,2026-09-12 08:22:11+00:00
EVT-0005238,IF_OROM_CRMOM_001,ORACLE_SCM,CRM,REST_API,REST,Success,,,,2431,SESS-DCF5296C59,REQ-8C9B156F781C,2026-09-11 13:55:58+00:00
EVT-0005243,IF_ORSC_SAPPP_001,ORACLE_SCM,SAP_ERP,Kafka,Async,Success,,,,1507,SESS-4A1322E6AD,REQ-9885DEDC1B57,2026-09-10 10:48:59+00:00
EVT-0005244,IF_ORIM_SAPPROC_001,ORACLE_SCM,SAP_ERP,REST_API,REST,Success,,,,1783,SESS-C787430BC1,REQ-C6C42845EA7A,2026-09-13 18:18:51+00:00
EVT-0005245,IF_ORIM_ORWMS_001,ORACLE_SCM,ORACLE_SCM,ESB,Sync,Success,,,,839,SESS-286C274460,REQ-C585799A0542,2026-09-13 00:05:11+00:00
EVT-0005250,IF_ORIM_ORWMS_001,ORACLE_SCM,ORACLE_SCM,ESB,Sync,Success,,,,988,SESS-8E0C09D2B5,REQ-9F4E36749DC2,2026-09-11 01:52:06+00:00
EVT-0005252,IF_ORWMS_OROM_001,ORACLE_SCM,ORACLE_SCM,Kafka,Async,Retry,AUTHZ_403,Caller is not authorized,Authorization,4971,SESS-4042909E17,REQ-C714665F176D,2026-09-12 19:36:32+00:00
EVT-0005255,IF_ORIM_SAPPROC_001,ORACLE_SCM,SAP_ERP,REST_API,REST,Retry,INFRA_008,Runtime node unavailable,Infrastructure,8324,SESS-086EE59EEA,REQ-35727FFF337F,2026-09-16 08:36:32+00:00
EVT-0005256,IF_ORSC_ORIM_001,ORACLE_SCM,ORACLE_SCM,ESB,Sync,Retry,TIME_004,Downstream response exceeded SLA,Timeout,6648,SESS-FF12A0332E,REQ-6FC6CC6E3D5D,2026-09-15 03:53:39+00:00
EVT-0005258,IF_ORWMS_OROM_001,ORACLE_SCM,ORACLE_SCM,Kafka,Async,Success,,,,1348,SESS-6767929F8B,REQ-9AF3E8540C5B,2026-09-10 10:19:42+00:00
EVT-0005259,IF_ORWMS_OROM_001,ORACLE_SCM,ORACLE_SCM,Kafka,Async,Success,,,,1587,SESS-1040394715,REQ-D65EA7A9A20B,2026-09-14 09:03:29+00:00
EVT-0005265,IF_ORSC_ORIM_001,ORACLE_SCM,ORACLE_SCM,ESB,Sync,Success,,,,2717,SESS-788D83C305,REQ-149A1C37902E,2026-09-10 06:54:01+00:00
EVT-0005266,IF_ORIM_ORWMS_001,ORACLE_SCM,ORACLE_SCM,ESB,Sync,Success,,,,869,SESS-5254D8BC10,REQ-2AB23A2077B9,2026-09-10 19:55:30+00:00
EVT-0005268,IF_ORWMS_OROM_001,ORACLE_SCM,ORACLE_SCM,Kafka,Async,Success,,,,1477,SESS-8AEFBDBF0A,REQ-2B53E1A31E1B,2026-09-14 15:46:45+00:00
EVT-0005270,IF_ORSC_SAPPP_001,ORACLE_SCM,SAP_ERP,Kafka,Async,Success,,,,1028,SESS-4023020D26,REQ-1AA125085EE1,2026-09-11 06:57:37+00:00
EVT-0005282,IF_ORWMS_OROM_001,ORACLE_SCM,ORACLE_SCM,Kafka,Async,Success,,,,1595,SESS-7D478CFAE1,REQ-192A3C204F71,2026-09-14 14:56:32+00:00
EVT-0005283,IF_OROM_CRMOM_001,ORACLE_SCM,CRM,REST_API,REST,Failed,TIME_004,Downstream response exceeded SLA,Timeout,12141,SESS-37B181C671,REQ-2011AB5E470E,2026-09-15 06:08:10+00:00
EVT-0005285,IF_ORSC_SAPPP_001,ORACLE_SCM,SAP_ERP,Kafka,Async,Success,,,,1395,SESS-F05C20A8D5,REQ-9AD5A5646103,2026-09-13 22:41:09+00:00
EVT-0005286,IF_ORIM_ORWMS_001,ORACLE_SCM,ORACLE_SCM,ESB,Sync,Retry,AUTHZ_403,Caller is not authorized,Authorization,2223,SESS-A85413BF89,REQ-57F240F0AB17,2026-09-13 15:46:11+00:00
EVT-0005287,IF_ORWMS_SAPQM_001,ORACLE_SCM,SAP_ERP,Kafka,Async,Success,,,,2815,SESS-8820631063,REQ-B2B7C5F252AB,2026-09-14 23:30:32+00:00
EVT-0005290,IF_ORSC_ORIM_001,ORACLE_SCM,ORACLE_SCM,ESB,Sync,Retry,CFG_017,Interface configuration mismatch,Configuration,4078,SESS-87463C8E8F,REQ-F33254424B47,2026-09-16 04:43:10+00:00
EVT-0005291,IF_ORIM_ORWMS_001,ORACLE_SCM,ORACLE_SCM,ESB,Sync,Success,,,,597,SESS-5955013E7E,REQ-73749BA9E2B7,2026-09-11 15:31:05+00:00
EVT-0005295,IF_ORIM_ORWMS_001,ORACLE_SCM,ORACLE_SCM,ESB,Sync,Success,,,,908,SESS-3DEDB58454,REQ-C087EF76A619,2026-09-14 21:24:03+00:00
EVT-0005297,IF_ORSC_SAPPP_001,ORACLE_SCM,SAP_ERP,Kafka,Async,Success,,,,1437,SESS-4C2396D5F2,REQ-6F85FE0FF643,2026-09-10 08:42:05+00:00
EVT-0005304,IF_ORWMS_OROM_001,ORACLE_SCM,ORACLE_SCM,Kafka,Async,Success,,,,1594,SESS-B60CB31E48,REQ-04E9ACB68679,2026-09-10 11:04:34+00:00
EVT-0005305,IF_ORIM_ORWMS_001,ORACLE_SCM,ORACLE_SCM,ESB,Sync,Success,,,,863,SESS-3228AD0ED1,REQ-D44783B9C1F5,2026-09-13 12:20:47+00:00
EVT-0005314,IF_OROM_CRMOM_001,ORACLE_SCM,CRM,REST_API,REST,Success,,,,2026,SESS-FDE2732912,REQ-282985FD1078,2026-09-15 07:33:09+00:00
EVT-0005324,IF_ORWMS_OROM_001,ORACLE_SCM,ORACLE_SCM,Kafka,Async,Success,,,,1446,SESS-A077C1A51C,REQ-10C9957EDE2D,2026-09-11 02:58:09+00:00
EVT-0005327,IF_ORIM_SAPPROC_001,ORACLE_SCM,SAP_ERP,REST_API,REST,Success,,,,3296,SESS-1BEC1952DC,REQ-87E2FB7B6B5C,2026-09-10 08:09:55+00:00
EVT-0005332,IF_ORIM_MESPE_001,ORACLE_SCM,MES,Kafka,Async,Success,,,,1148,SESS-0DE4495556,REQ-F857B626252B,2026-09-16 22:21:11+00:00
EVT-0005335,IF_ORIM_MESPE_001,ORACLE_SCM,MES,Kafka,Async,Success,,,,1298,SESS-0F5E22A31B,REQ-582AFB966849,2026-09-15 01:15:48+00:00
EVT-0005336,IF_ORSC_ORIM_001,ORACLE_SCM,ORACLE_SCM,ESB,Sync,Success,,,,2540,SESS-A415A3F637,REQ-F1AC92E4BAC3,2026-09-14 18:09:03+00:00
EVT-0005338,IF_ORIM_MESPE_001,ORACLE_SCM,MES,Kafka,Async,Success,,,,1721,SESS-8C63AD9A0C,REQ-A18C01A39CC5,2026-09-12 22:29:37+00:00
EVT-0005339,IF_ORWMS_SAPQM_001,ORACLE_SCM,SAP_ERP,Kafka,Async,Success,,,,2045,SESS-C9D11BDB8C,REQ-9FFCE71CE340,2026-09-15 17:51:25+00:00
EVT-0005351,IF_OROM_CRMOM_001,ORACLE_SCM,CRM,REST_API,REST,Retry,TIME_004,Downstream response exceeded SLA,Timeout,5413,SESS-9083D8339E,REQ-26D36A2B7E35,2026-09-15 22:41:00+00:00
EVT-0005354,IF_OROM_CRMOM_001,ORACLE_SCM,CRM,REST_API,REST,Success,,,,1576,SESS-08DED9129B,REQ-5558545A2513,2026-09-10 02:35:36+00:00
EVT-0005360,IF_ORSC_SAPPP_001,ORACLE_SCM,SAP_ERP,Kafka,Async,Success,,,,1172,SESS-64CFD2BAA0,REQ-C903FBFF942B,2026-09-15 14:12:16+00:00
EVT-0005361,IF_ORIM_SAPPROC_001,ORACLE_SCM,SAP_ERP,REST_API,REST,Success,,,,2796,SESS-E0C4477CFB,REQ-838598A3C399,2026-09-14 23:08:26+00:00
EVT-0005364,IF_ORWMS_SAPQM_001,ORACLE_SCM,SAP_ERP,Kafka,Async,Success,,,,2327,SESS-B83DBF7912,REQ-16D09A84C7C1,2026-09-10 02:32:07+00:00
EVT-0005370,IF_ORSC_SAPPP_001,ORACLE_SCM,SAP_ERP,Kafka,Async,Success,,,,1311,SESS-E3FBFF8DDC,REQ-AE33F7B61CDA,2026-09-10 20:41:28+00:00
EVT-0005375,IF_ORIM_SAPPROC_001,ORACLE_SCM,SAP_ERP,REST_API,REST,Success,,,,2696,SESS-AA7710A277,REQ-39167543E0EE,2026-09-13 23:05:26+00:00
EVT-0005376,IF_ORWMS_OROM_001,ORACLE_SCM,ORACLE_SCM,Kafka,Async,Success,,,,1349,SESS-070E56ED73,REQ-09FFD5425F69,2026-09-13 03:03:30+00:00
EVT-0005378,IF_ORWMS_SAPQM_001,ORACLE_SCM,SAP_ERP,Kafka,Async,Success,,,,2102,SESS-D887BCE094,REQ-BAC5CD819CE0,2026-09-13 00:50:05+00:00
EVT-0005383,IF_ORIM_SAPPROC_001,ORACLE_SCM,SAP_ERP,REST_API,REST,Retry,AUTHZ_403,Caller is not authorized,Authorization,6535,SESS-442A2960F6,REQ-7F4F99BA7FFE,2026-09-13 08:55:35+00:00
EVT-0005388,IF_OROM_CRMOM_001,ORACLE_SCM,CRM,REST_API,REST,Success,,,,3132,SESS-49684F6EA9,REQ-5C2D21C19FF2,2026-09-10 09:59:20+00:00
EVT-0005393,IF_ORIM_MESPE_001,ORACLE_SCM,MES,Kafka,Async,Success,,,,869,SESS-368C891FFB,REQ-CB5A32C0817D,2026-09-12 21:51:31+00:00
EVT-0005394,IF_ORIM_ORWMS_001,ORACLE_SCM,ORACLE_SCM,ESB,Sync,Success,,,,768,SESS-3C9E64B6F3,REQ-097BCED6982C,2026-09-11 05:19:10+00:00
EVT-0005396,IF_ORSC_ORIM_001,ORACLE_SCM,ORACLE_SCM,ESB,Sync,Success,,,,2374,SESS-E77BEB27BB,REQ-A055DC2AF9F7,2026-09-11 21:52:47+00:00
EVT-0005397,IF_ORSC_ORIM_001,ORACLE_SCM,ORACLE_SCM,ESB,Sync,Success,,,,1778,SESS-48B4047D4C,REQ-C1396BA69F45,2026-09-11 23:22:46+00:00
EVT-0005399,IF_ORWMS_SAPQM_001,ORACLE_SCM,SAP_ERP,Kafka,Async,Failed,NET_CONN_003,Connection reset by peer,Network,14022,SESS-83119A5908,REQ-035BDB591AB9,2026-09-13 08:40:53+00:00
EVT-0005402,IF_ORWMS_OROM_001,ORACLE_SCM,ORACLE_SCM,Kafka,Async,Success,,,,1467,SESS-15F5CC00EE,REQ-AB28BCEDBA79,2026-09-16 08:52:57+00:00
EVT-0005403,IF_ORWMS_OROM_001,ORACLE_SCM,ORACLE_SCM,Kafka,Async,Success,,,,1151,SESS-A4D4E03CFF,REQ-CDB2CE2314D7,2026-09-14 04:11:52+00:00
EVT-0005404,IF_ORWMS_SAPQM_001,ORACLE_SCM,SAP_ERP,Kafka,Async,Success,,,,1935,SESS-01E06E727D,REQ-B429325FEEA4,2026-09-13 11:27:39+00:00
EVT-0005408,IF_ORWMS_SAPQM_001,ORACLE_SCM,SAP_ERP,Kafka,Async,Success,,,,2535,SESS-0A1515447B,REQ-07803FBEED02,2026-09-11 20:06:22+00:00
EVT-0005411,IF_ORWMS_OROM_001,ORACLE_SCM,ORACLE_SCM,Kafka,Async,Failed,NET_CONN_003,Connection reset by peer,Network,8533,SESS-23813C396B,REQ-0F458A901811,2026-09-13 16:10:31+00:00
EVT-0005412,IF_ORSC_SAPPP_001,ORACLE_SCM,SAP_ERP,Kafka,Async,Retry,TIME_004,Downstream response exceeded SLA,Timeout,3267,SESS-CED1FF4E07,REQ-BECB49343CD2,2026-09-16 03:01:56+00:00
EVT-0005414,IF_OROM_CRMOM_001,ORACLE_SCM,CRM,REST_API,REST,Success,,,,1143,SESS-3643105FEE,REQ-2A58379A79DE,2026-09-12 04:10:07+00:00
EVT-0005415,IF_ORIM_SAPPROC_001,ORACLE_SCM,SAP_ERP,REST_API,REST,Retry,CFG_017,Interface configuration mismatch,Configuration,8523,SESS-703ADCE0C7,REQ-75A2E7901D65,2026-09-10 07:26:04+00:00
EVT-0005416,IF_ORIM_SAPPROC_001,ORACLE_SCM,SAP_ERP,REST_API,REST,Failed,DB_COMMIT_014,Transaction commit failed,Database,4487,SESS-4D531146F1,REQ-44DAE806C74C,2026-09-15 05:37:20+00:00
EVT-0005417,IF_OROM_CRMOM_001,ORACLE_SCM,CRM,REST_API,REST,Success,,,,1589,SESS-1C9554F4AB,REQ-6F3E1D52E04A,2026-09-10 05:37:34+00:00
EVT-0005420,IF_ORIM_SAPPROC_001,ORACLE_SCM,SAP_ERP,REST_API,REST,Success,,,,2244,SESS-6952BDC4B5,REQ-952CAF1CB48D,2026-09-12 12:08:20+00:00
EVT-0005425,IF_ORIM_SAPPROC_001,ORACLE_SCM,SAP_ERP,REST_API,REST,Success,,,,1662,SESS-76D9AF3362,REQ-4C72EF5F8E07,2026-09-10 01:57:38+00:00
EVT-0005428,IF_ORSC_SAPPP_001,ORACLE_SCM,SAP_ERP,Kafka,Async,Success,,,,1739,SESS-AFD1EE4E49,REQ-E43FFECE3A79,2026-09-10 07:42:18+00:00
EVT-0005429,IF_OROM_CRMOM_001,ORACLE_SCM,CRM,REST_API,REST,Success,,,,1683,SESS-C9122F04FD,REQ-A7AFA9FE8A46,2026-09-14 02:55:21+00:00
EVT-0005431,IF_OROM_CRMOM_001,ORACLE_SCM,CRM,REST_API,REST,Success,,,,1546,SESS-0BE428B290,REQ-5C44B391C318,2026-09-14 22:27:53+00:00
EVT-0005435,IF_ORIM_MESPE_001,ORACLE_SCM,MES,Kafka,Async,Success,,,,1071,SESS-374FB38BAA,REQ-406BEA396F9A,2026-09-15 07:27:46+00:00
EVT-0005436,IF_ORIM_SAPPROC_001,ORACLE_SCM,SAP_ERP,REST_API,REST,Success,,,,2793,SESS-F101A96B5C,REQ-C26896519620,2026-09-12 06:48:51+00:00
EVT-0005437,IF_ORIM_MESPE_001,ORACLE_SCM,MES,Kafka,Async,Success,,,,1797,SESS-B0AA9DEA47,REQ-B9961B97403C,2026-09-15 06:05:30+00:00
EVT-0005440,IF_ORWMS_OROM_001,ORACLE_SCM,ORACLE_SCM,Kafka,Async,Failed,TIME_004,Downstream response exceeded SLA,Timeout,7953,SESS-52190ABE73,REQ-61EAFF10D0CC,2026-09-11 10:55:11+00:00
EVT-0005448,IF_ORWMS_SAPQM_001,ORACLE_SCM,SAP_ERP,Kafka,Async,Success,,,,2249,SESS-DED7515F5D,REQ-C86533B8F8DC,2026-09-14 07:46:17+00:00
EVT-0005450,IF_ORWMS_OROM_001,ORACLE_SCM,ORACLE_SCM,Kafka,Async,Success,,,,1350,SESS-DEC1A8A3BE,REQ-E78C6007E633,2026-09-16 07:50:35+00:00
EVT-0005453,IF_ORSC_ORIM_001,ORACLE_SCM,ORACLE_SCM,ESB,Sync,Failed,AUTH_401,Service credential rejected,Authentication,14526,SESS-928AB017FC,REQ-62A2297888DC,2026-09-16 11:10:00+00:00
EVT-0005456,IF_ORIM_MESPE_001,ORACLE_SCM,MES,Kafka,Async,Success,,,,1238,SESS-6DDFC279F2,REQ-3505CF9E7795,2026-09-11 11:28:15+00:00
EVT-0005458,IF_OROM_CRMOM_001,ORACLE_SCM,CRM,REST_API,REST,Success,,,,2383,SESS-3F2C5159D3,REQ-8E89BD54C94D,2026-09-16 15:28:47+00:00
EVT-0005463,IF_ORIM_ORWMS_001,ORACLE_SCM,ORACLE_SCM,ESB,Sync,Success,,,,1003,SESS-561CD6276A,REQ-743AACE6024B,2026-09-12 02:04:32+00:00
EVT-0005465,IF_ORWMS_OROM_001,ORACLE_SCM,ORACLE_SCM,Kafka,Async,Success,,,,897,SESS-69B976411B,REQ-EB3028EA5287,2026-09-10 23:08:24+00:00
EVT-0005468,IF_ORIM_ORWMS_001,ORACLE_SCM,ORACLE_SCM,ESB,Sync,Success,,,,792,SESS-FB7CBDA397,REQ-2582BA9E76C9,2026-09-10 17:09:22+00:00
EVT-0005472,IF_ORSC_ORIM_001,ORACLE_SCM,ORACLE_SCM,ESB,Sync,Success,,,,2759,SESS-568EBF9BF2,REQ-513173059CF2,2026-09-14 14:48:00+00:00
EVT-0005474,IF_ORWMS_OROM_001,ORACLE_SCM,ORACLE_SCM,Kafka,Async,Success,,,,1320,SESS-0981E47423,REQ-895551DB86D5,2026-09-10 15:59:09+00:00
EVT-0005476,IF_ORWMS_SAPQM_001,ORACLE_SCM,SAP_ERP,Kafka,Async,Success,,,,1934,SESS-15BF134AFF,REQ-F76AF35B284B,2026-09-12 13:21:04+00:00
EVT-0005478,IF_ORSC_ORIM_001,ORACLE_SCM,ORACLE_SCM,ESB,Sync,Success,,,,2164,SESS-B5083CCF60,REQ-643D7CD8F963,2026-09-14 13:51:29+00:00
EVT-0005479,IF_ORWMS_SAPQM_001,ORACLE_SCM,SAP_ERP,Kafka,Async,Retry,NET_CONN_003,Connection reset by peer,Network,3522,SESS-C785A7E53C,REQ-B0AE6C777B3A,2026-09-13 19:16:05+00:00
EVT-0005481,IF_ORSC_SAPPP_001,ORACLE_SCM,SAP_ERP,Kafka,Async,Success,,,,1392,SESS-1EB394FFD4,REQ-8026E526A924,2026-09-13 19:02:51+00:00
EVT-0005483,IF_ORSC_ORIM_001,ORACLE_SCM,ORACLE_SCM,ESB,Sync,Success,,,,1899,SESS-9B7C62CB01,REQ-195269DA4512,2026-09-16 14:13:57+00:00
EVT-0005486,IF_ORSC_SAPPP_001,ORACLE_SCM,SAP_ERP,Kafka,Async,Failed,CAP_003,Downstream service is at capacity,Capacity,1501,SESS-B95340897E,REQ-2C9BD31BDC8E,2026-09-16 02:26:22+00:00
EVT-0005489,IF_ORSC_SAPPP_001,ORACLE_SCM,SAP_ERP,Kafka,Async,Success,,,,862,SESS-896DB3A70A,REQ-186BA9E80DBD,2026-09-11 01:38:02+00:00
EVT-0005491,IF_ORSC_ORIM_001,ORACLE_SCM,ORACLE_SCM,ESB,Sync,Retry,CFG_017,Interface configuration mismatch,Configuration,6255,SESS-9B4D008DBD,REQ-7E2E92AA4572,2026-09-10 16:14:04+00:00
EVT-0005492,IF_ORIM_SAPPROC_001,ORACLE_SCM,SAP_ERP,REST_API,REST,Success,,,,2636,SESS-DCAC01776E,REQ-0CFBB97C2A32,2026-09-10 16:11:33+00:00
EVT-0005493,IF_ORSC_ORIM_001,ORACLE_SCM,ORACLE_SCM,ESB,Sync,Success,,,,2772,SESS-C9A10A4540,REQ-6A18197C41F2,2026-09-13 21:41:41+00:00
EVT-0005494,IF_ORIM_MESPE_001,ORACLE_SCM,MES,Kafka,Async,Success,,,,1958,SESS-7AD2A51579,REQ-C860385AA0E5,2026-09-14 13:23:58+00:00
EVT-0005495,IF_ORWMS_SAPQM_001,ORACLE_SCM,SAP_ERP,Kafka,Async,Success,,,,2601,SESS-0A55B40BC4,REQ-8EAB0E934924,2026-09-13 09:30:19+00:00
EVT-0005500,IF_OROM_CRMOM_001,ORACLE_SCM,CRM,REST_API,REST,Success,,,,2594,SESS-B286A6E3D4,REQ-5F2C2422C17F,2026-09-10 23:34:58+00:00
EVT-0005503,IF_ORWMS_OROM_001,ORACLE_SCM,ORACLE_SCM,Kafka,Async,Success,,,,1014,SESS-40C5FCA187,REQ-83A6B97A9F69,2026-09-10 03:57:59+00:00
EVT-0005505,IF_ORWMS_SAPQM_001,ORACLE_SCM,SAP_ERP,Kafka,Async,Success,,,,1820,SESS-66741B894A,REQ-1F41C866EC8D,2026-09-13 07:28:07+00:00
EVT-0005521,IF_ORWMS_SAPQM_001,ORACLE_SCM,SAP_ERP,Kafka,Async,Failed,CFG_017,Interface configuration mismatch,Configuration,15884,SESS-764038273A,REQ-72BF0E5EE530,2026-09-13 11:58:28+00:00
EVT-0005534,IF_ORIM_SAPPROC_001,ORACLE_SCM,SAP_ERP,REST_API,REST,Success,,,,2284,SESS-7A7E7A6F94,REQ-A9BD9F678AD7,2026-09-10 09:05:56+00:00
EVT-0005536,IF_ORWMS_SAPQM_001,ORACLE_SCM,SAP_ERP,Kafka,Async,Retry,CFG_017,Interface configuration mismatch,Configuration,6361,SESS-53E8156749,REQ-E10DF0BF3FAB,2026-09-12 12:10:58+00:00
EVT-0005548,IF_ORSC_SAPPP_001,ORACLE_SCM,SAP_ERP,Kafka,Async,Retry,TIME_004,Downstream response exceeded SLA,Timeout,4486,SESS-FCC440E076,REQ-AB543901B54C,2026-09-10 22:21:30+00:00
EVT-0005554,IF_ORIM_MESPE_001,ORACLE_SCM,MES,Kafka,Async,Success,,,,1364,SESS-7E47FF0513,REQ-E2019A170D35,2026-09-15 18:17:35+00:00
EVT-0005557,IF_ORSC_ORIM_001,ORACLE_SCM,ORACLE_SCM,ESB,Sync,Success,,,,2766,SESS-C55603A76B,REQ-67FE3375F178,2026-09-15 02:36:20+00:00
EVT-0005559,IF_ORSC_ORIM_001,ORACLE_SCM,ORACLE_SCM,ESB,Sync,Success,,,,3069,SESS-97D3378B00,REQ-83D3FA17927A,2026-09-16 18:13:43+00:00
EVT-0005561,IF_ORIM_ORWMS_001,ORACLE_SCM,ORACLE_SCM,ESB,Sync,Retry,INFRA_008,Runtime node unavailable,Infrastructure,2439,SESS-018BB5B50B,REQ-F6B8F75BED93,2026-09-10 18:05:11+00:00
EVT-0005562,IF_ORIM_MESPE_001,ORACLE_SCM,MES,Kafka,Async,Success,,,,1303,SESS-89EDF4D740,REQ-15F9FD708162,2026-09-12 06:02:55+00:00
EVT-0005563,IF_ORSC_ORIM_001,ORACLE_SCM,ORACLE_SCM,ESB,Sync,Success,,,,1678,SESS-DBD3745591,REQ-D57558BD75CC,2026-09-16 01:28:46+00:00
EVT-0005566,IF_ORIM_SAPPROC_001,ORACLE_SCM,SAP_ERP,REST_API,REST,Success,,,,2606,SESS-FDA7FD7147,REQ-3DA7A58A6AC1,2026-09-15 13:23:27+00:00
EVT-0005569,IF_ORIM_MESPE_001,ORACLE_SCM,MES,Kafka,Async,Success,,,,1287,SESS-13CFD35A36,REQ-E0E6FB00EA7D,2026-09-14 10:19:51+00:00
EVT-0005572,IF_ORIM_SAPPROC_001,ORACLE_SCM,SAP_ERP,REST_API,REST,Success,,,,1744,SESS-58AF037F20,REQ-F30CD1903CE2,2026-09-14 15:33:21+00:00
EVT-0005576,IF_OROM_CRMOM_001,ORACLE_SCM,CRM,REST_API,REST,Success,,,,2927,SESS-E7F090BB3D,REQ-2DF8B3C8A7C1,2026-09-14 21:22:41+00:00
EVT-0005577,IF_ORWMS_OROM_001,ORACLE_SCM,ORACLE_SCM,Kafka,Async,Success,,,,1857,SESS-FA3785CDBC,REQ-4972FBEA4D50,2026-09-13 02:48:28+00:00
EVT-0005578,IF_ORIM_SAPPROC_001,ORACLE_SCM,SAP_ERP,REST_API,REST,Success,,,,1831,SESS-8DE7F8FC9A,REQ-CC9644AB5D23,2026-09-11 13:53:20+00:00
EVT-0005579,IF_ORSC_ORIM_001,ORACLE_SCM,ORACLE_SCM,ESB,Sync,Success,,,,1033,SESS-23C2A4D52A,REQ-46C4DC6295E6,2026-09-13 15:21:43+00:00
EVT-0005587,IF_ORIM_MESPE_001,ORACLE_SCM,MES,Kafka,Async,Success,,,,1318,SESS-1645FC1AF7,REQ-0637BF7E3B97,2026-09-16 07:21:45+00:00
EVT-0005592,IF_ORSC_ORIM_001,ORACLE_SCM,ORACLE_SCM,ESB,Sync,Success,,,,1427,SESS-26E173D1A1,REQ-54A5536CDE10,2026-09-12 05:42:22+00:00
EVT-0005593,IF_OROM_CRMOM_001,ORACLE_SCM,CRM,REST_API,REST,Success,,,,2067,SESS-C5368E4492,REQ-87FB593A8DCE,2026-09-13 05:52:46+00:00
EVT-0005595,IF_ORIM_SAPPROC_001,ORACLE_SCM,SAP_ERP,REST_API,REST,Success,,,,1856,SESS-9C734ABCAC,REQ-5F3099B4921D,2026-09-12 14:49:40+00:00
EVT-0005599,IF_ORWMS_OROM_001,ORACLE_SCM,ORACLE_SCM,Kafka,Async,Success,,,,1704,SESS-0C07A67DF7,REQ-3A2A92328ED8,2026-09-10 13:05:22+00:00
EVT-0005604,IF_ORSC_SAPPP_001,ORACLE_SCM,SAP_ERP,Kafka,Async,Success,,,,970,SESS-199F1969BE,REQ-93A119E3A9B9,2026-09-11 00:07:05+00:00
EVT-0005607,IF_OROM_CRMOM_001,ORACLE_SCM,CRM,REST_API,REST,Failed,NET_CONN_003,Connection reset by peer,Network,17203,SESS-3A30288A34,REQ-E76AEEA4782D,2026-09-13 01:43:23+00:00
EVT-0005608,IF_ORIM_MESPE_001,ORACLE_SCM,MES,Kafka,Async,Success,,,,983,SESS-156DCCB077,REQ-FDDA58707AAF,2026-09-10 01:03:50+00:00
EVT-0005609,IF_ORIM_ORWMS_001,ORACLE_SCM,ORACLE_SCM,ESB,Sync,Success,,,,643,SESS-59CDF75B54,REQ-DAD69ED45DD1,2026-09-14 22:22:25+00:00
EVT-0005615,IF_ORIM_SAPPROC_001,ORACLE_SCM,SAP_ERP,REST_API,REST,Retry,EXT_502,Downstream service returned 502,External Service,6846,SESS-38177017DB,REQ-C58F299559D7,2026-09-14 08:45:00+00:00
EVT-0005617,IF_ORIM_SAPPROC_001,ORACLE_SCM,SAP_ERP,REST_API,REST,Success,,,,3022,SESS-3E9689D183,REQ-AB81C53E0213,2026-09-11 22:04:57+00:00
EVT-0005627,IF_ORIM_MESPE_001,ORACLE_SCM,MES,Kafka,Async,Retry,VAL_400,Required business field failed validation,Validation,4674,SESS-8943F9797D,REQ-25ECA30ED059,2026-09-14 14:58:15+00:00
EVT-0005633,IF_ORIM_SAPPROC_001,ORACLE_SCM,SAP_ERP,REST_API,REST,Success,,,,2343,SESS-76AE7019D2,REQ-32CE19FC0B67,2026-09-14 00:38:12+00:00
EVT-0005634,IF_ORSC_ORIM_001,ORACLE_SCM,ORACLE_SCM,ESB,Sync,Success,,,,2659,SESS-280FA26C0F,REQ-38642531E9D8,2026-09-11 09:26:03+00:00
EVT-0005637,IF_ORIM_SAPPROC_001,ORACLE_SCM,SAP_ERP,REST_API,REST,Retry,CAP_003,Downstream service is at capacity,Capacity,3658,SESS-66B3676337,REQ-42ACE3B182C0,2026-09-10 12:36:49+00:00
EVT-0005641,IF_ORSC_SAPPP_001,ORACLE_SCM,SAP_ERP,Kafka,Async,Success,,,,1211,SESS-48166258EB,REQ-A67B73000025,2026-09-13 22:30:37+00:00
EVT-0005643,IF_OROM_CRMOM_001,ORACLE_SCM,CRM,REST_API,REST,Success,,,,2874,SESS-DEDDABB808,REQ-E65937EBDE18,2026-09-15 20:17:09+00:00
EVT-0005650,IF_ORSC_ORIM_001,ORACLE_SCM,ORACLE_SCM,ESB,Sync,Success,,,,2973,SESS-3354FCBBF1,REQ-43ED02932F1C,2026-09-13 14:32:34+00:00
EVT-0005662,IF_OROM_CRMOM_001,ORACLE_SCM,CRM,REST_API,REST,Success,,,,2460,SESS-DDFABF8021,REQ-79CE5E7AAD59,2026-09-15 09:22:10+00:00
EVT-0005669,IF_ORIM_SAPPROC_001,ORACLE_SCM,SAP_ERP,REST_API,REST,Success,,,,2047,SESS-9DF42E8B7A,REQ-232E71949691,2026-09-11 21:01:46+00:00
EVT-0005674,IF_ORSC_SAPPP_001,ORACLE_SCM,SAP_ERP,Kafka,Async,Success,,,,1311,SESS-B24B916F6E,REQ-A69818EDD22D,2026-09-13 15:24:42+00:00
EVT-0005675,IF_ORWMS_SAPQM_001,ORACLE_SCM,SAP_ERP,Kafka,Async,Success,,,,2463,SESS-F845EC677D,REQ-76E9DCA8CF37,2026-09-12 10:23:54+00:00
EVT-0005676,IF_OROM_CRMOM_001,ORACLE_SCM,CRM,REST_API,REST,Success,,,,2148,SESS-CDA6677FF2,REQ-E1994F5B016F,2026-09-10 15:35:02+00:00
EVT-0005684,IF_ORIM_MESPE_001,ORACLE_SCM,MES,Kafka,Async,Success,,,,1621,SESS-6B43D355F4,REQ-469EDB2C24A3,2026-09-13 23:03:00+00:00
EVT-0005686,IF_OROM_CRMOM_001,ORACLE_SCM,CRM,REST_API,REST,Success,,,,1574,SESS-27F2D72F73,REQ-6FFAE15B0503,2026-09-14 15:23:02+00:00
EVT-0005689,IF_OROM_CRMOM_001,ORACLE_SCM,CRM,REST_API,REST,Failed,AUTHZ_403,Caller is not authorized,Authorization,15287,SESS-19F6ABDA37,REQ-1BF5435A3D9D,2026-09-15 05:31:41+00:00
EVT-0005694,IF_ORWMS_SAPQM_001,ORACLE_SCM,SAP_ERP,Kafka,Async,Success,,,,1934,SESS-46C848133A,REQ-C87089946B0D,2026-09-12 21:45:22+00:00
EVT-0005695,IF_OROM_CRMOM_001,ORACLE_SCM,CRM,REST_API,REST,Success,,,,2789,SESS-E4EF8B4829,REQ-2533FDE35F17,2026-09-10 18:48:42+00:00
EVT-0005697,IF_OROM_CRMOM_001,ORACLE_SCM,CRM,REST_API,REST,Success,,,,3018,SESS-AE70406E9B,REQ-45147039E238,2026-09-16 10:00:46+00:00
EVT-0005702,IF_ORWMS_SAPQM_001,ORACLE_SCM,SAP_ERP,Kafka,Async,Success,,,,2411,SESS-8B71514F45,REQ-63CD827C8F7F,2026-09-13 08:25:15+00:00
EVT-0005704,IF_ORIM_MESPE_001,ORACLE_SCM,MES,Kafka,Async,Success,,,,1461,SESS-936DA06D13,REQ-5E377A0F35F5,2026-09-16 10:03:36+00:00
EVT-0005706,IF_OROM_CRMOM_001,ORACLE_SCM,CRM,REST_API,REST,Success,,,,2131,SESS-1CDECDC271,REQ-DF9D14350F10,2026-09-11 08:51:59+00:00
EVT-0005710,IF_ORIM_MESPE_001,ORACLE_SCM,MES,Kafka,Async,Success,,,,1260,SESS-6431E79F41,REQ-254FE7696E67,2026-09-16 20:41:19+00:00
EVT-0005714,IF_ORWMS_OROM_001,ORACLE_SCM,ORACLE_SCM,Kafka,Async,Success,,,,1625,SESS-2BE61BC021,REQ-077BAA8C5C43,2026-09-12 03:33:34+00:00
EVT-0005715,IF_ORSC_SAPPP_001,ORACLE_SCM,SAP_ERP,Kafka,Async,Success,,,,1286,SESS-14FCA16793,REQ-C845C48E2714,2026-09-13 17:36:37+00:00
EVT-0005721,IF_ORSC_SAPPP_001,ORACLE_SCM,SAP_ERP,Kafka,Async,Success,,,,1496,SESS-B4F0C3072F,REQ-A642030CFEC7,2026-09-15 15:41:56+00:00
EVT-0005725,IF_ORIM_SAPPROC_001,ORACLE_SCM,SAP_ERP,REST_API,REST,Success,,,,2220,SESS-14EB8D7A94,REQ-6F29E2D1B947,2026-09-15 06:40:11+00:00
EVT-0005728,IF_ORIM_SAPPROC_001,ORACLE_SCM,SAP_ERP,REST_API,REST,Success,,,,1710,SESS-4A7E7EC475,REQ-1E84DFB97501,2026-09-11 05:53:50+00:00
EVT-0005740,IF_ORIM_MESPE_001,ORACLE_SCM,MES,Kafka,Async,Success,,,,1454,SESS-16D3D45876,REQ-EEA1B0678059,2026-09-10 19:24:02+00:00
EVT-0005743,IF_ORIM_SAPPROC_001,ORACLE_SCM,SAP_ERP,REST_API,REST,Success,,,,2804,SESS-8B51E1B5E5,REQ-930F6240EE14,2026-09-14 02:00:28+00:00
EVT-0005744,IF_ORSC_ORIM_001,ORACLE_SCM,ORACLE_SCM,ESB,Sync,Failed,CAP_003,Downstream service is at capacity,Capacity,4122,SESS-680C0C7E3E,REQ-B7771450580B,2026-09-11 09:16:35+00:00
EVT-0005757,IF_ORIM_SAPPROC_001,ORACLE_SCM,SAP_ERP,REST_API,REST,Success,,,,1919,SESS-2706D0A02A,REQ-A3C472BAABFE,2026-09-10 04:12:18+00:00
EVT-0005762,IF_ORIM_SAPPROC_001,ORACLE_SCM,SAP_ERP,REST_API,REST,Success,,,,2854,SESS-6B8D8F70C1,REQ-919F82EE33CD,2026-09-11 10:12:22+00:00
EVT-0005764,IF_ORIM_MESPE_001,ORACLE_SCM,MES,Kafka,Async,Success,,,,1551,SESS-2627C947E2,REQ-87B5DE506E85,2026-09-16 07:57:11+00:00
EVT-0005768,IF_ORIM_MESPE_001,ORACLE_SCM,MES,Kafka,Async,Success,,,,1215,SESS-B9923F6A99,REQ-3446ABB13320,2026-09-12 10:32:49+00:00
EVT-0005772,IF_ORSC_SAPPP_001,ORACLE_SCM,SAP_ERP,Kafka,Async,Success,,,,829,SESS-81AA0BB6FC,REQ-0B08C4EDC9F2,2026-09-13 20:58:01+00:00
EVT-0005773,IF_ORSC_SAPPP_001,ORACLE_SCM,SAP_ERP,Kafka,Async,Failed,TIME_004,Downstream response exceeded SLA,Timeout,2373,SESS-370F096751,REQ-90993DAD47CF,2026-09-15 10:17:41+00:00
EVT-0005774,IF_OROM_CRMOM_001,ORACLE_SCM,CRM,REST_API,REST,Success,,,,2221,SESS-8E7FBFF78F,REQ-1E3F1ED6F775,2026-09-15 07:08:12+00:00
EVT-0005777,IF_ORWMS_SAPQM_001,ORACLE_SCM,SAP_ERP,Kafka,Async,Success,,,,3033,SESS-2B34769845,REQ-CFEC2CB7114C,2026-09-11 00:10:50+00:00
EVT-0005779,IF_ORWMS_SAPQM_001,ORACLE_SCM,SAP_ERP,Kafka,Async,Success,,,,2143,SESS-6CF7C1FD37,REQ-4E673E5D039D,2026-09-11 07:47:21+00:00
EVT-0005783,IF_ORIM_ORWMS_001,ORACLE_SCM,ORACLE_SCM,ESB,Sync,Success,,,,603,SESS-AAA788D85B,REQ-F677013FEF58,2026-09-11 19:15:18+00:00
EVT-0005789,IF_ORSC_SAPPP_001,ORACLE_SCM,SAP_ERP,Kafka,Async,Success,,,,1215,SESS-00116B5B51,REQ-283C9979C1C3,2026-09-10 12:25:17+00:00
EVT-0005791,IF_ORWMS_OROM_001,ORACLE_SCM,ORACLE_SCM,Kafka,Async,Success,,,,1578,SESS-962D48D3AF,REQ-83FC4B416402,2026-09-11 22:40:46+00:00
EVT-0005792,IF_ORIM_ORWMS_001,ORACLE_SCM,ORACLE_SCM,ESB,Sync,Success,,,,785,SESS-3760D599A6,REQ-30B448FA8B32,2026-09-11 17:46:22+00:00
EVT-0005797,IF_ORIM_ORWMS_001,ORACLE_SCM,ORACLE_SCM,ESB,Sync,Success,,,,799,SESS-32C0C219B9,REQ-694203A6D6E1,2026-09-15 00:51:30+00:00
EVT-0005798,IF_ORIM_SAPPROC_001,ORACLE_SCM,SAP_ERP,REST_API,REST,Success,,,,2163,SESS-2B33120E06,REQ-6BDAD07169B4,2026-09-13 13:30:02+00:00
EVT-0005810,IF_ORSC_ORIM_001,ORACLE_SCM,ORACLE_SCM,ESB,Sync,Success,,,,1447,SESS-A1F4578439,REQ-F4C83776BE39,2026-09-16 19:14:59+00:00
EVT-0005811,IF_ORWMS_SAPQM_001,ORACLE_SCM,SAP_ERP,Kafka,Async,Success,,,,2593,SESS-3844FCD7DE,REQ-29D79F04C21D,2026-09-13 09:22:38+00:00
EVT-0005813,IF_ORIM_MESPE_001,ORACLE_SCM,MES,Kafka,Async,Success,,,,1540,SESS-599007C20B,REQ-544BF6904431,2026-09-14 12:10:46+00:00
EVT-0005815,IF_ORIM_MESPE_001,ORACLE_SCM,MES,Kafka,Async,Success,,,,1093,SESS-7CB499B659,REQ-4D5581062431,2026-09-15 16:57:56+00:00
EVT-0005816,IF_ORWMS_SAPQM_001,ORACLE_SCM,SAP_ERP,Kafka,Async,Success,,,,2591,SESS-0E473C491D,REQ-794DA2C307AF,2026-09-10 23:17:27+00:00
EVT-0005817,IF_ORIM_SAPPROC_001,ORACLE_SCM,SAP_ERP,REST_API,REST,Retry,VAL_400,Required business field failed validation,Validation,6224,SESS-2C89AD1F3D,REQ-1D670AAE2B8F,2026-09-13 11:23:28+00:00
EVT-0005818,IF_ORIM_ORWMS_001,ORACLE_SCM,ORACLE_SCM,ESB,Sync,Success,,,,1120,SESS-C142FF4A85,REQ-7003A4DCCD56,2026-09-14 04:35:50+00:00
EVT-0005819,IF_ORSC_ORIM_001,ORACLE_SCM,ORACLE_SCM,ESB,Sync,Success,,,,2268,SESS-9907F4A6E1,REQ-0B05CD49E9CD,2026-09-15 05:03:16+00:00
EVT-0005820,IF_ORIM_SAPPROC_001,ORACLE_SCM,SAP_ERP,REST_API,REST,Success,,,,2381,SESS-3B7647D6A9,REQ-B87D1B830D2B,2026-09-10 04:45:36+00:00
EVT-0005822,IF_ORSC_ORIM_001,ORACLE_SCM,ORACLE_SCM,ESB,Sync,Success,,,,2110,SESS-D936072B06,REQ-9ACDB67EC4FD,2026-09-11 03:08:40+00:00
EVT-0005824,IF_OROM_CRMOM_001,ORACLE_SCM,CRM,REST_API,REST,Success,,,,1579,SESS-79DCA3B7D0,REQ-9BD322F9E68D,2026-09-10 19:17:51+00:00
EVT-0005827,IF_OROM_CRMOM_001,ORACLE_SCM,CRM,REST_API,REST,Success,,,,1879,SESS-DAFEABB2B6,REQ-07428D0FDC12,2026-09-12 18:43:02+00:00
EVT-0005829,IF_ORIM_ORWMS_001,ORACLE_SCM,ORACLE_SCM,ESB,Sync,Success,,,,921,SESS-27EA7C86A9,REQ-C75E07448776,2026-09-10 23:26:35+00:00
EVT-0005843,IF_ORWMS_SAPQM_001,ORACLE_SCM,SAP_ERP,Kafka,Async,Success,,,,2568,SESS-7037301FAA,REQ-C2E91163B2FE,2026-09-16 05:21:54+00:00
EVT-0005845,IF_ORSC_SAPPP_001,ORACLE_SCM,SAP_ERP,Kafka,Async,Success,,,,1422,SESS-DACA803EF5,REQ-A4EC882BE9E8,2026-09-13 15:05:04+00:00
EVT-0005846,IF_ORSC_ORIM_001,ORACLE_SCM,ORACLE_SCM,ESB,Sync,Success,,,,2226,SESS-8F5614091C,REQ-635982EFF000,2026-09-11 13:01:34+00:00
EVT-0005848,IF_ORIM_MESPE_001,ORACLE_SCM,MES,Kafka,Async,Failed,NET_CONN_003,Connection reset by peer,Network,10544,SESS-16C52F4483,REQ-6BB60D7B0ED5,2026-09-12 13:05:04+00:00
EVT-0005853,IF_ORSC_SAPPP_001,ORACLE_SCM,SAP_ERP,Kafka,Async,Success,,,,1591,SESS-4A6EDDD2E9,REQ-BC9230DE35A5,2026-09-12 15:13:08+00:00
EVT-0005855,IF_OROM_CRMOM_001,ORACLE_SCM,CRM,REST_API,REST,Success,,,,1799,SESS-8348CE821C,REQ-6DFFF4AAE4BB,2026-09-14 13:41:32+00:00
EVT-0005860,IF_OROM_CRMOM_001,ORACLE_SCM,CRM,REST_API,REST,Success,,,,2528,SESS-9549B23574,REQ-22EBD7A98C73,2026-09-10 20:33:38+00:00
EVT-0005863,IF_ORWMS_OROM_001,ORACLE_SCM,ORACLE_SCM,Kafka,Async,Success,,,,1493,SESS-60A398CDA7,REQ-3B2490F1B919,2026-09-10 06:10:20+00:00
EVT-0005864,IF_OROM_CRMOM_001,ORACLE_SCM,CRM,REST_API,REST,Failed,VAL_400,Required business field failed validation,Validation,16738,SESS-6844DA0D3E,REQ-F7229D084BDE,2026-09-10 11:33:40+00:00
EVT-0005868,IF_ORWMS_SAPQM_001,ORACLE_SCM,SAP_ERP,Kafka,Async,Success,,,,2223,SESS-E6E25C2113,REQ-0C230321FDE9,2026-09-12 07:05:09+00:00
EVT-0005882,IF_ORWMS_OROM_001,ORACLE_SCM,ORACLE_SCM,Kafka,Async,Failed,AUTHZ_403,Caller is not authorized,Authorization,1861,SESS-73DDE9DFAD,REQ-12C1AF4465D3,2026-09-16 22:17:37+00:00
EVT-0005884,IF_ORIM_ORWMS_001,ORACLE_SCM,ORACLE_SCM,ESB,Sync,Success,,,,650,SESS-3F84836760,REQ-5C380C1AC16D,2026-09-15 03:46:07+00:00
EVT-0005886,IF_ORWMS_OROM_001,ORACLE_SCM,ORACLE_SCM,Kafka,Async,Success,,,,1225,SESS-5B1EC45BCD,REQ-EDCA594AD014,2026-09-15 15:32:00+00:00
EVT-0005890,IF_OROM_CRMOM_001,ORACLE_SCM,CRM,REST_API,REST,Retry,AUTHZ_403,Caller is not authorized,Authorization,6151,SESS-43189C7EA7,REQ-219B0F978E65,2026-09-10 22:01:33+00:00
EVT-0005893,IF_ORIM_ORWMS_001,ORACLE_SCM,ORACLE_SCM,ESB,Sync,Success,,,,1003,SESS-F9AE91AD1D,REQ-605691112D3B,2026-09-16 11:08:42+00:00
EVT-0005897,IF_ORIM_SAPPROC_001,ORACLE_SCM,SAP_ERP,REST_API,REST,Failed,CAP_003,Downstream service is at capacity,Capacity,18461,SESS-B29A771239,REQ-BBED533AAD00,2026-09-14 08:13:32+00:00
EVT-0005901,IF_OROM_CRMOM_001,ORACLE_SCM,CRM,REST_API,REST,Success,,,,2687,SESS-99230B1D44,REQ-2597D7C6761F,2026-09-14 09:22:11+00:00
EVT-0005903,IF_ORIM_MESPE_001,ORACLE_SCM,MES,Kafka,Async,Success,,,,1497,SESS-6928D3717B,REQ-7559BFA88D97,2026-09-15 12:33:51+00:00
EVT-0005906,IF_OROM_CRMOM_001,ORACLE_SCM,CRM,REST_API,REST,Retry,TIME_004,Downstream response exceeded SLA,Timeout,5017,SESS-F088C39A09,REQ-6D416EE1070C,2026-09-10 03:27:04+00:00
EVT-0005908,IF_ORIM_ORWMS_001,ORACLE_SCM,ORACLE_SCM,ESB,Sync,Success,,,,780,SESS-F488DDEBE2,REQ-D6E5C887D571,2026-09-12 20:58:38+00:00
EVT-0005910,IF_ORIM_MESPE_001,ORACLE_SCM,MES,Kafka,Async,Success,,,,1135,SESS-E5A9C50B81,REQ-B9B39AF05C26,2026-09-16 21:08:51+00:00
EVT-0005915,IF_ORIM_ORWMS_001,ORACLE_SCM,ORACLE_SCM,ESB,Sync,Success,,,,949,SESS-20CADAC73A,REQ-87EE91562BF2,2026-09-16 10:22:54+00:00
EVT-0005917,IF_ORIM_SAPPROC_001,ORACLE_SCM,SAP_ERP,REST_API,REST,Success,,,,1866,SESS-8AC5901202,REQ-5705A0B63196,2026-09-13 05:24:20+00:00
EVT-0005919,IF_ORIM_ORWMS_001,ORACLE_SCM,ORACLE_SCM,ESB,Sync,Retry,INFRA_008,Runtime node unavailable,Infrastructure,2232,SESS-E305401A5A,REQ-A1B6FCF09C0C,2026-09-15 15:04:08+00:00
EVT-0005921,IF_ORSC_ORIM_001,ORACLE_SCM,ORACLE_SCM,ESB,Sync,Success,,,,3279,SESS-A2BEF4CD36,REQ-32F0F0FDC96A,2026-09-12 16:27:18+00:00
EVT-0005924,IF_ORIM_SAPPROC_001,ORACLE_SCM,SAP_ERP,REST_API,REST,Success,,,,1658,SESS-83D2EAAEE4,REQ-0E2E893F512B,2026-09-16 18:43:56+00:00
EVT-0005925,IF_ORSC_ORIM_001,ORACLE_SCM,ORACLE_SCM,ESB,Sync,Retry,VAL_400,Required business field failed validation,Validation,5350,SESS-51B9225B1A,REQ-C62D67DC0435,2026-09-14 03:45:15+00:00
EVT-0005930,IF_ORIM_SAPPROC_001,ORACLE_SCM,SAP_ERP,REST_API,REST,Success,,,,2597,SESS-1A3FAC531B,REQ-BAB532F35FEC,2026-09-14 20:13:49+00:00
EVT-0005939,IF_ORIM_SAPPROC_001,ORACLE_SCM,SAP_ERP,REST_API,REST,Success,,,,795,SESS-7BF4AFE22D,REQ-D226860A5B4A,2026-09-11 09:47:20+00:00
EVT-0005941,IF_ORWMS_OROM_001,ORACLE_SCM,ORACLE_SCM,Kafka,Async,Retry,CFG_017,Interface configuration mismatch,Configuration,5133,SESS-484E48BF95,REQ-4F5D4D499498,2026-09-14 01:28:41+00:00
EVT-0005943,IF_ORIM_ORWMS_001,ORACLE_SCM,ORACLE_SCM,ESB,Sync,Success,,,,1382,SESS-4636F2A8A1,REQ-D878669EC131,2026-09-13 20:26:39+00:00
EVT-0005944,IF_ORIM_SAPPROC_001,ORACLE_SCM,SAP_ERP,REST_API,REST,Failed,CAP_003,Downstream service is at capacity,Capacity,8783,SESS-FA8F824D1E,REQ-E4A1A87B3D1C,2026-09-11 02:18:57+00:00
EVT-0005946,IF_ORSC_SAPPP_001,ORACLE_SCM,SAP_ERP,Kafka,Async,Success,,,,1506,SESS-3F4F91FCFA,REQ-DA0B57404C7A,2026-09-13 12:04:00+00:00
EVT-0005949,IF_ORSC_ORIM_001,ORACLE_SCM,ORACLE_SCM,ESB,Sync,Retry,DB_COMMIT_014,Transaction commit failed,Database,7167,SESS-72AC537EB9,REQ-964910EA14B3,2026-09-14 10:02:55+00:00
EVT-0005950,IF_OROM_CRMOM_001,ORACLE_SCM,CRM,REST_API,REST,Retry,TIME_004,Downstream response exceeded SLA,Timeout,6232,SESS-478BBE5869,REQ-4B6050E0F642,2026-09-14 05:50:49+00:00
EVT-0005951,IF_ORSC_SAPPP_001,ORACLE_SCM,SAP_ERP,Kafka,Async,Success,,,,1568,SESS-E4D5B9B66A,REQ-0CDDC14BD3B9,2026-09-15 12:41:21+00:00
EVT-0005956,IF_ORIM_MESPE_001,ORACLE_SCM,MES,Kafka,Async,Success,,,,1409,SESS-6D254D62BF,REQ-D7D30ED3A45D,2026-09-16 15:47:18+00:00
EVT-0005957,IF_ORWMS_OROM_001,ORACLE_SCM,ORACLE_SCM,Kafka,Async,Success,,,,989,SESS-0BF0394039,REQ-2A1C04DC78FB,2026-09-10 07:09:32+00:00
EVT-0005964,IF_ORSC_ORIM_001,ORACLE_SCM,ORACLE_SCM,ESB,Sync,Success,,,,2269,SESS-D377EBFFE3,REQ-5F7ABF610ADD,2026-09-14 01:50:17+00:00
EVT-0005965,IF_ORIM_MESPE_001,ORACLE_SCM,MES,Kafka,Async,Success,,,,1291,SESS-8199700B8B,REQ-42C5E9022EF7,2026-09-13 22:16:38+00:00
EVT-0005966,IF_ORSC_ORIM_001,ORACLE_SCM,ORACLE_SCM,ESB,Sync,Success,,,,2740,SESS-7DA6481B25,REQ-7D28411CF1DF,2026-09-11 16:17:44+00:00
EVT-0005972,IF_ORSC_ORIM_001,ORACLE_SCM,ORACLE_SCM,ESB,Sync,Success,,,,2362,SESS-5724AEFE47,REQ-6BCDF675FB79,2026-09-10 11:37:41+00:00
EVT-0005973,IF_ORSC_ORIM_001,ORACLE_SCM,ORACLE_SCM,ESB,Sync,Success,,,,3961,SESS-07EAE9C0A0,REQ-CC4705FD99AC,2026-09-16 00:22:53+00:00
EVT-0005978,IF_ORWMS_OROM_001,ORACLE_SCM,ORACLE_SCM,Kafka,Async,Success,,,,1255,SESS-49C02207F9,REQ-7D79DC44EA3F,2026-09-12 05:03:05+00:00
EVT-0005979,IF_OROM_CRMOM_001,ORACLE_SCM,CRM,REST_API,REST,Retry,INFRA_008,Runtime node unavailable,Infrastructure,7502,SESS-333EB4630A,REQ-DC3B39901CE9,2026-09-10 03:00:19+00:00
EVT-0005982,IF_ORIM_SAPPROC_001,ORACLE_SCM,SAP_ERP,REST_API,REST,Success,,,,2615,SESS-ACF6B9CCBE,REQ-55099EEA3399,2026-09-13 05:55:39+00:00
EVT-0005985,IF_ORIM_ORWMS_001,ORACLE_SCM,ORACLE_SCM,ESB,Sync,Failed,EXT_502,Downstream service returned 502,External Service,1349,SESS-8A8FD4D10F,REQ-F93622F07710,2026-09-13 12:54:48+00:00
EVT-0005988,IF_ORSC_ORIM_001,ORACLE_SCM,ORACLE_SCM,ESB,Sync,Retry,EXT_502,Downstream service returned 502,External Service,8039,SESS-FD12D8E280,REQ-CC1671565023,2026-09-16 04:12:31+00:00
EVT-0005989,IF_ORSC_ORIM_001,ORACLE_SCM,ORACLE_SCM,ESB,Sync,Success,,,,2106,SESS-17B1539130,REQ-2E93FCC5F646,2026-09-15 22:37:00+00:00
EVT-0005991,IF_ORWMS_OROM_001,ORACLE_SCM,ORACLE_SCM,Kafka,Async,Retry,AUTHZ_403,Caller is not authorized,Authorization,3955,SESS-4F365E55E5,REQ-8D3FD86D73C0,2026-09-11 08:31:04+00:00
EVT-0005992,IF_ORSC_SAPPP_001,ORACLE_SCM,SAP_ERP,Kafka,Async,Success,,,,1262,SESS-E7E71F81EA,REQ-712725FEA27E,2026-09-15 00:52:51+00:00
EVT-0005997,IF_ORWMS_OROM_001,ORACLE_SCM,ORACLE_SCM,Kafka,Async,Success,,,,1288,SESS-D8FEA30A6E,REQ-4BF9CC9674F2,2026-09-16 20:15:56+00:00
EVT-0005998,IF_ORIM_ORWMS_001,ORACLE_SCM,ORACLE_SCM,ESB,Sync,Success,,,,1164,SESS-449D1E1E83,REQ-63AAFAF4121A,2026-09-15 12:25:02+00:00
EVT-0006000,IF_ORWMS_OROM_001,ORACLE_SCM,ORACLE_SCM,Kafka,Async,Success,,,,1276,SESS-7ED172D158,REQ-D26CA7209CA2,2026-09-16 01:48:46+00:00
