EventID,InterfaceID,SourceSystem,TargetSystem,Middleware,Pattern,Status,ErrorCode,ErrorText,RootCauseClass,Latency_ms,SessionID,RequestID,Timestamp
EVT-0000008,IF_PLMCM_SAPPP_001,PLM,SAP_ERP,ESB,Async,Success,,,,2363,SESS-A1E61DE6F6,REQ-FEA3FAC77845,2026-09-11 22:14:45+00:00
EVT-0000017,IF_PLMPD_MESPE_001,PLM,MES,Kafka,Async,Success,,,,968,SESS-3669979A8D,REQ-30E5B85772F5,2026-09-15 12:13:11+00:00
EVT-0000029,IF_PLMCM_SAPPP_001,PLM,SAP_ERP,ESB,Async,Success,,,,2075,SESS-609BE4D856,REQ-E2C9324B95C4,2026-09-14 21:55:18+00:00
EVT-0000031,IF_PLMCFG_MESPC_001,PLM,MES,REST_API,REST,Success,,,,1487,SESS-6BBCF27755,REQ-F362FBA8CCED,2026-09-15 15:04:24+00:00
EVT-0000053,IF_PLMCFG_MESPC_001,PLM,MES,REST_API,REST,Success,,,,1996,SESS-8AB8CF821E,REQ-A5C8B50A6604,2026-09-14 07:28:32+00:00
EVT-0000063,IF_PLMCFG_MESPC_001,PLM,MES,REST_API,REST,Success,,,,1757,SESS-59228E38D3,REQ-81603CFB3110,2026-09-16 09:44:46+00:00
EVT-0000069,IF_PLMPD_SAPPP_001,PLM,SAP_ERP,Kafka,Async,Success,,,,1151,SESS-4B51AF75BA,REQ-41E71152F8A2,2026-09-11 20:49:04+00:00
EVT-0000076,IF_PLMCM_SAPPP_001,PLM,SAP_ERP,ESB,Async,Success,,,,1902,SESS-FCA0AD8071,REQ-8E1A6191582E,2026-09-15 21:22:47+00:00
EVT-0000078,IF_PLMCM_SAPPP_001,PLM,SAP_ERP,ESB,Async,Success,,,,2060,SESS-31FEAE5571,REQ-131E83D57DF6,2026-09-13 17:30:12+00:00
EVT-0000082,IF_PLMCM_SAPPP_001,PLM,SAP_ERP,ESB,Async,Retry,CAP_003,Downstream service is at capacity,Capacity,7646,SESS-F522AD8380,REQ-D286999106C8,2026-09-13 20:11:53+00:00
EVT-0000102,IF_PLMPD_SAPPP_001,PLM,SAP_ERP,Kafka,Async,Success,,,,1104,SESS-83FF260C79,REQ-34895A245BF0,2026-09-11 11:06:11+00:00
EVT-0000107,IF_PLMCM_SAPPP_001,PLM,SAP_ERP,ESB,Async,Success,,,,2450,SESS-96337393D5,REQ-1A426702C444,2026-09-14 20:16:02+00:00
EVT-0000113,IF_PLMPD_SAPPP_001,PLM,SAP_ERP,Kafka,Async,Success,,,,464,SESS-B191EE4687,REQ-3A41C974F81C,2026-09-11 16:31:16+00:00
EVT-0000131,IF_PLMPD_MESPE_001,PLM,MES,Kafka,Async,Success,,,,687,SESS-8C0A252F1E,REQ-68AA52AE2BAC,2026-09-12 17:04:49+00:00
EVT-0000132,IF_PLMPD_MESPE_001,PLM,MES,Kafka,Async,Success,,,,1060,SESS-7EF778E09D,REQ-05827539B5B8,2026-09-13 01:38:32+00:00
EVT-0000133,IF_PLMPD_SAPPP_001,PLM,SAP_ERP,Kafka,Async,Success,,,,892,SESS-649D52E914,REQ-05C16E7C8735,2026-09-14 20:41:07+00:00
EVT-0000140,IF_PLMPD_SAPPP_001,PLM,SAP_ERP,Kafka,Async,Retry,AUTH_401,Service credential rejected,Authentication,2269,SESS-CAA4470387,REQ-38893F642C95,2026-09-16 16:26:33+00:00
EVT-0000143,IF_PLMPD_SAPPP_001,PLM,SAP_ERP,Kafka,Async,Success,,,,890,SESS-BA6EBF316C,REQ-1328E9AA3245,2026-09-10 15:02:19+00:00
EVT-0000149,IF_PLMPD_SAPPP_001,PLM,SAP_ERP,Kafka,Async,Success,,,,858,SESS-7015E63C22,REQ-BB64855B605E,2026-09-11 05:05:40+00:00
EVT-0000159,IF_PLMPD_MESPE_001,PLM,MES,Kafka,Async,Failed,AUTHZ_403,Caller is not authorized,Authorization,4981,SESS-1A37BD29E9,REQ-4BF9712D36DF,2026-09-14 23:43:43+00:00
EVT-0000171,IF_PLMCM_SAPPP_001,PLM,SAP_ERP,ESB,Async,Failed,AUTH_401,Service credential rejected,Authentication,14263,SESS-B450CFC25D,REQ-EB30D15F22FA,2026-09-12 14:15:23+00:00
EVT-0000189,IF_PLMCFG_MESPC_001,PLM,MES,REST_API,REST,Retry,EXT_502,Downstream service returned 502,External Service,8261,SESS-3A2D92EFFC,REQ-3F70A482AEE4,2026-09-10 10:15:39+00:00
EVT-0000200,IF_PLMPD_SAPPP_001,PLM,SAP_ERP,Kafka,Async,Success,,,,863,SESS-01BBCFF2BE,REQ-C30838FBD9D2,2026-09-12 22:22:52+00:00
EVT-0000207,IF_PLMCFG_MESPC_001,PLM,MES,REST_API,REST,Success,,,,1720,SESS-40257FEAD9,REQ-9F229E2F55FD,2026-09-10 09:02:05+00:00
EVT-0000224,IF_PLMPD_SAPPP_001,PLM,SAP_ERP,Kafka,Async,Success,,,,684,SESS-1647551BDC,REQ-2B17885A0510,2026-09-11 16:41:48+00:00
EVT-0000230,IF_PLMCM_SAPPP_001,PLM,SAP_ERP,ESB,Async,Success,,,,2707,SESS-7777CCD6BE,REQ-3977E8770503,2026-09-16 06:39:07+00:00
EVT-0000233,IF_PLMCM_SAPPP_001,PLM,SAP_ERP,ESB,Async,Success,,,,2759,SESS-484F7AD0E4,REQ-D8B31B03A463,2026-09-16 12:32:23+00:00
EVT-0000242,IF_PLMPD_SAPPP_001,PLM,SAP_ERP,Kafka,Async,Success,,,,973,SESS-C4C018AAB6,REQ-DEACFD2A5483,2026-09-11 22:18:45+00:00
EVT-0000243,IF_PLMCM_SAPPP_001,PLM,SAP_ERP,ESB,Async,Success,,,,2333,SESS-886936FE19,REQ-D33BD133328D,2026-09-10 10:19:00+00:00
EVT-0000244,IF_PLMPD_SAPPP_001,PLM,SAP_ERP,Kafka,Async,Success,,,,1563,SESS-2D3CEBBAC6,REQ-0676FBF0670E,2026-09-12 21:31:59+00:00
EVT-0000252,IF_PLMCM_SAPPP_001,PLM,SAP_ERP,ESB,Async,Success,,,,1837,SESS-86A2C3D760,REQ-6B87E2677D47,2026-09-14 01:53:35+00:00
EVT-0000277,IF_PLMPD_SAPPP_001,PLM,SAP_ERP,Kafka,Async,Success,,,,652,SESS-676B956437,REQ-66A8A924701A,2026-09-16 00:19:05+00:00
EVT-0000283,IF_PLMCM_SAPPP_001,PLM,SAP_ERP,ESB,Async,Success,,,,2291,SESS-2245AE636A,REQ-8663BFD44AFE,2026-09-14 07:06:03+00:00
EVT-0000293,IF_PLMCM_SAPPP_001,PLM,SAP_ERP,ESB,Async,Success,,,,2565,SESS-8D3829BA10,REQ-3646FAD39B27,2026-09-10 07:49:38+00:00
EVT-0000299,IF_PLMPD_SAPPP_001,PLM,SAP_ERP,Kafka,Async,Failed,VAL_400,Required business field failed validation,Validation,4369,SESS-D1CECB0D74,REQ-BD2E41369485,2026-09-11 11:42:30+00:00
EVT-0000300,IF_PLMPD_MESPE_001,PLM,MES,Kafka,Async,Success,,,,908,SESS-C2A51C9148,REQ-8B5F92B3CAFB,2026-09-10 23:14:55+00:00
EVT-0000305,IF_PLMPD_SAPPP_001,PLM,SAP_ERP,Kafka,Async,Failed,NET_CONN_003,Connection reset by peer,Network,6093,SESS-347EDD9706,REQ-08FA413C61A9,2026-09-15 13:30:16+00:00
EVT-0000316,IF_PLMPD_SAPPP_001,PLM,SAP_ERP,Kafka,Async,Success,,,,666,SESS-983B690CDC,REQ-8290A9266DF9,2026-09-10 17:17:48+00:00
EVT-0000321,IF_PLMCM_SAPPP_001,PLM,SAP_ERP,ESB,Async,Success,,,,2115,SESS-6D47510489,REQ-C0ED3147DFCD,2026-09-14 22:33:28+00:00
EVT-0000327,IF_PLMPD_MESPE_001,PLM,MES,Kafka,Async,Success,,,,881,SESS-E18ED9D19C,REQ-651868E75668,2026-09-14 23:37:43+00:00
EVT-0000329,IF_PLMCFG_MESPC_001,PLM,MES,REST_API,REST,Success,,,,2676,SESS-C24A33E5A0,REQ-117DD0574BAD,2026-09-15 19:43:39+00:00
EVT-0000339,IF_PLMPD_SAPPP_001,PLM,SAP_ERP,Kafka,Async,Success,,,,799,SESS-8CD12D1F19,REQ-1B8623E4E640,2026-09-10 09:16:25+00:00
EVT-0000348,IF_PLMPD_SAPPP_001,PLM,SAP_ERP,Kafka,Async,Retry,CAP_003,Downstream service is at capacity,Capacity,2455,SESS-3630621857,REQ-B10DDEA23F49,2026-09-10 11:56:15+00:00
EVT-0000350,IF_PLMPD_SAPPP_001,PLM,SAP_ERP,Kafka,Async,Success,,,,1021,SESS-14E4CAAB4E,REQ-41C672B15761,2026-09-11 09:23:35+00:00
EVT-0000356,IF_PLMCFG_MESPC_001,PLM,MES,REST_API,REST,Success,,,,2456,SESS-871B8A06BD,REQ-253185C754DA,2026-09-16 02:48:24+00:00
EVT-0000363,IF_PLMPD_MESPE_001,PLM,MES,Kafka,Async,Retry,NET_CONN_003,Connection reset by peer,Network,1911,SESS-6967605F24,REQ-C4E3D9153F0B,2026-09-13 18:42:44+00:00
EVT-0000365,IF_PLMPD_SAPPP_001,PLM,SAP_ERP,Kafka,Async,Success,,,,979,SESS-975C6F9B07,REQ-FDBE914E935D,2026-09-10 02:45:39+00:00
EVT-0000379,IF_PLMPD_MESPE_001,PLM,MES,Kafka,Async,Retry,CAP_003,Downstream service is at capacity,Capacity,2809,SESS-23FB54D398,REQ-22BE6BE23D75,2026-09-11 16:36:18+00:00
EVT-0000385,IF_PLMPD_SAPPP_001,PLM,SAP_ERP,Kafka,Async,Failed,VAL_400,Required business field failed validation,Validation,5902,SESS-D3EB09D313,REQ-E58037D443BA,2026-09-13 22:10:21+00:00
EVT-0000386,IF_PLMPD_SAPPP_001,PLM,SAP_ERP,Kafka,Async,Success,,,,653,SESS-F30E79C8A2,REQ-C43775267602,2026-09-11 17:48:57+00:00
EVT-0000390,IF_PLMPD_SAPPP_001,PLM,SAP_ERP,Kafka,Async,Success,,,,799,SESS-78104B3E67,REQ-0709FF162341,2026-09-15 20:30:43+00:00
EVT-0000399,IF_PLMPD_SAPPP_001,PLM,SAP_ERP,Kafka,Async,Success,,,,1212,SESS-B31293607C,REQ-178B6F4A1446,2026-09-10 14:45:06+00:00
EVT-0000403,IF_PLMCFG_MESPC_001,PLM,MES,REST_API,REST,Success,,,,2368,SESS-C5D96A9109,REQ-4EB1A04C05FE,2026-09-11 21:46:16+00:00
EVT-0000433,IF_PLMCFG_MESPC_001,PLM,MES,REST_API,REST,Success,,,,1163,SESS-B993E11D9C,REQ-BD35D4668701,2026-09-13 01:50:38+00:00
EVT-0000438,IF_PLMCFG_MESPC_001,PLM,MES,REST_API,REST,Success,,,,2379,SESS-43C8887541,REQ-D78E03E7D6B4,2026-09-15 02:09:06+00:00
EVT-0000449,IF_PLMCFG_MESPC_001,PLM,MES,REST_API,REST,Success,,,,1709,SESS-97727AC8CD,REQ-F9E56649645A,2026-09-11 01:36:37+00:00
EVT-0000464,IF_PLMPD_MESPE_001,PLM,MES,Kafka,Async,Success,,,,851,SESS-4F406B8F13,REQ-B01958720494,2026-09-10 21:30:55+00:00
EVT-0000466,IF_PLMPD_SAPPP_001,PLM,SAP_ERP,Kafka,Async,Success,,,,645,SESS-7EC1957194,REQ-BE95BB4D051B,2026-09-11 16:42:37+00:00
EVT-0000468,IF_PLMPD_MESPE_001,PLM,MES,Kafka,Async,Retry,VAL_400,Required business field failed validation,Validation,2010,SESS-C65BBB23F8,REQ-7D59EA760CE0,2026-09-10 06:40:19+00:00
EVT-0000478,IF_PLMPD_SAPPP_001,PLM,SAP_ERP,Kafka,Async,Success,,,,986,SESS-443711D7EC,REQ-281E460FF8E9,2026-09-15 18:55:39+00:00
EVT-0000488,IF_PLMCFG_MESPC_001,PLM,MES,REST_API,REST,Success,,,,1359,SESS-8459F1352D,REQ-D87FFCA06AA1,2026-09-12 03:14:18+00:00
EVT-0000521,IF_PLMCFG_MESPC_001,PLM,MES,REST_API,REST,Success,,,,2314,SESS-2E9E16F6AA,REQ-49FC2F637ED9,2026-09-13 07:43:42+00:00
EVT-0000522,IF_PLMCM_SAPPP_001,PLM,SAP_ERP,ESB,Async,Success,,,,2299,SESS-23D1E3C575,REQ-C04072E9FF5F,2026-09-16 10:50:29+00:00
EVT-0000525,IF_PLMPD_MESPE_001,PLM,MES,Kafka,Async,Success,,,,789,SESS-A2AB128270,REQ-6CE802B00D11,2026-09-15 18:17:13+00:00
EVT-0000531,IF_PLMPD_SAPPP_001,PLM,SAP_ERP,Kafka,Async,Success,,,,776,SESS-1C37C14821,REQ-24793F63BDB7,2026-09-12 02:07:49+00:00
EVT-0000534,IF_PLMPD_MESPE_001,PLM,MES,Kafka,Async,Success,,,,701,SESS-822E63AFE4,REQ-A0886E6626C1,2026-09-10 07:06:59+00:00
EVT-0000537,IF_PLMPD_MESPE_001,PLM,MES,Kafka,Async,Retry,DB_COMMIT_014,Transaction commit failed,Database,2771,SESS-2306375493,REQ-14B58C065514,2026-09-10 05:51:34+00:00
EVT-0000538,IF_PLMPD_MESPE_001,PLM,MES,Kafka,Async,Failed,TIME_004,Downstream response exceeded SLA,Timeout,3571,SESS-F608E881DF,REQ-A33E31060105,2026-09-16 04:56:45+00:00
EVT-0000539,IF_PLMPD_MESPE_001,PLM,MES,Kafka,Async,Success,,,,951,SESS-95CB30DD30,REQ-A923A53648B4,2026-09-15 10:12:39+00:00
EVT-0000542,IF_PLMPD_MESPE_001,PLM,MES,Kafka,Async,Success,,,,899,SESS-AAB712187C,REQ-80FD2B45BD64,2026-09-16 02:16:30+00:00
EVT-0000547,IF_PLMCM_SAPPP_001,PLM,SAP_ERP,ESB,Async,Success,,,,2288,SESS-2ECD2D19CC,REQ-5B1AE3349CD1,2026-09-12 21:09:37+00:00
EVT-0000548,IF_PLMCM_SAPPP_001,PLM,SAP_ERP,ESB,Async,Success,,,,1674,SESS-4D5FB8E7C7,REQ-11D1E83D3377,2026-09-14 20:41:45+00:00
EVT-0000549,IF_PLMCFG_MESPC_001,PLM,MES,REST_API,REST,Success,,,,2687,SESS-42EC29463C,REQ-0B89DA468C9B,2026-09-14 10:58:38+00:00
EVT-0000552,IF_PLMPD_SAPPP_001,PLM,SAP_ERP,Kafka,Async,Success,,,,619,SESS-3A460FA458,REQ-798252FAABB3,2026-09-13 12:02:57+00:00
EVT-0000556,IF_PLMPD_SAPPP_001,PLM,SAP_ERP,Kafka,Async,Retry,CFG_017,Interface configuration mismatch,Configuration,1985,SESS-289D3FA5CB,REQ-B4C35056C6DB,2026-09-12 14:47:00+00:00
EVT-0000558,IF_PLMPD_SAPPP_001,PLM,SAP_ERP,Kafka,Async,Success,,,,964,SESS-4600122EE2,REQ-D620C937D5FF,2026-09-16 04:25:42+00:00
EVT-0000564,IF_PLMCM_SAPPP_001,PLM,SAP_ERP,ESB,Async,Failed,INFRA_008,Runtime node unavailable,Infrastructure,3405,SESS-B25D36DA8D,REQ-16433AB6F989,2026-09-16 04:04:52+00:00
EVT-0000580,IF_PLMPD_MESPE_001,PLM,MES,Kafka,Async,Success,,,,865,SESS-FED1A49563,REQ-81E929497E3C,2026-09-16 08:49:59+00:00
EVT-0000583,IF_PLMCFG_MESPC_001,PLM,MES,REST_API,REST,Success,,,,2669,SESS-C5EE1F1E50,REQ-E855B4351921,2026-09-16 07:53:32+00:00
EVT-0000601,IF_PLMCM_SAPPP_001,PLM,SAP_ERP,ESB,Async,Failed,CAP_003,Downstream service is at capacity,Capacity,4384,SESS-49256E192C,REQ-6D4081ECD973,2026-09-16 10:31:58+00:00
EVT-0000605,IF_PLMPD_SAPPP_001,PLM,SAP_ERP,Kafka,Async,Success,,,,979,SESS-522DCEBE85,REQ-47EB4497BE3C,2026-09-11 10:35:42+00:00
EVT-0000606,IF_PLMPD_MESPE_001,PLM,MES,Kafka,Async,Retry,AUTHZ_403,Caller is not authorized,Authorization,2963,SESS-497CB2D010,REQ-D3AC5D4A7170,2026-09-11 01:59:51+00:00
EVT-0000607,IF_PLMCFG_MESPC_001,PLM,MES,REST_API,REST,Failed,VAL_400,Required business field failed validation,Validation,7482,SESS-19273A9662,REQ-0A6775902C63,2026-09-16 04:19:30+00:00
EVT-0000617,IF_PLMCFG_MESPC_001,PLM,MES,REST_API,REST,Success,,,,1588,SESS-8F42C9BDFE,REQ-6F8AD14B3866,2026-09-10 03:46:31+00:00
EVT-0000618,IF_PLMCFG_MESPC_001,PLM,MES,REST_API,REST,Success,,,,1745,SESS-952D871170,REQ-535E50692B57,2026-09-14 07:36:04+00:00
EVT-0000621,IF_PLMCM_SAPPP_001,PLM,SAP_ERP,ESB,Async,Retry,VAL_400,Required business field failed validation,Validation,7582,SESS-60E89D452B,REQ-740D0700591B,2026-09-14 16:13:35+00:00
EVT-0000642,IF_PLMPD_SAPPP_001,PLM,SAP_ERP,Kafka,Async,Success,,,,864,SESS-EEE32F5770,REQ-18F4C70B95CA,2026-09-12 03:30:54+00:00
EVT-0000646,IF_PLMCFG_MESPC_001,PLM,MES,REST_API,REST,Success,,,,1765,SESS-AADD24F307,REQ-80332347651E,2026-09-13 04:37:30+00:00
EVT-0000647,IF_PLMCM_SAPPP_001,PLM,SAP_ERP,ESB,Async,Success,,,,1829,SESS-BC50E92D08,REQ-CBB4450A6C52,2026-09-12 06:01:12+00:00
EVT-0000654,IF_PLMPD_SAPPP_001,PLM,SAP_ERP,Kafka,Async,Success,,,,730,SESS-9E344E0BAB,REQ-F92938CA029A,2026-09-11 08:17:25+00:00
EVT-0000657,IF_PLMCM_SAPPP_001,PLM,SAP_ERP,ESB,Async,Success,,,,1519,SESS-09903BE365,REQ-F757B56C43EA,2026-09-12 01:15:08+00:00
EVT-0000659,IF_PLMPD_SAPPP_001,PLM,SAP_ERP,Kafka,Async,Success,,,,873,SESS-B4A65732B9,REQ-016E3C8ABE70,2026-09-11 19:46:40+00:00
EVT-0000663,IF_PLMPD_MESPE_001,PLM,MES,Kafka,Async,Success,,,,939,SESS-1568E1505C,REQ-7345D811DD9C,2026-09-13 03:29:08+00:00
EVT-0000667,IF_PLMPD_MESPE_001,PLM,MES,Kafka,Async,Success,,,,524,SESS-DBDCECD91C,REQ-0CFD2EFEBF26,2026-09-12 16:58:21+00:00
EVT-0000675,IF_PLMCM_SAPPP_001,PLM,SAP_ERP,ESB,Async,Success,,,,2733,SESS-391487538C,REQ-3D0CA0B29322,2026-09-16 20:24:59+00:00
EVT-0000691,IF_PLMPD_MESPE_001,PLM,MES,Kafka,Async,Success,,,,1183,SESS-3A51D1243F,REQ-6F76D58562AB,2026-09-16 00:10:13+00:00
EVT-0000692,IF_PLMCM_SAPPP_001,PLM,SAP_ERP,ESB,Async,Retry,AUTH_401,Service credential rejected,Authentication,3885,SESS-183C6ECA91,REQ-B07AA2AA9755,2026-09-13 18:11:54+00:00
EVT-0000694,IF_PLMCM_SAPPP_001,PLM,SAP_ERP,ESB,Async,Failed,TIME_004,Downstream response exceeded SLA,Timeout,3665,SESS-FB40AB5735,REQ-4D05F0517B1D,2026-09-14 09:58:27+00:00
EVT-0000704,IF_PLMCFG_MESPC_001,PLM,MES,REST_API,REST,Success,,,,2628,SESS-16E4556646,REQ-B3675B981768,2026-09-11 08:30:03+00:00
EVT-0000710,IF_PLMCFG_MESPC_001,PLM,MES,REST_API,REST,Success,,,,2656,SESS-5290F0EE7D,REQ-E8F155ACB36A,2026-09-12 21:24:51+00:00
EVT-0000724,IF_PLMCFG_MESPC_001,PLM,MES,REST_API,REST,Failed,AUTH_401,Service credential rejected,Authentication,3861,SESS-D3B6737E62,REQ-73ED3DB815D2,2026-09-12 00:30:40+00:00
EVT-0000727,IF_PLMPD_SAPPP_001,PLM,SAP_ERP,Kafka,Async,Success,,,,1087,SESS-15A32F2CE9,REQ-A999696052F6,2026-09-15 23:00:54+00:00
EVT-0000734,IF_PLMPD_MESPE_001,PLM,MES,Kafka,Async,Success,,,,982,SESS-097C74C9B6,REQ-6039C56E2D91,2026-09-13 05:11:51+00:00
EVT-0000739,IF_PLMCM_SAPPP_001,PLM,SAP_ERP,ESB,Async,Success,,,,2044,SESS-6D02A1FA34,REQ-D1D5ACA10275,2026-09-15 01:59:14+00:00
EVT-0000742,IF_PLMCM_SAPPP_001,PLM,SAP_ERP,ESB,Async,Success,,,,2183,SESS-CE19CF9049,REQ-E4EA48DAB284,2026-09-11 21:35:36+00:00
EVT-0000763,IF_PLMPD_MESPE_001,PLM,MES,Kafka,Async,Success,,,,1192,SESS-83696D55EC,REQ-DF3ECC7598EE,2026-09-13 09:13:39+00:00
EVT-0000768,IF_PLMCM_SAPPP_001,PLM,SAP_ERP,ESB,Async,Success,,,,2680,SESS-014E2AD27A,REQ-A013DA5DC05F,2026-09-12 12:19:05+00:00
EVT-0000779,IF_PLMCM_SAPPP_001,PLM,SAP_ERP,ESB,Async,Failed,TIME_004,Downstream response exceeded SLA,Timeout,8195,SESS-70BADC34C7,REQ-4D831D5B9E69,2026-09-13 17:35:04+00:00
EVT-0000789,IF_PLMCM_SAPPP_001,PLM,SAP_ERP,ESB,Async,Success,,,,2275,SESS-11483A726A,REQ-1F70F759D247,2026-09-16 07:50:48+00:00
EVT-0000793,IF_PLMCM_SAPPP_001,PLM,SAP_ERP,ESB,Async,Failed,CFG_017,Interface configuration mismatch,Configuration,17454,SESS-F775BF9644,REQ-747208919E2F,2026-09-10 19:40:41+00:00
EVT-0000796,IF_PLMCFG_MESPC_001,PLM,MES,REST_API,REST,Retry,AUTH_401,Service credential rejected,Authentication,7664,SESS-310FFD1127,REQ-4957B824BF04,2026-09-10 08:45:00+00:00
EVT-0000802,IF_PLMCM_SAPPP_001,PLM,SAP_ERP,ESB,Async,Success,,,,1707,SESS-EFBC0996DB,REQ-B8192390E329,2026-09-14 11:28:56+00:00
EVT-0000803,IF_PLMPD_SAPPP_001,PLM,SAP_ERP,Kafka,Async,Success,,,,945,SESS-5133848131,REQ-D55D4DFE2B14,2026-09-10 07:01:25+00:00
EVT-0000805,IF_PLMCM_SAPPP_001,PLM,SAP_ERP,ESB,Async,Success,,,,2082,SESS-F96AF31FFF,REQ-DD0819C0840E,2026-09-16 22:42:17+00:00
EVT-0000818,IF_PLMPD_MESPE_001,PLM,MES,Kafka,Async,Success,,,,939,SESS-3CFCCC3407,REQ-098400E584FA,2026-09-10 11:52:43+00:00
EVT-0000821,IF_PLMCM_SAPPP_001,PLM,SAP_ERP,ESB,Async,Success,,,,2621,SESS-F0DC5C1A21,REQ-78E768782BDC,2026-09-11 20:27:07+00:00
EVT-0000823,IF_PLMPD_SAPPP_001,PLM,SAP_ERP,Kafka,Async,Success,,,,974,SESS-DA19AABE07,REQ-B098CD69D881,2026-09-16 12:02:13+00:00
EVT-0000827,IF_PLMPD_SAPPP_001,PLM,SAP_ERP,Kafka,Async,Success,,,,878,SESS-C7F67A5563,REQ-A5F57449E6E7,2026-09-12 15:37:13+00:00
EVT-0000833,IF_PLMPD_SAPPP_001,PLM,SAP_ERP,Kafka,Async,Success,,,,978,SESS-0122A5141B,REQ-7B10D72104BE,2026-09-13 07:47:23+00:00
EVT-0000834,IF_PLMCM_SAPPP_001,PLM,SAP_ERP,ESB,Async,Success,,,,2562,SESS-366929B942,REQ-CFFD95A9CFAE,2026-09-16 01:02:01+00:00
EVT-0000840,IF_PLMCFG_MESPC_001,PLM,MES,REST_API,REST,Success,,,,2592,SESS-46C645760B,REQ-2935EEE234F4,2026-09-15 00:32:16+00:00
EVT-0000848,IF_PLMPD_SAPPP_001,PLM,SAP_ERP,Kafka,Async,Success,,,,785,SESS-61281FC536,REQ-7404F4A537BA,2026-09-13 18:13:57+00:00
EVT-0000854,IF_PLMPD_MESPE_001,PLM,MES,Kafka,Async,Retry,NET_CONN_003,Connection reset by peer,Network,2721,SESS-7BB877A34B,REQ-22BCF50A9BC2,2026-09-10 02:11:05+00:00
EVT-0000887,IF_PLMCFG_MESPC_001,PLM,MES,REST_API,REST,Success,,,,2200,SESS-893899CB7D,REQ-736C099ECCA2,2026-09-12 08:31:50+00:00
EVT-0000892,IF_PLMCM_SAPPP_001,PLM,SAP_ERP,ESB,Async,Success,,,,2672,SESS-2F211F1AF6,REQ-C09E8525C4CC,2026-09-13 09:16:20+00:00
EVT-0000893,IF_PLMPD_SAPPP_001,PLM,SAP_ERP,Kafka,Async,Success,,,,702,SESS-55873576F3,REQ-E9E9D21660DB,2026-09-16 17:45:10+00:00
EVT-0000916,IF_PLMCM_SAPPP_001,PLM,SAP_ERP,ESB,Async,Success,,,,2216,SESS-96029E6191,REQ-C32E5A49E52F,2026-09-14 06:53:42+00:00
EVT-0000920,IF_PLMCM_SAPPP_001,PLM,SAP_ERP,ESB,Async,Success,,,,2367,SESS-21DF460AEB,REQ-7EA7440AC4C5,2026-09-11 16:44:09+00:00
EVT-0000923,IF_PLMPD_MESPE_001,PLM,MES,Kafka,Async,Retry,AUTH_401,Service credential rejected,Authentication,2736,SESS-C65B10D92E,REQ-E3AFC9EDCF70,2026-09-13 13:39:53+00:00
EVT-0000927,IF_PLMCFG_MESPC_001,PLM,MES,REST_API,REST,Success,,,,3495,SESS-8B5898D0BC,REQ-EEB0D7F4317E,2026-09-12 12:32:12+00:00
EVT-0000933,IF_PLMCFG_MESPC_001,PLM,MES,REST_API,REST,Success,,,,1799,SESS-D25D377FC2,REQ-5CC5EE6A2752,2026-09-11 14:46:55+00:00
EVT-0000934,IF_PLMCFG_MESPC_001,PLM,MES,REST_API,REST,Retry,VAL_400,Required business field failed validation,Validation,7774,SESS-31D39C1C6A,REQ-6D7B652A0073,2026-09-11 05:41:46+00:00
EVT-0000935,IF_PLMPD_SAPPP_001,PLM,SAP_ERP,Kafka,Async,Success,,,,815,SESS-097B95F5A1,REQ-E3D2EC2A7B5A,2026-09-15 02:45:04+00:00
EVT-0000936,IF_PLMCM_SAPPP_001,PLM,SAP_ERP,ESB,Async,Success,,,,1931,SESS-8556E993A9,REQ-6516E4110101,2026-09-10 03:06:24+00:00
EVT-0000938,IF_PLMPD_SAPPP_001,PLM,SAP_ERP,Kafka,Async,Success,,,,915,SESS-65AD950DCA,REQ-77AFBE9E814B,2026-09-11 11:49:53+00:00
EVT-0000940,IF_PLMCM_SAPPP_001,PLM,SAP_ERP,ESB,Async,Success,,,,1988,SESS-33158C281B,REQ-F8965EA9F000,2026-09-16 09:29:59+00:00
EVT-0000943,IF_PLMPD_MESPE_001,PLM,MES,Kafka,Async,Success,,,,1189,SESS-C53B46EBBD,REQ-E2F86AACC1CF,2026-09-15 23:15:41+00:00
EVT-0000964,IF_PLMCFG_MESPC_001,PLM,MES,REST_API,REST,Success,,,,2520,SESS-D00D1CACA2,REQ-3A6250A574CB,2026-09-16 09:32:25+00:00
EVT-0000970,IF_PLMPD_MESPE_001,PLM,MES,Kafka,Async,Success,,,,781,SESS-F56FD6B6DE,REQ-AF8CFD7F558B,2026-09-11 14:39:04+00:00
EVT-0000975,IF_PLMPD_MESPE_001,PLM,MES,Kafka,Async,Success,,,,812,SESS-9250331896,REQ-FA43AFFB3D3B,2026-09-16 04:39:20+00:00
EVT-0000976,IF_PLMPD_SAPPP_001,PLM,SAP_ERP,Kafka,Async,Success,,,,837,SESS-FEC3DD0317,REQ-5FABE78D3833,2026-09-12 02:44:35+00:00
EVT-0000977,IF_PLMCFG_MESPC_001,PLM,MES,REST_API,REST,Success,,,,1803,SESS-8897501D56,REQ-37CD12FAF1C4,2026-09-12 17:30:46+00:00
EVT-0000987,IF_PLMPD_MESPE_001,PLM,MES,Kafka,Async,Retry,CAP_003,Downstream service is at capacity,Capacity,3133,SESS-60E7E33918,REQ-405B47D25DA4,2026-09-13 19:30:26+00:00
EVT-0000988,IF_PLMCFG_MESPC_001,PLM,MES,REST_API,REST,Success,,,,2392,SESS-D853F9421B,REQ-A12A2014FBA2,2026-09-16 05:33:00+00:00
EVT-0000991,IF_PLMCFG_MESPC_001,PLM,MES,REST_API,REST,Success,,,,2351,SESS-6429E3EFC2,REQ-F530B61673F8,2026-09-13 07:30:53+00:00
EVT-0001003,IF_PLMPD_MESPE_001,PLM,MES,Kafka,Async,Success,,,,986,SESS-EBA0C71F77,REQ-A5F15F2E4BA4,2026-09-10 13:48:08+00:00
EVT-0001009,IF_PLMCM_SAPPP_001,PLM,SAP_ERP,ESB,Async,Success,,,,2474,SESS-9EFC135732,REQ-4D75F1A9081A,2026-09-14 11:05:19+00:00
EVT-0001010,IF_PLMCFG_MESPC_001,PLM,MES,REST_API,REST,Success,,,,2216,SESS-AE36799670,REQ-603BA9B8486B,2026-09-10 15:28:59+00:00
EVT-0001014,IF_PLMPD_MESPE_001,PLM,MES,Kafka,Async,Success,,,,776,SESS-5E1C4F4A24,REQ-AD14E1CBE0FE,2026-09-11 10:58:12+00:00
EVT-0001026,IF_PLMPD_SAPPP_001,PLM,SAP_ERP,Kafka,Async,Success,,,,838,SESS-DBCC07B46A,REQ-FE337382E0F3,2026-09-10 05:32:08+00:00
EVT-0001029,IF_PLMPD_SAPPP_001,PLM,SAP_ERP,Kafka,Async,Success,,,,1464,SESS-BE91275181,REQ-9B577446F03B,2026-09-16 11:34:03+00:00
EVT-0001035,IF_PLMPD_MESPE_001,PLM,MES,Kafka,Async,Success,,,,997,SESS-956E8FF734,REQ-A3B0768D6F46,2026-09-11 14:05:29+00:00
EVT-0001037,IF_PLMCFG_MESPC_001,PLM,MES,REST_API,REST,Success,,,,2575,SESS-1779ABDCDA,REQ-EADBAC0A164F,2026-09-12 23:06:47+00:00
EVT-0001038,IF_PLMPD_MESPE_001,PLM,MES,Kafka,Async,Success,,,,600,SESS-689A201C1C,REQ-D00F6243D7F5,2026-09-12 05:51:40+00:00
EVT-0001040,IF_PLMCM_SAPPP_001,PLM,SAP_ERP,ESB,Async,Success,,,,2245,SESS-3AFADD83C3,REQ-2D3E9819C41E,2026-09-15 00:02:24+00:00
EVT-0001041,IF_PLMPD_MESPE_001,PLM,MES,Kafka,Async,Success,,,,1261,SESS-58A9AFDB06,REQ-01F3992048D8,2026-09-16 23:09:07+00:00
EVT-0001045,IF_PLMPD_MESPE_001,PLM,MES,Kafka,Async,Success,,,,621,SESS-30F74B3282,REQ-AD6D7FCAB919,2026-09-15 12:41:40+00:00
EVT-0001048,IF_PLMCM_SAPPP_001,PLM,SAP_ERP,ESB,Async,Failed,TIME_004,Downstream response exceeded SLA,Timeout,11680,SESS-5C04F7F084,REQ-421682CE99F2,2026-09-11 04:44:13+00:00
EVT-0001070,IF_PLMPD_SAPPP_001,PLM,SAP_ERP,Kafka,Async,Success,,,,655,SESS-BD3A16B936,REQ-46515F3FC7A3,2026-09-14 17:24:55+00:00
EVT-0001074,IF_PLMCFG_MESPC_001,PLM,MES,REST_API,REST,Success,,,,3100,SESS-4856311594,REQ-9DAE5BC88BB3,2026-09-12 15:46:29+00:00
EVT-0001078,IF_PLMPD_MESPE_001,PLM,MES,Kafka,Async,Retry,AUTHZ_403,Caller is not authorized,Authorization,3386,SESS-66AEA79053,REQ-5B687C09BC4E,2026-09-15 14:58:13+00:00
EVT-0001083,IF_PLMPD_SAPPP_001,PLM,SAP_ERP,Kafka,Async,Success,,,,817,SESS-30218DE769,REQ-2E8666F9E363,2026-09-10 23:55:36+00:00
EVT-0001084,IF_PLMPD_MESPE_001,PLM,MES,Kafka,Async,Success,,,,873,SESS-3970DD2DF8,REQ-4F8E66A80043,2026-09-16 02:47:18+00:00
EVT-0001095,IF_PLMPD_MESPE_001,PLM,MES,Kafka,Async,Success,,,,726,SESS-94BE6AD16E,REQ-31A79C14B305,2026-09-10 22:15:45+00:00
EVT-0001096,IF_PLMPD_SAPPP_001,PLM,SAP_ERP,Kafka,Async,Failed,INFRA_008,Runtime node unavailable,Infrastructure,2243,SESS-484C21AD8B,REQ-7AFAD4470445,2026-09-10 06:36:53+00:00
EVT-0001120,IF_PLMCM_SAPPP_001,PLM,SAP_ERP,ESB,Async,Success,,,,2249,SESS-E61D844AC9,REQ-EDFB22E40003,2026-09-15 15:04:10+00:00
EVT-0001121,IF_PLMPD_SAPPP_001,PLM,SAP_ERP,Kafka,Async,Success,,,,1048,SESS-4ECE36376D,REQ-10CAFEC75D18,2026-09-12 19:06:28+00:00
EVT-0001124,IF_PLMPD_MESPE_001,PLM,MES,Kafka,Async,Success,,,,1155,SESS-521FE1C8FD,REQ-757F7192694B,2026-09-15 01:01:26+00:00
EVT-0001144,IF_PLMCFG_MESPC_001,PLM,MES,REST_API,REST,Success,,,,2881,SESS-8D02504F69,REQ-5875DE91F43C,2026-09-16 21:18:01+00:00
EVT-0001147,IF_PLMPD_MESPE_001,PLM,MES,Kafka,Async,Success,,,,951,SESS-872210E300,REQ-A2269BAE3962,2026-09-14 11:31:28+00:00
EVT-0001150,IF_PLMCFG_MESPC_001,PLM,MES,REST_API,REST,Success,,,,2087,SESS-DA02F55DD6,REQ-5BEB9ED953E3,2026-09-12 00:25:00+00:00
EVT-0001162,IF_PLMPD_SAPPP_001,PLM,SAP_ERP,Kafka,Async,Failed,VAL_400,Required business field failed validation,Validation,5406,SESS-6C701AF490,REQ-C6D29D67F8C1,2026-09-16 18:58:42+00:00
EVT-0001188,IF_PLMPD_SAPPP_001,PLM,SAP_ERP,Kafka,Async,Success,,,,1166,SESS-C96D669EC7,REQ-5401BE8E5A16,2026-09-12 16:53:13+00:00
EVT-0001189,IF_PLMCM_SAPPP_001,PLM,SAP_ERP,ESB,Async,Success,,,,2209,SESS-36449F7115,REQ-538D8F2E6EBC,2026-09-16 09:39:36+00:00
EVT-0001192,IF_PLMCM_SAPPP_001,PLM,SAP_ERP,ESB,Async,Success,,,,2175,SESS-14018A5AC4,REQ-A1A74D7E01CE,2026-09-11 21:30:54+00:00
EVT-0001197,IF_PLMPD_SAPPP_001,PLM,SAP_ERP,Kafka,Async,Success,,,,889,SESS-1B6C9DBF95,REQ-E58B50A6C85E,2026-09-16 11:38:07+00:00
EVT-0001212,IF_PLMPD_SAPPP_001,PLM,SAP_ERP,Kafka,Async,Success,,,,927,SESS-74A9BD2252,REQ-F86F25E4138C,2026-09-16 06:22:57+00:00
EVT-0001213,IF_PLMCFG_MESPC_001,PLM,MES,REST_API,REST,Success,,,,2366,SESS-63DB924CE9,REQ-442B627D797D,2026-09-12 08:24:18+00:00
EVT-0001219,IF_PLMCFG_MESPC_001,PLM,MES,REST_API,REST,Success,,,,2127,SESS-E9DDA6149E,REQ-8674D5029A5E,2026-09-13 18:53:35+00:00
EVT-0001223,IF_PLMCM_SAPPP_001,PLM,SAP_ERP,ESB,Async,Success,,,,2408,SESS-C7FAA8599E,REQ-D4D19A98F563,2026-09-15 21:14:48+00:00
EVT-0001236,IF_PLMCM_SAPPP_001,PLM,SAP_ERP,ESB,Async,Success,,,,2417,SESS-A931943C92,REQ-D97C89888A1A,2026-09-15 21:58:47+00:00
EVT-0001248,IF_PLMCM_SAPPP_001,PLM,SAP_ERP,ESB,Async,Retry,VAL_400,Required business field failed validation,Validation,4595,SESS-06026DCECF,REQ-E531AE3623B5,2026-09-16 18:10:55+00:00
EVT-0001261,IF_PLMCM_SAPPP_001,PLM,SAP_ERP,ESB,Async,Success,,,,2196,SESS-FBD449B918,REQ-F5C47EE6C789,2026-09-13 06:16:46+00:00
EVT-0001262,IF_PLMPD_SAPPP_001,PLM,SAP_ERP,Kafka,Async,Success,,,,1237,SESS-1715A79ED5,REQ-A1AD3D240626,2026-09-14 07:29:12+00:00
EVT-0001270,IF_PLMPD_MESPE_001,PLM,MES,Kafka,Async,Success,,,,1158,SESS-CB3C802C99,REQ-6E8FB49F66B8,2026-09-16 12:42:56+00:00
EVT-0001278,IF_PLMCM_SAPPP_001,PLM,SAP_ERP,ESB,Async,Success,,,,2130,SESS-9BB131AE76,REQ-EB9C91A247CD,2026-09-13 16:08:30+00:00
EVT-0001296,IF_PLMCM_SAPPP_001,PLM,SAP_ERP,ESB,Async,Success,,,,1640,SESS-51EA193226,REQ-A0C807E2A3E6,2026-09-11 06:03:03+00:00
EVT-0001302,IF_PLMPD_MESPE_001,PLM,MES,Kafka,Async,Retry,AUTH_401,Service credential rejected,Authentication,3289,SESS-AD3B4FBB7C,REQ-60A463CAF066,2026-09-16 07:15:33+00:00
EVT-0001310,IF_PLMCFG_MESPC_001,PLM,MES,REST_API,REST,Success,,,,2233,SESS-EB0063256F,REQ-F1E56AE8707B,2026-09-10 07:37:47+00:00
EVT-0001315,IF_PLMCM_SAPPP_001,PLM,SAP_ERP,ESB,Async,Success,,,,1753,SESS-5BEFD625A5,REQ-72842BCED034,2026-09-16 01:32:24+00:00
EVT-0001316,IF_PLMCM_SAPPP_001,PLM,SAP_ERP,ESB,Async,Success,,,,2378,SESS-050A3CAF30,REQ-DF3289E6B5FD,2026-09-11 10:28:12+00:00
EVT-0001319,IF_PLMPD_SAPPP_001,PLM,SAP_ERP,Kafka,Async,Success,,,,1026,SESS-F9DE96AA69,REQ-AC8C36AC1A78,2026-09-12 11:21:47+00:00
EVT-0001324,IF_PLMPD_SAPPP_001,PLM,SAP_ERP,Kafka,Async,Success,,,,937,SESS-C02A1A2A55,REQ-BCF1FE75D6D9,2026-09-14 12:01:30+00:00
EVT-0001342,IF_PLMCM_SAPPP_001,PLM,SAP_ERP,ESB,Async,Success,,,,1878,SESS-F92815B3C4,REQ-C82E72B42E23,2026-09-11 12:05:34+00:00
EVT-0001345,IF_PLMCM_SAPPP_001,PLM,SAP_ERP,ESB,Async,Success,,,,2261,SESS-C98E95CBBB,REQ-84FB9BB68D3B,2026-09-13 18:21:03+00:00
EVT-0001348,IF_PLMCM_SAPPP_001,PLM,SAP_ERP,ESB,Async,Success,,,,2764,SESS-14F17784E7,REQ-457B5A27CA5B,2026-09-14 18:28:44+00:00
EVT-0001358,IF_PLMPD_SAPPP_001,PLM,SAP_ERP,Kafka,Async,Success,,,,893,SESS-1FF883CA53,REQ-BF05627607F5,2026-09-15 17:43:19+00:00
EVT-0001361,IF_PLMCFG_MESPC_001,PLM,MES,REST_API,REST,Success,,,,1771,SESS-0DDE6D2318,REQ-023BE789B5B7,2026-09-13 07:13:31+00:00
EVT-0001363,IF_PLMCM_SAPPP_001,PLM,SAP_ERP,ESB,Async,Retry,CFG_017,Interface configuration mismatch,Configuration,3643,SESS-049DAD1403,REQ-6F585495DC10,2026-09-11 04:51:06+00:00
EVT-0001365,IF_PLMCFG_MESPC_001,PLM,MES,REST_API,REST,Success,,,,2347,SESS-6E22413F55,REQ-B89C03CB5532,2026-09-12 07:28:47+00:00
EVT-0001380,IF_PLMPD_SAPPP_001,PLM,SAP_ERP,Kafka,Async,Success,,,,1006,SESS-A4EF343B89,REQ-3490F4CD0591,2026-09-13 22:59:50+00:00
EVT-0001387,IF_PLMCM_SAPPP_001,PLM,SAP_ERP,ESB,Async,Success,,,,2847,SESS-0673627C22,REQ-0D5BD1504C1B,2026-09-10 20:11:23+00:00
EVT-0001392,IF_PLMCFG_MESPC_001,PLM,MES,REST_API,REST,Success,,,,2161,SESS-2770353DFF,REQ-EAD73F3653CF,2026-09-10 05:32:36+00:00
EVT-0001393,IF_PLMCFG_MESPC_001,PLM,MES,REST_API,REST,Success,,,,2518,SESS-190DC454B9,REQ-7DF0065610B3,2026-09-16 17:42:52+00:00
EVT-0001413,IF_PLMCFG_MESPC_001,PLM,MES,REST_API,REST,Success,,,,3872,SESS-0C417E2A84,REQ-5C366195782B,2026-09-11 19:00:58+00:00
EVT-0001416,IF_PLMCM_SAPPP_001,PLM,SAP_ERP,ESB,Async,Success,,,,2240,SESS-E0359A0E7C,REQ-30C4083ACEBA,2026-09-15 22:49:02+00:00
EVT-0001426,IF_PLMPD_MESPE_001,PLM,MES,Kafka,Async,Retry,EXT_502,Downstream service returned 502,External Service,2749,SESS-8E2C8CFCFB,REQ-4115FE2E5AFE,2026-09-15 05:01:56+00:00
EVT-0001434,IF_PLMPD_MESPE_001,PLM,MES,Kafka,Async,Success,,,,625,SESS-3130083D3F,REQ-3472C9836D21,2026-09-15 04:50:49+00:00
EVT-0001438,IF_PLMCFG_MESPC_001,PLM,MES,REST_API,REST,Success,,,,2395,SESS-607F02CCCE,REQ-280C5B7F5680,2026-09-10 16:46:44+00:00
EVT-0001449,IF_PLMCFG_MESPC_001,PLM,MES,REST_API,REST,Success,,,,1890,SESS-AFBBD90830,REQ-28D2C5E7E6D7,2026-09-12 19:41:15+00:00
EVT-0001455,IF_PLMCFG_MESPC_001,PLM,MES,REST_API,REST,Success,,,,1429,SESS-61004D188A,REQ-BE85CE674D1A,2026-09-16 00:49:37+00:00
EVT-0001458,IF_PLMCFG_MESPC_001,PLM,MES,REST_API,REST,Success,,,,3413,SESS-006D77AA32,REQ-E3CB87426D02,2026-09-13 09:50:32+00:00
EVT-0001470,IF_PLMCM_SAPPP_001,PLM,SAP_ERP,ESB,Async,Success,,,,3138,SESS-E0D04CFA09,REQ-B0697228060C,2026-09-11 15:54:03+00:00
EVT-0001472,IF_PLMPD_SAPPP_001,PLM,SAP_ERP,Kafka,Async,Success,,,,702,SESS-37C46DDBCD,REQ-44251FF42AAC,2026-09-11 16:34:24+00:00
EVT-0001479,IF_PLMCFG_MESPC_001,PLM,MES,REST_API,REST,Success,,,,2569,SESS-AA8488DD10,REQ-CB76E1CB2392,2026-09-11 19:54:47+00:00
EVT-0001481,IF_PLMPD_SAPPP_001,PLM,SAP_ERP,Kafka,Async,Success,,,,744,SESS-8271E17EE8,REQ-CD0221ABB9F6,2026-09-16 02:12:44+00:00
EVT-0001484,IF_PLMCFG_MESPC_001,PLM,MES,REST_API,REST,Success,,,,2235,SESS-8DDAA313DE,REQ-47B12C76232D,2026-09-10 23:03:55+00:00
EVT-0001485,IF_PLMCFG_MESPC_001,PLM,MES,REST_API,REST,Success,,,,1674,SESS-E00ED0D0AB,REQ-58D072D468C2,2026-09-15 00:45:34+00:00
EVT-0001494,IF_PLMCFG_MESPC_001,PLM,MES,REST_API,REST,Success,,,,2124,SESS-01FA6009F3,REQ-A72021504918,2026-09-12 19:08:05+00:00
EVT-0001500,IF_PLMCM_SAPPP_001,PLM,SAP_ERP,ESB,Async,Success,,,,3470,SESS-DA3FD12ECB,REQ-3FB76A43F7FA,2026-09-14 17:35:23+00:00
EVT-0001502,IF_PLMCFG_MESPC_001,PLM,MES,REST_API,REST,Failed,CFG_017,Interface configuration mismatch,Configuration,12086,SESS-D50D5163BA,REQ-5ABDABABB40F,2026-09-10 12:04:21+00:00
EVT-0001506,IF_PLMPD_MESPE_001,PLM,MES,Kafka,Async,Success,,,,931,SESS-7BDB9C25D7,REQ-0E65371A1C3B,2026-09-14 19:09:55+00:00
EVT-0001509,IF_PLMPD_SAPPP_001,PLM,SAP_ERP,Kafka,Async,Success,,,,672,SESS-664C28D8A8,REQ-D31776F6547C,2026-09-11 21:43:04+00:00
EVT-0001510,IF_PLMPD_MESPE_001,PLM,MES,Kafka,Async,Success,,,,792,SESS-B0CF36018F,REQ-CA1E94C5F5DB,2026-09-14 22:41:24+00:00
EVT-0001511,IF_PLMPD_SAPPP_001,PLM,SAP_ERP,Kafka,Async,Success,,,,594,SESS-3D541EC555,REQ-01D89E45354F,2026-09-14 15:51:19+00:00
EVT-0001514,IF_PLMPD_MESPE_001,PLM,MES,Kafka,Async,Success,,,,1122,SESS-C66B14F4E0,REQ-783D973541DC,2026-09-11 10:44:38+00:00
EVT-0001538,IF_PLMPD_SAPPP_001,PLM,SAP_ERP,Kafka,Async,Retry,INFRA_008,Runtime node unavailable,Infrastructure,1665,SESS-BC48279048,REQ-EFC53BC9C80D,2026-09-13 11:44:03+00:00
EVT-0001541,IF_PLMCFG_MESPC_001,PLM,MES,REST_API,REST,Success,,,,1610,SESS-85C1704723,REQ-70FC77B006EB,2026-09-14 18:24:17+00:00
EVT-0001545,IF_PLMPD_SAPPP_001,PLM,SAP_ERP,Kafka,Async,Success,,,,706,SESS-44C77454F4,REQ-49FD13301BFA,2026-09-15 03:30:13+00:00
EVT-0001557,IF_PLMCM_SAPPP_001,PLM,SAP_ERP,ESB,Async,Success,,,,1106,SESS-E8E476CDBB,REQ-F5E83BD57F99,2026-09-15 00:43:34+00:00
EVT-0001559,IF_PLMCFG_MESPC_001,PLM,MES,REST_API,REST,Success,,,,1250,SESS-050FF4DB12,REQ-C71CB4B5F030,2026-09-16 11:38:57+00:00
EVT-0001572,IF_PLMCFG_MESPC_001,PLM,MES,REST_API,REST,Success,,,,2754,SESS-C537D9E373,REQ-66545BB3371A,2026-09-10 10:07:57+00:00
EVT-0001576,IF_PLMCFG_MESPC_001,PLM,MES,REST_API,REST,Success,,,,2504,SESS-C10F447731,REQ-DF77D80733FF,2026-09-15 06:54:10+00:00
EVT-0001577,IF_PLMPD_MESPE_001,PLM,MES,Kafka,Async,Success,,,,839,SESS-11F1E71520,REQ-198D2A4F3F7C,2026-09-13 13:04:04+00:00
EVT-0001592,IF_PLMCM_SAPPP_001,PLM,SAP_ERP,ESB,Async,Success,,,,2294,SESS-7FA60C0051,REQ-81EEFF4C8AD7,2026-09-14 05:35:14+00:00
EVT-0001605,IF_PLMCFG_MESPC_001,PLM,MES,REST_API,REST,Retry,CFG_017,Interface configuration mismatch,Configuration,3633,SESS-0CCCC7E789,REQ-031C57055D09,2026-09-16 12:10:23+00:00
EVT-0001609,IF_PLMPD_MESPE_001,PLM,MES,Kafka,Async,Success,,,,802,SESS-C5C6595DEC,REQ-132C43E14466,2026-09-12 12:55:36+00:00
EVT-0001621,IF_PLMCFG_MESPC_001,PLM,MES,REST_API,REST,Success,,,,2190,SESS-66B275D979,REQ-D1C0BD0B742C,2026-09-11 16:08:34+00:00
EVT-0001628,IF_PLMPD_MESPE_001,PLM,MES,Kafka,Async,Success,,,,842,SESS-5881CC63B5,REQ-AC5BC4B9CA78,2026-09-16 18:30:13+00:00
EVT-0001630,IF_PLMPD_SAPPP_001,PLM,SAP_ERP,Kafka,Async,Retry,VAL_400,Required business field failed validation,Validation,1583,SESS-F5F02B9677,REQ-C45F8008B3C5,2026-09-10 03:03:21+00:00
EVT-0001638,IF_PLMCM_SAPPP_001,PLM,SAP_ERP,ESB,Async,Success,,,,2112,SESS-29D6F681D5,REQ-A3122278E214,2026-09-15 04:46:49+00:00
EVT-0001642,IF_PLMPD_MESPE_001,PLM,MES,Kafka,Async,Success,,,,1273,SESS-9F364B5633,REQ-FC9EC03BE7DB,2026-09-10 15:24:53+00:00
EVT-0001646,IF_PLMCM_SAPPP_001,PLM,SAP_ERP,ESB,Async,Success,,,,2651,SESS-7B7973EBB6,REQ-FF9A5FA34BA4,2026-09-13 15:25:26+00:00
EVT-0001654,IF_PLMPD_MESPE_001,PLM,MES,Kafka,Async,Success,,,,486,SESS-7F28A34081,REQ-7C8C47A21D49,2026-09-13 22:28:45+00:00
EVT-0001667,IF_PLMCFG_MESPC_001,PLM,MES,REST_API,REST,Retry,CFG_017,Interface configuration mismatch,Configuration,6644,SESS-916831A8A6,REQ-EC94D31A7521,2026-09-10 22:08:34+00:00
EVT-0001674,IF_PLMCFG_MESPC_001,PLM,MES,REST_API,REST,Success,,,,2400,SESS-133F24588D,REQ-8957A37A906A,2026-09-10 05:42:05+00:00
EVT-0001676,IF_PLMCFG_MESPC_001,PLM,MES,REST_API,REST,Success,,,,1313,SESS-DE523D78E0,REQ-12A4A85EAFDB,2026-09-15 11:26:26+00:00
EVT-0001683,IF_PLMCFG_MESPC_001,PLM,MES,REST_API,REST,Success,,,,2000,SESS-DED0AB7ACE,REQ-DDF6811D9B0D,2026-09-12 14:59:36+00:00
EVT-0001697,IF_PLMPD_MESPE_001,PLM,MES,Kafka,Async,Success,,,,868,SESS-274FB3B28E,REQ-36A0A645DA72,2026-09-11 05:42:00+00:00
EVT-0001702,IF_PLMPD_MESPE_001,PLM,MES,Kafka,Async,Retry,AUTH_401,Service credential rejected,Authentication,1475,SESS-19CD06E3E4,REQ-B5C130262BA0,2026-09-15 10:59:45+00:00
EVT-0001707,IF_PLMCFG_MESPC_001,PLM,MES,REST_API,REST,Retry,AUTHZ_403,Caller is not authorized,Authorization,5872,SESS-AE8E9F33ED,REQ-5467BB8F14B6,2026-09-14 10:15:40+00:00
EVT-0001709,IF_PLMCFG_MESPC_001,PLM,MES,REST_API,REST,Success,,,,2505,SESS-291355F25A,REQ-7EB55F544265,2026-09-10 15:51:38+00:00
EVT-0001716,IF_PLMPD_MESPE_001,PLM,MES,Kafka,Async,Success,,,,582,SESS-E55DE40815,REQ-13D81A5E980D,2026-09-14 00:45:26+00:00
EVT-0001717,IF_PLMPD_MESPE_001,PLM,MES,Kafka,Async,Success,,,,837,SESS-A39821418F,REQ-FBEB22030C85,2026-09-11 21:35:38+00:00
EVT-0001719,IF_PLMPD_MESPE_001,PLM,MES,Kafka,Async,Success,,,,702,SESS-475EDE88A6,REQ-2903296F2F2C,2026-09-13 02:24:41+00:00
EVT-0001722,IF_PLMPD_MESPE_001,PLM,MES,Kafka,Async,Success,,,,811,SESS-495E76B860,REQ-8C87E58EAB1E,2026-09-10 08:08:31+00:00
EVT-0001731,IF_PLMPD_SAPPP_001,PLM,SAP_ERP,Kafka,Async,Success,,,,1238,SESS-6632608E88,REQ-30F38171026D,2026-09-10 23:28:42+00:00
EVT-0001744,IF_PLMPD_SAPPP_001,PLM,SAP_ERP,Kafka,Async,Success,,,,1096,SESS-096E6B63F7,REQ-77C870C9A492,2026-09-11 15:04:09+00:00
EVT-0001750,IF_PLMCM_SAPPP_001,PLM,SAP_ERP,ESB,Async,Success,,,,3145,SESS-19A8A51E3D,REQ-0EFDC08C0725,2026-09-10 12:29:36+00:00
EVT-0001755,IF_PLMPD_MESPE_001,PLM,MES,Kafka,Async,Failed,AUTHZ_403,Caller is not authorized,Authorization,7876,SESS-C25D7C36D2,REQ-FF81E954A1B4,2026-09-12 01:11:07+00:00
EVT-0001758,IF_PLMPD_SAPPP_001,PLM,SAP_ERP,Kafka,Async,Success,,,,1022,SESS-C45F50783A,REQ-937C5BEEF9C3,2026-09-15 05:04:15+00:00
EVT-0001760,IF_PLMCFG_MESPC_001,PLM,MES,REST_API,REST,Success,,,,1658,SESS-AA0068C6AF,REQ-504DE079190E,2026-09-13 00:57:30+00:00
EVT-0001763,IF_PLMPD_MESPE_001,PLM,MES,Kafka,Async,Success,,,,858,SESS-E3CCF1F233,REQ-8BA080427B5C,2026-09-14 15:30:16+00:00
EVT-0001764,IF_PLMCM_SAPPP_001,PLM,SAP_ERP,ESB,Async,Success,,,,1608,SESS-82C41F2BBB,REQ-5E7E43E97F5A,2026-09-11 20:03:29+00:00
EVT-0001769,IF_PLMCFG_MESPC_001,PLM,MES,REST_API,REST,Success,,,,2141,SESS-7ED4E02F9E,REQ-A0F4F111C78F,2026-09-14 12:42:31+00:00
EVT-0001772,IF_PLMPD_SAPPP_001,PLM,SAP_ERP,Kafka,Async,Success,,,,953,SESS-203172CF67,REQ-C0E273CD346C,2026-09-12 00:20:24+00:00
EVT-0001781,IF_PLMPD_MESPE_001,PLM,MES,Kafka,Async,Failed,TIME_004,Downstream response exceeded SLA,Timeout,1631,SESS-B6BD17E8AF,REQ-F3797F25DD18,2026-09-13 03:05:27+00:00
EVT-0001784,IF_PLMCM_SAPPP_001,PLM,SAP_ERP,ESB,Async,Success,,,,2624,SESS-FD2E90A610,REQ-D1012F7D895C,2026-09-14 18:39:12+00:00
EVT-0001785,IF_PLMCM_SAPPP_001,PLM,SAP_ERP,ESB,Async,Success,,,,2208,SESS-9B7B6C3B1E,REQ-E5902269BC32,2026-09-13 18:10:52+00:00
EVT-0001786,IF_PLMPD_MESPE_001,PLM,MES,Kafka,Async,Success,,,,925,SESS-B3041A3E80,REQ-95053FC8A03A,2026-09-12 02:17:40+00:00
EVT-0001798,IF_PLMCM_SAPPP_001,PLM,SAP_ERP,ESB,Async,Success,,,,1574,SESS-16D9F369CD,REQ-E598E9ACC84D,2026-09-14 07:01:06+00:00
EVT-0001799,IF_PLMCM_SAPPP_001,PLM,SAP_ERP,ESB,Async,Retry,EXT_502,Downstream service returned 502,External Service,7752,SESS-717FA91A6B,REQ-2DB1FB3B843B,2026-09-15 17:51:59+00:00
EVT-0001803,IF_PLMPD_SAPPP_001,PLM,SAP_ERP,Kafka,Async,Success,,,,703,SESS-BF040F110B,REQ-5F29270F3F00,2026-09-12 13:04:07+00:00
EVT-0001808,IF_PLMPD_MESPE_001,PLM,MES,Kafka,Async,Retry,TIME_004,Downstream response exceeded SLA,Timeout,2435,SESS-E84A3EAC13,REQ-2CC24BBCEFE9,2026-09-11 14:28:42+00:00
EVT-0001810,IF_PLMCFG_MESPC_001,PLM,MES,REST_API,REST,Success,,,,2614,SESS-F5851ADB00,REQ-8B3981DA35D0,2026-09-12 02:45:37+00:00
EVT-0001819,IF_PLMPD_MESPE_001,PLM,MES,Kafka,Async,Failed,EXT_502,Downstream service returned 502,External Service,5197,SESS-DF1566E4B1,REQ-F4C1B8973494,2026-09-13 05:31:20+00:00
EVT-0001820,IF_PLMCFG_MESPC_001,PLM,MES,REST_API,REST,Success,,,,3186,SESS-10BD66BBBA,REQ-097258E55F1D,2026-09-14 03:12:57+00:00
EVT-0001826,IF_PLMPD_SAPPP_001,PLM,SAP_ERP,Kafka,Async,Success,,,,1033,SESS-66A5F0A68A,REQ-A62220337FFD,2026-09-10 12:13:51+00:00
EVT-0001835,IF_PLMPD_SAPPP_001,PLM,SAP_ERP,Kafka,Async,Success,,,,903,SESS-C801ABDB6D,REQ-0E8E9B9D2361,2026-09-14 19:05:16+00:00
EVT-0001843,IF_PLMPD_SAPPP_001,PLM,SAP_ERP,Kafka,Async,Success,,,,1018,SESS-1149532E15,REQ-1531393FACF1,2026-09-15 03:26:33+00:00
EVT-0001845,IF_PLMPD_MESPE_001,PLM,MES,Kafka,Async,Success,,,,629,SESS-40A96E3A73,REQ-627B22488404,2026-09-15 02:01:16+00:00
EVT-0001847,IF_PLMCFG_MESPC_001,PLM,MES,REST_API,REST,Success,,,,1587,SESS-16A1DFCCCF,REQ-75AFD155E207,2026-09-14 03:11:41+00:00
EVT-0001848,IF_PLMPD_MESPE_001,PLM,MES,Kafka,Async,Success,,,,858,SESS-5CFE4C321C,REQ-6D0C57196FA7,2026-09-14 01:52:13+00:00
EVT-0001868,IF_PLMCFG_MESPC_001,PLM,MES,REST_API,REST,Success,,,,3319,SESS-FC02E73BF1,REQ-4077E72BB797,2026-09-13 04:04:56+00:00
EVT-0001870,IF_PLMCFG_MESPC_001,PLM,MES,REST_API,REST,Success,,,,1874,SESS-C62EB50F10,REQ-C99DAD5D80D8,2026-09-10 11:36:25+00:00
EVT-0001889,IF_PLMCFG_MESPC_001,PLM,MES,REST_API,REST,Success,,,,1526,SESS-0FDBEE8183,REQ-3793D4D4A95C,2026-09-16 21:08:05+00:00
EVT-0001935,IF_PLMCM_SAPPP_001,PLM,SAP_ERP,ESB,Async,Success,,,,1823,SESS-CC80022A25,REQ-B4FB8A488E67,2026-09-11 22:21:13+00:00
EVT-0001936,IF_PLMCFG_MESPC_001,PLM,MES,REST_API,REST,Failed,AUTH_401,Service credential rejected,Authentication,14253,SESS-CAE2D45024,REQ-D1B7FE17B194,2026-09-15 00:26:40+00:00
EVT-0001942,IF_PLMPD_MESPE_001,PLM,MES,Kafka,Async,Success,,,,621,SESS-3027D4BF8E,REQ-AC9A5A495DB3,2026-09-10 13:19:03+00:00
EVT-0001951,IF_PLMPD_SAPPP_001,PLM,SAP_ERP,Kafka,Async,Retry,CFG_017,Interface configuration mismatch,Configuration,3233,SESS-A8B6E19AA5,REQ-B14E699933D9,2026-09-15 17:46:59+00:00
EVT-0001952,IF_PLMCM_SAPPP_001,PLM,SAP_ERP,ESB,Async,Success,,,,2944,SESS-C7DD23E449,REQ-218C40D4B256,2026-09-16 17:23:36+00:00
EVT-0001959,IF_PLMCFG_MESPC_001,PLM,MES,REST_API,REST,Success,,,,2566,SESS-1DA691A95F,REQ-C243FE77671D,2026-09-11 04:26:16+00:00
EVT-0001972,IF_PLMPD_MESPE_001,PLM,MES,Kafka,Async,Success,,,,792,SESS-A641C8C2C8,REQ-11439BCA23FD,2026-09-13 18:58:38+00:00
EVT-0001980,IF_PLMPD_SAPPP_001,PLM,SAP_ERP,Kafka,Async,Success,,,,981,SESS-0343BA5F45,REQ-023CE3861826,2026-09-15 17:07:05+00:00
EVT-0001985,IF_PLMCFG_MESPC_001,PLM,MES,REST_API,REST,Failed,NET_CONN_003,Connection reset by peer,Network,17645,SESS-A7C3AA724A,REQ-2557EB779CDA,2026-09-14 11:07:40+00:00
EVT-0002016,IF_PLMPD_SAPPP_001,PLM,SAP_ERP,Kafka,Async,Success,,,,1132,SESS-F5CCC3C5F8,REQ-8D9E188DE36F,2026-09-10 23:12:11+00:00
EVT-0002020,IF_PLMPD_MESPE_001,PLM,MES,Kafka,Async,Success,,,,896,SESS-7F0E703F9C,REQ-0E697448FC70,2026-09-10 21:12:34+00:00
EVT-0002026,IF_PLMCM_SAPPP_001,PLM,SAP_ERP,ESB,Async,Success,,,,2369,SESS-FC54E08E0F,REQ-375BBB63F835,2026-09-11 20:57:58+00:00
EVT-0002033,IF_PLMPD_MESPE_001,PLM,MES,Kafka,Async,Success,,,,1064,SESS-5605413D19,REQ-216DE3D617D0,2026-09-14 09:21:26+00:00
EVT-0002042,IF_PLMCM_SAPPP_001,PLM,SAP_ERP,ESB,Async,Success,,,,1986,SESS-86495569EC,REQ-382A9D686617,2026-09-15 10:07:40+00:00
EVT-0002045,IF_PLMPD_MESPE_001,PLM,MES,Kafka,Async,Success,,,,906,SESS-ADE055C02B,REQ-CB4E314D90BF,2026-09-15 08:18:03+00:00
EVT-0002046,IF_PLMCFG_MESPC_001,PLM,MES,REST_API,REST,Success,,,,2090,SESS-D9EE49BC91,REQ-830EC70676AF,2026-09-15 23:26:37+00:00
EVT-0002049,IF_PLMPD_MESPE_001,PLM,MES,Kafka,Async,Success,,,,778,SESS-1095F71A6F,REQ-A67A9A2D586E,2026-09-10 21:23:46+00:00
EVT-0002053,IF_PLMPD_MESPE_001,PLM,MES,Kafka,Async,Retry,TIME_004,Downstream response exceeded SLA,Timeout,2908,SESS-081E7FFB5F,REQ-D21887E40A12,2026-09-13 11:25:16+00:00
EVT-0002054,IF_PLMCM_SAPPP_001,PLM,SAP_ERP,ESB,Async,Retry,AUTHZ_403,Caller is not authorized,Authorization,7981,SESS-D309313D1A,REQ-D8E649D16FD4,2026-09-13 18:44:19+00:00
EVT-0002075,IF_PLMCM_SAPPP_001,PLM,SAP_ERP,ESB,Async,Success,,,,2001,SESS-63113C8513,REQ-FCEDD1FF323F,2026-09-15 20:28:13+00:00
EVT-0002077,IF_PLMCFG_MESPC_001,PLM,MES,REST_API,REST,Retry,EXT_502,Downstream service returned 502,External Service,7373,SESS-6ED164825D,REQ-3757D053BDF4,2026-09-13 05:32:52+00:00
EVT-0002078,IF_PLMCFG_MESPC_001,PLM,MES,REST_API,REST,Success,,,,1119,SESS-615DF484DD,REQ-AB2E6EB306BF,2026-09-16 15:25:19+00:00
EVT-0002080,IF_PLMPD_SAPPP_001,PLM,SAP_ERP,Kafka,Async,Failed,TIME_004,Downstream response exceeded SLA,Timeout,5983,SESS-656C68D8F7,REQ-DAD0C99B1D12,2026-09-13 02:51:08+00:00
EVT-0002085,IF_PLMCM_SAPPP_001,PLM,SAP_ERP,ESB,Async,Success,,,,2306,SESS-FFBCB6FF7E,REQ-F2C817D832AB,2026-09-11 13:47:04+00:00
EVT-0002086,IF_PLMPD_MESPE_001,PLM,MES,Kafka,Async,Failed,EXT_502,Downstream service returned 502,External Service,4206,SESS-8ED19E0184,REQ-9F0D33E5ACC2,2026-09-13 00:13:32+00:00
EVT-0002093,IF_PLMPD_SAPPP_001,PLM,SAP_ERP,Kafka,Async,Retry,CAP_003,Downstream service is at capacity,Capacity,2697,SESS-5ED7408ED4,REQ-5BCE7069379A,2026-09-15 06:08:49+00:00
EVT-0002098,IF_PLMCM_SAPPP_001,PLM,SAP_ERP,ESB,Async,Retry,AUTH_401,Service credential rejected,Authentication,7286,SESS-DA25516BCE,REQ-A186674AADF4,2026-09-16 03:17:42+00:00
EVT-0002104,IF_PLMCFG_MESPC_001,PLM,MES,REST_API,REST,Success,,,,3033,SESS-E7364B9564,REQ-8F7F189D319C,2026-09-13 09:07:04+00:00
EVT-0002117,IF_PLMPD_SAPPP_001,PLM,SAP_ERP,Kafka,Async,Success,,,,843,SESS-210ECF1766,REQ-E6204DE4A867,2026-09-13 09:25:07+00:00
EVT-0002119,IF_PLMPD_MESPE_001,PLM,MES,Kafka,Async,Success,,,,912,SESS-A0D611C1AC,REQ-23C6B6C3A9D0,2026-09-12 05:15:15+00:00
EVT-0002129,IF_PLMPD_MESPE_001,PLM,MES,Kafka,Async,Retry,AUTHZ_403,Caller is not authorized,Authorization,2119,SESS-ABBBB92C66,REQ-F54EB50B3850,2026-09-15 08:33:49+00:00
EVT-0002141,IF_PLMPD_MESPE_001,PLM,MES,Kafka,Async,Success,,,,1224,SESS-C9BD12F19E,REQ-A5BD9886E17D,2026-09-15 20:37:24+00:00
EVT-0002142,IF_PLMPD_SAPPP_001,PLM,SAP_ERP,Kafka,Async,Retry,CAP_003,Downstream service is at capacity,Capacity,3292,SESS-E75A870CC6,REQ-806A5FE34765,2026-09-12 22:37:02+00:00
EVT-0002146,IF_PLMPD_SAPPP_001,PLM,SAP_ERP,Kafka,Async,Retry,EXT_502,Downstream service returned 502,External Service,2261,SESS-2ACD6F81CC,REQ-945DF85AA4B7,2026-09-10 22:46:09+00:00
EVT-0002148,IF_PLMCFG_MESPC_001,PLM,MES,REST_API,REST,Success,,,,2067,SESS-51B990A6C0,REQ-CCBB736C8DD8,2026-09-15 07:38:45+00:00
EVT-0002151,IF_PLMPD_SAPPP_001,PLM,SAP_ERP,Kafka,Async,Success,,,,771,SESS-2F20037603,REQ-3301EAD5093E,2026-09-14 05:27:24+00:00
EVT-0002156,IF_PLMPD_SAPPP_001,PLM,SAP_ERP,Kafka,Async,Retry,CFG_017,Interface configuration mismatch,Configuration,2033,SESS-B7554D3F4A,REQ-37AC333D41B0,2026-09-13 00:34:56+00:00
EVT-0002158,IF_PLMCFG_MESPC_001,PLM,MES,REST_API,REST,Success,,,,1296,SESS-30C90E27B7,REQ-17A9E40C7FF3,2026-09-16 00:34:30+00:00
EVT-0002166,IF_PLMCFG_MESPC_001,PLM,MES,REST_API,REST,Success,,,,2768,SESS-F324BF488C,REQ-ADF5B292BB7D,2026-09-11 01:22:21+00:00
EVT-0002167,IF_PLMPD_SAPPP_001,PLM,SAP_ERP,Kafka,Async,Success,,,,826,SESS-D51BDEC51C,REQ-C06C622F0E2D,2026-09-13 06:55:09+00:00
EVT-0002168,IF_PLMCM_SAPPP_001,PLM,SAP_ERP,ESB,Async,Failed,NET_CONN_003,Connection reset by peer,Network,19860,SESS-634CDF1B5D,REQ-18C3BC444DDD,2026-09-11 06:44:49+00:00
EVT-0002170,IF_PLMCM_SAPPP_001,PLM,SAP_ERP,ESB,Async,Success,,,,1442,SESS-9B48D71233,REQ-2FE8728C30D9,2026-09-11 15:29:10+00:00
EVT-0002172,IF_PLMCFG_MESPC_001,PLM,MES,REST_API,REST,Success,,,,3328,SESS-462B3014D2,REQ-896B4BC6AFF1,2026-09-14 11:54:04+00:00
EVT-0002174,IF_PLMPD_MESPE_001,PLM,MES,Kafka,Async,Success,,,,813,SESS-6B1D397E18,REQ-3EAFA096C0AD,2026-09-14 06:57:16+00:00
EVT-0002185,IF_PLMCM_SAPPP_001,PLM,SAP_ERP,ESB,Async,Success,,,,2015,SESS-0CBCE65E35,REQ-14E5DC57E3D2,2026-09-11 05:50:06+00:00
EVT-0002188,IF_PLMPD_MESPE_001,PLM,MES,Kafka,Async,Success,,,,953,SESS-7C6A06D260,REQ-3662F7AF5A10,2026-09-15 18:51:53+00:00
EVT-0002190,IF_PLMCM_SAPPP_001,PLM,SAP_ERP,ESB,Async,Failed,DB_COMMIT_014,Transaction commit failed,Database,19471,SESS-FFCBC14699,REQ-84AFC8DF0466,2026-09-12 22:25:00+00:00
EVT-0002194,IF_PLMCM_SAPPP_001,PLM,SAP_ERP,ESB,Async,Success,,,,2743,SESS-C6A6619B91,REQ-644FC1C9E6C9,2026-09-10 02:28:51+00:00
EVT-0002201,IF_PLMCM_SAPPP_001,PLM,SAP_ERP,ESB,Async,Success,,,,2584,SESS-7B63DCFBDF,REQ-73B79EC6D667,2026-09-15 02:50:14+00:00
EVT-0002207,IF_PLMCFG_MESPC_001,PLM,MES,REST_API,REST,Success,,,,2256,SESS-9993CB7DBC,REQ-0AEE1FABCC5B,2026-09-14 03:01:37+00:00
EVT-0002216,IF_PLMPD_MESPE_001,PLM,MES,Kafka,Async,Success,,,,1114,SESS-1652372891,REQ-D8349DC664B4,2026-09-11 00:57:20+00:00
EVT-0002217,IF_PLMPD_MESPE_001,PLM,MES,Kafka,Async,Success,,,,773,SESS-4C435FC504,REQ-BA18C003D293,2026-09-11 09:24:51+00:00
EVT-0002223,IF_PLMCM_SAPPP_001,PLM,SAP_ERP,ESB,Async,Success,,,,2236,SESS-D0651A4C4C,REQ-CBF1CD8164F3,2026-09-12 09:40:42+00:00
EVT-0002226,IF_PLMCM_SAPPP_001,PLM,SAP_ERP,ESB,Async,Success,,,,2974,SESS-85021A1E14,REQ-8CF1D90BC15F,2026-09-14 17:41:03+00:00
EVT-0002228,IF_PLMCM_SAPPP_001,PLM,SAP_ERP,ESB,Async,Success,,,,2568,SESS-13677FF2CF,REQ-37CA48299171,2026-09-15 01:44:15+00:00
EVT-0002236,IF_PLMCFG_MESPC_001,PLM,MES,REST_API,REST,Retry,INFRA_008,Runtime node unavailable,Infrastructure,5982,SESS-3A7929BDA2,REQ-0CA8C84EEBBC,2026-09-14 13:04:24+00:00
EVT-0002237,IF_PLMCFG_MESPC_001,PLM,MES,REST_API,REST,Retry,AUTHZ_403,Caller is not authorized,Authorization,4754,SESS-88725D23A3,REQ-4D19982A1FB2,2026-09-11 14:21:02+00:00
EVT-0002249,IF_PLMCFG_MESPC_001,PLM,MES,REST_API,REST,Failed,CAP_003,Downstream service is at capacity,Capacity,3071,SESS-4534E0DB69,REQ-810699C2FB7B,2026-09-15 00:11:21+00:00
EVT-0002261,IF_PLMPD_MESPE_001,PLM,MES,Kafka,Async,Success,,,,1101,SESS-B043134310,REQ-EC1D25CDF4C0,2026-09-13 11:34:16+00:00
EVT-0002265,IF_PLMPD_SAPPP_001,PLM,SAP_ERP,Kafka,Async,Success,,,,812,SESS-EA41F92697,REQ-361F97739C59,2026-09-15 01:20:22+00:00
EVT-0002266,IF_PLMPD_SAPPP_001,PLM,SAP_ERP,Kafka,Async,Success,,,,1167,SESS-68687DAF8A,REQ-09AB5543BB12,2026-09-11 18:15:57+00:00
EVT-0002267,IF_PLMPD_SAPPP_001,PLM,SAP_ERP,Kafka,Async,Retry,EXT_502,Downstream service returned 502,External Service,1400,SESS-FA780ED66B,REQ-82489F34426C,2026-09-10 08:02:03+00:00
EVT-0002275,IF_PLMCFG_MESPC_001,PLM,MES,REST_API,REST,Success,,,,2409,SESS-C04B3E282F,REQ-DD66D440801C,2026-09-11 00:58:41+00:00
EVT-0002276,IF_PLMPD_MESPE_001,PLM,MES,Kafka,Async,Success,,,,1097,SESS-D56BF8C518,REQ-C23921A6E66A,2026-09-14 04:00:15+00:00
EVT-0002289,IF_PLMPD_SAPPP_001,PLM,SAP_ERP,Kafka,Async,Success,,,,1012,SESS-180F6D9DB8,REQ-A13CE86C44F2,2026-09-12 18:00:24+00:00
EVT-0002293,IF_PLMCM_SAPPP_001,PLM,SAP_ERP,ESB,Async,Success,,,,1676,SESS-54CDA8C106,REQ-D36327BCCCA3,2026-09-10 02:37:08+00:00
EVT-0002308,IF_PLMPD_SAPPP_001,PLM,SAP_ERP,Kafka,Async,Success,,,,654,SESS-1FCCF7D846,REQ-B08D1B3D0919,2026-09-13 02:08:00+00:00
EVT-0002311,IF_PLMPD_SAPPP_001,PLM,SAP_ERP,Kafka,Async,Success,,,,1299,SESS-F5A786F7BA,REQ-5D9E9963BF74,2026-09-16 05:42:32+00:00
EVT-0002330,IF_PLMCFG_MESPC_001,PLM,MES,REST_API,REST,Success,,,,1883,SESS-F3A6B4AE18,REQ-4465C328C87D,2026-09-11 23:14:27+00:00
EVT-0002331,IF_PLMCFG_MESPC_001,PLM,MES,REST_API,REST,Success,,,,2390,SESS-F6193C710B,REQ-24B6CA67A7B7,2026-09-15 02:44:13+00:00
EVT-0002334,IF_PLMCM_SAPPP_001,PLM,SAP_ERP,ESB,Async,Success,,,,2815,SESS-C37D8B099A,REQ-56D8BCD7147F,2026-09-12 23:55:22+00:00
EVT-0002341,IF_PLMPD_MESPE_001,PLM,MES,Kafka,Async,Success,,,,853,SESS-028761F16C,REQ-5BC27BAB4554,2026-09-13 00:31:15+00:00
EVT-0002343,IF_PLMCM_SAPPP_001,PLM,SAP_ERP,ESB,Async,Success,,,,1938,SESS-F71630845C,REQ-7048E3526701,2026-09-12 15:15:11+00:00
EVT-0002345,IF_PLMCFG_MESPC_001,PLM,MES,REST_API,REST,Success,,,,2727,SESS-1261548FC2,REQ-E647D259FDF6,2026-09-13 12:33:57+00:00
EVT-0002354,IF_PLMPD_SAPPP_001,PLM,SAP_ERP,Kafka,Async,Success,,,,806,SESS-7873A45771,REQ-2AEE5F14BB74,2026-09-16 15:19:27+00:00
EVT-0002361,IF_PLMCFG_MESPC_001,PLM,MES,REST_API,REST,Success,,,,2578,SESS-0D8F30D5EE,REQ-04A7711F295E,2026-09-12 09:30:49+00:00
EVT-0002369,IF_PLMCM_SAPPP_001,PLM,SAP_ERP,ESB,Async,Success,,,,2167,SESS-DEC3C3AAEB,REQ-D6136C703075,2026-09-11 01:45:06+00:00
EVT-0002375,IF_PLMPD_MESPE_001,PLM,MES,Kafka,Async,Success,,,,936,SESS-4E78391A61,REQ-0296C993A259,2026-09-16 22:36:57+00:00
EVT-0002385,IF_PLMCM_SAPPP_001,PLM,SAP_ERP,ESB,Async,Success,,,,2821,SESS-E427EBEE1E,REQ-81739AFEF088,2026-09-16 10:00:20+00:00
EVT-0002396,IF_PLMCM_SAPPP_001,PLM,SAP_ERP,ESB,Async,Success,,,,1963,SESS-64B62B4CBF,REQ-81C5010F55C4,2026-09-11 02:22:28+00:00
EVT-0002400,IF_PLMCFG_MESPC_001,PLM,MES,REST_API,REST,Retry,TIME_004,Downstream response exceeded SLA,Timeout,3677,SESS-EF3726038B,REQ-6053D24FDF61,2026-09-16 15:43:19+00:00
EVT-0002417,IF_PLMPD_MESPE_001,PLM,MES,Kafka,Async,Success,,,,927,SESS-470D61DA33,REQ-C7E74E97B71F,2026-09-12 21:39:14+00:00
EVT-0002434,IF_PLMCM_SAPPP_001,PLM,SAP_ERP,ESB,Async,Success,,,,2847,SESS-49FFE7B37D,REQ-C4C6FD78DFC3,2026-09-16 13:46:31+00:00
EVT-0002438,IF_PLMPD_MESPE_001,PLM,MES,Kafka,Async,Success,,,,940,SESS-0AFF0F4BC9,REQ-44F11FB6F5B4,2026-09-13 15:52:02+00:00
EVT-0002441,IF_PLMPD_SAPPP_001,PLM,SAP_ERP,Kafka,Async,Failed,AUTHZ_403,Caller is not authorized,Authorization,5037,SESS-DFC86C3D8B,REQ-2C0CCA9F0710,2026-09-14 23:38:17+00:00
EVT-0002446,IF_PLMPD_MESPE_001,PLM,MES,Kafka,Async,Retry,AUTHZ_403,Caller is not authorized,Authorization,1879,SESS-706941A54A,REQ-919ECFBA055D,2026-09-16 20:52:28+00:00
EVT-0002455,IF_PLMPD_SAPPP_001,PLM,SAP_ERP,Kafka,Async,Success,,,,659,SESS-DD47AF7CD5,REQ-9AB784C5B7A1,2026-09-15 20:23:17+00:00
EVT-0002479,IF_PLMCFG_MESPC_001,PLM,MES,REST_API,REST,Success,,,,2356,SESS-8B2C910960,REQ-AEA90E061F1A,2026-09-13 11:43:52+00:00
EVT-0002498,IF_PLMCFG_MESPC_001,PLM,MES,REST_API,REST,Retry,VAL_400,Required business field failed validation,Validation,6538,SESS-54612A2360,REQ-D0A056E9F4ED,2026-09-11 05:57:30+00:00
EVT-0002507,IF_PLMCM_SAPPP_001,PLM,SAP_ERP,ESB,Async,Success,,,,1869,SESS-09870F04E0,REQ-EB904D69DD53,2026-09-13 02:02:58+00:00
EVT-0002530,IF_PLMPD_SAPPP_001,PLM,SAP_ERP,Kafka,Async,Success,,,,567,SESS-9255BBAC42,REQ-0FD3B8F0AB0F,2026-09-12 05:10:37+00:00
EVT-0002543,IF_PLMPD_SAPPP_001,PLM,SAP_ERP,Kafka,Async,Success,,,,830,SESS-A2CD3A1C25,REQ-E9DFBDFBECB5,2026-09-12 05:26:13+00:00
EVT-0002554,IF_PLMCM_SAPPP_001,PLM,SAP_ERP,ESB,Async,Success,,,,1948,SESS-27D51C0ED6,REQ-B8C7C1C86480,2026-09-13 21:54:41+00:00
EVT-0002570,IF_PLMCFG_MESPC_001,PLM,MES,REST_API,REST,Success,,,,2630,SESS-0061668334,REQ-01BB2C3A672B,2026-09-16 09:47:40+00:00
EVT-0002572,IF_PLMCFG_MESPC_001,PLM,MES,REST_API,REST,Success,,,,1227,SESS-9811AF2439,REQ-A33AE5E3E5D7,2026-09-16 06:18:32+00:00
EVT-0002583,IF_PLMCFG_MESPC_001,PLM,MES,REST_API,REST,Retry,NET_CONN_003,Connection reset by peer,Network,7425,SESS-0C57AE5CA4,REQ-D1C7F5814DE1,2026-09-16 23:24:52+00:00
EVT-0002605,IF_PLMCFG_MESPC_001,PLM,MES,REST_API,REST,Success,,,,2321,SESS-04E973E76F,REQ-3F6F32F6148E,2026-09-11 05:05:21+00:00
EVT-0002612,IF_PLMPD_MESPE_001,PLM,MES,Kafka,Async,Retry,CAP_003,Downstream service is at capacity,Capacity,3366,SESS-584FBD69E9,REQ-C78035AA5542,2026-09-12 17:30:56+00:00
EVT-0002616,IF_PLMPD_SAPPP_001,PLM,SAP_ERP,Kafka,Async,Success,,,,772,SESS-0CD5910531,REQ-30965EA1EAC2,2026-09-14 01:51:53+00:00
EVT-0002617,IF_PLMPD_MESPE_001,PLM,MES,Kafka,Async,Success,,,,1063,SESS-44D516405E,REQ-5EEA2A53A50A,2026-09-12 13:20:31+00:00
EVT-0002623,IF_PLMPD_MESPE_001,PLM,MES,Kafka,Async,Success,,,,431,SESS-9E8BFAFD9E,REQ-502FC2874730,2026-09-10 02:42:50+00:00
EVT-0002626,IF_PLMCFG_MESPC_001,PLM,MES,REST_API,REST,Success,,,,2916,SESS-A73EADDEDF,REQ-BC205877D0D8,2026-09-16 13:01:19+00:00
EVT-0002632,IF_PLMPD_MESPE_001,PLM,MES,Kafka,Async,Retry,AUTHZ_403,Caller is not authorized,Authorization,1826,SESS-FAD1D69897,REQ-1AD12C8731BA,2026-09-16 00:20:11+00:00
EVT-0002637,IF_PLMCM_SAPPP_001,PLM,SAP_ERP,ESB,Async,Success,,,,2985,SESS-2ABABA97AE,REQ-A500871C566C,2026-09-13 07:45:35+00:00
EVT-0002638,IF_PLMPD_SAPPP_001,PLM,SAP_ERP,Kafka,Async,Success,,,,667,SESS-C0D97E6955,REQ-1DF4BA4DD3AD,2026-09-10 15:42:31+00:00
EVT-0002642,IF_PLMPD_MESPE_001,PLM,MES,Kafka,Async,Success,,,,946,SESS-EF3225C75A,REQ-1CF02FE0CA90,2026-09-13 13:36:02+00:00
EVT-0002657,IF_PLMCFG_MESPC_001,PLM,MES,REST_API,REST,Success,,,,1555,SESS-15425D3B54,REQ-6BB5B3897440,2026-09-14 12:08:57+00:00
EVT-0002660,IF_PLMCFG_MESPC_001,PLM,MES,REST_API,REST,Success,,,,1811,SESS-9D9969816E,REQ-84CF5268DE0E,2026-09-15 22:49:29+00:00
EVT-0002666,IF_PLMCM_SAPPP_001,PLM,SAP_ERP,ESB,Async,Success,,,,2221,SESS-507D128E92,REQ-6DB5B337AF3B,2026-09-11 02:22:40+00:00
EVT-0002677,IF_PLMCFG_MESPC_001,PLM,MES,REST_API,REST,Success,,,,2646,SESS-15E5A6F21B,REQ-CD21B58D1237,2026-09-11 23:11:04+00:00
EVT-0002678,IF_PLMCM_SAPPP_001,PLM,SAP_ERP,ESB,Async,Success,,,,2605,SESS-74E6C546FC,REQ-874B6EE93E58,2026-09-12 18:49:19+00:00
EVT-0002679,IF_PLMCFG_MESPC_001,PLM,MES,REST_API,REST,Success,,,,1929,SESS-C679B8D4CD,REQ-614CECDD0799,2026-09-16 01:05:00+00:00
EVT-0002682,IF_PLMCFG_MESPC_001,PLM,MES,REST_API,REST,Retry,TIME_004,Downstream response exceeded SLA,Timeout,7636,SESS-47466682C1,REQ-9FD84213262F,2026-09-15 21:30:17+00:00
EVT-0002714,IF_PLMCFG_MESPC_001,PLM,MES,REST_API,REST,Success,,,,2475,SESS-3BA184B574,REQ-BF09D8B15800,2026-09-11 19:53:02+00:00
EVT-0002732,IF_PLMCM_SAPPP_001,PLM,SAP_ERP,ESB,Async,Success,,,,3087,SESS-4C781FC6CC,REQ-DE9212F2F4D9,2026-09-11 09:51:01+00:00
EVT-0002756,IF_PLMPD_MESPE_001,PLM,MES,Kafka,Async,Success,,,,1364,SESS-69B9DD2A0B,REQ-6EE7C711A683,2026-09-14 06:14:09+00:00
EVT-0002766,IF_PLMPD_SAPPP_001,PLM,SAP_ERP,Kafka,Async,Failed,VAL_400,Required business field failed validation,Validation,7203,SESS-07CE5A893D,REQ-27B6274C6F25,2026-09-13 22:26:53+00:00
EVT-0002767,IF_PLMPD_SAPPP_001,PLM,SAP_ERP,Kafka,Async,Success,,,,673,SESS-5163CAED3A,REQ-128277EFAA04,2026-09-10 08:42:31+00:00
EVT-0002776,IF_PLMPD_MESPE_001,PLM,MES,Kafka,Async,Success,,,,964,SESS-06FB71DC5A,REQ-CDC2ADE82300,2026-09-11 22:24:37+00:00
EVT-0002784,IF_PLMPD_MESPE_001,PLM,MES,Kafka,Async,Success,,,,429,SESS-2EDA88EA60,REQ-19DC3EB1DC39,2026-09-10 08:37:07+00:00
EVT-0002785,IF_PLMCM_SAPPP_001,PLM,SAP_ERP,ESB,Async,Success,,,,1493,SESS-D6DD91A152,REQ-F25CC089292C,2026-09-11 04:33:11+00:00
EVT-0002786,IF_PLMPD_SAPPP_001,PLM,SAP_ERP,Kafka,Async,Success,,,,822,SESS-1ADD7E6F22,REQ-BE8F9D0FE8AC,2026-09-15 10:14:03+00:00
EVT-0002787,IF_PLMPD_SAPPP_001,PLM,SAP_ERP,Kafka,Async,Success,,,,1135,SESS-67D493F774,REQ-3CE52BBAE2F2,2026-09-16 19:52:57+00:00
EVT-0002789,IF_PLMCM_SAPPP_001,PLM,SAP_ERP,ESB,Async,Success,,,,1978,SESS-5DC5F8F3B7,REQ-9756DB67E983,2026-09-15 07:48:26+00:00
EVT-0002790,IF_PLMCFG_MESPC_001,PLM,MES,REST_API,REST,Success,,,,1124,SESS-4B739088DE,REQ-7F6385F24C5A,2026-09-14 08:29:25+00:00
EVT-0002807,IF_PLMCFG_MESPC_001,PLM,MES,REST_API,REST,Success,,,,1836,SESS-A067054ADD,REQ-D5EA88EDB245,2026-09-12 23:48:58+00:00
EVT-0002810,IF_PLMCFG_MESPC_001,PLM,MES,REST_API,REST,Retry,EXT_502,Downstream service returned 502,External Service,3689,SESS-97FDF910D4,REQ-E4580A76C93F,2026-09-13 04:53:19+00:00
EVT-0002825,IF_PLMPD_SAPPP_001,PLM,SAP_ERP,Kafka,Async,Success,,,,637,SESS-7918C5B2AF,REQ-3C84C65FC0DA,2026-09-16 22:21:17+00:00
EVT-0002827,IF_PLMCFG_MESPC_001,PLM,MES,REST_API,REST,Success,,,,2518,SESS-ADD2F564BC,REQ-4DA2C8E3D05F,2026-09-16 14:12:41+00:00
EVT-0002837,IF_PLMCM_SAPPP_001,PLM,SAP_ERP,ESB,Async,Success,,,,1856,SESS-BC39969A46,REQ-281200822FB1,2026-09-10 08:17:15+00:00
EVT-0002844,IF_PLMPD_MESPE_001,PLM,MES,Kafka,Async,Success,,,,819,SESS-923CB6208F,REQ-19727FE5B154,2026-09-15 16:17:02+00:00
EVT-0002854,IF_PLMPD_SAPPP_001,PLM,SAP_ERP,Kafka,Async,Success,,,,824,SESS-38DD10EC64,REQ-7CC5D9E7B72A,2026-09-16 17:05:38+00:00
EVT-0002863,IF_PLMCFG_MESPC_001,PLM,MES,REST_API,REST,Success,,,,1862,SESS-C03601A8F9,REQ-28E82A276CEA,2026-09-15 02:48:38+00:00
EVT-0002871,IF_PLMPD_SAPPP_001,PLM,SAP_ERP,Kafka,Async,Success,,,,1158,SESS-A8BF70BB7D,REQ-0E41CF796BBB,2026-09-12 14:44:27+00:00
EVT-0002873,IF_PLMPD_SAPPP_001,PLM,SAP_ERP,Kafka,Async,Success,,,,1052,SESS-5C89866D43,REQ-25A1D2408406,2026-09-10 05:44:24+00:00
EVT-0002894,IF_PLMCFG_MESPC_001,PLM,MES,REST_API,REST,Retry,CAP_003,Downstream service is at capacity,Capacity,4475,SESS-EE9DD89DC6,REQ-E607DF2BF10D,2026-09-13 16:19:25+00:00
EVT-0002904,IF_PLMPD_MESPE_001,PLM,MES,Kafka,Async,Success,,,,836,SESS-E0582277AE,REQ-B84FFAF490FC,2026-09-10 15:33:46+00:00
EVT-0002913,IF_PLMCM_SAPPP_001,PLM,SAP_ERP,ESB,Async,Success,,,,2849,SESS-7AAD5A82D9,REQ-C7AC8AE63A90,2026-09-13 15:43:29+00:00
EVT-0002923,IF_PLMPD_SAPPP_001,PLM,SAP_ERP,Kafka,Async,Retry,EXT_502,Downstream service returned 502,External Service,1866,SESS-DCAA71BD30,REQ-3B89B172C202,2026-09-14 22:32:57+00:00
EVT-0002928,IF_PLMPD_SAPPP_001,PLM,SAP_ERP,Kafka,Async,Success,,,,818,SESS-FCBBC9ED1D,REQ-587536E8B4AC,2026-09-12 15:29:10+00:00
EVT-0002931,IF_PLMPD_MESPE_001,PLM,MES,Kafka,Async,Success,,,,1179,SESS-73C4871933,REQ-842A2E170A31,2026-09-16 07:37:35+00:00
EVT-0002933,IF_PLMPD_MESPE_001,PLM,MES,Kafka,Async,Success,,,,1055,SESS-D863DC299B,REQ-4402F54E1112,2026-09-15 13:38:01+00:00
EVT-0002936,IF_PLMCFG_MESPC_001,PLM,MES,REST_API,REST,Success,,,,1682,SESS-1230423931,REQ-A70421189ED8,2026-09-10 15:29:40+00:00
EVT-0002941,IF_PLMPD_SAPPP_001,PLM,SAP_ERP,Kafka,Async,Success,,,,803,SESS-EB7A4ECFD1,REQ-870457A7BD6E,2026-09-10 11:50:47+00:00
EVT-0002956,IF_PLMCFG_MESPC_001,PLM,MES,REST_API,REST,Success,,,,1636,SESS-71ACDEB730,REQ-A35B41B96961,2026-09-16 06:47:07+00:00
EVT-0002974,IF_PLMPD_SAPPP_001,PLM,SAP_ERP,Kafka,Async,Success,,,,858,SESS-0D6E1E368C,REQ-6DD7CA6200F5,2026-09-14 20:18:17+00:00
EVT-0002988,IF_PLMPD_SAPPP_001,PLM,SAP_ERP,Kafka,Async,Success,,,,814,SESS-3337C2A184,REQ-E7A2B549C630,2026-09-12 10:48:33+00:00
EVT-0002993,IF_PLMPD_SAPPP_001,PLM,SAP_ERP,Kafka,Async,Success,,,,1256,SESS-A4FEC5A170,REQ-6D88CF0CE066,2026-09-13 11:34:38+00:00
EVT-0002996,IF_PLMCM_SAPPP_001,PLM,SAP_ERP,ESB,Async,Success,,,,1801,SESS-37BBAD12A3,REQ-31C011422288,2026-09-13 20:20:09+00:00
EVT-0003001,IF_PLMCM_SAPPP_001,PLM,SAP_ERP,ESB,Async,Success,,,,2142,SESS-C35CBDDF46,REQ-A5D9EEC70A1D,2026-09-15 17:32:03+00:00
EVT-0003002,IF_PLMCFG_MESPC_001,PLM,MES,REST_API,REST,Success,,,,2313,SESS-A3BC542D39,REQ-73D0D55B6F9F,2026-09-16 11:35:26+00:00
EVT-0003008,IF_PLMCFG_MESPC_001,PLM,MES,REST_API,REST,Success,,,,1649,SESS-6445D9E598,REQ-237BD00ACCBA,2026-09-16 12:51:26+00:00
EVT-0003009,IF_PLMPD_MESPE_001,PLM,MES,Kafka,Async,Success,,,,878,SESS-EA829629A2,REQ-4744D82B5796,2026-09-16 16:19:26+00:00
EVT-0003018,IF_PLMCM_SAPPP_001,PLM,SAP_ERP,ESB,Async,Success,,,,1860,SESS-2F9EEDE523,REQ-205B6A50368B,2026-09-10 04:28:35+00:00
EVT-0003034,IF_PLMPD_SAPPP_001,PLM,SAP_ERP,Kafka,Async,Success,,,,913,SESS-EE33C19A15,REQ-3BE191AE237F,2026-09-11 03:58:56+00:00
EVT-0003037,IF_PLMCM_SAPPP_001,PLM,SAP_ERP,ESB,Async,Success,,,,3094,SESS-26F5E0497C,REQ-F47142F6A804,2026-09-14 16:28:38+00:00
EVT-0003047,IF_PLMPD_SAPPP_001,PLM,SAP_ERP,Kafka,Async,Success,,,,839,SESS-6CB2E86DF1,REQ-19BBBA885F06,2026-09-14 12:24:30+00:00
EVT-0003056,IF_PLMCM_SAPPP_001,PLM,SAP_ERP,ESB,Async,Failed,CFG_017,Interface configuration mismatch,Configuration,15165,SESS-C759558730,REQ-D83567A1E03A,2026-09-16 16:11:33+00:00
EVT-0003057,IF_PLMPD_SAPPP_001,PLM,SAP_ERP,Kafka,Async,Success,,,,1188,SESS-ECC533F292,REQ-3AC0DA44FD4E,2026-09-13 08:45:52+00:00
EVT-0003059,IF_PLMPD_MESPE_001,PLM,MES,Kafka,Async,Success,,,,1165,SESS-B62A12897B,REQ-F448F78A82A3,2026-09-10 02:57:47+00:00
EVT-0003069,IF_PLMPD_SAPPP_001,PLM,SAP_ERP,Kafka,Async,Retry,CFG_017,Interface configuration mismatch,Configuration,1691,SESS-FD259E76A0,REQ-EDEEAAFFE0E8,2026-09-14 22:23:50+00:00
EVT-0003070,IF_PLMPD_MESPE_001,PLM,MES,Kafka,Async,Success,,,,1109,SESS-8CFD2BD881,REQ-EB4FE5053966,2026-09-16 08:48:39+00:00
EVT-0003094,IF_PLMCFG_MESPC_001,PLM,MES,REST_API,REST,Success,,,,1947,SESS-50442AB00A,REQ-C890CF96EA4D,2026-09-14 07:06:30+00:00
EVT-0003103,IF_PLMCM_SAPPP_001,PLM,SAP_ERP,ESB,Async,Success,,,,2928,SESS-32AD74B1D1,REQ-DCF41A57D4A9,2026-09-10 17:31:24+00:00
EVT-0003117,IF_PLMCM_SAPPP_001,PLM,SAP_ERP,ESB,Async,Failed,TIME_004,Downstream response exceeded SLA,Timeout,4080,SESS-130FE49A03,REQ-97F03EA47D11,2026-09-11 18:51:49+00:00
EVT-0003124,IF_PLMPD_MESPE_001,PLM,MES,Kafka,Async,Success,,,,702,SESS-AD9FE0401C,REQ-F7FFD2D8F1F3,2026-09-15 08:51:39+00:00
EVT-0003127,IF_PLMCM_SAPPP_001,PLM,SAP_ERP,ESB,Async,Success,,,,1709,SESS-25A1CF6E9D,REQ-8DA4F7D13966,2026-09-15 19:11:42+00:00
EVT-0003131,IF_PLMCFG_MESPC_001,PLM,MES,REST_API,REST,Success,,,,2416,SESS-972FE67E7A,REQ-935251FB209E,2026-09-12 01:07:03+00:00
EVT-0003144,IF_PLMPD_SAPPP_001,PLM,SAP_ERP,Kafka,Async,Success,,,,1121,SESS-DA4BC64197,REQ-DBEFCF7441E5,2026-09-12 02:12:12+00:00
EVT-0003149,IF_PLMPD_MESPE_001,PLM,MES,Kafka,Async,Success,,,,729,SESS-B7899485C8,REQ-4013067109F6,2026-09-10 16:08:36+00:00
EVT-0003159,IF_PLMPD_SAPPP_001,PLM,SAP_ERP,Kafka,Async,Success,,,,799,SESS-1B0F83B3A9,REQ-0990C91D74B9,2026-09-10 13:22:56+00:00
EVT-0003165,IF_PLMPD_SAPPP_001,PLM,SAP_ERP,Kafka,Async,Retry,VAL_400,Required business field failed validation,Validation,2413,SESS-CEABA05CFA,REQ-FAC177C2D499,2026-09-12 18:52:53+00:00
EVT-0003166,IF_PLMCFG_MESPC_001,PLM,MES,REST_API,REST,Retry,NET_CONN_003,Connection reset by peer,Network,6161,SESS-E85DEEFB7D,REQ-4907F632C74C,2026-09-16 10:14:27+00:00
EVT-0003168,IF_PLMCM_SAPPP_001,PLM,SAP_ERP,ESB,Async,Failed,AUTHZ_403,Caller is not authorized,Authorization,4704,SESS-7B1D5E45EE,REQ-912FDFC4AB5D,2026-09-13 05:20:12+00:00
EVT-0003170,IF_PLMPD_MESPE_001,PLM,MES,Kafka,Async,Success,,,,1044,SESS-DC6658888F,REQ-2B205BAB7F75,2026-09-13 12:29:32+00:00
EVT-0003171,IF_PLMPD_MESPE_001,PLM,MES,Kafka,Async,Success,,,,670,SESS-FEAB65F4C9,REQ-EA08783E50CE,2026-09-13 01:56:03+00:00
EVT-0003178,IF_PLMCM_SAPPP_001,PLM,SAP_ERP,ESB,Async,Success,,,,2750,SESS-ECC28C8E48,REQ-8FCFC4A2301C,2026-09-15 14:12:47+00:00
EVT-0003184,IF_PLMPD_MESPE_001,PLM,MES,Kafka,Async,Success,,,,1077,SESS-B65EDAADBC,REQ-3E600EEF34CA,2026-09-11 03:21:56+00:00
EVT-0003185,IF_PLMPD_SAPPP_001,PLM,SAP_ERP,Kafka,Async,Failed,NET_CONN_003,Connection reset by peer,Network,5586,SESS-752EB63E26,REQ-706E257BCEF1,2026-09-10 20:10:35+00:00
EVT-0003186,IF_PLMCFG_MESPC_001,PLM,MES,REST_API,REST,Retry,AUTH_401,Service credential rejected,Authentication,4511,SESS-36E498E284,REQ-EC227063BE30,2026-09-12 16:53:32+00:00
EVT-0003187,IF_PLMPD_SAPPP_001,PLM,SAP_ERP,Kafka,Async,Success,,,,1068,SESS-8D05D3FAD1,REQ-969DD7C5A844,2026-09-15 21:43:29+00:00
EVT-0003189,IF_PLMCFG_MESPC_001,PLM,MES,REST_API,REST,Success,,,,2231,SESS-2623D8379C,REQ-183AF18D0532,2026-09-10 05:53:48+00:00
EVT-0003195,IF_PLMPD_SAPPP_001,PLM,SAP_ERP,Kafka,Async,Success,,,,1284,SESS-678A907C07,REQ-6961BA275020,2026-09-15 22:50:46+00:00
EVT-0003219,IF_PLMPD_SAPPP_001,PLM,SAP_ERP,Kafka,Async,Success,,,,1286,SESS-CB1AD1325F,REQ-1F4A03A11E22,2026-09-13 01:05:52+00:00
EVT-0003222,IF_PLMCM_SAPPP_001,PLM,SAP_ERP,ESB,Async,Success,,,,2313,SESS-ED8C3ACE2C,REQ-A8FA9D31B202,2026-09-16 18:42:31+00:00
EVT-0003225,IF_PLMCFG_MESPC_001,PLM,MES,REST_API,REST,Retry,AUTHZ_403,Caller is not authorized,Authorization,5921,SESS-07F2A31617,REQ-71B8FCA13D41,2026-09-13 14:34:18+00:00
EVT-0003226,IF_PLMCM_SAPPP_001,PLM,SAP_ERP,ESB,Async,Success,,,,2462,SESS-75E77A2986,REQ-B66BD624E95D,2026-09-13 12:31:25+00:00
EVT-0003241,IF_PLMPD_SAPPP_001,PLM,SAP_ERP,Kafka,Async,Success,,,,473,SESS-6742A520E2,REQ-83C624E1640A,2026-09-14 21:38:56+00:00
EVT-0003242,IF_PLMCM_SAPPP_001,PLM,SAP_ERP,ESB,Async,Success,,,,2473,SESS-19C0FA48B6,REQ-72DFE5F7F3D1,2026-09-10 16:07:27+00:00
EVT-0003253,IF_PLMCM_SAPPP_001,PLM,SAP_ERP,ESB,Async,Success,,,,3401,SESS-7732400680,REQ-D585AABC81BC,2026-09-14 11:11:11+00:00
EVT-0003255,IF_PLMCFG_MESPC_001,PLM,MES,REST_API,REST,Success,,,,2299,SESS-C79E0E45CF,REQ-2EFE9431BCD8,2026-09-16 23:06:56+00:00
EVT-0003256,IF_PLMPD_SAPPP_001,PLM,SAP_ERP,Kafka,Async,Failed,CAP_003,Downstream service is at capacity,Capacity,5966,SESS-DDE074650C,REQ-3E8C0FE8F2C2,2026-09-13 06:26:10+00:00
EVT-0003258,IF_PLMPD_MESPE_001,PLM,MES,Kafka,Async,Success,,,,991,SESS-CB2AC234A2,REQ-4DF59CF27B03,2026-09-10 08:55:54+00:00
EVT-0003263,IF_PLMCM_SAPPP_001,PLM,SAP_ERP,ESB,Async,Success,,,,2173,SESS-B193824DDF,REQ-551E9C84021F,2026-09-11 20:02:59+00:00
EVT-0003271,IF_PLMCM_SAPPP_001,PLM,SAP_ERP,ESB,Async,Retry,VAL_400,Required business field failed validation,Validation,3599,SESS-A392456A43,REQ-CAFBB918449A,2026-09-13 12:41:48+00:00
EVT-0003278,IF_PLMPD_MESPE_001,PLM,MES,Kafka,Async,Success,,,,840,SESS-72352E36E3,REQ-F3B819E6440B,2026-09-11 20:40:56+00:00
EVT-0003285,IF_PLMPD_MESPE_001,PLM,MES,Kafka,Async,Success,,,,1163,SESS-5056AFDA63,REQ-9DB6AAD78AD3,2026-09-16 07:57:30+00:00
EVT-0003291,IF_PLMCM_SAPPP_001,PLM,SAP_ERP,ESB,Async,Success,,,,1985,SESS-CB76FEB645,REQ-5CE11AEBFE33,2026-09-13 20:49:06+00:00
EVT-0003293,IF_PLMPD_SAPPP_001,PLM,SAP_ERP,Kafka,Async,Success,,,,938,SESS-5F7A498A35,REQ-B710897F39C9,2026-09-15 17:05:35+00:00
EVT-0003295,IF_PLMCM_SAPPP_001,PLM,SAP_ERP,ESB,Async,Success,,,,2387,SESS-3EBDCE75DD,REQ-F03EAB9B88DE,2026-09-12 06:05:00+00:00
EVT-0003305,IF_PLMPD_SAPPP_001,PLM,SAP_ERP,Kafka,Async,Success,,,,935,SESS-81A634B773,REQ-0F87726164EE,2026-09-10 01:35:56+00:00
EVT-0003311,IF_PLMPD_SAPPP_001,PLM,SAP_ERP,Kafka,Async,Success,,,,979,SESS-14E78C8582,REQ-742C32342240,2026-09-12 09:38:24+00:00
EVT-0003321,IF_PLMCM_SAPPP_001,PLM,SAP_ERP,ESB,Async,Success,,,,2262,SESS-0AC9E60E1D,REQ-F95796178361,2026-09-12 12:27:45+00:00
EVT-0003326,IF_PLMCFG_MESPC_001,PLM,MES,REST_API,REST,Success,,,,2567,SESS-A545FCEDF3,REQ-229A8218D2B6,2026-09-12 13:15:45+00:00
EVT-0003329,IF_PLMCM_SAPPP_001,PLM,SAP_ERP,ESB,Async,Success,,,,2152,SESS-A4490BD437,REQ-F08B6BAF9F2A,2026-09-15 13:26:11+00:00
EVT-0003340,IF_PLMPD_MESPE_001,PLM,MES,Kafka,Async,Success,,,,667,SESS-D2D07857F3,REQ-9F37260025A7,2026-09-12 00:57:16+00:00
EVT-0003345,IF_PLMPD_MESPE_001,PLM,MES,Kafka,Async,Success,,,,966,SESS-5773D250BA,REQ-F41CD536C50A,2026-09-15 15:03:45+00:00
EVT-0003351,IF_PLMCFG_MESPC_001,PLM,MES,REST_API,REST,Success,,,,2950,SESS-FD289CD023,REQ-FFB78A15E975,2026-09-16 21:45:38+00:00
EVT-0003356,IF_PLMCM_SAPPP_001,PLM,SAP_ERP,ESB,Async,Success,,,,1611,SESS-AD8CD649C8,REQ-1021EE2DA1B0,2026-09-10 11:57:35+00:00
EVT-0003366,IF_PLMPD_MESPE_001,PLM,MES,Kafka,Async,Success,,,,900,SESS-E8A23458B3,REQ-44C5B42B9C63,2026-09-15 23:31:43+00:00
EVT-0003374,IF_PLMCFG_MESPC_001,PLM,MES,REST_API,REST,Success,,,,1589,SESS-EC09B25B22,REQ-5A12925462C6,2026-09-16 15:10:11+00:00
EVT-0003378,IF_PLMPD_MESPE_001,PLM,MES,Kafka,Async,Success,,,,753,SESS-5C0AD39FE9,REQ-26875B0FC344,2026-09-11 12:52:19+00:00
EVT-0003402,IF_PLMPD_SAPPP_001,PLM,SAP_ERP,Kafka,Async,Retry,EXT_502,Downstream service returned 502,External Service,2687,SESS-CA90283126,REQ-820D69524C78,2026-09-13 23:19:00+00:00
EVT-0003405,IF_PLMPD_SAPPP_001,PLM,SAP_ERP,Kafka,Async,Success,,,,1109,SESS-BB8230C0FC,REQ-A2805B974E80,2026-09-13 01:09:15+00:00
EVT-0003410,IF_PLMPD_SAPPP_001,PLM,SAP_ERP,Kafka,Async,Success,,,,766,SESS-DEA6393A4E,REQ-9A8EB51E7440,2026-09-15 23:12:59+00:00
EVT-0003421,IF_PLMPD_SAPPP_001,PLM,SAP_ERP,Kafka,Async,Success,,,,889,SESS-8232A1994C,REQ-E91B6E6B710E,2026-09-10 23:14:52+00:00
EVT-0003423,IF_PLMPD_MESPE_001,PLM,MES,Kafka,Async,Success,,,,1053,SESS-909F8A89DC,REQ-53DBF0111426,2026-09-15 20:50:28+00:00
EVT-0003424,IF_PLMCM_SAPPP_001,PLM,SAP_ERP,ESB,Async,Success,,,,1638,SESS-BDFCF41D5D,REQ-BC247DF1EC45,2026-09-11 00:00:34+00:00
EVT-0003435,IF_PLMPD_MESPE_001,PLM,MES,Kafka,Async,Retry,INFRA_008,Runtime node unavailable,Infrastructure,3159,SESS-8F0AF059C6,REQ-968C862ABAC3,2026-09-15 15:06:24+00:00
EVT-0003437,IF_PLMPD_MESPE_001,PLM,MES,Kafka,Async,Success,,,,894,SESS-84ABB4920D,REQ-60B8F4A7C27C,2026-09-13 23:37:58+00:00
EVT-0003445,IF_PLMCFG_MESPC_001,PLM,MES,REST_API,REST,Success,,,,2439,SESS-220E0A1974,REQ-42503389EF76,2026-09-14 06:09:20+00:00
EVT-0003453,IF_PLMCFG_MESPC_001,PLM,MES,REST_API,REST,Success,,,,2028,SESS-D8347ECE57,REQ-CA5CB39BC818,2026-09-13 11:59:58+00:00
EVT-0003465,IF_PLMCFG_MESPC_001,PLM,MES,REST_API,REST,Success,,,,2787,SESS-45ADEB4616,REQ-8F0A25794AE3,2026-09-12 17:37:26+00:00
EVT-0003470,IF_PLMCM_SAPPP_001,PLM,SAP_ERP,ESB,Async,Success,,,,2183,SESS-55B734BD9D,REQ-7C7AE0C0FF62,2026-09-15 15:42:09+00:00
EVT-0003473,IF_PLMPD_SAPPP_001,PLM,SAP_ERP,Kafka,Async,Success,,,,998,SESS-5C8E5707A6,REQ-71223DE6F724,2026-09-16 05:01:22+00:00
EVT-0003477,IF_PLMCFG_MESPC_001,PLM,MES,REST_API,REST,Success,,,,2149,SESS-32FA72C09A,REQ-6042CA59021D,2026-09-12 09:46:03+00:00
EVT-0003478,IF_PLMPD_SAPPP_001,PLM,SAP_ERP,Kafka,Async,Retry,EXT_502,Downstream service returned 502,External Service,1444,SESS-D6C43E0EFC,REQ-C236EAFF2DE5,2026-09-10 12:59:37+00:00
EVT-0003485,IF_PLMPD_MESPE_001,PLM,MES,Kafka,Async,Failed,TIME_004,Downstream response exceeded SLA,Timeout,6387,SESS-8CE8DF17C5,REQ-7A9AABD0943B,2026-09-11 00:14:42+00:00
EVT-0003494,IF_PLMPD_MESPE_001,PLM,MES,Kafka,Async,Success,,,,1088,SESS-F73F3F365A,REQ-956119A5F203,2026-09-16 18:58:36+00:00
EVT-0003495,IF_PLMPD_MESPE_001,PLM,MES,Kafka,Async,Success,,,,808,SESS-847AF7D670,REQ-73B6D0859194,2026-09-16 06:09:47+00:00
EVT-0003500,IF_PLMPD_MESPE_001,PLM,MES,Kafka,Async,Success,,,,856,SESS-53CE1DDCBE,REQ-52E16DA87459,2026-09-12 13:47:43+00:00
EVT-0003503,IF_PLMPD_MESPE_001,PLM,MES,Kafka,Async,Success,,,,953,SESS-1CDB0254E9,REQ-71B11E13F1D8,2026-09-16 19:35:10+00:00
EVT-0003504,IF_PLMPD_SAPPP_001,PLM,SAP_ERP,Kafka,Async,Success,,,,989,SESS-02E634085F,REQ-179C9058CCAE,2026-09-11 10:49:28+00:00
EVT-0003505,IF_PLMCM_SAPPP_001,PLM,SAP_ERP,ESB,Async,Success,,,,1794,SESS-A18D4A6B97,REQ-F6626D1BB43C,2026-09-16 12:08:25+00:00
EVT-0003530,IF_PLMPD_MESPE_001,PLM,MES,Kafka,Async,Success,,,,548,SESS-58FF419084,REQ-24D2E560D7AF,2026-09-15 10:57:08+00:00
EVT-0003533,IF_PLMCFG_MESPC_001,PLM,MES,REST_API,REST,Success,,,,1293,SESS-A49044DCC0,REQ-9069316393E3,2026-09-12 03:43:45+00:00
EVT-0003548,IF_PLMPD_SAPPP_001,PLM,SAP_ERP,Kafka,Async,Success,,,,1165,SESS-9A81AE72CB,REQ-E48366DBA1E5,2026-09-13 00:42:57+00:00
EVT-0003570,IF_PLMCFG_MESPC_001,PLM,MES,REST_API,REST,Retry,EXT_502,Downstream service returned 502,External Service,5729,SESS-291E001E49,REQ-E65409B12C45,2026-09-11 05:00:19+00:00
EVT-0003576,IF_PLMPD_SAPPP_001,PLM,SAP_ERP,Kafka,Async,Success,,,,779,SESS-AC3AEA9E59,REQ-C075E420CFF4,2026-09-16 03:50:37+00:00
EVT-0003583,IF_PLMPD_MESPE_001,PLM,MES,Kafka,Async,Success,,,,845,SESS-2681D6DCD3,REQ-C48CD8D50F46,2026-09-12 05:28:46+00:00
EVT-0003590,IF_PLMCFG_MESPC_001,PLM,MES,REST_API,REST,Success,,,,2896,SESS-4A9BF1E558,REQ-49D12C747B36,2026-09-10 07:11:59+00:00
EVT-0003591,IF_PLMPD_MESPE_001,PLM,MES,Kafka,Async,Success,,,,1156,SESS-FD613D27F8,REQ-6175A1E1F290,2026-09-14 14:30:55+00:00
EVT-0003612,IF_PLMPD_MESPE_001,PLM,MES,Kafka,Async,Success,,,,908,SESS-189F3A0D8C,REQ-C74B36FCB58B,2026-09-12 06:05:11+00:00
EVT-0003616,IF_PLMPD_MESPE_001,PLM,MES,Kafka,Async,Success,,,,816,SESS-BC03829387,REQ-55BDAE181911,2026-09-13 01:31:34+00:00
EVT-0003626,IF_PLMCM_SAPPP_001,PLM,SAP_ERP,ESB,Async,Success,,,,2671,SESS-64942B48DB,REQ-6B8902B47188,2026-09-13 06:41:14+00:00
EVT-0003628,IF_PLMCFG_MESPC_001,PLM,MES,REST_API,REST,Success,,,,1630,SESS-BD6D4C8E45,REQ-40C72CE0AD23,2026-09-10 00:01:17+00:00
EVT-0003637,IF_PLMCFG_MESPC_001,PLM,MES,REST_API,REST,Success,,,,2175,SESS-6CA43CAFC4,REQ-8BB03AF2821C,2026-09-10 09:46:48+00:00
EVT-0003652,IF_PLMPD_SAPPP_001,PLM,SAP_ERP,Kafka,Async,Success,,,,1044,SESS-E741EB0794,REQ-46969AA7D8CC,2026-09-12 12:05:12+00:00
EVT-0003655,IF_PLMPD_SAPPP_001,PLM,SAP_ERP,Kafka,Async,Success,,,,896,SESS-58234DA1FA,REQ-11303C2B93B4,2026-09-13 18:21:05+00:00
EVT-0003673,IF_PLMCM_SAPPP_001,PLM,SAP_ERP,ESB,Async,Success,,,,2268,SESS-477D0EA198,REQ-B279DA705F55,2026-09-12 20:05:19+00:00
EVT-0003685,IF_PLMCM_SAPPP_001,PLM,SAP_ERP,ESB,Async,Success,,,,2936,SESS-C85FB1A157,REQ-1F69DD1EE247,2026-09-13 16:25:36+00:00
EVT-0003695,IF_PLMPD_SAPPP_001,PLM,SAP_ERP,Kafka,Async,Success,,,,820,SESS-BC2097E5C2,REQ-F3ABF2B52790,2026-09-14 20:46:23+00:00
EVT-0003696,IF_PLMCM_SAPPP_001,PLM,SAP_ERP,ESB,Async,Success,,,,2191,SESS-9E144D8052,REQ-7B8F9F9137C7,2026-09-12 00:15:00+00:00
EVT-0003701,IF_PLMPD_MESPE_001,PLM,MES,Kafka,Async,Success,,,,960,SESS-64969E218B,REQ-AD2AB23A775C,2026-09-13 09:27:22+00:00
EVT-0003703,IF_PLMCFG_MESPC_001,PLM,MES,REST_API,REST,Success,,,,2817,SESS-8EBC106FA3,REQ-09707211270F,2026-09-14 15:41:05+00:00
EVT-0003704,IF_PLMPD_MESPE_001,PLM,MES,Kafka,Async,Success,,,,836,SESS-450CD67A47,REQ-94CD783047CB,2026-09-11 05:05:28+00:00
EVT-0003705,IF_PLMCFG_MESPC_001,PLM,MES,REST_API,REST,Success,,,,3145,SESS-9CC46525DA,REQ-AB11CAC78B28,2026-09-13 08:10:47+00:00
EVT-0003712,IF_PLMPD_SAPPP_001,PLM,SAP_ERP,Kafka,Async,Success,,,,614,SESS-36932A6ED9,REQ-44C2BD3C5C05,2026-09-13 20:05:17+00:00
EVT-0003716,IF_PLMPD_MESPE_001,PLM,MES,Kafka,Async,Success,,,,678,SESS-278DC29BEB,REQ-C8E8CC2BC561,2026-09-10 00:15:27+00:00
EVT-0003717,IF_PLMCFG_MESPC_001,PLM,MES,REST_API,REST,Success,,,,3348,SESS-D3A43AA350,REQ-8C8B8E7E6E66,2026-09-13 15:52:52+00:00
EVT-0003728,IF_PLMPD_MESPE_001,PLM,MES,Kafka,Async,Success,,,,702,SESS-5E2602098A,REQ-F15F9F4AC9D2,2026-09-13 04:56:03+00:00
EVT-0003731,IF_PLMPD_MESPE_001,PLM,MES,Kafka,Async,Failed,VAL_400,Required business field failed validation,Validation,1387,SESS-00CEE2439A,REQ-C657CA2A219A,2026-09-12 22:26:42+00:00
EVT-0003736,IF_PLMCM_SAPPP_001,PLM,SAP_ERP,ESB,Async,Retry,CAP_003,Downstream service is at capacity,Capacity,6106,SESS-521ADE7585,REQ-38791CF77503,2026-09-12 11:34:26+00:00
EVT-0003738,IF_PLMPD_SAPPP_001,PLM,SAP_ERP,Kafka,Async,Success,,,,821,SESS-3A73E28CEB,REQ-D19A92FF4AAA,2026-09-14 04:03:49+00:00
EVT-0003741,IF_PLMCFG_MESPC_001,PLM,MES,REST_API,REST,Success,,,,2688,SESS-EC1CDDBE8E,REQ-F3E452AE3A84,2026-09-14 06:30:10+00:00
EVT-0003743,IF_PLMCFG_MESPC_001,PLM,MES,REST_API,REST,Success,,,,2910,SESS-F6B77EA5DC,REQ-BDB3AF42283C,2026-09-11 15:16:11+00:00
EVT-0003748,IF_PLMPD_SAPPP_001,PLM,SAP_ERP,Kafka,Async,Failed,NET_CONN_003,Connection reset by peer,Network,1240,SESS-B6FD6A558A,REQ-7EC3B33C7381,2026-09-14 16:00:46+00:00
EVT-0003754,IF_PLMPD_MESPE_001,PLM,MES,Kafka,Async,Success,,,,1111,SESS-44D64EF8DF,REQ-C38D4023E99E,2026-09-13 23:52:56+00:00
EVT-0003760,IF_PLMPD_MESPE_001,PLM,MES,Kafka,Async,Success,,,,1191,SESS-C9F5F91A61,REQ-8AF0602B2BD7,2026-09-15 07:36:41+00:00
EVT-0003777,IF_PLMPD_SAPPP_001,PLM,SAP_ERP,Kafka,Async,Success,,,,781,SESS-FC86E1A614,REQ-F5D18123D010,2026-09-10 16:02:14+00:00
EVT-0003780,IF_PLMPD_MESPE_001,PLM,MES,Kafka,Async,Success,,,,982,SESS-ABEAE87B78,REQ-516446FB6161,2026-09-13 08:41:29+00:00
EVT-0003795,IF_PLMCFG_MESPC_001,PLM,MES,REST_API,REST,Success,,,,1873,SESS-9A6C2241F7,REQ-86EF66F66C5A,2026-09-13 05:57:19+00:00
EVT-0003796,IF_PLMCFG_MESPC_001,PLM,MES,REST_API,REST,Success,,,,2317,SESS-94D0F0C652,REQ-E93653FA5CC7,2026-09-12 01:14:19+00:00
EVT-0003797,IF_PLMPD_MESPE_001,PLM,MES,Kafka,Async,Success,,,,924,SESS-235643F430,REQ-6D5ECA762B6F,2026-09-14 11:01:01+00:00
EVT-0003809,IF_PLMPD_SAPPP_001,PLM,SAP_ERP,Kafka,Async,Failed,CFG_017,Interface configuration mismatch,Configuration,7173,SESS-907BE55BF3,REQ-831E2AC24DB1,2026-09-11 03:18:42+00:00
EVT-0003832,IF_PLMCM_SAPPP_001,PLM,SAP_ERP,ESB,Async,Success,,,,2899,SESS-5184CB710A,REQ-AD73994B28A3,2026-09-13 18:31:42+00:00
EVT-0003833,IF_PLMCFG_MESPC_001,PLM,MES,REST_API,REST,Retry,NET_CONN_003,Connection reset by peer,Network,4874,SESS-C44D0B4E93,REQ-942EA3F801F2,2026-09-14 00:55:32+00:00
EVT-0003851,IF_PLMPD_SAPPP_001,PLM,SAP_ERP,Kafka,Async,Success,,,,809,SESS-4476D66731,REQ-C140B2DB128C,2026-09-15 22:19:00+00:00
EVT-0003856,IF_PLMCM_SAPPP_001,PLM,SAP_ERP,ESB,Async,Success,,,,2338,SESS-2E80B57458,REQ-ED6F7D4BD72C,2026-09-15 17:35:43+00:00
EVT-0003859,IF_PLMCFG_MESPC_001,PLM,MES,REST_API,REST,Success,,,,2338,SESS-5BF2E2B683,REQ-ADB42D8AB90E,2026-09-16 11:00:52+00:00
EVT-0003862,IF_PLMPD_MESPE_001,PLM,MES,Kafka,Async,Success,,,,1084,SESS-3DAF26BC26,REQ-682DDE238A89,2026-09-10 02:38:43+00:00
EVT-0003863,IF_PLMPD_SAPPP_001,PLM,SAP_ERP,Kafka,Async,Success,,,,750,SESS-8EBC7BDFC7,REQ-7AED8A8C7664,2026-09-15 10:11:55+00:00
EVT-0003866,IF_PLMCFG_MESPC_001,PLM,MES,REST_API,REST,Success,,,,2379,SESS-7BEAE9B7E5,REQ-848BE372F207,2026-09-14 01:35:53+00:00
EVT-0003874,IF_PLMPD_SAPPP_001,PLM,SAP_ERP,Kafka,Async,Success,,,,967,SESS-5127372577,REQ-82F4371D70B2,2026-09-11 14:00:26+00:00
EVT-0003877,IF_PLMPD_MESPE_001,PLM,MES,Kafka,Async,Retry,INFRA_008,Runtime node unavailable,Infrastructure,1819,SESS-2118947E18,REQ-06749B716CA5,2026-09-15 13:25:02+00:00
EVT-0003886,IF_PLMCM_SAPPP_001,PLM,SAP_ERP,ESB,Async,Success,,,,2132,SESS-CC18D9CEF0,REQ-AC8C6D033196,2026-09-14 13:25:19+00:00
EVT-0003891,IF_PLMCFG_MESPC_001,PLM,MES,REST_API,REST,Retry,NET_CONN_003,Connection reset by peer,Network,8290,SESS-40D7A7F083,REQ-A557C2133D14,2026-09-16 02:18:45+00:00
EVT-0003910,IF_PLMPD_SAPPP_001,PLM,SAP_ERP,Kafka,Async,Success,,,,703,SESS-493874FFE5,REQ-F452142AFDCF,2026-09-16 03:31:57+00:00
EVT-0003916,IF_PLMCM_SAPPP_001,PLM,SAP_ERP,ESB,Async,Success,,,,1909,SESS-5FD98A4EB9,REQ-046F9F5BB27F,2026-09-16 11:31:12+00:00
EVT-0003923,IF_PLMCFG_MESPC_001,PLM,MES,REST_API,REST,Success,,,,2045,SESS-5F95F12394,REQ-F147A4F9EE6B,2026-09-12 00:11:52+00:00
EVT-0003926,IF_PLMCFG_MESPC_001,PLM,MES,REST_API,REST,Success,,,,2238,SESS-9E0E4B93CC,REQ-1E63EFA35642,2026-09-10 13:13:58+00:00
EVT-0003929,IF_PLMPD_MESPE_001,PLM,MES,Kafka,Async,Retry,EXT_502,Downstream service returned 502,External Service,3408,SESS-82CDB05B6C,REQ-CF7965372AC9,2026-09-10 11:24:22+00:00
EVT-0003931,IF_PLMCM_SAPPP_001,PLM,SAP_ERP,ESB,Async,Success,,,,2305,SESS-7E1D20B739,REQ-C3DD82A4133A,2026-09-11 02:43:48+00:00
EVT-0003933,IF_PLMPD_MESPE_001,PLM,MES,Kafka,Async,Success,,,,972,SESS-C929740E70,REQ-B33117289FC1,2026-09-15 18:54:58+00:00
EVT-0003934,IF_PLMPD_SAPPP_001,PLM,SAP_ERP,Kafka,Async,Success,,,,1004,SESS-972F33EB91,REQ-DA8E3F50E79F,2026-09-14 21:50:23+00:00
EVT-0003936,IF_PLMPD_MESPE_001,PLM,MES,Kafka,Async,Success,,,,1213,SESS-D94B78B24B,REQ-28F910E7B71A,2026-09-14 13:56:48+00:00
EVT-0003967,IF_PLMCFG_MESPC_001,PLM,MES,REST_API,REST,Success,,,,1653,SESS-AE49FC5F50,REQ-735D8A9164E2,2026-09-13 07:29:23+00:00
EVT-0003979,IF_PLMCM_SAPPP_001,PLM,SAP_ERP,ESB,Async,Retry,INFRA_008,Runtime node unavailable,Infrastructure,4461,SESS-09CA79EA66,REQ-03964F63439A,2026-09-13 19:49:34+00:00
EVT-0003986,IF_PLMCM_SAPPP_001,PLM,SAP_ERP,ESB,Async,Success,,,,2032,SESS-3200899121,REQ-A27F10DC43A5,2026-09-12 03:04:46+00:00
EVT-0003998,IF_PLMPD_MESPE_001,PLM,MES,Kafka,Async,Success,,,,744,SESS-7EEF7C66F8,REQ-F19ADB1D4228,2026-09-10 04:21:00+00:00
EVT-0004000,IF_PLMPD_MESPE_001,PLM,MES,Kafka,Async,Success,,,,1092,SESS-7C35AFBB13,REQ-EE1C72F41257,2026-09-14 20:55:25+00:00
EVT-0004026,IF_PLMCFG_MESPC_001,PLM,MES,REST_API,REST,Success,,,,1945,SESS-1CF7DB2196,REQ-DBE27FE48B71,2026-09-15 23:22:56+00:00
EVT-0004037,IF_PLMCFG_MESPC_001,PLM,MES,REST_API,REST,Success,,,,2196,SESS-55A20B97BA,REQ-1EEE30B25FE4,2026-09-10 22:47:43+00:00
EVT-0004038,IF_PLMPD_SAPPP_001,PLM,SAP_ERP,Kafka,Async,Success,,,,1175,SESS-C28178DF86,REQ-8C0FBF830970,2026-09-10 00:02:21+00:00
EVT-0004048,IF_PLMCM_SAPPP_001,PLM,SAP_ERP,ESB,Async,Success,,,,2047,SESS-ABC6827DEA,REQ-505DBF1C409F,2026-09-12 07:43:21+00:00
EVT-0004054,IF_PLMPD_SAPPP_001,PLM,SAP_ERP,Kafka,Async,Success,,,,353,SESS-42DD3C4736,REQ-1869C79B8FC5,2026-09-11 17:26:37+00:00
EVT-0004057,IF_PLMPD_MESPE_001,PLM,MES,Kafka,Async,Failed,TIME_004,Downstream response exceeded SLA,Timeout,2546,SESS-CCFAAC7CD5,REQ-105CEDF14CB5,2026-09-12 05:34:37+00:00
EVT-0004058,IF_PLMPD_MESPE_001,PLM,MES,Kafka,Async,Success,,,,673,SESS-771CD205BC,REQ-CFB1A6B5AB31,2026-09-12 13:11:22+00:00
EVT-0004065,IF_PLMPD_SAPPP_001,PLM,SAP_ERP,Kafka,Async,Failed,CFG_017,Interface configuration mismatch,Configuration,2462,SESS-633C661437,REQ-E141106303B0,2026-09-16 12:18:41+00:00
EVT-0004079,IF_PLMPD_SAPPP_001,PLM,SAP_ERP,Kafka,Async,Retry,NET_CONN_003,Connection reset by peer,Network,2643,SESS-6ECAB1935D,REQ-C25EED4E0148,2026-09-16 06:38:19+00:00
EVT-0004090,IF_PLMCFG_MESPC_001,PLM,MES,REST_API,REST,Success,,,,2518,SESS-497BADCBD6,REQ-09DDD4DCE25A,2026-09-12 07:23:05+00:00
EVT-0004100,IF_PLMCFG_MESPC_001,PLM,MES,REST_API,REST,Success,,,,1946,SESS-34A1C38090,REQ-661DF066F878,2026-09-15 11:15:24+00:00
EVT-0004101,IF_PLMCM_SAPPP_001,PLM,SAP_ERP,ESB,Async,Success,,,,2787,SESS-94B99B939C,REQ-48AC2A6BDC01,2026-09-15 07:47:35+00:00
EVT-0004109,IF_PLMCFG_MESPC_001,PLM,MES,REST_API,REST,Success,,,,3099,SESS-670A80C878,REQ-1C43692AEBA9,2026-09-11 23:45:25+00:00
EVT-0004113,IF_PLMPD_SAPPP_001,PLM,SAP_ERP,Kafka,Async,Success,,,,582,SESS-D371564F49,REQ-0392CDA31B15,2026-09-16 19:47:39+00:00
EVT-0004118,IF_PLMCM_SAPPP_001,PLM,SAP_ERP,ESB,Async,Success,,,,1394,SESS-489EDAA54A,REQ-04417867EB63,2026-09-10 06:53:52+00:00
EVT-0004120,IF_PLMCFG_MESPC_001,PLM,MES,REST_API,REST,Success,,,,2478,SESS-C2025D8C54,REQ-693B64FFBBB9,2026-09-15 01:11:37+00:00
EVT-0004129,IF_PLMCM_SAPPP_001,PLM,SAP_ERP,ESB,Async,Success,,,,2486,SESS-E6B574C662,REQ-2284FB6968D8,2026-09-13 07:10:43+00:00
EVT-0004130,IF_PLMPD_SAPPP_001,PLM,SAP_ERP,Kafka,Async,Success,,,,1086,SESS-72B4370A0A,REQ-53DDF00E4932,2026-09-10 14:38:31+00:00
EVT-0004140,IF_PLMPD_MESPE_001,PLM,MES,Kafka,Async,Success,,,,879,SESS-3186F228C6,REQ-3A8518184120,2026-09-12 14:37:01+00:00
EVT-0004147,IF_PLMPD_SAPPP_001,PLM,SAP_ERP,Kafka,Async,Success,,,,846,SESS-6F3E6A5EBA,REQ-69D3861D96E3,2026-09-13 23:16:16+00:00
EVT-0004153,IF_PLMPD_MESPE_001,PLM,MES,Kafka,Async,Failed,EXT_502,Downstream service returned 502,External Service,6811,SESS-C191D58DB1,REQ-1B90AEFDD234,2026-09-14 04:15:44+00:00
EVT-0004156,IF_PLMCFG_MESPC_001,PLM,MES,REST_API,REST,Success,,,,2457,SESS-6B52E69FF7,REQ-5C821AFC67D4,2026-09-13 18:25:58+00:00
EVT-0004165,IF_PLMCM_SAPPP_001,PLM,SAP_ERP,ESB,Async,Failed,VAL_400,Required business field failed validation,Validation,10279,SESS-B93E4A5041,REQ-15676B897463,2026-09-16 02:47:56+00:00
EVT-0004167,IF_PLMCM_SAPPP_001,PLM,SAP_ERP,ESB,Async,Success,,,,2768,SESS-37648B7DFC,REQ-DA01BA16F528,2026-09-16 05:56:11+00:00
EVT-0004176,IF_PLMPD_MESPE_001,PLM,MES,Kafka,Async,Success,,,,599,SESS-AD846E2228,REQ-F6418B5628C2,2026-09-16 21:05:49+00:00
EVT-0004182,IF_PLMCM_SAPPP_001,PLM,SAP_ERP,ESB,Async,Success,,,,2340,SESS-D182D1E07C,REQ-CA3B8534CE4F,2026-09-14 12:21:35+00:00
EVT-0004200,IF_PLMCFG_MESPC_001,PLM,MES,REST_API,REST,Success,,,,1940,SESS-F168C1215F,REQ-841E2A06AD70,2026-09-16 13:44:39+00:00
EVT-0004202,IF_PLMPD_MESPE_001,PLM,MES,Kafka,Async,Success,,,,743,SESS-B5AA48F8F7,REQ-C6336FF7DC41,2026-09-14 01:20:50+00:00
EVT-0004207,IF_PLMCM_SAPPP_001,PLM,SAP_ERP,ESB,Async,Success,,,,2416,SESS-1BE990347B,REQ-C339B3453E43,2026-09-13 07:48:51+00:00
EVT-0004211,IF_PLMPD_SAPPP_001,PLM,SAP_ERP,Kafka,Async,Success,,,,898,SESS-10CB4B24D6,REQ-E92DA9A29519,2026-09-10 03:06:53+00:00
EVT-0004213,IF_PLMPD_MESPE_001,PLM,MES,Kafka,Async,Success,,,,1430,SESS-FA2F814F00,REQ-9988570B55F7,2026-09-14 07:57:35+00:00
EVT-0004236,IF_PLMCM_SAPPP_001,PLM,SAP_ERP,ESB,Async,Success,,,,1851,SESS-0E375E4631,REQ-613665E26B57,2026-09-15 03:08:38+00:00
EVT-0004243,IF_PLMPD_SAPPP_001,PLM,SAP_ERP,Kafka,Async,Success,,,,884,SESS-245F420B27,REQ-D7401A809AD4,2026-09-11 03:54:59+00:00
EVT-0004256,IF_PLMCFG_MESPC_001,PLM,MES,REST_API,REST,Success,,,,2052,SESS-815A7C703F,REQ-D423E693EA18,2026-09-15 07:25:07+00:00
EVT-0004267,IF_PLMPD_SAPPP_001,PLM,SAP_ERP,Kafka,Async,Success,,,,844,SESS-0113CFCF8B,REQ-4C16DB1ED722,2026-09-16 23:57:22+00:00
EVT-0004276,IF_PLMCM_SAPPP_001,PLM,SAP_ERP,ESB,Async,Success,,,,1842,SESS-13F515C6EC,REQ-036DC0273BEF,2026-09-15 00:55:41+00:00
EVT-0004277,IF_PLMCM_SAPPP_001,PLM,SAP_ERP,ESB,Async,Success,,,,1148,SESS-F770278089,REQ-739E09C51DB4,2026-09-12 14:20:21+00:00
EVT-0004287,IF_PLMCM_SAPPP_001,PLM,SAP_ERP,ESB,Async,Success,,,,2114,SESS-2303E76545,REQ-4381D65CF0E7,2026-09-15 06:36:02+00:00
EVT-0004289,IF_PLMPD_SAPPP_001,PLM,SAP_ERP,Kafka,Async,Success,,,,1134,SESS-2FB7687E95,REQ-1E8DBB58A077,2026-09-13 01:16:31+00:00
EVT-0004290,IF_PLMPD_MESPE_001,PLM,MES,Kafka,Async,Retry,CFG_017,Interface configuration mismatch,Configuration,2587,SESS-6E8F971110,REQ-F97EF57A711C,2026-09-15 14:11:56+00:00
EVT-0004294,IF_PLMPD_MESPE_001,PLM,MES,Kafka,Async,Success,,,,973,SESS-77467256C0,REQ-EC4CA11850EF,2026-09-14 22:57:06+00:00
EVT-0004298,IF_PLMCFG_MESPC_001,PLM,MES,REST_API,REST,Success,,,,2070,SESS-F5778E5DFF,REQ-C7699CE4AD54,2026-09-13 17:25:45+00:00
EVT-0004313,IF_PLMPD_MESPE_001,PLM,MES,Kafka,Async,Retry,INFRA_008,Runtime node unavailable,Infrastructure,3065,SESS-634BD0AE42,REQ-55117E44757C,2026-09-10 18:14:51+00:00
EVT-0004314,IF_PLMPD_MESPE_001,PLM,MES,Kafka,Async,Retry,CAP_003,Downstream service is at capacity,Capacity,3042,SESS-64D4713F80,REQ-CE94572C1329,2026-09-14 06:15:51+00:00
EVT-0004317,IF_PLMPD_SAPPP_001,PLM,SAP_ERP,Kafka,Async,Success,,,,924,SESS-A86A0EFAF4,REQ-52666B6C4666,2026-09-14 07:14:24+00:00
EVT-0004319,IF_PLMPD_SAPPP_001,PLM,SAP_ERP,Kafka,Async,Success,,,,831,SESS-CFEBACA8B4,REQ-8FC77C8213E5,2026-09-14 16:05:38+00:00
EVT-0004324,IF_PLMPD_MESPE_001,PLM,MES,Kafka,Async,Retry,AUTHZ_403,Caller is not authorized,Authorization,2825,SESS-8A2CAEC76E,REQ-FC455D782358,2026-09-13 15:27:34+00:00
EVT-0004336,IF_PLMPD_SAPPP_001,PLM,SAP_ERP,Kafka,Async,Success,,,,997,SESS-98019A865F,REQ-A3FC672B79DF,2026-09-16 09:50:38+00:00
EVT-0004347,IF_PLMPD_MESPE_001,PLM,MES,Kafka,Async,Retry,EXT_502,Downstream service returned 502,External Service,1820,SESS-ADEE7880C9,REQ-A2D325962C57,2026-09-11 16:43:24+00:00
EVT-0004350,IF_PLMPD_MESPE_001,PLM,MES,Kafka,Async,Success,,,,570,SESS-395468E3C7,REQ-E56E125ADD22,2026-09-13 06:22:26+00:00
EVT-0004356,IF_PLMPD_SAPPP_001,PLM,SAP_ERP,Kafka,Async,Success,,,,915,SESS-79E85BD109,REQ-032CED0C5C24,2026-09-16 08:48:57+00:00
EVT-0004359,IF_PLMPD_MESPE_001,PLM,MES,Kafka,Async,Success,,,,827,SESS-50D963627D,REQ-4D2EA382FA1E,2026-09-14 02:47:18+00:00
EVT-0004360,IF_PLMPD_SAPPP_001,PLM,SAP_ERP,Kafka,Async,Success,,,,661,SESS-2D77392B6B,REQ-A8290A11CE16,2026-09-16 17:29:43+00:00
EVT-0004374,IF_PLMCM_SAPPP_001,PLM,SAP_ERP,ESB,Async,Success,,,,1984,SESS-EA5845B87A,REQ-7D6C652F569B,2026-09-14 22:37:06+00:00
EVT-0004379,IF_PLMCM_SAPPP_001,PLM,SAP_ERP,ESB,Async,Failed,EXT_502,Downstream service returned 502,External Service,2892,SESS-235077E8D0,REQ-8903EC78A439,2026-09-11 00:20:58+00:00
EVT-0004380,IF_PLMPD_SAPPP_001,PLM,SAP_ERP,Kafka,Async,Success,,,,691,SESS-CDF5868084,REQ-126A26AB4ECA,2026-09-12 03:38:38+00:00
EVT-0004384,IF_PLMPD_MESPE_001,PLM,MES,Kafka,Async,Retry,AUTH_401,Service credential rejected,Authentication,3000,SESS-019771187C,REQ-149896A904F3,2026-09-16 08:31:18+00:00
EVT-0004397,IF_PLMCFG_MESPC_001,PLM,MES,REST_API,REST,Failed,EXT_502,Downstream service returned 502,External Service,3061,SESS-870F1177B0,REQ-5D4A86349EEF,2026-09-11 13:01:01+00:00
EVT-0004401,IF_PLMCFG_MESPC_001,PLM,MES,REST_API,REST,Failed,DB_COMMIT_014,Transaction commit failed,Database,19756,SESS-8B60776002,REQ-9BF3D8E5F183,2026-09-13 23:23:11+00:00
EVT-0004403,IF_PLMPD_SAPPP_001,PLM,SAP_ERP,Kafka,Async,Success,,,,1236,SESS-295585CAE2,REQ-51A6BAABE46B,2026-09-10 02:03:05+00:00
EVT-0004405,IF_PLMPD_SAPPP_001,PLM,SAP_ERP,Kafka,Async,Retry,AUTHZ_403,Caller is not authorized,Authorization,1527,SESS-FA79A46F89,REQ-E3E87DD93B3D,2026-09-16 04:00:50+00:00
EVT-0004408,IF_PLMPD_MESPE_001,PLM,MES,Kafka,Async,Success,,,,706,SESS-42A12468BB,REQ-82189B23670C,2026-09-16 18:22:51+00:00
EVT-0004417,IF_PLMPD_SAPPP_001,PLM,SAP_ERP,Kafka,Async,Success,,,,928,SESS-8E9AF762A5,REQ-D50D1009CC9F,2026-09-10 04:42:24+00:00
EVT-0004432,IF_PLMCFG_MESPC_001,PLM,MES,REST_API,REST,Success,,,,2767,SESS-FCED375B3D,REQ-F14A961DC24B,2026-09-12 13:03:46+00:00
EVT-0004436,IF_PLMPD_MESPE_001,PLM,MES,Kafka,Async,Failed,VAL_400,Required business field failed validation,Validation,7472,SESS-2469F47BF1,REQ-624B30B74315,2026-09-13 04:40:45+00:00
EVT-0004442,IF_PLMCFG_MESPC_001,PLM,MES,REST_API,REST,Success,,,,3036,SESS-7175DD900F,REQ-D3F904C6E198,2026-09-15 01:41:39+00:00
EVT-0004443,IF_PLMCFG_MESPC_001,PLM,MES,REST_API,REST,Failed,EXT_502,Downstream service returned 502,External Service,12530,SESS-B4C57D0E48,REQ-55E0866BDB6F,2026-09-12 00:20:31+00:00
EVT-0004445,IF_PLMPD_MESPE_001,PLM,MES,Kafka,Async,Success,,,,1270,SESS-2F05AE23F7,REQ-795AC86B8052,2026-09-12 09:11:18+00:00
EVT-0004458,IF_PLMCFG_MESPC_001,PLM,MES,REST_API,REST,Success,,,,2559,SESS-91C59CFDEE,REQ-FC9249570E36,2026-09-14 03:10:07+00:00
EVT-0004467,IF_PLMCFG_MESPC_001,PLM,MES,REST_API,REST,Success,,,,1878,SESS-EE6F7750C1,REQ-0381F2619C09,2026-09-11 08:34:26+00:00
EVT-0004470,IF_PLMCM_SAPPP_001,PLM,SAP_ERP,ESB,Async,Success,,,,2491,SESS-B2E96797AD,REQ-726DBA46040B,2026-09-16 14:56:12+00:00
EVT-0004479,IF_PLMPD_SAPPP_001,PLM,SAP_ERP,Kafka,Async,Retry,CFG_017,Interface configuration mismatch,Configuration,1584,SESS-841DD62376,REQ-4F997295C48F,2026-09-12 17:15:27+00:00
EVT-0004486,IF_PLMPD_SAPPP_001,PLM,SAP_ERP,Kafka,Async,Success,,,,884,SESS-3A8BDAD727,REQ-A52FBE62BA6E,2026-09-14 16:52:07+00:00
EVT-0004495,IF_PLMPD_MESPE_001,PLM,MES,Kafka,Async,Success,,,,935,SESS-CC0D73C328,REQ-51370DEA288A,2026-09-14 17:18:22+00:00
EVT-0004506,IF_PLMPD_SAPPP_001,PLM,SAP_ERP,Kafka,Async,Success,,,,1082,SESS-28A11D53BF,REQ-979E0BCBB8C9,2026-09-10 17:13:03+00:00
EVT-0004507,IF_PLMCM_SAPPP_001,PLM,SAP_ERP,ESB,Async,Success,,,,2019,SESS-31500C394D,REQ-D3AD4A9378AF,2026-09-14 21:19:07+00:00
EVT-0004513,IF_PLMCFG_MESPC_001,PLM,MES,REST_API,REST,Success,,,,2633,SESS-98FD47F704,REQ-9FF9C621B5DE,2026-09-11 23:36:40+00:00
EVT-0004516,IF_PLMCM_SAPPP_001,PLM,SAP_ERP,ESB,Async,Success,,,,3152,SESS-7A3DCC5C69,REQ-4954D4EC8CB3,2026-09-15 22:19:20+00:00
EVT-0004534,IF_PLMPD_SAPPP_001,PLM,SAP_ERP,Kafka,Async,Success,,,,914,SESS-70420FEC2B,REQ-C0FC520EABA7,2026-09-12 00:59:49+00:00
EVT-0004544,IF_PLMPD_SAPPP_001,PLM,SAP_ERP,Kafka,Async,Success,,,,1081,SESS-712894B21B,REQ-0E422A143FA4,2026-09-15 15:17:08+00:00
EVT-0004556,IF_PLMPD_SAPPP_001,PLM,SAP_ERP,Kafka,Async,Success,,,,791,SESS-6DDA0CDE20,REQ-3F4E0BA44BF0,2026-09-13 16:14:42+00:00
EVT-0004560,IF_PLMPD_MESPE_001,PLM,MES,Kafka,Async,Success,,,,996,SESS-6504A38233,REQ-575D2BCAC9D9,2026-09-11 11:14:24+00:00
EVT-0004563,IF_PLMCFG_MESPC_001,PLM,MES,REST_API,REST,Success,,,,2771,SESS-9687E41A5E,REQ-ECEF348290A5,2026-09-13 23:13:28+00:00
EVT-0004564,IF_PLMCM_SAPPP_001,PLM,SAP_ERP,ESB,Async,Success,,,,2083,SESS-C4F90661DA,REQ-1E569AF062A8,2026-09-15 23:46:30+00:00
EVT-0004580,IF_PLMPD_MESPE_001,PLM,MES,Kafka,Async,Success,,,,1068,SESS-D8E9BFEE11,REQ-FE99BF1390EC,2026-09-10 06:34:48+00:00
EVT-0004581,IF_PLMCFG_MESPC_001,PLM,MES,REST_API,REST,Success,,,,2140,SESS-C8D40BE50A,REQ-C0A0C593062E,2026-09-15 16:36:44+00:00
EVT-0004593,IF_PLMCFG_MESPC_001,PLM,MES,REST_API,REST,Success,,,,1600,SESS-6BF8CBB54A,REQ-5C25DCB71D2C,2026-09-14 02:53:54+00:00
EVT-0004597,IF_PLMCFG_MESPC_001,PLM,MES,REST_API,REST,Success,,,,1995,SESS-4C75BE7C55,REQ-8403F6DC9093,2026-09-14 09:39:33+00:00
EVT-0004599,IF_PLMPD_SAPPP_001,PLM,SAP_ERP,Kafka,Async,Success,,,,845,SESS-986302118C,REQ-E560B3D54835,2026-09-12 14:21:06+00:00
EVT-0004602,IF_PLMPD_MESPE_001,PLM,MES,Kafka,Async,Success,,,,940,SESS-48F8C8123F,REQ-F3F2B1F618B8,2026-09-16 15:16:13+00:00
EVT-0004604,IF_PLMPD_SAPPP_001,PLM,SAP_ERP,Kafka,Async,Success,,,,945,SESS-4AA0BFE7AB,REQ-D4BABA93233D,2026-09-14 17:01:26+00:00
EVT-0004608,IF_PLMCFG_MESPC_001,PLM,MES,REST_API,REST,Success,,,,2684,SESS-30ABF482B4,REQ-3B26681228F6,2026-09-13 02:59:21+00:00
EVT-0004627,IF_PLMPD_MESPE_001,PLM,MES,Kafka,Async,Success,,,,638,SESS-F42FDAA1EA,REQ-45520B12A798,2026-09-16 23:19:15+00:00
EVT-0004636,IF_PLMCFG_MESPC_001,PLM,MES,REST_API,REST,Success,,,,2107,SESS-C1CB6BDC93,REQ-C868E0081F0F,2026-09-11 16:51:11+00:00
EVT-0004637,IF_PLMCFG_MESPC_001,PLM,MES,REST_API,REST,Success,,,,3349,SESS-126974A842,REQ-F209D93C6F5E,2026-09-12 10:49:26+00:00
EVT-0004638,IF_PLMCFG_MESPC_001,PLM,MES,REST_API,REST,Success,,,,2729,SESS-1B0B7710E6,REQ-B8F5F5DE8E17,2026-09-16 20:27:26+00:00
EVT-0004642,IF_PLMPD_MESPE_001,PLM,MES,Kafka,Async,Success,,,,1065,SESS-7310D3692A,REQ-61D5A821477E,2026-09-10 02:02:47+00:00
EVT-0004655,IF_PLMCFG_MESPC_001,PLM,MES,REST_API,REST,Success,,,,2995,SESS-3D5FBEFD19,REQ-ADDF101D059B,2026-09-14 07:42:54+00:00
EVT-0004660,IF_PLMCFG_MESPC_001,PLM,MES,REST_API,REST,Failed,NET_CONN_003,Connection reset by peer,Network,16984,SESS-790C9F6123,REQ-E7B550200126,2026-09-14 00:08:37+00:00
EVT-0004664,IF_PLMCFG_MESPC_001,PLM,MES,REST_API,REST,Success,,,,1975,SESS-A0CFC627BB,REQ-C6CDCCF22FA0,2026-09-14 02:20:05+00:00
EVT-0004669,IF_PLMPD_MESPE_001,PLM,MES,Kafka,Async,Success,,,,564,SESS-253D5B901A,REQ-0F39751FF4B8,2026-09-14 11:34:33+00:00
EVT-0004675,IF_PLMPD_SAPPP_001,PLM,SAP_ERP,Kafka,Async,Success,,,,584,SESS-52481F7462,REQ-29BEF5AE6A9E,2026-09-16 14:45:23+00:00
EVT-0004683,IF_PLMCFG_MESPC_001,PLM,MES,REST_API,REST,Success,,,,2393,SESS-BF72751CC8,REQ-AC95EC0690DD,2026-09-14 03:40:48+00:00
EVT-0004684,IF_PLMPD_MESPE_001,PLM,MES,Kafka,Async,Success,,,,1295,SESS-EA2C2648A0,REQ-D5DDE88AB11E,2026-09-15 02:52:44+00:00
EVT-0004685,IF_PLMCM_SAPPP_001,PLM,SAP_ERP,ESB,Async,Success,,,,1484,SESS-F81815BF71,REQ-2CCC699E4430,2026-09-13 06:49:19+00:00
EVT-0004701,IF_PLMPD_SAPPP_001,PLM,SAP_ERP,Kafka,Async,Success,,,,1159,SESS-652C111277,REQ-2B79E5E9187C,2026-09-13 17:42:13+00:00
EVT-0004704,IF_PLMPD_MESPE_001,PLM,MES,Kafka,Async,Success,,,,999,SESS-63C37474B9,REQ-C5D8EE4ED201,2026-09-10 23:18:25+00:00
EVT-0004705,IF_PLMPD_SAPPP_001,PLM,SAP_ERP,Kafka,Async,Retry,NET_CONN_003,Connection reset by peer,Network,1880,SESS-1BFBE46FD3,REQ-E225FAB3A48D,2026-09-12 16:08:05+00:00
EVT-0004735,IF_PLMPD_SAPPP_001,PLM,SAP_ERP,Kafka,Async,Success,,,,1007,SESS-FD72CEE3E8,REQ-B23FF30F5D62,2026-09-11 12:54:45+00:00
EVT-0004744,IF_PLMPD_SAPPP_001,PLM,SAP_ERP,Kafka,Async,Success,,,,521,SESS-FD98A6EC9B,REQ-12FBA719C317,2026-09-12 23:41:38+00:00
EVT-0004751,IF_PLMCM_SAPPP_001,PLM,SAP_ERP,ESB,Async,Success,,,,2260,SESS-058F2EBA4D,REQ-B2E5BB703BD1,2026-09-12 08:06:09+00:00
EVT-0004756,IF_PLMCFG_MESPC_001,PLM,MES,REST_API,REST,Success,,,,2085,SESS-3B8F28734A,REQ-97E960ACA143,2026-09-12 07:56:26+00:00
EVT-0004758,IF_PLMCFG_MESPC_001,PLM,MES,REST_API,REST,Success,,,,1110,SESS-8819355D2B,REQ-D4900C3C6E8F,2026-09-15 06:15:55+00:00
EVT-0004788,IF_PLMCFG_MESPC_001,PLM,MES,REST_API,REST,Success,,,,1757,SESS-B845FB0502,REQ-D657564F82F5,2026-09-15 07:17:33+00:00
EVT-0004794,IF_PLMCM_SAPPP_001,PLM,SAP_ERP,ESB,Async,Retry,CFG_017,Interface configuration mismatch,Configuration,8092,SESS-A7F92AC2CF,REQ-19AB33232BC0,2026-09-10 13:34:26+00:00
EVT-0004799,IF_PLMCFG_MESPC_001,PLM,MES,REST_API,REST,Success,,,,1347,SESS-10E121715F,REQ-4ACDB5D381D0,2026-09-13 11:05:15+00:00
EVT-0004800,IF_PLMCFG_MESPC_001,PLM,MES,REST_API,REST,Retry,DB_COMMIT_014,Transaction commit failed,Database,7786,SESS-A23B6D35E2,REQ-BF30DBC42588,2026-09-14 16:46:30+00:00
EVT-0004807,IF_PLMCM_SAPPP_001,PLM,SAP_ERP,ESB,Async,Failed,INFRA_008,Runtime node unavailable,Infrastructure,4115,SESS-ED9EA935F9,REQ-BFE13BC79BFA,2026-09-12 05:38:40+00:00
EVT-0004814,IF_PLMCM_SAPPP_001,PLM,SAP_ERP,ESB,Async,Failed,TIME_004,Downstream response exceeded SLA,Timeout,14401,SESS-2278192385,REQ-67A02BA04DBB,2026-09-11 07:49:21+00:00
EVT-0004823,IF_PLMCFG_MESPC_001,PLM,MES,REST_API,REST,Success,,,,1376,SESS-B12B71738C,REQ-4476A1DEFDF9,2026-09-13 08:43:34+00:00
EVT-0004832,IF_PLMCFG_MESPC_001,PLM,MES,REST_API,REST,Success,,,,1952,SESS-96DAAC6BF3,REQ-659E1561C83A,2026-09-15 06:00:05+00:00
EVT-0004841,IF_PLMPD_SAPPP_001,PLM,SAP_ERP,Kafka,Async,Success,,,,1113,SESS-F6366AB3A7,REQ-FBD1145C08BB,2026-09-10 16:13:59+00:00
EVT-0004852,IF_PLMCM_SAPPP_001,PLM,SAP_ERP,ESB,Async,Success,,,,2350,SESS-41C2B0AE2F,REQ-DCBF3F6D495B,2026-09-10 10:51:02+00:00
EVT-0004860,IF_PLMPD_MESPE_001,PLM,MES,Kafka,Async,Success,,,,671,SESS-B0D0DBD34D,REQ-270625C2652F,2026-09-16 02:50:17+00:00
EVT-0004863,IF_PLMCFG_MESPC_001,PLM,MES,REST_API,REST,Success,,,,1226,SESS-092F5780A9,REQ-11BE4FAA2C87,2026-09-11 19:06:29+00:00
EVT-0004869,IF_PLMCM_SAPPP_001,PLM,SAP_ERP,ESB,Async,Success,,,,3033,SESS-55BA55D338,REQ-D2A0B1325BB6,2026-09-14 18:20:40+00:00
EVT-0004876,IF_PLMPD_SAPPP_001,PLM,SAP_ERP,Kafka,Async,Success,,,,959,SESS-6C4461F579,REQ-FCF79AB6CA65,2026-09-11 01:49:42+00:00
EVT-0004880,IF_PLMPD_MESPE_001,PLM,MES,Kafka,Async,Success,,,,601,SESS-4BDAEDE3CD,REQ-45CDBD7A6DEB,2026-09-11 15:32:13+00:00
EVT-0004889,IF_PLMCM_SAPPP_001,PLM,SAP_ERP,ESB,Async,Retry,CAP_003,Downstream service is at capacity,Capacity,7099,SESS-25C26EE8FB,REQ-148BDCEE616D,2026-09-10 01:45:43+00:00
EVT-0004906,IF_PLMCM_SAPPP_001,PLM,SAP_ERP,ESB,Async,Success,,,,2655,SESS-D0F7004D80,REQ-DCB3B7CD465F,2026-09-14 11:34:41+00:00
EVT-0004910,IF_PLMPD_MESPE_001,PLM,MES,Kafka,Async,Success,,,,917,SESS-F4AEBAF97C,REQ-58F3AFAF84E8,2026-09-11 22:40:16+00:00
EVT-0004911,IF_PLMPD_SAPPP_001,PLM,SAP_ERP,Kafka,Async,Success,,,,539,SESS-9C5317C930,REQ-8AAD68FD3379,2026-09-11 06:43:35+00:00
EVT-0004919,IF_PLMCFG_MESPC_001,PLM,MES,REST_API,REST,Success,,,,1892,SESS-8FA110B700,REQ-CE0D51B0C321,2026-09-16 02:32:13+00:00
EVT-0004921,IF_PLMCFG_MESPC_001,PLM,MES,REST_API,REST,Success,,,,2319,SESS-DE844CA144,REQ-A4AB067CDCD2,2026-09-11 19:29:27+00:00
EVT-0004923,IF_PLMPD_MESPE_001,PLM,MES,Kafka,Async,Success,,,,496,SESS-894F586BFB,REQ-43D95EC87093,2026-09-14 11:31:23+00:00
EVT-0004925,IF_PLMPD_SAPPP_001,PLM,SAP_ERP,Kafka,Async,Success,,,,818,SESS-4AB430C5A5,REQ-EC8C63EC8BBE,2026-09-11 14:27:04+00:00
EVT-0004929,IF_PLMPD_SAPPP_001,PLM,SAP_ERP,Kafka,Async,Success,,,,673,SESS-32C9180D33,REQ-C505CAE6015E,2026-09-10 18:41:32+00:00
EVT-0004932,IF_PLMCFG_MESPC_001,PLM,MES,REST_API,REST,Success,,,,2314,SESS-12EA4F803E,REQ-DF8A9E4434D5,2026-09-11 18:05:37+00:00
EVT-0004936,IF_PLMCM_SAPPP_001,PLM,SAP_ERP,ESB,Async,Success,,,,1919,SESS-4A7D98F0C4,REQ-2072529EC97F,2026-09-12 01:49:35+00:00
EVT-0004939,IF_PLMPD_SAPPP_001,PLM,SAP_ERP,Kafka,Async,Success,,,,1336,SESS-F6CAD7EE4D,REQ-53F9F4000B12,2026-09-10 03:50:53+00:00
EVT-0004948,IF_PLMCFG_MESPC_001,PLM,MES,REST_API,REST,Success,,,,2285,SESS-5CA69C0F9A,REQ-C5662A9FF446,2026-09-16 06:41:26+00:00
EVT-0004954,IF_PLMPD_SAPPP_001,PLM,SAP_ERP,Kafka,Async,Success,,,,868,SESS-57DE7BD3F9,REQ-DBC5A2D5AF67,2026-09-14 05:24:04+00:00
EVT-0004961,IF_PLMCFG_MESPC_001,PLM,MES,REST_API,REST,Success,,,,2141,SESS-13D5769C2D,REQ-47F372006791,2026-09-16 01:36:01+00:00
EVT-0004967,IF_PLMCM_SAPPP_001,PLM,SAP_ERP,ESB,Async,Success,,,,2658,SESS-FB64CF2741,REQ-65E7D930733D,2026-09-14 23:56:21+00:00
EVT-0004975,IF_PLMPD_SAPPP_001,PLM,SAP_ERP,Kafka,Async,Success,,,,1125,SESS-0D518FB979,REQ-F57BF6AB801E,2026-09-12 07:14:52+00:00
EVT-0004977,IF_PLMPD_SAPPP_001,PLM,SAP_ERP,Kafka,Async,Success,,,,932,SESS-519CB3696A,REQ-C16983ACC49F,2026-09-12 06:58:59+00:00
EVT-0004978,IF_PLMCM_SAPPP_001,PLM,SAP_ERP,ESB,Async,Success,,,,1239,SESS-7F3DB0789F,REQ-DC7248D9E6DF,2026-09-12 03:43:57+00:00
EVT-0004994,IF_PLMCFG_MESPC_001,PLM,MES,REST_API,REST,Retry,CAP_003,Downstream service is at capacity,Capacity,8845,SESS-56D3B85039,REQ-144E97C7BCBF,2026-09-11 05:29:36+00:00
EVT-0005001,IF_PLMCFG_MESPC_001,PLM,MES,REST_API,REST,Success,,,,3186,SESS-EDE997E375,REQ-E8D8DD41A51E,2026-09-14 15:02:20+00:00
EVT-0005004,IF_PLMCFG_MESPC_001,PLM,MES,REST_API,REST,Success,,,,2134,SESS-5E0F7BA433,REQ-DD367D3D3D4C,2026-09-16 01:31:24+00:00
EVT-0005007,IF_PLMCFG_MESPC_001,PLM,MES,REST_API,REST,Success,,,,2859,SESS-FC2086963C,REQ-DEB7637C9C62,2026-09-10 21:14:22+00:00
EVT-0005010,IF_PLMPD_MESPE_001,PLM,MES,Kafka,Async,Success,,,,997,SESS-266EBA5D3A,REQ-5DC4B647909B,2026-09-16 00:04:51+00:00
EVT-0005047,IF_PLMPD_SAPPP_001,PLM,SAP_ERP,Kafka,Async,Success,,,,988,SESS-DCA2C49F95,REQ-A82579E01C4A,2026-09-13 14:21:29+00:00
EVT-0005058,IF_PLMCM_SAPPP_001,PLM,SAP_ERP,ESB,Async,Success,,,,1599,SESS-D654A28DBF,REQ-E07ADF8A247B,2026-09-12 09:22:24+00:00
EVT-0005067,IF_PLMPD_MESPE_001,PLM,MES,Kafka,Async,Retry,TIME_004,Downstream response exceeded SLA,Timeout,2798,SESS-A4693D7A56,REQ-DEB3FCCB1918,2026-09-16 06:26:11+00:00
EVT-0005071,IF_PLMCFG_MESPC_001,PLM,MES,REST_API,REST,Success,,,,2458,SESS-1562190FCE,REQ-6E8389E7F470,2026-09-16 02:17:51+00:00
EVT-0005075,IF_PLMCFG_MESPC_001,PLM,MES,REST_API,REST,Success,,,,2308,SESS-DD6E41993B,REQ-2B58884D91B1,2026-09-13 08:25:29+00:00
EVT-0005076,IF_PLMPD_MESPE_001,PLM,MES,Kafka,Async,Success,,,,1099,SESS-E555719E44,REQ-4505C5DE7495,2026-09-15 10:49:37+00:00
EVT-0005080,IF_PLMCFG_MESPC_001,PLM,MES,REST_API,REST,Success,,,,1930,SESS-95A36597EC,REQ-65FF15B4C756,2026-09-11 18:23:19+00:00
EVT-0005089,IF_PLMPD_MESPE_001,PLM,MES,Kafka,Async,Success,,,,740,SESS-2C4B959FBE,REQ-50D298603240,2026-09-13 16:30:34+00:00
EVT-0005101,IF_PLMPD_SAPPP_001,PLM,SAP_ERP,Kafka,Async,Success,,,,650,SESS-233165D188,REQ-EF4198F93DE3,2026-09-12 02:41:47+00:00
EVT-0005107,IF_PLMCM_SAPPP_001,PLM,SAP_ERP,ESB,Async,Success,,,,1681,SESS-97F0889256,REQ-21B59146612D,2026-09-11 12:31:28+00:00
EVT-0005110,IF_PLMCFG_MESPC_001,PLM,MES,REST_API,REST,Success,,,,2610,SESS-10F314D5D1,REQ-713AE12D485D,2026-09-14 13:17:46+00:00
EVT-0005114,IF_PLMCM_SAPPP_001,PLM,SAP_ERP,ESB,Async,Retry,NET_CONN_003,Connection reset by peer,Network,4891,SESS-EC49B433CB,REQ-5DAFDB1182BA,2026-09-11 01:24:51+00:00
EVT-0005116,IF_PLMPD_MESPE_001,PLM,MES,Kafka,Async,Success,,,,863,SESS-C301ACAEDE,REQ-14FEBBA895B4,2026-09-13 01:03:33+00:00
EVT-0005117,IF_PLMCM_SAPPP_001,PLM,SAP_ERP,ESB,Async,Success,,,,1828,SESS-8CC5F225B5,REQ-5EA8A5EC11DF,2026-09-15 04:21:18+00:00
EVT-0005134,IF_PLMCM_SAPPP_001,PLM,SAP_ERP,ESB,Async,Success,,,,2233,SESS-A814A8B7E6,REQ-56F1DAB2F6A7,2026-09-12 17:45:12+00:00
EVT-0005150,IF_PLMPD_MESPE_001,PLM,MES,Kafka,Async,Retry,TIME_004,Downstream response exceeded SLA,Timeout,1785,SESS-C5561510D6,REQ-D91E30F52FAB,2026-09-11 08:13:37+00:00
EVT-0005152,IF_PLMCFG_MESPC_001,PLM,MES,REST_API,REST,Retry,DB_COMMIT_014,Transaction commit failed,Database,4202,SESS-D9363DB9F7,REQ-133FA8AC8C4A,2026-09-15 06:59:50+00:00
EVT-0005153,IF_PLMPD_SAPPP_001,PLM,SAP_ERP,Kafka,Async,Success,,,,1124,SESS-3EC4C81B28,REQ-31ABE07F4A16,2026-09-16 09:01:50+00:00
EVT-0005162,IF_PLMCM_SAPPP_001,PLM,SAP_ERP,ESB,Async,Success,,,,981,SESS-AC80A6EB8D,REQ-5930541F0156,2026-09-12 04:53:08+00:00
EVT-0005177,IF_PLMCFG_MESPC_001,PLM,MES,REST_API,REST,Success,,,,1643,SESS-43A8547F5A,REQ-40ED9762BA84,2026-09-11 15:35:29+00:00
EVT-0005195,IF_PLMPD_SAPPP_001,PLM,SAP_ERP,Kafka,Async,Retry,NET_CONN_003,Connection reset by peer,Network,2360,SESS-4F1BE4D740,REQ-39EEC005A2B1,2026-09-11 06:37:28+00:00
EVT-0005199,IF_PLMCM_SAPPP_001,PLM,SAP_ERP,ESB,Async,Success,,,,2791,SESS-C9D6D5DA4C,REQ-C246B44AA344,2026-09-12 07:03:06+00:00
EVT-0005211,IF_PLMCFG_MESPC_001,PLM,MES,REST_API,REST,Success,,,,1185,SESS-0E9E208C87,REQ-25980A0ED58D,2026-09-15 05:28:35+00:00
EVT-0005213,IF_PLMPD_MESPE_001,PLM,MES,Kafka,Async,Success,,,,1029,SESS-92422951EB,REQ-634932627C2E,2026-09-16 18:54:45+00:00
EVT-0005218,IF_PLMPD_MESPE_001,PLM,MES,Kafka,Async,Success,,,,1001,SESS-FC80F8D508,REQ-F2CDF12B42E9,2026-09-11 06:28:05+00:00
EVT-0005219,IF_PLMPD_SAPPP_001,PLM,SAP_ERP,Kafka,Async,Success,,,,764,SESS-1070CC8FA3,REQ-680595291E20,2026-09-12 05:41:35+00:00
EVT-0005231,IF_PLMCM_SAPPP_001,PLM,SAP_ERP,ESB,Async,Success,,,,2426,SESS-DA41A8EEC5,REQ-ED9D479239D5,2026-09-11 07:53:35+00:00
EVT-0005239,IF_PLMCM_SAPPP_001,PLM,SAP_ERP,ESB,Async,Success,,,,1485,SESS-CC404088AB,REQ-201DE88A1ADF,2026-09-14 22:00:25+00:00
EVT-0005251,IF_PLMPD_MESPE_001,PLM,MES,Kafka,Async,Success,,,,827,SESS-B66BF23B79,REQ-E42BA14134C8,2026-09-10 20:01:06+00:00
EVT-0005254,IF_PLMPD_MESPE_001,PLM,MES,Kafka,Async,Retry,CAP_003,Downstream service is at capacity,Capacity,1665,SESS-AB1E64622E,REQ-CCD3905F0BB4,2026-09-16 12:36:38+00:00
EVT-0005257,IF_PLMPD_MESPE_001,PLM,MES,Kafka,Async,Success,,,,991,SESS-5C1FCFADA1,REQ-F1C536FFBE61,2026-09-10 11:34:57+00:00
EVT-0005260,IF_PLMPD_SAPPP_001,PLM,SAP_ERP,Kafka,Async,Success,,,,572,SESS-D54D573902,REQ-438ADE5EF81F,2026-09-14 23:16:23+00:00
EVT-0005276,IF_PLMCFG_MESPC_001,PLM,MES,REST_API,REST,Success,,,,2520,SESS-639B4C6215,REQ-299F3A40A319,2026-09-14 03:39:32+00:00
EVT-0005277,IF_PLMCFG_MESPC_001,PLM,MES,REST_API,REST,Success,,,,2749,SESS-156D423F02,REQ-C3C75C5D4972,2026-09-12 12:56:58+00:00
EVT-0005281,IF_PLMPD_MESPE_001,PLM,MES,Kafka,Async,Success,,,,692,SESS-369C4DCBA7,REQ-C7AE5DD0A2B3,2026-09-16 06:36:42+00:00
EVT-0005293,IF_PLMCFG_MESPC_001,PLM,MES,REST_API,REST,Success,,,,2246,SESS-DA9537CDC4,REQ-EB5D67C8423B,2026-09-16 00:37:01+00:00
EVT-0005308,IF_PLMCM_SAPPP_001,PLM,SAP_ERP,ESB,Async,Success,,,,2152,SESS-9A4E9014E5,REQ-DC4CCB5D0670,2026-09-16 01:09:15+00:00
EVT-0005317,IF_PLMPD_MESPE_001,PLM,MES,Kafka,Async,Success,,,,1113,SESS-50A35F2E9B,REQ-42BF871BB884,2026-09-10 21:20:19+00:00
EVT-0005325,IF_PLMCM_SAPPP_001,PLM,SAP_ERP,ESB,Async,Success,,,,1749,SESS-B44D8B71CC,REQ-8EA79BD35853,2026-09-15 05:08:23+00:00
EVT-0005333,IF_PLMCM_SAPPP_001,PLM,SAP_ERP,ESB,Async,Success,,,,1906,SESS-4E8B8BA862,REQ-17296AB8C50B,2026-09-13 12:04:58+00:00
EVT-0005340,IF_PLMPD_MESPE_001,PLM,MES,Kafka,Async,Success,,,,985,SESS-20BDF27B0C,REQ-5D10A0DE79E2,2026-09-11 08:34:22+00:00
EVT-0005353,IF_PLMCFG_MESPC_001,PLM,MES,REST_API,REST,Success,,,,2368,SESS-1D05A2ABE9,REQ-7D4A1EA598C3,2026-09-16 17:18:56+00:00
EVT-0005356,IF_PLMCM_SAPPP_001,PLM,SAP_ERP,ESB,Async,Success,,,,1914,SESS-40F00F4387,REQ-69AE93F8CA4D,2026-09-13 03:43:03+00:00
EVT-0005366,IF_PLMPD_MESPE_001,PLM,MES,Kafka,Async,Success,,,,821,SESS-C4C2A04455,REQ-1F5C816BE41C,2026-09-10 13:50:29+00:00
EVT-0005368,IF_PLMPD_SAPPP_001,PLM,SAP_ERP,Kafka,Async,Success,,,,802,SESS-63544C0645,REQ-05352C5B9554,2026-09-14 09:21:30+00:00
EVT-0005369,IF_PLMCFG_MESPC_001,PLM,MES,REST_API,REST,Success,,,,1807,SESS-C81C4FA03B,REQ-06E5B84AAB49,2026-09-10 07:05:37+00:00
EVT-0005387,IF_PLMPD_MESPE_001,PLM,MES,Kafka,Async,Success,,,,1007,SESS-3A542BB273,REQ-E555C22B8E43,2026-09-16 05:41:28+00:00
EVT-0005398,IF_PLMPD_SAPPP_001,PLM,SAP_ERP,Kafka,Async,Success,,,,1036,SESS-0BB42BA5AC,REQ-58F34B2DF3B4,2026-09-10 16:44:28+00:00
EVT-0005400,IF_PLMPD_SAPPP_001,PLM,SAP_ERP,Kafka,Async,Success,,,,1300,SESS-9119919B07,REQ-8A7C2A6E6EC4,2026-09-13 20:46:40+00:00
EVT-0005406,IF_PLMPD_SAPPP_001,PLM,SAP_ERP,Kafka,Async,Success,,,,627,SESS-42AD4BD4B5,REQ-CAC3CD1B3799,2026-09-10 16:09:54+00:00
EVT-0005418,IF_PLMCM_SAPPP_001,PLM,SAP_ERP,ESB,Async,Success,,,,2224,SESS-2B63BE7564,REQ-B10F0F41FC1A,2026-09-14 01:37:02+00:00
EVT-0005419,IF_PLMPD_MESPE_001,PLM,MES,Kafka,Async,Success,,,,724,SESS-43973104BA,REQ-23FFEC86A9D4,2026-09-10 15:10:51+00:00
EVT-0005427,IF_PLMCFG_MESPC_001,PLM,MES,REST_API,REST,Success,,,,1653,SESS-98F85A0AC6,REQ-C3D7D9FDDF59,2026-09-16 02:05:45+00:00
EVT-0005443,IF_PLMCM_SAPPP_001,PLM,SAP_ERP,ESB,Async,Retry,NET_CONN_003,Connection reset by peer,Network,4163,SESS-4C6B157A49,REQ-1DBE7651FFBE,2026-09-12 15:45:21+00:00
EVT-0005452,IF_PLMPD_SAPPP_001,PLM,SAP_ERP,Kafka,Async,Success,,,,1089,SESS-C072A0F208,REQ-B6BD789E2751,2026-09-13 09:11:59+00:00
EVT-0005455,IF_PLMPD_MESPE_001,PLM,MES,Kafka,Async,Retry,TIME_004,Downstream response exceeded SLA,Timeout,1817,SESS-62B423BC14,REQ-C231E656051C,2026-09-11 10:03:39+00:00
EVT-0005466,IF_PLMPD_MESPE_001,PLM,MES,Kafka,Async,Success,,,,1041,SESS-F93AD918A5,REQ-45B4D2F5A4CB,2026-09-10 10:42:25+00:00
EVT-0005480,IF_PLMPD_SAPPP_001,PLM,SAP_ERP,Kafka,Async,Success,,,,957,SESS-6162FA0D00,REQ-F197435D5828,2026-09-14 02:26:19+00:00
EVT-0005490,IF_PLMCM_SAPPP_001,PLM,SAP_ERP,ESB,Async,Retry,NET_CONN_003,Connection reset by peer,Network,5287,SESS-F3834BF78F,REQ-075A4CB1EC01,2026-09-16 07:01:13+00:00
EVT-0005497,IF_PLMPD_MESPE_001,PLM,MES,Kafka,Async,Retry,DB_COMMIT_014,Transaction commit failed,Database,1776,SESS-C9B19E29E4,REQ-9DBDDDC7BA33,2026-09-11 13:56:54+00:00
EVT-0005507,IF_PLMPD_MESPE_001,PLM,MES,Kafka,Async,Success,,,,644,SESS-60B945F3F1,REQ-5CFA62B8CB30,2026-09-13 12:47:35+00:00
EVT-0005518,IF_PLMCFG_MESPC_001,PLM,MES,REST_API,REST,Success,,,,2563,SESS-AD37648DD0,REQ-9E964050627F,2026-09-13 13:57:57+00:00
EVT-0005526,IF_PLMPD_MESPE_001,PLM,MES,Kafka,Async,Success,,,,517,SESS-2AC658E3E3,REQ-E325422016BD,2026-09-16 10:30:46+00:00
EVT-0005527,IF_PLMPD_MESPE_001,PLM,MES,Kafka,Async,Success,,,,1131,SESS-DBB57FEFBC,REQ-FFE4BDDAB3E2,2026-09-16 02:38:40+00:00
EVT-0005529,IF_PLMCM_SAPPP_001,PLM,SAP_ERP,ESB,Async,Success,,,,2666,SESS-56BA6454D2,REQ-5C78013AA772,2026-09-13 16:00:58+00:00
EVT-0005530,IF_PLMCFG_MESPC_001,PLM,MES,REST_API,REST,Success,,,,1929,SESS-581C0A329C,REQ-2BC14E24D0F0,2026-09-13 02:33:56+00:00
EVT-0005537,IF_PLMCFG_MESPC_001,PLM,MES,REST_API,REST,Success,,,,2603,SESS-2C16572761,REQ-9D734BDCA9B8,2026-09-11 07:56:34+00:00
EVT-0005564,IF_PLMPD_SAPPP_001,PLM,SAP_ERP,Kafka,Async,Failed,CAP_003,Downstream service is at capacity,Capacity,3933,SESS-D1E1CB507B,REQ-33CB81BFD675,2026-09-14 16:51:46+00:00
EVT-0005570,IF_PLMPD_SAPPP_001,PLM,SAP_ERP,Kafka,Async,Success,,,,944,SESS-7EC3D6319F,REQ-BC7A5061B225,2026-09-11 07:15:09+00:00
EVT-0005575,IF_PLMCFG_MESPC_001,PLM,MES,REST_API,REST,Success,,,,2501,SESS-C32C05A505,REQ-2B33BA0505C2,2026-09-10 18:17:37+00:00
EVT-0005612,IF_PLMPD_MESPE_001,PLM,MES,Kafka,Async,Success,,,,688,SESS-84595762CA,REQ-AF741F1FB851,2026-09-15 03:44:45+00:00
EVT-0005619,IF_PLMCM_SAPPP_001,PLM,SAP_ERP,ESB,Async,Success,,,,1323,SESS-43DC3804BC,REQ-E74D42089515,2026-09-11 19:31:13+00:00
EVT-0005623,IF_PLMCM_SAPPP_001,PLM,SAP_ERP,ESB,Async,Failed,INFRA_008,Runtime node unavailable,Infrastructure,7074,SESS-89D5F7C619,REQ-70C67FF7394B,2026-09-13 14:52:15+00:00
EVT-0005629,IF_PLMCM_SAPPP_001,PLM,SAP_ERP,ESB,Async,Retry,VAL_400,Required business field failed validation,Validation,7870,SESS-A4773D9D25,REQ-037CE296583B,2026-09-10 15:09:04+00:00
EVT-0005636,IF_PLMPD_MESPE_001,PLM,MES,Kafka,Async,Success,,,,863,SESS-A5E3EC0A14,REQ-7AF986B84250,2026-09-10 06:59:54+00:00
EVT-0005651,IF_PLMPD_SAPPP_001,PLM,SAP_ERP,Kafka,Async,Success,,,,874,SESS-E0BE6B2C5A,REQ-72D625E2C995,2026-09-15 13:36:36+00:00
EVT-0005655,IF_PLMCM_SAPPP_001,PLM,SAP_ERP,ESB,Async,Success,,,,1880,SESS-CA12151FBA,REQ-CD1961803DDE,2026-09-14 19:47:32+00:00
EVT-0005659,IF_PLMPD_SAPPP_001,PLM,SAP_ERP,Kafka,Async,Failed,VAL_400,Required business field failed validation,Validation,4047,SESS-190D815F11,REQ-47F39F28FFAE,2026-09-11 19:19:02+00:00
EVT-0005666,IF_PLMPD_SAPPP_001,PLM,SAP_ERP,Kafka,Async,Success,,,,743,SESS-405A50D191,REQ-824BBE482EFD,2026-09-16 05:09:44+00:00
EVT-0005671,IF_PLMCM_SAPPP_001,PLM,SAP_ERP,ESB,Async,Success,,,,2205,SESS-B170E39D11,REQ-E17BDB4C6F67,2026-09-11 07:48:38+00:00
EVT-0005679,IF_PLMCFG_MESPC_001,PLM,MES,REST_API,REST,Success,,,,2979,SESS-91EDCDE1FF,REQ-10565EF624B0,2026-09-15 15:43:29+00:00
EVT-0005683,IF_PLMCM_SAPPP_001,PLM,SAP_ERP,ESB,Async,Success,,,,2480,SESS-2B36BB499B,REQ-0817A3EB3134,2026-09-16 00:12:59+00:00
EVT-0005700,IF_PLMCM_SAPPP_001,PLM,SAP_ERP,ESB,Async,Success,,,,3494,SESS-14696EF0BA,REQ-2DF1D3DA5794,2026-09-16 15:01:01+00:00
EVT-0005707,IF_PLMCM_SAPPP_001,PLM,SAP_ERP,ESB,Async,Retry,CAP_003,Downstream service is at capacity,Capacity,7776,SESS-D04F5B3774,REQ-FC392C3F9BAD,2026-09-16 12:40:28+00:00
EVT-0005709,IF_PLMPD_SAPPP_001,PLM,SAP_ERP,Kafka,Async,Success,,,,983,SESS-10EB1A5C8A,REQ-2F52145921B0,2026-09-10 04:36:33+00:00
EVT-0005713,IF_PLMPD_SAPPP_001,PLM,SAP_ERP,Kafka,Async,Success,,,,843,SESS-DF9C232894,REQ-A833F702495E,2026-09-13 15:15:51+00:00
EVT-0005717,IF_PLMPD_SAPPP_001,PLM,SAP_ERP,Kafka,Async,Retry,AUTHZ_403,Caller is not authorized,Authorization,1591,SESS-8ADE155397,REQ-E593439BB64A,2026-09-10 07:59:38+00:00
EVT-0005718,IF_PLMCFG_MESPC_001,PLM,MES,REST_API,REST,Success,,,,2625,SESS-8C63478223,REQ-260E560548B7,2026-09-11 11:50:41+00:00
EVT-0005719,IF_PLMCM_SAPPP_001,PLM,SAP_ERP,ESB,Async,Failed,CAP_003,Downstream service is at capacity,Capacity,5314,SESS-AA6E0C62DB,REQ-5D59116136E0,2026-09-13 08:28:12+00:00
EVT-0005727,IF_PLMCM_SAPPP_001,PLM,SAP_ERP,ESB,Async,Success,,,,2108,SESS-59BEAE7A94,REQ-7B2DB86F6A7E,2026-09-14 03:20:26+00:00
EVT-0005736,IF_PLMPD_MESPE_001,PLM,MES,Kafka,Async,Retry,NET_CONN_003,Connection reset by peer,Network,2653,SESS-9E57234941,REQ-CAA5DD14491F,2026-09-16 16:12:41+00:00
EVT-0005738,IF_PLMPD_SAPPP_001,PLM,SAP_ERP,Kafka,Async,Success,,,,707,SESS-EED502D53B,REQ-FA971C24B1D9,2026-09-16 13:31:27+00:00
EVT-0005739,IF_PLMPD_SAPPP_001,PLM,SAP_ERP,Kafka,Async,Success,,,,627,SESS-5953B9C873,REQ-828B5F3E5672,2026-09-10 06:11:48+00:00
EVT-0005741,IF_PLMPD_MESPE_001,PLM,MES,Kafka,Async,Success,,,,987,SESS-E14523F970,REQ-53EE7234EADC,2026-09-16 14:28:09+00:00
EVT-0005755,IF_PLMCFG_MESPC_001,PLM,MES,REST_API,REST,Success,,,,2389,SESS-6FFC2D3EA4,REQ-ABF413B53D95,2026-09-13 11:48:41+00:00
EVT-0005763,IF_PLMCM_SAPPP_001,PLM,SAP_ERP,ESB,Async,Success,,,,1903,SESS-2909D20899,REQ-51CBB3135A8D,2026-09-16 10:56:04+00:00
EVT-0005769,IF_PLMCM_SAPPP_001,PLM,SAP_ERP,ESB,Async,Success,,,,1933,SESS-7A13EF731B,REQ-BB023F05D866,2026-09-10 04:54:41+00:00
EVT-0005775,IF_PLMPD_SAPPP_001,PLM,SAP_ERP,Kafka,Async,Success,,,,1009,SESS-1A916D57F5,REQ-F6C80FBE24A5,2026-09-16 21:19:19+00:00
EVT-0005776,IF_PLMCM_SAPPP_001,PLM,SAP_ERP,ESB,Async,Retry,AUTHZ_403,Caller is not authorized,Authorization,5319,SESS-49D56A48D0,REQ-9C42E2A6B2CF,2026-09-16 05:43:38+00:00
EVT-0005778,IF_PLMPD_MESPE_001,PLM,MES,Kafka,Async,Success,,,,728,SESS-BE052EA861,REQ-8EB979BF21A4,2026-09-11 23:29:31+00:00
EVT-0005780,IF_PLMCM_SAPPP_001,PLM,SAP_ERP,ESB,Async,Success,,,,1768,SESS-3B7BF30D37,REQ-E7E91D159CFE,2026-09-12 12:59:19+00:00
EVT-0005782,IF_PLMPD_MESPE_001,PLM,MES,Kafka,Async,Success,,,,954,SESS-0ABFC4E156,REQ-7C9A7FFB8E92,2026-09-11 18:37:44+00:00
EVT-0005785,IF_PLMCM_SAPPP_001,PLM,SAP_ERP,ESB,Async,Retry,AUTHZ_403,Caller is not authorized,Authorization,7457,SESS-EA5A8C8355,REQ-C82C5E20B56A,2026-09-13 04:19:51+00:00
EVT-0005786,IF_PLMPD_SAPPP_001,PLM,SAP_ERP,Kafka,Async,Retry,INFRA_008,Runtime node unavailable,Infrastructure,2010,SESS-B026AA4839,REQ-EF216E8B9791,2026-09-16 05:30:19+00:00
EVT-0005793,IF_PLMPD_MESPE_001,PLM,MES,Kafka,Async,Success,,,,1386,SESS-687D4317AC,REQ-6F0E20BF321A,2026-09-16 03:49:02+00:00
EVT-0005800,IF_PLMPD_MESPE_001,PLM,MES,Kafka,Async,Success,,,,873,SESS-F2A93C14B2,REQ-F997107CB77C,2026-09-12 20:04:39+00:00
EVT-0005831,IF_PLMCM_SAPPP_001,PLM,SAP_ERP,ESB,Async,Success,,,,3224,SESS-A3B9804A54,REQ-5757DC3B0B57,2026-09-15 01:23:08+00:00
EVT-0005835,IF_PLMPD_SAPPP_001,PLM,SAP_ERP,Kafka,Async,Success,,,,847,SESS-D79BB6782E,REQ-6C8DF50D4DEF,2026-09-12 21:52:33+00:00
EVT-0005851,IF_PLMCFG_MESPC_001,PLM,MES,REST_API,REST,Success,,,,2163,SESS-29BEAC55C3,REQ-63533128C93F,2026-09-15 16:11:02+00:00
EVT-0005852,IF_PLMPD_SAPPP_001,PLM,SAP_ERP,Kafka,Async,Retry,CAP_003,Downstream service is at capacity,Capacity,3034,SESS-BB2CF033F2,REQ-0DD7D2AFDBF3,2026-09-14 22:31:23+00:00
EVT-0005854,IF_PLMPD_SAPPP_001,PLM,SAP_ERP,Kafka,Async,Success,,,,1002,SESS-DF7C3AAFF1,REQ-0CA84F1ECFDB,2026-09-10 21:25:25+00:00
EVT-0005865,IF_PLMPD_SAPPP_001,PLM,SAP_ERP,Kafka,Async,Success,,,,1064,SESS-E1F9FD5C05,REQ-84F62BC1AE87,2026-09-11 18:17:53+00:00
EVT-0005871,IF_PLMPD_SAPPP_001,PLM,SAP_ERP,Kafka,Async,Success,,,,815,SESS-D60BE9D398,REQ-8D12A9221503,2026-09-13 19:13:39+00:00
EVT-0005873,IF_PLMCM_SAPPP_001,PLM,SAP_ERP,ESB,Async,Success,,,,1546,SESS-3676DDBC1D,REQ-4EA5756319E7,2026-09-16 01:24:18+00:00
EVT-0005874,IF_PLMCFG_MESPC_001,PLM,MES,REST_API,REST,Success,,,,2629,SESS-F1839307CF,REQ-D401A80E431A,2026-09-10 18:16:34+00:00
EVT-0005876,IF_PLMCM_SAPPP_001,PLM,SAP_ERP,ESB,Async,Success,,,,1843,SESS-D5E0C302B8,REQ-CA8DB28C6FCF,2026-09-14 17:01:54+00:00
EVT-0005879,IF_PLMPD_MESPE_001,PLM,MES,Kafka,Async,Success,,,,1003,SESS-F4067DDA01,REQ-E72BAE3FD3A0,2026-09-10 11:20:12+00:00
EVT-0005881,IF_PLMPD_MESPE_001,PLM,MES,Kafka,Async,Success,,,,985,SESS-5FBC9A45A2,REQ-4C60BC88F527,2026-09-10 16:16:38+00:00
EVT-0005888,IF_PLMCM_SAPPP_001,PLM,SAP_ERP,ESB,Async,Success,,,,1978,SESS-A770B70EF8,REQ-A145B2654518,2026-09-16 22:36:32+00:00
EVT-0005905,IF_PLMCM_SAPPP_001,PLM,SAP_ERP,ESB,Async,Success,,,,1962,SESS-D14936E3F0,REQ-4A5C240F3FE8,2026-09-14 19:31:38+00:00
EVT-0005911,IF_PLMPD_MESPE_001,PLM,MES,Kafka,Async,Success,,,,1034,SESS-FBEF53B61C,REQ-FA8D7F95E3E7,2026-09-10 01:09:02+00:00
EVT-0005922,IF_PLMCFG_MESPC_001,PLM,MES,REST_API,REST,Retry,AUTH_401,Service credential rejected,Authentication,6729,SESS-E19DECF27C,REQ-7A0017EACC21,2026-09-13 05:31:45+00:00
EVT-0005926,IF_PLMCFG_MESPC_001,PLM,MES,REST_API,REST,Success,,,,2432,SESS-41C055EF47,REQ-6DE69D015333,2026-09-14 14:21:34+00:00
EVT-0005935,IF_PLMPD_SAPPP_001,PLM,SAP_ERP,Kafka,Async,Success,,,,708,SESS-8A0DD76BA4,REQ-46E29BE082E3,2026-09-16 11:08:47+00:00
EVT-0005940,IF_PLMPD_SAPPP_001,PLM,SAP_ERP,Kafka,Async,Success,,,,626,SESS-79266F0B3C,REQ-BB9F9C0167B1,2026-09-16 01:07:05+00:00
EVT-0005948,IF_PLMPD_SAPPP_001,PLM,SAP_ERP,Kafka,Async,Success,,,,777,SESS-C573D7BD83,REQ-9BA3D7E5F2C7,2026-09-15 05:29:34+00:00
EVT-0005952,IF_PLMPD_MESPE_001,PLM,MES,Kafka,Async,Retry,DB_COMMIT_014,Transaction commit failed,Database,2257,SESS-E50E2FEA6E,REQ-5E34555BE305,2026-09-14 00:05:41+00:00
EVT-0005958,IF_PLMCFG_MESPC_001,PLM,MES,REST_API,REST,Retry,CAP_003,Downstream service is at capacity,Capacity,7370,SESS-93D0F6BB18,REQ-A4A2AECB5552,2026-09-16 04:07:36+00:00
EVT-0005975,IF_PLMCFG_MESPC_001,PLM,MES,REST_API,REST,Success,,,,2734,SESS-06B0C25AE3,REQ-B0FFA6AC0F7D,2026-09-16 10:38:38+00:00
EVT-0005993,IF_PLMPD_SAPPP_001,PLM,SAP_ERP,Kafka,Async,Success,,,,1276,SESS-28693AD22B,REQ-ED40EFF41F8B,2026-09-12 12:54:36+00:00
EVT-0005996,IF_PLMPD_MESPE_001,PLM,MES,Kafka,Async,Success,,,,955,SESS-440778689F,REQ-1AA478CC4FC4,2026-09-12 15:17:35+00:00
