EventID,InterfaceID,SourceSystem,TargetSystem,Middleware,Pattern,Status,ErrorCode,ErrorText,RootCauseClass,Latency_ms,SessionID,RequestID,Timestamp
EVT-0000003,IF_SAPQM_ORWMS_001,SAP_ERP,ORACLE_SCM,Kafka,Async,Success,,,,1792,SESS-3266D471F3,REQ-718781968F4E,2026-09-11 04:29:57
EVT-0000004,IF_SAPQM_MESPE_001,SAP_ERP,MES,Kafka,Async,Success,,,,841,SESS-581B232159,REQ-6F3920D37E95,2026-09-10 13:32:43
EVT-0000005,IF_SAPPP_ORSC_001,SAP_ERP,ORACLE_SCM,Kafka,Async,Retry,INFRA_008,Runtime node unavailable,Infrastructure,3055,SESS-13745682FB,REQ-8C6AB3C88376,2026-09-12 20:32:29
EVT-0000007,IF_SAPPROC_ORWMS_001,SAP_ERP,ORACLE_SCM,SFTP,Batch,Success,,,,13539,SESS-241C5AF946,REQ-3D6B3F5ADB4E,2026-09-16 03:29:47
EVT-0000009,IF_SAPPP_MESPE_001,SAP_ERP,MES,Kafka,Async,Success,,,,1042,SESS-96B8E5AD57,REQ-C0784B4BB2F2,2026-09-15 02:01:35
EVT-0000015,IF_SAPFIN_HCMPAY_001,SAP_ERP,HCM,SFTP,Batch,Success,,,,15606,SESS-6A8AD72B6E,REQ-72C33074E710,2026-09-15 10:28:59
EVT-0000016,IF_SAPPROC_ORIM_001,SAP_ERP,ORACLE_SCM,REST_API,REST,Success,,,,1851,SESS-0BECB0A943,REQ-35DE3AD5187C,2026-09-15 10:50:43
EVT-0000019,IF_SAPQM_MESPE_001,SAP_ERP,MES,Kafka,Async,Retry,CFG_017,Interface configuration mismatch,Configuration,2200,SESS-22347FAA6C,REQ-9EE182CF1792,2026-09-14 11:46:19
EVT-0000021,IF_SAPPP_MESPE_001,SAP_ERP,MES,Kafka,Async,Success,,,,632,SESS-6803E7E443,REQ-FFD30E27F200,2026-09-16 10:38:55
EVT-0000022,IF_SAPPP_ORSC_001,SAP_ERP,ORACLE_SCM,Kafka,Async,Success,,,,1766,SESS-7B61E96658,REQ-222B9A13261D,2026-09-15 07:19:10
EVT-0000023,IF_SAPQM_MESPE_001,SAP_ERP,MES,Kafka,Async,Retry,CFG_017,Interface configuration mismatch,Configuration,2648,SESS-175BF3FB82,REQ-B842C46BB01B,2026-09-12 16:18:36
EVT-0000025,IF_SAPQM_MESPE_001,SAP_ERP,MES,Kafka,Async,Success,,,,951,SESS-D4E5BF1659,REQ-1FFC2AFB852B,2026-09-12 03:56:01
EVT-0000026,IF_SAPFIN_HCMPAY_001,SAP_ERP,HCM,SFTP,Batch,Success,,,,9701,SESS-365BD6986A,REQ-059645515D17,2026-09-14 03:17:02
EVT-0000027,IF_SAPPP_ORSC_001,SAP_ERP,ORACLE_SCM,Kafka,Async,Retry,AUTH_401,Service credential rejected,Authentication,4903,SESS-761C4039B2,REQ-FC1DC1D77239,2026-09-12 00:46:05
EVT-0000032,IF_SAPPROC_ORIM_001,SAP_ERP,ORACLE_SCM,REST_API,REST,Success,,,,2003,SESS-DD54FE6256,REQ-EB884429AD26,2026-09-10 09:06:23
EVT-0000034,IF_SAPQM_MESPE_001,SAP_ERP,MES,Kafka,Async,Success,,,,1150,SESS-EED52871A9,REQ-412EB38A4F70,2026-09-16 17:43:38
EVT-0000036,IF_SAPPP_ORSC_001,SAP_ERP,ORACLE_SCM,Kafka,Async,Success,,,,1229,SESS-C4368AB833,REQ-2BA8231C1797,2026-09-13 02:25:40
EVT-0000038,IF_SAPPP_ORSC_001,SAP_ERP,ORACLE_SCM,Kafka,Async,Success,,,,1745,SESS-B4B5FD01EA,REQ-254B4D5DFE70,2026-09-16 07:12:08
EVT-0000039,IF_SAPQM_MESPE_001,SAP_ERP,MES,Kafka,Async,Success,,,,910,SESS-9AC3106E23,REQ-AADA48AAE490,2026-09-13 02:50:00
EVT-0000040,IF_SAPPP_MESPE_001,SAP_ERP,MES,Kafka,Async,Success,,,,994,SESS-949E288AF5,REQ-41AF3F7EDA26,2026-09-13 08:50:26
EVT-0000041,IF_SAPPROC_ORWMS_001,SAP_ERP,ORACLE_SCM,SFTP,Batch,Retry,EXT_502,Downstream service returned 502,External Service,52424,SESS-F26B6FBE21,REQ-337CC3E19430,2026-09-15 01:40:43
EVT-0000050,IF_SAPPROC_ORWMS_001,SAP_ERP,ORACLE_SCM,SFTP,Batch,Success,,,,14647,SESS-6E5A4311EB,REQ-EB4A648753E1,2026-09-10 21:58:31
EVT-0000057,IF_SAPQM_ORWMS_001,SAP_ERP,ORACLE_SCM,Kafka,Async,Success,,,,2253,SESS-B1B7116898,REQ-C1AC5AFF197A,2026-09-16 03:28:54
EVT-0000062,IF_SAPQM_MESPE_001,SAP_ERP,MES,Kafka,Async,Success,,,,867,SESS-DD0AFDB1BB,REQ-888F93AB592E,2026-09-15 22:33:34
EVT-0000064,IF_SAPPROC_ORIM_001,SAP_ERP,ORACLE_SCM,REST_API,REST,Success,,,,1325,SESS-C1F5B4ED64,REQ-59D7CCCDD971,2026-09-14 16:50:42
EVT-0000072,IF_SAPQM_MESPE_001,SAP_ERP,MES,Kafka,Async,Success,,,,976,SESS-54348886BA,REQ-D46741980236,2026-09-14 16:35:09
EVT-0000073,IF_SAPQM_MESPE_001,SAP_ERP,MES,Kafka,Async,Success,,,,657,SESS-53AA05A7F8,REQ-F97E9E0CEC82,2026-09-12 16:10:32
EVT-0000074,IF_SAPQM_MESPE_001,SAP_ERP,MES,Kafka,Async,Failed,CFG_017,Interface configuration mismatch,Configuration,6314,SESS-E65C089F19,REQ-AAB8E2998EB6,2026-09-11 04:53:02
EVT-0000077,IF_SAPFIN_HCMPAY_001,SAP_ERP,HCM,SFTP,Batch,Success,,,,13624,SESS-2A7E034B02,REQ-575DE282E315,2026-09-12 22:35:02
EVT-0000089,IF_SAPPP_ORSC_001,SAP_ERP,ORACLE_SCM,Kafka,Async,Success,,,,1572,SESS-A9E8A728D3,REQ-29029ED1CE84,2026-09-16 19:02:10
EVT-0000091,IF_SAPPROC_ORWMS_001,SAP_ERP,ORACLE_SCM,SFTP,Batch,Success,,,,17432,SESS-110CC999E3,REQ-A4E3D4618EAD,2026-09-15 08:35:06
EVT-0000100,IF_SAPFIN_HCMPAY_001,SAP_ERP,HCM,SFTP,Batch,Success,,,,9832,SESS-ABDA845664,REQ-8EC29860F0EA,2026-09-14 06:44:18
EVT-0000105,IF_SAPPP_ORSC_001,SAP_ERP,ORACLE_SCM,Kafka,Async,Success,,,,1016,SESS-BF0203AE40,REQ-713033375C91,2026-09-12 20:57:16
EVT-0000108,IF_SAPPROC_ORIM_001,SAP_ERP,ORACLE_SCM,REST_API,REST,Retry,AUTHZ_403,Caller is not authorized,Authorization,5908,SESS-A266C5618E,REQ-90BBBE9E9F2C,2026-09-12 17:27:43
EVT-0000110,IF_SAPFIN_HCMPAY_001,SAP_ERP,HCM,SFTP,Batch,Retry,AUTH_401,Service credential rejected,Authentication,26863,SESS-B49FA3DE33,REQ-E40C226B4AF4,2026-09-14 03:41:34
EVT-0000115,IF_SAPPROC_ORWMS_001,SAP_ERP,ORACLE_SCM,SFTP,Batch,Success,,,,9611,SESS-80CE5559D9,REQ-8F9D13C90194,2026-09-15 13:45:34
EVT-0000118,IF_SAPPROC_ORWMS_001,SAP_ERP,ORACLE_SCM,SFTP,Batch,Success,,,,15320,SESS-A80B094C6A,REQ-621634CEC92B,2026-09-16 14:56:53
EVT-0000119,IF_SAPQM_ORWMS_001,SAP_ERP,ORACLE_SCM,Kafka,Async,Success,,,,940,SESS-B5A25FC2E0,REQ-D764D1EDFB26,2026-09-10 06:20:44
EVT-0000126,IF_SAPFIN_HCMPAY_001,SAP_ERP,HCM,SFTP,Batch,Success,,,,14003,SESS-54291BE9BC,REQ-E950527453BF,2026-09-14 16:18:25
EVT-0000127,IF_SAPQM_MESPE_001,SAP_ERP,MES,Kafka,Async,Failed,VAL_400,Required business field failed validation,Validation,7945,SESS-779F6B5893,REQ-FCD023F2CB86,2026-09-14 22:38:27
EVT-0000129,IF_SAPPP_ORSC_001,SAP_ERP,ORACLE_SCM,Kafka,Async,Success,,,,1505,SESS-A5B5AAA82E,REQ-09DD82F66AFE,2026-09-10 08:04:37
EVT-0000136,IF_SAPQM_MESPE_001,SAP_ERP,MES,Kafka,Async,Success,,,,871,SESS-78DBB98D14,REQ-60302A0CDC90,2026-09-16 15:42:25
EVT-0000138,IF_SAPPP_ORSC_001,SAP_ERP,ORACLE_SCM,Kafka,Async,Success,,,,1550,SESS-B5E64686C1,REQ-1D8540F9C3F3,2026-09-16 14:06:03
EVT-0000142,IF_SAPQM_ORWMS_001,SAP_ERP,ORACLE_SCM,Kafka,Async,Retry,TIME_004,Downstream response exceeded SLA,Timeout,7432,SESS-86D4DC3A9F,REQ-5988ADED80F0,2026-09-10 10:27:01
EVT-0000146,IF_SAPPP_ORSC_001,SAP_ERP,ORACLE_SCM,Kafka,Async,Success,,,,651,SESS-8523309A40,REQ-64748B9525DB,2026-09-10 22:03:26
EVT-0000147,IF_SAPPP_MESPE_001,SAP_ERP,MES,Kafka,Async,Failed,EXT_502,Downstream service returned 502,External Service,4083,SESS-7115F9A2C6,REQ-B854B0B1669E,2026-09-15 06:31:40
EVT-0000160,IF_SAPPROC_ORIM_001,SAP_ERP,ORACLE_SCM,REST_API,REST,Failed,NET_CONN_003,Connection reset by peer,Network,14600,SESS-2EF662EB34,REQ-C72AF1D9E361,2026-09-13 16:07:38
EVT-0000163,IF_SAPQM_ORWMS_001,SAP_ERP,ORACLE_SCM,Kafka,Async,Success,,,,2118,SESS-BA0CF9E71B,REQ-2ED3E7C821D1,2026-09-15 09:30:19
EVT-0000165,IF_SAPPROC_ORIM_001,SAP_ERP,ORACLE_SCM,REST_API,REST,Success,,,,1990,SESS-E9AB94FDF9,REQ-8CA2ABF96D9A,2026-09-12 00:48:32
EVT-0000177,IF_SAPPP_ORSC_001,SAP_ERP,ORACLE_SCM,Kafka,Async,Retry,EXT_502,Downstream service returned 502,External Service,4475,SESS-6F2C021A77,REQ-196326F553FB,2026-09-13 14:35:12
EVT-0000179,IF_SAPQM_ORWMS_001,SAP_ERP,ORACLE_SCM,Kafka,Async,Success,,,,1932,SESS-0618B6041E,REQ-5B88754C8CE5,2026-09-14 04:53:09
EVT-0000180,IF_SAPFIN_HCMPAY_001,SAP_ERP,HCM,SFTP,Batch,Success,,,,18373,SESS-CD938D4516,REQ-58393A52AB31,2026-09-14 12:53:47
EVT-0000181,IF_SAPFIN_HCMPAY_001,SAP_ERP,HCM,SFTP,Batch,Success,,,,18277,SESS-B8851DC6EA,REQ-EAE1E1EE6293,2026-09-16 14:40:56
EVT-0000183,IF_SAPQM_MESPE_001,SAP_ERP,MES,Kafka,Async,Success,,,,1256,SESS-D8696CC7BB,REQ-2FAA9452395A,2026-09-10 09:33:36
EVT-0000186,IF_SAPQM_MESPE_001,SAP_ERP,MES,Kafka,Async,Success,,,,491,SESS-9968E58329,REQ-E2AE5876BBCB,2026-09-12 22:32:05
EVT-0000187,IF_SAPPROC_ORIM_001,SAP_ERP,ORACLE_SCM,REST_API,REST,Success,,,,2467,SESS-802736947F,REQ-11DA91235BA2,2026-09-10 08:24:15
EVT-0000190,IF_SAPFIN_HCMPAY_001,SAP_ERP,HCM,SFTP,Batch,Success,,,,17344,SESS-D10905BADC,REQ-4737FFC61DEC,2026-09-10 02:21:18
EVT-0000192,IF_SAPQM_MESPE_001,SAP_ERP,MES,Kafka,Async,Success,,,,1260,SESS-C1AB635B57,REQ-4471840B54A2,2026-09-11 21:55:25
EVT-0000194,IF_SAPFIN_HCMPAY_001,SAP_ERP,HCM,SFTP,Batch,Success,,,,16229,SESS-5C24FB8B6F,REQ-DAD5857D74AB,2026-09-12 03:21:21
EVT-0000197,IF_SAPPP_MESPE_001,SAP_ERP,MES,Kafka,Async,Retry,EXT_502,Downstream service returned 502,External Service,3398,SESS-99F13602A6,REQ-716E04A6B67D,2026-09-11 20:48:05
EVT-0000198,IF_SAPPP_MESPE_001,SAP_ERP,MES,Kafka,Async,Success,,,,508,SESS-A0E8E22648,REQ-A1E9FD26F636,2026-09-14 01:45:51
EVT-0000204,IF_SAPFIN_HCMPAY_001,SAP_ERP,HCM,SFTP,Batch,Failed,INFRA_008,Runtime node unavailable,Infrastructure,39130,SESS-7DFA840180,REQ-BCB4D903ABCB,2026-09-13 00:42:36
EVT-0000208,IF_SAPPP_ORSC_001,SAP_ERP,ORACLE_SCM,Kafka,Async,Success,,,,1420,SESS-9FA0D08D27,REQ-D103F24E02BC,2026-09-10 12:29:39
EVT-0000209,IF_SAPPP_MESPE_001,SAP_ERP,MES,Kafka,Async,Success,,,,1129,SESS-2B6CEFE5FC,REQ-3690920F51ED,2026-09-13 12:32:53
EVT-0000216,IF_SAPPROC_ORIM_001,SAP_ERP,ORACLE_SCM,REST_API,REST,Success,,,,1077,SESS-485B3A912A,REQ-5412DB2BFDDF,2026-09-15 18:35:40
EVT-0000223,IF_SAPPROC_ORIM_001,SAP_ERP,ORACLE_SCM,REST_API,REST,Retry,CAP_003,Downstream service is at capacity,Capacity,4433,SESS-E5946FD5D7,REQ-8FB00EF871B9,2026-09-13 06:41:42
EVT-0000225,IF_SAPPP_MESPE_001,SAP_ERP,MES,Kafka,Async,Success,,,,1113,SESS-9122E4B158,REQ-6CF478200CA7,2026-09-16 23:44:14
EVT-0000227,IF_SAPQM_MESPE_001,SAP_ERP,MES,Kafka,Async,Success,,,,760,SESS-0224486A49,REQ-92C32DF43741,2026-09-10 20:43:48
EVT-0000229,IF_SAPPP_ORSC_001,SAP_ERP,ORACLE_SCM,Kafka,Async,Success,,,,256,SESS-5F4FED9255,REQ-5244BAF813B6,2026-09-11 19:27:11
EVT-0000231,IF_SAPQM_MESPE_001,SAP_ERP,MES,Kafka,Async,Success,,,,615,SESS-6C150A3AA5,REQ-4C74063B6976,2026-09-10 03:23:21
EVT-0000234,IF_SAPPROC_ORIM_001,SAP_ERP,ORACLE_SCM,REST_API,REST,Success,,,,2458,SESS-10F338513D,REQ-7F652DD09CE7,2026-09-11 14:45:26
EVT-0000240,IF_SAPPROC_ORWMS_001,SAP_ERP,ORACLE_SCM,SFTP,Batch,Success,,,,15309,SESS-39EB86F773,REQ-FD7658E2D61D,2026-09-10 07:04:09
EVT-0000241,IF_SAPPROC_ORWMS_001,SAP_ERP,ORACLE_SCM,SFTP,Batch,Retry,AUTHZ_403,Caller is not authorized,Authorization,40212,SESS-A162F9317F,REQ-FBF97E72B127,2026-09-16 10:56:44
EVT-0000246,IF_SAPQM_ORWMS_001,SAP_ERP,ORACLE_SCM,Kafka,Async,Failed,CFG_017,Interface configuration mismatch,Configuration,9307,SESS-900105F1F0,REQ-C63F51314608,2026-09-14 04:17:04
EVT-0000248,IF_SAPQM_ORWMS_001,SAP_ERP,ORACLE_SCM,Kafka,Async,Retry,CAP_003,Downstream service is at capacity,Capacity,8656,SESS-828455C64F,REQ-F918AB4C568D,2026-09-10 14:37:33
EVT-0000249,IF_SAPPROC_ORIM_001,SAP_ERP,ORACLE_SCM,REST_API,REST,Success,,,,2317,SESS-E5F72D6580,REQ-F3B3ACE3ABF6,2026-09-12 06:13:26
EVT-0000253,IF_SAPPROC_ORWMS_001,SAP_ERP,ORACLE_SCM,SFTP,Batch,Success,,,,12072,SESS-D30E23EF7E,REQ-C663702CFA47,2026-09-10 03:08:25
EVT-0000254,IF_SAPFIN_HCMPAY_001,SAP_ERP,HCM,SFTP,Batch,Success,,,,18947,SESS-24E3C5BB06,REQ-D145AA34BA6E,2026-09-16 01:02:38
EVT-0000259,IF_SAPPP_MESPE_001,SAP_ERP,MES,Kafka,Async,Success,,,,858,SESS-64D472EE81,REQ-029C7DBEDCDB,2026-09-10 06:49:09
EVT-0000270,IF_SAPPROC_ORWMS_001,SAP_ERP,ORACLE_SCM,SFTP,Batch,Success,,,,15258,SESS-DD24CDF290,REQ-836B76374945,2026-09-15 02:36:04
EVT-0000271,IF_SAPQM_ORWMS_001,SAP_ERP,ORACLE_SCM,Kafka,Async,Failed,VAL_400,Required business field failed validation,Validation,11124,SESS-7D180EB51B,REQ-72B6A4D053F1,2026-09-10 05:37:44
EVT-0000276,IF_SAPPP_ORSC_001,SAP_ERP,ORACLE_SCM,Kafka,Async,Success,,,,1289,SESS-4BD8F8488A,REQ-6BBE383DB61D,2026-09-11 13:31:02
EVT-0000280,IF_SAPQM_ORWMS_001,SAP_ERP,ORACLE_SCM,Kafka,Async,Success,,,,2889,SESS-8DFAFE9391,REQ-87DA83F5904F,2026-09-10 16:13:35
EVT-0000282,IF_SAPQM_MESPE_001,SAP_ERP,MES,Kafka,Async,Success,,,,490,SESS-59C6DC7824,REQ-F3F3DA7602B2,2026-09-15 23:35:47
EVT-0000285,IF_SAPPROC_ORIM_001,SAP_ERP,ORACLE_SCM,REST_API,REST,Success,,,,2291,SESS-DC0378161A,REQ-ED17C2C4E153,2026-09-14 10:40:39
EVT-0000287,IF_SAPPROC_ORIM_001,SAP_ERP,ORACLE_SCM,REST_API,REST,Success,,,,2212,SESS-596358C938,REQ-F99BCA7C2E07,2026-09-16 14:59:49
EVT-0000301,IF_SAPPP_ORSC_001,SAP_ERP,ORACLE_SCM,Kafka,Async,Success,,,,1418,SESS-E1240065A0,REQ-9522D55C19ED,2026-09-16 05:16:16
EVT-0000302,IF_SAPPP_MESPE_001,SAP_ERP,MES,Kafka,Async,Success,,,,1173,SESS-720CBD5B37,REQ-BF0B0B762643,2026-09-16 12:34:05
EVT-0000304,IF_SAPFIN_HCMPAY_001,SAP_ERP,HCM,SFTP,Batch,Success,,,,23106,SESS-FA7D885630,REQ-5552563CB764,2026-09-11 00:48:27
EVT-0000306,IF_SAPQM_ORWMS_001,SAP_ERP,ORACLE_SCM,Kafka,Async,Success,,,,3063,SESS-1B7A72598C,REQ-4065D28EA68C,2026-09-13 15:29:32
EVT-0000307,IF_SAPFIN_HCMPAY_001,SAP_ERP,HCM,SFTP,Batch,Retry,CAP_003,Downstream service is at capacity,Capacity,43872,SESS-79E2586969,REQ-EE7D7FD2AAA1,2026-09-13 18:09:00
EVT-0000310,IF_SAPPP_ORSC_001,SAP_ERP,ORACLE_SCM,Kafka,Async,Retry,CAP_003,Downstream service is at capacity,Capacity,2220,SESS-36762A65A4,REQ-A10A6EBDA40B,2026-09-15 09:41:48
EVT-0000312,IF_SAPFIN_HCMPAY_001,SAP_ERP,HCM,SFTP,Batch,Success,,,,13483,SESS-3C5D2183D4,REQ-4F31F0DBB8EC,2026-09-13 10:58:02
EVT-0000318,IF_SAPFIN_HCMPAY_001,SAP_ERP,HCM,SFTP,Batch,Success,,,,11576,SESS-21CA463648,REQ-208FC150BAD5,2026-09-11 21:59:46
EVT-0000319,IF_SAPPP_ORSC_001,SAP_ERP,ORACLE_SCM,Kafka,Async,Success,,,,608,SESS-86FEAEF153,REQ-80846E712EDF,2026-09-16 23:40:34
EVT-0000320,IF_SAPPROC_ORIM_001,SAP_ERP,ORACLE_SCM,REST_API,REST,Success,,,,1862,SESS-24594A0675,REQ-BB54E2133381,2026-09-16 02:05:22
EVT-0000324,IF_SAPPROC_ORWMS_001,SAP_ERP,ORACLE_SCM,SFTP,Batch,Retry,TIME_004,Downstream response exceeded SLA,Timeout,51680,SESS-3111EABA15,REQ-036C179FDCCE,2026-09-12 14:27:07
EVT-0000328,IF_SAPPP_ORSC_001,SAP_ERP,ORACLE_SCM,Kafka,Async,Success,,,,1518,SESS-E5AC5B9335,REQ-CDECB64879B5,2026-09-10 21:45:27
EVT-0000333,IF_SAPPROC_ORWMS_001,SAP_ERP,ORACLE_SCM,SFTP,Batch,Success,,,,13823,SESS-E889734621,REQ-643A05B3F93B,2026-09-11 10:43:27
EVT-0000338,IF_SAPPP_ORSC_001,SAP_ERP,ORACLE_SCM,Kafka,Async,Success,,,,906,SESS-C6FAA8AF71,REQ-A0D70290C883,2026-09-16 17:59:05
EVT-0000341,IF_SAPQM_ORWMS_001,SAP_ERP,ORACLE_SCM,Kafka,Async,Success,,,,3250,SESS-8EEB46FF8F,REQ-1E843B021EFB,2026-09-14 07:01:44
EVT-0000351,IF_SAPPP_MESPE_001,SAP_ERP,MES,Kafka,Async,Success,,,,997,SESS-D54858FA6D,REQ-A406075691E9,2026-09-14 08:28:46
EVT-0000352,IF_SAPPP_MESPE_001,SAP_ERP,MES,Kafka,Async,Retry,AUTHZ_403,Caller is not authorized,Authorization,1641,SESS-D1E72D99B5,REQ-223139367B31,2026-09-16 14:12:10
EVT-0000354,IF_SAPPROC_ORIM_001,SAP_ERP,ORACLE_SCM,REST_API,REST,Success,,,,2592,SESS-37A94DA5BF,REQ-D94231E60EE3,2026-09-13 18:39:34
EVT-0000355,IF_SAPQM_ORWMS_001,SAP_ERP,ORACLE_SCM,Kafka,Async,Retry,CFG_017,Interface configuration mismatch,Configuration,4320,SESS-9CEF542849,REQ-13AADCF5341D,2026-09-16 09:53:13
EVT-0000357,IF_SAPPP_ORSC_001,SAP_ERP,ORACLE_SCM,Kafka,Async,Success,,,,569,SESS-A5310D0EAC,REQ-7C2B100FDA22,2026-09-10 23:52:18
EVT-0000358,IF_SAPPP_MESPE_001,SAP_ERP,MES,Kafka,Async,Success,,,,1117,SESS-7665B6A144,REQ-57051EAF6E36,2026-09-15 16:34:10
EVT-0000360,IF_SAPFIN_HCMPAY_001,SAP_ERP,HCM,SFTP,Batch,Success,,,,13639,SESS-397965AF8A,REQ-70C71E257BEA,2026-09-13 06:04:54
EVT-0000364,IF_SAPQM_MESPE_001,SAP_ERP,MES,Kafka,Async,Retry,CFG_017,Interface configuration mismatch,Configuration,2528,SESS-7484A7BE16,REQ-FED440D03D55,2026-09-10 22:35:19
EVT-0000372,IF_SAPPROC_ORWMS_001,SAP_ERP,ORACLE_SCM,SFTP,Batch,Success,,,,15807,SESS-9541EDA946,REQ-2E63A31F6F39,2026-09-14 07:36:18
EVT-0000373,IF_SAPPP_ORSC_001,SAP_ERP,ORACLE_SCM,Kafka,Async,Success,,,,1227,SESS-A3A85ED1C0,REQ-50C46B06FD31,2026-09-15 13:55:06
EVT-0000375,IF_SAPPP_MESPE_001,SAP_ERP,MES,Kafka,Async,Success,,,,948,SESS-F5CBA4771C,REQ-F17FEBC0FFC8,2026-09-13 11:48:57
EVT-0000378,IF_SAPQM_MESPE_001,SAP_ERP,MES,Kafka,Async,Success,,,,768,SESS-741FCFDB93,REQ-B77F9AD03D06,2026-09-16 02:10:43
EVT-0000380,IF_SAPPROC_ORIM_001,SAP_ERP,ORACLE_SCM,REST_API,REST,Success,,,,2701,SESS-0996452438,REQ-CE2587DBFB01,2026-09-14 22:32:48
EVT-0000384,IF_SAPQM_ORWMS_001,SAP_ERP,ORACLE_SCM,Kafka,Async,Success,,,,3229,SESS-677F841E14,REQ-696E95E0F034,2026-09-15 03:48:15
EVT-0000391,IF_SAPPP_MESPE_001,SAP_ERP,MES,Kafka,Async,Success,,,,828,SESS-6BB9CD5CEA,REQ-B839C1B335B1,2026-09-13 05:29:40
EVT-0000397,IF_SAPQM_MESPE_001,SAP_ERP,MES,Kafka,Async,Retry,DB_COMMIT_014,Transaction commit failed,Database,3501,SESS-17B0122E8E,REQ-F9662783B855,2026-09-11 21:16:28
EVT-0000398,IF_SAPPP_ORSC_001,SAP_ERP,ORACLE_SCM,Kafka,Async,Success,,,,909,SESS-4A7332AB1A,REQ-992C786D1021,2026-09-13 16:42:38
EVT-0000400,IF_SAPFIN_HCMPAY_001,SAP_ERP,HCM,SFTP,Batch,Success,,,,13837,SESS-B886770701,REQ-D7858CF786A4,2026-09-10 20:21:54
EVT-0000401,IF_SAPFIN_HCMPAY_001,SAP_ERP,HCM,SFTP,Batch,Success,,,,7663,SESS-FB8D2B3408,REQ-4A7888A84690,2026-09-15 05:19:41
EVT-0000402,IF_SAPPROC_ORIM_001,SAP_ERP,ORACLE_SCM,REST_API,REST,Success,,,,2823,SESS-4A2B75656F,REQ-661B4B98A12D,2026-09-16 11:43:56
EVT-0000405,IF_SAPPROC_ORWMS_001,SAP_ERP,ORACLE_SCM,SFTP,Batch,Success,,,,12462,SESS-EB4F2B730C,REQ-A26B32B6BE0E,2026-09-16 19:06:09
EVT-0000409,IF_SAPQM_MESPE_001,SAP_ERP,MES,Kafka,Async,Success,,,,781,SESS-4F4E4E93B7,REQ-A60843CBC3A3,2026-09-15 21:26:10
EVT-0000423,IF_SAPPROC_ORWMS_001,SAP_ERP,ORACLE_SCM,SFTP,Batch,Success,,,,17373,SESS-AD52CDB8FE,REQ-6A5EE06DCD67,2026-09-15 20:23:51
EVT-0000426,IF_SAPPP_ORSC_001,SAP_ERP,ORACLE_SCM,Kafka,Async,Success,,,,1356,SESS-2FB25E9754,REQ-D34AA8D5C361,2026-09-12 04:02:51
EVT-0000430,IF_SAPPROC_ORIM_001,SAP_ERP,ORACLE_SCM,REST_API,REST,Success,,,,1677,SESS-2DDA36EFF4,REQ-3FC1AB68833C,2026-09-13 12:05:17
EVT-0000432,IF_SAPQM_ORWMS_001,SAP_ERP,ORACLE_SCM,Kafka,Async,Success,,,,2785,SESS-294D16D9A4,REQ-64E49E5F04A7,2026-09-14 21:58:17
EVT-0000434,IF_SAPPROC_ORWMS_001,SAP_ERP,ORACLE_SCM,SFTP,Batch,Failed,CAP_003,Downstream service is at capacity,Capacity,72198,SESS-F86423E9F6,REQ-85645B3D2C26,2026-09-14 20:31:34
EVT-0000439,IF_SAPFIN_HCMPAY_001,SAP_ERP,HCM,SFTP,Batch,Success,,,,14021,SESS-599B67ED4D,REQ-BE7E2FA7E3F7,2026-09-13 06:43:53
EVT-0000441,IF_SAPPP_ORSC_001,SAP_ERP,ORACLE_SCM,Kafka,Async,Success,,,,1816,SESS-38A3C7A05F,REQ-8F29DD306AB5,2026-09-16 05:19:45
EVT-0000454,IF_SAPQM_ORWMS_001,SAP_ERP,ORACLE_SCM,Kafka,Async,Success,,,,1559,SESS-DF537160EB,REQ-4F5B6B1D35AA,2026-09-11 11:21:03
EVT-0000459,IF_SAPQM_MESPE_001,SAP_ERP,MES,Kafka,Async,Success,,,,985,SESS-3DDBA142AA,REQ-B8260400A6E5,2026-09-13 14:34:56
EVT-0000461,IF_SAPQM_MESPE_001,SAP_ERP,MES,Kafka,Async,Success,,,,727,SESS-F48AB0AB60,REQ-7BAC630D7318,2026-09-12 01:13:42
EVT-0000465,IF_SAPPROC_ORWMS_001,SAP_ERP,ORACLE_SCM,SFTP,Batch,Failed,TIME_004,Downstream response exceeded SLA,Timeout,92277,SESS-0C9EF8264C,REQ-65EF91B4658E,2026-09-16 13:02:05
EVT-0000469,IF_SAPFIN_HCMPAY_001,SAP_ERP,HCM,SFTP,Batch,Failed,VAL_400,Required business field failed validation,Validation,22512,SESS-9DAC2E3A4C,REQ-BB6228E13B0D,2026-09-13 23:32:34
EVT-0000473,IF_SAPPROC_ORWMS_001,SAP_ERP,ORACLE_SCM,SFTP,Batch,Success,,,,11151,SESS-FD80B0FF8D,REQ-E930293645EC,2026-09-16 10:28:12
EVT-0000475,IF_SAPFIN_HCMPAY_001,SAP_ERP,HCM,SFTP,Batch,Success,,,,14333,SESS-80F089E72A,REQ-E3B77054F81E,2026-09-14 09:08:52
EVT-0000476,IF_SAPFIN_HCMPAY_001,SAP_ERP,HCM,SFTP,Batch,Success,,,,9003,SESS-9351FD8D66,REQ-3646C525FC11,2026-09-15 11:08:39
EVT-0000477,IF_SAPFIN_HCMPAY_001,SAP_ERP,HCM,SFTP,Batch,Success,,,,17159,SESS-4447887EFD,REQ-E0D2609B3954,2026-09-15 02:33:16
EVT-0000484,IF_SAPQM_MESPE_001,SAP_ERP,MES,Kafka,Async,Success,,,,855,SESS-3C72CF4510,REQ-1688FC572111,2026-09-13 20:37:45
EVT-0000487,IF_SAPPROC_ORIM_001,SAP_ERP,ORACLE_SCM,REST_API,REST,Retry,VAL_400,Required business field failed validation,Validation,5300,SESS-2115F2C24D,REQ-EB3376D19289,2026-09-15 22:43:04
EVT-0000490,IF_SAPPROC_ORIM_001,SAP_ERP,ORACLE_SCM,REST_API,REST,Failed,AUTHZ_403,Caller is not authorized,Authorization,7761,SESS-6AB7012179,REQ-2F902137D1E2,2026-09-13 19:57:39
EVT-0000492,IF_SAPPP_MESPE_001,SAP_ERP,MES,Kafka,Async,Success,,,,1045,SESS-722632CC40,REQ-CC72CD3FA32A,2026-09-11 03:17:53
EVT-0000495,IF_SAPQM_MESPE_001,SAP_ERP,MES,Kafka,Async,Success,,,,897,SESS-BF8219315C,REQ-ED01335CCFEF,2026-09-15 06:56:19
EVT-0000501,IF_SAPFIN_HCMPAY_001,SAP_ERP,HCM,SFTP,Batch,Success,,,,8828,SESS-A05DCC1DB6,REQ-4C303C77B1BE,2026-09-14 01:21:58
EVT-0000503,IF_SAPPP_MESPE_001,SAP_ERP,MES,Kafka,Async,Success,,,,726,SESS-7843625F30,REQ-5C0BA5CF873E,2026-09-12 09:08:26
EVT-0000504,IF_SAPQM_MESPE_001,SAP_ERP,MES,Kafka,Async,Success,,,,885,SESS-77DC21138D,REQ-78460693D392,2026-09-10 22:17:29
EVT-0000506,IF_SAPPP_MESPE_001,SAP_ERP,MES,Kafka,Async,Success,,,,985,SESS-3CAE1337AB,REQ-BAB971661490,2026-09-15 02:47:54
EVT-0000509,IF_SAPPROC_ORWMS_001,SAP_ERP,ORACLE_SCM,SFTP,Batch,Retry,CFG_017,Interface configuration mismatch,Configuration,21063,SESS-030E5CF11E,REQ-441F6CD0ADB3,2026-09-13 23:41:14
EVT-0000512,IF_SAPPROC_ORIM_001,SAP_ERP,ORACLE_SCM,REST_API,REST,Success,,,,2209,SESS-A5FE3B3CE4,REQ-6766524BA29B,2026-09-13 04:58:09
EVT-0000519,IF_SAPQM_ORWMS_001,SAP_ERP,ORACLE_SCM,Kafka,Async,Success,,,,1971,SESS-FFD9B0A28E,REQ-738A1EA14F26,2026-09-15 10:09:05
EVT-0000523,IF_SAPPROC_ORIM_001,SAP_ERP,ORACLE_SCM,REST_API,REST,Success,,,,1716,SESS-E7DFF7D19B,REQ-D1B0C297EAB1,2026-09-10 00:04:43
EVT-0000533,IF_SAPPROC_ORIM_001,SAP_ERP,ORACLE_SCM,REST_API,REST,Retry,EXT_502,Downstream service returned 502,External Service,5075,SESS-64144C946F,REQ-43231A122AC9,2026-09-14 11:07:49
EVT-0000535,IF_SAPPP_MESPE_001,SAP_ERP,MES,Kafka,Async,Success,,,,487,SESS-EE04561347,REQ-224A065CF187,2026-09-13 00:02:08
EVT-0000536,IF_SAPFIN_HCMPAY_001,SAP_ERP,HCM,SFTP,Batch,Success,,,,11838,SESS-54A007BECF,REQ-DC3127267F82,2026-09-14 10:48:28
EVT-0000541,IF_SAPPP_ORSC_001,SAP_ERP,ORACLE_SCM,Kafka,Async,Success,,,,1087,SESS-2B05EF60F2,REQ-26409CA06C46,2026-09-12 02:40:07
EVT-0000543,IF_SAPPROC_ORWMS_001,SAP_ERP,ORACLE_SCM,SFTP,Batch,Success,,,,7084,SESS-D20738F863,REQ-27C1969520B2,2026-09-10 19:50:16
EVT-0000544,IF_SAPQM_ORWMS_001,SAP_ERP,ORACLE_SCM,Kafka,Async,Success,,,,2189,SESS-70243FC71B,REQ-3BD3DE528638,2026-09-16 13:16:33
EVT-0000546,IF_SAPPP_MESPE_001,SAP_ERP,MES,Kafka,Async,Retry,CFG_017,Interface configuration mismatch,Configuration,2959,SESS-AF7E79BCCC,REQ-0DCDBEF501EF,2026-09-15 15:42:58
EVT-0000550,IF_SAPPROC_ORWMS_001,SAP_ERP,ORACLE_SCM,SFTP,Batch,Success,,,,16706,SESS-2CD55A224A,REQ-6D559AF7F975,2026-09-12 00:15:06
EVT-0000551,IF_SAPFIN_HCMPAY_001,SAP_ERP,HCM,SFTP,Batch,Retry,DB_COMMIT_014,Transaction commit failed,Database,25272,SESS-048BDFFDA8,REQ-92C256D769CE,2026-09-11 13:16:03
EVT-0000555,IF_SAPPROC_ORWMS_001,SAP_ERP,ORACLE_SCM,SFTP,Batch,Retry,CAP_003,Downstream service is at capacity,Capacity,52188,SESS-160CCA563B,REQ-1644A6F47AB5,2026-09-10 21:27:07
EVT-0000569,IF_SAPPROC_ORWMS_001,SAP_ERP,ORACLE_SCM,SFTP,Batch,Success,,,,11591,SESS-5EF7696A8B,REQ-5F8DCB069018,2026-09-16 00:50:11
EVT-0000572,IF_SAPPP_ORSC_001,SAP_ERP,ORACLE_SCM,Kafka,Async,Retry,DB_COMMIT_014,Transaction commit failed,Database,4758,SESS-A92AB342C8,REQ-D377EA6FB305,2026-09-13 03:37:26
EVT-0000574,IF_SAPQM_ORWMS_001,SAP_ERP,ORACLE_SCM,Kafka,Async,Success,,,,2660,SESS-E267A356A1,REQ-F350467D57D7,2026-09-14 08:12:38
EVT-0000576,IF_SAPQM_MESPE_001,SAP_ERP,MES,Kafka,Async,Success,,,,890,SESS-E568236979,REQ-03394CACCA7E,2026-09-11 20:36:32
EVT-0000579,IF_SAPQM_MESPE_001,SAP_ERP,MES,Kafka,Async,Success,,,,1101,SESS-D0F598ECA1,REQ-ADEF8DAF7C20,2026-09-16 17:02:02
EVT-0000582,IF_SAPPROC_ORWMS_001,SAP_ERP,ORACLE_SCM,SFTP,Batch,Retry,CAP_003,Downstream service is at capacity,Capacity,31508,SESS-BF9F6BC4F6,REQ-43EBE92BCFFC,2026-09-15 09:24:38
EVT-0000587,IF_SAPPP_ORSC_001,SAP_ERP,ORACLE_SCM,Kafka,Async,Success,,,,1703,SESS-BA7C9B67B3,REQ-7B79557FEF53,2026-09-11 04:05:14
EVT-0000591,IF_SAPFIN_HCMPAY_001,SAP_ERP,HCM,SFTP,Batch,Success,,,,13370,SESS-EEC5DA6877,REQ-5303C1C08CFC,2026-09-14 18:48:23
EVT-0000593,IF_SAPPP_ORSC_001,SAP_ERP,ORACLE_SCM,Kafka,Async,Retry,EXT_502,Downstream service returned 502,External Service,2925,SESS-D66C379DBB,REQ-46FF9EB79264,2026-09-10 01:34:10
EVT-0000594,IF_SAPPROC_ORIM_001,SAP_ERP,ORACLE_SCM,REST_API,REST,Success,,,,1385,SESS-EACDECD2B0,REQ-B2ACAB650EF8,2026-09-11 15:42:00
EVT-0000595,IF_SAPPROC_ORWMS_001,SAP_ERP,ORACLE_SCM,SFTP,Batch,Success,,,,15798,SESS-C1761D0355,REQ-5666B3F71A1B,2026-09-11 09:39:40
EVT-0000596,IF_SAPQM_ORWMS_001,SAP_ERP,ORACLE_SCM,Kafka,Async,Failed,VAL_400,Required business field failed validation,Validation,17330,SESS-1CFCD72399,REQ-4AB35BCB2DC2,2026-09-15 02:31:37
EVT-0000597,IF_SAPPROC_ORIM_001,SAP_ERP,ORACLE_SCM,REST_API,REST,Success,,,,1371,SESS-18F5E5F929,REQ-50F432EE1F10,2026-09-15 06:57:07
EVT-0000599,IF_SAPPP_ORSC_001,SAP_ERP,ORACLE_SCM,Kafka,Async,Failed,VAL_400,Required business field failed validation,Validation,7670,SESS-C379048A25,REQ-AED7E2177E8C,2026-09-16 08:34:23
EVT-0000609,IF_SAPPP_MESPE_001,SAP_ERP,MES,Kafka,Async,Success,,,,734,SESS-902B29F6CD,REQ-1B03B12A8C72,2026-09-14 09:12:30
EVT-0000613,IF_SAPQM_ORWMS_001,SAP_ERP,ORACLE_SCM,Kafka,Async,Success,,,,2370,SESS-32086A6BFA,REQ-891FA266131C,2026-09-13 19:15:21
EVT-0000620,IF_SAPQM_MESPE_001,SAP_ERP,MES,Kafka,Async,Retry,INFRA_008,Runtime node unavailable,Infrastructure,2917,SESS-A528B37075,REQ-B45A107714E6,2026-09-10 06:38:54
EVT-0000623,IF_SAPFIN_HCMPAY_001,SAP_ERP,HCM,SFTP,Batch,Success,,,,8018,SESS-E3116FE728,REQ-30A9C655BF3B,2026-09-13 20:59:03
EVT-0000625,IF_SAPPROC_ORWMS_001,SAP_ERP,ORACLE_SCM,SFTP,Batch,Success,,,,11292,SESS-B4C59B751C,REQ-351BC8A6A015,2026-09-13 00:58:49
EVT-0000632,IF_SAPPROC_ORIM_001,SAP_ERP,ORACLE_SCM,REST_API,REST,Success,,,,1789,SESS-4C5DD1B9C8,REQ-75BDC8C726D6,2026-09-16 01:38:41
EVT-0000653,IF_SAPQM_ORWMS_001,SAP_ERP,ORACLE_SCM,Kafka,Async,Success,,,,2793,SESS-3F2827B074,REQ-724E9CB46D49,2026-09-14 11:36:33
EVT-0000662,IF_SAPQM_MESPE_001,SAP_ERP,MES,Kafka,Async,Failed,CAP_003,Downstream service is at capacity,Capacity,7679,SESS-495EA5779D,REQ-F1702F29C22E,2026-09-12 10:27:16
EVT-0000669,IF_SAPQM_ORWMS_001,SAP_ERP,ORACLE_SCM,Kafka,Async,Success,,,,2520,SESS-C81287966E,REQ-4FF0A129386B,2026-09-11 01:40:24
EVT-0000679,IF_SAPQM_ORWMS_001,SAP_ERP,ORACLE_SCM,Kafka,Async,Retry,EXT_502,Downstream service returned 502,External Service,6833,SESS-B5C6F64B8E,REQ-BC101A1637B0,2026-09-16 22:04:19
EVT-0000680,IF_SAPPROC_ORIM_001,SAP_ERP,ORACLE_SCM,REST_API,REST,Success,,,,1859,SESS-DCFDF41F6F,REQ-8B7B9D002D8A,2026-09-11 20:53:57
EVT-0000682,IF_SAPPP_ORSC_001,SAP_ERP,ORACLE_SCM,Kafka,Async,Success,,,,1153,SESS-B015B19CCA,REQ-E5AEB65E1358,2026-09-10 06:54:16
EVT-0000683,IF_SAPPROC_ORIM_001,SAP_ERP,ORACLE_SCM,REST_API,REST,Success,,,,1595,SESS-946A4660BC,REQ-70FB5FCE656A,2026-09-13 08:12:21
EVT-0000686,IF_SAPQM_ORWMS_001,SAP_ERP,ORACLE_SCM,Kafka,Async,Success,,,,1782,SESS-6D9899AE49,REQ-3A95A46B7BBD,2026-09-16 17:03:27
EVT-0000693,IF_SAPQM_ORWMS_001,SAP_ERP,ORACLE_SCM,Kafka,Async,Retry,VAL_400,Required business field failed validation,Validation,3556,SESS-347AD1A10D,REQ-8FE2C90D7D86,2026-09-12 13:13:14
EVT-0000699,IF_SAPPP_ORSC_001,SAP_ERP,ORACLE_SCM,Kafka,Async,Success,,,,1469,SESS-A67243D2B0,REQ-F4BD8A642F83,2026-09-10 03:25:57
EVT-0000702,IF_SAPPROC_ORWMS_001,SAP_ERP,ORACLE_SCM,SFTP,Batch,Success,,,,11774,SESS-9483944663,REQ-88E217BB364E,2026-09-13 19:56:58
EVT-0000705,IF_SAPFIN_HCMPAY_001,SAP_ERP,HCM,SFTP,Batch,Success,,,,14384,SESS-327C35740B,REQ-A1ED4D5CB76F,2026-09-11 03:31:37
EVT-0000711,IF_SAPPP_MESPE_001,SAP_ERP,MES,Kafka,Async,Success,,,,962,SESS-AC4EB1C95D,REQ-35AB47F09976,2026-09-15 10:30:48
EVT-0000716,IF_SAPPROC_ORWMS_001,SAP_ERP,ORACLE_SCM,SFTP,Batch,Success,,,,12504,SESS-42B5FC3718,REQ-C82A4CC5B7DC,2026-09-10 23:33:58
EVT-0000718,IF_SAPPROC_ORWMS_001,SAP_ERP,ORACLE_SCM,SFTP,Batch,Success,,,,13062,SESS-D4072DA1C7,REQ-6512BFF4F523,2026-09-16 14:20:07
EVT-0000726,IF_SAPPP_ORSC_001,SAP_ERP,ORACLE_SCM,Kafka,Async,Success,,,,2141,SESS-6794B398BF,REQ-09DA8F772B77,2026-09-13 11:30:08
EVT-0000731,IF_SAPPROC_ORWMS_001,SAP_ERP,ORACLE_SCM,SFTP,Batch,Failed,CFG_017,Interface configuration mismatch,Configuration,70330,SESS-469D0276E2,REQ-F310ACE80475,2026-09-14 22:22:41
EVT-0000732,IF_SAPFIN_HCMPAY_001,SAP_ERP,HCM,SFTP,Batch,Success,,,,14851,SESS-2666314B64,REQ-C4BBB6429134,2026-09-14 20:26:56
EVT-0000733,IF_SAPPP_ORSC_001,SAP_ERP,ORACLE_SCM,Kafka,Async,Success,,,,1248,SESS-6D71C3F0A5,REQ-BF482DB8A1A6,2026-09-13 17:42:33
EVT-0000737,IF_SAPPP_MESPE_001,SAP_ERP,MES,Kafka,Async,Retry,CAP_003,Downstream service is at capacity,Capacity,1544,SESS-808DC7DB69,REQ-F07CD4BB571C,2026-09-13 12:23:23
EVT-0000743,IF_SAPPROC_ORWMS_001,SAP_ERP,ORACLE_SCM,SFTP,Batch,Success,,,,11552,SESS-6628918396,REQ-7B120CA7E103,2026-09-13 12:46:47
EVT-0000744,IF_SAPFIN_HCMPAY_001,SAP_ERP,HCM,SFTP,Batch,Success,,,,8477,SESS-633CBCAD93,REQ-45C8ABC97E79,2026-09-13 08:47:59
EVT-0000748,IF_SAPPP_MESPE_001,SAP_ERP,MES,Kafka,Async,Failed,INFRA_008,Runtime node unavailable,Infrastructure,1004,SESS-30456B353E,REQ-2BBAF51FFA89,2026-09-10 09:52:09
EVT-0000751,IF_SAPQM_ORWMS_001,SAP_ERP,ORACLE_SCM,Kafka,Async,Success,,,,2577,SESS-544C748736,REQ-1F7688A284A5,2026-09-14 03:20:42
EVT-0000753,IF_SAPPROC_ORIM_001,SAP_ERP,ORACLE_SCM,REST_API,REST,Success,,,,2607,SESS-972D207EC6,REQ-6709B0115AA5,2026-09-11 06:58:50
EVT-0000755,IF_SAPPP_ORSC_001,SAP_ERP,ORACLE_SCM,Kafka,Async,Retry,INFRA_008,Runtime node unavailable,Infrastructure,3282,SESS-AA127763AD,REQ-FAE94E63642B,2026-09-12 08:45:00
EVT-0000757,IF_SAPQM_ORWMS_001,SAP_ERP,ORACLE_SCM,Kafka,Async,Success,,,,2443,SESS-2B49CE670A,REQ-0DF8BF44CD29,2026-09-15 01:17:33
EVT-0000761,IF_SAPPP_ORSC_001,SAP_ERP,ORACLE_SCM,Kafka,Async,Retry,INFRA_008,Runtime node unavailable,Infrastructure,3543,SESS-CA53517F58,REQ-19CD3BC82544,2026-09-12 05:53:12
EVT-0000769,IF_SAPPROC_ORIM_001,SAP_ERP,ORACLE_SCM,REST_API,REST,Success,,,,1939,SESS-6273433D4E,REQ-AC3F130D4AE0,2026-09-11 23:04:51
EVT-0000771,IF_SAPQM_ORWMS_001,SAP_ERP,ORACLE_SCM,Kafka,Async,Success,,,,3926,SESS-4FDA532897,REQ-7D18E6C2A96F,2026-09-16 07:48:16
EVT-0000775,IF_SAPPROC_ORWMS_001,SAP_ERP,ORACLE_SCM,SFTP,Batch,Success,,,,12572,SESS-C6BCAA4B27,REQ-C11FA0A55074,2026-09-12 10:10:41
EVT-0000778,IF_SAPPP_ORSC_001,SAP_ERP,ORACLE_SCM,Kafka,Async,Success,,,,1750,SESS-E8591AA154,REQ-D1EE24A80338,2026-09-10 21:12:19
EVT-0000785,IF_SAPPROC_ORIM_001,SAP_ERP,ORACLE_SCM,REST_API,REST,Failed,AUTH_401,Service credential rejected,Authentication,9999,SESS-EAB5A97AC8,REQ-11B59B8B12B5,2026-09-13 20:17:59
EVT-0000792,IF_SAPFIN_HCMPAY_001,SAP_ERP,HCM,SFTP,Batch,Success,,,,13593,SESS-142EA93F71,REQ-86AC18904331,2026-09-11 09:01:25
EVT-0000794,IF_SAPQM_ORWMS_001,SAP_ERP,ORACLE_SCM,Kafka,Async,Success,,,,1458,SESS-230F02AA19,REQ-F7F273D1D0BB,2026-09-16 02:40:35
EVT-0000795,IF_SAPFIN_HCMPAY_001,SAP_ERP,HCM,SFTP,Batch,Success,,,,22804,SESS-D24C2058CD,REQ-BD2A1CDD7726,2026-09-11 10:36:40
EVT-0000798,IF_SAPPROC_ORIM_001,SAP_ERP,ORACLE_SCM,REST_API,REST,Success,,,,2259,SESS-31C70B6A21,REQ-0D0955FE74AA,2026-09-13 06:33:25
EVT-0000799,IF_SAPPROC_ORWMS_001,SAP_ERP,ORACLE_SCM,SFTP,Batch,Success,,,,13640,SESS-BB33739973,REQ-6030C3BDA654,2026-09-12 18:06:04
EVT-0000801,IF_SAPPP_MESPE_001,SAP_ERP,MES,Kafka,Async,Success,,,,934,SESS-A1022FA0B9,REQ-E8710E5A715F,2026-09-13 07:44:45
EVT-0000804,IF_SAPPP_MESPE_001,SAP_ERP,MES,Kafka,Async,Success,,,,744,SESS-BFF2A09E4E,REQ-F87DD9986F72,2026-09-13 22:10:57
EVT-0000807,IF_SAPFIN_HCMPAY_001,SAP_ERP,HCM,SFTP,Batch,Success,,,,14257,SESS-9E7233D443,REQ-7825CA1A83EA,2026-09-14 19:01:10
EVT-0000813,IF_SAPQM_ORWMS_001,SAP_ERP,ORACLE_SCM,Kafka,Async,Success,,,,2022,SESS-A7C4C993B3,REQ-5D4734042BE5,2026-09-15 03:21:35
EVT-0000816,IF_SAPQM_MESPE_001,SAP_ERP,MES,Kafka,Async,Success,,,,1117,SESS-9B580DA340,REQ-075610580000,2026-09-10 01:29:26
EVT-0000828,IF_SAPPP_ORSC_001,SAP_ERP,ORACLE_SCM,Kafka,Async,Success,,,,1348,SESS-71AEF93943,REQ-A3B6F97963C5,2026-09-11 20:59:28
EVT-0000839,IF_SAPPP_ORSC_001,SAP_ERP,ORACLE_SCM,Kafka,Async,Success,,,,1141,SESS-13928A1628,REQ-2B4B287E2FD3,2026-09-11 07:06:33
EVT-0000841,IF_SAPQM_MESPE_001,SAP_ERP,MES,Kafka,Async,Success,,,,1119,SESS-BBC43772A3,REQ-B0D0518D3F90,2026-09-11 07:24:10
EVT-0000842,IF_SAPPROC_ORWMS_001,SAP_ERP,ORACLE_SCM,SFTP,Batch,Failed,VAL_400,Required business field failed validation,Validation,75323,SESS-B5D53FCC36,REQ-80DB025EA1F1,2026-09-15 17:31:12
EVT-0000844,IF_SAPQM_ORWMS_001,SAP_ERP,ORACLE_SCM,Kafka,Async,Retry,INFRA_008,Runtime node unavailable,Infrastructure,6194,SESS-082790B2B1,REQ-EF1E6C06BC86,2026-09-16 09:54:07
EVT-0000850,IF_SAPQM_ORWMS_001,SAP_ERP,ORACLE_SCM,Kafka,Async,Retry,CFG_017,Interface configuration mismatch,Configuration,6929,SESS-C980E9D13C,REQ-09D812367E7C,2026-09-14 12:08:58
EVT-0000853,IF_SAPPROC_ORWMS_001,SAP_ERP,ORACLE_SCM,SFTP,Batch,Failed,NET_CONN_003,Connection reset by peer,Network,20654,SESS-781E40102B,REQ-8AABD8578742,2026-09-14 21:57:22
EVT-0000856,IF_SAPPROC_ORWMS_001,SAP_ERP,ORACLE_SCM,SFTP,Batch,Success,,,,12681,SESS-423E4EF9EA,REQ-1799353F772A,2026-09-10 00:50:06
EVT-0000863,IF_SAPPP_ORSC_001,SAP_ERP,ORACLE_SCM,Kafka,Async,Success,,,,2072,SESS-BDFCA684EC,REQ-CBAB22048BD1,2026-09-15 10:34:20
EVT-0000867,IF_SAPPP_ORSC_001,SAP_ERP,ORACLE_SCM,Kafka,Async,Success,,,,1494,SESS-604A5A62A0,REQ-C05885C0F9BE,2026-09-15 23:52:56
EVT-0000869,IF_SAPQM_MESPE_001,SAP_ERP,MES,Kafka,Async,Success,,,,1127,SESS-51B86A09BC,REQ-1792CB90EAA1,2026-09-11 21:53:22
EVT-0000871,IF_SAPPROC_ORIM_001,SAP_ERP,ORACLE_SCM,REST_API,REST,Success,,,,2837,SESS-4ED89EC60A,REQ-E3916F20B36D,2026-09-16 08:22:17
EVT-0000872,IF_SAPPROC_ORWMS_001,SAP_ERP,ORACLE_SCM,SFTP,Batch,Retry,TIME_004,Downstream response exceeded SLA,Timeout,35418,SESS-D7DBD2A512,REQ-00C8DBBD4B20,2026-09-13 23:36:57
EVT-0000873,IF_SAPQM_MESPE_001,SAP_ERP,MES,Kafka,Async,Success,,,,888,SESS-547DD3DAE1,REQ-5D14FC253494,2026-09-13 01:45:33
EVT-0000879,IF_SAPQM_MESPE_001,SAP_ERP,MES,Kafka,Async,Success,,,,836,SESS-5C1A43B745,REQ-D56FC545EBB5,2026-09-13 19:13:25
EVT-0000880,IF_SAPPROC_ORWMS_001,SAP_ERP,ORACLE_SCM,SFTP,Batch,Retry,AUTHZ_403,Caller is not authorized,Authorization,51918,SESS-1D6918FCE0,REQ-B149406550DC,2026-09-14 04:18:11
EVT-0000882,IF_SAPPP_ORSC_001,SAP_ERP,ORACLE_SCM,Kafka,Async,Success,,,,1293,SESS-5B51BF81AD,REQ-BE52C19924B0,2026-09-12 22:46:28
EVT-0000891,IF_SAPFIN_HCMPAY_001,SAP_ERP,HCM,SFTP,Batch,Success,,,,13928,SESS-0319063EBE,REQ-8318B5D0F387,2026-09-12 22:10:34
EVT-0000902,IF_SAPPP_MESPE_001,SAP_ERP,MES,Kafka,Async,Success,,,,870,SESS-4532DE0554,REQ-A71BC8AB74C5,2026-09-12 06:48:26
EVT-0000904,IF_SAPPROC_ORWMS_001,SAP_ERP,ORACLE_SCM,SFTP,Batch,Success,,,,7640,SESS-8F3F1F8721,REQ-610099B58E45,2026-09-11 20:22:05
EVT-0000911,IF_SAPPROC_ORWMS_001,SAP_ERP,ORACLE_SCM,SFTP,Batch,Success,,,,9199,SESS-EF8E1CB797,REQ-25063F6C9163,2026-09-12 19:34:08
EVT-0000914,IF_SAPPROC_ORWMS_001,SAP_ERP,ORACLE_SCM,SFTP,Batch,Success,,,,12483,SESS-A5CD5427B9,REQ-074D5B5F88F7,2026-09-14 08:25:00
EVT-0000922,IF_SAPQM_ORWMS_001,SAP_ERP,ORACLE_SCM,Kafka,Async,Retry,EXT_502,Downstream service returned 502,External Service,3592,SESS-6898699E25,REQ-94BE6AB36AC2,2026-09-15 05:44:59
EVT-0000931,IF_SAPFIN_HCMPAY_001,SAP_ERP,HCM,SFTP,Batch,Retry,AUTH_401,Service credential rejected,Authentication,53674,SESS-8CDEDCC958,REQ-7B00A96EAAE3,2026-09-16 13:35:02
EVT-0000944,IF_SAPPP_MESPE_001,SAP_ERP,MES,Kafka,Async,Success,,,,789,SESS-20B15F6953,REQ-DFCD437D5482,2026-09-14 09:36:12
EVT-0000945,IF_SAPFIN_HCMPAY_001,SAP_ERP,HCM,SFTP,Batch,Success,,,,13732,SESS-D5B793B310,REQ-AF622EB6A854,2026-09-10 15:38:54
EVT-0000948,IF_SAPPP_ORSC_001,SAP_ERP,ORACLE_SCM,Kafka,Async,Retry,EXT_502,Downstream service returned 502,External Service,4213,SESS-F97A0A7D9D,REQ-51874B4A28AD,2026-09-14 17:41:47
EVT-0000950,IF_SAPPROC_ORIM_001,SAP_ERP,ORACLE_SCM,REST_API,REST,Success,,,,1215,SESS-01807D464A,REQ-75952EDB32BD,2026-09-15 23:21:36
EVT-0000955,IF_SAPPP_ORSC_001,SAP_ERP,ORACLE_SCM,Kafka,Async,Success,,,,1509,SESS-D04D1D919D,REQ-2F122EB7614B,2026-09-14 17:39:28
EVT-0000959,IF_SAPPROC_ORWMS_001,SAP_ERP,ORACLE_SCM,SFTP,Batch,Success,,,,18951,SESS-9D25AE58E4,REQ-C1CE0E6FC664,2026-09-14 19:59:03
EVT-0000960,IF_SAPQM_MESPE_001,SAP_ERP,MES,Kafka,Async,Retry,AUTHZ_403,Caller is not authorized,Authorization,3345,SESS-0C3FA349E1,REQ-E9E37F1E2D44,2026-09-12 07:26:04
EVT-0000967,IF_SAPPROC_ORWMS_001,SAP_ERP,ORACLE_SCM,SFTP,Batch,Success,,,,14196,SESS-3C6C034DBC,REQ-2923507B2276,2026-09-15 19:39:43
EVT-0000978,IF_SAPPROC_ORWMS_001,SAP_ERP,ORACLE_SCM,SFTP,Batch,Success,,,,9430,SESS-EC60172222,REQ-05E0D73F615F,2026-09-15 05:11:09
EVT-0000981,IF_SAPPROC_ORWMS_001,SAP_ERP,ORACLE_SCM,SFTP,Batch,Success,,,,10951,SESS-4AAA77C461,REQ-DD89F36937D5,2026-09-14 10:49:32
EVT-0000982,IF_SAPPROC_ORIM_001,SAP_ERP,ORACLE_SCM,REST_API,REST,Success,,,,1862,SESS-00A91B1E5E,REQ-31958C801EF6,2026-09-15 08:52:46
EVT-0000994,IF_SAPQM_MESPE_001,SAP_ERP,MES,Kafka,Async,Retry,VAL_400,Required business field failed validation,Validation,1500,SESS-D55A1F12D2,REQ-B16EE5159ACD,2026-09-12 13:23:38
EVT-0000998,IF_SAPQM_ORWMS_001,SAP_ERP,ORACLE_SCM,Kafka,Async,Retry,AUTHZ_403,Caller is not authorized,Authorization,8779,SESS-E657C5666B,REQ-DDB806C46AFF,2026-09-11 13:11:01
EVT-0001004,IF_SAPPROC_ORIM_001,SAP_ERP,ORACLE_SCM,REST_API,REST,Success,,,,2157,SESS-7D3B871611,REQ-92F9BC111F16,2026-09-12 07:47:16
EVT-0001006,IF_SAPPROC_ORIM_001,SAP_ERP,ORACLE_SCM,REST_API,REST,Success,,,,1393,SESS-BB1CEFE55E,REQ-E6D82B7A73CE,2026-09-13 10:15:42
EVT-0001007,IF_SAPPP_MESPE_001,SAP_ERP,MES,Kafka,Async,Success,,,,615,SESS-2CACC54A48,REQ-49D4F9CDB484,2026-09-10 17:15:44
EVT-0001016,IF_SAPPROC_ORWMS_001,SAP_ERP,ORACLE_SCM,SFTP,Batch,Success,,,,12090,SESS-D22E7444CE,REQ-404039D6BF40,2026-09-13 07:21:41
EVT-0001017,IF_SAPPROC_ORWMS_001,SAP_ERP,ORACLE_SCM,SFTP,Batch,Success,,,,12593,SESS-B5D5FF08F2,REQ-F144B0F1A68E,2026-09-11 23:47:15
EVT-0001020,IF_SAPPROC_ORWMS_001,SAP_ERP,ORACLE_SCM,SFTP,Batch,Success,,,,19146,SESS-AB620A0034,REQ-01700505B103,2026-09-13 10:57:37
EVT-0001021,IF_SAPQM_MESPE_001,SAP_ERP,MES,Kafka,Async,Success,,,,743,SESS-D3775E6649,REQ-A3986E29C383,2026-09-13 23:37:26
EVT-0001027,IF_SAPQM_ORWMS_001,SAP_ERP,ORACLE_SCM,Kafka,Async,Success,,,,3185,SESS-8C9CADB789,REQ-122483B354C4,2026-09-13 14:26:42
EVT-0001031,IF_SAPFIN_HCMPAY_001,SAP_ERP,HCM,SFTP,Batch,Success,,,,11104,SESS-BC282E80C3,REQ-09FBC630E1B0,2026-09-12 13:02:58
EVT-0001036,IF_SAPQM_ORWMS_001,SAP_ERP,ORACLE_SCM,Kafka,Async,Success,,,,2323,SESS-45D1D6BF9E,REQ-21F449DE6284,2026-09-13 10:14:56
EVT-0001046,IF_SAPFIN_HCMPAY_001,SAP_ERP,HCM,SFTP,Batch,Success,,,,15443,SESS-EBF50E1ECB,REQ-389D6C6F6FFD,2026-09-10 04:14:24
EVT-0001049,IF_SAPPP_ORSC_001,SAP_ERP,ORACLE_SCM,Kafka,Async,Success,,,,1236,SESS-71CFE1A0AB,REQ-8ECE974B2EF6,2026-09-11 09:06:57
EVT-0001062,IF_SAPQM_MESPE_001,SAP_ERP,MES,Kafka,Async,Success,,,,830,SESS-938C516D23,REQ-BED3A9101AC1,2026-09-12 14:38:28
EVT-0001069,IF_SAPPP_ORSC_001,SAP_ERP,ORACLE_SCM,Kafka,Async,Success,,,,1582,SESS-F7E01AE5BF,REQ-80C77D48D3C9,2026-09-13 09:05:31
EVT-0001072,IF_SAPPP_ORSC_001,SAP_ERP,ORACLE_SCM,Kafka,Async,Retry,CFG_017,Interface configuration mismatch,Configuration,4970,SESS-B982092FCA,REQ-2E1D10579F91,2026-09-14 05:47:17
EVT-0001073,IF_SAPQM_MESPE_001,SAP_ERP,MES,Kafka,Async,Success,,,,913,SESS-17B3E7436D,REQ-94A439A73435,2026-09-11 01:14:27
EVT-0001075,IF_SAPFIN_HCMPAY_001,SAP_ERP,HCM,SFTP,Batch,Retry,VAL_400,Required business field failed validation,Validation,37850,SESS-A257102D05,REQ-CA834E2740A9,2026-09-14 10:09:19
EVT-0001077,IF_SAPPP_ORSC_001,SAP_ERP,ORACLE_SCM,Kafka,Async,Success,,,,1174,SESS-003D947872,REQ-817115DFBE81,2026-09-10 08:17:15
EVT-0001081,IF_SAPPP_ORSC_001,SAP_ERP,ORACLE_SCM,Kafka,Async,Success,,,,1750,SESS-A7621FD22D,REQ-633462AE363E,2026-09-12 15:44:59
EVT-0001082,IF_SAPQM_ORWMS_001,SAP_ERP,ORACLE_SCM,Kafka,Async,Retry,VAL_400,Required business field failed validation,Validation,4851,SESS-EE6AF6BD78,REQ-D5693C670E22,2026-09-10 17:14:53
EVT-0001089,IF_SAPPROC_ORIM_001,SAP_ERP,ORACLE_SCM,REST_API,REST,Success,,,,2795,SESS-978B830B38,REQ-1B9B201AF90D,2026-09-15 20:24:06
EVT-0001097,IF_SAPPROC_ORWMS_001,SAP_ERP,ORACLE_SCM,SFTP,Batch,Success,,,,12623,SESS-821A8A44B1,REQ-982D61E3E47D,2026-09-14 13:22:02
EVT-0001100,IF_SAPPROC_ORIM_001,SAP_ERP,ORACLE_SCM,REST_API,REST,Success,,,,2403,SESS-1D2329847C,REQ-18708346E3F7,2026-09-10 08:50:52
EVT-0001109,IF_SAPPROC_ORWMS_001,SAP_ERP,ORACLE_SCM,SFTP,Batch,Success,,,,11580,SESS-CF05B9EAD3,REQ-393D2D419181,2026-09-11 08:29:22
EVT-0001111,IF_SAPPP_MESPE_001,SAP_ERP,MES,Kafka,Async,Success,,,,885,SESS-FAE60123FC,REQ-5601EB897F0C,2026-09-16 12:45:57
EVT-0001112,IF_SAPPROC_ORWMS_001,SAP_ERP,ORACLE_SCM,SFTP,Batch,Success,,,,10898,SESS-5F228671BD,REQ-02B45E3E65C9,2026-09-15 14:07:28
EVT-0001115,IF_SAPPP_MESPE_001,SAP_ERP,MES,Kafka,Async,Success,,,,517,SESS-2469386EF5,REQ-A0EAA4CFB1D5,2026-09-14 12:54:53
EVT-0001116,IF_SAPQM_ORWMS_001,SAP_ERP,ORACLE_SCM,Kafka,Async,Success,,,,2071,SESS-31EA1E38D8,REQ-6BB6BFE3E173,2026-09-13 04:02:09
EVT-0001117,IF_SAPPROC_ORWMS_001,SAP_ERP,ORACLE_SCM,SFTP,Batch,Success,,,,8806,SESS-7FE22DBA8C,REQ-B054769F782F,2026-09-11 00:23:21
EVT-0001128,IF_SAPPP_MESPE_001,SAP_ERP,MES,Kafka,Async,Retry,EXT_502,Downstream service returned 502,External Service,2195,SESS-7786EE263A,REQ-A0025C0FF8B7,2026-09-12 16:28:52
EVT-0001130,IF_SAPQM_ORWMS_001,SAP_ERP,ORACLE_SCM,Kafka,Async,Success,,,,1979,SESS-1D6A2F7E3E,REQ-05799AA2E8AE,2026-09-16 18:47:43
EVT-0001131,IF_SAPPP_ORSC_001,SAP_ERP,ORACLE_SCM,Kafka,Async,Success,,,,1413,SESS-A3394B6416,REQ-5B6B99F68B54,2026-09-13 16:58:23
EVT-0001132,IF_SAPPP_ORSC_001,SAP_ERP,ORACLE_SCM,Kafka,Async,Success,,,,1374,SESS-A7997262D2,REQ-546BD5F6D23C,2026-09-16 08:34:19
EVT-0001133,IF_SAPQM_ORWMS_001,SAP_ERP,ORACLE_SCM,Kafka,Async,Success,,,,1954,SESS-9A763513E6,REQ-6FE4109D282E,2026-09-14 15:34:06
EVT-0001154,IF_SAPQM_MESPE_001,SAP_ERP,MES,Kafka,Async,Success,,,,805,SESS-FE9226F126,REQ-85D3845A123C,2026-09-13 04:15:38
EVT-0001158,IF_SAPPROC_ORIM_001,SAP_ERP,ORACLE_SCM,REST_API,REST,Success,,,,1686,SESS-C166FEEC5E,REQ-E8CD27033164,2026-09-11 14:37:02
EVT-0001159,IF_SAPPP_MESPE_001,SAP_ERP,MES,Kafka,Async,Success,,,,773,SESS-BB8D8AAFDE,REQ-AEA921FA1395,2026-09-12 14:56:08
EVT-0001166,IF_SAPPP_MESPE_001,SAP_ERP,MES,Kafka,Async,Success,,,,1285,SESS-47BA577EFD,REQ-3C3C1AE51312,2026-09-12 03:34:44
EVT-0001167,IF_SAPPP_ORSC_001,SAP_ERP,ORACLE_SCM,Kafka,Async,Success,,,,1942,SESS-3BD0F48009,REQ-5D93CE628C78,2026-09-11 20:49:20
EVT-0001170,IF_SAPPROC_ORWMS_001,SAP_ERP,ORACLE_SCM,SFTP,Batch,Success,,,,15348,SESS-0AAAEEFE09,REQ-ADDCAB3FA559,2026-09-16 23:55:11
EVT-0001172,IF_SAPPP_ORSC_001,SAP_ERP,ORACLE_SCM,Kafka,Async,Retry,TIME_004,Downstream response exceeded SLA,Timeout,5051,SESS-36E82DFFAA,REQ-3372D0C368D0,2026-09-13 09:00:09
EVT-0001177,IF_SAPQM_ORWMS_001,SAP_ERP,ORACLE_SCM,Kafka,Async,Success,,,,3105,SESS-C384B5FEA6,REQ-1EDB9B2CC428,2026-09-11 16:36:09
EVT-0001182,IF_SAPQM_ORWMS_001,SAP_ERP,ORACLE_SCM,Kafka,Async,Success,,,,2180,SESS-8ED79C4323,REQ-F07BEC83109D,2026-09-13 23:24:57
EVT-0001187,IF_SAPPROC_ORIM_001,SAP_ERP,ORACLE_SCM,REST_API,REST,Success,,,,2009,SESS-28383BACFA,REQ-0125E6DE627B,2026-09-13 13:39:36
EVT-0001193,IF_SAPQM_ORWMS_001,SAP_ERP,ORACLE_SCM,Kafka,Async,Success,,,,2275,SESS-4B95E41EBB,REQ-A465EF887543,2026-09-12 20:50:19
EVT-0001202,IF_SAPQM_ORWMS_001,SAP_ERP,ORACLE_SCM,Kafka,Async,Success,,,,2280,SESS-0E62C5E9C8,REQ-19594D7169C9,2026-09-14 08:01:47
EVT-0001203,IF_SAPQM_MESPE_001,SAP_ERP,MES,Kafka,Async,Success,,,,1197,SESS-AF011D6469,REQ-6D6AF0571885,2026-09-12 20:42:35
EVT-0001204,IF_SAPQM_ORWMS_001,SAP_ERP,ORACLE_SCM,Kafka,Async,Success,,,,2422,SESS-43C58CD491,REQ-B78F1424B2CA,2026-09-13 01:54:38
EVT-0001214,IF_SAPPP_ORSC_001,SAP_ERP,ORACLE_SCM,Kafka,Async,Retry,AUTH_401,Service credential rejected,Authentication,4817,SESS-EC997812CF,REQ-C81DE2CB506D,2026-09-14 18:29:54
EVT-0001216,IF_SAPQM_MESPE_001,SAP_ERP,MES,Kafka,Async,Success,,,,686,SESS-97DCAB19E3,REQ-CE5DD9790D9F,2026-09-11 20:44:16
EVT-0001221,IF_SAPQM_MESPE_001,SAP_ERP,MES,Kafka,Async,Retry,CAP_003,Downstream service is at capacity,Capacity,2846,SESS-8FEA6ADF1F,REQ-412AEE17DF30,2026-09-15 18:16:11
EVT-0001226,IF_SAPPP_MESPE_001,SAP_ERP,MES,Kafka,Async,Success,,,,878,SESS-DD1EC4EA2C,REQ-EAAD6071ED62,2026-09-13 10:55:58
EVT-0001230,IF_SAPPP_MESPE_001,SAP_ERP,MES,Kafka,Async,Success,,,,671,SESS-132929F1D3,REQ-303300BBF55B,2026-09-12 18:17:06
EVT-0001234,IF_SAPPROC_ORWMS_001,SAP_ERP,ORACLE_SCM,SFTP,Batch,Success,,,,14725,SESS-ADC27CA300,REQ-9E7810547C4A,2026-09-12 05:25:51
EVT-0001235,IF_SAPQM_ORWMS_001,SAP_ERP,ORACLE_SCM,Kafka,Async,Retry,TIME_004,Downstream response exceeded SLA,Timeout,8617,SESS-0ED72CAE33,REQ-B546394BC105,2026-09-11 13:20:35
EVT-0001239,IF_SAPFIN_HCMPAY_001,SAP_ERP,HCM,SFTP,Batch,Failed,EXT_502,Downstream service returned 502,External Service,21908,SESS-7D0781F774,REQ-4B5058952B01,2026-09-13 14:55:38
EVT-0001241,IF_SAPFIN_HCMPAY_001,SAP_ERP,HCM,SFTP,Batch,Retry,EXT_502,Downstream service returned 502,External Service,46819,SESS-5EE9C3F562,REQ-99D69F334371,2026-09-14 07:28:53
EVT-0001243,IF_SAPPP_MESPE_001,SAP_ERP,MES,Kafka,Async,Success,,,,918,SESS-0C5307E800,REQ-0549E84125AE,2026-09-13 20:15:39
EVT-0001244,IF_SAPPP_MESPE_001,SAP_ERP,MES,Kafka,Async,Success,,,,669,SESS-C917B7FACC,REQ-E867C079E8AD,2026-09-13 16:02:54
EVT-0001250,IF_SAPPROC_ORIM_001,SAP_ERP,ORACLE_SCM,REST_API,REST,Success,,,,2312,SESS-BD4E30179E,REQ-233B2935B4B3,2026-09-11 10:14:07
EVT-0001253,IF_SAPQM_MESPE_001,SAP_ERP,MES,Kafka,Async,Success,,,,980,SESS-86D57A35C0,REQ-B8D00B17F808,2026-09-11 11:11:08
EVT-0001266,IF_SAPPROC_ORWMS_001,SAP_ERP,ORACLE_SCM,SFTP,Batch,Success,,,,12433,SESS-55557A978C,REQ-4B37790F2240,2026-09-12 08:15:49
EVT-0001276,IF_SAPPP_MESPE_001,SAP_ERP,MES,Kafka,Async,Success,,,,650,SESS-145A786004,REQ-6758C1749071,2026-09-13 02:57:19
EVT-0001277,IF_SAPPP_MESPE_001,SAP_ERP,MES,Kafka,Async,Success,,,,685,SESS-A42A54A887,REQ-837A97DF69CB,2026-09-10 21:14:13
EVT-0001279,IF_SAPQM_MESPE_001,SAP_ERP,MES,Kafka,Async,Success,,,,980,SESS-8A81B6A8ED,REQ-4AE9A8856841,2026-09-11 17:09:42
EVT-0001284,IF_SAPPROC_ORWMS_001,SAP_ERP,ORACLE_SCM,SFTP,Batch,Retry,EXT_502,Downstream service returned 502,External Service,51415,SESS-86989D6B0C,REQ-682AA7050C5C,2026-09-14 18:27:24
EVT-0001287,IF_SAPQM_ORWMS_001,SAP_ERP,ORACLE_SCM,Kafka,Async,Success,,,,1682,SESS-AB53B62170,REQ-723B50130E9C,2026-09-14 23:18:27
EVT-0001290,IF_SAPPROC_ORIM_001,SAP_ERP,ORACLE_SCM,REST_API,REST,Success,,,,1646,SESS-ADB76F9552,REQ-37B72C1C4C4F,2026-09-13 17:23:20
EVT-0001291,IF_SAPPROC_ORWMS_001,SAP_ERP,ORACLE_SCM,SFTP,Batch,Success,,,,15272,SESS-59F2BA8AF4,REQ-08754AFAAF2F,2026-09-15 16:18:51
EVT-0001293,IF_SAPQM_ORWMS_001,SAP_ERP,ORACLE_SCM,Kafka,Async,Success,,,,2720,SESS-9B0BD2F1DF,REQ-BA8204DAC344,2026-09-15 21:12:23
EVT-0001295,IF_SAPQM_MESPE_001,SAP_ERP,MES,Kafka,Async,Success,,,,974,SESS-CF90AA8C16,REQ-BD024600F742,2026-09-15 06:10:30
EVT-0001304,IF_SAPPROC_ORIM_001,SAP_ERP,ORACLE_SCM,REST_API,REST,Success,,,,1794,SESS-908EF4BF02,REQ-511EB71535E6,2026-09-10 12:29:54
EVT-0001307,IF_SAPQM_MESPE_001,SAP_ERP,MES,Kafka,Async,Success,,,,1062,SESS-C0C2D02385,REQ-0FD0E0EA0F77,2026-09-13 23:05:50
EVT-0001309,IF_SAPPROC_ORWMS_001,SAP_ERP,ORACLE_SCM,SFTP,Batch,Success,,,,15752,SESS-362982B4A0,REQ-4021DC356B28,2026-09-16 06:05:40
EVT-0001312,IF_SAPPROC_ORIM_001,SAP_ERP,ORACLE_SCM,REST_API,REST,Success,,,,1811,SESS-E06987E0A3,REQ-BF034481166C,2026-09-14 12:17:18
EVT-0001321,IF_SAPPP_MESPE_001,SAP_ERP,MES,Kafka,Async,Success,,,,944,SESS-7536BB2870,REQ-63B6F91702B0,2026-09-12 04:35:56
EVT-0001323,IF_SAPPP_ORSC_001,SAP_ERP,ORACLE_SCM,Kafka,Async,Success,,,,1075,SESS-99B381EE68,REQ-27877A0E0B5E,2026-09-13 23:50:33
EVT-0001325,IF_SAPPP_ORSC_001,SAP_ERP,ORACLE_SCM,Kafka,Async,Success,,,,1542,SESS-1B0783BB86,REQ-97195B82F05A,2026-09-14 14:30:53
EVT-0001326,IF_SAPPP_MESPE_001,SAP_ERP,MES,Kafka,Async,Success,,,,757,SESS-3FDD82ABEF,REQ-E6A3BF4BDA78,2026-09-15 01:18:12
EVT-0001328,IF_SAPQM_MESPE_001,SAP_ERP,MES,Kafka,Async,Success,,,,741,SESS-E374421146,REQ-6B80A7DB2661,2026-09-14 01:31:46
EVT-0001330,IF_SAPQM_MESPE_001,SAP_ERP,MES,Kafka,Async,Success,,,,731,SESS-F5CBB79D86,REQ-BFB2BB47CAB7,2026-09-13 22:07:30
EVT-0001332,IF_SAPQM_ORWMS_001,SAP_ERP,ORACLE_SCM,Kafka,Async,Success,,,,2006,SESS-ED7D415C2C,REQ-B82EF45D6582,2026-09-14 15:26:18
EVT-0001338,IF_SAPQM_ORWMS_001,SAP_ERP,ORACLE_SCM,Kafka,Async,Success,,,,1312,SESS-76C02C1675,REQ-B327E7E06D18,2026-09-14 18:31:08
EVT-0001340,IF_SAPPP_MESPE_001,SAP_ERP,MES,Kafka,Async,Success,,,,1225,SESS-9421A4ABEF,REQ-92C7787F05C9,2026-09-14 13:16:08
EVT-0001343,IF_SAPPROC_ORWMS_001,SAP_ERP,ORACLE_SCM,SFTP,Batch,Success,,,,14565,SESS-9D94143981,REQ-5BA6DB0377A7,2026-09-11 03:40:56
EVT-0001349,IF_SAPPP_MESPE_001,SAP_ERP,MES,Kafka,Async,Success,,,,639,SESS-FAC98C14A6,REQ-023EE1C321F7,2026-09-12 10:55:03
EVT-0001350,IF_SAPPROC_ORIM_001,SAP_ERP,ORACLE_SCM,REST_API,REST,Success,,,,2899,SESS-A934DBA1C2,REQ-32822D8C6E5D,2026-09-15 12:51:06
EVT-0001354,IF_SAPPP_MESPE_001,SAP_ERP,MES,Kafka,Async,Failed,AUTHZ_403,Caller is not authorized,Authorization,2046,SESS-51B67142CC,REQ-8055ED5B198B,2026-09-16 09:52:32
EVT-0001356,IF_SAPQM_MESPE_001,SAP_ERP,MES,Kafka,Async,Retry,AUTH_401,Service credential rejected,Authentication,2800,SESS-89E38B2D98,REQ-0A7C07801BC8,2026-09-11 10:53:33
EVT-0001357,IF_SAPFIN_HCMPAY_001,SAP_ERP,HCM,SFTP,Batch,Success,,,,11829,SESS-A6A227081C,REQ-B295637BB20E,2026-09-15 19:12:35
EVT-0001362,IF_SAPPROC_ORWMS_001,SAP_ERP,ORACLE_SCM,SFTP,Batch,Success,,,,12049,SESS-90263252C0,REQ-D9C42983AECB,2026-09-15 14:12:23
EVT-0001364,IF_SAPPP_MESPE_001,SAP_ERP,MES,Kafka,Async,Success,,,,710,SESS-BE95995758,REQ-C2D46EFF4468,2026-09-14 21:30:37
EVT-0001367,IF_SAPFIN_HCMPAY_001,SAP_ERP,HCM,SFTP,Batch,Success,,,,11497,SESS-B27FC3009E,REQ-CBCB938A88EF,2026-09-12 15:45:07
EVT-0001370,IF_SAPPP_MESPE_001,SAP_ERP,MES,Kafka,Async,Retry,INFRA_008,Runtime node unavailable,Infrastructure,3021,SESS-657EAB0CFB,REQ-9C7CCF125242,2026-09-14 21:45:40
EVT-0001378,IF_SAPFIN_HCMPAY_001,SAP_ERP,HCM,SFTP,Batch,Success,,,,15015,SESS-3FA9DE0251,REQ-3DB878891C1B,2026-09-16 09:21:56
EVT-0001381,IF_SAPFIN_HCMPAY_001,SAP_ERP,HCM,SFTP,Batch,Success,,,,15601,SESS-4E3B0536A9,REQ-D0B3D1F37909,2026-09-12 23:31:37
EVT-0001389,IF_SAPPP_MESPE_001,SAP_ERP,MES,Kafka,Async,Failed,TIME_004,Downstream response exceeded SLA,Timeout,5730,SESS-8CDEBFC601,REQ-A971D3B4EA67,2026-09-12 16:55:45
EVT-0001395,IF_SAPFIN_HCMPAY_001,SAP_ERP,HCM,SFTP,Batch,Success,,,,15133,SESS-D20016F876,REQ-0E6CED73B56F,2026-09-16 05:10:46
EVT-0001398,IF_SAPFIN_HCMPAY_001,SAP_ERP,HCM,SFTP,Batch,Success,,,,14067,SESS-8D7210970C,REQ-91B8997F0891,2026-09-13 13:33:01
EVT-0001399,IF_SAPQM_MESPE_001,SAP_ERP,MES,Kafka,Async,Failed,AUTH_401,Service credential rejected,Authentication,7375,SESS-EDED29288F,REQ-650112AB8AF5,2026-09-13 12:12:46
EVT-0001402,IF_SAPFIN_HCMPAY_001,SAP_ERP,HCM,SFTP,Batch,Success,,,,10957,SESS-FAC7449BAB,REQ-249F7926646B,2026-09-14 19:11:49
EVT-0001406,IF_SAPQM_MESPE_001,SAP_ERP,MES,Kafka,Async,Success,,,,639,SESS-0A3A991ABF,REQ-BF2B1AC91065,2026-09-14 04:12:43
EVT-0001408,IF_SAPPP_MESPE_001,SAP_ERP,MES,Kafka,Async,Success,,,,729,SESS-21379D18B9,REQ-BFE5721469F2,2026-09-16 14:48:36
EVT-0001411,IF_SAPPROC_ORIM_001,SAP_ERP,ORACLE_SCM,REST_API,REST,Success,,,,2791,SESS-13F11EF4E7,REQ-C3A7C8CB946D,2026-09-11 12:05:24
EVT-0001412,IF_SAPQM_ORWMS_001,SAP_ERP,ORACLE_SCM,Kafka,Async,Success,,,,2082,SESS-9973973FAC,REQ-46FCD789460F,2026-09-13 04:33:05
EVT-0001415,IF_SAPQM_MESPE_001,SAP_ERP,MES,Kafka,Async,Success,,,,1023,SESS-EB9E18D23D,REQ-F8403B5782C7,2026-09-11 22:06:13
EVT-0001420,IF_SAPFIN_HCMPAY_001,SAP_ERP,HCM,SFTP,Batch,Success,,,,13269,SESS-261DC7DBD1,REQ-AD026525C609,2026-09-16 11:47:22
EVT-0001430,IF_SAPPROC_ORWMS_001,SAP_ERP,ORACLE_SCM,SFTP,Batch,Success,,,,10843,SESS-F22DE046DB,REQ-890316FB10CC,2026-09-16 22:13:53
EVT-0001433,IF_SAPFIN_HCMPAY_001,SAP_ERP,HCM,SFTP,Batch,Success,,,,12578,SESS-039F35D4EF,REQ-A1D55B9CDEAC,2026-09-12 07:12:54
EVT-0001441,IF_SAPFIN_HCMPAY_001,SAP_ERP,HCM,SFTP,Batch,Retry,NET_CONN_003,Connection reset by peer,Network,51631,SESS-F670911DAB,REQ-47B4C00856DA,2026-09-15 09:39:59
EVT-0001443,IF_SAPPROC_ORWMS_001,SAP_ERP,ORACLE_SCM,SFTP,Batch,Success,,,,14191,SESS-7A40ED7B91,REQ-23CBC6AD3C47,2026-09-12 01:34:08
EVT-0001444,IF_SAPPP_MESPE_001,SAP_ERP,MES,Kafka,Async,Success,,,,996,SESS-AA8AF8016F,REQ-ADD2516DE9B1,2026-09-11 12:40:50
EVT-0001450,IF_SAPPROC_ORIM_001,SAP_ERP,ORACLE_SCM,REST_API,REST,Retry,TIME_004,Downstream response exceeded SLA,Timeout,6935,SESS-661395BC74,REQ-9C5662E5B018,2026-09-14 07:29:51
EVT-0001451,IF_SAPQM_MESPE_001,SAP_ERP,MES,Kafka,Async,Retry,EXT_502,Downstream service returned 502,External Service,2007,SESS-B4F2A2C449,REQ-3E351AE12E7C,2026-09-16 00:53:08
EVT-0001453,IF_SAPPROC_ORWMS_001,SAP_ERP,ORACLE_SCM,SFTP,Batch,Success,,,,9570,SESS-A7A607D695,REQ-1DEDD972BF6A,2026-09-15 19:17:14
EVT-0001460,IF_SAPFIN_HCMPAY_001,SAP_ERP,HCM,SFTP,Batch,Success,,,,15039,SESS-70B4512A0A,REQ-6A4CC04D5676,2026-09-11 19:32:33
EVT-0001464,IF_SAPFIN_HCMPAY_001,SAP_ERP,HCM,SFTP,Batch,Success,,,,12629,SESS-9D6094B1A0,REQ-D4918558BAF7,2026-09-11 12:09:51
EVT-0001465,IF_SAPQM_ORWMS_001,SAP_ERP,ORACLE_SCM,Kafka,Async,Retry,INFRA_008,Runtime node unavailable,Infrastructure,4720,SESS-478DF8F1A4,REQ-366BBDD5D51F,2026-09-12 18:57:54
EVT-0001469,IF_SAPPP_MESPE_001,SAP_ERP,MES,Kafka,Async,Success,,,,1000,SESS-704152EE82,REQ-EF34693CA55A,2026-09-10 02:15:25
EVT-0001483,IF_SAPPROC_ORWMS_001,SAP_ERP,ORACLE_SCM,SFTP,Batch,Success,,,,13146,SESS-44C51D0B77,REQ-1BB58B58D493,2026-09-14 09:03:21
EVT-0001493,IF_SAPQM_MESPE_001,SAP_ERP,MES,Kafka,Async,Success,,,,839,SESS-4247A9CCC1,REQ-CA0EA19BAF2F,2026-09-11 13:56:16
EVT-0001501,IF_SAPPROC_ORWMS_001,SAP_ERP,ORACLE_SCM,SFTP,Batch,Retry,CFG_017,Interface configuration mismatch,Configuration,28919,SESS-71512DA292,REQ-D7BE16E4F745,2026-09-10 18:07:47
EVT-0001505,IF_SAPPP_ORSC_001,SAP_ERP,ORACLE_SCM,Kafka,Async,Success,,,,1371,SESS-149EB4B72E,REQ-1DEDFDEA5ED3,2026-09-11 02:53:43
EVT-0001518,IF_SAPPROC_ORWMS_001,SAP_ERP,ORACLE_SCM,SFTP,Batch,Success,,,,15161,SESS-E557F53A2A,REQ-D73BD00DD292,2026-09-13 18:14:58
EVT-0001520,IF_SAPPROC_ORIM_001,SAP_ERP,ORACLE_SCM,REST_API,REST,Success,,,,2138,SESS-856125DE55,REQ-226257ADE1ED,2026-09-10 14:17:49
EVT-0001527,IF_SAPPROC_ORWMS_001,SAP_ERP,ORACLE_SCM,SFTP,Batch,Success,,,,17032,SESS-48CF7C9CE0,REQ-84A8E73D37E9,2026-09-15 17:55:18
EVT-0001528,IF_SAPFIN_HCMPAY_001,SAP_ERP,HCM,SFTP,Batch,Success,,,,17068,SESS-011B22E76C,REQ-90C421172AAF,2026-09-12 06:35:07
EVT-0001530,IF_SAPQM_ORWMS_001,SAP_ERP,ORACLE_SCM,Kafka,Async,Success,,,,2610,SESS-E8CC87A630,REQ-B8AE1CD6B74B,2026-09-11 21:37:18
EVT-0001532,IF_SAPPROC_ORWMS_001,SAP_ERP,ORACLE_SCM,SFTP,Batch,Success,,,,10911,SESS-ABCCC8F965,REQ-B685115948E8,2026-09-16 13:33:21
EVT-0001533,IF_SAPPROC_ORIM_001,SAP_ERP,ORACLE_SCM,REST_API,REST,Success,,,,2365,SESS-E649A68363,REQ-80629BA45F25,2026-09-14 10:27:02
EVT-0001535,IF_SAPPP_ORSC_001,SAP_ERP,ORACLE_SCM,Kafka,Async,Success,,,,1630,SESS-05681C63FD,REQ-F0E4AEFF4781,2026-09-13 09:11:13
EVT-0001544,IF_SAPPROC_ORIM_001,SAP_ERP,ORACLE_SCM,REST_API,REST,Success,,,,2002,SESS-9FF44F024A,REQ-7C74B3EAC5A9,2026-09-13 22:01:35
EVT-0001547,IF_SAPQM_MESPE_001,SAP_ERP,MES,Kafka,Async,Success,,,,304,SESS-3B536F9503,REQ-648719AD9CCF,2026-09-13 13:02:40
EVT-0001554,IF_SAPPROC_ORWMS_001,SAP_ERP,ORACLE_SCM,SFTP,Batch,Success,,,,11693,SESS-4D0AB965BC,REQ-EC58E9C732BF,2026-09-12 21:06:41
EVT-0001555,IF_SAPQM_ORWMS_001,SAP_ERP,ORACLE_SCM,Kafka,Async,Success,,,,2072,SESS-8DD12949C5,REQ-D1B0E736BB64,2026-09-15 13:02:13
EVT-0001556,IF_SAPPP_MESPE_001,SAP_ERP,MES,Kafka,Async,Success,,,,698,SESS-38980AD46A,REQ-F6DFB18835DF,2026-09-15 08:39:05
EVT-0001568,IF_SAPPP_ORSC_001,SAP_ERP,ORACLE_SCM,Kafka,Async,Success,,,,1703,SESS-D3FA116F3C,REQ-D77CFC0B93AD,2026-09-11 16:42:22
EVT-0001573,IF_SAPPP_ORSC_001,SAP_ERP,ORACLE_SCM,Kafka,Async,Success,,,,1111,SESS-FCA93EEEA1,REQ-ABEF53C9ABC1,2026-09-14 04:32:06
EVT-0001575,IF_SAPPROC_ORWMS_001,SAP_ERP,ORACLE_SCM,SFTP,Batch,Success,,,,15552,SESS-647787FC9B,REQ-DFC4216B32B4,2026-09-12 07:45:02
EVT-0001583,IF_SAPPP_ORSC_001,SAP_ERP,ORACLE_SCM,Kafka,Async,Success,,,,1143,SESS-41DDEF232C,REQ-DEE3A420CB48,2026-09-16 17:51:12
EVT-0001584,IF_SAPQM_MESPE_001,SAP_ERP,MES,Kafka,Async,Success,,,,912,SESS-478040BA33,REQ-C5F0A6A8C310,2026-09-12 22:12:14
EVT-0001590,IF_SAPQM_ORWMS_001,SAP_ERP,ORACLE_SCM,Kafka,Async,Success,,,,2288,SESS-630FA57AC7,REQ-04D6C5D81C90,2026-09-15 21:25:14
EVT-0001602,IF_SAPPROC_ORIM_001,SAP_ERP,ORACLE_SCM,REST_API,REST,Retry,AUTH_401,Service credential rejected,Authentication,7008,SESS-295DEBC1C1,REQ-96BDB81661E8,2026-09-11 13:05:46
EVT-0001604,IF_SAPPP_MESPE_001,SAP_ERP,MES,Kafka,Async,Success,,,,1111,SESS-E67666DA91,REQ-3AAFE997BE7C,2026-09-13 21:47:58
EVT-0001608,IF_SAPPROC_ORWMS_001,SAP_ERP,ORACLE_SCM,SFTP,Batch,Retry,AUTH_401,Service credential rejected,Authentication,36845,SESS-EBF2CE92A0,REQ-8733D675F041,2026-09-12 07:33:11
EVT-0001617,IF_SAPQM_MESPE_001,SAP_ERP,MES,Kafka,Async,Success,,,,518,SESS-9AFDE66FEC,REQ-FC15C366CDE9,2026-09-11 14:29:35
EVT-0001618,IF_SAPPP_ORSC_001,SAP_ERP,ORACLE_SCM,Kafka,Async,Success,,,,894,SESS-BE8C1E9938,REQ-C570B9B8BD1B,2026-09-14 03:37:11
EVT-0001620,IF_SAPPROC_ORWMS_001,SAP_ERP,ORACLE_SCM,SFTP,Batch,Retry,INFRA_008,Runtime node unavailable,Infrastructure,24069,SESS-F5962B0BE1,REQ-4DAB9CB51C38,2026-09-11 10:56:43
EVT-0001622,IF_SAPPP_MESPE_001,SAP_ERP,MES,Kafka,Async,Retry,TIME_004,Downstream response exceeded SLA,Timeout,2263,SESS-42AAE72471,REQ-0C70F6FE425A,2026-09-11 21:16:55
EVT-0001631,IF_SAPPROC_ORIM_001,SAP_ERP,ORACLE_SCM,REST_API,REST,Success,,,,3003,SESS-5FD1DEEBB8,REQ-FAB1A8F4AB7E,2026-09-15 05:27:57
EVT-0001636,IF_SAPPP_ORSC_001,SAP_ERP,ORACLE_SCM,Kafka,Async,Success,,,,1152,SESS-EF8BB8CA5E,REQ-48AB308F842E,2026-09-10 08:59:33
EVT-0001644,IF_SAPFIN_HCMPAY_001,SAP_ERP,HCM,SFTP,Batch,Success,,,,19176,SESS-8DB1634ADF,REQ-D1B07E645F7B,2026-09-11 12:00:57
EVT-0001652,IF_SAPPP_MESPE_001,SAP_ERP,MES,Kafka,Async,Retry,VAL_400,Required business field failed validation,Validation,1627,SESS-AD04F92958,REQ-5D830413F15D,2026-09-16 12:39:29
EVT-0001661,IF_SAPQM_MESPE_001,SAP_ERP,MES,Kafka,Async,Success,,,,591,SESS-04308F9905,REQ-3FEEB7613FD4,2026-09-12 08:58:02
EVT-0001664,IF_SAPPROC_ORIM_001,SAP_ERP,ORACLE_SCM,REST_API,REST,Success,,,,1618,SESS-623C5DDE6D,REQ-09404E677B53,2026-09-10 21:47:14
EVT-0001668,IF_SAPPROC_ORWMS_001,SAP_ERP,ORACLE_SCM,SFTP,Batch,Retry,DB_COMMIT_014,Transaction commit failed,Database,35272,SESS-E894B23B02,REQ-23C6B3165B0E,2026-09-14 09:57:34
EVT-0001673,IF_SAPPP_MESPE_001,SAP_ERP,MES,Kafka,Async,Success,,,,793,SESS-1374767EB4,REQ-14CE3D514D4D,2026-09-14 10:56:22
EVT-0001678,IF_SAPPROC_ORWMS_001,SAP_ERP,ORACLE_SCM,SFTP,Batch,Success,,,,15405,SESS-2E12662453,REQ-49C52159C05A,2026-09-15 08:54:24
EVT-0001679,IF_SAPQM_ORWMS_001,SAP_ERP,ORACLE_SCM,Kafka,Async,Retry,INFRA_008,Runtime node unavailable,Infrastructure,3836,SESS-94E5371E9D,REQ-D15F3FDAE329,2026-09-15 09:49:57
EVT-0001681,IF_SAPFIN_HCMPAY_001,SAP_ERP,HCM,SFTP,Batch,Success,,,,12443,SESS-5DD5861CD9,REQ-642F7C210CD6,2026-09-15 10:57:39
EVT-0001684,IF_SAPPROC_ORWMS_001,SAP_ERP,ORACLE_SCM,SFTP,Batch,Success,,,,19267,SESS-0B08266FD8,REQ-15BEA7EC116F,2026-09-12 16:06:33
EVT-0001685,IF_SAPQM_ORWMS_001,SAP_ERP,ORACLE_SCM,Kafka,Async,Success,,,,2499,SESS-462657AA64,REQ-987BA547BB45,2026-09-12 11:32:50
EVT-0001688,IF_SAPFIN_HCMPAY_001,SAP_ERP,HCM,SFTP,Batch,Retry,CAP_003,Downstream service is at capacity,Capacity,22798,SESS-D94F452FAD,REQ-E347FCA29B3C,2026-09-11 03:40:49
EVT-0001706,IF_SAPQM_MESPE_001,SAP_ERP,MES,Kafka,Async,Success,,,,920,SESS-34781D3000,REQ-40C192AD1FC5,2026-09-11 05:11:34
EVT-0001712,IF_SAPPP_MESPE_001,SAP_ERP,MES,Kafka,Async,Success,,,,731,SESS-C0C2EB7DFA,REQ-B1D055F01F7D,2026-09-12 20:16:34
EVT-0001715,IF_SAPPROC_ORWMS_001,SAP_ERP,ORACLE_SCM,SFTP,Batch,Success,,,,12761,SESS-825113E2B0,REQ-82F385BB8F93,2026-09-12 20:34:28
EVT-0001721,IF_SAPQM_MESPE_001,SAP_ERP,MES,Kafka,Async,Success,,,,984,SESS-749FBF136A,REQ-2C45DCC0382D,2026-09-11 13:16:30
EVT-0001724,IF_SAPPROC_ORIM_001,SAP_ERP,ORACLE_SCM,REST_API,REST,Failed,AUTHZ_403,Caller is not authorized,Authorization,7705,SESS-C145E9376B,REQ-141C43DD370B,2026-09-15 23:42:38
EVT-0001726,IF_SAPPROC_ORIM_001,SAP_ERP,ORACLE_SCM,REST_API,REST,Retry,EXT_502,Downstream service returned 502,External Service,3703,SESS-CA0E426AD7,REQ-6C3726BF813B,2026-09-13 23:03:22
EVT-0001729,IF_SAPPROC_ORWMS_001,SAP_ERP,ORACLE_SCM,SFTP,Batch,Success,,,,13118,SESS-73F9546872,REQ-79CBD0884A34,2026-09-13 10:06:50
EVT-0001733,IF_SAPFIN_HCMPAY_001,SAP_ERP,HCM,SFTP,Batch,Success,,,,11114,SESS-D488DC5CED,REQ-69E1539D5D97,2026-09-11 12:59:07
EVT-0001735,IF_SAPPP_MESPE_001,SAP_ERP,MES,Kafka,Async,Failed,VAL_400,Required business field failed validation,Validation,3276,SESS-F4608FE471,REQ-476A149D2635,2026-09-16 13:10:30
EVT-0001736,IF_SAPPROC_ORWMS_001,SAP_ERP,ORACLE_SCM,SFTP,Batch,Success,,,,14774,SESS-4A81D3AC45,REQ-B35407ED4C85,2026-09-12 14:33:08
EVT-0001746,IF_SAPQM_ORWMS_001,SAP_ERP,ORACLE_SCM,Kafka,Async,Success,,,,3070,SESS-2BF6B97AB8,REQ-5F9C60D1FBA6,2026-09-13 20:38:24
EVT-0001747,IF_SAPPROC_ORIM_001,SAP_ERP,ORACLE_SCM,REST_API,REST,Success,,,,2647,SESS-B0CDF1B60E,REQ-2C5CE331B08A,2026-09-10 15:55:43
EVT-0001753,IF_SAPQM_ORWMS_001,SAP_ERP,ORACLE_SCM,Kafka,Async,Success,,,,2332,SESS-E49630CE38,REQ-53EFB264C51E,2026-09-12 14:54:55
EVT-0001754,IF_SAPPROC_ORWMS_001,SAP_ERP,ORACLE_SCM,SFTP,Batch,Success,,,,16992,SESS-7787D6A65B,REQ-1B8C76E262DA,2026-09-16 04:15:15
EVT-0001756,IF_SAPPROC_ORWMS_001,SAP_ERP,ORACLE_SCM,SFTP,Batch,Retry,INFRA_008,Runtime node unavailable,Infrastructure,40121,SESS-5113F008F9,REQ-2069A0285C9F,2026-09-11 15:59:04
EVT-0001761,IF_SAPQM_MESPE_001,SAP_ERP,MES,Kafka,Async,Retry,AUTH_401,Service credential rejected,Authentication,2913,SESS-8254CDDA41,REQ-15CC0A01C26B,2026-09-11 06:48:15
EVT-0001765,IF_SAPFIN_HCMPAY_001,SAP_ERP,HCM,SFTP,Batch,Success,,,,18759,SESS-F73595A0DC,REQ-DE368409E939,2026-09-15 07:46:24
EVT-0001773,IF_SAPQM_ORWMS_001,SAP_ERP,ORACLE_SCM,Kafka,Async,Success,,,,1796,SESS-1D60B49A8F,REQ-DA8A517178C6,2026-09-13 03:48:55
EVT-0001775,IF_SAPQM_MESPE_001,SAP_ERP,MES,Kafka,Async,Success,,,,912,SESS-5E2912FCA2,REQ-35C8F89F2960,2026-09-12 07:09:10
EVT-0001776,IF_SAPPP_ORSC_001,SAP_ERP,ORACLE_SCM,Kafka,Async,Success,,,,1418,SESS-4F9AE717BD,REQ-76FAFB1BB9EE,2026-09-12 23:38:42
EVT-0001780,IF_SAPQM_MESPE_001,SAP_ERP,MES,Kafka,Async,Success,,,,1001,SESS-C7F7BC2DAD,REQ-699ACD310801,2026-09-16 04:18:36
EVT-0001787,IF_SAPQM_ORWMS_001,SAP_ERP,ORACLE_SCM,Kafka,Async,Success,,,,3653,SESS-E6AC78D02F,REQ-576FAAD04351,2026-09-10 07:11:03
EVT-0001793,IF_SAPQM_MESPE_001,SAP_ERP,MES,Kafka,Async,Success,,,,684,SESS-E0628083DB,REQ-DD8ADE2F8F86,2026-09-11 11:56:38
EVT-0001795,IF_SAPQM_MESPE_001,SAP_ERP,MES,Kafka,Async,Success,,,,1161,SESS-86735F2DF6,REQ-1F0C90F8C3A1,2026-09-16 09:38:24
EVT-0001800,IF_SAPPROC_ORWMS_001,SAP_ERP,ORACLE_SCM,SFTP,Batch,Success,,,,12272,SESS-1A15200552,REQ-AC4E85640DF3,2026-09-10 05:36:22
EVT-0001812,IF_SAPPP_ORSC_001,SAP_ERP,ORACLE_SCM,Kafka,Async,Success,,,,1007,SESS-5DE02E92ED,REQ-45A680BFD67D,2026-09-16 16:51:28
EVT-0001817,IF_SAPPP_MESPE_001,SAP_ERP,MES,Kafka,Async,Success,,,,551,SESS-121DAC5CF0,REQ-1EACB997FF8F,2026-09-16 11:11:35
EVT-0001818,IF_SAPPP_MESPE_001,SAP_ERP,MES,Kafka,Async,Success,,,,1045,SESS-69E5BB8978,REQ-62408B8CEA62,2026-09-14 10:39:45
EVT-0001822,IF_SAPPROC_ORIM_001,SAP_ERP,ORACLE_SCM,REST_API,REST,Success,,,,1882,SESS-C82867A157,REQ-DCF16FFB2936,2026-09-11 08:29:43
EVT-0001827,IF_SAPPROC_ORWMS_001,SAP_ERP,ORACLE_SCM,SFTP,Batch,Success,,,,16290,SESS-D9B8EA23BB,REQ-A510907FD68E,2026-09-15 23:17:31
EVT-0001831,IF_SAPQM_ORWMS_001,SAP_ERP,ORACLE_SCM,Kafka,Async,Success,,,,2739,SESS-C5CD14E3CE,REQ-247D5FDB158E,2026-09-11 16:44:27
EVT-0001833,IF_SAPPP_MESPE_001,SAP_ERP,MES,Kafka,Async,Success,,,,717,SESS-61AFF5EDBD,REQ-45E5F5593803,2026-09-13 23:49:48
EVT-0001834,IF_SAPQM_MESPE_001,SAP_ERP,MES,Kafka,Async,Success,,,,906,SESS-F44621F375,REQ-D886E2D2FA45,2026-09-10 13:43:47
EVT-0001840,IF_SAPPP_MESPE_001,SAP_ERP,MES,Kafka,Async,Success,,,,1160,SESS-165C703FE2,REQ-C72334DF271F,2026-09-12 12:14:14
EVT-0001844,IF_SAPPROC_ORIM_001,SAP_ERP,ORACLE_SCM,REST_API,REST,Success,,,,1994,SESS-121293CAA4,REQ-21FE68458006,2026-09-16 03:46:37
EVT-0001853,IF_SAPPROC_ORIM_001,SAP_ERP,ORACLE_SCM,REST_API,REST,Failed,AUTHZ_403,Caller is not authorized,Authorization,3329,SESS-FD98976683,REQ-D3DF04B6F72A,2026-09-13 18:30:51
EVT-0001855,IF_SAPPP_MESPE_001,SAP_ERP,MES,Kafka,Async,Success,,,,904,SESS-8B3E504E93,REQ-807B85044E62,2026-09-15 07:17:46
EVT-0001862,IF_SAPQM_MESPE_001,SAP_ERP,MES,Kafka,Async,Retry,DB_COMMIT_014,Transaction commit failed,Database,2369,SESS-07612739C7,REQ-9FFD27BB9631,2026-09-16 13:05:04
EVT-0001875,IF_SAPFIN_HCMPAY_001,SAP_ERP,HCM,SFTP,Batch,Success,,,,15725,SESS-1D682C5280,REQ-330681AC1103,2026-09-14 19:22:32
EVT-0001880,IF_SAPPP_ORSC_001,SAP_ERP,ORACLE_SCM,Kafka,Async,Success,,,,782,SESS-F0A47347E4,REQ-6CC77BB679EE,2026-09-12 11:30:24
EVT-0001883,IF_SAPPROC_ORWMS_001,SAP_ERP,ORACLE_SCM,SFTP,Batch,Success,,,,15562,SESS-2E65F4BA3D,REQ-0CA75B4722F2,2026-09-10 14:52:20
EVT-0001884,IF_SAPPP_ORSC_001,SAP_ERP,ORACLE_SCM,Kafka,Async,Success,,,,1236,SESS-6B596CDB77,REQ-AB3D6586B0BF,2026-09-11 07:49:09
EVT-0001890,IF_SAPPP_ORSC_001,SAP_ERP,ORACLE_SCM,Kafka,Async,Retry,TIME_004,Downstream response exceeded SLA,Timeout,3241,SESS-ACFE62238F,REQ-8CD69B68A1F9,2026-09-15 15:38:00
EVT-0001896,IF_SAPQM_ORWMS_001,SAP_ERP,ORACLE_SCM,Kafka,Async,Success,,,,2623,SESS-0058248008,REQ-995060CD5100,2026-09-11 12:54:52
EVT-0001898,IF_SAPQM_MESPE_001,SAP_ERP,MES,Kafka,Async,Success,,,,989,SESS-30F68278AD,REQ-E581B1DD28C4,2026-09-14 05:38:24
EVT-0001899,IF_SAPPROC_ORIM_001,SAP_ERP,ORACLE_SCM,REST_API,REST,Success,,,,2762,SESS-B2A47E2087,REQ-39D7CFDFF2C8,2026-09-16 08:57:46
EVT-0001907,IF_SAPQM_MESPE_001,SAP_ERP,MES,Kafka,Async,Success,,,,961,SESS-FC869C414D,REQ-EF9AB1DB5B6F,2026-09-12 02:59:31
EVT-0001911,IF_SAPPP_ORSC_001,SAP_ERP,ORACLE_SCM,Kafka,Async,Success,,,,1549,SESS-BE50C2AE57,REQ-FE4B94633810,2026-09-12 13:42:33
EVT-0001913,IF_SAPQM_MESPE_001,SAP_ERP,MES,Kafka,Async,Retry,DB_COMMIT_014,Transaction commit failed,Database,2614,SESS-6DC6C3567F,REQ-FD9823DFDDDD,2026-09-14 18:36:41
EVT-0001918,IF_SAPFIN_HCMPAY_001,SAP_ERP,HCM,SFTP,Batch,Success,,,,9088,SESS-BA5E5196AF,REQ-F6FECF9E5E7B,2026-09-16 08:17:17
EVT-0001922,IF_SAPPROC_ORWMS_001,SAP_ERP,ORACLE_SCM,SFTP,Batch,Success,,,,12444,SESS-EFEFC4768C,REQ-635034293DE2,2026-09-16 20:03:13
EVT-0001924,IF_SAPPROC_ORIM_001,SAP_ERP,ORACLE_SCM,REST_API,REST,Retry,EXT_502,Downstream service returned 502,External Service,8131,SESS-528AF94FAC,REQ-FDA3F33D50F9,2026-09-12 15:30:41
EVT-0001926,IF_SAPFIN_HCMPAY_001,SAP_ERP,HCM,SFTP,Batch,Success,,,,12828,SESS-D6B9C04F2C,REQ-9509DC660069,2026-09-16 04:27:55
EVT-0001929,IF_SAPQM_ORWMS_001,SAP_ERP,ORACLE_SCM,Kafka,Async,Success,,,,2225,SESS-35AFCBDFBD,REQ-54DD717F6115,2026-09-12 17:51:05
EVT-0001932,IF_SAPQM_MESPE_001,SAP_ERP,MES,Kafka,Async,Success,,,,846,SESS-3D4D1CA9B5,REQ-4881379D07B8,2026-09-10 10:35:18
EVT-0001940,IF_SAPPROC_ORWMS_001,SAP_ERP,ORACLE_SCM,SFTP,Batch,Success,,,,16874,SESS-09D584143D,REQ-2898A83F999C,2026-09-11 05:25:25
EVT-0001944,IF_SAPPP_MESPE_001,SAP_ERP,MES,Kafka,Async,Retry,AUTH_401,Service credential rejected,Authentication,2476,SESS-2D2685E891,REQ-2038C76D1387,2026-09-11 15:10:43
EVT-0001948,IF_SAPQM_MESPE_001,SAP_ERP,MES,Kafka,Async,Success,,,,859,SESS-77E85CA702,REQ-1DD08A550648,2026-09-15 12:24:58
EVT-0001964,IF_SAPFIN_HCMPAY_001,SAP_ERP,HCM,SFTP,Batch,Success,,,,15593,SESS-C8404EAFF2,REQ-920ECABD0733,2026-09-16 12:11:30
EVT-0001965,IF_SAPPP_ORSC_001,SAP_ERP,ORACLE_SCM,Kafka,Async,Failed,EXT_502,Downstream service returned 502,External Service,4566,SESS-86C0142414,REQ-B5A699907BD0,2026-09-10 18:38:06
EVT-0001966,IF_SAPPP_MESPE_001,SAP_ERP,MES,Kafka,Async,Failed,CAP_003,Downstream service is at capacity,Capacity,6640,SESS-48C9F7D405,REQ-72E0863411BC,2026-09-14 03:01:21
EVT-0001968,IF_SAPFIN_HCMPAY_001,SAP_ERP,HCM,SFTP,Batch,Success,,,,9966,SESS-2873A5F109,REQ-2512CD946C97,2026-09-15 13:22:36
EVT-0001974,IF_SAPFIN_HCMPAY_001,SAP_ERP,HCM,SFTP,Batch,Success,,,,12932,SESS-B77B3C4270,REQ-54E2C18FCC8B,2026-09-12 17:38:22
EVT-0001975,IF_SAPQM_MESPE_001,SAP_ERP,MES,Kafka,Async,Success,,,,881,SESS-94E3A8DF38,REQ-BF0C9D9B45A9,2026-09-15 10:23:15
EVT-0001976,IF_SAPPROC_ORIM_001,SAP_ERP,ORACLE_SCM,REST_API,REST,Success,,,,2456,SESS-3EC78D5C75,REQ-66D41E1C5E89,2026-09-14 04:07:19
EVT-0001986,IF_SAPPP_ORSC_001,SAP_ERP,ORACLE_SCM,Kafka,Async,Success,,,,1012,SESS-E1A6FEF6EF,REQ-283023A3097F,2026-09-10 00:57:38
EVT-0001991,IF_SAPQM_MESPE_001,SAP_ERP,MES,Kafka,Async,Success,,,,923,SESS-45651F1A85,REQ-746A7CA4BDE2,2026-09-10 00:30:33
EVT-0001997,IF_SAPPP_ORSC_001,SAP_ERP,ORACLE_SCM,Kafka,Async,Success,,,,1484,SESS-1ADD6E2C73,REQ-8FC9201F23E8,2026-09-15 16:16:51
EVT-0001998,IF_SAPFIN_HCMPAY_001,SAP_ERP,HCM,SFTP,Batch,Success,,,,11257,SESS-055C5FB091,REQ-088DF4C19A9F,2026-09-14 03:32:48
EVT-0001999,IF_SAPPP_ORSC_001,SAP_ERP,ORACLE_SCM,Kafka,Async,Success,,,,726,SESS-D629DCDC24,REQ-6512CABEAC62,2026-09-12 16:39:33
EVT-0002008,IF_SAPPP_ORSC_001,SAP_ERP,ORACLE_SCM,Kafka,Async,Success,,,,1280,SESS-0338EA4D3E,REQ-CF42896A0A9E,2026-09-10 17:46:28
EVT-0002019,IF_SAPPROC_ORWMS_001,SAP_ERP,ORACLE_SCM,SFTP,Batch,Success,,,,12220,SESS-E08C73F4AC,REQ-10B00EB5D56E,2026-09-15 07:57:19
EVT-0002027,IF_SAPFIN_HCMPAY_001,SAP_ERP,HCM,SFTP,Batch,Success,,,,7483,SESS-18F9520895,REQ-D732F6C01A43,2026-09-14 04:28:16
EVT-0002028,IF_SAPFIN_HCMPAY_001,SAP_ERP,HCM,SFTP,Batch,Failed,AUTH_401,Service credential rejected,Authentication,39479,SESS-1BBF631197,REQ-01FA3867DED7,2026-09-15 20:26:52
EVT-0002029,IF_SAPQM_ORWMS_001,SAP_ERP,ORACLE_SCM,Kafka,Async,Success,,,,2629,SESS-B2EB9AE87E,REQ-8780FD3DA6B4,2026-09-15 18:21:49
EVT-0002032,IF_SAPPP_ORSC_001,SAP_ERP,ORACLE_SCM,Kafka,Async,Success,,,,1493,SESS-9336E1B8D0,REQ-5CD8FC611AF9,2026-09-16 10:54:54
EVT-0002034,IF_SAPPROC_ORIM_001,SAP_ERP,ORACLE_SCM,REST_API,REST,Success,,,,1539,SESS-0EEDC45A2B,REQ-229B0C27EDF1,2026-09-16 03:18:08
EVT-0002036,IF_SAPPROC_ORWMS_001,SAP_ERP,ORACLE_SCM,SFTP,Batch,Success,,,,15468,SESS-5C907B7702,REQ-C76CCE987178,2026-09-16 17:55:40
EVT-0002037,IF_SAPPROC_ORWMS_001,SAP_ERP,ORACLE_SCM,SFTP,Batch,Retry,NET_CONN_003,Connection reset by peer,Network,52627,SESS-22E03B8B5F,REQ-CFCD041CA315,2026-09-13 14:48:04
EVT-0002039,IF_SAPPROC_ORWMS_001,SAP_ERP,ORACLE_SCM,SFTP,Batch,Success,,,,19894,SESS-0528D06A06,REQ-DF36725120CF,2026-09-16 13:50:29
EVT-0002040,IF_SAPFIN_HCMPAY_001,SAP_ERP,HCM,SFTP,Batch,Success,,,,19294,SESS-0C82A1E0E0,REQ-2C9FA3BCD8F7,2026-09-11 10:21:38
EVT-0002043,IF_SAPPROC_ORWMS_001,SAP_ERP,ORACLE_SCM,SFTP,Batch,Success,,,,13923,SESS-2B711BB377,REQ-7376C8B0CCE2,2026-09-12 17:38:09
EVT-0002057,IF_SAPQM_ORWMS_001,SAP_ERP,ORACLE_SCM,Kafka,Async,Success,,,,2413,SESS-2041CC1690,REQ-E8EBA064DB14,2026-09-11 16:32:28
EVT-0002066,IF_SAPPROC_ORIM_001,SAP_ERP,ORACLE_SCM,REST_API,REST,Success,,,,1594,SESS-77CCAD13FD,REQ-B2898540DB26,2026-09-15 05:35:22
EVT-0002070,IF_SAPQM_MESPE_001,SAP_ERP,MES,Kafka,Async,Failed,EXT_502,Downstream service returned 502,External Service,6986,SESS-6BE5E7E260,REQ-062EAD4C799E,2026-09-15 08:53:10
EVT-0002079,IF_SAPQM_ORWMS_001,SAP_ERP,ORACLE_SCM,Kafka,Async,Success,,,,2713,SESS-AEF50C2B97,REQ-FE51396F27A1,2026-09-12 21:12:33
EVT-0002081,IF_SAPPP_ORSC_001,SAP_ERP,ORACLE_SCM,Kafka,Async,Retry,CAP_003,Downstream service is at capacity,Capacity,3792,SESS-E4089ECEE7,REQ-D0428C4C395D,2026-09-14 22:22:55
EVT-0002084,IF_SAPPROC_ORIM_001,SAP_ERP,ORACLE_SCM,REST_API,REST,Retry,EXT_502,Downstream service returned 502,External Service,7884,SESS-C115FAF451,REQ-6CBC7A813D82,2026-09-13 00:49:44
EVT-0002088,IF_SAPPROC_ORIM_001,SAP_ERP,ORACLE_SCM,REST_API,REST,Success,,,,2268,SESS-9C6B500C0F,REQ-BD2833EF2DC8,2026-09-10 23:01:17
EVT-0002090,IF_SAPPP_ORSC_001,SAP_ERP,ORACLE_SCM,Kafka,Async,Retry,CAP_003,Downstream service is at capacity,Capacity,3129,SESS-AB2CB2F83E,REQ-9FEF18A1DB28,2026-09-13 12:49:20
EVT-0002091,IF_SAPPP_MESPE_001,SAP_ERP,MES,Kafka,Async,Failed,INFRA_008,Runtime node unavailable,Infrastructure,6587,SESS-4E7FE43229,REQ-3D1C16AD500B,2026-09-10 15:47:58
EVT-0002096,IF_SAPPP_ORSC_001,SAP_ERP,ORACLE_SCM,Kafka,Async,Success,,,,1246,SESS-448841E084,REQ-CA782D4DF1AE,2026-09-11 07:07:23
EVT-0002100,IF_SAPPP_ORSC_001,SAP_ERP,ORACLE_SCM,Kafka,Async,Success,,,,1521,SESS-FFA0118746,REQ-E32728FA40CE,2026-09-14 19:39:49
EVT-0002101,IF_SAPPROC_ORIM_001,SAP_ERP,ORACLE_SCM,REST_API,REST,Success,,,,1374,SESS-E2BE607C93,REQ-A2399A949185,2026-09-10 02:53:04
EVT-0002110,IF_SAPPROC_ORWMS_001,SAP_ERP,ORACLE_SCM,SFTP,Batch,Success,,,,14673,SESS-21B9B68BCA,REQ-2BB049FA9AF4,2026-09-11 11:20:47
EVT-0002111,IF_SAPPP_MESPE_001,SAP_ERP,MES,Kafka,Async,Success,,,,749,SESS-8B9CEEB75D,REQ-B15227CFA17A,2026-09-16 14:27:17
EVT-0002113,IF_SAPQM_ORWMS_001,SAP_ERP,ORACLE_SCM,Kafka,Async,Success,,,,2644,SESS-3F16B4559C,REQ-63001BA207A3,2026-09-13 01:00:27
EVT-0002122,IF_SAPQM_ORWMS_001,SAP_ERP,ORACLE_SCM,Kafka,Async,Success,,,,2288,SESS-39B3F0A69A,REQ-0E827FE952AA,2026-09-13 01:52:08
EVT-0002123,IF_SAPFIN_HCMPAY_001,SAP_ERP,HCM,SFTP,Batch,Success,,,,14793,SESS-25CC8DD5ED,REQ-E80C1D360FED,2026-09-16 14:05:16
EVT-0002132,IF_SAPPROC_ORIM_001,SAP_ERP,ORACLE_SCM,REST_API,REST,Success,,,,2564,SESS-5F42B72FE4,REQ-8A10177C060F,2026-09-13 21:10:02
EVT-0002134,IF_SAPPP_MESPE_001,SAP_ERP,MES,Kafka,Async,Success,,,,759,SESS-2554393D30,REQ-D3097B20F8AA,2026-09-11 02:05:51
EVT-0002145,IF_SAPPROC_ORIM_001,SAP_ERP,ORACLE_SCM,REST_API,REST,Success,,,,2564,SESS-EC6EDEE18B,REQ-9FB96EB14478,2026-09-16 09:57:02
EVT-0002147,IF_SAPPP_ORSC_001,SAP_ERP,ORACLE_SCM,Kafka,Async,Success,,,,1405,SESS-0B7B98A715,REQ-6EF05727C8B0,2026-09-12 04:00:06
EVT-0002149,IF_SAPFIN_HCMPAY_001,SAP_ERP,HCM,SFTP,Batch,Success,,,,15811,SESS-C5948752B4,REQ-2965C04281CD,2026-09-15 12:31:29
EVT-0002154,IF_SAPPP_MESPE_001,SAP_ERP,MES,Kafka,Async,Success,,,,828,SESS-D0CA913A23,REQ-56440C8B197F,2026-09-14 12:51:44
EVT-0002160,IF_SAPPP_MESPE_001,SAP_ERP,MES,Kafka,Async,Success,,,,1028,SESS-F970200424,REQ-0CD1E12D8DE2,2026-09-12 23:27:51
EVT-0002165,IF_SAPPP_ORSC_001,SAP_ERP,ORACLE_SCM,Kafka,Async,Success,,,,1242,SESS-E116CEC41D,REQ-704ABCFF472E,2026-09-12 20:50:08
EVT-0002178,IF_SAPPROC_ORWMS_001,SAP_ERP,ORACLE_SCM,SFTP,Batch,Success,,,,15858,SESS-3F640088A2,REQ-D55B32C538A8,2026-09-16 01:47:35
EVT-0002179,IF_SAPPROC_ORIM_001,SAP_ERP,ORACLE_SCM,REST_API,REST,Retry,INFRA_008,Runtime node unavailable,Infrastructure,8254,SESS-C3CC115307,REQ-173E00415A82,2026-09-12 12:43:41
EVT-0002182,IF_SAPPP_MESPE_001,SAP_ERP,MES,Kafka,Async,Success,,,,833,SESS-B791C9AA77,REQ-F64D5F95B553,2026-09-14 23:19:06
EVT-0002186,IF_SAPPROC_ORIM_001,SAP_ERP,ORACLE_SCM,REST_API,REST,Success,,,,2607,SESS-7140BECC83,REQ-5682C7DF2188,2026-09-15 00:10:29
EVT-0002187,IF_SAPPROC_ORIM_001,SAP_ERP,ORACLE_SCM,REST_API,REST,Success,,,,1821,SESS-12A904D0B4,REQ-5510E0F61103,2026-09-12 02:03:59
EVT-0002192,IF_SAPPP_ORSC_001,SAP_ERP,ORACLE_SCM,Kafka,Async,Success,,,,1081,SESS-6A4B9D24AA,REQ-248C6C97A76A,2026-09-11 08:48:45
EVT-0002193,IF_SAPPROC_ORWMS_001,SAP_ERP,ORACLE_SCM,SFTP,Batch,Failed,DB_COMMIT_014,Transaction commit failed,Database,41269,SESS-FEC81A4B4D,REQ-CDABE0D2D5C6,2026-09-12 03:28:03
EVT-0002195,IF_SAPPP_ORSC_001,SAP_ERP,ORACLE_SCM,Kafka,Async,Success,,,,2289,SESS-C424DC1618,REQ-EC27CC385215,2026-09-12 20:10:48
EVT-0002196,IF_SAPPROC_ORIM_001,SAP_ERP,ORACLE_SCM,REST_API,REST,Success,,,,2599,SESS-13997128CC,REQ-02580D088248,2026-09-15 05:26:35
EVT-0002205,IF_SAPQM_MESPE_001,SAP_ERP,MES,Kafka,Async,Success,,,,909,SESS-3AFD581366,REQ-D5078187DD79,2026-09-13 05:29:22
EVT-0002206,IF_SAPPP_MESPE_001,SAP_ERP,MES,Kafka,Async,Success,,,,1240,SESS-F5EC1B3536,REQ-5C54C37A44F1,2026-09-12 09:39:21
EVT-0002210,IF_SAPQM_ORWMS_001,SAP_ERP,ORACLE_SCM,Kafka,Async,Retry,EXT_502,Downstream service returned 502,External Service,4966,SESS-BA513704FD,REQ-017732C9AC9B,2026-09-16 08:45:16
EVT-0002221,IF_SAPPROC_ORWMS_001,SAP_ERP,ORACLE_SCM,SFTP,Batch,Retry,TIME_004,Downstream response exceeded SLA,Timeout,45200,SESS-A0C8F89652,REQ-CDE7D3C772EA,2026-09-10 04:40:04
EVT-0002225,IF_SAPPP_MESPE_001,SAP_ERP,MES,Kafka,Async,Success,,,,1187,SESS-F2E583FEEE,REQ-F724DC63497B,2026-09-13 08:25:13
EVT-0002230,IF_SAPPP_ORSC_001,SAP_ERP,ORACLE_SCM,Kafka,Async,Success,,,,1322,SESS-EBBA1362E3,REQ-93D6698C9E1E,2026-09-13 19:16:32
EVT-0002233,IF_SAPQM_ORWMS_001,SAP_ERP,ORACLE_SCM,Kafka,Async,Success,,,,2704,SESS-A04A548D24,REQ-A6004DD28789,2026-09-16 15:40:23
EVT-0002234,IF_SAPPP_MESPE_001,SAP_ERP,MES,Kafka,Async,Success,,,,1048,SESS-164CBFA197,REQ-8613B6B83783,2026-09-10 10:12:03
EVT-0002240,IF_SAPPROC_ORIM_001,SAP_ERP,ORACLE_SCM,REST_API,REST,Failed,NET_CONN_003,Connection reset by peer,Network,3761,SESS-BC97BCC1B6,REQ-CE3FD6CB599E,2026-09-13 01:14:12
EVT-0002245,IF_SAPPP_ORSC_001,SAP_ERP,ORACLE_SCM,Kafka,Async,Success,,,,1289,SESS-8F8261F872,REQ-A33EF72D4F91,2026-09-16 17:34:49
EVT-0002248,IF_SAPPROC_ORIM_001,SAP_ERP,ORACLE_SCM,REST_API,REST,Retry,INFRA_008,Runtime node unavailable,Infrastructure,3778,SESS-78D428BDB3,REQ-2DECD4FDCECD,2026-09-11 21:54:27
EVT-0002252,IF_SAPQM_ORWMS_001,SAP_ERP,ORACLE_SCM,Kafka,Async,Success,,,,1743,SESS-12DB3F25A2,REQ-8B94221181E3,2026-09-16 23:25:51
EVT-0002254,IF_SAPPROC_ORWMS_001,SAP_ERP,ORACLE_SCM,SFTP,Batch,Success,,,,17796,SESS-09F04F6F58,REQ-773B90FB4949,2026-09-13 11:16:02
EVT-0002262,IF_SAPPROC_ORIM_001,SAP_ERP,ORACLE_SCM,REST_API,REST,Success,,,,2421,SESS-DCC42B580E,REQ-79281C75B5EE,2026-09-13 08:38:20
EVT-0002280,IF_SAPPROC_ORIM_001,SAP_ERP,ORACLE_SCM,REST_API,REST,Success,,,,1663,SESS-8BA820FB6C,REQ-E59E991CCEA2,2026-09-12 15:53:42
EVT-0002296,IF_SAPQM_ORWMS_001,SAP_ERP,ORACLE_SCM,Kafka,Async,Success,,,,2466,SESS-A22B6E13A5,REQ-214433C4FDA0,2026-09-11 03:37:31
EVT-0002297,IF_SAPPP_ORSC_001,SAP_ERP,ORACLE_SCM,Kafka,Async,Success,,,,1698,SESS-2D7C38C39D,REQ-9E8A1146FB84,2026-09-14 11:13:56
EVT-0002301,IF_SAPPROC_ORWMS_001,SAP_ERP,ORACLE_SCM,SFTP,Batch,Retry,NET_CONN_003,Connection reset by peer,Network,43118,SESS-C80208D46F,REQ-B77C21A8437D,2026-09-14 00:18:16
EVT-0002306,IF_SAPPP_MESPE_001,SAP_ERP,MES,Kafka,Async,Success,,,,949,SESS-788A88C167,REQ-7D29920ABF3E,2026-09-12 14:42:01
EVT-0002309,IF_SAPFIN_HCMPAY_001,SAP_ERP,HCM,SFTP,Batch,Success,,,,15114,SESS-2640BE7B4F,REQ-380C802BFA44,2026-09-14 05:34:53
EVT-0002320,IF_SAPPROC_ORIM_001,SAP_ERP,ORACLE_SCM,REST_API,REST,Success,,,,3007,SESS-65C842A2AB,REQ-92B966BA4784,2026-09-10 14:31:10
EVT-0002336,IF_SAPQM_MESPE_001,SAP_ERP,MES,Kafka,Async,Success,,,,1258,SESS-9D9508A01B,REQ-6468BB8801EC,2026-09-14 17:21:39
EVT-0002353,IF_SAPPP_MESPE_001,SAP_ERP,MES,Kafka,Async,Success,,,,817,SESS-0852E88BCC,REQ-535511A10F48,2026-09-11 14:21:52
EVT-0002355,IF_SAPQM_MESPE_001,SAP_ERP,MES,Kafka,Async,Success,,,,1218,SESS-B5A42A934A,REQ-EF63A49D70F3,2026-09-16 21:26:41
EVT-0002356,IF_SAPQM_ORWMS_001,SAP_ERP,ORACLE_SCM,Kafka,Async,Success,,,,2472,SESS-1768657F49,REQ-EA243BBB6E90,2026-09-14 15:13:48
EVT-0002358,IF_SAPQM_ORWMS_001,SAP_ERP,ORACLE_SCM,Kafka,Async,Success,,,,3418,SESS-C1F00CA707,REQ-66BD46E837DA,2026-09-16 14:03:55
EVT-0002373,IF_SAPQM_ORWMS_001,SAP_ERP,ORACLE_SCM,Kafka,Async,Success,,,,2128,SESS-32FCB1D6C5,REQ-E8A3BC1FB7DF,2026-09-14 08:55:36
EVT-0002374,IF_SAPFIN_HCMPAY_001,SAP_ERP,HCM,SFTP,Batch,Success,,,,11152,SESS-C15099877E,REQ-265496DDC601,2026-09-13 11:23:28
EVT-0002376,IF_SAPQM_ORWMS_001,SAP_ERP,ORACLE_SCM,Kafka,Async,Success,,,,2457,SESS-DD55588278,REQ-FF3DCD02DB67,2026-09-12 19:30:15
EVT-0002380,IF_SAPPP_ORSC_001,SAP_ERP,ORACLE_SCM,Kafka,Async,Success,,,,1426,SESS-231AC787C6,REQ-D2047DD4325F,2026-09-11 14:06:18
EVT-0002384,IF_SAPFIN_HCMPAY_001,SAP_ERP,HCM,SFTP,Batch,Success,,,,10434,SESS-B621028668,REQ-BC50AAD13A63,2026-09-10 14:29:48
EVT-0002387,IF_SAPFIN_HCMPAY_001,SAP_ERP,HCM,SFTP,Batch,Success,,,,11863,SESS-7B6A6E415E,REQ-DFC1BB77327C,2026-09-14 13:33:19
EVT-0002390,IF_SAPPROC_ORIM_001,SAP_ERP,ORACLE_SCM,REST_API,REST,Success,,,,1862,SESS-9F875C15B9,REQ-CE7E52727536,2026-09-14 20:33:04
EVT-0002392,IF_SAPPP_MESPE_001,SAP_ERP,MES,Kafka,Async,Success,,,,980,SESS-296F680E1B,REQ-8B234BA8154D,2026-09-13 04:26:05
EVT-0002393,IF_SAPPROC_ORWMS_001,SAP_ERP,ORACLE_SCM,SFTP,Batch,Success,,,,11273,SESS-84F51D0E58,REQ-02F25546D95D,2026-09-16 01:30:10
EVT-0002397,IF_SAPPP_MESPE_001,SAP_ERP,MES,Kafka,Async,Success,,,,902,SESS-581C470C18,REQ-BAE912218895,2026-09-13 05:17:12
EVT-0002398,IF_SAPFIN_HCMPAY_001,SAP_ERP,HCM,SFTP,Batch,Success,,,,17340,SESS-E903ECBE1A,REQ-F5B35563DF78,2026-09-10 15:23:24
EVT-0002401,IF_SAPQM_ORWMS_001,SAP_ERP,ORACLE_SCM,Kafka,Async,Success,,,,1758,SESS-0E28A7A6C5,REQ-7654D2B59180,2026-09-11 12:35:35
EVT-0002402,IF_SAPFIN_HCMPAY_001,SAP_ERP,HCM,SFTP,Batch,Success,,,,5485,SESS-CFD8A7C791,REQ-B7754B044FFB,2026-09-11 03:49:04
EVT-0002404,IF_SAPPP_MESPE_001,SAP_ERP,MES,Kafka,Async,Success,,,,800,SESS-641D6064E1,REQ-38DBA6AEB239,2026-09-12 14:16:27
EVT-0002405,IF_SAPPROC_ORWMS_001,SAP_ERP,ORACLE_SCM,SFTP,Batch,Success,,,,13117,SESS-7BE458C111,REQ-05FABADE053E,2026-09-13 23:58:23
EVT-0002406,IF_SAPPP_ORSC_001,SAP_ERP,ORACLE_SCM,Kafka,Async,Success,,,,1173,SESS-E263750C76,REQ-852EC40A73DC,2026-09-12 19:07:45
EVT-0002414,IF_SAPPROC_ORIM_001,SAP_ERP,ORACLE_SCM,REST_API,REST,Success,,,,2510,SESS-012C42CDC7,REQ-C16AD0732986,2026-09-14 04:02:28
EVT-0002415,IF_SAPPROC_ORWMS_001,SAP_ERP,ORACLE_SCM,SFTP,Batch,Success,,,,12430,SESS-EF56638E65,REQ-D7DA4214D8D8,2026-09-14 10:00:59
EVT-0002416,IF_SAPFIN_HCMPAY_001,SAP_ERP,HCM,SFTP,Batch,Retry,CAP_003,Downstream service is at capacity,Capacity,50510,SESS-DEBB3A6F12,REQ-9DA1EE0C51D8,2026-09-13 03:26:29
EVT-0002421,IF_SAPPROC_ORWMS_001,SAP_ERP,ORACLE_SCM,SFTP,Batch,Success,,,,14776,SESS-C74AF404F9,REQ-67E29F849695,2026-09-10 22:37:10
EVT-0002422,IF_SAPPP_MESPE_001,SAP_ERP,MES,Kafka,Async,Retry,INFRA_008,Runtime node unavailable,Infrastructure,2842,SESS-62651DA183,REQ-C4303EB0E082,2026-09-15 09:43:46
EVT-0002423,IF_SAPPP_ORSC_001,SAP_ERP,ORACLE_SCM,Kafka,Async,Success,,,,1147,SESS-08D2DF00C2,REQ-4DE15912F23C,2026-09-11 06:23:17
EVT-0002426,IF_SAPPROC_ORWMS_001,SAP_ERP,ORACLE_SCM,SFTP,Batch,Failed,INFRA_008,Runtime node unavailable,Infrastructure,85626,SESS-EF05C50BD0,REQ-4C84CA251969,2026-09-13 21:42:49
EVT-0002432,IF_SAPQM_MESPE_001,SAP_ERP,MES,Kafka,Async,Success,,,,645,SESS-5A472D1F5B,REQ-28AA82FAAB8E,2026-09-14 07:42:18
EVT-0002444,IF_SAPPROC_ORIM_001,SAP_ERP,ORACLE_SCM,REST_API,REST,Success,,,,2545,SESS-992F8286DE,REQ-9454210D85D5,2026-09-15 19:05:48
EVT-0002448,IF_SAPPROC_ORWMS_001,SAP_ERP,ORACLE_SCM,SFTP,Batch,Success,,,,9933,SESS-E7FE4ADAA2,REQ-8A390E142C68,2026-09-16 16:59:20
EVT-0002456,IF_SAPFIN_HCMPAY_001,SAP_ERP,HCM,SFTP,Batch,Retry,TIME_004,Downstream response exceeded SLA,Timeout,47730,SESS-670C8E8C60,REQ-EDA67C73BA00,2026-09-13 22:39:57
EVT-0002462,IF_SAPPROC_ORWMS_001,SAP_ERP,ORACLE_SCM,SFTP,Batch,Success,,,,16327,SESS-81F1FDB184,REQ-A475A3CAEB0A,2026-09-14 21:24:19
EVT-0002463,IF_SAPPP_MESPE_001,SAP_ERP,MES,Kafka,Async,Success,,,,1220,SESS-9861B36DA5,REQ-21EC29CF2B57,2026-09-14 00:26:19
EVT-0002464,IF_SAPQM_ORWMS_001,SAP_ERP,ORACLE_SCM,Kafka,Async,Success,,,,2384,SESS-0A6D0B463D,REQ-488A7AD71B4E,2026-09-15 15:52:37
EVT-0002468,IF_SAPQM_MESPE_001,SAP_ERP,MES,Kafka,Async,Success,,,,951,SESS-F829D34629,REQ-48A84FEC48EE,2026-09-14 11:48:47
EVT-0002473,IF_SAPQM_ORWMS_001,SAP_ERP,ORACLE_SCM,Kafka,Async,Success,,,,2983,SESS-3D9000AF1F,REQ-F6D4A50D6EE5,2026-09-14 20:02:16
EVT-0002477,IF_SAPPP_MESPE_001,SAP_ERP,MES,Kafka,Async,Retry,EXT_502,Downstream service returned 502,External Service,2332,SESS-EF55E091A0,REQ-C17350844DCD,2026-09-12 06:54:57
EVT-0002480,IF_SAPPP_MESPE_001,SAP_ERP,MES,Kafka,Async,Success,,,,1331,SESS-A2AB580554,REQ-CBFA76E6088E,2026-09-10 05:31:49
EVT-0002483,IF_SAPFIN_HCMPAY_001,SAP_ERP,HCM,SFTP,Batch,Failed,CAP_003,Downstream service is at capacity,Capacity,117589,SESS-28BB950470,REQ-02721F1B1C02,2026-09-10 12:07:46
EVT-0002489,IF_SAPPP_ORSC_001,SAP_ERP,ORACLE_SCM,Kafka,Async,Success,,,,1272,SESS-87794D3C93,REQ-A1F382527E2F,2026-09-11 19:36:28
EVT-0002494,IF_SAPQM_MESPE_001,SAP_ERP,MES,Kafka,Async,Success,,,,811,SESS-08B7EBE8A0,REQ-2CF1F619793E,2026-09-16 04:43:50
EVT-0002503,IF_SAPQM_MESPE_001,SAP_ERP,MES,Kafka,Async,Success,,,,1079,SESS-97603AB727,REQ-195EC540C63F,2026-09-12 20:47:54
EVT-0002509,IF_SAPPROC_ORIM_001,SAP_ERP,ORACLE_SCM,REST_API,REST,Success,,,,2102,SESS-7CF0DBB2A0,REQ-CB0681D49112,2026-09-13 15:20:51
EVT-0002511,IF_SAPPROC_ORIM_001,SAP_ERP,ORACLE_SCM,REST_API,REST,Success,,,,1894,SESS-1AA65DB0EB,REQ-56D3A6471061,2026-09-15 21:52:17
EVT-0002514,IF_SAPPROC_ORIM_001,SAP_ERP,ORACLE_SCM,REST_API,REST,Success,,,,2742,SESS-799F02CFAC,REQ-9D9F71534748,2026-09-16 13:08:54
EVT-0002517,IF_SAPQM_MESPE_001,SAP_ERP,MES,Kafka,Async,Success,,,,665,SESS-CBE8BFF1C2,REQ-233D90B887D1,2026-09-14 04:23:17
EVT-0002519,IF_SAPPROC_ORWMS_001,SAP_ERP,ORACLE_SCM,SFTP,Batch,Success,,,,15877,SESS-41E978A18D,REQ-B3093C2B45B6,2026-09-10 14:02:22
EVT-0002524,IF_SAPPROC_ORIM_001,SAP_ERP,ORACLE_SCM,REST_API,REST,Success,,,,2843,SESS-8F5BE6DB95,REQ-AB8469E81D14,2026-09-10 08:35:52
EVT-0002531,IF_SAPPP_MESPE_001,SAP_ERP,MES,Kafka,Async,Success,,,,1038,SESS-7EEB36E9AC,REQ-E5C585979FC1,2026-09-16 04:41:15
EVT-0002532,IF_SAPPROC_ORWMS_001,SAP_ERP,ORACLE_SCM,SFTP,Batch,Success,,,,11597,SESS-B5840E8C20,REQ-FD3289744FB6,2026-09-14 14:10:49
EVT-0002536,IF_SAPFIN_HCMPAY_001,SAP_ERP,HCM,SFTP,Batch,Retry,AUTH_401,Service credential rejected,Authentication,51668,SESS-ED3936E2D7,REQ-225E18CF7ACE,2026-09-13 20:49:00
EVT-0002538,IF_SAPQM_ORWMS_001,SAP_ERP,ORACLE_SCM,Kafka,Async,Failed,VAL_400,Required business field failed validation,Validation,17037,SESS-E8521C4DA6,REQ-0862A41F04D6,2026-09-14 05:20:34
EVT-0002539,IF_SAPFIN_HCMPAY_001,SAP_ERP,HCM,SFTP,Batch,Success,,,,14468,SESS-E376E71CF7,REQ-F5E88824D854,2026-09-11 01:28:18
EVT-0002544,IF_SAPFIN_HCMPAY_001,SAP_ERP,HCM,SFTP,Batch,Success,,,,13619,SESS-2576E0CD41,REQ-13964ACAEE9C,2026-09-12 04:11:10
EVT-0002563,IF_SAPPP_MESPE_001,SAP_ERP,MES,Kafka,Async,Success,,,,748,SESS-EBFAAE1588,REQ-CF4A36CE89E0,2026-09-12 14:09:00
EVT-0002568,IF_SAPPP_ORSC_001,SAP_ERP,ORACLE_SCM,Kafka,Async,Success,,,,1025,SESS-AC1D082A7D,REQ-FEE9410DCBB2,2026-09-16 08:31:37
EVT-0002569,IF_SAPQM_MESPE_001,SAP_ERP,MES,Kafka,Async,Success,,,,687,SESS-994D849317,REQ-0DD89F22BFDA,2026-09-16 11:18:47
EVT-0002571,IF_SAPQM_ORWMS_001,SAP_ERP,ORACLE_SCM,Kafka,Async,Failed,TIME_004,Downstream response exceeded SLA,Timeout,7502,SESS-6D5B0F8391,REQ-8B4070EA3234,2026-09-15 20:33:29
EVT-0002575,IF_SAPFIN_HCMPAY_001,SAP_ERP,HCM,SFTP,Batch,Failed,EXT_502,Downstream service returned 502,External Service,28963,SESS-800025AF37,REQ-940DA38FF686,2026-09-16 21:15:53
EVT-0002580,IF_SAPFIN_HCMPAY_001,SAP_ERP,HCM,SFTP,Batch,Success,,,,11566,SESS-BCBC4DF553,REQ-503673A3A5F2,2026-09-12 18:56:00
EVT-0002581,IF_SAPPROC_ORIM_001,SAP_ERP,ORACLE_SCM,REST_API,REST,Success,,,,1489,SESS-445EDAE8D2,REQ-556335A39440,2026-09-13 22:07:45
EVT-0002582,IF_SAPPP_ORSC_001,SAP_ERP,ORACLE_SCM,Kafka,Async,Success,,,,1454,SESS-763C7218EB,REQ-66B0DF1A7294,2026-09-10 09:18:21
EVT-0002586,IF_SAPPROC_ORIM_001,SAP_ERP,ORACLE_SCM,REST_API,REST,Success,,,,1444,SESS-CCE3A9CB01,REQ-5F938DFBE8E8,2026-09-16 23:10:31
EVT-0002588,IF_SAPQM_ORWMS_001,SAP_ERP,ORACLE_SCM,Kafka,Async,Success,,,,1699,SESS-9AA9E30516,REQ-BB92172A2E47,2026-09-16 20:18:12
EVT-0002591,IF_SAPQM_ORWMS_001,SAP_ERP,ORACLE_SCM,Kafka,Async,Success,,,,2767,SESS-2C2877BA09,REQ-38520EE013F5,2026-09-16 15:00:00
EVT-0002593,IF_SAPPP_MESPE_001,SAP_ERP,MES,Kafka,Async,Success,,,,696,SESS-62F2907A78,REQ-1E5CFD42FA13,2026-09-11 01:29:53
EVT-0002595,IF_SAPFIN_HCMPAY_001,SAP_ERP,HCM,SFTP,Batch,Retry,INFRA_008,Runtime node unavailable,Infrastructure,32413,SESS-6BE0C7D5C3,REQ-15C01C201F85,2026-09-11 19:47:02
EVT-0002599,IF_SAPFIN_HCMPAY_001,SAP_ERP,HCM,SFTP,Batch,Success,,,,12271,SESS-D9EA1BEC03,REQ-9AAD0E43C524,2026-09-11 06:34:32
EVT-0002614,IF_SAPQM_MESPE_001,SAP_ERP,MES,Kafka,Async,Success,,,,868,SESS-E03EE5C53E,REQ-8DE464A643F0,2026-09-13 10:22:36
EVT-0002615,IF_SAPPP_ORSC_001,SAP_ERP,ORACLE_SCM,Kafka,Async,Success,,,,834,SESS-FDC8F12F38,REQ-38388EAA147B,2026-09-13 02:58:13
EVT-0002620,IF_SAPPP_MESPE_001,SAP_ERP,MES,Kafka,Async,Success,,,,985,SESS-D79639FA5A,REQ-98C05DB7AFAE,2026-09-13 13:57:06
EVT-0002628,IF_SAPPROC_ORIM_001,SAP_ERP,ORACLE_SCM,REST_API,REST,Success,,,,1850,SESS-E6C0FD3C21,REQ-3515EF52E705,2026-09-10 09:38:41
EVT-0002629,IF_SAPQM_MESPE_001,SAP_ERP,MES,Kafka,Async,Retry,INFRA_008,Runtime node unavailable,Infrastructure,2717,SESS-8FDBBB700E,REQ-3500D91B2F7A,2026-09-10 22:37:01
EVT-0002635,IF_SAPPP_ORSC_001,SAP_ERP,ORACLE_SCM,Kafka,Async,Success,,,,1810,SESS-4B89EBF0A8,REQ-E9BE6AC1BC5E,2026-09-15 20:32:39
EVT-0002639,IF_SAPQM_MESPE_001,SAP_ERP,MES,Kafka,Async,Success,,,,1130,SESS-97D3CFB13C,REQ-78BB30ABC72C,2026-09-14 01:30:30
EVT-0002641,IF_SAPFIN_HCMPAY_001,SAP_ERP,HCM,SFTP,Batch,Failed,CFG_017,Interface configuration mismatch,Configuration,20002,SESS-910BE2588E,REQ-5E371211BD43,2026-09-16 02:41:23
EVT-0002645,IF_SAPPP_ORSC_001,SAP_ERP,ORACLE_SCM,Kafka,Async,Success,,,,1189,SESS-1C49AB4967,REQ-74C7FFC37425,2026-09-13 12:56:50
EVT-0002650,IF_SAPPROC_ORIM_001,SAP_ERP,ORACLE_SCM,REST_API,REST,Success,,,,2107,SESS-0003D948BA,REQ-2F1084077606,2026-09-13 00:25:43
EVT-0002653,IF_SAPFIN_HCMPAY_001,SAP_ERP,HCM,SFTP,Batch,Success,,,,14870,SESS-ECAAF6597E,REQ-747F9A3960B8,2026-09-16 04:29:04
EVT-0002655,IF_SAPFIN_HCMPAY_001,SAP_ERP,HCM,SFTP,Batch,Success,,,,13758,SESS-808FB78049,REQ-CBBA9E1F7171,2026-09-15 03:37:00
EVT-0002659,IF_SAPPROC_ORIM_001,SAP_ERP,ORACLE_SCM,REST_API,REST,Success,,,,1753,SESS-57A8E706F5,REQ-F04676076657,2026-09-11 13:21:10
EVT-0002661,IF_SAPQM_MESPE_001,SAP_ERP,MES,Kafka,Async,Success,,,,988,SESS-A4DB5FBEBC,REQ-BFBF100DB756,2026-09-11 02:12:13
EVT-0002662,IF_SAPPP_MESPE_001,SAP_ERP,MES,Kafka,Async,Retry,CAP_003,Downstream service is at capacity,Capacity,1524,SESS-59BAAE5086,REQ-A5421CD7C42A,2026-09-11 12:31:56
EVT-0002668,IF_SAPFIN_HCMPAY_001,SAP_ERP,HCM,SFTP,Batch,Success,,,,12791,SESS-409744E280,REQ-A680A0BA0353,2026-09-11 08:20:28
EVT-0002672,IF_SAPQM_MESPE_001,SAP_ERP,MES,Kafka,Async,Success,,,,924,SESS-8AC3B1E0E7,REQ-46E3B17177FF,2026-09-13 06:57:47
EVT-0002676,IF_SAPQM_MESPE_001,SAP_ERP,MES,Kafka,Async,Success,,,,1050,SESS-03B0EB46CF,REQ-716CE4462BAC,2026-09-16 14:22:35
EVT-0002680,IF_SAPFIN_HCMPAY_001,SAP_ERP,HCM,SFTP,Batch,Failed,INFRA_008,Runtime node unavailable,Infrastructure,40343,SESS-128714DC16,REQ-5EFA9BF5FF39,2026-09-11 04:06:47
EVT-0002689,IF_SAPQM_ORWMS_001,SAP_ERP,ORACLE_SCM,Kafka,Async,Success,,,,2574,SESS-24CE2D14AA,REQ-59801DB7DBF8,2026-09-12 07:29:12
EVT-0002690,IF_SAPQM_MESPE_001,SAP_ERP,MES,Kafka,Async,Success,,,,1240,SESS-BBCFEAB79F,REQ-AE3D265BBFDB,2026-09-10 16:25:38
EVT-0002692,IF_SAPPP_MESPE_001,SAP_ERP,MES,Kafka,Async,Success,,,,1011,SESS-60921536DD,REQ-CEB2CA870985,2026-09-13 06:35:48
EVT-0002693,IF_SAPPROC_ORIM_001,SAP_ERP,ORACLE_SCM,REST_API,REST,Success,,,,2873,SESS-2B4AC9E01E,REQ-CDADEDCE2394,2026-09-12 18:37:50
EVT-0002698,IF_SAPPP_MESPE_001,SAP_ERP,MES,Kafka,Async,Success,,,,1044,SESS-59A413DAC7,REQ-851714DF6070,2026-09-15 09:16:07
EVT-0002700,IF_SAPPROC_ORWMS_001,SAP_ERP,ORACLE_SCM,SFTP,Batch,Success,,,,12593,SESS-6B181A6FC9,REQ-D72E30C19ACE,2026-09-11 17:22:55
EVT-0002701,IF_SAPQM_ORWMS_001,SAP_ERP,ORACLE_SCM,Kafka,Async,Success,,,,2608,SESS-11D88C9E8E,REQ-A657AD297291,2026-09-12 10:43:04
EVT-0002702,IF_SAPPROC_ORWMS_001,SAP_ERP,ORACLE_SCM,SFTP,Batch,Success,,,,14483,SESS-648C75A99E,REQ-3CE4CBF74263,2026-09-11 21:40:23
EVT-0002708,IF_SAPPP_MESPE_001,SAP_ERP,MES,Kafka,Async,Success,,,,640,SESS-26BF2132F0,REQ-A786425C13FB,2026-09-11 08:25:35
EVT-0002709,IF_SAPPP_ORSC_001,SAP_ERP,ORACLE_SCM,Kafka,Async,Failed,NET_CONN_003,Connection reset by peer,Network,7173,SESS-2EA0C9C7A8,REQ-0BA5627919CB,2026-09-15 13:06:27
EVT-0002711,IF_SAPPP_ORSC_001,SAP_ERP,ORACLE_SCM,Kafka,Async,Success,,,,1359,SESS-13C1081DA8,REQ-ED4CB8BC4C23,2026-09-12 14:42:48
EVT-0002720,IF_SAPQM_MESPE_001,SAP_ERP,MES,Kafka,Async,Success,,,,1046,SESS-CB4BD015BA,REQ-700E8C2C294E,2026-09-15 20:07:24
EVT-0002723,IF_SAPPROC_ORIM_001,SAP_ERP,ORACLE_SCM,REST_API,REST,Retry,INFRA_008,Runtime node unavailable,Infrastructure,6455,SESS-E5A78EBF8A,REQ-E7380844A42D,2026-09-10 04:51:30
EVT-0002728,IF_SAPQM_MESPE_001,SAP_ERP,MES,Kafka,Async,Success,,,,910,SESS-A962DC26A2,REQ-F988DBB42C43,2026-09-10 00:24:14
EVT-0002731,IF_SAPPP_MESPE_001,SAP_ERP,MES,Kafka,Async,Success,,,,900,SESS-9B102F36A2,REQ-13F9A0C0843C,2026-09-10 07:28:58
EVT-0002733,IF_SAPPROC_ORIM_001,SAP_ERP,ORACLE_SCM,REST_API,REST,Success,,,,2575,SESS-A29DE3B334,REQ-D4EF0BC6829B,2026-09-15 22:18:43
EVT-0002734,IF_SAPQM_MESPE_001,SAP_ERP,MES,Kafka,Async,Success,,,,880,SESS-4CE81C53BB,REQ-F72D2765E914,2026-09-15 20:01:07
EVT-0002742,IF_SAPQM_ORWMS_001,SAP_ERP,ORACLE_SCM,Kafka,Async,Success,,,,1754,SESS-A6E2662CD1,REQ-7F227617A0A7,2026-09-11 08:41:48
EVT-0002745,IF_SAPFIN_HCMPAY_001,SAP_ERP,HCM,SFTP,Batch,Failed,VAL_400,Required business field failed validation,Validation,58231,SESS-5CC5C7F76B,REQ-C2636342C4DE,2026-09-10 12:30:41
EVT-0002747,IF_SAPPP_ORSC_001,SAP_ERP,ORACLE_SCM,Kafka,Async,Retry,AUTH_401,Service credential rejected,Authentication,4777,SESS-9F89684C75,REQ-06FBD2B58E95,2026-09-15 12:52:09
EVT-0002748,IF_SAPQM_MESPE_001,SAP_ERP,MES,Kafka,Async,Success,,,,1028,SESS-E87CAFAE10,REQ-7BDE2AB3108D,2026-09-16 16:01:08
EVT-0002753,IF_SAPPROC_ORWMS_001,SAP_ERP,ORACLE_SCM,SFTP,Batch,Success,,,,9894,SESS-9A6C006721,REQ-120497193DC2,2026-09-14 11:31:43
EVT-0002758,IF_SAPPP_MESPE_001,SAP_ERP,MES,Kafka,Async,Success,,,,1193,SESS-6D0AB4F732,REQ-2291B4F1218D,2026-09-14 15:01:23
EVT-0002760,IF_SAPPP_MESPE_001,SAP_ERP,MES,Kafka,Async,Retry,TIME_004,Downstream response exceeded SLA,Timeout,1485,SESS-EF35E04F81,REQ-D15D896C5EB3,2026-09-16 00:48:26
EVT-0002764,IF_SAPFIN_HCMPAY_001,SAP_ERP,HCM,SFTP,Batch,Retry,CFG_017,Interface configuration mismatch,Configuration,44387,SESS-4433AA6773,REQ-5B4DA2AAA83D,2026-09-14 13:19:12
EVT-0002771,IF_SAPQM_ORWMS_001,SAP_ERP,ORACLE_SCM,Kafka,Async,Success,,,,2076,SESS-F524EEB98A,REQ-B3F850186D1E,2026-09-16 06:26:32
EVT-0002773,IF_SAPQM_ORWMS_001,SAP_ERP,ORACLE_SCM,Kafka,Async,Success,,,,2741,SESS-A5CB1E3101,REQ-70075AFA6898,2026-09-11 03:37:52
EVT-0002775,IF_SAPPP_ORSC_001,SAP_ERP,ORACLE_SCM,Kafka,Async,Success,,,,1245,SESS-9922A385D1,REQ-73698417762D,2026-09-13 09:07:19
EVT-0002788,IF_SAPPROC_ORWMS_001,SAP_ERP,ORACLE_SCM,SFTP,Batch,Failed,VAL_400,Required business field failed validation,Validation,53469,SESS-6FEDE15F11,REQ-C4D429741F59,2026-09-10 00:50:05
EVT-0002792,IF_SAPPP_MESPE_001,SAP_ERP,MES,Kafka,Async,Success,,,,740,SESS-11EB039D6C,REQ-A67B1B310CD4,2026-09-15 21:28:29
EVT-0002797,IF_SAPQM_ORWMS_001,SAP_ERP,ORACLE_SCM,Kafka,Async,Success,,,,1656,SESS-20EF018CEC,REQ-A0819A24AABE,2026-09-12 05:59:55
EVT-0002798,IF_SAPPROC_ORIM_001,SAP_ERP,ORACLE_SCM,REST_API,REST,Success,,,,1217,SESS-FE5250AE05,REQ-A142D27CA254,2026-09-12 02:29:38
EVT-0002800,IF_SAPQM_MESPE_001,SAP_ERP,MES,Kafka,Async,Success,,,,576,SESS-6EB4BA15F0,REQ-8EBC0610B8A3,2026-09-10 22:28:41
EVT-0002802,IF_SAPPP_ORSC_001,SAP_ERP,ORACLE_SCM,Kafka,Async,Success,,,,1232,SESS-1D8D548907,REQ-637AAC0425CB,2026-09-15 07:38:49
EVT-0002808,IF_SAPPP_ORSC_001,SAP_ERP,ORACLE_SCM,Kafka,Async,Success,,,,2010,SESS-EC83FA304A,REQ-7ED90312A885,2026-09-15 05:54:05
EVT-0002814,IF_SAPQM_ORWMS_001,SAP_ERP,ORACLE_SCM,Kafka,Async,Success,,,,2455,SESS-9D52339E0C,REQ-41ACA6E20A8E,2026-09-10 08:43:50
EVT-0002815,IF_SAPQM_MESPE_001,SAP_ERP,MES,Kafka,Async,Success,,,,827,SESS-A8FD60F582,REQ-6EC7D71346A1,2026-09-11 13:15:03
EVT-0002823,IF_SAPPROC_ORIM_001,SAP_ERP,ORACLE_SCM,REST_API,REST,Success,,,,2421,SESS-2E98D68B81,REQ-DBB901DA193A,2026-09-10 16:09:28
EVT-0002824,IF_SAPQM_ORWMS_001,SAP_ERP,ORACLE_SCM,Kafka,Async,Success,,,,2027,SESS-86EA7BCA8F,REQ-66252A50A5B3,2026-09-13 14:25:57
EVT-0002826,IF_SAPPROC_ORWMS_001,SAP_ERP,ORACLE_SCM,SFTP,Batch,Success,,,,14126,SESS-9FDE42C0F1,REQ-FB92C63117FA,2026-09-13 06:08:37
EVT-0002829,IF_SAPQM_MESPE_001,SAP_ERP,MES,Kafka,Async,Retry,CAP_003,Downstream service is at capacity,Capacity,3456,SESS-29534843ED,REQ-EE50FAA962B4,2026-09-11 20:32:13
EVT-0002836,IF_SAPQM_MESPE_001,SAP_ERP,MES,Kafka,Async,Success,,,,1020,SESS-0F23F67601,REQ-7076810F8D5C,2026-09-11 01:13:46
EVT-0002838,IF_SAPQM_MESPE_001,SAP_ERP,MES,Kafka,Async,Failed,INFRA_008,Runtime node unavailable,Infrastructure,7043,SESS-15E38B0147,REQ-212B58259386,2026-09-10 03:04:40
EVT-0002841,IF_SAPQM_MESPE_001,SAP_ERP,MES,Kafka,Async,Success,,,,1052,SESS-94D5935719,REQ-AB9E5E5ADC86,2026-09-15 12:16:40
EVT-0002843,IF_SAPPROC_ORWMS_001,SAP_ERP,ORACLE_SCM,SFTP,Batch,Success,,,,14992,SESS-230B2E82C1,REQ-1710BC473F08,2026-09-10 20:28:26
EVT-0002845,IF_SAPQM_MESPE_001,SAP_ERP,MES,Kafka,Async,Success,,,,1097,SESS-5C170998E9,REQ-6DFD84163BBC,2026-09-10 11:37:25
EVT-0002847,IF_SAPPP_ORSC_001,SAP_ERP,ORACLE_SCM,Kafka,Async,Success,,,,1439,SESS-5F01254D32,REQ-CDFC747022DA,2026-09-16 07:51:36
EVT-0002848,IF_SAPPP_ORSC_001,SAP_ERP,ORACLE_SCM,Kafka,Async,Success,,,,822,SESS-27C966BCC0,REQ-C0324B8FE8A0,2026-09-14 18:33:47
EVT-0002851,IF_SAPPP_MESPE_001,SAP_ERP,MES,Kafka,Async,Success,,,,871,SESS-29C4B01DA4,REQ-B5A4A427F0D2,2026-09-14 05:27:46
EVT-0002858,IF_SAPQM_MESPE_001,SAP_ERP,MES,Kafka,Async,Success,,,,990,SESS-664451FD55,REQ-5A74552828C3,2026-09-13 03:40:07
EVT-0002865,IF_SAPPROC_ORWMS_001,SAP_ERP,ORACLE_SCM,SFTP,Batch,Failed,CFG_017,Interface configuration mismatch,Configuration,89502,SESS-2599D8D5A5,REQ-3DAEBAABA6D7,2026-09-16 11:12:50
EVT-0002866,IF_SAPPROC_ORIM_001,SAP_ERP,ORACLE_SCM,REST_API,REST,Success,,,,1664,SESS-5DE27963AD,REQ-59D63895114C,2026-09-11 13:28:53
EVT-0002867,IF_SAPQM_ORWMS_001,SAP_ERP,ORACLE_SCM,Kafka,Async,Success,,,,1539,SESS-DBD4BA6962,REQ-0DFF872E1F05,2026-09-14 10:22:23
EVT-0002874,IF_SAPPP_MESPE_001,SAP_ERP,MES,Kafka,Async,Success,,,,1048,SESS-DE4FA195B7,REQ-6960A252E7E1,2026-09-15 08:18:56
EVT-0002883,IF_SAPFIN_HCMPAY_001,SAP_ERP,HCM,SFTP,Batch,Success,,,,11506,SESS-5AEC77DB6D,REQ-A038283CB250,2026-09-10 07:49:33
EVT-0002889,IF_SAPPROC_ORIM_001,SAP_ERP,ORACLE_SCM,REST_API,REST,Success,,,,2023,SESS-B436CCED5E,REQ-95778D71A9CA,2026-09-12 21:11:41
EVT-0002900,IF_SAPPP_ORSC_001,SAP_ERP,ORACLE_SCM,Kafka,Async,Success,,,,1160,SESS-71E5DBBCDF,REQ-7EB3CF55F0D7,2026-09-15 11:24:27
EVT-0002903,IF_SAPPP_ORSC_001,SAP_ERP,ORACLE_SCM,Kafka,Async,Failed,AUTHZ_403,Caller is not authorized,Authorization,11172,SESS-8882DD702A,REQ-70928EFE775C,2026-09-13 08:25:24
EVT-0002905,IF_SAPPROC_ORWMS_001,SAP_ERP,ORACLE_SCM,SFTP,Batch,Success,,,,18840,SESS-F3E4C0559D,REQ-CA9B911BF548,2026-09-15 21:54:04
EVT-0002911,IF_SAPFIN_HCMPAY_001,SAP_ERP,HCM,SFTP,Batch,Success,,,,14806,SESS-0D4ED477C7,REQ-43D21E8C0490,2026-09-12 20:11:36
EVT-0002912,IF_SAPPP_MESPE_001,SAP_ERP,MES,Kafka,Async,Success,,,,777,SESS-29D26B5689,REQ-3800B7F5B32A,2026-09-12 00:32:04
EVT-0002924,IF_SAPPP_MESPE_001,SAP_ERP,MES,Kafka,Async,Success,,,,630,SESS-D19A906AF0,REQ-88A7139C0748,2026-09-13 05:24:03
EVT-0002926,IF_SAPPROC_ORWMS_001,SAP_ERP,ORACLE_SCM,SFTP,Batch,Retry,CFG_017,Interface configuration mismatch,Configuration,28886,SESS-2CF22F1042,REQ-F5D179F19AC9,2026-09-11 16:35:08
EVT-0002927,IF_SAPQM_ORWMS_001,SAP_ERP,ORACLE_SCM,Kafka,Async,Success,,,,2532,SESS-C3B5F42B4E,REQ-F6B8CDD5F2C0,2026-09-15 17:34:03
EVT-0002932,IF_SAPPROC_ORWMS_001,SAP_ERP,ORACLE_SCM,SFTP,Batch,Success,,,,12972,SESS-D013CD62CF,REQ-04A669C59CF1,2026-09-10 19:27:32
EVT-0002934,IF_SAPPROC_ORWMS_001,SAP_ERP,ORACLE_SCM,SFTP,Batch,Success,,,,19913,SESS-45D133ADEE,REQ-168669094731,2026-09-16 18:38:28
EVT-0002940,IF_SAPQM_ORWMS_001,SAP_ERP,ORACLE_SCM,Kafka,Async,Success,,,,1791,SESS-FB183DC88E,REQ-C1CE03A35488,2026-09-10 15:56:58
EVT-0002946,IF_SAPPROC_ORIM_001,SAP_ERP,ORACLE_SCM,REST_API,REST,Success,,,,1745,SESS-0D33636D7A,REQ-5961C34B6D73,2026-09-16 20:56:23
EVT-0002951,IF_SAPPROC_ORIM_001,SAP_ERP,ORACLE_SCM,REST_API,REST,Success,,,,2556,SESS-7C02512339,REQ-0A5A0A75F243,2026-09-13 07:52:21
EVT-0002953,IF_SAPQM_MESPE_001,SAP_ERP,MES,Kafka,Async,Success,,,,804,SESS-C3AD42C72B,REQ-1F9146ED88F9,2026-09-10 14:06:54
EVT-0002957,IF_SAPPROC_ORIM_001,SAP_ERP,ORACLE_SCM,REST_API,REST,Retry,VAL_400,Required business field failed validation,Validation,7535,SESS-7EB5056C84,REQ-1D7950A02427,2026-09-12 03:41:33
EVT-0002961,IF_SAPPP_ORSC_001,SAP_ERP,ORACLE_SCM,Kafka,Async,Success,,,,1517,SESS-22F7BEAF0F,REQ-A7BDD2451188,2026-09-16 03:28:38
EVT-0002962,IF_SAPPP_ORSC_001,SAP_ERP,ORACLE_SCM,Kafka,Async,Success,,,,1932,SESS-03674A84FF,REQ-D7AFF095ABE5,2026-09-11 21:33:38
EVT-0002963,IF_SAPQM_MESPE_001,SAP_ERP,MES,Kafka,Async,Success,,,,1172,SESS-2A2EF8BC4E,REQ-4D3CAFB8E017,2026-09-15 00:02:20
EVT-0002964,IF_SAPPROC_ORIM_001,SAP_ERP,ORACLE_SCM,REST_API,REST,Success,,,,2113,SESS-4A5221013D,REQ-0951A011C180,2026-09-14 19:16:55
EVT-0002966,IF_SAPPP_ORSC_001,SAP_ERP,ORACLE_SCM,Kafka,Async,Success,,,,1061,SESS-32A8795272,REQ-1847FE38769C,2026-09-15 22:13:18
EVT-0002967,IF_SAPPP_ORSC_001,SAP_ERP,ORACLE_SCM,Kafka,Async,Success,,,,1556,SESS-5056037E2E,REQ-737227ABA24D,2026-09-10 22:56:48
EVT-0002972,IF_SAPPROC_ORWMS_001,SAP_ERP,ORACLE_SCM,SFTP,Batch,Retry,NET_CONN_003,Connection reset by peer,Network,35250,SESS-EE39CE4125,REQ-F3825483594A,2026-09-16 03:55:18
EVT-0002980,IF_SAPFIN_HCMPAY_001,SAP_ERP,HCM,SFTP,Batch,Success,,,,15682,SESS-60EC458BCC,REQ-A9E811024481,2026-09-13 21:37:32
EVT-0002981,IF_SAPPROC_ORIM_001,SAP_ERP,ORACLE_SCM,REST_API,REST,Success,,,,1423,SESS-1F657C69EB,REQ-36CF9605D3E5,2026-09-16 21:48:02
EVT-0002985,IF_SAPPP_ORSC_001,SAP_ERP,ORACLE_SCM,Kafka,Async,Success,,,,1234,SESS-33B1E969BF,REQ-3E2D0CA667E5,2026-09-14 03:18:50
EVT-0002991,IF_SAPPROC_ORWMS_001,SAP_ERP,ORACLE_SCM,SFTP,Batch,Success,,,,17446,SESS-8616E9A998,REQ-FEAEF2F49A29,2026-09-13 15:14:21
EVT-0002998,IF_SAPFIN_HCMPAY_001,SAP_ERP,HCM,SFTP,Batch,Success,,,,16902,SESS-D08B1E013F,REQ-6FBA57BAF604,2026-09-16 09:17:23
EVT-0003010,IF_SAPPROC_ORWMS_001,SAP_ERP,ORACLE_SCM,SFTP,Batch,Retry,AUTHZ_403,Caller is not authorized,Authorization,44368,SESS-FFB5A3993F,REQ-F74F6863389E,2026-09-11 16:40:49
EVT-0003016,IF_SAPQM_ORWMS_001,SAP_ERP,ORACLE_SCM,Kafka,Async,Success,,,,3540,SESS-47A464A1BD,REQ-137CE2799B9A,2026-09-15 01:02:58
EVT-0003022,IF_SAPPP_MESPE_001,SAP_ERP,MES,Kafka,Async,Retry,CAP_003,Downstream service is at capacity,Capacity,3056,SESS-600CB290BC,REQ-1855C2BA7BC2,2026-09-16 01:53:34
EVT-0003024,IF_SAPQM_ORWMS_001,SAP_ERP,ORACLE_SCM,Kafka,Async,Success,,,,3547,SESS-68972E00A7,REQ-B470731E8FD1,2026-09-11 06:35:53
EVT-0003028,IF_SAPQM_ORWMS_001,SAP_ERP,ORACLE_SCM,Kafka,Async,Retry,AUTH_401,Service credential rejected,Authentication,3657,SESS-AC48175F11,REQ-191FD57FBC6B,2026-09-11 22:06:59
EVT-0003032,IF_SAPPROC_ORWMS_001,SAP_ERP,ORACLE_SCM,SFTP,Batch,Success,,,,10332,SESS-12BE357D8A,REQ-A47A1D2F288E,2026-09-11 13:40:46
EVT-0003041,IF_SAPFIN_HCMPAY_001,SAP_ERP,HCM,SFTP,Batch,Success,,,,11092,SESS-BB46033D92,REQ-6787239E914E,2026-09-13 04:49:58
EVT-0003042,IF_SAPPROC_ORIM_001,SAP_ERP,ORACLE_SCM,REST_API,REST,Success,,,,1605,SESS-EFECF61217,REQ-0C2161749BE1,2026-09-10 05:40:05
EVT-0003044,IF_SAPPROC_ORIM_001,SAP_ERP,ORACLE_SCM,REST_API,REST,Success,,,,3336,SESS-9A6F06B217,REQ-394C38407B20,2026-09-16 12:18:53
EVT-0003046,IF_SAPPROC_ORWMS_001,SAP_ERP,ORACLE_SCM,SFTP,Batch,Success,,,,15088,SESS-6489CEFAC0,REQ-041B3223980C,2026-09-16 17:22:32
EVT-0003050,IF_SAPQM_MESPE_001,SAP_ERP,MES,Kafka,Async,Success,,,,981,SESS-88C4F9219D,REQ-92F0D790BA37,2026-09-15 22:31:36
EVT-0003051,IF_SAPQM_ORWMS_001,SAP_ERP,ORACLE_SCM,Kafka,Async,Failed,EXT_502,Downstream service returned 502,External Service,18014,SESS-C8E7859A30,REQ-515BDE07747D,2026-09-13 10:26:28
EVT-0003052,IF_SAPPP_MESPE_001,SAP_ERP,MES,Kafka,Async,Success,,,,923,SESS-10C18226A6,REQ-501015A42801,2026-09-15 19:29:18
EVT-0003054,IF_SAPQM_ORWMS_001,SAP_ERP,ORACLE_SCM,Kafka,Async,Success,,,,2305,SESS-C4AF3BBF22,REQ-2E56A3C64BDB,2026-09-16 16:51:25
EVT-0003060,IF_SAPQM_MESPE_001,SAP_ERP,MES,Kafka,Async,Success,,,,975,SESS-2C87541A86,REQ-E8E3561187EA,2026-09-13 22:38:44
EVT-0003064,IF_SAPQM_ORWMS_001,SAP_ERP,ORACLE_SCM,Kafka,Async,Success,,,,2763,SESS-16FE0760AC,REQ-06E70416C541,2026-09-12 06:10:12
EVT-0003071,IF_SAPQM_ORWMS_001,SAP_ERP,ORACLE_SCM,Kafka,Async,Failed,INFRA_008,Runtime node unavailable,Infrastructure,10213,SESS-4E854AB08F,REQ-844EF6928BB6,2026-09-12 07:55:56
EVT-0003074,IF_SAPFIN_HCMPAY_001,SAP_ERP,HCM,SFTP,Batch,Success,,,,13542,SESS-89C6A1FEC2,REQ-710423B458C4,2026-09-12 21:18:12
EVT-0003076,IF_SAPPP_ORSC_001,SAP_ERP,ORACLE_SCM,Kafka,Async,Failed,VAL_400,Required business field failed validation,Validation,5894,SESS-6226ADC516,REQ-5B70AF464230,2026-09-12 17:48:39
EVT-0003077,IF_SAPPROC_ORWMS_001,SAP_ERP,ORACLE_SCM,SFTP,Batch,Success,,,,19731,SESS-5222941F30,REQ-124D1D13581A,2026-09-14 06:32:36
EVT-0003078,IF_SAPPROC_ORWMS_001,SAP_ERP,ORACLE_SCM,SFTP,Batch,Success,,,,9848,SESS-B00BA5B200,REQ-F7A534B86ADD,2026-09-10 02:39:37
EVT-0003087,IF_SAPPROC_ORIM_001,SAP_ERP,ORACLE_SCM,REST_API,REST,Success,,,,3047,SESS-7281DF48D4,REQ-DD38B5536B12,2026-09-16 10:35:26
EVT-0003089,IF_SAPQM_MESPE_001,SAP_ERP,MES,Kafka,Async,Success,,,,763,SESS-BFAFB4852E,REQ-FA1F45BF96F3,2026-09-11 09:24:49
EVT-0003095,IF_SAPFIN_HCMPAY_001,SAP_ERP,HCM,SFTP,Batch,Success,,,,14200,SESS-0EECA536A5,REQ-1EB4B967DDF6,2026-09-13 19:42:45
EVT-0003096,IF_SAPPP_MESPE_001,SAP_ERP,MES,Kafka,Async,Success,,,,1033,SESS-2D41FF5359,REQ-BBC22F8D09B6,2026-09-16 03:54:24
EVT-0003098,IF_SAPQM_ORWMS_001,SAP_ERP,ORACLE_SCM,Kafka,Async,Success,,,,2058,SESS-FC5EE05771,REQ-07C1C5A96251,2026-09-11 17:56:58
EVT-0003100,IF_SAPPP_ORSC_001,SAP_ERP,ORACLE_SCM,Kafka,Async,Success,,,,1268,SESS-D2CB8ABED2,REQ-6816210E62BF,2026-09-10 11:26:16
EVT-0003104,IF_SAPFIN_HCMPAY_001,SAP_ERP,HCM,SFTP,Batch,Success,,,,13503,SESS-601D270271,REQ-67CBA7334CFA,2026-09-14 13:30:47
EVT-0003113,IF_SAPPP_ORSC_001,SAP_ERP,ORACLE_SCM,Kafka,Async,Success,,,,1582,SESS-94525B986A,REQ-208913D67E7F,2026-09-13 02:30:48
EVT-0003116,IF_SAPPP_MESPE_001,SAP_ERP,MES,Kafka,Async,Success,,,,981,SESS-3507B3DFDD,REQ-64CF51DDC21B,2026-09-15 17:16:50
EVT-0003120,IF_SAPPP_MESPE_001,SAP_ERP,MES,Kafka,Async,Success,,,,1134,SESS-D31AE7F62A,REQ-FA2C34BE337E,2026-09-11 03:09:11
EVT-0003130,IF_SAPPROC_ORIM_001,SAP_ERP,ORACLE_SCM,REST_API,REST,Success,,,,2347,SESS-BE1CF64DBD,REQ-A34F29A28DFE,2026-09-11 06:36:03
EVT-0003133,IF_SAPQM_MESPE_001,SAP_ERP,MES,Kafka,Async,Success,,,,896,SESS-1774221607,REQ-72948C78FAD9,2026-09-11 13:56:21
EVT-0003137,IF_SAPQM_ORWMS_001,SAP_ERP,ORACLE_SCM,Kafka,Async,Success,,,,1333,SESS-AD2A6C81C4,REQ-14BB07EB3B87,2026-09-16 02:25:46
EVT-0003146,IF_SAPQM_ORWMS_001,SAP_ERP,ORACLE_SCM,Kafka,Async,Success,,,,2833,SESS-1DEA5E9F39,REQ-562124491536,2026-09-10 00:12:01
EVT-0003155,IF_SAPFIN_HCMPAY_001,SAP_ERP,HCM,SFTP,Batch,Retry,AUTH_401,Service credential rejected,Authentication,43073,SESS-6DFAF3C96A,REQ-92C597D480FE,2026-09-16 13:00:53
EVT-0003164,IF_SAPFIN_HCMPAY_001,SAP_ERP,HCM,SFTP,Batch,Success,,,,16199,SESS-9AA08E89CF,REQ-6FB9B515DA57,2026-09-15 02:20:34
EVT-0003172,IF_SAPPROC_ORWMS_001,SAP_ERP,ORACLE_SCM,SFTP,Batch,Success,,,,11415,SESS-AD7CD1CD65,REQ-69EB40DB6F51,2026-09-15 19:07:00
EVT-0003182,IF_SAPPROC_ORIM_001,SAP_ERP,ORACLE_SCM,REST_API,REST,Success,,,,3206,SESS-EDBD6D24FE,REQ-C4D310A400A0,2026-09-16 05:11:15
EVT-0003183,IF_SAPPROC_ORIM_001,SAP_ERP,ORACLE_SCM,REST_API,REST,Success,,,,2197,SESS-4FF3D6F538,REQ-D442CC5CE89E,2026-09-16 14:33:21
EVT-0003192,IF_SAPPP_MESPE_001,SAP_ERP,MES,Kafka,Async,Success,,,,998,SESS-64C9BCC8FA,REQ-51BAA9945291,2026-09-14 11:36:02
EVT-0003198,IF_SAPPP_ORSC_001,SAP_ERP,ORACLE_SCM,Kafka,Async,Success,,,,749,SESS-5FBF7F2CEB,REQ-DFEBA438FF31,2026-09-13 22:55:24
EVT-0003201,IF_SAPQM_MESPE_001,SAP_ERP,MES,Kafka,Async,Success,,,,1377,SESS-0A2713354C,REQ-1E3EB8DDD2E0,2026-09-12 05:55:12
EVT-0003205,IF_SAPPROC_ORIM_001,SAP_ERP,ORACLE_SCM,REST_API,REST,Success,,,,2665,SESS-20EDC7F571,REQ-070E0295ABB5,2026-09-11 11:50:47
EVT-0003207,IF_SAPPROC_ORIM_001,SAP_ERP,ORACLE_SCM,REST_API,REST,Retry,NET_CONN_003,Connection reset by peer,Network,4840,SESS-1F120AD2A9,REQ-AD86267D083B,2026-09-13 01:32:24
EVT-0003215,IF_SAPQM_MESPE_001,SAP_ERP,MES,Kafka,Async,Retry,INFRA_008,Runtime node unavailable,Infrastructure,3020,SESS-73DC3D024A,REQ-4CB8BC9D143C,2026-09-11 13:06:42
EVT-0003223,IF_SAPQM_ORWMS_001,SAP_ERP,ORACLE_SCM,Kafka,Async,Success,,,,2478,SESS-7105CA4BF3,REQ-4733435FF14B,2026-09-13 13:03:17
EVT-0003227,IF_SAPQM_ORWMS_001,SAP_ERP,ORACLE_SCM,Kafka,Async,Success,,,,1716,SESS-58EF6BF883,REQ-D79BABC4ACBB,2026-09-11 21:52:16
EVT-0003228,IF_SAPPP_MESPE_001,SAP_ERP,MES,Kafka,Async,Success,,,,874,SESS-1ADF4D006C,REQ-70E69CCF8E5C,2026-09-11 22:18:25
EVT-0003232,IF_SAPPROC_ORWMS_001,SAP_ERP,ORACLE_SCM,SFTP,Batch,Success,,,,12839,SESS-887740C0B6,REQ-24ADCA37DA1F,2026-09-15 17:40:24
EVT-0003234,IF_SAPPP_MESPE_001,SAP_ERP,MES,Kafka,Async,Success,,,,978,SESS-0BA1ADFA45,REQ-049EFF94DD8C,2026-09-15 08:39:11
EVT-0003236,IF_SAPPP_MESPE_001,SAP_ERP,MES,Kafka,Async,Success,,,,1112,SESS-4DBC9FCD64,REQ-C03147768FA4,2026-09-13 15:06:43
EVT-0003243,IF_SAPPROC_ORIM_001,SAP_ERP,ORACLE_SCM,REST_API,REST,Failed,CFG_017,Interface configuration mismatch,Configuration,9520,SESS-E75F69761A,REQ-7B23AB8CCAD5,2026-09-14 01:55:20
EVT-0003248,IF_SAPPROC_ORIM_001,SAP_ERP,ORACLE_SCM,REST_API,REST,Success,,,,1470,SESS-CACDB4CA50,REQ-080B539008A3,2026-09-15 13:43:31
EVT-0003254,IF_SAPPP_MESPE_001,SAP_ERP,MES,Kafka,Async,Retry,VAL_400,Required business field failed validation,Validation,2495,SESS-D255E02922,REQ-6542BB7009A0,2026-09-14 18:57:15
EVT-0003257,IF_SAPPROC_ORWMS_001,SAP_ERP,ORACLE_SCM,SFTP,Batch,Success,,,,10999,SESS-520856858F,REQ-30700FC7FA6E,2026-09-13 09:41:49
EVT-0003262,IF_SAPQM_MESPE_001,SAP_ERP,MES,Kafka,Async,Retry,VAL_400,Required business field failed validation,Validation,1599,SESS-96EE32F0C4,REQ-DAFE08D54758,2026-09-11 16:33:02
EVT-0003264,IF_SAPPROC_ORWMS_001,SAP_ERP,ORACLE_SCM,SFTP,Batch,Success,,,,16667,SESS-4BFE1A2B89,REQ-A1851B6407F2,2026-09-15 08:53:22
EVT-0003266,IF_SAPQM_MESPE_001,SAP_ERP,MES,Kafka,Async,Success,,,,1054,SESS-8829AF5FD7,REQ-4230E4E96126,2026-09-10 00:22:46
EVT-0003267,IF_SAPPP_MESPE_001,SAP_ERP,MES,Kafka,Async,Failed,CFG_017,Interface configuration mismatch,Configuration,1626,SESS-17AA06006F,REQ-A731FE9CC8AA,2026-09-11 17:06:25
EVT-0003272,IF_SAPPP_MESPE_001,SAP_ERP,MES,Kafka,Async,Success,,,,723,SESS-8A9421AD9C,REQ-93DBEEA4F5BC,2026-09-10 05:41:08
EVT-0003273,IF_SAPPP_ORSC_001,SAP_ERP,ORACLE_SCM,Kafka,Async,Success,,,,1686,SESS-D26108AE79,REQ-A3AA7FB7630D,2026-09-16 14:40:49
EVT-0003282,IF_SAPPP_ORSC_001,SAP_ERP,ORACLE_SCM,Kafka,Async,Success,,,,1599,SESS-3070CD1419,REQ-C6741C0A97A2,2026-09-16 12:58:25
EVT-0003303,IF_SAPQM_ORWMS_001,SAP_ERP,ORACLE_SCM,Kafka,Async,Success,,,,2211,SESS-F657F8A201,REQ-1701FD484B89,2026-09-13 21:30:36
EVT-0003304,IF_SAPPROC_ORIM_001,SAP_ERP,ORACLE_SCM,REST_API,REST,Success,,,,2554,SESS-514A1CEA93,REQ-320EB4CD2E7D,2026-09-10 17:13:12
EVT-0003310,IF_SAPPROC_ORWMS_001,SAP_ERP,ORACLE_SCM,SFTP,Batch,Retry,INFRA_008,Runtime node unavailable,Infrastructure,25478,SESS-D968C7E11E,REQ-6422D1480339,2026-09-15 06:47:15
EVT-0003312,IF_SAPQM_ORWMS_001,SAP_ERP,ORACLE_SCM,Kafka,Async,Success,,,,2498,SESS-690937FC47,REQ-8F60C743AE0C,2026-09-16 10:32:15
EVT-0003314,IF_SAPPP_ORSC_001,SAP_ERP,ORACLE_SCM,Kafka,Async,Success,,,,1462,SESS-B7C522FC64,REQ-DA9AE2EE5728,2026-09-16 08:46:18
EVT-0003322,IF_SAPQM_ORWMS_001,SAP_ERP,ORACLE_SCM,Kafka,Async,Success,,,,2010,SESS-378B38AA66,REQ-718D02183007,2026-09-14 18:42:44
EVT-0003323,IF_SAPPP_ORSC_001,SAP_ERP,ORACLE_SCM,Kafka,Async,Success,,,,1420,SESS-58364505C3,REQ-EA478CA801EC,2026-09-15 02:59:22
EVT-0003328,IF_SAPQM_ORWMS_001,SAP_ERP,ORACLE_SCM,Kafka,Async,Failed,INFRA_008,Runtime node unavailable,Infrastructure,12303,SESS-4E6B9FA8E3,REQ-C257632925E2,2026-09-10 12:19:23
EVT-0003331,IF_SAPQM_MESPE_001,SAP_ERP,MES,Kafka,Async,Success,,,,1111,SESS-5A879DCAE8,REQ-1173725D3D5B,2026-09-10 01:58:49
EVT-0003333,IF_SAPQM_ORWMS_001,SAP_ERP,ORACLE_SCM,Kafka,Async,Retry,AUTH_401,Service credential rejected,Authentication,7723,SESS-A0A1B96FBE,REQ-BC0D2A1C1251,2026-09-13 12:01:07
EVT-0003335,IF_SAPPP_ORSC_001,SAP_ERP,ORACLE_SCM,Kafka,Async,Success,,,,1576,SESS-84F72067F9,REQ-B6F6442825E6,2026-09-11 14:18:55
EVT-0003339,IF_SAPPP_ORSC_001,SAP_ERP,ORACLE_SCM,Kafka,Async,Success,,,,958,SESS-EAC5EE6FCA,REQ-3841786A20C4,2026-09-16 02:30:55
EVT-0003342,IF_SAPPP_ORSC_001,SAP_ERP,ORACLE_SCM,Kafka,Async,Success,,,,1192,SESS-144B4E7FF3,REQ-E36A62086756,2026-09-16 12:08:31
EVT-0003344,IF_SAPQM_MESPE_001,SAP_ERP,MES,Kafka,Async,Success,,,,874,SESS-3BB0C22928,REQ-65AD2CFEB83E,2026-09-14 08:45:57
EVT-0003348,IF_SAPQM_ORWMS_001,SAP_ERP,ORACLE_SCM,Kafka,Async,Success,,,,1653,SESS-8C3EB6ED72,REQ-DB91D431A0B6,2026-09-14 21:07:50
EVT-0003350,IF_SAPQM_ORWMS_001,SAP_ERP,ORACLE_SCM,Kafka,Async,Success,,,,2021,SESS-610586E10A,REQ-4A6A9236F0C5,2026-09-11 05:32:17
EVT-0003352,IF_SAPQM_MESPE_001,SAP_ERP,MES,Kafka,Async,Success,,,,1073,SESS-7064692D4E,REQ-2934CFAA3BE5,2026-09-14 02:18:44
EVT-0003353,IF_SAPPP_MESPE_001,SAP_ERP,MES,Kafka,Async,Success,,,,725,SESS-5ABB114F58,REQ-3CD416241A75,2026-09-10 15:11:02
EVT-0003358,IF_SAPPROC_ORIM_001,SAP_ERP,ORACLE_SCM,REST_API,REST,Success,,,,2705,SESS-B19BF2E137,REQ-690C00072F30,2026-09-15 13:06:56
EVT-0003364,IF_SAPPP_MESPE_001,SAP_ERP,MES,Kafka,Async,Success,,,,982,SESS-C413A6743E,REQ-CF47C70BB180,2026-09-14 10:59:06
EVT-0003367,IF_SAPPP_MESPE_001,SAP_ERP,MES,Kafka,Async,Success,,,,568,SESS-B5C704DA9C,REQ-67B783E38F9A,2026-09-12 15:49:49
EVT-0003371,IF_SAPQM_ORWMS_001,SAP_ERP,ORACLE_SCM,Kafka,Async,Success,,,,2376,SESS-A8E49362BC,REQ-F53A2847BE20,2026-09-13 12:57:42
EVT-0003373,IF_SAPFIN_HCMPAY_001,SAP_ERP,HCM,SFTP,Batch,Success,,,,18926,SESS-141EFDA57F,REQ-F348F999811A,2026-09-13 14:56:17
EVT-0003375,IF_SAPPP_ORSC_001,SAP_ERP,ORACLE_SCM,Kafka,Async,Success,,,,844,SESS-367559E71E,REQ-CFEA585811F3,2026-09-11 19:32:30
EVT-0003376,IF_SAPQM_MESPE_001,SAP_ERP,MES,Kafka,Async,Success,,,,1182,SESS-401FBCFA79,REQ-2BC6AE74D857,2026-09-14 08:13:36
EVT-0003379,IF_SAPFIN_HCMPAY_001,SAP_ERP,HCM,SFTP,Batch,Success,,,,18113,SESS-66F9FA35F0,REQ-BA020CD5FCF2,2026-09-15 08:48:09
EVT-0003382,IF_SAPPROC_ORWMS_001,SAP_ERP,ORACLE_SCM,SFTP,Batch,Success,,,,15788,SESS-2D011F1FC4,REQ-669B8CA1B14A,2026-09-15 17:05:16
EVT-0003384,IF_SAPPP_MESPE_001,SAP_ERP,MES,Kafka,Async,Success,,,,680,SESS-629C6953BC,REQ-C904D873F041,2026-09-15 20:24:53
EVT-0003385,IF_SAPPROC_ORIM_001,SAP_ERP,ORACLE_SCM,REST_API,REST,Success,,,,3011,SESS-8121BA5673,REQ-5533DF35CD64,2026-09-10 01:37:51
EVT-0003393,IF_SAPPROC_ORIM_001,SAP_ERP,ORACLE_SCM,REST_API,REST,Success,,,,1572,SESS-6350FC3D5F,REQ-054C5A5EEDAF,2026-09-14 21:07:53
EVT-0003397,IF_SAPPP_MESPE_001,SAP_ERP,MES,Kafka,Async,Retry,AUTH_401,Service credential rejected,Authentication,3273,SESS-FFC9C323D8,REQ-36C2302BFC42,2026-09-10 19:53:38
EVT-0003401,IF_SAPFIN_HCMPAY_001,SAP_ERP,HCM,SFTP,Batch,Success,,,,19349,SESS-14A543E836,REQ-B939D8BC7C7C,2026-09-16 12:40:50
EVT-0003404,IF_SAPQM_MESPE_001,SAP_ERP,MES,Kafka,Async,Success,,,,935,SESS-5E44D8B813,REQ-07C95655EA6C,2026-09-12 18:48:09
EVT-0003411,IF_SAPPP_ORSC_001,SAP_ERP,ORACLE_SCM,Kafka,Async,Failed,TIME_004,Downstream response exceeded SLA,Timeout,2487,SESS-B79060D884,REQ-C87C58006E54,2026-09-15 04:55:26
EVT-0003416,IF_SAPPROC_ORIM_001,SAP_ERP,ORACLE_SCM,REST_API,REST,Success,,,,3109,SESS-40D241E429,REQ-1DF924485D4E,2026-09-12 12:08:56
EVT-0003429,IF_SAPPROC_ORIM_001,SAP_ERP,ORACLE_SCM,REST_API,REST,Success,,,,3296,SESS-53B20A6A8C,REQ-DD80CA14280E,2026-09-11 15:08:35
EVT-0003430,IF_SAPPROC_ORWMS_001,SAP_ERP,ORACLE_SCM,SFTP,Batch,Success,,,,15476,SESS-71501639F1,REQ-88F19678F115,2026-09-10 19:52:41
EVT-0003436,IF_SAPPROC_ORWMS_001,SAP_ERP,ORACLE_SCM,SFTP,Batch,Success,,,,11071,SESS-CD9FCDE333,REQ-725DBF425DA7,2026-09-14 20:38:45
EVT-0003438,IF_SAPPROC_ORIM_001,SAP_ERP,ORACLE_SCM,REST_API,REST,Success,,,,2109,SESS-EECAC80ECA,REQ-2FE074E61CD3,2026-09-10 08:32:15
EVT-0003464,IF_SAPPROC_ORIM_001,SAP_ERP,ORACLE_SCM,REST_API,REST,Success,,,,2356,SESS-50E443F8AF,REQ-1FE8223356CA,2026-09-10 15:52:00
EVT-0003469,IF_SAPPP_ORSC_001,SAP_ERP,ORACLE_SCM,Kafka,Async,Success,,,,1474,SESS-EF0E4C8693,REQ-0822CCD85D50,2026-09-16 07:09:26
EVT-0003476,IF_SAPQM_MESPE_001,SAP_ERP,MES,Kafka,Async,Success,,,,899,SESS-D9D97A843F,REQ-CAF151468457,2026-09-15 11:27:22
EVT-0003480,IF_SAPPROC_ORWMS_001,SAP_ERP,ORACLE_SCM,SFTP,Batch,Success,,,,16726,SESS-E709A81728,REQ-6614DB790BC8,2026-09-14 13:16:52
EVT-0003492,IF_SAPPP_ORSC_001,SAP_ERP,ORACLE_SCM,Kafka,Async,Success,,,,1202,SESS-E7B5A9C8AC,REQ-A4EC8DE5B225,2026-09-12 21:55:39
EVT-0003496,IF_SAPPP_ORSC_001,SAP_ERP,ORACLE_SCM,Kafka,Async,Success,,,,680,SESS-A7CAEE0FF9,REQ-91E4CE1EAF77,2026-09-16 21:41:23
EVT-0003513,IF_SAPQM_MESPE_001,SAP_ERP,MES,Kafka,Async,Success,,,,1104,SESS-3ACE850C2A,REQ-F7A3FE68C100,2026-09-10 13:42:37
EVT-0003517,IF_SAPPP_MESPE_001,SAP_ERP,MES,Kafka,Async,Success,,,,650,SESS-3FBA64FE39,REQ-E21B02FE7466,2026-09-11 08:11:39
EVT-0003522,IF_SAPPP_MESPE_001,SAP_ERP,MES,Kafka,Async,Success,,,,1171,SESS-4075ED9492,REQ-F8CE3DB1A70E,2026-09-10 16:22:58
EVT-0003523,IF_SAPFIN_HCMPAY_001,SAP_ERP,HCM,SFTP,Batch,Success,,,,15618,SESS-54CCF77DCE,REQ-12E0D592E7B4,2026-09-12 18:57:08
EVT-0003529,IF_SAPPROC_ORWMS_001,SAP_ERP,ORACLE_SCM,SFTP,Batch,Success,,,,16226,SESS-EED0B4D311,REQ-F8437A46678D,2026-09-14 21:54:06
EVT-0003531,IF_SAPFIN_HCMPAY_001,SAP_ERP,HCM,SFTP,Batch,Success,,,,10567,SESS-BC2DE44B20,REQ-D569E5ECB39B,2026-09-11 18:01:10
EVT-0003538,IF_SAPQM_ORWMS_001,SAP_ERP,ORACLE_SCM,Kafka,Async,Success,,,,2104,SESS-59128107DE,REQ-52C1560A06CC,2026-09-13 09:20:16
EVT-0003542,IF_SAPPP_ORSC_001,SAP_ERP,ORACLE_SCM,Kafka,Async,Retry,AUTHZ_403,Caller is not authorized,Authorization,3424,SESS-2822A67112,REQ-8E4200A1D457,2026-09-13 13:22:03
EVT-0003546,IF_SAPQM_ORWMS_001,SAP_ERP,ORACLE_SCM,Kafka,Async,Success,,,,1363,SESS-C60519259E,REQ-C4ECC07EB04B,2026-09-10 18:24:18
EVT-0003554,IF_SAPPP_ORSC_001,SAP_ERP,ORACLE_SCM,Kafka,Async,Success,,,,1352,SESS-5CE9763101,REQ-E01D2E52DCF3,2026-09-16 13:18:30
EVT-0003555,IF_SAPFIN_HCMPAY_001,SAP_ERP,HCM,SFTP,Batch,Retry,NET_CONN_003,Connection reset by peer,Network,27489,SESS-FEE24EE301,REQ-4272F9C6345A,2026-09-10 08:06:30
EVT-0003558,IF_SAPQM_ORWMS_001,SAP_ERP,ORACLE_SCM,Kafka,Async,Success,,,,2414,SESS-EBBBCFFE7A,REQ-C8A2BB871D28,2026-09-12 23:40:37
EVT-0003559,IF_SAPPP_ORSC_001,SAP_ERP,ORACLE_SCM,Kafka,Async,Success,,,,1238,SESS-7744BF00DB,REQ-7F5FE805897F,2026-09-16 05:37:32
EVT-0003562,IF_SAPQM_MESPE_001,SAP_ERP,MES,Kafka,Async,Success,,,,653,SESS-C023F3A5DD,REQ-F1DE5E83197F,2026-09-13 05:27:43
EVT-0003577,IF_SAPFIN_HCMPAY_001,SAP_ERP,HCM,SFTP,Batch,Success,,,,9619,SESS-45A8DA7E67,REQ-F4477E31FFF8,2026-09-10 02:57:29
EVT-0003581,IF_SAPPROC_ORWMS_001,SAP_ERP,ORACLE_SCM,SFTP,Batch,Success,,,,13549,SESS-75596C970E,REQ-8315A37CC9A2,2026-09-13 17:32:50
EVT-0003592,IF_SAPPROC_ORIM_001,SAP_ERP,ORACLE_SCM,REST_API,REST,Success,,,,2453,SESS-9C5C49C9ED,REQ-C28EFAED47AB,2026-09-13 08:23:15
EVT-0003593,IF_SAPPP_ORSC_001,SAP_ERP,ORACLE_SCM,Kafka,Async,Success,,,,916,SESS-E7F7B7F2FE,REQ-334F447562A1,2026-09-13 05:26:48
EVT-0003598,IF_SAPQM_MESPE_001,SAP_ERP,MES,Kafka,Async,Success,,,,674,SESS-87287A20F2,REQ-6FC5E80F8FAD,2026-09-16 02:39:15
EVT-0003599,IF_SAPQM_MESPE_001,SAP_ERP,MES,Kafka,Async,Success,,,,593,SESS-B0EC74DA2A,REQ-089BBD4C29B5,2026-09-11 02:51:55
EVT-0003602,IF_SAPFIN_HCMPAY_001,SAP_ERP,HCM,SFTP,Batch,Success,,,,11958,SESS-05CBBD145E,REQ-1B7A68694A4A,2026-09-13 07:37:00
EVT-0003607,IF_SAPPP_ORSC_001,SAP_ERP,ORACLE_SCM,Kafka,Async,Success,,,,1536,SESS-39A94BE50E,REQ-7718F0B094D2,2026-09-11 05:34:19
EVT-0003610,IF_SAPQM_ORWMS_001,SAP_ERP,ORACLE_SCM,Kafka,Async,Success,,,,2174,SESS-A1FE6671FF,REQ-1D3AE24AC7F0,2026-09-12 17:44:35
EVT-0003611,IF_SAPPP_MESPE_001,SAP_ERP,MES,Kafka,Async,Success,,,,897,SESS-F210E146B1,REQ-ADD996537FE8,2026-09-11 23:18:35
EVT-0003613,IF_SAPPROC_ORWMS_001,SAP_ERP,ORACLE_SCM,SFTP,Batch,Success,,,,13997,SESS-2C69511478,REQ-8AC8E040DF13,2026-09-12 21:50:46
EVT-0003622,IF_SAPPP_ORSC_001,SAP_ERP,ORACLE_SCM,Kafka,Async,Success,,,,1790,SESS-5D17B17B6C,REQ-D8839CD8606C,2026-09-11 13:38:58
EVT-0003632,IF_SAPPP_MESPE_001,SAP_ERP,MES,Kafka,Async,Retry,NET_CONN_003,Connection reset by peer,Network,2065,SESS-D8348723B0,REQ-17B21C93E397,2026-09-16 15:06:48
EVT-0003636,IF_SAPPP_ORSC_001,SAP_ERP,ORACLE_SCM,Kafka,Async,Success,,,,1477,SESS-9F51E7AED4,REQ-0769ED2F7ACB,2026-09-12 16:36:23
EVT-0003650,IF_SAPPROC_ORIM_001,SAP_ERP,ORACLE_SCM,REST_API,REST,Success,,,,2437,SESS-058ABDD1C0,REQ-485F24D284E3,2026-09-12 02:14:33
EVT-0003654,IF_SAPPP_ORSC_001,SAP_ERP,ORACLE_SCM,Kafka,Async,Success,,,,1242,SESS-955DB9292B,REQ-50849E405BFC,2026-09-16 20:04:48
EVT-0003657,IF_SAPPROC_ORIM_001,SAP_ERP,ORACLE_SCM,REST_API,REST,Success,,,,2079,SESS-D7FB6A747F,REQ-EF27D50E13BD,2026-09-15 18:40:42
EVT-0003668,IF_SAPPROC_ORIM_001,SAP_ERP,ORACLE_SCM,REST_API,REST,Success,,,,2289,SESS-F93340CEFF,REQ-60A33221A41B,2026-09-12 15:13:33
EVT-0003669,IF_SAPPP_MESPE_001,SAP_ERP,MES,Kafka,Async,Success,,,,869,SESS-E45B2CA083,REQ-46405643A7D6,2026-09-15 09:10:40
EVT-0003678,IF_SAPPROC_ORIM_001,SAP_ERP,ORACLE_SCM,REST_API,REST,Success,,,,2192,SESS-C5408CB33F,REQ-B4A93617B217,2026-09-12 17:49:05
EVT-0003682,IF_SAPQM_ORWMS_001,SAP_ERP,ORACLE_SCM,Kafka,Async,Success,,,,2366,SESS-C9DD95A375,REQ-A7F781313CDD,2026-09-15 12:27:01
EVT-0003683,IF_SAPFIN_HCMPAY_001,SAP_ERP,HCM,SFTP,Batch,Success,,,,15319,SESS-5E802C3C24,REQ-82F146713759,2026-09-14 06:12:27
EVT-0003686,IF_SAPPROC_ORIM_001,SAP_ERP,ORACLE_SCM,REST_API,REST,Success,,,,2737,SESS-FFFB9617C6,REQ-6D1DCF4D8EAE,2026-09-14 21:33:18
EVT-0003688,IF_SAPQM_ORWMS_001,SAP_ERP,ORACLE_SCM,Kafka,Async,Success,,,,1580,SESS-2368B2D5B9,REQ-9011AF0A25D5,2026-09-12 21:28:00
EVT-0003690,IF_SAPPP_MESPE_001,SAP_ERP,MES,Kafka,Async,Retry,CFG_017,Interface configuration mismatch,Configuration,1464,SESS-4F48FD749A,REQ-51BEEE885E98,2026-09-10 15:37:18
EVT-0003702,IF_SAPQM_ORWMS_001,SAP_ERP,ORACLE_SCM,Kafka,Async,Success,,,,1717,SESS-C54C6D5110,REQ-001252B281A9,2026-09-14 02:22:43
EVT-0003706,IF_SAPPROC_ORIM_001,SAP_ERP,ORACLE_SCM,REST_API,REST,Success,,,,2259,SESS-879C7FE427,REQ-F3E5ACC33352,2026-09-15 17:21:36
EVT-0003708,IF_SAPPROC_ORWMS_001,SAP_ERP,ORACLE_SCM,SFTP,Batch,Success,,,,13200,SESS-5F25F16702,REQ-670789793E0D,2026-09-16 16:46:44
EVT-0003718,IF_SAPPROC_ORWMS_001,SAP_ERP,ORACLE_SCM,SFTP,Batch,Success,,,,17934,SESS-D017F8145F,REQ-4C341BC57774,2026-09-12 03:14:01
EVT-0003722,IF_SAPPROC_ORWMS_001,SAP_ERP,ORACLE_SCM,SFTP,Batch,Success,,,,14424,SESS-DA8CBAAC4A,REQ-1A3501E467AE,2026-09-12 07:52:10
EVT-0003732,IF_SAPQM_ORWMS_001,SAP_ERP,ORACLE_SCM,Kafka,Async,Success,,,,2785,SESS-B4B369B43F,REQ-2BBAE6CF2B4D,2026-09-12 18:33:05
EVT-0003740,IF_SAPFIN_HCMPAY_001,SAP_ERP,HCM,SFTP,Batch,Success,,,,19703,SESS-DB1106719B,REQ-999577AEE7C0,2026-09-16 21:51:58
EVT-0003745,IF_SAPFIN_HCMPAY_001,SAP_ERP,HCM,SFTP,Batch,Success,,,,14115,SESS-7CD71055BD,REQ-A261EC4762CC,2026-09-11 09:15:44
EVT-0003756,IF_SAPFIN_HCMPAY_001,SAP_ERP,HCM,SFTP,Batch,Success,,,,10734,SESS-313E1541AD,REQ-8D53A6C27370,2026-09-15 08:02:15
EVT-0003757,IF_SAPPP_MESPE_001,SAP_ERP,MES,Kafka,Async,Success,,,,965,SESS-A7BB346DAD,REQ-1E16C79F768C,2026-09-13 15:25:39
EVT-0003758,IF_SAPPP_ORSC_001,SAP_ERP,ORACLE_SCM,Kafka,Async,Retry,NET_CONN_003,Connection reset by peer,Network,3070,SESS-B8557108EB,REQ-8838314276FA,2026-09-14 12:52:25
EVT-0003763,IF_SAPPROC_ORIM_001,SAP_ERP,ORACLE_SCM,REST_API,REST,Retry,AUTHZ_403,Caller is not authorized,Authorization,5278,SESS-C242CE6182,REQ-E216A66D7F3C,2026-09-13 18:48:01
EVT-0003765,IF_SAPFIN_HCMPAY_001,SAP_ERP,HCM,SFTP,Batch,Success,,,,16075,SESS-3E7362D8D2,REQ-E14817BB7C74,2026-09-13 18:38:06
EVT-0003769,IF_SAPPROC_ORWMS_001,SAP_ERP,ORACLE_SCM,SFTP,Batch,Success,,,,13986,SESS-7E85D30F84,REQ-66A2EA5CE90C,2026-09-16 09:34:30
EVT-0003770,IF_SAPQM_MESPE_001,SAP_ERP,MES,Kafka,Async,Failed,CAP_003,Downstream service is at capacity,Capacity,5336,SESS-B1832961E4,REQ-67650BDF5D50,2026-09-16 01:03:59
EVT-0003771,IF_SAPFIN_HCMPAY_001,SAP_ERP,HCM,SFTP,Batch,Success,,,,16276,SESS-44865448A9,REQ-469A129639A7,2026-09-16 15:06:08
EVT-0003773,IF_SAPPP_ORSC_001,SAP_ERP,ORACLE_SCM,Kafka,Async,Retry,DB_COMMIT_014,Transaction commit failed,Database,2667,SESS-050B0DC5FE,REQ-B2CDE64AF675,2026-09-16 04:04:46
EVT-0003785,IF_SAPQM_MESPE_001,SAP_ERP,MES,Kafka,Async,Success,,,,831,SESS-785F685503,REQ-8B251F9F4FCC,2026-09-15 23:42:26
EVT-0003786,IF_SAPFIN_HCMPAY_001,SAP_ERP,HCM,SFTP,Batch,Success,,,,14614,SESS-26F82B0CC0,REQ-8446FB4DCBFA,2026-09-12 03:05:55
EVT-0003788,IF_SAPPP_MESPE_001,SAP_ERP,MES,Kafka,Async,Success,,,,1194,SESS-E03DC619A5,REQ-31189A228AD6,2026-09-15 02:24:17
EVT-0003789,IF_SAPFIN_HCMPAY_001,SAP_ERP,HCM,SFTP,Batch,Success,,,,17101,SESS-A6DFE4DE9C,REQ-B71DB33BD6C1,2026-09-12 13:02:53
EVT-0003793,IF_SAPFIN_HCMPAY_001,SAP_ERP,HCM,SFTP,Batch,Success,,,,17526,SESS-764E50D0CF,REQ-7E1996C852A8,2026-09-14 07:30:15
EVT-0003794,IF_SAPPROC_ORWMS_001,SAP_ERP,ORACLE_SCM,SFTP,Batch,Success,,,,12348,SESS-8C624B3DA4,REQ-4B5DEF934285,2026-09-10 08:56:29
EVT-0003802,IF_SAPPP_ORSC_001,SAP_ERP,ORACLE_SCM,Kafka,Async,Retry,TIME_004,Downstream response exceeded SLA,Timeout,4381,SESS-44033C6EC1,REQ-5EB65F9610CD,2026-09-10 03:29:01
EVT-0003806,IF_SAPPROC_ORWMS_001,SAP_ERP,ORACLE_SCM,SFTP,Batch,Success,,,,13731,SESS-E9A010DA99,REQ-C818605E52F6,2026-09-16 02:06:05
EVT-0003810,IF_SAPPP_MESPE_001,SAP_ERP,MES,Kafka,Async,Retry,DB_COMMIT_014,Transaction commit failed,Database,1835,SESS-ED9F35A5E9,REQ-70FF576F2D31,2026-09-10 08:46:04
EVT-0003812,IF_SAPFIN_HCMPAY_001,SAP_ERP,HCM,SFTP,Batch,Success,,,,15680,SESS-619FEFE798,REQ-AA7B2FDDD70D,2026-09-10 19:04:46
EVT-0003813,IF_SAPFIN_HCMPAY_001,SAP_ERP,HCM,SFTP,Batch,Success,,,,12610,SESS-D6203FEA34,REQ-58398471314B,2026-09-16 17:07:36
EVT-0003815,IF_SAPQM_ORWMS_001,SAP_ERP,ORACLE_SCM,Kafka,Async,Failed,CFG_017,Interface configuration mismatch,Configuration,13966,SESS-7CF5291439,REQ-EA721125E8C2,2026-09-14 16:13:20
EVT-0003818,IF_SAPQM_ORWMS_001,SAP_ERP,ORACLE_SCM,Kafka,Async,Success,,,,1730,SESS-4926904360,REQ-87A3C56574E5,2026-09-15 04:54:23
EVT-0003821,IF_SAPPP_ORSC_001,SAP_ERP,ORACLE_SCM,Kafka,Async,Success,,,,1569,SESS-2891278255,REQ-FDFD5F959D0B,2026-09-16 02:43:20
EVT-0003826,IF_SAPQM_MESPE_001,SAP_ERP,MES,Kafka,Async,Success,,,,1279,SESS-7D320DA0D3,REQ-70D1BD01C4B8,2026-09-12 09:05:36
EVT-0003827,IF_SAPFIN_HCMPAY_001,SAP_ERP,HCM,SFTP,Batch,Success,,,,14344,SESS-6217AD3CCC,REQ-CA9A75FBD238,2026-09-16 02:06:27
EVT-0003829,IF_SAPQM_MESPE_001,SAP_ERP,MES,Kafka,Async,Success,,,,1011,SESS-A3FC4D7B5E,REQ-8385F6BCE6F0,2026-09-16 13:47:15
EVT-0003837,IF_SAPPP_MESPE_001,SAP_ERP,MES,Kafka,Async,Success,,,,848,SESS-DC72A60C64,REQ-C9B79D9D7058,2026-09-11 02:06:04
EVT-0003840,IF_SAPPP_ORSC_001,SAP_ERP,ORACLE_SCM,Kafka,Async,Success,,,,772,SESS-5D0E3AF9C1,REQ-A031767ED83E,2026-09-12 20:53:01
EVT-0003843,IF_SAPQM_MESPE_001,SAP_ERP,MES,Kafka,Async,Success,,,,974,SESS-0AE95BFF8D,REQ-EDD37019189B,2026-09-15 15:23:04
EVT-0003848,IF_SAPPROC_ORIM_001,SAP_ERP,ORACLE_SCM,REST_API,REST,Success,,,,2264,SESS-CC4203718E,REQ-8529FB37F272,2026-09-10 00:01:14
EVT-0003855,IF_SAPPROC_ORIM_001,SAP_ERP,ORACLE_SCM,REST_API,REST,Success,,,,1556,SESS-DB419E4BD1,REQ-31D6A67D38EE,2026-09-16 03:44:31
EVT-0003868,IF_SAPQM_ORWMS_001,SAP_ERP,ORACLE_SCM,Kafka,Async,Success,,,,2578,SESS-5330868BC6,REQ-E756A80247BA,2026-09-15 18:53:15
EVT-0003873,IF_SAPPROC_ORWMS_001,SAP_ERP,ORACLE_SCM,SFTP,Batch,Retry,AUTH_401,Service credential rejected,Authentication,48131,SESS-C24C428B83,REQ-10E0369E53BA,2026-09-10 09:01:15
EVT-0003875,IF_SAPQM_MESPE_001,SAP_ERP,MES,Kafka,Async,Retry,NET_CONN_003,Connection reset by peer,Network,3085,SESS-CA93ECE34E,REQ-675E1460C234,2026-09-12 04:08:01
EVT-0003881,IF_SAPFIN_HCMPAY_001,SAP_ERP,HCM,SFTP,Batch,Success,,,,11625,SESS-9352126645,REQ-ACA314615DB9,2026-09-10 05:57:07
EVT-0003882,IF_SAPQM_ORWMS_001,SAP_ERP,ORACLE_SCM,Kafka,Async,Failed,DB_COMMIT_014,Transaction commit failed,Database,12298,SESS-13DA618250,REQ-52C465251B65,2026-09-10 15:00:16
EVT-0003885,IF_SAPQM_MESPE_001,SAP_ERP,MES,Kafka,Async,Retry,EXT_502,Downstream service returned 502,External Service,2846,SESS-E1C8D9FEB2,REQ-4DF74E2DE2DC,2026-09-10 20:19:39
EVT-0003887,IF_SAPPROC_ORWMS_001,SAP_ERP,ORACLE_SCM,SFTP,Batch,Success,,,,7873,SESS-23BAD312A0,REQ-27DA6429C580,2026-09-12 16:48:20
EVT-0003888,IF_SAPPROC_ORWMS_001,SAP_ERP,ORACLE_SCM,SFTP,Batch,Retry,AUTHZ_403,Caller is not authorized,Authorization,23403,SESS-954A789F2B,REQ-5AAD01845753,2026-09-12 20:51:11
EVT-0003893,IF_SAPPP_ORSC_001,SAP_ERP,ORACLE_SCM,Kafka,Async,Success,,,,1120,SESS-F60E69A4A5,REQ-FC43AB01A06B,2026-09-12 18:09:48
EVT-0003900,IF_SAPPP_ORSC_001,SAP_ERP,ORACLE_SCM,Kafka,Async,Success,,,,1445,SESS-61BC0FBE88,REQ-AC22DDEF0048,2026-09-12 09:14:03
EVT-0003902,IF_SAPPP_MESPE_001,SAP_ERP,MES,Kafka,Async,Success,,,,909,SESS-0BBCF5C686,REQ-5D5FE784A096,2026-09-11 12:49:21
EVT-0003903,IF_SAPQM_MESPE_001,SAP_ERP,MES,Kafka,Async,Success,,,,1030,SESS-6894A6EDA4,REQ-996C022C6C19,2026-09-16 06:30:40
EVT-0003905,IF_SAPPROC_ORIM_001,SAP_ERP,ORACLE_SCM,REST_API,REST,Retry,CAP_003,Downstream service is at capacity,Capacity,5062,SESS-1637EFCE41,REQ-4097279FEA2B,2026-09-10 12:22:13
EVT-0003908,IF_SAPQM_ORWMS_001,SAP_ERP,ORACLE_SCM,Kafka,Async,Failed,INFRA_008,Runtime node unavailable,Infrastructure,15652,SESS-9CBABB9048,REQ-00DD86EF9F48,2026-09-15 01:41:00
EVT-0003909,IF_SAPPROC_ORIM_001,SAP_ERP,ORACLE_SCM,REST_API,REST,Failed,INFRA_008,Runtime node unavailable,Infrastructure,13653,SESS-B9179C65A5,REQ-A0DB432DBA1A,2026-09-16 18:07:52
EVT-0003913,IF_SAPPROC_ORIM_001,SAP_ERP,ORACLE_SCM,REST_API,REST,Failed,CFG_017,Interface configuration mismatch,Configuration,14352,SESS-921AB3BA3B,REQ-E56B462D2AE4,2026-09-11 14:43:06
EVT-0003919,IF_SAPQM_MESPE_001,SAP_ERP,MES,Kafka,Async,Failed,DB_COMMIT_014,Transaction commit failed,Database,2902,SESS-C9C302447E,REQ-5530814A2EF0,2026-09-16 09:05:43
EVT-0003925,IF_SAPPROC_ORWMS_001,SAP_ERP,ORACLE_SCM,SFTP,Batch,Success,,,,10793,SESS-9C9BB86D67,REQ-11C276E23706,2026-09-15 11:37:06
EVT-0003940,IF_SAPFIN_HCMPAY_001,SAP_ERP,HCM,SFTP,Batch,Success,,,,9503,SESS-660132FD4D,REQ-DC62963A5793,2026-09-12 03:31:32
EVT-0003952,IF_SAPPROC_ORIM_001,SAP_ERP,ORACLE_SCM,REST_API,REST,Success,,,,2665,SESS-267DB40BE4,REQ-B456B98E3E07,2026-09-15 17:47:10
EVT-0003953,IF_SAPPROC_ORWMS_001,SAP_ERP,ORACLE_SCM,SFTP,Batch,Success,,,,13956,SESS-62D712A2F3,REQ-8CA00F04AA37,2026-09-12 14:52:09
EVT-0003954,IF_SAPFIN_HCMPAY_001,SAP_ERP,HCM,SFTP,Batch,Retry,AUTHZ_403,Caller is not authorized,Authorization,26268,SESS-9D07FA9EB0,REQ-7808D25695CC,2026-09-16 11:04:31
EVT-0003956,IF_SAPQM_ORWMS_001,SAP_ERP,ORACLE_SCM,Kafka,Async,Success,,,,1878,SESS-FEEEB1819F,REQ-8BE146E928AD,2026-09-15 22:50:50
EVT-0003960,IF_SAPQM_ORWMS_001,SAP_ERP,ORACLE_SCM,Kafka,Async,Failed,CAP_003,Downstream service is at capacity,Capacity,13543,SESS-51DD6DBE8C,REQ-7F4D41B96B1E,2026-09-14 05:35:26
EVT-0003962,IF_SAPQM_MESPE_001,SAP_ERP,MES,Kafka,Async,Success,,,,1218,SESS-3B9F8CBF24,REQ-55FB3F810704,2026-09-15 14:01:10
EVT-0003963,IF_SAPFIN_HCMPAY_001,SAP_ERP,HCM,SFTP,Batch,Retry,CFG_017,Interface configuration mismatch,Configuration,45247,SESS-DB9109D534,REQ-8C57DDEC5517,2026-09-12 09:26:59
EVT-0003966,IF_SAPPP_ORSC_001,SAP_ERP,ORACLE_SCM,Kafka,Async,Success,,,,1369,SESS-6A657268B5,REQ-8CA552AFDF8D,2026-09-13 16:19:20
EVT-0003975,IF_SAPFIN_HCMPAY_001,SAP_ERP,HCM,SFTP,Batch,Success,,,,16081,SESS-8E719B2707,REQ-0F25021E832E,2026-09-14 16:08:50
EVT-0003976,IF_SAPPROC_ORWMS_001,SAP_ERP,ORACLE_SCM,SFTP,Batch,Retry,TIME_004,Downstream response exceeded SLA,Timeout,50211,SESS-E899B9DEE5,REQ-36A5AA64BF80,2026-09-11 04:56:58
EVT-0003983,IF_SAPFIN_HCMPAY_001,SAP_ERP,HCM,SFTP,Batch,Success,,,,15291,SESS-24F20639C2,REQ-D2A9D10029E6,2026-09-14 02:54:14
EVT-0003984,IF_SAPFIN_HCMPAY_001,SAP_ERP,HCM,SFTP,Batch,Success,,,,13671,SESS-FA36D9B686,REQ-9979E3214395,2026-09-13 09:06:33
EVT-0003985,IF_SAPPP_ORSC_001,SAP_ERP,ORACLE_SCM,Kafka,Async,Success,,,,1601,SESS-691773F22D,REQ-9F14C360B9A5,2026-09-10 08:07:35
EVT-0003987,IF_SAPPP_MESPE_001,SAP_ERP,MES,Kafka,Async,Success,,,,627,SESS-15B99C454B,REQ-EE0741BD7EAB,2026-09-16 03:00:41
EVT-0003993,IF_SAPQM_MESPE_001,SAP_ERP,MES,Kafka,Async,Success,,,,1181,SESS-1B83CE3E32,REQ-9F5A475D79EB,2026-09-15 19:02:15
EVT-0004002,IF_SAPPROC_ORIM_001,SAP_ERP,ORACLE_SCM,REST_API,REST,Retry,CAP_003,Downstream service is at capacity,Capacity,4879,SESS-CD1D05C3AC,REQ-54F61E8E8BA3,2026-09-16 08:37:47
EVT-0004005,IF_SAPPP_ORSC_001,SAP_ERP,ORACLE_SCM,Kafka,Async,Success,,,,1458,SESS-8AB7474EE4,REQ-3AD4C1A2B2AB,2026-09-15 11:48:47
EVT-0004006,IF_SAPPROC_ORIM_001,SAP_ERP,ORACLE_SCM,REST_API,REST,Success,,,,2790,SESS-948670F38A,REQ-24400B2475AC,2026-09-16 13:45:08
EVT-0004013,IF_SAPFIN_HCMPAY_001,SAP_ERP,HCM,SFTP,Batch,Success,,,,15579,SESS-89CDD66301,REQ-9C2FB3800440,2026-09-11 14:19:49
EVT-0004018,IF_SAPFIN_HCMPAY_001,SAP_ERP,HCM,SFTP,Batch,Success,,,,14710,SESS-EBA3883962,REQ-932F1F419D56,2026-09-14 21:09:24
EVT-0004019,IF_SAPPROC_ORWMS_001,SAP_ERP,ORACLE_SCM,SFTP,Batch,Success,,,,20993,SESS-3EA1F61FC3,REQ-A9AEC9846D82,2026-09-11 23:18:24
EVT-0004020,IF_SAPFIN_HCMPAY_001,SAP_ERP,HCM,SFTP,Batch,Retry,VAL_400,Required business field failed validation,Validation,21229,SESS-92A9937B5D,REQ-9E14719F78CD,2026-09-13 05:05:14
EVT-0004027,IF_SAPQM_MESPE_001,SAP_ERP,MES,Kafka,Async,Success,,,,816,SESS-26E99A1129,REQ-B118C9F74402,2026-09-16 21:59:16
EVT-0004030,IF_SAPQM_ORWMS_001,SAP_ERP,ORACLE_SCM,Kafka,Async,Retry,CAP_003,Downstream service is at capacity,Capacity,6144,SESS-03D7F9FCF0,REQ-8A6A7050F30A,2026-09-10 15:45:27
EVT-0004032,IF_SAPFIN_HCMPAY_001,SAP_ERP,HCM,SFTP,Batch,Success,,,,17546,SESS-9CB196E869,REQ-DED5145A8084,2026-09-12 14:30:29
EVT-0004033,IF_SAPPROC_ORWMS_001,SAP_ERP,ORACLE_SCM,SFTP,Batch,Success,,,,12432,SESS-66CAB6B4ED,REQ-31B132E7BDA7,2026-09-15 02:03:56
EVT-0004034,IF_SAPPROC_ORIM_001,SAP_ERP,ORACLE_SCM,REST_API,REST,Success,,,,1935,SESS-85906A3FEE,REQ-8FDDFE5D1E7E,2026-09-16 11:59:29
EVT-0004040,IF_SAPQM_ORWMS_001,SAP_ERP,ORACLE_SCM,Kafka,Async,Success,,,,2008,SESS-F79D2E3C43,REQ-FCCA06198635,2026-09-12 14:18:27
EVT-0004045,IF_SAPQM_ORWMS_001,SAP_ERP,ORACLE_SCM,Kafka,Async,Retry,TIME_004,Downstream response exceeded SLA,Timeout,3893,SESS-407D3BE138,REQ-B0E89B7AC7B7,2026-09-15 00:47:25
EVT-0004046,IF_SAPPROC_ORWMS_001,SAP_ERP,ORACLE_SCM,SFTP,Batch,Success,,,,11220,SESS-3A580C9FED,REQ-F119CB2780C0,2026-09-11 13:53:16
EVT-0004047,IF_SAPPROC_ORWMS_001,SAP_ERP,ORACLE_SCM,SFTP,Batch,Success,,,,17150,SESS-CF6E962C81,REQ-4C1C8BFBD040,2026-09-14 01:00:04
EVT-0004050,IF_SAPQM_MESPE_001,SAP_ERP,MES,Kafka,Async,Success,,,,1147,SESS-92AF4A50B4,REQ-4C4D936137A2,2026-09-12 05:10:24
EVT-0004051,IF_SAPPROC_ORWMS_001,SAP_ERP,ORACLE_SCM,SFTP,Batch,Success,,,,14919,SESS-64C2CE8980,REQ-B2AAD9A9CF03,2026-09-16 20:27:12
EVT-0004053,IF_SAPQM_ORWMS_001,SAP_ERP,ORACLE_SCM,Kafka,Async,Success,,,,2317,SESS-BA514FFDA0,REQ-979DA5F2AF56,2026-09-14 11:16:51
EVT-0004055,IF_SAPQM_MESPE_001,SAP_ERP,MES,Kafka,Async,Success,,,,1063,SESS-410E4F85EC,REQ-6A0A44EB74E0,2026-09-14 11:33:08
EVT-0004060,IF_SAPQM_ORWMS_001,SAP_ERP,ORACLE_SCM,Kafka,Async,Success,,,,2775,SESS-9CFC0E15DC,REQ-5D13248595A3,2026-09-14 23:46:16
EVT-0004063,IF_SAPPP_MESPE_001,SAP_ERP,MES,Kafka,Async,Success,,,,1074,SESS-5E58D9B90A,REQ-10F92F7BD6D6,2026-09-10 18:35:20
EVT-0004064,IF_SAPPP_ORSC_001,SAP_ERP,ORACLE_SCM,Kafka,Async,Failed,DB_COMMIT_014,Transaction commit failed,Database,10846,SESS-FDC16DF476,REQ-AF450F61C45C,2026-09-15 03:18:08
EVT-0004066,IF_SAPFIN_HCMPAY_001,SAP_ERP,HCM,SFTP,Batch,Success,,,,12888,SESS-187F429991,REQ-8AC13BFDD34B,2026-09-11 19:32:30
EVT-0004067,IF_SAPPP_ORSC_001,SAP_ERP,ORACLE_SCM,Kafka,Async,Success,,,,1721,SESS-E14028B5EE,REQ-0AFBE12425E5,2026-09-14 07:22:01
EVT-0004071,IF_SAPPP_ORSC_001,SAP_ERP,ORACLE_SCM,Kafka,Async,Success,,,,1587,SESS-B9387A9CC8,REQ-AEF080F295B0,2026-09-13 01:36:41
EVT-0004073,IF_SAPQM_MESPE_001,SAP_ERP,MES,Kafka,Async,Success,,,,824,SESS-33AE6E1C40,REQ-135846E5DCAD,2026-09-15 02:16:58
EVT-0004076,IF_SAPPROC_ORWMS_001,SAP_ERP,ORACLE_SCM,SFTP,Batch,Success,,,,8828,SESS-215B5E1055,REQ-4DD39018195F,2026-09-15 22:27:07
EVT-0004077,IF_SAPPP_ORSC_001,SAP_ERP,ORACLE_SCM,Kafka,Async,Retry,NET_CONN_003,Connection reset by peer,Network,3661,SESS-BCEFE9AAB1,REQ-DBCF2A0D2D7E,2026-09-14 07:02:56
EVT-0004080,IF_SAPFIN_HCMPAY_001,SAP_ERP,HCM,SFTP,Batch,Success,,,,12112,SESS-A23F353F9C,REQ-8AB7C6D12F1F,2026-09-14 18:43:44
EVT-0004082,IF_SAPPROC_ORWMS_001,SAP_ERP,ORACLE_SCM,SFTP,Batch,Success,,,,11481,SESS-F31C231DCE,REQ-BABC8C3CB56F,2026-09-11 22:37:40
EVT-0004084,IF_SAPQM_MESPE_001,SAP_ERP,MES,Kafka,Async,Success,,,,1062,SESS-F89A926EF1,REQ-270C6DD14CFA,2026-09-14 19:12:59
EVT-0004085,IF_SAPFIN_HCMPAY_001,SAP_ERP,HCM,SFTP,Batch,Failed,CFG_017,Interface configuration mismatch,Configuration,52645,SESS-12A99AE768,REQ-2D4C31CF8E72,2026-09-15 23:46:36
EVT-0004086,IF_SAPPROC_ORWMS_001,SAP_ERP,ORACLE_SCM,SFTP,Batch,Retry,VAL_400,Required business field failed validation,Validation,26482,SESS-85FB934B68,REQ-2F17EF285765,2026-09-16 08:50:49
EVT-0004094,IF_SAPPROC_ORIM_001,SAP_ERP,ORACLE_SCM,REST_API,REST,Success,,,,2834,SESS-673DB52947,REQ-F1B8FB023131,2026-09-13 14:00:29
EVT-0004103,IF_SAPFIN_HCMPAY_001,SAP_ERP,HCM,SFTP,Batch,Success,,,,13885,SESS-4CDAA3A0A3,REQ-9BC4B2277D61,2026-09-14 13:08:16
EVT-0004104,IF_SAPQM_ORWMS_001,SAP_ERP,ORACLE_SCM,Kafka,Async,Success,,,,1627,SESS-00EA1DD6BE,REQ-BD897CFEA0D0,2026-09-16 00:03:23
EVT-0004108,IF_SAPPP_MESPE_001,SAP_ERP,MES,Kafka,Async,Success,,,,733,SESS-EB62E36984,REQ-4F4684763DAC,2026-09-14 23:21:41
EVT-0004110,IF_SAPFIN_HCMPAY_001,SAP_ERP,HCM,SFTP,Batch,Success,,,,10744,SESS-D3233219FB,REQ-4A6E7147D86B,2026-09-13 16:55:35
EVT-0004122,IF_SAPQM_MESPE_001,SAP_ERP,MES,Kafka,Async,Success,,,,967,SESS-554FF4904B,REQ-F60FF8CE342C,2026-09-10 16:21:24
EVT-0004126,IF_SAPPP_MESPE_001,SAP_ERP,MES,Kafka,Async,Success,,,,904,SESS-B13D8CCDD2,REQ-EC346AE68B3E,2026-09-12 16:42:44
EVT-0004131,IF_SAPQM_ORWMS_001,SAP_ERP,ORACLE_SCM,Kafka,Async,Success,,,,2293,SESS-F1992B20A0,REQ-33D1C172C92C,2026-09-16 17:08:38
EVT-0004132,IF_SAPPROC_ORWMS_001,SAP_ERP,ORACLE_SCM,SFTP,Batch,Retry,VAL_400,Required business field failed validation,Validation,26337,SESS-E552DEDDE2,REQ-7E21C9FE5B18,2026-09-16 01:08:02
EVT-0004134,IF_SAPPROC_ORIM_001,SAP_ERP,ORACLE_SCM,REST_API,REST,Success,,,,1924,SESS-C4A5868380,REQ-526462A43A03,2026-09-11 00:49:57
EVT-0004135,IF_SAPPP_MESPE_001,SAP_ERP,MES,Kafka,Async,Success,,,,653,SESS-6455465509,REQ-95AEF8DAB06E,2026-09-15 13:50:06
EVT-0004136,IF_SAPPROC_ORWMS_001,SAP_ERP,ORACLE_SCM,SFTP,Batch,Success,,,,12596,SESS-BD81DE13C1,REQ-D0853B09E279,2026-09-15 13:56:02
EVT-0004139,IF_SAPPP_ORSC_001,SAP_ERP,ORACLE_SCM,Kafka,Async,Retry,VAL_400,Required business field failed validation,Validation,2768,SESS-2F63D82462,REQ-404986DFBA21,2026-09-14 12:09:46
EVT-0004141,IF_SAPQM_ORWMS_001,SAP_ERP,ORACLE_SCM,Kafka,Async,Failed,NET_CONN_003,Connection reset by peer,Network,17203,SESS-2F12EC136E,REQ-23205989FF2E,2026-09-14 10:01:38
EVT-0004142,IF_SAPPP_MESPE_001,SAP_ERP,MES,Kafka,Async,Success,,,,860,SESS-F0DAC51ABD,REQ-B09D40049EFB,2026-09-11 10:34:08
EVT-0004144,IF_SAPFIN_HCMPAY_001,SAP_ERP,HCM,SFTP,Batch,Success,,,,11862,SESS-5F5A98D9B9,REQ-FCBA381803D7,2026-09-13 15:38:44
EVT-0004155,IF_SAPPROC_ORIM_001,SAP_ERP,ORACLE_SCM,REST_API,REST,Success,,,,2000,SESS-A957762AF2,REQ-74569C683037,2026-09-12 20:16:55
EVT-0004157,IF_SAPPROC_ORIM_001,SAP_ERP,ORACLE_SCM,REST_API,REST,Success,,,,1978,SESS-A7E46FBC71,REQ-77D6AB66D285,2026-09-16 20:44:37
EVT-0004169,IF_SAPPP_MESPE_001,SAP_ERP,MES,Kafka,Async,Success,,,,633,SESS-DF0077A4F1,REQ-1502DA42D781,2026-09-11 09:49:11
EVT-0004175,IF_SAPFIN_HCMPAY_001,SAP_ERP,HCM,SFTP,Batch,Retry,EXT_502,Downstream service returned 502,External Service,53061,SESS-66CAF601B9,REQ-BF5F803ED7A1,2026-09-10 03:59:23
EVT-0004181,IF_SAPPP_MESPE_001,SAP_ERP,MES,Kafka,Async,Success,,,,905,SESS-AB5F9E2680,REQ-C75E33F649C5,2026-09-12 18:21:23
EVT-0004183,IF_SAPPROC_ORWMS_001,SAP_ERP,ORACLE_SCM,SFTP,Batch,Success,,,,15360,SESS-BC6C55405B,REQ-BC2095BF032A,2026-09-16 18:54:06
EVT-0004185,IF_SAPQM_MESPE_001,SAP_ERP,MES,Kafka,Async,Retry,CAP_003,Downstream service is at capacity,Capacity,3310,SESS-7DD95A4FC7,REQ-E889BC31C9E8,2026-09-11 15:52:58
EVT-0004187,IF_SAPQM_ORWMS_001,SAP_ERP,ORACLE_SCM,Kafka,Async,Failed,AUTHZ_403,Caller is not authorized,Authorization,18199,SESS-A37AC70CA4,REQ-4AB81D9FEEF0,2026-09-13 05:37:36
EVT-0004188,IF_SAPQM_MESPE_001,SAP_ERP,MES,Kafka,Async,Success,,,,464,SESS-CCF4AD42AE,REQ-3C2029F2A695,2026-09-10 18:32:23
EVT-0004194,IF_SAPPROC_ORIM_001,SAP_ERP,ORACLE_SCM,REST_API,REST,Success,,,,2590,SESS-B9DBAFCF74,REQ-DCBF93434C9B,2026-09-15 11:51:44
EVT-0004197,IF_SAPFIN_HCMPAY_001,SAP_ERP,HCM,SFTP,Batch,Success,,,,11358,SESS-5F09600C3C,REQ-9ED3831AC09A,2026-09-12 13:21:08
EVT-0004201,IF_SAPPROC_ORWMS_001,SAP_ERP,ORACLE_SCM,SFTP,Batch,Success,,,,19822,SESS-C3AB80D1C2,REQ-EA84D0A4C9D5,2026-09-12 13:38:21
EVT-0004203,IF_SAPQM_MESPE_001,SAP_ERP,MES,Kafka,Async,Success,,,,952,SESS-BEC70F0F90,REQ-92658869EFE7,2026-09-13 12:41:55
EVT-0004220,IF_SAPPP_ORSC_001,SAP_ERP,ORACLE_SCM,Kafka,Async,Success,,,,955,SESS-405A8DF124,REQ-73FCDEC8B230,2026-09-14 21:20:43
EVT-0004225,IF_SAPPROC_ORIM_001,SAP_ERP,ORACLE_SCM,REST_API,REST,Success,,,,2456,SESS-1C7C928DC9,REQ-B71D11C57A45,2026-09-10 17:09:15
EVT-0004226,IF_SAPPROC_ORIM_001,SAP_ERP,ORACLE_SCM,REST_API,REST,Success,,,,1438,SESS-28BB34AA47,REQ-17E0FA4475C9,2026-09-16 13:45:28
EVT-0004228,IF_SAPQM_ORWMS_001,SAP_ERP,ORACLE_SCM,Kafka,Async,Success,,,,2402,SESS-75BB5EC2D9,REQ-355596530CA5,2026-09-13 23:13:49
EVT-0004232,IF_SAPPROC_ORWMS_001,SAP_ERP,ORACLE_SCM,SFTP,Batch,Success,,,,16420,SESS-A04C50AE9C,REQ-5C1A3677B0AA,2026-09-12 20:53:22
EVT-0004247,IF_SAPPROC_ORIM_001,SAP_ERP,ORACLE_SCM,REST_API,REST,Success,,,,2547,SESS-9FBD48628A,REQ-5F83EA261EFF,2026-09-12 03:38:08
EVT-0004248,IF_SAPPROC_ORWMS_001,SAP_ERP,ORACLE_SCM,SFTP,Batch,Retry,CAP_003,Downstream service is at capacity,Capacity,36794,SESS-59CCC60FCB,REQ-370E454241D2,2026-09-11 04:53:27
EVT-0004250,IF_SAPPP_ORSC_001,SAP_ERP,ORACLE_SCM,Kafka,Async,Success,,,,1153,SESS-94941B8DAB,REQ-332D232471CF,2026-09-13 22:39:18
EVT-0004253,IF_SAPFIN_HCMPAY_001,SAP_ERP,HCM,SFTP,Batch,Failed,EXT_502,Downstream service returned 502,External Service,80130,SESS-79101FA466,REQ-8130D528524D,2026-09-10 20:35:45
EVT-0004257,IF_SAPPROC_ORIM_001,SAP_ERP,ORACLE_SCM,REST_API,REST,Success,,,,1891,SESS-D3EF8E0870,REQ-5BB10B4DE3BF,2026-09-15 05:24:49
EVT-0004264,IF_SAPFIN_HCMPAY_001,SAP_ERP,HCM,SFTP,Batch,Success,,,,10688,SESS-AEB79975AC,REQ-D6D4D840B876,2026-09-16 23:43:38
EVT-0004266,IF_SAPQM_MESPE_001,SAP_ERP,MES,Kafka,Async,Success,,,,1123,SESS-11E4901FE9,REQ-30BDDBB23F45,2026-09-13 17:33:36
EVT-0004268,IF_SAPPP_ORSC_001,SAP_ERP,ORACLE_SCM,Kafka,Async,Success,,,,1599,SESS-DEE5C9466A,REQ-D77F31A328FE,2026-09-10 18:40:26
EVT-0004279,IF_SAPPROC_ORWMS_001,SAP_ERP,ORACLE_SCM,SFTP,Batch,Failed,VAL_400,Required business field failed validation,Validation,68829,SESS-1A06303568,REQ-0643AA59DCF9,2026-09-13 07:06:43
EVT-0004283,IF_SAPPROC_ORWMS_001,SAP_ERP,ORACLE_SCM,SFTP,Batch,Success,,,,15080,SESS-B2B1E4B1E5,REQ-3986312EA061,2026-09-14 10:22:35
EVT-0004286,IF_SAPQM_ORWMS_001,SAP_ERP,ORACLE_SCM,Kafka,Async,Success,,,,2246,SESS-96E7E638C5,REQ-7703428D466B,2026-09-11 10:30:53
EVT-0004292,IF_SAPFIN_HCMPAY_001,SAP_ERP,HCM,SFTP,Batch,Success,,,,11756,SESS-64BD519357,REQ-47A8019722FF,2026-09-13 21:36:58
EVT-0004293,IF_SAPPROC_ORWMS_001,SAP_ERP,ORACLE_SCM,SFTP,Batch,Failed,EXT_502,Downstream service returned 502,External Service,52639,SESS-47F0EA2EB9,REQ-D070004CE46E,2026-09-11 07:25:07
EVT-0004295,IF_SAPQM_ORWMS_001,SAP_ERP,ORACLE_SCM,Kafka,Async,Success,,,,2311,SESS-3DF7D304C8,REQ-46D88987DC99,2026-09-13 08:43:30
EVT-0004299,IF_SAPFIN_HCMPAY_001,SAP_ERP,HCM,SFTP,Batch,Success,,,,12774,SESS-B8D545EBE4,REQ-4D00255CD80A,2026-09-12 13:01:41
EVT-0004306,IF_SAPPP_ORSC_001,SAP_ERP,ORACLE_SCM,Kafka,Async,Success,,,,1185,SESS-8241142C9B,REQ-7EDA6EEFCFBE,2026-09-14 17:33:49
EVT-0004310,IF_SAPQM_MESPE_001,SAP_ERP,MES,Kafka,Async,Success,,,,907,SESS-13D82DB0B5,REQ-CF6DD282B7DC,2026-09-13 16:51:57
EVT-0004311,IF_SAPPP_ORSC_001,SAP_ERP,ORACLE_SCM,Kafka,Async,Failed,CFG_017,Interface configuration mismatch,Configuration,1958,SESS-6F17472BAC,REQ-14F84A4A7A94,2026-09-16 02:33:44
EVT-0004318,IF_SAPPROC_ORWMS_001,SAP_ERP,ORACLE_SCM,SFTP,Batch,Success,,,,11980,SESS-F9122B160B,REQ-0E28243B2F40,2026-09-16 09:03:28
EVT-0004327,IF_SAPQM_MESPE_001,SAP_ERP,MES,Kafka,Async,Success,,,,1069,SESS-E32F8EE272,REQ-AE342DC3CFA6,2026-09-12 20:28:54
EVT-0004337,IF_SAPQM_MESPE_001,SAP_ERP,MES,Kafka,Async,Success,,,,997,SESS-E1A43FC0F9,REQ-EDCBF3A5137D,2026-09-12 06:07:18
EVT-0004341,IF_SAPPROC_ORWMS_001,SAP_ERP,ORACLE_SCM,SFTP,Batch,Success,,,,12153,SESS-07A0484271,REQ-46BFFA9BB5AD,2026-09-13 02:30:25
EVT-0004345,IF_SAPFIN_HCMPAY_001,SAP_ERP,HCM,SFTP,Batch,Success,,,,11644,SESS-C723FAE40F,REQ-AC787923D624,2026-09-13 22:16:28
EVT-0004348,IF_SAPQM_MESPE_001,SAP_ERP,MES,Kafka,Async,Retry,INFRA_008,Runtime node unavailable,Infrastructure,2906,SESS-5AB6862D10,REQ-CF7A8771C232,2026-09-16 09:31:18
EVT-0004352,IF_SAPPROC_ORWMS_001,SAP_ERP,ORACLE_SCM,SFTP,Batch,Retry,DB_COMMIT_014,Transaction commit failed,Database,38082,SESS-BCCEF9C2A3,REQ-CF690EDB223E,2026-09-11 10:44:24
EVT-0004354,IF_SAPPP_MESPE_001,SAP_ERP,MES,Kafka,Async,Retry,AUTH_401,Service credential rejected,Authentication,2941,SESS-1BBAA861FA,REQ-059D8E054542,2026-09-12 04:50:52
EVT-0004361,IF_SAPQM_ORWMS_001,SAP_ERP,ORACLE_SCM,Kafka,Async,Success,,,,2555,SESS-355B59F6A5,REQ-A98FDDE10D51,2026-09-12 03:35:22
EVT-0004364,IF_SAPQM_MESPE_001,SAP_ERP,MES,Kafka,Async,Success,,,,800,SESS-C3F819C610,REQ-82C92718A59C,2026-09-11 10:54:44
EVT-0004369,IF_SAPPP_ORSC_001,SAP_ERP,ORACLE_SCM,Kafka,Async,Success,,,,1197,SESS-75E21FBEA0,REQ-889BA194C5BA,2026-09-16 08:33:18
EVT-0004371,IF_SAPPP_MESPE_001,SAP_ERP,MES,Kafka,Async,Success,,,,673,SESS-9504428462,REQ-6327D1598835,2026-09-15 20:54:32
EVT-0004372,IF_SAPPROC_ORIM_001,SAP_ERP,ORACLE_SCM,REST_API,REST,Success,,,,1642,SESS-16A2102394,REQ-E9B76B3966B5,2026-09-16 22:49:17
EVT-0004376,IF_SAPQM_ORWMS_001,SAP_ERP,ORACLE_SCM,Kafka,Async,Success,,,,3022,SESS-06D30417A4,REQ-58D73EC4912B,2026-09-15 15:49:06
EVT-0004381,IF_SAPQM_ORWMS_001,SAP_ERP,ORACLE_SCM,Kafka,Async,Success,,,,2599,SESS-826553C215,REQ-9E129BEA2065,2026-09-13 06:18:21
EVT-0004383,IF_SAPPP_ORSC_001,SAP_ERP,ORACLE_SCM,Kafka,Async,Success,,,,1559,SESS-76409673B2,REQ-FBF9772A36AB,2026-09-13 03:59:40
EVT-0004385,IF_SAPPROC_ORIM_001,SAP_ERP,ORACLE_SCM,REST_API,REST,Success,,,,3147,SESS-3161C82AF7,REQ-8203904B40B3,2026-09-13 23:08:10
EVT-0004388,IF_SAPPP_MESPE_001,SAP_ERP,MES,Kafka,Async,Failed,NET_CONN_003,Connection reset by peer,Network,4329,SESS-D1350387CF,REQ-16FA79C76E89,2026-09-12 08:24:18
EVT-0004390,IF_SAPPP_ORSC_001,SAP_ERP,ORACLE_SCM,Kafka,Async,Success,,,,1780,SESS-964A5F4131,REQ-D783DCCA3907,2026-09-10 15:35:24
EVT-0004391,IF_SAPFIN_HCMPAY_001,SAP_ERP,HCM,SFTP,Batch,Success,,,,14654,SESS-4883018A3F,REQ-0AECE310DC1D,2026-09-13 14:14:14
EVT-0004392,IF_SAPPROC_ORIM_001,SAP_ERP,ORACLE_SCM,REST_API,REST,Success,,,,2724,SESS-BED12DF657,REQ-DAF0E67009DE,2026-09-12 00:40:09
EVT-0004394,IF_SAPPROC_ORIM_001,SAP_ERP,ORACLE_SCM,REST_API,REST,Success,,,,2164,SESS-70492671D4,REQ-04261041E108,2026-09-10 10:24:34
EVT-0004395,IF_SAPPP_MESPE_001,SAP_ERP,MES,Kafka,Async,Success,,,,761,SESS-A9C05F0FD0,REQ-E0A3BA743133,2026-09-14 13:52:37
EVT-0004398,IF_SAPQM_ORWMS_001,SAP_ERP,ORACLE_SCM,Kafka,Async,Success,,,,2671,SESS-E172E3E393,REQ-EFDE9E512ADA,2026-09-12 03:04:36
EVT-0004412,IF_SAPPROC_ORWMS_001,SAP_ERP,ORACLE_SCM,SFTP,Batch,Success,,,,9947,SESS-20B82B909B,REQ-50389C5EBF26,2026-09-11 22:33:48
EVT-0004418,IF_SAPQM_MESPE_001,SAP_ERP,MES,Kafka,Async,Success,,,,1087,SESS-7A10A66461,REQ-D39E880F7EA3,2026-09-16 16:07:06
EVT-0004419,IF_SAPPP_ORSC_001,SAP_ERP,ORACLE_SCM,Kafka,Async,Success,,,,1561,SESS-688B9358A7,REQ-97B20D823735,2026-09-15 03:31:46
EVT-0004423,IF_SAPPP_MESPE_001,SAP_ERP,MES,Kafka,Async,Success,,,,785,SESS-1F7163627C,REQ-CF6E2A9133EE,2026-09-15 21:48:22
EVT-0004425,IF_SAPPROC_ORWMS_001,SAP_ERP,ORACLE_SCM,SFTP,Batch,Success,,,,10744,SESS-5C0273149D,REQ-2C1B6FBB3996,2026-09-16 18:07:10
EVT-0004430,IF_SAPQM_ORWMS_001,SAP_ERP,ORACLE_SCM,Kafka,Async,Success,,,,1320,SESS-EBBFEB97E3,REQ-E99A9D35F555,2026-09-13 02:29:01
EVT-0004434,IF_SAPPROC_ORIM_001,SAP_ERP,ORACLE_SCM,REST_API,REST,Success,,,,2611,SESS-000284D7AB,REQ-08BD0260AF04,2026-09-10 10:14:08
EVT-0004435,IF_SAPPROC_ORIM_001,SAP_ERP,ORACLE_SCM,REST_API,REST,Success,,,,2442,SESS-987756BC90,REQ-A26E8E117B31,2026-09-15 22:15:50
EVT-0004438,IF_SAPPP_ORSC_001,SAP_ERP,ORACLE_SCM,Kafka,Async,Success,,,,948,SESS-150FB58211,REQ-96B58B1921FD,2026-09-15 09:21:20
EVT-0004439,IF_SAPPP_MESPE_001,SAP_ERP,MES,Kafka,Async,Retry,CFG_017,Interface configuration mismatch,Configuration,2166,SESS-E2BCBE7311,REQ-E091EAEB317B,2026-09-11 16:30:16
EVT-0004441,IF_SAPPROC_ORIM_001,SAP_ERP,ORACLE_SCM,REST_API,REST,Success,,,,2855,SESS-4E391E085F,REQ-02D337FF879E,2026-09-15 04:56:57
EVT-0004444,IF_SAPFIN_HCMPAY_001,SAP_ERP,HCM,SFTP,Batch,Success,,,,11880,SESS-C340330DCD,REQ-2C57BB2EC976,2026-09-14 10:18:24
EVT-0004451,IF_SAPPP_ORSC_001,SAP_ERP,ORACLE_SCM,Kafka,Async,Success,,,,1203,SESS-985A237269,REQ-465FA9363D14,2026-09-13 13:46:20
EVT-0004454,IF_SAPPP_ORSC_001,SAP_ERP,ORACLE_SCM,Kafka,Async,Success,,,,1676,SESS-072BCC41F5,REQ-F741C4381E89,2026-09-10 01:59:43
EVT-0004462,IF_SAPQM_MESPE_001,SAP_ERP,MES,Kafka,Async,Success,,,,707,SESS-AE3DD1ABED,REQ-311201401449,2026-09-11 15:20:40
EVT-0004464,IF_SAPPROC_ORIM_001,SAP_ERP,ORACLE_SCM,REST_API,REST,Success,,,,2289,SESS-BF2C68448C,REQ-63F62DF4B0A7,2026-09-13 02:21:17
EVT-0004466,IF_SAPQM_MESPE_001,SAP_ERP,MES,Kafka,Async,Success,,,,832,SESS-9EC799C48C,REQ-A204D2F5F7ED,2026-09-15 15:16:08
EVT-0004476,IF_SAPFIN_HCMPAY_001,SAP_ERP,HCM,SFTP,Batch,Success,,,,15980,SESS-18E724C969,REQ-95213849A790,2026-09-15 08:14:40
EVT-0004478,IF_SAPPROC_ORIM_001,SAP_ERP,ORACLE_SCM,REST_API,REST,Success,,,,2666,SESS-20D613AB6A,REQ-70AE59735CC2,2026-09-13 14:58:30
EVT-0004480,IF_SAPQM_MESPE_001,SAP_ERP,MES,Kafka,Async,Success,,,,1358,SESS-DB34346FA1,REQ-0B55E22245D5,2026-09-14 20:59:30
EVT-0004481,IF_SAPPP_ORSC_001,SAP_ERP,ORACLE_SCM,Kafka,Async,Success,,,,1163,SESS-FAD95B65CE,REQ-E26DF0F4B22E,2026-09-11 15:11:49
EVT-0004488,IF_SAPPROC_ORWMS_001,SAP_ERP,ORACLE_SCM,SFTP,Batch,Success,,,,15323,SESS-E517EAD250,REQ-D1087A216633,2026-09-10 22:32:53
EVT-0004491,IF_SAPPROC_ORWMS_001,SAP_ERP,ORACLE_SCM,SFTP,Batch,Success,,,,20566,SESS-93A2A35E9B,REQ-F2C41DD9D72A,2026-09-15 22:55:35
EVT-0004492,IF_SAPPP_ORSC_001,SAP_ERP,ORACLE_SCM,Kafka,Async,Success,,,,954,SESS-5E0FEB6BE3,REQ-123CA3A3E874,2026-09-10 09:37:07
EVT-0004493,IF_SAPQM_MESPE_001,SAP_ERP,MES,Kafka,Async,Success,,,,862,SESS-9D339FD58D,REQ-87C74AFB1B16,2026-09-10 13:53:18
EVT-0004494,IF_SAPPROC_ORIM_001,SAP_ERP,ORACLE_SCM,REST_API,REST,Success,,,,2398,SESS-C07397318F,REQ-C69D89735ACA,2026-09-16 10:49:33
EVT-0004497,IF_SAPQM_MESPE_001,SAP_ERP,MES,Kafka,Async,Success,,,,902,SESS-62B179682E,REQ-83C5D7F9CCCE,2026-09-10 14:38:03
EVT-0004505,IF_SAPPP_ORSC_001,SAP_ERP,ORACLE_SCM,Kafka,Async,Success,,,,1517,SESS-D91EB5CE09,REQ-187FA3058268,2026-09-12 10:47:02
EVT-0004521,IF_SAPFIN_HCMPAY_001,SAP_ERP,HCM,SFTP,Batch,Success,,,,9817,SESS-E6DFB2F45C,REQ-B42143A17B67,2026-09-11 19:44:10
EVT-0004528,IF_SAPQM_ORWMS_001,SAP_ERP,ORACLE_SCM,Kafka,Async,Success,,,,1619,SESS-A620765BAA,REQ-82837BBB0586,2026-09-12 06:25:25
EVT-0004533,IF_SAPPP_ORSC_001,SAP_ERP,ORACLE_SCM,Kafka,Async,Success,,,,1898,SESS-FEC53595E4,REQ-716B4316B1B5,2026-09-15 08:04:19
EVT-0004540,IF_SAPPP_MESPE_001,SAP_ERP,MES,Kafka,Async,Success,,,,870,SESS-C0DD08EEA6,REQ-1BB9F71D58C9,2026-09-12 13:11:32
EVT-0004548,IF_SAPQM_ORWMS_001,SAP_ERP,ORACLE_SCM,Kafka,Async,Success,,,,1302,SESS-E7A38FED58,REQ-CB44C385D4A0,2026-09-13 20:02:34
EVT-0004554,IF_SAPPROC_ORIM_001,SAP_ERP,ORACLE_SCM,REST_API,REST,Success,,,,1796,SESS-B58AB62EE4,REQ-D7C4497DE834,2026-09-13 02:11:36
EVT-0004561,IF_SAPPROC_ORIM_001,SAP_ERP,ORACLE_SCM,REST_API,REST,Success,,,,1522,SESS-F438A9D17D,REQ-3692F2D3ABB7,2026-09-12 01:16:58
EVT-0004562,IF_SAPPROC_ORIM_001,SAP_ERP,ORACLE_SCM,REST_API,REST,Success,,,,1812,SESS-1EA75A8F94,REQ-B94520B32FA7,2026-09-10 11:42:39
EVT-0004566,IF_SAPQM_ORWMS_001,SAP_ERP,ORACLE_SCM,Kafka,Async,Success,,,,1875,SESS-7DBE5AA5D2,REQ-0729CA810FBD,2026-09-15 07:11:41
EVT-0004567,IF_SAPFIN_HCMPAY_001,SAP_ERP,HCM,SFTP,Batch,Success,,,,10958,SESS-65578F9F4C,REQ-48BD348F735E,2026-09-12 03:50:05
EVT-0004568,IF_SAPFIN_HCMPAY_001,SAP_ERP,HCM,SFTP,Batch,Success,,,,14897,SESS-28FEF68C96,REQ-F701FD381240,2026-09-15 09:43:06
EVT-0004569,IF_SAPPP_MESPE_001,SAP_ERP,MES,Kafka,Async,Success,,,,546,SESS-238FB7F97A,REQ-4EDDBA1932F3,2026-09-14 05:58:39
EVT-0004570,IF_SAPPROC_ORIM_001,SAP_ERP,ORACLE_SCM,REST_API,REST,Success,,,,3158,SESS-9F5C84F22D,REQ-FC10F2E361C8,2026-09-14 07:25:18
EVT-0004571,IF_SAPPP_MESPE_001,SAP_ERP,MES,Kafka,Async,Failed,VAL_400,Required business field failed validation,Validation,5136,SESS-40C5C3629D,REQ-0C91B945188B,2026-09-12 03:02:24
EVT-0004572,IF_SAPFIN_HCMPAY_001,SAP_ERP,HCM,SFTP,Batch,Retry,NET_CONN_003,Connection reset by peer,Network,27556,SESS-930B823BBB,REQ-73C6865618CD,2026-09-10 18:35:18
EVT-0004574,IF_SAPQM_MESPE_001,SAP_ERP,MES,Kafka,Async,Success,,,,779,SESS-E24189376B,REQ-83F569651CB7,2026-09-10 13:58:46
EVT-0004576,IF_SAPPROC_ORWMS_001,SAP_ERP,ORACLE_SCM,SFTP,Batch,Success,,,,17101,SESS-A86D5DB722,REQ-ADDC5FAA260E,2026-09-16 07:14:27
EVT-0004577,IF_SAPPROC_ORWMS_001,SAP_ERP,ORACLE_SCM,SFTP,Batch,Retry,INFRA_008,Runtime node unavailable,Infrastructure,24058,SESS-F4E3078049,REQ-C4915C6D37FA,2026-09-13 03:44:36
EVT-0004582,IF_SAPQM_ORWMS_001,SAP_ERP,ORACLE_SCM,Kafka,Async,Retry,CFG_017,Interface configuration mismatch,Configuration,7670,SESS-5E8163BF6B,REQ-320301FA94C5,2026-09-10 12:46:20
EVT-0004584,IF_SAPFIN_HCMPAY_001,SAP_ERP,HCM,SFTP,Batch,Failed,AUTH_401,Service credential rejected,Authentication,67539,SESS-08DA532BC6,REQ-65033EA49C43,2026-09-13 16:11:10
EVT-0004590,IF_SAPQM_MESPE_001,SAP_ERP,MES,Kafka,Async,Success,,,,676,SESS-175326D130,REQ-1B5F43A9BA34,2026-09-14 11:45:33
EVT-0004591,IF_SAPFIN_HCMPAY_001,SAP_ERP,HCM,SFTP,Batch,Success,,,,10641,SESS-F521CA2945,REQ-BA9705AA1523,2026-09-11 03:43:56
EVT-0004601,IF_SAPPROC_ORWMS_001,SAP_ERP,ORACLE_SCM,SFTP,Batch,Success,,,,13291,SESS-1B083A42CA,REQ-4E6B72284381,2026-09-12 15:08:30
EVT-0004606,IF_SAPPP_MESPE_001,SAP_ERP,MES,Kafka,Async,Success,,,,1001,SESS-8A963F9441,REQ-C5169BCC10F2,2026-09-10 08:22:33
EVT-0004609,IF_SAPPP_ORSC_001,SAP_ERP,ORACLE_SCM,Kafka,Async,Success,,,,670,SESS-0A7E3A2130,REQ-C04A95C19693,2026-09-10 04:03:34
EVT-0004611,IF_SAPPP_MESPE_001,SAP_ERP,MES,Kafka,Async,Success,,,,635,SESS-6145D36613,REQ-261C361DA088,2026-09-12 09:30:12
EVT-0004614,IF_SAPFIN_HCMPAY_001,SAP_ERP,HCM,SFTP,Batch,Success,,,,14298,SESS-936C65E694,REQ-FA42195F8E63,2026-09-10 16:45:26
EVT-0004616,IF_SAPPP_ORSC_001,SAP_ERP,ORACLE_SCM,Kafka,Async,Success,,,,1101,SESS-E8B13E4E24,REQ-E51AB5D8CDAE,2026-09-13 20:20:03
EVT-0004624,IF_SAPQM_MESPE_001,SAP_ERP,MES,Kafka,Async,Success,,,,930,SESS-61FBD020D1,REQ-27264F0B7D69,2026-09-12 01:49:55
EVT-0004630,IF_SAPPROC_ORIM_001,SAP_ERP,ORACLE_SCM,REST_API,REST,Success,,,,2967,SESS-A19EDCCD9F,REQ-6C9862248333,2026-09-16 19:57:34
EVT-0004631,IF_SAPQM_MESPE_001,SAP_ERP,MES,Kafka,Async,Success,,,,762,SESS-F1140F438E,REQ-1430410BAC49,2026-09-14 23:08:39
EVT-0004634,IF_SAPPROC_ORIM_001,SAP_ERP,ORACLE_SCM,REST_API,REST,Retry,INFRA_008,Runtime node unavailable,Infrastructure,5475,SESS-1A4C713FF9,REQ-D03341B68C7D,2026-09-12 00:28:10
EVT-0004644,IF_SAPPROC_ORIM_001,SAP_ERP,ORACLE_SCM,REST_API,REST,Success,,,,1464,SESS-8312E2DB4F,REQ-45B4554066B9,2026-09-16 15:35:45
EVT-0004648,IF_SAPFIN_HCMPAY_001,SAP_ERP,HCM,SFTP,Batch,Success,,,,15327,SESS-C8D8C06BF8,REQ-EEC0AF2139BE,2026-09-16 23:42:03
EVT-0004650,IF_SAPPROC_ORWMS_001,SAP_ERP,ORACLE_SCM,SFTP,Batch,Success,,,,12992,SESS-5FAE7B85E8,REQ-6A721C1F3800,2026-09-14 03:40:23
EVT-0004656,IF_SAPQM_ORWMS_001,SAP_ERP,ORACLE_SCM,Kafka,Async,Success,,,,1432,SESS-C1E59C891F,REQ-1472F1150F9F,2026-09-10 20:54:52
EVT-0004658,IF_SAPPP_MESPE_001,SAP_ERP,MES,Kafka,Async,Retry,TIME_004,Downstream response exceeded SLA,Timeout,1600,SESS-E7C711A635,REQ-736C0F9DF746,2026-09-10 21:32:17
EVT-0004662,IF_SAPPP_ORSC_001,SAP_ERP,ORACLE_SCM,Kafka,Async,Success,,,,708,SESS-1C2D2A367D,REQ-29604911A2C4,2026-09-13 02:59:49
EVT-0004677,IF_SAPPP_ORSC_001,SAP_ERP,ORACLE_SCM,Kafka,Async,Retry,NET_CONN_003,Connection reset by peer,Network,3245,SESS-72C6B66C86,REQ-947641A84142,2026-09-15 12:28:40
EVT-0004679,IF_SAPQM_MESPE_001,SAP_ERP,MES,Kafka,Async,Success,,,,692,SESS-13FB78CDF6,REQ-94D6FCD25644,2026-09-16 13:53:52
EVT-0004682,IF_SAPQM_ORWMS_001,SAP_ERP,ORACLE_SCM,Kafka,Async,Success,,,,2304,SESS-EBF4DEA4DE,REQ-1D2B111C3AAB,2026-09-13 02:15:30
EVT-0004687,IF_SAPFIN_HCMPAY_001,SAP_ERP,HCM,SFTP,Batch,Success,,,,13985,SESS-152D81AA66,REQ-14CDB1ADB4EB,2026-09-16 01:32:50
EVT-0004688,IF_SAPPP_ORSC_001,SAP_ERP,ORACLE_SCM,Kafka,Async,Success,,,,1002,SESS-2772B5D209,REQ-B3B9E90C5AA1,2026-09-12 11:36:50
EVT-0004698,IF_SAPPROC_ORIM_001,SAP_ERP,ORACLE_SCM,REST_API,REST,Success,,,,1938,SESS-90B858452A,REQ-DBFF1EA38CE9,2026-09-13 13:27:51
EVT-0004700,IF_SAPPP_MESPE_001,SAP_ERP,MES,Kafka,Async,Success,,,,1095,SESS-F65FEB6197,REQ-EDF2EC219B9C,2026-09-14 10:26:31
EVT-0004710,IF_SAPPP_ORSC_001,SAP_ERP,ORACLE_SCM,Kafka,Async,Success,,,,1707,SESS-E8D37E2AFC,REQ-0E48C9A154E3,2026-09-13 17:23:19
EVT-0004715,IF_SAPFIN_HCMPAY_001,SAP_ERP,HCM,SFTP,Batch,Retry,VAL_400,Required business field failed validation,Validation,22431,SESS-DF5B83C3AA,REQ-C84F3428D379,2026-09-14 06:24:14
EVT-0004718,IF_SAPQM_ORWMS_001,SAP_ERP,ORACLE_SCM,Kafka,Async,Success,,,,2226,SESS-F47B21E1E2,REQ-7D331A8B85A2,2026-09-16 10:45:06
EVT-0004720,IF_SAPQM_ORWMS_001,SAP_ERP,ORACLE_SCM,Kafka,Async,Success,,,,2232,SESS-DB63164DD9,REQ-0D080AF06320,2026-09-13 15:08:17
EVT-0004723,IF_SAPFIN_HCMPAY_001,SAP_ERP,HCM,SFTP,Batch,Success,,,,15374,SESS-5ED2A09C2A,REQ-938307FED735,2026-09-13 00:47:28
EVT-0004725,IF_SAPPP_ORSC_001,SAP_ERP,ORACLE_SCM,Kafka,Async,Success,,,,1121,SESS-099EFADC1A,REQ-DB5AD2598C7E,2026-09-14 01:07:48
EVT-0004727,IF_SAPQM_ORWMS_001,SAP_ERP,ORACLE_SCM,Kafka,Async,Success,,,,2758,SESS-CBEA1D8241,REQ-4BF6BDCD76A8,2026-09-13 21:28:27
EVT-0004738,IF_SAPPP_ORSC_001,SAP_ERP,ORACLE_SCM,Kafka,Async,Success,,,,1490,SESS-4B7F33BEEE,REQ-C2D0713C84DA,2026-09-14 21:07:06
EVT-0004753,IF_SAPFIN_HCMPAY_001,SAP_ERP,HCM,SFTP,Batch,Success,,,,17285,SESS-D206C7E250,REQ-E99D7536E90D,2026-09-13 02:04:18
EVT-0004754,IF_SAPPP_MESPE_001,SAP_ERP,MES,Kafka,Async,Retry,CAP_003,Downstream service is at capacity,Capacity,1618,SESS-E45EEF1D82,REQ-995B867A4B61,2026-09-10 19:16:34
EVT-0004759,IF_SAPQM_ORWMS_001,SAP_ERP,ORACLE_SCM,Kafka,Async,Success,,,,2995,SESS-D5FB92D1B6,REQ-D7481759B192,2026-09-13 23:26:05
EVT-0004760,IF_SAPQM_MESPE_001,SAP_ERP,MES,Kafka,Async,Success,,,,965,SESS-64FA67C9CB,REQ-AF7EEC1168EF,2026-09-11 13:33:04
EVT-0004761,IF_SAPFIN_HCMPAY_001,SAP_ERP,HCM,SFTP,Batch,Success,,,,12158,SESS-CB8A8E0716,REQ-A3ADB41C9144,2026-09-13 04:53:19
EVT-0004764,IF_SAPPP_ORSC_001,SAP_ERP,ORACLE_SCM,Kafka,Async,Success,,,,1879,SESS-F54F801DB2,REQ-F3E44DB52CCE,2026-09-11 16:03:29
EVT-0004765,IF_SAPPROC_ORWMS_001,SAP_ERP,ORACLE_SCM,SFTP,Batch,Success,,,,12790,SESS-C93CECC82F,REQ-1E3043E189FA,2026-09-16 03:20:52
EVT-0004772,IF_SAPPP_ORSC_001,SAP_ERP,ORACLE_SCM,Kafka,Async,Failed,VAL_400,Required business field failed validation,Validation,10410,SESS-F11C2B82FA,REQ-BD3B8565F486,2026-09-14 16:31:20
EVT-0004776,IF_SAPPROC_ORIM_001,SAP_ERP,ORACLE_SCM,REST_API,REST,Failed,VAL_400,Required business field failed validation,Validation,15628,SESS-81A2BFF334,REQ-48BD25516D69,2026-09-14 23:35:27
EVT-0004779,IF_SAPPP_ORSC_001,SAP_ERP,ORACLE_SCM,Kafka,Async,Success,,,,1231,SESS-A24735D78C,REQ-AA4B797F211F,2026-09-14 01:03:49
EVT-0004781,IF_SAPFIN_HCMPAY_001,SAP_ERP,HCM,SFTP,Batch,Success,,,,14113,SESS-4B1771831C,REQ-1052D3F8875E,2026-09-13 19:30:38
EVT-0004782,IF_SAPQM_ORWMS_001,SAP_ERP,ORACLE_SCM,Kafka,Async,Success,,,,2289,SESS-E2A9B22475,REQ-2E2192177281,2026-09-13 09:38:16
EVT-0004783,IF_SAPQM_ORWMS_001,SAP_ERP,ORACLE_SCM,Kafka,Async,Success,,,,1808,SESS-CACCC6DEE8,REQ-B71C42C93269,2026-09-11 06:44:45
EVT-0004787,IF_SAPFIN_HCMPAY_001,SAP_ERP,HCM,SFTP,Batch,Success,,,,9022,SESS-D3FCF4245F,REQ-076500729C30,2026-09-10 21:21:55
EVT-0004796,IF_SAPPROC_ORWMS_001,SAP_ERP,ORACLE_SCM,SFTP,Batch,Success,,,,17823,SESS-5C6A29481C,REQ-43EFEF040162,2026-09-15 07:45:58
EVT-0004801,IF_SAPFIN_HCMPAY_001,SAP_ERP,HCM,SFTP,Batch,Retry,CAP_003,Downstream service is at capacity,Capacity,45214,SESS-4ECAF70BC1,REQ-40CDC4E64331,2026-09-15 16:35:18
EVT-0004803,IF_SAPPP_ORSC_001,SAP_ERP,ORACLE_SCM,Kafka,Async,Failed,AUTH_401,Service credential rejected,Authentication,3013,SESS-B50E67C6AC,REQ-4C5A61404FC3,2026-09-10 20:50:22
EVT-0004804,IF_SAPQM_MESPE_001,SAP_ERP,MES,Kafka,Async,Failed,CAP_003,Downstream service is at capacity,Capacity,3273,SESS-667A120A79,REQ-AB9312F852D9,2026-09-15 19:59:56
EVT-0004810,IF_SAPQM_MESPE_001,SAP_ERP,MES,Kafka,Async,Success,,,,669,SESS-804A09196E,REQ-2EF41790DC9E,2026-09-10 12:25:04
EVT-0004812,IF_SAPQM_MESPE_001,SAP_ERP,MES,Kafka,Async,Success,,,,763,SESS-6A1DE66310,REQ-F297C4804F4C,2026-09-15 17:25:47
EVT-0004813,IF_SAPPROC_ORWMS_001,SAP_ERP,ORACLE_SCM,SFTP,Batch,Success,,,,16284,SESS-CCD188CE37,REQ-4FFA89131063,2026-09-13 17:02:47
EVT-0004815,IF_SAPQM_ORWMS_001,SAP_ERP,ORACLE_SCM,Kafka,Async,Failed,CFG_017,Interface configuration mismatch,Configuration,3253,SESS-289308CCF4,REQ-975DE8FBCB18,2026-09-11 23:01:47
EVT-0004816,IF_SAPPROC_ORIM_001,SAP_ERP,ORACLE_SCM,REST_API,REST,Success,,,,2755,SESS-FB935C5C27,REQ-24F1B067F990,2026-09-14 22:18:15
EVT-0004817,IF_SAPPROC_ORIM_001,SAP_ERP,ORACLE_SCM,REST_API,REST,Failed,TIME_004,Downstream response exceeded SLA,Timeout,4134,SESS-898F57FEF6,REQ-DBA9711343E9,2026-09-10 06:56:13
EVT-0004818,IF_SAPPROC_ORIM_001,SAP_ERP,ORACLE_SCM,REST_API,REST,Success,,,,2541,SESS-2F04400412,REQ-752CA6BA2E4A,2026-09-15 05:56:21
EVT-0004820,IF_SAPQM_MESPE_001,SAP_ERP,MES,Kafka,Async,Success,,,,880,SESS-9560AE6AB5,REQ-9778622EA5BB,2026-09-15 16:34:27
EVT-0004821,IF_SAPPROC_ORWMS_001,SAP_ERP,ORACLE_SCM,SFTP,Batch,Success,,,,21255,SESS-D60A368AFF,REQ-60A879E1F34A,2026-09-13 18:08:51
EVT-0004827,IF_SAPPROC_ORWMS_001,SAP_ERP,ORACLE_SCM,SFTP,Batch,Success,,,,16612,SESS-6DCF1A8842,REQ-B5895EFE2520,2026-09-13 18:56:58
EVT-0004828,IF_SAPPROC_ORIM_001,SAP_ERP,ORACLE_SCM,REST_API,REST,Success,,,,1769,SESS-006E3A4CDC,REQ-2350980EFB9A,2026-09-16 17:18:28
EVT-0004839,IF_SAPFIN_HCMPAY_001,SAP_ERP,HCM,SFTP,Batch,Success,,,,10986,SESS-4DDC149F15,REQ-E5553577BC72,2026-09-16 14:08:47
EVT-0004847,IF_SAPQM_ORWMS_001,SAP_ERP,ORACLE_SCM,Kafka,Async,Success,,,,2060,SESS-D216DFB9CD,REQ-7A4936DDF788,2026-09-13 01:52:33
EVT-0004848,IF_SAPPROC_ORWMS_001,SAP_ERP,ORACLE_SCM,SFTP,Batch,Success,,,,10029,SESS-BED8570C9A,REQ-05AA7944AA63,2026-09-12 01:16:44
EVT-0004850,IF_SAPPROC_ORIM_001,SAP_ERP,ORACLE_SCM,REST_API,REST,Success,,,,2469,SESS-7A326891C6,REQ-4C405A5E414E,2026-09-11 16:26:02
EVT-0004854,IF_SAPQM_MESPE_001,SAP_ERP,MES,Kafka,Async,Success,,,,857,SESS-C773DED99D,REQ-ACF84544C1F1,2026-09-14 08:37:13
EVT-0004856,IF_SAPQM_MESPE_001,SAP_ERP,MES,Kafka,Async,Success,,,,1013,SESS-AB917D6F02,REQ-23CA0B8F0F3E,2026-09-13 22:27:40
EVT-0004858,IF_SAPPROC_ORWMS_001,SAP_ERP,ORACLE_SCM,SFTP,Batch,Success,,,,12918,SESS-368FA6BF1C,REQ-3BC8E2FC3B48,2026-09-12 17:37:42
EVT-0004867,IF_SAPPP_MESPE_001,SAP_ERP,MES,Kafka,Async,Success,,,,847,SESS-A2BF0267A8,REQ-0BD6959EEB90,2026-09-10 19:29:47
EVT-0004868,IF_SAPQM_MESPE_001,SAP_ERP,MES,Kafka,Async,Failed,AUTHZ_403,Caller is not authorized,Authorization,4660,SESS-E2F49A54B7,REQ-D5FF349533A1,2026-09-15 04:51:50
EVT-0004872,IF_SAPPP_ORSC_001,SAP_ERP,ORACLE_SCM,Kafka,Async,Success,,,,1619,SESS-1695449C36,REQ-C8DA8A38F2B3,2026-09-10 04:33:33
EVT-0004873,IF_SAPFIN_HCMPAY_001,SAP_ERP,HCM,SFTP,Batch,Success,,,,10133,SESS-F0E8CA42C8,REQ-189908E516AF,2026-09-14 08:17:24
EVT-0004874,IF_SAPQM_ORWMS_001,SAP_ERP,ORACLE_SCM,Kafka,Async,Retry,VAL_400,Required business field failed validation,Validation,4185,SESS-F9FB777BDA,REQ-66192C988B32,2026-09-11 03:05:40
EVT-0004882,IF_SAPFIN_HCMPAY_001,SAP_ERP,HCM,SFTP,Batch,Retry,DB_COMMIT_014,Transaction commit failed,Database,49597,SESS-CDAB52492A,REQ-DF21414DDCFC,2026-09-12 02:19:53
EVT-0004884,IF_SAPPP_ORSC_001,SAP_ERP,ORACLE_SCM,Kafka,Async,Success,,,,1712,SESS-93DC346B4F,REQ-C22F8E76DF54,2026-09-11 22:41:31
EVT-0004888,IF_SAPFIN_HCMPAY_001,SAP_ERP,HCM,SFTP,Batch,Success,,,,11149,SESS-D2A8CF4D87,REQ-30EA2740B3D5,2026-09-13 11:15:12
EVT-0004892,IF_SAPFIN_HCMPAY_001,SAP_ERP,HCM,SFTP,Batch,Success,,,,17175,SESS-5FFC0654D2,REQ-E267D12D69BE,2026-09-13 15:05:35
EVT-0004896,IF_SAPQM_ORWMS_001,SAP_ERP,ORACLE_SCM,Kafka,Async,Retry,NET_CONN_003,Connection reset by peer,Network,6820,SESS-6D4B852E5D,REQ-9BB0BD076149,2026-09-16 10:07:21
EVT-0004908,IF_SAPQM_ORWMS_001,SAP_ERP,ORACLE_SCM,Kafka,Async,Success,,,,1543,SESS-8F8A05D6A2,REQ-067259CB05F9,2026-09-13 08:00:25
EVT-0004909,IF_SAPFIN_HCMPAY_001,SAP_ERP,HCM,SFTP,Batch,Failed,DB_COMMIT_014,Transaction commit failed,Database,61582,SESS-9737AE7866,REQ-26AD7F132E9C,2026-09-16 18:42:44
EVT-0004914,IF_SAPQM_MESPE_001,SAP_ERP,MES,Kafka,Async,Success,,,,848,SESS-81B0BB3B84,REQ-CF55EEA3B747,2026-09-16 01:54:31
EVT-0004927,IF_SAPPROC_ORWMS_001,SAP_ERP,ORACLE_SCM,SFTP,Batch,Success,,,,8842,SESS-96896A80CB,REQ-B716333E4519,2026-09-12 14:22:22
EVT-0004931,IF_SAPPROC_ORIM_001,SAP_ERP,ORACLE_SCM,REST_API,REST,Success,,,,2050,SESS-FEB1272F03,REQ-B1EFC3DC4C61,2026-09-12 00:48:46
EVT-0004933,IF_SAPPP_ORSC_001,SAP_ERP,ORACLE_SCM,Kafka,Async,Success,,,,1856,SESS-55BA69E721,REQ-1DD5949B817A,2026-09-10 01:57:06
EVT-0004943,IF_SAPPROC_ORIM_001,SAP_ERP,ORACLE_SCM,REST_API,REST,Success,,,,2070,SESS-80402A53E2,REQ-AB91520E74F4,2026-09-16 21:12:21
EVT-0004945,IF_SAPQM_ORWMS_001,SAP_ERP,ORACLE_SCM,Kafka,Async,Success,,,,1632,SESS-08E43099B1,REQ-806EFE872DD6,2026-09-14 18:53:12
EVT-0004949,IF_SAPPROC_ORWMS_001,SAP_ERP,ORACLE_SCM,SFTP,Batch,Success,,,,14142,SESS-95976233D2,REQ-4633BBA0E125,2026-09-11 02:25:26
EVT-0004953,IF_SAPQM_ORWMS_001,SAP_ERP,ORACLE_SCM,Kafka,Async,Success,,,,2805,SESS-35FE72A9C3,REQ-6C27B916371D,2026-09-10 02:58:04
EVT-0004962,IF_SAPPROC_ORIM_001,SAP_ERP,ORACLE_SCM,REST_API,REST,Success,,,,1993,SESS-FDE1875227,REQ-4AF4D16729BE,2026-09-16 01:53:30
EVT-0004964,IF_SAPQM_MESPE_001,SAP_ERP,MES,Kafka,Async,Success,,,,606,SESS-C4FB2C40AB,REQ-431DE06532D3,2026-09-13 21:04:38
EVT-0004970,IF_SAPPROC_ORIM_001,SAP_ERP,ORACLE_SCM,REST_API,REST,Failed,CFG_017,Interface configuration mismatch,Configuration,19683,SESS-FC138F6AF7,REQ-F0AE04326CE9,2026-09-15 09:48:08
EVT-0004973,IF_SAPPROC_ORWMS_001,SAP_ERP,ORACLE_SCM,SFTP,Batch,Success,,,,14556,SESS-DC3D5CADE1,REQ-200DD194F725,2026-09-14 13:07:15
EVT-0004976,IF_SAPPROC_ORWMS_001,SAP_ERP,ORACLE_SCM,SFTP,Batch,Success,,,,9124,SESS-B48929346D,REQ-602D5AA1D2CC,2026-09-11 05:30:41
EVT-0004979,IF_SAPFIN_HCMPAY_001,SAP_ERP,HCM,SFTP,Batch,Success,,,,14182,SESS-545824B258,REQ-27EEC2544655,2026-09-12 15:39:33
EVT-0004984,IF_SAPPP_ORSC_001,SAP_ERP,ORACLE_SCM,Kafka,Async,Retry,INFRA_008,Runtime node unavailable,Infrastructure,3764,SESS-911BB9946D,REQ-DC36C9921C15,2026-09-16 23:08:39
EVT-0004985,IF_SAPPROC_ORWMS_001,SAP_ERP,ORACLE_SCM,SFTP,Batch,Success,,,,15472,SESS-F0DA932F11,REQ-99DFF53F903A,2026-09-14 14:08:11
EVT-0004986,IF_SAPPROC_ORIM_001,SAP_ERP,ORACLE_SCM,REST_API,REST,Success,,,,1167,SESS-8AC15A9455,REQ-86F3303C12AC,2026-09-14 08:50:55
EVT-0004987,IF_SAPPROC_ORWMS_001,SAP_ERP,ORACLE_SCM,SFTP,Batch,Success,,,,11710,SESS-433E46BE7A,REQ-32420183E2AF,2026-09-16 21:30:57
EVT-0004988,IF_SAPQM_MESPE_001,SAP_ERP,MES,Kafka,Async,Success,,,,812,SESS-654AD9419E,REQ-40D7442C0ADE,2026-09-15 23:13:05
EVT-0004990,IF_SAPFIN_HCMPAY_001,SAP_ERP,HCM,SFTP,Batch,Success,,,,13130,SESS-285080960B,REQ-8C01DB2D9433,2026-09-16 02:42:15
EVT-0004996,IF_SAPPP_ORSC_001,SAP_ERP,ORACLE_SCM,Kafka,Async,Success,,,,1205,SESS-D6E6990238,REQ-F53433D5D114,2026-09-14 00:51:00
EVT-0004998,IF_SAPQM_ORWMS_001,SAP_ERP,ORACLE_SCM,Kafka,Async,Retry,AUTH_401,Service credential rejected,Authentication,8135,SESS-7A1653BE08,REQ-A812E1327B19,2026-09-11 01:25:32
EVT-0004999,IF_SAPPP_MESPE_001,SAP_ERP,MES,Kafka,Async,Failed,AUTH_401,Service credential rejected,Authentication,7743,SESS-3A022C945A,REQ-8BA4F2D82247,2026-09-12 05:25:25
EVT-0005002,IF_SAPQM_MESPE_001,SAP_ERP,MES,Kafka,Async,Success,,,,953,SESS-419250288A,REQ-BB82E6231695,2026-09-15 12:16:55
EVT-0005005,IF_SAPPP_MESPE_001,SAP_ERP,MES,Kafka,Async,Success,,,,1364,SESS-AB36E117CA,REQ-9B306D53D7D9,2026-09-12 07:57:17
EVT-0005015,IF_SAPQM_MESPE_001,SAP_ERP,MES,Kafka,Async,Success,,,,1027,SESS-CB65DDEC9F,REQ-970461DE6C75,2026-09-10 10:09:34
EVT-0005022,IF_SAPPROC_ORWMS_001,SAP_ERP,ORACLE_SCM,SFTP,Batch,Success,,,,14372,SESS-B48E038306,REQ-3D9758F39463,2026-09-16 14:03:41
EVT-0005027,IF_SAPQM_MESPE_001,SAP_ERP,MES,Kafka,Async,Retry,NET_CONN_003,Connection reset by peer,Network,2620,SESS-EB890021FE,REQ-51C3F1371B76,2026-09-10 09:56:07
EVT-0005028,IF_SAPQM_MESPE_001,SAP_ERP,MES,Kafka,Async,Success,,,,975,SESS-AB87A04D2C,REQ-2EDC150EF1F3,2026-09-10 23:50:12
EVT-0005031,IF_SAPFIN_HCMPAY_001,SAP_ERP,HCM,SFTP,Batch,Failed,CFG_017,Interface configuration mismatch,Configuration,115359,SESS-564E97991F,REQ-9B0CD371CA47,2026-09-12 03:18:06
EVT-0005033,IF_SAPPROC_ORWMS_001,SAP_ERP,ORACLE_SCM,SFTP,Batch,Retry,NET_CONN_003,Connection reset by peer,Network,24708,SESS-485BC0F3CE,REQ-534A16B30176,2026-09-11 06:35:27
EVT-0005034,IF_SAPQM_MESPE_001,SAP_ERP,MES,Kafka,Async,Success,,,,825,SESS-536D8980B8,REQ-CB37940BB352,2026-09-12 01:42:02
EVT-0005042,IF_SAPQM_ORWMS_001,SAP_ERP,ORACLE_SCM,Kafka,Async,Success,,,,2001,SESS-1A9267CAE1,REQ-4BD14AE02DFB,2026-09-14 20:37:47
EVT-0005043,IF_SAPPROC_ORIM_001,SAP_ERP,ORACLE_SCM,REST_API,REST,Success,,,,1857,SESS-EBE47EAB78,REQ-F346FED7D771,2026-09-15 13:32:35
EVT-0005051,IF_SAPFIN_HCMPAY_001,SAP_ERP,HCM,SFTP,Batch,Success,,,,17943,SESS-DD8C948FD6,REQ-DB6D14E2B5C1,2026-09-14 16:30:53
EVT-0005054,IF_SAPQM_ORWMS_001,SAP_ERP,ORACLE_SCM,Kafka,Async,Success,,,,2071,SESS-13E90C0F6D,REQ-979CB59CC53B,2026-09-16 12:08:37
EVT-0005055,IF_SAPPP_ORSC_001,SAP_ERP,ORACLE_SCM,Kafka,Async,Success,,,,1469,SESS-34F4DA63EA,REQ-B5DE18D4C0A9,2026-09-11 19:52:13
EVT-0005056,IF_SAPQM_ORWMS_001,SAP_ERP,ORACLE_SCM,Kafka,Async,Success,,,,2591,SESS-697FCCB8D8,REQ-D523B47EEAB8,2026-09-13 19:47:52
EVT-0005061,IF_SAPPP_ORSC_001,SAP_ERP,ORACLE_SCM,Kafka,Async,Success,,,,1673,SESS-70D41FAEDB,REQ-2B943CE967D1,2026-09-15 19:26:41
EVT-0005074,IF_SAPPP_MESPE_001,SAP_ERP,MES,Kafka,Async,Success,,,,954,SESS-199B12F2C5,REQ-55C2BBA50AA0,2026-09-10 23:58:56
EVT-0005078,IF_SAPPROC_ORWMS_001,SAP_ERP,ORACLE_SCM,SFTP,Batch,Success,,,,12711,SESS-5F9D5DD182,REQ-011350449DDA,2026-09-12 21:30:49
EVT-0005081,IF_SAPPP_ORSC_001,SAP_ERP,ORACLE_SCM,Kafka,Async,Success,,,,1295,SESS-B146BB9D49,REQ-01B7EA06218B,2026-09-10 11:43:47
EVT-0005084,IF_SAPQM_MESPE_001,SAP_ERP,MES,Kafka,Async,Success,,,,945,SESS-B8986F45C0,REQ-046EF6DDCD2B,2026-09-13 16:46:33
EVT-0005085,IF_SAPPROC_ORIM_001,SAP_ERP,ORACLE_SCM,REST_API,REST,Success,,,,2717,SESS-3F9B29474C,REQ-ACF9984BE99C,2026-09-10 23:08:12
EVT-0005086,IF_SAPPP_MESPE_001,SAP_ERP,MES,Kafka,Async,Success,,,,740,SESS-7858FC38BF,REQ-5626DCD8265D,2026-09-16 15:36:01
EVT-0005091,IF_SAPFIN_HCMPAY_001,SAP_ERP,HCM,SFTP,Batch,Success,,,,17619,SESS-9ECDCB1D8A,REQ-B35D2512F0FC,2026-09-13 17:41:38
EVT-0005092,IF_SAPQM_MESPE_001,SAP_ERP,MES,Kafka,Async,Success,,,,1246,SESS-E597469B32,REQ-97378021AF40,2026-09-13 09:59:00
EVT-0005099,IF_SAPFIN_HCMPAY_001,SAP_ERP,HCM,SFTP,Batch,Success,,,,14925,SESS-D8605BB38B,REQ-DBE5D6AE455A,2026-09-15 13:09:19
EVT-0005100,IF_SAPPROC_ORWMS_001,SAP_ERP,ORACLE_SCM,SFTP,Batch,Success,,,,12520,SESS-81AF58C285,REQ-EB2B420924B8,2026-09-12 19:35:46
EVT-0005104,IF_SAPPP_ORSC_001,SAP_ERP,ORACLE_SCM,Kafka,Async,Success,,,,1874,SESS-26CFF66821,REQ-AF33ED9DBDA8,2026-09-11 15:22:06
EVT-0005108,IF_SAPPROC_ORIM_001,SAP_ERP,ORACLE_SCM,REST_API,REST,Success,,,,1954,SESS-45749F1982,REQ-354C8CA76B12,2026-09-12 12:05:00
EVT-0005113,IF_SAPQM_MESPE_001,SAP_ERP,MES,Kafka,Async,Failed,VAL_400,Required business field failed validation,Validation,2734,SESS-D22C58B087,REQ-B11E27F730B0,2026-09-14 07:40:13
EVT-0005122,IF_SAPQM_ORWMS_001,SAP_ERP,ORACLE_SCM,Kafka,Async,Success,,,,1532,SESS-C6BCDCD7E3,REQ-B7D2882D67E3,2026-09-16 09:25:14
EVT-0005126,IF_SAPFIN_HCMPAY_001,SAP_ERP,HCM,SFTP,Batch,Success,,,,19454,SESS-64E6EF8AD8,REQ-E0D0CAF78CFA,2026-09-11 08:34:30
EVT-0005140,IF_SAPQM_ORWMS_001,SAP_ERP,ORACLE_SCM,Kafka,Async,Success,,,,1762,SESS-D9384755E1,REQ-6831CD721D65,2026-09-15 10:30:17
EVT-0005141,IF_SAPPP_MESPE_001,SAP_ERP,MES,Kafka,Async,Success,,,,754,SESS-7DE410A525,REQ-BD82118C2EFF,2026-09-16 12:47:09
EVT-0005144,IF_SAPPP_ORSC_001,SAP_ERP,ORACLE_SCM,Kafka,Async,Success,,,,1468,SESS-A65E96E577,REQ-2BEB7C7A9E86,2026-09-14 09:26:10
EVT-0005147,IF_SAPPP_ORSC_001,SAP_ERP,ORACLE_SCM,Kafka,Async,Success,,,,841,SESS-9D4CC30818,REQ-3A8E2F308E58,2026-09-11 03:41:37
EVT-0005148,IF_SAPPP_MESPE_001,SAP_ERP,MES,Kafka,Async,Success,,,,898,SESS-555030B524,REQ-4A4A702F010B,2026-09-10 14:47:42
EVT-0005149,IF_SAPQM_ORWMS_001,SAP_ERP,ORACLE_SCM,Kafka,Async,Success,,,,2529,SESS-04EE38ED02,REQ-96931FD9B698,2026-09-12 11:55:58
EVT-0005151,IF_SAPQM_MESPE_001,SAP_ERP,MES,Kafka,Async,Success,,,,1334,SESS-541249F221,REQ-CDB883AAB649,2026-09-15 19:42:34
EVT-0005158,IF_SAPPP_MESPE_001,SAP_ERP,MES,Kafka,Async,Retry,NET_CONN_003,Connection reset by peer,Network,2728,SESS-255C8E974D,REQ-558ABA179CB1,2026-09-14 10:46:17
EVT-0005160,IF_SAPFIN_HCMPAY_001,SAP_ERP,HCM,SFTP,Batch,Success,,,,21404,SESS-6EFA572A72,REQ-B9F12C678B9B,2026-09-15 08:27:05
EVT-0005166,IF_SAPQM_MESPE_001,SAP_ERP,MES,Kafka,Async,Success,,,,1097,SESS-83903DE5BA,REQ-CEF334B1F0D9,2026-09-16 05:48:10
EVT-0005174,IF_SAPQM_MESPE_001,SAP_ERP,MES,Kafka,Async,Success,,,,1014,SESS-35D0CED1E7,REQ-5C95E421E56B,2026-09-10 06:08:28
EVT-0005175,IF_SAPQM_MESPE_001,SAP_ERP,MES,Kafka,Async,Success,,,,1044,SESS-C3F1FC4C16,REQ-D3331D62C133,2026-09-12 10:53:15
EVT-0005179,IF_SAPQM_ORWMS_001,SAP_ERP,ORACLE_SCM,Kafka,Async,Success,,,,2536,SESS-6049E6CDD8,REQ-4D141226A4ED,2026-09-15 22:33:50
EVT-0005181,IF_SAPFIN_HCMPAY_001,SAP_ERP,HCM,SFTP,Batch,Success,,,,20195,SESS-80DDB03BB7,REQ-18418CFACBB4,2026-09-11 02:31:28
EVT-0005185,IF_SAPPROC_ORIM_001,SAP_ERP,ORACLE_SCM,REST_API,REST,Success,,,,1084,SESS-9544062422,REQ-04B81E9B3B39,2026-09-14 22:20:01
EVT-0005188,IF_SAPQM_ORWMS_001,SAP_ERP,ORACLE_SCM,Kafka,Async,Success,,,,2090,SESS-758747F643,REQ-EAA363DFE616,2026-09-14 22:27:17
EVT-0005190,IF_SAPQM_ORWMS_001,SAP_ERP,ORACLE_SCM,Kafka,Async,Success,,,,2337,SESS-B5F7B5189C,REQ-126141DB3E6E,2026-09-15 05:18:30
EVT-0005192,IF_SAPQM_MESPE_001,SAP_ERP,MES,Kafka,Async,Success,,,,810,SESS-74A52DD9AA,REQ-14C57B2FCDEA,2026-09-15 13:55:02
EVT-0005193,IF_SAPPROC_ORWMS_001,SAP_ERP,ORACLE_SCM,SFTP,Batch,Success,,,,13180,SESS-D9E9C6E3D5,REQ-F85D27AD3355,2026-09-12 09:28:26
EVT-0005194,IF_SAPQM_MESPE_001,SAP_ERP,MES,Kafka,Async,Success,,,,840,SESS-97FA311CBB,REQ-3F7734EBC86F,2026-09-16 12:10:14
EVT-0005202,IF_SAPPROC_ORIM_001,SAP_ERP,ORACLE_SCM,REST_API,REST,Success,,,,2182,SESS-8C32B4FEEF,REQ-A8D5E6A0009A,2026-09-10 21:56:17
EVT-0005209,IF_SAPPP_ORSC_001,SAP_ERP,ORACLE_SCM,Kafka,Async,Success,,,,1775,SESS-CC384C69FF,REQ-2B7749188F2B,2026-09-12 07:21:07
EVT-0005210,IF_SAPPP_ORSC_001,SAP_ERP,ORACLE_SCM,Kafka,Async,Success,,,,1632,SESS-F97E98DD4E,REQ-C3E5EE14E62B,2026-09-10 07:04:21
EVT-0005216,IF_SAPQM_ORWMS_001,SAP_ERP,ORACLE_SCM,Kafka,Async,Success,,,,1889,SESS-6001B48125,REQ-F4FAC7565F58,2026-09-14 18:08:52
EVT-0005217,IF_SAPPROC_ORIM_001,SAP_ERP,ORACLE_SCM,REST_API,REST,Success,,,,1823,SESS-F05FDFC0D1,REQ-6C70689D1853,2026-09-12 18:29:45
EVT-0005223,IF_SAPPP_MESPE_001,SAP_ERP,MES,Kafka,Async,Failed,EXT_502,Downstream service returned 502,External Service,1584,SESS-B10D87AA7F,REQ-29B1CB6F8E79,2026-09-16 09:19:31
EVT-0005224,IF_SAPPP_ORSC_001,SAP_ERP,ORACLE_SCM,Kafka,Async,Success,,,,707,SESS-E4B2FBE474,REQ-A7E9ADF193D0,2026-09-11 07:18:15
EVT-0005226,IF_SAPQM_MESPE_001,SAP_ERP,MES,Kafka,Async,Success,,,,735,SESS-9EEC2841EF,REQ-3D78284457BF,2026-09-12 21:02:05
EVT-0005228,IF_SAPPROC_ORIM_001,SAP_ERP,ORACLE_SCM,REST_API,REST,Retry,EXT_502,Downstream service returned 502,External Service,5864,SESS-BEDCE5BEF6,REQ-1D2F41449CF5,2026-09-16 09:46:46
EVT-0005232,IF_SAPPROC_ORIM_001,SAP_ERP,ORACLE_SCM,REST_API,REST,Success,,,,2178,SESS-111209029B,REQ-1BDB36A42756,2026-09-13 16:31:49
EVT-0005233,IF_SAPPROC_ORIM_001,SAP_ERP,ORACLE_SCM,REST_API,REST,Retry,AUTH_401,Service credential rejected,Authentication,8000,SESS-974DBA5D22,REQ-831EB94760E2,2026-09-14 21:01:34
EVT-0005234,IF_SAPQM_MESPE_001,SAP_ERP,MES,Kafka,Async,Success,,,,1136,SESS-A0D3037B63,REQ-1BB82CD3D628,2026-09-14 21:48:34
EVT-0005235,IF_SAPPP_ORSC_001,SAP_ERP,ORACLE_SCM,Kafka,Async,Retry,VAL_400,Required business field failed validation,Validation,2559,SESS-2854C08D3F,REQ-24EB59581BFC,2026-09-15 05:59:32
EVT-0005236,IF_SAPPROC_ORWMS_001,SAP_ERP,ORACLE_SCM,SFTP,Batch,Success,,,,14108,SESS-C2EDE36380,REQ-79121D0A3402,2026-09-10 06:51:56
EVT-0005241,IF_SAPPROC_ORIM_001,SAP_ERP,ORACLE_SCM,REST_API,REST,Success,,,,2790,SESS-7180D43DBB,REQ-ED17CEFB3802,2026-09-13 15:42:18
EVT-0005242,IF_SAPFIN_HCMPAY_001,SAP_ERP,HCM,SFTP,Batch,Success,,,,15499,SESS-CDDB00270C,REQ-F75E5353304A,2026-09-11 17:13:46
EVT-0005246,IF_SAPPROC_ORIM_001,SAP_ERP,ORACLE_SCM,REST_API,REST,Retry,CFG_017,Interface configuration mismatch,Configuration,4491,SESS-D8EDC1A8DB,REQ-15E33187E6A9,2026-09-10 12:52:05
EVT-0005247,IF_SAPPROC_ORIM_001,SAP_ERP,ORACLE_SCM,REST_API,REST,Success,,,,2308,SESS-3244599DC3,REQ-588C691E8513,2026-09-12 18:31:48
EVT-0005261,IF_SAPQM_ORWMS_001,SAP_ERP,ORACLE_SCM,Kafka,Async,Success,,,,1504,SESS-55F1D318DF,REQ-36A90DEDA0CC,2026-09-14 13:16:22
EVT-0005262,IF_SAPPP_ORSC_001,SAP_ERP,ORACLE_SCM,Kafka,Async,Success,,,,1418,SESS-D44E33C044,REQ-17F548723684,2026-09-10 12:02:48
EVT-0005271,IF_SAPQM_ORWMS_001,SAP_ERP,ORACLE_SCM,Kafka,Async,Success,,,,2398,SESS-5AB3F4334C,REQ-6917F347CAC8,2026-09-12 04:24:01
EVT-0005273,IF_SAPPP_ORSC_001,SAP_ERP,ORACLE_SCM,Kafka,Async,Success,,,,1591,SESS-86505145DB,REQ-3DA65ECFF49F,2026-09-13 18:32:07
EVT-0005274,IF_SAPPROC_ORWMS_001,SAP_ERP,ORACLE_SCM,SFTP,Batch,Success,,,,8579,SESS-0AAB4A4330,REQ-5CD901F0F801,2026-09-16 14:52:01
EVT-0005280,IF_SAPPROC_ORWMS_001,SAP_ERP,ORACLE_SCM,SFTP,Batch,Success,,,,12441,SESS-C887698118,REQ-2640B5E5FA80,2026-09-10 13:43:53
EVT-0005289,IF_SAPPP_MESPE_001,SAP_ERP,MES,Kafka,Async,Retry,AUTHZ_403,Caller is not authorized,Authorization,2413,SESS-110AD1EC24,REQ-8449B79223EA,2026-09-10 21:10:59
EVT-0005294,IF_SAPPROC_ORIM_001,SAP_ERP,ORACLE_SCM,REST_API,REST,Retry,AUTH_401,Service credential rejected,Authentication,7974,SESS-E03CF4CFA4,REQ-9CE359550D2E,2026-09-11 10:48:12
EVT-0005299,IF_SAPPP_MESPE_001,SAP_ERP,MES,Kafka,Async,Success,,,,1054,SESS-D7809D454D,REQ-46AFA02203D5,2026-09-15 17:30:55
EVT-0005302,IF_SAPFIN_HCMPAY_001,SAP_ERP,HCM,SFTP,Batch,Retry,VAL_400,Required business field failed validation,Validation,21968,SESS-C0CA028B5F,REQ-4CD095E962A4,2026-09-14 13:28:23
EVT-0005303,IF_SAPQM_ORWMS_001,SAP_ERP,ORACLE_SCM,Kafka,Async,Success,,,,2082,SESS-E2D25A471F,REQ-52F5A729BF1C,2026-09-14 04:48:04
EVT-0005309,IF_SAPPROC_ORIM_001,SAP_ERP,ORACLE_SCM,REST_API,REST,Success,,,,2779,SESS-5084F42A7A,REQ-08528C06106A,2026-09-14 10:55:27
EVT-0005310,IF_SAPQM_MESPE_001,SAP_ERP,MES,Kafka,Async,Success,,,,660,SESS-7AD107120C,REQ-0FD5E0992E44,2026-09-15 06:12:39
EVT-0005311,IF_SAPFIN_HCMPAY_001,SAP_ERP,HCM,SFTP,Batch,Retry,DB_COMMIT_014,Transaction commit failed,Database,47410,SESS-55719DCB1D,REQ-F8F83D5012F2,2026-09-12 18:09:46
EVT-0005312,IF_SAPPROC_ORWMS_001,SAP_ERP,ORACLE_SCM,SFTP,Batch,Success,,,,15680,SESS-D9D9596637,REQ-834B61EB367B,2026-09-12 08:08:11
EVT-0005318,IF_SAPPP_MESPE_001,SAP_ERP,MES,Kafka,Async,Success,,,,828,SESS-BD0D486059,REQ-CB68F1B0B1C5,2026-09-16 13:43:44
EVT-0005319,IF_SAPQM_ORWMS_001,SAP_ERP,ORACLE_SCM,Kafka,Async,Success,,,,2468,SESS-0A6768AC18,REQ-336BF74EE508,2026-09-14 14:08:57
EVT-0005320,IF_SAPQM_MESPE_001,SAP_ERP,MES,Kafka,Async,Success,,,,750,SESS-A3AF50322A,REQ-3C3A265AEF4E,2026-09-12 17:29:37
EVT-0005326,IF_SAPPROC_ORWMS_001,SAP_ERP,ORACLE_SCM,SFTP,Batch,Success,,,,20203,SESS-C3DE63A0C4,REQ-C51665202F37,2026-09-12 02:13:36
EVT-0005329,IF_SAPQM_MESPE_001,SAP_ERP,MES,Kafka,Async,Success,,,,918,SESS-E4AD1BC097,REQ-CC3CDF9FA71A,2026-09-13 21:30:56
EVT-0005331,IF_SAPFIN_HCMPAY_001,SAP_ERP,HCM,SFTP,Batch,Failed,TIME_004,Downstream response exceeded SLA,Timeout,22342,SESS-E46CA9079B,REQ-CDCB4F5A0628,2026-09-14 16:10:22
EVT-0005337,IF_SAPQM_ORWMS_001,SAP_ERP,ORACLE_SCM,Kafka,Async,Success,,,,2770,SESS-6C72E002AA,REQ-D0782782223D,2026-09-14 18:18:25
EVT-0005345,IF_SAPPROC_ORWMS_001,SAP_ERP,ORACLE_SCM,SFTP,Batch,Success,,,,12308,SESS-51D5B1A3F3,REQ-CE692777D574,2026-09-15 12:28:52
EVT-0005347,IF_SAPFIN_HCMPAY_001,SAP_ERP,HCM,SFTP,Batch,Success,,,,10178,SESS-FDA27B486C,REQ-FD6F1BEA5EBD,2026-09-11 14:18:10
EVT-0005348,IF_SAPQM_ORWMS_001,SAP_ERP,ORACLE_SCM,Kafka,Async,Success,,,,1761,SESS-636FD974E1,REQ-ECFEF4F82798,2026-09-11 06:03:58
EVT-0005350,IF_SAPPROC_ORIM_001,SAP_ERP,ORACLE_SCM,REST_API,REST,Success,,,,2186,SESS-048C50FBD9,REQ-E41D64891817,2026-09-10 18:38:20
EVT-0005358,IF_SAPFIN_HCMPAY_001,SAP_ERP,HCM,SFTP,Batch,Success,,,,15013,SESS-1E992F8629,REQ-67B654521F30,2026-09-13 13:26:15
EVT-0005359,IF_SAPPROC_ORIM_001,SAP_ERP,ORACLE_SCM,REST_API,REST,Success,,,,3160,SESS-44B205E528,REQ-CEF2F34B21F6,2026-09-16 17:33:15
EVT-0005362,IF_SAPQM_MESPE_001,SAP_ERP,MES,Kafka,Async,Success,,,,893,SESS-C21EC0FAF2,REQ-87E06538EF21,2026-09-16 23:10:39
EVT-0005363,IF_SAPPROC_ORIM_001,SAP_ERP,ORACLE_SCM,REST_API,REST,Success,,,,2031,SESS-1A6FDD6F39,REQ-404BB974CD55,2026-09-13 12:57:27
EVT-0005365,IF_SAPFIN_HCMPAY_001,SAP_ERP,HCM,SFTP,Batch,Success,,,,13058,SESS-650F492B39,REQ-54C46F0C0F89,2026-09-15 20:21:22
EVT-0005367,IF_SAPPP_MESPE_001,SAP_ERP,MES,Kafka,Async,Success,,,,584,SESS-7AF74B7D74,REQ-BA626B6F2C47,2026-09-15 22:21:39
EVT-0005372,IF_SAPPP_MESPE_001,SAP_ERP,MES,Kafka,Async,Success,,,,871,SESS-0E721AD500,REQ-38A5546D1FA8,2026-09-15 07:02:08
EVT-0005373,IF_SAPPP_ORSC_001,SAP_ERP,ORACLE_SCM,Kafka,Async,Success,,,,1493,SESS-E523C46766,REQ-4C54BE3E7EBB,2026-09-13 04:03:06
EVT-0005379,IF_SAPPROC_ORWMS_001,SAP_ERP,ORACLE_SCM,SFTP,Batch,Success,,,,11065,SESS-3F5901E5BE,REQ-543FEE862419,2026-09-15 00:01:19
EVT-0005380,IF_SAPPP_MESPE_001,SAP_ERP,MES,Kafka,Async,Success,,,,1067,SESS-4E4B704599,REQ-B4ABCFAB980F,2026-09-15 02:39:31
EVT-0005381,IF_SAPPP_ORSC_001,SAP_ERP,ORACLE_SCM,Kafka,Async,Retry,VAL_400,Required business field failed validation,Validation,5248,SESS-A8EBCBAF7E,REQ-8332DF44BECB,2026-09-10 21:39:47
EVT-0005382,IF_SAPPP_MESPE_001,SAP_ERP,MES,Kafka,Async,Success,,,,949,SESS-3EF5429F0A,REQ-B1524FD61EF4,2026-09-12 17:26:22
EVT-0005385,IF_SAPPROC_ORIM_001,SAP_ERP,ORACLE_SCM,REST_API,REST,Success,,,,2594,SESS-68B423919C,REQ-B04BADC93FCD,2026-09-16 23:18:06
EVT-0005386,IF_SAPPROC_ORIM_001,SAP_ERP,ORACLE_SCM,REST_API,REST,Success,,,,2072,SESS-EB7E26F2E3,REQ-45122FE82B2C,2026-09-15 01:01:12
EVT-0005391,IF_SAPPROC_ORWMS_001,SAP_ERP,ORACLE_SCM,SFTP,Batch,Success,,,,7336,SESS-66923940DD,REQ-2C36124BAAAC,2026-09-10 13:50:28
EVT-0005395,IF_SAPQM_MESPE_001,SAP_ERP,MES,Kafka,Async,Success,,,,720,SESS-FF6B4132C7,REQ-30F4285467B6,2026-09-11 20:34:29
EVT-0005410,IF_SAPQM_ORWMS_001,SAP_ERP,ORACLE_SCM,Kafka,Async,Success,,,,1678,SESS-1552545BD6,REQ-2F14567834C7,2026-09-15 11:02:43
EVT-0005413,IF_SAPPROC_ORIM_001,SAP_ERP,ORACLE_SCM,REST_API,REST,Success,,,,2178,SESS-5FCBE4F008,REQ-E8D85452CD92,2026-09-13 17:33:48
EVT-0005422,IF_SAPQM_MESPE_001,SAP_ERP,MES,Kafka,Async,Success,,,,1015,SESS-0C54B119A5,REQ-7E1B7AFE3D8F,2026-09-16 01:46:18
EVT-0005426,IF_SAPPP_ORSC_001,SAP_ERP,ORACLE_SCM,Kafka,Async,Retry,AUTHZ_403,Caller is not authorized,Authorization,5119,SESS-635ABC5ED0,REQ-088AB157B2D4,2026-09-15 00:21:56
EVT-0005430,IF_SAPFIN_HCMPAY_001,SAP_ERP,HCM,SFTP,Batch,Success,,,,13024,SESS-A5F29E0C4E,REQ-D2677EB78F18,2026-09-10 18:19:26
EVT-0005444,IF_SAPPP_ORSC_001,SAP_ERP,ORACLE_SCM,Kafka,Async,Failed,INFRA_008,Runtime node unavailable,Infrastructure,5792,SESS-770AADD481,REQ-DD77E8E6601B,2026-09-10 10:15:46
EVT-0005445,IF_SAPPP_ORSC_001,SAP_ERP,ORACLE_SCM,Kafka,Async,Success,,,,1441,SESS-7BCD2C68A1,REQ-4B780E501BC6,2026-09-14 02:15:06
EVT-0005446,IF_SAPPROC_ORIM_001,SAP_ERP,ORACLE_SCM,REST_API,REST,Success,,,,1707,SESS-B52FC382A7,REQ-7A47B2493D1B,2026-09-13 10:11:35
EVT-0005451,IF_SAPPP_MESPE_001,SAP_ERP,MES,Kafka,Async,Success,,,,960,SESS-EA72C375D9,REQ-CF9C93172371,2026-09-13 10:35:50
EVT-0005454,IF_SAPFIN_HCMPAY_001,SAP_ERP,HCM,SFTP,Batch,Success,,,,13036,SESS-5E30FC14AB,REQ-770E0D5B2134,2026-09-13 12:11:26
EVT-0005459,IF_SAPPP_MESPE_001,SAP_ERP,MES,Kafka,Async,Success,,,,1002,SESS-A897B65FEE,REQ-BEC9D606D1E7,2026-09-16 20:50:13
EVT-0005469,IF_SAPQM_ORWMS_001,SAP_ERP,ORACLE_SCM,Kafka,Async,Success,,,,2802,SESS-4ECC619054,REQ-CB46C12218F9,2026-09-12 07:32:09
EVT-0005470,IF_SAPQM_ORWMS_001,SAP_ERP,ORACLE_SCM,Kafka,Async,Success,,,,3010,SESS-3368E4FFF8,REQ-839CEFC88353,2026-09-10 18:21:29
EVT-0005475,IF_SAPPP_MESPE_001,SAP_ERP,MES,Kafka,Async,Success,,,,500,SESS-0D24966848,REQ-927D4A2F6B11,2026-09-13 19:26:18
EVT-0005482,IF_SAPPP_MESPE_001,SAP_ERP,MES,Kafka,Async,Failed,CFG_017,Interface configuration mismatch,Configuration,6152,SESS-D134E63B08,REQ-E73F3B546A25,2026-09-14 18:29:15
EVT-0005484,IF_SAPQM_MESPE_001,SAP_ERP,MES,Kafka,Async,Success,,,,877,SESS-407ED1574D,REQ-F1DFDF947FC6,2026-09-13 19:58:57
EVT-0005485,IF_SAPFIN_HCMPAY_001,SAP_ERP,HCM,SFTP,Batch,Success,,,,11837,SESS-5AC8186F5A,REQ-4600EFE25DBD,2026-09-16 13:50:32
EVT-0005487,IF_SAPQM_MESPE_001,SAP_ERP,MES,Kafka,Async,Success,,,,823,SESS-8CDA7EB4EB,REQ-24E6257E22DF,2026-09-13 09:08:22
EVT-0005488,IF_SAPPROC_ORWMS_001,SAP_ERP,ORACLE_SCM,SFTP,Batch,Success,,,,12399,SESS-6A4A47406D,REQ-C612446FD7C0,2026-09-12 04:09:07
EVT-0005499,IF_SAPQM_ORWMS_001,SAP_ERP,ORACLE_SCM,Kafka,Async,Success,,,,2325,SESS-8C408F2EAE,REQ-74BA6F42C39E,2026-09-12 20:04:41
EVT-0005501,IF_SAPQM_ORWMS_001,SAP_ERP,ORACLE_SCM,Kafka,Async,Success,,,,2790,SESS-E370B8403E,REQ-B4C5BEFF75DB,2026-09-15 17:15:48
EVT-0005508,IF_SAPPROC_ORIM_001,SAP_ERP,ORACLE_SCM,REST_API,REST,Retry,CFG_017,Interface configuration mismatch,Configuration,5855,SESS-A76A407F40,REQ-F7342652F607,2026-09-15 06:48:02
EVT-0005511,IF_SAPQM_MESPE_001,SAP_ERP,MES,Kafka,Async,Retry,TIME_004,Downstream response exceeded SLA,Timeout,2812,SESS-5BBCF58F02,REQ-440C0FA09B58,2026-09-13 04:23:49
EVT-0005513,IF_SAPFIN_HCMPAY_001,SAP_ERP,HCM,SFTP,Batch,Success,,,,14791,SESS-18FA686140,REQ-9EC3041C1B66,2026-09-12 09:00:16
EVT-0005515,IF_SAPPROC_ORWMS_001,SAP_ERP,ORACLE_SCM,SFTP,Batch,Retry,AUTH_401,Service credential rejected,Authentication,26824,SESS-A98750A068,REQ-A9572CB0F61B,2026-09-15 21:48:57
EVT-0005516,IF_SAPQM_ORWMS_001,SAP_ERP,ORACLE_SCM,Kafka,Async,Success,,,,2571,SESS-BE9169B5D6,REQ-CD48A97169F4,2026-09-12 13:46:42
EVT-0005517,IF_SAPPP_MESPE_001,SAP_ERP,MES,Kafka,Async,Success,,,,753,SESS-74EF7C52D9,REQ-FC4DCECBA5F5,2026-09-13 03:14:34
EVT-0005519,IF_SAPPP_MESPE_001,SAP_ERP,MES,Kafka,Async,Success,,,,330,SESS-DF86B1CA2F,REQ-F36ED9FFE670,2026-09-12 14:22:13
EVT-0005522,IF_SAPPP_MESPE_001,SAP_ERP,MES,Kafka,Async,Success,,,,850,SESS-E98DF8330E,REQ-728EBF06B755,2026-09-12 23:04:47
EVT-0005532,IF_SAPPP_ORSC_001,SAP_ERP,ORACLE_SCM,Kafka,Async,Success,,,,878,SESS-607A6525C1,REQ-165061C412D3,2026-09-15 12:43:12
EVT-0005533,IF_SAPFIN_HCMPAY_001,SAP_ERP,HCM,SFTP,Batch,Failed,CAP_003,Downstream service is at capacity,Capacity,20740,SESS-AB305F52EA,REQ-C93B8A793472,2026-09-15 12:54:46
EVT-0005539,IF_SAPPP_ORSC_001,SAP_ERP,ORACLE_SCM,Kafka,Async,Retry,CAP_003,Downstream service is at capacity,Capacity,3381,SESS-D707A570C1,REQ-91FF3641BEA3,2026-09-16 19:24:38
EVT-0005543,IF_SAPQM_ORWMS_001,SAP_ERP,ORACLE_SCM,Kafka,Async,Success,,,,2134,SESS-9A22F962C1,REQ-1E0707271961,2026-09-14 17:52:53
EVT-0005556,IF_SAPQM_ORWMS_001,SAP_ERP,ORACLE_SCM,Kafka,Async,Retry,INFRA_008,Runtime node unavailable,Infrastructure,5239,SESS-32E9F171DD,REQ-6140D88F6981,2026-09-16 21:32:56
EVT-0005558,IF_SAPQM_MESPE_001,SAP_ERP,MES,Kafka,Async,Success,,,,949,SESS-13B4BFCD2B,REQ-FDC1774B3AFA,2026-09-16 19:35:19
EVT-0005565,IF_SAPPP_ORSC_001,SAP_ERP,ORACLE_SCM,Kafka,Async,Success,,,,1326,SESS-549FAE4805,REQ-7D144EFED82F,2026-09-15 23:01:12
EVT-0005568,IF_SAPQM_MESPE_001,SAP_ERP,MES,Kafka,Async,Success,,,,961,SESS-981FAF6EB5,REQ-E9CD2C494800,2026-09-16 04:32:08
EVT-0005574,IF_SAPPROC_ORIM_001,SAP_ERP,ORACLE_SCM,REST_API,REST,Success,,,,2652,SESS-113271D3DA,REQ-CEE2A8D891C8,2026-09-11 16:23:49
EVT-0005582,IF_SAPQM_ORWMS_001,SAP_ERP,ORACLE_SCM,Kafka,Async,Success,,,,2494,SESS-6FE2652252,REQ-34FF383E7E79,2026-09-12 20:16:53
EVT-0005584,IF_SAPPP_MESPE_001,SAP_ERP,MES,Kafka,Async,Success,,,,714,SESS-F5A40122CB,REQ-2FD4B590253D,2026-09-13 00:52:39
EVT-0005588,IF_SAPPROC_ORIM_001,SAP_ERP,ORACLE_SCM,REST_API,REST,Success,,,,1937,SESS-6A60EC89C6,REQ-0F0F3C382EF1,2026-09-14 18:40:57
EVT-0005591,IF_SAPPP_MESPE_001,SAP_ERP,MES,Kafka,Async,Success,,,,778,SESS-D198AAD4F5,REQ-25929CB3762B,2026-09-12 00:09:36
EVT-0005596,IF_SAPPP_MESPE_001,SAP_ERP,MES,Kafka,Async,Success,,,,1115,SESS-286E58FE7C,REQ-B9A99F0C93CA,2026-09-10 16:23:35
EVT-0005598,IF_SAPQM_MESPE_001,SAP_ERP,MES,Kafka,Async,Success,,,,777,SESS-13D6A92FA4,REQ-110584FA621C,2026-09-15 10:33:31
EVT-0005600,IF_SAPPP_MESPE_001,SAP_ERP,MES,Kafka,Async,Failed,INFRA_008,Runtime node unavailable,Infrastructure,3869,SESS-58762DCB7D,REQ-3F931C950267,2026-09-13 03:42:20
EVT-0005601,IF_SAPPP_MESPE_001,SAP_ERP,MES,Kafka,Async,Success,,,,648,SESS-70AE0FE267,REQ-FBCEC95517E9,2026-09-11 05:33:41
EVT-0005602,IF_SAPPROC_ORIM_001,SAP_ERP,ORACLE_SCM,REST_API,REST,Success,,,,2363,SESS-5ACF154A95,REQ-7F0124A0A1E0,2026-09-14 01:18:04
EVT-0005603,IF_SAPQM_ORWMS_001,SAP_ERP,ORACLE_SCM,Kafka,Async,Success,,,,2391,SESS-A8F370205D,REQ-85F41BE42527,2026-09-14 17:01:50
EVT-0005621,IF_SAPQM_ORWMS_001,SAP_ERP,ORACLE_SCM,Kafka,Async,Success,,,,2040,SESS-67766BC77E,REQ-93A5F79CCCE3,2026-09-13 22:34:40
EVT-0005626,IF_SAPPP_ORSC_001,SAP_ERP,ORACLE_SCM,Kafka,Async,Success,,,,1600,SESS-F122A36F54,REQ-B3FBFF1166C3,2026-09-15 16:56:58
EVT-0005635,IF_SAPQM_MESPE_001,SAP_ERP,MES,Kafka,Async,Success,,,,894,SESS-6F4162EDFC,REQ-2EE3A573F850,2026-09-14 06:36:08
EVT-0005639,IF_SAPPP_MESPE_001,SAP_ERP,MES,Kafka,Async,Retry,TIME_004,Downstream response exceeded SLA,Timeout,2261,SESS-11C4044DF4,REQ-740FA887C84D,2026-09-12 02:32:42
EVT-0005647,IF_SAPQM_ORWMS_001,SAP_ERP,ORACLE_SCM,Kafka,Async,Retry,EXT_502,Downstream service returned 502,External Service,4931,SESS-369090A571,REQ-1DF1BB11A9EB,2026-09-10 11:51:53
EVT-0005648,IF_SAPPROC_ORIM_001,SAP_ERP,ORACLE_SCM,REST_API,REST,Success,,,,2081,SESS-52E3FB2123,REQ-825D2BA0CC67,2026-09-14 06:10:51
EVT-0005661,IF_SAPPP_ORSC_001,SAP_ERP,ORACLE_SCM,Kafka,Async,Success,,,,1114,SESS-4B4E90FE8C,REQ-BFD2C0662620,2026-09-10 05:33:33
EVT-0005665,IF_SAPPP_ORSC_001,SAP_ERP,ORACLE_SCM,Kafka,Async,Success,,,,1304,SESS-87A6EFCB52,REQ-6EA1D48B885A,2026-09-10 16:04:27
EVT-0005670,IF_SAPQM_MESPE_001,SAP_ERP,MES,Kafka,Async,Success,,,,851,SESS-2A7B3C9905,REQ-DDBBEF4FEDD1,2026-09-11 23:32:39
EVT-0005681,IF_SAPPROC_ORIM_001,SAP_ERP,ORACLE_SCM,REST_API,REST,Success,,,,1245,SESS-C22DC9E91A,REQ-A413316A278C,2026-09-14 14:02:13
EVT-0005685,IF_SAPPROC_ORIM_001,SAP_ERP,ORACLE_SCM,REST_API,REST,Success,,,,2733,SESS-86E44C5AA3,REQ-7FAF72EE2E04,2026-09-14 01:49:36
EVT-0005688,IF_SAPPP_ORSC_001,SAP_ERP,ORACLE_SCM,Kafka,Async,Retry,CAP_003,Downstream service is at capacity,Capacity,4658,SESS-4C2CA94C87,REQ-FE0D98E86726,2026-09-14 18:57:14
EVT-0005690,IF_SAPQM_MESPE_001,SAP_ERP,MES,Kafka,Async,Success,,,,827,SESS-72777130C6,REQ-B3D1898C1F86,2026-09-12 09:01:13
EVT-0005696,IF_SAPPP_MESPE_001,SAP_ERP,MES,Kafka,Async,Success,,,,954,SESS-CFC699783E,REQ-9B8A85AEC8BD,2026-09-14 01:12:37
EVT-0005716,IF_SAPQM_ORWMS_001,SAP_ERP,ORACLE_SCM,Kafka,Async,Success,,,,2674,SESS-3A161605B5,REQ-FE555A6D0F02,2026-09-11 21:54:23
EVT-0005722,IF_SAPPP_ORSC_001,SAP_ERP,ORACLE_SCM,Kafka,Async,Success,,,,1717,SESS-18B7C99321,REQ-21188F0A8933,2026-09-13 04:46:31
EVT-0005723,IF_SAPQM_MESPE_001,SAP_ERP,MES,Kafka,Async,Success,,,,889,SESS-FD3E0F1CD0,REQ-8B04DF95FB13,2026-09-15 00:29:08
EVT-0005730,IF_SAPFIN_HCMPAY_001,SAP_ERP,HCM,SFTP,Batch,Success,,,,12783,SESS-630981EFC2,REQ-0B3EDDAF2D36,2026-09-12 22:11:05
EVT-0005731,IF_SAPQM_MESPE_001,SAP_ERP,MES,Kafka,Async,Success,,,,580,SESS-BE5CF65576,REQ-1F7F15CEB62E,2026-09-10 18:01:20
EVT-0005732,IF_SAPQM_ORWMS_001,SAP_ERP,ORACLE_SCM,Kafka,Async,Retry,EXT_502,Downstream service returned 502,External Service,6680,SESS-72C2EB04F1,REQ-7ACAB30FED96,2026-09-16 07:19:43
EVT-0005735,IF_SAPPROC_ORWMS_001,SAP_ERP,ORACLE_SCM,SFTP,Batch,Success,,,,10128,SESS-606BCD0E4E,REQ-8BF1F41CB174,2026-09-11 10:28:54
EVT-0005742,IF_SAPFIN_HCMPAY_001,SAP_ERP,HCM,SFTP,Batch,Success,,,,12940,SESS-7AB20133D3,REQ-80A4560EA40D,2026-09-12 20:49:37
EVT-0005747,IF_SAPFIN_HCMPAY_001,SAP_ERP,HCM,SFTP,Batch,Success,,,,12455,SESS-1D0ED442C0,REQ-0E2AFF34FB4B,2026-09-11 11:50:45
EVT-0005756,IF_SAPQM_MESPE_001,SAP_ERP,MES,Kafka,Async,Success,,,,1337,SESS-8CE81731C6,REQ-1BC3ED86AD04,2026-09-10 21:47:53
EVT-0005758,IF_SAPPROC_ORWMS_001,SAP_ERP,ORACLE_SCM,SFTP,Batch,Success,,,,18116,SESS-49D5CC3F82,REQ-85AD5F066591,2026-09-10 23:05:08
EVT-0005760,IF_SAPFIN_HCMPAY_001,SAP_ERP,HCM,SFTP,Batch,Success,,,,13604,SESS-80E5501037,REQ-4A75B5B31277,2026-09-12 03:51:10
EVT-0005766,IF_SAPPROC_ORIM_001,SAP_ERP,ORACLE_SCM,REST_API,REST,Success,,,,2762,SESS-51CBC3B730,REQ-121C3BE648D9,2026-09-15 10:41:58
EVT-0005771,IF_SAPPROC_ORIM_001,SAP_ERP,ORACLE_SCM,REST_API,REST,Success,,,,2065,SESS-16E111054C,REQ-2963821A6AEC,2026-09-11 18:13:45
EVT-0005795,IF_SAPPP_MESPE_001,SAP_ERP,MES,Kafka,Async,Success,,,,812,SESS-0414410483,REQ-F181025A399E,2026-09-10 07:35:55
EVT-0005799,IF_SAPQM_ORWMS_001,SAP_ERP,ORACLE_SCM,Kafka,Async,Success,,,,1872,SESS-B7F66C541B,REQ-CBA98224E58D,2026-09-13 12:34:05
EVT-0005805,IF_SAPQM_ORWMS_001,SAP_ERP,ORACLE_SCM,Kafka,Async,Success,,,,2454,SESS-5E63F2F7F5,REQ-E25EDD2DBCC6,2026-09-13 11:35:04
EVT-0005812,IF_SAPPROC_ORWMS_001,SAP_ERP,ORACLE_SCM,SFTP,Batch,Success,,,,13496,SESS-2434A8AA05,REQ-20CCBB71A5A3,2026-09-14 17:58:20
EVT-0005825,IF_SAPQM_ORWMS_001,SAP_ERP,ORACLE_SCM,Kafka,Async,Retry,TIME_004,Downstream response exceeded SLA,Timeout,5054,SESS-746470E761,REQ-E5776130A82B,2026-09-14 22:54:16
EVT-0005828,IF_SAPPP_ORSC_001,SAP_ERP,ORACLE_SCM,Kafka,Async,Retry,CAP_003,Downstream service is at capacity,Capacity,3128,SESS-4DDB498029,REQ-1AAC8C60AEDF,2026-09-16 23:32:34
EVT-0005838,IF_SAPPP_MESPE_001,SAP_ERP,MES,Kafka,Async,Success,,,,970,SESS-63C977E5D2,REQ-90AF48F4ADAE,2026-09-16 01:17:58
EVT-0005839,IF_SAPQM_MESPE_001,SAP_ERP,MES,Kafka,Async,Success,,,,884,SESS-45B0016917,REQ-6A64178AA99E,2026-09-14 21:06:33
EVT-0005844,IF_SAPQM_ORWMS_001,SAP_ERP,ORACLE_SCM,Kafka,Async,Success,,,,1761,SESS-B53A2F2B91,REQ-86A318AFE138,2026-09-10 03:18:55
EVT-0005858,IF_SAPQM_ORWMS_001,SAP_ERP,ORACLE_SCM,Kafka,Async,Success,,,,1920,SESS-BB0C85D14A,REQ-6D6AF143B2E0,2026-09-11 17:55:59
EVT-0005859,IF_SAPPROC_ORWMS_001,SAP_ERP,ORACLE_SCM,SFTP,Batch,Failed,CFG_017,Interface configuration mismatch,Configuration,102708,SESS-FC177A1613,REQ-15F9162C2905,2026-09-16 18:42:07
EVT-0005861,IF_SAPPP_ORSC_001,SAP_ERP,ORACLE_SCM,Kafka,Async,Success,,,,1214,SESS-768EE1BA22,REQ-D8BC1641343C,2026-09-14 08:11:40
EVT-0005862,IF_SAPFIN_HCMPAY_001,SAP_ERP,HCM,SFTP,Batch,Success,,,,9822,SESS-7AD8AB67D3,REQ-180015A452F0,2026-09-14 01:51:57
EVT-0005866,IF_SAPPROC_ORIM_001,SAP_ERP,ORACLE_SCM,REST_API,REST,Success,,,,2336,SESS-0A25B97740,REQ-C78A39ED1AA5,2026-09-15 03:00:15
EVT-0005875,IF_SAPPP_MESPE_001,SAP_ERP,MES,Kafka,Async,Success,,,,840,SESS-9720A51993,REQ-F559393437E8,2026-09-13 19:23:12
EVT-0005878,IF_SAPFIN_HCMPAY_001,SAP_ERP,HCM,SFTP,Batch,Success,,,,16344,SESS-99CC0FBFC9,REQ-F6FAB5E8AEFB,2026-09-12 22:11:48
EVT-0005880,IF_SAPPP_ORSC_001,SAP_ERP,ORACLE_SCM,Kafka,Async,Success,,,,1694,SESS-D9A59148D7,REQ-F8E8D28755C1,2026-09-12 14:08:56
EVT-0005887,IF_SAPPP_MESPE_001,SAP_ERP,MES,Kafka,Async,Success,,,,1193,SESS-B431BE551F,REQ-DC8441CCDA02,2026-09-11 02:24:04
EVT-0005891,IF_SAPQM_MESPE_001,SAP_ERP,MES,Kafka,Async,Success,,,,581,SESS-09CCDAF1F8,REQ-1CCA837E6CB6,2026-09-14 11:36:28
EVT-0005892,IF_SAPPP_MESPE_001,SAP_ERP,MES,Kafka,Async,Retry,NET_CONN_003,Connection reset by peer,Network,2876,SESS-1687A57E06,REQ-705FD3ED2C86,2026-09-13 10:41:29
EVT-0005912,IF_SAPPROC_ORIM_001,SAP_ERP,ORACLE_SCM,REST_API,REST,Success,,,,2852,SESS-F35687DA6B,REQ-3D5FD49F19EF,2026-09-16 01:41:38
EVT-0005913,IF_SAPQM_MESPE_001,SAP_ERP,MES,Kafka,Async,Success,,,,867,SESS-334A57B696,REQ-8DF23D199BB6,2026-09-13 23:52:24
EVT-0005916,IF_SAPPROC_ORIM_001,SAP_ERP,ORACLE_SCM,REST_API,REST,Success,,,,3431,SESS-58F2FC6454,REQ-696B785628C2,2026-09-12 06:23:06
EVT-0005923,IF_SAPQM_ORWMS_001,SAP_ERP,ORACLE_SCM,Kafka,Async,Success,,,,2102,SESS-CCE654F43E,REQ-B8F16110F41E,2026-09-15 12:31:27
EVT-0005927,IF_SAPQM_ORWMS_001,SAP_ERP,ORACLE_SCM,Kafka,Async,Success,,,,2276,SESS-8166EFEDE2,REQ-2023DDC3E1AB,2026-09-12 06:35:23
EVT-0005928,IF_SAPPP_ORSC_001,SAP_ERP,ORACLE_SCM,Kafka,Async,Success,,,,673,SESS-954665BF09,REQ-8D35CBD1EC2A,2026-09-14 00:37:55
EVT-0005929,IF_SAPPROC_ORWMS_001,SAP_ERP,ORACLE_SCM,SFTP,Batch,Success,,,,14754,SESS-1757A43E18,REQ-CA5618BE5875,2026-09-16 15:15:05
EVT-0005932,IF_SAPPP_MESPE_001,SAP_ERP,MES,Kafka,Async,Retry,NET_CONN_003,Connection reset by peer,Network,1709,SESS-59552BA77B,REQ-1DCA742422C2,2026-09-14 06:27:54
EVT-0005933,IF_SAPQM_MESPE_001,SAP_ERP,MES,Kafka,Async,Success,,,,753,SESS-B80D088498,REQ-6AEFE822DB7B,2026-09-10 04:53:24
EVT-0005934,IF_SAPPP_ORSC_001,SAP_ERP,ORACLE_SCM,Kafka,Async,Success,,,,1985,SESS-044DAACF20,REQ-2EEC7E2FEFFC,2026-09-11 12:41:36
EVT-0005938,IF_SAPQM_ORWMS_001,SAP_ERP,ORACLE_SCM,Kafka,Async,Success,,,,1961,SESS-304F31F12D,REQ-F58AD6FA026D,2026-09-10 14:54:16
EVT-0005942,IF_SAPPROC_ORIM_001,SAP_ERP,ORACLE_SCM,REST_API,REST,Success,,,,2188,SESS-FAEC7D4678,REQ-6549A1BBBB63,2026-09-15 21:45:18
EVT-0005947,IF_SAPQM_MESPE_001,SAP_ERP,MES,Kafka,Async,Success,,,,1319,SESS-CAF1D9462B,REQ-D2533410CDB4,2026-09-13 19:30:32
EVT-0005953,IF_SAPPROC_ORWMS_001,SAP_ERP,ORACLE_SCM,SFTP,Batch,Success,,,,14158,SESS-C3BCBFB2C6,REQ-192E511F30A4,2026-09-10 15:19:55
EVT-0005954,IF_SAPPP_ORSC_001,SAP_ERP,ORACLE_SCM,Kafka,Async,Success,,,,1220,SESS-A74E37BC07,REQ-5097D9F70E2F,2026-09-16 04:27:03
EVT-0005961,IF_SAPPROC_ORIM_001,SAP_ERP,ORACLE_SCM,REST_API,REST,Success,,,,1664,SESS-436DE1D42E,REQ-C4D3D5B14B36,2026-09-13 17:19:03
EVT-0005963,IF_SAPPP_ORSC_001,SAP_ERP,ORACLE_SCM,Kafka,Async,Success,,,,1434,SESS-DA1FB5477D,REQ-1C99C2F391FF,2026-09-11 09:51:16
EVT-0005968,IF_SAPFIN_HCMPAY_001,SAP_ERP,HCM,SFTP,Batch,Success,,,,9844,SESS-0F061C5779,REQ-B34C5701C5BC,2026-09-12 04:32:16
EVT-0005969,IF_SAPQM_ORWMS_001,SAP_ERP,ORACLE_SCM,Kafka,Async,Success,,,,2129,SESS-4536165412,REQ-42FC10F14EEF,2026-09-16 06:40:10
EVT-0005971,IF_SAPQM_MESPE_001,SAP_ERP,MES,Kafka,Async,Success,,,,1177,SESS-4514682F51,REQ-E2A21E6C4A64,2026-09-11 17:10:43
EVT-0005974,IF_SAPPROC_ORIM_001,SAP_ERP,ORACLE_SCM,REST_API,REST,Success,,,,2590,SESS-217EB8DF72,REQ-5F990FC98EC7,2026-09-11 02:05:55
EVT-0005976,IF_SAPQM_MESPE_001,SAP_ERP,MES,Kafka,Async,Success,,,,996,SESS-C5CF59CA07,REQ-1582CBB5B2E9,2026-09-13 07:09:16
EVT-0005981,IF_SAPPP_ORSC_001,SAP_ERP,ORACLE_SCM,Kafka,Async,Success,,,,962,SESS-0498E1D6F2,REQ-D0C89FC94359,2026-09-14 18:30:02
EVT-0005984,IF_SAPPP_MESPE_001,SAP_ERP,MES,Kafka,Async,Retry,AUTHZ_403,Caller is not authorized,Authorization,3432,SESS-FDEA8659DA,REQ-71AB5CA5EFB4,2026-09-13 18:59:49
EVT-0005986,IF_SAPPP_MESPE_001,SAP_ERP,MES,Kafka,Async,Success,,,,776,SESS-576A542874,REQ-46BD9F84838F,2026-09-15 19:25:45
EVT-0005987,IF_SAPPROC_ORWMS_001,SAP_ERP,ORACLE_SCM,SFTP,Batch,Success,,,,15799,SESS-DB6A05134B,REQ-B8A749D07A96,2026-09-16 01:00:01
EVT-0005995,IF_SAPFIN_HCMPAY_001,SAP_ERP,HCM,SFTP,Batch,Success,,,,15734,SESS-7882FD9AD5,REQ-AD02D3B3D710,2026-09-12 06:21:47
EVT-0005999,IF_SAPPROC_ORWMS_001,SAP_ERP,ORACLE_SCM,SFTP,Batch,Success,,,,13926,SESS-55D3322BEA,REQ-9E4A86F6F33F,2026-09-13 05:43:48
