WHEN=2026/09/16 15:32:02||TXN=EVT-0000033||FLOW=IF_MESPC_PLMPD_001||SRCAPP=PC||DST=PLM||OUT=S||DUR=7285||SID=SESS-C88AC6FA49||RID=REQ-EBB5FA57F6B7||CONTEXT={middleware:REST_API,pattern:REST,bp:Process Parameter Feedback to Product,error:NA,message:NA,root:NA}
WHEN=2026/09/13 20:46:46||TXN=EVT-0000035||FLOW=IF_MESPE_SAPPP_001||SRCAPP=PE||DST=SAP_ERP||OUT=S||DUR=1104||SID=SESS-5ABE8E6F2B||RID=REQ-6911C43DF356||CONTEXT={middleware:Kafka,pattern:Async,bp:Production Completion to ERP,error:NA,message:NA,root:NA}
WHEN=2026/09/10 05:09:11||TXN=EVT-0000042||FLOW=IF_MESYM_SAPQM_001||SRCAPP=YM||DST=SAP_ERP||OUT=R||DUR=2822||SID=SESS-8EC2FD9DE8||RID=REQ-5EE616ADCC56||CONTEXT={middleware:Kafka,pattern:Async,bp:Yield Result to Quality,error:CFG_017,message:Interface configuration mismatch,root:Configuration}
WHEN=2026/09/14 09:15:41||TXN=EVT-0000051||FLOW=IF_MESPE_ORSC_001||SRCAPP=PE||DST=ORACLE_SCM||OUT=R||DUR=8245||SID=SESS-AE03379DFF||RID=REQ-20BC8C95E9AE||CONTEXT={middleware:Kafka,pattern:Async,bp:Production Completion to Supply,error:NET_CONN_003,message:Connection reset by peer,root:Network}
WHEN=2026/09/12 20:45:05||TXN=EVT-0000052||FLOW=IF_MESPC_PLMPD_001||SRCAPP=PC||DST=PLM||OUT=F||DUR=48317||SID=SESS-45CC1F36BC||RID=REQ-9848327E4A99||CONTEXT={middleware:REST_API,pattern:REST,bp:Process Parameter Feedback to Product,error:EXT_502,message:Downstream service returned 502,root:External Service}
WHEN=2026/09/16 20:39:31||TXN=EVT-0000055||FLOW=IF_MESPC_PLMPD_001||SRCAPP=PC||DST=PLM||OUT=F||DUR=41296||SID=SESS-1356105647||RID=REQ-5C3762C4B654||CONTEXT={middleware:REST_API,pattern:REST,bp:Process Parameter Feedback to Product,error:TIME_004,message:Downstream response exceeded SLA,root:Timeout}
WHEN=2026/09/13 08:56:58||TXN=EVT-0000061||FLOW=IF_MESPE_ORSC_001||SRCAPP=PE||DST=ORACLE_SCM||OUT=S||DUR=2214||SID=SESS-00FF676768||RID=REQ-93F20EBCDC8F||CONTEXT={middleware:Kafka,pattern:Async,bp:Production Completion to Supply,error:NA,message:NA,root:NA}
WHEN=2026/09/13 22:54:38||TXN=EVT-0000065||FLOW=IF_MESPC_PLMPD_001||SRCAPP=PC||DST=PLM||OUT=S||DUR=4797||SID=SESS-4DD3216B92||RID=REQ-40934069C291||CONTEXT={middleware:REST_API,pattern:REST,bp:Process Parameter Feedback to Product,error:NA,message:NA,root:NA}
WHEN=2026/09/13 09:00:05||TXN=EVT-0000066||FLOW=IF_MESPE_SAPPP_001||SRCAPP=PE||DST=SAP_ERP||OUT=S||DUR=785||SID=SESS-BA97FC1B95||RID=REQ-4CC7BB88A133||CONTEXT={middleware:Kafka,pattern:Async,bp:Production Completion to ERP,error:NA,message:NA,root:NA}
WHEN=2026/09/16 03:26:44||TXN=EVT-0000068||FLOW=IF_MESPE_ORSC_001||SRCAPP=PE||DST=ORACLE_SCM||OUT=S||DUR=2333||SID=SESS-907BE72FF9||RID=REQ-1EF10B3EC1EA||CONTEXT={middleware:Kafka,pattern:Async,bp:Production Completion to Supply,error:NA,message:NA,root:NA}
WHEN=2026/09/15 09:18:52||TXN=EVT-0000075||FLOW=IF_MESPC_PLMPD_001||SRCAPP=PC||DST=PLM||OUT=S||DUR=6988||SID=SESS-867C1FF50C||RID=REQ-E97517836D54||CONTEXT={middleware:REST_API,pattern:REST,bp:Process Parameter Feedback to Product,error:NA,message:NA,root:NA}
WHEN=2026/09/12 13:31:23||TXN=EVT-0000087||FLOW=IF_MESPC_PLMPD_001||SRCAPP=PC||DST=PLM||OUT=F||DUR=35428||SID=SESS-1D81F048DC||RID=REQ-F978A0E2F497||CONTEXT={middleware:REST_API,pattern:REST,bp:Process Parameter Feedback to Product,error:NET_CONN_003,message:Connection reset by peer,root:Network}
WHEN=2026/09/14 03:41:34||TXN=EVT-0000104||FLOW=IF_MESPE_SAPPP_001||SRCAPP=PE||DST=SAP_ERP||OUT=S||DUR=879||SID=SESS-254BF12329||RID=REQ-C51928C81509||CONTEXT={middleware:Kafka,pattern:Async,bp:Production Completion to ERP,error:NA,message:NA,root:NA}
WHEN=2026/09/16 21:26:32||TXN=EVT-0000106||FLOW=IF_MESPE_SAPPP_001||SRCAPP=PE||DST=SAP_ERP||OUT=S||DUR=876||SID=SESS-A51D43C2F8||RID=REQ-FF69A95FC885||CONTEXT={middleware:Kafka,pattern:Async,bp:Production Completion to ERP,error:NA,message:NA,root:NA}
WHEN=2026/09/15 02:50:45||TXN=EVT-0000112||FLOW=IF_MESPE_SAPPP_001||SRCAPP=PE||DST=SAP_ERP||OUT=S||DUR=1159||SID=SESS-1FF0C8A6EF||RID=REQ-845EE789EC5A||CONTEXT={middleware:Kafka,pattern:Async,bp:Production Completion to ERP,error:NA,message:NA,root:NA}
WHEN=2026/09/10 17:20:08||TXN=EVT-0000116||FLOW=IF_MESYM_SAPQM_001||SRCAPP=YM||DST=SAP_ERP||OUT=R||DUR=2614||SID=SESS-7644509275||RID=REQ-77B4A8637A46||CONTEXT={middleware:Kafka,pattern:Async,bp:Yield Result to Quality,error:DB_COMMIT_014,message:Transaction commit failed,root:Database}
WHEN=2026/09/14 15:20:14||TXN=EVT-0000125||FLOW=IF_MESPC_PLMPD_001||SRCAPP=PC||DST=PLM||OUT=S||DUR=6016||SID=SESS-DDE66A5326||RID=REQ-69790CCB15C6||CONTEXT={middleware:REST_API,pattern:REST,bp:Process Parameter Feedback to Product,error:NA,message:NA,root:NA}
WHEN=2026/09/13 16:13:29||TXN=EVT-0000130||FLOW=IF_MESYM_SAPQM_001||SRCAPP=YM||DST=SAP_ERP||OUT=S||DUR=1326||SID=SESS-BB1D954DF2||RID=REQ-D1FA7A7A3E11||CONTEXT={middleware:Kafka,pattern:Async,bp:Yield Result to Quality,error:NA,message:NA,root:NA}
WHEN=2026/09/15 12:32:37||TXN=EVT-0000135||FLOW=IF_MESPE_ORSC_001||SRCAPP=PE||DST=ORACLE_SCM||OUT=S||DUR=2549||SID=SESS-A788A26921||RID=REQ-DC3F6197D3E4||CONTEXT={middleware:Kafka,pattern:Async,bp:Production Completion to Supply,error:NA,message:NA,root:NA}
WHEN=2026/09/10 06:25:17||TXN=EVT-0000144||FLOW=IF_MESPE_SAPPP_001||SRCAPP=PE||DST=SAP_ERP||OUT=S||DUR=961||SID=SESS-990BFCB4B1||RID=REQ-3096205B50F0||CONTEXT={middleware:Kafka,pattern:Async,bp:Production Completion to ERP,error:NA,message:NA,root:NA}
WHEN=2026/09/11 15:32:10||TXN=EVT-0000145||FLOW=IF_MESPE_ORSC_001||SRCAPP=PE||DST=ORACLE_SCM||OUT=R||DUR=8499||SID=SESS-EC42CA7264||RID=REQ-5CE4A120BCB1||CONTEXT={middleware:Kafka,pattern:Async,bp:Production Completion to Supply,error:NET_CONN_003,message:Connection reset by peer,root:Network}
WHEN=2026/09/12 04:59:01||TXN=EVT-0000153||FLOW=IF_MESPC_PLMPD_001||SRCAPP=PC||DST=PLM||OUT=R||DUR=25521||SID=SESS-1C0F95549D||RID=REQ-7A9120CE93AE||CONTEXT={middleware:REST_API,pattern:REST,bp:Process Parameter Feedback to Product,error:VAL_400,message:Required business field failed validation,root:Validation}
WHEN=2026/09/10 00:02:23||TXN=EVT-0000155||FLOW=IF_MESPE_ORSC_001||SRCAPP=PE||DST=ORACLE_SCM||OUT=S||DUR=2506||SID=SESS-5847121813||RID=REQ-69DED338A59D||CONTEXT={middleware:Kafka,pattern:Async,bp:Production Completion to Supply,error:NA,message:NA,root:NA}
WHEN=2026/09/10 16:49:01||TXN=EVT-0000162||FLOW=IF_MESPC_PLMPD_001||SRCAPP=PC||DST=PLM||OUT=S||DUR=4493||SID=SESS-8BFABB1ABE||RID=REQ-0CF3EEBDDA1D||CONTEXT={middleware:REST_API,pattern:REST,bp:Process Parameter Feedback to Product,error:NA,message:NA,root:NA}
WHEN=2026/09/13 04:08:23||TXN=EVT-0000168||FLOW=IF_MESPE_ORSC_001||SRCAPP=PE||DST=ORACLE_SCM||OUT=S||DUR=1612||SID=SESS-0488C02324||RID=REQ-1D8998320BFE||CONTEXT={middleware:Kafka,pattern:Async,bp:Production Completion to Supply,error:NA,message:NA,root:NA}
WHEN=2026/09/12 17:28:47||TXN=EVT-0000170||FLOW=IF_MESPE_ORSC_001||SRCAPP=PE||DST=ORACLE_SCM||OUT=S||DUR=1511||SID=SESS-3203A64842||RID=REQ-A5067402C989||CONTEXT={middleware:Kafka,pattern:Async,bp:Production Completion to Supply,error:NA,message:NA,root:NA}
WHEN=2026/09/11 19:29:32||TXN=EVT-0000191||FLOW=IF_MESPE_ORSC_001||SRCAPP=PE||DST=ORACLE_SCM||OUT=S||DUR=1015||SID=SESS-DA4F8A6AFC||RID=REQ-7B6BE22298C7||CONTEXT={middleware:Kafka,pattern:Async,bp:Production Completion to Supply,error:NA,message:NA,root:NA}
WHEN=2026/09/12 08:08:15||TXN=EVT-0000193||FLOW=IF_MESPE_ORSC_001||SRCAPP=PE||DST=ORACLE_SCM||OUT=R||DUR=4194||SID=SESS-89DF5885EC||RID=REQ-6995863EDFE8||CONTEXT={middleware:Kafka,pattern:Async,bp:Production Completion to Supply,error:CFG_017,message:Interface configuration mismatch,root:Configuration}
WHEN=2026/09/16 00:21:03||TXN=EVT-0000195||FLOW=IF_MESPE_ORSC_001||SRCAPP=PE||DST=ORACLE_SCM||OUT=S||DUR=2488||SID=SESS-30950B17EB||RID=REQ-610AD0FA80AA||CONTEXT={middleware:Kafka,pattern:Async,bp:Production Completion to Supply,error:NA,message:NA,root:NA}
WHEN=2026/09/10 06:46:42||TXN=EVT-0000201||FLOW=IF_MESPC_PLMPD_001||SRCAPP=PC||DST=PLM||OUT=S||DUR=5132||SID=SESS-45D696783F||RID=REQ-844233B8F21F||CONTEXT={middleware:REST_API,pattern:REST,bp:Process Parameter Feedback to Product,error:NA,message:NA,root:NA}
WHEN=2026/09/14 16:36:52||TXN=EVT-0000210||FLOW=IF_MESPE_ORSC_001||SRCAPP=PE||DST=ORACLE_SCM||OUT=S||DUR=3356||SID=SESS-046B3BB3A1||RID=REQ-260BA55F7A0D||CONTEXT={middleware:Kafka,pattern:Async,bp:Production Completion to Supply,error:NA,message:NA,root:NA}
WHEN=2026/09/14 17:45:57||TXN=EVT-0000212||FLOW=IF_MESPE_ORSC_001||SRCAPP=PE||DST=ORACLE_SCM||OUT=S||DUR=2157||SID=SESS-C802093426||RID=REQ-413EFEB63AD9||CONTEXT={middleware:Kafka,pattern:Async,bp:Production Completion to Supply,error:NA,message:NA,root:NA}
WHEN=2026/09/14 11:57:53||TXN=EVT-0000218||FLOW=IF_MESYM_SAPQM_001||SRCAPP=YM||DST=SAP_ERP||OUT=R||DUR=3119||SID=SESS-BF78DC7B50||RID=REQ-B1E9C67B2905||CONTEXT={middleware:Kafka,pattern:Async,bp:Yield Result to Quality,error:NET_CONN_003,message:Connection reset by peer,root:Network}
WHEN=2026/09/14 01:02:33||TXN=EVT-0000220||FLOW=IF_MESPE_ORSC_001||SRCAPP=PE||DST=ORACLE_SCM||OUT=F||DUR=15348||SID=SESS-EC6C16B1C6||RID=REQ-58A9B8914EB9||CONTEXT={middleware:Kafka,pattern:Async,bp:Production Completion to Supply,error:EXT_502,message:Downstream service returned 502,root:External Service}
WHEN=2026/09/11 06:55:01||TXN=EVT-0000221||FLOW=IF_MESYM_SAPQM_001||SRCAPP=YM||DST=SAP_ERP||OUT=S||DUR=1191||SID=SESS-6A771AE075||RID=REQ-4E9D72B28A77||CONTEXT={middleware:Kafka,pattern:Async,bp:Yield Result to Quality,error:NA,message:NA,root:NA}
WHEN=2026/09/12 07:01:33||TXN=EVT-0000238||FLOW=IF_MESPE_SAPPP_001||SRCAPP=PE||DST=SAP_ERP||OUT=R||DUR=1673||SID=SESS-8D36DCA5C0||RID=REQ-3F0D469E92D6||CONTEXT={middleware:Kafka,pattern:Async,bp:Production Completion to ERP,error:TIME_004,message:Downstream response exceeded SLA,root:Timeout}
WHEN=2026/09/11 17:08:55||TXN=EVT-0000251||FLOW=IF_MESPE_ORSC_001||SRCAPP=PE||DST=ORACLE_SCM||OUT=S||DUR=2635||SID=SESS-768D47F1E9||RID=REQ-ED632A29DD78||CONTEXT={middleware:Kafka,pattern:Async,bp:Production Completion to Supply,error:NA,message:NA,root:NA}
WHEN=2026/09/16 14:36:09||TXN=EVT-0000255||FLOW=IF_MESPC_PLMPD_001||SRCAPP=PC||DST=PLM||OUT=R||DUR=26908||SID=SESS-25602D56BC||RID=REQ-CA690069BD17||CONTEXT={middleware:REST_API,pattern:REST,bp:Process Parameter Feedback to Product,error:INFRA_008,message:Runtime node unavailable,root:Infrastructure}
WHEN=2026/09/12 02:29:07||TXN=EVT-0000258||FLOW=IF_MESPE_ORSC_001||SRCAPP=PE||DST=ORACLE_SCM||OUT=S||DUR=1600||SID=SESS-5C0FADE61D||RID=REQ-1D7783FF3357||CONTEXT={middleware:Kafka,pattern:Async,bp:Production Completion to Supply,error:NA,message:NA,root:NA}
WHEN=2026/09/16 11:09:54||TXN=EVT-0000260||FLOW=IF_MESYM_SAPQM_001||SRCAPP=YM||DST=SAP_ERP||OUT=S||DUR=1464||SID=SESS-2E0BB773F0||RID=REQ-FF9F71BE6F76||CONTEXT={middleware:Kafka,pattern:Async,bp:Yield Result to Quality,error:NA,message:NA,root:NA}
WHEN=2026/09/15 14:10:46||TXN=EVT-0000264||FLOW=IF_MESPE_SAPPP_001||SRCAPP=PE||DST=SAP_ERP||OUT=R||DUR=2090||SID=SESS-AE7F714A1C||RID=REQ-A3964A49AD1C||CONTEXT={middleware:Kafka,pattern:Async,bp:Production Completion to ERP,error:VAL_400,message:Required business field failed validation,root:Validation}
WHEN=2026/09/16 17:17:15||TXN=EVT-0000268||FLOW=IF_MESPE_ORSC_001||SRCAPP=PE||DST=ORACLE_SCM||OUT=S||DUR=2148||SID=SESS-600C16543B||RID=REQ-5106402335DE||CONTEXT={middleware:Kafka,pattern:Async,bp:Production Completion to Supply,error:NA,message:NA,root:NA}
WHEN=2026/09/14 06:44:29||TXN=EVT-0000284||FLOW=IF_MESPE_SAPPP_001||SRCAPP=PE||DST=SAP_ERP||OUT=S||DUR=831||SID=SESS-FC972DC9EB||RID=REQ-C0847A8DA2D4||CONTEXT={middleware:Kafka,pattern:Async,bp:Production Completion to ERP,error:NA,message:NA,root:NA}
WHEN=2026/09/11 04:49:55||TXN=EVT-0000291||FLOW=IF_MESPE_ORSC_001||SRCAPP=PE||DST=ORACLE_SCM||OUT=S||DUR=1465||SID=SESS-B5ADD9BFE5||RID=REQ-3B9F849B5073||CONTEXT={middleware:Kafka,pattern:Async,bp:Production Completion to Supply,error:NA,message:NA,root:NA}
WHEN=2026/09/15 06:03:19||TXN=EVT-0000308||FLOW=IF_MESPE_ORSC_001||SRCAPP=PE||DST=ORACLE_SCM||OUT=F||DUR=13641||SID=SESS-A40761FF08||RID=REQ-598FA233B174||CONTEXT={middleware:Kafka,pattern:Async,bp:Production Completion to Supply,error:EXT_502,message:Downstream service returned 502,root:External Service}
WHEN=2026/09/10 03:16:28||TXN=EVT-0000309||FLOW=IF_MESPC_PLMPD_001||SRCAPP=PC||DST=PLM||OUT=S||DUR=6970||SID=SESS-ADA8AD8D5C||RID=REQ-BB9037F44DD1||CONTEXT={middleware:REST_API,pattern:REST,bp:Process Parameter Feedback to Product,error:NA,message:NA,root:NA}
WHEN=2026/09/15 02:45:16||TXN=EVT-0000311||FLOW=IF_MESPE_SAPPP_001||SRCAPP=PE||DST=SAP_ERP||OUT=S||DUR=683||SID=SESS-1FE4C54B75||RID=REQ-BE0E6864E7A7||CONTEXT={middleware:Kafka,pattern:Async,bp:Production Completion to ERP,error:NA,message:NA,root:NA}
WHEN=2026/09/14 06:34:25||TXN=EVT-0000314||FLOW=IF_MESYM_SAPQM_001||SRCAPP=YM||DST=SAP_ERP||OUT=S||DUR=862||SID=SESS-AA53C0E935||RID=REQ-C1A9B117B852||CONTEXT={middleware:Kafka,pattern:Async,bp:Yield Result to Quality,error:NA,message:NA,root:NA}
WHEN=2026/09/16 06:22:25||TXN=EVT-0000325||FLOW=IF_MESPC_PLMPD_001||SRCAPP=PC||DST=PLM||OUT=S||DUR=7471||SID=SESS-D38CB32CA0||RID=REQ-A487DEA2F964||CONTEXT={middleware:REST_API,pattern:REST,bp:Process Parameter Feedback to Product,error:NA,message:NA,root:NA}
WHEN=2026/09/14 15:21:29||TXN=EVT-0000330||FLOW=IF_MESPE_ORSC_001||SRCAPP=PE||DST=ORACLE_SCM||OUT=R||DUR=4891||SID=SESS-CD264C94CB||RID=REQ-CD0BEED38E39||CONTEXT={middleware:Kafka,pattern:Async,bp:Production Completion to Supply,error:INFRA_008,message:Runtime node unavailable,root:Infrastructure}
WHEN=2026/09/14 22:31:11||TXN=EVT-0000340||FLOW=IF_MESPC_PLMPD_001||SRCAPP=PC||DST=PLM||OUT=S||DUR=8949||SID=SESS-623EE46F6C||RID=REQ-B8AFD023531E||CONTEXT={middleware:REST_API,pattern:REST,bp:Process Parameter Feedback to Product,error:NA,message:NA,root:NA}
WHEN=2026/09/12 02:44:57||TXN=EVT-0000343||FLOW=IF_MESPC_PLMPD_001||SRCAPP=PC||DST=PLM||OUT=S||DUR=6293||SID=SESS-2C03105C72||RID=REQ-D45D8C0FCE52||CONTEXT={middleware:REST_API,pattern:REST,bp:Process Parameter Feedback to Product,error:NA,message:NA,root:NA}
WHEN=2026/09/13 22:41:37||TXN=EVT-0000347||FLOW=IF_MESPC_PLMPD_001||SRCAPP=PC||DST=PLM||OUT=S||DUR=5650||SID=SESS-2CF35C2871||RID=REQ-7A2B94FF6E5F||CONTEXT={middleware:REST_API,pattern:REST,bp:Process Parameter Feedback to Product,error:NA,message:NA,root:NA}
WHEN=2026/09/16 21:51:31||TXN=EVT-0000361||FLOW=IF_MESPE_SAPPP_001||SRCAPP=PE||DST=SAP_ERP||OUT=S||DUR=966||SID=SESS-6CADB138C8||RID=REQ-83F4DED240A3||CONTEXT={middleware:Kafka,pattern:Async,bp:Production Completion to ERP,error:NA,message:NA,root:NA}
WHEN=2026/09/11 02:34:20||TXN=EVT-0000368||FLOW=IF_MESPE_ORSC_001||SRCAPP=PE||DST=ORACLE_SCM||OUT=S||DUR=2468||SID=SESS-61DC393687||RID=REQ-6D4FDEF9A5E7||CONTEXT={middleware:Kafka,pattern:Async,bp:Production Completion to Supply,error:NA,message:NA,root:NA}
WHEN=2026/09/14 23:46:25||TXN=EVT-0000370||FLOW=IF_MESPE_ORSC_001||SRCAPP=PE||DST=ORACLE_SCM||OUT=S||DUR=2409||SID=SESS-A152DE89CD||RID=REQ-9D692B35CF24||CONTEXT={middleware:Kafka,pattern:Async,bp:Production Completion to Supply,error:NA,message:NA,root:NA}
WHEN=2026/09/12 15:16:56||TXN=EVT-0000381||FLOW=IF_MESPC_PLMPD_001||SRCAPP=PC||DST=PLM||OUT=S||DUR=6009||SID=SESS-D8D7350D53||RID=REQ-E2D1476C3DD3||CONTEXT={middleware:REST_API,pattern:REST,bp:Process Parameter Feedback to Product,error:NA,message:NA,root:NA}
WHEN=2026/09/16 15:50:05||TXN=EVT-0000393||FLOW=IF_MESPE_ORSC_001||SRCAPP=PE||DST=ORACLE_SCM||OUT=S||DUR=2579||SID=SESS-6C0B865ED0||RID=REQ-FEE7914A134A||CONTEXT={middleware:Kafka,pattern:Async,bp:Production Completion to Supply,error:NA,message:NA,root:NA}
WHEN=2026/09/12 12:33:15||TXN=EVT-0000411||FLOW=IF_MESPC_PLMPD_001||SRCAPP=PC||DST=PLM||OUT=S||DUR=8097||SID=SESS-56789AE85F||RID=REQ-B067ACAFF4B6||CONTEXT={middleware:REST_API,pattern:REST,bp:Process Parameter Feedback to Product,error:NA,message:NA,root:NA}
WHEN=2026/09/14 15:53:26||TXN=EVT-0000418||FLOW=IF_MESPC_PLMPD_001||SRCAPP=PC||DST=PLM||OUT=S||DUR=8207||SID=SESS-21E19CF2D5||RID=REQ-47FB31A56394||CONTEXT={middleware:REST_API,pattern:REST,bp:Process Parameter Feedback to Product,error:NA,message:NA,root:NA}
WHEN=2026/09/16 02:35:46||TXN=EVT-0000420||FLOW=IF_MESPE_SAPPP_001||SRCAPP=PE||DST=SAP_ERP||OUT=S||DUR=996||SID=SESS-5ED147BEEB||RID=REQ-96FEDE17EC5F||CONTEXT={middleware:Kafka,pattern:Async,bp:Production Completion to ERP,error:NA,message:NA,root:NA}
WHEN=2026/09/14 10:27:29||TXN=EVT-0000427||FLOW=IF_MESYM_SAPQM_001||SRCAPP=YM||DST=SAP_ERP||OUT=S||DUR=1289||SID=SESS-F4540DC0E4||RID=REQ-F2E815E3134E||CONTEXT={middleware:Kafka,pattern:Async,bp:Yield Result to Quality,error:NA,message:NA,root:NA}
WHEN=2026/09/10 11:27:30||TXN=EVT-0000440||FLOW=IF_MESPE_SAPPP_001||SRCAPP=PE||DST=SAP_ERP||OUT=S||DUR=1060||SID=SESS-4AA759010C||RID=REQ-4830BEA6AFCD||CONTEXT={middleware:Kafka,pattern:Async,bp:Production Completion to ERP,error:NA,message:NA,root:NA}
WHEN=2026/09/15 02:43:28||TXN=EVT-0000455||FLOW=IF_MESYM_SAPQM_001||SRCAPP=YM||DST=SAP_ERP||OUT=S||DUR=1309||SID=SESS-BBEEC35827||RID=REQ-76B61B9AA852||CONTEXT={middleware:Kafka,pattern:Async,bp:Yield Result to Quality,error:NA,message:NA,root:NA}
WHEN=2026/09/14 07:06:13||TXN=EVT-0000456||FLOW=IF_MESPE_SAPPP_001||SRCAPP=PE||DST=SAP_ERP||OUT=S||DUR=938||SID=SESS-49BA4DDEC6||RID=REQ-FDBB5F2FDD1F||CONTEXT={middleware:Kafka,pattern:Async,bp:Production Completion to ERP,error:NA,message:NA,root:NA}
WHEN=2026/09/10 19:19:10||TXN=EVT-0000457||FLOW=IF_MESPC_PLMPD_001||SRCAPP=PC||DST=PLM||OUT=R||DUR=19310||SID=SESS-9B4E8B31D0||RID=REQ-EF199DAD8E50||CONTEXT={middleware:REST_API,pattern:REST,bp:Process Parameter Feedback to Product,error:VAL_400,message:Required business field failed validation,root:Validation}
WHEN=2026/09/12 02:20:31||TXN=EVT-0000458||FLOW=IF_MESPE_ORSC_001||SRCAPP=PE||DST=ORACLE_SCM||OUT=S||DUR=2954||SID=SESS-218B96914D||RID=REQ-A65AB7D2198D||CONTEXT={middleware:Kafka,pattern:Async,bp:Production Completion to Supply,error:NA,message:NA,root:NA}
WHEN=2026/09/16 05:03:58||TXN=EVT-0000462||FLOW=IF_MESYM_SAPQM_001||SRCAPP=YM||DST=SAP_ERP||OUT=S||DUR=1457||SID=SESS-D750B3C9A5||RID=REQ-ACD09A8E5927||CONTEXT={middleware:Kafka,pattern:Async,bp:Yield Result to Quality,error:NA,message:NA,root:NA}
WHEN=2026/09/14 16:57:29||TXN=EVT-0000463||FLOW=IF_MESPE_SAPPP_001||SRCAPP=PE||DST=SAP_ERP||OUT=R||DUR=1563||SID=SESS-7E397EB334||RID=REQ-09AA18F9C4C9||CONTEXT={middleware:Kafka,pattern:Async,bp:Production Completion to ERP,error:TIME_004,message:Downstream response exceeded SLA,root:Timeout}
WHEN=2026/09/11 03:59:29||TXN=EVT-0000479||FLOW=IF_MESPE_SAPPP_001||SRCAPP=PE||DST=SAP_ERP||OUT=S||DUR=785||SID=SESS-0036B6034E||RID=REQ-0C3F076724A6||CONTEXT={middleware:Kafka,pattern:Async,bp:Production Completion to ERP,error:NA,message:NA,root:NA}
WHEN=2026/09/11 22:57:17||TXN=EVT-0000481||FLOW=IF_MESPE_ORSC_001||SRCAPP=PE||DST=ORACLE_SCM||OUT=S||DUR=2038||SID=SESS-9A16EF74D5||RID=REQ-1677C493BA57||CONTEXT={middleware:Kafka,pattern:Async,bp:Production Completion to Supply,error:NA,message:NA,root:NA}
WHEN=2026/09/15 04:49:29||TXN=EVT-0000483||FLOW=IF_MESPC_PLMPD_001||SRCAPP=PC||DST=PLM||OUT=S||DUR=6184||SID=SESS-1F0F4DA8F0||RID=REQ-40CEFC1552BA||CONTEXT={middleware:REST_API,pattern:REST,bp:Process Parameter Feedback to Product,error:NA,message:NA,root:NA}
WHEN=2026/09/12 03:15:15||TXN=EVT-0000489||FLOW=IF_MESPE_ORSC_001||SRCAPP=PE||DST=ORACLE_SCM||OUT=R||DUR=4993||SID=SESS-06E725EF71||RID=REQ-3D2C9EC721CB||CONTEXT={middleware:Kafka,pattern:Async,bp:Production Completion to Supply,error:CFG_017,message:Interface configuration mismatch,root:Configuration}
WHEN=2026/09/14 00:14:16||TXN=EVT-0000499||FLOW=IF_MESPE_SAPPP_001||SRCAPP=PE||DST=SAP_ERP||OUT=S||DUR=827||SID=SESS-7873E0E34E||RID=REQ-5AB765B53720||CONTEXT={middleware:Kafka,pattern:Async,bp:Production Completion to ERP,error:NA,message:NA,root:NA}
WHEN=2026/09/11 07:25:34||TXN=EVT-0000505||FLOW=IF_MESPE_SAPPP_001||SRCAPP=PE||DST=SAP_ERP||OUT=S||DUR=637||SID=SESS-ADC260F436||RID=REQ-B2DDFAA152C0||CONTEXT={middleware:Kafka,pattern:Async,bp:Production Completion to ERP,error:NA,message:NA,root:NA}
WHEN=2026/09/14 16:30:25||TXN=EVT-0000516||FLOW=IF_MESPE_ORSC_001||SRCAPP=PE||DST=ORACLE_SCM||OUT=S||DUR=2105||SID=SESS-B84A796FCB||RID=REQ-7B131D99F7CF||CONTEXT={middleware:Kafka,pattern:Async,bp:Production Completion to Supply,error:NA,message:NA,root:NA}
WHEN=2026/09/12 14:30:47||TXN=EVT-0000518||FLOW=IF_MESPC_PLMPD_001||SRCAPP=PC||DST=PLM||OUT=S||DUR=6306||SID=SESS-E179685EC3||RID=REQ-4DB2D918BCFD||CONTEXT={middleware:REST_API,pattern:REST,bp:Process Parameter Feedback to Product,error:NA,message:NA,root:NA}
WHEN=2026/09/11 03:46:19||TXN=EVT-0000527||FLOW=IF_MESYM_SAPQM_001||SRCAPP=YM||DST=SAP_ERP||OUT=S||DUR=1927||SID=SESS-A2F8CE4973||RID=REQ-DF0EF33738C0||CONTEXT={middleware:Kafka,pattern:Async,bp:Yield Result to Quality,error:NA,message:NA,root:NA}
WHEN=2026/09/10 02:00:12||TXN=EVT-0000528||FLOW=IF_MESYM_SAPQM_001||SRCAPP=YM||DST=SAP_ERP||OUT=S||DUR=1198||SID=SESS-C31B2DF563||RID=REQ-C038BD52C58C||CONTEXT={middleware:Kafka,pattern:Async,bp:Yield Result to Quality,error:NA,message:NA,root:NA}
WHEN=2026/09/11 05:29:27||TXN=EVT-0000529||FLOW=IF_MESPC_PLMPD_001||SRCAPP=PC||DST=PLM||OUT=S||DUR=8545||SID=SESS-CC530CC330||RID=REQ-0C4459FA00DC||CONTEXT={middleware:REST_API,pattern:REST,bp:Process Parameter Feedback to Product,error:NA,message:NA,root:NA}
WHEN=2026/09/12 17:00:27||TXN=EVT-0000553||FLOW=IF_MESPC_PLMPD_001||SRCAPP=PC||DST=PLM||OUT=F||DUR=56332||SID=SESS-2D4558FBD2||RID=REQ-40E26838B990||CONTEXT={middleware:REST_API,pattern:REST,bp:Process Parameter Feedback to Product,error:AUTHZ_403,message:Caller is not authorized,root:Authorization}
WHEN=2026/09/12 15:42:40||TXN=EVT-0000560||FLOW=IF_MESPE_SAPPP_001||SRCAPP=PE||DST=SAP_ERP||OUT=R||DUR=2321||SID=SESS-0D8B88BA78||RID=REQ-745B99CA51DA||CONTEXT={middleware:Kafka,pattern:Async,bp:Production Completion to ERP,error:TIME_004,message:Downstream response exceeded SLA,root:Timeout}
WHEN=2026/09/16 18:32:19||TXN=EVT-0000562||FLOW=IF_MESPE_ORSC_001||SRCAPP=PE||DST=ORACLE_SCM||OUT=S||DUR=2653||SID=SESS-3309279FE3||RID=REQ-7453A18EF51E||CONTEXT={middleware:Kafka,pattern:Async,bp:Production Completion to Supply,error:NA,message:NA,root:NA}
WHEN=2026/09/16 18:23:09||TXN=EVT-0000565||FLOW=IF_MESYM_SAPQM_001||SRCAPP=YM||DST=SAP_ERP||OUT=S||DUR=1077||SID=SESS-E31AAFD0CB||RID=REQ-6B183FFDD8E9||CONTEXT={middleware:Kafka,pattern:Async,bp:Yield Result to Quality,error:NA,message:NA,root:NA}
WHEN=2026/09/13 12:52:05||TXN=EVT-0000585||FLOW=IF_MESPE_SAPPP_001||SRCAPP=PE||DST=SAP_ERP||OUT=S||DUR=1020||SID=SESS-A53B8453D3||RID=REQ-B37DF71A5341||CONTEXT={middleware:Kafka,pattern:Async,bp:Production Completion to ERP,error:NA,message:NA,root:NA}
WHEN=2026/09/13 19:50:06||TXN=EVT-0000588||FLOW=IF_MESPC_PLMPD_001||SRCAPP=PC||DST=PLM||OUT=S||DUR=6600||SID=SESS-1F4303BE77||RID=REQ-602A7930D15A||CONTEXT={middleware:REST_API,pattern:REST,bp:Process Parameter Feedback to Product,error:NA,message:NA,root:NA}
WHEN=2026/09/16 05:32:18||TXN=EVT-0000592||FLOW=IF_MESPC_PLMPD_001||SRCAPP=PC||DST=PLM||OUT=S||DUR=5686||SID=SESS-87EBDA194E||RID=REQ-714192682D05||CONTEXT={middleware:REST_API,pattern:REST,bp:Process Parameter Feedback to Product,error:NA,message:NA,root:NA}
WHEN=2026/09/16 23:29:37||TXN=EVT-0000611||FLOW=IF_MESPC_PLMPD_001||SRCAPP=PC||DST=PLM||OUT=S||DUR=6026||SID=SESS-CA31563BC5||RID=REQ-9F0D70DBD54C||CONTEXT={middleware:REST_API,pattern:REST,bp:Process Parameter Feedback to Product,error:NA,message:NA,root:NA}
WHEN=2026/09/14 06:25:43||TXN=EVT-0000614||FLOW=IF_MESPE_SAPPP_001||SRCAPP=PE||DST=SAP_ERP||OUT=R||DUR=2819||SID=SESS-66DD59E677||RID=REQ-A2D0B6FA008A||CONTEXT={middleware:Kafka,pattern:Async,bp:Production Completion to ERP,error:CAP_003,message:Downstream service is at capacity,root:Capacity}
WHEN=2026/09/15 04:02:54||TXN=EVT-0000615||FLOW=IF_MESPE_SAPPP_001||SRCAPP=PE||DST=SAP_ERP||OUT=S||DUR=221||SID=SESS-57C3885CF1||RID=REQ-0500DCCCFC91||CONTEXT={middleware:Kafka,pattern:Async,bp:Production Completion to ERP,error:NA,message:NA,root:NA}
WHEN=2026/09/14 09:05:40||TXN=EVT-0000626||FLOW=IF_MESPE_ORSC_001||SRCAPP=PE||DST=ORACLE_SCM||OUT=S||DUR=1841||SID=SESS-C85E263232||RID=REQ-BCD3B72EA0DA||CONTEXT={middleware:Kafka,pattern:Async,bp:Production Completion to Supply,error:NA,message:NA,root:NA}
WHEN=2026/09/15 19:12:47||TXN=EVT-0000631||FLOW=IF_MESPC_PLMPD_001||SRCAPP=PC||DST=PLM||OUT=S||DUR=8361||SID=SESS-67B7296E82||RID=REQ-C549E138E75F||CONTEXT={middleware:REST_API,pattern:REST,bp:Process Parameter Feedback to Product,error:NA,message:NA,root:NA}
WHEN=2026/09/14 23:22:48||TXN=EVT-0000633||FLOW=IF_MESPE_SAPPP_001||SRCAPP=PE||DST=SAP_ERP||OUT=S||DUR=606||SID=SESS-ED78D8FA25||RID=REQ-92B3E9633272||CONTEXT={middleware:Kafka,pattern:Async,bp:Production Completion to ERP,error:NA,message:NA,root:NA}
WHEN=2026/09/15 14:01:35||TXN=EVT-0000634||FLOW=IF_MESPE_ORSC_001||SRCAPP=PE||DST=ORACLE_SCM||OUT=S||DUR=1424||SID=SESS-281483276E||RID=REQ-72D78D9752A1||CONTEXT={middleware:Kafka,pattern:Async,bp:Production Completion to Supply,error:NA,message:NA,root:NA}
WHEN=2026/09/14 21:25:57||TXN=EVT-0000643||FLOW=IF_MESPC_PLMPD_001||SRCAPP=PC||DST=PLM||OUT=S||DUR=8318||SID=SESS-0729A29517||RID=REQ-7F5C3D20C3E2||CONTEXT={middleware:REST_API,pattern:REST,bp:Process Parameter Feedback to Product,error:NA,message:NA,root:NA}
WHEN=2026/09/10 06:44:21||TXN=EVT-0000660||FLOW=IF_MESYM_SAPQM_001||SRCAPP=YM||DST=SAP_ERP||OUT=S||DUR=1536||SID=SESS-4CA6D0A407||RID=REQ-52922242F717||CONTEXT={middleware:Kafka,pattern:Async,bp:Yield Result to Quality,error:NA,message:NA,root:NA}
WHEN=2026/09/11 21:21:54||TXN=EVT-0000666||FLOW=IF_MESPC_PLMPD_001||SRCAPP=PC||DST=PLM||OUT=S||DUR=7010||SID=SESS-5865D8215F||RID=REQ-33FA828CF0E0||CONTEXT={middleware:REST_API,pattern:REST,bp:Process Parameter Feedback to Product,error:NA,message:NA,root:NA}
WHEN=2026/09/14 22:41:56||TXN=EVT-0000676||FLOW=IF_MESPE_ORSC_001||SRCAPP=PE||DST=ORACLE_SCM||OUT=S||DUR=1645||SID=SESS-66ACE6BC33||RID=REQ-DC2F3BCDD4C2||CONTEXT={middleware:Kafka,pattern:Async,bp:Production Completion to Supply,error:NA,message:NA,root:NA}
WHEN=2026/09/10 21:14:36||TXN=EVT-0000677||FLOW=IF_MESYM_SAPQM_001||SRCAPP=YM||DST=SAP_ERP||OUT=R||DUR=2209||SID=SESS-1D82D6B664||RID=REQ-1D9DFC4D6BFA||CONTEXT={middleware:Kafka,pattern:Async,bp:Yield Result to Quality,error:DB_COMMIT_014,message:Transaction commit failed,root:Database}
WHEN=2026/09/13 20:02:30||TXN=EVT-0000687||FLOW=IF_MESYM_SAPQM_001||SRCAPP=YM||DST=SAP_ERP||OUT=S||DUR=1467||SID=SESS-30F5DC98D2||RID=REQ-01150CEC0784||CONTEXT={middleware:Kafka,pattern:Async,bp:Yield Result to Quality,error:NA,message:NA,root:NA}
WHEN=2026/09/15 01:01:07||TXN=EVT-0000688||FLOW=IF_MESPC_PLMPD_001||SRCAPP=PC||DST=PLM||OUT=S||DUR=5757||SID=SESS-D7D731E9A1||RID=REQ-1FDFC949D2B4||CONTEXT={middleware:REST_API,pattern:REST,bp:Process Parameter Feedback to Product,error:NA,message:NA,root:NA}
WHEN=2026/09/13 22:46:01||TXN=EVT-0000700||FLOW=IF_MESPE_SAPPP_001||SRCAPP=PE||DST=SAP_ERP||OUT=S||DUR=1161||SID=SESS-88EE48B313||RID=REQ-666EF8E977E4||CONTEXT={middleware:Kafka,pattern:Async,bp:Production Completion to ERP,error:NA,message:NA,root:NA}
WHEN=2026/09/14 05:30:03||TXN=EVT-0000701||FLOW=IF_MESPE_SAPPP_001||SRCAPP=PE||DST=SAP_ERP||OUT=S||DUR=588||SID=SESS-A61929EAE2||RID=REQ-0FC22DEBB51D||CONTEXT={middleware:Kafka,pattern:Async,bp:Production Completion to ERP,error:NA,message:NA,root:NA}
WHEN=2026/09/15 10:48:06||TXN=EVT-0000707||FLOW=IF_MESPE_ORSC_001||SRCAPP=PE||DST=ORACLE_SCM||OUT=F||DUR=17522||SID=SESS-E4F5576FE3||RID=REQ-B9891E98AE15||CONTEXT={middleware:Kafka,pattern:Async,bp:Production Completion to Supply,error:DB_COMMIT_014,message:Transaction commit failed,root:Database}
WHEN=2026/09/10 14:16:43||TXN=EVT-0000708||FLOW=IF_MESPC_PLMPD_001||SRCAPP=PC||DST=PLM||OUT=S||DUR=5989||SID=SESS-7E11F9E4CA||RID=REQ-C09E35C1CA9D||CONTEXT={middleware:REST_API,pattern:REST,bp:Process Parameter Feedback to Product,error:NA,message:NA,root:NA}
WHEN=2026/09/15 03:11:06||TXN=EVT-0000709||FLOW=IF_MESPE_SAPPP_001||SRCAPP=PE||DST=SAP_ERP||OUT=S||DUR=854||SID=SESS-2DF43BA084||RID=REQ-25D15D5FE738||CONTEXT={middleware:Kafka,pattern:Async,bp:Production Completion to ERP,error:NA,message:NA,root:NA}
WHEN=2026/09/11 18:56:41||TXN=EVT-0000715||FLOW=IF_MESPC_PLMPD_001||SRCAPP=PC||DST=PLM||OUT=R||DUR=21788||SID=SESS-FB11B50D7C||RID=REQ-E418488E60BC||CONTEXT={middleware:REST_API,pattern:REST,bp:Process Parameter Feedback to Product,error:NET_CONN_003,message:Connection reset by peer,root:Network}
WHEN=2026/09/16 19:29:13||TXN=EVT-0000719||FLOW=IF_MESPE_SAPPP_001||SRCAPP=PE||DST=SAP_ERP||OUT=S||DUR=661||SID=SESS-62D22BDDCD||RID=REQ-AE6E2F9192A8||CONTEXT={middleware:Kafka,pattern:Async,bp:Production Completion to ERP,error:NA,message:NA,root:NA}
WHEN=2026/09/12 14:25:19||TXN=EVT-0000754||FLOW=IF_MESYM_SAPQM_001||SRCAPP=YM||DST=SAP_ERP||OUT=F||DUR=11785||SID=SESS-EDD53032B3||RID=REQ-04D6C1E6BF90||CONTEXT={middleware:Kafka,pattern:Async,bp:Yield Result to Quality,error:EXT_502,message:Downstream service returned 502,root:External Service}
WHEN=2026/09/11 08:25:45||TXN=EVT-0000765||FLOW=IF_MESPC_PLMPD_001||SRCAPP=PC||DST=PLM||OUT=S||DUR=8761||SID=SESS-0C3855E383||RID=REQ-8B038F0BA462||CONTEXT={middleware:REST_API,pattern:REST,bp:Process Parameter Feedback to Product,error:NA,message:NA,root:NA}
WHEN=2026/09/10 00:32:18||TXN=EVT-0000776||FLOW=IF_MESPE_SAPPP_001||SRCAPP=PE||DST=SAP_ERP||OUT=S||DUR=909||SID=SESS-3B616F6C97||RID=REQ-11AF866D4EA6||CONTEXT={middleware:Kafka,pattern:Async,bp:Production Completion to ERP,error:NA,message:NA,root:NA}
WHEN=2026/09/11 15:03:29||TXN=EVT-0000780||FLOW=IF_MESPC_PLMPD_001||SRCAPP=PC||DST=PLM||OUT=S||DUR=7085||SID=SESS-A84F6ECD07||RID=REQ-3BBBAD1A33AE||CONTEXT={middleware:REST_API,pattern:REST,bp:Process Parameter Feedback to Product,error:NA,message:NA,root:NA}
WHEN=2026/09/10 00:31:29||TXN=EVT-0000783||FLOW=IF_MESPC_PLMPD_001||SRCAPP=PC||DST=PLM||OUT=R||DUR=22288||SID=SESS-89C9EDEA88||RID=REQ-BEB960AB7D5F||CONTEXT={middleware:REST_API,pattern:REST,bp:Process Parameter Feedback to Product,error:TIME_004,message:Downstream response exceeded SLA,root:Timeout}
WHEN=2026/09/10 02:02:18||TXN=EVT-0000784||FLOW=IF_MESYM_SAPQM_001||SRCAPP=YM||DST=SAP_ERP||OUT=S||DUR=1726||SID=SESS-39714EF0AD||RID=REQ-3CBEFAE737ED||CONTEXT={middleware:Kafka,pattern:Async,bp:Yield Result to Quality,error:NA,message:NA,root:NA}
WHEN=2026/09/16 16:57:15||TXN=EVT-0000790||FLOW=IF_MESPE_ORSC_001||SRCAPP=PE||DST=ORACLE_SCM||OUT=R||DUR=5244||SID=SESS-D4D9419078||RID=REQ-A70DCE4AA87D||CONTEXT={middleware:Kafka,pattern:Async,bp:Production Completion to Supply,error:VAL_400,message:Required business field failed validation,root:Validation}
WHEN=2026/09/15 11:36:00||TXN=EVT-0000797||FLOW=IF_MESPE_ORSC_001||SRCAPP=PE||DST=ORACLE_SCM||OUT=S||DUR=2034||SID=SESS-05998F020A||RID=REQ-BE908B58EF45||CONTEXT={middleware:Kafka,pattern:Async,bp:Production Completion to Supply,error:NA,message:NA,root:NA}
WHEN=2026/09/11 09:10:52||TXN=EVT-0000806||FLOW=IF_MESPC_PLMPD_001||SRCAPP=PC||DST=PLM||OUT=S||DUR=5607||SID=SESS-1EBB16258B||RID=REQ-FD61FC40F2AE||CONTEXT={middleware:REST_API,pattern:REST,bp:Process Parameter Feedback to Product,error:NA,message:NA,root:NA}
WHEN=2026/09/12 17:26:16||TXN=EVT-0000822||FLOW=IF_MESPE_SAPPP_001||SRCAPP=PE||DST=SAP_ERP||OUT=S||DUR=862||SID=SESS-F9072E4145||RID=REQ-8B050A1D6C3A||CONTEXT={middleware:Kafka,pattern:Async,bp:Production Completion to ERP,error:NA,message:NA,root:NA}
WHEN=2026/09/11 11:29:17||TXN=EVT-0000845||FLOW=IF_MESPC_PLMPD_001||SRCAPP=PC||DST=PLM||OUT=S||DUR=5101||SID=SESS-985BFC88BD||RID=REQ-4E64290648F6||CONTEXT={middleware:REST_API,pattern:REST,bp:Process Parameter Feedback to Product,error:NA,message:NA,root:NA}
WHEN=2026/09/16 14:39:19||TXN=EVT-0000849||FLOW=IF_MESPE_SAPPP_001||SRCAPP=PE||DST=SAP_ERP||OUT=S||DUR=902||SID=SESS-A134833E43||RID=REQ-D0339B5EFDDB||CONTEXT={middleware:Kafka,pattern:Async,bp:Production Completion to ERP,error:NA,message:NA,root:NA}
WHEN=2026/09/12 00:53:53||TXN=EVT-0000876||FLOW=IF_MESPC_PLMPD_001||SRCAPP=PC||DST=PLM||OUT=S||DUR=5456||SID=SESS-D2DBADD6E8||RID=REQ-2859B5E92F79||CONTEXT={middleware:REST_API,pattern:REST,bp:Process Parameter Feedback to Product,error:NA,message:NA,root:NA}
WHEN=2026/09/16 16:03:36||TXN=EVT-0000881||FLOW=IF_MESYM_SAPQM_001||SRCAPP=YM||DST=SAP_ERP||OUT=R||DUR=5110||SID=SESS-BCDA37FF12||RID=REQ-8913AB18A6C7||CONTEXT={middleware:Kafka,pattern:Async,bp:Yield Result to Quality,error:CAP_003,message:Downstream service is at capacity,root:Capacity}
WHEN=2026/09/14 04:39:03||TXN=EVT-0000886||FLOW=IF_MESPC_PLMPD_001||SRCAPP=PC||DST=PLM||OUT=S||DUR=6759||SID=SESS-E1C18E194C||RID=REQ-8C021AEBF208||CONTEXT={middleware:REST_API,pattern:REST,bp:Process Parameter Feedback to Product,error:NA,message:NA,root:NA}
WHEN=2026/09/15 06:30:51||TXN=EVT-0000889||FLOW=IF_MESYM_SAPQM_001||SRCAPP=YM||DST=SAP_ERP||OUT=S||DUR=1208||SID=SESS-F0EC094677||RID=REQ-8CFF9169F40F||CONTEXT={middleware:Kafka,pattern:Async,bp:Yield Result to Quality,error:NA,message:NA,root:NA}
WHEN=2026/09/13 21:19:55||TXN=EVT-0000913||FLOW=IF_MESPE_ORSC_001||SRCAPP=PE||DST=ORACLE_SCM||OUT=S||DUR=723||SID=SESS-9DF6E2EA88||RID=REQ-FA4D71FAA0AF||CONTEXT={middleware:Kafka,pattern:Async,bp:Production Completion to Supply,error:NA,message:NA,root:NA}
WHEN=2026/09/16 12:06:20||TXN=EVT-0000915||FLOW=IF_MESYM_SAPQM_001||SRCAPP=YM||DST=SAP_ERP||OUT=S||DUR=1238||SID=SESS-4CFACC7C7D||RID=REQ-E42421F8E12C||CONTEXT={middleware:Kafka,pattern:Async,bp:Yield Result to Quality,error:NA,message:NA,root:NA}
WHEN=2026/09/10 14:11:58||TXN=EVT-0000924||FLOW=IF_MESPC_PLMPD_001||SRCAPP=PC||DST=PLM||OUT=S||DUR=7370||SID=SESS-ED2ADB58C0||RID=REQ-78550FEB9A91||CONTEXT={middleware:REST_API,pattern:REST,bp:Process Parameter Feedback to Product,error:NA,message:NA,root:NA}
WHEN=2026/09/11 06:53:30||TXN=EVT-0000928||FLOW=IF_MESPC_PLMPD_001||SRCAPP=PC||DST=PLM||OUT=R||DUR=15176||SID=SESS-BBD7A1C147||RID=REQ-850087B329ED||CONTEXT={middleware:REST_API,pattern:REST,bp:Process Parameter Feedback to Product,error:DB_COMMIT_014,message:Transaction commit failed,root:Database}
WHEN=2026/09/13 11:18:52||TXN=EVT-0000941||FLOW=IF_MESPE_ORSC_001||SRCAPP=PE||DST=ORACLE_SCM||OUT=S||DUR=2444||SID=SESS-AD405586C3||RID=REQ-CFFAB94F2CA8||CONTEXT={middleware:Kafka,pattern:Async,bp:Production Completion to Supply,error:NA,message:NA,root:NA}
WHEN=2026/09/14 10:21:19||TXN=EVT-0000949||FLOW=IF_MESPE_SAPPP_001||SRCAPP=PE||DST=SAP_ERP||OUT=R||DUR=3427||SID=SESS-4C97200D20||RID=REQ-573BBDFF22FB||CONTEXT={middleware:Kafka,pattern:Async,bp:Production Completion to ERP,error:CFG_017,message:Interface configuration mismatch,root:Configuration}
WHEN=2026/09/13 16:48:52||TXN=EVT-0000951||FLOW=IF_MESPE_SAPPP_001||SRCAPP=PE||DST=SAP_ERP||OUT=S||DUR=1019||SID=SESS-508078089B||RID=REQ-285C19CFA05B||CONTEXT={middleware:Kafka,pattern:Async,bp:Production Completion to ERP,error:NA,message:NA,root:NA}
WHEN=2026/09/13 23:31:27||TXN=EVT-0000958||FLOW=IF_MESPC_PLMPD_001||SRCAPP=PC||DST=PLM||OUT=S||DUR=6950||SID=SESS-8026151BE5||RID=REQ-32C7D6B71BCF||CONTEXT={middleware:REST_API,pattern:REST,bp:Process Parameter Feedback to Product,error:NA,message:NA,root:NA}
WHEN=2026/09/16 20:15:16||TXN=EVT-0000971||FLOW=IF_MESPE_ORSC_001||SRCAPP=PE||DST=ORACLE_SCM||OUT=S||DUR=2195||SID=SESS-AC742878BE||RID=REQ-33F7B2432183||CONTEXT={middleware:Kafka,pattern:Async,bp:Production Completion to Supply,error:NA,message:NA,root:NA}
WHEN=2026/09/10 04:57:09||TXN=EVT-0001002||FLOW=IF_MESPE_SAPPP_001||SRCAPP=PE||DST=SAP_ERP||OUT=S||DUR=1129||SID=SESS-7CA0698ABF||RID=REQ-34CC4492FFEB||CONTEXT={middleware:Kafka,pattern:Async,bp:Production Completion to ERP,error:NA,message:NA,root:NA}
WHEN=2026/09/10 02:10:56||TXN=EVT-0001022||FLOW=IF_MESPE_SAPPP_001||SRCAPP=PE||DST=SAP_ERP||OUT=S||DUR=1101||SID=SESS-8BA14C71B2||RID=REQ-DAE4A31CBB32||CONTEXT={middleware:Kafka,pattern:Async,bp:Production Completion to ERP,error:NA,message:NA,root:NA}
WHEN=2026/09/11 11:15:21||TXN=EVT-0001024||FLOW=IF_MESPE_SAPPP_001||SRCAPP=PE||DST=SAP_ERP||OUT=S||DUR=644||SID=SESS-98354EFEFD||RID=REQ-54DE72C3EA34||CONTEXT={middleware:Kafka,pattern:Async,bp:Production Completion to ERP,error:NA,message:NA,root:NA}
WHEN=2026/09/14 14:08:59||TXN=EVT-0001025||FLOW=IF_MESPE_SAPPP_001||SRCAPP=PE||DST=SAP_ERP||OUT=S||DUR=775||SID=SESS-9801BD0CBC||RID=REQ-13B3FD890883||CONTEXT={middleware:Kafka,pattern:Async,bp:Production Completion to ERP,error:NA,message:NA,root:NA}
WHEN=2026/09/13 01:35:40||TXN=EVT-0001028||FLOW=IF_MESPC_PLMPD_001||SRCAPP=PC||DST=PLM||OUT=S||DUR=5022||SID=SESS-1D0F7DE851||RID=REQ-E03593C66577||CONTEXT={middleware:REST_API,pattern:REST,bp:Process Parameter Feedback to Product,error:NA,message:NA,root:NA}
WHEN=2026/09/11 08:34:53||TXN=EVT-0001030||FLOW=IF_MESYM_SAPQM_001||SRCAPP=YM||DST=SAP_ERP||OUT=S||DUR=1466||SID=SESS-3F96EA3B2D||RID=REQ-A030CA15D7B7||CONTEXT={middleware:Kafka,pattern:Async,bp:Yield Result to Quality,error:NA,message:NA,root:NA}
WHEN=2026/09/15 07:54:52||TXN=EVT-0001032||FLOW=IF_MESPC_PLMPD_001||SRCAPP=PC||DST=PLM||OUT=S||DUR=7952||SID=SESS-A3C9AC4D3B||RID=REQ-0EC0984F2D1A||CONTEXT={middleware:REST_API,pattern:REST,bp:Process Parameter Feedback to Product,error:NA,message:NA,root:NA}
WHEN=2026/09/15 18:59:23||TXN=EVT-0001042||FLOW=IF_MESPE_SAPPP_001||SRCAPP=PE||DST=SAP_ERP||OUT=S||DUR=790||SID=SESS-64C0C2D6E2||RID=REQ-9450856B5205||CONTEXT={middleware:Kafka,pattern:Async,bp:Production Completion to ERP,error:NA,message:NA,root:NA}
WHEN=2026/09/15 00:43:19||TXN=EVT-0001056||FLOW=IF_MESPC_PLMPD_001||SRCAPP=PC||DST=PLM||OUT=S||DUR=5516||SID=SESS-7ECD9A077F||RID=REQ-BF2145CC46B7||CONTEXT={middleware:REST_API,pattern:REST,bp:Process Parameter Feedback to Product,error:NA,message:NA,root:NA}
WHEN=2026/09/14 23:25:34||TXN=EVT-0001060||FLOW=IF_MESPC_PLMPD_001||SRCAPP=PC||DST=PLM||OUT=R||DUR=23813||SID=SESS-4B0E03178C||RID=REQ-E0D3D778D703||CONTEXT={middleware:REST_API,pattern:REST,bp:Process Parameter Feedback to Product,error:NET_CONN_003,message:Connection reset by peer,root:Network}
WHEN=2026/09/13 04:10:15||TXN=EVT-0001063||FLOW=IF_MESPC_PLMPD_001||SRCAPP=PC||DST=PLM||OUT=S||DUR=7405||SID=SESS-9C747AF900||RID=REQ-A8868BC95654||CONTEXT={middleware:REST_API,pattern:REST,bp:Process Parameter Feedback to Product,error:NA,message:NA,root:NA}
WHEN=2026/09/15 19:32:40||TXN=EVT-0001079||FLOW=IF_MESYM_SAPQM_001||SRCAPP=YM||DST=SAP_ERP||OUT=S||DUR=1224||SID=SESS-0BCA00E03D||RID=REQ-7AEFBA738819||CONTEXT={middleware:Kafka,pattern:Async,bp:Yield Result to Quality,error:NA,message:NA,root:NA}
WHEN=2026/09/15 23:48:24||TXN=EVT-0001086||FLOW=IF_MESPE_SAPPP_001||SRCAPP=PE||DST=SAP_ERP||OUT=S||DUR=971||SID=SESS-869F0EE404||RID=REQ-292A865BB3DD||CONTEXT={middleware:Kafka,pattern:Async,bp:Production Completion to ERP,error:NA,message:NA,root:NA}
WHEN=2026/09/11 19:02:48||TXN=EVT-0001099||FLOW=IF_MESPC_PLMPD_001||SRCAPP=PC||DST=PLM||OUT=S||DUR=7565||SID=SESS-3AF3A711F5||RID=REQ-5002942CEF5E||CONTEXT={middleware:REST_API,pattern:REST,bp:Process Parameter Feedback to Product,error:NA,message:NA,root:NA}
WHEN=2026/09/12 04:43:23||TXN=EVT-0001113||FLOW=IF_MESYM_SAPQM_001||SRCAPP=YM||DST=SAP_ERP||OUT=S||DUR=1628||SID=SESS-0E7F562296||RID=REQ-98ACE0876D2D||CONTEXT={middleware:Kafka,pattern:Async,bp:Yield Result to Quality,error:NA,message:NA,root:NA}
WHEN=2026/09/15 14:51:25||TXN=EVT-0001136||FLOW=IF_MESPE_ORSC_001||SRCAPP=PE||DST=ORACLE_SCM||OUT=S||DUR=2040||SID=SESS-1F4F9C0C5F||RID=REQ-272A92C04A4F||CONTEXT={middleware:Kafka,pattern:Async,bp:Production Completion to Supply,error:NA,message:NA,root:NA}
WHEN=2026/09/16 12:42:21||TXN=EVT-0001138||FLOW=IF_MESPC_PLMPD_001||SRCAPP=PC||DST=PLM||OUT=S||DUR=3112||SID=SESS-64E26DC188||RID=REQ-32F7754D6466||CONTEXT={middleware:REST_API,pattern:REST,bp:Process Parameter Feedback to Product,error:NA,message:NA,root:NA}
WHEN=2026/09/15 08:44:07||TXN=EVT-0001141||FLOW=IF_MESPC_PLMPD_001||SRCAPP=PC||DST=PLM||OUT=S||DUR=9896||SID=SESS-3BDCD9DD90||RID=REQ-CAE6FEEB2732||CONTEXT={middleware:REST_API,pattern:REST,bp:Process Parameter Feedback to Product,error:NA,message:NA,root:NA}
WHEN=2026/09/10 01:35:44||TXN=EVT-0001143||FLOW=IF_MESYM_SAPQM_001||SRCAPP=YM||DST=SAP_ERP||OUT=S||DUR=1293||SID=SESS-D07C71BDCD||RID=REQ-87DD8FB4895E||CONTEXT={middleware:Kafka,pattern:Async,bp:Yield Result to Quality,error:NA,message:NA,root:NA}
WHEN=2026/09/16 08:12:39||TXN=EVT-0001146||FLOW=IF_MESPC_PLMPD_001||SRCAPP=PC||DST=PLM||OUT=S||DUR=6291||SID=SESS-FFB4D1F9B9||RID=REQ-09772B5A25ED||CONTEXT={middleware:REST_API,pattern:REST,bp:Process Parameter Feedback to Product,error:NA,message:NA,root:NA}
WHEN=2026/09/15 13:38:52||TXN=EVT-0001149||FLOW=IF_MESYM_SAPQM_001||SRCAPP=YM||DST=SAP_ERP||OUT=R||DUR=2124||SID=SESS-8AA47E0129||RID=REQ-E07D0D62C226||CONTEXT={middleware:Kafka,pattern:Async,bp:Yield Result to Quality,error:VAL_400,message:Required business field failed validation,root:Validation}
WHEN=2026/09/16 15:20:10||TXN=EVT-0001153||FLOW=IF_MESPE_SAPPP_001||SRCAPP=PE||DST=SAP_ERP||OUT=S||DUR=845||SID=SESS-02034192F6||RID=REQ-7CFD98EA83A0||CONTEXT={middleware:Kafka,pattern:Async,bp:Production Completion to ERP,error:NA,message:NA,root:NA}
WHEN=2026/09/12 04:29:38||TXN=EVT-0001155||FLOW=IF_MESYM_SAPQM_001||SRCAPP=YM||DST=SAP_ERP||OUT=S||DUR=1721||SID=SESS-0C17E23B1A||RID=REQ-A34F514399CB||CONTEXT={middleware:Kafka,pattern:Async,bp:Yield Result to Quality,error:NA,message:NA,root:NA}
WHEN=2026/09/10 12:35:35||TXN=EVT-0001161||FLOW=IF_MESPE_SAPPP_001||SRCAPP=PE||DST=SAP_ERP||OUT=R||DUR=3124||SID=SESS-6722D4E9D7||RID=REQ-89EEB1624B0C||CONTEXT={middleware:Kafka,pattern:Async,bp:Production Completion to ERP,error:CFG_017,message:Interface configuration mismatch,root:Configuration}
WHEN=2026/09/10 15:08:55||TXN=EVT-0001173||FLOW=IF_MESPE_SAPPP_001||SRCAPP=PE||DST=SAP_ERP||OUT=S||DUR=1054||SID=SESS-B979773F03||RID=REQ-0FB0373693AB||CONTEXT={middleware:Kafka,pattern:Async,bp:Production Completion to ERP,error:NA,message:NA,root:NA}
WHEN=2026/09/13 20:33:03||TXN=EVT-0001183||FLOW=IF_MESPC_PLMPD_001||SRCAPP=PC||DST=PLM||OUT=S||DUR=6098||SID=SESS-94958DBE72||RID=REQ-BAA4C33B7255||CONTEXT={middleware:REST_API,pattern:REST,bp:Process Parameter Feedback to Product,error:NA,message:NA,root:NA}
WHEN=2026/09/10 21:01:41||TXN=EVT-0001191||FLOW=IF_MESPE_SAPPP_001||SRCAPP=PE||DST=SAP_ERP||OUT=S||DUR=530||SID=SESS-8507BCD255||RID=REQ-F78055848CE5||CONTEXT={middleware:Kafka,pattern:Async,bp:Production Completion to ERP,error:NA,message:NA,root:NA}
WHEN=2026/09/13 05:52:43||TXN=EVT-0001200||FLOW=IF_MESPE_ORSC_001||SRCAPP=PE||DST=ORACLE_SCM||OUT=S||DUR=2061||SID=SESS-A636B4E450||RID=REQ-43E51C8C5F77||CONTEXT={middleware:Kafka,pattern:Async,bp:Production Completion to Supply,error:NA,message:NA,root:NA}
WHEN=2026/09/11 00:56:33||TXN=EVT-0001201||FLOW=IF_MESYM_SAPQM_001||SRCAPP=YM||DST=SAP_ERP||OUT=S||DUR=1467||SID=SESS-4505B3D817||RID=REQ-DCDE585E3B55||CONTEXT={middleware:Kafka,pattern:Async,bp:Yield Result to Quality,error:NA,message:NA,root:NA}
WHEN=2026/09/10 18:12:41||TXN=EVT-0001206||FLOW=IF_MESPE_SAPPP_001||SRCAPP=PE||DST=SAP_ERP||OUT=S||DUR=878||SID=SESS-F3F8A6699E||RID=REQ-E716BEB30AA8||CONTEXT={middleware:Kafka,pattern:Async,bp:Production Completion to ERP,error:NA,message:NA,root:NA}
WHEN=2026/09/13 03:19:39||TXN=EVT-0001211||FLOW=IF_MESPC_PLMPD_001||SRCAPP=PC||DST=PLM||OUT=F||DUR=33895||SID=SESS-12D018147E||RID=REQ-981E06016514||CONTEXT={middleware:REST_API,pattern:REST,bp:Process Parameter Feedback to Product,error:INFRA_008,message:Runtime node unavailable,root:Infrastructure}
WHEN=2026/09/15 07:47:56||TXN=EVT-0001225||FLOW=IF_MESYM_SAPQM_001||SRCAPP=YM||DST=SAP_ERP||OUT=S||DUR=1077||SID=SESS-1C2709980B||RID=REQ-E8BFA0221932||CONTEXT={middleware:Kafka,pattern:Async,bp:Yield Result to Quality,error:NA,message:NA,root:NA}
WHEN=2026/09/12 17:44:25||TXN=EVT-0001228||FLOW=IF_MESPE_SAPPP_001||SRCAPP=PE||DST=SAP_ERP||OUT=S||DUR=943||SID=SESS-0C6A7D44DD||RID=REQ-F77D4115C3AF||CONTEXT={middleware:Kafka,pattern:Async,bp:Production Completion to ERP,error:NA,message:NA,root:NA}
WHEN=2026/09/14 01:26:36||TXN=EVT-0001229||FLOW=IF_MESPE_SAPPP_001||SRCAPP=PE||DST=SAP_ERP||OUT=S||DUR=869||SID=SESS-817CF112DC||RID=REQ-8D86104E93ED||CONTEXT={middleware:Kafka,pattern:Async,bp:Production Completion to ERP,error:NA,message:NA,root:NA}
WHEN=2026/09/16 19:22:04||TXN=EVT-0001231||FLOW=IF_MESYM_SAPQM_001||SRCAPP=YM||DST=SAP_ERP||OUT=S||DUR=1272||SID=SESS-AF17949576||RID=REQ-37115567D474||CONTEXT={middleware:Kafka,pattern:Async,bp:Yield Result to Quality,error:NA,message:NA,root:NA}
WHEN=2026/09/12 06:14:25||TXN=EVT-0001263||FLOW=IF_MESPE_SAPPP_001||SRCAPP=PE||DST=SAP_ERP||OUT=R||DUR=3254||SID=SESS-2AE20E3122||RID=REQ-F56958E6C29E||CONTEXT={middleware:Kafka,pattern:Async,bp:Production Completion to ERP,error:AUTH_401,message:Service credential rejected,root:Authentication}
WHEN=2026/09/14 11:42:45||TXN=EVT-0001271||FLOW=IF_MESYM_SAPQM_001||SRCAPP=YM||DST=SAP_ERP||OUT=S||DUR=1098||SID=SESS-5B91B89339||RID=REQ-C153286B1910||CONTEXT={middleware:Kafka,pattern:Async,bp:Yield Result to Quality,error:NA,message:NA,root:NA}
WHEN=2026/09/16 17:46:16||TXN=EVT-0001283||FLOW=IF_MESPE_SAPPP_001||SRCAPP=PE||DST=SAP_ERP||OUT=F||DUR=5613||SID=SESS-E3FC2C0DAC||RID=REQ-F68A5E3C53B0||CONTEXT={middleware:Kafka,pattern:Async,bp:Production Completion to ERP,error:CFG_017,message:Interface configuration mismatch,root:Configuration}
WHEN=2026/09/10 14:52:12||TXN=EVT-0001327||FLOW=IF_MESYM_SAPQM_001||SRCAPP=YM||DST=SAP_ERP||OUT=S||DUR=1871||SID=SESS-4BCEEFE9E5||RID=REQ-A9C9FA85B108||CONTEXT={middleware:Kafka,pattern:Async,bp:Yield Result to Quality,error:NA,message:NA,root:NA}
WHEN=2026/09/16 19:17:30||TXN=EVT-0001334||FLOW=IF_MESPC_PLMPD_001||SRCAPP=PC||DST=PLM||OUT=S||DUR=5502||SID=SESS-E617C8DC10||RID=REQ-AE52295260E6||CONTEXT={middleware:REST_API,pattern:REST,bp:Process Parameter Feedback to Product,error:NA,message:NA,root:NA}
WHEN=2026/09/12 06:11:45||TXN=EVT-0001346||FLOW=IF_MESPE_ORSC_001||SRCAPP=PE||DST=ORACLE_SCM||OUT=S||DUR=1354||SID=SESS-A26732388A||RID=REQ-531644DE955A||CONTEXT={middleware:Kafka,pattern:Async,bp:Production Completion to Supply,error:NA,message:NA,root:NA}
WHEN=2026/09/15 13:38:29||TXN=EVT-0001351||FLOW=IF_MESPE_ORSC_001||SRCAPP=PE||DST=ORACLE_SCM||OUT=S||DUR=3160||SID=SESS-A0425EA3AC||RID=REQ-E7948A92E948||CONTEXT={middleware:Kafka,pattern:Async,bp:Production Completion to Supply,error:NA,message:NA,root:NA}
WHEN=2026/09/12 06:28:34||TXN=EVT-0001368||FLOW=IF_MESPE_ORSC_001||SRCAPP=PE||DST=ORACLE_SCM||OUT=S||DUR=2484||SID=SESS-983F69AA41||RID=REQ-B77B870E57AB||CONTEXT={middleware:Kafka,pattern:Async,bp:Production Completion to Supply,error:NA,message:NA,root:NA}
WHEN=2026/09/11 18:31:13||TXN=EVT-0001371||FLOW=IF_MESPC_PLMPD_001||SRCAPP=PC||DST=PLM||OUT=S||DUR=7508||SID=SESS-89B8295A5A||RID=REQ-AD78AC1DCCD4||CONTEXT={middleware:REST_API,pattern:REST,bp:Process Parameter Feedback to Product,error:NA,message:NA,root:NA}
WHEN=2026/09/14 21:14:51||TXN=EVT-0001372||FLOW=IF_MESPE_SAPPP_001||SRCAPP=PE||DST=SAP_ERP||OUT=S||DUR=729||SID=SESS-0DF320D09A||RID=REQ-8097A355F11A||CONTEXT={middleware:Kafka,pattern:Async,bp:Production Completion to ERP,error:NA,message:NA,root:NA}
WHEN=2026/09/15 13:01:56||TXN=EVT-0001373||FLOW=IF_MESPE_ORSC_001||SRCAPP=PE||DST=ORACLE_SCM||OUT=S||DUR=3082||SID=SESS-841595CD07||RID=REQ-9B9F654E19EA||CONTEXT={middleware:Kafka,pattern:Async,bp:Production Completion to Supply,error:NA,message:NA,root:NA}
WHEN=2026/09/14 23:36:26||TXN=EVT-0001383||FLOW=IF_MESPE_ORSC_001||SRCAPP=PE||DST=ORACLE_SCM||OUT=S||DUR=1935||SID=SESS-37D3B00A8E||RID=REQ-4A8D8B83BD2F||CONTEXT={middleware:Kafka,pattern:Async,bp:Production Completion to Supply,error:NA,message:NA,root:NA}
WHEN=2026/09/11 07:02:44||TXN=EVT-0001384||FLOW=IF_MESPE_ORSC_001||SRCAPP=PE||DST=ORACLE_SCM||OUT=S||DUR=2101||SID=SESS-466D6329F7||RID=REQ-814DF39C3E24||CONTEXT={middleware:Kafka,pattern:Async,bp:Production Completion to Supply,error:NA,message:NA,root:NA}
WHEN=2026/09/12 20:44:01||TXN=EVT-0001386||FLOW=IF_MESYM_SAPQM_001||SRCAPP=YM||DST=SAP_ERP||OUT=S||DUR=985||SID=SESS-9DAEF39B1A||RID=REQ-8A92AF59E424||CONTEXT={middleware:Kafka,pattern:Async,bp:Yield Result to Quality,error:NA,message:NA,root:NA}
WHEN=2026/09/11 23:53:46||TXN=EVT-0001396||FLOW=IF_MESYM_SAPQM_001||SRCAPP=YM||DST=SAP_ERP||OUT=S||DUR=1592||SID=SESS-C67BF882FF||RID=REQ-DC61DF2DF2DC||CONTEXT={middleware:Kafka,pattern:Async,bp:Yield Result to Quality,error:NA,message:NA,root:NA}
WHEN=2026/09/12 09:32:24||TXN=EVT-0001400||FLOW=IF_MESYM_SAPQM_001||SRCAPP=YM||DST=SAP_ERP||OUT=R||DUR=2211||SID=SESS-87FB89EE92||RID=REQ-5A3343FC0D14||CONTEXT={middleware:Kafka,pattern:Async,bp:Yield Result to Quality,error:AUTH_401,message:Service credential rejected,root:Authentication}
WHEN=2026/09/15 03:43:06||TXN=EVT-0001404||FLOW=IF_MESYM_SAPQM_001||SRCAPP=YM||DST=SAP_ERP||OUT=S||DUR=1106||SID=SESS-736B962289||RID=REQ-EED766078384||CONTEXT={middleware:Kafka,pattern:Async,bp:Yield Result to Quality,error:NA,message:NA,root:NA}
WHEN=2026/09/12 10:36:39||TXN=EVT-0001405||FLOW=IF_MESPE_ORSC_001||SRCAPP=PE||DST=ORACLE_SCM||OUT=S||DUR=2497||SID=SESS-F35A698A1D||RID=REQ-34A83A51C3C3||CONTEXT={middleware:Kafka,pattern:Async,bp:Production Completion to Supply,error:NA,message:NA,root:NA}
WHEN=2026/09/15 17:26:52||TXN=EVT-0001407||FLOW=IF_MESPE_ORSC_001||SRCAPP=PE||DST=ORACLE_SCM||OUT=S||DUR=2788||SID=SESS-7EBAE6D010||RID=REQ-76872D1E2FE1||CONTEXT={middleware:Kafka,pattern:Async,bp:Production Completion to Supply,error:NA,message:NA,root:NA}
WHEN=2026/09/10 23:55:31||TXN=EVT-0001409||FLOW=IF_MESYM_SAPQM_001||SRCAPP=YM||DST=SAP_ERP||OUT=S||DUR=1183||SID=SESS-C4C64908E0||RID=REQ-BB7B28196066||CONTEXT={middleware:Kafka,pattern:Async,bp:Yield Result to Quality,error:NA,message:NA,root:NA}
WHEN=2026/09/12 13:57:53||TXN=EVT-0001418||FLOW=IF_MESPE_ORSC_001||SRCAPP=PE||DST=ORACLE_SCM||OUT=S||DUR=2356||SID=SESS-5FBD80DC4D||RID=REQ-7CB33611A539||CONTEXT={middleware:Kafka,pattern:Async,bp:Production Completion to Supply,error:NA,message:NA,root:NA}
WHEN=2026/09/12 04:20:21||TXN=EVT-0001422||FLOW=IF_MESYM_SAPQM_001||SRCAPP=YM||DST=SAP_ERP||OUT=S||DUR=1753||SID=SESS-9CA9D048E5||RID=REQ-00EB7301C806||CONTEXT={middleware:Kafka,pattern:Async,bp:Yield Result to Quality,error:NA,message:NA,root:NA}
WHEN=2026/09/13 20:26:02||TXN=EVT-0001423||FLOW=IF_MESYM_SAPQM_001||SRCAPP=YM||DST=SAP_ERP||OUT=S||DUR=1494||SID=SESS-120F23BB0B||RID=REQ-E7255539E934||CONTEXT={middleware:Kafka,pattern:Async,bp:Yield Result to Quality,error:NA,message:NA,root:NA}
WHEN=2026/09/14 15:32:32||TXN=EVT-0001429||FLOW=IF_MESPE_ORSC_001||SRCAPP=PE||DST=ORACLE_SCM||OUT=S||DUR=2156||SID=SESS-3267318509||RID=REQ-EC08890A245C||CONTEXT={middleware:Kafka,pattern:Async,bp:Production Completion to Supply,error:NA,message:NA,root:NA}
WHEN=2026/09/11 08:23:24||TXN=EVT-0001439||FLOW=IF_MESPC_PLMPD_001||SRCAPP=PC||DST=PLM||OUT=S||DUR=5534||SID=SESS-5F0E4A5B5E||RID=REQ-09C4B3E97767||CONTEXT={middleware:REST_API,pattern:REST,bp:Process Parameter Feedback to Product,error:NA,message:NA,root:NA}
WHEN=2026/09/16 11:55:58||TXN=EVT-0001440||FLOW=IF_MESYM_SAPQM_001||SRCAPP=YM||DST=SAP_ERP||OUT=S||DUR=1271||SID=SESS-339D3906CA||RID=REQ-D721C34C4DDC||CONTEXT={middleware:Kafka,pattern:Async,bp:Yield Result to Quality,error:NA,message:NA,root:NA}
WHEN=2026/09/15 08:48:21||TXN=EVT-0001445||FLOW=IF_MESPE_SAPPP_001||SRCAPP=PE||DST=SAP_ERP||OUT=S||DUR=616||SID=SESS-97F0C001B0||RID=REQ-3E650BE746BC||CONTEXT={middleware:Kafka,pattern:Async,bp:Production Completion to ERP,error:NA,message:NA,root:NA}
WHEN=2026/09/14 13:18:56||TXN=EVT-0001456||FLOW=IF_MESPC_PLMPD_001||SRCAPP=PC||DST=PLM||OUT=S||DUR=6501||SID=SESS-2044942BC8||RID=REQ-7FF6DA631FD4||CONTEXT={middleware:REST_API,pattern:REST,bp:Process Parameter Feedback to Product,error:NA,message:NA,root:NA}
WHEN=2026/09/12 05:41:32||TXN=EVT-0001477||FLOW=IF_MESPE_ORSC_001||SRCAPP=PE||DST=ORACLE_SCM||OUT=S||DUR=2109||SID=SESS-A04C5CFD9E||RID=REQ-A44E356CC914||CONTEXT={middleware:Kafka,pattern:Async,bp:Production Completion to Supply,error:NA,message:NA,root:NA}
WHEN=2026/09/13 08:03:22||TXN=EVT-0001488||FLOW=IF_MESPC_PLMPD_001||SRCAPP=PC||DST=PLM||OUT=S||DUR=3964||SID=SESS-325D9F485C||RID=REQ-6DF327862F70||CONTEXT={middleware:REST_API,pattern:REST,bp:Process Parameter Feedback to Product,error:NA,message:NA,root:NA}
WHEN=2026/09/16 15:06:15||TXN=EVT-0001524||FLOW=IF_MESPE_ORSC_001||SRCAPP=PE||DST=ORACLE_SCM||OUT=S||DUR=2718||SID=SESS-3AC5C3A452||RID=REQ-5C54FFF6A7FA||CONTEXT={middleware:Kafka,pattern:Async,bp:Production Completion to Supply,error:NA,message:NA,root:NA}
WHEN=2026/09/14 10:24:03||TXN=EVT-0001529||FLOW=IF_MESYM_SAPQM_001||SRCAPP=YM||DST=SAP_ERP||OUT=S||DUR=684||SID=SESS-1EFBDF7D18||RID=REQ-417E9AF4362B||CONTEXT={middleware:Kafka,pattern:Async,bp:Yield Result to Quality,error:NA,message:NA,root:NA}
WHEN=2026/09/12 16:41:36||TXN=EVT-0001531||FLOW=IF_MESYM_SAPQM_001||SRCAPP=YM||DST=SAP_ERP||OUT=S||DUR=1157||SID=SESS-53699C7455||RID=REQ-6935BE3828D9||CONTEXT={middleware:Kafka,pattern:Async,bp:Yield Result to Quality,error:NA,message:NA,root:NA}
WHEN=2026/09/13 18:24:37||TXN=EVT-0001534||FLOW=IF_MESPE_ORSC_001||SRCAPP=PE||DST=ORACLE_SCM||OUT=S||DUR=3279||SID=SESS-5A9DDBD2E9||RID=REQ-E2E64285DB03||CONTEXT={middleware:Kafka,pattern:Async,bp:Production Completion to Supply,error:NA,message:NA,root:NA}
WHEN=2026/09/12 15:02:18||TXN=EVT-0001549||FLOW=IF_MESPC_PLMPD_001||SRCAPP=PC||DST=PLM||OUT=S||DUR=6855||SID=SESS-46F6C2C43C||RID=REQ-4283D813CC35||CONTEXT={middleware:REST_API,pattern:REST,bp:Process Parameter Feedback to Product,error:NA,message:NA,root:NA}
WHEN=2026/09/15 17:23:47||TXN=EVT-0001564||FLOW=IF_MESPC_PLMPD_001||SRCAPP=PC||DST=PLM||OUT=S||DUR=7763||SID=SESS-8B673C989D||RID=REQ-066F5D4808BB||CONTEXT={middleware:REST_API,pattern:REST,bp:Process Parameter Feedback to Product,error:NA,message:NA,root:NA}
WHEN=2026/09/14 14:33:05||TXN=EVT-0001567||FLOW=IF_MESPE_SAPPP_001||SRCAPP=PE||DST=SAP_ERP||OUT=S||DUR=959||SID=SESS-A6B64EC367||RID=REQ-698683676959||CONTEXT={middleware:Kafka,pattern:Async,bp:Production Completion to ERP,error:NA,message:NA,root:NA}
WHEN=2026/09/12 17:47:05||TXN=EVT-0001579||FLOW=IF_MESPE_SAPPP_001||SRCAPP=PE||DST=SAP_ERP||OUT=S||DUR=1149||SID=SESS-1E942DF498||RID=REQ-867CC8E94562||CONTEXT={middleware:Kafka,pattern:Async,bp:Production Completion to ERP,error:NA,message:NA,root:NA}
WHEN=2026/09/16 03:35:42||TXN=EVT-0001589||FLOW=IF_MESYM_SAPQM_001||SRCAPP=YM||DST=SAP_ERP||OUT=S||DUR=1747||SID=SESS-CCBF44A409||RID=REQ-DA2ADDF8CAFA||CONTEXT={middleware:Kafka,pattern:Async,bp:Yield Result to Quality,error:NA,message:NA,root:NA}
WHEN=2026/09/16 23:01:02||TXN=EVT-0001594||FLOW=IF_MESPC_PLMPD_001||SRCAPP=PC||DST=PLM||OUT=S||DUR=7239||SID=SESS-B903BCE142||RID=REQ-B9C5789DA279||CONTEXT={middleware:REST_API,pattern:REST,bp:Process Parameter Feedback to Product,error:NA,message:NA,root:NA}
WHEN=2026/09/11 06:50:49||TXN=EVT-0001595||FLOW=IF_MESPC_PLMPD_001||SRCAPP=PC||DST=PLM||OUT=S||DUR=7031||SID=SESS-3AA0C4EDE8||RID=REQ-F31AC333D907||CONTEXT={middleware:REST_API,pattern:REST,bp:Process Parameter Feedback to Product,error:NA,message:NA,root:NA}
WHEN=2026/09/14 19:36:29||TXN=EVT-0001607||FLOW=IF_MESYM_SAPQM_001||SRCAPP=YM||DST=SAP_ERP||OUT=R||DUR=2672||SID=SESS-2731173651||RID=REQ-08758C573F6C||CONTEXT={middleware:Kafka,pattern:Async,bp:Yield Result to Quality,error:DB_COMMIT_014,message:Transaction commit failed,root:Database}
WHEN=2026/09/11 02:12:08||TXN=EVT-0001610||FLOW=IF_MESPE_ORSC_001||SRCAPP=PE||DST=ORACLE_SCM||OUT=R||DUR=7198||SID=SESS-602CA15AC3||RID=REQ-9D1513CED2B7||CONTEXT={middleware:Kafka,pattern:Async,bp:Production Completion to Supply,error:AUTHZ_403,message:Caller is not authorized,root:Authorization}
WHEN=2026/09/10 05:11:26||TXN=EVT-0001611||FLOW=IF_MESPE_ORSC_001||SRCAPP=PE||DST=ORACLE_SCM||OUT=R||DUR=6542||SID=SESS-1DE1DE5C5C||RID=REQ-DBDC7EEE9B4D||CONTEXT={middleware:Kafka,pattern:Async,bp:Production Completion to Supply,error:VAL_400,message:Required business field failed validation,root:Validation}
WHEN=2026/09/10 00:10:13||TXN=EVT-0001614||FLOW=IF_MESPE_ORSC_001||SRCAPP=PE||DST=ORACLE_SCM||OUT=S||DUR=1433||SID=SESS-B2E430707C||RID=REQ-EF7078D82B25||CONTEXT={middleware:Kafka,pattern:Async,bp:Production Completion to Supply,error:NA,message:NA,root:NA}
WHEN=2026/09/14 07:50:21||TXN=EVT-0001624||FLOW=IF_MESYM_SAPQM_001||SRCAPP=YM||DST=SAP_ERP||OUT=S||DUR=1110||SID=SESS-B79D58ABC2||RID=REQ-DFE2F7BEC34E||CONTEXT={middleware:Kafka,pattern:Async,bp:Yield Result to Quality,error:NA,message:NA,root:NA}
WHEN=2026/09/13 20:17:32||TXN=EVT-0001626||FLOW=IF_MESPE_SAPPP_001||SRCAPP=PE||DST=SAP_ERP||OUT=F||DUR=5393||SID=SESS-B963EA26DB||RID=REQ-F0354C9EAE9A||CONTEXT={middleware:Kafka,pattern:Async,bp:Production Completion to ERP,error:AUTH_401,message:Service credential rejected,root:Authentication}
WHEN=2026/09/10 01:25:20||TXN=EVT-0001641||FLOW=IF_MESYM_SAPQM_001||SRCAPP=YM||DST=SAP_ERP||OUT=S||DUR=1426||SID=SESS-DD560A2162||RID=REQ-457E36D8954D||CONTEXT={middleware:Kafka,pattern:Async,bp:Yield Result to Quality,error:NA,message:NA,root:NA}
WHEN=2026/09/14 21:30:00||TXN=EVT-0001649||FLOW=IF_MESPE_SAPPP_001||SRCAPP=PE||DST=SAP_ERP||OUT=S||DUR=950||SID=SESS-4D8C36ABB3||RID=REQ-FFDF24D9A8FB||CONTEXT={middleware:Kafka,pattern:Async,bp:Production Completion to ERP,error:NA,message:NA,root:NA}
WHEN=2026/09/11 16:32:10||TXN=EVT-0001651||FLOW=IF_MESYM_SAPQM_001||SRCAPP=YM||DST=SAP_ERP||OUT=R||DUR=3815||SID=SESS-F80F449CDF||RID=REQ-23E7E7E7FE39||CONTEXT={middleware:Kafka,pattern:Async,bp:Yield Result to Quality,error:TIME_004,message:Downstream response exceeded SLA,root:Timeout}
WHEN=2026/09/15 07:46:51||TXN=EVT-0001658||FLOW=IF_MESPE_ORSC_001||SRCAPP=PE||DST=ORACLE_SCM||OUT=S||DUR=2004||SID=SESS-F32F6473AB||RID=REQ-3F9FB4E5562B||CONTEXT={middleware:Kafka,pattern:Async,bp:Production Completion to Supply,error:NA,message:NA,root:NA}
WHEN=2026/09/11 08:30:06||TXN=EVT-0001660||FLOW=IF_MESYM_SAPQM_001||SRCAPP=YM||DST=SAP_ERP||OUT=S||DUR=1488||SID=SESS-5CA809BC55||RID=REQ-7837F92B19EC||CONTEXT={middleware:Kafka,pattern:Async,bp:Yield Result to Quality,error:NA,message:NA,root:NA}
WHEN=2026/09/13 11:31:39||TXN=EVT-0001662||FLOW=IF_MESYM_SAPQM_001||SRCAPP=YM||DST=SAP_ERP||OUT=S||DUR=1237||SID=SESS-7953432FCC||RID=REQ-4918CB00B019||CONTEXT={middleware:Kafka,pattern:Async,bp:Yield Result to Quality,error:NA,message:NA,root:NA}
WHEN=2026/09/15 02:06:49||TXN=EVT-0001663||FLOW=IF_MESPE_SAPPP_001||SRCAPP=PE||DST=SAP_ERP||OUT=S||DUR=840||SID=SESS-78762E87C3||RID=REQ-ABB95E400B00||CONTEXT={middleware:Kafka,pattern:Async,bp:Production Completion to ERP,error:NA,message:NA,root:NA}
WHEN=2026/09/16 03:35:57||TXN=EVT-0001669||FLOW=IF_MESPC_PLMPD_001||SRCAPP=PC||DST=PLM||OUT=S||DUR=8863||SID=SESS-B2F7179280||RID=REQ-685F2AC569CA||CONTEXT={middleware:REST_API,pattern:REST,bp:Process Parameter Feedback to Product,error:NA,message:NA,root:NA}
WHEN=2026/09/10 10:14:53||TXN=EVT-0001670||FLOW=IF_MESPE_ORSC_001||SRCAPP=PE||DST=ORACLE_SCM||OUT=S||DUR=3678||SID=SESS-466210BDC3||RID=REQ-367AC3BE56D9||CONTEXT={middleware:Kafka,pattern:Async,bp:Production Completion to Supply,error:NA,message:NA,root:NA}
WHEN=2026/09/15 12:35:54||TXN=EVT-0001672||FLOW=IF_MESPE_ORSC_001||SRCAPP=PE||DST=ORACLE_SCM||OUT=S||DUR=2193||SID=SESS-8B0B712F5B||RID=REQ-68FB4302BAAE||CONTEXT={middleware:Kafka,pattern:Async,bp:Production Completion to Supply,error:NA,message:NA,root:NA}
WHEN=2026/09/13 05:49:43||TXN=EVT-0001687||FLOW=IF_MESPC_PLMPD_001||SRCAPP=PC||DST=PLM||OUT=S||DUR=5524||SID=SESS-DEA1236631||RID=REQ-497BDC2D9ABE||CONTEXT={middleware:REST_API,pattern:REST,bp:Process Parameter Feedback to Product,error:NA,message:NA,root:NA}
WHEN=2026/09/12 12:49:45||TXN=EVT-0001689||FLOW=IF_MESPC_PLMPD_001||SRCAPP=PC||DST=PLM||OUT=R||DUR=18924||SID=SESS-67E35154B6||RID=REQ-E696C6ABC429||CONTEXT={middleware:REST_API,pattern:REST,bp:Process Parameter Feedback to Product,error:AUTH_401,message:Service credential rejected,root:Authentication}
WHEN=2026/09/10 15:57:54||TXN=EVT-0001690||FLOW=IF_MESPE_SAPPP_001||SRCAPP=PE||DST=SAP_ERP||OUT=R||DUR=1406||SID=SESS-2C7ADE594F||RID=REQ-3A2870472D05||CONTEXT={middleware:Kafka,pattern:Async,bp:Production Completion to ERP,error:CFG_017,message:Interface configuration mismatch,root:Configuration}
WHEN=2026/09/15 13:19:33||TXN=EVT-0001694||FLOW=IF_MESPC_PLMPD_001||SRCAPP=PC||DST=PLM||OUT=S||DUR=6296||SID=SESS-33873A073E||RID=REQ-C95E58E62845||CONTEXT={middleware:REST_API,pattern:REST,bp:Process Parameter Feedback to Product,error:NA,message:NA,root:NA}
WHEN=2026/09/15 06:14:48||TXN=EVT-0001698||FLOW=IF_MESPC_PLMPD_001||SRCAPP=PC||DST=PLM||OUT=S||DUR=7710||SID=SESS-4DF07C6536||RID=REQ-FF4397662F06||CONTEXT={middleware:REST_API,pattern:REST,bp:Process Parameter Feedback to Product,error:NA,message:NA,root:NA}
WHEN=2026/09/16 11:20:13||TXN=EVT-0001700||FLOW=IF_MESYM_SAPQM_001||SRCAPP=YM||DST=SAP_ERP||OUT=R||DUR=2691||SID=SESS-3F089E9107||RID=REQ-6B1E8F4240DB||CONTEXT={middleware:Kafka,pattern:Async,bp:Yield Result to Quality,error:EXT_502,message:Downstream service returned 502,root:External Service}
WHEN=2026/09/14 03:00:43||TXN=EVT-0001703||FLOW=IF_MESPE_ORSC_001||SRCAPP=PE||DST=ORACLE_SCM||OUT=S||DUR=1777||SID=SESS-8CC382E19D||RID=REQ-B07E11921838||CONTEXT={middleware:Kafka,pattern:Async,bp:Production Completion to Supply,error:NA,message:NA,root:NA}
WHEN=2026/09/16 01:36:51||TXN=EVT-0001708||FLOW=IF_MESPE_ORSC_001||SRCAPP=PE||DST=ORACLE_SCM||OUT=S||DUR=2207||SID=SESS-353DA2B9FC||RID=REQ-63F12D12C8ED||CONTEXT={middleware:Kafka,pattern:Async,bp:Production Completion to Supply,error:NA,message:NA,root:NA}
WHEN=2026/09/12 06:47:10||TXN=EVT-0001720||FLOW=IF_MESPE_SAPPP_001||SRCAPP=PE||DST=SAP_ERP||OUT=S||DUR=689||SID=SESS-7AB5705554||RID=REQ-3979D25EB3E7||CONTEXT={middleware:Kafka,pattern:Async,bp:Production Completion to ERP,error:NA,message:NA,root:NA}
WHEN=2026/09/11 15:54:37||TXN=EVT-0001725||FLOW=IF_MESYM_SAPQM_001||SRCAPP=YM||DST=SAP_ERP||OUT=S||DUR=1490||SID=SESS-C0B722670F||RID=REQ-300A2F0FA656||CONTEXT={middleware:Kafka,pattern:Async,bp:Yield Result to Quality,error:NA,message:NA,root:NA}
WHEN=2026/09/16 17:05:13||TXN=EVT-0001743||FLOW=IF_MESPC_PLMPD_001||SRCAPP=PC||DST=PLM||OUT=F||DUR=29513||SID=SESS-39936A3247||RID=REQ-C2186651BE91||CONTEXT={middleware:REST_API,pattern:REST,bp:Process Parameter Feedback to Product,error:AUTH_401,message:Service credential rejected,root:Authentication}
WHEN=2026/09/12 13:30:08||TXN=EVT-0001751||FLOW=IF_MESPC_PLMPD_001||SRCAPP=PC||DST=PLM||OUT=S||DUR=8227||SID=SESS-A076CED67A||RID=REQ-DCA508244D4F||CONTEXT={middleware:REST_API,pattern:REST,bp:Process Parameter Feedback to Product,error:NA,message:NA,root:NA}
WHEN=2026/09/15 19:42:48||TXN=EVT-0001757||FLOW=IF_MESPC_PLMPD_001||SRCAPP=PC||DST=PLM||OUT=S||DUR=8968||SID=SESS-10C8D0F12E||RID=REQ-7E34D43D9F42||CONTEXT={middleware:REST_API,pattern:REST,bp:Process Parameter Feedback to Product,error:NA,message:NA,root:NA}
WHEN=2026/09/11 02:02:56||TXN=EVT-0001768||FLOW=IF_MESPE_ORSC_001||SRCAPP=PE||DST=ORACLE_SCM||OUT=S||DUR=3305||SID=SESS-296CA76937||RID=REQ-98FCC8BD802A||CONTEXT={middleware:Kafka,pattern:Async,bp:Production Completion to Supply,error:NA,message:NA,root:NA}
WHEN=2026/09/11 07:33:06||TXN=EVT-0001771||FLOW=IF_MESYM_SAPQM_001||SRCAPP=YM||DST=SAP_ERP||OUT=R||DUR=4726||SID=SESS-8394559C92||RID=REQ-B5895EEDA07E||CONTEXT={middleware:Kafka,pattern:Async,bp:Yield Result to Quality,error:CAP_003,message:Downstream service is at capacity,root:Capacity}
WHEN=2026/09/16 06:22:11||TXN=EVT-0001777||FLOW=IF_MESPE_ORSC_001||SRCAPP=PE||DST=ORACLE_SCM||OUT=F||DUR=15290||SID=SESS-C6ADEA7C00||RID=REQ-84F8F3F6FE0E||CONTEXT={middleware:Kafka,pattern:Async,bp:Production Completion to Supply,error:AUTHZ_403,message:Caller is not authorized,root:Authorization}
WHEN=2026/09/16 17:47:53||TXN=EVT-0001779||FLOW=IF_MESPE_SAPPP_001||SRCAPP=PE||DST=SAP_ERP||OUT=S||DUR=850||SID=SESS-6BC723D00C||RID=REQ-7E303C8739A4||CONTEXT={middleware:Kafka,pattern:Async,bp:Production Completion to ERP,error:NA,message:NA,root:NA}
WHEN=2026/09/11 16:23:12||TXN=EVT-0001788||FLOW=IF_MESPE_SAPPP_001||SRCAPP=PE||DST=SAP_ERP||OUT=S||DUR=1056||SID=SESS-7FC67BC4B5||RID=REQ-871840E1EABA||CONTEXT={middleware:Kafka,pattern:Async,bp:Production Completion to ERP,error:NA,message:NA,root:NA}
WHEN=2026/09/16 09:16:32||TXN=EVT-0001796||FLOW=IF_MESPE_SAPPP_001||SRCAPP=PE||DST=SAP_ERP||OUT=S||DUR=1001||SID=SESS-235C0D5008||RID=REQ-812379B3373A||CONTEXT={middleware:Kafka,pattern:Async,bp:Production Completion to ERP,error:NA,message:NA,root:NA}
WHEN=2026/09/14 17:09:09||TXN=EVT-0001802||FLOW=IF_MESPE_ORSC_001||SRCAPP=PE||DST=ORACLE_SCM||OUT=S||DUR=2341||SID=SESS-585E89506A||RID=REQ-A5D1026607CA||CONTEXT={middleware:Kafka,pattern:Async,bp:Production Completion to Supply,error:NA,message:NA,root:NA}
WHEN=2026/09/16 02:57:54||TXN=EVT-0001813||FLOW=IF_MESPE_SAPPP_001||SRCAPP=PE||DST=SAP_ERP||OUT=S||DUR=820||SID=SESS-0FD1C466E4||RID=REQ-171A836832FC||CONTEXT={middleware:Kafka,pattern:Async,bp:Production Completion to ERP,error:NA,message:NA,root:NA}
WHEN=2026/09/13 03:36:33||TXN=EVT-0001814||FLOW=IF_MESPC_PLMPD_001||SRCAPP=PC||DST=PLM||OUT=S||DUR=5867||SID=SESS-4360DC72CF||RID=REQ-3D900131A931||CONTEXT={middleware:REST_API,pattern:REST,bp:Process Parameter Feedback to Product,error:NA,message:NA,root:NA}
WHEN=2026/09/10 15:44:03||TXN=EVT-0001828||FLOW=IF_MESPE_ORSC_001||SRCAPP=PE||DST=ORACLE_SCM||OUT=S||DUR=2634||SID=SESS-BB5E0D9E26||RID=REQ-D3DA0A92FA6C||CONTEXT={middleware:Kafka,pattern:Async,bp:Production Completion to Supply,error:NA,message:NA,root:NA}
WHEN=2026/09/16 23:35:10||TXN=EVT-0001846||FLOW=IF_MESYM_SAPQM_001||SRCAPP=YM||DST=SAP_ERP||OUT=R||DUR=4325||SID=SESS-5A29D90BEE||RID=REQ-6D65A19E2A23||CONTEXT={middleware:Kafka,pattern:Async,bp:Yield Result to Quality,error:VAL_400,message:Required business field failed validation,root:Validation}
WHEN=2026/09/14 16:08:01||TXN=EVT-0001854||FLOW=IF_MESPE_ORSC_001||SRCAPP=PE||DST=ORACLE_SCM||OUT=S||DUR=2391||SID=SESS-76ADD882BD||RID=REQ-9B2F8C1F40C5||CONTEXT={middleware:Kafka,pattern:Async,bp:Production Completion to Supply,error:NA,message:NA,root:NA}
WHEN=2026/09/15 06:30:12||TXN=EVT-0001857||FLOW=IF_MESPC_PLMPD_001||SRCAPP=PC||DST=PLM||OUT=R||DUR=26224||SID=SESS-A4C8224D27||RID=REQ-0C8F060D1B81||CONTEXT={middleware:REST_API,pattern:REST,bp:Process Parameter Feedback to Product,error:INFRA_008,message:Runtime node unavailable,root:Infrastructure}
WHEN=2026/09/13 17:49:57||TXN=EVT-0001866||FLOW=IF_MESPC_PLMPD_001||SRCAPP=PC||DST=PLM||OUT=S||DUR=7240||SID=SESS-A0B6484BBE||RID=REQ-ADB0D57412E3||CONTEXT={middleware:REST_API,pattern:REST,bp:Process Parameter Feedback to Product,error:NA,message:NA,root:NA}
WHEN=2026/09/10 18:12:56||TXN=EVT-0001878||FLOW=IF_MESPC_PLMPD_001||SRCAPP=PC||DST=PLM||OUT=S||DUR=6984||SID=SESS-2A1D8F54E7||RID=REQ-2A2E18AE0902||CONTEXT={middleware:REST_API,pattern:REST,bp:Process Parameter Feedback to Product,error:NA,message:NA,root:NA}
WHEN=2026/09/16 01:10:04||TXN=EVT-0001879||FLOW=IF_MESPC_PLMPD_001||SRCAPP=PC||DST=PLM||OUT=S||DUR=3934||SID=SESS-734AD01930||RID=REQ-6EE2B693A9D6||CONTEXT={middleware:REST_API,pattern:REST,bp:Process Parameter Feedback to Product,error:NA,message:NA,root:NA}
WHEN=2026/09/14 03:08:32||TXN=EVT-0001881||FLOW=IF_MESPC_PLMPD_001||SRCAPP=PC||DST=PLM||OUT=S||DUR=5694||SID=SESS-E2718D854E||RID=REQ-EAA3A35A1860||CONTEXT={middleware:REST_API,pattern:REST,bp:Process Parameter Feedback to Product,error:NA,message:NA,root:NA}
WHEN=2026/09/11 12:29:24||TXN=EVT-0001887||FLOW=IF_MESPE_ORSC_001||SRCAPP=PE||DST=ORACLE_SCM||OUT=S||DUR=1944||SID=SESS-2071C0FC20||RID=REQ-68A3D38053E7||CONTEXT={middleware:Kafka,pattern:Async,bp:Production Completion to Supply,error:NA,message:NA,root:NA}
WHEN=2026/09/12 22:11:13||TXN=EVT-0001888||FLOW=IF_MESPE_SAPPP_001||SRCAPP=PE||DST=SAP_ERP||OUT=S||DUR=887||SID=SESS-D51B9B470D||RID=REQ-CF48AB87C7F7||CONTEXT={middleware:Kafka,pattern:Async,bp:Production Completion to ERP,error:NA,message:NA,root:NA}
WHEN=2026/09/11 14:51:45||TXN=EVT-0001894||FLOW=IF_MESPE_SAPPP_001||SRCAPP=PE||DST=SAP_ERP||OUT=S||DUR=795||SID=SESS-6D807163BE||RID=REQ-DAA06DE20D87||CONTEXT={middleware:Kafka,pattern:Async,bp:Production Completion to ERP,error:NA,message:NA,root:NA}
WHEN=2026/09/13 17:33:36||TXN=EVT-0001900||FLOW=IF_MESYM_SAPQM_001||SRCAPP=YM||DST=SAP_ERP||OUT=S||DUR=974||SID=SESS-E0DA5E7109||RID=REQ-A76515A476A7||CONTEXT={middleware:Kafka,pattern:Async,bp:Yield Result to Quality,error:NA,message:NA,root:NA}
WHEN=2026/09/12 16:42:37||TXN=EVT-0001903||FLOW=IF_MESPE_SAPPP_001||SRCAPP=PE||DST=SAP_ERP||OUT=F||DUR=6826||SID=SESS-05D4CE7697||RID=REQ-B826EE6A2F72||CONTEXT={middleware:Kafka,pattern:Async,bp:Production Completion to ERP,error:DB_COMMIT_014,message:Transaction commit failed,root:Database}
WHEN=2026/09/14 22:41:52||TXN=EVT-0001910||FLOW=IF_MESPE_ORSC_001||SRCAPP=PE||DST=ORACLE_SCM||OUT=S||DUR=2510||SID=SESS-8A9569A387||RID=REQ-2D41EBA4E7CE||CONTEXT={middleware:Kafka,pattern:Async,bp:Production Completion to Supply,error:NA,message:NA,root:NA}
WHEN=2026/09/12 12:42:43||TXN=EVT-0001920||FLOW=IF_MESPE_SAPPP_001||SRCAPP=PE||DST=SAP_ERP||OUT=S||DUR=891||SID=SESS-05D463A9F7||RID=REQ-1F7CC56F5C86||CONTEXT={middleware:Kafka,pattern:Async,bp:Production Completion to ERP,error:NA,message:NA,root:NA}
WHEN=2026/09/13 13:44:27||TXN=EVT-0001921||FLOW=IF_MESPC_PLMPD_001||SRCAPP=PC||DST=PLM||OUT=F||DUR=29505||SID=SESS-5C88B47F90||RID=REQ-014ADD8BB77F||CONTEXT={middleware:REST_API,pattern:REST,bp:Process Parameter Feedback to Product,error:AUTHZ_403,message:Caller is not authorized,root:Authorization}
WHEN=2026/09/12 11:35:44||TXN=EVT-0001927||FLOW=IF_MESYM_SAPQM_001||SRCAPP=YM||DST=SAP_ERP||OUT=S||DUR=1497||SID=SESS-2EF3B4E851||RID=REQ-1ED4C4ED19C5||CONTEXT={middleware:Kafka,pattern:Async,bp:Yield Result to Quality,error:NA,message:NA,root:NA}
WHEN=2026/09/16 05:03:13||TXN=EVT-0001931||FLOW=IF_MESYM_SAPQM_001||SRCAPP=YM||DST=SAP_ERP||OUT=S||DUR=1360||SID=SESS-697ABCF6BD||RID=REQ-500AFEED09AB||CONTEXT={middleware:Kafka,pattern:Async,bp:Yield Result to Quality,error:NA,message:NA,root:NA}
WHEN=2026/09/15 06:07:32||TXN=EVT-0001933||FLOW=IF_MESPE_ORSC_001||SRCAPP=PE||DST=ORACLE_SCM||OUT=R||DUR=8880||SID=SESS-D81623ED77||RID=REQ-06B42CC8AA8D||CONTEXT={middleware:Kafka,pattern:Async,bp:Production Completion to Supply,error:DB_COMMIT_014,message:Transaction commit failed,root:Database}
WHEN=2026/09/10 02:42:08||TXN=EVT-0001947||FLOW=IF_MESPE_ORSC_001||SRCAPP=PE||DST=ORACLE_SCM||OUT=S||DUR=2458||SID=SESS-A2258D87BD||RID=REQ-E0B1982BDB9D||CONTEXT={middleware:Kafka,pattern:Async,bp:Production Completion to Supply,error:NA,message:NA,root:NA}
WHEN=2026/09/14 14:46:00||TXN=EVT-0001954||FLOW=IF_MESPC_PLMPD_001||SRCAPP=PC||DST=PLM||OUT=S||DUR=4108||SID=SESS-45E809298D||RID=REQ-73BCFD13A9C7||CONTEXT={middleware:REST_API,pattern:REST,bp:Process Parameter Feedback to Product,error:NA,message:NA,root:NA}
WHEN=2026/09/11 18:17:00||TXN=EVT-0001960||FLOW=IF_MESPC_PLMPD_001||SRCAPP=PC||DST=PLM||OUT=F||DUR=30264||SID=SESS-A112336C3C||RID=REQ-3C3AB9EBD945||CONTEXT={middleware:REST_API,pattern:REST,bp:Process Parameter Feedback to Product,error:NET_CONN_003,message:Connection reset by peer,root:Network}
WHEN=2026/09/16 07:24:11||TXN=EVT-0001962||FLOW=IF_MESPC_PLMPD_001||SRCAPP=PC||DST=PLM||OUT=R||DUR=15944||SID=SESS-7A3397409A||RID=REQ-B4D66F49F527||CONTEXT={middleware:REST_API,pattern:REST,bp:Process Parameter Feedback to Product,error:AUTHZ_403,message:Caller is not authorized,root:Authorization}
WHEN=2026/09/11 02:10:06||TXN=EVT-0001988||FLOW=IF_MESPE_ORSC_001||SRCAPP=PE||DST=ORACLE_SCM||OUT=S||DUR=2145||SID=SESS-27733D5815||RID=REQ-CC206D971736||CONTEXT={middleware:Kafka,pattern:Async,bp:Production Completion to Supply,error:NA,message:NA,root:NA}
WHEN=2026/09/10 10:06:32||TXN=EVT-0001992||FLOW=IF_MESYM_SAPQM_001||SRCAPP=YM||DST=SAP_ERP||OUT=S||DUR=871||SID=SESS-23E5163A51||RID=REQ-34220BA5E3E8||CONTEXT={middleware:Kafka,pattern:Async,bp:Yield Result to Quality,error:NA,message:NA,root:NA}
WHEN=2026/09/16 01:46:25||TXN=EVT-0002000||FLOW=IF_MESPC_PLMPD_001||SRCAPP=PC||DST=PLM||OUT=S||DUR=9110||SID=SESS-56AC97CFCC||RID=REQ-70A1E459533B||CONTEXT={middleware:REST_API,pattern:REST,bp:Process Parameter Feedback to Product,error:NA,message:NA,root:NA}
WHEN=2026/09/15 08:11:59||TXN=EVT-0002005||FLOW=IF_MESPE_ORSC_001||SRCAPP=PE||DST=ORACLE_SCM||OUT=S||DUR=3092||SID=SESS-83B914F73E||RID=REQ-E7D8F4C1E00C||CONTEXT={middleware:Kafka,pattern:Async,bp:Production Completion to Supply,error:NA,message:NA,root:NA}
WHEN=2026/09/16 13:00:44||TXN=EVT-0002006||FLOW=IF_MESPC_PLMPD_001||SRCAPP=PC||DST=PLM||OUT=S||DUR=5062||SID=SESS-F00C8D743A||RID=REQ-DB8C2F26A5DC||CONTEXT={middleware:REST_API,pattern:REST,bp:Process Parameter Feedback to Product,error:NA,message:NA,root:NA}
WHEN=2026/09/11 13:56:27||TXN=EVT-0002015||FLOW=IF_MESYM_SAPQM_001||SRCAPP=YM||DST=SAP_ERP||OUT=S||DUR=1412||SID=SESS-4B687AB04C||RID=REQ-D8939D915B8E||CONTEXT={middleware:Kafka,pattern:Async,bp:Yield Result to Quality,error:NA,message:NA,root:NA}
WHEN=2026/09/12 19:24:01||TXN=EVT-0002017||FLOW=IF_MESPE_ORSC_001||SRCAPP=PE||DST=ORACLE_SCM||OUT=R||DUR=5728||SID=SESS-ED95148AE8||RID=REQ-0E40AABDC8DA||CONTEXT={middleware:Kafka,pattern:Async,bp:Production Completion to Supply,error:AUTH_401,message:Service credential rejected,root:Authentication}
WHEN=2026/09/13 09:08:54||TXN=EVT-0002018||FLOW=IF_MESPC_PLMPD_001||SRCAPP=PC||DST=PLM||OUT=R||DUR=22589||SID=SESS-C5DF269B3A||RID=REQ-E99ECEF28FF2||CONTEXT={middleware:REST_API,pattern:REST,bp:Process Parameter Feedback to Product,error:NET_CONN_003,message:Connection reset by peer,root:Network}
WHEN=2026/09/11 17:30:54||TXN=EVT-0002022||FLOW=IF_MESPC_PLMPD_001||SRCAPP=PC||DST=PLM||OUT=R||DUR=25485||SID=SESS-A0E7BE521D||RID=REQ-DFAF340AF79C||CONTEXT={middleware:REST_API,pattern:REST,bp:Process Parameter Feedback to Product,error:VAL_400,message:Required business field failed validation,root:Validation}
WHEN=2026/09/10 23:41:09||TXN=EVT-0002024||FLOW=IF_MESYM_SAPQM_001||SRCAPP=YM||DST=SAP_ERP||OUT=S||DUR=1550||SID=SESS-5FE17C5332||RID=REQ-06C12E25D318||CONTEXT={middleware:Kafka,pattern:Async,bp:Yield Result to Quality,error:NA,message:NA,root:NA}
WHEN=2026/09/12 08:49:21||TXN=EVT-0002031||FLOW=IF_MESPE_SAPPP_001||SRCAPP=PE||DST=SAP_ERP||OUT=S||DUR=716||SID=SESS-6CDA0EC8B9||RID=REQ-2C54F943CDBE||CONTEXT={middleware:Kafka,pattern:Async,bp:Production Completion to ERP,error:NA,message:NA,root:NA}
WHEN=2026/09/12 21:45:11||TXN=EVT-0002041||FLOW=IF_MESPC_PLMPD_001||SRCAPP=PC||DST=PLM||OUT=S||DUR=7089||SID=SESS-6BCF2B11EC||RID=REQ-A77CFC96B50C||CONTEXT={middleware:REST_API,pattern:REST,bp:Process Parameter Feedback to Product,error:NA,message:NA,root:NA}
WHEN=2026/09/14 07:20:42||TXN=EVT-0002048||FLOW=IF_MESPE_ORSC_001||SRCAPP=PE||DST=ORACLE_SCM||OUT=S||DUR=1857||SID=SESS-CD82E5C7AD||RID=REQ-B40784D439C0||CONTEXT={middleware:Kafka,pattern:Async,bp:Production Completion to Supply,error:NA,message:NA,root:NA}
WHEN=2026/09/12 21:22:28||TXN=EVT-0002055||FLOW=IF_MESPE_ORSC_001||SRCAPP=PE||DST=ORACLE_SCM||OUT=S||DUR=2795||SID=SESS-39919E1D8E||RID=REQ-D2F664F0D8DB||CONTEXT={middleware:Kafka,pattern:Async,bp:Production Completion to Supply,error:NA,message:NA,root:NA}
WHEN=2026/09/13 14:09:22||TXN=EVT-0002064||FLOW=IF_MESPE_ORSC_001||SRCAPP=PE||DST=ORACLE_SCM||OUT=S||DUR=2485||SID=SESS-0F17644D4D||RID=REQ-A59481A5334D||CONTEXT={middleware:Kafka,pattern:Async,bp:Production Completion to Supply,error:NA,message:NA,root:NA}
WHEN=2026/09/12 09:03:33||TXN=EVT-0002073||FLOW=IF_MESYM_SAPQM_001||SRCAPP=YM||DST=SAP_ERP||OUT=S||DUR=1394||SID=SESS-5DBFDD6FF8||RID=REQ-7D63F2E3E3C6||CONTEXT={middleware:Kafka,pattern:Async,bp:Yield Result to Quality,error:NA,message:NA,root:NA}
WHEN=2026/09/11 01:23:48||TXN=EVT-0002082||FLOW=IF_MESPE_ORSC_001||SRCAPP=PE||DST=ORACLE_SCM||OUT=S||DUR=1613||SID=SESS-0AA8B97EA3||RID=REQ-6AA1E8E96414||CONTEXT={middleware:Kafka,pattern:Async,bp:Production Completion to Supply,error:NA,message:NA,root:NA}
WHEN=2026/09/10 22:15:00||TXN=EVT-0002089||FLOW=IF_MESPC_PLMPD_001||SRCAPP=PC||DST=PLM||OUT=S||DUR=6667||SID=SESS-6AE2A68EEB||RID=REQ-F104BF7F2C9A||CONTEXT={middleware:REST_API,pattern:REST,bp:Process Parameter Feedback to Product,error:NA,message:NA,root:NA}
WHEN=2026/09/12 11:22:37||TXN=EVT-0002102||FLOW=IF_MESYM_SAPQM_001||SRCAPP=YM||DST=SAP_ERP||OUT=S||DUR=1491||SID=SESS-0AC34BDB87||RID=REQ-9C4B05AA2BAC||CONTEXT={middleware:Kafka,pattern:Async,bp:Yield Result to Quality,error:NA,message:NA,root:NA}
WHEN=2026/09/11 23:26:12||TXN=EVT-0002106||FLOW=IF_MESYM_SAPQM_001||SRCAPP=YM||DST=SAP_ERP||OUT=S||DUR=1276||SID=SESS-882C0EB826||RID=REQ-E30C942C98D4||CONTEXT={middleware:Kafka,pattern:Async,bp:Yield Result to Quality,error:NA,message:NA,root:NA}
WHEN=2026/09/10 14:20:00||TXN=EVT-0002125||FLOW=IF_MESYM_SAPQM_001||SRCAPP=YM||DST=SAP_ERP||OUT=S||DUR=1534||SID=SESS-DDA3A7B934||RID=REQ-3D190DE155F9||CONTEXT={middleware:Kafka,pattern:Async,bp:Yield Result to Quality,error:NA,message:NA,root:NA}
WHEN=2026/09/10 17:28:42||TXN=EVT-0002130||FLOW=IF_MESPE_ORSC_001||SRCAPP=PE||DST=ORACLE_SCM||OUT=F||DUR=4533||SID=SESS-1B19E04965||RID=REQ-17E86BC3E96B||CONTEXT={middleware:Kafka,pattern:Async,bp:Production Completion to Supply,error:CAP_003,message:Downstream service is at capacity,root:Capacity}
WHEN=2026/09/10 10:06:00||TXN=EVT-0002135||FLOW=IF_MESPC_PLMPD_001||SRCAPP=PC||DST=PLM||OUT=S||DUR=7499||SID=SESS-B6321CD2A3||RID=REQ-25699175BB6E||CONTEXT={middleware:REST_API,pattern:REST,bp:Process Parameter Feedback to Product,error:NA,message:NA,root:NA}
WHEN=2026/09/14 12:34:19||TXN=EVT-0002169||FLOW=IF_MESPC_PLMPD_001||SRCAPP=PC||DST=PLM||OUT=S||DUR=5732||SID=SESS-76BB131754||RID=REQ-9739CC601EAB||CONTEXT={middleware:REST_API,pattern:REST,bp:Process Parameter Feedback to Product,error:NA,message:NA,root:NA}
WHEN=2026/09/15 03:55:08||TXN=EVT-0002184||FLOW=IF_MESYM_SAPQM_001||SRCAPP=YM||DST=SAP_ERP||OUT=S||DUR=823||SID=SESS-7F68ABB780||RID=REQ-17B32801223F||CONTEXT={middleware:Kafka,pattern:Async,bp:Yield Result to Quality,error:NA,message:NA,root:NA}
WHEN=2026/09/15 08:35:38||TXN=EVT-0002189||FLOW=IF_MESYM_SAPQM_001||SRCAPP=YM||DST=SAP_ERP||OUT=S||DUR=1648||SID=SESS-D4D9A47FF0||RID=REQ-1E12CDDC0BDF||CONTEXT={middleware:Kafka,pattern:Async,bp:Yield Result to Quality,error:NA,message:NA,root:NA}
WHEN=2026/09/11 04:56:24||TXN=EVT-0002198||FLOW=IF_MESYM_SAPQM_001||SRCAPP=YM||DST=SAP_ERP||OUT=S||DUR=1007||SID=SESS-4DD864F009||RID=REQ-D9B07743C9EE||CONTEXT={middleware:Kafka,pattern:Async,bp:Yield Result to Quality,error:NA,message:NA,root:NA}
WHEN=2026/09/15 23:50:06||TXN=EVT-0002211||FLOW=IF_MESYM_SAPQM_001||SRCAPP=YM||DST=SAP_ERP||OUT=S||DUR=1026||SID=SESS-B14A38A047||RID=REQ-D86CFB95AA90||CONTEXT={middleware:Kafka,pattern:Async,bp:Yield Result to Quality,error:NA,message:NA,root:NA}
WHEN=2026/09/12 14:15:12||TXN=EVT-0002212||FLOW=IF_MESPE_ORSC_001||SRCAPP=PE||DST=ORACLE_SCM||OUT=S||DUR=2734||SID=SESS-BCCE3F48AC||RID=REQ-ACC1AF7F47B9||CONTEXT={middleware:Kafka,pattern:Async,bp:Production Completion to Supply,error:NA,message:NA,root:NA}
WHEN=2026/09/16 16:20:22||TXN=EVT-0002220||FLOW=IF_MESPE_ORSC_001||SRCAPP=PE||DST=ORACLE_SCM||OUT=S||DUR=1938||SID=SESS-BF22FED805||RID=REQ-0256C42348B5||CONTEXT={middleware:Kafka,pattern:Async,bp:Production Completion to Supply,error:NA,message:NA,root:NA}
WHEN=2026/09/12 02:34:14||TXN=EVT-0002235||FLOW=IF_MESPE_ORSC_001||SRCAPP=PE||DST=ORACLE_SCM||OUT=S||DUR=1948||SID=SESS-B524AB3D5E||RID=REQ-F724940F1DB2||CONTEXT={middleware:Kafka,pattern:Async,bp:Production Completion to Supply,error:NA,message:NA,root:NA}
WHEN=2026/09/14 00:02:19||TXN=EVT-0002238||FLOW=IF_MESPE_ORSC_001||SRCAPP=PE||DST=ORACLE_SCM||OUT=S||DUR=2213||SID=SESS-32B062066D||RID=REQ-D49B2FF9A32C||CONTEXT={middleware:Kafka,pattern:Async,bp:Production Completion to Supply,error:NA,message:NA,root:NA}
WHEN=2026/09/15 04:57:47||TXN=EVT-0002247||FLOW=IF_MESPE_ORSC_001||SRCAPP=PE||DST=ORACLE_SCM||OUT=S||DUR=2217||SID=SESS-0EC77A5C9D||RID=REQ-C626431D2E64||CONTEXT={middleware:Kafka,pattern:Async,bp:Production Completion to Supply,error:NA,message:NA,root:NA}
WHEN=2026/09/14 07:42:55||TXN=EVT-0002257||FLOW=IF_MESPC_PLMPD_001||SRCAPP=PC||DST=PLM||OUT=S||DUR=9020||SID=SESS-211B3CDEFD||RID=REQ-3F316C9FFE9F||CONTEXT={middleware:REST_API,pattern:REST,bp:Process Parameter Feedback to Product,error:NA,message:NA,root:NA}
WHEN=2026/09/11 07:24:25||TXN=EVT-0002258||FLOW=IF_MESYM_SAPQM_001||SRCAPP=YM||DST=SAP_ERP||OUT=S||DUR=1147||SID=SESS-FC6FE65EE5||RID=REQ-481C28B79C7B||CONTEXT={middleware:Kafka,pattern:Async,bp:Yield Result to Quality,error:NA,message:NA,root:NA}
WHEN=2026/09/11 09:48:36||TXN=EVT-0002270||FLOW=IF_MESPE_SAPPP_001||SRCAPP=PE||DST=SAP_ERP||OUT=F||DUR=6459||SID=SESS-C540609206||RID=REQ-2E38B43BFFE5||CONTEXT={middleware:Kafka,pattern:Async,bp:Production Completion to ERP,error:VAL_400,message:Required business field failed validation,root:Validation}
WHEN=2026/09/10 06:53:29||TXN=EVT-0002274||FLOW=IF_MESPE_ORSC_001||SRCAPP=PE||DST=ORACLE_SCM||OUT=S||DUR=2815||SID=SESS-7F7A9D49FA||RID=REQ-643708F34797||CONTEXT={middleware:Kafka,pattern:Async,bp:Production Completion to Supply,error:NA,message:NA,root:NA}
WHEN=2026/09/11 02:29:34||TXN=EVT-0002282||FLOW=IF_MESPE_ORSC_001||SRCAPP=PE||DST=ORACLE_SCM||OUT=S||DUR=1967||SID=SESS-BB31332BC7||RID=REQ-00EB5EEB8BBF||CONTEXT={middleware:Kafka,pattern:Async,bp:Production Completion to Supply,error:NA,message:NA,root:NA}
WHEN=2026/09/14 19:40:03||TXN=EVT-0002284||FLOW=IF_MESPE_ORSC_001||SRCAPP=PE||DST=ORACLE_SCM||OUT=S||DUR=3114||SID=SESS-F1F982A5E4||RID=REQ-75D65264E3B5||CONTEXT={middleware:Kafka,pattern:Async,bp:Production Completion to Supply,error:NA,message:NA,root:NA}
WHEN=2026/09/13 03:19:57||TXN=EVT-0002295||FLOW=IF_MESYM_SAPQM_001||SRCAPP=YM||DST=SAP_ERP||OUT=R||DUR=2873||SID=SESS-0B9A319D1F||RID=REQ-D6ED65CFB6D5||CONTEXT={middleware:Kafka,pattern:Async,bp:Yield Result to Quality,error:VAL_400,message:Required business field failed validation,root:Validation}
WHEN=2026/09/10 06:36:27||TXN=EVT-0002304||FLOW=IF_MESPC_PLMPD_001||SRCAPP=PC||DST=PLM||OUT=S||DUR=7074||SID=SESS-EDAB1CE2B4||RID=REQ-14FE380F438A||CONTEXT={middleware:REST_API,pattern:REST,bp:Process Parameter Feedback to Product,error:NA,message:NA,root:NA}
WHEN=2026/09/10 11:19:52||TXN=EVT-0002317||FLOW=IF_MESPE_SAPPP_001||SRCAPP=PE||DST=SAP_ERP||OUT=S||DUR=913||SID=SESS-60BBFEA89D||RID=REQ-86DD3B1F56A7||CONTEXT={middleware:Kafka,pattern:Async,bp:Production Completion to ERP,error:NA,message:NA,root:NA}
WHEN=2026/09/10 19:27:14||TXN=EVT-0002319||FLOW=IF_MESPE_ORSC_001||SRCAPP=PE||DST=ORACLE_SCM||OUT=S||DUR=2045||SID=SESS-A211A6F988||RID=REQ-FBB9392E1A1B||CONTEXT={middleware:Kafka,pattern:Async,bp:Production Completion to Supply,error:NA,message:NA,root:NA}
WHEN=2026/09/14 02:04:17||TXN=EVT-0002325||FLOW=IF_MESPC_PLMPD_001||SRCAPP=PC||DST=PLM||OUT=R||DUR=11473||SID=SESS-4D65B6F0D9||RID=REQ-015261004C6A||CONTEXT={middleware:REST_API,pattern:REST,bp:Process Parameter Feedback to Product,error:NET_CONN_003,message:Connection reset by peer,root:Network}
WHEN=2026/09/15 21:47:29||TXN=EVT-0002326||FLOW=IF_MESYM_SAPQM_001||SRCAPP=YM||DST=SAP_ERP||OUT=S||DUR=1457||SID=SESS-D719565483||RID=REQ-003B245395A0||CONTEXT={middleware:Kafka,pattern:Async,bp:Yield Result to Quality,error:NA,message:NA,root:NA}
WHEN=2026/09/10 01:47:00||TXN=EVT-0002329||FLOW=IF_MESPE_ORSC_001||SRCAPP=PE||DST=ORACLE_SCM||OUT=S||DUR=1962||SID=SESS-B79D6D7A65||RID=REQ-16A5133A3F90||CONTEXT={middleware:Kafka,pattern:Async,bp:Production Completion to Supply,error:NA,message:NA,root:NA}
WHEN=2026/09/11 10:40:22||TXN=EVT-0002333||FLOW=IF_MESPC_PLMPD_001||SRCAPP=PC||DST=PLM||OUT=R||DUR=19390||SID=SESS-52E30591A5||RID=REQ-1ADB6CFE68BB||CONTEXT={middleware:REST_API,pattern:REST,bp:Process Parameter Feedback to Product,error:AUTH_401,message:Service credential rejected,root:Authentication}
WHEN=2026/09/12 12:47:18||TXN=EVT-0002337||FLOW=IF_MESYM_SAPQM_001||SRCAPP=YM||DST=SAP_ERP||OUT=S||DUR=1360||SID=SESS-E0492751DD||RID=REQ-5543E0C0AA75||CONTEXT={middleware:Kafka,pattern:Async,bp:Yield Result to Quality,error:NA,message:NA,root:NA}
WHEN=2026/09/14 13:31:42||TXN=EVT-0002340||FLOW=IF_MESYM_SAPQM_001||SRCAPP=YM||DST=SAP_ERP||OUT=S||DUR=982||SID=SESS-20AB0D97F8||RID=REQ-5891A706516E||CONTEXT={middleware:Kafka,pattern:Async,bp:Yield Result to Quality,error:NA,message:NA,root:NA}
WHEN=2026/09/12 19:07:50||TXN=EVT-0002342||FLOW=IF_MESYM_SAPQM_001||SRCAPP=YM||DST=SAP_ERP||OUT=S||DUR=1593||SID=SESS-9535B012A9||RID=REQ-280BA25F5481||CONTEXT={middleware:Kafka,pattern:Async,bp:Yield Result to Quality,error:NA,message:NA,root:NA}
WHEN=2026/09/16 21:50:47||TXN=EVT-0002344||FLOW=IF_MESPE_ORSC_001||SRCAPP=PE||DST=ORACLE_SCM||OUT=S||DUR=2379||SID=SESS-2BADB72E56||RID=REQ-EDE437314B3D||CONTEXT={middleware:Kafka,pattern:Async,bp:Production Completion to Supply,error:NA,message:NA,root:NA}
WHEN=2026/09/10 21:30:47||TXN=EVT-0002348||FLOW=IF_MESPE_SAPPP_001||SRCAPP=PE||DST=SAP_ERP||OUT=S||DUR=873||SID=SESS-7271250070||RID=REQ-CEBF32A2DE54||CONTEXT={middleware:Kafka,pattern:Async,bp:Production Completion to ERP,error:NA,message:NA,root:NA}
WHEN=2026/09/13 20:31:02||TXN=EVT-0002349||FLOW=IF_MESPC_PLMPD_001||SRCAPP=PC||DST=PLM||OUT=S||DUR=6406||SID=SESS-A4BC0E73BB||RID=REQ-6F0C6CAE8F32||CONTEXT={middleware:REST_API,pattern:REST,bp:Process Parameter Feedback to Product,error:NA,message:NA,root:NA}
WHEN=2026/09/11 05:46:24||TXN=EVT-0002360||FLOW=IF_MESPE_ORSC_001||SRCAPP=PE||DST=ORACLE_SCM||OUT=S||DUR=1420||SID=SESS-81A96D26A9||RID=REQ-48D1E2BBAEF7||CONTEXT={middleware:Kafka,pattern:Async,bp:Production Completion to Supply,error:NA,message:NA,root:NA}
WHEN=2026/09/10 23:14:49||TXN=EVT-0002364||FLOW=IF_MESPE_SAPPP_001||SRCAPP=PE||DST=SAP_ERP||OUT=R||DUR=2141||SID=SESS-BA5FA65909||RID=REQ-1744F7CF2DC9||CONTEXT={middleware:Kafka,pattern:Async,bp:Production Completion to ERP,error:INFRA_008,message:Runtime node unavailable,root:Infrastructure}
WHEN=2026/09/16 20:07:20||TXN=EVT-0002379||FLOW=IF_MESPC_PLMPD_001||SRCAPP=PC||DST=PLM||OUT=R||DUR=18833||SID=SESS-E8F659E11C||RID=REQ-BBA07A71B987||CONTEXT={middleware:REST_API,pattern:REST,bp:Process Parameter Feedback to Product,error:TIME_004,message:Downstream response exceeded SLA,root:Timeout}
WHEN=2026/09/13 11:29:37||TXN=EVT-0002391||FLOW=IF_MESPE_ORSC_001||SRCAPP=PE||DST=ORACLE_SCM||OUT=S||DUR=2737||SID=SESS-20832468FA||RID=REQ-BFF01EADA560||CONTEXT={middleware:Kafka,pattern:Async,bp:Production Completion to Supply,error:NA,message:NA,root:NA}
WHEN=2026/09/15 23:02:58||TXN=EVT-0002395||FLOW=IF_MESPE_SAPPP_001||SRCAPP=PE||DST=SAP_ERP||OUT=S||DUR=1025||SID=SESS-48FDE70930||RID=REQ-05C6EB02735D||CONTEXT={middleware:Kafka,pattern:Async,bp:Production Completion to ERP,error:NA,message:NA,root:NA}
WHEN=2026/09/12 10:19:37||TXN=EVT-0002410||FLOW=IF_MESPE_SAPPP_001||SRCAPP=PE||DST=SAP_ERP||OUT=S||DUR=834||SID=SESS-EAA5C98DFA||RID=REQ-1D4EB0B610CB||CONTEXT={middleware:Kafka,pattern:Async,bp:Production Completion to ERP,error:NA,message:NA,root:NA}
WHEN=2026/09/11 23:35:51||TXN=EVT-0002425||FLOW=IF_MESPE_ORSC_001||SRCAPP=PE||DST=ORACLE_SCM||OUT=S||DUR=1458||SID=SESS-645240C867||RID=REQ-EE14A3FCE59D||CONTEXT={middleware:Kafka,pattern:Async,bp:Production Completion to Supply,error:NA,message:NA,root:NA}
WHEN=2026/09/16 23:07:43||TXN=EVT-0002428||FLOW=IF_MESPE_ORSC_001||SRCAPP=PE||DST=ORACLE_SCM||OUT=S||DUR=2943||SID=SESS-1BDDB4B863||RID=REQ-D5B25365F0F6||CONTEXT={middleware:Kafka,pattern:Async,bp:Production Completion to Supply,error:NA,message:NA,root:NA}
WHEN=2026/09/11 21:32:12||TXN=EVT-0002431||FLOW=IF_MESPC_PLMPD_001||SRCAPP=PC||DST=PLM||OUT=S||DUR=3602||SID=SESS-007A5D4CE5||RID=REQ-C7E5EEDFCE08||CONTEXT={middleware:REST_API,pattern:REST,bp:Process Parameter Feedback to Product,error:NA,message:NA,root:NA}
WHEN=2026/09/14 23:30:46||TXN=EVT-0002433||FLOW=IF_MESPE_SAPPP_001||SRCAPP=PE||DST=SAP_ERP||OUT=S||DUR=761||SID=SESS-3A8CF37A31||RID=REQ-B8439940153D||CONTEXT={middleware:Kafka,pattern:Async,bp:Production Completion to ERP,error:NA,message:NA,root:NA}
WHEN=2026/09/13 20:12:33||TXN=EVT-0002436||FLOW=IF_MESPE_ORSC_001||SRCAPP=PE||DST=ORACLE_SCM||OUT=S||DUR=1860||SID=SESS-CFA44C1CEB||RID=REQ-90CBC4536CE3||CONTEXT={middleware:Kafka,pattern:Async,bp:Production Completion to Supply,error:NA,message:NA,root:NA}
WHEN=2026/09/16 21:30:30||TXN=EVT-0002443||FLOW=IF_MESYM_SAPQM_001||SRCAPP=YM||DST=SAP_ERP||OUT=S||DUR=1536||SID=SESS-670AA7AA01||RID=REQ-EBB29ADBE017||CONTEXT={middleware:Kafka,pattern:Async,bp:Yield Result to Quality,error:NA,message:NA,root:NA}
WHEN=2026/09/10 18:58:20||TXN=EVT-0002445||FLOW=IF_MESYM_SAPQM_001||SRCAPP=YM||DST=SAP_ERP||OUT=S||DUR=1803||SID=SESS-D712D4D3C8||RID=REQ-59F7DE65094E||CONTEXT={middleware:Kafka,pattern:Async,bp:Yield Result to Quality,error:NA,message:NA,root:NA}
WHEN=2026/09/10 21:51:52||TXN=EVT-0002447||FLOW=IF_MESPC_PLMPD_001||SRCAPP=PC||DST=PLM||OUT=S||DUR=5181||SID=SESS-85C9223D2E||RID=REQ-8625F5C9B4F5||CONTEXT={middleware:REST_API,pattern:REST,bp:Process Parameter Feedback to Product,error:NA,message:NA,root:NA}
WHEN=2026/09/12 19:36:03||TXN=EVT-0002454||FLOW=IF_MESPE_SAPPP_001||SRCAPP=PE||DST=SAP_ERP||OUT=R||DUR=3161||SID=SESS-DD975BF5AD||RID=REQ-2509F49AC568||CONTEXT={middleware:Kafka,pattern:Async,bp:Production Completion to ERP,error:CAP_003,message:Downstream service is at capacity,root:Capacity}
WHEN=2026/09/11 04:35:37||TXN=EVT-0002461||FLOW=IF_MESPC_PLMPD_001||SRCAPP=PC||DST=PLM||OUT=R||DUR=26225||SID=SESS-4BAE10C940||RID=REQ-AE73C991346F||CONTEXT={middleware:REST_API,pattern:REST,bp:Process Parameter Feedback to Product,error:DB_COMMIT_014,message:Transaction commit failed,root:Database}
WHEN=2026/09/13 23:07:26||TXN=EVT-0002469||FLOW=IF_MESYM_SAPQM_001||SRCAPP=YM||DST=SAP_ERP||OUT=S||DUR=1705||SID=SESS-05B4CA3EC1||RID=REQ-13C7E19E8D8C||CONTEXT={middleware:Kafka,pattern:Async,bp:Yield Result to Quality,error:NA,message:NA,root:NA}
WHEN=2026/09/15 14:38:44||TXN=EVT-0002471||FLOW=IF_MESPE_SAPPP_001||SRCAPP=PE||DST=SAP_ERP||OUT=S||DUR=801||SID=SESS-DD2B17AEBE||RID=REQ-F082E9AF098B||CONTEXT={middleware:Kafka,pattern:Async,bp:Production Completion to ERP,error:NA,message:NA,root:NA}
WHEN=2026/09/13 18:41:50||TXN=EVT-0002482||FLOW=IF_MESYM_SAPQM_001||SRCAPP=YM||DST=SAP_ERP||OUT=F||DUR=3356||SID=SESS-73770B7B77||RID=REQ-4236131E3672||CONTEXT={middleware:Kafka,pattern:Async,bp:Yield Result to Quality,error:EXT_502,message:Downstream service returned 502,root:External Service}
WHEN=2026/09/15 20:37:23||TXN=EVT-0002484||FLOW=IF_MESPC_PLMPD_001||SRCAPP=PC||DST=PLM||OUT=S||DUR=7137||SID=SESS-EF11F4F139||RID=REQ-7B6A5346938E||CONTEXT={middleware:REST_API,pattern:REST,bp:Process Parameter Feedback to Product,error:NA,message:NA,root:NA}
WHEN=2026/09/16 16:03:22||TXN=EVT-0002486||FLOW=IF_MESYM_SAPQM_001||SRCAPP=YM||DST=SAP_ERP||OUT=S||DUR=1456||SID=SESS-58C362EFC4||RID=REQ-514CC6AC6E26||CONTEXT={middleware:Kafka,pattern:Async,bp:Yield Result to Quality,error:NA,message:NA,root:NA}
WHEN=2026/09/10 14:17:20||TXN=EVT-0002505||FLOW=IF_MESPC_PLMPD_001||SRCAPP=PC||DST=PLM||OUT=S||DUR=6133||SID=SESS-0758216484||RID=REQ-EB6940B140A1||CONTEXT={middleware:REST_API,pattern:REST,bp:Process Parameter Feedback to Product,error:NA,message:NA,root:NA}
WHEN=2026/09/11 08:32:04||TXN=EVT-0002513||FLOW=IF_MESPE_SAPPP_001||SRCAPP=PE||DST=SAP_ERP||OUT=S||DUR=698||SID=SESS-B0F6CD50B3||RID=REQ-6CAFB43D3BA0||CONTEXT={middleware:Kafka,pattern:Async,bp:Production Completion to ERP,error:NA,message:NA,root:NA}
WHEN=2026/09/14 01:45:21||TXN=EVT-0002526||FLOW=IF_MESPE_ORSC_001||SRCAPP=PE||DST=ORACLE_SCM||OUT=S||DUR=2352||SID=SESS-D43AEE538F||RID=REQ-60245063E87B||CONTEXT={middleware:Kafka,pattern:Async,bp:Production Completion to Supply,error:NA,message:NA,root:NA}
WHEN=2026/09/10 20:24:57||TXN=EVT-0002528||FLOW=IF_MESPC_PLMPD_001||SRCAPP=PC||DST=PLM||OUT=R||DUR=20699||SID=SESS-5A32F05674||RID=REQ-7D6C4BCEE45C||CONTEXT={middleware:REST_API,pattern:REST,bp:Process Parameter Feedback to Product,error:CFG_017,message:Interface configuration mismatch,root:Configuration}
WHEN=2026/09/12 22:36:27||TXN=EVT-0002529||FLOW=IF_MESPC_PLMPD_001||SRCAPP=PC||DST=PLM||OUT=S||DUR=6603||SID=SESS-89A0DBBDBC||RID=REQ-D66AD5E5F161||CONTEXT={middleware:REST_API,pattern:REST,bp:Process Parameter Feedback to Product,error:NA,message:NA,root:NA}
WHEN=2026/09/14 08:57:20||TXN=EVT-0002540||FLOW=IF_MESPE_SAPPP_001||SRCAPP=PE||DST=SAP_ERP||OUT=S||DUR=541||SID=SESS-93ED0CA0B6||RID=REQ-B42F73349AC0||CONTEXT={middleware:Kafka,pattern:Async,bp:Production Completion to ERP,error:NA,message:NA,root:NA}
WHEN=2026/09/11 00:13:05||TXN=EVT-0002547||FLOW=IF_MESPE_SAPPP_001||SRCAPP=PE||DST=SAP_ERP||OUT=S||DUR=889||SID=SESS-C656FAEA52||RID=REQ-809FD9DB55CB||CONTEXT={middleware:Kafka,pattern:Async,bp:Production Completion to ERP,error:NA,message:NA,root:NA}
WHEN=2026/09/10 12:11:46||TXN=EVT-0002548||FLOW=IF_MESPE_ORSC_001||SRCAPP=PE||DST=ORACLE_SCM||OUT=S||DUR=1643||SID=SESS-90B34B5582||RID=REQ-DA546D81AA08||CONTEXT={middleware:Kafka,pattern:Async,bp:Production Completion to Supply,error:NA,message:NA,root:NA}
WHEN=2026/09/11 17:43:29||TXN=EVT-0002559||FLOW=IF_MESPE_SAPPP_001||SRCAPP=PE||DST=SAP_ERP||OUT=S||DUR=975||SID=SESS-589B404882||RID=REQ-C3338D993AFC||CONTEXT={middleware:Kafka,pattern:Async,bp:Production Completion to ERP,error:NA,message:NA,root:NA}
WHEN=2026/09/15 04:09:22||TXN=EVT-0002574||FLOW=IF_MESYM_SAPQM_001||SRCAPP=YM||DST=SAP_ERP||OUT=S||DUR=1519||SID=SESS-2826BF8E6E||RID=REQ-D6ADCBC09F18||CONTEXT={middleware:Kafka,pattern:Async,bp:Yield Result to Quality,error:NA,message:NA,root:NA}
WHEN=2026/09/14 07:34:06||TXN=EVT-0002590||FLOW=IF_MESPE_ORSC_001||SRCAPP=PE||DST=ORACLE_SCM||OUT=S||DUR=2009||SID=SESS-37CE1DD588||RID=REQ-1DD880AFC932||CONTEXT={middleware:Kafka,pattern:Async,bp:Production Completion to Supply,error:NA,message:NA,root:NA}
WHEN=2026/09/12 19:57:26||TXN=EVT-0002592||FLOW=IF_MESPE_ORSC_001||SRCAPP=PE||DST=ORACLE_SCM||OUT=S||DUR=2021||SID=SESS-F487F22F40||RID=REQ-8B72EBC83816||CONTEXT={middleware:Kafka,pattern:Async,bp:Production Completion to Supply,error:NA,message:NA,root:NA}
WHEN=2026/09/10 19:00:25||TXN=EVT-0002598||FLOW=IF_MESPE_ORSC_001||SRCAPP=PE||DST=ORACLE_SCM||OUT=S||DUR=1526||SID=SESS-DC7FFE7A73||RID=REQ-D85625FA3F26||CONTEXT={middleware:Kafka,pattern:Async,bp:Production Completion to Supply,error:NA,message:NA,root:NA}
WHEN=2026/09/14 00:54:36||TXN=EVT-0002606||FLOW=IF_MESPE_SAPPP_001||SRCAPP=PE||DST=SAP_ERP||OUT=S||DUR=995||SID=SESS-FA94BFF84E||RID=REQ-2D7ED76E7592||CONTEXT={middleware:Kafka,pattern:Async,bp:Production Completion to ERP,error:NA,message:NA,root:NA}
WHEN=2026/09/14 07:34:15||TXN=EVT-0002631||FLOW=IF_MESPC_PLMPD_001||SRCAPP=PC||DST=PLM||OUT=F||DUR=25756||SID=SESS-6C9AEB8F74||RID=REQ-8EE95D75EA7F||CONTEXT={middleware:REST_API,pattern:REST,bp:Process Parameter Feedback to Product,error:CFG_017,message:Interface configuration mismatch,root:Configuration}
WHEN=2026/09/16 12:15:32||TXN=EVT-0002652||FLOW=IF_MESPE_ORSC_001||SRCAPP=PE||DST=ORACLE_SCM||OUT=S||DUR=2089||SID=SESS-3773CBC960||RID=REQ-D425F9E00B07||CONTEXT={middleware:Kafka,pattern:Async,bp:Production Completion to Supply,error:NA,message:NA,root:NA}
WHEN=2026/09/11 08:17:48||TXN=EVT-0002656||FLOW=IF_MESPE_ORSC_001||SRCAPP=PE||DST=ORACLE_SCM||OUT=S||DUR=2337||SID=SESS-407D311813||RID=REQ-17F8105CDC67||CONTEXT={middleware:Kafka,pattern:Async,bp:Production Completion to Supply,error:NA,message:NA,root:NA}
WHEN=2026/09/14 17:13:57||TXN=EVT-0002658||FLOW=IF_MESYM_SAPQM_001||SRCAPP=YM||DST=SAP_ERP||OUT=R||DUR=3466||SID=SESS-87D8C4CA53||RID=REQ-C952299B9F17||CONTEXT={middleware:Kafka,pattern:Async,bp:Yield Result to Quality,error:AUTH_401,message:Service credential rejected,root:Authentication}
WHEN=2026/09/16 22:49:34||TXN=EVT-0002675||FLOW=IF_MESPC_PLMPD_001||SRCAPP=PC||DST=PLM||OUT=S||DUR=8094||SID=SESS-6DDDF7306F||RID=REQ-6E7643E61F75||CONTEXT={middleware:REST_API,pattern:REST,bp:Process Parameter Feedback to Product,error:NA,message:NA,root:NA}
WHEN=2026/09/16 10:16:37||TXN=EVT-0002694||FLOW=IF_MESPE_ORSC_001||SRCAPP=PE||DST=ORACLE_SCM||OUT=S||DUR=2188||SID=SESS-5400C65D7A||RID=REQ-0FE220E298AC||CONTEXT={middleware:Kafka,pattern:Async,bp:Production Completion to Supply,error:NA,message:NA,root:NA}
WHEN=2026/09/12 03:07:23||TXN=EVT-0002696||FLOW=IF_MESPE_ORSC_001||SRCAPP=PE||DST=ORACLE_SCM||OUT=S||DUR=2527||SID=SESS-7939523F8D||RID=REQ-B974E127E7D9||CONTEXT={middleware:Kafka,pattern:Async,bp:Production Completion to Supply,error:NA,message:NA,root:NA}
WHEN=2026/09/13 11:51:12||TXN=EVT-0002706||FLOW=IF_MESPE_SAPPP_001||SRCAPP=PE||DST=SAP_ERP||OUT=S||DUR=794||SID=SESS-674E418954||RID=REQ-3F1AB6E8116F||CONTEXT={middleware:Kafka,pattern:Async,bp:Production Completion to ERP,error:NA,message:NA,root:NA}
WHEN=2026/09/10 19:54:42||TXN=EVT-0002712||FLOW=IF_MESYM_SAPQM_001||SRCAPP=YM||DST=SAP_ERP||OUT=S||DUR=1496||SID=SESS-D76BBDF416||RID=REQ-E0CB952A721D||CONTEXT={middleware:Kafka,pattern:Async,bp:Yield Result to Quality,error:NA,message:NA,root:NA}
WHEN=2026/09/12 08:30:29||TXN=EVT-0002713||FLOW=IF_MESYM_SAPQM_001||SRCAPP=YM||DST=SAP_ERP||OUT=R||DUR=3192||SID=SESS-EBD61EBD85||RID=REQ-6F674FCBDD99||CONTEXT={middleware:Kafka,pattern:Async,bp:Yield Result to Quality,error:CFG_017,message:Interface configuration mismatch,root:Configuration}
WHEN=2026/09/14 12:57:14||TXN=EVT-0002715||FLOW=IF_MESPE_ORSC_001||SRCAPP=PE||DST=ORACLE_SCM||OUT=F||DUR=4925||SID=SESS-5F8F65B925||RID=REQ-4FFFEB205A74||CONTEXT={middleware:Kafka,pattern:Async,bp:Production Completion to Supply,error:CFG_017,message:Interface configuration mismatch,root:Configuration}
WHEN=2026/09/10 08:21:35||TXN=EVT-0002721||FLOW=IF_MESYM_SAPQM_001||SRCAPP=YM||DST=SAP_ERP||OUT=S||DUR=1235||SID=SESS-9ADC7080C1||RID=REQ-EB7EEBF08A70||CONTEXT={middleware:Kafka,pattern:Async,bp:Yield Result to Quality,error:NA,message:NA,root:NA}
WHEN=2026/09/12 06:49:40||TXN=EVT-0002726||FLOW=IF_MESPC_PLMPD_001||SRCAPP=PC||DST=PLM||OUT=S||DUR=5198||SID=SESS-065C9C1E6C||RID=REQ-841C2551B5C9||CONTEXT={middleware:REST_API,pattern:REST,bp:Process Parameter Feedback to Product,error:NA,message:NA,root:NA}
WHEN=2026/09/10 04:03:30||TXN=EVT-0002729||FLOW=IF_MESPE_ORSC_001||SRCAPP=PE||DST=ORACLE_SCM||OUT=S||DUR=2222||SID=SESS-4EB6F5D7E3||RID=REQ-2D1EF896FD94||CONTEXT={middleware:Kafka,pattern:Async,bp:Production Completion to Supply,error:NA,message:NA,root:NA}
WHEN=2026/09/13 17:23:49||TXN=EVT-0002743||FLOW=IF_MESPE_SAPPP_001||SRCAPP=PE||DST=SAP_ERP||OUT=S||DUR=1036||SID=SESS-2C3BEC4934||RID=REQ-F1CC3DBAA282||CONTEXT={middleware:Kafka,pattern:Async,bp:Production Completion to ERP,error:NA,message:NA,root:NA}
WHEN=2026/09/14 04:25:19||TXN=EVT-0002746||FLOW=IF_MESPE_SAPPP_001||SRCAPP=PE||DST=SAP_ERP||OUT=S||DUR=588||SID=SESS-B9405CADA0||RID=REQ-44B53EA10279||CONTEXT={middleware:Kafka,pattern:Async,bp:Production Completion to ERP,error:NA,message:NA,root:NA}
WHEN=2026/09/10 00:07:14||TXN=EVT-0002750||FLOW=IF_MESPC_PLMPD_001||SRCAPP=PC||DST=PLM||OUT=S||DUR=6357||SID=SESS-8A2A609D7D||RID=REQ-28F6600781DE||CONTEXT={middleware:REST_API,pattern:REST,bp:Process Parameter Feedback to Product,error:NA,message:NA,root:NA}
WHEN=2026/09/13 00:27:46||TXN=EVT-0002754||FLOW=IF_MESPC_PLMPD_001||SRCAPP=PC||DST=PLM||OUT=S||DUR=5831||SID=SESS-8AD15B47BF||RID=REQ-1F325A2AD298||CONTEXT={middleware:REST_API,pattern:REST,bp:Process Parameter Feedback to Product,error:NA,message:NA,root:NA}
WHEN=2026/09/13 22:55:41||TXN=EVT-0002761||FLOW=IF_MESPC_PLMPD_001||SRCAPP=PC||DST=PLM||OUT=S||DUR=7642||SID=SESS-E89EBF45C5||RID=REQ-FC924E3273F6||CONTEXT={middleware:REST_API,pattern:REST,bp:Process Parameter Feedback to Product,error:NA,message:NA,root:NA}
WHEN=2026/09/14 16:31:23||TXN=EVT-0002762||FLOW=IF_MESPE_SAPPP_001||SRCAPP=PE||DST=SAP_ERP||OUT=R||DUR=2224||SID=SESS-792C6E368D||RID=REQ-BC43C7A23AD6||CONTEXT={middleware:Kafka,pattern:Async,bp:Production Completion to ERP,error:NET_CONN_003,message:Connection reset by peer,root:Network}
WHEN=2026/09/14 08:53:06||TXN=EVT-0002768||FLOW=IF_MESPC_PLMPD_001||SRCAPP=PC||DST=PLM||OUT=S||DUR=5926||SID=SESS-5ECC784998||RID=REQ-A65560DA9CA9||CONTEXT={middleware:REST_API,pattern:REST,bp:Process Parameter Feedback to Product,error:NA,message:NA,root:NA}
WHEN=2026/09/10 21:32:01||TXN=EVT-0002769||FLOW=IF_MESPC_PLMPD_001||SRCAPP=PC||DST=PLM||OUT=S||DUR=7827||SID=SESS-44C3AED819||RID=REQ-E91EF738754D||CONTEXT={middleware:REST_API,pattern:REST,bp:Process Parameter Feedback to Product,error:NA,message:NA,root:NA}
WHEN=2026/09/12 22:51:26||TXN=EVT-0002782||FLOW=IF_MESYM_SAPQM_001||SRCAPP=YM||DST=SAP_ERP||OUT=S||DUR=1816||SID=SESS-D168754616||RID=REQ-D1F7A5953E6B||CONTEXT={middleware:Kafka,pattern:Async,bp:Yield Result to Quality,error:NA,message:NA,root:NA}
WHEN=2026/09/12 11:05:16||TXN=EVT-0002791||FLOW=IF_MESPE_ORSC_001||SRCAPP=PE||DST=ORACLE_SCM||OUT=S||DUR=2741||SID=SESS-E76C8D41DE||RID=REQ-A5EF97985C1C||CONTEXT={middleware:Kafka,pattern:Async,bp:Production Completion to Supply,error:NA,message:NA,root:NA}
WHEN=2026/09/12 20:53:19||TXN=EVT-0002799||FLOW=IF_MESPC_PLMPD_001||SRCAPP=PC||DST=PLM||OUT=S||DUR=6743||SID=SESS-D5389D3B91||RID=REQ-67E35FEF32AD||CONTEXT={middleware:REST_API,pattern:REST,bp:Process Parameter Feedback to Product,error:NA,message:NA,root:NA}
WHEN=2026/09/15 14:17:06||TXN=EVT-0002805||FLOW=IF_MESPE_ORSC_001||SRCAPP=PE||DST=ORACLE_SCM||OUT=S||DUR=2803||SID=SESS-71D918D4F8||RID=REQ-97746080C27B||CONTEXT={middleware:Kafka,pattern:Async,bp:Production Completion to Supply,error:NA,message:NA,root:NA}
WHEN=2026/09/10 19:45:57||TXN=EVT-0002811||FLOW=IF_MESPE_ORSC_001||SRCAPP=PE||DST=ORACLE_SCM||OUT=S||DUR=1863||SID=SESS-985A5AAC18||RID=REQ-FB2CADBEF9D2||CONTEXT={middleware:Kafka,pattern:Async,bp:Production Completion to Supply,error:NA,message:NA,root:NA}
WHEN=2026/09/12 23:38:53||TXN=EVT-0002819||FLOW=IF_MESPE_ORSC_001||SRCAPP=PE||DST=ORACLE_SCM||OUT=S||DUR=2620||SID=SESS-F3F5B92341||RID=REQ-584CA01DD208||CONTEXT={middleware:Kafka,pattern:Async,bp:Production Completion to Supply,error:NA,message:NA,root:NA}
WHEN=2026/09/13 00:17:28||TXN=EVT-0002821||FLOW=IF_MESPE_ORSC_001||SRCAPP=PE||DST=ORACLE_SCM||OUT=S||DUR=1754||SID=SESS-4FAA044C45||RID=REQ-3C48706D9E2D||CONTEXT={middleware:Kafka,pattern:Async,bp:Production Completion to Supply,error:NA,message:NA,root:NA}
WHEN=2026/09/10 22:06:04||TXN=EVT-0002822||FLOW=IF_MESPC_PLMPD_001||SRCAPP=PC||DST=PLM||OUT=S||DUR=6690||SID=SESS-3644D91CEF||RID=REQ-E84378DE468A||CONTEXT={middleware:REST_API,pattern:REST,bp:Process Parameter Feedback to Product,error:NA,message:NA,root:NA}
WHEN=2026/09/10 10:36:29||TXN=EVT-0002835||FLOW=IF_MESPE_ORSC_001||SRCAPP=PE||DST=ORACLE_SCM||OUT=S||DUR=1787||SID=SESS-220C06FB51||RID=REQ-30FA45BBF92D||CONTEXT={middleware:Kafka,pattern:Async,bp:Production Completion to Supply,error:NA,message:NA,root:NA}
WHEN=2026/09/12 09:17:37||TXN=EVT-0002839||FLOW=IF_MESPE_ORSC_001||SRCAPP=PE||DST=ORACLE_SCM||OUT=S||DUR=2415||SID=SESS-493401CCEA||RID=REQ-63435D8A8E10||CONTEXT={middleware:Kafka,pattern:Async,bp:Production Completion to Supply,error:NA,message:NA,root:NA}
WHEN=2026/09/16 16:12:21||TXN=EVT-0002849||FLOW=IF_MESYM_SAPQM_001||SRCAPP=YM||DST=SAP_ERP||OUT=S||DUR=1819||SID=SESS-29AC5E8C47||RID=REQ-C32FA4C57705||CONTEXT={middleware:Kafka,pattern:Async,bp:Yield Result to Quality,error:NA,message:NA,root:NA}
WHEN=2026/09/10 08:35:15||TXN=EVT-0002855||FLOW=IF_MESPE_SAPPP_001||SRCAPP=PE||DST=SAP_ERP||OUT=S||DUR=908||SID=SESS-8DD5D061D1||RID=REQ-43E6EBD02E83||CONTEXT={middleware:Kafka,pattern:Async,bp:Production Completion to ERP,error:NA,message:NA,root:NA}
WHEN=2026/09/13 04:04:08||TXN=EVT-0002857||FLOW=IF_MESYM_SAPQM_001||SRCAPP=YM||DST=SAP_ERP||OUT=F||DUR=7647||SID=SESS-59D01C3535||RID=REQ-E9E9A8CE782C||CONTEXT={middleware:Kafka,pattern:Async,bp:Yield Result to Quality,error:TIME_004,message:Downstream response exceeded SLA,root:Timeout}
WHEN=2026/09/13 23:30:02||TXN=EVT-0002859||FLOW=IF_MESPE_SAPPP_001||SRCAPP=PE||DST=SAP_ERP||OUT=R||DUR=3415||SID=SESS-3AB3CEE9D2||RID=REQ-B866E53EAAA2||CONTEXT={middleware:Kafka,pattern:Async,bp:Production Completion to ERP,error:DB_COMMIT_014,message:Transaction commit failed,root:Database}
WHEN=2026/09/15 01:55:55||TXN=EVT-0002862||FLOW=IF_MESPE_ORSC_001||SRCAPP=PE||DST=ORACLE_SCM||OUT=S||DUR=2403||SID=SESS-C8CBB57484||RID=REQ-1860C0EEF89D||CONTEXT={middleware:Kafka,pattern:Async,bp:Production Completion to Supply,error:NA,message:NA,root:NA}
WHEN=2026/09/16 12:40:23||TXN=EVT-0002877||FLOW=IF_MESYM_SAPQM_001||SRCAPP=YM||DST=SAP_ERP||OUT=S||DUR=1200||SID=SESS-1C33C91513||RID=REQ-89A2C3EBEC08||CONTEXT={middleware:Kafka,pattern:Async,bp:Yield Result to Quality,error:NA,message:NA,root:NA}
WHEN=2026/09/13 13:15:59||TXN=EVT-0002878||FLOW=IF_MESYM_SAPQM_001||SRCAPP=YM||DST=SAP_ERP||OUT=S||DUR=1328||SID=SESS-8C41A34D4F||RID=REQ-644124D542AB||CONTEXT={middleware:Kafka,pattern:Async,bp:Yield Result to Quality,error:NA,message:NA,root:NA}
WHEN=2026/09/15 11:49:20||TXN=EVT-0002881||FLOW=IF_MESPE_SAPPP_001||SRCAPP=PE||DST=SAP_ERP||OUT=S||DUR=728||SID=SESS-04338223AB||RID=REQ-F429FAFCAADF||CONTEXT={middleware:Kafka,pattern:Async,bp:Production Completion to ERP,error:NA,message:NA,root:NA}
WHEN=2026/09/11 02:55:42||TXN=EVT-0002885||FLOW=IF_MESYM_SAPQM_001||SRCAPP=YM||DST=SAP_ERP||OUT=S||DUR=947||SID=SESS-96028CF1F8||RID=REQ-929D184BFF78||CONTEXT={middleware:Kafka,pattern:Async,bp:Yield Result to Quality,error:NA,message:NA,root:NA}
WHEN=2026/09/15 03:13:24||TXN=EVT-0002886||FLOW=IF_MESPE_SAPPP_001||SRCAPP=PE||DST=SAP_ERP||OUT=S||DUR=868||SID=SESS-D9F2038100||RID=REQ-0F3B19E0354F||CONTEXT={middleware:Kafka,pattern:Async,bp:Production Completion to ERP,error:NA,message:NA,root:NA}
WHEN=2026/09/12 23:08:53||TXN=EVT-0002897||FLOW=IF_MESPE_SAPPP_001||SRCAPP=PE||DST=SAP_ERP||OUT=S||DUR=741||SID=SESS-AB7E9C635D||RID=REQ-CD3523E845F8||CONTEXT={middleware:Kafka,pattern:Async,bp:Production Completion to ERP,error:NA,message:NA,root:NA}
WHEN=2026/09/14 04:52:02||TXN=EVT-0002898||FLOW=IF_MESPE_ORSC_001||SRCAPP=PE||DST=ORACLE_SCM||OUT=S||DUR=2801||SID=SESS-11A05DFBC5||RID=REQ-3A64CB95B714||CONTEXT={middleware:Kafka,pattern:Async,bp:Production Completion to Supply,error:NA,message:NA,root:NA}
WHEN=2026/09/12 07:45:24||TXN=EVT-0002914||FLOW=IF_MESYM_SAPQM_001||SRCAPP=YM||DST=SAP_ERP||OUT=R||DUR=3838||SID=SESS-483BFC74F3||RID=REQ-31D51C64F7AD||CONTEXT={middleware:Kafka,pattern:Async,bp:Yield Result to Quality,error:TIME_004,message:Downstream response exceeded SLA,root:Timeout}
WHEN=2026/09/14 00:23:39||TXN=EVT-0002917||FLOW=IF_MESYM_SAPQM_001||SRCAPP=YM||DST=SAP_ERP||OUT=S||DUR=1067||SID=SESS-6F16A8F41C||RID=REQ-172A023BF95D||CONTEXT={middleware:Kafka,pattern:Async,bp:Yield Result to Quality,error:NA,message:NA,root:NA}
WHEN=2026/09/16 09:40:27||TXN=EVT-0002918||FLOW=IF_MESYM_SAPQM_001||SRCAPP=YM||DST=SAP_ERP||OUT=S||DUR=1429||SID=SESS-E05A49587A||RID=REQ-C0C7C3CD7FA4||CONTEXT={middleware:Kafka,pattern:Async,bp:Yield Result to Quality,error:NA,message:NA,root:NA}
WHEN=2026/09/15 05:08:48||TXN=EVT-0002921||FLOW=IF_MESPE_ORSC_001||SRCAPP=PE||DST=ORACLE_SCM||OUT=S||DUR=2062||SID=SESS-9051EBB829||RID=REQ-FB5A1CDDC65C||CONTEXT={middleware:Kafka,pattern:Async,bp:Production Completion to Supply,error:NA,message:NA,root:NA}
WHEN=2026/09/13 01:16:49||TXN=EVT-0002930||FLOW=IF_MESPC_PLMPD_001||SRCAPP=PC||DST=PLM||OUT=S||DUR=5843||SID=SESS-6DBE88E678||RID=REQ-FAE5F8F4A6B4||CONTEXT={middleware:REST_API,pattern:REST,bp:Process Parameter Feedback to Product,error:NA,message:NA,root:NA}
WHEN=2026/09/14 21:42:53||TXN=EVT-0002939||FLOW=IF_MESPE_SAPPP_001||SRCAPP=PE||DST=SAP_ERP||OUT=S||DUR=1313||SID=SESS-EC8D05C734||RID=REQ-98E596739B92||CONTEXT={middleware:Kafka,pattern:Async,bp:Production Completion to ERP,error:NA,message:NA,root:NA}
WHEN=2026/09/11 03:08:41||TXN=EVT-0002944||FLOW=IF_MESPE_SAPPP_001||SRCAPP=PE||DST=SAP_ERP||OUT=S||DUR=797||SID=SESS-1E2D7800E7||RID=REQ-70CF6B86E385||CONTEXT={middleware:Kafka,pattern:Async,bp:Production Completion to ERP,error:NA,message:NA,root:NA}
WHEN=2026/09/14 03:55:25||TXN=EVT-0002949||FLOW=IF_MESPE_SAPPP_001||SRCAPP=PE||DST=SAP_ERP||OUT=S||DUR=824||SID=SESS-6C09015E01||RID=REQ-5D76A83879E5||CONTEXT={middleware:Kafka,pattern:Async,bp:Production Completion to ERP,error:NA,message:NA,root:NA}
WHEN=2026/09/11 05:29:46||TXN=EVT-0002950||FLOW=IF_MESPE_SAPPP_001||SRCAPP=PE||DST=SAP_ERP||OUT=F||DUR=1632||SID=SESS-FD5E1BF291||RID=REQ-526938D7D630||CONTEXT={middleware:Kafka,pattern:Async,bp:Production Completion to ERP,error:NET_CONN_003,message:Connection reset by peer,root:Network}
WHEN=2026/09/15 18:40:11||TXN=EVT-0002969||FLOW=IF_MESPC_PLMPD_001||SRCAPP=PC||DST=PLM||OUT=F||DUR=13487||SID=SESS-7AE4626036||RID=REQ-512919177340||CONTEXT={middleware:REST_API,pattern:REST,bp:Process Parameter Feedback to Product,error:VAL_400,message:Required business field failed validation,root:Validation}
WHEN=2026/09/14 07:25:12||TXN=EVT-0002971||FLOW=IF_MESYM_SAPQM_001||SRCAPP=YM||DST=SAP_ERP||OUT=S||DUR=1208||SID=SESS-50AC08CFC2||RID=REQ-D07CC0059A91||CONTEXT={middleware:Kafka,pattern:Async,bp:Yield Result to Quality,error:NA,message:NA,root:NA}
WHEN=2026/09/14 11:11:40||TXN=EVT-0002982||FLOW=IF_MESPC_PLMPD_001||SRCAPP=PC||DST=PLM||OUT=S||DUR=6271||SID=SESS-FCA020F86E||RID=REQ-4F7FA4B48E07||CONTEXT={middleware:REST_API,pattern:REST,bp:Process Parameter Feedback to Product,error:NA,message:NA,root:NA}
WHEN=2026/09/10 21:09:40||TXN=EVT-0002994||FLOW=IF_MESPC_PLMPD_001||SRCAPP=PC||DST=PLM||OUT=S||DUR=8265||SID=SESS-B0F1933D11||RID=REQ-AB8D9C61C16F||CONTEXT={middleware:REST_API,pattern:REST,bp:Process Parameter Feedback to Product,error:NA,message:NA,root:NA}
WHEN=2026/09/12 04:20:15||TXN=EVT-0002997||FLOW=IF_MESPE_SAPPP_001||SRCAPP=PE||DST=SAP_ERP||OUT=R||DUR=2185||SID=SESS-0449E82B02||RID=REQ-08993D28559C||CONTEXT={middleware:Kafka,pattern:Async,bp:Production Completion to ERP,error:CFG_017,message:Interface configuration mismatch,root:Configuration}
WHEN=2026/09/14 19:22:58||TXN=EVT-0002999||FLOW=IF_MESYM_SAPQM_001||SRCAPP=YM||DST=SAP_ERP||OUT=S||DUR=1649||SID=SESS-D1608B589B||RID=REQ-A4BCBC578AEA||CONTEXT={middleware:Kafka,pattern:Async,bp:Yield Result to Quality,error:NA,message:NA,root:NA}
WHEN=2026/09/14 18:59:11||TXN=EVT-0003011||FLOW=IF_MESPC_PLMPD_001||SRCAPP=PC||DST=PLM||OUT=S||DUR=6070||SID=SESS-D024E6C53D||RID=REQ-25A56B2215E3||CONTEXT={middleware:REST_API,pattern:REST,bp:Process Parameter Feedback to Product,error:NA,message:NA,root:NA}
WHEN=2026/09/14 04:06:08||TXN=EVT-0003013||FLOW=IF_MESPC_PLMPD_001||SRCAPP=PC||DST=PLM||OUT=S||DUR=6700||SID=SESS-59CD5B1363||RID=REQ-D2C7E04768ED||CONTEXT={middleware:REST_API,pattern:REST,bp:Process Parameter Feedback to Product,error:NA,message:NA,root:NA}
WHEN=2026/09/13 02:31:24||TXN=EVT-0003015||FLOW=IF_MESPC_PLMPD_001||SRCAPP=PC||DST=PLM||OUT=S||DUR=6902||SID=SESS-71FC52FC13||RID=REQ-9F5348CAA398||CONTEXT={middleware:REST_API,pattern:REST,bp:Process Parameter Feedback to Product,error:NA,message:NA,root:NA}
WHEN=2026/09/12 01:49:46||TXN=EVT-0003025||FLOW=IF_MESPE_ORSC_001||SRCAPP=PE||DST=ORACLE_SCM||OUT=F||DUR=16999||SID=SESS-DB828CE148||RID=REQ-A90F5AE5FF39||CONTEXT={middleware:Kafka,pattern:Async,bp:Production Completion to Supply,error:AUTH_401,message:Service credential rejected,root:Authentication}
WHEN=2026/09/16 19:18:54||TXN=EVT-0003026||FLOW=IF_MESPE_SAPPP_001||SRCAPP=PE||DST=SAP_ERP||OUT=S||DUR=703||SID=SESS-B5D9645AB1||RID=REQ-885B8CA44431||CONTEXT={middleware:Kafka,pattern:Async,bp:Production Completion to ERP,error:NA,message:NA,root:NA}
WHEN=2026/09/10 21:20:57||TXN=EVT-0003033||FLOW=IF_MESPE_ORSC_001||SRCAPP=PE||DST=ORACLE_SCM||OUT=F||DUR=9646||SID=SESS-A24BE76158||RID=REQ-1D2167E9AEFD||CONTEXT={middleware:Kafka,pattern:Async,bp:Production Completion to Supply,error:AUTHZ_403,message:Caller is not authorized,root:Authorization}
WHEN=2026/09/11 08:22:09||TXN=EVT-0003039||FLOW=IF_MESPE_ORSC_001||SRCAPP=PE||DST=ORACLE_SCM||OUT=S||DUR=3526||SID=SESS-675375E3BB||RID=REQ-C58DF2AF806F||CONTEXT={middleware:Kafka,pattern:Async,bp:Production Completion to Supply,error:NA,message:NA,root:NA}
WHEN=2026/09/16 14:00:04||TXN=EVT-0003043||FLOW=IF_MESPE_ORSC_001||SRCAPP=PE||DST=ORACLE_SCM||OUT=S||DUR=3221||SID=SESS-F82C1C354E||RID=REQ-481FE0CEA15E||CONTEXT={middleware:Kafka,pattern:Async,bp:Production Completion to Supply,error:NA,message:NA,root:NA}
WHEN=2026/09/13 17:08:06||TXN=EVT-0003066||FLOW=IF_MESPC_PLMPD_001||SRCAPP=PC||DST=PLM||OUT=S||DUR=6004||SID=SESS-9FB60517A4||RID=REQ-E401E9AD3915||CONTEXT={middleware:REST_API,pattern:REST,bp:Process Parameter Feedback to Product,error:NA,message:NA,root:NA}
WHEN=2026/09/15 12:30:44||TXN=EVT-0003067||FLOW=IF_MESPC_PLMPD_001||SRCAPP=PC||DST=PLM||OUT=R||DUR=11001||SID=SESS-FDEBE49463||RID=REQ-DB54FFC7753D||CONTEXT={middleware:REST_API,pattern:REST,bp:Process Parameter Feedback to Product,error:INFRA_008,message:Runtime node unavailable,root:Infrastructure}
WHEN=2026/09/12 07:21:28||TXN=EVT-0003085||FLOW=IF_MESYM_SAPQM_001||SRCAPP=YM||DST=SAP_ERP||OUT=S||DUR=1563||SID=SESS-909212A45B||RID=REQ-AC0BCFD9CF8A||CONTEXT={middleware:Kafka,pattern:Async,bp:Yield Result to Quality,error:NA,message:NA,root:NA}
WHEN=2026/09/12 20:31:04||TXN=EVT-0003091||FLOW=IF_MESPE_SAPPP_001||SRCAPP=PE||DST=SAP_ERP||OUT=S||DUR=865||SID=SESS-17255DFC38||RID=REQ-9CA8DBDD3E99||CONTEXT={middleware:Kafka,pattern:Async,bp:Production Completion to ERP,error:NA,message:NA,root:NA}
WHEN=2026/09/15 12:01:26||TXN=EVT-0003106||FLOW=IF_MESPE_ORSC_001||SRCAPP=PE||DST=ORACLE_SCM||OUT=S||DUR=2506||SID=SESS-EA2FC3F68F||RID=REQ-027EB2853917||CONTEXT={middleware:Kafka,pattern:Async,bp:Production Completion to Supply,error:NA,message:NA,root:NA}
WHEN=2026/09/16 23:03:16||TXN=EVT-0003123||FLOW=IF_MESPE_ORSC_001||SRCAPP=PE||DST=ORACLE_SCM||OUT=S||DUR=1964||SID=SESS-3E19A9F467||RID=REQ-2631098E1556||CONTEXT={middleware:Kafka,pattern:Async,bp:Production Completion to Supply,error:NA,message:NA,root:NA}
WHEN=2026/09/10 22:03:46||TXN=EVT-0003125||FLOW=IF_MESPE_SAPPP_001||SRCAPP=PE||DST=SAP_ERP||OUT=S||DUR=1085||SID=SESS-D672A41150||RID=REQ-9D1E59B637F0||CONTEXT={middleware:Kafka,pattern:Async,bp:Production Completion to ERP,error:NA,message:NA,root:NA}
WHEN=2026/09/14 04:51:37||TXN=EVT-0003135||FLOW=IF_MESYM_SAPQM_001||SRCAPP=YM||DST=SAP_ERP||OUT=S||DUR=1643||SID=SESS-5FB9E24E8F||RID=REQ-C71E22FDC41A||CONTEXT={middleware:Kafka,pattern:Async,bp:Yield Result to Quality,error:NA,message:NA,root:NA}
WHEN=2026/09/13 03:06:09||TXN=EVT-0003136||FLOW=IF_MESYM_SAPQM_001||SRCAPP=YM||DST=SAP_ERP||OUT=S||DUR=1457||SID=SESS-B5568ADB53||RID=REQ-8E6E75005848||CONTEXT={middleware:Kafka,pattern:Async,bp:Yield Result to Quality,error:NA,message:NA,root:NA}
WHEN=2026/09/16 04:19:57||TXN=EVT-0003142||FLOW=IF_MESPE_SAPPP_001||SRCAPP=PE||DST=SAP_ERP||OUT=S||DUR=1013||SID=SESS-C52ACF2582||RID=REQ-F119D8060E01||CONTEXT={middleware:Kafka,pattern:Async,bp:Production Completion to ERP,error:NA,message:NA,root:NA}
WHEN=2026/09/16 02:19:06||TXN=EVT-0003147||FLOW=IF_MESPE_ORSC_001||SRCAPP=PE||DST=ORACLE_SCM||OUT=S||DUR=2574||SID=SESS-FCC3327BD6||RID=REQ-A704EDA13D9C||CONTEXT={middleware:Kafka,pattern:Async,bp:Production Completion to Supply,error:NA,message:NA,root:NA}
WHEN=2026/09/10 21:37:36||TXN=EVT-0003152||FLOW=IF_MESPE_SAPPP_001||SRCAPP=PE||DST=SAP_ERP||OUT=S||DUR=916||SID=SESS-45555D0572||RID=REQ-DE06D5FC8DA2||CONTEXT={middleware:Kafka,pattern:Async,bp:Production Completion to ERP,error:NA,message:NA,root:NA}
WHEN=2026/09/16 02:13:02||TXN=EVT-0003153||FLOW=IF_MESPC_PLMPD_001||SRCAPP=PC||DST=PLM||OUT=S||DUR=5429||SID=SESS-D09ECACFA9||RID=REQ-AF219904BF9D||CONTEXT={middleware:REST_API,pattern:REST,bp:Process Parameter Feedback to Product,error:NA,message:NA,root:NA}
WHEN=2026/09/15 22:26:52||TXN=EVT-0003156||FLOW=IF_MESPC_PLMPD_001||SRCAPP=PC||DST=PLM||OUT=S||DUR=5125||SID=SESS-1A150FBE93||RID=REQ-C2122C0F915D||CONTEXT={middleware:REST_API,pattern:REST,bp:Process Parameter Feedback to Product,error:NA,message:NA,root:NA}
WHEN=2026/09/13 03:42:51||TXN=EVT-0003158||FLOW=IF_MESPE_SAPPP_001||SRCAPP=PE||DST=SAP_ERP||OUT=S||DUR=987||SID=SESS-70DD61A6DB||RID=REQ-F928BA880D4D||CONTEXT={middleware:Kafka,pattern:Async,bp:Production Completion to ERP,error:NA,message:NA,root:NA}
WHEN=2026/09/10 01:46:07||TXN=EVT-0003176||FLOW=IF_MESYM_SAPQM_001||SRCAPP=YM||DST=SAP_ERP||OUT=R||DUR=4780||SID=SESS-05D7F9E45C||RID=REQ-76528F76DCDF||CONTEXT={middleware:Kafka,pattern:Async,bp:Yield Result to Quality,error:NET_CONN_003,message:Connection reset by peer,root:Network}
WHEN=2026/09/16 02:17:16||TXN=EVT-0003190||FLOW=IF_MESPE_SAPPP_001||SRCAPP=PE||DST=SAP_ERP||OUT=S||DUR=807||SID=SESS-3D7592B524||RID=REQ-0CF8FB998DC7||CONTEXT={middleware:Kafka,pattern:Async,bp:Production Completion to ERP,error:NA,message:NA,root:NA}
WHEN=2026/09/13 23:38:02||TXN=EVT-0003193||FLOW=IF_MESPE_SAPPP_001||SRCAPP=PE||DST=SAP_ERP||OUT=F||DUR=7039||SID=SESS-66DE97019A||RID=REQ-8D524E4BFCC3||CONTEXT={middleware:Kafka,pattern:Async,bp:Production Completion to ERP,error:NET_CONN_003,message:Connection reset by peer,root:Network}
WHEN=2026/09/11 17:16:09||TXN=EVT-0003196||FLOW=IF_MESPC_PLMPD_001||SRCAPP=PC||DST=PLM||OUT=S||DUR=6713||SID=SESS-1C45AF6DA2||RID=REQ-392EFCF76245||CONTEXT={middleware:REST_API,pattern:REST,bp:Process Parameter Feedback to Product,error:NA,message:NA,root:NA}
WHEN=2026/09/13 16:34:34||TXN=EVT-0003204||FLOW=IF_MESPE_SAPPP_001||SRCAPP=PE||DST=SAP_ERP||OUT=S||DUR=541||SID=SESS-4D546303F1||RID=REQ-D7F89243BBC6||CONTEXT={middleware:Kafka,pattern:Async,bp:Production Completion to ERP,error:NA,message:NA,root:NA}
WHEN=2026/09/16 02:57:00||TXN=EVT-0003212||FLOW=IF_MESPE_SAPPP_001||SRCAPP=PE||DST=SAP_ERP||OUT=S||DUR=769||SID=SESS-5EC8969591||RID=REQ-92752CB75C9D||CONTEXT={middleware:Kafka,pattern:Async,bp:Production Completion to ERP,error:NA,message:NA,root:NA}
WHEN=2026/09/10 13:35:32||TXN=EVT-0003216||FLOW=IF_MESPE_SAPPP_001||SRCAPP=PE||DST=SAP_ERP||OUT=S||DUR=1088||SID=SESS-A082EDA6CD||RID=REQ-D09924890528||CONTEXT={middleware:Kafka,pattern:Async,bp:Production Completion to ERP,error:NA,message:NA,root:NA}
WHEN=2026/09/16 11:57:59||TXN=EVT-0003217||FLOW=IF_MESYM_SAPQM_001||SRCAPP=YM||DST=SAP_ERP||OUT=S||DUR=1628||SID=SESS-29238689BA||RID=REQ-E0E5E4693CE2||CONTEXT={middleware:Kafka,pattern:Async,bp:Yield Result to Quality,error:NA,message:NA,root:NA}
WHEN=2026/09/12 08:03:49||TXN=EVT-0003218||FLOW=IF_MESYM_SAPQM_001||SRCAPP=YM||DST=SAP_ERP||OUT=S||DUR=1371||SID=SESS-833A4EC0D2||RID=REQ-0F9BF3131062||CONTEXT={middleware:Kafka,pattern:Async,bp:Yield Result to Quality,error:NA,message:NA,root:NA}
WHEN=2026/09/10 03:52:19||TXN=EVT-0003220||FLOW=IF_MESPE_ORSC_001||SRCAPP=PE||DST=ORACLE_SCM||OUT=S||DUR=2442||SID=SESS-B195C7935E||RID=REQ-3E692C2D7058||CONTEXT={middleware:Kafka,pattern:Async,bp:Production Completion to Supply,error:NA,message:NA,root:NA}
WHEN=2026/09/15 22:14:33||TXN=EVT-0003224||FLOW=IF_MESPE_SAPPP_001||SRCAPP=PE||DST=SAP_ERP||OUT=S||DUR=1021||SID=SESS-F629812003||RID=REQ-D7B4679E0679||CONTEXT={middleware:Kafka,pattern:Async,bp:Production Completion to ERP,error:NA,message:NA,root:NA}
WHEN=2026/09/10 22:22:23||TXN=EVT-0003230||FLOW=IF_MESPE_ORSC_001||SRCAPP=PE||DST=ORACLE_SCM||OUT=S||DUR=1798||SID=SESS-288161202B||RID=REQ-BE1D10EC5C53||CONTEXT={middleware:Kafka,pattern:Async,bp:Production Completion to Supply,error:NA,message:NA,root:NA}
WHEN=2026/09/15 14:15:05||TXN=EVT-0003239||FLOW=IF_MESYM_SAPQM_001||SRCAPP=YM||DST=SAP_ERP||OUT=S||DUR=1346||SID=SESS-DCD83EC1E7||RID=REQ-E16386B0CB18||CONTEXT={middleware:Kafka,pattern:Async,bp:Yield Result to Quality,error:NA,message:NA,root:NA}
WHEN=2026/09/13 02:11:54||TXN=EVT-0003245||FLOW=IF_MESPE_SAPPP_001||SRCAPP=PE||DST=SAP_ERP||OUT=S||DUR=492||SID=SESS-B32AEBB3C3||RID=REQ-632AF3C3F1B0||CONTEXT={middleware:Kafka,pattern:Async,bp:Production Completion to ERP,error:NA,message:NA,root:NA}
WHEN=2026/09/13 21:54:56||TXN=EVT-0003247||FLOW=IF_MESPE_SAPPP_001||SRCAPP=PE||DST=SAP_ERP||OUT=S||DUR=525||SID=SESS-C52E6EBBCB||RID=REQ-473A1B14FC02||CONTEXT={middleware:Kafka,pattern:Async,bp:Production Completion to ERP,error:NA,message:NA,root:NA}
WHEN=2026/09/13 11:28:00||TXN=EVT-0003249||FLOW=IF_MESPE_ORSC_001||SRCAPP=PE||DST=ORACLE_SCM||OUT=S||DUR=2314||SID=SESS-02C91D6B4E||RID=REQ-7CD3FBA157E4||CONTEXT={middleware:Kafka,pattern:Async,bp:Production Completion to Supply,error:NA,message:NA,root:NA}
WHEN=2026/09/14 12:41:00||TXN=EVT-0003251||FLOW=IF_MESYM_SAPQM_001||SRCAPP=YM||DST=SAP_ERP||OUT=S||DUR=1868||SID=SESS-EB8BB9C649||RID=REQ-56B1F6B6FB28||CONTEXT={middleware:Kafka,pattern:Async,bp:Yield Result to Quality,error:NA,message:NA,root:NA}
WHEN=2026/09/16 23:33:04||TXN=EVT-0003260||FLOW=IF_MESYM_SAPQM_001||SRCAPP=YM||DST=SAP_ERP||OUT=F||DUR=8993||SID=SESS-66E7674D73||RID=REQ-0D12AA6BE936||CONTEXT={middleware:Kafka,pattern:Async,bp:Yield Result to Quality,error:AUTHZ_403,message:Caller is not authorized,root:Authorization}
WHEN=2026/09/14 05:57:39||TXN=EVT-0003281||FLOW=IF_MESPE_ORSC_001||SRCAPP=PE||DST=ORACLE_SCM||OUT=S||DUR=2368||SID=SESS-A84B3C6956||RID=REQ-9D9B87B636E5||CONTEXT={middleware:Kafka,pattern:Async,bp:Production Completion to Supply,error:NA,message:NA,root:NA}
WHEN=2026/09/15 17:26:49||TXN=EVT-0003283||FLOW=IF_MESPC_PLMPD_001||SRCAPP=PC||DST=PLM||OUT=S||DUR=8234||SID=SESS-784F7D8C9F||RID=REQ-176003829EFE||CONTEXT={middleware:REST_API,pattern:REST,bp:Process Parameter Feedback to Product,error:NA,message:NA,root:NA}
WHEN=2026/09/16 19:57:58||TXN=EVT-0003301||FLOW=IF_MESPE_SAPPP_001||SRCAPP=PE||DST=SAP_ERP||OUT=F||DUR=7372||SID=SESS-5DB36D5167||RID=REQ-0A330A3A48B7||CONTEXT={middleware:Kafka,pattern:Async,bp:Production Completion to ERP,error:INFRA_008,message:Runtime node unavailable,root:Infrastructure}
WHEN=2026/09/13 03:38:00||TXN=EVT-0003302||FLOW=IF_MESPE_ORSC_001||SRCAPP=PE||DST=ORACLE_SCM||OUT=S||DUR=2789||SID=SESS-6DAC59FA7B||RID=REQ-548249D891D3||CONTEXT={middleware:Kafka,pattern:Async,bp:Production Completion to Supply,error:NA,message:NA,root:NA}
WHEN=2026/09/12 05:20:37||TXN=EVT-0003334||FLOW=IF_MESYM_SAPQM_001||SRCAPP=YM||DST=SAP_ERP||OUT=S||DUR=1572||SID=SESS-88E4DC25C2||RID=REQ-EDEDEE49DCFE||CONTEXT={middleware:Kafka,pattern:Async,bp:Yield Result to Quality,error:NA,message:NA,root:NA}
WHEN=2026/09/15 15:31:19||TXN=EVT-0003338||FLOW=IF_MESPE_ORSC_001||SRCAPP=PE||DST=ORACLE_SCM||OUT=S||DUR=2789||SID=SESS-226108C98A||RID=REQ-F2A48B5C0015||CONTEXT={middleware:Kafka,pattern:Async,bp:Production Completion to Supply,error:NA,message:NA,root:NA}
WHEN=2026/09/16 00:27:29||TXN=EVT-0003354||FLOW=IF_MESPE_ORSC_001||SRCAPP=PE||DST=ORACLE_SCM||OUT=S||DUR=2414||SID=SESS-7F5B0046A5||RID=REQ-52900402DA9B||CONTEXT={middleware:Kafka,pattern:Async,bp:Production Completion to Supply,error:NA,message:NA,root:NA}
WHEN=2026/09/14 16:13:30||TXN=EVT-0003357||FLOW=IF_MESPE_ORSC_001||SRCAPP=PE||DST=ORACLE_SCM||OUT=S||DUR=2556||SID=SESS-D1902E2A60||RID=REQ-E15F2920909A||CONTEXT={middleware:Kafka,pattern:Async,bp:Production Completion to Supply,error:NA,message:NA,root:NA}
WHEN=2026/09/16 03:49:23||TXN=EVT-0003359||FLOW=IF_MESYM_SAPQM_001||SRCAPP=YM||DST=SAP_ERP||OUT=R||DUR=4078||SID=SESS-5A89A5B562||RID=REQ-33604F5DB5A9||CONTEXT={middleware:Kafka,pattern:Async,bp:Yield Result to Quality,error:TIME_004,message:Downstream response exceeded SLA,root:Timeout}
WHEN=2026/09/11 17:35:59||TXN=EVT-0003360||FLOW=IF_MESPE_ORSC_001||SRCAPP=PE||DST=ORACLE_SCM||OUT=S||DUR=2408||SID=SESS-E272B8DD7C||RID=REQ-C1CC0DFEF1AE||CONTEXT={middleware:Kafka,pattern:Async,bp:Production Completion to Supply,error:NA,message:NA,root:NA}
WHEN=2026/09/14 22:20:07||TXN=EVT-0003361||FLOW=IF_MESPC_PLMPD_001||SRCAPP=PC||DST=PLM||OUT=S||DUR=3276||SID=SESS-5213488C79||RID=REQ-33C0DE459A2E||CONTEXT={middleware:REST_API,pattern:REST,bp:Process Parameter Feedback to Product,error:NA,message:NA,root:NA}
WHEN=2026/09/14 23:07:37||TXN=EVT-0003387||FLOW=IF_MESPE_SAPPP_001||SRCAPP=PE||DST=SAP_ERP||OUT=S||DUR=757||SID=SESS-F27C50E785||RID=REQ-F0D29C5A6F12||CONTEXT={middleware:Kafka,pattern:Async,bp:Production Completion to ERP,error:NA,message:NA,root:NA}
WHEN=2026/09/15 13:41:26||TXN=EVT-0003391||FLOW=IF_MESPE_SAPPP_001||SRCAPP=PE||DST=SAP_ERP||OUT=S||DUR=743||SID=SESS-3F6D352B54||RID=REQ-5D44269B0194||CONTEXT={middleware:Kafka,pattern:Async,bp:Production Completion to ERP,error:NA,message:NA,root:NA}
WHEN=2026/09/14 21:56:41||TXN=EVT-0003392||FLOW=IF_MESPE_ORSC_001||SRCAPP=PE||DST=ORACLE_SCM||OUT=S||DUR=2609||SID=SESS-0E854F512B||RID=REQ-3DEC0169479C||CONTEXT={middleware:Kafka,pattern:Async,bp:Production Completion to Supply,error:NA,message:NA,root:NA}
WHEN=2026/09/12 06:15:35||TXN=EVT-0003396||FLOW=IF_MESPE_SAPPP_001||SRCAPP=PE||DST=SAP_ERP||OUT=S||DUR=1005||SID=SESS-EF44446635||RID=REQ-C8C536CD723F||CONTEXT={middleware:Kafka,pattern:Async,bp:Production Completion to ERP,error:NA,message:NA,root:NA}
WHEN=2026/09/14 00:04:07||TXN=EVT-0003399||FLOW=IF_MESPE_ORSC_001||SRCAPP=PE||DST=ORACLE_SCM||OUT=S||DUR=2390||SID=SESS-A063AB5AB0||RID=REQ-D4AF81E044E6||CONTEXT={middleware:Kafka,pattern:Async,bp:Production Completion to Supply,error:NA,message:NA,root:NA}
WHEN=2026/09/10 02:15:21||TXN=EVT-0003407||FLOW=IF_MESYM_SAPQM_001||SRCAPP=YM||DST=SAP_ERP||OUT=R||DUR=2907||SID=SESS-CE9C8F5969||RID=REQ-7C5739EC85D3||CONTEXT={middleware:Kafka,pattern:Async,bp:Yield Result to Quality,error:AUTHZ_403,message:Caller is not authorized,root:Authorization}
WHEN=2026/09/14 21:37:31||TXN=EVT-0003426||FLOW=IF_MESPE_ORSC_001||SRCAPP=PE||DST=ORACLE_SCM||OUT=S||DUR=1879||SID=SESS-5492843223||RID=REQ-C520FFB3B7B4||CONTEXT={middleware:Kafka,pattern:Async,bp:Production Completion to Supply,error:NA,message:NA,root:NA}
WHEN=2026/09/10 14:24:12||TXN=EVT-0003432||FLOW=IF_MESPE_SAPPP_001||SRCAPP=PE||DST=SAP_ERP||OUT=S||DUR=1066||SID=SESS-1C59FFEE26||RID=REQ-B9D909DEA79E||CONTEXT={middleware:Kafka,pattern:Async,bp:Production Completion to ERP,error:NA,message:NA,root:NA}
WHEN=2026/09/10 23:11:46||TXN=EVT-0003446||FLOW=IF_MESPE_ORSC_001||SRCAPP=PE||DST=ORACLE_SCM||OUT=S||DUR=2624||SID=SESS-57AA1E379F||RID=REQ-410E64D17A87||CONTEXT={middleware:Kafka,pattern:Async,bp:Production Completion to Supply,error:NA,message:NA,root:NA}
WHEN=2026/09/12 09:00:52||TXN=EVT-0003447||FLOW=IF_MESPE_ORSC_001||SRCAPP=PE||DST=ORACLE_SCM||OUT=S||DUR=2700||SID=SESS-8B5CA2E7B7||RID=REQ-976578ED7644||CONTEXT={middleware:Kafka,pattern:Async,bp:Production Completion to Supply,error:NA,message:NA,root:NA}
WHEN=2026/09/15 23:08:09||TXN=EVT-0003449||FLOW=IF_MESPE_SAPPP_001||SRCAPP=PE||DST=SAP_ERP||OUT=F||DUR=2399||SID=SESS-4B579E7208||RID=REQ-45B31AA7DECE||CONTEXT={middleware:Kafka,pattern:Async,bp:Production Completion to ERP,error:EXT_502,message:Downstream service returned 502,root:External Service}
WHEN=2026/09/10 00:55:30||TXN=EVT-0003457||FLOW=IF_MESPE_SAPPP_001||SRCAPP=PE||DST=SAP_ERP||OUT=S||DUR=732||SID=SESS-AB4A597D1A||RID=REQ-CBC618F81F39||CONTEXT={middleware:Kafka,pattern:Async,bp:Production Completion to ERP,error:NA,message:NA,root:NA}
WHEN=2026/09/13 00:53:16||TXN=EVT-0003458||FLOW=IF_MESPE_SAPPP_001||SRCAPP=PE||DST=SAP_ERP||OUT=S||DUR=857||SID=SESS-78CF32D3DA||RID=REQ-C2ECDF60D5B4||CONTEXT={middleware:Kafka,pattern:Async,bp:Production Completion to ERP,error:NA,message:NA,root:NA}
WHEN=2026/09/14 01:42:46||TXN=EVT-0003461||FLOW=IF_MESPE_ORSC_001||SRCAPP=PE||DST=ORACLE_SCM||OUT=R||DUR=6177||SID=SESS-CD890E3449||RID=REQ-DB3FCD06D49D||CONTEXT={middleware:Kafka,pattern:Async,bp:Production Completion to Supply,error:AUTH_401,message:Service credential rejected,root:Authentication}
WHEN=2026/09/15 12:48:05||TXN=EVT-0003489||FLOW=IF_MESPE_SAPPP_001||SRCAPP=PE||DST=SAP_ERP||OUT=R||DUR=2772||SID=SESS-9137C6612E||RID=REQ-0FCCBC3B9779||CONTEXT={middleware:Kafka,pattern:Async,bp:Production Completion to ERP,error:AUTHZ_403,message:Caller is not authorized,root:Authorization}
WHEN=2026/09/15 23:27:09||TXN=EVT-0003508||FLOW=IF_MESPC_PLMPD_001||SRCAPP=PC||DST=PLM||OUT=S||DUR=7762||SID=SESS-4509E141CF||RID=REQ-275EFD69DD11||CONTEXT={middleware:REST_API,pattern:REST,bp:Process Parameter Feedback to Product,error:NA,message:NA,root:NA}
WHEN=2026/09/13 06:58:10||TXN=EVT-0003511||FLOW=IF_MESPE_SAPPP_001||SRCAPP=PE||DST=SAP_ERP||OUT=S||DUR=1028||SID=SESS-575E17E67D||RID=REQ-43F6828CAAFD||CONTEXT={middleware:Kafka,pattern:Async,bp:Production Completion to ERP,error:NA,message:NA,root:NA}
WHEN=2026/09/10 04:14:49||TXN=EVT-0003512||FLOW=IF_MESYM_SAPQM_001||SRCAPP=YM||DST=SAP_ERP||OUT=S||DUR=1098||SID=SESS-A236118691||RID=REQ-92B1FE113974||CONTEXT={middleware:Kafka,pattern:Async,bp:Yield Result to Quality,error:NA,message:NA,root:NA}
WHEN=2026/09/14 22:53:09||TXN=EVT-0003515||FLOW=IF_MESPE_ORSC_001||SRCAPP=PE||DST=ORACLE_SCM||OUT=S||DUR=2882||SID=SESS-B3E4C0E4B5||RID=REQ-BA4F5E88209F||CONTEXT={middleware:Kafka,pattern:Async,bp:Production Completion to Supply,error:NA,message:NA,root:NA}
WHEN=2026/09/14 19:16:58||TXN=EVT-0003516||FLOW=IF_MESPC_PLMPD_001||SRCAPP=PC||DST=PLM||OUT=S||DUR=6132||SID=SESS-2DD0A83BE7||RID=REQ-4E23ABDA4C5B||CONTEXT={middleware:REST_API,pattern:REST,bp:Process Parameter Feedback to Product,error:NA,message:NA,root:NA}
WHEN=2026/09/15 08:34:09||TXN=EVT-0003536||FLOW=IF_MESPE_ORSC_001||SRCAPP=PE||DST=ORACLE_SCM||OUT=S||DUR=1935||SID=SESS-5564C96EEA||RID=REQ-067C094BD3B2||CONTEXT={middleware:Kafka,pattern:Async,bp:Production Completion to Supply,error:NA,message:NA,root:NA}
WHEN=2026/09/10 18:27:06||TXN=EVT-0003550||FLOW=IF_MESYM_SAPQM_001||SRCAPP=YM||DST=SAP_ERP||OUT=S||DUR=1613||SID=SESS-83BDEC64EB||RID=REQ-5B20AD8FF64C||CONTEXT={middleware:Kafka,pattern:Async,bp:Yield Result to Quality,error:NA,message:NA,root:NA}
WHEN=2026/09/14 14:09:22||TXN=EVT-0003553||FLOW=IF_MESYM_SAPQM_001||SRCAPP=YM||DST=SAP_ERP||OUT=S||DUR=1733||SID=SESS-4324020FC2||RID=REQ-5AFEAC607A49||CONTEXT={middleware:Kafka,pattern:Async,bp:Yield Result to Quality,error:NA,message:NA,root:NA}
WHEN=2026/09/16 22:01:04||TXN=EVT-0003560||FLOW=IF_MESPE_SAPPP_001||SRCAPP=PE||DST=SAP_ERP||OUT=S||DUR=690||SID=SESS-E8691893F6||RID=REQ-8D5582B3A7DA||CONTEXT={middleware:Kafka,pattern:Async,bp:Production Completion to ERP,error:NA,message:NA,root:NA}
WHEN=2026/09/11 06:37:44||TXN=EVT-0003561||FLOW=IF_MESPC_PLMPD_001||SRCAPP=PC||DST=PLM||OUT=F||DUR=40251||SID=SESS-A4C5F5AB14||RID=REQ-9D83C8049930||CONTEXT={middleware:REST_API,pattern:REST,bp:Process Parameter Feedback to Product,error:VAL_400,message:Required business field failed validation,root:Validation}
WHEN=2026/09/12 02:21:16||TXN=EVT-0003565||FLOW=IF_MESPC_PLMPD_001||SRCAPP=PC||DST=PLM||OUT=S||DUR=5340||SID=SESS-CE49D4F1D8||RID=REQ-5B04B28F59B4||CONTEXT={middleware:REST_API,pattern:REST,bp:Process Parameter Feedback to Product,error:NA,message:NA,root:NA}
WHEN=2026/09/16 21:14:38||TXN=EVT-0003586||FLOW=IF_MESYM_SAPQM_001||SRCAPP=YM||DST=SAP_ERP||OUT=S||DUR=1675||SID=SESS-2A6ABDB6E2||RID=REQ-E1138969D530||CONTEXT={middleware:Kafka,pattern:Async,bp:Yield Result to Quality,error:NA,message:NA,root:NA}
WHEN=2026/09/16 11:04:41||TXN=EVT-0003594||FLOW=IF_MESYM_SAPQM_001||SRCAPP=YM||DST=SAP_ERP||OUT=S||DUR=1400||SID=SESS-8FC8223666||RID=REQ-BC8BD33C0B2D||CONTEXT={middleware:Kafka,pattern:Async,bp:Yield Result to Quality,error:NA,message:NA,root:NA}
WHEN=2026/09/16 00:00:38||TXN=EVT-0003595||FLOW=IF_MESYM_SAPQM_001||SRCAPP=YM||DST=SAP_ERP||OUT=S||DUR=1235||SID=SESS-FAB0BC816B||RID=REQ-7271E77BBD97||CONTEXT={middleware:Kafka,pattern:Async,bp:Yield Result to Quality,error:NA,message:NA,root:NA}
WHEN=2026/09/13 13:37:23||TXN=EVT-0003606||FLOW=IF_MESPE_ORSC_001||SRCAPP=PE||DST=ORACLE_SCM||OUT=F||DUR=18701||SID=SESS-C37F2824C4||RID=REQ-13A3A141AFE2||CONTEXT={middleware:Kafka,pattern:Async,bp:Production Completion to Supply,error:CAP_003,message:Downstream service is at capacity,root:Capacity}
WHEN=2026/09/10 23:59:01||TXN=EVT-0003609||FLOW=IF_MESYM_SAPQM_001||SRCAPP=YM||DST=SAP_ERP||OUT=S||DUR=1676||SID=SESS-890711092D||RID=REQ-B19B9757E3CA||CONTEXT={middleware:Kafka,pattern:Async,bp:Yield Result to Quality,error:NA,message:NA,root:NA}
WHEN=2026/09/14 15:47:13||TXN=EVT-0003615||FLOW=IF_MESPE_ORSC_001||SRCAPP=PE||DST=ORACLE_SCM||OUT=S||DUR=2736||SID=SESS-C1D4D0A425||RID=REQ-1711F1C4EFE4||CONTEXT={middleware:Kafka,pattern:Async,bp:Production Completion to Supply,error:NA,message:NA,root:NA}
WHEN=2026/09/12 14:05:22||TXN=EVT-0003617||FLOW=IF_MESPE_SAPPP_001||SRCAPP=PE||DST=SAP_ERP||OUT=S||DUR=706||SID=SESS-CA58192E61||RID=REQ-CA4CF1858FC6||CONTEXT={middleware:Kafka,pattern:Async,bp:Production Completion to ERP,error:NA,message:NA,root:NA}
WHEN=2026/09/11 06:27:15||TXN=EVT-0003624||FLOW=IF_MESPE_SAPPP_001||SRCAPP=PE||DST=SAP_ERP||OUT=S||DUR=1022||SID=SESS-F9CD834C55||RID=REQ-6C5F35260737||CONTEXT={middleware:Kafka,pattern:Async,bp:Production Completion to ERP,error:NA,message:NA,root:NA}
WHEN=2026/09/16 11:55:25||TXN=EVT-0003629||FLOW=IF_MESPE_ORSC_001||SRCAPP=PE||DST=ORACLE_SCM||OUT=S||DUR=1552||SID=SESS-12CF026A30||RID=REQ-456C758A1AFF||CONTEXT={middleware:Kafka,pattern:Async,bp:Production Completion to Supply,error:NA,message:NA,root:NA}
WHEN=2026/09/11 17:17:53||TXN=EVT-0003635||FLOW=IF_MESPE_SAPPP_001||SRCAPP=PE||DST=SAP_ERP||OUT=S||DUR=625||SID=SESS-4DC71418AE||RID=REQ-CD4C8A858CD0||CONTEXT={middleware:Kafka,pattern:Async,bp:Production Completion to ERP,error:NA,message:NA,root:NA}
WHEN=2026/09/10 22:21:29||TXN=EVT-0003639||FLOW=IF_MESPE_SAPPP_001||SRCAPP=PE||DST=SAP_ERP||OUT=S||DUR=1018||SID=SESS-E46FC8236B||RID=REQ-08E9919112D2||CONTEXT={middleware:Kafka,pattern:Async,bp:Production Completion to ERP,error:NA,message:NA,root:NA}
WHEN=2026/09/13 10:46:27||TXN=EVT-0003642||FLOW=IF_MESPE_SAPPP_001||SRCAPP=PE||DST=SAP_ERP||OUT=S||DUR=833||SID=SESS-1A5D61A0B5||RID=REQ-968DB7B538A9||CONTEXT={middleware:Kafka,pattern:Async,bp:Production Completion to ERP,error:NA,message:NA,root:NA}
WHEN=2026/09/15 13:06:59||TXN=EVT-0003645||FLOW=IF_MESPE_SAPPP_001||SRCAPP=PE||DST=SAP_ERP||OUT=S||DUR=994||SID=SESS-4DE8CE3561||RID=REQ-600AC22EF81C||CONTEXT={middleware:Kafka,pattern:Async,bp:Production Completion to ERP,error:NA,message:NA,root:NA}
WHEN=2026/09/11 06:21:33||TXN=EVT-0003649||FLOW=IF_MESPC_PLMPD_001||SRCAPP=PC||DST=PLM||OUT=S||DUR=9188||SID=SESS-6D3020EDDD||RID=REQ-5A93B52ED343||CONTEXT={middleware:REST_API,pattern:REST,bp:Process Parameter Feedback to Product,error:NA,message:NA,root:NA}
WHEN=2026/09/11 08:16:06||TXN=EVT-0003665||FLOW=IF_MESPE_ORSC_001||SRCAPP=PE||DST=ORACLE_SCM||OUT=S||DUR=3164||SID=SESS-E184D4FCF6||RID=REQ-EC72967D356F||CONTEXT={middleware:Kafka,pattern:Async,bp:Production Completion to Supply,error:NA,message:NA,root:NA}
WHEN=2026/09/14 22:08:32||TXN=EVT-0003667||FLOW=IF_MESPC_PLMPD_001||SRCAPP=PC||DST=PLM||OUT=F||DUR=9077||SID=SESS-E64A1C1D02||RID=REQ-0339C3043E4B||CONTEXT={middleware:REST_API,pattern:REST,bp:Process Parameter Feedback to Product,error:CFG_017,message:Interface configuration mismatch,root:Configuration}
WHEN=2026/09/12 15:49:35||TXN=EVT-0003671||FLOW=IF_MESPC_PLMPD_001||SRCAPP=PC||DST=PLM||OUT=S||DUR=8206||SID=SESS-3DA95F1AF5||RID=REQ-6BA10B2D0228||CONTEXT={middleware:REST_API,pattern:REST,bp:Process Parameter Feedback to Product,error:NA,message:NA,root:NA}
WHEN=2026/09/11 21:24:00||TXN=EVT-0003693||FLOW=IF_MESYM_SAPQM_001||SRCAPP=YM||DST=SAP_ERP||OUT=S||DUR=1557||SID=SESS-547C9DFDC1||RID=REQ-2E63D6B18B3B||CONTEXT={middleware:Kafka,pattern:Async,bp:Yield Result to Quality,error:NA,message:NA,root:NA}
WHEN=2026/09/12 07:14:38||TXN=EVT-0003710||FLOW=IF_MESYM_SAPQM_001||SRCAPP=YM||DST=SAP_ERP||OUT=S||DUR=1430||SID=SESS-163C637F44||RID=REQ-62E8ED101D27||CONTEXT={middleware:Kafka,pattern:Async,bp:Yield Result to Quality,error:NA,message:NA,root:NA}
WHEN=2026/09/11 08:01:42||TXN=EVT-0003713||FLOW=IF_MESYM_SAPQM_001||SRCAPP=YM||DST=SAP_ERP||OUT=S||DUR=1339||SID=SESS-BE84CFA8CB||RID=REQ-86DB45B4E8DF||CONTEXT={middleware:Kafka,pattern:Async,bp:Yield Result to Quality,error:NA,message:NA,root:NA}
WHEN=2026/09/11 21:18:18||TXN=EVT-0003720||FLOW=IF_MESPE_ORSC_001||SRCAPP=PE||DST=ORACLE_SCM||OUT=R||DUR=7374||SID=SESS-8B7A9579F3||RID=REQ-2645B987F300||CONTEXT={middleware:Kafka,pattern:Async,bp:Production Completion to Supply,error:CAP_003,message:Downstream service is at capacity,root:Capacity}
WHEN=2026/09/15 11:48:05||TXN=EVT-0003721||FLOW=IF_MESPE_SAPPP_001||SRCAPP=PE||DST=SAP_ERP||OUT=S||DUR=954||SID=SESS-8AFEDA4222||RID=REQ-B43F81E9E733||CONTEXT={middleware:Kafka,pattern:Async,bp:Production Completion to ERP,error:NA,message:NA,root:NA}
WHEN=2026/09/15 20:44:01||TXN=EVT-0003725||FLOW=IF_MESPE_SAPPP_001||SRCAPP=PE||DST=SAP_ERP||OUT=S||DUR=948||SID=SESS-FAABE8ED91||RID=REQ-1B060195ED09||CONTEXT={middleware:Kafka,pattern:Async,bp:Production Completion to ERP,error:NA,message:NA,root:NA}
WHEN=2026/09/13 06:39:07||TXN=EVT-0003726||FLOW=IF_MESPE_ORSC_001||SRCAPP=PE||DST=ORACLE_SCM||OUT=S||DUR=2009||SID=SESS-EC01AB0CE5||RID=REQ-E59F9B4C519A||CONTEXT={middleware:Kafka,pattern:Async,bp:Production Completion to Supply,error:NA,message:NA,root:NA}
WHEN=2026/09/15 01:46:26||TXN=EVT-0003730||FLOW=IF_MESPC_PLMPD_001||SRCAPP=PC||DST=PLM||OUT=S||DUR=7255||SID=SESS-9BEB2AD197||RID=REQ-B422C1B30921||CONTEXT={middleware:REST_API,pattern:REST,bp:Process Parameter Feedback to Product,error:NA,message:NA,root:NA}
WHEN=2026/09/15 00:27:26||TXN=EVT-0003735||FLOW=IF_MESPE_SAPPP_001||SRCAPP=PE||DST=SAP_ERP||OUT=S||DUR=744||SID=SESS-20E1129FD5||RID=REQ-1B47F2D38524||CONTEXT={middleware:Kafka,pattern:Async,bp:Production Completion to ERP,error:NA,message:NA,root:NA}
WHEN=2026/09/14 12:08:39||TXN=EVT-0003737||FLOW=IF_MESPE_SAPPP_001||SRCAPP=PE||DST=SAP_ERP||OUT=R||DUR=3047||SID=SESS-AF20959938||RID=REQ-1F7E1F8256E8||CONTEXT={middleware:Kafka,pattern:Async,bp:Production Completion to ERP,error:AUTH_401,message:Service credential rejected,root:Authentication}
WHEN=2026/09/10 20:22:56||TXN=EVT-0003746||FLOW=IF_MESPC_PLMPD_001||SRCAPP=PC||DST=PLM||OUT=S||DUR=5541||SID=SESS-B99AA52DA6||RID=REQ-42F7C621C6EA||CONTEXT={middleware:REST_API,pattern:REST,bp:Process Parameter Feedback to Product,error:NA,message:NA,root:NA}
WHEN=2026/09/16 13:34:00||TXN=EVT-0003751||FLOW=IF_MESPE_SAPPP_001||SRCAPP=PE||DST=SAP_ERP||OUT=S||DUR=985||SID=SESS-8F60F1C37A||RID=REQ-329B07391A02||CONTEXT={middleware:Kafka,pattern:Async,bp:Production Completion to ERP,error:NA,message:NA,root:NA}
WHEN=2026/09/15 18:38:38||TXN=EVT-0003761||FLOW=IF_MESPE_SAPPP_001||SRCAPP=PE||DST=SAP_ERP||OUT=R||DUR=1414||SID=SESS-DC8A9B9D25||RID=REQ-64E757AE16A3||CONTEXT={middleware:Kafka,pattern:Async,bp:Production Completion to ERP,error:INFRA_008,message:Runtime node unavailable,root:Infrastructure}
WHEN=2026/09/16 01:47:26||TXN=EVT-0003767||FLOW=IF_MESYM_SAPQM_001||SRCAPP=YM||DST=SAP_ERP||OUT=S||DUR=1101||SID=SESS-FA46ADF1C9||RID=REQ-746C064AB327||CONTEXT={middleware:Kafka,pattern:Async,bp:Yield Result to Quality,error:NA,message:NA,root:NA}
WHEN=2026/09/12 04:12:52||TXN=EVT-0003772||FLOW=IF_MESPC_PLMPD_001||SRCAPP=PC||DST=PLM||OUT=S||DUR=7654||SID=SESS-1209DE7BC9||RID=REQ-5BF47180776A||CONTEXT={middleware:REST_API,pattern:REST,bp:Process Parameter Feedback to Product,error:NA,message:NA,root:NA}
WHEN=2026/09/15 13:57:50||TXN=EVT-0003774||FLOW=IF_MESPE_SAPPP_001||SRCAPP=PE||DST=SAP_ERP||OUT=S||DUR=960||SID=SESS-1022603707||RID=REQ-7410048E4296||CONTEXT={middleware:Kafka,pattern:Async,bp:Production Completion to ERP,error:NA,message:NA,root:NA}
WHEN=2026/09/12 19:41:11||TXN=EVT-0003778||FLOW=IF_MESYM_SAPQM_001||SRCAPP=YM||DST=SAP_ERP||OUT=R||DUR=5369||SID=SESS-811F7D2E41||RID=REQ-E99C7684F5B5||CONTEXT={middleware:Kafka,pattern:Async,bp:Yield Result to Quality,error:INFRA_008,message:Runtime node unavailable,root:Infrastructure}
WHEN=2026/09/15 01:07:44||TXN=EVT-0003781||FLOW=IF_MESPE_ORSC_001||SRCAPP=PE||DST=ORACLE_SCM||OUT=S||DUR=2601||SID=SESS-B2EAEBA316||RID=REQ-9E4AA230CBE7||CONTEXT={middleware:Kafka,pattern:Async,bp:Production Completion to Supply,error:NA,message:NA,root:NA}
WHEN=2026/09/16 17:46:10||TXN=EVT-0003787||FLOW=IF_MESYM_SAPQM_001||SRCAPP=YM||DST=SAP_ERP||OUT=S||DUR=1164||SID=SESS-1780F3800C||RID=REQ-5A2265972B40||CONTEXT={middleware:Kafka,pattern:Async,bp:Yield Result to Quality,error:NA,message:NA,root:NA}
WHEN=2026/09/16 22:27:14||TXN=EVT-0003791||FLOW=IF_MESYM_SAPQM_001||SRCAPP=YM||DST=SAP_ERP||OUT=R||DUR=4109||SID=SESS-6CF4667D59||RID=REQ-39BA2D6B491C||CONTEXT={middleware:Kafka,pattern:Async,bp:Yield Result to Quality,error:INFRA_008,message:Runtime node unavailable,root:Infrastructure}
WHEN=2026/09/14 22:40:07||TXN=EVT-0003798||FLOW=IF_MESPE_SAPPP_001||SRCAPP=PE||DST=SAP_ERP||OUT=R||DUR=3548||SID=SESS-56D1100578||RID=REQ-EBC0A705974B||CONTEXT={middleware:Kafka,pattern:Async,bp:Production Completion to ERP,error:TIME_004,message:Downstream response exceeded SLA,root:Timeout}
WHEN=2026/09/16 03:02:14||TXN=EVT-0003799||FLOW=IF_MESPE_ORSC_001||SRCAPP=PE||DST=ORACLE_SCM||OUT=R||DUR=6188||SID=SESS-9579C7E373||RID=REQ-B87C3B2425A0||CONTEXT={middleware:Kafka,pattern:Async,bp:Production Completion to Supply,error:NET_CONN_003,message:Connection reset by peer,root:Network}
WHEN=2026/09/10 12:18:07||TXN=EVT-0003800||FLOW=IF_MESPC_PLMPD_001||SRCAPP=PC||DST=PLM||OUT=S||DUR=6476||SID=SESS-43A901CECF||RID=REQ-8B0B982C572D||CONTEXT={middleware:REST_API,pattern:REST,bp:Process Parameter Feedback to Product,error:NA,message:NA,root:NA}
WHEN=2026/09/15 21:42:32||TXN=EVT-0003838||FLOW=IF_MESPC_PLMPD_001||SRCAPP=PC||DST=PLM||OUT=S||DUR=7456||SID=SESS-5BD6618339||RID=REQ-BD1BB0CEBCF9||CONTEXT={middleware:REST_API,pattern:REST,bp:Process Parameter Feedback to Product,error:NA,message:NA,root:NA}
WHEN=2026/09/10 11:33:34||TXN=EVT-0003841||FLOW=IF_MESPC_PLMPD_001||SRCAPP=PC||DST=PLM||OUT=S||DUR=4086||SID=SESS-9280969898||RID=REQ-03517A8729D1||CONTEXT={middleware:REST_API,pattern:REST,bp:Process Parameter Feedback to Product,error:NA,message:NA,root:NA}
WHEN=2026/09/11 08:17:33||TXN=EVT-0003850||FLOW=IF_MESPE_ORSC_001||SRCAPP=PE||DST=ORACLE_SCM||OUT=S||DUR=1694||SID=SESS-D5283349CA||RID=REQ-04E3556F7E74||CONTEXT={middleware:Kafka,pattern:Async,bp:Production Completion to Supply,error:NA,message:NA,root:NA}
WHEN=2026/09/16 09:09:55||TXN=EVT-0003852||FLOW=IF_MESPE_SAPPP_001||SRCAPP=PE||DST=SAP_ERP||OUT=R||DUR=2483||SID=SESS-A18FAAC5E7||RID=REQ-B5B4D0E56EC9||CONTEXT={middleware:Kafka,pattern:Async,bp:Production Completion to ERP,error:INFRA_008,message:Runtime node unavailable,root:Infrastructure}
WHEN=2026/09/14 15:12:52||TXN=EVT-0003857||FLOW=IF_MESPC_PLMPD_001||SRCAPP=PC||DST=PLM||OUT=F||DUR=24009||SID=SESS-5A88932814||RID=REQ-38CAF4C3E75E||CONTEXT={middleware:REST_API,pattern:REST,bp:Process Parameter Feedback to Product,error:NET_CONN_003,message:Connection reset by peer,root:Network}
WHEN=2026/09/11 02:01:47||TXN=EVT-0003860||FLOW=IF_MESPE_SAPPP_001||SRCAPP=PE||DST=SAP_ERP||OUT=S||DUR=998||SID=SESS-5441008DD2||RID=REQ-C2389104383B||CONTEXT={middleware:Kafka,pattern:Async,bp:Production Completion to ERP,error:NA,message:NA,root:NA}
WHEN=2026/09/13 15:51:23||TXN=EVT-0003864||FLOW=IF_MESPE_SAPPP_001||SRCAPP=PE||DST=SAP_ERP||OUT=R||DUR=3378||SID=SESS-A18A27081E||RID=REQ-12B7E2A26D9E||CONTEXT={middleware:Kafka,pattern:Async,bp:Production Completion to ERP,error:INFRA_008,message:Runtime node unavailable,root:Infrastructure}
WHEN=2026/09/14 03:19:02||TXN=EVT-0003870||FLOW=IF_MESPE_ORSC_001||SRCAPP=PE||DST=ORACLE_SCM||OUT=S||DUR=1658||SID=SESS-3ABBAA85E9||RID=REQ-A721CFB7FCA4||CONTEXT={middleware:Kafka,pattern:Async,bp:Production Completion to Supply,error:NA,message:NA,root:NA}
WHEN=2026/09/13 09:21:58||TXN=EVT-0003876||FLOW=IF_MESPC_PLMPD_001||SRCAPP=PC||DST=PLM||OUT=S||DUR=8248||SID=SESS-234C168737||RID=REQ-CB4E762D81EB||CONTEXT={middleware:REST_API,pattern:REST,bp:Process Parameter Feedback to Product,error:NA,message:NA,root:NA}
WHEN=2026/09/15 21:00:20||TXN=EVT-0003892||FLOW=IF_MESPE_ORSC_001||SRCAPP=PE||DST=ORACLE_SCM||OUT=S||DUR=2841||SID=SESS-8AF3C4AA87||RID=REQ-D5E82A1E272B||CONTEXT={middleware:Kafka,pattern:Async,bp:Production Completion to Supply,error:NA,message:NA,root:NA}
WHEN=2026/09/15 05:20:32||TXN=EVT-0003922||FLOW=IF_MESYM_SAPQM_001||SRCAPP=YM||DST=SAP_ERP||OUT=S||DUR=1429||SID=SESS-87AE49D3C2||RID=REQ-6C1AD356BB14||CONTEXT={middleware:Kafka,pattern:Async,bp:Yield Result to Quality,error:NA,message:NA,root:NA}
WHEN=2026/09/15 04:58:01||TXN=EVT-0003924||FLOW=IF_MESPE_SAPPP_001||SRCAPP=PE||DST=SAP_ERP||OUT=S||DUR=643||SID=SESS-2AB61166B8||RID=REQ-94313F081B92||CONTEXT={middleware:Kafka,pattern:Async,bp:Production Completion to ERP,error:NA,message:NA,root:NA}
WHEN=2026/09/13 19:38:24||TXN=EVT-0003930||FLOW=IF_MESPC_PLMPD_001||SRCAPP=PC||DST=PLM||OUT=R||DUR=12529||SID=SESS-7087BED571||RID=REQ-0DDC5C98ED26||CONTEXT={middleware:REST_API,pattern:REST,bp:Process Parameter Feedback to Product,error:TIME_004,message:Downstream response exceeded SLA,root:Timeout}
WHEN=2026/09/16 06:03:55||TXN=EVT-0003938||FLOW=IF_MESPC_PLMPD_001||SRCAPP=PC||DST=PLM||OUT=S||DUR=7392||SID=SESS-8AEE919ACE||RID=REQ-6110D2E02B0C||CONTEXT={middleware:REST_API,pattern:REST,bp:Process Parameter Feedback to Product,error:NA,message:NA,root:NA}
WHEN=2026/09/14 03:24:04||TXN=EVT-0003939||FLOW=IF_MESPE_ORSC_001||SRCAPP=PE||DST=ORACLE_SCM||OUT=S||DUR=2822||SID=SESS-1FCCBA383C||RID=REQ-B66F748713DD||CONTEXT={middleware:Kafka,pattern:Async,bp:Production Completion to Supply,error:NA,message:NA,root:NA}
WHEN=2026/09/12 05:03:01||TXN=EVT-0003944||FLOW=IF_MESPE_SAPPP_001||SRCAPP=PE||DST=SAP_ERP||OUT=F||DUR=4753||SID=SESS-A30D01ADE6||RID=REQ-809A7BB35DEE||CONTEXT={middleware:Kafka,pattern:Async,bp:Production Completion to ERP,error:CAP_003,message:Downstream service is at capacity,root:Capacity}
WHEN=2026/09/13 12:08:08||TXN=EVT-0003946||FLOW=IF_MESYM_SAPQM_001||SRCAPP=YM||DST=SAP_ERP||OUT=S||DUR=954||SID=SESS-36E0B2834B||RID=REQ-60E4E8AE35B8||CONTEXT={middleware:Kafka,pattern:Async,bp:Yield Result to Quality,error:NA,message:NA,root:NA}
WHEN=2026/09/16 14:36:11||TXN=EVT-0003949||FLOW=IF_MESPE_ORSC_001||SRCAPP=PE||DST=ORACLE_SCM||OUT=R||DUR=6737||SID=SESS-7BA148E59B||RID=REQ-A8F59AFC5272||CONTEXT={middleware:Kafka,pattern:Async,bp:Production Completion to Supply,error:AUTHZ_403,message:Caller is not authorized,root:Authorization}
WHEN=2026/09/15 05:55:17||TXN=EVT-0003950||FLOW=IF_MESPC_PLMPD_001||SRCAPP=PC||DST=PLM||OUT=S||DUR=6699||SID=SESS-42762E8DFA||RID=REQ-D5332E7ABD64||CONTEXT={middleware:REST_API,pattern:REST,bp:Process Parameter Feedback to Product,error:NA,message:NA,root:NA}
WHEN=2026/09/15 16:57:08||TXN=EVT-0003974||FLOW=IF_MESPE_SAPPP_001||SRCAPP=PE||DST=SAP_ERP||OUT=S||DUR=532||SID=SESS-3F07633A18||RID=REQ-EDE238B8B78E||CONTEXT={middleware:Kafka,pattern:Async,bp:Production Completion to ERP,error:NA,message:NA,root:NA}
WHEN=2026/09/11 01:34:40||TXN=EVT-0003978||FLOW=IF_MESYM_SAPQM_001||SRCAPP=YM||DST=SAP_ERP||OUT=S||DUR=1317||SID=SESS-6C1C1ADA86||RID=REQ-4EBF33767757||CONTEXT={middleware:Kafka,pattern:Async,bp:Yield Result to Quality,error:NA,message:NA,root:NA}
WHEN=2026/09/13 20:03:35||TXN=EVT-0003980||FLOW=IF_MESPE_SAPPP_001||SRCAPP=PE||DST=SAP_ERP||OUT=S||DUR=950||SID=SESS-04295225CE||RID=REQ-0BDDA2BE98EA||CONTEXT={middleware:Kafka,pattern:Async,bp:Production Completion to ERP,error:NA,message:NA,root:NA}
WHEN=2026/09/13 06:48:51||TXN=EVT-0003989||FLOW=IF_MESPC_PLMPD_001||SRCAPP=PC||DST=PLM||OUT=S||DUR=5775||SID=SESS-30BD06EFEF||RID=REQ-E3A53F9EECFD||CONTEXT={middleware:REST_API,pattern:REST,bp:Process Parameter Feedback to Product,error:NA,message:NA,root:NA}
WHEN=2026/09/16 03:57:57||TXN=EVT-0003990||FLOW=IF_MESYM_SAPQM_001||SRCAPP=YM||DST=SAP_ERP||OUT=F||DUR=3998||SID=SESS-A348CC0F30||RID=REQ-CD98A6EF0659||CONTEXT={middleware:Kafka,pattern:Async,bp:Yield Result to Quality,error:CAP_003,message:Downstream service is at capacity,root:Capacity}
WHEN=2026/09/10 10:37:01||TXN=EVT-0003997||FLOW=IF_MESPE_SAPPP_001||SRCAPP=PE||DST=SAP_ERP||OUT=S||DUR=1153||SID=SESS-C0D276AEC4||RID=REQ-325B8F7CC7DA||CONTEXT={middleware:Kafka,pattern:Async,bp:Production Completion to ERP,error:NA,message:NA,root:NA}
WHEN=2026/09/15 19:16:22||TXN=EVT-0004003||FLOW=IF_MESPE_ORSC_001||SRCAPP=PE||DST=ORACLE_SCM||OUT=S||DUR=2098||SID=SESS-7D56772575||RID=REQ-8A3F5E5D4742||CONTEXT={middleware:Kafka,pattern:Async,bp:Production Completion to Supply,error:NA,message:NA,root:NA}
WHEN=2026/09/14 17:19:43||TXN=EVT-0004022||FLOW=IF_MESPC_PLMPD_001||SRCAPP=PC||DST=PLM||OUT=S||DUR=4695||SID=SESS-FE82A8DF28||RID=REQ-3A3E7B749E47||CONTEXT={middleware:REST_API,pattern:REST,bp:Process Parameter Feedback to Product,error:NA,message:NA,root:NA}
WHEN=2026/09/13 13:48:25||TXN=EVT-0004028||FLOW=IF_MESPC_PLMPD_001||SRCAPP=PC||DST=PLM||OUT=S||DUR=7883||SID=SESS-C601660C51||RID=REQ-E468D09831EB||CONTEXT={middleware:REST_API,pattern:REST,bp:Process Parameter Feedback to Product,error:NA,message:NA,root:NA}
WHEN=2026/09/15 15:27:57||TXN=EVT-0004031||FLOW=IF_MESPE_SAPPP_001||SRCAPP=PE||DST=SAP_ERP||OUT=S||DUR=684||SID=SESS-79B6FDE188||RID=REQ-83F5C28C7709||CONTEXT={middleware:Kafka,pattern:Async,bp:Production Completion to ERP,error:NA,message:NA,root:NA}
WHEN=2026/09/12 09:32:21||TXN=EVT-0004035||FLOW=IF_MESPE_ORSC_001||SRCAPP=PE||DST=ORACLE_SCM||OUT=S||DUR=1011||SID=SESS-47C22D9636||RID=REQ-7D174BDFE709||CONTEXT={middleware:Kafka,pattern:Async,bp:Production Completion to Supply,error:NA,message:NA,root:NA}
WHEN=2026/09/16 03:00:06||TXN=EVT-0004044||FLOW=IF_MESYM_SAPQM_001||SRCAPP=YM||DST=SAP_ERP||OUT=S||DUR=2029||SID=SESS-7D1C5860A0||RID=REQ-30CBBFEF79D6||CONTEXT={middleware:Kafka,pattern:Async,bp:Yield Result to Quality,error:NA,message:NA,root:NA}
WHEN=2026/09/12 11:56:22||TXN=EVT-0004059||FLOW=IF_MESPE_ORSC_001||SRCAPP=PE||DST=ORACLE_SCM||OUT=S||DUR=608||SID=SESS-4725C5DC25||RID=REQ-73808E248456||CONTEXT={middleware:Kafka,pattern:Async,bp:Production Completion to Supply,error:NA,message:NA,root:NA}
WHEN=2026/09/15 05:49:49||TXN=EVT-0004078||FLOW=IF_MESPE_ORSC_001||SRCAPP=PE||DST=ORACLE_SCM||OUT=S||DUR=3600||SID=SESS-BA5A965477||RID=REQ-3A56D1B069E9||CONTEXT={middleware:Kafka,pattern:Async,bp:Production Completion to Supply,error:NA,message:NA,root:NA}
WHEN=2026/09/10 14:38:05||TXN=EVT-0004083||FLOW=IF_MESPE_ORSC_001||SRCAPP=PE||DST=ORACLE_SCM||OUT=S||DUR=2229||SID=SESS-FC06615D4B||RID=REQ-EC4092298176||CONTEXT={middleware:Kafka,pattern:Async,bp:Production Completion to Supply,error:NA,message:NA,root:NA}
WHEN=2026/09/16 11:45:32||TXN=EVT-0004087||FLOW=IF_MESPE_SAPPP_001||SRCAPP=PE||DST=SAP_ERP||OUT=S||DUR=1153||SID=SESS-A6F8B16C76||RID=REQ-EE15319BA28E||CONTEXT={middleware:Kafka,pattern:Async,bp:Production Completion to ERP,error:NA,message:NA,root:NA}
WHEN=2026/09/11 18:56:16||TXN=EVT-0004096||FLOW=IF_MESPE_SAPPP_001||SRCAPP=PE||DST=SAP_ERP||OUT=S||DUR=1019||SID=SESS-9075A4179A||RID=REQ-114E6F220C3A||CONTEXT={middleware:Kafka,pattern:Async,bp:Production Completion to ERP,error:NA,message:NA,root:NA}
WHEN=2026/09/11 16:58:41||TXN=EVT-0004102||FLOW=IF_MESPE_SAPPP_001||SRCAPP=PE||DST=SAP_ERP||OUT=F||DUR=5046||SID=SESS-C7C5D470BA||RID=REQ-A56B6188E783||CONTEXT={middleware:Kafka,pattern:Async,bp:Production Completion to ERP,error:AUTH_401,message:Service credential rejected,root:Authentication}
WHEN=2026/09/12 23:46:47||TXN=EVT-0004107||FLOW=IF_MESPE_ORSC_001||SRCAPP=PE||DST=ORACLE_SCM||OUT=S||DUR=1992||SID=SESS-5D9376BFA2||RID=REQ-A5DD39DA6257||CONTEXT={middleware:Kafka,pattern:Async,bp:Production Completion to Supply,error:NA,message:NA,root:NA}
WHEN=2026/09/14 21:41:05||TXN=EVT-0004115||FLOW=IF_MESPE_ORSC_001||SRCAPP=PE||DST=ORACLE_SCM||OUT=S||DUR=2650||SID=SESS-6AF61F54E2||RID=REQ-B1B0DA4D8B71||CONTEXT={middleware:Kafka,pattern:Async,bp:Production Completion to Supply,error:NA,message:NA,root:NA}
WHEN=2026/09/16 09:42:39||TXN=EVT-0004119||FLOW=IF_MESPE_ORSC_001||SRCAPP=PE||DST=ORACLE_SCM||OUT=R||DUR=7891||SID=SESS-10ED54F8E7||RID=REQ-B070AF940C4F||CONTEXT={middleware:Kafka,pattern:Async,bp:Production Completion to Supply,error:AUTHZ_403,message:Caller is not authorized,root:Authorization}
WHEN=2026/09/11 07:00:18||TXN=EVT-0004133||FLOW=IF_MESYM_SAPQM_001||SRCAPP=YM||DST=SAP_ERP||OUT=S||DUR=945||SID=SESS-53BF9990D7||RID=REQ-006A5C0F34FC||CONTEXT={middleware:Kafka,pattern:Async,bp:Yield Result to Quality,error:NA,message:NA,root:NA}
WHEN=2026/09/16 05:14:23||TXN=EVT-0004143||FLOW=IF_MESPC_PLMPD_001||SRCAPP=PC||DST=PLM||OUT=S||DUR=6559||SID=SESS-87406A4743||RID=REQ-6ECBF139B3B2||CONTEXT={middleware:REST_API,pattern:REST,bp:Process Parameter Feedback to Product,error:NA,message:NA,root:NA}
WHEN=2026/09/12 11:44:45||TXN=EVT-0004151||FLOW=IF_MESPC_PLMPD_001||SRCAPP=PC||DST=PLM||OUT=S||DUR=6517||SID=SESS-21E3FC14B8||RID=REQ-4F23F34125AE||CONTEXT={middleware:REST_API,pattern:REST,bp:Process Parameter Feedback to Product,error:NA,message:NA,root:NA}
WHEN=2026/09/16 08:23:03||TXN=EVT-0004160||FLOW=IF_MESPC_PLMPD_001||SRCAPP=PC||DST=PLM||OUT=S||DUR=8701||SID=SESS-7BB0343B6C||RID=REQ-BA6204CF052F||CONTEXT={middleware:REST_API,pattern:REST,bp:Process Parameter Feedback to Product,error:NA,message:NA,root:NA}
WHEN=2026/09/14 21:28:46||TXN=EVT-0004163||FLOW=IF_MESPE_SAPPP_001||SRCAPP=PE||DST=SAP_ERP||OUT=S||DUR=916||SID=SESS-59793343E4||RID=REQ-7E1741CADB18||CONTEXT={middleware:Kafka,pattern:Async,bp:Production Completion to ERP,error:NA,message:NA,root:NA}
WHEN=2026/09/12 12:16:11||TXN=EVT-0004164||FLOW=IF_MESPE_SAPPP_001||SRCAPP=PE||DST=SAP_ERP||OUT=S||DUR=821||SID=SESS-4320AFCA0B||RID=REQ-204D65779807||CONTEXT={middleware:Kafka,pattern:Async,bp:Production Completion to ERP,error:NA,message:NA,root:NA}
WHEN=2026/09/16 19:36:27||TXN=EVT-0004166||FLOW=IF_MESPE_ORSC_001||SRCAPP=PE||DST=ORACLE_SCM||OUT=S||DUR=2309||SID=SESS-9E71B82B8E||RID=REQ-32794046E1E0||CONTEXT={middleware:Kafka,pattern:Async,bp:Production Completion to Supply,error:NA,message:NA,root:NA}
WHEN=2026/09/10 14:41:06||TXN=EVT-0004171||FLOW=IF_MESYM_SAPQM_001||SRCAPP=YM||DST=SAP_ERP||OUT=S||DUR=1217||SID=SESS-D27E7F3516||RID=REQ-E33516C7EF55||CONTEXT={middleware:Kafka,pattern:Async,bp:Yield Result to Quality,error:NA,message:NA,root:NA}
WHEN=2026/09/11 10:14:37||TXN=EVT-0004178||FLOW=IF_MESPE_SAPPP_001||SRCAPP=PE||DST=SAP_ERP||OUT=S||DUR=764||SID=SESS-8A1EC10480||RID=REQ-29DE96CC803E||CONTEXT={middleware:Kafka,pattern:Async,bp:Production Completion to ERP,error:NA,message:NA,root:NA}
WHEN=2026/09/13 18:39:22||TXN=EVT-0004179||FLOW=IF_MESPE_ORSC_001||SRCAPP=PE||DST=ORACLE_SCM||OUT=S||DUR=2458||SID=SESS-E750EEC8EA||RID=REQ-101AD12EF565||CONTEXT={middleware:Kafka,pattern:Async,bp:Production Completion to Supply,error:NA,message:NA,root:NA}
WHEN=2026/09/11 01:12:53||TXN=EVT-0004180||FLOW=IF_MESPE_SAPPP_001||SRCAPP=PE||DST=SAP_ERP||OUT=S||DUR=980||SID=SESS-99E9A73C84||RID=REQ-0A001C9B807B||CONTEXT={middleware:Kafka,pattern:Async,bp:Production Completion to ERP,error:NA,message:NA,root:NA}
WHEN=2026/09/12 00:33:47||TXN=EVT-0004184||FLOW=IF_MESPC_PLMPD_001||SRCAPP=PC||DST=PLM||OUT=R||DUR=13837||SID=SESS-AE7C77BCAB||RID=REQ-30149A11A140||CONTEXT={middleware:REST_API,pattern:REST,bp:Process Parameter Feedback to Product,error:EXT_502,message:Downstream service returned 502,root:External Service}
WHEN=2026/09/15 18:12:09||TXN=EVT-0004186||FLOW=IF_MESPE_ORSC_001||SRCAPP=PE||DST=ORACLE_SCM||OUT=S||DUR=2390||SID=SESS-A02237AC8B||RID=REQ-98A6600BDAE6||CONTEXT={middleware:Kafka,pattern:Async,bp:Production Completion to Supply,error:NA,message:NA,root:NA}
WHEN=2026/09/12 13:09:04||TXN=EVT-0004190||FLOW=IF_MESPE_SAPPP_001||SRCAPP=PE||DST=SAP_ERP||OUT=S||DUR=978||SID=SESS-052196A2EC||RID=REQ-3DDB6DA7B597||CONTEXT={middleware:Kafka,pattern:Async,bp:Production Completion to ERP,error:NA,message:NA,root:NA}
WHEN=2026/09/16 04:20:18||TXN=EVT-0004195||FLOW=IF_MESPE_SAPPP_001||SRCAPP=PE||DST=SAP_ERP||OUT=S||DUR=823||SID=SESS-1DA54F9AFE||RID=REQ-FE43F8CD4AD2||CONTEXT={middleware:Kafka,pattern:Async,bp:Production Completion to ERP,error:NA,message:NA,root:NA}
WHEN=2026/09/15 01:51:26||TXN=EVT-0004205||FLOW=IF_MESPE_ORSC_001||SRCAPP=PE||DST=ORACLE_SCM||OUT=S||DUR=1998||SID=SESS-5254BB8E2D||RID=REQ-303EA9733BD9||CONTEXT={middleware:Kafka,pattern:Async,bp:Production Completion to Supply,error:NA,message:NA,root:NA}
WHEN=2026/09/15 20:08:41||TXN=EVT-0004208||FLOW=IF_MESPE_SAPPP_001||SRCAPP=PE||DST=SAP_ERP||OUT=S||DUR=729||SID=SESS-CCCA6E8FC6||RID=REQ-837B40C203E9||CONTEXT={middleware:Kafka,pattern:Async,bp:Production Completion to ERP,error:NA,message:NA,root:NA}
WHEN=2026/09/11 05:47:26||TXN=EVT-0004215||FLOW=IF_MESPC_PLMPD_001||SRCAPP=PC||DST=PLM||OUT=S||DUR=9114||SID=SESS-D274ACDE03||RID=REQ-76F52568B148||CONTEXT={middleware:REST_API,pattern:REST,bp:Process Parameter Feedback to Product,error:NA,message:NA,root:NA}
WHEN=2026/09/15 22:45:29||TXN=EVT-0004216||FLOW=IF_MESPC_PLMPD_001||SRCAPP=PC||DST=PLM||OUT=S||DUR=4491||SID=SESS-5A9CA8D838||RID=REQ-800443AFE11D||CONTEXT={middleware:REST_API,pattern:REST,bp:Process Parameter Feedback to Product,error:NA,message:NA,root:NA}
WHEN=2026/09/13 02:43:59||TXN=EVT-0004218||FLOW=IF_MESPE_ORSC_001||SRCAPP=PE||DST=ORACLE_SCM||OUT=S||DUR=2077||SID=SESS-BBFD3BA3D7||RID=REQ-B257D3A100C3||CONTEXT={middleware:Kafka,pattern:Async,bp:Production Completion to Supply,error:NA,message:NA,root:NA}
WHEN=2026/09/16 00:32:38||TXN=EVT-0004219||FLOW=IF_MESPC_PLMPD_001||SRCAPP=PC||DST=PLM||OUT=R||DUR=11172||SID=SESS-9591340A1B||RID=REQ-AFFD93F06A76||CONTEXT={middleware:REST_API,pattern:REST,bp:Process Parameter Feedback to Product,error:DB_COMMIT_014,message:Transaction commit failed,root:Database}
WHEN=2026/09/16 02:47:16||TXN=EVT-0004227||FLOW=IF_MESYM_SAPQM_001||SRCAPP=YM||DST=SAP_ERP||OUT=S||DUR=1530||SID=SESS-CF4F4198DC||RID=REQ-15DB08ADB820||CONTEXT={middleware:Kafka,pattern:Async,bp:Yield Result to Quality,error:NA,message:NA,root:NA}
WHEN=2026/09/15 01:42:39||TXN=EVT-0004235||FLOW=IF_MESYM_SAPQM_001||SRCAPP=YM||DST=SAP_ERP||OUT=R||DUR=2470||SID=SESS-35849DBCB2||RID=REQ-E8B10CB0B15F||CONTEXT={middleware:Kafka,pattern:Async,bp:Yield Result to Quality,error:AUTH_401,message:Service credential rejected,root:Authentication}
WHEN=2026/09/13 13:21:46||TXN=EVT-0004242||FLOW=IF_MESPE_ORSC_001||SRCAPP=PE||DST=ORACLE_SCM||OUT=S||DUR=2562||SID=SESS-DB02AC138A||RID=REQ-5E054C11AA37||CONTEXT={middleware:Kafka,pattern:Async,bp:Production Completion to Supply,error:NA,message:NA,root:NA}
WHEN=2026/09/14 17:25:28||TXN=EVT-0004249||FLOW=IF_MESPE_SAPPP_001||SRCAPP=PE||DST=SAP_ERP||OUT=S||DUR=690||SID=SESS-247A42DF89||RID=REQ-728720821596||CONTEXT={middleware:Kafka,pattern:Async,bp:Production Completion to ERP,error:NA,message:NA,root:NA}
WHEN=2026/09/14 06:31:15||TXN=EVT-0004262||FLOW=IF_MESPE_ORSC_001||SRCAPP=PE||DST=ORACLE_SCM||OUT=S||DUR=2966||SID=SESS-13E46C318E||RID=REQ-82D10BA1A56D||CONTEXT={middleware:Kafka,pattern:Async,bp:Production Completion to Supply,error:NA,message:NA,root:NA}
WHEN=2026/09/16 03:34:53||TXN=EVT-0004272||FLOW=IF_MESPE_ORSC_001||SRCAPP=PE||DST=ORACLE_SCM||OUT=S||DUR=2545||SID=SESS-1826C7F845||RID=REQ-172749EE363F||CONTEXT={middleware:Kafka,pattern:Async,bp:Production Completion to Supply,error:NA,message:NA,root:NA}
WHEN=2026/09/11 17:29:59||TXN=EVT-0004285||FLOW=IF_MESPE_ORSC_001||SRCAPP=PE||DST=ORACLE_SCM||OUT=S||DUR=1874||SID=SESS-C704FE94D8||RID=REQ-4E375959967E||CONTEXT={middleware:Kafka,pattern:Async,bp:Production Completion to Supply,error:NA,message:NA,root:NA}
WHEN=2026/09/10 12:51:59||TXN=EVT-0004288||FLOW=IF_MESPC_PLMPD_001||SRCAPP=PC||DST=PLM||OUT=S||DUR=5983||SID=SESS-1259691681||RID=REQ-6A742125682C||CONTEXT={middleware:REST_API,pattern:REST,bp:Process Parameter Feedback to Product,error:NA,message:NA,root:NA}
WHEN=2026/09/12 10:09:51||TXN=EVT-0004297||FLOW=IF_MESYM_SAPQM_001||SRCAPP=YM||DST=SAP_ERP||OUT=S||DUR=1490||SID=SESS-E3674A4443||RID=REQ-3E81AD6BD6A8||CONTEXT={middleware:Kafka,pattern:Async,bp:Yield Result to Quality,error:NA,message:NA,root:NA}
WHEN=2026/09/13 10:38:58||TXN=EVT-0004300||FLOW=IF_MESPE_ORSC_001||SRCAPP=PE||DST=ORACLE_SCM||OUT=S||DUR=1133||SID=SESS-DB52B088D5||RID=REQ-3453503CA8DA||CONTEXT={middleware:Kafka,pattern:Async,bp:Production Completion to Supply,error:NA,message:NA,root:NA}
WHEN=2026/09/11 16:38:09||TXN=EVT-0004302||FLOW=IF_MESPC_PLMPD_001||SRCAPP=PC||DST=PLM||OUT=R||DUR=12440||SID=SESS-82A6E4CB5C||RID=REQ-D0CB37D75B0B||CONTEXT={middleware:REST_API,pattern:REST,bp:Process Parameter Feedback to Product,error:AUTH_401,message:Service credential rejected,root:Authentication}
WHEN=2026/09/15 10:55:37||TXN=EVT-0004308||FLOW=IF_MESPE_SAPPP_001||SRCAPP=PE||DST=SAP_ERP||OUT=S||DUR=761||SID=SESS-1AFB4E1302||RID=REQ-04CD8F703DBB||CONTEXT={middleware:Kafka,pattern:Async,bp:Production Completion to ERP,error:NA,message:NA,root:NA}
WHEN=2026/09/14 07:37:53||TXN=EVT-0004312||FLOW=IF_MESPE_SAPPP_001||SRCAPP=PE||DST=SAP_ERP||OUT=S||DUR=941||SID=SESS-7DA6F70C14||RID=REQ-A8FAA0C1E47F||CONTEXT={middleware:Kafka,pattern:Async,bp:Production Completion to ERP,error:NA,message:NA,root:NA}
WHEN=2026/09/13 22:54:04||TXN=EVT-0004321||FLOW=IF_MESYM_SAPQM_001||SRCAPP=YM||DST=SAP_ERP||OUT=S||DUR=1100||SID=SESS-74686D0498||RID=REQ-E7F7C1EE09B7||CONTEXT={middleware:Kafka,pattern:Async,bp:Yield Result to Quality,error:NA,message:NA,root:NA}
WHEN=2026/09/16 07:23:00||TXN=EVT-0004325||FLOW=IF_MESYM_SAPQM_001||SRCAPP=YM||DST=SAP_ERP||OUT=S||DUR=1760||SID=SESS-E30EA3C866||RID=REQ-5D6CB1DC03E1||CONTEXT={middleware:Kafka,pattern:Async,bp:Yield Result to Quality,error:NA,message:NA,root:NA}
WHEN=2026/09/15 19:23:07||TXN=EVT-0004330||FLOW=IF_MESPE_ORSC_001||SRCAPP=PE||DST=ORACLE_SCM||OUT=S||DUR=2264||SID=SESS-B70B6B5D68||RID=REQ-1A2EF5117EB7||CONTEXT={middleware:Kafka,pattern:Async,bp:Production Completion to Supply,error:NA,message:NA,root:NA}
WHEN=2026/09/12 22:46:00||TXN=EVT-0004340||FLOW=IF_MESPE_SAPPP_001||SRCAPP=PE||DST=SAP_ERP||OUT=S||DUR=885||SID=SESS-EB54FE08AE||RID=REQ-7610AA054E74||CONTEXT={middleware:Kafka,pattern:Async,bp:Production Completion to ERP,error:NA,message:NA,root:NA}
WHEN=2026/09/16 12:35:23||TXN=EVT-0004342||FLOW=IF_MESYM_SAPQM_001||SRCAPP=YM||DST=SAP_ERP||OUT=F||DUR=3980||SID=SESS-0560509692||RID=REQ-6F36C3D839C4||CONTEXT={middleware:Kafka,pattern:Async,bp:Yield Result to Quality,error:INFRA_008,message:Runtime node unavailable,root:Infrastructure}
WHEN=2026/09/11 07:38:43||TXN=EVT-0004355||FLOW=IF_MESPE_ORSC_001||SRCAPP=PE||DST=ORACLE_SCM||OUT=S||DUR=2215||SID=SESS-6F85344AB8||RID=REQ-1655DDBCE9C7||CONTEXT={middleware:Kafka,pattern:Async,bp:Production Completion to Supply,error:NA,message:NA,root:NA}
WHEN=2026/09/15 15:27:10||TXN=EVT-0004358||FLOW=IF_MESPE_SAPPP_001||SRCAPP=PE||DST=SAP_ERP||OUT=S||DUR=1088||SID=SESS-5C8B65CE75||RID=REQ-9DCFCED43216||CONTEXT={middleware:Kafka,pattern:Async,bp:Production Completion to ERP,error:NA,message:NA,root:NA}
WHEN=2026/09/16 01:39:23||TXN=EVT-0004363||FLOW=IF_MESPE_SAPPP_001||SRCAPP=PE||DST=SAP_ERP||OUT=S||DUR=950||SID=SESS-C22AAD43DF||RID=REQ-9ADFD8A88B8A||CONTEXT={middleware:Kafka,pattern:Async,bp:Production Completion to ERP,error:NA,message:NA,root:NA}
WHEN=2026/09/15 18:18:26||TXN=EVT-0004373||FLOW=IF_MESYM_SAPQM_001||SRCAPP=YM||DST=SAP_ERP||OUT=S||DUR=2001||SID=SESS-9EB753B721||RID=REQ-C2F095E5D313||CONTEXT={middleware:Kafka,pattern:Async,bp:Yield Result to Quality,error:NA,message:NA,root:NA}
WHEN=2026/09/12 04:41:09||TXN=EVT-0004387||FLOW=IF_MESYM_SAPQM_001||SRCAPP=YM||DST=SAP_ERP||OUT=S||DUR=1181||SID=SESS-A5E468A98E||RID=REQ-4612961E16D9||CONTEXT={middleware:Kafka,pattern:Async,bp:Yield Result to Quality,error:NA,message:NA,root:NA}
WHEN=2026/09/15 11:56:58||TXN=EVT-0004411||FLOW=IF_MESPE_ORSC_001||SRCAPP=PE||DST=ORACLE_SCM||OUT=S||DUR=2487||SID=SESS-16DB6BFF27||RID=REQ-12F237A985C5||CONTEXT={middleware:Kafka,pattern:Async,bp:Production Completion to Supply,error:NA,message:NA,root:NA}
WHEN=2026/09/12 07:05:54||TXN=EVT-0004415||FLOW=IF_MESPE_ORSC_001||SRCAPP=PE||DST=ORACLE_SCM||OUT=S||DUR=3246||SID=SESS-4CC2D66F98||RID=REQ-851845381604||CONTEXT={middleware:Kafka,pattern:Async,bp:Production Completion to Supply,error:NA,message:NA,root:NA}
WHEN=2026/09/13 04:24:51||TXN=EVT-0004421||FLOW=IF_MESPC_PLMPD_001||SRCAPP=PC||DST=PLM||OUT=S||DUR=7040||SID=SESS-C1DFC7A00E||RID=REQ-C7DFF8C55C8F||CONTEXT={middleware:REST_API,pattern:REST,bp:Process Parameter Feedback to Product,error:NA,message:NA,root:NA}
WHEN=2026/09/13 12:43:23||TXN=EVT-0004427||FLOW=IF_MESPE_ORSC_001||SRCAPP=PE||DST=ORACLE_SCM||OUT=S||DUR=2427||SID=SESS-D7AB7D80D9||RID=REQ-81A7DADB29BE||CONTEXT={middleware:Kafka,pattern:Async,bp:Production Completion to Supply,error:NA,message:NA,root:NA}
WHEN=2026/09/13 19:54:14||TXN=EVT-0004433||FLOW=IF_MESPE_ORSC_001||SRCAPP=PE||DST=ORACLE_SCM||OUT=S||DUR=2580||SID=SESS-0F4B1536B2||RID=REQ-A7A065EC135E||CONTEXT={middleware:Kafka,pattern:Async,bp:Production Completion to Supply,error:NA,message:NA,root:NA}
WHEN=2026/09/12 10:46:40||TXN=EVT-0004437||FLOW=IF_MESPE_ORSC_001||SRCAPP=PE||DST=ORACLE_SCM||OUT=S||DUR=1899||SID=SESS-43A50AA906||RID=REQ-1111DAEC038C||CONTEXT={middleware:Kafka,pattern:Async,bp:Production Completion to Supply,error:NA,message:NA,root:NA}
WHEN=2026/09/16 01:15:22||TXN=EVT-0004440||FLOW=IF_MESPE_ORSC_001||SRCAPP=PE||DST=ORACLE_SCM||OUT=S||DUR=1705||SID=SESS-A1848EA5C5||RID=REQ-B4CB47A44A7A||CONTEXT={middleware:Kafka,pattern:Async,bp:Production Completion to Supply,error:NA,message:NA,root:NA}
WHEN=2026/09/16 17:25:58||TXN=EVT-0004448||FLOW=IF_MESPC_PLMPD_001||SRCAPP=PC||DST=PLM||OUT=S||DUR=6988||SID=SESS-3F037A82AD||RID=REQ-54DE69ABA1C6||CONTEXT={middleware:REST_API,pattern:REST,bp:Process Parameter Feedback to Product,error:NA,message:NA,root:NA}
WHEN=2026/09/16 14:41:52||TXN=EVT-0004457||FLOW=IF_MESPE_ORSC_001||SRCAPP=PE||DST=ORACLE_SCM||OUT=S||DUR=2049||SID=SESS-E17745305E||RID=REQ-9473BA417DA6||CONTEXT={middleware:Kafka,pattern:Async,bp:Production Completion to Supply,error:NA,message:NA,root:NA}
WHEN=2026/09/11 04:59:05||TXN=EVT-0004460||FLOW=IF_MESPC_PLMPD_001||SRCAPP=PC||DST=PLM||OUT=S||DUR=4994||SID=SESS-7450A12506||RID=REQ-A07E6E8AC47A||CONTEXT={middleware:REST_API,pattern:REST,bp:Process Parameter Feedback to Product,error:NA,message:NA,root:NA}
WHEN=2026/09/12 21:51:19||TXN=EVT-0004465||FLOW=IF_MESPE_ORSC_001||SRCAPP=PE||DST=ORACLE_SCM||OUT=S||DUR=1806||SID=SESS-FD3892FCA2||RID=REQ-9BD4D121B633||CONTEXT={middleware:Kafka,pattern:Async,bp:Production Completion to Supply,error:NA,message:NA,root:NA}
WHEN=2026/09/14 10:14:51||TXN=EVT-0004477||FLOW=IF_MESPE_ORSC_001||SRCAPP=PE||DST=ORACLE_SCM||OUT=S||DUR=2563||SID=SESS-4C327D75EB||RID=REQ-31349F4B2E56||CONTEXT={middleware:Kafka,pattern:Async,bp:Production Completion to Supply,error:NA,message:NA,root:NA}
WHEN=2026/09/15 02:11:49||TXN=EVT-0004483||FLOW=IF_MESYM_SAPQM_001||SRCAPP=YM||DST=SAP_ERP||OUT=S||DUR=1201||SID=SESS-7A58DBAFC6||RID=REQ-A6031FB7E62A||CONTEXT={middleware:Kafka,pattern:Async,bp:Yield Result to Quality,error:NA,message:NA,root:NA}
WHEN=2026/09/10 01:10:50||TXN=EVT-0004498||FLOW=IF_MESPC_PLMPD_001||SRCAPP=PC||DST=PLM||OUT=S||DUR=7298||SID=SESS-CAB1C295F4||RID=REQ-4458A9CA8691||CONTEXT={middleware:REST_API,pattern:REST,bp:Process Parameter Feedback to Product,error:NA,message:NA,root:NA}
WHEN=2026/09/16 21:17:09||TXN=EVT-0004499||FLOW=IF_MESPE_ORSC_001||SRCAPP=PE||DST=ORACLE_SCM||OUT=S||DUR=1423||SID=SESS-FFF9ECF67B||RID=REQ-CF55B73EA1C2||CONTEXT={middleware:Kafka,pattern:Async,bp:Production Completion to Supply,error:NA,message:NA,root:NA}
WHEN=2026/09/10 17:30:09||TXN=EVT-0004500||FLOW=IF_MESYM_SAPQM_001||SRCAPP=YM||DST=SAP_ERP||OUT=S||DUR=1283||SID=SESS-7684BA7C4D||RID=REQ-6C1E9656B08B||CONTEXT={middleware:Kafka,pattern:Async,bp:Yield Result to Quality,error:NA,message:NA,root:NA}
WHEN=2026/09/12 05:51:19||TXN=EVT-0004502||FLOW=IF_MESPC_PLMPD_001||SRCAPP=PC||DST=PLM||OUT=S||DUR=7854||SID=SESS-F1C3990F37||RID=REQ-11C2617E766D||CONTEXT={middleware:REST_API,pattern:REST,bp:Process Parameter Feedback to Product,error:NA,message:NA,root:NA}
WHEN=2026/09/14 14:40:52||TXN=EVT-0004504||FLOW=IF_MESYM_SAPQM_001||SRCAPP=YM||DST=SAP_ERP||OUT=S||DUR=1080||SID=SESS-8EB518731D||RID=REQ-DCB3C801C004||CONTEXT={middleware:Kafka,pattern:Async,bp:Yield Result to Quality,error:NA,message:NA,root:NA}
WHEN=2026/09/10 13:58:12||TXN=EVT-0004527||FLOW=IF_MESPE_SAPPP_001||SRCAPP=PE||DST=SAP_ERP||OUT=S||DUR=1146||SID=SESS-4FF69A69AA||RID=REQ-92FAA618FE44||CONTEXT={middleware:Kafka,pattern:Async,bp:Production Completion to ERP,error:NA,message:NA,root:NA}
WHEN=2026/09/14 08:40:37||TXN=EVT-0004529||FLOW=IF_MESPE_ORSC_001||SRCAPP=PE||DST=ORACLE_SCM||OUT=S||DUR=2533||SID=SESS-E0C2C33EC0||RID=REQ-74D5FE733C93||CONTEXT={middleware:Kafka,pattern:Async,bp:Production Completion to Supply,error:NA,message:NA,root:NA}
WHEN=2026/09/12 10:00:00||TXN=EVT-0004546||FLOW=IF_MESPE_ORSC_001||SRCAPP=PE||DST=ORACLE_SCM||OUT=R||DUR=4640||SID=SESS-BE84F634EE||RID=REQ-EA513D2FCB91||CONTEXT={middleware:Kafka,pattern:Async,bp:Production Completion to Supply,error:CFG_017,message:Interface configuration mismatch,root:Configuration}
WHEN=2026/09/16 10:14:45||TXN=EVT-0004547||FLOW=IF_MESPE_SAPPP_001||SRCAPP=PE||DST=SAP_ERP||OUT=F||DUR=2089||SID=SESS-0B3AA1DAE0||RID=REQ-224B58120999||CONTEXT={middleware:Kafka,pattern:Async,bp:Production Completion to ERP,error:AUTHZ_403,message:Caller is not authorized,root:Authorization}
WHEN=2026/09/16 05:29:38||TXN=EVT-0004550||FLOW=IF_MESYM_SAPQM_001||SRCAPP=YM||DST=SAP_ERP||OUT=S||DUR=1609||SID=SESS-4CF4BBD36C||RID=REQ-6DF0D05BB19E||CONTEXT={middleware:Kafka,pattern:Async,bp:Yield Result to Quality,error:NA,message:NA,root:NA}
WHEN=2026/09/15 19:34:05||TXN=EVT-0004557||FLOW=IF_MESPE_SAPPP_001||SRCAPP=PE||DST=SAP_ERP||OUT=S||DUR=1221||SID=SESS-E1586BBF50||RID=REQ-6EC5283DFE05||CONTEXT={middleware:Kafka,pattern:Async,bp:Production Completion to ERP,error:NA,message:NA,root:NA}
WHEN=2026/09/16 15:08:54||TXN=EVT-0004578||FLOW=IF_MESPE_ORSC_001||SRCAPP=PE||DST=ORACLE_SCM||OUT=R||DUR=6392||SID=SESS-BEE9B52728||RID=REQ-BA9E3E7D3595||CONTEXT={middleware:Kafka,pattern:Async,bp:Production Completion to Supply,error:CFG_017,message:Interface configuration mismatch,root:Configuration}
WHEN=2026/09/11 17:27:46||TXN=EVT-0004585||FLOW=IF_MESPE_SAPPP_001||SRCAPP=PE||DST=SAP_ERP||OUT=S||DUR=1058||SID=SESS-B4C2533A9F||RID=REQ-EB569FF402CF||CONTEXT={middleware:Kafka,pattern:Async,bp:Production Completion to ERP,error:NA,message:NA,root:NA}
WHEN=2026/09/15 06:37:02||TXN=EVT-0004594||FLOW=IF_MESPE_SAPPP_001||SRCAPP=PE||DST=SAP_ERP||OUT=R||DUR=3042||SID=SESS-487065EBEE||RID=REQ-698376429783||CONTEXT={middleware:Kafka,pattern:Async,bp:Production Completion to ERP,error:CFG_017,message:Interface configuration mismatch,root:Configuration}
WHEN=2026/09/12 05:56:54||TXN=EVT-0004595||FLOW=IF_MESYM_SAPQM_001||SRCAPP=YM||DST=SAP_ERP||OUT=S||DUR=1115||SID=SESS-45D009FFBA||RID=REQ-BBC2D5BE5AB7||CONTEXT={middleware:Kafka,pattern:Async,bp:Yield Result to Quality,error:NA,message:NA,root:NA}
WHEN=2026/09/10 21:26:15||TXN=EVT-0004607||FLOW=IF_MESPE_ORSC_001||SRCAPP=PE||DST=ORACLE_SCM||OUT=S||DUR=2742||SID=SESS-AF9C196834||RID=REQ-0D5AF8897EBC||CONTEXT={middleware:Kafka,pattern:Async,bp:Production Completion to Supply,error:NA,message:NA,root:NA}
WHEN=2026/09/15 12:31:05||TXN=EVT-0004622||FLOW=IF_MESPE_SAPPP_001||SRCAPP=PE||DST=SAP_ERP||OUT=S||DUR=898||SID=SESS-AE9E64CF52||RID=REQ-FABD98DD4A2C||CONTEXT={middleware:Kafka,pattern:Async,bp:Production Completion to ERP,error:NA,message:NA,root:NA}
WHEN=2026/09/14 03:27:25||TXN=EVT-0004635||FLOW=IF_MESPC_PLMPD_001||SRCAPP=PC||DST=PLM||OUT=S||DUR=6318||SID=SESS-92A39C062E||RID=REQ-144A4332159B||CONTEXT={middleware:REST_API,pattern:REST,bp:Process Parameter Feedback to Product,error:NA,message:NA,root:NA}
WHEN=2026/09/13 08:19:23||TXN=EVT-0004643||FLOW=IF_MESPC_PLMPD_001||SRCAPP=PC||DST=PLM||OUT=S||DUR=3846||SID=SESS-87DF42707C||RID=REQ-34E9124098E5||CONTEXT={middleware:REST_API,pattern:REST,bp:Process Parameter Feedback to Product,error:NA,message:NA,root:NA}
WHEN=2026/09/14 16:48:03||TXN=EVT-0004661||FLOW=IF_MESPC_PLMPD_001||SRCAPP=PC||DST=PLM||OUT=S||DUR=6696||SID=SESS-C8F9EB8266||RID=REQ-ED1D6F3448AC||CONTEXT={middleware:REST_API,pattern:REST,bp:Process Parameter Feedback to Product,error:NA,message:NA,root:NA}
WHEN=2026/09/15 11:36:15||TXN=EVT-0004665||FLOW=IF_MESPE_ORSC_001||SRCAPP=PE||DST=ORACLE_SCM||OUT=S||DUR=2381||SID=SESS-DCDE02DD14||RID=REQ-7AD627D3BF32||CONTEXT={middleware:Kafka,pattern:Async,bp:Production Completion to Supply,error:NA,message:NA,root:NA}
WHEN=2026/09/12 12:53:54||TXN=EVT-0004667||FLOW=IF_MESPE_SAPPP_001||SRCAPP=PE||DST=SAP_ERP||OUT=R||DUR=3593||SID=SESS-9EB365FF37||RID=REQ-8B599B8B3339||CONTEXT={middleware:Kafka,pattern:Async,bp:Production Completion to ERP,error:VAL_400,message:Required business field failed validation,root:Validation}
WHEN=2026/09/14 13:24:47||TXN=EVT-0004668||FLOW=IF_MESPE_ORSC_001||SRCAPP=PE||DST=ORACLE_SCM||OUT=S||DUR=2518||SID=SESS-CD5E0D6B56||RID=REQ-6B6CD2158C6E||CONTEXT={middleware:Kafka,pattern:Async,bp:Production Completion to Supply,error:NA,message:NA,root:NA}
WHEN=2026/09/12 17:29:49||TXN=EVT-0004676||FLOW=IF_MESYM_SAPQM_001||SRCAPP=YM||DST=SAP_ERP||OUT=S||DUR=1238||SID=SESS-3700F0619D||RID=REQ-3BE822F48233||CONTEXT={middleware:Kafka,pattern:Async,bp:Yield Result to Quality,error:NA,message:NA,root:NA}
WHEN=2026/09/12 20:26:37||TXN=EVT-0004702||FLOW=IF_MESPE_SAPPP_001||SRCAPP=PE||DST=SAP_ERP||OUT=S||DUR=895||SID=SESS-B49CFBF53B||RID=REQ-903E18EB0581||CONTEXT={middleware:Kafka,pattern:Async,bp:Production Completion to ERP,error:NA,message:NA,root:NA}
WHEN=2026/09/12 14:33:58||TXN=EVT-0004706||FLOW=IF_MESPE_SAPPP_001||SRCAPP=PE||DST=SAP_ERP||OUT=S||DUR=827||SID=SESS-2080FF540A||RID=REQ-19286BF7AB86||CONTEXT={middleware:Kafka,pattern:Async,bp:Production Completion to ERP,error:NA,message:NA,root:NA}
WHEN=2026/09/16 18:19:01||TXN=EVT-0004712||FLOW=IF_MESYM_SAPQM_001||SRCAPP=YM||DST=SAP_ERP||OUT=S||DUR=1528||SID=SESS-63BC125D18||RID=REQ-B2035CA6CD1A||CONTEXT={middleware:Kafka,pattern:Async,bp:Yield Result to Quality,error:NA,message:NA,root:NA}
WHEN=2026/09/15 17:55:28||TXN=EVT-0004714||FLOW=IF_MESPC_PLMPD_001||SRCAPP=PC||DST=PLM||OUT=R||DUR=25378||SID=SESS-63E3E1589D||RID=REQ-F7EFA0F93F5A||CONTEXT={middleware:REST_API,pattern:REST,bp:Process Parameter Feedback to Product,error:AUTHZ_403,message:Caller is not authorized,root:Authorization}
WHEN=2026/09/10 10:51:21||TXN=EVT-0004721||FLOW=IF_MESPC_PLMPD_001||SRCAPP=PC||DST=PLM||OUT=S||DUR=8687||SID=SESS-049E6A2972||RID=REQ-ED3E36DD5B0E||CONTEXT={middleware:REST_API,pattern:REST,bp:Process Parameter Feedback to Product,error:NA,message:NA,root:NA}
WHEN=2026/09/12 15:32:59||TXN=EVT-0004722||FLOW=IF_MESPE_SAPPP_001||SRCAPP=PE||DST=SAP_ERP||OUT=S||DUR=1040||SID=SESS-1499EACCB3||RID=REQ-AE5A2A8E1447||CONTEXT={middleware:Kafka,pattern:Async,bp:Production Completion to ERP,error:NA,message:NA,root:NA}
WHEN=2026/09/10 18:33:38||TXN=EVT-0004740||FLOW=IF_MESPE_SAPPP_001||SRCAPP=PE||DST=SAP_ERP||OUT=S||DUR=1076||SID=SESS-BD79348CD5||RID=REQ-BB6658418456||CONTEXT={middleware:Kafka,pattern:Async,bp:Production Completion to ERP,error:NA,message:NA,root:NA}
WHEN=2026/09/16 17:27:27||TXN=EVT-0004741||FLOW=IF_MESPC_PLMPD_001||SRCAPP=PC||DST=PLM||OUT=S||DUR=6843||SID=SESS-C325B3839A||RID=REQ-D582FCCF62BF||CONTEXT={middleware:REST_API,pattern:REST,bp:Process Parameter Feedback to Product,error:NA,message:NA,root:NA}
WHEN=2026/09/12 19:50:25||TXN=EVT-0004742||FLOW=IF_MESPE_SAPPP_001||SRCAPP=PE||DST=SAP_ERP||OUT=F||DUR=2908||SID=SESS-F22105E879||RID=REQ-FED1AB591B43||CONTEXT={middleware:Kafka,pattern:Async,bp:Production Completion to ERP,error:CAP_003,message:Downstream service is at capacity,root:Capacity}
WHEN=2026/09/15 14:56:40||TXN=EVT-0004746||FLOW=IF_MESPE_ORSC_001||SRCAPP=PE||DST=ORACLE_SCM||OUT=S||DUR=2348||SID=SESS-8F48B1BBCE||RID=REQ-20B02855A1A5||CONTEXT={middleware:Kafka,pattern:Async,bp:Production Completion to Supply,error:NA,message:NA,root:NA}
WHEN=2026/09/13 13:09:00||TXN=EVT-0004748||FLOW=IF_MESPC_PLMPD_001||SRCAPP=PC||DST=PLM||OUT=S||DUR=8439||SID=SESS-E21073AA5B||RID=REQ-E34CB47673BA||CONTEXT={middleware:REST_API,pattern:REST,bp:Process Parameter Feedback to Product,error:NA,message:NA,root:NA}
WHEN=2026/09/13 22:18:42||TXN=EVT-0004762||FLOW=IF_MESPC_PLMPD_001||SRCAPP=PC||DST=PLM||OUT=S||DUR=8658||SID=SESS-F15CB44F9E||RID=REQ-1AD8B54A463A||CONTEXT={middleware:REST_API,pattern:REST,bp:Process Parameter Feedback to Product,error:NA,message:NA,root:NA}
WHEN=2026/09/16 22:02:40||TXN=EVT-0004770||FLOW=IF_MESPE_ORSC_001||SRCAPP=PE||DST=ORACLE_SCM||OUT=S||DUR=2333||SID=SESS-496ED4679D||RID=REQ-3AAD4ABCCBC6||CONTEXT={middleware:Kafka,pattern:Async,bp:Production Completion to Supply,error:NA,message:NA,root:NA}
WHEN=2026/09/11 11:16:31||TXN=EVT-0004777||FLOW=IF_MESPE_ORSC_001||SRCAPP=PE||DST=ORACLE_SCM||OUT=S||DUR=2025||SID=SESS-E2AC80AA3D||RID=REQ-0627680FBFBC||CONTEXT={middleware:Kafka,pattern:Async,bp:Production Completion to Supply,error:NA,message:NA,root:NA}
WHEN=2026/09/14 00:45:22||TXN=EVT-0004789||FLOW=IF_MESYM_SAPQM_001||SRCAPP=YM||DST=SAP_ERP||OUT=S||DUR=953||SID=SESS-2D2DFD06BF||RID=REQ-E1BD4FE55CEB||CONTEXT={middleware:Kafka,pattern:Async,bp:Yield Result to Quality,error:NA,message:NA,root:NA}
WHEN=2026/09/12 22:24:42||TXN=EVT-0004790||FLOW=IF_MESPE_ORSC_001||SRCAPP=PE||DST=ORACLE_SCM||OUT=S||DUR=2300||SID=SESS-4BD078B009||RID=REQ-66DABEF7F0A4||CONTEXT={middleware:Kafka,pattern:Async,bp:Production Completion to Supply,error:NA,message:NA,root:NA}
WHEN=2026/09/13 16:23:36||TXN=EVT-0004797||FLOW=IF_MESYM_SAPQM_001||SRCAPP=YM||DST=SAP_ERP||OUT=S||DUR=1101||SID=SESS-0467FB5AFF||RID=REQ-00304EDB11DB||CONTEXT={middleware:Kafka,pattern:Async,bp:Yield Result to Quality,error:NA,message:NA,root:NA}
WHEN=2026/09/14 22:03:00||TXN=EVT-0004798||FLOW=IF_MESYM_SAPQM_001||SRCAPP=YM||DST=SAP_ERP||OUT=S||DUR=1239||SID=SESS-43C614A5BC||RID=REQ-5E048E43044A||CONTEXT={middleware:Kafka,pattern:Async,bp:Yield Result to Quality,error:NA,message:NA,root:NA}
WHEN=2026/09/14 02:44:26||TXN=EVT-0004808||FLOW=IF_MESPC_PLMPD_001||SRCAPP=PC||DST=PLM||OUT=S||DUR=5031||SID=SESS-3506EB95FA||RID=REQ-F176ECBE5873||CONTEXT={middleware:REST_API,pattern:REST,bp:Process Parameter Feedback to Product,error:NA,message:NA,root:NA}
WHEN=2026/09/13 08:48:48||TXN=EVT-0004826||FLOW=IF_MESPE_SAPPP_001||SRCAPP=PE||DST=SAP_ERP||OUT=F||DUR=3449||SID=SESS-C4787ADD5B||RID=REQ-2A838CC475A9||CONTEXT={middleware:Kafka,pattern:Async,bp:Production Completion to ERP,error:TIME_004,message:Downstream response exceeded SLA,root:Timeout}
WHEN=2026/09/12 06:19:46||TXN=EVT-0004840||FLOW=IF_MESPE_ORSC_001||SRCAPP=PE||DST=ORACLE_SCM||OUT=S||DUR=2269||SID=SESS-3EAFF166EA||RID=REQ-D795D2765DC8||CONTEXT={middleware:Kafka,pattern:Async,bp:Production Completion to Supply,error:NA,message:NA,root:NA}
WHEN=2026/09/12 04:24:11||TXN=EVT-0004843||FLOW=IF_MESPE_ORSC_001||SRCAPP=PE||DST=ORACLE_SCM||OUT=S||DUR=2119||SID=SESS-D467910A4A||RID=REQ-A769F1CE1104||CONTEXT={middleware:Kafka,pattern:Async,bp:Production Completion to Supply,error:NA,message:NA,root:NA}
WHEN=2026/09/10 20:59:03||TXN=EVT-0004849||FLOW=IF_MESPC_PLMPD_001||SRCAPP=PC||DST=PLM||OUT=S||DUR=7611||SID=SESS-424E8E278F||RID=REQ-5B12E57B4BC8||CONTEXT={middleware:REST_API,pattern:REST,bp:Process Parameter Feedback to Product,error:NA,message:NA,root:NA}
WHEN=2026/09/10 04:44:22||TXN=EVT-0004857||FLOW=IF_MESPC_PLMPD_001||SRCAPP=PC||DST=PLM||OUT=S||DUR=6690||SID=SESS-CF253CF8AD||RID=REQ-EB9F28C3FB90||CONTEXT={middleware:REST_API,pattern:REST,bp:Process Parameter Feedback to Product,error:NA,message:NA,root:NA}
WHEN=2026/09/10 21:59:08||TXN=EVT-0004866||FLOW=IF_MESPE_ORSC_001||SRCAPP=PE||DST=ORACLE_SCM||OUT=S||DUR=2207||SID=SESS-6CEF18B22F||RID=REQ-C68174132570||CONTEXT={middleware:Kafka,pattern:Async,bp:Production Completion to Supply,error:NA,message:NA,root:NA}
WHEN=2026/09/11 07:17:25||TXN=EVT-0004883||FLOW=IF_MESPE_SAPPP_001||SRCAPP=PE||DST=SAP_ERP||OUT=S||DUR=966||SID=SESS-DD9ACEDC53||RID=REQ-AE3F46466060||CONTEXT={middleware:Kafka,pattern:Async,bp:Production Completion to ERP,error:NA,message:NA,root:NA}
WHEN=2026/09/13 16:26:32||TXN=EVT-0004890||FLOW=IF_MESPC_PLMPD_001||SRCAPP=PC||DST=PLM||OUT=S||DUR=7125||SID=SESS-2FABACA68F||RID=REQ-6E457BA56DBA||CONTEXT={middleware:REST_API,pattern:REST,bp:Process Parameter Feedback to Product,error:NA,message:NA,root:NA}
WHEN=2026/09/15 17:36:33||TXN=EVT-0004891||FLOW=IF_MESPC_PLMPD_001||SRCAPP=PC||DST=PLM||OUT=S||DUR=6797||SID=SESS-31A396F19C||RID=REQ-8AF4D722BDC7||CONTEXT={middleware:REST_API,pattern:REST,bp:Process Parameter Feedback to Product,error:NA,message:NA,root:NA}
WHEN=2026/09/11 01:21:32||TXN=EVT-0004897||FLOW=IF_MESPC_PLMPD_001||SRCAPP=PC||DST=PLM||OUT=S||DUR=9543||SID=SESS-1968825BDD||RID=REQ-0DB045E220B5||CONTEXT={middleware:REST_API,pattern:REST,bp:Process Parameter Feedback to Product,error:NA,message:NA,root:NA}
WHEN=2026/09/11 12:25:25||TXN=EVT-0004900||FLOW=IF_MESPE_SAPPP_001||SRCAPP=PE||DST=SAP_ERP||OUT=S||DUR=1111||SID=SESS-DDE062CFAD||RID=REQ-0A0F65937790||CONTEXT={middleware:Kafka,pattern:Async,bp:Production Completion to ERP,error:NA,message:NA,root:NA}
WHEN=2026/09/16 10:40:17||TXN=EVT-0004902||FLOW=IF_MESPE_SAPPP_001||SRCAPP=PE||DST=SAP_ERP||OUT=S||DUR=1159||SID=SESS-FA4F079A13||RID=REQ-45DCB6883612||CONTEXT={middleware:Kafka,pattern:Async,bp:Production Completion to ERP,error:NA,message:NA,root:NA}
WHEN=2026/09/14 08:00:38||TXN=EVT-0004912||FLOW=IF_MESPE_ORSC_001||SRCAPP=PE||DST=ORACLE_SCM||OUT=R||DUR=6487||SID=SESS-E31F7B32B8||RID=REQ-697C603A04FD||CONTEXT={middleware:Kafka,pattern:Async,bp:Production Completion to Supply,error:AUTHZ_403,message:Caller is not authorized,root:Authorization}
WHEN=2026/09/11 00:21:56||TXN=EVT-0004917||FLOW=IF_MESYM_SAPQM_001||SRCAPP=YM||DST=SAP_ERP||OUT=S||DUR=1350||SID=SESS-61CA410CB8||RID=REQ-05A6AC648855||CONTEXT={middleware:Kafka,pattern:Async,bp:Yield Result to Quality,error:NA,message:NA,root:NA}
WHEN=2026/09/12 16:36:08||TXN=EVT-0004938||FLOW=IF_MESPC_PLMPD_001||SRCAPP=PC||DST=PLM||OUT=S||DUR=5664||SID=SESS-30641D6A6F||RID=REQ-DEEF9766CA2B||CONTEXT={middleware:REST_API,pattern:REST,bp:Process Parameter Feedback to Product,error:NA,message:NA,root:NA}
WHEN=2026/09/14 03:04:41||TXN=EVT-0004942||FLOW=IF_MESPC_PLMPD_001||SRCAPP=PC||DST=PLM||OUT=S||DUR=6434||SID=SESS-A1BF07CFE0||RID=REQ-423061030FA1||CONTEXT={middleware:REST_API,pattern:REST,bp:Process Parameter Feedback to Product,error:NA,message:NA,root:NA}
WHEN=2026/09/16 06:56:24||TXN=EVT-0004950||FLOW=IF_MESYM_SAPQM_001||SRCAPP=YM||DST=SAP_ERP||OUT=S||DUR=1549||SID=SESS-E05DF610FD||RID=REQ-ED376315AEF1||CONTEXT={middleware:Kafka,pattern:Async,bp:Yield Result to Quality,error:NA,message:NA,root:NA}
WHEN=2026/09/13 04:55:43||TXN=EVT-0004968||FLOW=IF_MESPE_ORSC_001||SRCAPP=PE||DST=ORACLE_SCM||OUT=F||DUR=18391||SID=SESS-B6E716EAEF||RID=REQ-065FB80222AB||CONTEXT={middleware:Kafka,pattern:Async,bp:Production Completion to Supply,error:NET_CONN_003,message:Connection reset by peer,root:Network}
WHEN=2026/09/13 01:33:59||TXN=EVT-0004980||FLOW=IF_MESPC_PLMPD_001||SRCAPP=PC||DST=PLM||OUT=S||DUR=6950||SID=SESS-DE7B5A6DCE||RID=REQ-C95D1534EA2C||CONTEXT={middleware:REST_API,pattern:REST,bp:Process Parameter Feedback to Product,error:NA,message:NA,root:NA}
WHEN=2026/09/13 13:39:35||TXN=EVT-0004989||FLOW=IF_MESPE_SAPPP_001||SRCAPP=PE||DST=SAP_ERP||OUT=S||DUR=970||SID=SESS-F2D90A05DF||RID=REQ-D6B5AE52A5BE||CONTEXT={middleware:Kafka,pattern:Async,bp:Production Completion to ERP,error:NA,message:NA,root:NA}
WHEN=2026/09/11 20:04:11||TXN=EVT-0004991||FLOW=IF_MESPC_PLMPD_001||SRCAPP=PC||DST=PLM||OUT=S||DUR=6938||SID=SESS-A0FFBC9956||RID=REQ-580CEE99F79D||CONTEXT={middleware:REST_API,pattern:REST,bp:Process Parameter Feedback to Product,error:NA,message:NA,root:NA}
WHEN=2026/09/14 01:21:34||TXN=EVT-0004997||FLOW=IF_MESPE_SAPPP_001||SRCAPP=PE||DST=SAP_ERP||OUT=S||DUR=901||SID=SESS-5954439879||RID=REQ-FA5908925509||CONTEXT={middleware:Kafka,pattern:Async,bp:Production Completion to ERP,error:NA,message:NA,root:NA}
WHEN=2026/09/12 07:53:58||TXN=EVT-0005000||FLOW=IF_MESPC_PLMPD_001||SRCAPP=PC||DST=PLM||OUT=R||DUR=24366||SID=SESS-9B93BB6A65||RID=REQ-596C112BD72E||CONTEXT={middleware:REST_API,pattern:REST,bp:Process Parameter Feedback to Product,error:AUTH_401,message:Service credential rejected,root:Authentication}
WHEN=2026/09/16 20:06:27||TXN=EVT-0005006||FLOW=IF_MESYM_SAPQM_001||SRCAPP=YM||DST=SAP_ERP||OUT=S||DUR=1490||SID=SESS-9D6F7FFA88||RID=REQ-F89EAA0445C1||CONTEXT={middleware:Kafka,pattern:Async,bp:Yield Result to Quality,error:NA,message:NA,root:NA}
WHEN=2026/09/12 12:38:58||TXN=EVT-0005013||FLOW=IF_MESPE_ORSC_001||SRCAPP=PE||DST=ORACLE_SCM||OUT=R||DUR=5594||SID=SESS-36EF1D75F1||RID=REQ-58C35B1052BC||CONTEXT={middleware:Kafka,pattern:Async,bp:Production Completion to Supply,error:INFRA_008,message:Runtime node unavailable,root:Infrastructure}
WHEN=2026/09/14 23:54:25||TXN=EVT-0005016||FLOW=IF_MESYM_SAPQM_001||SRCAPP=YM||DST=SAP_ERP||OUT=S||DUR=1410||SID=SESS-89B672C347||RID=REQ-89B61ADB804D||CONTEXT={middleware:Kafka,pattern:Async,bp:Yield Result to Quality,error:NA,message:NA,root:NA}
WHEN=2026/09/16 23:32:05||TXN=EVT-0005021||FLOW=IF_MESPE_ORSC_001||SRCAPP=PE||DST=ORACLE_SCM||OUT=S||DUR=1414||SID=SESS-5A0D017EF5||RID=REQ-ED7158F125C7||CONTEXT={middleware:Kafka,pattern:Async,bp:Production Completion to Supply,error:NA,message:NA,root:NA}
WHEN=2026/09/16 02:53:23||TXN=EVT-0005030||FLOW=IF_MESYM_SAPQM_001||SRCAPP=YM||DST=SAP_ERP||OUT=S||DUR=1105||SID=SESS-C7715517CE||RID=REQ-EC8156ED7C71||CONTEXT={middleware:Kafka,pattern:Async,bp:Yield Result to Quality,error:NA,message:NA,root:NA}
WHEN=2026/09/10 21:43:22||TXN=EVT-0005032||FLOW=IF_MESPE_SAPPP_001||SRCAPP=PE||DST=SAP_ERP||OUT=S||DUR=966||SID=SESS-E39E4A2C73||RID=REQ-844E9EC607BC||CONTEXT={middleware:Kafka,pattern:Async,bp:Production Completion to ERP,error:NA,message:NA,root:NA}
WHEN=2026/09/13 04:06:41||TXN=EVT-0005036||FLOW=IF_MESYM_SAPQM_001||SRCAPP=YM||DST=SAP_ERP||OUT=R||DUR=4920||SID=SESS-6BC7A2F258||RID=REQ-D208DEB2EF46||CONTEXT={middleware:Kafka,pattern:Async,bp:Yield Result to Quality,error:DB_COMMIT_014,message:Transaction commit failed,root:Database}
WHEN=2026/09/15 17:40:53||TXN=EVT-0005045||FLOW=IF_MESPE_ORSC_001||SRCAPP=PE||DST=ORACLE_SCM||OUT=S||DUR=1477||SID=SESS-1DF4B23BA0||RID=REQ-8DAE0EC89159||CONTEXT={middleware:Kafka,pattern:Async,bp:Production Completion to Supply,error:NA,message:NA,root:NA}
WHEN=2026/09/11 11:55:28||TXN=EVT-0005052||FLOW=IF_MESYM_SAPQM_001||SRCAPP=YM||DST=SAP_ERP||OUT=S||DUR=857||SID=SESS-785180C594||RID=REQ-FA3A5363DDD2||CONTEXT={middleware:Kafka,pattern:Async,bp:Yield Result to Quality,error:NA,message:NA,root:NA}
WHEN=2026/09/14 02:06:37||TXN=EVT-0005064||FLOW=IF_MESPE_SAPPP_001||SRCAPP=PE||DST=SAP_ERP||OUT=S||DUR=654||SID=SESS-066290AAB5||RID=REQ-9ECEC4A6C495||CONTEXT={middleware:Kafka,pattern:Async,bp:Production Completion to ERP,error:NA,message:NA,root:NA}
WHEN=2026/09/12 12:39:08||TXN=EVT-0005082||FLOW=IF_MESPC_PLMPD_001||SRCAPP=PC||DST=PLM||OUT=S||DUR=7134||SID=SESS-F11689521D||RID=REQ-C1888E94B994||CONTEXT={middleware:REST_API,pattern:REST,bp:Process Parameter Feedback to Product,error:NA,message:NA,root:NA}
WHEN=2026/09/12 02:14:29||TXN=EVT-0005088||FLOW=IF_MESPC_PLMPD_001||SRCAPP=PC||DST=PLM||OUT=S||DUR=6611||SID=SESS-90F70541D9||RID=REQ-0B824D47ED25||CONTEXT={middleware:REST_API,pattern:REST,bp:Process Parameter Feedback to Product,error:NA,message:NA,root:NA}
WHEN=2026/09/15 03:10:32||TXN=EVT-0005090||FLOW=IF_MESPE_ORSC_001||SRCAPP=PE||DST=ORACLE_SCM||OUT=F||DUR=3426||SID=SESS-8AB76F689E||RID=REQ-2D827C1674F4||CONTEXT={middleware:Kafka,pattern:Async,bp:Production Completion to Supply,error:DB_COMMIT_014,message:Transaction commit failed,root:Database}
WHEN=2026/09/12 03:33:30||TXN=EVT-0005093||FLOW=IF_MESPC_PLMPD_001||SRCAPP=PC||DST=PLM||OUT=R||DUR=24971||SID=SESS-F5F21DE220||RID=REQ-FC0DBB8949A1||CONTEXT={middleware:REST_API,pattern:REST,bp:Process Parameter Feedback to Product,error:DB_COMMIT_014,message:Transaction commit failed,root:Database}
WHEN=2026/09/11 04:49:43||TXN=EVT-0005106||FLOW=IF_MESPC_PLMPD_001||SRCAPP=PC||DST=PLM||OUT=S||DUR=7373||SID=SESS-83051B27FD||RID=REQ-C4005210D760||CONTEXT={middleware:REST_API,pattern:REST,bp:Process Parameter Feedback to Product,error:NA,message:NA,root:NA}
WHEN=2026/09/16 10:27:12||TXN=EVT-0005112||FLOW=IF_MESPE_SAPPP_001||SRCAPP=PE||DST=SAP_ERP||OUT=S||DUR=902||SID=SESS-E7B22F89F5||RID=REQ-D7C6409FDAF0||CONTEXT={middleware:Kafka,pattern:Async,bp:Production Completion to ERP,error:NA,message:NA,root:NA}
WHEN=2026/09/15 08:04:24||TXN=EVT-0005123||FLOW=IF_MESPC_PLMPD_001||SRCAPP=PC||DST=PLM||OUT=S||DUR=5772||SID=SESS-DB6D28BB42||RID=REQ-8F330A224C84||CONTEXT={middleware:REST_API,pattern:REST,bp:Process Parameter Feedback to Product,error:NA,message:NA,root:NA}
WHEN=2026/09/13 12:08:53||TXN=EVT-0005128||FLOW=IF_MESYM_SAPQM_001||SRCAPP=YM||DST=SAP_ERP||OUT=S||DUR=985||SID=SESS-3E59D8F877||RID=REQ-BDDB70914326||CONTEXT={middleware:Kafka,pattern:Async,bp:Yield Result to Quality,error:NA,message:NA,root:NA}
WHEN=2026/09/10 11:49:46||TXN=EVT-0005146||FLOW=IF_MESPC_PLMPD_001||SRCAPP=PC||DST=PLM||OUT=S||DUR=9495||SID=SESS-16E30DC627||RID=REQ-49A35C0800A0||CONTEXT={middleware:REST_API,pattern:REST,bp:Process Parameter Feedback to Product,error:NA,message:NA,root:NA}
WHEN=2026/09/14 19:28:52||TXN=EVT-0005156||FLOW=IF_MESPE_ORSC_001||SRCAPP=PE||DST=ORACLE_SCM||OUT=S||DUR=3111||SID=SESS-CF3432522A||RID=REQ-B6032238B54B||CONTEXT={middleware:Kafka,pattern:Async,bp:Production Completion to Supply,error:NA,message:NA,root:NA}
WHEN=2026/09/13 14:04:29||TXN=EVT-0005163||FLOW=IF_MESPC_PLMPD_001||SRCAPP=PC||DST=PLM||OUT=S||DUR=6277||SID=SESS-EE93102FC9||RID=REQ-0851F9295762||CONTEXT={middleware:REST_API,pattern:REST,bp:Process Parameter Feedback to Product,error:NA,message:NA,root:NA}
WHEN=2026/09/16 15:27:10||TXN=EVT-0005173||FLOW=IF_MESPE_ORSC_001||SRCAPP=PE||DST=ORACLE_SCM||OUT=S||DUR=2084||SID=SESS-C04F4E5765||RID=REQ-756EEBA36B2F||CONTEXT={middleware:Kafka,pattern:Async,bp:Production Completion to Supply,error:NA,message:NA,root:NA}
WHEN=2026/09/11 01:56:11||TXN=EVT-0005189||FLOW=IF_MESPE_ORSC_001||SRCAPP=PE||DST=ORACLE_SCM||OUT=S||DUR=1949||SID=SESS-0148F4BBB2||RID=REQ-4664268B4EA2||CONTEXT={middleware:Kafka,pattern:Async,bp:Production Completion to Supply,error:NA,message:NA,root:NA}
WHEN=2026/09/12 12:01:21||TXN=EVT-0005191||FLOW=IF_MESPE_ORSC_001||SRCAPP=PE||DST=ORACLE_SCM||OUT=S||DUR=1974||SID=SESS-88C9094373||RID=REQ-65A012DD643C||CONTEXT={middleware:Kafka,pattern:Async,bp:Production Completion to Supply,error:NA,message:NA,root:NA}
WHEN=2026/09/16 22:09:39||TXN=EVT-0005196||FLOW=IF_MESPE_ORSC_001||SRCAPP=PE||DST=ORACLE_SCM||OUT=S||DUR=2556||SID=SESS-9146869682||RID=REQ-A620CF7405B9||CONTEXT={middleware:Kafka,pattern:Async,bp:Production Completion to Supply,error:NA,message:NA,root:NA}
WHEN=2026/09/12 08:32:29||TXN=EVT-0005197||FLOW=IF_MESPE_ORSC_001||SRCAPP=PE||DST=ORACLE_SCM||OUT=S||DUR=2315||SID=SESS-4C3D161559||RID=REQ-AF30F1AADC19||CONTEXT={middleware:Kafka,pattern:Async,bp:Production Completion to Supply,error:NA,message:NA,root:NA}
WHEN=2026/09/14 01:20:50||TXN=EVT-0005203||FLOW=IF_MESYM_SAPQM_001||SRCAPP=YM||DST=SAP_ERP||OUT=S||DUR=1848||SID=SESS-212FC82E58||RID=REQ-36F0D971F25F||CONTEXT={middleware:Kafka,pattern:Async,bp:Yield Result to Quality,error:NA,message:NA,root:NA}
WHEN=2026/09/10 15:37:32||TXN=EVT-0005205||FLOW=IF_MESPC_PLMPD_001||SRCAPP=PC||DST=PLM||OUT=S||DUR=5029||SID=SESS-2F24F0FDD5||RID=REQ-E5B3B3948A00||CONTEXT={middleware:REST_API,pattern:REST,bp:Process Parameter Feedback to Product,error:NA,message:NA,root:NA}
WHEN=2026/09/10 21:15:20||TXN=EVT-0005229||FLOW=IF_MESPE_SAPPP_001||SRCAPP=PE||DST=SAP_ERP||OUT=S||DUR=740||SID=SESS-5304479860||RID=REQ-410D6DD70584||CONTEXT={middleware:Kafka,pattern:Async,bp:Production Completion to ERP,error:NA,message:NA,root:NA}
WHEN=2026/09/14 10:47:16||TXN=EVT-0005230||FLOW=IF_MESPE_ORSC_001||SRCAPP=PE||DST=ORACLE_SCM||OUT=S||DUR=2227||SID=SESS-9FF0CD94F0||RID=REQ-41BA242D1900||CONTEXT={middleware:Kafka,pattern:Async,bp:Production Completion to Supply,error:NA,message:NA,root:NA}
WHEN=2026/09/10 12:16:54||TXN=EVT-0005248||FLOW=IF_MESPE_ORSC_001||SRCAPP=PE||DST=ORACLE_SCM||OUT=S||DUR=2201||SID=SESS-351DF72D82||RID=REQ-E6EA8373E74A||CONTEXT={middleware:Kafka,pattern:Async,bp:Production Completion to Supply,error:NA,message:NA,root:NA}
WHEN=2026/09/13 04:20:57||TXN=EVT-0005253||FLOW=IF_MESPE_SAPPP_001||SRCAPP=PE||DST=SAP_ERP||OUT=R||DUR=2780||SID=SESS-F3B5EE391A||RID=REQ-AA3BB0DD344A||CONTEXT={middleware:Kafka,pattern:Async,bp:Production Completion to ERP,error:NET_CONN_003,message:Connection reset by peer,root:Network}
WHEN=2026/09/15 21:57:31||TXN=EVT-0005263||FLOW=IF_MESPE_SAPPP_001||SRCAPP=PE||DST=SAP_ERP||OUT=S||DUR=913||SID=SESS-378B507592||RID=REQ-DEA99CB890CF||CONTEXT={middleware:Kafka,pattern:Async,bp:Production Completion to ERP,error:NA,message:NA,root:NA}
WHEN=2026/09/10 15:13:06||TXN=EVT-0005264||FLOW=IF_MESPE_ORSC_001||SRCAPP=PE||DST=ORACLE_SCM||OUT=S||DUR=3022||SID=SESS-131F7F3BF5||RID=REQ-786A5036C38C||CONTEXT={middleware:Kafka,pattern:Async,bp:Production Completion to Supply,error:NA,message:NA,root:NA}
WHEN=2026/09/11 04:25:43||TXN=EVT-0005275||FLOW=IF_MESPE_ORSC_001||SRCAPP=PE||DST=ORACLE_SCM||OUT=S||DUR=2138||SID=SESS-153CF498FF||RID=REQ-AF1B7C92257B||CONTEXT={middleware:Kafka,pattern:Async,bp:Production Completion to Supply,error:NA,message:NA,root:NA}
WHEN=2026/09/16 05:52:33||TXN=EVT-0005279||FLOW=IF_MESPC_PLMPD_001||SRCAPP=PC||DST=PLM||OUT=S||DUR=6082||SID=SESS-BE40DE0DED||RID=REQ-8964F0DBE0C5||CONTEXT={middleware:REST_API,pattern:REST,bp:Process Parameter Feedback to Product,error:NA,message:NA,root:NA}
WHEN=2026/09/11 04:34:49||TXN=EVT-0005292||FLOW=IF_MESYM_SAPQM_001||SRCAPP=YM||DST=SAP_ERP||OUT=S||DUR=1394||SID=SESS-428A6331D9||RID=REQ-83F3C3BBFBB8||CONTEXT={middleware:Kafka,pattern:Async,bp:Yield Result to Quality,error:NA,message:NA,root:NA}
WHEN=2026/09/16 13:59:37||TXN=EVT-0005296||FLOW=IF_MESPE_SAPPP_001||SRCAPP=PE||DST=SAP_ERP||OUT=S||DUR=782||SID=SESS-16359DEBB9||RID=REQ-683B07AEC9B0||CONTEXT={middleware:Kafka,pattern:Async,bp:Production Completion to ERP,error:NA,message:NA,root:NA}
WHEN=2026/09/14 23:03:18||TXN=EVT-0005300||FLOW=IF_MESPE_SAPPP_001||SRCAPP=PE||DST=SAP_ERP||OUT=S||DUR=748||SID=SESS-6D4A52BB00||RID=REQ-49BB90E74BEB||CONTEXT={middleware:Kafka,pattern:Async,bp:Production Completion to ERP,error:NA,message:NA,root:NA}
WHEN=2026/09/10 08:02:56||TXN=EVT-0005315||FLOW=IF_MESPE_SAPPP_001||SRCAPP=PE||DST=SAP_ERP||OUT=S||DUR=1237||SID=SESS-69A00F983F||RID=REQ-85D2B1E9AB8B||CONTEXT={middleware:Kafka,pattern:Async,bp:Production Completion to ERP,error:NA,message:NA,root:NA}
WHEN=2026/09/13 21:04:06||TXN=EVT-0005316||FLOW=IF_MESPE_ORSC_001||SRCAPP=PE||DST=ORACLE_SCM||OUT=S||DUR=1268||SID=SESS-9576467DA4||RID=REQ-8495DDF7E861||CONTEXT={middleware:Kafka,pattern:Async,bp:Production Completion to Supply,error:NA,message:NA,root:NA}
WHEN=2026/09/14 05:46:30||TXN=EVT-0005321||FLOW=IF_MESPC_PLMPD_001||SRCAPP=PC||DST=PLM||OUT=S||DUR=7451||SID=SESS-83BAD27D2B||RID=REQ-2F20ABB15461||CONTEXT={middleware:REST_API,pattern:REST,bp:Process Parameter Feedback to Product,error:NA,message:NA,root:NA}
WHEN=2026/09/16 02:38:30||TXN=EVT-0005323||FLOW=IF_MESYM_SAPQM_001||SRCAPP=YM||DST=SAP_ERP||OUT=S||DUR=853||SID=SESS-1D95714CE8||RID=REQ-08AFA16C900F||CONTEXT={middleware:Kafka,pattern:Async,bp:Yield Result to Quality,error:NA,message:NA,root:NA}
WHEN=2026/09/15 04:49:46||TXN=EVT-0005334||FLOW=IF_MESPE_SAPPP_001||SRCAPP=PE||DST=SAP_ERP||OUT=S||DUR=916||SID=SESS-31ADA967FB||RID=REQ-0B41ADB8181D||CONTEXT={middleware:Kafka,pattern:Async,bp:Production Completion to ERP,error:NA,message:NA,root:NA}
WHEN=2026/09/10 01:29:34||TXN=EVT-0005341||FLOW=IF_MESPC_PLMPD_001||SRCAPP=PC||DST=PLM||OUT=S||DUR=9363||SID=SESS-C0618C342D||RID=REQ-F035A1AD8822||CONTEXT={middleware:REST_API,pattern:REST,bp:Process Parameter Feedback to Product,error:NA,message:NA,root:NA}
WHEN=2026/09/11 21:35:57||TXN=EVT-0005343||FLOW=IF_MESYM_SAPQM_001||SRCAPP=YM||DST=SAP_ERP||OUT=F||DUR=11954||SID=SESS-7920119B4B||RID=REQ-B386D1EF5A96||CONTEXT={middleware:Kafka,pattern:Async,bp:Yield Result to Quality,error:AUTHZ_403,message:Caller is not authorized,root:Authorization}
WHEN=2026/09/15 00:45:45||TXN=EVT-0005344||FLOW=IF_MESYM_SAPQM_001||SRCAPP=YM||DST=SAP_ERP||OUT=S||DUR=1772||SID=SESS-C8579433EF||RID=REQ-B46819C52408||CONTEXT={middleware:Kafka,pattern:Async,bp:Yield Result to Quality,error:NA,message:NA,root:NA}
WHEN=2026/09/12 07:25:11||TXN=EVT-0005371||FLOW=IF_MESPE_ORSC_001||SRCAPP=PE||DST=ORACLE_SCM||OUT=S||DUR=1564||SID=SESS-083EF53E2D||RID=REQ-A349B6FE48CE||CONTEXT={middleware:Kafka,pattern:Async,bp:Production Completion to Supply,error:NA,message:NA,root:NA}
WHEN=2026/09/15 05:08:49||TXN=EVT-0005377||FLOW=IF_MESPE_SAPPP_001||SRCAPP=PE||DST=SAP_ERP||OUT=S||DUR=988||SID=SESS-9F99F04C4D||RID=REQ-D6A91A4AB5BB||CONTEXT={middleware:Kafka,pattern:Async,bp:Production Completion to ERP,error:NA,message:NA,root:NA}
WHEN=2026/09/15 05:08:56||TXN=EVT-0005389||FLOW=IF_MESPC_PLMPD_001||SRCAPP=PC||DST=PLM||OUT=R||DUR=25519||SID=SESS-AA6A874F4A||RID=REQ-E022F6293217||CONTEXT={middleware:REST_API,pattern:REST,bp:Process Parameter Feedback to Product,error:NET_CONN_003,message:Connection reset by peer,root:Network}
WHEN=2026/09/14 01:07:12||TXN=EVT-0005392||FLOW=IF_MESPE_ORSC_001||SRCAPP=PE||DST=ORACLE_SCM||OUT=S||DUR=2285||SID=SESS-84FC585562||RID=REQ-3B72529A3DE4||CONTEXT={middleware:Kafka,pattern:Async,bp:Production Completion to Supply,error:NA,message:NA,root:NA}
WHEN=2026/09/13 08:06:30||TXN=EVT-0005401||FLOW=IF_MESPC_PLMPD_001||SRCAPP=PC||DST=PLM||OUT=S||DUR=7165||SID=SESS-5186CC583B||RID=REQ-0AF1D8FC8E7A||CONTEXT={middleware:REST_API,pattern:REST,bp:Process Parameter Feedback to Product,error:NA,message:NA,root:NA}
WHEN=2026/09/10 01:33:38||TXN=EVT-0005409||FLOW=IF_MESPE_SAPPP_001||SRCAPP=PE||DST=SAP_ERP||OUT=R||DUR=1738||SID=SESS-AA6DA2ABB2||RID=REQ-8F6310D38724||CONTEXT={middleware:Kafka,pattern:Async,bp:Production Completion to ERP,error:CFG_017,message:Interface configuration mismatch,root:Configuration}
WHEN=2026/09/15 13:00:26||TXN=EVT-0005421||FLOW=IF_MESPC_PLMPD_001||SRCAPP=PC||DST=PLM||OUT=F||DUR=27140||SID=SESS-0E738EF894||RID=REQ-CB20F87BFA7A||CONTEXT={middleware:REST_API,pattern:REST,bp:Process Parameter Feedback to Product,error:NET_CONN_003,message:Connection reset by peer,root:Network}
WHEN=2026/09/12 00:49:17||TXN=EVT-0005423||FLOW=IF_MESPC_PLMPD_001||SRCAPP=PC||DST=PLM||OUT=S||DUR=7772||SID=SESS-7D8E6C7586||RID=REQ-6B50FB2D631A||CONTEXT={middleware:REST_API,pattern:REST,bp:Process Parameter Feedback to Product,error:NA,message:NA,root:NA}
WHEN=2026/09/11 04:42:50||TXN=EVT-0005424||FLOW=IF_MESPE_ORSC_001||SRCAPP=PE||DST=ORACLE_SCM||OUT=S||DUR=2335||SID=SESS-96FB70BD4B||RID=REQ-B3E1672D843D||CONTEXT={middleware:Kafka,pattern:Async,bp:Production Completion to Supply,error:NA,message:NA,root:NA}
WHEN=2026/09/11 01:10:21||TXN=EVT-0005432||FLOW=IF_MESYM_SAPQM_001||SRCAPP=YM||DST=SAP_ERP||OUT=S||DUR=1065||SID=SESS-8133ADCA2F||RID=REQ-98B33EE2EBD3||CONTEXT={middleware:Kafka,pattern:Async,bp:Yield Result to Quality,error:NA,message:NA,root:NA}
WHEN=2026/09/14 22:35:42||TXN=EVT-0005433||FLOW=IF_MESPE_SAPPP_001||SRCAPP=PE||DST=SAP_ERP||OUT=R||DUR=2595||SID=SESS-B1827E9B3B||RID=REQ-092AF0000A2A||CONTEXT={middleware:Kafka,pattern:Async,bp:Production Completion to ERP,error:VAL_400,message:Required business field failed validation,root:Validation}
WHEN=2026/09/16 00:24:15||TXN=EVT-0005434||FLOW=IF_MESPE_SAPPP_001||SRCAPP=PE||DST=SAP_ERP||OUT=S||DUR=934||SID=SESS-1E730FB0B6||RID=REQ-DEBCD7CDB12B||CONTEXT={middleware:Kafka,pattern:Async,bp:Production Completion to ERP,error:NA,message:NA,root:NA}
WHEN=2026/09/14 17:47:52||TXN=EVT-0005457||FLOW=IF_MESPE_ORSC_001||SRCAPP=PE||DST=ORACLE_SCM||OUT=S||DUR=2532||SID=SESS-9A5EE76881||RID=REQ-CA37BF07FD98||CONTEXT={middleware:Kafka,pattern:Async,bp:Production Completion to Supply,error:NA,message:NA,root:NA}
WHEN=2026/09/14 03:16:49||TXN=EVT-0005460||FLOW=IF_MESPE_SAPPP_001||SRCAPP=PE||DST=SAP_ERP||OUT=S||DUR=700||SID=SESS-53D130B5EC||RID=REQ-E7971A550195||CONTEXT={middleware:Kafka,pattern:Async,bp:Production Completion to ERP,error:NA,message:NA,root:NA}
WHEN=2026/09/13 18:08:38||TXN=EVT-0005467||FLOW=IF_MESPE_ORSC_001||SRCAPP=PE||DST=ORACLE_SCM||OUT=S||DUR=2866||SID=SESS-3F5276AF74||RID=REQ-A32789D54EBE||CONTEXT={middleware:Kafka,pattern:Async,bp:Production Completion to Supply,error:NA,message:NA,root:NA}
WHEN=2026/09/14 22:10:16||TXN=EVT-0005504||FLOW=IF_MESYM_SAPQM_001||SRCAPP=YM||DST=SAP_ERP||OUT=S||DUR=1229||SID=SESS-2BBEAA856E||RID=REQ-CC0C284A06DB||CONTEXT={middleware:Kafka,pattern:Async,bp:Yield Result to Quality,error:NA,message:NA,root:NA}
WHEN=2026/09/15 01:12:51||TXN=EVT-0005512||FLOW=IF_MESPE_SAPPP_001||SRCAPP=PE||DST=SAP_ERP||OUT=S||DUR=579||SID=SESS-FC3C9B3481||RID=REQ-9B237C70D127||CONTEXT={middleware:Kafka,pattern:Async,bp:Production Completion to ERP,error:NA,message:NA,root:NA}
WHEN=2026/09/11 13:16:11||TXN=EVT-0005525||FLOW=IF_MESPE_SAPPP_001||SRCAPP=PE||DST=SAP_ERP||OUT=S||DUR=755||SID=SESS-6B88F261B2||RID=REQ-F0C961073CC9||CONTEXT={middleware:Kafka,pattern:Async,bp:Production Completion to ERP,error:NA,message:NA,root:NA}
WHEN=2026/09/12 19:24:00||TXN=EVT-0005528||FLOW=IF_MESPE_SAPPP_001||SRCAPP=PE||DST=SAP_ERP||OUT=S||DUR=585||SID=SESS-3BAE7DE00A||RID=REQ-1AFB452B64A7||CONTEXT={middleware:Kafka,pattern:Async,bp:Production Completion to ERP,error:NA,message:NA,root:NA}
WHEN=2026/09/15 17:48:49||TXN=EVT-0005531||FLOW=IF_MESPE_ORSC_001||SRCAPP=PE||DST=ORACLE_SCM||OUT=R||DUR=7971||SID=SESS-E01B1D957D||RID=REQ-2072DB4B29B4||CONTEXT={middleware:Kafka,pattern:Async,bp:Production Completion to Supply,error:AUTH_401,message:Service credential rejected,root:Authentication}
WHEN=2026/09/11 17:52:44||TXN=EVT-0005535||FLOW=IF_MESPE_ORSC_001||SRCAPP=PE||DST=ORACLE_SCM||OUT=S||DUR=2970||SID=SESS-6F19CB4B49||RID=REQ-EF15FC4C29F1||CONTEXT={middleware:Kafka,pattern:Async,bp:Production Completion to Supply,error:NA,message:NA,root:NA}
WHEN=2026/09/12 13:35:53||TXN=EVT-0005538||FLOW=IF_MESYM_SAPQM_001||SRCAPP=YM||DST=SAP_ERP||OUT=S||DUR=1186||SID=SESS-F29662E40F||RID=REQ-B25BA1A3209E||CONTEXT={middleware:Kafka,pattern:Async,bp:Yield Result to Quality,error:NA,message:NA,root:NA}
WHEN=2026/09/11 08:03:12||TXN=EVT-0005544||FLOW=IF_MESPC_PLMPD_001||SRCAPP=PC||DST=PLM||OUT=S||DUR=7361||SID=SESS-2B4772C68D||RID=REQ-4F6510F08220||CONTEXT={middleware:REST_API,pattern:REST,bp:Process Parameter Feedback to Product,error:NA,message:NA,root:NA}
WHEN=2026/09/12 20:03:47||TXN=EVT-0005545||FLOW=IF_MESYM_SAPQM_001||SRCAPP=YM||DST=SAP_ERP||OUT=S||DUR=1404||SID=SESS-E0356427AC||RID=REQ-66F88E7E0D1F||CONTEXT={middleware:Kafka,pattern:Async,bp:Yield Result to Quality,error:NA,message:NA,root:NA}
WHEN=2026/09/16 08:29:09||TXN=EVT-0005546||FLOW=IF_MESYM_SAPQM_001||SRCAPP=YM||DST=SAP_ERP||OUT=S||DUR=1226||SID=SESS-12C4D68575||RID=REQ-DCD107F7B965||CONTEXT={middleware:Kafka,pattern:Async,bp:Yield Result to Quality,error:NA,message:NA,root:NA}
WHEN=2026/09/16 01:07:17||TXN=EVT-0005551||FLOW=IF_MESPE_ORSC_001||SRCAPP=PE||DST=ORACLE_SCM||OUT=S||DUR=1785||SID=SESS-2E6F30BDF6||RID=REQ-F2A0B70BC205||CONTEXT={middleware:Kafka,pattern:Async,bp:Production Completion to Supply,error:NA,message:NA,root:NA}
WHEN=2026/09/11 07:32:31||TXN=EVT-0005553||FLOW=IF_MESPE_SAPPP_001||SRCAPP=PE||DST=SAP_ERP||OUT=S||DUR=903||SID=SESS-887A3990DD||RID=REQ-EE71DC51C502||CONTEXT={middleware:Kafka,pattern:Async,bp:Production Completion to ERP,error:NA,message:NA,root:NA}
WHEN=2026/09/12 17:58:23||TXN=EVT-0005567||FLOW=IF_MESPE_SAPPP_001||SRCAPP=PE||DST=SAP_ERP||OUT=S||DUR=879||SID=SESS-F98EF91F8C||RID=REQ-FAEE767E61A3||CONTEXT={middleware:Kafka,pattern:Async,bp:Production Completion to ERP,error:NA,message:NA,root:NA}
WHEN=2026/09/14 15:21:13||TXN=EVT-0005573||FLOW=IF_MESPC_PLMPD_001||SRCAPP=PC||DST=PLM||OUT=S||DUR=6300||SID=SESS-B6138EF270||RID=REQ-4BA3709DE2E9||CONTEXT={middleware:REST_API,pattern:REST,bp:Process Parameter Feedback to Product,error:NA,message:NA,root:NA}
WHEN=2026/09/15 21:32:26||TXN=EVT-0005581||FLOW=IF_MESYM_SAPQM_001||SRCAPP=YM||DST=SAP_ERP||OUT=R||DUR=2235||SID=SESS-533D3BACFC||RID=REQ-86667C821C9F||CONTEXT={middleware:Kafka,pattern:Async,bp:Yield Result to Quality,error:EXT_502,message:Downstream service returned 502,root:External Service}
WHEN=2026/09/10 01:23:27||TXN=EVT-0005585||FLOW=IF_MESPC_PLMPD_001||SRCAPP=PC||DST=PLM||OUT=S||DUR=10240||SID=SESS-42E455BA4E||RID=REQ-320FC8C67994||CONTEXT={middleware:REST_API,pattern:REST,bp:Process Parameter Feedback to Product,error:NA,message:NA,root:NA}
WHEN=2026/09/11 07:20:06||TXN=EVT-0005594||FLOW=IF_MESPE_SAPPP_001||SRCAPP=PE||DST=SAP_ERP||OUT=S||DUR=1101||SID=SESS-88C3580728||RID=REQ-EAB6139DB462||CONTEXT={middleware:Kafka,pattern:Async,bp:Production Completion to ERP,error:NA,message:NA,root:NA}
WHEN=2026/09/12 01:00:05||TXN=EVT-0005605||FLOW=IF_MESPC_PLMPD_001||SRCAPP=PC||DST=PLM||OUT=S||DUR=8157||SID=SESS-B26B3B163A||RID=REQ-8490D451C142||CONTEXT={middleware:REST_API,pattern:REST,bp:Process Parameter Feedback to Product,error:NA,message:NA,root:NA}
WHEN=2026/09/15 20:18:58||TXN=EVT-0005606||FLOW=IF_MESPE_SAPPP_001||SRCAPP=PE||DST=SAP_ERP||OUT=S||DUR=986||SID=SESS-A534E7D56F||RID=REQ-34D4E3BB2AA6||CONTEXT={middleware:Kafka,pattern:Async,bp:Production Completion to ERP,error:NA,message:NA,root:NA}
WHEN=2026/09/13 12:58:33||TXN=EVT-0005611||FLOW=IF_MESPE_ORSC_001||SRCAPP=PE||DST=ORACLE_SCM||OUT=S||DUR=2590||SID=SESS-186875F6C8||RID=REQ-5D3C417AF1BE||CONTEXT={middleware:Kafka,pattern:Async,bp:Production Completion to Supply,error:NA,message:NA,root:NA}
WHEN=2026/09/12 16:20:10||TXN=EVT-0005613||FLOW=IF_MESPE_ORSC_001||SRCAPP=PE||DST=ORACLE_SCM||OUT=R||DUR=7166||SID=SESS-CDFCD0C0AB||RID=REQ-A8274D127095||CONTEXT={middleware:Kafka,pattern:Async,bp:Production Completion to Supply,error:AUTH_401,message:Service credential rejected,root:Authentication}
WHEN=2026/09/14 20:21:22||TXN=EVT-0005616||FLOW=IF_MESPE_SAPPP_001||SRCAPP=PE||DST=SAP_ERP||OUT=S||DUR=702||SID=SESS-6CC22A2847||RID=REQ-B4D09C665FF2||CONTEXT={middleware:Kafka,pattern:Async,bp:Production Completion to ERP,error:NA,message:NA,root:NA}
WHEN=2026/09/14 20:00:12||TXN=EVT-0005620||FLOW=IF_MESPC_PLMPD_001||SRCAPP=PC||DST=PLM||OUT=S||DUR=7052||SID=SESS-EDC28D8FA4||RID=REQ-0EE4E2F8A8E0||CONTEXT={middleware:REST_API,pattern:REST,bp:Process Parameter Feedback to Product,error:NA,message:NA,root:NA}
WHEN=2026/09/15 21:25:54||TXN=EVT-0005625||FLOW=IF_MESYM_SAPQM_001||SRCAPP=YM||DST=SAP_ERP||OUT=S||DUR=1368||SID=SESS-0E472DFA34||RID=REQ-D20FC2AFDB48||CONTEXT={middleware:Kafka,pattern:Async,bp:Yield Result to Quality,error:NA,message:NA,root:NA}
WHEN=2026/09/15 03:06:46||TXN=EVT-0005628||FLOW=IF_MESYM_SAPQM_001||SRCAPP=YM||DST=SAP_ERP||OUT=S||DUR=1400||SID=SESS-AE32E00DBE||RID=REQ-35F96287840A||CONTEXT={middleware:Kafka,pattern:Async,bp:Yield Result to Quality,error:NA,message:NA,root:NA}
WHEN=2026/09/12 11:46:45||TXN=EVT-0005630||FLOW=IF_MESPC_PLMPD_001||SRCAPP=PC||DST=PLM||OUT=S||DUR=7517||SID=SESS-91EE513506||RID=REQ-FAB62EE097AF||CONTEXT={middleware:REST_API,pattern:REST,bp:Process Parameter Feedback to Product,error:NA,message:NA,root:NA}
WHEN=2026/09/15 13:55:15||TXN=EVT-0005632||FLOW=IF_MESYM_SAPQM_001||SRCAPP=YM||DST=SAP_ERP||OUT=R||DUR=2337||SID=SESS-77B6716DCB||RID=REQ-C02E4BFB7353||CONTEXT={middleware:Kafka,pattern:Async,bp:Yield Result to Quality,error:VAL_400,message:Required business field failed validation,root:Validation}
WHEN=2026/09/16 09:03:47||TXN=EVT-0005638||FLOW=IF_MESPE_ORSC_001||SRCAPP=PE||DST=ORACLE_SCM||OUT=S||DUR=2470||SID=SESS-B339CCE4C6||RID=REQ-668441DE7503||CONTEXT={middleware:Kafka,pattern:Async,bp:Production Completion to Supply,error:NA,message:NA,root:NA}
WHEN=2026/09/10 02:21:05||TXN=EVT-0005642||FLOW=IF_MESPE_ORSC_001||SRCAPP=PE||DST=ORACLE_SCM||OUT=S||DUR=1666||SID=SESS-1B43A27988||RID=REQ-7887D1CC4EBD||CONTEXT={middleware:Kafka,pattern:Async,bp:Production Completion to Supply,error:NA,message:NA,root:NA}
WHEN=2026/09/12 20:01:30||TXN=EVT-0005644||FLOW=IF_MESPE_SAPPP_001||SRCAPP=PE||DST=SAP_ERP||OUT=S||DUR=743||SID=SESS-8294A9C591||RID=REQ-ECA792DAAB03||CONTEXT={middleware:Kafka,pattern:Async,bp:Production Completion to ERP,error:NA,message:NA,root:NA}
WHEN=2026/09/12 23:27:52||TXN=EVT-0005645||FLOW=IF_MESPE_SAPPP_001||SRCAPP=PE||DST=SAP_ERP||OUT=R||DUR=1859||SID=SESS-C7334FF713||RID=REQ-83F94553257C||CONTEXT={middleware:Kafka,pattern:Async,bp:Production Completion to ERP,error:AUTH_401,message:Service credential rejected,root:Authentication}
WHEN=2026/09/10 11:21:31||TXN=EVT-0005652||FLOW=IF_MESPC_PLMPD_001||SRCAPP=PC||DST=PLM||OUT=S||DUR=7445||SID=SESS-20558316DA||RID=REQ-9323DA89B979||CONTEXT={middleware:REST_API,pattern:REST,bp:Process Parameter Feedback to Product,error:NA,message:NA,root:NA}
WHEN=2026/09/13 05:43:40||TXN=EVT-0005656||FLOW=IF_MESPC_PLMPD_001||SRCAPP=PC||DST=PLM||OUT=S||DUR=7892||SID=SESS-FF679D3919||RID=REQ-D341B23F6BA0||CONTEXT={middleware:REST_API,pattern:REST,bp:Process Parameter Feedback to Product,error:NA,message:NA,root:NA}
WHEN=2026/09/13 23:44:40||TXN=EVT-0005658||FLOW=IF_MESPE_SAPPP_001||SRCAPP=PE||DST=SAP_ERP||OUT=S||DUR=984||SID=SESS-04CD66E3D3||RID=REQ-D0B873669AEE||CONTEXT={middleware:Kafka,pattern:Async,bp:Production Completion to ERP,error:NA,message:NA,root:NA}
WHEN=2026/09/11 03:40:14||TXN=EVT-0005660||FLOW=IF_MESPC_PLMPD_001||SRCAPP=PC||DST=PLM||OUT=S||DUR=2541||SID=SESS-C0D3D6A4E9||RID=REQ-1EE7503EF1C3||CONTEXT={middleware:REST_API,pattern:REST,bp:Process Parameter Feedback to Product,error:NA,message:NA,root:NA}
WHEN=2026/09/13 14:57:47||TXN=EVT-0005663||FLOW=IF_MESPE_SAPPP_001||SRCAPP=PE||DST=SAP_ERP||OUT=S||DUR=941||SID=SESS-E17CB804F4||RID=REQ-BB1A8E36FF57||CONTEXT={middleware:Kafka,pattern:Async,bp:Production Completion to ERP,error:NA,message:NA,root:NA}
WHEN=2026/09/12 12:34:08||TXN=EVT-0005668||FLOW=IF_MESPE_SAPPP_001||SRCAPP=PE||DST=SAP_ERP||OUT=R||DUR=2800||SID=SESS-3CCE6C8CE9||RID=REQ-46E565717DE8||CONTEXT={middleware:Kafka,pattern:Async,bp:Production Completion to ERP,error:INFRA_008,message:Runtime node unavailable,root:Infrastructure}
WHEN=2026/09/12 09:35:30||TXN=EVT-0005673||FLOW=IF_MESPE_SAPPP_001||SRCAPP=PE||DST=SAP_ERP||OUT=F||DUR=4598||SID=SESS-5B9AC5D6F2||RID=REQ-337E78BECA57||CONTEXT={middleware:Kafka,pattern:Async,bp:Production Completion to ERP,error:DB_COMMIT_014,message:Transaction commit failed,root:Database}
WHEN=2026/09/13 22:08:12||TXN=EVT-0005677||FLOW=IF_MESPE_ORSC_001||SRCAPP=PE||DST=ORACLE_SCM||OUT=S||DUR=1329||SID=SESS-AAB32FA1CD||RID=REQ-2BB070D8709B||CONTEXT={middleware:Kafka,pattern:Async,bp:Production Completion to Supply,error:NA,message:NA,root:NA}
WHEN=2026/09/10 07:09:31||TXN=EVT-0005698||FLOW=IF_MESPE_SAPPP_001||SRCAPP=PE||DST=SAP_ERP||OUT=R||DUR=1768||SID=SESS-CC9575AB55||RID=REQ-2FE0B55677FE||CONTEXT={middleware:Kafka,pattern:Async,bp:Production Completion to ERP,error:DB_COMMIT_014,message:Transaction commit failed,root:Database}
WHEN=2026/09/14 00:20:38||TXN=EVT-0005703||FLOW=IF_MESPE_SAPPP_001||SRCAPP=PE||DST=SAP_ERP||OUT=S||DUR=302||SID=SESS-89C7FE896C||RID=REQ-2FE5A4300181||CONTEXT={middleware:Kafka,pattern:Async,bp:Production Completion to ERP,error:NA,message:NA,root:NA}
WHEN=2026/09/16 13:54:36||TXN=EVT-0005705||FLOW=IF_MESPE_ORSC_001||SRCAPP=PE||DST=ORACLE_SCM||OUT=R||DUR=3944||SID=SESS-7B56D36E7B||RID=REQ-87EBE5575B52||CONTEXT={middleware:Kafka,pattern:Async,bp:Production Completion to Supply,error:TIME_004,message:Downstream response exceeded SLA,root:Timeout}
WHEN=2026/09/13 03:25:07||TXN=EVT-0005708||FLOW=IF_MESPE_SAPPP_001||SRCAPP=PE||DST=SAP_ERP||OUT=S||DUR=873||SID=SESS-CF8DE40543||RID=REQ-47F4B80A64D1||CONTEXT={middleware:Kafka,pattern:Async,bp:Production Completion to ERP,error:NA,message:NA,root:NA}
WHEN=2026/09/15 00:57:20||TXN=EVT-0005711||FLOW=IF_MESPE_ORSC_001||SRCAPP=PE||DST=ORACLE_SCM||OUT=S||DUR=2063||SID=SESS-4ECC3B88BF||RID=REQ-90DCEC55E8B2||CONTEXT={middleware:Kafka,pattern:Async,bp:Production Completion to Supply,error:NA,message:NA,root:NA}
WHEN=2026/09/13 18:36:17||TXN=EVT-0005712||FLOW=IF_MESPE_ORSC_001||SRCAPP=PE||DST=ORACLE_SCM||OUT=S||DUR=1830||SID=SESS-272A586C8D||RID=REQ-543B552096C4||CONTEXT={middleware:Kafka,pattern:Async,bp:Production Completion to Supply,error:NA,message:NA,root:NA}
WHEN=2026/09/13 20:10:31||TXN=EVT-0005724||FLOW=IF_MESPE_ORSC_001||SRCAPP=PE||DST=ORACLE_SCM||OUT=S||DUR=2350||SID=SESS-EEA5C376A8||RID=REQ-EB314B7B2315||CONTEXT={middleware:Kafka,pattern:Async,bp:Production Completion to Supply,error:NA,message:NA,root:NA}
WHEN=2026/09/16 23:01:18||TXN=EVT-0005726||FLOW=IF_MESPE_ORSC_001||SRCAPP=PE||DST=ORACLE_SCM||OUT=S||DUR=2767||SID=SESS-332D279C60||RID=REQ-0690533DC769||CONTEXT={middleware:Kafka,pattern:Async,bp:Production Completion to Supply,error:NA,message:NA,root:NA}
WHEN=2026/09/10 11:45:02||TXN=EVT-0005729||FLOW=IF_MESPE_ORSC_001||SRCAPP=PE||DST=ORACLE_SCM||OUT=R||DUR=6885||SID=SESS-D93DB3FD3E||RID=REQ-4859E47E59A9||CONTEXT={middleware:Kafka,pattern:Async,bp:Production Completion to Supply,error:AUTH_401,message:Service credential rejected,root:Authentication}
WHEN=2026/09/15 18:58:31||TXN=EVT-0005733||FLOW=IF_MESPC_PLMPD_001||SRCAPP=PC||DST=PLM||OUT=S||DUR=5557||SID=SESS-29301727B9||RID=REQ-3A73658D8100||CONTEXT={middleware:REST_API,pattern:REST,bp:Process Parameter Feedback to Product,error:NA,message:NA,root:NA}
WHEN=2026/09/13 19:50:27||TXN=EVT-0005749||FLOW=IF_MESPC_PLMPD_001||SRCAPP=PC||DST=PLM||OUT=S||DUR=6573||SID=SESS-A276861363||RID=REQ-E464B358EADE||CONTEXT={middleware:REST_API,pattern:REST,bp:Process Parameter Feedback to Product,error:NA,message:NA,root:NA}
WHEN=2026/09/11 19:51:00||TXN=EVT-0005752||FLOW=IF_MESPC_PLMPD_001||SRCAPP=PC||DST=PLM||OUT=S||DUR=6719||SID=SESS-B3D09B476F||RID=REQ-91F914F240B1||CONTEXT={middleware:REST_API,pattern:REST,bp:Process Parameter Feedback to Product,error:NA,message:NA,root:NA}
WHEN=2026/09/10 15:24:42||TXN=EVT-0005753||FLOW=IF_MESPC_PLMPD_001||SRCAPP=PC||DST=PLM||OUT=S||DUR=7299||SID=SESS-FA351D21C6||RID=REQ-3EAD0A996E4E||CONTEXT={middleware:REST_API,pattern:REST,bp:Process Parameter Feedback to Product,error:NA,message:NA,root:NA}
WHEN=2026/09/10 22:28:25||TXN=EVT-0005759||FLOW=IF_MESPE_SAPPP_001||SRCAPP=PE||DST=SAP_ERP||OUT=S||DUR=1055||SID=SESS-CA9F3F9155||RID=REQ-C7C71E75D5CD||CONTEXT={middleware:Kafka,pattern:Async,bp:Production Completion to ERP,error:NA,message:NA,root:NA}
WHEN=2026/09/14 04:03:53||TXN=EVT-0005765||FLOW=IF_MESPE_ORSC_001||SRCAPP=PE||DST=ORACLE_SCM||OUT=F||DUR=9784||SID=SESS-F0124D7D53||RID=REQ-5E195E45B07D||CONTEXT={middleware:Kafka,pattern:Async,bp:Production Completion to Supply,error:CFG_017,message:Interface configuration mismatch,root:Configuration}
WHEN=2026/09/13 16:15:34||TXN=EVT-0005770||FLOW=IF_MESYM_SAPQM_001||SRCAPP=YM||DST=SAP_ERP||OUT=S||DUR=1308||SID=SESS-BDF4D61F94||RID=REQ-4D1E808AB4B6||CONTEXT={middleware:Kafka,pattern:Async,bp:Yield Result to Quality,error:NA,message:NA,root:NA}
WHEN=2026/09/16 04:20:34||TXN=EVT-0005781||FLOW=IF_MESPE_ORSC_001||SRCAPP=PE||DST=ORACLE_SCM||OUT=S||DUR=2223||SID=SESS-DF4E2ECAD0||RID=REQ-0776412C254D||CONTEXT={middleware:Kafka,pattern:Async,bp:Production Completion to Supply,error:NA,message:NA,root:NA}
WHEN=2026/09/12 17:05:05||TXN=EVT-0005788||FLOW=IF_MESPE_ORSC_001||SRCAPP=PE||DST=ORACLE_SCM||OUT=S||DUR=3101||SID=SESS-F67BABC5C3||RID=REQ-21DB1DE27805||CONTEXT={middleware:Kafka,pattern:Async,bp:Production Completion to Supply,error:NA,message:NA,root:NA}
WHEN=2026/09/12 11:58:45||TXN=EVT-0005790||FLOW=IF_MESPE_ORSC_001||SRCAPP=PE||DST=ORACLE_SCM||OUT=S||DUR=1977||SID=SESS-1886A9C9A0||RID=REQ-25282958F551||CONTEXT={middleware:Kafka,pattern:Async,bp:Production Completion to Supply,error:NA,message:NA,root:NA}
WHEN=2026/09/12 13:29:26||TXN=EVT-0005796||FLOW=IF_MESPE_SAPPP_001||SRCAPP=PE||DST=SAP_ERP||OUT=S||DUR=1298||SID=SESS-E369CDB519||RID=REQ-1787661D398B||CONTEXT={middleware:Kafka,pattern:Async,bp:Production Completion to ERP,error:NA,message:NA,root:NA}
WHEN=2026/09/10 22:15:36||TXN=EVT-0005801||FLOW=IF_MESYM_SAPQM_001||SRCAPP=YM||DST=SAP_ERP||OUT=S||DUR=1600||SID=SESS-7856D4BCDA||RID=REQ-261D05A2DF79||CONTEXT={middleware:Kafka,pattern:Async,bp:Yield Result to Quality,error:NA,message:NA,root:NA}
WHEN=2026/09/15 17:15:13||TXN=EVT-0005802||FLOW=IF_MESPE_ORSC_001||SRCAPP=PE||DST=ORACLE_SCM||OUT=S||DUR=1802||SID=SESS-C01E8AE141||RID=REQ-47BC4D2C24CC||CONTEXT={middleware:Kafka,pattern:Async,bp:Production Completion to Supply,error:NA,message:NA,root:NA}
WHEN=2026/09/11 13:15:50||TXN=EVT-0005806||FLOW=IF_MESPE_ORSC_001||SRCAPP=PE||DST=ORACLE_SCM||OUT=S||DUR=3291||SID=SESS-41F2ADE067||RID=REQ-99AB2A9A21A4||CONTEXT={middleware:Kafka,pattern:Async,bp:Production Completion to Supply,error:NA,message:NA,root:NA}
WHEN=2026/09/11 16:24:29||TXN=EVT-0005814||FLOW=IF_MESPE_SAPPP_001||SRCAPP=PE||DST=SAP_ERP||OUT=S||DUR=936||SID=SESS-2B63120CBD||RID=REQ-22FDB7B984B8||CONTEXT={middleware:Kafka,pattern:Async,bp:Production Completion to ERP,error:NA,message:NA,root:NA}
WHEN=2026/09/11 11:52:04||TXN=EVT-0005821||FLOW=IF_MESPC_PLMPD_001||SRCAPP=PC||DST=PLM||OUT=S||DUR=6754||SID=SESS-5D6AC38E70||RID=REQ-F746956B034A||CONTEXT={middleware:REST_API,pattern:REST,bp:Process Parameter Feedback to Product,error:NA,message:NA,root:NA}
WHEN=2026/09/15 08:22:38||TXN=EVT-0005823||FLOW=IF_MESYM_SAPQM_001||SRCAPP=YM||DST=SAP_ERP||OUT=S||DUR=985||SID=SESS-846777BF34||RID=REQ-7CB1B01754F0||CONTEXT={middleware:Kafka,pattern:Async,bp:Yield Result to Quality,error:NA,message:NA,root:NA}
WHEN=2026/09/12 22:31:03||TXN=EVT-0005826||FLOW=IF_MESYM_SAPQM_001||SRCAPP=YM||DST=SAP_ERP||OUT=S||DUR=1823||SID=SESS-C480E82FAC||RID=REQ-7C68E44BA0D6||CONTEXT={middleware:Kafka,pattern:Async,bp:Yield Result to Quality,error:NA,message:NA,root:NA}
WHEN=2026/09/10 10:40:24||TXN=EVT-0005832||FLOW=IF_MESYM_SAPQM_001||SRCAPP=YM||DST=SAP_ERP||OUT=S||DUR=1341||SID=SESS-3871FC307A||RID=REQ-71D27116020E||CONTEXT={middleware:Kafka,pattern:Async,bp:Yield Result to Quality,error:NA,message:NA,root:NA}
WHEN=2026/09/14 02:14:00||TXN=EVT-0005834||FLOW=IF_MESPE_SAPPP_001||SRCAPP=PE||DST=SAP_ERP||OUT=S||DUR=615||SID=SESS-81F49B3BBC||RID=REQ-346A778C9B93||CONTEXT={middleware:Kafka,pattern:Async,bp:Production Completion to ERP,error:NA,message:NA,root:NA}
WHEN=2026/09/14 06:39:01||TXN=EVT-0005836||FLOW=IF_MESPC_PLMPD_001||SRCAPP=PC||DST=PLM||OUT=F||DUR=33928||SID=SESS-1315840448||RID=REQ-20A9C2B67677||CONTEXT={middleware:REST_API,pattern:REST,bp:Process Parameter Feedback to Product,error:VAL_400,message:Required business field failed validation,root:Validation}
WHEN=2026/09/11 09:41:55||TXN=EVT-0005840||FLOW=IF_MESPE_SAPPP_001||SRCAPP=PE||DST=SAP_ERP||OUT=S||DUR=891||SID=SESS-FD8332B87D||RID=REQ-5DA147891835||CONTEXT={middleware:Kafka,pattern:Async,bp:Production Completion to ERP,error:NA,message:NA,root:NA}
WHEN=2026/09/12 15:25:24||TXN=EVT-0005841||FLOW=IF_MESYM_SAPQM_001||SRCAPP=YM||DST=SAP_ERP||OUT=S||DUR=1219||SID=SESS-D47C30E23B||RID=REQ-741D5C4A9B4D||CONTEXT={middleware:Kafka,pattern:Async,bp:Yield Result to Quality,error:NA,message:NA,root:NA}
WHEN=2026/09/16 19:29:13||TXN=EVT-0005842||FLOW=IF_MESPE_ORSC_001||SRCAPP=PE||DST=ORACLE_SCM||OUT=S||DUR=2539||SID=SESS-3199F6ECE5||RID=REQ-1408D4273D33||CONTEXT={middleware:Kafka,pattern:Async,bp:Production Completion to Supply,error:NA,message:NA,root:NA}
WHEN=2026/09/14 12:37:32||TXN=EVT-0005849||FLOW=IF_MESPC_PLMPD_001||SRCAPP=PC||DST=PLM||OUT=S||DUR=5771||SID=SESS-C2D258576A||RID=REQ-5C8F281D35DE||CONTEXT={middleware:REST_API,pattern:REST,bp:Process Parameter Feedback to Product,error:NA,message:NA,root:NA}
WHEN=2026/09/11 16:48:02||TXN=EVT-0005850||FLOW=IF_MESYM_SAPQM_001||SRCAPP=YM||DST=SAP_ERP||OUT=S||DUR=679||SID=SESS-709EA1EB6C||RID=REQ-188982EB958A||CONTEXT={middleware:Kafka,pattern:Async,bp:Yield Result to Quality,error:NA,message:NA,root:NA}
WHEN=2026/09/14 11:12:28||TXN=EVT-0005856||FLOW=IF_MESPE_ORSC_001||SRCAPP=PE||DST=ORACLE_SCM||OUT=S||DUR=2087||SID=SESS-25AA859454||RID=REQ-05C866D5ADB8||CONTEXT={middleware:Kafka,pattern:Async,bp:Production Completion to Supply,error:NA,message:NA,root:NA}
WHEN=2026/09/14 02:38:21||TXN=EVT-0005867||FLOW=IF_MESYM_SAPQM_001||SRCAPP=YM||DST=SAP_ERP||OUT=S||DUR=1462||SID=SESS-3D4F20DC85||RID=REQ-0FE3D89BF0B4||CONTEXT={middleware:Kafka,pattern:Async,bp:Yield Result to Quality,error:NA,message:NA,root:NA}
WHEN=2026/09/11 07:08:42||TXN=EVT-0005872||FLOW=IF_MESYM_SAPQM_001||SRCAPP=YM||DST=SAP_ERP||OUT=S||DUR=1430||SID=SESS-F1AB212B40||RID=REQ-EDBD3993FB74||CONTEXT={middleware:Kafka,pattern:Async,bp:Yield Result to Quality,error:NA,message:NA,root:NA}
WHEN=2026/09/15 17:23:56||TXN=EVT-0005883||FLOW=IF_MESPE_ORSC_001||SRCAPP=PE||DST=ORACLE_SCM||OUT=R||DUR=5451||SID=SESS-267E302F8D||RID=REQ-09C4C95143D6||CONTEXT={middleware:Kafka,pattern:Async,bp:Production Completion to Supply,error:TIME_004,message:Downstream response exceeded SLA,root:Timeout}
WHEN=2026/09/12 22:34:40||TXN=EVT-0005894||FLOW=IF_MESPE_SAPPP_001||SRCAPP=PE||DST=SAP_ERP||OUT=S||DUR=738||SID=SESS-0D7CBE0575||RID=REQ-1C89307DCD30||CONTEXT={middleware:Kafka,pattern:Async,bp:Production Completion to ERP,error:NA,message:NA,root:NA}
WHEN=2026/09/11 06:01:31||TXN=EVT-0005895||FLOW=IF_MESPC_PLMPD_001||SRCAPP=PC||DST=PLM||OUT=S||DUR=4993||SID=SESS-544733E750||RID=REQ-D2B58CBD34C2||CONTEXT={middleware:REST_API,pattern:REST,bp:Process Parameter Feedback to Product,error:NA,message:NA,root:NA}
WHEN=2026/09/13 01:02:07||TXN=EVT-0005896||FLOW=IF_MESPC_PLMPD_001||SRCAPP=PC||DST=PLM||OUT=S||DUR=7995||SID=SESS-8E535520B1||RID=REQ-7B5A9B3883FA||CONTEXT={middleware:REST_API,pattern:REST,bp:Process Parameter Feedback to Product,error:NA,message:NA,root:NA}
WHEN=2026/09/16 11:56:09||TXN=EVT-0005898||FLOW=IF_MESPE_SAPPP_001||SRCAPP=PE||DST=SAP_ERP||OUT=S||DUR=807||SID=SESS-9A9492C760||RID=REQ-A634815050CE||CONTEXT={middleware:Kafka,pattern:Async,bp:Production Completion to ERP,error:NA,message:NA,root:NA}
WHEN=2026/09/10 06:47:15||TXN=EVT-0005899||FLOW=IF_MESPE_SAPPP_001||SRCAPP=PE||DST=SAP_ERP||OUT=S||DUR=749||SID=SESS-E9DB6AB240||RID=REQ-36276CEF88E3||CONTEXT={middleware:Kafka,pattern:Async,bp:Production Completion to ERP,error:NA,message:NA,root:NA}
WHEN=2026/09/14 12:40:46||TXN=EVT-0005907||FLOW=IF_MESPE_SAPPP_001||SRCAPP=PE||DST=SAP_ERP||OUT=R||DUR=1432||SID=SESS-607A4181D7||RID=REQ-BD6201A63EE8||CONTEXT={middleware:Kafka,pattern:Async,bp:Production Completion to ERP,error:INFRA_008,message:Runtime node unavailable,root:Infrastructure}
WHEN=2026/09/15 23:55:11||TXN=EVT-0005918||FLOW=IF_MESPE_SAPPP_001||SRCAPP=PE||DST=SAP_ERP||OUT=R||DUR=1823||SID=SESS-6F81F8B4C5||RID=REQ-92055A74640E||CONTEXT={middleware:Kafka,pattern:Async,bp:Production Completion to ERP,error:VAL_400,message:Required business field failed validation,root:Validation}
WHEN=2026/09/13 07:15:27||TXN=EVT-0005920||FLOW=IF_MESYM_SAPQM_001||SRCAPP=YM||DST=SAP_ERP||OUT=F||DUR=3913||SID=SESS-A9FB4AA467||RID=REQ-0153DD67D0C7||CONTEXT={middleware:Kafka,pattern:Async,bp:Yield Result to Quality,error:NET_CONN_003,message:Connection reset by peer,root:Network}
WHEN=2026/09/14 09:33:34||TXN=EVT-0005936||FLOW=IF_MESPE_ORSC_001||SRCAPP=PE||DST=ORACLE_SCM||OUT=S||DUR=2486||SID=SESS-A6772BC512||RID=REQ-CC5BE85E6CB4||CONTEXT={middleware:Kafka,pattern:Async,bp:Production Completion to Supply,error:NA,message:NA,root:NA}
WHEN=2026/09/16 20:22:49||TXN=EVT-0005955||FLOW=IF_MESYM_SAPQM_001||SRCAPP=YM||DST=SAP_ERP||OUT=S||DUR=1509||SID=SESS-72ABD519CF||RID=REQ-FA4019B5A682||CONTEXT={middleware:Kafka,pattern:Async,bp:Yield Result to Quality,error:NA,message:NA,root:NA}
WHEN=2026/09/14 22:17:13||TXN=EVT-0005960||FLOW=IF_MESPE_ORSC_001||SRCAPP=PE||DST=ORACLE_SCM||OUT=S||DUR=2242||SID=SESS-78CFE9644B||RID=REQ-255D759D088F||CONTEXT={middleware:Kafka,pattern:Async,bp:Production Completion to Supply,error:NA,message:NA,root:NA}
WHEN=2026/09/10 01:44:32||TXN=EVT-0005967||FLOW=IF_MESPC_PLMPD_001||SRCAPP=PC||DST=PLM||OUT=S||DUR=6405||SID=SESS-BDA82F54CA||RID=REQ-FCB64989D042||CONTEXT={middleware:REST_API,pattern:REST,bp:Process Parameter Feedback to Product,error:NA,message:NA,root:NA}
WHEN=2026/09/16 14:29:19||TXN=EVT-0005977||FLOW=IF_MESPE_ORSC_001||SRCAPP=PE||DST=ORACLE_SCM||OUT=S||DUR=1671||SID=SESS-2E4566A590||RID=REQ-0D8B253BCA21||CONTEXT={middleware:Kafka,pattern:Async,bp:Production Completion to Supply,error:NA,message:NA,root:NA}
WHEN=2026/09/14 01:24:37||TXN=EVT-0005983||FLOW=IF_MESPE_ORSC_001||SRCAPP=PE||DST=ORACLE_SCM||OUT=S||DUR=2182||SID=SESS-42601F3FC9||RID=REQ-CFB89555D4E1||CONTEXT={middleware:Kafka,pattern:Async,bp:Production Completion to Supply,error:NA,message:NA,root:NA}
WHEN=2026/09/10 15:37:50||TXN=EVT-0005994||FLOW=IF_MESPE_ORSC_001||SRCAPP=PE||DST=ORACLE_SCM||OUT=S||DUR=2456||SID=SESS-030E0A3425||RID=REQ-5201CFEB6193||CONTEXT={middleware:Kafka,pattern:Async,bp:Production Completion to Supply,error:NA,message:NA,root:NA}
