EVT|TS_LOCAL|IFACE|APP_CODE|DEST|RESULT|ELAPSED|SESSION|CORRELATION|DETAILS
EVT-0000003|11.09.2026 04:29:57|IF_SAPQM_ORWMS_001|QM|ORACLE_SCM|OK|1792|SESS-3266D471F3|REQ-718781968F4E|dest=ORACLE_SCM;app=Quality Management;business=Quality Release to Warehouse;mw=Kafka;mode=Async;err=0;reason=none;class=none
EVT-0000004|10.09.2026 13:32:43|IF_SAPQM_MESPE_001|QM|MES|OK|841|SESS-581B232159|REQ-6F3920D37E95|dest=MES;app=Quality Management;business=Quality Release to Production;mw=Kafka;mode=Async;err=0;reason=none;class=none
EVT-0000005|12.09.2026 20:32:29|IF_SAPPP_ORSC_001|PP|ORACLE_SCM|RETRY|3055|SESS-13745682FB|REQ-8C6AB3C88376|dest=ORACLE_SCM;app=Product Planning;business=Production Plan to Supply Plan;mw=Kafka;mode=Async;err=INFRA_008;reason=Runtime node unavailable;class=Infrastructure
EVT-0000007|16.09.2026 03:29:47|IF_SAPPROC_ORWMS_001|PROC|ORACLE_SCM|OK|13539|SESS-241C5AF946|REQ-3D6B3F5ADB4E|dest=ORACLE_SCM;app=Procurement;business=Purchase Receipt to Warehouse;mw=SFTP;mode=Batch;err=0;reason=none;class=none
EVT-0000009|15.09.2026 02:01:35|IF_SAPPP_MESPE_001|PP|MES|OK|1042|SESS-96B8E5AD57|REQ-C0784B4BB2F2|dest=MES;app=Product Planning;business=Production Order to Manufacturing;mw=Kafka;mode=Async;err=0;reason=none;class=none
EVT-0000015|15.09.2026 10:28:59|IF_SAPFIN_HCMPAY_001|FIN|HCM|OK|15606|SESS-6A8AD72B6E|REQ-72C33074E710|dest=HCM;app=Finance;business=Payment Confirmation to Payroll;mw=SFTP;mode=Batch;err=0;reason=none;class=none
EVT-0000016|15.09.2026 10:50:43|IF_SAPPROC_ORIM_001|PROC|ORACLE_SCM|OK|1851|SESS-0BECB0A943|REQ-35DE3AD5187C|dest=ORACLE_SCM;app=Procurement;business=Purchase Order to Inventory;mw=REST_API;mode=REST;err=0;reason=none;class=none
EVT-0000019|14.09.2026 11:46:19|IF_SAPQM_MESPE_001|QM|MES|RETRY|2200|SESS-22347FAA6C|REQ-9EE182CF1792|dest=MES;app=Quality Management;business=Quality Release to Production;mw=Kafka;mode=Async;err=CFG_017;reason=Interface configuration mismatch;class=Configuration
EVT-0000021|16.09.2026 10:38:55|IF_SAPPP_MESPE_001|PP|MES|OK|632|SESS-6803E7E443|REQ-FFD30E27F200|dest=MES;app=Product Planning;business=Production Order to Manufacturing;mw=Kafka;mode=Async;err=0;reason=none;class=none
EVT-0000022|15.09.2026 07:19:10|IF_SAPPP_ORSC_001|PP|ORACLE_SCM|OK|1766|SESS-7B61E96658|REQ-222B9A13261D|dest=ORACLE_SCM;app=Product Planning;business=Production Plan to Supply Plan;mw=Kafka;mode=Async;err=0;reason=none;class=none
EVT-0000023|12.09.2026 16:18:36|IF_SAPQM_MESPE_001|QM|MES|RETRY|2648|SESS-175BF3FB82|REQ-B842C46BB01B|dest=MES;app=Quality Management;business=Quality Release to Production;mw=Kafka;mode=Async;err=CFG_017;reason=Interface configuration mismatch;class=Configuration
EVT-0000025|12.09.2026 03:56:01|IF_SAPQM_MESPE_001|QM|MES|OK|951|SESS-D4E5BF1659|REQ-1FFC2AFB852B|dest=MES;app=Quality Management;business=Quality Release to Production;mw=Kafka;mode=Async;err=0;reason=none;class=none
EVT-0000026|14.09.2026 03:17:02|IF_SAPFIN_HCMPAY_001|FIN|HCM|OK|9701|SESS-365BD6986A|REQ-059645515D17|dest=HCM;app=Finance;business=Payment Confirmation to Payroll;mw=SFTP;mode=Batch;err=0;reason=none;class=none
EVT-0000027|12.09.2026 00:46:05|IF_SAPPP_ORSC_001|PP|ORACLE_SCM|RETRY|4903|SESS-761C4039B2|REQ-FC1DC1D77239|dest=ORACLE_SCM;app=Product Planning;business=Production Plan to Supply Plan;mw=Kafka;mode=Async;err=AUTH_401;reason=Service credential rejected;class=Authentication
EVT-0000032|10.09.2026 09:06:23|IF_SAPPROC_ORIM_001|PROC|ORACLE_SCM|OK|2003|SESS-DD54FE6256|REQ-EB884429AD26|dest=ORACLE_SCM;app=Procurement;business=Purchase Order to Inventory;mw=REST_API;mode=REST;err=0;reason=none;class=none
EVT-0000034|16.09.2026 17:43:38|IF_SAPQM_MESPE_001|QM|MES|OK|1150|SESS-EED52871A9|REQ-412EB38A4F70|dest=MES;app=Quality Management;business=Quality Release to Production;mw=Kafka;mode=Async;err=0;reason=none;class=none
EVT-0000036|13.09.2026 02:25:40|IF_SAPPP_ORSC_001|PP|ORACLE_SCM|OK|1229|SESS-C4368AB833|REQ-2BA8231C1797|dest=ORACLE_SCM;app=Product Planning;business=Production Plan to Supply Plan;mw=Kafka;mode=Async;err=0;reason=none;class=none
EVT-0000038|16.09.2026 07:12:08|IF_SAPPP_ORSC_001|PP|ORACLE_SCM|OK|1745|SESS-B4B5FD01EA|REQ-254B4D5DFE70|dest=ORACLE_SCM;app=Product Planning;business=Production Plan to Supply Plan;mw=Kafka;mode=Async;err=0;reason=none;class=none
EVT-0000039|13.09.2026 02:50:00|IF_SAPQM_MESPE_001|QM|MES|OK|910|SESS-9AC3106E23|REQ-AADA48AAE490|dest=MES;app=Quality Management;business=Quality Release to Production;mw=Kafka;mode=Async;err=0;reason=none;class=none
EVT-0000040|13.09.2026 08:50:26|IF_SAPPP_MESPE_001|PP|MES|OK|994|SESS-949E288AF5|REQ-41AF3F7EDA26|dest=MES;app=Product Planning;business=Production Order to Manufacturing;mw=Kafka;mode=Async;err=0;reason=none;class=none
EVT-0000041|15.09.2026 01:40:43|IF_SAPPROC_ORWMS_001|PROC|ORACLE_SCM|RETRY|52424|SESS-F26B6FBE21|REQ-337CC3E19430|dest=ORACLE_SCM;app=Procurement;business=Purchase Receipt to Warehouse;mw=SFTP;mode=Batch;err=EXT_502;reason=Downstream service returned 502;class=External Service
EVT-0000050|10.09.2026 21:58:31|IF_SAPPROC_ORWMS_001|PROC|ORACLE_SCM|OK|14647|SESS-6E5A4311EB|REQ-EB4A648753E1|dest=ORACLE_SCM;app=Procurement;business=Purchase Receipt to Warehouse;mw=SFTP;mode=Batch;err=0;reason=none;class=none
EVT-0000057|16.09.2026 03:28:54|IF_SAPQM_ORWMS_001|QM|ORACLE_SCM|OK|2253|SESS-B1B7116898|REQ-C1AC5AFF197A|dest=ORACLE_SCM;app=Quality Management;business=Quality Release to Warehouse;mw=Kafka;mode=Async;err=0;reason=none;class=none
EVT-0000062|15.09.2026 22:33:34|IF_SAPQM_MESPE_001|QM|MES|OK|867|SESS-DD0AFDB1BB|REQ-888F93AB592E|dest=MES;app=Quality Management;business=Quality Release to Production;mw=Kafka;mode=Async;err=0;reason=none;class=none
EVT-0000064|14.09.2026 16:50:42|IF_SAPPROC_ORIM_001|PROC|ORACLE_SCM|OK|1325|SESS-C1F5B4ED64|REQ-59D7CCCDD971|dest=ORACLE_SCM;app=Procurement;business=Purchase Order to Inventory;mw=REST_API;mode=REST;err=0;reason=none;class=none
EVT-0000072|14.09.2026 16:35:09|IF_SAPQM_MESPE_001|QM|MES|OK|976|SESS-54348886BA|REQ-D46741980236|dest=MES;app=Quality Management;business=Quality Release to Production;mw=Kafka;mode=Async;err=0;reason=none;class=none
EVT-0000073|12.09.2026 16:10:32|IF_SAPQM_MESPE_001|QM|MES|OK|657|SESS-53AA05A7F8|REQ-F97E9E0CEC82|dest=MES;app=Quality Management;business=Quality Release to Production;mw=Kafka;mode=Async;err=0;reason=none;class=none
EVT-0000074|11.09.2026 04:53:02|IF_SAPQM_MESPE_001|QM|MES|ERR|6314|SESS-E65C089F19|REQ-AAB8E2998EB6|dest=MES;app=Quality Management;business=Quality Release to Production;mw=Kafka;mode=Async;err=CFG_017;reason=Interface configuration mismatch;class=Configuration
EVT-0000077|12.09.2026 22:35:02|IF_SAPFIN_HCMPAY_001|FIN|HCM|OK|13624|SESS-2A7E034B02|REQ-575DE282E315|dest=HCM;app=Finance;business=Payment Confirmation to Payroll;mw=SFTP;mode=Batch;err=0;reason=none;class=none
EVT-0000089|16.09.2026 19:02:10|IF_SAPPP_ORSC_001|PP|ORACLE_SCM|OK|1572|SESS-A9E8A728D3|REQ-29029ED1CE84|dest=ORACLE_SCM;app=Product Planning;business=Production Plan to Supply Plan;mw=Kafka;mode=Async;err=0;reason=none;class=none
EVT-0000091|15.09.2026 08:35:06|IF_SAPPROC_ORWMS_001|PROC|ORACLE_SCM|OK|17432|SESS-110CC999E3|REQ-A4E3D4618EAD|dest=ORACLE_SCM;app=Procurement;business=Purchase Receipt to Warehouse;mw=SFTP;mode=Batch;err=0;reason=none;class=none
EVT-0000100|14.09.2026 06:44:18|IF_SAPFIN_HCMPAY_001|FIN|HCM|OK|9832|SESS-ABDA845664|REQ-8EC29860F0EA|dest=HCM;app=Finance;business=Payment Confirmation to Payroll;mw=SFTP;mode=Batch;err=0;reason=none;class=none
EVT-0000105|12.09.2026 20:57:16|IF_SAPPP_ORSC_001|PP|ORACLE_SCM|OK|1016|SESS-BF0203AE40|REQ-713033375C91|dest=ORACLE_SCM;app=Product Planning;business=Production Plan to Supply Plan;mw=Kafka;mode=Async;err=0;reason=none;class=none
EVT-0000108|12.09.2026 17:27:43|IF_SAPPROC_ORIM_001|PROC|ORACLE_SCM|RETRY|5908|SESS-A266C5618E|REQ-90BBBE9E9F2C|dest=ORACLE_SCM;app=Procurement;business=Purchase Order to Inventory;mw=REST_API;mode=REST;err=AUTHZ_403;reason=Caller is not authorized;class=Authorization
EVT-0000110|14.09.2026 03:41:34|IF_SAPFIN_HCMPAY_001|FIN|HCM|RETRY|26863|SESS-B49FA3DE33|REQ-E40C226B4AF4|dest=HCM;app=Finance;business=Payment Confirmation to Payroll;mw=SFTP;mode=Batch;err=AUTH_401;reason=Service credential rejected;class=Authentication
EVT-0000115|15.09.2026 13:45:34|IF_SAPPROC_ORWMS_001|PROC|ORACLE_SCM|OK|9611|SESS-80CE5559D9|REQ-8F9D13C90194|dest=ORACLE_SCM;app=Procurement;business=Purchase Receipt to Warehouse;mw=SFTP;mode=Batch;err=0;reason=none;class=none
EVT-0000118|16.09.2026 14:56:53|IF_SAPPROC_ORWMS_001|PROC|ORACLE_SCM|OK|15320|SESS-A80B094C6A|REQ-621634CEC92B|dest=ORACLE_SCM;app=Procurement;business=Purchase Receipt to Warehouse;mw=SFTP;mode=Batch;err=0;reason=none;class=none
EVT-0000119|10.09.2026 06:20:44|IF_SAPQM_ORWMS_001|QM|ORACLE_SCM|OK|940|SESS-B5A25FC2E0|REQ-D764D1EDFB26|dest=ORACLE_SCM;app=Quality Management;business=Quality Release to Warehouse;mw=Kafka;mode=Async;err=0;reason=none;class=none
EVT-0000126|14.09.2026 16:18:25|IF_SAPFIN_HCMPAY_001|FIN|HCM|OK|14003|SESS-54291BE9BC|REQ-E950527453BF|dest=HCM;app=Finance;business=Payment Confirmation to Payroll;mw=SFTP;mode=Batch;err=0;reason=none;class=none
EVT-0000127|14.09.2026 22:38:27|IF_SAPQM_MESPE_001|QM|MES|ERR|7945|SESS-779F6B5893|REQ-FCD023F2CB86|dest=MES;app=Quality Management;business=Quality Release to Production;mw=Kafka;mode=Async;err=VAL_400;reason=Required business field failed validation;class=Validation
EVT-0000129|10.09.2026 08:04:37|IF_SAPPP_ORSC_001|PP|ORACLE_SCM|OK|1505|SESS-A5B5AAA82E|REQ-09DD82F66AFE|dest=ORACLE_SCM;app=Product Planning;business=Production Plan to Supply Plan;mw=Kafka;mode=Async;err=0;reason=none;class=none
EVT-0000136|16.09.2026 15:42:25|IF_SAPQM_MESPE_001|QM|MES|OK|871|SESS-78DBB98D14|REQ-60302A0CDC90|dest=MES;app=Quality Management;business=Quality Release to Production;mw=Kafka;mode=Async;err=0;reason=none;class=none
EVT-0000138|16.09.2026 14:06:03|IF_SAPPP_ORSC_001|PP|ORACLE_SCM|OK|1550|SESS-B5E64686C1|REQ-1D8540F9C3F3|dest=ORACLE_SCM;app=Product Planning;business=Production Plan to Supply Plan;mw=Kafka;mode=Async;err=0;reason=none;class=none
EVT-0000142|10.09.2026 10:27:01|IF_SAPQM_ORWMS_001|QM|ORACLE_SCM|RETRY|7432|SESS-86D4DC3A9F|REQ-5988ADED80F0|dest=ORACLE_SCM;app=Quality Management;business=Quality Release to Warehouse;mw=Kafka;mode=Async;err=TIME_004;reason=Downstream response exceeded SLA;class=Timeout
EVT-0000146|10.09.2026 22:03:26|IF_SAPPP_ORSC_001|PP|ORACLE_SCM|OK|651|SESS-8523309A40|REQ-64748B9525DB|dest=ORACLE_SCM;app=Product Planning;business=Production Plan to Supply Plan;mw=Kafka;mode=Async;err=0;reason=none;class=none
EVT-0000147|15.09.2026 06:31:40|IF_SAPPP_MESPE_001|PP|MES|ERR|4083|SESS-7115F9A2C6|REQ-B854B0B1669E|dest=MES;app=Product Planning;business=Production Order to Manufacturing;mw=Kafka;mode=Async;err=EXT_502;reason=Downstream service returned 502;class=External Service
EVT-0000160|13.09.2026 16:07:38|IF_SAPPROC_ORIM_001|PROC|ORACLE_SCM|ERR|14600|SESS-2EF662EB34|REQ-C72AF1D9E361|dest=ORACLE_SCM;app=Procurement;business=Purchase Order to Inventory;mw=REST_API;mode=REST;err=NET_CONN_003;reason=Connection reset by peer;class=Network
EVT-0000163|15.09.2026 09:30:19|IF_SAPQM_ORWMS_001|QM|ORACLE_SCM|OK|2118|SESS-BA0CF9E71B|REQ-2ED3E7C821D1|dest=ORACLE_SCM;app=Quality Management;business=Quality Release to Warehouse;mw=Kafka;mode=Async;err=0;reason=none;class=none
EVT-0000165|12.09.2026 00:48:32|IF_SAPPROC_ORIM_001|PROC|ORACLE_SCM|OK|1990|SESS-E9AB94FDF9|REQ-8CA2ABF96D9A|dest=ORACLE_SCM;app=Procurement;business=Purchase Order to Inventory;mw=REST_API;mode=REST;err=0;reason=none;class=none
EVT-0000177|13.09.2026 14:35:12|IF_SAPPP_ORSC_001|PP|ORACLE_SCM|RETRY|4475|SESS-6F2C021A77|REQ-196326F553FB|dest=ORACLE_SCM;app=Product Planning;business=Production Plan to Supply Plan;mw=Kafka;mode=Async;err=EXT_502;reason=Downstream service returned 502;class=External Service
EVT-0000179|14.09.2026 04:53:09|IF_SAPQM_ORWMS_001|QM|ORACLE_SCM|OK|1932|SESS-0618B6041E|REQ-5B88754C8CE5|dest=ORACLE_SCM;app=Quality Management;business=Quality Release to Warehouse;mw=Kafka;mode=Async;err=0;reason=none;class=none
EVT-0000180|14.09.2026 12:53:47|IF_SAPFIN_HCMPAY_001|FIN|HCM|OK|18373|SESS-CD938D4516|REQ-58393A52AB31|dest=HCM;app=Finance;business=Payment Confirmation to Payroll;mw=SFTP;mode=Batch;err=0;reason=none;class=none
EVT-0000181|16.09.2026 14:40:56|IF_SAPFIN_HCMPAY_001|FIN|HCM|OK|18277|SESS-B8851DC6EA|REQ-EAE1E1EE6293|dest=HCM;app=Finance;business=Payment Confirmation to Payroll;mw=SFTP;mode=Batch;err=0;reason=none;class=none
EVT-0000183|10.09.2026 09:33:36|IF_SAPQM_MESPE_001|QM|MES|OK|1256|SESS-D8696CC7BB|REQ-2FAA9452395A|dest=MES;app=Quality Management;business=Quality Release to Production;mw=Kafka;mode=Async;err=0;reason=none;class=none
EVT-0000186|12.09.2026 22:32:05|IF_SAPQM_MESPE_001|QM|MES|OK|491|SESS-9968E58329|REQ-E2AE5876BBCB|dest=MES;app=Quality Management;business=Quality Release to Production;mw=Kafka;mode=Async;err=0;reason=none;class=none
EVT-0000187|10.09.2026 08:24:15|IF_SAPPROC_ORIM_001|PROC|ORACLE_SCM|OK|2467|SESS-802736947F|REQ-11DA91235BA2|dest=ORACLE_SCM;app=Procurement;business=Purchase Order to Inventory;mw=REST_API;mode=REST;err=0;reason=none;class=none
EVT-0000190|10.09.2026 02:21:18|IF_SAPFIN_HCMPAY_001|FIN|HCM|OK|17344|SESS-D10905BADC|REQ-4737FFC61DEC|dest=HCM;app=Finance;business=Payment Confirmation to Payroll;mw=SFTP;mode=Batch;err=0;reason=none;class=none
EVT-0000192|11.09.2026 21:55:25|IF_SAPQM_MESPE_001|QM|MES|OK|1260|SESS-C1AB635B57|REQ-4471840B54A2|dest=MES;app=Quality Management;business=Quality Release to Production;mw=Kafka;mode=Async;err=0;reason=none;class=none
EVT-0000194|12.09.2026 03:21:21|IF_SAPFIN_HCMPAY_001|FIN|HCM|OK|16229|SESS-5C24FB8B6F|REQ-DAD5857D74AB|dest=HCM;app=Finance;business=Payment Confirmation to Payroll;mw=SFTP;mode=Batch;err=0;reason=none;class=none
EVT-0000197|11.09.2026 20:48:05|IF_SAPPP_MESPE_001|PP|MES|RETRY|3398|SESS-99F13602A6|REQ-716E04A6B67D|dest=MES;app=Product Planning;business=Production Order to Manufacturing;mw=Kafka;mode=Async;err=EXT_502;reason=Downstream service returned 502;class=External Service
EVT-0000198|14.09.2026 01:45:51|IF_SAPPP_MESPE_001|PP|MES|OK|508|SESS-A0E8E22648|REQ-A1E9FD26F636|dest=MES;app=Product Planning;business=Production Order to Manufacturing;mw=Kafka;mode=Async;err=0;reason=none;class=none
EVT-0000204|13.09.2026 00:42:36|IF_SAPFIN_HCMPAY_001|FIN|HCM|ERR|39130|SESS-7DFA840180|REQ-BCB4D903ABCB|dest=HCM;app=Finance;business=Payment Confirmation to Payroll;mw=SFTP;mode=Batch;err=INFRA_008;reason=Runtime node unavailable;class=Infrastructure
EVT-0000208|10.09.2026 12:29:39|IF_SAPPP_ORSC_001|PP|ORACLE_SCM|OK|1420|SESS-9FA0D08D27|REQ-D103F24E02BC|dest=ORACLE_SCM;app=Product Planning;business=Production Plan to Supply Plan;mw=Kafka;mode=Async;err=0;reason=none;class=none
EVT-0000209|13.09.2026 12:32:53|IF_SAPPP_MESPE_001|PP|MES|OK|1129|SESS-2B6CEFE5FC|REQ-3690920F51ED|dest=MES;app=Product Planning;business=Production Order to Manufacturing;mw=Kafka;mode=Async;err=0;reason=none;class=none
EVT-0000216|15.09.2026 18:35:40|IF_SAPPROC_ORIM_001|PROC|ORACLE_SCM|OK|1077|SESS-485B3A912A|REQ-5412DB2BFDDF|dest=ORACLE_SCM;app=Procurement;business=Purchase Order to Inventory;mw=REST_API;mode=REST;err=0;reason=none;class=none
EVT-0000223|13.09.2026 06:41:42|IF_SAPPROC_ORIM_001|PROC|ORACLE_SCM|RETRY|4433|SESS-E5946FD5D7|REQ-8FB00EF871B9|dest=ORACLE_SCM;app=Procurement;business=Purchase Order to Inventory;mw=REST_API;mode=REST;err=CAP_003;reason=Downstream service is at capacity;class=Capacity
EVT-0000225|16.09.2026 23:44:14|IF_SAPPP_MESPE_001|PP|MES|OK|1113|SESS-9122E4B158|REQ-6CF478200CA7|dest=MES;app=Product Planning;business=Production Order to Manufacturing;mw=Kafka;mode=Async;err=0;reason=none;class=none
EVT-0000227|10.09.2026 20:43:48|IF_SAPQM_MESPE_001|QM|MES|OK|760|SESS-0224486A49|REQ-92C32DF43741|dest=MES;app=Quality Management;business=Quality Release to Production;mw=Kafka;mode=Async;err=0;reason=none;class=none
EVT-0000229|11.09.2026 19:27:11|IF_SAPPP_ORSC_001|PP|ORACLE_SCM|OK|256|SESS-5F4FED9255|REQ-5244BAF813B6|dest=ORACLE_SCM;app=Product Planning;business=Production Plan to Supply Plan;mw=Kafka;mode=Async;err=0;reason=none;class=none
EVT-0000231|10.09.2026 03:23:21|IF_SAPQM_MESPE_001|QM|MES|OK|615|SESS-6C150A3AA5|REQ-4C74063B6976|dest=MES;app=Quality Management;business=Quality Release to Production;mw=Kafka;mode=Async;err=0;reason=none;class=none
EVT-0000234|11.09.2026 14:45:26|IF_SAPPROC_ORIM_001|PROC|ORACLE_SCM|OK|2458|SESS-10F338513D|REQ-7F652DD09CE7|dest=ORACLE_SCM;app=Procurement;business=Purchase Order to Inventory;mw=REST_API;mode=REST;err=0;reason=none;class=none
EVT-0000240|10.09.2026 07:04:09|IF_SAPPROC_ORWMS_001|PROC|ORACLE_SCM|OK|15309|SESS-39EB86F773|REQ-FD7658E2D61D|dest=ORACLE_SCM;app=Procurement;business=Purchase Receipt to Warehouse;mw=SFTP;mode=Batch;err=0;reason=none;class=none
EVT-0000241|16.09.2026 10:56:44|IF_SAPPROC_ORWMS_001|PROC|ORACLE_SCM|RETRY|40212|SESS-A162F9317F|REQ-FBF97E72B127|dest=ORACLE_SCM;app=Procurement;business=Purchase Receipt to Warehouse;mw=SFTP;mode=Batch;err=AUTHZ_403;reason=Caller is not authorized;class=Authorization
EVT-0000246|14.09.2026 04:17:04|IF_SAPQM_ORWMS_001|QM|ORACLE_SCM|ERR|9307|SESS-900105F1F0|REQ-C63F51314608|dest=ORACLE_SCM;app=Quality Management;business=Quality Release to Warehouse;mw=Kafka;mode=Async;err=CFG_017;reason=Interface configuration mismatch;class=Configuration
EVT-0000248|10.09.2026 14:37:33|IF_SAPQM_ORWMS_001|QM|ORACLE_SCM|RETRY|8656|SESS-828455C64F|REQ-F918AB4C568D|dest=ORACLE_SCM;app=Quality Management;business=Quality Release to Warehouse;mw=Kafka;mode=Async;err=CAP_003;reason=Downstream service is at capacity;class=Capacity
EVT-0000249|12.09.2026 06:13:26|IF_SAPPROC_ORIM_001|PROC|ORACLE_SCM|OK|2317|SESS-E5F72D6580|REQ-F3B3ACE3ABF6|dest=ORACLE_SCM;app=Procurement;business=Purchase Order to Inventory;mw=REST_API;mode=REST;err=0;reason=none;class=none
EVT-0000253|10.09.2026 03:08:25|IF_SAPPROC_ORWMS_001|PROC|ORACLE_SCM|OK|12072|SESS-D30E23EF7E|REQ-C663702CFA47|dest=ORACLE_SCM;app=Procurement;business=Purchase Receipt to Warehouse;mw=SFTP;mode=Batch;err=0;reason=none;class=none
EVT-0000254|16.09.2026 01:02:38|IF_SAPFIN_HCMPAY_001|FIN|HCM|OK|18947|SESS-24E3C5BB06|REQ-D145AA34BA6E|dest=HCM;app=Finance;business=Payment Confirmation to Payroll;mw=SFTP;mode=Batch;err=0;reason=none;class=none
EVT-0000259|10.09.2026 06:49:09|IF_SAPPP_MESPE_001|PP|MES|OK|858|SESS-64D472EE81|REQ-029C7DBEDCDB|dest=MES;app=Product Planning;business=Production Order to Manufacturing;mw=Kafka;mode=Async;err=0;reason=none;class=none
EVT-0000270|15.09.2026 02:36:04|IF_SAPPROC_ORWMS_001|PROC|ORACLE_SCM|OK|15258|SESS-DD24CDF290|REQ-836B76374945|dest=ORACLE_SCM;app=Procurement;business=Purchase Receipt to Warehouse;mw=SFTP;mode=Batch;err=0;reason=none;class=none
EVT-0000271|10.09.2026 05:37:44|IF_SAPQM_ORWMS_001|QM|ORACLE_SCM|ERR|11124|SESS-7D180EB51B|REQ-72B6A4D053F1|dest=ORACLE_SCM;app=Quality Management;business=Quality Release to Warehouse;mw=Kafka;mode=Async;err=VAL_400;reason=Required business field failed validation;class=Validation
EVT-0000276|11.09.2026 13:31:02|IF_SAPPP_ORSC_001|PP|ORACLE_SCM|OK|1289|SESS-4BD8F8488A|REQ-6BBE383DB61D|dest=ORACLE_SCM;app=Product Planning;business=Production Plan to Supply Plan;mw=Kafka;mode=Async;err=0;reason=none;class=none
EVT-0000280|10.09.2026 16:13:35|IF_SAPQM_ORWMS_001|QM|ORACLE_SCM|OK|2889|SESS-8DFAFE9391|REQ-87DA83F5904F|dest=ORACLE_SCM;app=Quality Management;business=Quality Release to Warehouse;mw=Kafka;mode=Async;err=0;reason=none;class=none
EVT-0000282|15.09.2026 23:35:47|IF_SAPQM_MESPE_001|QM|MES|OK|490|SESS-59C6DC7824|REQ-F3F3DA7602B2|dest=MES;app=Quality Management;business=Quality Release to Production;mw=Kafka;mode=Async;err=0;reason=none;class=none
EVT-0000285|14.09.2026 10:40:39|IF_SAPPROC_ORIM_001|PROC|ORACLE_SCM|OK|2291|SESS-DC0378161A|REQ-ED17C2C4E153|dest=ORACLE_SCM;app=Procurement;business=Purchase Order to Inventory;mw=REST_API;mode=REST;err=0;reason=none;class=none
EVT-0000287|16.09.2026 14:59:49|IF_SAPPROC_ORIM_001|PROC|ORACLE_SCM|OK|2212|SESS-596358C938|REQ-F99BCA7C2E07|dest=ORACLE_SCM;app=Procurement;business=Purchase Order to Inventory;mw=REST_API;mode=REST;err=0;reason=none;class=none
EVT-0000301|16.09.2026 05:16:16|IF_SAPPP_ORSC_001|PP|ORACLE_SCM|OK|1418|SESS-E1240065A0|REQ-9522D55C19ED|dest=ORACLE_SCM;app=Product Planning;business=Production Plan to Supply Plan;mw=Kafka;mode=Async;err=0;reason=none;class=none
EVT-0000302|16.09.2026 12:34:05|IF_SAPPP_MESPE_001|PP|MES|OK|1173|SESS-720CBD5B37|REQ-BF0B0B762643|dest=MES;app=Product Planning;business=Production Order to Manufacturing;mw=Kafka;mode=Async;err=0;reason=none;class=none
EVT-0000304|11.09.2026 00:48:27|IF_SAPFIN_HCMPAY_001|FIN|HCM|OK|23106|SESS-FA7D885630|REQ-5552563CB764|dest=HCM;app=Finance;business=Payment Confirmation to Payroll;mw=SFTP;mode=Batch;err=0;reason=none;class=none
EVT-0000306|13.09.2026 15:29:32|IF_SAPQM_ORWMS_001|QM|ORACLE_SCM|OK|3063|SESS-1B7A72598C|REQ-4065D28EA68C|dest=ORACLE_SCM;app=Quality Management;business=Quality Release to Warehouse;mw=Kafka;mode=Async;err=0;reason=none;class=none
EVT-0000307|13.09.2026 18:09:00|IF_SAPFIN_HCMPAY_001|FIN|HCM|RETRY|43872|SESS-79E2586969|REQ-EE7D7FD2AAA1|dest=HCM;app=Finance;business=Payment Confirmation to Payroll;mw=SFTP;mode=Batch;err=CAP_003;reason=Downstream service is at capacity;class=Capacity
EVT-0000310|15.09.2026 09:41:48|IF_SAPPP_ORSC_001|PP|ORACLE_SCM|RETRY|2220|SESS-36762A65A4|REQ-A10A6EBDA40B|dest=ORACLE_SCM;app=Product Planning;business=Production Plan to Supply Plan;mw=Kafka;mode=Async;err=CAP_003;reason=Downstream service is at capacity;class=Capacity
EVT-0000312|13.09.2026 10:58:02|IF_SAPFIN_HCMPAY_001|FIN|HCM|OK|13483|SESS-3C5D2183D4|REQ-4F31F0DBB8EC|dest=HCM;app=Finance;business=Payment Confirmation to Payroll;mw=SFTP;mode=Batch;err=0;reason=none;class=none
EVT-0000318|11.09.2026 21:59:46|IF_SAPFIN_HCMPAY_001|FIN|HCM|OK|11576|SESS-21CA463648|REQ-208FC150BAD5|dest=HCM;app=Finance;business=Payment Confirmation to Payroll;mw=SFTP;mode=Batch;err=0;reason=none;class=none
EVT-0000319|16.09.2026 23:40:34|IF_SAPPP_ORSC_001|PP|ORACLE_SCM|OK|608|SESS-86FEAEF153|REQ-80846E712EDF|dest=ORACLE_SCM;app=Product Planning;business=Production Plan to Supply Plan;mw=Kafka;mode=Async;err=0;reason=none;class=none
EVT-0000320|16.09.2026 02:05:22|IF_SAPPROC_ORIM_001|PROC|ORACLE_SCM|OK|1862|SESS-24594A0675|REQ-BB54E2133381|dest=ORACLE_SCM;app=Procurement;business=Purchase Order to Inventory;mw=REST_API;mode=REST;err=0;reason=none;class=none
EVT-0000324|12.09.2026 14:27:07|IF_SAPPROC_ORWMS_001|PROC|ORACLE_SCM|RETRY|51680|SESS-3111EABA15|REQ-036C179FDCCE|dest=ORACLE_SCM;app=Procurement;business=Purchase Receipt to Warehouse;mw=SFTP;mode=Batch;err=TIME_004;reason=Downstream response exceeded SLA;class=Timeout
EVT-0000328|10.09.2026 21:45:27|IF_SAPPP_ORSC_001|PP|ORACLE_SCM|OK|1518|SESS-E5AC5B9335|REQ-CDECB64879B5|dest=ORACLE_SCM;app=Product Planning;business=Production Plan to Supply Plan;mw=Kafka;mode=Async;err=0;reason=none;class=none
EVT-0000333|11.09.2026 10:43:27|IF_SAPPROC_ORWMS_001|PROC|ORACLE_SCM|OK|13823|SESS-E889734621|REQ-643A05B3F93B|dest=ORACLE_SCM;app=Procurement;business=Purchase Receipt to Warehouse;mw=SFTP;mode=Batch;err=0;reason=none;class=none
EVT-0000338|16.09.2026 17:59:05|IF_SAPPP_ORSC_001|PP|ORACLE_SCM|OK|906|SESS-C6FAA8AF71|REQ-A0D70290C883|dest=ORACLE_SCM;app=Product Planning;business=Production Plan to Supply Plan;mw=Kafka;mode=Async;err=0;reason=none;class=none
EVT-0000341|14.09.2026 07:01:44|IF_SAPQM_ORWMS_001|QM|ORACLE_SCM|OK|3250|SESS-8EEB46FF8F|REQ-1E843B021EFB|dest=ORACLE_SCM;app=Quality Management;business=Quality Release to Warehouse;mw=Kafka;mode=Async;err=0;reason=none;class=none
EVT-0000351|14.09.2026 08:28:46|IF_SAPPP_MESPE_001|PP|MES|OK|997|SESS-D54858FA6D|REQ-A406075691E9|dest=MES;app=Product Planning;business=Production Order to Manufacturing;mw=Kafka;mode=Async;err=0;reason=none;class=none
EVT-0000352|16.09.2026 14:12:10|IF_SAPPP_MESPE_001|PP|MES|RETRY|1641|SESS-D1E72D99B5|REQ-223139367B31|dest=MES;app=Product Planning;business=Production Order to Manufacturing;mw=Kafka;mode=Async;err=AUTHZ_403;reason=Caller is not authorized;class=Authorization
EVT-0000354|13.09.2026 18:39:34|IF_SAPPROC_ORIM_001|PROC|ORACLE_SCM|OK|2592|SESS-37A94DA5BF|REQ-D94231E60EE3|dest=ORACLE_SCM;app=Procurement;business=Purchase Order to Inventory;mw=REST_API;mode=REST;err=0;reason=none;class=none
EVT-0000355|16.09.2026 09:53:13|IF_SAPQM_ORWMS_001|QM|ORACLE_SCM|RETRY|4320|SESS-9CEF542849|REQ-13AADCF5341D|dest=ORACLE_SCM;app=Quality Management;business=Quality Release to Warehouse;mw=Kafka;mode=Async;err=CFG_017;reason=Interface configuration mismatch;class=Configuration
EVT-0000357|10.09.2026 23:52:18|IF_SAPPP_ORSC_001|PP|ORACLE_SCM|OK|569|SESS-A5310D0EAC|REQ-7C2B100FDA22|dest=ORACLE_SCM;app=Product Planning;business=Production Plan to Supply Plan;mw=Kafka;mode=Async;err=0;reason=none;class=none
EVT-0000358|15.09.2026 16:34:10|IF_SAPPP_MESPE_001|PP|MES|OK|1117|SESS-7665B6A144|REQ-57051EAF6E36|dest=MES;app=Product Planning;business=Production Order to Manufacturing;mw=Kafka;mode=Async;err=0;reason=none;class=none
EVT-0000360|13.09.2026 06:04:54|IF_SAPFIN_HCMPAY_001|FIN|HCM|OK|13639|SESS-397965AF8A|REQ-70C71E257BEA|dest=HCM;app=Finance;business=Payment Confirmation to Payroll;mw=SFTP;mode=Batch;err=0;reason=none;class=none
EVT-0000364|10.09.2026 22:35:19|IF_SAPQM_MESPE_001|QM|MES|RETRY|2528|SESS-7484A7BE16|REQ-FED440D03D55|dest=MES;app=Quality Management;business=Quality Release to Production;mw=Kafka;mode=Async;err=CFG_017;reason=Interface configuration mismatch;class=Configuration
EVT-0000372|14.09.2026 07:36:18|IF_SAPPROC_ORWMS_001|PROC|ORACLE_SCM|OK|15807|SESS-9541EDA946|REQ-2E63A31F6F39|dest=ORACLE_SCM;app=Procurement;business=Purchase Receipt to Warehouse;mw=SFTP;mode=Batch;err=0;reason=none;class=none
EVT-0000373|15.09.2026 13:55:06|IF_SAPPP_ORSC_001|PP|ORACLE_SCM|OK|1227|SESS-A3A85ED1C0|REQ-50C46B06FD31|dest=ORACLE_SCM;app=Product Planning;business=Production Plan to Supply Plan;mw=Kafka;mode=Async;err=0;reason=none;class=none
EVT-0000375|13.09.2026 11:48:57|IF_SAPPP_MESPE_001|PP|MES|OK|948|SESS-F5CBA4771C|REQ-F17FEBC0FFC8|dest=MES;app=Product Planning;business=Production Order to Manufacturing;mw=Kafka;mode=Async;err=0;reason=none;class=none
EVT-0000378|16.09.2026 02:10:43|IF_SAPQM_MESPE_001|QM|MES|OK|768|SESS-741FCFDB93|REQ-B77F9AD03D06|dest=MES;app=Quality Management;business=Quality Release to Production;mw=Kafka;mode=Async;err=0;reason=none;class=none
EVT-0000380|14.09.2026 22:32:48|IF_SAPPROC_ORIM_001|PROC|ORACLE_SCM|OK|2701|SESS-0996452438|REQ-CE2587DBFB01|dest=ORACLE_SCM;app=Procurement;business=Purchase Order to Inventory;mw=REST_API;mode=REST;err=0;reason=none;class=none
EVT-0000384|15.09.2026 03:48:15|IF_SAPQM_ORWMS_001|QM|ORACLE_SCM|OK|3229|SESS-677F841E14|REQ-696E95E0F034|dest=ORACLE_SCM;app=Quality Management;business=Quality Release to Warehouse;mw=Kafka;mode=Async;err=0;reason=none;class=none
EVT-0000391|13.09.2026 05:29:40|IF_SAPPP_MESPE_001|PP|MES|OK|828|SESS-6BB9CD5CEA|REQ-B839C1B335B1|dest=MES;app=Product Planning;business=Production Order to Manufacturing;mw=Kafka;mode=Async;err=0;reason=none;class=none
EVT-0000397|11.09.2026 21:16:28|IF_SAPQM_MESPE_001|QM|MES|RETRY|3501|SESS-17B0122E8E|REQ-F9662783B855|dest=MES;app=Quality Management;business=Quality Release to Production;mw=Kafka;mode=Async;err=DB_COMMIT_014;reason=Transaction commit failed;class=Database
EVT-0000398|13.09.2026 16:42:38|IF_SAPPP_ORSC_001|PP|ORACLE_SCM|OK|909|SESS-4A7332AB1A|REQ-992C786D1021|dest=ORACLE_SCM;app=Product Planning;business=Production Plan to Supply Plan;mw=Kafka;mode=Async;err=0;reason=none;class=none
EVT-0000400|10.09.2026 20:21:54|IF_SAPFIN_HCMPAY_001|FIN|HCM|OK|13837|SESS-B886770701|REQ-D7858CF786A4|dest=HCM;app=Finance;business=Payment Confirmation to Payroll;mw=SFTP;mode=Batch;err=0;reason=none;class=none
EVT-0000401|15.09.2026 05:19:41|IF_SAPFIN_HCMPAY_001|FIN|HCM|OK|7663|SESS-FB8D2B3408|REQ-4A7888A84690|dest=HCM;app=Finance;business=Payment Confirmation to Payroll;mw=SFTP;mode=Batch;err=0;reason=none;class=none
EVT-0000402|16.09.2026 11:43:56|IF_SAPPROC_ORIM_001|PROC|ORACLE_SCM|OK|2823|SESS-4A2B75656F|REQ-661B4B98A12D|dest=ORACLE_SCM;app=Procurement;business=Purchase Order to Inventory;mw=REST_API;mode=REST;err=0;reason=none;class=none
EVT-0000405|16.09.2026 19:06:09|IF_SAPPROC_ORWMS_001|PROC|ORACLE_SCM|OK|12462|SESS-EB4F2B730C|REQ-A26B32B6BE0E|dest=ORACLE_SCM;app=Procurement;business=Purchase Receipt to Warehouse;mw=SFTP;mode=Batch;err=0;reason=none;class=none
EVT-0000409|15.09.2026 21:26:10|IF_SAPQM_MESPE_001|QM|MES|OK|781|SESS-4F4E4E93B7|REQ-A60843CBC3A3|dest=MES;app=Quality Management;business=Quality Release to Production;mw=Kafka;mode=Async;err=0;reason=none;class=none
EVT-0000423|15.09.2026 20:23:51|IF_SAPPROC_ORWMS_001|PROC|ORACLE_SCM|OK|17373|SESS-AD52CDB8FE|REQ-6A5EE06DCD67|dest=ORACLE_SCM;app=Procurement;business=Purchase Receipt to Warehouse;mw=SFTP;mode=Batch;err=0;reason=none;class=none
EVT-0000426|12.09.2026 04:02:51|IF_SAPPP_ORSC_001|PP|ORACLE_SCM|OK|1356|SESS-2FB25E9754|REQ-D34AA8D5C361|dest=ORACLE_SCM;app=Product Planning;business=Production Plan to Supply Plan;mw=Kafka;mode=Async;err=0;reason=none;class=none
EVT-0000430|13.09.2026 12:05:17|IF_SAPPROC_ORIM_001|PROC|ORACLE_SCM|OK|1677|SESS-2DDA36EFF4|REQ-3FC1AB68833C|dest=ORACLE_SCM;app=Procurement;business=Purchase Order to Inventory;mw=REST_API;mode=REST;err=0;reason=none;class=none
EVT-0000432|14.09.2026 21:58:17|IF_SAPQM_ORWMS_001|QM|ORACLE_SCM|OK|2785|SESS-294D16D9A4|REQ-64E49E5F04A7|dest=ORACLE_SCM;app=Quality Management;business=Quality Release to Warehouse;mw=Kafka;mode=Async;err=0;reason=none;class=none
EVT-0000434|14.09.2026 20:31:34|IF_SAPPROC_ORWMS_001|PROC|ORACLE_SCM|ERR|72198|SESS-F86423E9F6|REQ-85645B3D2C26|dest=ORACLE_SCM;app=Procurement;business=Purchase Receipt to Warehouse;mw=SFTP;mode=Batch;err=CAP_003;reason=Downstream service is at capacity;class=Capacity
EVT-0000439|13.09.2026 06:43:53|IF_SAPFIN_HCMPAY_001|FIN|HCM|OK|14021|SESS-599B67ED4D|REQ-BE7E2FA7E3F7|dest=HCM;app=Finance;business=Payment Confirmation to Payroll;mw=SFTP;mode=Batch;err=0;reason=none;class=none
EVT-0000441|16.09.2026 05:19:45|IF_SAPPP_ORSC_001|PP|ORACLE_SCM|OK|1816|SESS-38A3C7A05F|REQ-8F29DD306AB5|dest=ORACLE_SCM;app=Product Planning;business=Production Plan to Supply Plan;mw=Kafka;mode=Async;err=0;reason=none;class=none
EVT-0000454|11.09.2026 11:21:03|IF_SAPQM_ORWMS_001|QM|ORACLE_SCM|OK|1559|SESS-DF537160EB|REQ-4F5B6B1D35AA|dest=ORACLE_SCM;app=Quality Management;business=Quality Release to Warehouse;mw=Kafka;mode=Async;err=0;reason=none;class=none
EVT-0000459|13.09.2026 14:34:56|IF_SAPQM_MESPE_001|QM|MES|OK|985|SESS-3DDBA142AA|REQ-B8260400A6E5|dest=MES;app=Quality Management;business=Quality Release to Production;mw=Kafka;mode=Async;err=0;reason=none;class=none
EVT-0000461|12.09.2026 01:13:42|IF_SAPQM_MESPE_001|QM|MES|OK|727|SESS-F48AB0AB60|REQ-7BAC630D7318|dest=MES;app=Quality Management;business=Quality Release to Production;mw=Kafka;mode=Async;err=0;reason=none;class=none
EVT-0000465|16.09.2026 13:02:05|IF_SAPPROC_ORWMS_001|PROC|ORACLE_SCM|ERR|92277|SESS-0C9EF8264C|REQ-65EF91B4658E|dest=ORACLE_SCM;app=Procurement;business=Purchase Receipt to Warehouse;mw=SFTP;mode=Batch;err=TIME_004;reason=Downstream response exceeded SLA;class=Timeout
EVT-0000469|13.09.2026 23:32:34|IF_SAPFIN_HCMPAY_001|FIN|HCM|ERR|22512|SESS-9DAC2E3A4C|REQ-BB6228E13B0D|dest=HCM;app=Finance;business=Payment Confirmation to Payroll;mw=SFTP;mode=Batch;err=VAL_400;reason=Required business field failed validation;class=Validation
EVT-0000473|16.09.2026 10:28:12|IF_SAPPROC_ORWMS_001|PROC|ORACLE_SCM|OK|11151|SESS-FD80B0FF8D|REQ-E930293645EC|dest=ORACLE_SCM;app=Procurement;business=Purchase Receipt to Warehouse;mw=SFTP;mode=Batch;err=0;reason=none;class=none
EVT-0000475|14.09.2026 09:08:52|IF_SAPFIN_HCMPAY_001|FIN|HCM|OK|14333|SESS-80F089E72A|REQ-E3B77054F81E|dest=HCM;app=Finance;business=Payment Confirmation to Payroll;mw=SFTP;mode=Batch;err=0;reason=none;class=none
EVT-0000476|15.09.2026 11:08:39|IF_SAPFIN_HCMPAY_001|FIN|HCM|OK|9003|SESS-9351FD8D66|REQ-3646C525FC11|dest=HCM;app=Finance;business=Payment Confirmation to Payroll;mw=SFTP;mode=Batch;err=0;reason=none;class=none
EVT-0000477|15.09.2026 02:33:16|IF_SAPFIN_HCMPAY_001|FIN|HCM|OK|17159|SESS-4447887EFD|REQ-E0D2609B3954|dest=HCM;app=Finance;business=Payment Confirmation to Payroll;mw=SFTP;mode=Batch;err=0;reason=none;class=none
EVT-0000484|13.09.2026 20:37:45|IF_SAPQM_MESPE_001|QM|MES|OK|855|SESS-3C72CF4510|REQ-1688FC572111|dest=MES;app=Quality Management;business=Quality Release to Production;mw=Kafka;mode=Async;err=0;reason=none;class=none
EVT-0000487|15.09.2026 22:43:04|IF_SAPPROC_ORIM_001|PROC|ORACLE_SCM|RETRY|5300|SESS-2115F2C24D|REQ-EB3376D19289|dest=ORACLE_SCM;app=Procurement;business=Purchase Order to Inventory;mw=REST_API;mode=REST;err=VAL_400;reason=Required business field failed validation;class=Validation
EVT-0000490|13.09.2026 19:57:39|IF_SAPPROC_ORIM_001|PROC|ORACLE_SCM|ERR|7761|SESS-6AB7012179|REQ-2F902137D1E2|dest=ORACLE_SCM;app=Procurement;business=Purchase Order to Inventory;mw=REST_API;mode=REST;err=AUTHZ_403;reason=Caller is not authorized;class=Authorization
EVT-0000492|11.09.2026 03:17:53|IF_SAPPP_MESPE_001|PP|MES|OK|1045|SESS-722632CC40|REQ-CC72CD3FA32A|dest=MES;app=Product Planning;business=Production Order to Manufacturing;mw=Kafka;mode=Async;err=0;reason=none;class=none
EVT-0000495|15.09.2026 06:56:19|IF_SAPQM_MESPE_001|QM|MES|OK|897|SESS-BF8219315C|REQ-ED01335CCFEF|dest=MES;app=Quality Management;business=Quality Release to Production;mw=Kafka;mode=Async;err=0;reason=none;class=none
EVT-0000501|14.09.2026 01:21:58|IF_SAPFIN_HCMPAY_001|FIN|HCM|OK|8828|SESS-A05DCC1DB6|REQ-4C303C77B1BE|dest=HCM;app=Finance;business=Payment Confirmation to Payroll;mw=SFTP;mode=Batch;err=0;reason=none;class=none
EVT-0000503|12.09.2026 09:08:26|IF_SAPPP_MESPE_001|PP|MES|OK|726|SESS-7843625F30|REQ-5C0BA5CF873E|dest=MES;app=Product Planning;business=Production Order to Manufacturing;mw=Kafka;mode=Async;err=0;reason=none;class=none
EVT-0000504|10.09.2026 22:17:29|IF_SAPQM_MESPE_001|QM|MES|OK|885|SESS-77DC21138D|REQ-78460693D392|dest=MES;app=Quality Management;business=Quality Release to Production;mw=Kafka;mode=Async;err=0;reason=none;class=none
EVT-0000506|15.09.2026 02:47:54|IF_SAPPP_MESPE_001|PP|MES|OK|985|SESS-3CAE1337AB|REQ-BAB971661490|dest=MES;app=Product Planning;business=Production Order to Manufacturing;mw=Kafka;mode=Async;err=0;reason=none;class=none
EVT-0000509|13.09.2026 23:41:14|IF_SAPPROC_ORWMS_001|PROC|ORACLE_SCM|RETRY|21063|SESS-030E5CF11E|REQ-441F6CD0ADB3|dest=ORACLE_SCM;app=Procurement;business=Purchase Receipt to Warehouse;mw=SFTP;mode=Batch;err=CFG_017;reason=Interface configuration mismatch;class=Configuration
EVT-0000512|13.09.2026 04:58:09|IF_SAPPROC_ORIM_001|PROC|ORACLE_SCM|OK|2209|SESS-A5FE3B3CE4|REQ-6766524BA29B|dest=ORACLE_SCM;app=Procurement;business=Purchase Order to Inventory;mw=REST_API;mode=REST;err=0;reason=none;class=none
EVT-0000519|15.09.2026 10:09:05|IF_SAPQM_ORWMS_001|QM|ORACLE_SCM|OK|1971|SESS-FFD9B0A28E|REQ-738A1EA14F26|dest=ORACLE_SCM;app=Quality Management;business=Quality Release to Warehouse;mw=Kafka;mode=Async;err=0;reason=none;class=none
EVT-0000523|10.09.2026 00:04:43|IF_SAPPROC_ORIM_001|PROC|ORACLE_SCM|OK|1716|SESS-E7DFF7D19B|REQ-D1B0C297EAB1|dest=ORACLE_SCM;app=Procurement;business=Purchase Order to Inventory;mw=REST_API;mode=REST;err=0;reason=none;class=none
EVT-0000533|14.09.2026 11:07:49|IF_SAPPROC_ORIM_001|PROC|ORACLE_SCM|RETRY|5075|SESS-64144C946F|REQ-43231A122AC9|dest=ORACLE_SCM;app=Procurement;business=Purchase Order to Inventory;mw=REST_API;mode=REST;err=EXT_502;reason=Downstream service returned 502;class=External Service
EVT-0000535|13.09.2026 00:02:08|IF_SAPPP_MESPE_001|PP|MES|OK|487|SESS-EE04561347|REQ-224A065CF187|dest=MES;app=Product Planning;business=Production Order to Manufacturing;mw=Kafka;mode=Async;err=0;reason=none;class=none
EVT-0000536|14.09.2026 10:48:28|IF_SAPFIN_HCMPAY_001|FIN|HCM|OK|11838|SESS-54A007BECF|REQ-DC3127267F82|dest=HCM;app=Finance;business=Payment Confirmation to Payroll;mw=SFTP;mode=Batch;err=0;reason=none;class=none
EVT-0000541|12.09.2026 02:40:07|IF_SAPPP_ORSC_001|PP|ORACLE_SCM|OK|1087|SESS-2B05EF60F2|REQ-26409CA06C46|dest=ORACLE_SCM;app=Product Planning;business=Production Plan to Supply Plan;mw=Kafka;mode=Async;err=0;reason=none;class=none
EVT-0000543|10.09.2026 19:50:16|IF_SAPPROC_ORWMS_001|PROC|ORACLE_SCM|OK|7084|SESS-D20738F863|REQ-27C1969520B2|dest=ORACLE_SCM;app=Procurement;business=Purchase Receipt to Warehouse;mw=SFTP;mode=Batch;err=0;reason=none;class=none
EVT-0000544|16.09.2026 13:16:33|IF_SAPQM_ORWMS_001|QM|ORACLE_SCM|OK|2189|SESS-70243FC71B|REQ-3BD3DE528638|dest=ORACLE_SCM;app=Quality Management;business=Quality Release to Warehouse;mw=Kafka;mode=Async;err=0;reason=none;class=none
EVT-0000546|15.09.2026 15:42:58|IF_SAPPP_MESPE_001|PP|MES|RETRY|2959|SESS-AF7E79BCCC|REQ-0DCDBEF501EF|dest=MES;app=Product Planning;business=Production Order to Manufacturing;mw=Kafka;mode=Async;err=CFG_017;reason=Interface configuration mismatch;class=Configuration
EVT-0000550|12.09.2026 00:15:06|IF_SAPPROC_ORWMS_001|PROC|ORACLE_SCM|OK|16706|SESS-2CD55A224A|REQ-6D559AF7F975|dest=ORACLE_SCM;app=Procurement;business=Purchase Receipt to Warehouse;mw=SFTP;mode=Batch;err=0;reason=none;class=none
EVT-0000551|11.09.2026 13:16:03|IF_SAPFIN_HCMPAY_001|FIN|HCM|RETRY|25272|SESS-048BDFFDA8|REQ-92C256D769CE|dest=HCM;app=Finance;business=Payment Confirmation to Payroll;mw=SFTP;mode=Batch;err=DB_COMMIT_014;reason=Transaction commit failed;class=Database
EVT-0000555|10.09.2026 21:27:07|IF_SAPPROC_ORWMS_001|PROC|ORACLE_SCM|RETRY|52188|SESS-160CCA563B|REQ-1644A6F47AB5|dest=ORACLE_SCM;app=Procurement;business=Purchase Receipt to Warehouse;mw=SFTP;mode=Batch;err=CAP_003;reason=Downstream service is at capacity;class=Capacity
EVT-0000569|16.09.2026 00:50:11|IF_SAPPROC_ORWMS_001|PROC|ORACLE_SCM|OK|11591|SESS-5EF7696A8B|REQ-5F8DCB069018|dest=ORACLE_SCM;app=Procurement;business=Purchase Receipt to Warehouse;mw=SFTP;mode=Batch;err=0;reason=none;class=none
EVT-0000572|13.09.2026 03:37:26|IF_SAPPP_ORSC_001|PP|ORACLE_SCM|RETRY|4758|SESS-A92AB342C8|REQ-D377EA6FB305|dest=ORACLE_SCM;app=Product Planning;business=Production Plan to Supply Plan;mw=Kafka;mode=Async;err=DB_COMMIT_014;reason=Transaction commit failed;class=Database
EVT-0000574|14.09.2026 08:12:38|IF_SAPQM_ORWMS_001|QM|ORACLE_SCM|OK|2660|SESS-E267A356A1|REQ-F350467D57D7|dest=ORACLE_SCM;app=Quality Management;business=Quality Release to Warehouse;mw=Kafka;mode=Async;err=0;reason=none;class=none
EVT-0000576|11.09.2026 20:36:32|IF_SAPQM_MESPE_001|QM|MES|OK|890|SESS-E568236979|REQ-03394CACCA7E|dest=MES;app=Quality Management;business=Quality Release to Production;mw=Kafka;mode=Async;err=0;reason=none;class=none
EVT-0000579|16.09.2026 17:02:02|IF_SAPQM_MESPE_001|QM|MES|OK|1101|SESS-D0F598ECA1|REQ-ADEF8DAF7C20|dest=MES;app=Quality Management;business=Quality Release to Production;mw=Kafka;mode=Async;err=0;reason=none;class=none
EVT-0000582|15.09.2026 09:24:38|IF_SAPPROC_ORWMS_001|PROC|ORACLE_SCM|RETRY|31508|SESS-BF9F6BC4F6|REQ-43EBE92BCFFC|dest=ORACLE_SCM;app=Procurement;business=Purchase Receipt to Warehouse;mw=SFTP;mode=Batch;err=CAP_003;reason=Downstream service is at capacity;class=Capacity
EVT-0000587|11.09.2026 04:05:14|IF_SAPPP_ORSC_001|PP|ORACLE_SCM|OK|1703|SESS-BA7C9B67B3|REQ-7B79557FEF53|dest=ORACLE_SCM;app=Product Planning;business=Production Plan to Supply Plan;mw=Kafka;mode=Async;err=0;reason=none;class=none
EVT-0000591|14.09.2026 18:48:23|IF_SAPFIN_HCMPAY_001|FIN|HCM|OK|13370|SESS-EEC5DA6877|REQ-5303C1C08CFC|dest=HCM;app=Finance;business=Payment Confirmation to Payroll;mw=SFTP;mode=Batch;err=0;reason=none;class=none
EVT-0000593|10.09.2026 01:34:10|IF_SAPPP_ORSC_001|PP|ORACLE_SCM|RETRY|2925|SESS-D66C379DBB|REQ-46FF9EB79264|dest=ORACLE_SCM;app=Product Planning;business=Production Plan to Supply Plan;mw=Kafka;mode=Async;err=EXT_502;reason=Downstream service returned 502;class=External Service
EVT-0000594|11.09.2026 15:42:00|IF_SAPPROC_ORIM_001|PROC|ORACLE_SCM|OK|1385|SESS-EACDECD2B0|REQ-B2ACAB650EF8|dest=ORACLE_SCM;app=Procurement;business=Purchase Order to Inventory;mw=REST_API;mode=REST;err=0;reason=none;class=none
EVT-0000595|11.09.2026 09:39:40|IF_SAPPROC_ORWMS_001|PROC|ORACLE_SCM|OK|15798|SESS-C1761D0355|REQ-5666B3F71A1B|dest=ORACLE_SCM;app=Procurement;business=Purchase Receipt to Warehouse;mw=SFTP;mode=Batch;err=0;reason=none;class=none
EVT-0000596|15.09.2026 02:31:37|IF_SAPQM_ORWMS_001|QM|ORACLE_SCM|ERR|17330|SESS-1CFCD72399|REQ-4AB35BCB2DC2|dest=ORACLE_SCM;app=Quality Management;business=Quality Release to Warehouse;mw=Kafka;mode=Async;err=VAL_400;reason=Required business field failed validation;class=Validation
EVT-0000597|15.09.2026 06:57:07|IF_SAPPROC_ORIM_001|PROC|ORACLE_SCM|OK|1371|SESS-18F5E5F929|REQ-50F432EE1F10|dest=ORACLE_SCM;app=Procurement;business=Purchase Order to Inventory;mw=REST_API;mode=REST;err=0;reason=none;class=none
EVT-0000599|16.09.2026 08:34:23|IF_SAPPP_ORSC_001|PP|ORACLE_SCM|ERR|7670|SESS-C379048A25|REQ-AED7E2177E8C|dest=ORACLE_SCM;app=Product Planning;business=Production Plan to Supply Plan;mw=Kafka;mode=Async;err=VAL_400;reason=Required business field failed validation;class=Validation
EVT-0000609|14.09.2026 09:12:30|IF_SAPPP_MESPE_001|PP|MES|OK|734|SESS-902B29F6CD|REQ-1B03B12A8C72|dest=MES;app=Product Planning;business=Production Order to Manufacturing;mw=Kafka;mode=Async;err=0;reason=none;class=none
EVT-0000613|13.09.2026 19:15:21|IF_SAPQM_ORWMS_001|QM|ORACLE_SCM|OK|2370|SESS-32086A6BFA|REQ-891FA266131C|dest=ORACLE_SCM;app=Quality Management;business=Quality Release to Warehouse;mw=Kafka;mode=Async;err=0;reason=none;class=none
EVT-0000620|10.09.2026 06:38:54|IF_SAPQM_MESPE_001|QM|MES|RETRY|2917|SESS-A528B37075|REQ-B45A107714E6|dest=MES;app=Quality Management;business=Quality Release to Production;mw=Kafka;mode=Async;err=INFRA_008;reason=Runtime node unavailable;class=Infrastructure
EVT-0000623|13.09.2026 20:59:03|IF_SAPFIN_HCMPAY_001|FIN|HCM|OK|8018|SESS-E3116FE728|REQ-30A9C655BF3B|dest=HCM;app=Finance;business=Payment Confirmation to Payroll;mw=SFTP;mode=Batch;err=0;reason=none;class=none
EVT-0000625|13.09.2026 00:58:49|IF_SAPPROC_ORWMS_001|PROC|ORACLE_SCM|OK|11292|SESS-B4C59B751C|REQ-351BC8A6A015|dest=ORACLE_SCM;app=Procurement;business=Purchase Receipt to Warehouse;mw=SFTP;mode=Batch;err=0;reason=none;class=none
EVT-0000632|16.09.2026 01:38:41|IF_SAPPROC_ORIM_001|PROC|ORACLE_SCM|OK|1789|SESS-4C5DD1B9C8|REQ-75BDC8C726D6|dest=ORACLE_SCM;app=Procurement;business=Purchase Order to Inventory;mw=REST_API;mode=REST;err=0;reason=none;class=none
EVT-0000653|14.09.2026 11:36:33|IF_SAPQM_ORWMS_001|QM|ORACLE_SCM|OK|2793|SESS-3F2827B074|REQ-724E9CB46D49|dest=ORACLE_SCM;app=Quality Management;business=Quality Release to Warehouse;mw=Kafka;mode=Async;err=0;reason=none;class=none
EVT-0000662|12.09.2026 10:27:16|IF_SAPQM_MESPE_001|QM|MES|ERR|7679|SESS-495EA5779D|REQ-F1702F29C22E|dest=MES;app=Quality Management;business=Quality Release to Production;mw=Kafka;mode=Async;err=CAP_003;reason=Downstream service is at capacity;class=Capacity
EVT-0000669|11.09.2026 01:40:24|IF_SAPQM_ORWMS_001|QM|ORACLE_SCM|OK|2520|SESS-C81287966E|REQ-4FF0A129386B|dest=ORACLE_SCM;app=Quality Management;business=Quality Release to Warehouse;mw=Kafka;mode=Async;err=0;reason=none;class=none
EVT-0000679|16.09.2026 22:04:19|IF_SAPQM_ORWMS_001|QM|ORACLE_SCM|RETRY|6833|SESS-B5C6F64B8E|REQ-BC101A1637B0|dest=ORACLE_SCM;app=Quality Management;business=Quality Release to Warehouse;mw=Kafka;mode=Async;err=EXT_502;reason=Downstream service returned 502;class=External Service
EVT-0000680|11.09.2026 20:53:57|IF_SAPPROC_ORIM_001|PROC|ORACLE_SCM|OK|1859|SESS-DCFDF41F6F|REQ-8B7B9D002D8A|dest=ORACLE_SCM;app=Procurement;business=Purchase Order to Inventory;mw=REST_API;mode=REST;err=0;reason=none;class=none
EVT-0000682|10.09.2026 06:54:16|IF_SAPPP_ORSC_001|PP|ORACLE_SCM|OK|1153|SESS-B015B19CCA|REQ-E5AEB65E1358|dest=ORACLE_SCM;app=Product Planning;business=Production Plan to Supply Plan;mw=Kafka;mode=Async;err=0;reason=none;class=none
EVT-0000683|13.09.2026 08:12:21|IF_SAPPROC_ORIM_001|PROC|ORACLE_SCM|OK|1595|SESS-946A4660BC|REQ-70FB5FCE656A|dest=ORACLE_SCM;app=Procurement;business=Purchase Order to Inventory;mw=REST_API;mode=REST;err=0;reason=none;class=none
EVT-0000686|16.09.2026 17:03:27|IF_SAPQM_ORWMS_001|QM|ORACLE_SCM|OK|1782|SESS-6D9899AE49|REQ-3A95A46B7BBD|dest=ORACLE_SCM;app=Quality Management;business=Quality Release to Warehouse;mw=Kafka;mode=Async;err=0;reason=none;class=none
EVT-0000693|12.09.2026 13:13:14|IF_SAPQM_ORWMS_001|QM|ORACLE_SCM|RETRY|3556|SESS-347AD1A10D|REQ-8FE2C90D7D86|dest=ORACLE_SCM;app=Quality Management;business=Quality Release to Warehouse;mw=Kafka;mode=Async;err=VAL_400;reason=Required business field failed validation;class=Validation
EVT-0000699|10.09.2026 03:25:57|IF_SAPPP_ORSC_001|PP|ORACLE_SCM|OK|1469|SESS-A67243D2B0|REQ-F4BD8A642F83|dest=ORACLE_SCM;app=Product Planning;business=Production Plan to Supply Plan;mw=Kafka;mode=Async;err=0;reason=none;class=none
EVT-0000702|13.09.2026 19:56:58|IF_SAPPROC_ORWMS_001|PROC|ORACLE_SCM|OK|11774|SESS-9483944663|REQ-88E217BB364E|dest=ORACLE_SCM;app=Procurement;business=Purchase Receipt to Warehouse;mw=SFTP;mode=Batch;err=0;reason=none;class=none
EVT-0000705|11.09.2026 03:31:37|IF_SAPFIN_HCMPAY_001|FIN|HCM|OK|14384|SESS-327C35740B|REQ-A1ED4D5CB76F|dest=HCM;app=Finance;business=Payment Confirmation to Payroll;mw=SFTP;mode=Batch;err=0;reason=none;class=none
EVT-0000711|15.09.2026 10:30:48|IF_SAPPP_MESPE_001|PP|MES|OK|962|SESS-AC4EB1C95D|REQ-35AB47F09976|dest=MES;app=Product Planning;business=Production Order to Manufacturing;mw=Kafka;mode=Async;err=0;reason=none;class=none
EVT-0000716|10.09.2026 23:33:58|IF_SAPPROC_ORWMS_001|PROC|ORACLE_SCM|OK|12504|SESS-42B5FC3718|REQ-C82A4CC5B7DC|dest=ORACLE_SCM;app=Procurement;business=Purchase Receipt to Warehouse;mw=SFTP;mode=Batch;err=0;reason=none;class=none
EVT-0000718|16.09.2026 14:20:07|IF_SAPPROC_ORWMS_001|PROC|ORACLE_SCM|OK|13062|SESS-D4072DA1C7|REQ-6512BFF4F523|dest=ORACLE_SCM;app=Procurement;business=Purchase Receipt to Warehouse;mw=SFTP;mode=Batch;err=0;reason=none;class=none
EVT-0000726|13.09.2026 11:30:08|IF_SAPPP_ORSC_001|PP|ORACLE_SCM|OK|2141|SESS-6794B398BF|REQ-09DA8F772B77|dest=ORACLE_SCM;app=Product Planning;business=Production Plan to Supply Plan;mw=Kafka;mode=Async;err=0;reason=none;class=none
EVT-0000731|14.09.2026 22:22:41|IF_SAPPROC_ORWMS_001|PROC|ORACLE_SCM|ERR|70330|SESS-469D0276E2|REQ-F310ACE80475|dest=ORACLE_SCM;app=Procurement;business=Purchase Receipt to Warehouse;mw=SFTP;mode=Batch;err=CFG_017;reason=Interface configuration mismatch;class=Configuration
EVT-0000732|14.09.2026 20:26:56|IF_SAPFIN_HCMPAY_001|FIN|HCM|OK|14851|SESS-2666314B64|REQ-C4BBB6429134|dest=HCM;app=Finance;business=Payment Confirmation to Payroll;mw=SFTP;mode=Batch;err=0;reason=none;class=none
EVT-0000733|13.09.2026 17:42:33|IF_SAPPP_ORSC_001|PP|ORACLE_SCM|OK|1248|SESS-6D71C3F0A5|REQ-BF482DB8A1A6|dest=ORACLE_SCM;app=Product Planning;business=Production Plan to Supply Plan;mw=Kafka;mode=Async;err=0;reason=none;class=none
EVT-0000737|13.09.2026 12:23:23|IF_SAPPP_MESPE_001|PP|MES|RETRY|1544|SESS-808DC7DB69|REQ-F07CD4BB571C|dest=MES;app=Product Planning;business=Production Order to Manufacturing;mw=Kafka;mode=Async;err=CAP_003;reason=Downstream service is at capacity;class=Capacity
EVT-0000743|13.09.2026 12:46:47|IF_SAPPROC_ORWMS_001|PROC|ORACLE_SCM|OK|11552|SESS-6628918396|REQ-7B120CA7E103|dest=ORACLE_SCM;app=Procurement;business=Purchase Receipt to Warehouse;mw=SFTP;mode=Batch;err=0;reason=none;class=none
EVT-0000744|13.09.2026 08:47:59|IF_SAPFIN_HCMPAY_001|FIN|HCM|OK|8477|SESS-633CBCAD93|REQ-45C8ABC97E79|dest=HCM;app=Finance;business=Payment Confirmation to Payroll;mw=SFTP;mode=Batch;err=0;reason=none;class=none
EVT-0000748|10.09.2026 09:52:09|IF_SAPPP_MESPE_001|PP|MES|ERR|1004|SESS-30456B353E|REQ-2BBAF51FFA89|dest=MES;app=Product Planning;business=Production Order to Manufacturing;mw=Kafka;mode=Async;err=INFRA_008;reason=Runtime node unavailable;class=Infrastructure
EVT-0000751|14.09.2026 03:20:42|IF_SAPQM_ORWMS_001|QM|ORACLE_SCM|OK|2577|SESS-544C748736|REQ-1F7688A284A5|dest=ORACLE_SCM;app=Quality Management;business=Quality Release to Warehouse;mw=Kafka;mode=Async;err=0;reason=none;class=none
EVT-0000753|11.09.2026 06:58:50|IF_SAPPROC_ORIM_001|PROC|ORACLE_SCM|OK|2607|SESS-972D207EC6|REQ-6709B0115AA5|dest=ORACLE_SCM;app=Procurement;business=Purchase Order to Inventory;mw=REST_API;mode=REST;err=0;reason=none;class=none
EVT-0000755|12.09.2026 08:45:00|IF_SAPPP_ORSC_001|PP|ORACLE_SCM|RETRY|3282|SESS-AA127763AD|REQ-FAE94E63642B|dest=ORACLE_SCM;app=Product Planning;business=Production Plan to Supply Plan;mw=Kafka;mode=Async;err=INFRA_008;reason=Runtime node unavailable;class=Infrastructure
EVT-0000757|15.09.2026 01:17:33|IF_SAPQM_ORWMS_001|QM|ORACLE_SCM|OK|2443|SESS-2B49CE670A|REQ-0DF8BF44CD29|dest=ORACLE_SCM;app=Quality Management;business=Quality Release to Warehouse;mw=Kafka;mode=Async;err=0;reason=none;class=none
EVT-0000761|12.09.2026 05:53:12|IF_SAPPP_ORSC_001|PP|ORACLE_SCM|RETRY|3543|SESS-CA53517F58|REQ-19CD3BC82544|dest=ORACLE_SCM;app=Product Planning;business=Production Plan to Supply Plan;mw=Kafka;mode=Async;err=INFRA_008;reason=Runtime node unavailable;class=Infrastructure
EVT-0000769|11.09.2026 23:04:51|IF_SAPPROC_ORIM_001|PROC|ORACLE_SCM|OK|1939|SESS-6273433D4E|REQ-AC3F130D4AE0|dest=ORACLE_SCM;app=Procurement;business=Purchase Order to Inventory;mw=REST_API;mode=REST;err=0;reason=none;class=none
EVT-0000771|16.09.2026 07:48:16|IF_SAPQM_ORWMS_001|QM|ORACLE_SCM|OK|3926|SESS-4FDA532897|REQ-7D18E6C2A96F|dest=ORACLE_SCM;app=Quality Management;business=Quality Release to Warehouse;mw=Kafka;mode=Async;err=0;reason=none;class=none
EVT-0000775|12.09.2026 10:10:41|IF_SAPPROC_ORWMS_001|PROC|ORACLE_SCM|OK|12572|SESS-C6BCAA4B27|REQ-C11FA0A55074|dest=ORACLE_SCM;app=Procurement;business=Purchase Receipt to Warehouse;mw=SFTP;mode=Batch;err=0;reason=none;class=none
EVT-0000778|10.09.2026 21:12:19|IF_SAPPP_ORSC_001|PP|ORACLE_SCM|OK|1750|SESS-E8591AA154|REQ-D1EE24A80338|dest=ORACLE_SCM;app=Product Planning;business=Production Plan to Supply Plan;mw=Kafka;mode=Async;err=0;reason=none;class=none
EVT-0000785|13.09.2026 20:17:59|IF_SAPPROC_ORIM_001|PROC|ORACLE_SCM|ERR|9999|SESS-EAB5A97AC8|REQ-11B59B8B12B5|dest=ORACLE_SCM;app=Procurement;business=Purchase Order to Inventory;mw=REST_API;mode=REST;err=AUTH_401;reason=Service credential rejected;class=Authentication
EVT-0000792|11.09.2026 09:01:25|IF_SAPFIN_HCMPAY_001|FIN|HCM|OK|13593|SESS-142EA93F71|REQ-86AC18904331|dest=HCM;app=Finance;business=Payment Confirmation to Payroll;mw=SFTP;mode=Batch;err=0;reason=none;class=none
EVT-0000794|16.09.2026 02:40:35|IF_SAPQM_ORWMS_001|QM|ORACLE_SCM|OK|1458|SESS-230F02AA19|REQ-F7F273D1D0BB|dest=ORACLE_SCM;app=Quality Management;business=Quality Release to Warehouse;mw=Kafka;mode=Async;err=0;reason=none;class=none
EVT-0000795|11.09.2026 10:36:40|IF_SAPFIN_HCMPAY_001|FIN|HCM|OK|22804|SESS-D24C2058CD|REQ-BD2A1CDD7726|dest=HCM;app=Finance;business=Payment Confirmation to Payroll;mw=SFTP;mode=Batch;err=0;reason=none;class=none
EVT-0000798|13.09.2026 06:33:25|IF_SAPPROC_ORIM_001|PROC|ORACLE_SCM|OK|2259|SESS-31C70B6A21|REQ-0D0955FE74AA|dest=ORACLE_SCM;app=Procurement;business=Purchase Order to Inventory;mw=REST_API;mode=REST;err=0;reason=none;class=none
EVT-0000799|12.09.2026 18:06:04|IF_SAPPROC_ORWMS_001|PROC|ORACLE_SCM|OK|13640|SESS-BB33739973|REQ-6030C3BDA654|dest=ORACLE_SCM;app=Procurement;business=Purchase Receipt to Warehouse;mw=SFTP;mode=Batch;err=0;reason=none;class=none
EVT-0000801|13.09.2026 07:44:45|IF_SAPPP_MESPE_001|PP|MES|OK|934|SESS-A1022FA0B9|REQ-E8710E5A715F|dest=MES;app=Product Planning;business=Production Order to Manufacturing;mw=Kafka;mode=Async;err=0;reason=none;class=none
EVT-0000804|13.09.2026 22:10:57|IF_SAPPP_MESPE_001|PP|MES|OK|744|SESS-BFF2A09E4E|REQ-F87DD9986F72|dest=MES;app=Product Planning;business=Production Order to Manufacturing;mw=Kafka;mode=Async;err=0;reason=none;class=none
EVT-0000807|14.09.2026 19:01:10|IF_SAPFIN_HCMPAY_001|FIN|HCM|OK|14257|SESS-9E7233D443|REQ-7825CA1A83EA|dest=HCM;app=Finance;business=Payment Confirmation to Payroll;mw=SFTP;mode=Batch;err=0;reason=none;class=none
EVT-0000813|15.09.2026 03:21:35|IF_SAPQM_ORWMS_001|QM|ORACLE_SCM|OK|2022|SESS-A7C4C993B3|REQ-5D4734042BE5|dest=ORACLE_SCM;app=Quality Management;business=Quality Release to Warehouse;mw=Kafka;mode=Async;err=0;reason=none;class=none
EVT-0000816|10.09.2026 01:29:26|IF_SAPQM_MESPE_001|QM|MES|OK|1117|SESS-9B580DA340|REQ-075610580000|dest=MES;app=Quality Management;business=Quality Release to Production;mw=Kafka;mode=Async;err=0;reason=none;class=none
EVT-0000828|11.09.2026 20:59:28|IF_SAPPP_ORSC_001|PP|ORACLE_SCM|OK|1348|SESS-71AEF93943|REQ-A3B6F97963C5|dest=ORACLE_SCM;app=Product Planning;business=Production Plan to Supply Plan;mw=Kafka;mode=Async;err=0;reason=none;class=none
EVT-0000839|11.09.2026 07:06:33|IF_SAPPP_ORSC_001|PP|ORACLE_SCM|OK|1141|SESS-13928A1628|REQ-2B4B287E2FD3|dest=ORACLE_SCM;app=Product Planning;business=Production Plan to Supply Plan;mw=Kafka;mode=Async;err=0;reason=none;class=none
EVT-0000841|11.09.2026 07:24:10|IF_SAPQM_MESPE_001|QM|MES|OK|1119|SESS-BBC43772A3|REQ-B0D0518D3F90|dest=MES;app=Quality Management;business=Quality Release to Production;mw=Kafka;mode=Async;err=0;reason=none;class=none
EVT-0000842|15.09.2026 17:31:12|IF_SAPPROC_ORWMS_001|PROC|ORACLE_SCM|ERR|75323|SESS-B5D53FCC36|REQ-80DB025EA1F1|dest=ORACLE_SCM;app=Procurement;business=Purchase Receipt to Warehouse;mw=SFTP;mode=Batch;err=VAL_400;reason=Required business field failed validation;class=Validation
EVT-0000844|16.09.2026 09:54:07|IF_SAPQM_ORWMS_001|QM|ORACLE_SCM|RETRY|6194|SESS-082790B2B1|REQ-EF1E6C06BC86|dest=ORACLE_SCM;app=Quality Management;business=Quality Release to Warehouse;mw=Kafka;mode=Async;err=INFRA_008;reason=Runtime node unavailable;class=Infrastructure
EVT-0000850|14.09.2026 12:08:58|IF_SAPQM_ORWMS_001|QM|ORACLE_SCM|RETRY|6929|SESS-C980E9D13C|REQ-09D812367E7C|dest=ORACLE_SCM;app=Quality Management;business=Quality Release to Warehouse;mw=Kafka;mode=Async;err=CFG_017;reason=Interface configuration mismatch;class=Configuration
EVT-0000853|14.09.2026 21:57:22|IF_SAPPROC_ORWMS_001|PROC|ORACLE_SCM|ERR|20654|SESS-781E40102B|REQ-8AABD8578742|dest=ORACLE_SCM;app=Procurement;business=Purchase Receipt to Warehouse;mw=SFTP;mode=Batch;err=NET_CONN_003;reason=Connection reset by peer;class=Network
EVT-0000856|10.09.2026 00:50:06|IF_SAPPROC_ORWMS_001|PROC|ORACLE_SCM|OK|12681|SESS-423E4EF9EA|REQ-1799353F772A|dest=ORACLE_SCM;app=Procurement;business=Purchase Receipt to Warehouse;mw=SFTP;mode=Batch;err=0;reason=none;class=none
EVT-0000863|15.09.2026 10:34:20|IF_SAPPP_ORSC_001|PP|ORACLE_SCM|OK|2072|SESS-BDFCA684EC|REQ-CBAB22048BD1|dest=ORACLE_SCM;app=Product Planning;business=Production Plan to Supply Plan;mw=Kafka;mode=Async;err=0;reason=none;class=none
EVT-0000867|15.09.2026 23:52:56|IF_SAPPP_ORSC_001|PP|ORACLE_SCM|OK|1494|SESS-604A5A62A0|REQ-C05885C0F9BE|dest=ORACLE_SCM;app=Product Planning;business=Production Plan to Supply Plan;mw=Kafka;mode=Async;err=0;reason=none;class=none
EVT-0000869|11.09.2026 21:53:22|IF_SAPQM_MESPE_001|QM|MES|OK|1127|SESS-51B86A09BC|REQ-1792CB90EAA1|dest=MES;app=Quality Management;business=Quality Release to Production;mw=Kafka;mode=Async;err=0;reason=none;class=none
EVT-0000871|16.09.2026 08:22:17|IF_SAPPROC_ORIM_001|PROC|ORACLE_SCM|OK|2837|SESS-4ED89EC60A|REQ-E3916F20B36D|dest=ORACLE_SCM;app=Procurement;business=Purchase Order to Inventory;mw=REST_API;mode=REST;err=0;reason=none;class=none
EVT-0000872|13.09.2026 23:36:57|IF_SAPPROC_ORWMS_001|PROC|ORACLE_SCM|RETRY|35418|SESS-D7DBD2A512|REQ-00C8DBBD4B20|dest=ORACLE_SCM;app=Procurement;business=Purchase Receipt to Warehouse;mw=SFTP;mode=Batch;err=TIME_004;reason=Downstream response exceeded SLA;class=Timeout
EVT-0000873|13.09.2026 01:45:33|IF_SAPQM_MESPE_001|QM|MES|OK|888|SESS-547DD3DAE1|REQ-5D14FC253494|dest=MES;app=Quality Management;business=Quality Release to Production;mw=Kafka;mode=Async;err=0;reason=none;class=none
EVT-0000879|13.09.2026 19:13:25|IF_SAPQM_MESPE_001|QM|MES|OK|836|SESS-5C1A43B745|REQ-D56FC545EBB5|dest=MES;app=Quality Management;business=Quality Release to Production;mw=Kafka;mode=Async;err=0;reason=none;class=none
EVT-0000880|14.09.2026 04:18:11|IF_SAPPROC_ORWMS_001|PROC|ORACLE_SCM|RETRY|51918|SESS-1D6918FCE0|REQ-B149406550DC|dest=ORACLE_SCM;app=Procurement;business=Purchase Receipt to Warehouse;mw=SFTP;mode=Batch;err=AUTHZ_403;reason=Caller is not authorized;class=Authorization
EVT-0000882|12.09.2026 22:46:28|IF_SAPPP_ORSC_001|PP|ORACLE_SCM|OK|1293|SESS-5B51BF81AD|REQ-BE52C19924B0|dest=ORACLE_SCM;app=Product Planning;business=Production Plan to Supply Plan;mw=Kafka;mode=Async;err=0;reason=none;class=none
EVT-0000891|12.09.2026 22:10:34|IF_SAPFIN_HCMPAY_001|FIN|HCM|OK|13928|SESS-0319063EBE|REQ-8318B5D0F387|dest=HCM;app=Finance;business=Payment Confirmation to Payroll;mw=SFTP;mode=Batch;err=0;reason=none;class=none
EVT-0000902|12.09.2026 06:48:26|IF_SAPPP_MESPE_001|PP|MES|OK|870|SESS-4532DE0554|REQ-A71BC8AB74C5|dest=MES;app=Product Planning;business=Production Order to Manufacturing;mw=Kafka;mode=Async;err=0;reason=none;class=none
EVT-0000904|11.09.2026 20:22:05|IF_SAPPROC_ORWMS_001|PROC|ORACLE_SCM|OK|7640|SESS-8F3F1F8721|REQ-610099B58E45|dest=ORACLE_SCM;app=Procurement;business=Purchase Receipt to Warehouse;mw=SFTP;mode=Batch;err=0;reason=none;class=none
EVT-0000911|12.09.2026 19:34:08|IF_SAPPROC_ORWMS_001|PROC|ORACLE_SCM|OK|9199|SESS-EF8E1CB797|REQ-25063F6C9163|dest=ORACLE_SCM;app=Procurement;business=Purchase Receipt to Warehouse;mw=SFTP;mode=Batch;err=0;reason=none;class=none
EVT-0000914|14.09.2026 08:25:00|IF_SAPPROC_ORWMS_001|PROC|ORACLE_SCM|OK|12483|SESS-A5CD5427B9|REQ-074D5B5F88F7|dest=ORACLE_SCM;app=Procurement;business=Purchase Receipt to Warehouse;mw=SFTP;mode=Batch;err=0;reason=none;class=none
EVT-0000922|15.09.2026 05:44:59|IF_SAPQM_ORWMS_001|QM|ORACLE_SCM|RETRY|3592|SESS-6898699E25|REQ-94BE6AB36AC2|dest=ORACLE_SCM;app=Quality Management;business=Quality Release to Warehouse;mw=Kafka;mode=Async;err=EXT_502;reason=Downstream service returned 502;class=External Service
EVT-0000931|16.09.2026 13:35:02|IF_SAPFIN_HCMPAY_001|FIN|HCM|RETRY|53674|SESS-8CDEDCC958|REQ-7B00A96EAAE3|dest=HCM;app=Finance;business=Payment Confirmation to Payroll;mw=SFTP;mode=Batch;err=AUTH_401;reason=Service credential rejected;class=Authentication
EVT-0000944|14.09.2026 09:36:12|IF_SAPPP_MESPE_001|PP|MES|OK|789|SESS-20B15F6953|REQ-DFCD437D5482|dest=MES;app=Product Planning;business=Production Order to Manufacturing;mw=Kafka;mode=Async;err=0;reason=none;class=none
EVT-0000945|10.09.2026 15:38:54|IF_SAPFIN_HCMPAY_001|FIN|HCM|OK|13732|SESS-D5B793B310|REQ-AF622EB6A854|dest=HCM;app=Finance;business=Payment Confirmation to Payroll;mw=SFTP;mode=Batch;err=0;reason=none;class=none
EVT-0000948|14.09.2026 17:41:47|IF_SAPPP_ORSC_001|PP|ORACLE_SCM|RETRY|4213|SESS-F97A0A7D9D|REQ-51874B4A28AD|dest=ORACLE_SCM;app=Product Planning;business=Production Plan to Supply Plan;mw=Kafka;mode=Async;err=EXT_502;reason=Downstream service returned 502;class=External Service
EVT-0000950|15.09.2026 23:21:36|IF_SAPPROC_ORIM_001|PROC|ORACLE_SCM|OK|1215|SESS-01807D464A|REQ-75952EDB32BD|dest=ORACLE_SCM;app=Procurement;business=Purchase Order to Inventory;mw=REST_API;mode=REST;err=0;reason=none;class=none
EVT-0000955|14.09.2026 17:39:28|IF_SAPPP_ORSC_001|PP|ORACLE_SCM|OK|1509|SESS-D04D1D919D|REQ-2F122EB7614B|dest=ORACLE_SCM;app=Product Planning;business=Production Plan to Supply Plan;mw=Kafka;mode=Async;err=0;reason=none;class=none
EVT-0000959|14.09.2026 19:59:03|IF_SAPPROC_ORWMS_001|PROC|ORACLE_SCM|OK|18951|SESS-9D25AE58E4|REQ-C1CE0E6FC664|dest=ORACLE_SCM;app=Procurement;business=Purchase Receipt to Warehouse;mw=SFTP;mode=Batch;err=0;reason=none;class=none
EVT-0000960|12.09.2026 07:26:04|IF_SAPQM_MESPE_001|QM|MES|RETRY|3345|SESS-0C3FA349E1|REQ-E9E37F1E2D44|dest=MES;app=Quality Management;business=Quality Release to Production;mw=Kafka;mode=Async;err=AUTHZ_403;reason=Caller is not authorized;class=Authorization
EVT-0000967|15.09.2026 19:39:43|IF_SAPPROC_ORWMS_001|PROC|ORACLE_SCM|OK|14196|SESS-3C6C034DBC|REQ-2923507B2276|dest=ORACLE_SCM;app=Procurement;business=Purchase Receipt to Warehouse;mw=SFTP;mode=Batch;err=0;reason=none;class=none
EVT-0000978|15.09.2026 05:11:09|IF_SAPPROC_ORWMS_001|PROC|ORACLE_SCM|OK|9430|SESS-EC60172222|REQ-05E0D73F615F|dest=ORACLE_SCM;app=Procurement;business=Purchase Receipt to Warehouse;mw=SFTP;mode=Batch;err=0;reason=none;class=none
EVT-0000981|14.09.2026 10:49:32|IF_SAPPROC_ORWMS_001|PROC|ORACLE_SCM|OK|10951|SESS-4AAA77C461|REQ-DD89F36937D5|dest=ORACLE_SCM;app=Procurement;business=Purchase Receipt to Warehouse;mw=SFTP;mode=Batch;err=0;reason=none;class=none
EVT-0000982|15.09.2026 08:52:46|IF_SAPPROC_ORIM_001|PROC|ORACLE_SCM|OK|1862|SESS-00A91B1E5E|REQ-31958C801EF6|dest=ORACLE_SCM;app=Procurement;business=Purchase Order to Inventory;mw=REST_API;mode=REST;err=0;reason=none;class=none
EVT-0000994|12.09.2026 13:23:38|IF_SAPQM_MESPE_001|QM|MES|RETRY|1500|SESS-D55A1F12D2|REQ-B16EE5159ACD|dest=MES;app=Quality Management;business=Quality Release to Production;mw=Kafka;mode=Async;err=VAL_400;reason=Required business field failed validation;class=Validation
EVT-0000998|11.09.2026 13:11:01|IF_SAPQM_ORWMS_001|QM|ORACLE_SCM|RETRY|8779|SESS-E657C5666B|REQ-DDB806C46AFF|dest=ORACLE_SCM;app=Quality Management;business=Quality Release to Warehouse;mw=Kafka;mode=Async;err=AUTHZ_403;reason=Caller is not authorized;class=Authorization
EVT-0001004|12.09.2026 07:47:16|IF_SAPPROC_ORIM_001|PROC|ORACLE_SCM|OK|2157|SESS-7D3B871611|REQ-92F9BC111F16|dest=ORACLE_SCM;app=Procurement;business=Purchase Order to Inventory;mw=REST_API;mode=REST;err=0;reason=none;class=none
EVT-0001006|13.09.2026 10:15:42|IF_SAPPROC_ORIM_001|PROC|ORACLE_SCM|OK|1393|SESS-BB1CEFE55E|REQ-E6D82B7A73CE|dest=ORACLE_SCM;app=Procurement;business=Purchase Order to Inventory;mw=REST_API;mode=REST;err=0;reason=none;class=none
EVT-0001007|10.09.2026 17:15:44|IF_SAPPP_MESPE_001|PP|MES|OK|615|SESS-2CACC54A48|REQ-49D4F9CDB484|dest=MES;app=Product Planning;business=Production Order to Manufacturing;mw=Kafka;mode=Async;err=0;reason=none;class=none
EVT-0001016|13.09.2026 07:21:41|IF_SAPPROC_ORWMS_001|PROC|ORACLE_SCM|OK|12090|SESS-D22E7444CE|REQ-404039D6BF40|dest=ORACLE_SCM;app=Procurement;business=Purchase Receipt to Warehouse;mw=SFTP;mode=Batch;err=0;reason=none;class=none
EVT-0001017|11.09.2026 23:47:15|IF_SAPPROC_ORWMS_001|PROC|ORACLE_SCM|OK|12593|SESS-B5D5FF08F2|REQ-F144B0F1A68E|dest=ORACLE_SCM;app=Procurement;business=Purchase Receipt to Warehouse;mw=SFTP;mode=Batch;err=0;reason=none;class=none
EVT-0001020|13.09.2026 10:57:37|IF_SAPPROC_ORWMS_001|PROC|ORACLE_SCM|OK|19146|SESS-AB620A0034|REQ-01700505B103|dest=ORACLE_SCM;app=Procurement;business=Purchase Receipt to Warehouse;mw=SFTP;mode=Batch;err=0;reason=none;class=none
EVT-0001021|13.09.2026 23:37:26|IF_SAPQM_MESPE_001|QM|MES|OK|743|SESS-D3775E6649|REQ-A3986E29C383|dest=MES;app=Quality Management;business=Quality Release to Production;mw=Kafka;mode=Async;err=0;reason=none;class=none
EVT-0001027|13.09.2026 14:26:42|IF_SAPQM_ORWMS_001|QM|ORACLE_SCM|OK|3185|SESS-8C9CADB789|REQ-122483B354C4|dest=ORACLE_SCM;app=Quality Management;business=Quality Release to Warehouse;mw=Kafka;mode=Async;err=0;reason=none;class=none
EVT-0001031|12.09.2026 13:02:58|IF_SAPFIN_HCMPAY_001|FIN|HCM|OK|11104|SESS-BC282E80C3|REQ-09FBC630E1B0|dest=HCM;app=Finance;business=Payment Confirmation to Payroll;mw=SFTP;mode=Batch;err=0;reason=none;class=none
EVT-0001036|13.09.2026 10:14:56|IF_SAPQM_ORWMS_001|QM|ORACLE_SCM|OK|2323|SESS-45D1D6BF9E|REQ-21F449DE6284|dest=ORACLE_SCM;app=Quality Management;business=Quality Release to Warehouse;mw=Kafka;mode=Async;err=0;reason=none;class=none
EVT-0001046|10.09.2026 04:14:24|IF_SAPFIN_HCMPAY_001|FIN|HCM|OK|15443|SESS-EBF50E1ECB|REQ-389D6C6F6FFD|dest=HCM;app=Finance;business=Payment Confirmation to Payroll;mw=SFTP;mode=Batch;err=0;reason=none;class=none
EVT-0001049|11.09.2026 09:06:57|IF_SAPPP_ORSC_001|PP|ORACLE_SCM|OK|1236|SESS-71CFE1A0AB|REQ-8ECE974B2EF6|dest=ORACLE_SCM;app=Product Planning;business=Production Plan to Supply Plan;mw=Kafka;mode=Async;err=0;reason=none;class=none
EVT-0001062|12.09.2026 14:38:28|IF_SAPQM_MESPE_001|QM|MES|OK|830|SESS-938C516D23|REQ-BED3A9101AC1|dest=MES;app=Quality Management;business=Quality Release to Production;mw=Kafka;mode=Async;err=0;reason=none;class=none
EVT-0001069|13.09.2026 09:05:31|IF_SAPPP_ORSC_001|PP|ORACLE_SCM|OK|1582|SESS-F7E01AE5BF|REQ-80C77D48D3C9|dest=ORACLE_SCM;app=Product Planning;business=Production Plan to Supply Plan;mw=Kafka;mode=Async;err=0;reason=none;class=none
EVT-0001072|14.09.2026 05:47:17|IF_SAPPP_ORSC_001|PP|ORACLE_SCM|RETRY|4970|SESS-B982092FCA|REQ-2E1D10579F91|dest=ORACLE_SCM;app=Product Planning;business=Production Plan to Supply Plan;mw=Kafka;mode=Async;err=CFG_017;reason=Interface configuration mismatch;class=Configuration
EVT-0001073|11.09.2026 01:14:27|IF_SAPQM_MESPE_001|QM|MES|OK|913|SESS-17B3E7436D|REQ-94A439A73435|dest=MES;app=Quality Management;business=Quality Release to Production;mw=Kafka;mode=Async;err=0;reason=none;class=none
EVT-0001075|14.09.2026 10:09:19|IF_SAPFIN_HCMPAY_001|FIN|HCM|RETRY|37850|SESS-A257102D05|REQ-CA834E2740A9|dest=HCM;app=Finance;business=Payment Confirmation to Payroll;mw=SFTP;mode=Batch;err=VAL_400;reason=Required business field failed validation;class=Validation
EVT-0001077|10.09.2026 08:17:15|IF_SAPPP_ORSC_001|PP|ORACLE_SCM|OK|1174|SESS-003D947872|REQ-817115DFBE81|dest=ORACLE_SCM;app=Product Planning;business=Production Plan to Supply Plan;mw=Kafka;mode=Async;err=0;reason=none;class=none
EVT-0001081|12.09.2026 15:44:59|IF_SAPPP_ORSC_001|PP|ORACLE_SCM|OK|1750|SESS-A7621FD22D|REQ-633462AE363E|dest=ORACLE_SCM;app=Product Planning;business=Production Plan to Supply Plan;mw=Kafka;mode=Async;err=0;reason=none;class=none
EVT-0001082|10.09.2026 17:14:53|IF_SAPQM_ORWMS_001|QM|ORACLE_SCM|RETRY|4851|SESS-EE6AF6BD78|REQ-D5693C670E22|dest=ORACLE_SCM;app=Quality Management;business=Quality Release to Warehouse;mw=Kafka;mode=Async;err=VAL_400;reason=Required business field failed validation;class=Validation
EVT-0001089|15.09.2026 20:24:06|IF_SAPPROC_ORIM_001|PROC|ORACLE_SCM|OK|2795|SESS-978B830B38|REQ-1B9B201AF90D|dest=ORACLE_SCM;app=Procurement;business=Purchase Order to Inventory;mw=REST_API;mode=REST;err=0;reason=none;class=none
EVT-0001097|14.09.2026 13:22:02|IF_SAPPROC_ORWMS_001|PROC|ORACLE_SCM|OK|12623|SESS-821A8A44B1|REQ-982D61E3E47D|dest=ORACLE_SCM;app=Procurement;business=Purchase Receipt to Warehouse;mw=SFTP;mode=Batch;err=0;reason=none;class=none
EVT-0001100|10.09.2026 08:50:52|IF_SAPPROC_ORIM_001|PROC|ORACLE_SCM|OK|2403|SESS-1D2329847C|REQ-18708346E3F7|dest=ORACLE_SCM;app=Procurement;business=Purchase Order to Inventory;mw=REST_API;mode=REST;err=0;reason=none;class=none
EVT-0001109|11.09.2026 08:29:22|IF_SAPPROC_ORWMS_001|PROC|ORACLE_SCM|OK|11580|SESS-CF05B9EAD3|REQ-393D2D419181|dest=ORACLE_SCM;app=Procurement;business=Purchase Receipt to Warehouse;mw=SFTP;mode=Batch;err=0;reason=none;class=none
EVT-0001111|16.09.2026 12:45:57|IF_SAPPP_MESPE_001|PP|MES|OK|885|SESS-FAE60123FC|REQ-5601EB897F0C|dest=MES;app=Product Planning;business=Production Order to Manufacturing;mw=Kafka;mode=Async;err=0;reason=none;class=none
EVT-0001112|15.09.2026 14:07:28|IF_SAPPROC_ORWMS_001|PROC|ORACLE_SCM|OK|10898|SESS-5F228671BD|REQ-02B45E3E65C9|dest=ORACLE_SCM;app=Procurement;business=Purchase Receipt to Warehouse;mw=SFTP;mode=Batch;err=0;reason=none;class=none
EVT-0001115|14.09.2026 12:54:53|IF_SAPPP_MESPE_001|PP|MES|OK|517|SESS-2469386EF5|REQ-A0EAA4CFB1D5|dest=MES;app=Product Planning;business=Production Order to Manufacturing;mw=Kafka;mode=Async;err=0;reason=none;class=none
EVT-0001116|13.09.2026 04:02:09|IF_SAPQM_ORWMS_001|QM|ORACLE_SCM|OK|2071|SESS-31EA1E38D8|REQ-6BB6BFE3E173|dest=ORACLE_SCM;app=Quality Management;business=Quality Release to Warehouse;mw=Kafka;mode=Async;err=0;reason=none;class=none
EVT-0001117|11.09.2026 00:23:21|IF_SAPPROC_ORWMS_001|PROC|ORACLE_SCM|OK|8806|SESS-7FE22DBA8C|REQ-B054769F782F|dest=ORACLE_SCM;app=Procurement;business=Purchase Receipt to Warehouse;mw=SFTP;mode=Batch;err=0;reason=none;class=none
EVT-0001128|12.09.2026 16:28:52|IF_SAPPP_MESPE_001|PP|MES|RETRY|2195|SESS-7786EE263A|REQ-A0025C0FF8B7|dest=MES;app=Product Planning;business=Production Order to Manufacturing;mw=Kafka;mode=Async;err=EXT_502;reason=Downstream service returned 502;class=External Service
EVT-0001130|16.09.2026 18:47:43|IF_SAPQM_ORWMS_001|QM|ORACLE_SCM|OK|1979|SESS-1D6A2F7E3E|REQ-05799AA2E8AE|dest=ORACLE_SCM;app=Quality Management;business=Quality Release to Warehouse;mw=Kafka;mode=Async;err=0;reason=none;class=none
EVT-0001131|13.09.2026 16:58:23|IF_SAPPP_ORSC_001|PP|ORACLE_SCM|OK|1413|SESS-A3394B6416|REQ-5B6B99F68B54|dest=ORACLE_SCM;app=Product Planning;business=Production Plan to Supply Plan;mw=Kafka;mode=Async;err=0;reason=none;class=none
EVT-0001132|16.09.2026 08:34:19|IF_SAPPP_ORSC_001|PP|ORACLE_SCM|OK|1374|SESS-A7997262D2|REQ-546BD5F6D23C|dest=ORACLE_SCM;app=Product Planning;business=Production Plan to Supply Plan;mw=Kafka;mode=Async;err=0;reason=none;class=none
EVT-0001133|14.09.2026 15:34:06|IF_SAPQM_ORWMS_001|QM|ORACLE_SCM|OK|1954|SESS-9A763513E6|REQ-6FE4109D282E|dest=ORACLE_SCM;app=Quality Management;business=Quality Release to Warehouse;mw=Kafka;mode=Async;err=0;reason=none;class=none
EVT-0001154|13.09.2026 04:15:38|IF_SAPQM_MESPE_001|QM|MES|OK|805|SESS-FE9226F126|REQ-85D3845A123C|dest=MES;app=Quality Management;business=Quality Release to Production;mw=Kafka;mode=Async;err=0;reason=none;class=none
EVT-0001158|11.09.2026 14:37:02|IF_SAPPROC_ORIM_001|PROC|ORACLE_SCM|OK|1686|SESS-C166FEEC5E|REQ-E8CD27033164|dest=ORACLE_SCM;app=Procurement;business=Purchase Order to Inventory;mw=REST_API;mode=REST;err=0;reason=none;class=none
EVT-0001159|12.09.2026 14:56:08|IF_SAPPP_MESPE_001|PP|MES|OK|773|SESS-BB8D8AAFDE|REQ-AEA921FA1395|dest=MES;app=Product Planning;business=Production Order to Manufacturing;mw=Kafka;mode=Async;err=0;reason=none;class=none
EVT-0001166|12.09.2026 03:34:44|IF_SAPPP_MESPE_001|PP|MES|OK|1285|SESS-47BA577EFD|REQ-3C3C1AE51312|dest=MES;app=Product Planning;business=Production Order to Manufacturing;mw=Kafka;mode=Async;err=0;reason=none;class=none
EVT-0001167|11.09.2026 20:49:20|IF_SAPPP_ORSC_001|PP|ORACLE_SCM|OK|1942|SESS-3BD0F48009|REQ-5D93CE628C78|dest=ORACLE_SCM;app=Product Planning;business=Production Plan to Supply Plan;mw=Kafka;mode=Async;err=0;reason=none;class=none
EVT-0001170|16.09.2026 23:55:11|IF_SAPPROC_ORWMS_001|PROC|ORACLE_SCM|OK|15348|SESS-0AAAEEFE09|REQ-ADDCAB3FA559|dest=ORACLE_SCM;app=Procurement;business=Purchase Receipt to Warehouse;mw=SFTP;mode=Batch;err=0;reason=none;class=none
EVT-0001172|13.09.2026 09:00:09|IF_SAPPP_ORSC_001|PP|ORACLE_SCM|RETRY|5051|SESS-36E82DFFAA|REQ-3372D0C368D0|dest=ORACLE_SCM;app=Product Planning;business=Production Plan to Supply Plan;mw=Kafka;mode=Async;err=TIME_004;reason=Downstream response exceeded SLA;class=Timeout
EVT-0001177|11.09.2026 16:36:09|IF_SAPQM_ORWMS_001|QM|ORACLE_SCM|OK|3105|SESS-C384B5FEA6|REQ-1EDB9B2CC428|dest=ORACLE_SCM;app=Quality Management;business=Quality Release to Warehouse;mw=Kafka;mode=Async;err=0;reason=none;class=none
EVT-0001182|13.09.2026 23:24:57|IF_SAPQM_ORWMS_001|QM|ORACLE_SCM|OK|2180|SESS-8ED79C4323|REQ-F07BEC83109D|dest=ORACLE_SCM;app=Quality Management;business=Quality Release to Warehouse;mw=Kafka;mode=Async;err=0;reason=none;class=none
EVT-0001187|13.09.2026 13:39:36|IF_SAPPROC_ORIM_001|PROC|ORACLE_SCM|OK|2009|SESS-28383BACFA|REQ-0125E6DE627B|dest=ORACLE_SCM;app=Procurement;business=Purchase Order to Inventory;mw=REST_API;mode=REST;err=0;reason=none;class=none
EVT-0001193|12.09.2026 20:50:19|IF_SAPQM_ORWMS_001|QM|ORACLE_SCM|OK|2275|SESS-4B95E41EBB|REQ-A465EF887543|dest=ORACLE_SCM;app=Quality Management;business=Quality Release to Warehouse;mw=Kafka;mode=Async;err=0;reason=none;class=none
EVT-0001202|14.09.2026 08:01:47|IF_SAPQM_ORWMS_001|QM|ORACLE_SCM|OK|2280|SESS-0E62C5E9C8|REQ-19594D7169C9|dest=ORACLE_SCM;app=Quality Management;business=Quality Release to Warehouse;mw=Kafka;mode=Async;err=0;reason=none;class=none
EVT-0001203|12.09.2026 20:42:35|IF_SAPQM_MESPE_001|QM|MES|OK|1197|SESS-AF011D6469|REQ-6D6AF0571885|dest=MES;app=Quality Management;business=Quality Release to Production;mw=Kafka;mode=Async;err=0;reason=none;class=none
EVT-0001204|13.09.2026 01:54:38|IF_SAPQM_ORWMS_001|QM|ORACLE_SCM|OK|2422|SESS-43C58CD491|REQ-B78F1424B2CA|dest=ORACLE_SCM;app=Quality Management;business=Quality Release to Warehouse;mw=Kafka;mode=Async;err=0;reason=none;class=none
EVT-0001214|14.09.2026 18:29:54|IF_SAPPP_ORSC_001|PP|ORACLE_SCM|RETRY|4817|SESS-EC997812CF|REQ-C81DE2CB506D|dest=ORACLE_SCM;app=Product Planning;business=Production Plan to Supply Plan;mw=Kafka;mode=Async;err=AUTH_401;reason=Service credential rejected;class=Authentication
EVT-0001216|11.09.2026 20:44:16|IF_SAPQM_MESPE_001|QM|MES|OK|686|SESS-97DCAB19E3|REQ-CE5DD9790D9F|dest=MES;app=Quality Management;business=Quality Release to Production;mw=Kafka;mode=Async;err=0;reason=none;class=none
EVT-0001221|15.09.2026 18:16:11|IF_SAPQM_MESPE_001|QM|MES|RETRY|2846|SESS-8FEA6ADF1F|REQ-412AEE17DF30|dest=MES;app=Quality Management;business=Quality Release to Production;mw=Kafka;mode=Async;err=CAP_003;reason=Downstream service is at capacity;class=Capacity
EVT-0001226|13.09.2026 10:55:58|IF_SAPPP_MESPE_001|PP|MES|OK|878|SESS-DD1EC4EA2C|REQ-EAAD6071ED62|dest=MES;app=Product Planning;business=Production Order to Manufacturing;mw=Kafka;mode=Async;err=0;reason=none;class=none
EVT-0001230|12.09.2026 18:17:06|IF_SAPPP_MESPE_001|PP|MES|OK|671|SESS-132929F1D3|REQ-303300BBF55B|dest=MES;app=Product Planning;business=Production Order to Manufacturing;mw=Kafka;mode=Async;err=0;reason=none;class=none
EVT-0001234|12.09.2026 05:25:51|IF_SAPPROC_ORWMS_001|PROC|ORACLE_SCM|OK|14725|SESS-ADC27CA300|REQ-9E7810547C4A|dest=ORACLE_SCM;app=Procurement;business=Purchase Receipt to Warehouse;mw=SFTP;mode=Batch;err=0;reason=none;class=none
EVT-0001235|11.09.2026 13:20:35|IF_SAPQM_ORWMS_001|QM|ORACLE_SCM|RETRY|8617|SESS-0ED72CAE33|REQ-B546394BC105|dest=ORACLE_SCM;app=Quality Management;business=Quality Release to Warehouse;mw=Kafka;mode=Async;err=TIME_004;reason=Downstream response exceeded SLA;class=Timeout
EVT-0001239|13.09.2026 14:55:38|IF_SAPFIN_HCMPAY_001|FIN|HCM|ERR|21908|SESS-7D0781F774|REQ-4B5058952B01|dest=HCM;app=Finance;business=Payment Confirmation to Payroll;mw=SFTP;mode=Batch;err=EXT_502;reason=Downstream service returned 502;class=External Service
EVT-0001241|14.09.2026 07:28:53|IF_SAPFIN_HCMPAY_001|FIN|HCM|RETRY|46819|SESS-5EE9C3F562|REQ-99D69F334371|dest=HCM;app=Finance;business=Payment Confirmation to Payroll;mw=SFTP;mode=Batch;err=EXT_502;reason=Downstream service returned 502;class=External Service
EVT-0001243|13.09.2026 20:15:39|IF_SAPPP_MESPE_001|PP|MES|OK|918|SESS-0C5307E800|REQ-0549E84125AE|dest=MES;app=Product Planning;business=Production Order to Manufacturing;mw=Kafka;mode=Async;err=0;reason=none;class=none
EVT-0001244|13.09.2026 16:02:54|IF_SAPPP_MESPE_001|PP|MES|OK|669|SESS-C917B7FACC|REQ-E867C079E8AD|dest=MES;app=Product Planning;business=Production Order to Manufacturing;mw=Kafka;mode=Async;err=0;reason=none;class=none
EVT-0001250|11.09.2026 10:14:07|IF_SAPPROC_ORIM_001|PROC|ORACLE_SCM|OK|2312|SESS-BD4E30179E|REQ-233B2935B4B3|dest=ORACLE_SCM;app=Procurement;business=Purchase Order to Inventory;mw=REST_API;mode=REST;err=0;reason=none;class=none
EVT-0001253|11.09.2026 11:11:08|IF_SAPQM_MESPE_001|QM|MES|OK|980|SESS-86D57A35C0|REQ-B8D00B17F808|dest=MES;app=Quality Management;business=Quality Release to Production;mw=Kafka;mode=Async;err=0;reason=none;class=none
EVT-0001266|12.09.2026 08:15:49|IF_SAPPROC_ORWMS_001|PROC|ORACLE_SCM|OK|12433|SESS-55557A978C|REQ-4B37790F2240|dest=ORACLE_SCM;app=Procurement;business=Purchase Receipt to Warehouse;mw=SFTP;mode=Batch;err=0;reason=none;class=none
EVT-0001276|13.09.2026 02:57:19|IF_SAPPP_MESPE_001|PP|MES|OK|650|SESS-145A786004|REQ-6758C1749071|dest=MES;app=Product Planning;business=Production Order to Manufacturing;mw=Kafka;mode=Async;err=0;reason=none;class=none
EVT-0001277|10.09.2026 21:14:13|IF_SAPPP_MESPE_001|PP|MES|OK|685|SESS-A42A54A887|REQ-837A97DF69CB|dest=MES;app=Product Planning;business=Production Order to Manufacturing;mw=Kafka;mode=Async;err=0;reason=none;class=none
EVT-0001279|11.09.2026 17:09:42|IF_SAPQM_MESPE_001|QM|MES|OK|980|SESS-8A81B6A8ED|REQ-4AE9A8856841|dest=MES;app=Quality Management;business=Quality Release to Production;mw=Kafka;mode=Async;err=0;reason=none;class=none
EVT-0001284|14.09.2026 18:27:24|IF_SAPPROC_ORWMS_001|PROC|ORACLE_SCM|RETRY|51415|SESS-86989D6B0C|REQ-682AA7050C5C|dest=ORACLE_SCM;app=Procurement;business=Purchase Receipt to Warehouse;mw=SFTP;mode=Batch;err=EXT_502;reason=Downstream service returned 502;class=External Service
EVT-0001287|14.09.2026 23:18:27|IF_SAPQM_ORWMS_001|QM|ORACLE_SCM|OK|1682|SESS-AB53B62170|REQ-723B50130E9C|dest=ORACLE_SCM;app=Quality Management;business=Quality Release to Warehouse;mw=Kafka;mode=Async;err=0;reason=none;class=none
EVT-0001290|13.09.2026 17:23:20|IF_SAPPROC_ORIM_001|PROC|ORACLE_SCM|OK|1646|SESS-ADB76F9552|REQ-37B72C1C4C4F|dest=ORACLE_SCM;app=Procurement;business=Purchase Order to Inventory;mw=REST_API;mode=REST;err=0;reason=none;class=none
EVT-0001291|15.09.2026 16:18:51|IF_SAPPROC_ORWMS_001|PROC|ORACLE_SCM|OK|15272|SESS-59F2BA8AF4|REQ-08754AFAAF2F|dest=ORACLE_SCM;app=Procurement;business=Purchase Receipt to Warehouse;mw=SFTP;mode=Batch;err=0;reason=none;class=none
EVT-0001293|15.09.2026 21:12:23|IF_SAPQM_ORWMS_001|QM|ORACLE_SCM|OK|2720|SESS-9B0BD2F1DF|REQ-BA8204DAC344|dest=ORACLE_SCM;app=Quality Management;business=Quality Release to Warehouse;mw=Kafka;mode=Async;err=0;reason=none;class=none
EVT-0001295|15.09.2026 06:10:30|IF_SAPQM_MESPE_001|QM|MES|OK|974|SESS-CF90AA8C16|REQ-BD024600F742|dest=MES;app=Quality Management;business=Quality Release to Production;mw=Kafka;mode=Async;err=0;reason=none;class=none
EVT-0001304|10.09.2026 12:29:54|IF_SAPPROC_ORIM_001|PROC|ORACLE_SCM|OK|1794|SESS-908EF4BF02|REQ-511EB71535E6|dest=ORACLE_SCM;app=Procurement;business=Purchase Order to Inventory;mw=REST_API;mode=REST;err=0;reason=none;class=none
EVT-0001307|13.09.2026 23:05:50|IF_SAPQM_MESPE_001|QM|MES|OK|1062|SESS-C0C2D02385|REQ-0FD0E0EA0F77|dest=MES;app=Quality Management;business=Quality Release to Production;mw=Kafka;mode=Async;err=0;reason=none;class=none
EVT-0001309|16.09.2026 06:05:40|IF_SAPPROC_ORWMS_001|PROC|ORACLE_SCM|OK|15752|SESS-362982B4A0|REQ-4021DC356B28|dest=ORACLE_SCM;app=Procurement;business=Purchase Receipt to Warehouse;mw=SFTP;mode=Batch;err=0;reason=none;class=none
EVT-0001312|14.09.2026 12:17:18|IF_SAPPROC_ORIM_001|PROC|ORACLE_SCM|OK|1811|SESS-E06987E0A3|REQ-BF034481166C|dest=ORACLE_SCM;app=Procurement;business=Purchase Order to Inventory;mw=REST_API;mode=REST;err=0;reason=none;class=none
EVT-0001321|12.09.2026 04:35:56|IF_SAPPP_MESPE_001|PP|MES|OK|944|SESS-7536BB2870|REQ-63B6F91702B0|dest=MES;app=Product Planning;business=Production Order to Manufacturing;mw=Kafka;mode=Async;err=0;reason=none;class=none
EVT-0001323|13.09.2026 23:50:33|IF_SAPPP_ORSC_001|PP|ORACLE_SCM|OK|1075|SESS-99B381EE68|REQ-27877A0E0B5E|dest=ORACLE_SCM;app=Product Planning;business=Production Plan to Supply Plan;mw=Kafka;mode=Async;err=0;reason=none;class=none
EVT-0001325|14.09.2026 14:30:53|IF_SAPPP_ORSC_001|PP|ORACLE_SCM|OK|1542|SESS-1B0783BB86|REQ-97195B82F05A|dest=ORACLE_SCM;app=Product Planning;business=Production Plan to Supply Plan;mw=Kafka;mode=Async;err=0;reason=none;class=none
EVT-0001326|15.09.2026 01:18:12|IF_SAPPP_MESPE_001|PP|MES|OK|757|SESS-3FDD82ABEF|REQ-E6A3BF4BDA78|dest=MES;app=Product Planning;business=Production Order to Manufacturing;mw=Kafka;mode=Async;err=0;reason=none;class=none
EVT-0001328|14.09.2026 01:31:46|IF_SAPQM_MESPE_001|QM|MES|OK|741|SESS-E374421146|REQ-6B80A7DB2661|dest=MES;app=Quality Management;business=Quality Release to Production;mw=Kafka;mode=Async;err=0;reason=none;class=none
EVT-0001330|13.09.2026 22:07:30|IF_SAPQM_MESPE_001|QM|MES|OK|731|SESS-F5CBB79D86|REQ-BFB2BB47CAB7|dest=MES;app=Quality Management;business=Quality Release to Production;mw=Kafka;mode=Async;err=0;reason=none;class=none
EVT-0001332|14.09.2026 15:26:18|IF_SAPQM_ORWMS_001|QM|ORACLE_SCM|OK|2006|SESS-ED7D415C2C|REQ-B82EF45D6582|dest=ORACLE_SCM;app=Quality Management;business=Quality Release to Warehouse;mw=Kafka;mode=Async;err=0;reason=none;class=none
EVT-0001338|14.09.2026 18:31:08|IF_SAPQM_ORWMS_001|QM|ORACLE_SCM|OK|1312|SESS-76C02C1675|REQ-B327E7E06D18|dest=ORACLE_SCM;app=Quality Management;business=Quality Release to Warehouse;mw=Kafka;mode=Async;err=0;reason=none;class=none
EVT-0001340|14.09.2026 13:16:08|IF_SAPPP_MESPE_001|PP|MES|OK|1225|SESS-9421A4ABEF|REQ-92C7787F05C9|dest=MES;app=Product Planning;business=Production Order to Manufacturing;mw=Kafka;mode=Async;err=0;reason=none;class=none
EVT-0001343|11.09.2026 03:40:56|IF_SAPPROC_ORWMS_001|PROC|ORACLE_SCM|OK|14565|SESS-9D94143981|REQ-5BA6DB0377A7|dest=ORACLE_SCM;app=Procurement;business=Purchase Receipt to Warehouse;mw=SFTP;mode=Batch;err=0;reason=none;class=none
EVT-0001349|12.09.2026 10:55:03|IF_SAPPP_MESPE_001|PP|MES|OK|639|SESS-FAC98C14A6|REQ-023EE1C321F7|dest=MES;app=Product Planning;business=Production Order to Manufacturing;mw=Kafka;mode=Async;err=0;reason=none;class=none
EVT-0001350|15.09.2026 12:51:06|IF_SAPPROC_ORIM_001|PROC|ORACLE_SCM|OK|2899|SESS-A934DBA1C2|REQ-32822D8C6E5D|dest=ORACLE_SCM;app=Procurement;business=Purchase Order to Inventory;mw=REST_API;mode=REST;err=0;reason=none;class=none
EVT-0001354|16.09.2026 09:52:32|IF_SAPPP_MESPE_001|PP|MES|ERR|2046|SESS-51B67142CC|REQ-8055ED5B198B|dest=MES;app=Product Planning;business=Production Order to Manufacturing;mw=Kafka;mode=Async;err=AUTHZ_403;reason=Caller is not authorized;class=Authorization
EVT-0001356|11.09.2026 10:53:33|IF_SAPQM_MESPE_001|QM|MES|RETRY|2800|SESS-89E38B2D98|REQ-0A7C07801BC8|dest=MES;app=Quality Management;business=Quality Release to Production;mw=Kafka;mode=Async;err=AUTH_401;reason=Service credential rejected;class=Authentication
EVT-0001357|15.09.2026 19:12:35|IF_SAPFIN_HCMPAY_001|FIN|HCM|OK|11829|SESS-A6A227081C|REQ-B295637BB20E|dest=HCM;app=Finance;business=Payment Confirmation to Payroll;mw=SFTP;mode=Batch;err=0;reason=none;class=none
EVT-0001362|15.09.2026 14:12:23|IF_SAPPROC_ORWMS_001|PROC|ORACLE_SCM|OK|12049|SESS-90263252C0|REQ-D9C42983AECB|dest=ORACLE_SCM;app=Procurement;business=Purchase Receipt to Warehouse;mw=SFTP;mode=Batch;err=0;reason=none;class=none
EVT-0001364|14.09.2026 21:30:37|IF_SAPPP_MESPE_001|PP|MES|OK|710|SESS-BE95995758|REQ-C2D46EFF4468|dest=MES;app=Product Planning;business=Production Order to Manufacturing;mw=Kafka;mode=Async;err=0;reason=none;class=none
EVT-0001367|12.09.2026 15:45:07|IF_SAPFIN_HCMPAY_001|FIN|HCM|OK|11497|SESS-B27FC3009E|REQ-CBCB938A88EF|dest=HCM;app=Finance;business=Payment Confirmation to Payroll;mw=SFTP;mode=Batch;err=0;reason=none;class=none
EVT-0001370|14.09.2026 21:45:40|IF_SAPPP_MESPE_001|PP|MES|RETRY|3021|SESS-657EAB0CFB|REQ-9C7CCF125242|dest=MES;app=Product Planning;business=Production Order to Manufacturing;mw=Kafka;mode=Async;err=INFRA_008;reason=Runtime node unavailable;class=Infrastructure
EVT-0001378|16.09.2026 09:21:56|IF_SAPFIN_HCMPAY_001|FIN|HCM|OK|15015|SESS-3FA9DE0251|REQ-3DB878891C1B|dest=HCM;app=Finance;business=Payment Confirmation to Payroll;mw=SFTP;mode=Batch;err=0;reason=none;class=none
EVT-0001381|12.09.2026 23:31:37|IF_SAPFIN_HCMPAY_001|FIN|HCM|OK|15601|SESS-4E3B0536A9|REQ-D0B3D1F37909|dest=HCM;app=Finance;business=Payment Confirmation to Payroll;mw=SFTP;mode=Batch;err=0;reason=none;class=none
EVT-0001389|12.09.2026 16:55:45|IF_SAPPP_MESPE_001|PP|MES|ERR|5730|SESS-8CDEBFC601|REQ-A971D3B4EA67|dest=MES;app=Product Planning;business=Production Order to Manufacturing;mw=Kafka;mode=Async;err=TIME_004;reason=Downstream response exceeded SLA;class=Timeout
EVT-0001395|16.09.2026 05:10:46|IF_SAPFIN_HCMPAY_001|FIN|HCM|OK|15133|SESS-D20016F876|REQ-0E6CED73B56F|dest=HCM;app=Finance;business=Payment Confirmation to Payroll;mw=SFTP;mode=Batch;err=0;reason=none;class=none
EVT-0001398|13.09.2026 13:33:01|IF_SAPFIN_HCMPAY_001|FIN|HCM|OK|14067|SESS-8D7210970C|REQ-91B8997F0891|dest=HCM;app=Finance;business=Payment Confirmation to Payroll;mw=SFTP;mode=Batch;err=0;reason=none;class=none
EVT-0001399|13.09.2026 12:12:46|IF_SAPQM_MESPE_001|QM|MES|ERR|7375|SESS-EDED29288F|REQ-650112AB8AF5|dest=MES;app=Quality Management;business=Quality Release to Production;mw=Kafka;mode=Async;err=AUTH_401;reason=Service credential rejected;class=Authentication
EVT-0001402|14.09.2026 19:11:49|IF_SAPFIN_HCMPAY_001|FIN|HCM|OK|10957|SESS-FAC7449BAB|REQ-249F7926646B|dest=HCM;app=Finance;business=Payment Confirmation to Payroll;mw=SFTP;mode=Batch;err=0;reason=none;class=none
EVT-0001406|14.09.2026 04:12:43|IF_SAPQM_MESPE_001|QM|MES|OK|639|SESS-0A3A991ABF|REQ-BF2B1AC91065|dest=MES;app=Quality Management;business=Quality Release to Production;mw=Kafka;mode=Async;err=0;reason=none;class=none
EVT-0001408|16.09.2026 14:48:36|IF_SAPPP_MESPE_001|PP|MES|OK|729|SESS-21379D18B9|REQ-BFE5721469F2|dest=MES;app=Product Planning;business=Production Order to Manufacturing;mw=Kafka;mode=Async;err=0;reason=none;class=none
EVT-0001411|11.09.2026 12:05:24|IF_SAPPROC_ORIM_001|PROC|ORACLE_SCM|OK|2791|SESS-13F11EF4E7|REQ-C3A7C8CB946D|dest=ORACLE_SCM;app=Procurement;business=Purchase Order to Inventory;mw=REST_API;mode=REST;err=0;reason=none;class=none
EVT-0001412|13.09.2026 04:33:05|IF_SAPQM_ORWMS_001|QM|ORACLE_SCM|OK|2082|SESS-9973973FAC|REQ-46FCD789460F|dest=ORACLE_SCM;app=Quality Management;business=Quality Release to Warehouse;mw=Kafka;mode=Async;err=0;reason=none;class=none
EVT-0001415|11.09.2026 22:06:13|IF_SAPQM_MESPE_001|QM|MES|OK|1023|SESS-EB9E18D23D|REQ-F8403B5782C7|dest=MES;app=Quality Management;business=Quality Release to Production;mw=Kafka;mode=Async;err=0;reason=none;class=none
EVT-0001420|16.09.2026 11:47:22|IF_SAPFIN_HCMPAY_001|FIN|HCM|OK|13269|SESS-261DC7DBD1|REQ-AD026525C609|dest=HCM;app=Finance;business=Payment Confirmation to Payroll;mw=SFTP;mode=Batch;err=0;reason=none;class=none
EVT-0001430|16.09.2026 22:13:53|IF_SAPPROC_ORWMS_001|PROC|ORACLE_SCM|OK|10843|SESS-F22DE046DB|REQ-890316FB10CC|dest=ORACLE_SCM;app=Procurement;business=Purchase Receipt to Warehouse;mw=SFTP;mode=Batch;err=0;reason=none;class=none
EVT-0001433|12.09.2026 07:12:54|IF_SAPFIN_HCMPAY_001|FIN|HCM|OK|12578|SESS-039F35D4EF|REQ-A1D55B9CDEAC|dest=HCM;app=Finance;business=Payment Confirmation to Payroll;mw=SFTP;mode=Batch;err=0;reason=none;class=none
EVT-0001441|15.09.2026 09:39:59|IF_SAPFIN_HCMPAY_001|FIN|HCM|RETRY|51631|SESS-F670911DAB|REQ-47B4C00856DA|dest=HCM;app=Finance;business=Payment Confirmation to Payroll;mw=SFTP;mode=Batch;err=NET_CONN_003;reason=Connection reset by peer;class=Network
EVT-0001443|12.09.2026 01:34:08|IF_SAPPROC_ORWMS_001|PROC|ORACLE_SCM|OK|14191|SESS-7A40ED7B91|REQ-23CBC6AD3C47|dest=ORACLE_SCM;app=Procurement;business=Purchase Receipt to Warehouse;mw=SFTP;mode=Batch;err=0;reason=none;class=none
EVT-0001444|11.09.2026 12:40:50|IF_SAPPP_MESPE_001|PP|MES|OK|996|SESS-AA8AF8016F|REQ-ADD2516DE9B1|dest=MES;app=Product Planning;business=Production Order to Manufacturing;mw=Kafka;mode=Async;err=0;reason=none;class=none
EVT-0001450|14.09.2026 07:29:51|IF_SAPPROC_ORIM_001|PROC|ORACLE_SCM|RETRY|6935|SESS-661395BC74|REQ-9C5662E5B018|dest=ORACLE_SCM;app=Procurement;business=Purchase Order to Inventory;mw=REST_API;mode=REST;err=TIME_004;reason=Downstream response exceeded SLA;class=Timeout
EVT-0001451|16.09.2026 00:53:08|IF_SAPQM_MESPE_001|QM|MES|RETRY|2007|SESS-B4F2A2C449|REQ-3E351AE12E7C|dest=MES;app=Quality Management;business=Quality Release to Production;mw=Kafka;mode=Async;err=EXT_502;reason=Downstream service returned 502;class=External Service
EVT-0001453|15.09.2026 19:17:14|IF_SAPPROC_ORWMS_001|PROC|ORACLE_SCM|OK|9570|SESS-A7A607D695|REQ-1DEDD972BF6A|dest=ORACLE_SCM;app=Procurement;business=Purchase Receipt to Warehouse;mw=SFTP;mode=Batch;err=0;reason=none;class=none
EVT-0001460|11.09.2026 19:32:33|IF_SAPFIN_HCMPAY_001|FIN|HCM|OK|15039|SESS-70B4512A0A|REQ-6A4CC04D5676|dest=HCM;app=Finance;business=Payment Confirmation to Payroll;mw=SFTP;mode=Batch;err=0;reason=none;class=none
EVT-0001464|11.09.2026 12:09:51|IF_SAPFIN_HCMPAY_001|FIN|HCM|OK|12629|SESS-9D6094B1A0|REQ-D4918558BAF7|dest=HCM;app=Finance;business=Payment Confirmation to Payroll;mw=SFTP;mode=Batch;err=0;reason=none;class=none
EVT-0001465|12.09.2026 18:57:54|IF_SAPQM_ORWMS_001|QM|ORACLE_SCM|RETRY|4720|SESS-478DF8F1A4|REQ-366BBDD5D51F|dest=ORACLE_SCM;app=Quality Management;business=Quality Release to Warehouse;mw=Kafka;mode=Async;err=INFRA_008;reason=Runtime node unavailable;class=Infrastructure
EVT-0001469|10.09.2026 02:15:25|IF_SAPPP_MESPE_001|PP|MES|OK|1000|SESS-704152EE82|REQ-EF34693CA55A|dest=MES;app=Product Planning;business=Production Order to Manufacturing;mw=Kafka;mode=Async;err=0;reason=none;class=none
EVT-0001483|14.09.2026 09:03:21|IF_SAPPROC_ORWMS_001|PROC|ORACLE_SCM|OK|13146|SESS-44C51D0B77|REQ-1BB58B58D493|dest=ORACLE_SCM;app=Procurement;business=Purchase Receipt to Warehouse;mw=SFTP;mode=Batch;err=0;reason=none;class=none
EVT-0001493|11.09.2026 13:56:16|IF_SAPQM_MESPE_001|QM|MES|OK|839|SESS-4247A9CCC1|REQ-CA0EA19BAF2F|dest=MES;app=Quality Management;business=Quality Release to Production;mw=Kafka;mode=Async;err=0;reason=none;class=none
EVT-0001501|10.09.2026 18:07:47|IF_SAPPROC_ORWMS_001|PROC|ORACLE_SCM|RETRY|28919|SESS-71512DA292|REQ-D7BE16E4F745|dest=ORACLE_SCM;app=Procurement;business=Purchase Receipt to Warehouse;mw=SFTP;mode=Batch;err=CFG_017;reason=Interface configuration mismatch;class=Configuration
EVT-0001505|11.09.2026 02:53:43|IF_SAPPP_ORSC_001|PP|ORACLE_SCM|OK|1371|SESS-149EB4B72E|REQ-1DEDFDEA5ED3|dest=ORACLE_SCM;app=Product Planning;business=Production Plan to Supply Plan;mw=Kafka;mode=Async;err=0;reason=none;class=none
EVT-0001518|13.09.2026 18:14:58|IF_SAPPROC_ORWMS_001|PROC|ORACLE_SCM|OK|15161|SESS-E557F53A2A|REQ-D73BD00DD292|dest=ORACLE_SCM;app=Procurement;business=Purchase Receipt to Warehouse;mw=SFTP;mode=Batch;err=0;reason=none;class=none
EVT-0001520|10.09.2026 14:17:49|IF_SAPPROC_ORIM_001|PROC|ORACLE_SCM|OK|2138|SESS-856125DE55|REQ-226257ADE1ED|dest=ORACLE_SCM;app=Procurement;business=Purchase Order to Inventory;mw=REST_API;mode=REST;err=0;reason=none;class=none
EVT-0001527|15.09.2026 17:55:18|IF_SAPPROC_ORWMS_001|PROC|ORACLE_SCM|OK|17032|SESS-48CF7C9CE0|REQ-84A8E73D37E9|dest=ORACLE_SCM;app=Procurement;business=Purchase Receipt to Warehouse;mw=SFTP;mode=Batch;err=0;reason=none;class=none
EVT-0001528|12.09.2026 06:35:07|IF_SAPFIN_HCMPAY_001|FIN|HCM|OK|17068|SESS-011B22E76C|REQ-90C421172AAF|dest=HCM;app=Finance;business=Payment Confirmation to Payroll;mw=SFTP;mode=Batch;err=0;reason=none;class=none
EVT-0001530|11.09.2026 21:37:18|IF_SAPQM_ORWMS_001|QM|ORACLE_SCM|OK|2610|SESS-E8CC87A630|REQ-B8AE1CD6B74B|dest=ORACLE_SCM;app=Quality Management;business=Quality Release to Warehouse;mw=Kafka;mode=Async;err=0;reason=none;class=none
EVT-0001532|16.09.2026 13:33:21|IF_SAPPROC_ORWMS_001|PROC|ORACLE_SCM|OK|10911|SESS-ABCCC8F965|REQ-B685115948E8|dest=ORACLE_SCM;app=Procurement;business=Purchase Receipt to Warehouse;mw=SFTP;mode=Batch;err=0;reason=none;class=none
EVT-0001533|14.09.2026 10:27:02|IF_SAPPROC_ORIM_001|PROC|ORACLE_SCM|OK|2365|SESS-E649A68363|REQ-80629BA45F25|dest=ORACLE_SCM;app=Procurement;business=Purchase Order to Inventory;mw=REST_API;mode=REST;err=0;reason=none;class=none
EVT-0001535|13.09.2026 09:11:13|IF_SAPPP_ORSC_001|PP|ORACLE_SCM|OK|1630|SESS-05681C63FD|REQ-F0E4AEFF4781|dest=ORACLE_SCM;app=Product Planning;business=Production Plan to Supply Plan;mw=Kafka;mode=Async;err=0;reason=none;class=none
EVT-0001544|13.09.2026 22:01:35|IF_SAPPROC_ORIM_001|PROC|ORACLE_SCM|OK|2002|SESS-9FF44F024A|REQ-7C74B3EAC5A9|dest=ORACLE_SCM;app=Procurement;business=Purchase Order to Inventory;mw=REST_API;mode=REST;err=0;reason=none;class=none
EVT-0001547|13.09.2026 13:02:40|IF_SAPQM_MESPE_001|QM|MES|OK|304|SESS-3B536F9503|REQ-648719AD9CCF|dest=MES;app=Quality Management;business=Quality Release to Production;mw=Kafka;mode=Async;err=0;reason=none;class=none
EVT-0001554|12.09.2026 21:06:41|IF_SAPPROC_ORWMS_001|PROC|ORACLE_SCM|OK|11693|SESS-4D0AB965BC|REQ-EC58E9C732BF|dest=ORACLE_SCM;app=Procurement;business=Purchase Receipt to Warehouse;mw=SFTP;mode=Batch;err=0;reason=none;class=none
EVT-0001555|15.09.2026 13:02:13|IF_SAPQM_ORWMS_001|QM|ORACLE_SCM|OK|2072|SESS-8DD12949C5|REQ-D1B0E736BB64|dest=ORACLE_SCM;app=Quality Management;business=Quality Release to Warehouse;mw=Kafka;mode=Async;err=0;reason=none;class=none
EVT-0001556|15.09.2026 08:39:05|IF_SAPPP_MESPE_001|PP|MES|OK|698|SESS-38980AD46A|REQ-F6DFB18835DF|dest=MES;app=Product Planning;business=Production Order to Manufacturing;mw=Kafka;mode=Async;err=0;reason=none;class=none
EVT-0001568|11.09.2026 16:42:22|IF_SAPPP_ORSC_001|PP|ORACLE_SCM|OK|1703|SESS-D3FA116F3C|REQ-D77CFC0B93AD|dest=ORACLE_SCM;app=Product Planning;business=Production Plan to Supply Plan;mw=Kafka;mode=Async;err=0;reason=none;class=none
EVT-0001573|14.09.2026 04:32:06|IF_SAPPP_ORSC_001|PP|ORACLE_SCM|OK|1111|SESS-FCA93EEEA1|REQ-ABEF53C9ABC1|dest=ORACLE_SCM;app=Product Planning;business=Production Plan to Supply Plan;mw=Kafka;mode=Async;err=0;reason=none;class=none
EVT-0001575|12.09.2026 07:45:02|IF_SAPPROC_ORWMS_001|PROC|ORACLE_SCM|OK|15552|SESS-647787FC9B|REQ-DFC4216B32B4|dest=ORACLE_SCM;app=Procurement;business=Purchase Receipt to Warehouse;mw=SFTP;mode=Batch;err=0;reason=none;class=none
EVT-0001583|16.09.2026 17:51:12|IF_SAPPP_ORSC_001|PP|ORACLE_SCM|OK|1143|SESS-41DDEF232C|REQ-DEE3A420CB48|dest=ORACLE_SCM;app=Product Planning;business=Production Plan to Supply Plan;mw=Kafka;mode=Async;err=0;reason=none;class=none
EVT-0001584|12.09.2026 22:12:14|IF_SAPQM_MESPE_001|QM|MES|OK|912|SESS-478040BA33|REQ-C5F0A6A8C310|dest=MES;app=Quality Management;business=Quality Release to Production;mw=Kafka;mode=Async;err=0;reason=none;class=none
EVT-0001590|15.09.2026 21:25:14|IF_SAPQM_ORWMS_001|QM|ORACLE_SCM|OK|2288|SESS-630FA57AC7|REQ-04D6C5D81C90|dest=ORACLE_SCM;app=Quality Management;business=Quality Release to Warehouse;mw=Kafka;mode=Async;err=0;reason=none;class=none
EVT-0001602|11.09.2026 13:05:46|IF_SAPPROC_ORIM_001|PROC|ORACLE_SCM|RETRY|7008|SESS-295DEBC1C1|REQ-96BDB81661E8|dest=ORACLE_SCM;app=Procurement;business=Purchase Order to Inventory;mw=REST_API;mode=REST;err=AUTH_401;reason=Service credential rejected;class=Authentication
EVT-0001604|13.09.2026 21:47:58|IF_SAPPP_MESPE_001|PP|MES|OK|1111|SESS-E67666DA91|REQ-3AAFE997BE7C|dest=MES;app=Product Planning;business=Production Order to Manufacturing;mw=Kafka;mode=Async;err=0;reason=none;class=none
EVT-0001608|12.09.2026 07:33:11|IF_SAPPROC_ORWMS_001|PROC|ORACLE_SCM|RETRY|36845|SESS-EBF2CE92A0|REQ-8733D675F041|dest=ORACLE_SCM;app=Procurement;business=Purchase Receipt to Warehouse;mw=SFTP;mode=Batch;err=AUTH_401;reason=Service credential rejected;class=Authentication
EVT-0001617|11.09.2026 14:29:35|IF_SAPQM_MESPE_001|QM|MES|OK|518|SESS-9AFDE66FEC|REQ-FC15C366CDE9|dest=MES;app=Quality Management;business=Quality Release to Production;mw=Kafka;mode=Async;err=0;reason=none;class=none
EVT-0001618|14.09.2026 03:37:11|IF_SAPPP_ORSC_001|PP|ORACLE_SCM|OK|894|SESS-BE8C1E9938|REQ-C570B9B8BD1B|dest=ORACLE_SCM;app=Product Planning;business=Production Plan to Supply Plan;mw=Kafka;mode=Async;err=0;reason=none;class=none
EVT-0001620|11.09.2026 10:56:43|IF_SAPPROC_ORWMS_001|PROC|ORACLE_SCM|RETRY|24069|SESS-F5962B0BE1|REQ-4DAB9CB51C38|dest=ORACLE_SCM;app=Procurement;business=Purchase Receipt to Warehouse;mw=SFTP;mode=Batch;err=INFRA_008;reason=Runtime node unavailable;class=Infrastructure
EVT-0001622|11.09.2026 21:16:55|IF_SAPPP_MESPE_001|PP|MES|RETRY|2263|SESS-42AAE72471|REQ-0C70F6FE425A|dest=MES;app=Product Planning;business=Production Order to Manufacturing;mw=Kafka;mode=Async;err=TIME_004;reason=Downstream response exceeded SLA;class=Timeout
EVT-0001631|15.09.2026 05:27:57|IF_SAPPROC_ORIM_001|PROC|ORACLE_SCM|OK|3003|SESS-5FD1DEEBB8|REQ-FAB1A8F4AB7E|dest=ORACLE_SCM;app=Procurement;business=Purchase Order to Inventory;mw=REST_API;mode=REST;err=0;reason=none;class=none
EVT-0001636|10.09.2026 08:59:33|IF_SAPPP_ORSC_001|PP|ORACLE_SCM|OK|1152|SESS-EF8BB8CA5E|REQ-48AB308F842E|dest=ORACLE_SCM;app=Product Planning;business=Production Plan to Supply Plan;mw=Kafka;mode=Async;err=0;reason=none;class=none
EVT-0001644|11.09.2026 12:00:57|IF_SAPFIN_HCMPAY_001|FIN|HCM|OK|19176|SESS-8DB1634ADF|REQ-D1B07E645F7B|dest=HCM;app=Finance;business=Payment Confirmation to Payroll;mw=SFTP;mode=Batch;err=0;reason=none;class=none
EVT-0001652|16.09.2026 12:39:29|IF_SAPPP_MESPE_001|PP|MES|RETRY|1627|SESS-AD04F92958|REQ-5D830413F15D|dest=MES;app=Product Planning;business=Production Order to Manufacturing;mw=Kafka;mode=Async;err=VAL_400;reason=Required business field failed validation;class=Validation
EVT-0001661|12.09.2026 08:58:02|IF_SAPQM_MESPE_001|QM|MES|OK|591|SESS-04308F9905|REQ-3FEEB7613FD4|dest=MES;app=Quality Management;business=Quality Release to Production;mw=Kafka;mode=Async;err=0;reason=none;class=none
EVT-0001664|10.09.2026 21:47:14|IF_SAPPROC_ORIM_001|PROC|ORACLE_SCM|OK|1618|SESS-623C5DDE6D|REQ-09404E677B53|dest=ORACLE_SCM;app=Procurement;business=Purchase Order to Inventory;mw=REST_API;mode=REST;err=0;reason=none;class=none
EVT-0001668|14.09.2026 09:57:34|IF_SAPPROC_ORWMS_001|PROC|ORACLE_SCM|RETRY|35272|SESS-E894B23B02|REQ-23C6B3165B0E|dest=ORACLE_SCM;app=Procurement;business=Purchase Receipt to Warehouse;mw=SFTP;mode=Batch;err=DB_COMMIT_014;reason=Transaction commit failed;class=Database
EVT-0001673|14.09.2026 10:56:22|IF_SAPPP_MESPE_001|PP|MES|OK|793|SESS-1374767EB4|REQ-14CE3D514D4D|dest=MES;app=Product Planning;business=Production Order to Manufacturing;mw=Kafka;mode=Async;err=0;reason=none;class=none
EVT-0001678|15.09.2026 08:54:24|IF_SAPPROC_ORWMS_001|PROC|ORACLE_SCM|OK|15405|SESS-2E12662453|REQ-49C52159C05A|dest=ORACLE_SCM;app=Procurement;business=Purchase Receipt to Warehouse;mw=SFTP;mode=Batch;err=0;reason=none;class=none
EVT-0001679|15.09.2026 09:49:57|IF_SAPQM_ORWMS_001|QM|ORACLE_SCM|RETRY|3836|SESS-94E5371E9D|REQ-D15F3FDAE329|dest=ORACLE_SCM;app=Quality Management;business=Quality Release to Warehouse;mw=Kafka;mode=Async;err=INFRA_008;reason=Runtime node unavailable;class=Infrastructure
EVT-0001681|15.09.2026 10:57:39|IF_SAPFIN_HCMPAY_001|FIN|HCM|OK|12443|SESS-5DD5861CD9|REQ-642F7C210CD6|dest=HCM;app=Finance;business=Payment Confirmation to Payroll;mw=SFTP;mode=Batch;err=0;reason=none;class=none
EVT-0001684|12.09.2026 16:06:33|IF_SAPPROC_ORWMS_001|PROC|ORACLE_SCM|OK|19267|SESS-0B08266FD8|REQ-15BEA7EC116F|dest=ORACLE_SCM;app=Procurement;business=Purchase Receipt to Warehouse;mw=SFTP;mode=Batch;err=0;reason=none;class=none
EVT-0001685|12.09.2026 11:32:50|IF_SAPQM_ORWMS_001|QM|ORACLE_SCM|OK|2499|SESS-462657AA64|REQ-987BA547BB45|dest=ORACLE_SCM;app=Quality Management;business=Quality Release to Warehouse;mw=Kafka;mode=Async;err=0;reason=none;class=none
EVT-0001688|11.09.2026 03:40:49|IF_SAPFIN_HCMPAY_001|FIN|HCM|RETRY|22798|SESS-D94F452FAD|REQ-E347FCA29B3C|dest=HCM;app=Finance;business=Payment Confirmation to Payroll;mw=SFTP;mode=Batch;err=CAP_003;reason=Downstream service is at capacity;class=Capacity
EVT-0001706|11.09.2026 05:11:34|IF_SAPQM_MESPE_001|QM|MES|OK|920|SESS-34781D3000|REQ-40C192AD1FC5|dest=MES;app=Quality Management;business=Quality Release to Production;mw=Kafka;mode=Async;err=0;reason=none;class=none
EVT-0001712|12.09.2026 20:16:34|IF_SAPPP_MESPE_001|PP|MES|OK|731|SESS-C0C2EB7DFA|REQ-B1D055F01F7D|dest=MES;app=Product Planning;business=Production Order to Manufacturing;mw=Kafka;mode=Async;err=0;reason=none;class=none
EVT-0001715|12.09.2026 20:34:28|IF_SAPPROC_ORWMS_001|PROC|ORACLE_SCM|OK|12761|SESS-825113E2B0|REQ-82F385BB8F93|dest=ORACLE_SCM;app=Procurement;business=Purchase Receipt to Warehouse;mw=SFTP;mode=Batch;err=0;reason=none;class=none
EVT-0001721|11.09.2026 13:16:30|IF_SAPQM_MESPE_001|QM|MES|OK|984|SESS-749FBF136A|REQ-2C45DCC0382D|dest=MES;app=Quality Management;business=Quality Release to Production;mw=Kafka;mode=Async;err=0;reason=none;class=none
EVT-0001724|15.09.2026 23:42:38|IF_SAPPROC_ORIM_001|PROC|ORACLE_SCM|ERR|7705|SESS-C145E9376B|REQ-141C43DD370B|dest=ORACLE_SCM;app=Procurement;business=Purchase Order to Inventory;mw=REST_API;mode=REST;err=AUTHZ_403;reason=Caller is not authorized;class=Authorization
EVT-0001726|13.09.2026 23:03:22|IF_SAPPROC_ORIM_001|PROC|ORACLE_SCM|RETRY|3703|SESS-CA0E426AD7|REQ-6C3726BF813B|dest=ORACLE_SCM;app=Procurement;business=Purchase Order to Inventory;mw=REST_API;mode=REST;err=EXT_502;reason=Downstream service returned 502;class=External Service
EVT-0001729|13.09.2026 10:06:50|IF_SAPPROC_ORWMS_001|PROC|ORACLE_SCM|OK|13118|SESS-73F9546872|REQ-79CBD0884A34|dest=ORACLE_SCM;app=Procurement;business=Purchase Receipt to Warehouse;mw=SFTP;mode=Batch;err=0;reason=none;class=none
EVT-0001733|11.09.2026 12:59:07|IF_SAPFIN_HCMPAY_001|FIN|HCM|OK|11114|SESS-D488DC5CED|REQ-69E1539D5D97|dest=HCM;app=Finance;business=Payment Confirmation to Payroll;mw=SFTP;mode=Batch;err=0;reason=none;class=none
EVT-0001735|16.09.2026 13:10:30|IF_SAPPP_MESPE_001|PP|MES|ERR|3276|SESS-F4608FE471|REQ-476A149D2635|dest=MES;app=Product Planning;business=Production Order to Manufacturing;mw=Kafka;mode=Async;err=VAL_400;reason=Required business field failed validation;class=Validation
EVT-0001736|12.09.2026 14:33:08|IF_SAPPROC_ORWMS_001|PROC|ORACLE_SCM|OK|14774|SESS-4A81D3AC45|REQ-B35407ED4C85|dest=ORACLE_SCM;app=Procurement;business=Purchase Receipt to Warehouse;mw=SFTP;mode=Batch;err=0;reason=none;class=none
EVT-0001746|13.09.2026 20:38:24|IF_SAPQM_ORWMS_001|QM|ORACLE_SCM|OK|3070|SESS-2BF6B97AB8|REQ-5F9C60D1FBA6|dest=ORACLE_SCM;app=Quality Management;business=Quality Release to Warehouse;mw=Kafka;mode=Async;err=0;reason=none;class=none
EVT-0001747|10.09.2026 15:55:43|IF_SAPPROC_ORIM_001|PROC|ORACLE_SCM|OK|2647|SESS-B0CDF1B60E|REQ-2C5CE331B08A|dest=ORACLE_SCM;app=Procurement;business=Purchase Order to Inventory;mw=REST_API;mode=REST;err=0;reason=none;class=none
EVT-0001753|12.09.2026 14:54:55|IF_SAPQM_ORWMS_001|QM|ORACLE_SCM|OK|2332|SESS-E49630CE38|REQ-53EFB264C51E|dest=ORACLE_SCM;app=Quality Management;business=Quality Release to Warehouse;mw=Kafka;mode=Async;err=0;reason=none;class=none
EVT-0001754|16.09.2026 04:15:15|IF_SAPPROC_ORWMS_001|PROC|ORACLE_SCM|OK|16992|SESS-7787D6A65B|REQ-1B8C76E262DA|dest=ORACLE_SCM;app=Procurement;business=Purchase Receipt to Warehouse;mw=SFTP;mode=Batch;err=0;reason=none;class=none
EVT-0001756|11.09.2026 15:59:04|IF_SAPPROC_ORWMS_001|PROC|ORACLE_SCM|RETRY|40121|SESS-5113F008F9|REQ-2069A0285C9F|dest=ORACLE_SCM;app=Procurement;business=Purchase Receipt to Warehouse;mw=SFTP;mode=Batch;err=INFRA_008;reason=Runtime node unavailable;class=Infrastructure
EVT-0001761|11.09.2026 06:48:15|IF_SAPQM_MESPE_001|QM|MES|RETRY|2913|SESS-8254CDDA41|REQ-15CC0A01C26B|dest=MES;app=Quality Management;business=Quality Release to Production;mw=Kafka;mode=Async;err=AUTH_401;reason=Service credential rejected;class=Authentication
EVT-0001765|15.09.2026 07:46:24|IF_SAPFIN_HCMPAY_001|FIN|HCM|OK|18759|SESS-F73595A0DC|REQ-DE368409E939|dest=HCM;app=Finance;business=Payment Confirmation to Payroll;mw=SFTP;mode=Batch;err=0;reason=none;class=none
EVT-0001773|13.09.2026 03:48:55|IF_SAPQM_ORWMS_001|QM|ORACLE_SCM|OK|1796|SESS-1D60B49A8F|REQ-DA8A517178C6|dest=ORACLE_SCM;app=Quality Management;business=Quality Release to Warehouse;mw=Kafka;mode=Async;err=0;reason=none;class=none
EVT-0001775|12.09.2026 07:09:10|IF_SAPQM_MESPE_001|QM|MES|OK|912|SESS-5E2912FCA2|REQ-35C8F89F2960|dest=MES;app=Quality Management;business=Quality Release to Production;mw=Kafka;mode=Async;err=0;reason=none;class=none
EVT-0001776|12.09.2026 23:38:42|IF_SAPPP_ORSC_001|PP|ORACLE_SCM|OK|1418|SESS-4F9AE717BD|REQ-76FAFB1BB9EE|dest=ORACLE_SCM;app=Product Planning;business=Production Plan to Supply Plan;mw=Kafka;mode=Async;err=0;reason=none;class=none
EVT-0001780|16.09.2026 04:18:36|IF_SAPQM_MESPE_001|QM|MES|OK|1001|SESS-C7F7BC2DAD|REQ-699ACD310801|dest=MES;app=Quality Management;business=Quality Release to Production;mw=Kafka;mode=Async;err=0;reason=none;class=none
EVT-0001787|10.09.2026 07:11:03|IF_SAPQM_ORWMS_001|QM|ORACLE_SCM|OK|3653|SESS-E6AC78D02F|REQ-576FAAD04351|dest=ORACLE_SCM;app=Quality Management;business=Quality Release to Warehouse;mw=Kafka;mode=Async;err=0;reason=none;class=none
EVT-0001793|11.09.2026 11:56:38|IF_SAPQM_MESPE_001|QM|MES|OK|684|SESS-E0628083DB|REQ-DD8ADE2F8F86|dest=MES;app=Quality Management;business=Quality Release to Production;mw=Kafka;mode=Async;err=0;reason=none;class=none
EVT-0001795|16.09.2026 09:38:24|IF_SAPQM_MESPE_001|QM|MES|OK|1161|SESS-86735F2DF6|REQ-1F0C90F8C3A1|dest=MES;app=Quality Management;business=Quality Release to Production;mw=Kafka;mode=Async;err=0;reason=none;class=none
EVT-0001800|10.09.2026 05:36:22|IF_SAPPROC_ORWMS_001|PROC|ORACLE_SCM|OK|12272|SESS-1A15200552|REQ-AC4E85640DF3|dest=ORACLE_SCM;app=Procurement;business=Purchase Receipt to Warehouse;mw=SFTP;mode=Batch;err=0;reason=none;class=none
EVT-0001812|16.09.2026 16:51:28|IF_SAPPP_ORSC_001|PP|ORACLE_SCM|OK|1007|SESS-5DE02E92ED|REQ-45A680BFD67D|dest=ORACLE_SCM;app=Product Planning;business=Production Plan to Supply Plan;mw=Kafka;mode=Async;err=0;reason=none;class=none
EVT-0001817|16.09.2026 11:11:35|IF_SAPPP_MESPE_001|PP|MES|OK|551|SESS-121DAC5CF0|REQ-1EACB997FF8F|dest=MES;app=Product Planning;business=Production Order to Manufacturing;mw=Kafka;mode=Async;err=0;reason=none;class=none
EVT-0001818|14.09.2026 10:39:45|IF_SAPPP_MESPE_001|PP|MES|OK|1045|SESS-69E5BB8978|REQ-62408B8CEA62|dest=MES;app=Product Planning;business=Production Order to Manufacturing;mw=Kafka;mode=Async;err=0;reason=none;class=none
EVT-0001822|11.09.2026 08:29:43|IF_SAPPROC_ORIM_001|PROC|ORACLE_SCM|OK|1882|SESS-C82867A157|REQ-DCF16FFB2936|dest=ORACLE_SCM;app=Procurement;business=Purchase Order to Inventory;mw=REST_API;mode=REST;err=0;reason=none;class=none
EVT-0001827|15.09.2026 23:17:31|IF_SAPPROC_ORWMS_001|PROC|ORACLE_SCM|OK|16290|SESS-D9B8EA23BB|REQ-A510907FD68E|dest=ORACLE_SCM;app=Procurement;business=Purchase Receipt to Warehouse;mw=SFTP;mode=Batch;err=0;reason=none;class=none
EVT-0001831|11.09.2026 16:44:27|IF_SAPQM_ORWMS_001|QM|ORACLE_SCM|OK|2739|SESS-C5CD14E3CE|REQ-247D5FDB158E|dest=ORACLE_SCM;app=Quality Management;business=Quality Release to Warehouse;mw=Kafka;mode=Async;err=0;reason=none;class=none
EVT-0001833|13.09.2026 23:49:48|IF_SAPPP_MESPE_001|PP|MES|OK|717|SESS-61AFF5EDBD|REQ-45E5F5593803|dest=MES;app=Product Planning;business=Production Order to Manufacturing;mw=Kafka;mode=Async;err=0;reason=none;class=none
EVT-0001834|10.09.2026 13:43:47|IF_SAPQM_MESPE_001|QM|MES|OK|906|SESS-F44621F375|REQ-D886E2D2FA45|dest=MES;app=Quality Management;business=Quality Release to Production;mw=Kafka;mode=Async;err=0;reason=none;class=none
EVT-0001840|12.09.2026 12:14:14|IF_SAPPP_MESPE_001|PP|MES|OK|1160|SESS-165C703FE2|REQ-C72334DF271F|dest=MES;app=Product Planning;business=Production Order to Manufacturing;mw=Kafka;mode=Async;err=0;reason=none;class=none
EVT-0001844|16.09.2026 03:46:37|IF_SAPPROC_ORIM_001|PROC|ORACLE_SCM|OK|1994|SESS-121293CAA4|REQ-21FE68458006|dest=ORACLE_SCM;app=Procurement;business=Purchase Order to Inventory;mw=REST_API;mode=REST;err=0;reason=none;class=none
EVT-0001853|13.09.2026 18:30:51|IF_SAPPROC_ORIM_001|PROC|ORACLE_SCM|ERR|3329|SESS-FD98976683|REQ-D3DF04B6F72A|dest=ORACLE_SCM;app=Procurement;business=Purchase Order to Inventory;mw=REST_API;mode=REST;err=AUTHZ_403;reason=Caller is not authorized;class=Authorization
EVT-0001855|15.09.2026 07:17:46|IF_SAPPP_MESPE_001|PP|MES|OK|904|SESS-8B3E504E93|REQ-807B85044E62|dest=MES;app=Product Planning;business=Production Order to Manufacturing;mw=Kafka;mode=Async;err=0;reason=none;class=none
EVT-0001862|16.09.2026 13:05:04|IF_SAPQM_MESPE_001|QM|MES|RETRY|2369|SESS-07612739C7|REQ-9FFD27BB9631|dest=MES;app=Quality Management;business=Quality Release to Production;mw=Kafka;mode=Async;err=DB_COMMIT_014;reason=Transaction commit failed;class=Database
EVT-0001875|14.09.2026 19:22:32|IF_SAPFIN_HCMPAY_001|FIN|HCM|OK|15725|SESS-1D682C5280|REQ-330681AC1103|dest=HCM;app=Finance;business=Payment Confirmation to Payroll;mw=SFTP;mode=Batch;err=0;reason=none;class=none
EVT-0001880|12.09.2026 11:30:24|IF_SAPPP_ORSC_001|PP|ORACLE_SCM|OK|782|SESS-F0A47347E4|REQ-6CC77BB679EE|dest=ORACLE_SCM;app=Product Planning;business=Production Plan to Supply Plan;mw=Kafka;mode=Async;err=0;reason=none;class=none
EVT-0001883|10.09.2026 14:52:20|IF_SAPPROC_ORWMS_001|PROC|ORACLE_SCM|OK|15562|SESS-2E65F4BA3D|REQ-0CA75B4722F2|dest=ORACLE_SCM;app=Procurement;business=Purchase Receipt to Warehouse;mw=SFTP;mode=Batch;err=0;reason=none;class=none
EVT-0001884|11.09.2026 07:49:09|IF_SAPPP_ORSC_001|PP|ORACLE_SCM|OK|1236|SESS-6B596CDB77|REQ-AB3D6586B0BF|dest=ORACLE_SCM;app=Product Planning;business=Production Plan to Supply Plan;mw=Kafka;mode=Async;err=0;reason=none;class=none
EVT-0001890|15.09.2026 15:38:00|IF_SAPPP_ORSC_001|PP|ORACLE_SCM|RETRY|3241|SESS-ACFE62238F|REQ-8CD69B68A1F9|dest=ORACLE_SCM;app=Product Planning;business=Production Plan to Supply Plan;mw=Kafka;mode=Async;err=TIME_004;reason=Downstream response exceeded SLA;class=Timeout
EVT-0001896|11.09.2026 12:54:52|IF_SAPQM_ORWMS_001|QM|ORACLE_SCM|OK|2623|SESS-0058248008|REQ-995060CD5100|dest=ORACLE_SCM;app=Quality Management;business=Quality Release to Warehouse;mw=Kafka;mode=Async;err=0;reason=none;class=none
EVT-0001898|14.09.2026 05:38:24|IF_SAPQM_MESPE_001|QM|MES|OK|989|SESS-30F68278AD|REQ-E581B1DD28C4|dest=MES;app=Quality Management;business=Quality Release to Production;mw=Kafka;mode=Async;err=0;reason=none;class=none
EVT-0001899|16.09.2026 08:57:46|IF_SAPPROC_ORIM_001|PROC|ORACLE_SCM|OK|2762|SESS-B2A47E2087|REQ-39D7CFDFF2C8|dest=ORACLE_SCM;app=Procurement;business=Purchase Order to Inventory;mw=REST_API;mode=REST;err=0;reason=none;class=none
EVT-0001907|12.09.2026 02:59:31|IF_SAPQM_MESPE_001|QM|MES|OK|961|SESS-FC869C414D|REQ-EF9AB1DB5B6F|dest=MES;app=Quality Management;business=Quality Release to Production;mw=Kafka;mode=Async;err=0;reason=none;class=none
EVT-0001911|12.09.2026 13:42:33|IF_SAPPP_ORSC_001|PP|ORACLE_SCM|OK|1549|SESS-BE50C2AE57|REQ-FE4B94633810|dest=ORACLE_SCM;app=Product Planning;business=Production Plan to Supply Plan;mw=Kafka;mode=Async;err=0;reason=none;class=none
EVT-0001913|14.09.2026 18:36:41|IF_SAPQM_MESPE_001|QM|MES|RETRY|2614|SESS-6DC6C3567F|REQ-FD9823DFDDDD|dest=MES;app=Quality Management;business=Quality Release to Production;mw=Kafka;mode=Async;err=DB_COMMIT_014;reason=Transaction commit failed;class=Database
EVT-0001918|16.09.2026 08:17:17|IF_SAPFIN_HCMPAY_001|FIN|HCM|OK|9088|SESS-BA5E5196AF|REQ-F6FECF9E5E7B|dest=HCM;app=Finance;business=Payment Confirmation to Payroll;mw=SFTP;mode=Batch;err=0;reason=none;class=none
EVT-0001922|16.09.2026 20:03:13|IF_SAPPROC_ORWMS_001|PROC|ORACLE_SCM|OK|12444|SESS-EFEFC4768C|REQ-635034293DE2|dest=ORACLE_SCM;app=Procurement;business=Purchase Receipt to Warehouse;mw=SFTP;mode=Batch;err=0;reason=none;class=none
EVT-0001924|12.09.2026 15:30:41|IF_SAPPROC_ORIM_001|PROC|ORACLE_SCM|RETRY|8131|SESS-528AF94FAC|REQ-FDA3F33D50F9|dest=ORACLE_SCM;app=Procurement;business=Purchase Order to Inventory;mw=REST_API;mode=REST;err=EXT_502;reason=Downstream service returned 502;class=External Service
EVT-0001926|16.09.2026 04:27:55|IF_SAPFIN_HCMPAY_001|FIN|HCM|OK|12828|SESS-D6B9C04F2C|REQ-9509DC660069|dest=HCM;app=Finance;business=Payment Confirmation to Payroll;mw=SFTP;mode=Batch;err=0;reason=none;class=none
EVT-0001929|12.09.2026 17:51:05|IF_SAPQM_ORWMS_001|QM|ORACLE_SCM|OK|2225|SESS-35AFCBDFBD|REQ-54DD717F6115|dest=ORACLE_SCM;app=Quality Management;business=Quality Release to Warehouse;mw=Kafka;mode=Async;err=0;reason=none;class=none
EVT-0001932|10.09.2026 10:35:18|IF_SAPQM_MESPE_001|QM|MES|OK|846|SESS-3D4D1CA9B5|REQ-4881379D07B8|dest=MES;app=Quality Management;business=Quality Release to Production;mw=Kafka;mode=Async;err=0;reason=none;class=none
EVT-0001940|11.09.2026 05:25:25|IF_SAPPROC_ORWMS_001|PROC|ORACLE_SCM|OK|16874|SESS-09D584143D|REQ-2898A83F999C|dest=ORACLE_SCM;app=Procurement;business=Purchase Receipt to Warehouse;mw=SFTP;mode=Batch;err=0;reason=none;class=none
EVT-0001944|11.09.2026 15:10:43|IF_SAPPP_MESPE_001|PP|MES|RETRY|2476|SESS-2D2685E891|REQ-2038C76D1387|dest=MES;app=Product Planning;business=Production Order to Manufacturing;mw=Kafka;mode=Async;err=AUTH_401;reason=Service credential rejected;class=Authentication
EVT-0001948|15.09.2026 12:24:58|IF_SAPQM_MESPE_001|QM|MES|OK|859|SESS-77E85CA702|REQ-1DD08A550648|dest=MES;app=Quality Management;business=Quality Release to Production;mw=Kafka;mode=Async;err=0;reason=none;class=none
EVT-0001964|16.09.2026 12:11:30|IF_SAPFIN_HCMPAY_001|FIN|HCM|OK|15593|SESS-C8404EAFF2|REQ-920ECABD0733|dest=HCM;app=Finance;business=Payment Confirmation to Payroll;mw=SFTP;mode=Batch;err=0;reason=none;class=none
EVT-0001965|10.09.2026 18:38:06|IF_SAPPP_ORSC_001|PP|ORACLE_SCM|ERR|4566|SESS-86C0142414|REQ-B5A699907BD0|dest=ORACLE_SCM;app=Product Planning;business=Production Plan to Supply Plan;mw=Kafka;mode=Async;err=EXT_502;reason=Downstream service returned 502;class=External Service
EVT-0001966|14.09.2026 03:01:21|IF_SAPPP_MESPE_001|PP|MES|ERR|6640|SESS-48C9F7D405|REQ-72E0863411BC|dest=MES;app=Product Planning;business=Production Order to Manufacturing;mw=Kafka;mode=Async;err=CAP_003;reason=Downstream service is at capacity;class=Capacity
EVT-0001968|15.09.2026 13:22:36|IF_SAPFIN_HCMPAY_001|FIN|HCM|OK|9966|SESS-2873A5F109|REQ-2512CD946C97|dest=HCM;app=Finance;business=Payment Confirmation to Payroll;mw=SFTP;mode=Batch;err=0;reason=none;class=none
EVT-0001974|12.09.2026 17:38:22|IF_SAPFIN_HCMPAY_001|FIN|HCM|OK|12932|SESS-B77B3C4270|REQ-54E2C18FCC8B|dest=HCM;app=Finance;business=Payment Confirmation to Payroll;mw=SFTP;mode=Batch;err=0;reason=none;class=none
EVT-0001975|15.09.2026 10:23:15|IF_SAPQM_MESPE_001|QM|MES|OK|881|SESS-94E3A8DF38|REQ-BF0C9D9B45A9|dest=MES;app=Quality Management;business=Quality Release to Production;mw=Kafka;mode=Async;err=0;reason=none;class=none
EVT-0001976|14.09.2026 04:07:19|IF_SAPPROC_ORIM_001|PROC|ORACLE_SCM|OK|2456|SESS-3EC78D5C75|REQ-66D41E1C5E89|dest=ORACLE_SCM;app=Procurement;business=Purchase Order to Inventory;mw=REST_API;mode=REST;err=0;reason=none;class=none
EVT-0001986|10.09.2026 00:57:38|IF_SAPPP_ORSC_001|PP|ORACLE_SCM|OK|1012|SESS-E1A6FEF6EF|REQ-283023A3097F|dest=ORACLE_SCM;app=Product Planning;business=Production Plan to Supply Plan;mw=Kafka;mode=Async;err=0;reason=none;class=none
EVT-0001991|10.09.2026 00:30:33|IF_SAPQM_MESPE_001|QM|MES|OK|923|SESS-45651F1A85|REQ-746A7CA4BDE2|dest=MES;app=Quality Management;business=Quality Release to Production;mw=Kafka;mode=Async;err=0;reason=none;class=none
EVT-0001997|15.09.2026 16:16:51|IF_SAPPP_ORSC_001|PP|ORACLE_SCM|OK|1484|SESS-1ADD6E2C73|REQ-8FC9201F23E8|dest=ORACLE_SCM;app=Product Planning;business=Production Plan to Supply Plan;mw=Kafka;mode=Async;err=0;reason=none;class=none
EVT-0001998|14.09.2026 03:32:48|IF_SAPFIN_HCMPAY_001|FIN|HCM|OK|11257|SESS-055C5FB091|REQ-088DF4C19A9F|dest=HCM;app=Finance;business=Payment Confirmation to Payroll;mw=SFTP;mode=Batch;err=0;reason=none;class=none
EVT-0001999|12.09.2026 16:39:33|IF_SAPPP_ORSC_001|PP|ORACLE_SCM|OK|726|SESS-D629DCDC24|REQ-6512CABEAC62|dest=ORACLE_SCM;app=Product Planning;business=Production Plan to Supply Plan;mw=Kafka;mode=Async;err=0;reason=none;class=none
EVT-0002008|10.09.2026 17:46:28|IF_SAPPP_ORSC_001|PP|ORACLE_SCM|OK|1280|SESS-0338EA4D3E|REQ-CF42896A0A9E|dest=ORACLE_SCM;app=Product Planning;business=Production Plan to Supply Plan;mw=Kafka;mode=Async;err=0;reason=none;class=none
EVT-0002019|15.09.2026 07:57:19|IF_SAPPROC_ORWMS_001|PROC|ORACLE_SCM|OK|12220|SESS-E08C73F4AC|REQ-10B00EB5D56E|dest=ORACLE_SCM;app=Procurement;business=Purchase Receipt to Warehouse;mw=SFTP;mode=Batch;err=0;reason=none;class=none
EVT-0002027|14.09.2026 04:28:16|IF_SAPFIN_HCMPAY_001|FIN|HCM|OK|7483|SESS-18F9520895|REQ-D732F6C01A43|dest=HCM;app=Finance;business=Payment Confirmation to Payroll;mw=SFTP;mode=Batch;err=0;reason=none;class=none
EVT-0002028|15.09.2026 20:26:52|IF_SAPFIN_HCMPAY_001|FIN|HCM|ERR|39479|SESS-1BBF631197|REQ-01FA3867DED7|dest=HCM;app=Finance;business=Payment Confirmation to Payroll;mw=SFTP;mode=Batch;err=AUTH_401;reason=Service credential rejected;class=Authentication
EVT-0002029|15.09.2026 18:21:49|IF_SAPQM_ORWMS_001|QM|ORACLE_SCM|OK|2629|SESS-B2EB9AE87E|REQ-8780FD3DA6B4|dest=ORACLE_SCM;app=Quality Management;business=Quality Release to Warehouse;mw=Kafka;mode=Async;err=0;reason=none;class=none
EVT-0002032|16.09.2026 10:54:54|IF_SAPPP_ORSC_001|PP|ORACLE_SCM|OK|1493|SESS-9336E1B8D0|REQ-5CD8FC611AF9|dest=ORACLE_SCM;app=Product Planning;business=Production Plan to Supply Plan;mw=Kafka;mode=Async;err=0;reason=none;class=none
EVT-0002034|16.09.2026 03:18:08|IF_SAPPROC_ORIM_001|PROC|ORACLE_SCM|OK|1539|SESS-0EEDC45A2B|REQ-229B0C27EDF1|dest=ORACLE_SCM;app=Procurement;business=Purchase Order to Inventory;mw=REST_API;mode=REST;err=0;reason=none;class=none
EVT-0002036|16.09.2026 17:55:40|IF_SAPPROC_ORWMS_001|PROC|ORACLE_SCM|OK|15468|SESS-5C907B7702|REQ-C76CCE987178|dest=ORACLE_SCM;app=Procurement;business=Purchase Receipt to Warehouse;mw=SFTP;mode=Batch;err=0;reason=none;class=none
EVT-0002037|13.09.2026 14:48:04|IF_SAPPROC_ORWMS_001|PROC|ORACLE_SCM|RETRY|52627|SESS-22E03B8B5F|REQ-CFCD041CA315|dest=ORACLE_SCM;app=Procurement;business=Purchase Receipt to Warehouse;mw=SFTP;mode=Batch;err=NET_CONN_003;reason=Connection reset by peer;class=Network
EVT-0002039|16.09.2026 13:50:29|IF_SAPPROC_ORWMS_001|PROC|ORACLE_SCM|OK|19894|SESS-0528D06A06|REQ-DF36725120CF|dest=ORACLE_SCM;app=Procurement;business=Purchase Receipt to Warehouse;mw=SFTP;mode=Batch;err=0;reason=none;class=none
EVT-0002040|11.09.2026 10:21:38|IF_SAPFIN_HCMPAY_001|FIN|HCM|OK|19294|SESS-0C82A1E0E0|REQ-2C9FA3BCD8F7|dest=HCM;app=Finance;business=Payment Confirmation to Payroll;mw=SFTP;mode=Batch;err=0;reason=none;class=none
EVT-0002043|12.09.2026 17:38:09|IF_SAPPROC_ORWMS_001|PROC|ORACLE_SCM|OK|13923|SESS-2B711BB377|REQ-7376C8B0CCE2|dest=ORACLE_SCM;app=Procurement;business=Purchase Receipt to Warehouse;mw=SFTP;mode=Batch;err=0;reason=none;class=none
EVT-0002057|11.09.2026 16:32:28|IF_SAPQM_ORWMS_001|QM|ORACLE_SCM|OK|2413|SESS-2041CC1690|REQ-E8EBA064DB14|dest=ORACLE_SCM;app=Quality Management;business=Quality Release to Warehouse;mw=Kafka;mode=Async;err=0;reason=none;class=none
EVT-0002066|15.09.2026 05:35:22|IF_SAPPROC_ORIM_001|PROC|ORACLE_SCM|OK|1594|SESS-77CCAD13FD|REQ-B2898540DB26|dest=ORACLE_SCM;app=Procurement;business=Purchase Order to Inventory;mw=REST_API;mode=REST;err=0;reason=none;class=none
EVT-0002070|15.09.2026 08:53:10|IF_SAPQM_MESPE_001|QM|MES|ERR|6986|SESS-6BE5E7E260|REQ-062EAD4C799E|dest=MES;app=Quality Management;business=Quality Release to Production;mw=Kafka;mode=Async;err=EXT_502;reason=Downstream service returned 502;class=External Service
EVT-0002079|12.09.2026 21:12:33|IF_SAPQM_ORWMS_001|QM|ORACLE_SCM|OK|2713|SESS-AEF50C2B97|REQ-FE51396F27A1|dest=ORACLE_SCM;app=Quality Management;business=Quality Release to Warehouse;mw=Kafka;mode=Async;err=0;reason=none;class=none
EVT-0002081|14.09.2026 22:22:55|IF_SAPPP_ORSC_001|PP|ORACLE_SCM|RETRY|3792|SESS-E4089ECEE7|REQ-D0428C4C395D|dest=ORACLE_SCM;app=Product Planning;business=Production Plan to Supply Plan;mw=Kafka;mode=Async;err=CAP_003;reason=Downstream service is at capacity;class=Capacity
EVT-0002084|13.09.2026 00:49:44|IF_SAPPROC_ORIM_001|PROC|ORACLE_SCM|RETRY|7884|SESS-C115FAF451|REQ-6CBC7A813D82|dest=ORACLE_SCM;app=Procurement;business=Purchase Order to Inventory;mw=REST_API;mode=REST;err=EXT_502;reason=Downstream service returned 502;class=External Service
EVT-0002088|10.09.2026 23:01:17|IF_SAPPROC_ORIM_001|PROC|ORACLE_SCM|OK|2268|SESS-9C6B500C0F|REQ-BD2833EF2DC8|dest=ORACLE_SCM;app=Procurement;business=Purchase Order to Inventory;mw=REST_API;mode=REST;err=0;reason=none;class=none
EVT-0002090|13.09.2026 12:49:20|IF_SAPPP_ORSC_001|PP|ORACLE_SCM|RETRY|3129|SESS-AB2CB2F83E|REQ-9FEF18A1DB28|dest=ORACLE_SCM;app=Product Planning;business=Production Plan to Supply Plan;mw=Kafka;mode=Async;err=CAP_003;reason=Downstream service is at capacity;class=Capacity
EVT-0002091|10.09.2026 15:47:58|IF_SAPPP_MESPE_001|PP|MES|ERR|6587|SESS-4E7FE43229|REQ-3D1C16AD500B|dest=MES;app=Product Planning;business=Production Order to Manufacturing;mw=Kafka;mode=Async;err=INFRA_008;reason=Runtime node unavailable;class=Infrastructure
EVT-0002096|11.09.2026 07:07:23|IF_SAPPP_ORSC_001|PP|ORACLE_SCM|OK|1246|SESS-448841E084|REQ-CA782D4DF1AE|dest=ORACLE_SCM;app=Product Planning;business=Production Plan to Supply Plan;mw=Kafka;mode=Async;err=0;reason=none;class=none
EVT-0002100|14.09.2026 19:39:49|IF_SAPPP_ORSC_001|PP|ORACLE_SCM|OK|1521|SESS-FFA0118746|REQ-E32728FA40CE|dest=ORACLE_SCM;app=Product Planning;business=Production Plan to Supply Plan;mw=Kafka;mode=Async;err=0;reason=none;class=none
EVT-0002101|10.09.2026 02:53:04|IF_SAPPROC_ORIM_001|PROC|ORACLE_SCM|OK|1374|SESS-E2BE607C93|REQ-A2399A949185|dest=ORACLE_SCM;app=Procurement;business=Purchase Order to Inventory;mw=REST_API;mode=REST;err=0;reason=none;class=none
EVT-0002110|11.09.2026 11:20:47|IF_SAPPROC_ORWMS_001|PROC|ORACLE_SCM|OK|14673|SESS-21B9B68BCA|REQ-2BB049FA9AF4|dest=ORACLE_SCM;app=Procurement;business=Purchase Receipt to Warehouse;mw=SFTP;mode=Batch;err=0;reason=none;class=none
EVT-0002111|16.09.2026 14:27:17|IF_SAPPP_MESPE_001|PP|MES|OK|749|SESS-8B9CEEB75D|REQ-B15227CFA17A|dest=MES;app=Product Planning;business=Production Order to Manufacturing;mw=Kafka;mode=Async;err=0;reason=none;class=none
EVT-0002113|13.09.2026 01:00:27|IF_SAPQM_ORWMS_001|QM|ORACLE_SCM|OK|2644|SESS-3F16B4559C|REQ-63001BA207A3|dest=ORACLE_SCM;app=Quality Management;business=Quality Release to Warehouse;mw=Kafka;mode=Async;err=0;reason=none;class=none
EVT-0002122|13.09.2026 01:52:08|IF_SAPQM_ORWMS_001|QM|ORACLE_SCM|OK|2288|SESS-39B3F0A69A|REQ-0E827FE952AA|dest=ORACLE_SCM;app=Quality Management;business=Quality Release to Warehouse;mw=Kafka;mode=Async;err=0;reason=none;class=none
EVT-0002123|16.09.2026 14:05:16|IF_SAPFIN_HCMPAY_001|FIN|HCM|OK|14793|SESS-25CC8DD5ED|REQ-E80C1D360FED|dest=HCM;app=Finance;business=Payment Confirmation to Payroll;mw=SFTP;mode=Batch;err=0;reason=none;class=none
EVT-0002132|13.09.2026 21:10:02|IF_SAPPROC_ORIM_001|PROC|ORACLE_SCM|OK|2564|SESS-5F42B72FE4|REQ-8A10177C060F|dest=ORACLE_SCM;app=Procurement;business=Purchase Order to Inventory;mw=REST_API;mode=REST;err=0;reason=none;class=none
EVT-0002134|11.09.2026 02:05:51|IF_SAPPP_MESPE_001|PP|MES|OK|759|SESS-2554393D30|REQ-D3097B20F8AA|dest=MES;app=Product Planning;business=Production Order to Manufacturing;mw=Kafka;mode=Async;err=0;reason=none;class=none
EVT-0002145|16.09.2026 09:57:02|IF_SAPPROC_ORIM_001|PROC|ORACLE_SCM|OK|2564|SESS-EC6EDEE18B|REQ-9FB96EB14478|dest=ORACLE_SCM;app=Procurement;business=Purchase Order to Inventory;mw=REST_API;mode=REST;err=0;reason=none;class=none
EVT-0002147|12.09.2026 04:00:06|IF_SAPPP_ORSC_001|PP|ORACLE_SCM|OK|1405|SESS-0B7B98A715|REQ-6EF05727C8B0|dest=ORACLE_SCM;app=Product Planning;business=Production Plan to Supply Plan;mw=Kafka;mode=Async;err=0;reason=none;class=none
EVT-0002149|15.09.2026 12:31:29|IF_SAPFIN_HCMPAY_001|FIN|HCM|OK|15811|SESS-C5948752B4|REQ-2965C04281CD|dest=HCM;app=Finance;business=Payment Confirmation to Payroll;mw=SFTP;mode=Batch;err=0;reason=none;class=none
EVT-0002154|14.09.2026 12:51:44|IF_SAPPP_MESPE_001|PP|MES|OK|828|SESS-D0CA913A23|REQ-56440C8B197F|dest=MES;app=Product Planning;business=Production Order to Manufacturing;mw=Kafka;mode=Async;err=0;reason=none;class=none
EVT-0002160|12.09.2026 23:27:51|IF_SAPPP_MESPE_001|PP|MES|OK|1028|SESS-F970200424|REQ-0CD1E12D8DE2|dest=MES;app=Product Planning;business=Production Order to Manufacturing;mw=Kafka;mode=Async;err=0;reason=none;class=none
EVT-0002165|12.09.2026 20:50:08|IF_SAPPP_ORSC_001|PP|ORACLE_SCM|OK|1242|SESS-E116CEC41D|REQ-704ABCFF472E|dest=ORACLE_SCM;app=Product Planning;business=Production Plan to Supply Plan;mw=Kafka;mode=Async;err=0;reason=none;class=none
EVT-0002178|16.09.2026 01:47:35|IF_SAPPROC_ORWMS_001|PROC|ORACLE_SCM|OK|15858|SESS-3F640088A2|REQ-D55B32C538A8|dest=ORACLE_SCM;app=Procurement;business=Purchase Receipt to Warehouse;mw=SFTP;mode=Batch;err=0;reason=none;class=none
EVT-0002179|12.09.2026 12:43:41|IF_SAPPROC_ORIM_001|PROC|ORACLE_SCM|RETRY|8254|SESS-C3CC115307|REQ-173E00415A82|dest=ORACLE_SCM;app=Procurement;business=Purchase Order to Inventory;mw=REST_API;mode=REST;err=INFRA_008;reason=Runtime node unavailable;class=Infrastructure
EVT-0002182|14.09.2026 23:19:06|IF_SAPPP_MESPE_001|PP|MES|OK|833|SESS-B791C9AA77|REQ-F64D5F95B553|dest=MES;app=Product Planning;business=Production Order to Manufacturing;mw=Kafka;mode=Async;err=0;reason=none;class=none
EVT-0002186|15.09.2026 00:10:29|IF_SAPPROC_ORIM_001|PROC|ORACLE_SCM|OK|2607|SESS-7140BECC83|REQ-5682C7DF2188|dest=ORACLE_SCM;app=Procurement;business=Purchase Order to Inventory;mw=REST_API;mode=REST;err=0;reason=none;class=none
EVT-0002187|12.09.2026 02:03:59|IF_SAPPROC_ORIM_001|PROC|ORACLE_SCM|OK|1821|SESS-12A904D0B4|REQ-5510E0F61103|dest=ORACLE_SCM;app=Procurement;business=Purchase Order to Inventory;mw=REST_API;mode=REST;err=0;reason=none;class=none
EVT-0002192|11.09.2026 08:48:45|IF_SAPPP_ORSC_001|PP|ORACLE_SCM|OK|1081|SESS-6A4B9D24AA|REQ-248C6C97A76A|dest=ORACLE_SCM;app=Product Planning;business=Production Plan to Supply Plan;mw=Kafka;mode=Async;err=0;reason=none;class=none
EVT-0002193|12.09.2026 03:28:03|IF_SAPPROC_ORWMS_001|PROC|ORACLE_SCM|ERR|41269|SESS-FEC81A4B4D|REQ-CDABE0D2D5C6|dest=ORACLE_SCM;app=Procurement;business=Purchase Receipt to Warehouse;mw=SFTP;mode=Batch;err=DB_COMMIT_014;reason=Transaction commit failed;class=Database
EVT-0002195|12.09.2026 20:10:48|IF_SAPPP_ORSC_001|PP|ORACLE_SCM|OK|2289|SESS-C424DC1618|REQ-EC27CC385215|dest=ORACLE_SCM;app=Product Planning;business=Production Plan to Supply Plan;mw=Kafka;mode=Async;err=0;reason=none;class=none
EVT-0002196|15.09.2026 05:26:35|IF_SAPPROC_ORIM_001|PROC|ORACLE_SCM|OK|2599|SESS-13997128CC|REQ-02580D088248|dest=ORACLE_SCM;app=Procurement;business=Purchase Order to Inventory;mw=REST_API;mode=REST;err=0;reason=none;class=none
EVT-0002205|13.09.2026 05:29:22|IF_SAPQM_MESPE_001|QM|MES|OK|909|SESS-3AFD581366|REQ-D5078187DD79|dest=MES;app=Quality Management;business=Quality Release to Production;mw=Kafka;mode=Async;err=0;reason=none;class=none
EVT-0002206|12.09.2026 09:39:21|IF_SAPPP_MESPE_001|PP|MES|OK|1240|SESS-F5EC1B3536|REQ-5C54C37A44F1|dest=MES;app=Product Planning;business=Production Order to Manufacturing;mw=Kafka;mode=Async;err=0;reason=none;class=none
EVT-0002210|16.09.2026 08:45:16|IF_SAPQM_ORWMS_001|QM|ORACLE_SCM|RETRY|4966|SESS-BA513704FD|REQ-017732C9AC9B|dest=ORACLE_SCM;app=Quality Management;business=Quality Release to Warehouse;mw=Kafka;mode=Async;err=EXT_502;reason=Downstream service returned 502;class=External Service
EVT-0002221|10.09.2026 04:40:04|IF_SAPPROC_ORWMS_001|PROC|ORACLE_SCM|RETRY|45200|SESS-A0C8F89652|REQ-CDE7D3C772EA|dest=ORACLE_SCM;app=Procurement;business=Purchase Receipt to Warehouse;mw=SFTP;mode=Batch;err=TIME_004;reason=Downstream response exceeded SLA;class=Timeout
EVT-0002225|13.09.2026 08:25:13|IF_SAPPP_MESPE_001|PP|MES|OK|1187|SESS-F2E583FEEE|REQ-F724DC63497B|dest=MES;app=Product Planning;business=Production Order to Manufacturing;mw=Kafka;mode=Async;err=0;reason=none;class=none
EVT-0002230|13.09.2026 19:16:32|IF_SAPPP_ORSC_001|PP|ORACLE_SCM|OK|1322|SESS-EBBA1362E3|REQ-93D6698C9E1E|dest=ORACLE_SCM;app=Product Planning;business=Production Plan to Supply Plan;mw=Kafka;mode=Async;err=0;reason=none;class=none
EVT-0002233|16.09.2026 15:40:23|IF_SAPQM_ORWMS_001|QM|ORACLE_SCM|OK|2704|SESS-A04A548D24|REQ-A6004DD28789|dest=ORACLE_SCM;app=Quality Management;business=Quality Release to Warehouse;mw=Kafka;mode=Async;err=0;reason=none;class=none
EVT-0002234|10.09.2026 10:12:03|IF_SAPPP_MESPE_001|PP|MES|OK|1048|SESS-164CBFA197|REQ-8613B6B83783|dest=MES;app=Product Planning;business=Production Order to Manufacturing;mw=Kafka;mode=Async;err=0;reason=none;class=none
EVT-0002240|13.09.2026 01:14:12|IF_SAPPROC_ORIM_001|PROC|ORACLE_SCM|ERR|3761|SESS-BC97BCC1B6|REQ-CE3FD6CB599E|dest=ORACLE_SCM;app=Procurement;business=Purchase Order to Inventory;mw=REST_API;mode=REST;err=NET_CONN_003;reason=Connection reset by peer;class=Network
EVT-0002245|16.09.2026 17:34:49|IF_SAPPP_ORSC_001|PP|ORACLE_SCM|OK|1289|SESS-8F8261F872|REQ-A33EF72D4F91|dest=ORACLE_SCM;app=Product Planning;business=Production Plan to Supply Plan;mw=Kafka;mode=Async;err=0;reason=none;class=none
EVT-0002248|11.09.2026 21:54:27|IF_SAPPROC_ORIM_001|PROC|ORACLE_SCM|RETRY|3778|SESS-78D428BDB3|REQ-2DECD4FDCECD|dest=ORACLE_SCM;app=Procurement;business=Purchase Order to Inventory;mw=REST_API;mode=REST;err=INFRA_008;reason=Runtime node unavailable;class=Infrastructure
EVT-0002252|16.09.2026 23:25:51|IF_SAPQM_ORWMS_001|QM|ORACLE_SCM|OK|1743|SESS-12DB3F25A2|REQ-8B94221181E3|dest=ORACLE_SCM;app=Quality Management;business=Quality Release to Warehouse;mw=Kafka;mode=Async;err=0;reason=none;class=none
EVT-0002254|13.09.2026 11:16:02|IF_SAPPROC_ORWMS_001|PROC|ORACLE_SCM|OK|17796|SESS-09F04F6F58|REQ-773B90FB4949|dest=ORACLE_SCM;app=Procurement;business=Purchase Receipt to Warehouse;mw=SFTP;mode=Batch;err=0;reason=none;class=none
EVT-0002262|13.09.2026 08:38:20|IF_SAPPROC_ORIM_001|PROC|ORACLE_SCM|OK|2421|SESS-DCC42B580E|REQ-79281C75B5EE|dest=ORACLE_SCM;app=Procurement;business=Purchase Order to Inventory;mw=REST_API;mode=REST;err=0;reason=none;class=none
EVT-0002280|12.09.2026 15:53:42|IF_SAPPROC_ORIM_001|PROC|ORACLE_SCM|OK|1663|SESS-8BA820FB6C|REQ-E59E991CCEA2|dest=ORACLE_SCM;app=Procurement;business=Purchase Order to Inventory;mw=REST_API;mode=REST;err=0;reason=none;class=none
EVT-0002296|11.09.2026 03:37:31|IF_SAPQM_ORWMS_001|QM|ORACLE_SCM|OK|2466|SESS-A22B6E13A5|REQ-214433C4FDA0|dest=ORACLE_SCM;app=Quality Management;business=Quality Release to Warehouse;mw=Kafka;mode=Async;err=0;reason=none;class=none
EVT-0002297|14.09.2026 11:13:56|IF_SAPPP_ORSC_001|PP|ORACLE_SCM|OK|1698|SESS-2D7C38C39D|REQ-9E8A1146FB84|dest=ORACLE_SCM;app=Product Planning;business=Production Plan to Supply Plan;mw=Kafka;mode=Async;err=0;reason=none;class=none
EVT-0002301|14.09.2026 00:18:16|IF_SAPPROC_ORWMS_001|PROC|ORACLE_SCM|RETRY|43118|SESS-C80208D46F|REQ-B77C21A8437D|dest=ORACLE_SCM;app=Procurement;business=Purchase Receipt to Warehouse;mw=SFTP;mode=Batch;err=NET_CONN_003;reason=Connection reset by peer;class=Network
EVT-0002306|12.09.2026 14:42:01|IF_SAPPP_MESPE_001|PP|MES|OK|949|SESS-788A88C167|REQ-7D29920ABF3E|dest=MES;app=Product Planning;business=Production Order to Manufacturing;mw=Kafka;mode=Async;err=0;reason=none;class=none
EVT-0002309|14.09.2026 05:34:53|IF_SAPFIN_HCMPAY_001|FIN|HCM|OK|15114|SESS-2640BE7B4F|REQ-380C802BFA44|dest=HCM;app=Finance;business=Payment Confirmation to Payroll;mw=SFTP;mode=Batch;err=0;reason=none;class=none
EVT-0002320|10.09.2026 14:31:10|IF_SAPPROC_ORIM_001|PROC|ORACLE_SCM|OK|3007|SESS-65C842A2AB|REQ-92B966BA4784|dest=ORACLE_SCM;app=Procurement;business=Purchase Order to Inventory;mw=REST_API;mode=REST;err=0;reason=none;class=none
EVT-0002336|14.09.2026 17:21:39|IF_SAPQM_MESPE_001|QM|MES|OK|1258|SESS-9D9508A01B|REQ-6468BB8801EC|dest=MES;app=Quality Management;business=Quality Release to Production;mw=Kafka;mode=Async;err=0;reason=none;class=none
EVT-0002353|11.09.2026 14:21:52|IF_SAPPP_MESPE_001|PP|MES|OK|817|SESS-0852E88BCC|REQ-535511A10F48|dest=MES;app=Product Planning;business=Production Order to Manufacturing;mw=Kafka;mode=Async;err=0;reason=none;class=none
EVT-0002355|16.09.2026 21:26:41|IF_SAPQM_MESPE_001|QM|MES|OK|1218|SESS-B5A42A934A|REQ-EF63A49D70F3|dest=MES;app=Quality Management;business=Quality Release to Production;mw=Kafka;mode=Async;err=0;reason=none;class=none
EVT-0002356|14.09.2026 15:13:48|IF_SAPQM_ORWMS_001|QM|ORACLE_SCM|OK|2472|SESS-1768657F49|REQ-EA243BBB6E90|dest=ORACLE_SCM;app=Quality Management;business=Quality Release to Warehouse;mw=Kafka;mode=Async;err=0;reason=none;class=none
EVT-0002358|16.09.2026 14:03:55|IF_SAPQM_ORWMS_001|QM|ORACLE_SCM|OK|3418|SESS-C1F00CA707|REQ-66BD46E837DA|dest=ORACLE_SCM;app=Quality Management;business=Quality Release to Warehouse;mw=Kafka;mode=Async;err=0;reason=none;class=none
EVT-0002373|14.09.2026 08:55:36|IF_SAPQM_ORWMS_001|QM|ORACLE_SCM|OK|2128|SESS-32FCB1D6C5|REQ-E8A3BC1FB7DF|dest=ORACLE_SCM;app=Quality Management;business=Quality Release to Warehouse;mw=Kafka;mode=Async;err=0;reason=none;class=none
EVT-0002374|13.09.2026 11:23:28|IF_SAPFIN_HCMPAY_001|FIN|HCM|OK|11152|SESS-C15099877E|REQ-265496DDC601|dest=HCM;app=Finance;business=Payment Confirmation to Payroll;mw=SFTP;mode=Batch;err=0;reason=none;class=none
EVT-0002376|12.09.2026 19:30:15|IF_SAPQM_ORWMS_001|QM|ORACLE_SCM|OK|2457|SESS-DD55588278|REQ-FF3DCD02DB67|dest=ORACLE_SCM;app=Quality Management;business=Quality Release to Warehouse;mw=Kafka;mode=Async;err=0;reason=none;class=none
EVT-0002380|11.09.2026 14:06:18|IF_SAPPP_ORSC_001|PP|ORACLE_SCM|OK|1426|SESS-231AC787C6|REQ-D2047DD4325F|dest=ORACLE_SCM;app=Product Planning;business=Production Plan to Supply Plan;mw=Kafka;mode=Async;err=0;reason=none;class=none
EVT-0002384|10.09.2026 14:29:48|IF_SAPFIN_HCMPAY_001|FIN|HCM|OK|10434|SESS-B621028668|REQ-BC50AAD13A63|dest=HCM;app=Finance;business=Payment Confirmation to Payroll;mw=SFTP;mode=Batch;err=0;reason=none;class=none
EVT-0002387|14.09.2026 13:33:19|IF_SAPFIN_HCMPAY_001|FIN|HCM|OK|11863|SESS-7B6A6E415E|REQ-DFC1BB77327C|dest=HCM;app=Finance;business=Payment Confirmation to Payroll;mw=SFTP;mode=Batch;err=0;reason=none;class=none
EVT-0002390|14.09.2026 20:33:04|IF_SAPPROC_ORIM_001|PROC|ORACLE_SCM|OK|1862|SESS-9F875C15B9|REQ-CE7E52727536|dest=ORACLE_SCM;app=Procurement;business=Purchase Order to Inventory;mw=REST_API;mode=REST;err=0;reason=none;class=none
EVT-0002392|13.09.2026 04:26:05|IF_SAPPP_MESPE_001|PP|MES|OK|980|SESS-296F680E1B|REQ-8B234BA8154D|dest=MES;app=Product Planning;business=Production Order to Manufacturing;mw=Kafka;mode=Async;err=0;reason=none;class=none
EVT-0002393|16.09.2026 01:30:10|IF_SAPPROC_ORWMS_001|PROC|ORACLE_SCM|OK|11273|SESS-84F51D0E58|REQ-02F25546D95D|dest=ORACLE_SCM;app=Procurement;business=Purchase Receipt to Warehouse;mw=SFTP;mode=Batch;err=0;reason=none;class=none
EVT-0002397|13.09.2026 05:17:12|IF_SAPPP_MESPE_001|PP|MES|OK|902|SESS-581C470C18|REQ-BAE912218895|dest=MES;app=Product Planning;business=Production Order to Manufacturing;mw=Kafka;mode=Async;err=0;reason=none;class=none
EVT-0002398|10.09.2026 15:23:24|IF_SAPFIN_HCMPAY_001|FIN|HCM|OK|17340|SESS-E903ECBE1A|REQ-F5B35563DF78|dest=HCM;app=Finance;business=Payment Confirmation to Payroll;mw=SFTP;mode=Batch;err=0;reason=none;class=none
EVT-0002401|11.09.2026 12:35:35|IF_SAPQM_ORWMS_001|QM|ORACLE_SCM|OK|1758|SESS-0E28A7A6C5|REQ-7654D2B59180|dest=ORACLE_SCM;app=Quality Management;business=Quality Release to Warehouse;mw=Kafka;mode=Async;err=0;reason=none;class=none
EVT-0002402|11.09.2026 03:49:04|IF_SAPFIN_HCMPAY_001|FIN|HCM|OK|5485|SESS-CFD8A7C791|REQ-B7754B044FFB|dest=HCM;app=Finance;business=Payment Confirmation to Payroll;mw=SFTP;mode=Batch;err=0;reason=none;class=none
EVT-0002404|12.09.2026 14:16:27|IF_SAPPP_MESPE_001|PP|MES|OK|800|SESS-641D6064E1|REQ-38DBA6AEB239|dest=MES;app=Product Planning;business=Production Order to Manufacturing;mw=Kafka;mode=Async;err=0;reason=none;class=none
EVT-0002405|13.09.2026 23:58:23|IF_SAPPROC_ORWMS_001|PROC|ORACLE_SCM|OK|13117|SESS-7BE458C111|REQ-05FABADE053E|dest=ORACLE_SCM;app=Procurement;business=Purchase Receipt to Warehouse;mw=SFTP;mode=Batch;err=0;reason=none;class=none
EVT-0002406|12.09.2026 19:07:45|IF_SAPPP_ORSC_001|PP|ORACLE_SCM|OK|1173|SESS-E263750C76|REQ-852EC40A73DC|dest=ORACLE_SCM;app=Product Planning;business=Production Plan to Supply Plan;mw=Kafka;mode=Async;err=0;reason=none;class=none
EVT-0002414|14.09.2026 04:02:28|IF_SAPPROC_ORIM_001|PROC|ORACLE_SCM|OK|2510|SESS-012C42CDC7|REQ-C16AD0732986|dest=ORACLE_SCM;app=Procurement;business=Purchase Order to Inventory;mw=REST_API;mode=REST;err=0;reason=none;class=none
EVT-0002415|14.09.2026 10:00:59|IF_SAPPROC_ORWMS_001|PROC|ORACLE_SCM|OK|12430|SESS-EF56638E65|REQ-D7DA4214D8D8|dest=ORACLE_SCM;app=Procurement;business=Purchase Receipt to Warehouse;mw=SFTP;mode=Batch;err=0;reason=none;class=none
EVT-0002416|13.09.2026 03:26:29|IF_SAPFIN_HCMPAY_001|FIN|HCM|RETRY|50510|SESS-DEBB3A6F12|REQ-9DA1EE0C51D8|dest=HCM;app=Finance;business=Payment Confirmation to Payroll;mw=SFTP;mode=Batch;err=CAP_003;reason=Downstream service is at capacity;class=Capacity
EVT-0002421|10.09.2026 22:37:10|IF_SAPPROC_ORWMS_001|PROC|ORACLE_SCM|OK|14776|SESS-C74AF404F9|REQ-67E29F849695|dest=ORACLE_SCM;app=Procurement;business=Purchase Receipt to Warehouse;mw=SFTP;mode=Batch;err=0;reason=none;class=none
EVT-0002422|15.09.2026 09:43:46|IF_SAPPP_MESPE_001|PP|MES|RETRY|2842|SESS-62651DA183|REQ-C4303EB0E082|dest=MES;app=Product Planning;business=Production Order to Manufacturing;mw=Kafka;mode=Async;err=INFRA_008;reason=Runtime node unavailable;class=Infrastructure
EVT-0002423|11.09.2026 06:23:17|IF_SAPPP_ORSC_001|PP|ORACLE_SCM|OK|1147|SESS-08D2DF00C2|REQ-4DE15912F23C|dest=ORACLE_SCM;app=Product Planning;business=Production Plan to Supply Plan;mw=Kafka;mode=Async;err=0;reason=none;class=none
EVT-0002426|13.09.2026 21:42:49|IF_SAPPROC_ORWMS_001|PROC|ORACLE_SCM|ERR|85626|SESS-EF05C50BD0|REQ-4C84CA251969|dest=ORACLE_SCM;app=Procurement;business=Purchase Receipt to Warehouse;mw=SFTP;mode=Batch;err=INFRA_008;reason=Runtime node unavailable;class=Infrastructure
EVT-0002432|14.09.2026 07:42:18|IF_SAPQM_MESPE_001|QM|MES|OK|645|SESS-5A472D1F5B|REQ-28AA82FAAB8E|dest=MES;app=Quality Management;business=Quality Release to Production;mw=Kafka;mode=Async;err=0;reason=none;class=none
EVT-0002444|15.09.2026 19:05:48|IF_SAPPROC_ORIM_001|PROC|ORACLE_SCM|OK|2545|SESS-992F8286DE|REQ-9454210D85D5|dest=ORACLE_SCM;app=Procurement;business=Purchase Order to Inventory;mw=REST_API;mode=REST;err=0;reason=none;class=none
EVT-0002448|16.09.2026 16:59:20|IF_SAPPROC_ORWMS_001|PROC|ORACLE_SCM|OK|9933|SESS-E7FE4ADAA2|REQ-8A390E142C68|dest=ORACLE_SCM;app=Procurement;business=Purchase Receipt to Warehouse;mw=SFTP;mode=Batch;err=0;reason=none;class=none
EVT-0002456|13.09.2026 22:39:57|IF_SAPFIN_HCMPAY_001|FIN|HCM|RETRY|47730|SESS-670C8E8C60|REQ-EDA67C73BA00|dest=HCM;app=Finance;business=Payment Confirmation to Payroll;mw=SFTP;mode=Batch;err=TIME_004;reason=Downstream response exceeded SLA;class=Timeout
EVT-0002462|14.09.2026 21:24:19|IF_SAPPROC_ORWMS_001|PROC|ORACLE_SCM|OK|16327|SESS-81F1FDB184|REQ-A475A3CAEB0A|dest=ORACLE_SCM;app=Procurement;business=Purchase Receipt to Warehouse;mw=SFTP;mode=Batch;err=0;reason=none;class=none
EVT-0002463|14.09.2026 00:26:19|IF_SAPPP_MESPE_001|PP|MES|OK|1220|SESS-9861B36DA5|REQ-21EC29CF2B57|dest=MES;app=Product Planning;business=Production Order to Manufacturing;mw=Kafka;mode=Async;err=0;reason=none;class=none
EVT-0002464|15.09.2026 15:52:37|IF_SAPQM_ORWMS_001|QM|ORACLE_SCM|OK|2384|SESS-0A6D0B463D|REQ-488A7AD71B4E|dest=ORACLE_SCM;app=Quality Management;business=Quality Release to Warehouse;mw=Kafka;mode=Async;err=0;reason=none;class=none
EVT-0002468|14.09.2026 11:48:47|IF_SAPQM_MESPE_001|QM|MES|OK|951|SESS-F829D34629|REQ-48A84FEC48EE|dest=MES;app=Quality Management;business=Quality Release to Production;mw=Kafka;mode=Async;err=0;reason=none;class=none
EVT-0002473|14.09.2026 20:02:16|IF_SAPQM_ORWMS_001|QM|ORACLE_SCM|OK|2983|SESS-3D9000AF1F|REQ-F6D4A50D6EE5|dest=ORACLE_SCM;app=Quality Management;business=Quality Release to Warehouse;mw=Kafka;mode=Async;err=0;reason=none;class=none
EVT-0002477|12.09.2026 06:54:57|IF_SAPPP_MESPE_001|PP|MES|RETRY|2332|SESS-EF55E091A0|REQ-C17350844DCD|dest=MES;app=Product Planning;business=Production Order to Manufacturing;mw=Kafka;mode=Async;err=EXT_502;reason=Downstream service returned 502;class=External Service
EVT-0002480|10.09.2026 05:31:49|IF_SAPPP_MESPE_001|PP|MES|OK|1331|SESS-A2AB580554|REQ-CBFA76E6088E|dest=MES;app=Product Planning;business=Production Order to Manufacturing;mw=Kafka;mode=Async;err=0;reason=none;class=none
EVT-0002483|10.09.2026 12:07:46|IF_SAPFIN_HCMPAY_001|FIN|HCM|ERR|117589|SESS-28BB950470|REQ-02721F1B1C02|dest=HCM;app=Finance;business=Payment Confirmation to Payroll;mw=SFTP;mode=Batch;err=CAP_003;reason=Downstream service is at capacity;class=Capacity
EVT-0002489|11.09.2026 19:36:28|IF_SAPPP_ORSC_001|PP|ORACLE_SCM|OK|1272|SESS-87794D3C93|REQ-A1F382527E2F|dest=ORACLE_SCM;app=Product Planning;business=Production Plan to Supply Plan;mw=Kafka;mode=Async;err=0;reason=none;class=none
EVT-0002494|16.09.2026 04:43:50|IF_SAPQM_MESPE_001|QM|MES|OK|811|SESS-08B7EBE8A0|REQ-2CF1F619793E|dest=MES;app=Quality Management;business=Quality Release to Production;mw=Kafka;mode=Async;err=0;reason=none;class=none
EVT-0002503|12.09.2026 20:47:54|IF_SAPQM_MESPE_001|QM|MES|OK|1079|SESS-97603AB727|REQ-195EC540C63F|dest=MES;app=Quality Management;business=Quality Release to Production;mw=Kafka;mode=Async;err=0;reason=none;class=none
EVT-0002509|13.09.2026 15:20:51|IF_SAPPROC_ORIM_001|PROC|ORACLE_SCM|OK|2102|SESS-7CF0DBB2A0|REQ-CB0681D49112|dest=ORACLE_SCM;app=Procurement;business=Purchase Order to Inventory;mw=REST_API;mode=REST;err=0;reason=none;class=none
EVT-0002511|15.09.2026 21:52:17|IF_SAPPROC_ORIM_001|PROC|ORACLE_SCM|OK|1894|SESS-1AA65DB0EB|REQ-56D3A6471061|dest=ORACLE_SCM;app=Procurement;business=Purchase Order to Inventory;mw=REST_API;mode=REST;err=0;reason=none;class=none
EVT-0002514|16.09.2026 13:08:54|IF_SAPPROC_ORIM_001|PROC|ORACLE_SCM|OK|2742|SESS-799F02CFAC|REQ-9D9F71534748|dest=ORACLE_SCM;app=Procurement;business=Purchase Order to Inventory;mw=REST_API;mode=REST;err=0;reason=none;class=none
EVT-0002517|14.09.2026 04:23:17|IF_SAPQM_MESPE_001|QM|MES|OK|665|SESS-CBE8BFF1C2|REQ-233D90B887D1|dest=MES;app=Quality Management;business=Quality Release to Production;mw=Kafka;mode=Async;err=0;reason=none;class=none
EVT-0002519|10.09.2026 14:02:22|IF_SAPPROC_ORWMS_001|PROC|ORACLE_SCM|OK|15877|SESS-41E978A18D|REQ-B3093C2B45B6|dest=ORACLE_SCM;app=Procurement;business=Purchase Receipt to Warehouse;mw=SFTP;mode=Batch;err=0;reason=none;class=none
EVT-0002524|10.09.2026 08:35:52|IF_SAPPROC_ORIM_001|PROC|ORACLE_SCM|OK|2843|SESS-8F5BE6DB95|REQ-AB8469E81D14|dest=ORACLE_SCM;app=Procurement;business=Purchase Order to Inventory;mw=REST_API;mode=REST;err=0;reason=none;class=none
EVT-0002531|16.09.2026 04:41:15|IF_SAPPP_MESPE_001|PP|MES|OK|1038|SESS-7EEB36E9AC|REQ-E5C585979FC1|dest=MES;app=Product Planning;business=Production Order to Manufacturing;mw=Kafka;mode=Async;err=0;reason=none;class=none
EVT-0002532|14.09.2026 14:10:49|IF_SAPPROC_ORWMS_001|PROC|ORACLE_SCM|OK|11597|SESS-B5840E8C20|REQ-FD3289744FB6|dest=ORACLE_SCM;app=Procurement;business=Purchase Receipt to Warehouse;mw=SFTP;mode=Batch;err=0;reason=none;class=none
EVT-0002536|13.09.2026 20:49:00|IF_SAPFIN_HCMPAY_001|FIN|HCM|RETRY|51668|SESS-ED3936E2D7|REQ-225E18CF7ACE|dest=HCM;app=Finance;business=Payment Confirmation to Payroll;mw=SFTP;mode=Batch;err=AUTH_401;reason=Service credential rejected;class=Authentication
EVT-0002538|14.09.2026 05:20:34|IF_SAPQM_ORWMS_001|QM|ORACLE_SCM|ERR|17037|SESS-E8521C4DA6|REQ-0862A41F04D6|dest=ORACLE_SCM;app=Quality Management;business=Quality Release to Warehouse;mw=Kafka;mode=Async;err=VAL_400;reason=Required business field failed validation;class=Validation
EVT-0002539|11.09.2026 01:28:18|IF_SAPFIN_HCMPAY_001|FIN|HCM|OK|14468|SESS-E376E71CF7|REQ-F5E88824D854|dest=HCM;app=Finance;business=Payment Confirmation to Payroll;mw=SFTP;mode=Batch;err=0;reason=none;class=none
EVT-0002544|12.09.2026 04:11:10|IF_SAPFIN_HCMPAY_001|FIN|HCM|OK|13619|SESS-2576E0CD41|REQ-13964ACAEE9C|dest=HCM;app=Finance;business=Payment Confirmation to Payroll;mw=SFTP;mode=Batch;err=0;reason=none;class=none
EVT-0002563|12.09.2026 14:09:00|IF_SAPPP_MESPE_001|PP|MES|OK|748|SESS-EBFAAE1588|REQ-CF4A36CE89E0|dest=MES;app=Product Planning;business=Production Order to Manufacturing;mw=Kafka;mode=Async;err=0;reason=none;class=none
EVT-0002568|16.09.2026 08:31:37|IF_SAPPP_ORSC_001|PP|ORACLE_SCM|OK|1025|SESS-AC1D082A7D|REQ-FEE9410DCBB2|dest=ORACLE_SCM;app=Product Planning;business=Production Plan to Supply Plan;mw=Kafka;mode=Async;err=0;reason=none;class=none
EVT-0002569|16.09.2026 11:18:47|IF_SAPQM_MESPE_001|QM|MES|OK|687|SESS-994D849317|REQ-0DD89F22BFDA|dest=MES;app=Quality Management;business=Quality Release to Production;mw=Kafka;mode=Async;err=0;reason=none;class=none
EVT-0002571|15.09.2026 20:33:29|IF_SAPQM_ORWMS_001|QM|ORACLE_SCM|ERR|7502|SESS-6D5B0F8391|REQ-8B4070EA3234|dest=ORACLE_SCM;app=Quality Management;business=Quality Release to Warehouse;mw=Kafka;mode=Async;err=TIME_004;reason=Downstream response exceeded SLA;class=Timeout
EVT-0002575|16.09.2026 21:15:53|IF_SAPFIN_HCMPAY_001|FIN|HCM|ERR|28963|SESS-800025AF37|REQ-940DA38FF686|dest=HCM;app=Finance;business=Payment Confirmation to Payroll;mw=SFTP;mode=Batch;err=EXT_502;reason=Downstream service returned 502;class=External Service
EVT-0002580|12.09.2026 18:56:00|IF_SAPFIN_HCMPAY_001|FIN|HCM|OK|11566|SESS-BCBC4DF553|REQ-503673A3A5F2|dest=HCM;app=Finance;business=Payment Confirmation to Payroll;mw=SFTP;mode=Batch;err=0;reason=none;class=none
EVT-0002581|13.09.2026 22:07:45|IF_SAPPROC_ORIM_001|PROC|ORACLE_SCM|OK|1489|SESS-445EDAE8D2|REQ-556335A39440|dest=ORACLE_SCM;app=Procurement;business=Purchase Order to Inventory;mw=REST_API;mode=REST;err=0;reason=none;class=none
EVT-0002582|10.09.2026 09:18:21|IF_SAPPP_ORSC_001|PP|ORACLE_SCM|OK|1454|SESS-763C7218EB|REQ-66B0DF1A7294|dest=ORACLE_SCM;app=Product Planning;business=Production Plan to Supply Plan;mw=Kafka;mode=Async;err=0;reason=none;class=none
EVT-0002586|16.09.2026 23:10:31|IF_SAPPROC_ORIM_001|PROC|ORACLE_SCM|OK|1444|SESS-CCE3A9CB01|REQ-5F938DFBE8E8|dest=ORACLE_SCM;app=Procurement;business=Purchase Order to Inventory;mw=REST_API;mode=REST;err=0;reason=none;class=none
EVT-0002588|16.09.2026 20:18:12|IF_SAPQM_ORWMS_001|QM|ORACLE_SCM|OK|1699|SESS-9AA9E30516|REQ-BB92172A2E47|dest=ORACLE_SCM;app=Quality Management;business=Quality Release to Warehouse;mw=Kafka;mode=Async;err=0;reason=none;class=none
EVT-0002591|16.09.2026 15:00:00|IF_SAPQM_ORWMS_001|QM|ORACLE_SCM|OK|2767|SESS-2C2877BA09|REQ-38520EE013F5|dest=ORACLE_SCM;app=Quality Management;business=Quality Release to Warehouse;mw=Kafka;mode=Async;err=0;reason=none;class=none
EVT-0002593|11.09.2026 01:29:53|IF_SAPPP_MESPE_001|PP|MES|OK|696|SESS-62F2907A78|REQ-1E5CFD42FA13|dest=MES;app=Product Planning;business=Production Order to Manufacturing;mw=Kafka;mode=Async;err=0;reason=none;class=none
EVT-0002595|11.09.2026 19:47:02|IF_SAPFIN_HCMPAY_001|FIN|HCM|RETRY|32413|SESS-6BE0C7D5C3|REQ-15C01C201F85|dest=HCM;app=Finance;business=Payment Confirmation to Payroll;mw=SFTP;mode=Batch;err=INFRA_008;reason=Runtime node unavailable;class=Infrastructure
EVT-0002599|11.09.2026 06:34:32|IF_SAPFIN_HCMPAY_001|FIN|HCM|OK|12271|SESS-D9EA1BEC03|REQ-9AAD0E43C524|dest=HCM;app=Finance;business=Payment Confirmation to Payroll;mw=SFTP;mode=Batch;err=0;reason=none;class=none
EVT-0002614|13.09.2026 10:22:36|IF_SAPQM_MESPE_001|QM|MES|OK|868|SESS-E03EE5C53E|REQ-8DE464A643F0|dest=MES;app=Quality Management;business=Quality Release to Production;mw=Kafka;mode=Async;err=0;reason=none;class=none
EVT-0002615|13.09.2026 02:58:13|IF_SAPPP_ORSC_001|PP|ORACLE_SCM|OK|834|SESS-FDC8F12F38|REQ-38388EAA147B|dest=ORACLE_SCM;app=Product Planning;business=Production Plan to Supply Plan;mw=Kafka;mode=Async;err=0;reason=none;class=none
EVT-0002620|13.09.2026 13:57:06|IF_SAPPP_MESPE_001|PP|MES|OK|985|SESS-D79639FA5A|REQ-98C05DB7AFAE|dest=MES;app=Product Planning;business=Production Order to Manufacturing;mw=Kafka;mode=Async;err=0;reason=none;class=none
EVT-0002628|10.09.2026 09:38:41|IF_SAPPROC_ORIM_001|PROC|ORACLE_SCM|OK|1850|SESS-E6C0FD3C21|REQ-3515EF52E705|dest=ORACLE_SCM;app=Procurement;business=Purchase Order to Inventory;mw=REST_API;mode=REST;err=0;reason=none;class=none
EVT-0002629|10.09.2026 22:37:01|IF_SAPQM_MESPE_001|QM|MES|RETRY|2717|SESS-8FDBBB700E|REQ-3500D91B2F7A|dest=MES;app=Quality Management;business=Quality Release to Production;mw=Kafka;mode=Async;err=INFRA_008;reason=Runtime node unavailable;class=Infrastructure
EVT-0002635|15.09.2026 20:32:39|IF_SAPPP_ORSC_001|PP|ORACLE_SCM|OK|1810|SESS-4B89EBF0A8|REQ-E9BE6AC1BC5E|dest=ORACLE_SCM;app=Product Planning;business=Production Plan to Supply Plan;mw=Kafka;mode=Async;err=0;reason=none;class=none
EVT-0002639|14.09.2026 01:30:30|IF_SAPQM_MESPE_001|QM|MES|OK|1130|SESS-97D3CFB13C|REQ-78BB30ABC72C|dest=MES;app=Quality Management;business=Quality Release to Production;mw=Kafka;mode=Async;err=0;reason=none;class=none
EVT-0002641|16.09.2026 02:41:23|IF_SAPFIN_HCMPAY_001|FIN|HCM|ERR|20002|SESS-910BE2588E|REQ-5E371211BD43|dest=HCM;app=Finance;business=Payment Confirmation to Payroll;mw=SFTP;mode=Batch;err=CFG_017;reason=Interface configuration mismatch;class=Configuration
EVT-0002645|13.09.2026 12:56:50|IF_SAPPP_ORSC_001|PP|ORACLE_SCM|OK|1189|SESS-1C49AB4967|REQ-74C7FFC37425|dest=ORACLE_SCM;app=Product Planning;business=Production Plan to Supply Plan;mw=Kafka;mode=Async;err=0;reason=none;class=none
EVT-0002650|13.09.2026 00:25:43|IF_SAPPROC_ORIM_001|PROC|ORACLE_SCM|OK|2107|SESS-0003D948BA|REQ-2F1084077606|dest=ORACLE_SCM;app=Procurement;business=Purchase Order to Inventory;mw=REST_API;mode=REST;err=0;reason=none;class=none
EVT-0002653|16.09.2026 04:29:04|IF_SAPFIN_HCMPAY_001|FIN|HCM|OK|14870|SESS-ECAAF6597E|REQ-747F9A3960B8|dest=HCM;app=Finance;business=Payment Confirmation to Payroll;mw=SFTP;mode=Batch;err=0;reason=none;class=none
EVT-0002655|15.09.2026 03:37:00|IF_SAPFIN_HCMPAY_001|FIN|HCM|OK|13758|SESS-808FB78049|REQ-CBBA9E1F7171|dest=HCM;app=Finance;business=Payment Confirmation to Payroll;mw=SFTP;mode=Batch;err=0;reason=none;class=none
EVT-0002659|11.09.2026 13:21:10|IF_SAPPROC_ORIM_001|PROC|ORACLE_SCM|OK|1753|SESS-57A8E706F5|REQ-F04676076657|dest=ORACLE_SCM;app=Procurement;business=Purchase Order to Inventory;mw=REST_API;mode=REST;err=0;reason=none;class=none
EVT-0002661|11.09.2026 02:12:13|IF_SAPQM_MESPE_001|QM|MES|OK|988|SESS-A4DB5FBEBC|REQ-BFBF100DB756|dest=MES;app=Quality Management;business=Quality Release to Production;mw=Kafka;mode=Async;err=0;reason=none;class=none
EVT-0002662|11.09.2026 12:31:56|IF_SAPPP_MESPE_001|PP|MES|RETRY|1524|SESS-59BAAE5086|REQ-A5421CD7C42A|dest=MES;app=Product Planning;business=Production Order to Manufacturing;mw=Kafka;mode=Async;err=CAP_003;reason=Downstream service is at capacity;class=Capacity
EVT-0002668|11.09.2026 08:20:28|IF_SAPFIN_HCMPAY_001|FIN|HCM|OK|12791|SESS-409744E280|REQ-A680A0BA0353|dest=HCM;app=Finance;business=Payment Confirmation to Payroll;mw=SFTP;mode=Batch;err=0;reason=none;class=none
EVT-0002672|13.09.2026 06:57:47|IF_SAPQM_MESPE_001|QM|MES|OK|924|SESS-8AC3B1E0E7|REQ-46E3B17177FF|dest=MES;app=Quality Management;business=Quality Release to Production;mw=Kafka;mode=Async;err=0;reason=none;class=none
EVT-0002676|16.09.2026 14:22:35|IF_SAPQM_MESPE_001|QM|MES|OK|1050|SESS-03B0EB46CF|REQ-716CE4462BAC|dest=MES;app=Quality Management;business=Quality Release to Production;mw=Kafka;mode=Async;err=0;reason=none;class=none
EVT-0002680|11.09.2026 04:06:47|IF_SAPFIN_HCMPAY_001|FIN|HCM|ERR|40343|SESS-128714DC16|REQ-5EFA9BF5FF39|dest=HCM;app=Finance;business=Payment Confirmation to Payroll;mw=SFTP;mode=Batch;err=INFRA_008;reason=Runtime node unavailable;class=Infrastructure
EVT-0002689|12.09.2026 07:29:12|IF_SAPQM_ORWMS_001|QM|ORACLE_SCM|OK|2574|SESS-24CE2D14AA|REQ-59801DB7DBF8|dest=ORACLE_SCM;app=Quality Management;business=Quality Release to Warehouse;mw=Kafka;mode=Async;err=0;reason=none;class=none
EVT-0002690|10.09.2026 16:25:38|IF_SAPQM_MESPE_001|QM|MES|OK|1240|SESS-BBCFEAB79F|REQ-AE3D265BBFDB|dest=MES;app=Quality Management;business=Quality Release to Production;mw=Kafka;mode=Async;err=0;reason=none;class=none
EVT-0002692|13.09.2026 06:35:48|IF_SAPPP_MESPE_001|PP|MES|OK|1011|SESS-60921536DD|REQ-CEB2CA870985|dest=MES;app=Product Planning;business=Production Order to Manufacturing;mw=Kafka;mode=Async;err=0;reason=none;class=none
EVT-0002693|12.09.2026 18:37:50|IF_SAPPROC_ORIM_001|PROC|ORACLE_SCM|OK|2873|SESS-2B4AC9E01E|REQ-CDADEDCE2394|dest=ORACLE_SCM;app=Procurement;business=Purchase Order to Inventory;mw=REST_API;mode=REST;err=0;reason=none;class=none
EVT-0002698|15.09.2026 09:16:07|IF_SAPPP_MESPE_001|PP|MES|OK|1044|SESS-59A413DAC7|REQ-851714DF6070|dest=MES;app=Product Planning;business=Production Order to Manufacturing;mw=Kafka;mode=Async;err=0;reason=none;class=none
EVT-0002700|11.09.2026 17:22:55|IF_SAPPROC_ORWMS_001|PROC|ORACLE_SCM|OK|12593|SESS-6B181A6FC9|REQ-D72E30C19ACE|dest=ORACLE_SCM;app=Procurement;business=Purchase Receipt to Warehouse;mw=SFTP;mode=Batch;err=0;reason=none;class=none
EVT-0002701|12.09.2026 10:43:04|IF_SAPQM_ORWMS_001|QM|ORACLE_SCM|OK|2608|SESS-11D88C9E8E|REQ-A657AD297291|dest=ORACLE_SCM;app=Quality Management;business=Quality Release to Warehouse;mw=Kafka;mode=Async;err=0;reason=none;class=none
EVT-0002702|11.09.2026 21:40:23|IF_SAPPROC_ORWMS_001|PROC|ORACLE_SCM|OK|14483|SESS-648C75A99E|REQ-3CE4CBF74263|dest=ORACLE_SCM;app=Procurement;business=Purchase Receipt to Warehouse;mw=SFTP;mode=Batch;err=0;reason=none;class=none
EVT-0002708|11.09.2026 08:25:35|IF_SAPPP_MESPE_001|PP|MES|OK|640|SESS-26BF2132F0|REQ-A786425C13FB|dest=MES;app=Product Planning;business=Production Order to Manufacturing;mw=Kafka;mode=Async;err=0;reason=none;class=none
EVT-0002709|15.09.2026 13:06:27|IF_SAPPP_ORSC_001|PP|ORACLE_SCM|ERR|7173|SESS-2EA0C9C7A8|REQ-0BA5627919CB|dest=ORACLE_SCM;app=Product Planning;business=Production Plan to Supply Plan;mw=Kafka;mode=Async;err=NET_CONN_003;reason=Connection reset by peer;class=Network
EVT-0002711|12.09.2026 14:42:48|IF_SAPPP_ORSC_001|PP|ORACLE_SCM|OK|1359|SESS-13C1081DA8|REQ-ED4CB8BC4C23|dest=ORACLE_SCM;app=Product Planning;business=Production Plan to Supply Plan;mw=Kafka;mode=Async;err=0;reason=none;class=none
EVT-0002720|15.09.2026 20:07:24|IF_SAPQM_MESPE_001|QM|MES|OK|1046|SESS-CB4BD015BA|REQ-700E8C2C294E|dest=MES;app=Quality Management;business=Quality Release to Production;mw=Kafka;mode=Async;err=0;reason=none;class=none
EVT-0002723|10.09.2026 04:51:30|IF_SAPPROC_ORIM_001|PROC|ORACLE_SCM|RETRY|6455|SESS-E5A78EBF8A|REQ-E7380844A42D|dest=ORACLE_SCM;app=Procurement;business=Purchase Order to Inventory;mw=REST_API;mode=REST;err=INFRA_008;reason=Runtime node unavailable;class=Infrastructure
EVT-0002728|10.09.2026 00:24:14|IF_SAPQM_MESPE_001|QM|MES|OK|910|SESS-A962DC26A2|REQ-F988DBB42C43|dest=MES;app=Quality Management;business=Quality Release to Production;mw=Kafka;mode=Async;err=0;reason=none;class=none
EVT-0002731|10.09.2026 07:28:58|IF_SAPPP_MESPE_001|PP|MES|OK|900|SESS-9B102F36A2|REQ-13F9A0C0843C|dest=MES;app=Product Planning;business=Production Order to Manufacturing;mw=Kafka;mode=Async;err=0;reason=none;class=none
EVT-0002733|15.09.2026 22:18:43|IF_SAPPROC_ORIM_001|PROC|ORACLE_SCM|OK|2575|SESS-A29DE3B334|REQ-D4EF0BC6829B|dest=ORACLE_SCM;app=Procurement;business=Purchase Order to Inventory;mw=REST_API;mode=REST;err=0;reason=none;class=none
EVT-0002734|15.09.2026 20:01:07|IF_SAPQM_MESPE_001|QM|MES|OK|880|SESS-4CE81C53BB|REQ-F72D2765E914|dest=MES;app=Quality Management;business=Quality Release to Production;mw=Kafka;mode=Async;err=0;reason=none;class=none
EVT-0002742|11.09.2026 08:41:48|IF_SAPQM_ORWMS_001|QM|ORACLE_SCM|OK|1754|SESS-A6E2662CD1|REQ-7F227617A0A7|dest=ORACLE_SCM;app=Quality Management;business=Quality Release to Warehouse;mw=Kafka;mode=Async;err=0;reason=none;class=none
EVT-0002745|10.09.2026 12:30:41|IF_SAPFIN_HCMPAY_001|FIN|HCM|ERR|58231|SESS-5CC5C7F76B|REQ-C2636342C4DE|dest=HCM;app=Finance;business=Payment Confirmation to Payroll;mw=SFTP;mode=Batch;err=VAL_400;reason=Required business field failed validation;class=Validation
EVT-0002747|15.09.2026 12:52:09|IF_SAPPP_ORSC_001|PP|ORACLE_SCM|RETRY|4777|SESS-9F89684C75|REQ-06FBD2B58E95|dest=ORACLE_SCM;app=Product Planning;business=Production Plan to Supply Plan;mw=Kafka;mode=Async;err=AUTH_401;reason=Service credential rejected;class=Authentication
EVT-0002748|16.09.2026 16:01:08|IF_SAPQM_MESPE_001|QM|MES|OK|1028|SESS-E87CAFAE10|REQ-7BDE2AB3108D|dest=MES;app=Quality Management;business=Quality Release to Production;mw=Kafka;mode=Async;err=0;reason=none;class=none
EVT-0002753|14.09.2026 11:31:43|IF_SAPPROC_ORWMS_001|PROC|ORACLE_SCM|OK|9894|SESS-9A6C006721|REQ-120497193DC2|dest=ORACLE_SCM;app=Procurement;business=Purchase Receipt to Warehouse;mw=SFTP;mode=Batch;err=0;reason=none;class=none
EVT-0002758|14.09.2026 15:01:23|IF_SAPPP_MESPE_001|PP|MES|OK|1193|SESS-6D0AB4F732|REQ-2291B4F1218D|dest=MES;app=Product Planning;business=Production Order to Manufacturing;mw=Kafka;mode=Async;err=0;reason=none;class=none
EVT-0002760|16.09.2026 00:48:26|IF_SAPPP_MESPE_001|PP|MES|RETRY|1485|SESS-EF35E04F81|REQ-D15D896C5EB3|dest=MES;app=Product Planning;business=Production Order to Manufacturing;mw=Kafka;mode=Async;err=TIME_004;reason=Downstream response exceeded SLA;class=Timeout
EVT-0002764|14.09.2026 13:19:12|IF_SAPFIN_HCMPAY_001|FIN|HCM|RETRY|44387|SESS-4433AA6773|REQ-5B4DA2AAA83D|dest=HCM;app=Finance;business=Payment Confirmation to Payroll;mw=SFTP;mode=Batch;err=CFG_017;reason=Interface configuration mismatch;class=Configuration
EVT-0002771|16.09.2026 06:26:32|IF_SAPQM_ORWMS_001|QM|ORACLE_SCM|OK|2076|SESS-F524EEB98A|REQ-B3F850186D1E|dest=ORACLE_SCM;app=Quality Management;business=Quality Release to Warehouse;mw=Kafka;mode=Async;err=0;reason=none;class=none
EVT-0002773|11.09.2026 03:37:52|IF_SAPQM_ORWMS_001|QM|ORACLE_SCM|OK|2741|SESS-A5CB1E3101|REQ-70075AFA6898|dest=ORACLE_SCM;app=Quality Management;business=Quality Release to Warehouse;mw=Kafka;mode=Async;err=0;reason=none;class=none
EVT-0002775|13.09.2026 09:07:19|IF_SAPPP_ORSC_001|PP|ORACLE_SCM|OK|1245|SESS-9922A385D1|REQ-73698417762D|dest=ORACLE_SCM;app=Product Planning;business=Production Plan to Supply Plan;mw=Kafka;mode=Async;err=0;reason=none;class=none
EVT-0002788|10.09.2026 00:50:05|IF_SAPPROC_ORWMS_001|PROC|ORACLE_SCM|ERR|53469|SESS-6FEDE15F11|REQ-C4D429741F59|dest=ORACLE_SCM;app=Procurement;business=Purchase Receipt to Warehouse;mw=SFTP;mode=Batch;err=VAL_400;reason=Required business field failed validation;class=Validation
EVT-0002792|15.09.2026 21:28:29|IF_SAPPP_MESPE_001|PP|MES|OK|740|SESS-11EB039D6C|REQ-A67B1B310CD4|dest=MES;app=Product Planning;business=Production Order to Manufacturing;mw=Kafka;mode=Async;err=0;reason=none;class=none
EVT-0002797|12.09.2026 05:59:55|IF_SAPQM_ORWMS_001|QM|ORACLE_SCM|OK|1656|SESS-20EF018CEC|REQ-A0819A24AABE|dest=ORACLE_SCM;app=Quality Management;business=Quality Release to Warehouse;mw=Kafka;mode=Async;err=0;reason=none;class=none
EVT-0002798|12.09.2026 02:29:38|IF_SAPPROC_ORIM_001|PROC|ORACLE_SCM|OK|1217|SESS-FE5250AE05|REQ-A142D27CA254|dest=ORACLE_SCM;app=Procurement;business=Purchase Order to Inventory;mw=REST_API;mode=REST;err=0;reason=none;class=none
EVT-0002800|10.09.2026 22:28:41|IF_SAPQM_MESPE_001|QM|MES|OK|576|SESS-6EB4BA15F0|REQ-8EBC0610B8A3|dest=MES;app=Quality Management;business=Quality Release to Production;mw=Kafka;mode=Async;err=0;reason=none;class=none
EVT-0002802|15.09.2026 07:38:49|IF_SAPPP_ORSC_001|PP|ORACLE_SCM|OK|1232|SESS-1D8D548907|REQ-637AAC0425CB|dest=ORACLE_SCM;app=Product Planning;business=Production Plan to Supply Plan;mw=Kafka;mode=Async;err=0;reason=none;class=none
EVT-0002808|15.09.2026 05:54:05|IF_SAPPP_ORSC_001|PP|ORACLE_SCM|OK|2010|SESS-EC83FA304A|REQ-7ED90312A885|dest=ORACLE_SCM;app=Product Planning;business=Production Plan to Supply Plan;mw=Kafka;mode=Async;err=0;reason=none;class=none
EVT-0002814|10.09.2026 08:43:50|IF_SAPQM_ORWMS_001|QM|ORACLE_SCM|OK|2455|SESS-9D52339E0C|REQ-41ACA6E20A8E|dest=ORACLE_SCM;app=Quality Management;business=Quality Release to Warehouse;mw=Kafka;mode=Async;err=0;reason=none;class=none
EVT-0002815|11.09.2026 13:15:03|IF_SAPQM_MESPE_001|QM|MES|OK|827|SESS-A8FD60F582|REQ-6EC7D71346A1|dest=MES;app=Quality Management;business=Quality Release to Production;mw=Kafka;mode=Async;err=0;reason=none;class=none
EVT-0002823|10.09.2026 16:09:28|IF_SAPPROC_ORIM_001|PROC|ORACLE_SCM|OK|2421|SESS-2E98D68B81|REQ-DBB901DA193A|dest=ORACLE_SCM;app=Procurement;business=Purchase Order to Inventory;mw=REST_API;mode=REST;err=0;reason=none;class=none
EVT-0002824|13.09.2026 14:25:57|IF_SAPQM_ORWMS_001|QM|ORACLE_SCM|OK|2027|SESS-86EA7BCA8F|REQ-66252A50A5B3|dest=ORACLE_SCM;app=Quality Management;business=Quality Release to Warehouse;mw=Kafka;mode=Async;err=0;reason=none;class=none
EVT-0002826|13.09.2026 06:08:37|IF_SAPPROC_ORWMS_001|PROC|ORACLE_SCM|OK|14126|SESS-9FDE42C0F1|REQ-FB92C63117FA|dest=ORACLE_SCM;app=Procurement;business=Purchase Receipt to Warehouse;mw=SFTP;mode=Batch;err=0;reason=none;class=none
EVT-0002829|11.09.2026 20:32:13|IF_SAPQM_MESPE_001|QM|MES|RETRY|3456|SESS-29534843ED|REQ-EE50FAA962B4|dest=MES;app=Quality Management;business=Quality Release to Production;mw=Kafka;mode=Async;err=CAP_003;reason=Downstream service is at capacity;class=Capacity
EVT-0002836|11.09.2026 01:13:46|IF_SAPQM_MESPE_001|QM|MES|OK|1020|SESS-0F23F67601|REQ-7076810F8D5C|dest=MES;app=Quality Management;business=Quality Release to Production;mw=Kafka;mode=Async;err=0;reason=none;class=none
EVT-0002838|10.09.2026 03:04:40|IF_SAPQM_MESPE_001|QM|MES|ERR|7043|SESS-15E38B0147|REQ-212B58259386|dest=MES;app=Quality Management;business=Quality Release to Production;mw=Kafka;mode=Async;err=INFRA_008;reason=Runtime node unavailable;class=Infrastructure
EVT-0002841|15.09.2026 12:16:40|IF_SAPQM_MESPE_001|QM|MES|OK|1052|SESS-94D5935719|REQ-AB9E5E5ADC86|dest=MES;app=Quality Management;business=Quality Release to Production;mw=Kafka;mode=Async;err=0;reason=none;class=none
EVT-0002843|10.09.2026 20:28:26|IF_SAPPROC_ORWMS_001|PROC|ORACLE_SCM|OK|14992|SESS-230B2E82C1|REQ-1710BC473F08|dest=ORACLE_SCM;app=Procurement;business=Purchase Receipt to Warehouse;mw=SFTP;mode=Batch;err=0;reason=none;class=none
EVT-0002845|10.09.2026 11:37:25|IF_SAPQM_MESPE_001|QM|MES|OK|1097|SESS-5C170998E9|REQ-6DFD84163BBC|dest=MES;app=Quality Management;business=Quality Release to Production;mw=Kafka;mode=Async;err=0;reason=none;class=none
EVT-0002847|16.09.2026 07:51:36|IF_SAPPP_ORSC_001|PP|ORACLE_SCM|OK|1439|SESS-5F01254D32|REQ-CDFC747022DA|dest=ORACLE_SCM;app=Product Planning;business=Production Plan to Supply Plan;mw=Kafka;mode=Async;err=0;reason=none;class=none
EVT-0002848|14.09.2026 18:33:47|IF_SAPPP_ORSC_001|PP|ORACLE_SCM|OK|822|SESS-27C966BCC0|REQ-C0324B8FE8A0|dest=ORACLE_SCM;app=Product Planning;business=Production Plan to Supply Plan;mw=Kafka;mode=Async;err=0;reason=none;class=none
EVT-0002851|14.09.2026 05:27:46|IF_SAPPP_MESPE_001|PP|MES|OK|871|SESS-29C4B01DA4|REQ-B5A4A427F0D2|dest=MES;app=Product Planning;business=Production Order to Manufacturing;mw=Kafka;mode=Async;err=0;reason=none;class=none
EVT-0002858|13.09.2026 03:40:07|IF_SAPQM_MESPE_001|QM|MES|OK|990|SESS-664451FD55|REQ-5A74552828C3|dest=MES;app=Quality Management;business=Quality Release to Production;mw=Kafka;mode=Async;err=0;reason=none;class=none
EVT-0002865|16.09.2026 11:12:50|IF_SAPPROC_ORWMS_001|PROC|ORACLE_SCM|ERR|89502|SESS-2599D8D5A5|REQ-3DAEBAABA6D7|dest=ORACLE_SCM;app=Procurement;business=Purchase Receipt to Warehouse;mw=SFTP;mode=Batch;err=CFG_017;reason=Interface configuration mismatch;class=Configuration
EVT-0002866|11.09.2026 13:28:53|IF_SAPPROC_ORIM_001|PROC|ORACLE_SCM|OK|1664|SESS-5DE27963AD|REQ-59D63895114C|dest=ORACLE_SCM;app=Procurement;business=Purchase Order to Inventory;mw=REST_API;mode=REST;err=0;reason=none;class=none
EVT-0002867|14.09.2026 10:22:23|IF_SAPQM_ORWMS_001|QM|ORACLE_SCM|OK|1539|SESS-DBD4BA6962|REQ-0DFF872E1F05|dest=ORACLE_SCM;app=Quality Management;business=Quality Release to Warehouse;mw=Kafka;mode=Async;err=0;reason=none;class=none
EVT-0002874|15.09.2026 08:18:56|IF_SAPPP_MESPE_001|PP|MES|OK|1048|SESS-DE4FA195B7|REQ-6960A252E7E1|dest=MES;app=Product Planning;business=Production Order to Manufacturing;mw=Kafka;mode=Async;err=0;reason=none;class=none
EVT-0002883|10.09.2026 07:49:33|IF_SAPFIN_HCMPAY_001|FIN|HCM|OK|11506|SESS-5AEC77DB6D|REQ-A038283CB250|dest=HCM;app=Finance;business=Payment Confirmation to Payroll;mw=SFTP;mode=Batch;err=0;reason=none;class=none
EVT-0002889|12.09.2026 21:11:41|IF_SAPPROC_ORIM_001|PROC|ORACLE_SCM|OK|2023|SESS-B436CCED5E|REQ-95778D71A9CA|dest=ORACLE_SCM;app=Procurement;business=Purchase Order to Inventory;mw=REST_API;mode=REST;err=0;reason=none;class=none
EVT-0002900|15.09.2026 11:24:27|IF_SAPPP_ORSC_001|PP|ORACLE_SCM|OK|1160|SESS-71E5DBBCDF|REQ-7EB3CF55F0D7|dest=ORACLE_SCM;app=Product Planning;business=Production Plan to Supply Plan;mw=Kafka;mode=Async;err=0;reason=none;class=none
EVT-0002903|13.09.2026 08:25:24|IF_SAPPP_ORSC_001|PP|ORACLE_SCM|ERR|11172|SESS-8882DD702A|REQ-70928EFE775C|dest=ORACLE_SCM;app=Product Planning;business=Production Plan to Supply Plan;mw=Kafka;mode=Async;err=AUTHZ_403;reason=Caller is not authorized;class=Authorization
EVT-0002905|15.09.2026 21:54:04|IF_SAPPROC_ORWMS_001|PROC|ORACLE_SCM|OK|18840|SESS-F3E4C0559D|REQ-CA9B911BF548|dest=ORACLE_SCM;app=Procurement;business=Purchase Receipt to Warehouse;mw=SFTP;mode=Batch;err=0;reason=none;class=none
EVT-0002911|12.09.2026 20:11:36|IF_SAPFIN_HCMPAY_001|FIN|HCM|OK|14806|SESS-0D4ED477C7|REQ-43D21E8C0490|dest=HCM;app=Finance;business=Payment Confirmation to Payroll;mw=SFTP;mode=Batch;err=0;reason=none;class=none
EVT-0002912|12.09.2026 00:32:04|IF_SAPPP_MESPE_001|PP|MES|OK|777|SESS-29D26B5689|REQ-3800B7F5B32A|dest=MES;app=Product Planning;business=Production Order to Manufacturing;mw=Kafka;mode=Async;err=0;reason=none;class=none
EVT-0002924|13.09.2026 05:24:03|IF_SAPPP_MESPE_001|PP|MES|OK|630|SESS-D19A906AF0|REQ-88A7139C0748|dest=MES;app=Product Planning;business=Production Order to Manufacturing;mw=Kafka;mode=Async;err=0;reason=none;class=none
EVT-0002926|11.09.2026 16:35:08|IF_SAPPROC_ORWMS_001|PROC|ORACLE_SCM|RETRY|28886|SESS-2CF22F1042|REQ-F5D179F19AC9|dest=ORACLE_SCM;app=Procurement;business=Purchase Receipt to Warehouse;mw=SFTP;mode=Batch;err=CFG_017;reason=Interface configuration mismatch;class=Configuration
EVT-0002927|15.09.2026 17:34:03|IF_SAPQM_ORWMS_001|QM|ORACLE_SCM|OK|2532|SESS-C3B5F42B4E|REQ-F6B8CDD5F2C0|dest=ORACLE_SCM;app=Quality Management;business=Quality Release to Warehouse;mw=Kafka;mode=Async;err=0;reason=none;class=none
EVT-0002932|10.09.2026 19:27:32|IF_SAPPROC_ORWMS_001|PROC|ORACLE_SCM|OK|12972|SESS-D013CD62CF|REQ-04A669C59CF1|dest=ORACLE_SCM;app=Procurement;business=Purchase Receipt to Warehouse;mw=SFTP;mode=Batch;err=0;reason=none;class=none
EVT-0002934|16.09.2026 18:38:28|IF_SAPPROC_ORWMS_001|PROC|ORACLE_SCM|OK|19913|SESS-45D133ADEE|REQ-168669094731|dest=ORACLE_SCM;app=Procurement;business=Purchase Receipt to Warehouse;mw=SFTP;mode=Batch;err=0;reason=none;class=none
EVT-0002940|10.09.2026 15:56:58|IF_SAPQM_ORWMS_001|QM|ORACLE_SCM|OK|1791|SESS-FB183DC88E|REQ-C1CE03A35488|dest=ORACLE_SCM;app=Quality Management;business=Quality Release to Warehouse;mw=Kafka;mode=Async;err=0;reason=none;class=none
EVT-0002946|16.09.2026 20:56:23|IF_SAPPROC_ORIM_001|PROC|ORACLE_SCM|OK|1745|SESS-0D33636D7A|REQ-5961C34B6D73|dest=ORACLE_SCM;app=Procurement;business=Purchase Order to Inventory;mw=REST_API;mode=REST;err=0;reason=none;class=none
EVT-0002951|13.09.2026 07:52:21|IF_SAPPROC_ORIM_001|PROC|ORACLE_SCM|OK|2556|SESS-7C02512339|REQ-0A5A0A75F243|dest=ORACLE_SCM;app=Procurement;business=Purchase Order to Inventory;mw=REST_API;mode=REST;err=0;reason=none;class=none
EVT-0002953|10.09.2026 14:06:54|IF_SAPQM_MESPE_001|QM|MES|OK|804|SESS-C3AD42C72B|REQ-1F9146ED88F9|dest=MES;app=Quality Management;business=Quality Release to Production;mw=Kafka;mode=Async;err=0;reason=none;class=none
EVT-0002957|12.09.2026 03:41:33|IF_SAPPROC_ORIM_001|PROC|ORACLE_SCM|RETRY|7535|SESS-7EB5056C84|REQ-1D7950A02427|dest=ORACLE_SCM;app=Procurement;business=Purchase Order to Inventory;mw=REST_API;mode=REST;err=VAL_400;reason=Required business field failed validation;class=Validation
EVT-0002961|16.09.2026 03:28:38|IF_SAPPP_ORSC_001|PP|ORACLE_SCM|OK|1517|SESS-22F7BEAF0F|REQ-A7BDD2451188|dest=ORACLE_SCM;app=Product Planning;business=Production Plan to Supply Plan;mw=Kafka;mode=Async;err=0;reason=none;class=none
EVT-0002962|11.09.2026 21:33:38|IF_SAPPP_ORSC_001|PP|ORACLE_SCM|OK|1932|SESS-03674A84FF|REQ-D7AFF095ABE5|dest=ORACLE_SCM;app=Product Planning;business=Production Plan to Supply Plan;mw=Kafka;mode=Async;err=0;reason=none;class=none
EVT-0002963|15.09.2026 00:02:20|IF_SAPQM_MESPE_001|QM|MES|OK|1172|SESS-2A2EF8BC4E|REQ-4D3CAFB8E017|dest=MES;app=Quality Management;business=Quality Release to Production;mw=Kafka;mode=Async;err=0;reason=none;class=none
EVT-0002964|14.09.2026 19:16:55|IF_SAPPROC_ORIM_001|PROC|ORACLE_SCM|OK|2113|SESS-4A5221013D|REQ-0951A011C180|dest=ORACLE_SCM;app=Procurement;business=Purchase Order to Inventory;mw=REST_API;mode=REST;err=0;reason=none;class=none
EVT-0002966|15.09.2026 22:13:18|IF_SAPPP_ORSC_001|PP|ORACLE_SCM|OK|1061|SESS-32A8795272|REQ-1847FE38769C|dest=ORACLE_SCM;app=Product Planning;business=Production Plan to Supply Plan;mw=Kafka;mode=Async;err=0;reason=none;class=none
EVT-0002967|10.09.2026 22:56:48|IF_SAPPP_ORSC_001|PP|ORACLE_SCM|OK|1556|SESS-5056037E2E|REQ-737227ABA24D|dest=ORACLE_SCM;app=Product Planning;business=Production Plan to Supply Plan;mw=Kafka;mode=Async;err=0;reason=none;class=none
EVT-0002972|16.09.2026 03:55:18|IF_SAPPROC_ORWMS_001|PROC|ORACLE_SCM|RETRY|35250|SESS-EE39CE4125|REQ-F3825483594A|dest=ORACLE_SCM;app=Procurement;business=Purchase Receipt to Warehouse;mw=SFTP;mode=Batch;err=NET_CONN_003;reason=Connection reset by peer;class=Network
EVT-0002980|13.09.2026 21:37:32|IF_SAPFIN_HCMPAY_001|FIN|HCM|OK|15682|SESS-60EC458BCC|REQ-A9E811024481|dest=HCM;app=Finance;business=Payment Confirmation to Payroll;mw=SFTP;mode=Batch;err=0;reason=none;class=none
EVT-0002981|16.09.2026 21:48:02|IF_SAPPROC_ORIM_001|PROC|ORACLE_SCM|OK|1423|SESS-1F657C69EB|REQ-36CF9605D3E5|dest=ORACLE_SCM;app=Procurement;business=Purchase Order to Inventory;mw=REST_API;mode=REST;err=0;reason=none;class=none
EVT-0002985|14.09.2026 03:18:50|IF_SAPPP_ORSC_001|PP|ORACLE_SCM|OK|1234|SESS-33B1E969BF|REQ-3E2D0CA667E5|dest=ORACLE_SCM;app=Product Planning;business=Production Plan to Supply Plan;mw=Kafka;mode=Async;err=0;reason=none;class=none
EVT-0002991|13.09.2026 15:14:21|IF_SAPPROC_ORWMS_001|PROC|ORACLE_SCM|OK|17446|SESS-8616E9A998|REQ-FEAEF2F49A29|dest=ORACLE_SCM;app=Procurement;business=Purchase Receipt to Warehouse;mw=SFTP;mode=Batch;err=0;reason=none;class=none
EVT-0002998|16.09.2026 09:17:23|IF_SAPFIN_HCMPAY_001|FIN|HCM|OK|16902|SESS-D08B1E013F|REQ-6FBA57BAF604|dest=HCM;app=Finance;business=Payment Confirmation to Payroll;mw=SFTP;mode=Batch;err=0;reason=none;class=none
EVT-0003010|11.09.2026 16:40:49|IF_SAPPROC_ORWMS_001|PROC|ORACLE_SCM|RETRY|44368|SESS-FFB5A3993F|REQ-F74F6863389E|dest=ORACLE_SCM;app=Procurement;business=Purchase Receipt to Warehouse;mw=SFTP;mode=Batch;err=AUTHZ_403;reason=Caller is not authorized;class=Authorization
EVT-0003016|15.09.2026 01:02:58|IF_SAPQM_ORWMS_001|QM|ORACLE_SCM|OK|3540|SESS-47A464A1BD|REQ-137CE2799B9A|dest=ORACLE_SCM;app=Quality Management;business=Quality Release to Warehouse;mw=Kafka;mode=Async;err=0;reason=none;class=none
EVT-0003022|16.09.2026 01:53:34|IF_SAPPP_MESPE_001|PP|MES|RETRY|3056|SESS-600CB290BC|REQ-1855C2BA7BC2|dest=MES;app=Product Planning;business=Production Order to Manufacturing;mw=Kafka;mode=Async;err=CAP_003;reason=Downstream service is at capacity;class=Capacity
EVT-0003024|11.09.2026 06:35:53|IF_SAPQM_ORWMS_001|QM|ORACLE_SCM|OK|3547|SESS-68972E00A7|REQ-B470731E8FD1|dest=ORACLE_SCM;app=Quality Management;business=Quality Release to Warehouse;mw=Kafka;mode=Async;err=0;reason=none;class=none
EVT-0003028|11.09.2026 22:06:59|IF_SAPQM_ORWMS_001|QM|ORACLE_SCM|RETRY|3657|SESS-AC48175F11|REQ-191FD57FBC6B|dest=ORACLE_SCM;app=Quality Management;business=Quality Release to Warehouse;mw=Kafka;mode=Async;err=AUTH_401;reason=Service credential rejected;class=Authentication
EVT-0003032|11.09.2026 13:40:46|IF_SAPPROC_ORWMS_001|PROC|ORACLE_SCM|OK|10332|SESS-12BE357D8A|REQ-A47A1D2F288E|dest=ORACLE_SCM;app=Procurement;business=Purchase Receipt to Warehouse;mw=SFTP;mode=Batch;err=0;reason=none;class=none
EVT-0003041|13.09.2026 04:49:58|IF_SAPFIN_HCMPAY_001|FIN|HCM|OK|11092|SESS-BB46033D92|REQ-6787239E914E|dest=HCM;app=Finance;business=Payment Confirmation to Payroll;mw=SFTP;mode=Batch;err=0;reason=none;class=none
EVT-0003042|10.09.2026 05:40:05|IF_SAPPROC_ORIM_001|PROC|ORACLE_SCM|OK|1605|SESS-EFECF61217|REQ-0C2161749BE1|dest=ORACLE_SCM;app=Procurement;business=Purchase Order to Inventory;mw=REST_API;mode=REST;err=0;reason=none;class=none
EVT-0003044|16.09.2026 12:18:53|IF_SAPPROC_ORIM_001|PROC|ORACLE_SCM|OK|3336|SESS-9A6F06B217|REQ-394C38407B20|dest=ORACLE_SCM;app=Procurement;business=Purchase Order to Inventory;mw=REST_API;mode=REST;err=0;reason=none;class=none
EVT-0003046|16.09.2026 17:22:32|IF_SAPPROC_ORWMS_001|PROC|ORACLE_SCM|OK|15088|SESS-6489CEFAC0|REQ-041B3223980C|dest=ORACLE_SCM;app=Procurement;business=Purchase Receipt to Warehouse;mw=SFTP;mode=Batch;err=0;reason=none;class=none
EVT-0003050|15.09.2026 22:31:36|IF_SAPQM_MESPE_001|QM|MES|OK|981|SESS-88C4F9219D|REQ-92F0D790BA37|dest=MES;app=Quality Management;business=Quality Release to Production;mw=Kafka;mode=Async;err=0;reason=none;class=none
EVT-0003051|13.09.2026 10:26:28|IF_SAPQM_ORWMS_001|QM|ORACLE_SCM|ERR|18014|SESS-C8E7859A30|REQ-515BDE07747D|dest=ORACLE_SCM;app=Quality Management;business=Quality Release to Warehouse;mw=Kafka;mode=Async;err=EXT_502;reason=Downstream service returned 502;class=External Service
EVT-0003052|15.09.2026 19:29:18|IF_SAPPP_MESPE_001|PP|MES|OK|923|SESS-10C18226A6|REQ-501015A42801|dest=MES;app=Product Planning;business=Production Order to Manufacturing;mw=Kafka;mode=Async;err=0;reason=none;class=none
EVT-0003054|16.09.2026 16:51:25|IF_SAPQM_ORWMS_001|QM|ORACLE_SCM|OK|2305|SESS-C4AF3BBF22|REQ-2E56A3C64BDB|dest=ORACLE_SCM;app=Quality Management;business=Quality Release to Warehouse;mw=Kafka;mode=Async;err=0;reason=none;class=none
EVT-0003060|13.09.2026 22:38:44|IF_SAPQM_MESPE_001|QM|MES|OK|975|SESS-2C87541A86|REQ-E8E3561187EA|dest=MES;app=Quality Management;business=Quality Release to Production;mw=Kafka;mode=Async;err=0;reason=none;class=none
EVT-0003064|12.09.2026 06:10:12|IF_SAPQM_ORWMS_001|QM|ORACLE_SCM|OK|2763|SESS-16FE0760AC|REQ-06E70416C541|dest=ORACLE_SCM;app=Quality Management;business=Quality Release to Warehouse;mw=Kafka;mode=Async;err=0;reason=none;class=none
EVT-0003071|12.09.2026 07:55:56|IF_SAPQM_ORWMS_001|QM|ORACLE_SCM|ERR|10213|SESS-4E854AB08F|REQ-844EF6928BB6|dest=ORACLE_SCM;app=Quality Management;business=Quality Release to Warehouse;mw=Kafka;mode=Async;err=INFRA_008;reason=Runtime node unavailable;class=Infrastructure
EVT-0003074|12.09.2026 21:18:12|IF_SAPFIN_HCMPAY_001|FIN|HCM|OK|13542|SESS-89C6A1FEC2|REQ-710423B458C4|dest=HCM;app=Finance;business=Payment Confirmation to Payroll;mw=SFTP;mode=Batch;err=0;reason=none;class=none
EVT-0003076|12.09.2026 17:48:39|IF_SAPPP_ORSC_001|PP|ORACLE_SCM|ERR|5894|SESS-6226ADC516|REQ-5B70AF464230|dest=ORACLE_SCM;app=Product Planning;business=Production Plan to Supply Plan;mw=Kafka;mode=Async;err=VAL_400;reason=Required business field failed validation;class=Validation
EVT-0003077|14.09.2026 06:32:36|IF_SAPPROC_ORWMS_001|PROC|ORACLE_SCM|OK|19731|SESS-5222941F30|REQ-124D1D13581A|dest=ORACLE_SCM;app=Procurement;business=Purchase Receipt to Warehouse;mw=SFTP;mode=Batch;err=0;reason=none;class=none
EVT-0003078|10.09.2026 02:39:37|IF_SAPPROC_ORWMS_001|PROC|ORACLE_SCM|OK|9848|SESS-B00BA5B200|REQ-F7A534B86ADD|dest=ORACLE_SCM;app=Procurement;business=Purchase Receipt to Warehouse;mw=SFTP;mode=Batch;err=0;reason=none;class=none
EVT-0003087|16.09.2026 10:35:26|IF_SAPPROC_ORIM_001|PROC|ORACLE_SCM|OK|3047|SESS-7281DF48D4|REQ-DD38B5536B12|dest=ORACLE_SCM;app=Procurement;business=Purchase Order to Inventory;mw=REST_API;mode=REST;err=0;reason=none;class=none
EVT-0003089|11.09.2026 09:24:49|IF_SAPQM_MESPE_001|QM|MES|OK|763|SESS-BFAFB4852E|REQ-FA1F45BF96F3|dest=MES;app=Quality Management;business=Quality Release to Production;mw=Kafka;mode=Async;err=0;reason=none;class=none
EVT-0003095|13.09.2026 19:42:45|IF_SAPFIN_HCMPAY_001|FIN|HCM|OK|14200|SESS-0EECA536A5|REQ-1EB4B967DDF6|dest=HCM;app=Finance;business=Payment Confirmation to Payroll;mw=SFTP;mode=Batch;err=0;reason=none;class=none
EVT-0003096|16.09.2026 03:54:24|IF_SAPPP_MESPE_001|PP|MES|OK|1033|SESS-2D41FF5359|REQ-BBC22F8D09B6|dest=MES;app=Product Planning;business=Production Order to Manufacturing;mw=Kafka;mode=Async;err=0;reason=none;class=none
EVT-0003098|11.09.2026 17:56:58|IF_SAPQM_ORWMS_001|QM|ORACLE_SCM|OK|2058|SESS-FC5EE05771|REQ-07C1C5A96251|dest=ORACLE_SCM;app=Quality Management;business=Quality Release to Warehouse;mw=Kafka;mode=Async;err=0;reason=none;class=none
EVT-0003100|10.09.2026 11:26:16|IF_SAPPP_ORSC_001|PP|ORACLE_SCM|OK|1268|SESS-D2CB8ABED2|REQ-6816210E62BF|dest=ORACLE_SCM;app=Product Planning;business=Production Plan to Supply Plan;mw=Kafka;mode=Async;err=0;reason=none;class=none
EVT-0003104|14.09.2026 13:30:47|IF_SAPFIN_HCMPAY_001|FIN|HCM|OK|13503|SESS-601D270271|REQ-67CBA7334CFA|dest=HCM;app=Finance;business=Payment Confirmation to Payroll;mw=SFTP;mode=Batch;err=0;reason=none;class=none
EVT-0003113|13.09.2026 02:30:48|IF_SAPPP_ORSC_001|PP|ORACLE_SCM|OK|1582|SESS-94525B986A|REQ-208913D67E7F|dest=ORACLE_SCM;app=Product Planning;business=Production Plan to Supply Plan;mw=Kafka;mode=Async;err=0;reason=none;class=none
EVT-0003116|15.09.2026 17:16:50|IF_SAPPP_MESPE_001|PP|MES|OK|981|SESS-3507B3DFDD|REQ-64CF51DDC21B|dest=MES;app=Product Planning;business=Production Order to Manufacturing;mw=Kafka;mode=Async;err=0;reason=none;class=none
EVT-0003120|11.09.2026 03:09:11|IF_SAPPP_MESPE_001|PP|MES|OK|1134|SESS-D31AE7F62A|REQ-FA2C34BE337E|dest=MES;app=Product Planning;business=Production Order to Manufacturing;mw=Kafka;mode=Async;err=0;reason=none;class=none
EVT-0003130|11.09.2026 06:36:03|IF_SAPPROC_ORIM_001|PROC|ORACLE_SCM|OK|2347|SESS-BE1CF64DBD|REQ-A34F29A28DFE|dest=ORACLE_SCM;app=Procurement;business=Purchase Order to Inventory;mw=REST_API;mode=REST;err=0;reason=none;class=none
EVT-0003133|11.09.2026 13:56:21|IF_SAPQM_MESPE_001|QM|MES|OK|896|SESS-1774221607|REQ-72948C78FAD9|dest=MES;app=Quality Management;business=Quality Release to Production;mw=Kafka;mode=Async;err=0;reason=none;class=none
EVT-0003137|16.09.2026 02:25:46|IF_SAPQM_ORWMS_001|QM|ORACLE_SCM|OK|1333|SESS-AD2A6C81C4|REQ-14BB07EB3B87|dest=ORACLE_SCM;app=Quality Management;business=Quality Release to Warehouse;mw=Kafka;mode=Async;err=0;reason=none;class=none
EVT-0003146|10.09.2026 00:12:01|IF_SAPQM_ORWMS_001|QM|ORACLE_SCM|OK|2833|SESS-1DEA5E9F39|REQ-562124491536|dest=ORACLE_SCM;app=Quality Management;business=Quality Release to Warehouse;mw=Kafka;mode=Async;err=0;reason=none;class=none
EVT-0003155|16.09.2026 13:00:53|IF_SAPFIN_HCMPAY_001|FIN|HCM|RETRY|43073|SESS-6DFAF3C96A|REQ-92C597D480FE|dest=HCM;app=Finance;business=Payment Confirmation to Payroll;mw=SFTP;mode=Batch;err=AUTH_401;reason=Service credential rejected;class=Authentication
EVT-0003164|15.09.2026 02:20:34|IF_SAPFIN_HCMPAY_001|FIN|HCM|OK|16199|SESS-9AA08E89CF|REQ-6FB9B515DA57|dest=HCM;app=Finance;business=Payment Confirmation to Payroll;mw=SFTP;mode=Batch;err=0;reason=none;class=none
EVT-0003172|15.09.2026 19:07:00|IF_SAPPROC_ORWMS_001|PROC|ORACLE_SCM|OK|11415|SESS-AD7CD1CD65|REQ-69EB40DB6F51|dest=ORACLE_SCM;app=Procurement;business=Purchase Receipt to Warehouse;mw=SFTP;mode=Batch;err=0;reason=none;class=none
EVT-0003182|16.09.2026 05:11:15|IF_SAPPROC_ORIM_001|PROC|ORACLE_SCM|OK|3206|SESS-EDBD6D24FE|REQ-C4D310A400A0|dest=ORACLE_SCM;app=Procurement;business=Purchase Order to Inventory;mw=REST_API;mode=REST;err=0;reason=none;class=none
EVT-0003183|16.09.2026 14:33:21|IF_SAPPROC_ORIM_001|PROC|ORACLE_SCM|OK|2197|SESS-4FF3D6F538|REQ-D442CC5CE89E|dest=ORACLE_SCM;app=Procurement;business=Purchase Order to Inventory;mw=REST_API;mode=REST;err=0;reason=none;class=none
EVT-0003192|14.09.2026 11:36:02|IF_SAPPP_MESPE_001|PP|MES|OK|998|SESS-64C9BCC8FA|REQ-51BAA9945291|dest=MES;app=Product Planning;business=Production Order to Manufacturing;mw=Kafka;mode=Async;err=0;reason=none;class=none
EVT-0003198|13.09.2026 22:55:24|IF_SAPPP_ORSC_001|PP|ORACLE_SCM|OK|749|SESS-5FBF7F2CEB|REQ-DFEBA438FF31|dest=ORACLE_SCM;app=Product Planning;business=Production Plan to Supply Plan;mw=Kafka;mode=Async;err=0;reason=none;class=none
EVT-0003201|12.09.2026 05:55:12|IF_SAPQM_MESPE_001|QM|MES|OK|1377|SESS-0A2713354C|REQ-1E3EB8DDD2E0|dest=MES;app=Quality Management;business=Quality Release to Production;mw=Kafka;mode=Async;err=0;reason=none;class=none
EVT-0003205|11.09.2026 11:50:47|IF_SAPPROC_ORIM_001|PROC|ORACLE_SCM|OK|2665|SESS-20EDC7F571|REQ-070E0295ABB5|dest=ORACLE_SCM;app=Procurement;business=Purchase Order to Inventory;mw=REST_API;mode=REST;err=0;reason=none;class=none
EVT-0003207|13.09.2026 01:32:24|IF_SAPPROC_ORIM_001|PROC|ORACLE_SCM|RETRY|4840|SESS-1F120AD2A9|REQ-AD86267D083B|dest=ORACLE_SCM;app=Procurement;business=Purchase Order to Inventory;mw=REST_API;mode=REST;err=NET_CONN_003;reason=Connection reset by peer;class=Network
EVT-0003215|11.09.2026 13:06:42|IF_SAPQM_MESPE_001|QM|MES|RETRY|3020|SESS-73DC3D024A|REQ-4CB8BC9D143C|dest=MES;app=Quality Management;business=Quality Release to Production;mw=Kafka;mode=Async;err=INFRA_008;reason=Runtime node unavailable;class=Infrastructure
EVT-0003223|13.09.2026 13:03:17|IF_SAPQM_ORWMS_001|QM|ORACLE_SCM|OK|2478|SESS-7105CA4BF3|REQ-4733435FF14B|dest=ORACLE_SCM;app=Quality Management;business=Quality Release to Warehouse;mw=Kafka;mode=Async;err=0;reason=none;class=none
EVT-0003227|11.09.2026 21:52:16|IF_SAPQM_ORWMS_001|QM|ORACLE_SCM|OK|1716|SESS-58EF6BF883|REQ-D79BABC4ACBB|dest=ORACLE_SCM;app=Quality Management;business=Quality Release to Warehouse;mw=Kafka;mode=Async;err=0;reason=none;class=none
EVT-0003228|11.09.2026 22:18:25|IF_SAPPP_MESPE_001|PP|MES|OK|874|SESS-1ADF4D006C|REQ-70E69CCF8E5C|dest=MES;app=Product Planning;business=Production Order to Manufacturing;mw=Kafka;mode=Async;err=0;reason=none;class=none
EVT-0003232|15.09.2026 17:40:24|IF_SAPPROC_ORWMS_001|PROC|ORACLE_SCM|OK|12839|SESS-887740C0B6|REQ-24ADCA37DA1F|dest=ORACLE_SCM;app=Procurement;business=Purchase Receipt to Warehouse;mw=SFTP;mode=Batch;err=0;reason=none;class=none
EVT-0003234|15.09.2026 08:39:11|IF_SAPPP_MESPE_001|PP|MES|OK|978|SESS-0BA1ADFA45|REQ-049EFF94DD8C|dest=MES;app=Product Planning;business=Production Order to Manufacturing;mw=Kafka;mode=Async;err=0;reason=none;class=none
EVT-0003236|13.09.2026 15:06:43|IF_SAPPP_MESPE_001|PP|MES|OK|1112|SESS-4DBC9FCD64|REQ-C03147768FA4|dest=MES;app=Product Planning;business=Production Order to Manufacturing;mw=Kafka;mode=Async;err=0;reason=none;class=none
EVT-0003243|14.09.2026 01:55:20|IF_SAPPROC_ORIM_001|PROC|ORACLE_SCM|ERR|9520|SESS-E75F69761A|REQ-7B23AB8CCAD5|dest=ORACLE_SCM;app=Procurement;business=Purchase Order to Inventory;mw=REST_API;mode=REST;err=CFG_017;reason=Interface configuration mismatch;class=Configuration
EVT-0003248|15.09.2026 13:43:31|IF_SAPPROC_ORIM_001|PROC|ORACLE_SCM|OK|1470|SESS-CACDB4CA50|REQ-080B539008A3|dest=ORACLE_SCM;app=Procurement;business=Purchase Order to Inventory;mw=REST_API;mode=REST;err=0;reason=none;class=none
EVT-0003254|14.09.2026 18:57:15|IF_SAPPP_MESPE_001|PP|MES|RETRY|2495|SESS-D255E02922|REQ-6542BB7009A0|dest=MES;app=Product Planning;business=Production Order to Manufacturing;mw=Kafka;mode=Async;err=VAL_400;reason=Required business field failed validation;class=Validation
EVT-0003257|13.09.2026 09:41:49|IF_SAPPROC_ORWMS_001|PROC|ORACLE_SCM|OK|10999|SESS-520856858F|REQ-30700FC7FA6E|dest=ORACLE_SCM;app=Procurement;business=Purchase Receipt to Warehouse;mw=SFTP;mode=Batch;err=0;reason=none;class=none
EVT-0003262|11.09.2026 16:33:02|IF_SAPQM_MESPE_001|QM|MES|RETRY|1599|SESS-96EE32F0C4|REQ-DAFE08D54758|dest=MES;app=Quality Management;business=Quality Release to Production;mw=Kafka;mode=Async;err=VAL_400;reason=Required business field failed validation;class=Validation
EVT-0003264|15.09.2026 08:53:22|IF_SAPPROC_ORWMS_001|PROC|ORACLE_SCM|OK|16667|SESS-4BFE1A2B89|REQ-A1851B6407F2|dest=ORACLE_SCM;app=Procurement;business=Purchase Receipt to Warehouse;mw=SFTP;mode=Batch;err=0;reason=none;class=none
EVT-0003266|10.09.2026 00:22:46|IF_SAPQM_MESPE_001|QM|MES|OK|1054|SESS-8829AF5FD7|REQ-4230E4E96126|dest=MES;app=Quality Management;business=Quality Release to Production;mw=Kafka;mode=Async;err=0;reason=none;class=none
EVT-0003267|11.09.2026 17:06:25|IF_SAPPP_MESPE_001|PP|MES|ERR|1626|SESS-17AA06006F|REQ-A731FE9CC8AA|dest=MES;app=Product Planning;business=Production Order to Manufacturing;mw=Kafka;mode=Async;err=CFG_017;reason=Interface configuration mismatch;class=Configuration
EVT-0003272|10.09.2026 05:41:08|IF_SAPPP_MESPE_001|PP|MES|OK|723|SESS-8A9421AD9C|REQ-93DBEEA4F5BC|dest=MES;app=Product Planning;business=Production Order to Manufacturing;mw=Kafka;mode=Async;err=0;reason=none;class=none
EVT-0003273|16.09.2026 14:40:49|IF_SAPPP_ORSC_001|PP|ORACLE_SCM|OK|1686|SESS-D26108AE79|REQ-A3AA7FB7630D|dest=ORACLE_SCM;app=Product Planning;business=Production Plan to Supply Plan;mw=Kafka;mode=Async;err=0;reason=none;class=none
EVT-0003282|16.09.2026 12:58:25|IF_SAPPP_ORSC_001|PP|ORACLE_SCM|OK|1599|SESS-3070CD1419|REQ-C6741C0A97A2|dest=ORACLE_SCM;app=Product Planning;business=Production Plan to Supply Plan;mw=Kafka;mode=Async;err=0;reason=none;class=none
EVT-0003303|13.09.2026 21:30:36|IF_SAPQM_ORWMS_001|QM|ORACLE_SCM|OK|2211|SESS-F657F8A201|REQ-1701FD484B89|dest=ORACLE_SCM;app=Quality Management;business=Quality Release to Warehouse;mw=Kafka;mode=Async;err=0;reason=none;class=none
EVT-0003304|10.09.2026 17:13:12|IF_SAPPROC_ORIM_001|PROC|ORACLE_SCM|OK|2554|SESS-514A1CEA93|REQ-320EB4CD2E7D|dest=ORACLE_SCM;app=Procurement;business=Purchase Order to Inventory;mw=REST_API;mode=REST;err=0;reason=none;class=none
EVT-0003310|15.09.2026 06:47:15|IF_SAPPROC_ORWMS_001|PROC|ORACLE_SCM|RETRY|25478|SESS-D968C7E11E|REQ-6422D1480339|dest=ORACLE_SCM;app=Procurement;business=Purchase Receipt to Warehouse;mw=SFTP;mode=Batch;err=INFRA_008;reason=Runtime node unavailable;class=Infrastructure
EVT-0003312|16.09.2026 10:32:15|IF_SAPQM_ORWMS_001|QM|ORACLE_SCM|OK|2498|SESS-690937FC47|REQ-8F60C743AE0C|dest=ORACLE_SCM;app=Quality Management;business=Quality Release to Warehouse;mw=Kafka;mode=Async;err=0;reason=none;class=none
EVT-0003314|16.09.2026 08:46:18|IF_SAPPP_ORSC_001|PP|ORACLE_SCM|OK|1462|SESS-B7C522FC64|REQ-DA9AE2EE5728|dest=ORACLE_SCM;app=Product Planning;business=Production Plan to Supply Plan;mw=Kafka;mode=Async;err=0;reason=none;class=none
EVT-0003322|14.09.2026 18:42:44|IF_SAPQM_ORWMS_001|QM|ORACLE_SCM|OK|2010|SESS-378B38AA66|REQ-718D02183007|dest=ORACLE_SCM;app=Quality Management;business=Quality Release to Warehouse;mw=Kafka;mode=Async;err=0;reason=none;class=none
EVT-0003323|15.09.2026 02:59:22|IF_SAPPP_ORSC_001|PP|ORACLE_SCM|OK|1420|SESS-58364505C3|REQ-EA478CA801EC|dest=ORACLE_SCM;app=Product Planning;business=Production Plan to Supply Plan;mw=Kafka;mode=Async;err=0;reason=none;class=none
EVT-0003328|10.09.2026 12:19:23|IF_SAPQM_ORWMS_001|QM|ORACLE_SCM|ERR|12303|SESS-4E6B9FA8E3|REQ-C257632925E2|dest=ORACLE_SCM;app=Quality Management;business=Quality Release to Warehouse;mw=Kafka;mode=Async;err=INFRA_008;reason=Runtime node unavailable;class=Infrastructure
EVT-0003331|10.09.2026 01:58:49|IF_SAPQM_MESPE_001|QM|MES|OK|1111|SESS-5A879DCAE8|REQ-1173725D3D5B|dest=MES;app=Quality Management;business=Quality Release to Production;mw=Kafka;mode=Async;err=0;reason=none;class=none
EVT-0003333|13.09.2026 12:01:07|IF_SAPQM_ORWMS_001|QM|ORACLE_SCM|RETRY|7723|SESS-A0A1B96FBE|REQ-BC0D2A1C1251|dest=ORACLE_SCM;app=Quality Management;business=Quality Release to Warehouse;mw=Kafka;mode=Async;err=AUTH_401;reason=Service credential rejected;class=Authentication
EVT-0003335|11.09.2026 14:18:55|IF_SAPPP_ORSC_001|PP|ORACLE_SCM|OK|1576|SESS-84F72067F9|REQ-B6F6442825E6|dest=ORACLE_SCM;app=Product Planning;business=Production Plan to Supply Plan;mw=Kafka;mode=Async;err=0;reason=none;class=none
EVT-0003339|16.09.2026 02:30:55|IF_SAPPP_ORSC_001|PP|ORACLE_SCM|OK|958|SESS-EAC5EE6FCA|REQ-3841786A20C4|dest=ORACLE_SCM;app=Product Planning;business=Production Plan to Supply Plan;mw=Kafka;mode=Async;err=0;reason=none;class=none
EVT-0003342|16.09.2026 12:08:31|IF_SAPPP_ORSC_001|PP|ORACLE_SCM|OK|1192|SESS-144B4E7FF3|REQ-E36A62086756|dest=ORACLE_SCM;app=Product Planning;business=Production Plan to Supply Plan;mw=Kafka;mode=Async;err=0;reason=none;class=none
EVT-0003344|14.09.2026 08:45:57|IF_SAPQM_MESPE_001|QM|MES|OK|874|SESS-3BB0C22928|REQ-65AD2CFEB83E|dest=MES;app=Quality Management;business=Quality Release to Production;mw=Kafka;mode=Async;err=0;reason=none;class=none
EVT-0003348|14.09.2026 21:07:50|IF_SAPQM_ORWMS_001|QM|ORACLE_SCM|OK|1653|SESS-8C3EB6ED72|REQ-DB91D431A0B6|dest=ORACLE_SCM;app=Quality Management;business=Quality Release to Warehouse;mw=Kafka;mode=Async;err=0;reason=none;class=none
EVT-0003350|11.09.2026 05:32:17|IF_SAPQM_ORWMS_001|QM|ORACLE_SCM|OK|2021|SESS-610586E10A|REQ-4A6A9236F0C5|dest=ORACLE_SCM;app=Quality Management;business=Quality Release to Warehouse;mw=Kafka;mode=Async;err=0;reason=none;class=none
EVT-0003352|14.09.2026 02:18:44|IF_SAPQM_MESPE_001|QM|MES|OK|1073|SESS-7064692D4E|REQ-2934CFAA3BE5|dest=MES;app=Quality Management;business=Quality Release to Production;mw=Kafka;mode=Async;err=0;reason=none;class=none
EVT-0003353|10.09.2026 15:11:02|IF_SAPPP_MESPE_001|PP|MES|OK|725|SESS-5ABB114F58|REQ-3CD416241A75|dest=MES;app=Product Planning;business=Production Order to Manufacturing;mw=Kafka;mode=Async;err=0;reason=none;class=none
EVT-0003358|15.09.2026 13:06:56|IF_SAPPROC_ORIM_001|PROC|ORACLE_SCM|OK|2705|SESS-B19BF2E137|REQ-690C00072F30|dest=ORACLE_SCM;app=Procurement;business=Purchase Order to Inventory;mw=REST_API;mode=REST;err=0;reason=none;class=none
EVT-0003364|14.09.2026 10:59:06|IF_SAPPP_MESPE_001|PP|MES|OK|982|SESS-C413A6743E|REQ-CF47C70BB180|dest=MES;app=Product Planning;business=Production Order to Manufacturing;mw=Kafka;mode=Async;err=0;reason=none;class=none
EVT-0003367|12.09.2026 15:49:49|IF_SAPPP_MESPE_001|PP|MES|OK|568|SESS-B5C704DA9C|REQ-67B783E38F9A|dest=MES;app=Product Planning;business=Production Order to Manufacturing;mw=Kafka;mode=Async;err=0;reason=none;class=none
EVT-0003371|13.09.2026 12:57:42|IF_SAPQM_ORWMS_001|QM|ORACLE_SCM|OK|2376|SESS-A8E49362BC|REQ-F53A2847BE20|dest=ORACLE_SCM;app=Quality Management;business=Quality Release to Warehouse;mw=Kafka;mode=Async;err=0;reason=none;class=none
EVT-0003373|13.09.2026 14:56:17|IF_SAPFIN_HCMPAY_001|FIN|HCM|OK|18926|SESS-141EFDA57F|REQ-F348F999811A|dest=HCM;app=Finance;business=Payment Confirmation to Payroll;mw=SFTP;mode=Batch;err=0;reason=none;class=none
EVT-0003375|11.09.2026 19:32:30|IF_SAPPP_ORSC_001|PP|ORACLE_SCM|OK|844|SESS-367559E71E|REQ-CFEA585811F3|dest=ORACLE_SCM;app=Product Planning;business=Production Plan to Supply Plan;mw=Kafka;mode=Async;err=0;reason=none;class=none
EVT-0003376|14.09.2026 08:13:36|IF_SAPQM_MESPE_001|QM|MES|OK|1182|SESS-401FBCFA79|REQ-2BC6AE74D857|dest=MES;app=Quality Management;business=Quality Release to Production;mw=Kafka;mode=Async;err=0;reason=none;class=none
EVT-0003379|15.09.2026 08:48:09|IF_SAPFIN_HCMPAY_001|FIN|HCM|OK|18113|SESS-66F9FA35F0|REQ-BA020CD5FCF2|dest=HCM;app=Finance;business=Payment Confirmation to Payroll;mw=SFTP;mode=Batch;err=0;reason=none;class=none
EVT-0003382|15.09.2026 17:05:16|IF_SAPPROC_ORWMS_001|PROC|ORACLE_SCM|OK|15788|SESS-2D011F1FC4|REQ-669B8CA1B14A|dest=ORACLE_SCM;app=Procurement;business=Purchase Receipt to Warehouse;mw=SFTP;mode=Batch;err=0;reason=none;class=none
EVT-0003384|15.09.2026 20:24:53|IF_SAPPP_MESPE_001|PP|MES|OK|680|SESS-629C6953BC|REQ-C904D873F041|dest=MES;app=Product Planning;business=Production Order to Manufacturing;mw=Kafka;mode=Async;err=0;reason=none;class=none
EVT-0003385|10.09.2026 01:37:51|IF_SAPPROC_ORIM_001|PROC|ORACLE_SCM|OK|3011|SESS-8121BA5673|REQ-5533DF35CD64|dest=ORACLE_SCM;app=Procurement;business=Purchase Order to Inventory;mw=REST_API;mode=REST;err=0;reason=none;class=none
EVT-0003393|14.09.2026 21:07:53|IF_SAPPROC_ORIM_001|PROC|ORACLE_SCM|OK|1572|SESS-6350FC3D5F|REQ-054C5A5EEDAF|dest=ORACLE_SCM;app=Procurement;business=Purchase Order to Inventory;mw=REST_API;mode=REST;err=0;reason=none;class=none
EVT-0003397|10.09.2026 19:53:38|IF_SAPPP_MESPE_001|PP|MES|RETRY|3273|SESS-FFC9C323D8|REQ-36C2302BFC42|dest=MES;app=Product Planning;business=Production Order to Manufacturing;mw=Kafka;mode=Async;err=AUTH_401;reason=Service credential rejected;class=Authentication
EVT-0003401|16.09.2026 12:40:50|IF_SAPFIN_HCMPAY_001|FIN|HCM|OK|19349|SESS-14A543E836|REQ-B939D8BC7C7C|dest=HCM;app=Finance;business=Payment Confirmation to Payroll;mw=SFTP;mode=Batch;err=0;reason=none;class=none
EVT-0003404|12.09.2026 18:48:09|IF_SAPQM_MESPE_001|QM|MES|OK|935|SESS-5E44D8B813|REQ-07C95655EA6C|dest=MES;app=Quality Management;business=Quality Release to Production;mw=Kafka;mode=Async;err=0;reason=none;class=none
EVT-0003411|15.09.2026 04:55:26|IF_SAPPP_ORSC_001|PP|ORACLE_SCM|ERR|2487|SESS-B79060D884|REQ-C87C58006E54|dest=ORACLE_SCM;app=Product Planning;business=Production Plan to Supply Plan;mw=Kafka;mode=Async;err=TIME_004;reason=Downstream response exceeded SLA;class=Timeout
EVT-0003416|12.09.2026 12:08:56|IF_SAPPROC_ORIM_001|PROC|ORACLE_SCM|OK|3109|SESS-40D241E429|REQ-1DF924485D4E|dest=ORACLE_SCM;app=Procurement;business=Purchase Order to Inventory;mw=REST_API;mode=REST;err=0;reason=none;class=none
EVT-0003429|11.09.2026 15:08:35|IF_SAPPROC_ORIM_001|PROC|ORACLE_SCM|OK|3296|SESS-53B20A6A8C|REQ-DD80CA14280E|dest=ORACLE_SCM;app=Procurement;business=Purchase Order to Inventory;mw=REST_API;mode=REST;err=0;reason=none;class=none
EVT-0003430|10.09.2026 19:52:41|IF_SAPPROC_ORWMS_001|PROC|ORACLE_SCM|OK|15476|SESS-71501639F1|REQ-88F19678F115|dest=ORACLE_SCM;app=Procurement;business=Purchase Receipt to Warehouse;mw=SFTP;mode=Batch;err=0;reason=none;class=none
EVT-0003436|14.09.2026 20:38:45|IF_SAPPROC_ORWMS_001|PROC|ORACLE_SCM|OK|11071|SESS-CD9FCDE333|REQ-725DBF425DA7|dest=ORACLE_SCM;app=Procurement;business=Purchase Receipt to Warehouse;mw=SFTP;mode=Batch;err=0;reason=none;class=none
EVT-0003438|10.09.2026 08:32:15|IF_SAPPROC_ORIM_001|PROC|ORACLE_SCM|OK|2109|SESS-EECAC80ECA|REQ-2FE074E61CD3|dest=ORACLE_SCM;app=Procurement;business=Purchase Order to Inventory;mw=REST_API;mode=REST;err=0;reason=none;class=none
EVT-0003464|10.09.2026 15:52:00|IF_SAPPROC_ORIM_001|PROC|ORACLE_SCM|OK|2356|SESS-50E443F8AF|REQ-1FE8223356CA|dest=ORACLE_SCM;app=Procurement;business=Purchase Order to Inventory;mw=REST_API;mode=REST;err=0;reason=none;class=none
EVT-0003469|16.09.2026 07:09:26|IF_SAPPP_ORSC_001|PP|ORACLE_SCM|OK|1474|SESS-EF0E4C8693|REQ-0822CCD85D50|dest=ORACLE_SCM;app=Product Planning;business=Production Plan to Supply Plan;mw=Kafka;mode=Async;err=0;reason=none;class=none
EVT-0003476|15.09.2026 11:27:22|IF_SAPQM_MESPE_001|QM|MES|OK|899|SESS-D9D97A843F|REQ-CAF151468457|dest=MES;app=Quality Management;business=Quality Release to Production;mw=Kafka;mode=Async;err=0;reason=none;class=none
EVT-0003480|14.09.2026 13:16:52|IF_SAPPROC_ORWMS_001|PROC|ORACLE_SCM|OK|16726|SESS-E709A81728|REQ-6614DB790BC8|dest=ORACLE_SCM;app=Procurement;business=Purchase Receipt to Warehouse;mw=SFTP;mode=Batch;err=0;reason=none;class=none
EVT-0003492|12.09.2026 21:55:39|IF_SAPPP_ORSC_001|PP|ORACLE_SCM|OK|1202|SESS-E7B5A9C8AC|REQ-A4EC8DE5B225|dest=ORACLE_SCM;app=Product Planning;business=Production Plan to Supply Plan;mw=Kafka;mode=Async;err=0;reason=none;class=none
EVT-0003496|16.09.2026 21:41:23|IF_SAPPP_ORSC_001|PP|ORACLE_SCM|OK|680|SESS-A7CAEE0FF9|REQ-91E4CE1EAF77|dest=ORACLE_SCM;app=Product Planning;business=Production Plan to Supply Plan;mw=Kafka;mode=Async;err=0;reason=none;class=none
EVT-0003513|10.09.2026 13:42:37|IF_SAPQM_MESPE_001|QM|MES|OK|1104|SESS-3ACE850C2A|REQ-F7A3FE68C100|dest=MES;app=Quality Management;business=Quality Release to Production;mw=Kafka;mode=Async;err=0;reason=none;class=none
EVT-0003517|11.09.2026 08:11:39|IF_SAPPP_MESPE_001|PP|MES|OK|650|SESS-3FBA64FE39|REQ-E21B02FE7466|dest=MES;app=Product Planning;business=Production Order to Manufacturing;mw=Kafka;mode=Async;err=0;reason=none;class=none
EVT-0003522|10.09.2026 16:22:58|IF_SAPPP_MESPE_001|PP|MES|OK|1171|SESS-4075ED9492|REQ-F8CE3DB1A70E|dest=MES;app=Product Planning;business=Production Order to Manufacturing;mw=Kafka;mode=Async;err=0;reason=none;class=none
EVT-0003523|12.09.2026 18:57:08|IF_SAPFIN_HCMPAY_001|FIN|HCM|OK|15618|SESS-54CCF77DCE|REQ-12E0D592E7B4|dest=HCM;app=Finance;business=Payment Confirmation to Payroll;mw=SFTP;mode=Batch;err=0;reason=none;class=none
EVT-0003529|14.09.2026 21:54:06|IF_SAPPROC_ORWMS_001|PROC|ORACLE_SCM|OK|16226|SESS-EED0B4D311|REQ-F8437A46678D|dest=ORACLE_SCM;app=Procurement;business=Purchase Receipt to Warehouse;mw=SFTP;mode=Batch;err=0;reason=none;class=none
EVT-0003531|11.09.2026 18:01:10|IF_SAPFIN_HCMPAY_001|FIN|HCM|OK|10567|SESS-BC2DE44B20|REQ-D569E5ECB39B|dest=HCM;app=Finance;business=Payment Confirmation to Payroll;mw=SFTP;mode=Batch;err=0;reason=none;class=none
EVT-0003538|13.09.2026 09:20:16|IF_SAPQM_ORWMS_001|QM|ORACLE_SCM|OK|2104|SESS-59128107DE|REQ-52C1560A06CC|dest=ORACLE_SCM;app=Quality Management;business=Quality Release to Warehouse;mw=Kafka;mode=Async;err=0;reason=none;class=none
EVT-0003542|13.09.2026 13:22:03|IF_SAPPP_ORSC_001|PP|ORACLE_SCM|RETRY|3424|SESS-2822A67112|REQ-8E4200A1D457|dest=ORACLE_SCM;app=Product Planning;business=Production Plan to Supply Plan;mw=Kafka;mode=Async;err=AUTHZ_403;reason=Caller is not authorized;class=Authorization
EVT-0003546|10.09.2026 18:24:18|IF_SAPQM_ORWMS_001|QM|ORACLE_SCM|OK|1363|SESS-C60519259E|REQ-C4ECC07EB04B|dest=ORACLE_SCM;app=Quality Management;business=Quality Release to Warehouse;mw=Kafka;mode=Async;err=0;reason=none;class=none
EVT-0003554|16.09.2026 13:18:30|IF_SAPPP_ORSC_001|PP|ORACLE_SCM|OK|1352|SESS-5CE9763101|REQ-E01D2E52DCF3|dest=ORACLE_SCM;app=Product Planning;business=Production Plan to Supply Plan;mw=Kafka;mode=Async;err=0;reason=none;class=none
EVT-0003555|10.09.2026 08:06:30|IF_SAPFIN_HCMPAY_001|FIN|HCM|RETRY|27489|SESS-FEE24EE301|REQ-4272F9C6345A|dest=HCM;app=Finance;business=Payment Confirmation to Payroll;mw=SFTP;mode=Batch;err=NET_CONN_003;reason=Connection reset by peer;class=Network
EVT-0003558|12.09.2026 23:40:37|IF_SAPQM_ORWMS_001|QM|ORACLE_SCM|OK|2414|SESS-EBBBCFFE7A|REQ-C8A2BB871D28|dest=ORACLE_SCM;app=Quality Management;business=Quality Release to Warehouse;mw=Kafka;mode=Async;err=0;reason=none;class=none
EVT-0003559|16.09.2026 05:37:32|IF_SAPPP_ORSC_001|PP|ORACLE_SCM|OK|1238|SESS-7744BF00DB|REQ-7F5FE805897F|dest=ORACLE_SCM;app=Product Planning;business=Production Plan to Supply Plan;mw=Kafka;mode=Async;err=0;reason=none;class=none
EVT-0003562|13.09.2026 05:27:43|IF_SAPQM_MESPE_001|QM|MES|OK|653|SESS-C023F3A5DD|REQ-F1DE5E83197F|dest=MES;app=Quality Management;business=Quality Release to Production;mw=Kafka;mode=Async;err=0;reason=none;class=none
EVT-0003577|10.09.2026 02:57:29|IF_SAPFIN_HCMPAY_001|FIN|HCM|OK|9619|SESS-45A8DA7E67|REQ-F4477E31FFF8|dest=HCM;app=Finance;business=Payment Confirmation to Payroll;mw=SFTP;mode=Batch;err=0;reason=none;class=none
EVT-0003581|13.09.2026 17:32:50|IF_SAPPROC_ORWMS_001|PROC|ORACLE_SCM|OK|13549|SESS-75596C970E|REQ-8315A37CC9A2|dest=ORACLE_SCM;app=Procurement;business=Purchase Receipt to Warehouse;mw=SFTP;mode=Batch;err=0;reason=none;class=none
EVT-0003592|13.09.2026 08:23:15|IF_SAPPROC_ORIM_001|PROC|ORACLE_SCM|OK|2453|SESS-9C5C49C9ED|REQ-C28EFAED47AB|dest=ORACLE_SCM;app=Procurement;business=Purchase Order to Inventory;mw=REST_API;mode=REST;err=0;reason=none;class=none
EVT-0003593|13.09.2026 05:26:48|IF_SAPPP_ORSC_001|PP|ORACLE_SCM|OK|916|SESS-E7F7B7F2FE|REQ-334F447562A1|dest=ORACLE_SCM;app=Product Planning;business=Production Plan to Supply Plan;mw=Kafka;mode=Async;err=0;reason=none;class=none
EVT-0003598|16.09.2026 02:39:15|IF_SAPQM_MESPE_001|QM|MES|OK|674|SESS-87287A20F2|REQ-6FC5E80F8FAD|dest=MES;app=Quality Management;business=Quality Release to Production;mw=Kafka;mode=Async;err=0;reason=none;class=none
EVT-0003599|11.09.2026 02:51:55|IF_SAPQM_MESPE_001|QM|MES|OK|593|SESS-B0EC74DA2A|REQ-089BBD4C29B5|dest=MES;app=Quality Management;business=Quality Release to Production;mw=Kafka;mode=Async;err=0;reason=none;class=none
EVT-0003602|13.09.2026 07:37:00|IF_SAPFIN_HCMPAY_001|FIN|HCM|OK|11958|SESS-05CBBD145E|REQ-1B7A68694A4A|dest=HCM;app=Finance;business=Payment Confirmation to Payroll;mw=SFTP;mode=Batch;err=0;reason=none;class=none
EVT-0003607|11.09.2026 05:34:19|IF_SAPPP_ORSC_001|PP|ORACLE_SCM|OK|1536|SESS-39A94BE50E|REQ-7718F0B094D2|dest=ORACLE_SCM;app=Product Planning;business=Production Plan to Supply Plan;mw=Kafka;mode=Async;err=0;reason=none;class=none
EVT-0003610|12.09.2026 17:44:35|IF_SAPQM_ORWMS_001|QM|ORACLE_SCM|OK|2174|SESS-A1FE6671FF|REQ-1D3AE24AC7F0|dest=ORACLE_SCM;app=Quality Management;business=Quality Release to Warehouse;mw=Kafka;mode=Async;err=0;reason=none;class=none
EVT-0003611|11.09.2026 23:18:35|IF_SAPPP_MESPE_001|PP|MES|OK|897|SESS-F210E146B1|REQ-ADD996537FE8|dest=MES;app=Product Planning;business=Production Order to Manufacturing;mw=Kafka;mode=Async;err=0;reason=none;class=none
EVT-0003613|12.09.2026 21:50:46|IF_SAPPROC_ORWMS_001|PROC|ORACLE_SCM|OK|13997|SESS-2C69511478|REQ-8AC8E040DF13|dest=ORACLE_SCM;app=Procurement;business=Purchase Receipt to Warehouse;mw=SFTP;mode=Batch;err=0;reason=none;class=none
EVT-0003622|11.09.2026 13:38:58|IF_SAPPP_ORSC_001|PP|ORACLE_SCM|OK|1790|SESS-5D17B17B6C|REQ-D8839CD8606C|dest=ORACLE_SCM;app=Product Planning;business=Production Plan to Supply Plan;mw=Kafka;mode=Async;err=0;reason=none;class=none
EVT-0003632|16.09.2026 15:06:48|IF_SAPPP_MESPE_001|PP|MES|RETRY|2065|SESS-D8348723B0|REQ-17B21C93E397|dest=MES;app=Product Planning;business=Production Order to Manufacturing;mw=Kafka;mode=Async;err=NET_CONN_003;reason=Connection reset by peer;class=Network
EVT-0003636|12.09.2026 16:36:23|IF_SAPPP_ORSC_001|PP|ORACLE_SCM|OK|1477|SESS-9F51E7AED4|REQ-0769ED2F7ACB|dest=ORACLE_SCM;app=Product Planning;business=Production Plan to Supply Plan;mw=Kafka;mode=Async;err=0;reason=none;class=none
EVT-0003650|12.09.2026 02:14:33|IF_SAPPROC_ORIM_001|PROC|ORACLE_SCM|OK|2437|SESS-058ABDD1C0|REQ-485F24D284E3|dest=ORACLE_SCM;app=Procurement;business=Purchase Order to Inventory;mw=REST_API;mode=REST;err=0;reason=none;class=none
EVT-0003654|16.09.2026 20:04:48|IF_SAPPP_ORSC_001|PP|ORACLE_SCM|OK|1242|SESS-955DB9292B|REQ-50849E405BFC|dest=ORACLE_SCM;app=Product Planning;business=Production Plan to Supply Plan;mw=Kafka;mode=Async;err=0;reason=none;class=none
EVT-0003657|15.09.2026 18:40:42|IF_SAPPROC_ORIM_001|PROC|ORACLE_SCM|OK|2079|SESS-D7FB6A747F|REQ-EF27D50E13BD|dest=ORACLE_SCM;app=Procurement;business=Purchase Order to Inventory;mw=REST_API;mode=REST;err=0;reason=none;class=none
EVT-0003668|12.09.2026 15:13:33|IF_SAPPROC_ORIM_001|PROC|ORACLE_SCM|OK|2289|SESS-F93340CEFF|REQ-60A33221A41B|dest=ORACLE_SCM;app=Procurement;business=Purchase Order to Inventory;mw=REST_API;mode=REST;err=0;reason=none;class=none
EVT-0003669|15.09.2026 09:10:40|IF_SAPPP_MESPE_001|PP|MES|OK|869|SESS-E45B2CA083|REQ-46405643A7D6|dest=MES;app=Product Planning;business=Production Order to Manufacturing;mw=Kafka;mode=Async;err=0;reason=none;class=none
EVT-0003678|12.09.2026 17:49:05|IF_SAPPROC_ORIM_001|PROC|ORACLE_SCM|OK|2192|SESS-C5408CB33F|REQ-B4A93617B217|dest=ORACLE_SCM;app=Procurement;business=Purchase Order to Inventory;mw=REST_API;mode=REST;err=0;reason=none;class=none
EVT-0003682|15.09.2026 12:27:01|IF_SAPQM_ORWMS_001|QM|ORACLE_SCM|OK|2366|SESS-C9DD95A375|REQ-A7F781313CDD|dest=ORACLE_SCM;app=Quality Management;business=Quality Release to Warehouse;mw=Kafka;mode=Async;err=0;reason=none;class=none
EVT-0003683|14.09.2026 06:12:27|IF_SAPFIN_HCMPAY_001|FIN|HCM|OK|15319|SESS-5E802C3C24|REQ-82F146713759|dest=HCM;app=Finance;business=Payment Confirmation to Payroll;mw=SFTP;mode=Batch;err=0;reason=none;class=none
EVT-0003686|14.09.2026 21:33:18|IF_SAPPROC_ORIM_001|PROC|ORACLE_SCM|OK|2737|SESS-FFFB9617C6|REQ-6D1DCF4D8EAE|dest=ORACLE_SCM;app=Procurement;business=Purchase Order to Inventory;mw=REST_API;mode=REST;err=0;reason=none;class=none
EVT-0003688|12.09.2026 21:28:00|IF_SAPQM_ORWMS_001|QM|ORACLE_SCM|OK|1580|SESS-2368B2D5B9|REQ-9011AF0A25D5|dest=ORACLE_SCM;app=Quality Management;business=Quality Release to Warehouse;mw=Kafka;mode=Async;err=0;reason=none;class=none
EVT-0003690|10.09.2026 15:37:18|IF_SAPPP_MESPE_001|PP|MES|RETRY|1464|SESS-4F48FD749A|REQ-51BEEE885E98|dest=MES;app=Product Planning;business=Production Order to Manufacturing;mw=Kafka;mode=Async;err=CFG_017;reason=Interface configuration mismatch;class=Configuration
EVT-0003702|14.09.2026 02:22:43|IF_SAPQM_ORWMS_001|QM|ORACLE_SCM|OK|1717|SESS-C54C6D5110|REQ-001252B281A9|dest=ORACLE_SCM;app=Quality Management;business=Quality Release to Warehouse;mw=Kafka;mode=Async;err=0;reason=none;class=none
EVT-0003706|15.09.2026 17:21:36|IF_SAPPROC_ORIM_001|PROC|ORACLE_SCM|OK|2259|SESS-879C7FE427|REQ-F3E5ACC33352|dest=ORACLE_SCM;app=Procurement;business=Purchase Order to Inventory;mw=REST_API;mode=REST;err=0;reason=none;class=none
EVT-0003708|16.09.2026 16:46:44|IF_SAPPROC_ORWMS_001|PROC|ORACLE_SCM|OK|13200|SESS-5F25F16702|REQ-670789793E0D|dest=ORACLE_SCM;app=Procurement;business=Purchase Receipt to Warehouse;mw=SFTP;mode=Batch;err=0;reason=none;class=none
EVT-0003718|12.09.2026 03:14:01|IF_SAPPROC_ORWMS_001|PROC|ORACLE_SCM|OK|17934|SESS-D017F8145F|REQ-4C341BC57774|dest=ORACLE_SCM;app=Procurement;business=Purchase Receipt to Warehouse;mw=SFTP;mode=Batch;err=0;reason=none;class=none
EVT-0003722|12.09.2026 07:52:10|IF_SAPPROC_ORWMS_001|PROC|ORACLE_SCM|OK|14424|SESS-DA8CBAAC4A|REQ-1A3501E467AE|dest=ORACLE_SCM;app=Procurement;business=Purchase Receipt to Warehouse;mw=SFTP;mode=Batch;err=0;reason=none;class=none
EVT-0003732|12.09.2026 18:33:05|IF_SAPQM_ORWMS_001|QM|ORACLE_SCM|OK|2785|SESS-B4B369B43F|REQ-2BBAE6CF2B4D|dest=ORACLE_SCM;app=Quality Management;business=Quality Release to Warehouse;mw=Kafka;mode=Async;err=0;reason=none;class=none
EVT-0003740|16.09.2026 21:51:58|IF_SAPFIN_HCMPAY_001|FIN|HCM|OK|19703|SESS-DB1106719B|REQ-999577AEE7C0|dest=HCM;app=Finance;business=Payment Confirmation to Payroll;mw=SFTP;mode=Batch;err=0;reason=none;class=none
EVT-0003745|11.09.2026 09:15:44|IF_SAPFIN_HCMPAY_001|FIN|HCM|OK|14115|SESS-7CD71055BD|REQ-A261EC4762CC|dest=HCM;app=Finance;business=Payment Confirmation to Payroll;mw=SFTP;mode=Batch;err=0;reason=none;class=none
EVT-0003756|15.09.2026 08:02:15|IF_SAPFIN_HCMPAY_001|FIN|HCM|OK|10734|SESS-313E1541AD|REQ-8D53A6C27370|dest=HCM;app=Finance;business=Payment Confirmation to Payroll;mw=SFTP;mode=Batch;err=0;reason=none;class=none
EVT-0003757|13.09.2026 15:25:39|IF_SAPPP_MESPE_001|PP|MES|OK|965|SESS-A7BB346DAD|REQ-1E16C79F768C|dest=MES;app=Product Planning;business=Production Order to Manufacturing;mw=Kafka;mode=Async;err=0;reason=none;class=none
EVT-0003758|14.09.2026 12:52:25|IF_SAPPP_ORSC_001|PP|ORACLE_SCM|RETRY|3070|SESS-B8557108EB|REQ-8838314276FA|dest=ORACLE_SCM;app=Product Planning;business=Production Plan to Supply Plan;mw=Kafka;mode=Async;err=NET_CONN_003;reason=Connection reset by peer;class=Network
EVT-0003763|13.09.2026 18:48:01|IF_SAPPROC_ORIM_001|PROC|ORACLE_SCM|RETRY|5278|SESS-C242CE6182|REQ-E216A66D7F3C|dest=ORACLE_SCM;app=Procurement;business=Purchase Order to Inventory;mw=REST_API;mode=REST;err=AUTHZ_403;reason=Caller is not authorized;class=Authorization
EVT-0003765|13.09.2026 18:38:06|IF_SAPFIN_HCMPAY_001|FIN|HCM|OK|16075|SESS-3E7362D8D2|REQ-E14817BB7C74|dest=HCM;app=Finance;business=Payment Confirmation to Payroll;mw=SFTP;mode=Batch;err=0;reason=none;class=none
EVT-0003769|16.09.2026 09:34:30|IF_SAPPROC_ORWMS_001|PROC|ORACLE_SCM|OK|13986|SESS-7E85D30F84|REQ-66A2EA5CE90C|dest=ORACLE_SCM;app=Procurement;business=Purchase Receipt to Warehouse;mw=SFTP;mode=Batch;err=0;reason=none;class=none
EVT-0003770|16.09.2026 01:03:59|IF_SAPQM_MESPE_001|QM|MES|ERR|5336|SESS-B1832961E4|REQ-67650BDF5D50|dest=MES;app=Quality Management;business=Quality Release to Production;mw=Kafka;mode=Async;err=CAP_003;reason=Downstream service is at capacity;class=Capacity
EVT-0003771|16.09.2026 15:06:08|IF_SAPFIN_HCMPAY_001|FIN|HCM|OK|16276|SESS-44865448A9|REQ-469A129639A7|dest=HCM;app=Finance;business=Payment Confirmation to Payroll;mw=SFTP;mode=Batch;err=0;reason=none;class=none
EVT-0003773|16.09.2026 04:04:46|IF_SAPPP_ORSC_001|PP|ORACLE_SCM|RETRY|2667|SESS-050B0DC5FE|REQ-B2CDE64AF675|dest=ORACLE_SCM;app=Product Planning;business=Production Plan to Supply Plan;mw=Kafka;mode=Async;err=DB_COMMIT_014;reason=Transaction commit failed;class=Database
EVT-0003785|15.09.2026 23:42:26|IF_SAPQM_MESPE_001|QM|MES|OK|831|SESS-785F685503|REQ-8B251F9F4FCC|dest=MES;app=Quality Management;business=Quality Release to Production;mw=Kafka;mode=Async;err=0;reason=none;class=none
EVT-0003786|12.09.2026 03:05:55|IF_SAPFIN_HCMPAY_001|FIN|HCM|OK|14614|SESS-26F82B0CC0|REQ-8446FB4DCBFA|dest=HCM;app=Finance;business=Payment Confirmation to Payroll;mw=SFTP;mode=Batch;err=0;reason=none;class=none
EVT-0003788|15.09.2026 02:24:17|IF_SAPPP_MESPE_001|PP|MES|OK|1194|SESS-E03DC619A5|REQ-31189A228AD6|dest=MES;app=Product Planning;business=Production Order to Manufacturing;mw=Kafka;mode=Async;err=0;reason=none;class=none
EVT-0003789|12.09.2026 13:02:53|IF_SAPFIN_HCMPAY_001|FIN|HCM|OK|17101|SESS-A6DFE4DE9C|REQ-B71DB33BD6C1|dest=HCM;app=Finance;business=Payment Confirmation to Payroll;mw=SFTP;mode=Batch;err=0;reason=none;class=none
EVT-0003793|14.09.2026 07:30:15|IF_SAPFIN_HCMPAY_001|FIN|HCM|OK|17526|SESS-764E50D0CF|REQ-7E1996C852A8|dest=HCM;app=Finance;business=Payment Confirmation to Payroll;mw=SFTP;mode=Batch;err=0;reason=none;class=none
EVT-0003794|10.09.2026 08:56:29|IF_SAPPROC_ORWMS_001|PROC|ORACLE_SCM|OK|12348|SESS-8C624B3DA4|REQ-4B5DEF934285|dest=ORACLE_SCM;app=Procurement;business=Purchase Receipt to Warehouse;mw=SFTP;mode=Batch;err=0;reason=none;class=none
EVT-0003802|10.09.2026 03:29:01|IF_SAPPP_ORSC_001|PP|ORACLE_SCM|RETRY|4381|SESS-44033C6EC1|REQ-5EB65F9610CD|dest=ORACLE_SCM;app=Product Planning;business=Production Plan to Supply Plan;mw=Kafka;mode=Async;err=TIME_004;reason=Downstream response exceeded SLA;class=Timeout
EVT-0003806|16.09.2026 02:06:05|IF_SAPPROC_ORWMS_001|PROC|ORACLE_SCM|OK|13731|SESS-E9A010DA99|REQ-C818605E52F6|dest=ORACLE_SCM;app=Procurement;business=Purchase Receipt to Warehouse;mw=SFTP;mode=Batch;err=0;reason=none;class=none
EVT-0003810|10.09.2026 08:46:04|IF_SAPPP_MESPE_001|PP|MES|RETRY|1835|SESS-ED9F35A5E9|REQ-70FF576F2D31|dest=MES;app=Product Planning;business=Production Order to Manufacturing;mw=Kafka;mode=Async;err=DB_COMMIT_014;reason=Transaction commit failed;class=Database
EVT-0003812|10.09.2026 19:04:46|IF_SAPFIN_HCMPAY_001|FIN|HCM|OK|15680|SESS-619FEFE798|REQ-AA7B2FDDD70D|dest=HCM;app=Finance;business=Payment Confirmation to Payroll;mw=SFTP;mode=Batch;err=0;reason=none;class=none
EVT-0003813|16.09.2026 17:07:36|IF_SAPFIN_HCMPAY_001|FIN|HCM|OK|12610|SESS-D6203FEA34|REQ-58398471314B|dest=HCM;app=Finance;business=Payment Confirmation to Payroll;mw=SFTP;mode=Batch;err=0;reason=none;class=none
EVT-0003815|14.09.2026 16:13:20|IF_SAPQM_ORWMS_001|QM|ORACLE_SCM|ERR|13966|SESS-7CF5291439|REQ-EA721125E8C2|dest=ORACLE_SCM;app=Quality Management;business=Quality Release to Warehouse;mw=Kafka;mode=Async;err=CFG_017;reason=Interface configuration mismatch;class=Configuration
EVT-0003818|15.09.2026 04:54:23|IF_SAPQM_ORWMS_001|QM|ORACLE_SCM|OK|1730|SESS-4926904360|REQ-87A3C56574E5|dest=ORACLE_SCM;app=Quality Management;business=Quality Release to Warehouse;mw=Kafka;mode=Async;err=0;reason=none;class=none
EVT-0003821|16.09.2026 02:43:20|IF_SAPPP_ORSC_001|PP|ORACLE_SCM|OK|1569|SESS-2891278255|REQ-FDFD5F959D0B|dest=ORACLE_SCM;app=Product Planning;business=Production Plan to Supply Plan;mw=Kafka;mode=Async;err=0;reason=none;class=none
EVT-0003826|12.09.2026 09:05:36|IF_SAPQM_MESPE_001|QM|MES|OK|1279|SESS-7D320DA0D3|REQ-70D1BD01C4B8|dest=MES;app=Quality Management;business=Quality Release to Production;mw=Kafka;mode=Async;err=0;reason=none;class=none
EVT-0003827|16.09.2026 02:06:27|IF_SAPFIN_HCMPAY_001|FIN|HCM|OK|14344|SESS-6217AD3CCC|REQ-CA9A75FBD238|dest=HCM;app=Finance;business=Payment Confirmation to Payroll;mw=SFTP;mode=Batch;err=0;reason=none;class=none
EVT-0003829|16.09.2026 13:47:15|IF_SAPQM_MESPE_001|QM|MES|OK|1011|SESS-A3FC4D7B5E|REQ-8385F6BCE6F0|dest=MES;app=Quality Management;business=Quality Release to Production;mw=Kafka;mode=Async;err=0;reason=none;class=none
EVT-0003837|11.09.2026 02:06:04|IF_SAPPP_MESPE_001|PP|MES|OK|848|SESS-DC72A60C64|REQ-C9B79D9D7058|dest=MES;app=Product Planning;business=Production Order to Manufacturing;mw=Kafka;mode=Async;err=0;reason=none;class=none
EVT-0003840|12.09.2026 20:53:01|IF_SAPPP_ORSC_001|PP|ORACLE_SCM|OK|772|SESS-5D0E3AF9C1|REQ-A031767ED83E|dest=ORACLE_SCM;app=Product Planning;business=Production Plan to Supply Plan;mw=Kafka;mode=Async;err=0;reason=none;class=none
EVT-0003843|15.09.2026 15:23:04|IF_SAPQM_MESPE_001|QM|MES|OK|974|SESS-0AE95BFF8D|REQ-EDD37019189B|dest=MES;app=Quality Management;business=Quality Release to Production;mw=Kafka;mode=Async;err=0;reason=none;class=none
EVT-0003848|10.09.2026 00:01:14|IF_SAPPROC_ORIM_001|PROC|ORACLE_SCM|OK|2264|SESS-CC4203718E|REQ-8529FB37F272|dest=ORACLE_SCM;app=Procurement;business=Purchase Order to Inventory;mw=REST_API;mode=REST;err=0;reason=none;class=none
EVT-0003855|16.09.2026 03:44:31|IF_SAPPROC_ORIM_001|PROC|ORACLE_SCM|OK|1556|SESS-DB419E4BD1|REQ-31D6A67D38EE|dest=ORACLE_SCM;app=Procurement;business=Purchase Order to Inventory;mw=REST_API;mode=REST;err=0;reason=none;class=none
EVT-0003868|15.09.2026 18:53:15|IF_SAPQM_ORWMS_001|QM|ORACLE_SCM|OK|2578|SESS-5330868BC6|REQ-E756A80247BA|dest=ORACLE_SCM;app=Quality Management;business=Quality Release to Warehouse;mw=Kafka;mode=Async;err=0;reason=none;class=none
EVT-0003873|10.09.2026 09:01:15|IF_SAPPROC_ORWMS_001|PROC|ORACLE_SCM|RETRY|48131|SESS-C24C428B83|REQ-10E0369E53BA|dest=ORACLE_SCM;app=Procurement;business=Purchase Receipt to Warehouse;mw=SFTP;mode=Batch;err=AUTH_401;reason=Service credential rejected;class=Authentication
EVT-0003875|12.09.2026 04:08:01|IF_SAPQM_MESPE_001|QM|MES|RETRY|3085|SESS-CA93ECE34E|REQ-675E1460C234|dest=MES;app=Quality Management;business=Quality Release to Production;mw=Kafka;mode=Async;err=NET_CONN_003;reason=Connection reset by peer;class=Network
EVT-0003881|10.09.2026 05:57:07|IF_SAPFIN_HCMPAY_001|FIN|HCM|OK|11625|SESS-9352126645|REQ-ACA314615DB9|dest=HCM;app=Finance;business=Payment Confirmation to Payroll;mw=SFTP;mode=Batch;err=0;reason=none;class=none
EVT-0003882|10.09.2026 15:00:16|IF_SAPQM_ORWMS_001|QM|ORACLE_SCM|ERR|12298|SESS-13DA618250|REQ-52C465251B65|dest=ORACLE_SCM;app=Quality Management;business=Quality Release to Warehouse;mw=Kafka;mode=Async;err=DB_COMMIT_014;reason=Transaction commit failed;class=Database
EVT-0003885|10.09.2026 20:19:39|IF_SAPQM_MESPE_001|QM|MES|RETRY|2846|SESS-E1C8D9FEB2|REQ-4DF74E2DE2DC|dest=MES;app=Quality Management;business=Quality Release to Production;mw=Kafka;mode=Async;err=EXT_502;reason=Downstream service returned 502;class=External Service
EVT-0003887|12.09.2026 16:48:20|IF_SAPPROC_ORWMS_001|PROC|ORACLE_SCM|OK|7873|SESS-23BAD312A0|REQ-27DA6429C580|dest=ORACLE_SCM;app=Procurement;business=Purchase Receipt to Warehouse;mw=SFTP;mode=Batch;err=0;reason=none;class=none
EVT-0003888|12.09.2026 20:51:11|IF_SAPPROC_ORWMS_001|PROC|ORACLE_SCM|RETRY|23403|SESS-954A789F2B|REQ-5AAD01845753|dest=ORACLE_SCM;app=Procurement;business=Purchase Receipt to Warehouse;mw=SFTP;mode=Batch;err=AUTHZ_403;reason=Caller is not authorized;class=Authorization
EVT-0003893|12.09.2026 18:09:48|IF_SAPPP_ORSC_001|PP|ORACLE_SCM|OK|1120|SESS-F60E69A4A5|REQ-FC43AB01A06B|dest=ORACLE_SCM;app=Product Planning;business=Production Plan to Supply Plan;mw=Kafka;mode=Async;err=0;reason=none;class=none
EVT-0003900|12.09.2026 09:14:03|IF_SAPPP_ORSC_001|PP|ORACLE_SCM|OK|1445|SESS-61BC0FBE88|REQ-AC22DDEF0048|dest=ORACLE_SCM;app=Product Planning;business=Production Plan to Supply Plan;mw=Kafka;mode=Async;err=0;reason=none;class=none
EVT-0003902|11.09.2026 12:49:21|IF_SAPPP_MESPE_001|PP|MES|OK|909|SESS-0BBCF5C686|REQ-5D5FE784A096|dest=MES;app=Product Planning;business=Production Order to Manufacturing;mw=Kafka;mode=Async;err=0;reason=none;class=none
EVT-0003903|16.09.2026 06:30:40|IF_SAPQM_MESPE_001|QM|MES|OK|1030|SESS-6894A6EDA4|REQ-996C022C6C19|dest=MES;app=Quality Management;business=Quality Release to Production;mw=Kafka;mode=Async;err=0;reason=none;class=none
EVT-0003905|10.09.2026 12:22:13|IF_SAPPROC_ORIM_001|PROC|ORACLE_SCM|RETRY|5062|SESS-1637EFCE41|REQ-4097279FEA2B|dest=ORACLE_SCM;app=Procurement;business=Purchase Order to Inventory;mw=REST_API;mode=REST;err=CAP_003;reason=Downstream service is at capacity;class=Capacity
EVT-0003908|15.09.2026 01:41:00|IF_SAPQM_ORWMS_001|QM|ORACLE_SCM|ERR|15652|SESS-9CBABB9048|REQ-00DD86EF9F48|dest=ORACLE_SCM;app=Quality Management;business=Quality Release to Warehouse;mw=Kafka;mode=Async;err=INFRA_008;reason=Runtime node unavailable;class=Infrastructure
EVT-0003909|16.09.2026 18:07:52|IF_SAPPROC_ORIM_001|PROC|ORACLE_SCM|ERR|13653|SESS-B9179C65A5|REQ-A0DB432DBA1A|dest=ORACLE_SCM;app=Procurement;business=Purchase Order to Inventory;mw=REST_API;mode=REST;err=INFRA_008;reason=Runtime node unavailable;class=Infrastructure
EVT-0003913|11.09.2026 14:43:06|IF_SAPPROC_ORIM_001|PROC|ORACLE_SCM|ERR|14352|SESS-921AB3BA3B|REQ-E56B462D2AE4|dest=ORACLE_SCM;app=Procurement;business=Purchase Order to Inventory;mw=REST_API;mode=REST;err=CFG_017;reason=Interface configuration mismatch;class=Configuration
EVT-0003919|16.09.2026 09:05:43|IF_SAPQM_MESPE_001|QM|MES|ERR|2902|SESS-C9C302447E|REQ-5530814A2EF0|dest=MES;app=Quality Management;business=Quality Release to Production;mw=Kafka;mode=Async;err=DB_COMMIT_014;reason=Transaction commit failed;class=Database
EVT-0003925|15.09.2026 11:37:06|IF_SAPPROC_ORWMS_001|PROC|ORACLE_SCM|OK|10793|SESS-9C9BB86D67|REQ-11C276E23706|dest=ORACLE_SCM;app=Procurement;business=Purchase Receipt to Warehouse;mw=SFTP;mode=Batch;err=0;reason=none;class=none
EVT-0003940|12.09.2026 03:31:32|IF_SAPFIN_HCMPAY_001|FIN|HCM|OK|9503|SESS-660132FD4D|REQ-DC62963A5793|dest=HCM;app=Finance;business=Payment Confirmation to Payroll;mw=SFTP;mode=Batch;err=0;reason=none;class=none
EVT-0003952|15.09.2026 17:47:10|IF_SAPPROC_ORIM_001|PROC|ORACLE_SCM|OK|2665|SESS-267DB40BE4|REQ-B456B98E3E07|dest=ORACLE_SCM;app=Procurement;business=Purchase Order to Inventory;mw=REST_API;mode=REST;err=0;reason=none;class=none
EVT-0003953|12.09.2026 14:52:09|IF_SAPPROC_ORWMS_001|PROC|ORACLE_SCM|OK|13956|SESS-62D712A2F3|REQ-8CA00F04AA37|dest=ORACLE_SCM;app=Procurement;business=Purchase Receipt to Warehouse;mw=SFTP;mode=Batch;err=0;reason=none;class=none
EVT-0003954|16.09.2026 11:04:31|IF_SAPFIN_HCMPAY_001|FIN|HCM|RETRY|26268|SESS-9D07FA9EB0|REQ-7808D25695CC|dest=HCM;app=Finance;business=Payment Confirmation to Payroll;mw=SFTP;mode=Batch;err=AUTHZ_403;reason=Caller is not authorized;class=Authorization
EVT-0003956|15.09.2026 22:50:50|IF_SAPQM_ORWMS_001|QM|ORACLE_SCM|OK|1878|SESS-FEEEB1819F|REQ-8BE146E928AD|dest=ORACLE_SCM;app=Quality Management;business=Quality Release to Warehouse;mw=Kafka;mode=Async;err=0;reason=none;class=none
EVT-0003960|14.09.2026 05:35:26|IF_SAPQM_ORWMS_001|QM|ORACLE_SCM|ERR|13543|SESS-51DD6DBE8C|REQ-7F4D41B96B1E|dest=ORACLE_SCM;app=Quality Management;business=Quality Release to Warehouse;mw=Kafka;mode=Async;err=CAP_003;reason=Downstream service is at capacity;class=Capacity
EVT-0003962|15.09.2026 14:01:10|IF_SAPQM_MESPE_001|QM|MES|OK|1218|SESS-3B9F8CBF24|REQ-55FB3F810704|dest=MES;app=Quality Management;business=Quality Release to Production;mw=Kafka;mode=Async;err=0;reason=none;class=none
EVT-0003963|12.09.2026 09:26:59|IF_SAPFIN_HCMPAY_001|FIN|HCM|RETRY|45247|SESS-DB9109D534|REQ-8C57DDEC5517|dest=HCM;app=Finance;business=Payment Confirmation to Payroll;mw=SFTP;mode=Batch;err=CFG_017;reason=Interface configuration mismatch;class=Configuration
EVT-0003966|13.09.2026 16:19:20|IF_SAPPP_ORSC_001|PP|ORACLE_SCM|OK|1369|SESS-6A657268B5|REQ-8CA552AFDF8D|dest=ORACLE_SCM;app=Product Planning;business=Production Plan to Supply Plan;mw=Kafka;mode=Async;err=0;reason=none;class=none
EVT-0003975|14.09.2026 16:08:50|IF_SAPFIN_HCMPAY_001|FIN|HCM|OK|16081|SESS-8E719B2707|REQ-0F25021E832E|dest=HCM;app=Finance;business=Payment Confirmation to Payroll;mw=SFTP;mode=Batch;err=0;reason=none;class=none
EVT-0003976|11.09.2026 04:56:58|IF_SAPPROC_ORWMS_001|PROC|ORACLE_SCM|RETRY|50211|SESS-E899B9DEE5|REQ-36A5AA64BF80|dest=ORACLE_SCM;app=Procurement;business=Purchase Receipt to Warehouse;mw=SFTP;mode=Batch;err=TIME_004;reason=Downstream response exceeded SLA;class=Timeout
EVT-0003983|14.09.2026 02:54:14|IF_SAPFIN_HCMPAY_001|FIN|HCM|OK|15291|SESS-24F20639C2|REQ-D2A9D10029E6|dest=HCM;app=Finance;business=Payment Confirmation to Payroll;mw=SFTP;mode=Batch;err=0;reason=none;class=none
EVT-0003984|13.09.2026 09:06:33|IF_SAPFIN_HCMPAY_001|FIN|HCM|OK|13671|SESS-FA36D9B686|REQ-9979E3214395|dest=HCM;app=Finance;business=Payment Confirmation to Payroll;mw=SFTP;mode=Batch;err=0;reason=none;class=none
EVT-0003985|10.09.2026 08:07:35|IF_SAPPP_ORSC_001|PP|ORACLE_SCM|OK|1601|SESS-691773F22D|REQ-9F14C360B9A5|dest=ORACLE_SCM;app=Product Planning;business=Production Plan to Supply Plan;mw=Kafka;mode=Async;err=0;reason=none;class=none
EVT-0003987|16.09.2026 03:00:41|IF_SAPPP_MESPE_001|PP|MES|OK|627|SESS-15B99C454B|REQ-EE0741BD7EAB|dest=MES;app=Product Planning;business=Production Order to Manufacturing;mw=Kafka;mode=Async;err=0;reason=none;class=none
EVT-0003993|15.09.2026 19:02:15|IF_SAPQM_MESPE_001|QM|MES|OK|1181|SESS-1B83CE3E32|REQ-9F5A475D79EB|dest=MES;app=Quality Management;business=Quality Release to Production;mw=Kafka;mode=Async;err=0;reason=none;class=none
EVT-0004002|16.09.2026 08:37:47|IF_SAPPROC_ORIM_001|PROC|ORACLE_SCM|RETRY|4879|SESS-CD1D05C3AC|REQ-54F61E8E8BA3|dest=ORACLE_SCM;app=Procurement;business=Purchase Order to Inventory;mw=REST_API;mode=REST;err=CAP_003;reason=Downstream service is at capacity;class=Capacity
EVT-0004005|15.09.2026 11:48:47|IF_SAPPP_ORSC_001|PP|ORACLE_SCM|OK|1458|SESS-8AB7474EE4|REQ-3AD4C1A2B2AB|dest=ORACLE_SCM;app=Product Planning;business=Production Plan to Supply Plan;mw=Kafka;mode=Async;err=0;reason=none;class=none
EVT-0004006|16.09.2026 13:45:08|IF_SAPPROC_ORIM_001|PROC|ORACLE_SCM|OK|2790|SESS-948670F38A|REQ-24400B2475AC|dest=ORACLE_SCM;app=Procurement;business=Purchase Order to Inventory;mw=REST_API;mode=REST;err=0;reason=none;class=none
EVT-0004013|11.09.2026 14:19:49|IF_SAPFIN_HCMPAY_001|FIN|HCM|OK|15579|SESS-89CDD66301|REQ-9C2FB3800440|dest=HCM;app=Finance;business=Payment Confirmation to Payroll;mw=SFTP;mode=Batch;err=0;reason=none;class=none
EVT-0004018|14.09.2026 21:09:24|IF_SAPFIN_HCMPAY_001|FIN|HCM|OK|14710|SESS-EBA3883962|REQ-932F1F419D56|dest=HCM;app=Finance;business=Payment Confirmation to Payroll;mw=SFTP;mode=Batch;err=0;reason=none;class=none
EVT-0004019|11.09.2026 23:18:24|IF_SAPPROC_ORWMS_001|PROC|ORACLE_SCM|OK|20993|SESS-3EA1F61FC3|REQ-A9AEC9846D82|dest=ORACLE_SCM;app=Procurement;business=Purchase Receipt to Warehouse;mw=SFTP;mode=Batch;err=0;reason=none;class=none
EVT-0004020|13.09.2026 05:05:14|IF_SAPFIN_HCMPAY_001|FIN|HCM|RETRY|21229|SESS-92A9937B5D|REQ-9E14719F78CD|dest=HCM;app=Finance;business=Payment Confirmation to Payroll;mw=SFTP;mode=Batch;err=VAL_400;reason=Required business field failed validation;class=Validation
EVT-0004027|16.09.2026 21:59:16|IF_SAPQM_MESPE_001|QM|MES|OK|816|SESS-26E99A1129|REQ-B118C9F74402|dest=MES;app=Quality Management;business=Quality Release to Production;mw=Kafka;mode=Async;err=0;reason=none;class=none
EVT-0004030|10.09.2026 15:45:27|IF_SAPQM_ORWMS_001|QM|ORACLE_SCM|RETRY|6144|SESS-03D7F9FCF0|REQ-8A6A7050F30A|dest=ORACLE_SCM;app=Quality Management;business=Quality Release to Warehouse;mw=Kafka;mode=Async;err=CAP_003;reason=Downstream service is at capacity;class=Capacity
EVT-0004032|12.09.2026 14:30:29|IF_SAPFIN_HCMPAY_001|FIN|HCM|OK|17546|SESS-9CB196E869|REQ-DED5145A8084|dest=HCM;app=Finance;business=Payment Confirmation to Payroll;mw=SFTP;mode=Batch;err=0;reason=none;class=none
EVT-0004033|15.09.2026 02:03:56|IF_SAPPROC_ORWMS_001|PROC|ORACLE_SCM|OK|12432|SESS-66CAB6B4ED|REQ-31B132E7BDA7|dest=ORACLE_SCM;app=Procurement;business=Purchase Receipt to Warehouse;mw=SFTP;mode=Batch;err=0;reason=none;class=none
EVT-0004034|16.09.2026 11:59:29|IF_SAPPROC_ORIM_001|PROC|ORACLE_SCM|OK|1935|SESS-85906A3FEE|REQ-8FDDFE5D1E7E|dest=ORACLE_SCM;app=Procurement;business=Purchase Order to Inventory;mw=REST_API;mode=REST;err=0;reason=none;class=none
EVT-0004040|12.09.2026 14:18:27|IF_SAPQM_ORWMS_001|QM|ORACLE_SCM|OK|2008|SESS-F79D2E3C43|REQ-FCCA06198635|dest=ORACLE_SCM;app=Quality Management;business=Quality Release to Warehouse;mw=Kafka;mode=Async;err=0;reason=none;class=none
EVT-0004045|15.09.2026 00:47:25|IF_SAPQM_ORWMS_001|QM|ORACLE_SCM|RETRY|3893|SESS-407D3BE138|REQ-B0E89B7AC7B7|dest=ORACLE_SCM;app=Quality Management;business=Quality Release to Warehouse;mw=Kafka;mode=Async;err=TIME_004;reason=Downstream response exceeded SLA;class=Timeout
EVT-0004046|11.09.2026 13:53:16|IF_SAPPROC_ORWMS_001|PROC|ORACLE_SCM|OK|11220|SESS-3A580C9FED|REQ-F119CB2780C0|dest=ORACLE_SCM;app=Procurement;business=Purchase Receipt to Warehouse;mw=SFTP;mode=Batch;err=0;reason=none;class=none
EVT-0004047|14.09.2026 01:00:04|IF_SAPPROC_ORWMS_001|PROC|ORACLE_SCM|OK|17150|SESS-CF6E962C81|REQ-4C1C8BFBD040|dest=ORACLE_SCM;app=Procurement;business=Purchase Receipt to Warehouse;mw=SFTP;mode=Batch;err=0;reason=none;class=none
EVT-0004050|12.09.2026 05:10:24|IF_SAPQM_MESPE_001|QM|MES|OK|1147|SESS-92AF4A50B4|REQ-4C4D936137A2|dest=MES;app=Quality Management;business=Quality Release to Production;mw=Kafka;mode=Async;err=0;reason=none;class=none
EVT-0004051|16.09.2026 20:27:12|IF_SAPPROC_ORWMS_001|PROC|ORACLE_SCM|OK|14919|SESS-64C2CE8980|REQ-B2AAD9A9CF03|dest=ORACLE_SCM;app=Procurement;business=Purchase Receipt to Warehouse;mw=SFTP;mode=Batch;err=0;reason=none;class=none
EVT-0004053|14.09.2026 11:16:51|IF_SAPQM_ORWMS_001|QM|ORACLE_SCM|OK|2317|SESS-BA514FFDA0|REQ-979DA5F2AF56|dest=ORACLE_SCM;app=Quality Management;business=Quality Release to Warehouse;mw=Kafka;mode=Async;err=0;reason=none;class=none
EVT-0004055|14.09.2026 11:33:08|IF_SAPQM_MESPE_001|QM|MES|OK|1063|SESS-410E4F85EC|REQ-6A0A44EB74E0|dest=MES;app=Quality Management;business=Quality Release to Production;mw=Kafka;mode=Async;err=0;reason=none;class=none
EVT-0004060|14.09.2026 23:46:16|IF_SAPQM_ORWMS_001|QM|ORACLE_SCM|OK|2775|SESS-9CFC0E15DC|REQ-5D13248595A3|dest=ORACLE_SCM;app=Quality Management;business=Quality Release to Warehouse;mw=Kafka;mode=Async;err=0;reason=none;class=none
EVT-0004063|10.09.2026 18:35:20|IF_SAPPP_MESPE_001|PP|MES|OK|1074|SESS-5E58D9B90A|REQ-10F92F7BD6D6|dest=MES;app=Product Planning;business=Production Order to Manufacturing;mw=Kafka;mode=Async;err=0;reason=none;class=none
EVT-0004064|15.09.2026 03:18:08|IF_SAPPP_ORSC_001|PP|ORACLE_SCM|ERR|10846|SESS-FDC16DF476|REQ-AF450F61C45C|dest=ORACLE_SCM;app=Product Planning;business=Production Plan to Supply Plan;mw=Kafka;mode=Async;err=DB_COMMIT_014;reason=Transaction commit failed;class=Database
EVT-0004066|11.09.2026 19:32:30|IF_SAPFIN_HCMPAY_001|FIN|HCM|OK|12888|SESS-187F429991|REQ-8AC13BFDD34B|dest=HCM;app=Finance;business=Payment Confirmation to Payroll;mw=SFTP;mode=Batch;err=0;reason=none;class=none
EVT-0004067|14.09.2026 07:22:01|IF_SAPPP_ORSC_001|PP|ORACLE_SCM|OK|1721|SESS-E14028B5EE|REQ-0AFBE12425E5|dest=ORACLE_SCM;app=Product Planning;business=Production Plan to Supply Plan;mw=Kafka;mode=Async;err=0;reason=none;class=none
EVT-0004071|13.09.2026 01:36:41|IF_SAPPP_ORSC_001|PP|ORACLE_SCM|OK|1587|SESS-B9387A9CC8|REQ-AEF080F295B0|dest=ORACLE_SCM;app=Product Planning;business=Production Plan to Supply Plan;mw=Kafka;mode=Async;err=0;reason=none;class=none
EVT-0004073|15.09.2026 02:16:58|IF_SAPQM_MESPE_001|QM|MES|OK|824|SESS-33AE6E1C40|REQ-135846E5DCAD|dest=MES;app=Quality Management;business=Quality Release to Production;mw=Kafka;mode=Async;err=0;reason=none;class=none
EVT-0004076|15.09.2026 22:27:07|IF_SAPPROC_ORWMS_001|PROC|ORACLE_SCM|OK|8828|SESS-215B5E1055|REQ-4DD39018195F|dest=ORACLE_SCM;app=Procurement;business=Purchase Receipt to Warehouse;mw=SFTP;mode=Batch;err=0;reason=none;class=none
EVT-0004077|14.09.2026 07:02:56|IF_SAPPP_ORSC_001|PP|ORACLE_SCM|RETRY|3661|SESS-BCEFE9AAB1|REQ-DBCF2A0D2D7E|dest=ORACLE_SCM;app=Product Planning;business=Production Plan to Supply Plan;mw=Kafka;mode=Async;err=NET_CONN_003;reason=Connection reset by peer;class=Network
EVT-0004080|14.09.2026 18:43:44|IF_SAPFIN_HCMPAY_001|FIN|HCM|OK|12112|SESS-A23F353F9C|REQ-8AB7C6D12F1F|dest=HCM;app=Finance;business=Payment Confirmation to Payroll;mw=SFTP;mode=Batch;err=0;reason=none;class=none
EVT-0004082|11.09.2026 22:37:40|IF_SAPPROC_ORWMS_001|PROC|ORACLE_SCM|OK|11481|SESS-F31C231DCE|REQ-BABC8C3CB56F|dest=ORACLE_SCM;app=Procurement;business=Purchase Receipt to Warehouse;mw=SFTP;mode=Batch;err=0;reason=none;class=none
EVT-0004084|14.09.2026 19:12:59|IF_SAPQM_MESPE_001|QM|MES|OK|1062|SESS-F89A926EF1|REQ-270C6DD14CFA|dest=MES;app=Quality Management;business=Quality Release to Production;mw=Kafka;mode=Async;err=0;reason=none;class=none
EVT-0004085|15.09.2026 23:46:36|IF_SAPFIN_HCMPAY_001|FIN|HCM|ERR|52645|SESS-12A99AE768|REQ-2D4C31CF8E72|dest=HCM;app=Finance;business=Payment Confirmation to Payroll;mw=SFTP;mode=Batch;err=CFG_017;reason=Interface configuration mismatch;class=Configuration
EVT-0004086|16.09.2026 08:50:49|IF_SAPPROC_ORWMS_001|PROC|ORACLE_SCM|RETRY|26482|SESS-85FB934B68|REQ-2F17EF285765|dest=ORACLE_SCM;app=Procurement;business=Purchase Receipt to Warehouse;mw=SFTP;mode=Batch;err=VAL_400;reason=Required business field failed validation;class=Validation
EVT-0004094|13.09.2026 14:00:29|IF_SAPPROC_ORIM_001|PROC|ORACLE_SCM|OK|2834|SESS-673DB52947|REQ-F1B8FB023131|dest=ORACLE_SCM;app=Procurement;business=Purchase Order to Inventory;mw=REST_API;mode=REST;err=0;reason=none;class=none
EVT-0004103|14.09.2026 13:08:16|IF_SAPFIN_HCMPAY_001|FIN|HCM|OK|13885|SESS-4CDAA3A0A3|REQ-9BC4B2277D61|dest=HCM;app=Finance;business=Payment Confirmation to Payroll;mw=SFTP;mode=Batch;err=0;reason=none;class=none
EVT-0004104|16.09.2026 00:03:23|IF_SAPQM_ORWMS_001|QM|ORACLE_SCM|OK|1627|SESS-00EA1DD6BE|REQ-BD897CFEA0D0|dest=ORACLE_SCM;app=Quality Management;business=Quality Release to Warehouse;mw=Kafka;mode=Async;err=0;reason=none;class=none
EVT-0004108|14.09.2026 23:21:41|IF_SAPPP_MESPE_001|PP|MES|OK|733|SESS-EB62E36984|REQ-4F4684763DAC|dest=MES;app=Product Planning;business=Production Order to Manufacturing;mw=Kafka;mode=Async;err=0;reason=none;class=none
EVT-0004110|13.09.2026 16:55:35|IF_SAPFIN_HCMPAY_001|FIN|HCM|OK|10744|SESS-D3233219FB|REQ-4A6E7147D86B|dest=HCM;app=Finance;business=Payment Confirmation to Payroll;mw=SFTP;mode=Batch;err=0;reason=none;class=none
EVT-0004122|10.09.2026 16:21:24|IF_SAPQM_MESPE_001|QM|MES|OK|967|SESS-554FF4904B|REQ-F60FF8CE342C|dest=MES;app=Quality Management;business=Quality Release to Production;mw=Kafka;mode=Async;err=0;reason=none;class=none
EVT-0004126|12.09.2026 16:42:44|IF_SAPPP_MESPE_001|PP|MES|OK|904|SESS-B13D8CCDD2|REQ-EC346AE68B3E|dest=MES;app=Product Planning;business=Production Order to Manufacturing;mw=Kafka;mode=Async;err=0;reason=none;class=none
EVT-0004131|16.09.2026 17:08:38|IF_SAPQM_ORWMS_001|QM|ORACLE_SCM|OK|2293|SESS-F1992B20A0|REQ-33D1C172C92C|dest=ORACLE_SCM;app=Quality Management;business=Quality Release to Warehouse;mw=Kafka;mode=Async;err=0;reason=none;class=none
EVT-0004132|16.09.2026 01:08:02|IF_SAPPROC_ORWMS_001|PROC|ORACLE_SCM|RETRY|26337|SESS-E552DEDDE2|REQ-7E21C9FE5B18|dest=ORACLE_SCM;app=Procurement;business=Purchase Receipt to Warehouse;mw=SFTP;mode=Batch;err=VAL_400;reason=Required business field failed validation;class=Validation
EVT-0004134|11.09.2026 00:49:57|IF_SAPPROC_ORIM_001|PROC|ORACLE_SCM|OK|1924|SESS-C4A5868380|REQ-526462A43A03|dest=ORACLE_SCM;app=Procurement;business=Purchase Order to Inventory;mw=REST_API;mode=REST;err=0;reason=none;class=none
EVT-0004135|15.09.2026 13:50:06|IF_SAPPP_MESPE_001|PP|MES|OK|653|SESS-6455465509|REQ-95AEF8DAB06E|dest=MES;app=Product Planning;business=Production Order to Manufacturing;mw=Kafka;mode=Async;err=0;reason=none;class=none
EVT-0004136|15.09.2026 13:56:02|IF_SAPPROC_ORWMS_001|PROC|ORACLE_SCM|OK|12596|SESS-BD81DE13C1|REQ-D0853B09E279|dest=ORACLE_SCM;app=Procurement;business=Purchase Receipt to Warehouse;mw=SFTP;mode=Batch;err=0;reason=none;class=none
EVT-0004139|14.09.2026 12:09:46|IF_SAPPP_ORSC_001|PP|ORACLE_SCM|RETRY|2768|SESS-2F63D82462|REQ-404986DFBA21|dest=ORACLE_SCM;app=Product Planning;business=Production Plan to Supply Plan;mw=Kafka;mode=Async;err=VAL_400;reason=Required business field failed validation;class=Validation
EVT-0004141|14.09.2026 10:01:38|IF_SAPQM_ORWMS_001|QM|ORACLE_SCM|ERR|17203|SESS-2F12EC136E|REQ-23205989FF2E|dest=ORACLE_SCM;app=Quality Management;business=Quality Release to Warehouse;mw=Kafka;mode=Async;err=NET_CONN_003;reason=Connection reset by peer;class=Network
EVT-0004142|11.09.2026 10:34:08|IF_SAPPP_MESPE_001|PP|MES|OK|860|SESS-F0DAC51ABD|REQ-B09D40049EFB|dest=MES;app=Product Planning;business=Production Order to Manufacturing;mw=Kafka;mode=Async;err=0;reason=none;class=none
EVT-0004144|13.09.2026 15:38:44|IF_SAPFIN_HCMPAY_001|FIN|HCM|OK|11862|SESS-5F5A98D9B9|REQ-FCBA381803D7|dest=HCM;app=Finance;business=Payment Confirmation to Payroll;mw=SFTP;mode=Batch;err=0;reason=none;class=none
EVT-0004155|12.09.2026 20:16:55|IF_SAPPROC_ORIM_001|PROC|ORACLE_SCM|OK|2000|SESS-A957762AF2|REQ-74569C683037|dest=ORACLE_SCM;app=Procurement;business=Purchase Order to Inventory;mw=REST_API;mode=REST;err=0;reason=none;class=none
EVT-0004157|16.09.2026 20:44:37|IF_SAPPROC_ORIM_001|PROC|ORACLE_SCM|OK|1978|SESS-A7E46FBC71|REQ-77D6AB66D285|dest=ORACLE_SCM;app=Procurement;business=Purchase Order to Inventory;mw=REST_API;mode=REST;err=0;reason=none;class=none
EVT-0004169|11.09.2026 09:49:11|IF_SAPPP_MESPE_001|PP|MES|OK|633|SESS-DF0077A4F1|REQ-1502DA42D781|dest=MES;app=Product Planning;business=Production Order to Manufacturing;mw=Kafka;mode=Async;err=0;reason=none;class=none
EVT-0004175|10.09.2026 03:59:23|IF_SAPFIN_HCMPAY_001|FIN|HCM|RETRY|53061|SESS-66CAF601B9|REQ-BF5F803ED7A1|dest=HCM;app=Finance;business=Payment Confirmation to Payroll;mw=SFTP;mode=Batch;err=EXT_502;reason=Downstream service returned 502;class=External Service
EVT-0004181|12.09.2026 18:21:23|IF_SAPPP_MESPE_001|PP|MES|OK|905|SESS-AB5F9E2680|REQ-C75E33F649C5|dest=MES;app=Product Planning;business=Production Order to Manufacturing;mw=Kafka;mode=Async;err=0;reason=none;class=none
EVT-0004183|16.09.2026 18:54:06|IF_SAPPROC_ORWMS_001|PROC|ORACLE_SCM|OK|15360|SESS-BC6C55405B|REQ-BC2095BF032A|dest=ORACLE_SCM;app=Procurement;business=Purchase Receipt to Warehouse;mw=SFTP;mode=Batch;err=0;reason=none;class=none
EVT-0004185|11.09.2026 15:52:58|IF_SAPQM_MESPE_001|QM|MES|RETRY|3310|SESS-7DD95A4FC7|REQ-E889BC31C9E8|dest=MES;app=Quality Management;business=Quality Release to Production;mw=Kafka;mode=Async;err=CAP_003;reason=Downstream service is at capacity;class=Capacity
EVT-0004187|13.09.2026 05:37:36|IF_SAPQM_ORWMS_001|QM|ORACLE_SCM|ERR|18199|SESS-A37AC70CA4|REQ-4AB81D9FEEF0|dest=ORACLE_SCM;app=Quality Management;business=Quality Release to Warehouse;mw=Kafka;mode=Async;err=AUTHZ_403;reason=Caller is not authorized;class=Authorization
EVT-0004188|10.09.2026 18:32:23|IF_SAPQM_MESPE_001|QM|MES|OK|464|SESS-CCF4AD42AE|REQ-3C2029F2A695|dest=MES;app=Quality Management;business=Quality Release to Production;mw=Kafka;mode=Async;err=0;reason=none;class=none
EVT-0004194|15.09.2026 11:51:44|IF_SAPPROC_ORIM_001|PROC|ORACLE_SCM|OK|2590|SESS-B9DBAFCF74|REQ-DCBF93434C9B|dest=ORACLE_SCM;app=Procurement;business=Purchase Order to Inventory;mw=REST_API;mode=REST;err=0;reason=none;class=none
EVT-0004197|12.09.2026 13:21:08|IF_SAPFIN_HCMPAY_001|FIN|HCM|OK|11358|SESS-5F09600C3C|REQ-9ED3831AC09A|dest=HCM;app=Finance;business=Payment Confirmation to Payroll;mw=SFTP;mode=Batch;err=0;reason=none;class=none
EVT-0004201|12.09.2026 13:38:21|IF_SAPPROC_ORWMS_001|PROC|ORACLE_SCM|OK|19822|SESS-C3AB80D1C2|REQ-EA84D0A4C9D5|dest=ORACLE_SCM;app=Procurement;business=Purchase Receipt to Warehouse;mw=SFTP;mode=Batch;err=0;reason=none;class=none
EVT-0004203|13.09.2026 12:41:55|IF_SAPQM_MESPE_001|QM|MES|OK|952|SESS-BEC70F0F90|REQ-92658869EFE7|dest=MES;app=Quality Management;business=Quality Release to Production;mw=Kafka;mode=Async;err=0;reason=none;class=none
EVT-0004220|14.09.2026 21:20:43|IF_SAPPP_ORSC_001|PP|ORACLE_SCM|OK|955|SESS-405A8DF124|REQ-73FCDEC8B230|dest=ORACLE_SCM;app=Product Planning;business=Production Plan to Supply Plan;mw=Kafka;mode=Async;err=0;reason=none;class=none
EVT-0004225|10.09.2026 17:09:15|IF_SAPPROC_ORIM_001|PROC|ORACLE_SCM|OK|2456|SESS-1C7C928DC9|REQ-B71D11C57A45|dest=ORACLE_SCM;app=Procurement;business=Purchase Order to Inventory;mw=REST_API;mode=REST;err=0;reason=none;class=none
EVT-0004226|16.09.2026 13:45:28|IF_SAPPROC_ORIM_001|PROC|ORACLE_SCM|OK|1438|SESS-28BB34AA47|REQ-17E0FA4475C9|dest=ORACLE_SCM;app=Procurement;business=Purchase Order to Inventory;mw=REST_API;mode=REST;err=0;reason=none;class=none
EVT-0004228|13.09.2026 23:13:49|IF_SAPQM_ORWMS_001|QM|ORACLE_SCM|OK|2402|SESS-75BB5EC2D9|REQ-355596530CA5|dest=ORACLE_SCM;app=Quality Management;business=Quality Release to Warehouse;mw=Kafka;mode=Async;err=0;reason=none;class=none
EVT-0004232|12.09.2026 20:53:22|IF_SAPPROC_ORWMS_001|PROC|ORACLE_SCM|OK|16420|SESS-A04C50AE9C|REQ-5C1A3677B0AA|dest=ORACLE_SCM;app=Procurement;business=Purchase Receipt to Warehouse;mw=SFTP;mode=Batch;err=0;reason=none;class=none
EVT-0004247|12.09.2026 03:38:08|IF_SAPPROC_ORIM_001|PROC|ORACLE_SCM|OK|2547|SESS-9FBD48628A|REQ-5F83EA261EFF|dest=ORACLE_SCM;app=Procurement;business=Purchase Order to Inventory;mw=REST_API;mode=REST;err=0;reason=none;class=none
EVT-0004248|11.09.2026 04:53:27|IF_SAPPROC_ORWMS_001|PROC|ORACLE_SCM|RETRY|36794|SESS-59CCC60FCB|REQ-370E454241D2|dest=ORACLE_SCM;app=Procurement;business=Purchase Receipt to Warehouse;mw=SFTP;mode=Batch;err=CAP_003;reason=Downstream service is at capacity;class=Capacity
EVT-0004250|13.09.2026 22:39:18|IF_SAPPP_ORSC_001|PP|ORACLE_SCM|OK|1153|SESS-94941B8DAB|REQ-332D232471CF|dest=ORACLE_SCM;app=Product Planning;business=Production Plan to Supply Plan;mw=Kafka;mode=Async;err=0;reason=none;class=none
EVT-0004253|10.09.2026 20:35:45|IF_SAPFIN_HCMPAY_001|FIN|HCM|ERR|80130|SESS-79101FA466|REQ-8130D528524D|dest=HCM;app=Finance;business=Payment Confirmation to Payroll;mw=SFTP;mode=Batch;err=EXT_502;reason=Downstream service returned 502;class=External Service
EVT-0004257|15.09.2026 05:24:49|IF_SAPPROC_ORIM_001|PROC|ORACLE_SCM|OK|1891|SESS-D3EF8E0870|REQ-5BB10B4DE3BF|dest=ORACLE_SCM;app=Procurement;business=Purchase Order to Inventory;mw=REST_API;mode=REST;err=0;reason=none;class=none
EVT-0004264|16.09.2026 23:43:38|IF_SAPFIN_HCMPAY_001|FIN|HCM|OK|10688|SESS-AEB79975AC|REQ-D6D4D840B876|dest=HCM;app=Finance;business=Payment Confirmation to Payroll;mw=SFTP;mode=Batch;err=0;reason=none;class=none
EVT-0004266|13.09.2026 17:33:36|IF_SAPQM_MESPE_001|QM|MES|OK|1123|SESS-11E4901FE9|REQ-30BDDBB23F45|dest=MES;app=Quality Management;business=Quality Release to Production;mw=Kafka;mode=Async;err=0;reason=none;class=none
EVT-0004268|10.09.2026 18:40:26|IF_SAPPP_ORSC_001|PP|ORACLE_SCM|OK|1599|SESS-DEE5C9466A|REQ-D77F31A328FE|dest=ORACLE_SCM;app=Product Planning;business=Production Plan to Supply Plan;mw=Kafka;mode=Async;err=0;reason=none;class=none
EVT-0004279|13.09.2026 07:06:43|IF_SAPPROC_ORWMS_001|PROC|ORACLE_SCM|ERR|68829|SESS-1A06303568|REQ-0643AA59DCF9|dest=ORACLE_SCM;app=Procurement;business=Purchase Receipt to Warehouse;mw=SFTP;mode=Batch;err=VAL_400;reason=Required business field failed validation;class=Validation
EVT-0004283|14.09.2026 10:22:35|IF_SAPPROC_ORWMS_001|PROC|ORACLE_SCM|OK|15080|SESS-B2B1E4B1E5|REQ-3986312EA061|dest=ORACLE_SCM;app=Procurement;business=Purchase Receipt to Warehouse;mw=SFTP;mode=Batch;err=0;reason=none;class=none
EVT-0004286|11.09.2026 10:30:53|IF_SAPQM_ORWMS_001|QM|ORACLE_SCM|OK|2246|SESS-96E7E638C5|REQ-7703428D466B|dest=ORACLE_SCM;app=Quality Management;business=Quality Release to Warehouse;mw=Kafka;mode=Async;err=0;reason=none;class=none
EVT-0004292|13.09.2026 21:36:58|IF_SAPFIN_HCMPAY_001|FIN|HCM|OK|11756|SESS-64BD519357|REQ-47A8019722FF|dest=HCM;app=Finance;business=Payment Confirmation to Payroll;mw=SFTP;mode=Batch;err=0;reason=none;class=none
EVT-0004293|11.09.2026 07:25:07|IF_SAPPROC_ORWMS_001|PROC|ORACLE_SCM|ERR|52639|SESS-47F0EA2EB9|REQ-D070004CE46E|dest=ORACLE_SCM;app=Procurement;business=Purchase Receipt to Warehouse;mw=SFTP;mode=Batch;err=EXT_502;reason=Downstream service returned 502;class=External Service
EVT-0004295|13.09.2026 08:43:30|IF_SAPQM_ORWMS_001|QM|ORACLE_SCM|OK|2311|SESS-3DF7D304C8|REQ-46D88987DC99|dest=ORACLE_SCM;app=Quality Management;business=Quality Release to Warehouse;mw=Kafka;mode=Async;err=0;reason=none;class=none
EVT-0004299|12.09.2026 13:01:41|IF_SAPFIN_HCMPAY_001|FIN|HCM|OK|12774|SESS-B8D545EBE4|REQ-4D00255CD80A|dest=HCM;app=Finance;business=Payment Confirmation to Payroll;mw=SFTP;mode=Batch;err=0;reason=none;class=none
EVT-0004306|14.09.2026 17:33:49|IF_SAPPP_ORSC_001|PP|ORACLE_SCM|OK|1185|SESS-8241142C9B|REQ-7EDA6EEFCFBE|dest=ORACLE_SCM;app=Product Planning;business=Production Plan to Supply Plan;mw=Kafka;mode=Async;err=0;reason=none;class=none
EVT-0004310|13.09.2026 16:51:57|IF_SAPQM_MESPE_001|QM|MES|OK|907|SESS-13D82DB0B5|REQ-CF6DD282B7DC|dest=MES;app=Quality Management;business=Quality Release to Production;mw=Kafka;mode=Async;err=0;reason=none;class=none
EVT-0004311|16.09.2026 02:33:44|IF_SAPPP_ORSC_001|PP|ORACLE_SCM|ERR|1958|SESS-6F17472BAC|REQ-14F84A4A7A94|dest=ORACLE_SCM;app=Product Planning;business=Production Plan to Supply Plan;mw=Kafka;mode=Async;err=CFG_017;reason=Interface configuration mismatch;class=Configuration
EVT-0004318|16.09.2026 09:03:28|IF_SAPPROC_ORWMS_001|PROC|ORACLE_SCM|OK|11980|SESS-F9122B160B|REQ-0E28243B2F40|dest=ORACLE_SCM;app=Procurement;business=Purchase Receipt to Warehouse;mw=SFTP;mode=Batch;err=0;reason=none;class=none
EVT-0004327|12.09.2026 20:28:54|IF_SAPQM_MESPE_001|QM|MES|OK|1069|SESS-E32F8EE272|REQ-AE342DC3CFA6|dest=MES;app=Quality Management;business=Quality Release to Production;mw=Kafka;mode=Async;err=0;reason=none;class=none
EVT-0004337|12.09.2026 06:07:18|IF_SAPQM_MESPE_001|QM|MES|OK|997|SESS-E1A43FC0F9|REQ-EDCBF3A5137D|dest=MES;app=Quality Management;business=Quality Release to Production;mw=Kafka;mode=Async;err=0;reason=none;class=none
EVT-0004341|13.09.2026 02:30:25|IF_SAPPROC_ORWMS_001|PROC|ORACLE_SCM|OK|12153|SESS-07A0484271|REQ-46BFFA9BB5AD|dest=ORACLE_SCM;app=Procurement;business=Purchase Receipt to Warehouse;mw=SFTP;mode=Batch;err=0;reason=none;class=none
EVT-0004345|13.09.2026 22:16:28|IF_SAPFIN_HCMPAY_001|FIN|HCM|OK|11644|SESS-C723FAE40F|REQ-AC787923D624|dest=HCM;app=Finance;business=Payment Confirmation to Payroll;mw=SFTP;mode=Batch;err=0;reason=none;class=none
EVT-0004348|16.09.2026 09:31:18|IF_SAPQM_MESPE_001|QM|MES|RETRY|2906|SESS-5AB6862D10|REQ-CF7A8771C232|dest=MES;app=Quality Management;business=Quality Release to Production;mw=Kafka;mode=Async;err=INFRA_008;reason=Runtime node unavailable;class=Infrastructure
EVT-0004352|11.09.2026 10:44:24|IF_SAPPROC_ORWMS_001|PROC|ORACLE_SCM|RETRY|38082|SESS-BCCEF9C2A3|REQ-CF690EDB223E|dest=ORACLE_SCM;app=Procurement;business=Purchase Receipt to Warehouse;mw=SFTP;mode=Batch;err=DB_COMMIT_014;reason=Transaction commit failed;class=Database
EVT-0004354|12.09.2026 04:50:52|IF_SAPPP_MESPE_001|PP|MES|RETRY|2941|SESS-1BBAA861FA|REQ-059D8E054542|dest=MES;app=Product Planning;business=Production Order to Manufacturing;mw=Kafka;mode=Async;err=AUTH_401;reason=Service credential rejected;class=Authentication
EVT-0004361|12.09.2026 03:35:22|IF_SAPQM_ORWMS_001|QM|ORACLE_SCM|OK|2555|SESS-355B59F6A5|REQ-A98FDDE10D51|dest=ORACLE_SCM;app=Quality Management;business=Quality Release to Warehouse;mw=Kafka;mode=Async;err=0;reason=none;class=none
EVT-0004364|11.09.2026 10:54:44|IF_SAPQM_MESPE_001|QM|MES|OK|800|SESS-C3F819C610|REQ-82C92718A59C|dest=MES;app=Quality Management;business=Quality Release to Production;mw=Kafka;mode=Async;err=0;reason=none;class=none
EVT-0004369|16.09.2026 08:33:18|IF_SAPPP_ORSC_001|PP|ORACLE_SCM|OK|1197|SESS-75E21FBEA0|REQ-889BA194C5BA|dest=ORACLE_SCM;app=Product Planning;business=Production Plan to Supply Plan;mw=Kafka;mode=Async;err=0;reason=none;class=none
EVT-0004371|15.09.2026 20:54:32|IF_SAPPP_MESPE_001|PP|MES|OK|673|SESS-9504428462|REQ-6327D1598835|dest=MES;app=Product Planning;business=Production Order to Manufacturing;mw=Kafka;mode=Async;err=0;reason=none;class=none
EVT-0004372|16.09.2026 22:49:17|IF_SAPPROC_ORIM_001|PROC|ORACLE_SCM|OK|1642|SESS-16A2102394|REQ-E9B76B3966B5|dest=ORACLE_SCM;app=Procurement;business=Purchase Order to Inventory;mw=REST_API;mode=REST;err=0;reason=none;class=none
EVT-0004376|15.09.2026 15:49:06|IF_SAPQM_ORWMS_001|QM|ORACLE_SCM|OK|3022|SESS-06D30417A4|REQ-58D73EC4912B|dest=ORACLE_SCM;app=Quality Management;business=Quality Release to Warehouse;mw=Kafka;mode=Async;err=0;reason=none;class=none
EVT-0004381|13.09.2026 06:18:21|IF_SAPQM_ORWMS_001|QM|ORACLE_SCM|OK|2599|SESS-826553C215|REQ-9E129BEA2065|dest=ORACLE_SCM;app=Quality Management;business=Quality Release to Warehouse;mw=Kafka;mode=Async;err=0;reason=none;class=none
EVT-0004383|13.09.2026 03:59:40|IF_SAPPP_ORSC_001|PP|ORACLE_SCM|OK|1559|SESS-76409673B2|REQ-FBF9772A36AB|dest=ORACLE_SCM;app=Product Planning;business=Production Plan to Supply Plan;mw=Kafka;mode=Async;err=0;reason=none;class=none
EVT-0004385|13.09.2026 23:08:10|IF_SAPPROC_ORIM_001|PROC|ORACLE_SCM|OK|3147|SESS-3161C82AF7|REQ-8203904B40B3|dest=ORACLE_SCM;app=Procurement;business=Purchase Order to Inventory;mw=REST_API;mode=REST;err=0;reason=none;class=none
EVT-0004388|12.09.2026 08:24:18|IF_SAPPP_MESPE_001|PP|MES|ERR|4329|SESS-D1350387CF|REQ-16FA79C76E89|dest=MES;app=Product Planning;business=Production Order to Manufacturing;mw=Kafka;mode=Async;err=NET_CONN_003;reason=Connection reset by peer;class=Network
EVT-0004390|10.09.2026 15:35:24|IF_SAPPP_ORSC_001|PP|ORACLE_SCM|OK|1780|SESS-964A5F4131|REQ-D783DCCA3907|dest=ORACLE_SCM;app=Product Planning;business=Production Plan to Supply Plan;mw=Kafka;mode=Async;err=0;reason=none;class=none
EVT-0004391|13.09.2026 14:14:14|IF_SAPFIN_HCMPAY_001|FIN|HCM|OK|14654|SESS-4883018A3F|REQ-0AECE310DC1D|dest=HCM;app=Finance;business=Payment Confirmation to Payroll;mw=SFTP;mode=Batch;err=0;reason=none;class=none
EVT-0004392|12.09.2026 00:40:09|IF_SAPPROC_ORIM_001|PROC|ORACLE_SCM|OK|2724|SESS-BED12DF657|REQ-DAF0E67009DE|dest=ORACLE_SCM;app=Procurement;business=Purchase Order to Inventory;mw=REST_API;mode=REST;err=0;reason=none;class=none
EVT-0004394|10.09.2026 10:24:34|IF_SAPPROC_ORIM_001|PROC|ORACLE_SCM|OK|2164|SESS-70492671D4|REQ-04261041E108|dest=ORACLE_SCM;app=Procurement;business=Purchase Order to Inventory;mw=REST_API;mode=REST;err=0;reason=none;class=none
EVT-0004395|14.09.2026 13:52:37|IF_SAPPP_MESPE_001|PP|MES|OK|761|SESS-A9C05F0FD0|REQ-E0A3BA743133|dest=MES;app=Product Planning;business=Production Order to Manufacturing;mw=Kafka;mode=Async;err=0;reason=none;class=none
EVT-0004398|12.09.2026 03:04:36|IF_SAPQM_ORWMS_001|QM|ORACLE_SCM|OK|2671|SESS-E172E3E393|REQ-EFDE9E512ADA|dest=ORACLE_SCM;app=Quality Management;business=Quality Release to Warehouse;mw=Kafka;mode=Async;err=0;reason=none;class=none
EVT-0004412|11.09.2026 22:33:48|IF_SAPPROC_ORWMS_001|PROC|ORACLE_SCM|OK|9947|SESS-20B82B909B|REQ-50389C5EBF26|dest=ORACLE_SCM;app=Procurement;business=Purchase Receipt to Warehouse;mw=SFTP;mode=Batch;err=0;reason=none;class=none
EVT-0004418|16.09.2026 16:07:06|IF_SAPQM_MESPE_001|QM|MES|OK|1087|SESS-7A10A66461|REQ-D39E880F7EA3|dest=MES;app=Quality Management;business=Quality Release to Production;mw=Kafka;mode=Async;err=0;reason=none;class=none
EVT-0004419|15.09.2026 03:31:46|IF_SAPPP_ORSC_001|PP|ORACLE_SCM|OK|1561|SESS-688B9358A7|REQ-97B20D823735|dest=ORACLE_SCM;app=Product Planning;business=Production Plan to Supply Plan;mw=Kafka;mode=Async;err=0;reason=none;class=none
EVT-0004423|15.09.2026 21:48:22|IF_SAPPP_MESPE_001|PP|MES|OK|785|SESS-1F7163627C|REQ-CF6E2A9133EE|dest=MES;app=Product Planning;business=Production Order to Manufacturing;mw=Kafka;mode=Async;err=0;reason=none;class=none
EVT-0004425|16.09.2026 18:07:10|IF_SAPPROC_ORWMS_001|PROC|ORACLE_SCM|OK|10744|SESS-5C0273149D|REQ-2C1B6FBB3996|dest=ORACLE_SCM;app=Procurement;business=Purchase Receipt to Warehouse;mw=SFTP;mode=Batch;err=0;reason=none;class=none
EVT-0004430|13.09.2026 02:29:01|IF_SAPQM_ORWMS_001|QM|ORACLE_SCM|OK|1320|SESS-EBBFEB97E3|REQ-E99A9D35F555|dest=ORACLE_SCM;app=Quality Management;business=Quality Release to Warehouse;mw=Kafka;mode=Async;err=0;reason=none;class=none
EVT-0004434|10.09.2026 10:14:08|IF_SAPPROC_ORIM_001|PROC|ORACLE_SCM|OK|2611|SESS-000284D7AB|REQ-08BD0260AF04|dest=ORACLE_SCM;app=Procurement;business=Purchase Order to Inventory;mw=REST_API;mode=REST;err=0;reason=none;class=none
EVT-0004435|15.09.2026 22:15:50|IF_SAPPROC_ORIM_001|PROC|ORACLE_SCM|OK|2442|SESS-987756BC90|REQ-A26E8E117B31|dest=ORACLE_SCM;app=Procurement;business=Purchase Order to Inventory;mw=REST_API;mode=REST;err=0;reason=none;class=none
EVT-0004438|15.09.2026 09:21:20|IF_SAPPP_ORSC_001|PP|ORACLE_SCM|OK|948|SESS-150FB58211|REQ-96B58B1921FD|dest=ORACLE_SCM;app=Product Planning;business=Production Plan to Supply Plan;mw=Kafka;mode=Async;err=0;reason=none;class=none
EVT-0004439|11.09.2026 16:30:16|IF_SAPPP_MESPE_001|PP|MES|RETRY|2166|SESS-E2BCBE7311|REQ-E091EAEB317B|dest=MES;app=Product Planning;business=Production Order to Manufacturing;mw=Kafka;mode=Async;err=CFG_017;reason=Interface configuration mismatch;class=Configuration
EVT-0004441|15.09.2026 04:56:57|IF_SAPPROC_ORIM_001|PROC|ORACLE_SCM|OK|2855|SESS-4E391E085F|REQ-02D337FF879E|dest=ORACLE_SCM;app=Procurement;business=Purchase Order to Inventory;mw=REST_API;mode=REST;err=0;reason=none;class=none
EVT-0004444|14.09.2026 10:18:24|IF_SAPFIN_HCMPAY_001|FIN|HCM|OK|11880|SESS-C340330DCD|REQ-2C57BB2EC976|dest=HCM;app=Finance;business=Payment Confirmation to Payroll;mw=SFTP;mode=Batch;err=0;reason=none;class=none
EVT-0004451|13.09.2026 13:46:20|IF_SAPPP_ORSC_001|PP|ORACLE_SCM|OK|1203|SESS-985A237269|REQ-465FA9363D14|dest=ORACLE_SCM;app=Product Planning;business=Production Plan to Supply Plan;mw=Kafka;mode=Async;err=0;reason=none;class=none
EVT-0004454|10.09.2026 01:59:43|IF_SAPPP_ORSC_001|PP|ORACLE_SCM|OK|1676|SESS-072BCC41F5|REQ-F741C4381E89|dest=ORACLE_SCM;app=Product Planning;business=Production Plan to Supply Plan;mw=Kafka;mode=Async;err=0;reason=none;class=none
EVT-0004462|11.09.2026 15:20:40|IF_SAPQM_MESPE_001|QM|MES|OK|707|SESS-AE3DD1ABED|REQ-311201401449|dest=MES;app=Quality Management;business=Quality Release to Production;mw=Kafka;mode=Async;err=0;reason=none;class=none
EVT-0004464|13.09.2026 02:21:17|IF_SAPPROC_ORIM_001|PROC|ORACLE_SCM|OK|2289|SESS-BF2C68448C|REQ-63F62DF4B0A7|dest=ORACLE_SCM;app=Procurement;business=Purchase Order to Inventory;mw=REST_API;mode=REST;err=0;reason=none;class=none
EVT-0004466|15.09.2026 15:16:08|IF_SAPQM_MESPE_001|QM|MES|OK|832|SESS-9EC799C48C|REQ-A204D2F5F7ED|dest=MES;app=Quality Management;business=Quality Release to Production;mw=Kafka;mode=Async;err=0;reason=none;class=none
EVT-0004476|15.09.2026 08:14:40|IF_SAPFIN_HCMPAY_001|FIN|HCM|OK|15980|SESS-18E724C969|REQ-95213849A790|dest=HCM;app=Finance;business=Payment Confirmation to Payroll;mw=SFTP;mode=Batch;err=0;reason=none;class=none
EVT-0004478|13.09.2026 14:58:30|IF_SAPPROC_ORIM_001|PROC|ORACLE_SCM|OK|2666|SESS-20D613AB6A|REQ-70AE59735CC2|dest=ORACLE_SCM;app=Procurement;business=Purchase Order to Inventory;mw=REST_API;mode=REST;err=0;reason=none;class=none
EVT-0004480|14.09.2026 20:59:30|IF_SAPQM_MESPE_001|QM|MES|OK|1358|SESS-DB34346FA1|REQ-0B55E22245D5|dest=MES;app=Quality Management;business=Quality Release to Production;mw=Kafka;mode=Async;err=0;reason=none;class=none
EVT-0004481|11.09.2026 15:11:49|IF_SAPPP_ORSC_001|PP|ORACLE_SCM|OK|1163|SESS-FAD95B65CE|REQ-E26DF0F4B22E|dest=ORACLE_SCM;app=Product Planning;business=Production Plan to Supply Plan;mw=Kafka;mode=Async;err=0;reason=none;class=none
EVT-0004488|10.09.2026 22:32:53|IF_SAPPROC_ORWMS_001|PROC|ORACLE_SCM|OK|15323|SESS-E517EAD250|REQ-D1087A216633|dest=ORACLE_SCM;app=Procurement;business=Purchase Receipt to Warehouse;mw=SFTP;mode=Batch;err=0;reason=none;class=none
EVT-0004491|15.09.2026 22:55:35|IF_SAPPROC_ORWMS_001|PROC|ORACLE_SCM|OK|20566|SESS-93A2A35E9B|REQ-F2C41DD9D72A|dest=ORACLE_SCM;app=Procurement;business=Purchase Receipt to Warehouse;mw=SFTP;mode=Batch;err=0;reason=none;class=none
EVT-0004492|10.09.2026 09:37:07|IF_SAPPP_ORSC_001|PP|ORACLE_SCM|OK|954|SESS-5E0FEB6BE3|REQ-123CA3A3E874|dest=ORACLE_SCM;app=Product Planning;business=Production Plan to Supply Plan;mw=Kafka;mode=Async;err=0;reason=none;class=none
EVT-0004493|10.09.2026 13:53:18|IF_SAPQM_MESPE_001|QM|MES|OK|862|SESS-9D339FD58D|REQ-87C74AFB1B16|dest=MES;app=Quality Management;business=Quality Release to Production;mw=Kafka;mode=Async;err=0;reason=none;class=none
EVT-0004494|16.09.2026 10:49:33|IF_SAPPROC_ORIM_001|PROC|ORACLE_SCM|OK|2398|SESS-C07397318F|REQ-C69D89735ACA|dest=ORACLE_SCM;app=Procurement;business=Purchase Order to Inventory;mw=REST_API;mode=REST;err=0;reason=none;class=none
EVT-0004497|10.09.2026 14:38:03|IF_SAPQM_MESPE_001|QM|MES|OK|902|SESS-62B179682E|REQ-83C5D7F9CCCE|dest=MES;app=Quality Management;business=Quality Release to Production;mw=Kafka;mode=Async;err=0;reason=none;class=none
EVT-0004505|12.09.2026 10:47:02|IF_SAPPP_ORSC_001|PP|ORACLE_SCM|OK|1517|SESS-D91EB5CE09|REQ-187FA3058268|dest=ORACLE_SCM;app=Product Planning;business=Production Plan to Supply Plan;mw=Kafka;mode=Async;err=0;reason=none;class=none
EVT-0004521|11.09.2026 19:44:10|IF_SAPFIN_HCMPAY_001|FIN|HCM|OK|9817|SESS-E6DFB2F45C|REQ-B42143A17B67|dest=HCM;app=Finance;business=Payment Confirmation to Payroll;mw=SFTP;mode=Batch;err=0;reason=none;class=none
EVT-0004528|12.09.2026 06:25:25|IF_SAPQM_ORWMS_001|QM|ORACLE_SCM|OK|1619|SESS-A620765BAA|REQ-82837BBB0586|dest=ORACLE_SCM;app=Quality Management;business=Quality Release to Warehouse;mw=Kafka;mode=Async;err=0;reason=none;class=none
EVT-0004533|15.09.2026 08:04:19|IF_SAPPP_ORSC_001|PP|ORACLE_SCM|OK|1898|SESS-FEC53595E4|REQ-716B4316B1B5|dest=ORACLE_SCM;app=Product Planning;business=Production Plan to Supply Plan;mw=Kafka;mode=Async;err=0;reason=none;class=none
EVT-0004540|12.09.2026 13:11:32|IF_SAPPP_MESPE_001|PP|MES|OK|870|SESS-C0DD08EEA6|REQ-1BB9F71D58C9|dest=MES;app=Product Planning;business=Production Order to Manufacturing;mw=Kafka;mode=Async;err=0;reason=none;class=none
EVT-0004548|13.09.2026 20:02:34|IF_SAPQM_ORWMS_001|QM|ORACLE_SCM|OK|1302|SESS-E7A38FED58|REQ-CB44C385D4A0|dest=ORACLE_SCM;app=Quality Management;business=Quality Release to Warehouse;mw=Kafka;mode=Async;err=0;reason=none;class=none
EVT-0004554|13.09.2026 02:11:36|IF_SAPPROC_ORIM_001|PROC|ORACLE_SCM|OK|1796|SESS-B58AB62EE4|REQ-D7C4497DE834|dest=ORACLE_SCM;app=Procurement;business=Purchase Order to Inventory;mw=REST_API;mode=REST;err=0;reason=none;class=none
EVT-0004561|12.09.2026 01:16:58|IF_SAPPROC_ORIM_001|PROC|ORACLE_SCM|OK|1522|SESS-F438A9D17D|REQ-3692F2D3ABB7|dest=ORACLE_SCM;app=Procurement;business=Purchase Order to Inventory;mw=REST_API;mode=REST;err=0;reason=none;class=none
EVT-0004562|10.09.2026 11:42:39|IF_SAPPROC_ORIM_001|PROC|ORACLE_SCM|OK|1812|SESS-1EA75A8F94|REQ-B94520B32FA7|dest=ORACLE_SCM;app=Procurement;business=Purchase Order to Inventory;mw=REST_API;mode=REST;err=0;reason=none;class=none
EVT-0004566|15.09.2026 07:11:41|IF_SAPQM_ORWMS_001|QM|ORACLE_SCM|OK|1875|SESS-7DBE5AA5D2|REQ-0729CA810FBD|dest=ORACLE_SCM;app=Quality Management;business=Quality Release to Warehouse;mw=Kafka;mode=Async;err=0;reason=none;class=none
EVT-0004567|12.09.2026 03:50:05|IF_SAPFIN_HCMPAY_001|FIN|HCM|OK|10958|SESS-65578F9F4C|REQ-48BD348F735E|dest=HCM;app=Finance;business=Payment Confirmation to Payroll;mw=SFTP;mode=Batch;err=0;reason=none;class=none
EVT-0004568|15.09.2026 09:43:06|IF_SAPFIN_HCMPAY_001|FIN|HCM|OK|14897|SESS-28FEF68C96|REQ-F701FD381240|dest=HCM;app=Finance;business=Payment Confirmation to Payroll;mw=SFTP;mode=Batch;err=0;reason=none;class=none
EVT-0004569|14.09.2026 05:58:39|IF_SAPPP_MESPE_001|PP|MES|OK|546|SESS-238FB7F97A|REQ-4EDDBA1932F3|dest=MES;app=Product Planning;business=Production Order to Manufacturing;mw=Kafka;mode=Async;err=0;reason=none;class=none
EVT-0004570|14.09.2026 07:25:18|IF_SAPPROC_ORIM_001|PROC|ORACLE_SCM|OK|3158|SESS-9F5C84F22D|REQ-FC10F2E361C8|dest=ORACLE_SCM;app=Procurement;business=Purchase Order to Inventory;mw=REST_API;mode=REST;err=0;reason=none;class=none
EVT-0004571|12.09.2026 03:02:24|IF_SAPPP_MESPE_001|PP|MES|ERR|5136|SESS-40C5C3629D|REQ-0C91B945188B|dest=MES;app=Product Planning;business=Production Order to Manufacturing;mw=Kafka;mode=Async;err=VAL_400;reason=Required business field failed validation;class=Validation
EVT-0004572|10.09.2026 18:35:18|IF_SAPFIN_HCMPAY_001|FIN|HCM|RETRY|27556|SESS-930B823BBB|REQ-73C6865618CD|dest=HCM;app=Finance;business=Payment Confirmation to Payroll;mw=SFTP;mode=Batch;err=NET_CONN_003;reason=Connection reset by peer;class=Network
EVT-0004574|10.09.2026 13:58:46|IF_SAPQM_MESPE_001|QM|MES|OK|779|SESS-E24189376B|REQ-83F569651CB7|dest=MES;app=Quality Management;business=Quality Release to Production;mw=Kafka;mode=Async;err=0;reason=none;class=none
EVT-0004576|16.09.2026 07:14:27|IF_SAPPROC_ORWMS_001|PROC|ORACLE_SCM|OK|17101|SESS-A86D5DB722|REQ-ADDC5FAA260E|dest=ORACLE_SCM;app=Procurement;business=Purchase Receipt to Warehouse;mw=SFTP;mode=Batch;err=0;reason=none;class=none
EVT-0004577|13.09.2026 03:44:36|IF_SAPPROC_ORWMS_001|PROC|ORACLE_SCM|RETRY|24058|SESS-F4E3078049|REQ-C4915C6D37FA|dest=ORACLE_SCM;app=Procurement;business=Purchase Receipt to Warehouse;mw=SFTP;mode=Batch;err=INFRA_008;reason=Runtime node unavailable;class=Infrastructure
EVT-0004582|10.09.2026 12:46:20|IF_SAPQM_ORWMS_001|QM|ORACLE_SCM|RETRY|7670|SESS-5E8163BF6B|REQ-320301FA94C5|dest=ORACLE_SCM;app=Quality Management;business=Quality Release to Warehouse;mw=Kafka;mode=Async;err=CFG_017;reason=Interface configuration mismatch;class=Configuration
EVT-0004584|13.09.2026 16:11:10|IF_SAPFIN_HCMPAY_001|FIN|HCM|ERR|67539|SESS-08DA532BC6|REQ-65033EA49C43|dest=HCM;app=Finance;business=Payment Confirmation to Payroll;mw=SFTP;mode=Batch;err=AUTH_401;reason=Service credential rejected;class=Authentication
EVT-0004590|14.09.2026 11:45:33|IF_SAPQM_MESPE_001|QM|MES|OK|676|SESS-175326D130|REQ-1B5F43A9BA34|dest=MES;app=Quality Management;business=Quality Release to Production;mw=Kafka;mode=Async;err=0;reason=none;class=none
EVT-0004591|11.09.2026 03:43:56|IF_SAPFIN_HCMPAY_001|FIN|HCM|OK|10641|SESS-F521CA2945|REQ-BA9705AA1523|dest=HCM;app=Finance;business=Payment Confirmation to Payroll;mw=SFTP;mode=Batch;err=0;reason=none;class=none
EVT-0004601|12.09.2026 15:08:30|IF_SAPPROC_ORWMS_001|PROC|ORACLE_SCM|OK|13291|SESS-1B083A42CA|REQ-4E6B72284381|dest=ORACLE_SCM;app=Procurement;business=Purchase Receipt to Warehouse;mw=SFTP;mode=Batch;err=0;reason=none;class=none
EVT-0004606|10.09.2026 08:22:33|IF_SAPPP_MESPE_001|PP|MES|OK|1001|SESS-8A963F9441|REQ-C5169BCC10F2|dest=MES;app=Product Planning;business=Production Order to Manufacturing;mw=Kafka;mode=Async;err=0;reason=none;class=none
EVT-0004609|10.09.2026 04:03:34|IF_SAPPP_ORSC_001|PP|ORACLE_SCM|OK|670|SESS-0A7E3A2130|REQ-C04A95C19693|dest=ORACLE_SCM;app=Product Planning;business=Production Plan to Supply Plan;mw=Kafka;mode=Async;err=0;reason=none;class=none
EVT-0004611|12.09.2026 09:30:12|IF_SAPPP_MESPE_001|PP|MES|OK|635|SESS-6145D36613|REQ-261C361DA088|dest=MES;app=Product Planning;business=Production Order to Manufacturing;mw=Kafka;mode=Async;err=0;reason=none;class=none
EVT-0004614|10.09.2026 16:45:26|IF_SAPFIN_HCMPAY_001|FIN|HCM|OK|14298|SESS-936C65E694|REQ-FA42195F8E63|dest=HCM;app=Finance;business=Payment Confirmation to Payroll;mw=SFTP;mode=Batch;err=0;reason=none;class=none
EVT-0004616|13.09.2026 20:20:03|IF_SAPPP_ORSC_001|PP|ORACLE_SCM|OK|1101|SESS-E8B13E4E24|REQ-E51AB5D8CDAE|dest=ORACLE_SCM;app=Product Planning;business=Production Plan to Supply Plan;mw=Kafka;mode=Async;err=0;reason=none;class=none
EVT-0004624|12.09.2026 01:49:55|IF_SAPQM_MESPE_001|QM|MES|OK|930|SESS-61FBD020D1|REQ-27264F0B7D69|dest=MES;app=Quality Management;business=Quality Release to Production;mw=Kafka;mode=Async;err=0;reason=none;class=none
EVT-0004630|16.09.2026 19:57:34|IF_SAPPROC_ORIM_001|PROC|ORACLE_SCM|OK|2967|SESS-A19EDCCD9F|REQ-6C9862248333|dest=ORACLE_SCM;app=Procurement;business=Purchase Order to Inventory;mw=REST_API;mode=REST;err=0;reason=none;class=none
EVT-0004631|14.09.2026 23:08:39|IF_SAPQM_MESPE_001|QM|MES|OK|762|SESS-F1140F438E|REQ-1430410BAC49|dest=MES;app=Quality Management;business=Quality Release to Production;mw=Kafka;mode=Async;err=0;reason=none;class=none
EVT-0004634|12.09.2026 00:28:10|IF_SAPPROC_ORIM_001|PROC|ORACLE_SCM|RETRY|5475|SESS-1A4C713FF9|REQ-D03341B68C7D|dest=ORACLE_SCM;app=Procurement;business=Purchase Order to Inventory;mw=REST_API;mode=REST;err=INFRA_008;reason=Runtime node unavailable;class=Infrastructure
EVT-0004644|16.09.2026 15:35:45|IF_SAPPROC_ORIM_001|PROC|ORACLE_SCM|OK|1464|SESS-8312E2DB4F|REQ-45B4554066B9|dest=ORACLE_SCM;app=Procurement;business=Purchase Order to Inventory;mw=REST_API;mode=REST;err=0;reason=none;class=none
EVT-0004648|16.09.2026 23:42:03|IF_SAPFIN_HCMPAY_001|FIN|HCM|OK|15327|SESS-C8D8C06BF8|REQ-EEC0AF2139BE|dest=HCM;app=Finance;business=Payment Confirmation to Payroll;mw=SFTP;mode=Batch;err=0;reason=none;class=none
EVT-0004650|14.09.2026 03:40:23|IF_SAPPROC_ORWMS_001|PROC|ORACLE_SCM|OK|12992|SESS-5FAE7B85E8|REQ-6A721C1F3800|dest=ORACLE_SCM;app=Procurement;business=Purchase Receipt to Warehouse;mw=SFTP;mode=Batch;err=0;reason=none;class=none
EVT-0004656|10.09.2026 20:54:52|IF_SAPQM_ORWMS_001|QM|ORACLE_SCM|OK|1432|SESS-C1E59C891F|REQ-1472F1150F9F|dest=ORACLE_SCM;app=Quality Management;business=Quality Release to Warehouse;mw=Kafka;mode=Async;err=0;reason=none;class=none
EVT-0004658|10.09.2026 21:32:17|IF_SAPPP_MESPE_001|PP|MES|RETRY|1600|SESS-E7C711A635|REQ-736C0F9DF746|dest=MES;app=Product Planning;business=Production Order to Manufacturing;mw=Kafka;mode=Async;err=TIME_004;reason=Downstream response exceeded SLA;class=Timeout
EVT-0004662|13.09.2026 02:59:49|IF_SAPPP_ORSC_001|PP|ORACLE_SCM|OK|708|SESS-1C2D2A367D|REQ-29604911A2C4|dest=ORACLE_SCM;app=Product Planning;business=Production Plan to Supply Plan;mw=Kafka;mode=Async;err=0;reason=none;class=none
EVT-0004677|15.09.2026 12:28:40|IF_SAPPP_ORSC_001|PP|ORACLE_SCM|RETRY|3245|SESS-72C6B66C86|REQ-947641A84142|dest=ORACLE_SCM;app=Product Planning;business=Production Plan to Supply Plan;mw=Kafka;mode=Async;err=NET_CONN_003;reason=Connection reset by peer;class=Network
EVT-0004679|16.09.2026 13:53:52|IF_SAPQM_MESPE_001|QM|MES|OK|692|SESS-13FB78CDF6|REQ-94D6FCD25644|dest=MES;app=Quality Management;business=Quality Release to Production;mw=Kafka;mode=Async;err=0;reason=none;class=none
EVT-0004682|13.09.2026 02:15:30|IF_SAPQM_ORWMS_001|QM|ORACLE_SCM|OK|2304|SESS-EBF4DEA4DE|REQ-1D2B111C3AAB|dest=ORACLE_SCM;app=Quality Management;business=Quality Release to Warehouse;mw=Kafka;mode=Async;err=0;reason=none;class=none
EVT-0004687|16.09.2026 01:32:50|IF_SAPFIN_HCMPAY_001|FIN|HCM|OK|13985|SESS-152D81AA66|REQ-14CDB1ADB4EB|dest=HCM;app=Finance;business=Payment Confirmation to Payroll;mw=SFTP;mode=Batch;err=0;reason=none;class=none
EVT-0004688|12.09.2026 11:36:50|IF_SAPPP_ORSC_001|PP|ORACLE_SCM|OK|1002|SESS-2772B5D209|REQ-B3B9E90C5AA1|dest=ORACLE_SCM;app=Product Planning;business=Production Plan to Supply Plan;mw=Kafka;mode=Async;err=0;reason=none;class=none
EVT-0004698|13.09.2026 13:27:51|IF_SAPPROC_ORIM_001|PROC|ORACLE_SCM|OK|1938|SESS-90B858452A|REQ-DBFF1EA38CE9|dest=ORACLE_SCM;app=Procurement;business=Purchase Order to Inventory;mw=REST_API;mode=REST;err=0;reason=none;class=none
EVT-0004700|14.09.2026 10:26:31|IF_SAPPP_MESPE_001|PP|MES|OK|1095|SESS-F65FEB6197|REQ-EDF2EC219B9C|dest=MES;app=Product Planning;business=Production Order to Manufacturing;mw=Kafka;mode=Async;err=0;reason=none;class=none
EVT-0004710|13.09.2026 17:23:19|IF_SAPPP_ORSC_001|PP|ORACLE_SCM|OK|1707|SESS-E8D37E2AFC|REQ-0E48C9A154E3|dest=ORACLE_SCM;app=Product Planning;business=Production Plan to Supply Plan;mw=Kafka;mode=Async;err=0;reason=none;class=none
EVT-0004715|14.09.2026 06:24:14|IF_SAPFIN_HCMPAY_001|FIN|HCM|RETRY|22431|SESS-DF5B83C3AA|REQ-C84F3428D379|dest=HCM;app=Finance;business=Payment Confirmation to Payroll;mw=SFTP;mode=Batch;err=VAL_400;reason=Required business field failed validation;class=Validation
EVT-0004718|16.09.2026 10:45:06|IF_SAPQM_ORWMS_001|QM|ORACLE_SCM|OK|2226|SESS-F47B21E1E2|REQ-7D331A8B85A2|dest=ORACLE_SCM;app=Quality Management;business=Quality Release to Warehouse;mw=Kafka;mode=Async;err=0;reason=none;class=none
EVT-0004720|13.09.2026 15:08:17|IF_SAPQM_ORWMS_001|QM|ORACLE_SCM|OK|2232|SESS-DB63164DD9|REQ-0D080AF06320|dest=ORACLE_SCM;app=Quality Management;business=Quality Release to Warehouse;mw=Kafka;mode=Async;err=0;reason=none;class=none
EVT-0004723|13.09.2026 00:47:28|IF_SAPFIN_HCMPAY_001|FIN|HCM|OK|15374|SESS-5ED2A09C2A|REQ-938307FED735|dest=HCM;app=Finance;business=Payment Confirmation to Payroll;mw=SFTP;mode=Batch;err=0;reason=none;class=none
EVT-0004725|14.09.2026 01:07:48|IF_SAPPP_ORSC_001|PP|ORACLE_SCM|OK|1121|SESS-099EFADC1A|REQ-DB5AD2598C7E|dest=ORACLE_SCM;app=Product Planning;business=Production Plan to Supply Plan;mw=Kafka;mode=Async;err=0;reason=none;class=none
EVT-0004727|13.09.2026 21:28:27|IF_SAPQM_ORWMS_001|QM|ORACLE_SCM|OK|2758|SESS-CBEA1D8241|REQ-4BF6BDCD76A8|dest=ORACLE_SCM;app=Quality Management;business=Quality Release to Warehouse;mw=Kafka;mode=Async;err=0;reason=none;class=none
EVT-0004738|14.09.2026 21:07:06|IF_SAPPP_ORSC_001|PP|ORACLE_SCM|OK|1490|SESS-4B7F33BEEE|REQ-C2D0713C84DA|dest=ORACLE_SCM;app=Product Planning;business=Production Plan to Supply Plan;mw=Kafka;mode=Async;err=0;reason=none;class=none
EVT-0004753|13.09.2026 02:04:18|IF_SAPFIN_HCMPAY_001|FIN|HCM|OK|17285|SESS-D206C7E250|REQ-E99D7536E90D|dest=HCM;app=Finance;business=Payment Confirmation to Payroll;mw=SFTP;mode=Batch;err=0;reason=none;class=none
EVT-0004754|10.09.2026 19:16:34|IF_SAPPP_MESPE_001|PP|MES|RETRY|1618|SESS-E45EEF1D82|REQ-995B867A4B61|dest=MES;app=Product Planning;business=Production Order to Manufacturing;mw=Kafka;mode=Async;err=CAP_003;reason=Downstream service is at capacity;class=Capacity
EVT-0004759|13.09.2026 23:26:05|IF_SAPQM_ORWMS_001|QM|ORACLE_SCM|OK|2995|SESS-D5FB92D1B6|REQ-D7481759B192|dest=ORACLE_SCM;app=Quality Management;business=Quality Release to Warehouse;mw=Kafka;mode=Async;err=0;reason=none;class=none
EVT-0004760|11.09.2026 13:33:04|IF_SAPQM_MESPE_001|QM|MES|OK|965|SESS-64FA67C9CB|REQ-AF7EEC1168EF|dest=MES;app=Quality Management;business=Quality Release to Production;mw=Kafka;mode=Async;err=0;reason=none;class=none
EVT-0004761|13.09.2026 04:53:19|IF_SAPFIN_HCMPAY_001|FIN|HCM|OK|12158|SESS-CB8A8E0716|REQ-A3ADB41C9144|dest=HCM;app=Finance;business=Payment Confirmation to Payroll;mw=SFTP;mode=Batch;err=0;reason=none;class=none
EVT-0004764|11.09.2026 16:03:29|IF_SAPPP_ORSC_001|PP|ORACLE_SCM|OK|1879|SESS-F54F801DB2|REQ-F3E44DB52CCE|dest=ORACLE_SCM;app=Product Planning;business=Production Plan to Supply Plan;mw=Kafka;mode=Async;err=0;reason=none;class=none
EVT-0004765|16.09.2026 03:20:52|IF_SAPPROC_ORWMS_001|PROC|ORACLE_SCM|OK|12790|SESS-C93CECC82F|REQ-1E3043E189FA|dest=ORACLE_SCM;app=Procurement;business=Purchase Receipt to Warehouse;mw=SFTP;mode=Batch;err=0;reason=none;class=none
EVT-0004772|14.09.2026 16:31:20|IF_SAPPP_ORSC_001|PP|ORACLE_SCM|ERR|10410|SESS-F11C2B82FA|REQ-BD3B8565F486|dest=ORACLE_SCM;app=Product Planning;business=Production Plan to Supply Plan;mw=Kafka;mode=Async;err=VAL_400;reason=Required business field failed validation;class=Validation
EVT-0004776|14.09.2026 23:35:27|IF_SAPPROC_ORIM_001|PROC|ORACLE_SCM|ERR|15628|SESS-81A2BFF334|REQ-48BD25516D69|dest=ORACLE_SCM;app=Procurement;business=Purchase Order to Inventory;mw=REST_API;mode=REST;err=VAL_400;reason=Required business field failed validation;class=Validation
EVT-0004779|14.09.2026 01:03:49|IF_SAPPP_ORSC_001|PP|ORACLE_SCM|OK|1231|SESS-A24735D78C|REQ-AA4B797F211F|dest=ORACLE_SCM;app=Product Planning;business=Production Plan to Supply Plan;mw=Kafka;mode=Async;err=0;reason=none;class=none
EVT-0004781|13.09.2026 19:30:38|IF_SAPFIN_HCMPAY_001|FIN|HCM|OK|14113|SESS-4B1771831C|REQ-1052D3F8875E|dest=HCM;app=Finance;business=Payment Confirmation to Payroll;mw=SFTP;mode=Batch;err=0;reason=none;class=none
EVT-0004782|13.09.2026 09:38:16|IF_SAPQM_ORWMS_001|QM|ORACLE_SCM|OK|2289|SESS-E2A9B22475|REQ-2E2192177281|dest=ORACLE_SCM;app=Quality Management;business=Quality Release to Warehouse;mw=Kafka;mode=Async;err=0;reason=none;class=none
EVT-0004783|11.09.2026 06:44:45|IF_SAPQM_ORWMS_001|QM|ORACLE_SCM|OK|1808|SESS-CACCC6DEE8|REQ-B71C42C93269|dest=ORACLE_SCM;app=Quality Management;business=Quality Release to Warehouse;mw=Kafka;mode=Async;err=0;reason=none;class=none
EVT-0004787|10.09.2026 21:21:55|IF_SAPFIN_HCMPAY_001|FIN|HCM|OK|9022|SESS-D3FCF4245F|REQ-076500729C30|dest=HCM;app=Finance;business=Payment Confirmation to Payroll;mw=SFTP;mode=Batch;err=0;reason=none;class=none
EVT-0004796|15.09.2026 07:45:58|IF_SAPPROC_ORWMS_001|PROC|ORACLE_SCM|OK|17823|SESS-5C6A29481C|REQ-43EFEF040162|dest=ORACLE_SCM;app=Procurement;business=Purchase Receipt to Warehouse;mw=SFTP;mode=Batch;err=0;reason=none;class=none
EVT-0004801|15.09.2026 16:35:18|IF_SAPFIN_HCMPAY_001|FIN|HCM|RETRY|45214|SESS-4ECAF70BC1|REQ-40CDC4E64331|dest=HCM;app=Finance;business=Payment Confirmation to Payroll;mw=SFTP;mode=Batch;err=CAP_003;reason=Downstream service is at capacity;class=Capacity
EVT-0004803|10.09.2026 20:50:22|IF_SAPPP_ORSC_001|PP|ORACLE_SCM|ERR|3013|SESS-B50E67C6AC|REQ-4C5A61404FC3|dest=ORACLE_SCM;app=Product Planning;business=Production Plan to Supply Plan;mw=Kafka;mode=Async;err=AUTH_401;reason=Service credential rejected;class=Authentication
EVT-0004804|15.09.2026 19:59:56|IF_SAPQM_MESPE_001|QM|MES|ERR|3273|SESS-667A120A79|REQ-AB9312F852D9|dest=MES;app=Quality Management;business=Quality Release to Production;mw=Kafka;mode=Async;err=CAP_003;reason=Downstream service is at capacity;class=Capacity
EVT-0004810|10.09.2026 12:25:04|IF_SAPQM_MESPE_001|QM|MES|OK|669|SESS-804A09196E|REQ-2EF41790DC9E|dest=MES;app=Quality Management;business=Quality Release to Production;mw=Kafka;mode=Async;err=0;reason=none;class=none
EVT-0004812|15.09.2026 17:25:47|IF_SAPQM_MESPE_001|QM|MES|OK|763|SESS-6A1DE66310|REQ-F297C4804F4C|dest=MES;app=Quality Management;business=Quality Release to Production;mw=Kafka;mode=Async;err=0;reason=none;class=none
EVT-0004813|13.09.2026 17:02:47|IF_SAPPROC_ORWMS_001|PROC|ORACLE_SCM|OK|16284|SESS-CCD188CE37|REQ-4FFA89131063|dest=ORACLE_SCM;app=Procurement;business=Purchase Receipt to Warehouse;mw=SFTP;mode=Batch;err=0;reason=none;class=none
EVT-0004815|11.09.2026 23:01:47|IF_SAPQM_ORWMS_001|QM|ORACLE_SCM|ERR|3253|SESS-289308CCF4|REQ-975DE8FBCB18|dest=ORACLE_SCM;app=Quality Management;business=Quality Release to Warehouse;mw=Kafka;mode=Async;err=CFG_017;reason=Interface configuration mismatch;class=Configuration
EVT-0004816|14.09.2026 22:18:15|IF_SAPPROC_ORIM_001|PROC|ORACLE_SCM|OK|2755|SESS-FB935C5C27|REQ-24F1B067F990|dest=ORACLE_SCM;app=Procurement;business=Purchase Order to Inventory;mw=REST_API;mode=REST;err=0;reason=none;class=none
EVT-0004817|10.09.2026 06:56:13|IF_SAPPROC_ORIM_001|PROC|ORACLE_SCM|ERR|4134|SESS-898F57FEF6|REQ-DBA9711343E9|dest=ORACLE_SCM;app=Procurement;business=Purchase Order to Inventory;mw=REST_API;mode=REST;err=TIME_004;reason=Downstream response exceeded SLA;class=Timeout
EVT-0004818|15.09.2026 05:56:21|IF_SAPPROC_ORIM_001|PROC|ORACLE_SCM|OK|2541|SESS-2F04400412|REQ-752CA6BA2E4A|dest=ORACLE_SCM;app=Procurement;business=Purchase Order to Inventory;mw=REST_API;mode=REST;err=0;reason=none;class=none
EVT-0004820|15.09.2026 16:34:27|IF_SAPQM_MESPE_001|QM|MES|OK|880|SESS-9560AE6AB5|REQ-9778622EA5BB|dest=MES;app=Quality Management;business=Quality Release to Production;mw=Kafka;mode=Async;err=0;reason=none;class=none
EVT-0004821|13.09.2026 18:08:51|IF_SAPPROC_ORWMS_001|PROC|ORACLE_SCM|OK|21255|SESS-D60A368AFF|REQ-60A879E1F34A|dest=ORACLE_SCM;app=Procurement;business=Purchase Receipt to Warehouse;mw=SFTP;mode=Batch;err=0;reason=none;class=none
EVT-0004827|13.09.2026 18:56:58|IF_SAPPROC_ORWMS_001|PROC|ORACLE_SCM|OK|16612|SESS-6DCF1A8842|REQ-B5895EFE2520|dest=ORACLE_SCM;app=Procurement;business=Purchase Receipt to Warehouse;mw=SFTP;mode=Batch;err=0;reason=none;class=none
EVT-0004828|16.09.2026 17:18:28|IF_SAPPROC_ORIM_001|PROC|ORACLE_SCM|OK|1769|SESS-006E3A4CDC|REQ-2350980EFB9A|dest=ORACLE_SCM;app=Procurement;business=Purchase Order to Inventory;mw=REST_API;mode=REST;err=0;reason=none;class=none
EVT-0004839|16.09.2026 14:08:47|IF_SAPFIN_HCMPAY_001|FIN|HCM|OK|10986|SESS-4DDC149F15|REQ-E5553577BC72|dest=HCM;app=Finance;business=Payment Confirmation to Payroll;mw=SFTP;mode=Batch;err=0;reason=none;class=none
EVT-0004847|13.09.2026 01:52:33|IF_SAPQM_ORWMS_001|QM|ORACLE_SCM|OK|2060|SESS-D216DFB9CD|REQ-7A4936DDF788|dest=ORACLE_SCM;app=Quality Management;business=Quality Release to Warehouse;mw=Kafka;mode=Async;err=0;reason=none;class=none
EVT-0004848|12.09.2026 01:16:44|IF_SAPPROC_ORWMS_001|PROC|ORACLE_SCM|OK|10029|SESS-BED8570C9A|REQ-05AA7944AA63|dest=ORACLE_SCM;app=Procurement;business=Purchase Receipt to Warehouse;mw=SFTP;mode=Batch;err=0;reason=none;class=none
EVT-0004850|11.09.2026 16:26:02|IF_SAPPROC_ORIM_001|PROC|ORACLE_SCM|OK|2469|SESS-7A326891C6|REQ-4C405A5E414E|dest=ORACLE_SCM;app=Procurement;business=Purchase Order to Inventory;mw=REST_API;mode=REST;err=0;reason=none;class=none
EVT-0004854|14.09.2026 08:37:13|IF_SAPQM_MESPE_001|QM|MES|OK|857|SESS-C773DED99D|REQ-ACF84544C1F1|dest=MES;app=Quality Management;business=Quality Release to Production;mw=Kafka;mode=Async;err=0;reason=none;class=none
EVT-0004856|13.09.2026 22:27:40|IF_SAPQM_MESPE_001|QM|MES|OK|1013|SESS-AB917D6F02|REQ-23CA0B8F0F3E|dest=MES;app=Quality Management;business=Quality Release to Production;mw=Kafka;mode=Async;err=0;reason=none;class=none
EVT-0004858|12.09.2026 17:37:42|IF_SAPPROC_ORWMS_001|PROC|ORACLE_SCM|OK|12918|SESS-368FA6BF1C|REQ-3BC8E2FC3B48|dest=ORACLE_SCM;app=Procurement;business=Purchase Receipt to Warehouse;mw=SFTP;mode=Batch;err=0;reason=none;class=none
EVT-0004867|10.09.2026 19:29:47|IF_SAPPP_MESPE_001|PP|MES|OK|847|SESS-A2BF0267A8|REQ-0BD6959EEB90|dest=MES;app=Product Planning;business=Production Order to Manufacturing;mw=Kafka;mode=Async;err=0;reason=none;class=none
EVT-0004868|15.09.2026 04:51:50|IF_SAPQM_MESPE_001|QM|MES|ERR|4660|SESS-E2F49A54B7|REQ-D5FF349533A1|dest=MES;app=Quality Management;business=Quality Release to Production;mw=Kafka;mode=Async;err=AUTHZ_403;reason=Caller is not authorized;class=Authorization
EVT-0004872|10.09.2026 04:33:33|IF_SAPPP_ORSC_001|PP|ORACLE_SCM|OK|1619|SESS-1695449C36|REQ-C8DA8A38F2B3|dest=ORACLE_SCM;app=Product Planning;business=Production Plan to Supply Plan;mw=Kafka;mode=Async;err=0;reason=none;class=none
EVT-0004873|14.09.2026 08:17:24|IF_SAPFIN_HCMPAY_001|FIN|HCM|OK|10133|SESS-F0E8CA42C8|REQ-189908E516AF|dest=HCM;app=Finance;business=Payment Confirmation to Payroll;mw=SFTP;mode=Batch;err=0;reason=none;class=none
EVT-0004874|11.09.2026 03:05:40|IF_SAPQM_ORWMS_001|QM|ORACLE_SCM|RETRY|4185|SESS-F9FB777BDA|REQ-66192C988B32|dest=ORACLE_SCM;app=Quality Management;business=Quality Release to Warehouse;mw=Kafka;mode=Async;err=VAL_400;reason=Required business field failed validation;class=Validation
EVT-0004882|12.09.2026 02:19:53|IF_SAPFIN_HCMPAY_001|FIN|HCM|RETRY|49597|SESS-CDAB52492A|REQ-DF21414DDCFC|dest=HCM;app=Finance;business=Payment Confirmation to Payroll;mw=SFTP;mode=Batch;err=DB_COMMIT_014;reason=Transaction commit failed;class=Database
EVT-0004884|11.09.2026 22:41:31|IF_SAPPP_ORSC_001|PP|ORACLE_SCM|OK|1712|SESS-93DC346B4F|REQ-C22F8E76DF54|dest=ORACLE_SCM;app=Product Planning;business=Production Plan to Supply Plan;mw=Kafka;mode=Async;err=0;reason=none;class=none
EVT-0004888|13.09.2026 11:15:12|IF_SAPFIN_HCMPAY_001|FIN|HCM|OK|11149|SESS-D2A8CF4D87|REQ-30EA2740B3D5|dest=HCM;app=Finance;business=Payment Confirmation to Payroll;mw=SFTP;mode=Batch;err=0;reason=none;class=none
EVT-0004892|13.09.2026 15:05:35|IF_SAPFIN_HCMPAY_001|FIN|HCM|OK|17175|SESS-5FFC0654D2|REQ-E267D12D69BE|dest=HCM;app=Finance;business=Payment Confirmation to Payroll;mw=SFTP;mode=Batch;err=0;reason=none;class=none
EVT-0004896|16.09.2026 10:07:21|IF_SAPQM_ORWMS_001|QM|ORACLE_SCM|RETRY|6820|SESS-6D4B852E5D|REQ-9BB0BD076149|dest=ORACLE_SCM;app=Quality Management;business=Quality Release to Warehouse;mw=Kafka;mode=Async;err=NET_CONN_003;reason=Connection reset by peer;class=Network
EVT-0004908|13.09.2026 08:00:25|IF_SAPQM_ORWMS_001|QM|ORACLE_SCM|OK|1543|SESS-8F8A05D6A2|REQ-067259CB05F9|dest=ORACLE_SCM;app=Quality Management;business=Quality Release to Warehouse;mw=Kafka;mode=Async;err=0;reason=none;class=none
EVT-0004909|16.09.2026 18:42:44|IF_SAPFIN_HCMPAY_001|FIN|HCM|ERR|61582|SESS-9737AE7866|REQ-26AD7F132E9C|dest=HCM;app=Finance;business=Payment Confirmation to Payroll;mw=SFTP;mode=Batch;err=DB_COMMIT_014;reason=Transaction commit failed;class=Database
EVT-0004914|16.09.2026 01:54:31|IF_SAPQM_MESPE_001|QM|MES|OK|848|SESS-81B0BB3B84|REQ-CF55EEA3B747|dest=MES;app=Quality Management;business=Quality Release to Production;mw=Kafka;mode=Async;err=0;reason=none;class=none
EVT-0004927|12.09.2026 14:22:22|IF_SAPPROC_ORWMS_001|PROC|ORACLE_SCM|OK|8842|SESS-96896A80CB|REQ-B716333E4519|dest=ORACLE_SCM;app=Procurement;business=Purchase Receipt to Warehouse;mw=SFTP;mode=Batch;err=0;reason=none;class=none
EVT-0004931|12.09.2026 00:48:46|IF_SAPPROC_ORIM_001|PROC|ORACLE_SCM|OK|2050|SESS-FEB1272F03|REQ-B1EFC3DC4C61|dest=ORACLE_SCM;app=Procurement;business=Purchase Order to Inventory;mw=REST_API;mode=REST;err=0;reason=none;class=none
EVT-0004933|10.09.2026 01:57:06|IF_SAPPP_ORSC_001|PP|ORACLE_SCM|OK|1856|SESS-55BA69E721|REQ-1DD5949B817A|dest=ORACLE_SCM;app=Product Planning;business=Production Plan to Supply Plan;mw=Kafka;mode=Async;err=0;reason=none;class=none
EVT-0004943|16.09.2026 21:12:21|IF_SAPPROC_ORIM_001|PROC|ORACLE_SCM|OK|2070|SESS-80402A53E2|REQ-AB91520E74F4|dest=ORACLE_SCM;app=Procurement;business=Purchase Order to Inventory;mw=REST_API;mode=REST;err=0;reason=none;class=none
EVT-0004945|14.09.2026 18:53:12|IF_SAPQM_ORWMS_001|QM|ORACLE_SCM|OK|1632|SESS-08E43099B1|REQ-806EFE872DD6|dest=ORACLE_SCM;app=Quality Management;business=Quality Release to Warehouse;mw=Kafka;mode=Async;err=0;reason=none;class=none
EVT-0004949|11.09.2026 02:25:26|IF_SAPPROC_ORWMS_001|PROC|ORACLE_SCM|OK|14142|SESS-95976233D2|REQ-4633BBA0E125|dest=ORACLE_SCM;app=Procurement;business=Purchase Receipt to Warehouse;mw=SFTP;mode=Batch;err=0;reason=none;class=none
EVT-0004953|10.09.2026 02:58:04|IF_SAPQM_ORWMS_001|QM|ORACLE_SCM|OK|2805|SESS-35FE72A9C3|REQ-6C27B916371D|dest=ORACLE_SCM;app=Quality Management;business=Quality Release to Warehouse;mw=Kafka;mode=Async;err=0;reason=none;class=none
EVT-0004962|16.09.2026 01:53:30|IF_SAPPROC_ORIM_001|PROC|ORACLE_SCM|OK|1993|SESS-FDE1875227|REQ-4AF4D16729BE|dest=ORACLE_SCM;app=Procurement;business=Purchase Order to Inventory;mw=REST_API;mode=REST;err=0;reason=none;class=none
EVT-0004964|13.09.2026 21:04:38|IF_SAPQM_MESPE_001|QM|MES|OK|606|SESS-C4FB2C40AB|REQ-431DE06532D3|dest=MES;app=Quality Management;business=Quality Release to Production;mw=Kafka;mode=Async;err=0;reason=none;class=none
EVT-0004970|15.09.2026 09:48:08|IF_SAPPROC_ORIM_001|PROC|ORACLE_SCM|ERR|19683|SESS-FC138F6AF7|REQ-F0AE04326CE9|dest=ORACLE_SCM;app=Procurement;business=Purchase Order to Inventory;mw=REST_API;mode=REST;err=CFG_017;reason=Interface configuration mismatch;class=Configuration
EVT-0004973|14.09.2026 13:07:15|IF_SAPPROC_ORWMS_001|PROC|ORACLE_SCM|OK|14556|SESS-DC3D5CADE1|REQ-200DD194F725|dest=ORACLE_SCM;app=Procurement;business=Purchase Receipt to Warehouse;mw=SFTP;mode=Batch;err=0;reason=none;class=none
EVT-0004976|11.09.2026 05:30:41|IF_SAPPROC_ORWMS_001|PROC|ORACLE_SCM|OK|9124|SESS-B48929346D|REQ-602D5AA1D2CC|dest=ORACLE_SCM;app=Procurement;business=Purchase Receipt to Warehouse;mw=SFTP;mode=Batch;err=0;reason=none;class=none
EVT-0004979|12.09.2026 15:39:33|IF_SAPFIN_HCMPAY_001|FIN|HCM|OK|14182|SESS-545824B258|REQ-27EEC2544655|dest=HCM;app=Finance;business=Payment Confirmation to Payroll;mw=SFTP;mode=Batch;err=0;reason=none;class=none
EVT-0004984|16.09.2026 23:08:39|IF_SAPPP_ORSC_001|PP|ORACLE_SCM|RETRY|3764|SESS-911BB9946D|REQ-DC36C9921C15|dest=ORACLE_SCM;app=Product Planning;business=Production Plan to Supply Plan;mw=Kafka;mode=Async;err=INFRA_008;reason=Runtime node unavailable;class=Infrastructure
EVT-0004985|14.09.2026 14:08:11|IF_SAPPROC_ORWMS_001|PROC|ORACLE_SCM|OK|15472|SESS-F0DA932F11|REQ-99DFF53F903A|dest=ORACLE_SCM;app=Procurement;business=Purchase Receipt to Warehouse;mw=SFTP;mode=Batch;err=0;reason=none;class=none
EVT-0004986|14.09.2026 08:50:55|IF_SAPPROC_ORIM_001|PROC|ORACLE_SCM|OK|1167|SESS-8AC15A9455|REQ-86F3303C12AC|dest=ORACLE_SCM;app=Procurement;business=Purchase Order to Inventory;mw=REST_API;mode=REST;err=0;reason=none;class=none
EVT-0004987|16.09.2026 21:30:57|IF_SAPPROC_ORWMS_001|PROC|ORACLE_SCM|OK|11710|SESS-433E46BE7A|REQ-32420183E2AF|dest=ORACLE_SCM;app=Procurement;business=Purchase Receipt to Warehouse;mw=SFTP;mode=Batch;err=0;reason=none;class=none
EVT-0004988|15.09.2026 23:13:05|IF_SAPQM_MESPE_001|QM|MES|OK|812|SESS-654AD9419E|REQ-40D7442C0ADE|dest=MES;app=Quality Management;business=Quality Release to Production;mw=Kafka;mode=Async;err=0;reason=none;class=none
EVT-0004990|16.09.2026 02:42:15|IF_SAPFIN_HCMPAY_001|FIN|HCM|OK|13130|SESS-285080960B|REQ-8C01DB2D9433|dest=HCM;app=Finance;business=Payment Confirmation to Payroll;mw=SFTP;mode=Batch;err=0;reason=none;class=none
EVT-0004996|14.09.2026 00:51:00|IF_SAPPP_ORSC_001|PP|ORACLE_SCM|OK|1205|SESS-D6E6990238|REQ-F53433D5D114|dest=ORACLE_SCM;app=Product Planning;business=Production Plan to Supply Plan;mw=Kafka;mode=Async;err=0;reason=none;class=none
EVT-0004998|11.09.2026 01:25:32|IF_SAPQM_ORWMS_001|QM|ORACLE_SCM|RETRY|8135|SESS-7A1653BE08|REQ-A812E1327B19|dest=ORACLE_SCM;app=Quality Management;business=Quality Release to Warehouse;mw=Kafka;mode=Async;err=AUTH_401;reason=Service credential rejected;class=Authentication
EVT-0004999|12.09.2026 05:25:25|IF_SAPPP_MESPE_001|PP|MES|ERR|7743|SESS-3A022C945A|REQ-8BA4F2D82247|dest=MES;app=Product Planning;business=Production Order to Manufacturing;mw=Kafka;mode=Async;err=AUTH_401;reason=Service credential rejected;class=Authentication
EVT-0005002|15.09.2026 12:16:55|IF_SAPQM_MESPE_001|QM|MES|OK|953|SESS-419250288A|REQ-BB82E6231695|dest=MES;app=Quality Management;business=Quality Release to Production;mw=Kafka;mode=Async;err=0;reason=none;class=none
EVT-0005005|12.09.2026 07:57:17|IF_SAPPP_MESPE_001|PP|MES|OK|1364|SESS-AB36E117CA|REQ-9B306D53D7D9|dest=MES;app=Product Planning;business=Production Order to Manufacturing;mw=Kafka;mode=Async;err=0;reason=none;class=none
EVT-0005015|10.09.2026 10:09:34|IF_SAPQM_MESPE_001|QM|MES|OK|1027|SESS-CB65DDEC9F|REQ-970461DE6C75|dest=MES;app=Quality Management;business=Quality Release to Production;mw=Kafka;mode=Async;err=0;reason=none;class=none
EVT-0005022|16.09.2026 14:03:41|IF_SAPPROC_ORWMS_001|PROC|ORACLE_SCM|OK|14372|SESS-B48E038306|REQ-3D9758F39463|dest=ORACLE_SCM;app=Procurement;business=Purchase Receipt to Warehouse;mw=SFTP;mode=Batch;err=0;reason=none;class=none
EVT-0005027|10.09.2026 09:56:07|IF_SAPQM_MESPE_001|QM|MES|RETRY|2620|SESS-EB890021FE|REQ-51C3F1371B76|dest=MES;app=Quality Management;business=Quality Release to Production;mw=Kafka;mode=Async;err=NET_CONN_003;reason=Connection reset by peer;class=Network
EVT-0005028|10.09.2026 23:50:12|IF_SAPQM_MESPE_001|QM|MES|OK|975|SESS-AB87A04D2C|REQ-2EDC150EF1F3|dest=MES;app=Quality Management;business=Quality Release to Production;mw=Kafka;mode=Async;err=0;reason=none;class=none
EVT-0005031|12.09.2026 03:18:06|IF_SAPFIN_HCMPAY_001|FIN|HCM|ERR|115359|SESS-564E97991F|REQ-9B0CD371CA47|dest=HCM;app=Finance;business=Payment Confirmation to Payroll;mw=SFTP;mode=Batch;err=CFG_017;reason=Interface configuration mismatch;class=Configuration
EVT-0005033|11.09.2026 06:35:27|IF_SAPPROC_ORWMS_001|PROC|ORACLE_SCM|RETRY|24708|SESS-485BC0F3CE|REQ-534A16B30176|dest=ORACLE_SCM;app=Procurement;business=Purchase Receipt to Warehouse;mw=SFTP;mode=Batch;err=NET_CONN_003;reason=Connection reset by peer;class=Network
EVT-0005034|12.09.2026 01:42:02|IF_SAPQM_MESPE_001|QM|MES|OK|825|SESS-536D8980B8|REQ-CB37940BB352|dest=MES;app=Quality Management;business=Quality Release to Production;mw=Kafka;mode=Async;err=0;reason=none;class=none
EVT-0005042|14.09.2026 20:37:47|IF_SAPQM_ORWMS_001|QM|ORACLE_SCM|OK|2001|SESS-1A9267CAE1|REQ-4BD14AE02DFB|dest=ORACLE_SCM;app=Quality Management;business=Quality Release to Warehouse;mw=Kafka;mode=Async;err=0;reason=none;class=none
EVT-0005043|15.09.2026 13:32:35|IF_SAPPROC_ORIM_001|PROC|ORACLE_SCM|OK|1857|SESS-EBE47EAB78|REQ-F346FED7D771|dest=ORACLE_SCM;app=Procurement;business=Purchase Order to Inventory;mw=REST_API;mode=REST;err=0;reason=none;class=none
EVT-0005051|14.09.2026 16:30:53|IF_SAPFIN_HCMPAY_001|FIN|HCM|OK|17943|SESS-DD8C948FD6|REQ-DB6D14E2B5C1|dest=HCM;app=Finance;business=Payment Confirmation to Payroll;mw=SFTP;mode=Batch;err=0;reason=none;class=none
EVT-0005054|16.09.2026 12:08:37|IF_SAPQM_ORWMS_001|QM|ORACLE_SCM|OK|2071|SESS-13E90C0F6D|REQ-979CB59CC53B|dest=ORACLE_SCM;app=Quality Management;business=Quality Release to Warehouse;mw=Kafka;mode=Async;err=0;reason=none;class=none
EVT-0005055|11.09.2026 19:52:13|IF_SAPPP_ORSC_001|PP|ORACLE_SCM|OK|1469|SESS-34F4DA63EA|REQ-B5DE18D4C0A9|dest=ORACLE_SCM;app=Product Planning;business=Production Plan to Supply Plan;mw=Kafka;mode=Async;err=0;reason=none;class=none
EVT-0005056|13.09.2026 19:47:52|IF_SAPQM_ORWMS_001|QM|ORACLE_SCM|OK|2591|SESS-697FCCB8D8|REQ-D523B47EEAB8|dest=ORACLE_SCM;app=Quality Management;business=Quality Release to Warehouse;mw=Kafka;mode=Async;err=0;reason=none;class=none
EVT-0005061|15.09.2026 19:26:41|IF_SAPPP_ORSC_001|PP|ORACLE_SCM|OK|1673|SESS-70D41FAEDB|REQ-2B943CE967D1|dest=ORACLE_SCM;app=Product Planning;business=Production Plan to Supply Plan;mw=Kafka;mode=Async;err=0;reason=none;class=none
EVT-0005074|10.09.2026 23:58:56|IF_SAPPP_MESPE_001|PP|MES|OK|954|SESS-199B12F2C5|REQ-55C2BBA50AA0|dest=MES;app=Product Planning;business=Production Order to Manufacturing;mw=Kafka;mode=Async;err=0;reason=none;class=none
EVT-0005078|12.09.2026 21:30:49|IF_SAPPROC_ORWMS_001|PROC|ORACLE_SCM|OK|12711|SESS-5F9D5DD182|REQ-011350449DDA|dest=ORACLE_SCM;app=Procurement;business=Purchase Receipt to Warehouse;mw=SFTP;mode=Batch;err=0;reason=none;class=none
EVT-0005081|10.09.2026 11:43:47|IF_SAPPP_ORSC_001|PP|ORACLE_SCM|OK|1295|SESS-B146BB9D49|REQ-01B7EA06218B|dest=ORACLE_SCM;app=Product Planning;business=Production Plan to Supply Plan;mw=Kafka;mode=Async;err=0;reason=none;class=none
EVT-0005084|13.09.2026 16:46:33|IF_SAPQM_MESPE_001|QM|MES|OK|945|SESS-B8986F45C0|REQ-046EF6DDCD2B|dest=MES;app=Quality Management;business=Quality Release to Production;mw=Kafka;mode=Async;err=0;reason=none;class=none
EVT-0005085|10.09.2026 23:08:12|IF_SAPPROC_ORIM_001|PROC|ORACLE_SCM|OK|2717|SESS-3F9B29474C|REQ-ACF9984BE99C|dest=ORACLE_SCM;app=Procurement;business=Purchase Order to Inventory;mw=REST_API;mode=REST;err=0;reason=none;class=none
EVT-0005086|16.09.2026 15:36:01|IF_SAPPP_MESPE_001|PP|MES|OK|740|SESS-7858FC38BF|REQ-5626DCD8265D|dest=MES;app=Product Planning;business=Production Order to Manufacturing;mw=Kafka;mode=Async;err=0;reason=none;class=none
EVT-0005091|13.09.2026 17:41:38|IF_SAPFIN_HCMPAY_001|FIN|HCM|OK|17619|SESS-9ECDCB1D8A|REQ-B35D2512F0FC|dest=HCM;app=Finance;business=Payment Confirmation to Payroll;mw=SFTP;mode=Batch;err=0;reason=none;class=none
EVT-0005092|13.09.2026 09:59:00|IF_SAPQM_MESPE_001|QM|MES|OK|1246|SESS-E597469B32|REQ-97378021AF40|dest=MES;app=Quality Management;business=Quality Release to Production;mw=Kafka;mode=Async;err=0;reason=none;class=none
EVT-0005099|15.09.2026 13:09:19|IF_SAPFIN_HCMPAY_001|FIN|HCM|OK|14925|SESS-D8605BB38B|REQ-DBE5D6AE455A|dest=HCM;app=Finance;business=Payment Confirmation to Payroll;mw=SFTP;mode=Batch;err=0;reason=none;class=none
EVT-0005100|12.09.2026 19:35:46|IF_SAPPROC_ORWMS_001|PROC|ORACLE_SCM|OK|12520|SESS-81AF58C285|REQ-EB2B420924B8|dest=ORACLE_SCM;app=Procurement;business=Purchase Receipt to Warehouse;mw=SFTP;mode=Batch;err=0;reason=none;class=none
EVT-0005104|11.09.2026 15:22:06|IF_SAPPP_ORSC_001|PP|ORACLE_SCM|OK|1874|SESS-26CFF66821|REQ-AF33ED9DBDA8|dest=ORACLE_SCM;app=Product Planning;business=Production Plan to Supply Plan;mw=Kafka;mode=Async;err=0;reason=none;class=none
EVT-0005108|12.09.2026 12:05:00|IF_SAPPROC_ORIM_001|PROC|ORACLE_SCM|OK|1954|SESS-45749F1982|REQ-354C8CA76B12|dest=ORACLE_SCM;app=Procurement;business=Purchase Order to Inventory;mw=REST_API;mode=REST;err=0;reason=none;class=none
EVT-0005113|14.09.2026 07:40:13|IF_SAPQM_MESPE_001|QM|MES|ERR|2734|SESS-D22C58B087|REQ-B11E27F730B0|dest=MES;app=Quality Management;business=Quality Release to Production;mw=Kafka;mode=Async;err=VAL_400;reason=Required business field failed validation;class=Validation
EVT-0005122|16.09.2026 09:25:14|IF_SAPQM_ORWMS_001|QM|ORACLE_SCM|OK|1532|SESS-C6BCDCD7E3|REQ-B7D2882D67E3|dest=ORACLE_SCM;app=Quality Management;business=Quality Release to Warehouse;mw=Kafka;mode=Async;err=0;reason=none;class=none
EVT-0005126|11.09.2026 08:34:30|IF_SAPFIN_HCMPAY_001|FIN|HCM|OK|19454|SESS-64E6EF8AD8|REQ-E0D0CAF78CFA|dest=HCM;app=Finance;business=Payment Confirmation to Payroll;mw=SFTP;mode=Batch;err=0;reason=none;class=none
EVT-0005140|15.09.2026 10:30:17|IF_SAPQM_ORWMS_001|QM|ORACLE_SCM|OK|1762|SESS-D9384755E1|REQ-6831CD721D65|dest=ORACLE_SCM;app=Quality Management;business=Quality Release to Warehouse;mw=Kafka;mode=Async;err=0;reason=none;class=none
EVT-0005141|16.09.2026 12:47:09|IF_SAPPP_MESPE_001|PP|MES|OK|754|SESS-7DE410A525|REQ-BD82118C2EFF|dest=MES;app=Product Planning;business=Production Order to Manufacturing;mw=Kafka;mode=Async;err=0;reason=none;class=none
EVT-0005144|14.09.2026 09:26:10|IF_SAPPP_ORSC_001|PP|ORACLE_SCM|OK|1468|SESS-A65E96E577|REQ-2BEB7C7A9E86|dest=ORACLE_SCM;app=Product Planning;business=Production Plan to Supply Plan;mw=Kafka;mode=Async;err=0;reason=none;class=none
EVT-0005147|11.09.2026 03:41:37|IF_SAPPP_ORSC_001|PP|ORACLE_SCM|OK|841|SESS-9D4CC30818|REQ-3A8E2F308E58|dest=ORACLE_SCM;app=Product Planning;business=Production Plan to Supply Plan;mw=Kafka;mode=Async;err=0;reason=none;class=none
EVT-0005148|10.09.2026 14:47:42|IF_SAPPP_MESPE_001|PP|MES|OK|898|SESS-555030B524|REQ-4A4A702F010B|dest=MES;app=Product Planning;business=Production Order to Manufacturing;mw=Kafka;mode=Async;err=0;reason=none;class=none
EVT-0005149|12.09.2026 11:55:58|IF_SAPQM_ORWMS_001|QM|ORACLE_SCM|OK|2529|SESS-04EE38ED02|REQ-96931FD9B698|dest=ORACLE_SCM;app=Quality Management;business=Quality Release to Warehouse;mw=Kafka;mode=Async;err=0;reason=none;class=none
EVT-0005151|15.09.2026 19:42:34|IF_SAPQM_MESPE_001|QM|MES|OK|1334|SESS-541249F221|REQ-CDB883AAB649|dest=MES;app=Quality Management;business=Quality Release to Production;mw=Kafka;mode=Async;err=0;reason=none;class=none
EVT-0005158|14.09.2026 10:46:17|IF_SAPPP_MESPE_001|PP|MES|RETRY|2728|SESS-255C8E974D|REQ-558ABA179CB1|dest=MES;app=Product Planning;business=Production Order to Manufacturing;mw=Kafka;mode=Async;err=NET_CONN_003;reason=Connection reset by peer;class=Network
EVT-0005160|15.09.2026 08:27:05|IF_SAPFIN_HCMPAY_001|FIN|HCM|OK|21404|SESS-6EFA572A72|REQ-B9F12C678B9B|dest=HCM;app=Finance;business=Payment Confirmation to Payroll;mw=SFTP;mode=Batch;err=0;reason=none;class=none
EVT-0005166|16.09.2026 05:48:10|IF_SAPQM_MESPE_001|QM|MES|OK|1097|SESS-83903DE5BA|REQ-CEF334B1F0D9|dest=MES;app=Quality Management;business=Quality Release to Production;mw=Kafka;mode=Async;err=0;reason=none;class=none
EVT-0005174|10.09.2026 06:08:28|IF_SAPQM_MESPE_001|QM|MES|OK|1014|SESS-35D0CED1E7|REQ-5C95E421E56B|dest=MES;app=Quality Management;business=Quality Release to Production;mw=Kafka;mode=Async;err=0;reason=none;class=none
EVT-0005175|12.09.2026 10:53:15|IF_SAPQM_MESPE_001|QM|MES|OK|1044|SESS-C3F1FC4C16|REQ-D3331D62C133|dest=MES;app=Quality Management;business=Quality Release to Production;mw=Kafka;mode=Async;err=0;reason=none;class=none
EVT-0005179|15.09.2026 22:33:50|IF_SAPQM_ORWMS_001|QM|ORACLE_SCM|OK|2536|SESS-6049E6CDD8|REQ-4D141226A4ED|dest=ORACLE_SCM;app=Quality Management;business=Quality Release to Warehouse;mw=Kafka;mode=Async;err=0;reason=none;class=none
EVT-0005181|11.09.2026 02:31:28|IF_SAPFIN_HCMPAY_001|FIN|HCM|OK|20195|SESS-80DDB03BB7|REQ-18418CFACBB4|dest=HCM;app=Finance;business=Payment Confirmation to Payroll;mw=SFTP;mode=Batch;err=0;reason=none;class=none
EVT-0005185|14.09.2026 22:20:01|IF_SAPPROC_ORIM_001|PROC|ORACLE_SCM|OK|1084|SESS-9544062422|REQ-04B81E9B3B39|dest=ORACLE_SCM;app=Procurement;business=Purchase Order to Inventory;mw=REST_API;mode=REST;err=0;reason=none;class=none
EVT-0005188|14.09.2026 22:27:17|IF_SAPQM_ORWMS_001|QM|ORACLE_SCM|OK|2090|SESS-758747F643|REQ-EAA363DFE616|dest=ORACLE_SCM;app=Quality Management;business=Quality Release to Warehouse;mw=Kafka;mode=Async;err=0;reason=none;class=none
EVT-0005190|15.09.2026 05:18:30|IF_SAPQM_ORWMS_001|QM|ORACLE_SCM|OK|2337|SESS-B5F7B5189C|REQ-126141DB3E6E|dest=ORACLE_SCM;app=Quality Management;business=Quality Release to Warehouse;mw=Kafka;mode=Async;err=0;reason=none;class=none
EVT-0005192|15.09.2026 13:55:02|IF_SAPQM_MESPE_001|QM|MES|OK|810|SESS-74A52DD9AA|REQ-14C57B2FCDEA|dest=MES;app=Quality Management;business=Quality Release to Production;mw=Kafka;mode=Async;err=0;reason=none;class=none
EVT-0005193|12.09.2026 09:28:26|IF_SAPPROC_ORWMS_001|PROC|ORACLE_SCM|OK|13180|SESS-D9E9C6E3D5|REQ-F85D27AD3355|dest=ORACLE_SCM;app=Procurement;business=Purchase Receipt to Warehouse;mw=SFTP;mode=Batch;err=0;reason=none;class=none
EVT-0005194|16.09.2026 12:10:14|IF_SAPQM_MESPE_001|QM|MES|OK|840|SESS-97FA311CBB|REQ-3F7734EBC86F|dest=MES;app=Quality Management;business=Quality Release to Production;mw=Kafka;mode=Async;err=0;reason=none;class=none
EVT-0005202|10.09.2026 21:56:17|IF_SAPPROC_ORIM_001|PROC|ORACLE_SCM|OK|2182|SESS-8C32B4FEEF|REQ-A8D5E6A0009A|dest=ORACLE_SCM;app=Procurement;business=Purchase Order to Inventory;mw=REST_API;mode=REST;err=0;reason=none;class=none
EVT-0005209|12.09.2026 07:21:07|IF_SAPPP_ORSC_001|PP|ORACLE_SCM|OK|1775|SESS-CC384C69FF|REQ-2B7749188F2B|dest=ORACLE_SCM;app=Product Planning;business=Production Plan to Supply Plan;mw=Kafka;mode=Async;err=0;reason=none;class=none
EVT-0005210|10.09.2026 07:04:21|IF_SAPPP_ORSC_001|PP|ORACLE_SCM|OK|1632|SESS-F97E98DD4E|REQ-C3E5EE14E62B|dest=ORACLE_SCM;app=Product Planning;business=Production Plan to Supply Plan;mw=Kafka;mode=Async;err=0;reason=none;class=none
EVT-0005216|14.09.2026 18:08:52|IF_SAPQM_ORWMS_001|QM|ORACLE_SCM|OK|1889|SESS-6001B48125|REQ-F4FAC7565F58|dest=ORACLE_SCM;app=Quality Management;business=Quality Release to Warehouse;mw=Kafka;mode=Async;err=0;reason=none;class=none
EVT-0005217|12.09.2026 18:29:45|IF_SAPPROC_ORIM_001|PROC|ORACLE_SCM|OK|1823|SESS-F05FDFC0D1|REQ-6C70689D1853|dest=ORACLE_SCM;app=Procurement;business=Purchase Order to Inventory;mw=REST_API;mode=REST;err=0;reason=none;class=none
EVT-0005223|16.09.2026 09:19:31|IF_SAPPP_MESPE_001|PP|MES|ERR|1584|SESS-B10D87AA7F|REQ-29B1CB6F8E79|dest=MES;app=Product Planning;business=Production Order to Manufacturing;mw=Kafka;mode=Async;err=EXT_502;reason=Downstream service returned 502;class=External Service
EVT-0005224|11.09.2026 07:18:15|IF_SAPPP_ORSC_001|PP|ORACLE_SCM|OK|707|SESS-E4B2FBE474|REQ-A7E9ADF193D0|dest=ORACLE_SCM;app=Product Planning;business=Production Plan to Supply Plan;mw=Kafka;mode=Async;err=0;reason=none;class=none
EVT-0005226|12.09.2026 21:02:05|IF_SAPQM_MESPE_001|QM|MES|OK|735|SESS-9EEC2841EF|REQ-3D78284457BF|dest=MES;app=Quality Management;business=Quality Release to Production;mw=Kafka;mode=Async;err=0;reason=none;class=none
EVT-0005228|16.09.2026 09:46:46|IF_SAPPROC_ORIM_001|PROC|ORACLE_SCM|RETRY|5864|SESS-BEDCE5BEF6|REQ-1D2F41449CF5|dest=ORACLE_SCM;app=Procurement;business=Purchase Order to Inventory;mw=REST_API;mode=REST;err=EXT_502;reason=Downstream service returned 502;class=External Service
EVT-0005232|13.09.2026 16:31:49|IF_SAPPROC_ORIM_001|PROC|ORACLE_SCM|OK|2178|SESS-111209029B|REQ-1BDB36A42756|dest=ORACLE_SCM;app=Procurement;business=Purchase Order to Inventory;mw=REST_API;mode=REST;err=0;reason=none;class=none
EVT-0005233|14.09.2026 21:01:34|IF_SAPPROC_ORIM_001|PROC|ORACLE_SCM|RETRY|8000|SESS-974DBA5D22|REQ-831EB94760E2|dest=ORACLE_SCM;app=Procurement;business=Purchase Order to Inventory;mw=REST_API;mode=REST;err=AUTH_401;reason=Service credential rejected;class=Authentication
EVT-0005234|14.09.2026 21:48:34|IF_SAPQM_MESPE_001|QM|MES|OK|1136|SESS-A0D3037B63|REQ-1BB82CD3D628|dest=MES;app=Quality Management;business=Quality Release to Production;mw=Kafka;mode=Async;err=0;reason=none;class=none
EVT-0005235|15.09.2026 05:59:32|IF_SAPPP_ORSC_001|PP|ORACLE_SCM|RETRY|2559|SESS-2854C08D3F|REQ-24EB59581BFC|dest=ORACLE_SCM;app=Product Planning;business=Production Plan to Supply Plan;mw=Kafka;mode=Async;err=VAL_400;reason=Required business field failed validation;class=Validation
EVT-0005236|10.09.2026 06:51:56|IF_SAPPROC_ORWMS_001|PROC|ORACLE_SCM|OK|14108|SESS-C2EDE36380|REQ-79121D0A3402|dest=ORACLE_SCM;app=Procurement;business=Purchase Receipt to Warehouse;mw=SFTP;mode=Batch;err=0;reason=none;class=none
EVT-0005241|13.09.2026 15:42:18|IF_SAPPROC_ORIM_001|PROC|ORACLE_SCM|OK|2790|SESS-7180D43DBB|REQ-ED17CEFB3802|dest=ORACLE_SCM;app=Procurement;business=Purchase Order to Inventory;mw=REST_API;mode=REST;err=0;reason=none;class=none
EVT-0005242|11.09.2026 17:13:46|IF_SAPFIN_HCMPAY_001|FIN|HCM|OK|15499|SESS-CDDB00270C|REQ-F75E5353304A|dest=HCM;app=Finance;business=Payment Confirmation to Payroll;mw=SFTP;mode=Batch;err=0;reason=none;class=none
EVT-0005246|10.09.2026 12:52:05|IF_SAPPROC_ORIM_001|PROC|ORACLE_SCM|RETRY|4491|SESS-D8EDC1A8DB|REQ-15E33187E6A9|dest=ORACLE_SCM;app=Procurement;business=Purchase Order to Inventory;mw=REST_API;mode=REST;err=CFG_017;reason=Interface configuration mismatch;class=Configuration
EVT-0005247|12.09.2026 18:31:48|IF_SAPPROC_ORIM_001|PROC|ORACLE_SCM|OK|2308|SESS-3244599DC3|REQ-588C691E8513|dest=ORACLE_SCM;app=Procurement;business=Purchase Order to Inventory;mw=REST_API;mode=REST;err=0;reason=none;class=none
EVT-0005261|14.09.2026 13:16:22|IF_SAPQM_ORWMS_001|QM|ORACLE_SCM|OK|1504|SESS-55F1D318DF|REQ-36A90DEDA0CC|dest=ORACLE_SCM;app=Quality Management;business=Quality Release to Warehouse;mw=Kafka;mode=Async;err=0;reason=none;class=none
EVT-0005262|10.09.2026 12:02:48|IF_SAPPP_ORSC_001|PP|ORACLE_SCM|OK|1418|SESS-D44E33C044|REQ-17F548723684|dest=ORACLE_SCM;app=Product Planning;business=Production Plan to Supply Plan;mw=Kafka;mode=Async;err=0;reason=none;class=none
EVT-0005271|12.09.2026 04:24:01|IF_SAPQM_ORWMS_001|QM|ORACLE_SCM|OK|2398|SESS-5AB3F4334C|REQ-6917F347CAC8|dest=ORACLE_SCM;app=Quality Management;business=Quality Release to Warehouse;mw=Kafka;mode=Async;err=0;reason=none;class=none
EVT-0005273|13.09.2026 18:32:07|IF_SAPPP_ORSC_001|PP|ORACLE_SCM|OK|1591|SESS-86505145DB|REQ-3DA65ECFF49F|dest=ORACLE_SCM;app=Product Planning;business=Production Plan to Supply Plan;mw=Kafka;mode=Async;err=0;reason=none;class=none
EVT-0005274|16.09.2026 14:52:01|IF_SAPPROC_ORWMS_001|PROC|ORACLE_SCM|OK|8579|SESS-0AAB4A4330|REQ-5CD901F0F801|dest=ORACLE_SCM;app=Procurement;business=Purchase Receipt to Warehouse;mw=SFTP;mode=Batch;err=0;reason=none;class=none
EVT-0005280|10.09.2026 13:43:53|IF_SAPPROC_ORWMS_001|PROC|ORACLE_SCM|OK|12441|SESS-C887698118|REQ-2640B5E5FA80|dest=ORACLE_SCM;app=Procurement;business=Purchase Receipt to Warehouse;mw=SFTP;mode=Batch;err=0;reason=none;class=none
EVT-0005289|10.09.2026 21:10:59|IF_SAPPP_MESPE_001|PP|MES|RETRY|2413|SESS-110AD1EC24|REQ-8449B79223EA|dest=MES;app=Product Planning;business=Production Order to Manufacturing;mw=Kafka;mode=Async;err=AUTHZ_403;reason=Caller is not authorized;class=Authorization
EVT-0005294|11.09.2026 10:48:12|IF_SAPPROC_ORIM_001|PROC|ORACLE_SCM|RETRY|7974|SESS-E03CF4CFA4|REQ-9CE359550D2E|dest=ORACLE_SCM;app=Procurement;business=Purchase Order to Inventory;mw=REST_API;mode=REST;err=AUTH_401;reason=Service credential rejected;class=Authentication
EVT-0005299|15.09.2026 17:30:55|IF_SAPPP_MESPE_001|PP|MES|OK|1054|SESS-D7809D454D|REQ-46AFA02203D5|dest=MES;app=Product Planning;business=Production Order to Manufacturing;mw=Kafka;mode=Async;err=0;reason=none;class=none
EVT-0005302|14.09.2026 13:28:23|IF_SAPFIN_HCMPAY_001|FIN|HCM|RETRY|21968|SESS-C0CA028B5F|REQ-4CD095E962A4|dest=HCM;app=Finance;business=Payment Confirmation to Payroll;mw=SFTP;mode=Batch;err=VAL_400;reason=Required business field failed validation;class=Validation
EVT-0005303|14.09.2026 04:48:04|IF_SAPQM_ORWMS_001|QM|ORACLE_SCM|OK|2082|SESS-E2D25A471F|REQ-52F5A729BF1C|dest=ORACLE_SCM;app=Quality Management;business=Quality Release to Warehouse;mw=Kafka;mode=Async;err=0;reason=none;class=none
EVT-0005309|14.09.2026 10:55:27|IF_SAPPROC_ORIM_001|PROC|ORACLE_SCM|OK|2779|SESS-5084F42A7A|REQ-08528C06106A|dest=ORACLE_SCM;app=Procurement;business=Purchase Order to Inventory;mw=REST_API;mode=REST;err=0;reason=none;class=none
EVT-0005310|15.09.2026 06:12:39|IF_SAPQM_MESPE_001|QM|MES|OK|660|SESS-7AD107120C|REQ-0FD5E0992E44|dest=MES;app=Quality Management;business=Quality Release to Production;mw=Kafka;mode=Async;err=0;reason=none;class=none
EVT-0005311|12.09.2026 18:09:46|IF_SAPFIN_HCMPAY_001|FIN|HCM|RETRY|47410|SESS-55719DCB1D|REQ-F8F83D5012F2|dest=HCM;app=Finance;business=Payment Confirmation to Payroll;mw=SFTP;mode=Batch;err=DB_COMMIT_014;reason=Transaction commit failed;class=Database
EVT-0005312|12.09.2026 08:08:11|IF_SAPPROC_ORWMS_001|PROC|ORACLE_SCM|OK|15680|SESS-D9D9596637|REQ-834B61EB367B|dest=ORACLE_SCM;app=Procurement;business=Purchase Receipt to Warehouse;mw=SFTP;mode=Batch;err=0;reason=none;class=none
EVT-0005318|16.09.2026 13:43:44|IF_SAPPP_MESPE_001|PP|MES|OK|828|SESS-BD0D486059|REQ-CB68F1B0B1C5|dest=MES;app=Product Planning;business=Production Order to Manufacturing;mw=Kafka;mode=Async;err=0;reason=none;class=none
EVT-0005319|14.09.2026 14:08:57|IF_SAPQM_ORWMS_001|QM|ORACLE_SCM|OK|2468|SESS-0A6768AC18|REQ-336BF74EE508|dest=ORACLE_SCM;app=Quality Management;business=Quality Release to Warehouse;mw=Kafka;mode=Async;err=0;reason=none;class=none
EVT-0005320|12.09.2026 17:29:37|IF_SAPQM_MESPE_001|QM|MES|OK|750|SESS-A3AF50322A|REQ-3C3A265AEF4E|dest=MES;app=Quality Management;business=Quality Release to Production;mw=Kafka;mode=Async;err=0;reason=none;class=none
EVT-0005326|12.09.2026 02:13:36|IF_SAPPROC_ORWMS_001|PROC|ORACLE_SCM|OK|20203|SESS-C3DE63A0C4|REQ-C51665202F37|dest=ORACLE_SCM;app=Procurement;business=Purchase Receipt to Warehouse;mw=SFTP;mode=Batch;err=0;reason=none;class=none
EVT-0005329|13.09.2026 21:30:56|IF_SAPQM_MESPE_001|QM|MES|OK|918|SESS-E4AD1BC097|REQ-CC3CDF9FA71A|dest=MES;app=Quality Management;business=Quality Release to Production;mw=Kafka;mode=Async;err=0;reason=none;class=none
EVT-0005331|14.09.2026 16:10:22|IF_SAPFIN_HCMPAY_001|FIN|HCM|ERR|22342|SESS-E46CA9079B|REQ-CDCB4F5A0628|dest=HCM;app=Finance;business=Payment Confirmation to Payroll;mw=SFTP;mode=Batch;err=TIME_004;reason=Downstream response exceeded SLA;class=Timeout
EVT-0005337|14.09.2026 18:18:25|IF_SAPQM_ORWMS_001|QM|ORACLE_SCM|OK|2770|SESS-6C72E002AA|REQ-D0782782223D|dest=ORACLE_SCM;app=Quality Management;business=Quality Release to Warehouse;mw=Kafka;mode=Async;err=0;reason=none;class=none
EVT-0005345|15.09.2026 12:28:52|IF_SAPPROC_ORWMS_001|PROC|ORACLE_SCM|OK|12308|SESS-51D5B1A3F3|REQ-CE692777D574|dest=ORACLE_SCM;app=Procurement;business=Purchase Receipt to Warehouse;mw=SFTP;mode=Batch;err=0;reason=none;class=none
EVT-0005347|11.09.2026 14:18:10|IF_SAPFIN_HCMPAY_001|FIN|HCM|OK|10178|SESS-FDA27B486C|REQ-FD6F1BEA5EBD|dest=HCM;app=Finance;business=Payment Confirmation to Payroll;mw=SFTP;mode=Batch;err=0;reason=none;class=none
EVT-0005348|11.09.2026 06:03:58|IF_SAPQM_ORWMS_001|QM|ORACLE_SCM|OK|1761|SESS-636FD974E1|REQ-ECFEF4F82798|dest=ORACLE_SCM;app=Quality Management;business=Quality Release to Warehouse;mw=Kafka;mode=Async;err=0;reason=none;class=none
EVT-0005350|10.09.2026 18:38:20|IF_SAPPROC_ORIM_001|PROC|ORACLE_SCM|OK|2186|SESS-048C50FBD9|REQ-E41D64891817|dest=ORACLE_SCM;app=Procurement;business=Purchase Order to Inventory;mw=REST_API;mode=REST;err=0;reason=none;class=none
EVT-0005358|13.09.2026 13:26:15|IF_SAPFIN_HCMPAY_001|FIN|HCM|OK|15013|SESS-1E992F8629|REQ-67B654521F30|dest=HCM;app=Finance;business=Payment Confirmation to Payroll;mw=SFTP;mode=Batch;err=0;reason=none;class=none
EVT-0005359|16.09.2026 17:33:15|IF_SAPPROC_ORIM_001|PROC|ORACLE_SCM|OK|3160|SESS-44B205E528|REQ-CEF2F34B21F6|dest=ORACLE_SCM;app=Procurement;business=Purchase Order to Inventory;mw=REST_API;mode=REST;err=0;reason=none;class=none
EVT-0005362|16.09.2026 23:10:39|IF_SAPQM_MESPE_001|QM|MES|OK|893|SESS-C21EC0FAF2|REQ-87E06538EF21|dest=MES;app=Quality Management;business=Quality Release to Production;mw=Kafka;mode=Async;err=0;reason=none;class=none
EVT-0005363|13.09.2026 12:57:27|IF_SAPPROC_ORIM_001|PROC|ORACLE_SCM|OK|2031|SESS-1A6FDD6F39|REQ-404BB974CD55|dest=ORACLE_SCM;app=Procurement;business=Purchase Order to Inventory;mw=REST_API;mode=REST;err=0;reason=none;class=none
EVT-0005365|15.09.2026 20:21:22|IF_SAPFIN_HCMPAY_001|FIN|HCM|OK|13058|SESS-650F492B39|REQ-54C46F0C0F89|dest=HCM;app=Finance;business=Payment Confirmation to Payroll;mw=SFTP;mode=Batch;err=0;reason=none;class=none
EVT-0005367|15.09.2026 22:21:39|IF_SAPPP_MESPE_001|PP|MES|OK|584|SESS-7AF74B7D74|REQ-BA626B6F2C47|dest=MES;app=Product Planning;business=Production Order to Manufacturing;mw=Kafka;mode=Async;err=0;reason=none;class=none
EVT-0005372|15.09.2026 07:02:08|IF_SAPPP_MESPE_001|PP|MES|OK|871|SESS-0E721AD500|REQ-38A5546D1FA8|dest=MES;app=Product Planning;business=Production Order to Manufacturing;mw=Kafka;mode=Async;err=0;reason=none;class=none
EVT-0005373|13.09.2026 04:03:06|IF_SAPPP_ORSC_001|PP|ORACLE_SCM|OK|1493|SESS-E523C46766|REQ-4C54BE3E7EBB|dest=ORACLE_SCM;app=Product Planning;business=Production Plan to Supply Plan;mw=Kafka;mode=Async;err=0;reason=none;class=none
EVT-0005379|15.09.2026 00:01:19|IF_SAPPROC_ORWMS_001|PROC|ORACLE_SCM|OK|11065|SESS-3F5901E5BE|REQ-543FEE862419|dest=ORACLE_SCM;app=Procurement;business=Purchase Receipt to Warehouse;mw=SFTP;mode=Batch;err=0;reason=none;class=none
EVT-0005380|15.09.2026 02:39:31|IF_SAPPP_MESPE_001|PP|MES|OK|1067|SESS-4E4B704599|REQ-B4ABCFAB980F|dest=MES;app=Product Planning;business=Production Order to Manufacturing;mw=Kafka;mode=Async;err=0;reason=none;class=none
EVT-0005381|10.09.2026 21:39:47|IF_SAPPP_ORSC_001|PP|ORACLE_SCM|RETRY|5248|SESS-A8EBCBAF7E|REQ-8332DF44BECB|dest=ORACLE_SCM;app=Product Planning;business=Production Plan to Supply Plan;mw=Kafka;mode=Async;err=VAL_400;reason=Required business field failed validation;class=Validation
EVT-0005382|12.09.2026 17:26:22|IF_SAPPP_MESPE_001|PP|MES|OK|949|SESS-3EF5429F0A|REQ-B1524FD61EF4|dest=MES;app=Product Planning;business=Production Order to Manufacturing;mw=Kafka;mode=Async;err=0;reason=none;class=none
EVT-0005385|16.09.2026 23:18:06|IF_SAPPROC_ORIM_001|PROC|ORACLE_SCM|OK|2594|SESS-68B423919C|REQ-B04BADC93FCD|dest=ORACLE_SCM;app=Procurement;business=Purchase Order to Inventory;mw=REST_API;mode=REST;err=0;reason=none;class=none
EVT-0005386|15.09.2026 01:01:12|IF_SAPPROC_ORIM_001|PROC|ORACLE_SCM|OK|2072|SESS-EB7E26F2E3|REQ-45122FE82B2C|dest=ORACLE_SCM;app=Procurement;business=Purchase Order to Inventory;mw=REST_API;mode=REST;err=0;reason=none;class=none
EVT-0005391|10.09.2026 13:50:28|IF_SAPPROC_ORWMS_001|PROC|ORACLE_SCM|OK|7336|SESS-66923940DD|REQ-2C36124BAAAC|dest=ORACLE_SCM;app=Procurement;business=Purchase Receipt to Warehouse;mw=SFTP;mode=Batch;err=0;reason=none;class=none
EVT-0005395|11.09.2026 20:34:29|IF_SAPQM_MESPE_001|QM|MES|OK|720|SESS-FF6B4132C7|REQ-30F4285467B6|dest=MES;app=Quality Management;business=Quality Release to Production;mw=Kafka;mode=Async;err=0;reason=none;class=none
EVT-0005410|15.09.2026 11:02:43|IF_SAPQM_ORWMS_001|QM|ORACLE_SCM|OK|1678|SESS-1552545BD6|REQ-2F14567834C7|dest=ORACLE_SCM;app=Quality Management;business=Quality Release to Warehouse;mw=Kafka;mode=Async;err=0;reason=none;class=none
EVT-0005413|13.09.2026 17:33:48|IF_SAPPROC_ORIM_001|PROC|ORACLE_SCM|OK|2178|SESS-5FCBE4F008|REQ-E8D85452CD92|dest=ORACLE_SCM;app=Procurement;business=Purchase Order to Inventory;mw=REST_API;mode=REST;err=0;reason=none;class=none
EVT-0005422|16.09.2026 01:46:18|IF_SAPQM_MESPE_001|QM|MES|OK|1015|SESS-0C54B119A5|REQ-7E1B7AFE3D8F|dest=MES;app=Quality Management;business=Quality Release to Production;mw=Kafka;mode=Async;err=0;reason=none;class=none
EVT-0005426|15.09.2026 00:21:56|IF_SAPPP_ORSC_001|PP|ORACLE_SCM|RETRY|5119|SESS-635ABC5ED0|REQ-088AB157B2D4|dest=ORACLE_SCM;app=Product Planning;business=Production Plan to Supply Plan;mw=Kafka;mode=Async;err=AUTHZ_403;reason=Caller is not authorized;class=Authorization
EVT-0005430|10.09.2026 18:19:26|IF_SAPFIN_HCMPAY_001|FIN|HCM|OK|13024|SESS-A5F29E0C4E|REQ-D2677EB78F18|dest=HCM;app=Finance;business=Payment Confirmation to Payroll;mw=SFTP;mode=Batch;err=0;reason=none;class=none
EVT-0005444|10.09.2026 10:15:46|IF_SAPPP_ORSC_001|PP|ORACLE_SCM|ERR|5792|SESS-770AADD481|REQ-DD77E8E6601B|dest=ORACLE_SCM;app=Product Planning;business=Production Plan to Supply Plan;mw=Kafka;mode=Async;err=INFRA_008;reason=Runtime node unavailable;class=Infrastructure
EVT-0005445|14.09.2026 02:15:06|IF_SAPPP_ORSC_001|PP|ORACLE_SCM|OK|1441|SESS-7BCD2C68A1|REQ-4B780E501BC6|dest=ORACLE_SCM;app=Product Planning;business=Production Plan to Supply Plan;mw=Kafka;mode=Async;err=0;reason=none;class=none
EVT-0005446|13.09.2026 10:11:35|IF_SAPPROC_ORIM_001|PROC|ORACLE_SCM|OK|1707|SESS-B52FC382A7|REQ-7A47B2493D1B|dest=ORACLE_SCM;app=Procurement;business=Purchase Order to Inventory;mw=REST_API;mode=REST;err=0;reason=none;class=none
EVT-0005451|13.09.2026 10:35:50|IF_SAPPP_MESPE_001|PP|MES|OK|960|SESS-EA72C375D9|REQ-CF9C93172371|dest=MES;app=Product Planning;business=Production Order to Manufacturing;mw=Kafka;mode=Async;err=0;reason=none;class=none
EVT-0005454|13.09.2026 12:11:26|IF_SAPFIN_HCMPAY_001|FIN|HCM|OK|13036|SESS-5E30FC14AB|REQ-770E0D5B2134|dest=HCM;app=Finance;business=Payment Confirmation to Payroll;mw=SFTP;mode=Batch;err=0;reason=none;class=none
EVT-0005459|16.09.2026 20:50:13|IF_SAPPP_MESPE_001|PP|MES|OK|1002|SESS-A897B65FEE|REQ-BEC9D606D1E7|dest=MES;app=Product Planning;business=Production Order to Manufacturing;mw=Kafka;mode=Async;err=0;reason=none;class=none
EVT-0005469|12.09.2026 07:32:09|IF_SAPQM_ORWMS_001|QM|ORACLE_SCM|OK|2802|SESS-4ECC619054|REQ-CB46C12218F9|dest=ORACLE_SCM;app=Quality Management;business=Quality Release to Warehouse;mw=Kafka;mode=Async;err=0;reason=none;class=none
EVT-0005470|10.09.2026 18:21:29|IF_SAPQM_ORWMS_001|QM|ORACLE_SCM|OK|3010|SESS-3368E4FFF8|REQ-839CEFC88353|dest=ORACLE_SCM;app=Quality Management;business=Quality Release to Warehouse;mw=Kafka;mode=Async;err=0;reason=none;class=none
EVT-0005475|13.09.2026 19:26:18|IF_SAPPP_MESPE_001|PP|MES|OK|500|SESS-0D24966848|REQ-927D4A2F6B11|dest=MES;app=Product Planning;business=Production Order to Manufacturing;mw=Kafka;mode=Async;err=0;reason=none;class=none
EVT-0005482|14.09.2026 18:29:15|IF_SAPPP_MESPE_001|PP|MES|ERR|6152|SESS-D134E63B08|REQ-E73F3B546A25|dest=MES;app=Product Planning;business=Production Order to Manufacturing;mw=Kafka;mode=Async;err=CFG_017;reason=Interface configuration mismatch;class=Configuration
EVT-0005484|13.09.2026 19:58:57|IF_SAPQM_MESPE_001|QM|MES|OK|877|SESS-407ED1574D|REQ-F1DFDF947FC6|dest=MES;app=Quality Management;business=Quality Release to Production;mw=Kafka;mode=Async;err=0;reason=none;class=none
EVT-0005485|16.09.2026 13:50:32|IF_SAPFIN_HCMPAY_001|FIN|HCM|OK|11837|SESS-5AC8186F5A|REQ-4600EFE25DBD|dest=HCM;app=Finance;business=Payment Confirmation to Payroll;mw=SFTP;mode=Batch;err=0;reason=none;class=none
EVT-0005487|13.09.2026 09:08:22|IF_SAPQM_MESPE_001|QM|MES|OK|823|SESS-8CDA7EB4EB|REQ-24E6257E22DF|dest=MES;app=Quality Management;business=Quality Release to Production;mw=Kafka;mode=Async;err=0;reason=none;class=none
EVT-0005488|12.09.2026 04:09:07|IF_SAPPROC_ORWMS_001|PROC|ORACLE_SCM|OK|12399|SESS-6A4A47406D|REQ-C612446FD7C0|dest=ORACLE_SCM;app=Procurement;business=Purchase Receipt to Warehouse;mw=SFTP;mode=Batch;err=0;reason=none;class=none
EVT-0005499|12.09.2026 20:04:41|IF_SAPQM_ORWMS_001|QM|ORACLE_SCM|OK|2325|SESS-8C408F2EAE|REQ-74BA6F42C39E|dest=ORACLE_SCM;app=Quality Management;business=Quality Release to Warehouse;mw=Kafka;mode=Async;err=0;reason=none;class=none
EVT-0005501|15.09.2026 17:15:48|IF_SAPQM_ORWMS_001|QM|ORACLE_SCM|OK|2790|SESS-E370B8403E|REQ-B4C5BEFF75DB|dest=ORACLE_SCM;app=Quality Management;business=Quality Release to Warehouse;mw=Kafka;mode=Async;err=0;reason=none;class=none
EVT-0005508|15.09.2026 06:48:02|IF_SAPPROC_ORIM_001|PROC|ORACLE_SCM|RETRY|5855|SESS-A76A407F40|REQ-F7342652F607|dest=ORACLE_SCM;app=Procurement;business=Purchase Order to Inventory;mw=REST_API;mode=REST;err=CFG_017;reason=Interface configuration mismatch;class=Configuration
EVT-0005511|13.09.2026 04:23:49|IF_SAPQM_MESPE_001|QM|MES|RETRY|2812|SESS-5BBCF58F02|REQ-440C0FA09B58|dest=MES;app=Quality Management;business=Quality Release to Production;mw=Kafka;mode=Async;err=TIME_004;reason=Downstream response exceeded SLA;class=Timeout
EVT-0005513|12.09.2026 09:00:16|IF_SAPFIN_HCMPAY_001|FIN|HCM|OK|14791|SESS-18FA686140|REQ-9EC3041C1B66|dest=HCM;app=Finance;business=Payment Confirmation to Payroll;mw=SFTP;mode=Batch;err=0;reason=none;class=none
EVT-0005515|15.09.2026 21:48:57|IF_SAPPROC_ORWMS_001|PROC|ORACLE_SCM|RETRY|26824|SESS-A98750A068|REQ-A9572CB0F61B|dest=ORACLE_SCM;app=Procurement;business=Purchase Receipt to Warehouse;mw=SFTP;mode=Batch;err=AUTH_401;reason=Service credential rejected;class=Authentication
EVT-0005516|12.09.2026 13:46:42|IF_SAPQM_ORWMS_001|QM|ORACLE_SCM|OK|2571|SESS-BE9169B5D6|REQ-CD48A97169F4|dest=ORACLE_SCM;app=Quality Management;business=Quality Release to Warehouse;mw=Kafka;mode=Async;err=0;reason=none;class=none
EVT-0005517|13.09.2026 03:14:34|IF_SAPPP_MESPE_001|PP|MES|OK|753|SESS-74EF7C52D9|REQ-FC4DCECBA5F5|dest=MES;app=Product Planning;business=Production Order to Manufacturing;mw=Kafka;mode=Async;err=0;reason=none;class=none
EVT-0005519|12.09.2026 14:22:13|IF_SAPPP_MESPE_001|PP|MES|OK|330|SESS-DF86B1CA2F|REQ-F36ED9FFE670|dest=MES;app=Product Planning;business=Production Order to Manufacturing;mw=Kafka;mode=Async;err=0;reason=none;class=none
EVT-0005522|12.09.2026 23:04:47|IF_SAPPP_MESPE_001|PP|MES|OK|850|SESS-E98DF8330E|REQ-728EBF06B755|dest=MES;app=Product Planning;business=Production Order to Manufacturing;mw=Kafka;mode=Async;err=0;reason=none;class=none
EVT-0005532|15.09.2026 12:43:12|IF_SAPPP_ORSC_001|PP|ORACLE_SCM|OK|878|SESS-607A6525C1|REQ-165061C412D3|dest=ORACLE_SCM;app=Product Planning;business=Production Plan to Supply Plan;mw=Kafka;mode=Async;err=0;reason=none;class=none
EVT-0005533|15.09.2026 12:54:46|IF_SAPFIN_HCMPAY_001|FIN|HCM|ERR|20740|SESS-AB305F52EA|REQ-C93B8A793472|dest=HCM;app=Finance;business=Payment Confirmation to Payroll;mw=SFTP;mode=Batch;err=CAP_003;reason=Downstream service is at capacity;class=Capacity
EVT-0005539|16.09.2026 19:24:38|IF_SAPPP_ORSC_001|PP|ORACLE_SCM|RETRY|3381|SESS-D707A570C1|REQ-91FF3641BEA3|dest=ORACLE_SCM;app=Product Planning;business=Production Plan to Supply Plan;mw=Kafka;mode=Async;err=CAP_003;reason=Downstream service is at capacity;class=Capacity
EVT-0005543|14.09.2026 17:52:53|IF_SAPQM_ORWMS_001|QM|ORACLE_SCM|OK|2134|SESS-9A22F962C1|REQ-1E0707271961|dest=ORACLE_SCM;app=Quality Management;business=Quality Release to Warehouse;mw=Kafka;mode=Async;err=0;reason=none;class=none
EVT-0005556|16.09.2026 21:32:56|IF_SAPQM_ORWMS_001|QM|ORACLE_SCM|RETRY|5239|SESS-32E9F171DD|REQ-6140D88F6981|dest=ORACLE_SCM;app=Quality Management;business=Quality Release to Warehouse;mw=Kafka;mode=Async;err=INFRA_008;reason=Runtime node unavailable;class=Infrastructure
EVT-0005558|16.09.2026 19:35:19|IF_SAPQM_MESPE_001|QM|MES|OK|949|SESS-13B4BFCD2B|REQ-FDC1774B3AFA|dest=MES;app=Quality Management;business=Quality Release to Production;mw=Kafka;mode=Async;err=0;reason=none;class=none
EVT-0005565|15.09.2026 23:01:12|IF_SAPPP_ORSC_001|PP|ORACLE_SCM|OK|1326|SESS-549FAE4805|REQ-7D144EFED82F|dest=ORACLE_SCM;app=Product Planning;business=Production Plan to Supply Plan;mw=Kafka;mode=Async;err=0;reason=none;class=none
EVT-0005568|16.09.2026 04:32:08|IF_SAPQM_MESPE_001|QM|MES|OK|961|SESS-981FAF6EB5|REQ-E9CD2C494800|dest=MES;app=Quality Management;business=Quality Release to Production;mw=Kafka;mode=Async;err=0;reason=none;class=none
EVT-0005574|11.09.2026 16:23:49|IF_SAPPROC_ORIM_001|PROC|ORACLE_SCM|OK|2652|SESS-113271D3DA|REQ-CEE2A8D891C8|dest=ORACLE_SCM;app=Procurement;business=Purchase Order to Inventory;mw=REST_API;mode=REST;err=0;reason=none;class=none
EVT-0005582|12.09.2026 20:16:53|IF_SAPQM_ORWMS_001|QM|ORACLE_SCM|OK|2494|SESS-6FE2652252|REQ-34FF383E7E79|dest=ORACLE_SCM;app=Quality Management;business=Quality Release to Warehouse;mw=Kafka;mode=Async;err=0;reason=none;class=none
EVT-0005584|13.09.2026 00:52:39|IF_SAPPP_MESPE_001|PP|MES|OK|714|SESS-F5A40122CB|REQ-2FD4B590253D|dest=MES;app=Product Planning;business=Production Order to Manufacturing;mw=Kafka;mode=Async;err=0;reason=none;class=none
EVT-0005588|14.09.2026 18:40:57|IF_SAPPROC_ORIM_001|PROC|ORACLE_SCM|OK|1937|SESS-6A60EC89C6|REQ-0F0F3C382EF1|dest=ORACLE_SCM;app=Procurement;business=Purchase Order to Inventory;mw=REST_API;mode=REST;err=0;reason=none;class=none
EVT-0005591|12.09.2026 00:09:36|IF_SAPPP_MESPE_001|PP|MES|OK|778|SESS-D198AAD4F5|REQ-25929CB3762B|dest=MES;app=Product Planning;business=Production Order to Manufacturing;mw=Kafka;mode=Async;err=0;reason=none;class=none
EVT-0005596|10.09.2026 16:23:35|IF_SAPPP_MESPE_001|PP|MES|OK|1115|SESS-286E58FE7C|REQ-B9A99F0C93CA|dest=MES;app=Product Planning;business=Production Order to Manufacturing;mw=Kafka;mode=Async;err=0;reason=none;class=none
EVT-0005598|15.09.2026 10:33:31|IF_SAPQM_MESPE_001|QM|MES|OK|777|SESS-13D6A92FA4|REQ-110584FA621C|dest=MES;app=Quality Management;business=Quality Release to Production;mw=Kafka;mode=Async;err=0;reason=none;class=none
EVT-0005600|13.09.2026 03:42:20|IF_SAPPP_MESPE_001|PP|MES|ERR|3869|SESS-58762DCB7D|REQ-3F931C950267|dest=MES;app=Product Planning;business=Production Order to Manufacturing;mw=Kafka;mode=Async;err=INFRA_008;reason=Runtime node unavailable;class=Infrastructure
EVT-0005601|11.09.2026 05:33:41|IF_SAPPP_MESPE_001|PP|MES|OK|648|SESS-70AE0FE267|REQ-FBCEC95517E9|dest=MES;app=Product Planning;business=Production Order to Manufacturing;mw=Kafka;mode=Async;err=0;reason=none;class=none
EVT-0005602|14.09.2026 01:18:04|IF_SAPPROC_ORIM_001|PROC|ORACLE_SCM|OK|2363|SESS-5ACF154A95|REQ-7F0124A0A1E0|dest=ORACLE_SCM;app=Procurement;business=Purchase Order to Inventory;mw=REST_API;mode=REST;err=0;reason=none;class=none
EVT-0005603|14.09.2026 17:01:50|IF_SAPQM_ORWMS_001|QM|ORACLE_SCM|OK|2391|SESS-A8F370205D|REQ-85F41BE42527|dest=ORACLE_SCM;app=Quality Management;business=Quality Release to Warehouse;mw=Kafka;mode=Async;err=0;reason=none;class=none
EVT-0005621|13.09.2026 22:34:40|IF_SAPQM_ORWMS_001|QM|ORACLE_SCM|OK|2040|SESS-67766BC77E|REQ-93A5F79CCCE3|dest=ORACLE_SCM;app=Quality Management;business=Quality Release to Warehouse;mw=Kafka;mode=Async;err=0;reason=none;class=none
EVT-0005626|15.09.2026 16:56:58|IF_SAPPP_ORSC_001|PP|ORACLE_SCM|OK|1600|SESS-F122A36F54|REQ-B3FBFF1166C3|dest=ORACLE_SCM;app=Product Planning;business=Production Plan to Supply Plan;mw=Kafka;mode=Async;err=0;reason=none;class=none
EVT-0005635|14.09.2026 06:36:08|IF_SAPQM_MESPE_001|QM|MES|OK|894|SESS-6F4162EDFC|REQ-2EE3A573F850|dest=MES;app=Quality Management;business=Quality Release to Production;mw=Kafka;mode=Async;err=0;reason=none;class=none
EVT-0005639|12.09.2026 02:32:42|IF_SAPPP_MESPE_001|PP|MES|RETRY|2261|SESS-11C4044DF4|REQ-740FA887C84D|dest=MES;app=Product Planning;business=Production Order to Manufacturing;mw=Kafka;mode=Async;err=TIME_004;reason=Downstream response exceeded SLA;class=Timeout
EVT-0005647|10.09.2026 11:51:53|IF_SAPQM_ORWMS_001|QM|ORACLE_SCM|RETRY|4931|SESS-369090A571|REQ-1DF1BB11A9EB|dest=ORACLE_SCM;app=Quality Management;business=Quality Release to Warehouse;mw=Kafka;mode=Async;err=EXT_502;reason=Downstream service returned 502;class=External Service
EVT-0005648|14.09.2026 06:10:51|IF_SAPPROC_ORIM_001|PROC|ORACLE_SCM|OK|2081|SESS-52E3FB2123|REQ-825D2BA0CC67|dest=ORACLE_SCM;app=Procurement;business=Purchase Order to Inventory;mw=REST_API;mode=REST;err=0;reason=none;class=none
EVT-0005661|10.09.2026 05:33:33|IF_SAPPP_ORSC_001|PP|ORACLE_SCM|OK|1114|SESS-4B4E90FE8C|REQ-BFD2C0662620|dest=ORACLE_SCM;app=Product Planning;business=Production Plan to Supply Plan;mw=Kafka;mode=Async;err=0;reason=none;class=none
EVT-0005665|10.09.2026 16:04:27|IF_SAPPP_ORSC_001|PP|ORACLE_SCM|OK|1304|SESS-87A6EFCB52|REQ-6EA1D48B885A|dest=ORACLE_SCM;app=Product Planning;business=Production Plan to Supply Plan;mw=Kafka;mode=Async;err=0;reason=none;class=none
EVT-0005670|11.09.2026 23:32:39|IF_SAPQM_MESPE_001|QM|MES|OK|851|SESS-2A7B3C9905|REQ-DDBBEF4FEDD1|dest=MES;app=Quality Management;business=Quality Release to Production;mw=Kafka;mode=Async;err=0;reason=none;class=none
EVT-0005681|14.09.2026 14:02:13|IF_SAPPROC_ORIM_001|PROC|ORACLE_SCM|OK|1245|SESS-C22DC9E91A|REQ-A413316A278C|dest=ORACLE_SCM;app=Procurement;business=Purchase Order to Inventory;mw=REST_API;mode=REST;err=0;reason=none;class=none
EVT-0005685|14.09.2026 01:49:36|IF_SAPPROC_ORIM_001|PROC|ORACLE_SCM|OK|2733|SESS-86E44C5AA3|REQ-7FAF72EE2E04|dest=ORACLE_SCM;app=Procurement;business=Purchase Order to Inventory;mw=REST_API;mode=REST;err=0;reason=none;class=none
EVT-0005688|14.09.2026 18:57:14|IF_SAPPP_ORSC_001|PP|ORACLE_SCM|RETRY|4658|SESS-4C2CA94C87|REQ-FE0D98E86726|dest=ORACLE_SCM;app=Product Planning;business=Production Plan to Supply Plan;mw=Kafka;mode=Async;err=CAP_003;reason=Downstream service is at capacity;class=Capacity
EVT-0005690|12.09.2026 09:01:13|IF_SAPQM_MESPE_001|QM|MES|OK|827|SESS-72777130C6|REQ-B3D1898C1F86|dest=MES;app=Quality Management;business=Quality Release to Production;mw=Kafka;mode=Async;err=0;reason=none;class=none
EVT-0005696|14.09.2026 01:12:37|IF_SAPPP_MESPE_001|PP|MES|OK|954|SESS-CFC699783E|REQ-9B8A85AEC8BD|dest=MES;app=Product Planning;business=Production Order to Manufacturing;mw=Kafka;mode=Async;err=0;reason=none;class=none
EVT-0005716|11.09.2026 21:54:23|IF_SAPQM_ORWMS_001|QM|ORACLE_SCM|OK|2674|SESS-3A161605B5|REQ-FE555A6D0F02|dest=ORACLE_SCM;app=Quality Management;business=Quality Release to Warehouse;mw=Kafka;mode=Async;err=0;reason=none;class=none
EVT-0005722|13.09.2026 04:46:31|IF_SAPPP_ORSC_001|PP|ORACLE_SCM|OK|1717|SESS-18B7C99321|REQ-21188F0A8933|dest=ORACLE_SCM;app=Product Planning;business=Production Plan to Supply Plan;mw=Kafka;mode=Async;err=0;reason=none;class=none
EVT-0005723|15.09.2026 00:29:08|IF_SAPQM_MESPE_001|QM|MES|OK|889|SESS-FD3E0F1CD0|REQ-8B04DF95FB13|dest=MES;app=Quality Management;business=Quality Release to Production;mw=Kafka;mode=Async;err=0;reason=none;class=none
EVT-0005730|12.09.2026 22:11:05|IF_SAPFIN_HCMPAY_001|FIN|HCM|OK|12783|SESS-630981EFC2|REQ-0B3EDDAF2D36|dest=HCM;app=Finance;business=Payment Confirmation to Payroll;mw=SFTP;mode=Batch;err=0;reason=none;class=none
EVT-0005731|10.09.2026 18:01:20|IF_SAPQM_MESPE_001|QM|MES|OK|580|SESS-BE5CF65576|REQ-1F7F15CEB62E|dest=MES;app=Quality Management;business=Quality Release to Production;mw=Kafka;mode=Async;err=0;reason=none;class=none
EVT-0005732|16.09.2026 07:19:43|IF_SAPQM_ORWMS_001|QM|ORACLE_SCM|RETRY|6680|SESS-72C2EB04F1|REQ-7ACAB30FED96|dest=ORACLE_SCM;app=Quality Management;business=Quality Release to Warehouse;mw=Kafka;mode=Async;err=EXT_502;reason=Downstream service returned 502;class=External Service
EVT-0005735|11.09.2026 10:28:54|IF_SAPPROC_ORWMS_001|PROC|ORACLE_SCM|OK|10128|SESS-606BCD0E4E|REQ-8BF1F41CB174|dest=ORACLE_SCM;app=Procurement;business=Purchase Receipt to Warehouse;mw=SFTP;mode=Batch;err=0;reason=none;class=none
EVT-0005742|12.09.2026 20:49:37|IF_SAPFIN_HCMPAY_001|FIN|HCM|OK|12940|SESS-7AB20133D3|REQ-80A4560EA40D|dest=HCM;app=Finance;business=Payment Confirmation to Payroll;mw=SFTP;mode=Batch;err=0;reason=none;class=none
EVT-0005747|11.09.2026 11:50:45|IF_SAPFIN_HCMPAY_001|FIN|HCM|OK|12455|SESS-1D0ED442C0|REQ-0E2AFF34FB4B|dest=HCM;app=Finance;business=Payment Confirmation to Payroll;mw=SFTP;mode=Batch;err=0;reason=none;class=none
EVT-0005756|10.09.2026 21:47:53|IF_SAPQM_MESPE_001|QM|MES|OK|1337|SESS-8CE81731C6|REQ-1BC3ED86AD04|dest=MES;app=Quality Management;business=Quality Release to Production;mw=Kafka;mode=Async;err=0;reason=none;class=none
EVT-0005758|10.09.2026 23:05:08|IF_SAPPROC_ORWMS_001|PROC|ORACLE_SCM|OK|18116|SESS-49D5CC3F82|REQ-85AD5F066591|dest=ORACLE_SCM;app=Procurement;business=Purchase Receipt to Warehouse;mw=SFTP;mode=Batch;err=0;reason=none;class=none
EVT-0005760|12.09.2026 03:51:10|IF_SAPFIN_HCMPAY_001|FIN|HCM|OK|13604|SESS-80E5501037|REQ-4A75B5B31277|dest=HCM;app=Finance;business=Payment Confirmation to Payroll;mw=SFTP;mode=Batch;err=0;reason=none;class=none
EVT-0005766|15.09.2026 10:41:58|IF_SAPPROC_ORIM_001|PROC|ORACLE_SCM|OK|2762|SESS-51CBC3B730|REQ-121C3BE648D9|dest=ORACLE_SCM;app=Procurement;business=Purchase Order to Inventory;mw=REST_API;mode=REST;err=0;reason=none;class=none
EVT-0005771|11.09.2026 18:13:45|IF_SAPPROC_ORIM_001|PROC|ORACLE_SCM|OK|2065|SESS-16E111054C|REQ-2963821A6AEC|dest=ORACLE_SCM;app=Procurement;business=Purchase Order to Inventory;mw=REST_API;mode=REST;err=0;reason=none;class=none
EVT-0005795|10.09.2026 07:35:55|IF_SAPPP_MESPE_001|PP|MES|OK|812|SESS-0414410483|REQ-F181025A399E|dest=MES;app=Product Planning;business=Production Order to Manufacturing;mw=Kafka;mode=Async;err=0;reason=none;class=none
EVT-0005799|13.09.2026 12:34:05|IF_SAPQM_ORWMS_001|QM|ORACLE_SCM|OK|1872|SESS-B7F66C541B|REQ-CBA98224E58D|dest=ORACLE_SCM;app=Quality Management;business=Quality Release to Warehouse;mw=Kafka;mode=Async;err=0;reason=none;class=none
EVT-0005805|13.09.2026 11:35:04|IF_SAPQM_ORWMS_001|QM|ORACLE_SCM|OK|2454|SESS-5E63F2F7F5|REQ-E25EDD2DBCC6|dest=ORACLE_SCM;app=Quality Management;business=Quality Release to Warehouse;mw=Kafka;mode=Async;err=0;reason=none;class=none
EVT-0005812|14.09.2026 17:58:20|IF_SAPPROC_ORWMS_001|PROC|ORACLE_SCM|OK|13496|SESS-2434A8AA05|REQ-20CCBB71A5A3|dest=ORACLE_SCM;app=Procurement;business=Purchase Receipt to Warehouse;mw=SFTP;mode=Batch;err=0;reason=none;class=none
EVT-0005825|14.09.2026 22:54:16|IF_SAPQM_ORWMS_001|QM|ORACLE_SCM|RETRY|5054|SESS-746470E761|REQ-E5776130A82B|dest=ORACLE_SCM;app=Quality Management;business=Quality Release to Warehouse;mw=Kafka;mode=Async;err=TIME_004;reason=Downstream response exceeded SLA;class=Timeout
EVT-0005828|16.09.2026 23:32:34|IF_SAPPP_ORSC_001|PP|ORACLE_SCM|RETRY|3128|SESS-4DDB498029|REQ-1AAC8C60AEDF|dest=ORACLE_SCM;app=Product Planning;business=Production Plan to Supply Plan;mw=Kafka;mode=Async;err=CAP_003;reason=Downstream service is at capacity;class=Capacity
EVT-0005838|16.09.2026 01:17:58|IF_SAPPP_MESPE_001|PP|MES|OK|970|SESS-63C977E5D2|REQ-90AF48F4ADAE|dest=MES;app=Product Planning;business=Production Order to Manufacturing;mw=Kafka;mode=Async;err=0;reason=none;class=none
EVT-0005839|14.09.2026 21:06:33|IF_SAPQM_MESPE_001|QM|MES|OK|884|SESS-45B0016917|REQ-6A64178AA99E|dest=MES;app=Quality Management;business=Quality Release to Production;mw=Kafka;mode=Async;err=0;reason=none;class=none
EVT-0005844|10.09.2026 03:18:55|IF_SAPQM_ORWMS_001|QM|ORACLE_SCM|OK|1761|SESS-B53A2F2B91|REQ-86A318AFE138|dest=ORACLE_SCM;app=Quality Management;business=Quality Release to Warehouse;mw=Kafka;mode=Async;err=0;reason=none;class=none
EVT-0005858|11.09.2026 17:55:59|IF_SAPQM_ORWMS_001|QM|ORACLE_SCM|OK|1920|SESS-BB0C85D14A|REQ-6D6AF143B2E0|dest=ORACLE_SCM;app=Quality Management;business=Quality Release to Warehouse;mw=Kafka;mode=Async;err=0;reason=none;class=none
EVT-0005859|16.09.2026 18:42:07|IF_SAPPROC_ORWMS_001|PROC|ORACLE_SCM|ERR|102708|SESS-FC177A1613|REQ-15F9162C2905|dest=ORACLE_SCM;app=Procurement;business=Purchase Receipt to Warehouse;mw=SFTP;mode=Batch;err=CFG_017;reason=Interface configuration mismatch;class=Configuration
EVT-0005861|14.09.2026 08:11:40|IF_SAPPP_ORSC_001|PP|ORACLE_SCM|OK|1214|SESS-768EE1BA22|REQ-D8BC1641343C|dest=ORACLE_SCM;app=Product Planning;business=Production Plan to Supply Plan;mw=Kafka;mode=Async;err=0;reason=none;class=none
EVT-0005862|14.09.2026 01:51:57|IF_SAPFIN_HCMPAY_001|FIN|HCM|OK|9822|SESS-7AD8AB67D3|REQ-180015A452F0|dest=HCM;app=Finance;business=Payment Confirmation to Payroll;mw=SFTP;mode=Batch;err=0;reason=none;class=none
EVT-0005866|15.09.2026 03:00:15|IF_SAPPROC_ORIM_001|PROC|ORACLE_SCM|OK|2336|SESS-0A25B97740|REQ-C78A39ED1AA5|dest=ORACLE_SCM;app=Procurement;business=Purchase Order to Inventory;mw=REST_API;mode=REST;err=0;reason=none;class=none
EVT-0005875|13.09.2026 19:23:12|IF_SAPPP_MESPE_001|PP|MES|OK|840|SESS-9720A51993|REQ-F559393437E8|dest=MES;app=Product Planning;business=Production Order to Manufacturing;mw=Kafka;mode=Async;err=0;reason=none;class=none
EVT-0005878|12.09.2026 22:11:48|IF_SAPFIN_HCMPAY_001|FIN|HCM|OK|16344|SESS-99CC0FBFC9|REQ-F6FAB5E8AEFB|dest=HCM;app=Finance;business=Payment Confirmation to Payroll;mw=SFTP;mode=Batch;err=0;reason=none;class=none
EVT-0005880|12.09.2026 14:08:56|IF_SAPPP_ORSC_001|PP|ORACLE_SCM|OK|1694|SESS-D9A59148D7|REQ-F8E8D28755C1|dest=ORACLE_SCM;app=Product Planning;business=Production Plan to Supply Plan;mw=Kafka;mode=Async;err=0;reason=none;class=none
EVT-0005887|11.09.2026 02:24:04|IF_SAPPP_MESPE_001|PP|MES|OK|1193|SESS-B431BE551F|REQ-DC8441CCDA02|dest=MES;app=Product Planning;business=Production Order to Manufacturing;mw=Kafka;mode=Async;err=0;reason=none;class=none
EVT-0005891|14.09.2026 11:36:28|IF_SAPQM_MESPE_001|QM|MES|OK|581|SESS-09CCDAF1F8|REQ-1CCA837E6CB6|dest=MES;app=Quality Management;business=Quality Release to Production;mw=Kafka;mode=Async;err=0;reason=none;class=none
EVT-0005892|13.09.2026 10:41:29|IF_SAPPP_MESPE_001|PP|MES|RETRY|2876|SESS-1687A57E06|REQ-705FD3ED2C86|dest=MES;app=Product Planning;business=Production Order to Manufacturing;mw=Kafka;mode=Async;err=NET_CONN_003;reason=Connection reset by peer;class=Network
EVT-0005912|16.09.2026 01:41:38|IF_SAPPROC_ORIM_001|PROC|ORACLE_SCM|OK|2852|SESS-F35687DA6B|REQ-3D5FD49F19EF|dest=ORACLE_SCM;app=Procurement;business=Purchase Order to Inventory;mw=REST_API;mode=REST;err=0;reason=none;class=none
EVT-0005913|13.09.2026 23:52:24|IF_SAPQM_MESPE_001|QM|MES|OK|867|SESS-334A57B696|REQ-8DF23D199BB6|dest=MES;app=Quality Management;business=Quality Release to Production;mw=Kafka;mode=Async;err=0;reason=none;class=none
EVT-0005916|12.09.2026 06:23:06|IF_SAPPROC_ORIM_001|PROC|ORACLE_SCM|OK|3431|SESS-58F2FC6454|REQ-696B785628C2|dest=ORACLE_SCM;app=Procurement;business=Purchase Order to Inventory;mw=REST_API;mode=REST;err=0;reason=none;class=none
EVT-0005923|15.09.2026 12:31:27|IF_SAPQM_ORWMS_001|QM|ORACLE_SCM|OK|2102|SESS-CCE654F43E|REQ-B8F16110F41E|dest=ORACLE_SCM;app=Quality Management;business=Quality Release to Warehouse;mw=Kafka;mode=Async;err=0;reason=none;class=none
EVT-0005927|12.09.2026 06:35:23|IF_SAPQM_ORWMS_001|QM|ORACLE_SCM|OK|2276|SESS-8166EFEDE2|REQ-2023DDC3E1AB|dest=ORACLE_SCM;app=Quality Management;business=Quality Release to Warehouse;mw=Kafka;mode=Async;err=0;reason=none;class=none
EVT-0005928|14.09.2026 00:37:55|IF_SAPPP_ORSC_001|PP|ORACLE_SCM|OK|673|SESS-954665BF09|REQ-8D35CBD1EC2A|dest=ORACLE_SCM;app=Product Planning;business=Production Plan to Supply Plan;mw=Kafka;mode=Async;err=0;reason=none;class=none
EVT-0005929|16.09.2026 15:15:05|IF_SAPPROC_ORWMS_001|PROC|ORACLE_SCM|OK|14754|SESS-1757A43E18|REQ-CA5618BE5875|dest=ORACLE_SCM;app=Procurement;business=Purchase Receipt to Warehouse;mw=SFTP;mode=Batch;err=0;reason=none;class=none
EVT-0005932|14.09.2026 06:27:54|IF_SAPPP_MESPE_001|PP|MES|RETRY|1709|SESS-59552BA77B|REQ-1DCA742422C2|dest=MES;app=Product Planning;business=Production Order to Manufacturing;mw=Kafka;mode=Async;err=NET_CONN_003;reason=Connection reset by peer;class=Network
EVT-0005933|10.09.2026 04:53:24|IF_SAPQM_MESPE_001|QM|MES|OK|753|SESS-B80D088498|REQ-6AEFE822DB7B|dest=MES;app=Quality Management;business=Quality Release to Production;mw=Kafka;mode=Async;err=0;reason=none;class=none
EVT-0005934|11.09.2026 12:41:36|IF_SAPPP_ORSC_001|PP|ORACLE_SCM|OK|1985|SESS-044DAACF20|REQ-2EEC7E2FEFFC|dest=ORACLE_SCM;app=Product Planning;business=Production Plan to Supply Plan;mw=Kafka;mode=Async;err=0;reason=none;class=none
EVT-0005938|10.09.2026 14:54:16|IF_SAPQM_ORWMS_001|QM|ORACLE_SCM|OK|1961|SESS-304F31F12D|REQ-F58AD6FA026D|dest=ORACLE_SCM;app=Quality Management;business=Quality Release to Warehouse;mw=Kafka;mode=Async;err=0;reason=none;class=none
EVT-0005942|15.09.2026 21:45:18|IF_SAPPROC_ORIM_001|PROC|ORACLE_SCM|OK|2188|SESS-FAEC7D4678|REQ-6549A1BBBB63|dest=ORACLE_SCM;app=Procurement;business=Purchase Order to Inventory;mw=REST_API;mode=REST;err=0;reason=none;class=none
EVT-0005947|13.09.2026 19:30:32|IF_SAPQM_MESPE_001|QM|MES|OK|1319|SESS-CAF1D9462B|REQ-D2533410CDB4|dest=MES;app=Quality Management;business=Quality Release to Production;mw=Kafka;mode=Async;err=0;reason=none;class=none
EVT-0005953|10.09.2026 15:19:55|IF_SAPPROC_ORWMS_001|PROC|ORACLE_SCM|OK|14158|SESS-C3BCBFB2C6|REQ-192E511F30A4|dest=ORACLE_SCM;app=Procurement;business=Purchase Receipt to Warehouse;mw=SFTP;mode=Batch;err=0;reason=none;class=none
EVT-0005954|16.09.2026 04:27:03|IF_SAPPP_ORSC_001|PP|ORACLE_SCM|OK|1220|SESS-A74E37BC07|REQ-5097D9F70E2F|dest=ORACLE_SCM;app=Product Planning;business=Production Plan to Supply Plan;mw=Kafka;mode=Async;err=0;reason=none;class=none
EVT-0005961|13.09.2026 17:19:03|IF_SAPPROC_ORIM_001|PROC|ORACLE_SCM|OK|1664|SESS-436DE1D42E|REQ-C4D3D5B14B36|dest=ORACLE_SCM;app=Procurement;business=Purchase Order to Inventory;mw=REST_API;mode=REST;err=0;reason=none;class=none
EVT-0005963|11.09.2026 09:51:16|IF_SAPPP_ORSC_001|PP|ORACLE_SCM|OK|1434|SESS-DA1FB5477D|REQ-1C99C2F391FF|dest=ORACLE_SCM;app=Product Planning;business=Production Plan to Supply Plan;mw=Kafka;mode=Async;err=0;reason=none;class=none
EVT-0005968|12.09.2026 04:32:16|IF_SAPFIN_HCMPAY_001|FIN|HCM|OK|9844|SESS-0F061C5779|REQ-B34C5701C5BC|dest=HCM;app=Finance;business=Payment Confirmation to Payroll;mw=SFTP;mode=Batch;err=0;reason=none;class=none
EVT-0005969|16.09.2026 06:40:10|IF_SAPQM_ORWMS_001|QM|ORACLE_SCM|OK|2129|SESS-4536165412|REQ-42FC10F14EEF|dest=ORACLE_SCM;app=Quality Management;business=Quality Release to Warehouse;mw=Kafka;mode=Async;err=0;reason=none;class=none
EVT-0005971|11.09.2026 17:10:43|IF_SAPQM_MESPE_001|QM|MES|OK|1177|SESS-4514682F51|REQ-E2A21E6C4A64|dest=MES;app=Quality Management;business=Quality Release to Production;mw=Kafka;mode=Async;err=0;reason=none;class=none
EVT-0005974|11.09.2026 02:05:55|IF_SAPPROC_ORIM_001|PROC|ORACLE_SCM|OK|2590|SESS-217EB8DF72|REQ-5F990FC98EC7|dest=ORACLE_SCM;app=Procurement;business=Purchase Order to Inventory;mw=REST_API;mode=REST;err=0;reason=none;class=none
EVT-0005976|13.09.2026 07:09:16|IF_SAPQM_MESPE_001|QM|MES|OK|996|SESS-C5CF59CA07|REQ-1582CBB5B2E9|dest=MES;app=Quality Management;business=Quality Release to Production;mw=Kafka;mode=Async;err=0;reason=none;class=none
EVT-0005981|14.09.2026 18:30:02|IF_SAPPP_ORSC_001|PP|ORACLE_SCM|OK|962|SESS-0498E1D6F2|REQ-D0C89FC94359|dest=ORACLE_SCM;app=Product Planning;business=Production Plan to Supply Plan;mw=Kafka;mode=Async;err=0;reason=none;class=none
EVT-0005984|13.09.2026 18:59:49|IF_SAPPP_MESPE_001|PP|MES|RETRY|3432|SESS-FDEA8659DA|REQ-71AB5CA5EFB4|dest=MES;app=Product Planning;business=Production Order to Manufacturing;mw=Kafka;mode=Async;err=AUTHZ_403;reason=Caller is not authorized;class=Authorization
EVT-0005986|15.09.2026 19:25:45|IF_SAPPP_MESPE_001|PP|MES|OK|776|SESS-576A542874|REQ-46BD9F84838F|dest=MES;app=Product Planning;business=Production Order to Manufacturing;mw=Kafka;mode=Async;err=0;reason=none;class=none
EVT-0005987|16.09.2026 01:00:01|IF_SAPPROC_ORWMS_001|PROC|ORACLE_SCM|OK|15799|SESS-DB6A05134B|REQ-B8A749D07A96|dest=ORACLE_SCM;app=Procurement;business=Purchase Receipt to Warehouse;mw=SFTP;mode=Batch;err=0;reason=none;class=none
EVT-0005995|12.09.2026 06:21:47|IF_SAPFIN_HCMPAY_001|FIN|HCM|OK|15734|SESS-7882FD9AD5|REQ-AD02D3B3D710|dest=HCM;app=Finance;business=Payment Confirmation to Payroll;mw=SFTP;mode=Batch;err=0;reason=none;class=none
EVT-0005999|13.09.2026 05:43:48|IF_SAPPROC_ORWMS_001|PROC|ORACLE_SCM|OK|13926|SESS-55D3322BEA|REQ-9E4A86F6F33F|dest=ORACLE_SCM;app=Procurement;business=Purchase Receipt to Warehouse;mw=SFTP;mode=Batch;err=0;reason=none;class=none
