EventID,InterfaceID,SourceSystem,TargetSystem,Middleware,Pattern,Status,ErrorCode,ErrorText,RootCauseClass,Latency_ms,SessionID,RequestID,Timestamp
EVT_000001,IF_ORD_003,ORD,PRC,ESB,SOAP,Failed,ORD_NET_002,Network error contacting PRC: connection reset,Network,2828,SES_000001,REQ_00000001,2026-09-15 08:47:17
EVT_000002,IF_PRC_001,PRC,MFG,ESB,SOAP,Warning,PRC_CFG_003,"WARNING: Configuration mismatch on PRC endpoint (degraded, retrying)",Configuration,2336,SES_000001,REQ_00000002,2026-09-15 08:47:34
EVT_000003,IF_PRC_001,PRC,MFG,ESB,SOAP,Failed,PRC_DB_004,Database PRC operation failed: connection pool exhausted,Database,3062,SES_000002,REQ_00000003,2026-09-15 15:26:14
EVT_000004,IF_ORD_001,ORD,MFG,MsgBus,Async,Failed,ORD_AUTHZ_005,Authorization denied for ORD->MFG request,Authorization,997,SES_000003,REQ_00000004,2026-09-12 09:48:21
EVT_000005,IF_PAY_001,PAY,ORD,API,REST,Failed,PAY_CAP_006,Capacity limit reached on PAY: request throttled,Capacity,1028,SES_000004,REQ_00000005,2026-09-15 13:07:59
EVT_000006,IF_ORD_002,ORD,PAY,API,REST,Failed,ORD_CFG_007,Configuration mismatch on ORD endpoint,Configuration,1013,SES_000004,REQ_00000006,2026-09-15 13:10:29
EVT_000007,IF_PAY_001,PAY,ORD,API,REST,Failed,PAY_AUTH_008,Authentication rejected between PAY and ORD,Authentication,881,SES_000005,REQ_00000007,2026-09-13 15:23:10
EVT_000008,IF_ORD_002,ORD,PAY,API,REST,Warning,ORD_AUTH_009,"WARNING: Authentication rejected between ORD and PAY (degraded, retrying)",Authentication,873,SES_000005,REQ_00000008,2026-09-13 15:24:35
EVT_000009,IF_ASM_002,ASM,MFG,API,REST,Failed,ASM_DB_010,Database ASM operation failed: connection pool exhausted,Database,5323,SES_000006,REQ_00000009,2026-09-14 10:20:53
EVT_000010,IF_MFG_001,MFG,ASM,MsgBus,Async,Warning,MFG_TMO_011,"WARNING: Timeout waiting for ASM to respond (degraded, retrying)",Timeout,3811,SES_000006,REQ_00000010,2026-09-14 10:25:10
EVT_000011,IF_DLV_002,DLV,PAY,MsgBus,Async,Failed,DLV_CFG_012,Configuration mismatch on DLV endpoint,Configuration,6264,SES_000007,REQ_00000011,2026-09-14 10:37:27
EVT_000012,IF_ASM_002,ASM,MFG,API,REST,Failed,ASM_NET_013,Network error contacting MFG: connection reset,Network,3327,SES_000008,REQ_00000012,2026-09-16 08:40:10
EVT_000013,IF_MFG_002,MFG,PRC,API,REST,Failed,MFG_VAL_014,Validation failed for payload from MFG,Validation,3452,SES_000009,REQ_00000013,2026-09-12 21:55:00
EVT_000014,IF_PRC_001,PRC,MFG,ESB,SOAP,Warning,PRC_AUTH_015,"WARNING: Authentication rejected between PRC and MFG (degraded, retrying)",Authentication,1616,SES_000009,REQ_00000014,2026-09-12 21:56:22
EVT_000015,IF_PRC_002,PRC,ASM,MsgBus,Async,Failed,PRC_AUTH_016,Authentication rejected between PRC and ASM,Authentication,1862,SES_000009,REQ_00000015,2026-09-12 21:59:21
EVT_000016,IF_PRC_002,PRC,ASM,MsgBus,Async,Warning,PRC_VAL_017,"WARNING: Validation failed for payload from PRC (degraded, retrying)",Validation,1552,SES_000010,REQ_00000016,2026-09-11 09:48:10
EVT_000017,IF_DLV_001,DLV,ORD,API,REST,Failed,DLV_CFG_018,Configuration mismatch on DLV endpoint,Configuration,1917,SES_000011,REQ_00000017,2026-09-10 19:56:53
EVT_000018,IF_ORD_004,ORD,DLV,ESB,Batch,Failed,ORD_VAL_019,Validation failed for payload from ORD,Validation,2825,SES_000011,REQ_00000018,2026-09-10 19:58:00
EVT_000019,IF_PRC_002,PRC,ASM,MsgBus,Async,Warning,PRC_CFG_020,"WARNING: Configuration mismatch on PRC endpoint (degraded, retrying)",Configuration,1305,SES_000012,REQ_00000019,2026-09-14 12:13:59
EVT_000020,IF_ORD_001,ORD,MFG,MsgBus,Async,Failed,ORD_AUTHZ_021,Authorization denied for ORD->MFG request,Authorization,336,SES_000013,REQ_00000020,2026-09-12 12:33:28
EVT_000021,IF_ORD_002,ORD,PAY,API,REST,Warning,ORD_AUTHZ_022,"WARNING: Authorization denied for ORD->PAY request (degraded, retrying)",Authorization,285,SES_000014,REQ_00000021,2026-09-10 07:40:03
EVT_000022,IF_DLV_002,DLV,PAY,MsgBus,Async,Failed,DLV_CFG_023,Configuration mismatch on DLV endpoint,Configuration,3553,SES_000015,REQ_00000022,2026-09-11 13:46:59
EVT_000023,IF_PAY_002,PAY,PRC,API,REST,Warning,PAY_TMO_024,"WARNING: Timeout waiting for PRC to respond (degraded, retrying)",Timeout,7128,SES_000015,REQ_00000023,2026-09-11 13:50:02
EVT_000024,IF_PAY_001,PAY,ORD,API,REST,Warning,PAY_AUTHZ_025,"WARNING: Authorization denied for PAY->ORD request (degraded, retrying)",Authorization,1235,SES_000015,REQ_00000024,2026-09-11 13:47:51
EVT_000025,IF_ORD_003,ORD,PRC,ESB,SOAP,Failed,ORD_NET_026,Network error contacting PRC: connection reset,Network,2162,SES_000016,REQ_00000025,2026-09-14 12:27:11
EVT_000026,IF_ORD_001,ORD,MFG,MsgBus,Async,Failed,ORD_CFG_027,Configuration mismatch on ORD endpoint,Configuration,453,SES_000017,REQ_00000026,2026-09-10 15:34:53
EVT_000027,IF_MFG_001,MFG,ASM,MsgBus,Async,Warning,MFG_EXT_028,"WARNING: External service ASM returned an error response (degraded, retrying)",ExternalService,1655,SES_000017,REQ_00000027,2026-09-10 15:36:19
EVT_000028,IF_ORD_004,ORD,DLV,ESB,Batch,Failed,ORD_TMO_029,Timeout waiting for DLV to respond,Timeout,4470,SES_000018,REQ_00000028,2026-09-13 10:44:46
EVT_000029,IF_ORD_003,ORD,PRC,ESB,SOAP,Failed,ORD_TMO_030,Timeout waiting for PRC to respond,Timeout,2333,SES_000019,REQ_00000029,2026-09-14 16:03:47
EVT_000030,IF_PRC_002,PRC,ASM,MsgBus,Async,Failed,PRC_CFG_031,Configuration mismatch on PRC endpoint,Configuration,1205,SES_000019,REQ_00000030,2026-09-14 16:04:24
EVT_000031,IF_MFG_001,MFG,ASM,MsgBus,Async,Failed,MFG_CAP_032,Capacity limit reached on MFG: request throttled,Capacity,1447,SES_000020,REQ_00000031,2026-09-14 10:38:02
EVT_000032,IF_ASM_001,ASM,DLV,ESB,Batch,Warning,ASM_AUTH_033,"WARNING: Authentication rejected between ASM and DLV (degraded, retrying)",Authentication,998,SES_000020,REQ_00000032,2026-09-14 10:40:19
EVT_000033,IF_ORD_004,ORD,DLV,ESB,Batch,Failed,ORD_CFG_034,Configuration mismatch on ORD endpoint,Configuration,9141,SES_000021,REQ_00000033,2026-09-10 01:39:36
EVT_000034,IF_DLV_002,DLV,PAY,MsgBus,Async,Warning,DLV_VAL_035,"WARNING: Validation failed for payload from DLV (degraded, retrying)",Validation,2588,SES_000021,REQ_00000034,2026-09-10 01:42:03
EVT_000035,IF_DLV_001,DLV,ORD,API,REST,Warning,DLV_VAL_036,"WARNING: Validation failed for payload from DLV (degraded, retrying)",Validation,809,SES_000021,REQ_00000035,2026-09-10 01:44:08
EVT_000036,IF_ASM_001,ASM,DLV,ESB,Batch,Failed,ASM_AUTH_037,Authentication rejected between ASM and DLV,Authentication,1507,SES_000022,REQ_00000036,2026-09-11 10:56:06
EVT_000037,IF_DLV_001,DLV,ORD,API,REST,Failed,DLV_DB_038,Database DLV operation failed: connection pool exhausted,Database,1163,SES_000022,REQ_00000037,2026-09-11 10:58:16
EVT_000038,IF_DLV_002,DLV,PAY,MsgBus,Async,Warning,DLV_AUTHZ_039,"WARNING: Authorization denied for DLV->PAY request (degraded, retrying)",Authorization,2750,SES_000022,REQ_00000038,2026-09-11 10:58:29
EVT_000039,IF_ASM_001,ASM,DLV,ESB,Batch,Failed,ASM_NET_040,Network error contacting DLV: connection reset,Network,1114,SES_000023,REQ_00000039,2026-09-12 09:28:35
EVT_000040,IF_PRC_002,PRC,ASM,MsgBus,Async,Failed,PRC_DB_041,Database PRC operation failed: connection pool exhausted,Database,1778,SES_000024,REQ_00000040,2026-09-14 06:23:37
EVT_000041,IF_MFG_002,MFG,PRC,API,REST,Warning,MFG_AUTHZ_042,"WARNING: Authorization denied for MFG->PRC request (degraded, retrying)",Authorization,2772,SES_000025,REQ_00000041,2026-09-16 06:22:13
EVT_000042,IF_ORD_002,ORD,PAY,API,REST,Failed,ORD_INFRA_043,Infrastructure fault on ORD: node unavailable,Infrastructure,2020,SES_000026,REQ_00000042,2026-09-14 16:59:59
EVT_000043,IF_PAY_001,PAY,ORD,API,REST,Warning,PAY_NET_044,"WARNING: Network error contacting ORD: connection reset (degraded, retrying)",Network,1637,SES_000026,REQ_00000043,2026-09-14 17:02:17
EVT_000044,IF_ORD_003,ORD,PRC,ESB,SOAP,Warning,ORD_CFG_045,"WARNING: Configuration mismatch on ORD endpoint (degraded, retrying)",Configuration,717,SES_000027,REQ_00000044,2026-09-11 17:29:22
EVT_000045,IF_PAY_001,PAY,ORD,API,REST,Failed,PAY_VAL_046,Validation failed for payload from PAY,Validation,2222,SES_000028,REQ_00000045,2026-09-12 17:49:17
EVT_000046,IF_ORD_001,ORD,MFG,MsgBus,Async,Failed,ORD_AUTHZ_047,Authorization denied for ORD->MFG request,Authorization,902,SES_000028,REQ_00000046,2026-09-12 17:50:14
EVT_000047,IF_DLV_002,DLV,PAY,MsgBus,Async,Failed,DLV_DB_048,Database DLV operation failed: connection pool exhausted,Database,8598,SES_000029,REQ_00000047,2026-09-14 21:07:24
EVT_000048,IF_ORD_002,ORD,PAY,API,REST,Failed,ORD_AUTHZ_049,Authorization denied for ORD->PAY request,Authorization,818,SES_000030,REQ_00000048,2026-09-15 20:47:42
EVT_000049,IF_PAY_001,PAY,ORD,API,REST,Warning,PAY_AUTH_050,"WARNING: Authentication rejected between PAY and ORD (degraded, retrying)",Authentication,594,SES_000030,REQ_00000049,2026-09-15 20:51:13
EVT_000050,IF_PAY_002,PAY,PRC,API,REST,Failed,PAY_INFRA_051,Infrastructure fault on PAY: node unavailable,Infrastructure,3046,SES_000030,REQ_00000050,2026-09-15 20:50:58
EVT_000051,IF_ORD_002,ORD,PAY,API,REST,Warning,ORD_CAP_052,"WARNING: Capacity limit reached on ORD: request throttled (degraded, retrying)",Capacity,659,SES_000031,REQ_00000051,2026-09-14 17:19:18
EVT_000052,IF_PAY_002,PAY,PRC,API,REST,Warning,PAY_NET_053,"WARNING: Network error contacting PRC: connection reset (degraded, retrying)",Network,3417,SES_000032,REQ_00000052,2026-09-11 13:50:57
EVT_000053,IF_MFG_002,MFG,PRC,API,REST,Failed,MFG_CFG_054,Configuration mismatch on MFG endpoint,Configuration,8913,SES_000033,REQ_00000053,2026-09-10 17:48:15
EVT_000054,IF_MFG_001,MFG,ASM,MsgBus,Async,Failed,MFG_EXT_055,External service ASM returned an error response,ExternalService,2308,SES_000034,REQ_00000054,2026-09-16 07:26:56
EVT_000055,IF_DLV_002,DLV,PAY,MsgBus,Async,Warning,DLV_CFG_056,"WARNING: Configuration mismatch on DLV endpoint (degraded, retrying)",Configuration,1322,SES_000035,REQ_00000055,2026-09-10 18:55:49
EVT_000056,IF_ORD_001,ORD,MFG,MsgBus,Async,Failed,ORD_TMO_057,Timeout waiting for MFG to respond,Timeout,1494,SES_000036,REQ_00000056,2026-09-10 14:58:54
EVT_000057,IF_ASM_001,ASM,DLV,ESB,Batch,Failed,ASM_VAL_058,Validation failed for payload from ASM,Validation,1268,SES_000037,REQ_00000057,2026-09-16 18:39:52
EVT_000058,IF_MFG_001,MFG,ASM,MsgBus,Async,Warning,MFG_VAL_059,"WARNING: Validation failed for payload from MFG (degraded, retrying)",Validation,1031,SES_000038,REQ_00000058,2026-09-13 10:15:53
EVT_000059,IF_PAY_001,PAY,ORD,API,REST,Failed,PAY_INFRA_060,Infrastructure fault on PAY: node unavailable,Infrastructure,440,SES_000039,REQ_00000059,2026-09-15 10:17:21
EVT_000060,IF_ORD_002,ORD,PAY,API,REST,Warning,ORD_TMO_061,"WARNING: Timeout waiting for PAY to respond (degraded, retrying)",Timeout,1111,SES_000039,REQ_00000060,2026-09-15 10:20:51
EVT_000061,IF_ORD_004,ORD,DLV,ESB,Batch,Warning,ORD_CAP_062,"WARNING: Capacity limit reached on ORD: request throttled (degraded, retrying)",Capacity,13925,SES_000039,REQ_00000061,2026-09-15 10:20:58
EVT_000062,IF_ORD_003,ORD,PRC,ESB,SOAP,Failed,ORD_EXT_063,External service PRC returned an error response,ExternalService,2433,SES_000040,REQ_00000062,2026-09-14 12:00:22
EVT_000063,IF_PRC_001,PRC,MFG,ESB,SOAP,Failed,PRC_EXT_064,External service MFG returned an error response,ExternalService,2963,SES_000041,REQ_00000063,2026-09-11 13:17:27
EVT_000064,IF_MFG_001,MFG,ASM,MsgBus,Async,Warning,MFG_NET_065,"WARNING: Network error contacting ASM: connection reset (degraded, retrying)",Network,3046,SES_000042,REQ_00000064,2026-09-14 13:58:25
EVT_000065,IF_ASM_001,ASM,DLV,ESB,Batch,Warning,ASM_AUTHZ_066,"WARNING: Authorization denied for ASM->DLV request (degraded, retrying)",Authorization,1363,SES_000042,REQ_00000065,2026-09-14 14:00:15
EVT_000066,IF_ASM_002,ASM,MFG,API,REST,Warning,ASM_NET_067,"WARNING: Network error contacting MFG: connection reset (degraded, retrying)",Network,3733,SES_000042,REQ_00000066,2026-09-14 14:02:02
EVT_000067,IF_MFG_001,MFG,ASM,MsgBus,Async,Warning,MFG_DB_068,"WARNING: Database MFG operation failed: connection pool exhausted (degraded, retrying)",Database,3049,SES_000043,REQ_00000067,2026-09-10 23:22:14
EVT_000068,IF_ASM_002,ASM,MFG,API,REST,Warning,ASM_NET_069,"WARNING: Network error contacting MFG: connection reset (degraded, retrying)",Network,4178,SES_000043,REQ_00000068,2026-09-10 23:24:18
EVT_000069,IF_MFG_001,MFG,ASM,MsgBus,Async,Warning,MFG_NET_070,"WARNING: Network error contacting ASM: connection reset (degraded, retrying)",Network,3116,SES_000044,REQ_00000069,2026-09-15 10:23:10
EVT_000070,IF_ASM_002,ASM,MFG,API,REST,Failed,ASM_EXT_071,External service MFG returned an error response,ExternalService,3384,SES_000044,REQ_00000070,2026-09-15 10:28:06
EVT_000071,IF_ASM_001,ASM,DLV,ESB,Batch,Failed,ASM_CFG_072,Configuration mismatch on ASM endpoint,Configuration,752,SES_000044,REQ_00000071,2026-09-15 10:23:50
EVT_000072,IF_ASM_002,ASM,MFG,API,REST,Failed,ASM_DB_073,Database ASM operation failed: connection pool exhausted,Database,3149,SES_000045,REQ_00000072,2026-09-16 15:51:07
EVT_000073,IF_PAY_001,PAY,ORD,API,REST,Failed,PAY_EXT_074,External service ORD returned an error response,ExternalService,1940,SES_000046,REQ_00000073,2026-09-14 15:00:54
EVT_000074,IF_PRC_002,PRC,ASM,MsgBus,Async,Warning,PRC_CAP_075,"WARNING: Capacity limit reached on PRC: request throttled (degraded, retrying)",Capacity,1419,SES_000047,REQ_00000074,2026-09-15 09:11:46
EVT_000075,IF_PAY_001,PAY,ORD,API,REST,Failed,PAY_NET_076,Network error contacting ORD: connection reset,Network,903,SES_000048,REQ_00000075,2026-09-13 17:37:17
EVT_000076,IF_ORD_001,ORD,MFG,MsgBus,Async,Warning,ORD_INFRA_077,"WARNING: Infrastructure fault on ORD: node unavailable (degraded, retrying)",Infrastructure,552,SES_000049,REQ_00000076,2026-09-14 14:24:21
EVT_000077,IF_MFG_001,MFG,ASM,MsgBus,Async,Warning,MFG_CFG_078,"WARNING: Configuration mismatch on MFG endpoint (degraded, retrying)",Configuration,552,SES_000049,REQ_00000077,2026-09-14 14:29:07
EVT_000078,IF_MFG_003,MFG,DLV,ESB,CDC,Failed,MFG_CFG_079,Configuration mismatch on MFG endpoint,Configuration,3271,SES_000049,REQ_00000078,2026-09-14 14:28:33
EVT_000079,IF_ORD_003,ORD,PRC,ESB,SOAP,Failed,ORD_CFG_080,Configuration mismatch on ORD endpoint,Configuration,1059,SES_000050,REQ_00000079,2026-09-13 12:01:05
EVT_000080,IF_PAY_001,PAY,ORD,API,REST,Warning,PAY_AUTH_081,"WARNING: Authentication rejected between PAY and ORD (degraded, retrying)",Authentication,436,SES_000051,REQ_00000080,2026-09-14 11:47:35
EVT_000081,IF_MFG_002,MFG,PRC,API,REST,Failed,MFG_TMO_082,Timeout waiting for PRC to respond,Timeout,3376,SES_000052,REQ_00000081,2026-09-12 09:34:48
EVT_000082,IF_ORD_002,ORD,PAY,API,REST,Failed,ORD_INFRA_083,Infrastructure fault on ORD: node unavailable,Infrastructure,561,SES_000053,REQ_00000082,2026-09-14 10:06:53
EVT_000083,IF_PAY_002,PAY,PRC,API,REST,Warning,PAY_INFRA_084,"WARNING: Infrastructure fault on PAY: node unavailable (degraded, retrying)",Infrastructure,2430,SES_000053,REQ_00000083,2026-09-14 10:11:38
EVT_000084,IF_PRC_001,PRC,MFG,ESB,SOAP,Failed,PRC_INFRA_085,Infrastructure fault on PRC: node unavailable,Infrastructure,2048,SES_000054,REQ_00000084,2026-09-10 17:36:18
EVT_000085,IF_ORD_001,ORD,MFG,MsgBus,Async,Warning,ORD_DB_086,"WARNING: Database ORD operation failed: connection pool exhausted (degraded, retrying)",Database,710,SES_000055,REQ_00000085,2026-09-10 17:25:31
EVT_000086,IF_ASM_001,ASM,DLV,ESB,Batch,Warning,ASM_CAP_087,"WARNING: Capacity limit reached on ASM: request throttled (degraded, retrying)",Capacity,720,SES_000056,REQ_00000086,2026-09-10 22:07:35
EVT_000087,IF_ORD_003,ORD,PRC,ESB,SOAP,Warning,ORD_CAP_088,"WARNING: Capacity limit reached on ORD: request throttled (degraded, retrying)",Capacity,3859,SES_000057,REQ_00000087,2026-09-13 11:37:27
EVT_000088,IF_ORD_002,ORD,PAY,API,REST,Failed,ORD_DB_089,Database ORD operation failed: connection pool exhausted,Database,1100,SES_000058,REQ_00000088,2026-09-12 15:10:15
EVT_000089,IF_ASM_001,ASM,DLV,ESB,Batch,Failed,ASM_CFG_090,Configuration mismatch on ASM endpoint,Configuration,1985,SES_000059,REQ_00000089,2026-09-10 10:45:18
EVT_000090,IF_ORD_001,ORD,MFG,MsgBus,Async,Failed,ORD_INFRA_091,Infrastructure fault on ORD: node unavailable,Infrastructure,1046,SES_000060,REQ_00000090,2026-09-15 17:12:27
EVT_000091,IF_MFG_003,MFG,DLV,ESB,CDC,Failed,MFG_TMO_092,Timeout waiting for DLV to respond,Timeout,2508,SES_000060,REQ_00000091,2026-09-15 17:17:20
EVT_000092,IF_MFG_001,MFG,ASM,MsgBus,Async,Failed,MFG_VAL_093,Validation failed for payload from MFG,Validation,1409,SES_000060,REQ_00000092,2026-09-15 17:15:55
EVT_000093,IF_PAY_001,PAY,ORD,API,REST,Failed,PAY_NET_094,Network error contacting ORD: connection reset,Network,827,SES_000061,REQ_00000093,2026-09-14 06:27:47
EVT_000094,IF_DLV_001,DLV,ORD,API,REST,Failed,DLV_INFRA_095,Infrastructure fault on DLV: node unavailable,Infrastructure,1305,SES_000062,REQ_00000094,2026-09-14 20:48:43
EVT_000095,IF_DLV_001,DLV,ORD,API,REST,Warning,DLV_TMO_096,"WARNING: Timeout waiting for ORD to respond (degraded, retrying)",Timeout,1891,SES_000063,REQ_00000095,2026-09-11 23:27:40
EVT_000096,IF_PRC_001,PRC,MFG,ESB,SOAP,Warning,PRC_EXT_097,"WARNING: External service MFG returned an error response (degraded, retrying)",ExternalService,3218,SES_000064,REQ_00000096,2026-09-16 09:26:44
EVT_000097,IF_PAY_001,PAY,ORD,API,REST,Failed,PAY_DB_098,Database PAY operation failed: connection pool exhausted,Database,1479,SES_000065,REQ_00000097,2026-09-12 10:07:49
EVT_000098,IF_PRC_001,PRC,MFG,ESB,SOAP,Failed,PRC_DB_099,Database PRC operation failed: connection pool exhausted,Database,1480,SES_000066,REQ_00000098,2026-09-11 13:39:48
EVT_000099,IF_ORD_001,ORD,MFG,MsgBus,Async,Warning,ORD_CFG_100,"WARNING: Configuration mismatch on ORD endpoint (degraded, retrying)",Configuration,694,SES_000067,REQ_00000099,2026-09-13 18:31:07
EVT_000100,IF_MFG_001,MFG,ASM,MsgBus,Async,Failed,MFG_NET_101,Network error contacting ASM: connection reset,Network,4046,SES_000067,REQ_00000100,2026-09-13 18:33:04
EVT_000101,IF_ASM_001,ASM,DLV,ESB,Batch,Failed,ASM_TMO_102,Timeout waiting for DLV to respond,Timeout,3693,SES_000068,REQ_00000101,2026-09-13 20:18:32
EVT_000102,IF_ASM_001,ASM,DLV,ESB,Batch,Failed,ASM_NET_103,Network error contacting DLV: connection reset,Network,1687,SES_000069,REQ_00000102,2026-09-13 09:38:32
EVT_000103,IF_ORD_003,ORD,PRC,ESB,SOAP,Failed,ORD_CAP_104,Capacity limit reached on ORD: request throttled,Capacity,1469,SES_000070,REQ_00000103,2026-09-16 13:52:00
EVT_000104,IF_PRC_002,PRC,ASM,MsgBus,Async,Failed,PRC_TMO_105,Timeout waiting for ASM to respond,Timeout,3558,SES_000071,REQ_00000104,2026-09-13 13:22:21
EVT_000105,IF_ASM_002,ASM,MFG,API,REST,Failed,ASM_TMO_106,Timeout waiting for MFG to respond,Timeout,4849,SES_000072,REQ_00000105,2026-09-11 14:14:54
EVT_000106,IF_PRC_001,PRC,MFG,ESB,SOAP,Failed,PRC_VAL_107,Validation failed for payload from PRC,Validation,2048,SES_000073,REQ_00000106,2026-09-15 17:41:09
EVT_000107,IF_MFG_001,MFG,ASM,MsgBus,Async,Failed,MFG_DB_108,Database MFG operation failed: connection pool exhausted,Database,2958,SES_000073,REQ_00000107,2026-09-15 17:45:40
EVT_000108,IF_ASM_002,ASM,MFG,API,REST,Failed,ASM_CAP_109,Capacity limit reached on ASM: request throttled,Capacity,2731,SES_000074,REQ_00000108,2026-09-15 21:04:30
EVT_000109,IF_PAY_002,PAY,PRC,API,REST,Warning,PAY_TMO_110,"WARNING: Timeout waiting for PRC to respond (degraded, retrying)",Timeout,3969,SES_000075,REQ_00000109,2026-09-16 15:34:24
EVT_000110,IF_PAY_001,PAY,ORD,API,REST,Failed,PAY_NET_111,Network error contacting ORD: connection reset,Network,1154,SES_000076,REQ_00000110,2026-09-12 23:47:05
EVT_000111,IF_PAY_001,PAY,ORD,API,REST,Failed,PAY_CFG_112,Configuration mismatch on PAY endpoint,Configuration,744,SES_000077,REQ_00000111,2026-09-10 11:03:18
EVT_000112,IF_PAY_001,PAY,ORD,API,REST,Warning,PAY_TMO_113,"WARNING: Timeout waiting for ORD to respond (degraded, retrying)",Timeout,1624,SES_000078,REQ_00000112,2026-09-11 09:39:55
EVT_000113,IF_ORD_004,ORD,DLV,ESB,Batch,Failed,ORD_INFRA_114,Infrastructure fault on ORD: node unavailable,Infrastructure,2369,SES_000078,REQ_00000113,2026-09-11 09:42:24
EVT_000114,IF_ORD_001,ORD,MFG,MsgBus,Async,Failed,ORD_EXT_115,External service MFG returned an error response,ExternalService,1529,SES_000078,REQ_00000114,2026-09-11 09:42:30
EVT_000115,IF_PRC_001,PRC,MFG,ESB,SOAP,Failed,PRC_CAP_116,Capacity limit reached on PRC: request throttled,Capacity,1138,SES_000079,REQ_00000115,2026-09-12 09:24:54
EVT_000116,IF_ORD_003,ORD,PRC,ESB,SOAP,Failed,ORD_DB_117,Database ORD operation failed: connection pool exhausted,Database,3495,SES_000080,REQ_00000116,2026-09-10 21:42:25
EVT_000117,IF_DLV_001,DLV,ORD,API,REST,Failed,DLV_CFG_118,Configuration mismatch on DLV endpoint,Configuration,1531,SES_000081,REQ_00000117,2026-09-12 16:14:38
EVT_000118,IF_ORD_001,ORD,MFG,MsgBus,Async,Warning,ORD_DB_119,"WARNING: Database ORD operation failed: connection pool exhausted (degraded, retrying)",Database,949,SES_000082,REQ_00000118,2026-09-15 15:08:40
EVT_000119,IF_PAY_001,PAY,ORD,API,REST,Failed,PAY_CFG_120,Configuration mismatch on PAY endpoint,Configuration,425,SES_000083,REQ_00000119,2026-09-15 09:58:18
EVT_000120,IF_ORD_002,ORD,PAY,API,REST,Warning,ORD_TMO_121,"WARNING: Timeout waiting for PAY to respond (degraded, retrying)",Timeout,1950,SES_000084,REQ_00000120,2026-09-14 13:17:53
EVT_000121,IF_ASM_001,ASM,DLV,ESB,Batch,Failed,ASM_EXT_122,External service DLV returned an error response,ExternalService,3656,SES_000085,REQ_00000121,2026-09-16 08:04:09
EVT_000122,IF_ORD_002,ORD,PAY,API,REST,Failed,ORD_AUTH_123,Authentication rejected between ORD and PAY,Authentication,787,SES_000086,REQ_00000122,2026-09-16 12:16:34
EVT_000123,IF_MFG_001,MFG,ASM,MsgBus,Async,Warning,MFG_AUTHZ_124,"WARNING: Authorization denied for MFG->ASM request (degraded, retrying)",Authorization,1548,SES_000087,REQ_00000123,2026-09-10 15:30:01
EVT_000124,IF_ASM_001,ASM,DLV,ESB,Batch,Warning,ASM_DB_125,"WARNING: Database ASM operation failed: connection pool exhausted (degraded, retrying)",Database,3596,SES_000087,REQ_00000124,2026-09-10 15:33:32
EVT_000125,IF_ASM_002,ASM,MFG,API,REST,Warning,ASM_CFG_126,"WARNING: Configuration mismatch on ASM endpoint (degraded, retrying)",Configuration,5041,SES_000087,REQ_00000125,2026-09-10 15:34:15
EVT_000126,IF_PAY_001,PAY,ORD,API,REST,Warning,PAY_INFRA_127,"WARNING: Infrastructure fault on PAY: node unavailable (degraded, retrying)",Infrastructure,806,SES_000088,REQ_00000126,2026-09-15 20:44:34
EVT_000127,IF_MFG_002,MFG,PRC,API,REST,Failed,MFG_TMO_128,Timeout waiting for PRC to respond,Timeout,7218,SES_000089,REQ_00000127,2026-09-14 12:17:02
EVT_000128,IF_PRC_001,PRC,MFG,ESB,SOAP,Warning,PRC_CFG_129,"WARNING: Configuration mismatch on PRC endpoint (degraded, retrying)",Configuration,1611,SES_000089,REQ_00000128,2026-09-14 12:17:35
EVT_000129,IF_PRC_002,PRC,ASM,MsgBus,Async,Warning,PRC_CFG_130,"WARNING: Configuration mismatch on PRC endpoint (degraded, retrying)",Configuration,1220,SES_000089,REQ_00000129,2026-09-14 12:20:56
EVT_000130,IF_ORD_004,ORD,DLV,ESB,Batch,Warning,ORD_CFG_131,"WARNING: Configuration mismatch on ORD endpoint (degraded, retrying)",Configuration,1774,SES_000090,REQ_00000130,2026-09-10 06:21:15
EVT_000131,IF_DLV_002,DLV,PAY,MsgBus,Async,Failed,DLV_CAP_132,Capacity limit reached on DLV: request throttled,Capacity,1208,SES_000090,REQ_00000131,2026-09-10 06:24:05
EVT_000132,IF_ASM_002,ASM,MFG,API,REST,Failed,ASM_DB_133,Database ASM operation failed: connection pool exhausted,Database,2126,SES_000091,REQ_00000132,2026-09-11 21:34:16
EVT_000133,IF_ORD_001,ORD,MFG,MsgBus,Async,Warning,ORD_VAL_134,"WARNING: Validation failed for payload from ORD (degraded, retrying)",Validation,1605,SES_000092,REQ_00000133,2026-09-14 11:11:16
EVT_000134,IF_MFG_003,MFG,DLV,ESB,CDC,Failed,MFG_VAL_135,Validation failed for payload from MFG,Validation,2104,SES_000093,REQ_00000134,2026-09-14 08:32:14
EVT_000135,IF_DLV_001,DLV,ORD,API,REST,Failed,DLV_TMO_136,Timeout waiting for ORD to respond,Timeout,2930,SES_000093,REQ_00000135,2026-09-14 08:35:54
EVT_000136,IF_DLV_002,DLV,PAY,MsgBus,Async,Warning,DLV_INFRA_137,"WARNING: Infrastructure fault on DLV: node unavailable (degraded, retrying)",Infrastructure,1057,SES_000093,REQ_00000136,2026-09-14 08:32:57
EVT_000137,IF_PAY_001,PAY,ORD,API,REST,Failed,PAY_AUTH_138,Authentication rejected between PAY and ORD,Authentication,682,SES_000094,REQ_00000137,2026-09-15 14:45:20
EVT_000138,IF_ORD_002,ORD,PAY,API,REST,Warning,ORD_CFG_139,"WARNING: Configuration mismatch on ORD endpoint (degraded, retrying)",Configuration,504,SES_000094,REQ_00000138,2026-09-15 14:49:02
EVT_000139,IF_PAY_001,PAY,ORD,API,REST,Warning,PAY_AUTHZ_140,"WARNING: Authorization denied for PAY->ORD request (degraded, retrying)",Authorization,850,SES_000095,REQ_00000139,2026-09-13 12:06:20
EVT_000140,IF_ORD_001,ORD,MFG,MsgBus,Async,Warning,ORD_INFRA_141,"WARNING: Infrastructure fault on ORD: node unavailable (degraded, retrying)",Infrastructure,596,SES_000096,REQ_00000140,2026-09-10 17:05:27
EVT_000141,IF_DLV_001,DLV,ORD,API,REST,Warning,DLV_EXT_142,"WARNING: External service ORD returned an error response (degraded, retrying)",ExternalService,3374,SES_000097,REQ_00000141,2026-09-12 15:26:22
EVT_000142,IF_PRC_001,PRC,MFG,ESB,SOAP,Failed,PRC_TMO_143,Timeout waiting for MFG to respond,Timeout,4082,SES_000098,REQ_00000142,2026-09-14 11:06:36
EVT_000143,IF_PAY_001,PAY,ORD,API,REST,Failed,PAY_CAP_144,Capacity limit reached on PAY: request throttled,Capacity,810,SES_000099,REQ_00000143,2026-09-16 10:14:51
EVT_000144,IF_ORD_001,ORD,MFG,MsgBus,Async,Warning,ORD_AUTH_145,"WARNING: Authentication rejected between ORD and MFG (degraded, retrying)",Authentication,829,SES_000099,REQ_00000144,2026-09-16 10:16:25
EVT_000145,IF_PAY_001,PAY,ORD,API,REST,Failed,PAY_DB_146,Database PAY operation failed: connection pool exhausted,Database,619,SES_000100,REQ_00000145,2026-09-11 17:36:42
EVT_000146,IF_ASM_001,ASM,DLV,ESB,Batch,Warning,ASM_CAP_147,"WARNING: Capacity limit reached on ASM: request throttled (degraded, retrying)",Capacity,1165,SES_000101,REQ_00000146,2026-09-13 11:23:19
EVT_000147,IF_DLV_002,DLV,PAY,MsgBus,Async,Warning,DLV_EXT_148,"WARNING: External service PAY returned an error response (degraded, retrying)",ExternalService,4568,SES_000101,REQ_00000147,2026-09-13 11:25:40
EVT_000148,IF_PAY_001,PAY,ORD,API,REST,Failed,PAY_CAP_149,Capacity limit reached on PAY: request throttled,Capacity,709,SES_000102,REQ_00000148,2026-09-12 10:32:07
EVT_000149,IF_ORD_004,ORD,DLV,ESB,Batch,Warning,ORD_CFG_150,"WARNING: Configuration mismatch on ORD endpoint (degraded, retrying)",Configuration,4569,SES_000102,REQ_00000149,2026-09-12 10:33:53
EVT_000150,IF_ASM_001,ASM,DLV,ESB,Batch,Failed,ASM_EXT_151,External service DLV returned an error response,ExternalService,2417,SES_000103,REQ_00000150,2026-09-12 11:00:31
EVT_000151,IF_DLV_001,DLV,ORD,API,REST,Failed,DLV_DB_152,Database DLV operation failed: connection pool exhausted,Database,2645,SES_000104,REQ_00000151,2026-09-15 17:04:25
EVT_000152,IF_ORD_001,ORD,MFG,MsgBus,Async,Failed,ORD_AUTHZ_153,Authorization denied for ORD->MFG request,Authorization,457,SES_000105,REQ_00000152,2026-09-13 16:26:18
EVT_000153,IF_DLV_001,DLV,ORD,API,REST,Failed,DLV_CAP_154,Capacity limit reached on DLV: request throttled,Capacity,4150,SES_000106,REQ_00000153,2026-09-15 19:05:27
EVT_000154,IF_PRC_002,PRC,ASM,MsgBus,Async,Failed,PRC_VAL_155,Validation failed for payload from PRC,Validation,890,SES_000107,REQ_00000154,2026-09-11 11:10:04
EVT_000155,IF_ORD_001,ORD,MFG,MsgBus,Async,Failed,ORD_INFRA_156,Infrastructure fault on ORD: node unavailable,Infrastructure,801,SES_000108,REQ_00000155,2026-09-16 15:09:15
EVT_000156,IF_PRC_001,PRC,MFG,ESB,SOAP,Failed,PRC_CAP_157,Capacity limit reached on PRC: request throttled,Capacity,1273,SES_000109,REQ_00000156,2026-09-11 20:40:31
EVT_000157,IF_PAY_002,PAY,PRC,API,REST,Failed,PAY_TMO_158,Timeout waiting for PRC to respond,Timeout,2189,SES_000110,REQ_00000157,2026-09-15 21:20:55
EVT_000158,IF_PRC_001,PRC,MFG,ESB,SOAP,Warning,PRC_AUTH_159,"WARNING: Authentication rejected between PRC and MFG (degraded, retrying)",Authentication,2795,SES_000110,REQ_00000158,2026-09-15 21:23:57
EVT_000159,IF_ORD_001,ORD,MFG,MsgBus,Async,Failed,ORD_EXT_160,External service MFG returned an error response,ExternalService,1183,SES_000111,REQ_00000159,2026-09-12 07:55:54
EVT_000160,IF_MFG_001,MFG,ASM,MsgBus,Async,Failed,MFG_TMO_161,Timeout waiting for ASM to respond,Timeout,2328,SES_000112,REQ_00000160,2026-09-10 12:51:36
EVT_000161,IF_ORD_001,ORD,MFG,MsgBus,Async,Warning,ORD_DB_162,"WARNING: Database ORD operation failed: connection pool exhausted (degraded, retrying)",Database,856,SES_000113,REQ_00000161,2026-09-16 18:21:45
EVT_000162,IF_MFG_003,MFG,DLV,ESB,CDC,Failed,MFG_AUTHZ_163,Authorization denied for MFG->DLV request,Authorization,7006,SES_000114,REQ_00000162,2026-09-14 14:23:23
EVT_000163,IF_DLV_001,DLV,ORD,API,REST,Failed,DLV_AUTH_164,Authentication rejected between DLV and ORD,Authentication,977,SES_000114,REQ_00000163,2026-09-14 14:28:10
EVT_000164,IF_MFG_001,MFG,ASM,MsgBus,Async,Failed,MFG_AUTHZ_165,Authorization denied for MFG->ASM request,Authorization,1065,SES_000115,REQ_00000164,2026-09-14 17:21:05
EVT_000165,IF_PRC_002,PRC,ASM,MsgBus,Async,Warning,PRC_AUTHZ_166,"WARNING: Authorization denied for PRC->ASM request (degraded, retrying)",Authorization,1425,SES_000116,REQ_00000165,2026-09-11 14:05:19
EVT_000166,IF_ORD_001,ORD,MFG,MsgBus,Async,Warning,ORD_VAL_167,"WARNING: Validation failed for payload from ORD (degraded, retrying)",Validation,471,SES_000117,REQ_00000166,2026-09-15 23:58:33
EVT_000167,IF_MFG_003,MFG,DLV,ESB,CDC,Warning,MFG_INFRA_168,"WARNING: Infrastructure fault on MFG: node unavailable (degraded, retrying)",Infrastructure,1271,SES_000117,REQ_00000167,2026-09-16 00:02:43
EVT_000168,IF_MFG_001,MFG,ASM,MsgBus,Async,Warning,MFG_VAL_169,"WARNING: Validation failed for payload from MFG (degraded, retrying)",Validation,1452,SES_000117,REQ_00000168,2026-09-15 23:59:26
EVT_000169,IF_MFG_001,MFG,ASM,MsgBus,Async,Failed,MFG_INFRA_170,Infrastructure fault on MFG: node unavailable,Infrastructure,843,SES_000118,REQ_00000169,2026-09-10 15:56:49
EVT_000170,IF_ORD_001,ORD,MFG,MsgBus,Async,Failed,ORD_CFG_171,Configuration mismatch on ORD endpoint,Configuration,1095,SES_000119,REQ_00000170,2026-09-16 18:46:28
EVT_000171,IF_ORD_003,ORD,PRC,ESB,SOAP,Warning,ORD_TMO_172,"WARNING: Timeout waiting for PRC to respond (degraded, retrying)",Timeout,3476,SES_000120,REQ_00000171,2026-09-16 12:34:15
EVT_000172,IF_ORD_003,ORD,PRC,ESB,SOAP,Failed,ORD_VAL_173,Validation failed for payload from ORD,Validation,1227,SES_000121,REQ_00000172,2026-09-14 21:29:49
EVT_000173,IF_PRC_002,PRC,ASM,MsgBus,Async,Failed,PRC_AUTHZ_174,Authorization denied for PRC->ASM request,Authorization,4083,SES_000121,REQ_00000173,2026-09-14 21:30:17
EVT_000174,IF_PRC_001,PRC,MFG,ESB,SOAP,Warning,PRC_INFRA_175,"WARNING: Infrastructure fault on PRC: node unavailable (degraded, retrying)",Infrastructure,777,SES_000121,REQ_00000174,2026-09-14 21:30:54
EVT_000175,IF_ORD_002,ORD,PAY,API,REST,Failed,ORD_AUTHZ_176,Authorization denied for ORD->PAY request,Authorization,1064,SES_000122,REQ_00000175,2026-09-11 17:05:58
EVT_000176,IF_ORD_002,ORD,PAY,API,REST,Failed,ORD_NET_177,Network error contacting PAY: connection reset,Network,1755,SES_000123,REQ_00000176,2026-09-12 10:05:23
EVT_000177,IF_PRC_001,PRC,MFG,ESB,SOAP,Warning,PRC_TMO_178,"WARNING: Timeout waiting for MFG to respond (degraded, retrying)",Timeout,2013,SES_000124,REQ_00000177,2026-09-11 06:58:53
EVT_000178,IF_MFG_003,MFG,DLV,ESB,CDC,Failed,MFG_CFG_179,Configuration mismatch on MFG endpoint,Configuration,5867,SES_000124,REQ_00000178,2026-09-11 06:59:51
EVT_000179,IF_MFG_001,MFG,ASM,MsgBus,Async,Warning,MFG_TMO_180,"WARNING: Timeout waiting for ASM to respond (degraded, retrying)",Timeout,3191,SES_000124,REQ_00000179,2026-09-11 07:02:49
EVT_000180,IF_ORD_001,ORD,MFG,MsgBus,Async,Failed,ORD_CAP_181,Capacity limit reached on ORD: request throttled,Capacity,653,SES_000125,REQ_00000180,2026-09-11 16:18:27
EVT_000181,IF_MFG_001,MFG,ASM,MsgBus,Async,Warning,MFG_VAL_182,"WARNING: Validation failed for payload from MFG (degraded, retrying)",Validation,1114,SES_000125,REQ_00000181,2026-09-11 16:22:58
EVT_000182,IF_ORD_003,ORD,PRC,ESB,SOAP,Failed,ORD_NET_183,Network error contacting PRC: connection reset,Network,1882,SES_000126,REQ_00000182,2026-09-13 06:24:23
EVT_000183,IF_ORD_002,ORD,PAY,API,REST,Failed,ORD_AUTHZ_184,Authorization denied for ORD->PAY request,Authorization,970,SES_000127,REQ_00000183,2026-09-16 14:48:21
EVT_000184,IF_ORD_002,ORD,PAY,API,REST,Failed,ORD_TMO_185,Timeout waiting for PAY to respond,Timeout,536,SES_000128,REQ_00000184,2026-09-13 21:30:40
EVT_000185,IF_PAY_001,PAY,ORD,API,REST,Warning,PAY_TMO_186,"WARNING: Timeout waiting for ORD to respond (degraded, retrying)",Timeout,865,SES_000129,REQ_00000185,2026-09-10 11:19:32
EVT_000186,IF_ORD_004,ORD,DLV,ESB,Batch,Warning,ORD_AUTHZ_187,"WARNING: Authorization denied for ORD->DLV request (degraded, retrying)",Authorization,3247,SES_000129,REQ_00000186,2026-09-10 11:21:53
EVT_000187,IF_ORD_001,ORD,MFG,MsgBus,Async,Failed,ORD_EXT_188,External service MFG returned an error response,ExternalService,995,SES_000129,REQ_00000187,2026-09-10 11:23:19
EVT_000188,IF_PRC_002,PRC,ASM,MsgBus,Async,Warning,PRC_EXT_189,"WARNING: External service ASM returned an error response (degraded, retrying)",ExternalService,1124,SES_000130,REQ_00000188,2026-09-15 13:59:51
EVT_000189,IF_PAY_001,PAY,ORD,API,REST,Failed,PAY_TMO_190,Timeout waiting for ORD to respond,Timeout,1395,SES_000131,REQ_00000189,2026-09-14 11:06:05
EVT_000190,IF_MFG_003,MFG,DLV,ESB,CDC,Warning,MFG_EXT_191,"WARNING: External service DLV returned an error response (degraded, retrying)",ExternalService,3364,SES_000132,REQ_00000190,2026-09-12 12:46:55
EVT_000191,IF_PRC_002,PRC,ASM,MsgBus,Async,Warning,PRC_INFRA_192,"WARNING: Infrastructure fault on PRC: node unavailable (degraded, retrying)",Infrastructure,3440,SES_000133,REQ_00000191,2026-09-10 15:25:23
EVT_000192,IF_MFG_001,MFG,ASM,MsgBus,Async,Failed,MFG_CAP_193,Capacity limit reached on MFG: request throttled,Capacity,648,SES_000134,REQ_00000192,2026-09-10 09:15:49
EVT_000193,IF_PRC_002,PRC,ASM,MsgBus,Async,Failed,PRC_EXT_194,External service ASM returned an error response,ExternalService,1795,SES_000135,REQ_00000193,2026-09-12 12:48:04
EVT_000194,IF_PAY_001,PAY,ORD,API,REST,Failed,PAY_AUTH_195,Authentication rejected between PAY and ORD,Authentication,939,SES_000136,REQ_00000194,2026-09-10 16:31:33
EVT_000195,IF_ORD_001,ORD,MFG,MsgBus,Async,Warning,ORD_NET_196,"WARNING: Network error contacting MFG: connection reset (degraded, retrying)",Network,1167,SES_000136,REQ_00000195,2026-09-10 16:33:17
EVT_000196,IF_ORD_002,ORD,PAY,API,REST,Failed,ORD_AUTHZ_197,Authorization denied for ORD->PAY request,Authorization,854,SES_000136,REQ_00000196,2026-09-10 16:35:22
EVT_000197,IF_DLV_001,DLV,ORD,API,REST,Warning,DLV_INFRA_198,"WARNING: Infrastructure fault on DLV: node unavailable (degraded, retrying)",Infrastructure,1402,SES_000137,REQ_00000197,2026-09-14 14:57:19
EVT_000198,IF_ORD_002,ORD,PAY,API,REST,Warning,ORD_VAL_199,"WARNING: Validation failed for payload from ORD (degraded, retrying)",Validation,606,SES_000137,REQ_00000198,2026-09-14 15:01:33
EVT_000199,IF_ORD_001,ORD,MFG,MsgBus,Async,Failed,ORD_TMO_200,Timeout waiting for MFG to respond,Timeout,1279,SES_000138,REQ_00000199,2026-09-14 09:56:05
EVT_000200,IF_ORD_001,ORD,MFG,MsgBus,Async,Failed,ORD_VAL_201,Validation failed for payload from ORD,Validation,595,SES_000139,REQ_00000200,2026-09-10 09:20:41
EVT_000201,IF_PAY_001,PAY,ORD,API,REST,Warning,PAY_DB_202,"WARNING: Database PAY operation failed: connection pool exhausted (degraded, retrying)",Database,1743,SES_000140,REQ_00000201,2026-09-15 14:49:08
EVT_000202,IF_ORD_004,ORD,DLV,ESB,Batch,Failed,ORD_VAL_203,Validation failed for payload from ORD,Validation,6474,SES_000140,REQ_00000202,2026-09-15 14:52:07
EVT_000203,IF_ORD_002,ORD,PAY,API,REST,Failed,ORD_VAL_204,Validation failed for payload from ORD,Validation,394,SES_000141,REQ_00000203,2026-09-12 09:35:17
EVT_000204,IF_ASM_001,ASM,DLV,ESB,Batch,Warning,ASM_CAP_205,"WARNING: Capacity limit reached on ASM: request throttled (degraded, retrying)",Capacity,499,SES_000142,REQ_00000204,2026-09-14 09:42:39
EVT_000205,IF_DLV_001,DLV,ORD,API,REST,Warning,DLV_DB_206,"WARNING: Database DLV operation failed: connection pool exhausted (degraded, retrying)",Database,2319,SES_000142,REQ_00000205,2026-09-14 09:47:33
EVT_000206,IF_ORD_003,ORD,PRC,ESB,SOAP,Warning,ORD_EXT_207,"WARNING: External service PRC returned an error response (degraded, retrying)",ExternalService,1961,SES_000143,REQ_00000206,2026-09-12 15:19:30
EVT_000207,IF_ORD_002,ORD,PAY,API,REST,Warning,ORD_AUTHZ_208,"WARNING: Authorization denied for ORD->PAY request (degraded, retrying)",Authorization,709,SES_000144,REQ_00000207,2026-09-13 13:21:38
EVT_000208,IF_ORD_001,ORD,MFG,MsgBus,Async,Failed,ORD_NET_209,Network error contacting MFG: connection reset,Network,886,SES_000145,REQ_00000208,2026-09-11 16:32:35
EVT_000209,IF_MFG_001,MFG,ASM,MsgBus,Async,Warning,MFG_INFRA_210,"WARNING: Infrastructure fault on MFG: node unavailable (degraded, retrying)",Infrastructure,1426,SES_000145,REQ_00000209,2026-09-11 16:36:11
EVT_000210,IF_MFG_003,MFG,DLV,ESB,CDC,Warning,MFG_INFRA_211,"WARNING: Infrastructure fault on MFG: node unavailable (degraded, retrying)",Infrastructure,2095,SES_000145,REQ_00000210,2026-09-11 16:35:17
EVT_000211,IF_ORD_001,ORD,MFG,MsgBus,Async,Failed,ORD_TMO_212,Timeout waiting for MFG to respond,Timeout,1949,SES_000146,REQ_00000211,2026-09-13 18:31:01
EVT_000212,IF_DLV_001,DLV,ORD,API,REST,Warning,DLV_AUTH_213,"WARNING: Authentication rejected between DLV and ORD (degraded, retrying)",Authentication,1094,SES_000147,REQ_00000212,2026-09-10 10:38:56
EVT_000213,IF_PAY_001,PAY,ORD,API,REST,Failed,PAY_CAP_214,Capacity limit reached on PAY: request throttled,Capacity,769,SES_000148,REQ_00000213,2026-09-12 16:48:25
EVT_000214,IF_ORD_001,ORD,MFG,MsgBus,Async,Warning,ORD_NET_215,"WARNING: Network error contacting MFG: connection reset (degraded, retrying)",Network,1078,SES_000148,REQ_00000214,2026-09-12 16:49:27
EVT_000215,IF_ORD_004,ORD,DLV,ESB,Batch,Failed,ORD_AUTHZ_216,Authorization denied for ORD->DLV request,Authorization,5774,SES_000148,REQ_00000215,2026-09-12 16:51:20
EVT_000216,IF_ORD_001,ORD,MFG,MsgBus,Async,Warning,ORD_TMO_217,"WARNING: Timeout waiting for MFG to respond (degraded, retrying)",Timeout,2246,SES_000149,REQ_00000216,2026-09-14 12:02:02
EVT_000217,IF_MFG_001,MFG,ASM,MsgBus,Async,Failed,MFG_AUTH_218,Authentication rejected between MFG and ASM,Authentication,1490,SES_000149,REQ_00000217,2026-09-14 12:05:25
EVT_000218,IF_ORD_003,ORD,PRC,ESB,SOAP,Warning,ORD_AUTHZ_219,"WARNING: Authorization denied for ORD->PRC request (degraded, retrying)",Authorization,2924,SES_000150,REQ_00000218,2026-09-14 13:45:36
EVT_000219,IF_PRC_002,PRC,ASM,MsgBus,Async,Failed,PRC_CAP_220,Capacity limit reached on PRC: request throttled,Capacity,1466,SES_000150,REQ_00000219,2026-09-14 13:47:53
EVT_000220,IF_PRC_001,PRC,MFG,ESB,SOAP,Warning,PRC_VAL_221,"WARNING: Validation failed for payload from PRC (degraded, retrying)",Validation,1204,SES_000150,REQ_00000220,2026-09-14 13:50:36
EVT_000221,IF_ORD_002,ORD,PAY,API,REST,Failed,ORD_NET_222,Network error contacting PAY: connection reset,Network,769,SES_000151,REQ_00000221,2026-09-16 12:52:43
EVT_000222,IF_ASM_002,ASM,MFG,API,REST,Warning,ASM_DB_223,"WARNING: Database ASM operation failed: connection pool exhausted (degraded, retrying)",Database,4852,SES_000152,REQ_00000222,2026-09-13 15:26:32
EVT_000223,IF_PAY_002,PAY,PRC,API,REST,Failed,PAY_VAL_224,Validation failed for payload from PAY,Validation,2226,SES_000153,REQ_00000223,2026-09-15 13:24:20
EVT_000224,IF_ORD_003,ORD,PRC,ESB,SOAP,Failed,ORD_CFG_225,Configuration mismatch on ORD endpoint,Configuration,1018,SES_000154,REQ_00000224,2026-09-15 15:51:44
EVT_000225,IF_MFG_002,MFG,PRC,API,REST,Failed,MFG_TMO_226,Timeout waiting for PRC to respond,Timeout,3788,SES_000155,REQ_00000225,2026-09-12 16:45:13
EVT_000226,IF_PRC_002,PRC,ASM,MsgBus,Async,Warning,PRC_EXT_227,"WARNING: External service ASM returned an error response (degraded, retrying)",ExternalService,3232,SES_000156,REQ_00000226,2026-09-12 11:36:43
EVT_000227,IF_PAY_001,PAY,ORD,API,REST,Failed,PAY_AUTH_228,Authentication rejected between PAY and ORD,Authentication,917,SES_000157,REQ_00000227,2026-09-12 06:45:05
EVT_000228,IF_ORD_002,ORD,PAY,API,REST,Warning,ORD_CAP_229,"WARNING: Capacity limit reached on ORD: request throttled (degraded, retrying)",Capacity,2263,SES_000158,REQ_00000228,2026-09-12 20:44:17
EVT_000229,IF_PAY_002,PAY,PRC,API,REST,Warning,PAY_TMO_230,"WARNING: Timeout waiting for PRC to respond (degraded, retrying)",Timeout,2373,SES_000158,REQ_00000229,2026-09-12 20:45:10
EVT_000230,IF_PAY_001,PAY,ORD,API,REST,Warning,PAY_TMO_231,"WARNING: Timeout waiting for ORD to respond (degraded, retrying)",Timeout,1205,SES_000159,REQ_00000230,2026-09-10 21:59:10
EVT_000231,IF_ASM_002,ASM,MFG,API,REST,Warning,ASM_CFG_232,"WARNING: Configuration mismatch on ASM endpoint (degraded, retrying)",Configuration,1820,SES_000160,REQ_00000231,2026-09-12 10:03:58
EVT_000232,IF_MFG_003,MFG,DLV,ESB,CDC,Failed,MFG_EXT_233,External service DLV returned an error response,ExternalService,6291,SES_000161,REQ_00000232,2026-09-11 12:53:11
EVT_000233,IF_ORD_001,ORD,MFG,MsgBus,Async,Failed,ORD_NET_234,Network error contacting MFG: connection reset,Network,1891,SES_000162,REQ_00000233,2026-09-16 19:56:02
EVT_000234,IF_MFG_003,MFG,DLV,ESB,CDC,Warning,MFG_TMO_235,"WARNING: Timeout waiting for DLV to respond (degraded, retrying)",Timeout,3355,SES_000163,REQ_00000234,2026-09-15 14:31:56
EVT_000235,IF_DLV_001,DLV,ORD,API,REST,Warning,DLV_AUTHZ_236,"WARNING: Authorization denied for DLV->ORD request (degraded, retrying)",Authorization,1398,SES_000163,REQ_00000235,2026-09-15 14:33:33
EVT_000236,IF_DLV_002,DLV,PAY,MsgBus,Async,Warning,DLV_EXT_237,"WARNING: External service PAY returned an error response (degraded, retrying)",ExternalService,6513,SES_000163,REQ_00000236,2026-09-15 14:33:36
EVT_000237,IF_PAY_002,PAY,PRC,API,REST,Failed,PAY_CFG_238,Configuration mismatch on PAY endpoint,Configuration,1220,SES_000164,REQ_00000237,2026-09-10 12:06:11
EVT_000238,IF_ASM_001,ASM,DLV,ESB,Batch,Failed,ASM_AUTHZ_239,Authorization denied for ASM->DLV request,Authorization,2119,SES_000165,REQ_00000238,2026-09-12 20:19:37
EVT_000239,IF_DLV_001,DLV,ORD,API,REST,Failed,DLV_AUTH_240,Authentication rejected between DLV and ORD,Authentication,1151,SES_000165,REQ_00000239,2026-09-12 20:20:39
EVT_000240,IF_DLV_002,DLV,PAY,MsgBus,Async,Warning,DLV_TMO_241,"WARNING: Timeout waiting for PAY to respond (degraded, retrying)",Timeout,6062,SES_000165,REQ_00000240,2026-09-12 20:20:47
EVT_000241,IF_ASM_001,ASM,DLV,ESB,Batch,Warning,ASM_CFG_242,"WARNING: Configuration mismatch on ASM endpoint (degraded, retrying)",Configuration,1364,SES_000166,REQ_00000241,2026-09-13 15:58:30
EVT_000242,IF_ASM_001,ASM,DLV,ESB,Batch,Failed,ASM_CAP_243,Capacity limit reached on ASM: request throttled,Capacity,768,SES_000167,REQ_00000242,2026-09-16 07:28:33
EVT_000243,IF_PAY_001,PAY,ORD,API,REST,Failed,PAY_NET_244,Network error contacting ORD: connection reset,Network,1514,SES_000168,REQ_00000243,2026-09-11 14:09:10
EVT_000244,IF_ORD_002,ORD,PAY,API,REST,Failed,ORD_CAP_245,Capacity limit reached on ORD: request throttled,Capacity,366,SES_000169,REQ_00000244,2026-09-14 12:03:29
EVT_000245,IF_ORD_001,ORD,MFG,MsgBus,Async,Failed,ORD_NET_246,Network error contacting MFG: connection reset,Network,548,SES_000170,REQ_00000245,2026-09-15 03:16:52
EVT_000246,IF_MFG_003,MFG,DLV,ESB,CDC,Warning,MFG_EXT_247,"WARNING: External service DLV returned an error response (degraded, retrying)",ExternalService,7064,SES_000170,REQ_00000246,2026-09-15 03:20:55
EVT_000247,IF_ORD_004,ORD,DLV,ESB,Batch,Failed,ORD_EXT_248,External service DLV returned an error response,ExternalService,6568,SES_000171,REQ_00000247,2026-09-15 15:26:23
EVT_000248,IF_ORD_001,ORD,MFG,MsgBus,Async,Warning,ORD_EXT_249,"WARNING: External service MFG returned an error response (degraded, retrying)",ExternalService,1283,SES_000172,REQ_00000248,2026-09-14 09:55:22
EVT_000249,IF_MFG_003,MFG,DLV,ESB,CDC,Warning,MFG_VAL_250,"WARNING: Validation failed for payload from MFG (degraded, retrying)",Validation,1917,SES_000172,REQ_00000249,2026-09-14 09:57:56
EVT_000250,IF_ORD_003,ORD,PRC,ESB,SOAP,Warning,ORD_NET_251,"WARNING: Network error contacting PRC: connection reset (degraded, retrying)",Network,991,SES_000173,REQ_00000250,2026-09-11 10:22:09
EVT_000251,IF_MFG_001,MFG,ASM,MsgBus,Async,Failed,MFG_DB_252,Database MFG operation failed: connection pool exhausted,Database,2985,SES_000174,REQ_00000251,2026-09-10 10:04:06
EVT_000252,IF_PRC_001,PRC,MFG,ESB,SOAP,Failed,PRC_CAP_253,Capacity limit reached on PRC: request throttled,Capacity,1078,SES_000175,REQ_00000252,2026-09-16 17:03:08
EVT_000253,IF_ORD_004,ORD,DLV,ESB,Batch,Failed,ORD_EXT_254,External service DLV returned an error response,ExternalService,14536,SES_000176,REQ_00000253,2026-09-12 10:56:09
EVT_000254,IF_PRC_001,PRC,MFG,ESB,SOAP,Warning,PRC_EXT_255,"WARNING: External service MFG returned an error response (degraded, retrying)",ExternalService,3139,SES_000177,REQ_00000254,2026-09-11 15:27:35
EVT_000255,IF_PRC_002,PRC,ASM,MsgBus,Async,Failed,PRC_CFG_256,Configuration mismatch on PRC endpoint,Configuration,1051,SES_000178,REQ_00000255,2026-09-11 11:11:48
EVT_000256,IF_PRC_002,PRC,ASM,MsgBus,Async,Failed,PRC_AUTH_257,Authentication rejected between PRC and ASM,Authentication,905,SES_000179,REQ_00000256,2026-09-10 14:26:35
EVT_000257,IF_DLV_001,DLV,ORD,API,REST,Failed,DLV_EXT_258,External service ORD returned an error response,ExternalService,2819,SES_000180,REQ_00000257,2026-09-16 12:34:46
EVT_000258,IF_MFG_002,MFG,PRC,API,REST,Failed,MFG_CFG_259,Configuration mismatch on MFG endpoint,Configuration,3808,SES_000181,REQ_00000258,2026-09-11 17:37:46
EVT_000259,IF_ORD_001,ORD,MFG,MsgBus,Async,Warning,ORD_TMO_260,"WARNING: Timeout waiting for MFG to respond (degraded, retrying)",Timeout,1869,SES_000182,REQ_00000259,2026-09-10 10:12:47
EVT_000260,IF_ASM_002,ASM,MFG,API,REST,Failed,ASM_VAL_261,Validation failed for payload from ASM,Validation,2621,SES_000183,REQ_00000260,2026-09-13 19:35:20
EVT_000261,IF_PRC_001,PRC,MFG,ESB,SOAP,Warning,PRC_CFG_262,"WARNING: Configuration mismatch on PRC endpoint (degraded, retrying)",Configuration,894,SES_000184,REQ_00000261,2026-09-13 13:51:46
EVT_000262,IF_PRC_002,PRC,ASM,MsgBus,Async,Failed,PRC_EXT_263,External service ASM returned an error response,ExternalService,1741,SES_000185,REQ_00000262,2026-09-11 16:01:16
EVT_000263,IF_ASM_002,ASM,MFG,API,REST,Failed,ASM_AUTHZ_264,Authorization denied for ASM->MFG request,Authorization,1643,SES_000185,REQ_00000263,2026-09-11 16:05:59
EVT_000264,IF_ASM_001,ASM,DLV,ESB,Batch,Warning,ASM_AUTHZ_265,"WARNING: Authorization denied for ASM->DLV request (degraded, retrying)",Authorization,653,SES_000185,REQ_00000264,2026-09-11 16:05:29
EVT_000265,IF_ORD_004,ORD,DLV,ESB,Batch,Warning,ORD_VAL_266,"WARNING: Validation failed for payload from ORD (degraded, retrying)",Validation,1635,SES_000186,REQ_00000265,2026-09-13 09:56:34
EVT_000266,IF_ORD_002,ORD,PAY,API,REST,Warning,ORD_NET_267,"WARNING: Network error contacting PAY: connection reset (degraded, retrying)",Network,1688,SES_000187,REQ_00000266,2026-09-15 06:00:26
EVT_000267,IF_MFG_003,MFG,DLV,ESB,CDC,Warning,MFG_DB_268,"WARNING: Database MFG operation failed: connection pool exhausted (degraded, retrying)",Database,1837,SES_000188,REQ_00000267,2026-09-14 15:59:39
EVT_000268,IF_DLV_001,DLV,ORD,API,REST,Warning,DLV_EXT_269,"WARNING: External service ORD returned an error response (degraded, retrying)",ExternalService,3197,SES_000188,REQ_00000268,2026-09-14 15:59:49
EVT_000269,IF_DLV_002,DLV,PAY,MsgBus,Async,Failed,DLV_VAL_270,Validation failed for payload from DLV,Validation,1646,SES_000188,REQ_00000269,2026-09-14 16:00:35
EVT_000270,IF_ASM_002,ASM,MFG,API,REST,Failed,ASM_EXT_271,External service MFG returned an error response,ExternalService,3680,SES_000189,REQ_00000270,2026-09-14 10:22:17
EVT_000271,IF_MFG_001,MFG,ASM,MsgBus,Async,Warning,MFG_DB_272,"WARNING: Database MFG operation failed: connection pool exhausted (degraded, retrying)",Database,1166,SES_000190,REQ_00000271,2026-09-12 15:54:05
EVT_000272,IF_ORD_001,ORD,MFG,MsgBus,Async,Warning,ORD_AUTHZ_273,"WARNING: Authorization denied for ORD->MFG request (degraded, retrying)",Authorization,602,SES_000191,REQ_00000272,2026-09-10 15:44:10
EVT_000273,IF_MFG_003,MFG,DLV,ESB,CDC,Failed,MFG_CAP_274,Capacity limit reached on MFG: request throttled,Capacity,4001,SES_000191,REQ_00000273,2026-09-10 15:46:00
EVT_000274,IF_ORD_001,ORD,MFG,MsgBus,Async,Warning,ORD_AUTHZ_275,"WARNING: Authorization denied for ORD->MFG request (degraded, retrying)",Authorization,250,SES_000192,REQ_00000274,2026-09-12 18:36:42
EVT_000275,IF_MFG_001,MFG,ASM,MsgBus,Async,Warning,MFG_CFG_276,"WARNING: Configuration mismatch on MFG endpoint (degraded, retrying)",Configuration,1130,SES_000192,REQ_00000275,2026-09-12 18:39:17
EVT_000276,IF_ASM_001,ASM,DLV,ESB,Batch,Failed,ASM_NET_277,Network error contacting DLV: connection reset,Network,2327,SES_000193,REQ_00000276,2026-09-15 18:21:24
EVT_000277,IF_DLV_001,DLV,ORD,API,REST,Warning,DLV_CAP_278,"WARNING: Capacity limit reached on DLV: request throttled (degraded, retrying)",Capacity,1595,SES_000193,REQ_00000277,2026-09-15 18:22:04
EVT_000278,IF_ASM_002,ASM,MFG,API,REST,Failed,ASM_CFG_279,Configuration mismatch on ASM endpoint,Configuration,1889,SES_000194,REQ_00000278,2026-09-16 11:40:17
EVT_000279,IF_ASM_002,ASM,MFG,API,REST,Failed,ASM_CFG_280,Configuration mismatch on ASM endpoint,Configuration,3693,SES_000195,REQ_00000279,2026-09-15 14:24:05
EVT_000280,IF_PAY_001,PAY,ORD,API,REST,Failed,PAY_AUTH_281,Authentication rejected between PAY and ORD,Authentication,675,SES_000196,REQ_00000280,2026-09-15 09:24:20
EVT_000281,IF_ORD_002,ORD,PAY,API,REST,Failed,ORD_VAL_282,Validation failed for payload from ORD,Validation,1469,SES_000196,REQ_00000281,2026-09-15 09:28:11
EVT_000282,IF_ORD_004,ORD,DLV,ESB,Batch,Failed,ORD_AUTHZ_283,Authorization denied for ORD->DLV request,Authorization,9724,SES_000196,REQ_00000282,2026-09-15 09:25:09
EVT_000283,IF_DLV_002,DLV,PAY,MsgBus,Async,Warning,DLV_CAP_284,"WARNING: Capacity limit reached on DLV: request throttled (degraded, retrying)",Capacity,2150,SES_000197,REQ_00000283,2026-09-16 07:57:35
EVT_000284,IF_PAY_001,PAY,ORD,API,REST,Warning,PAY_NET_285,"WARNING: Network error contacting ORD: connection reset (degraded, retrying)",Network,734,SES_000197,REQ_00000284,2026-09-16 07:59:54
EVT_000285,IF_PAY_002,PAY,PRC,API,REST,Warning,PAY_NET_286,"WARNING: Network error contacting PRC: connection reset (degraded, retrying)",Network,3858,SES_000197,REQ_00000285,2026-09-16 08:00:10
EVT_000286,IF_ORD_002,ORD,PAY,API,REST,Failed,ORD_AUTH_287,Authentication rejected between ORD and PAY,Authentication,325,SES_000198,REQ_00000286,2026-09-15 15:38:39
EVT_000287,IF_PAY_001,PAY,ORD,API,REST,Warning,PAY_CAP_288,"WARNING: Capacity limit reached on PAY: request throttled (degraded, retrying)",Capacity,327,SES_000199,REQ_00000287,2026-09-13 17:21:28
EVT_000288,IF_PAY_002,PAY,PRC,API,REST,Failed,PAY_TMO_289,Timeout waiting for PRC to respond,Timeout,7316,SES_000200,REQ_00000288,2026-09-11 13:11:25
EVT_000289,IF_PRC_001,PRC,MFG,ESB,SOAP,Warning,PRC_CAP_290,"WARNING: Capacity limit reached on PRC: request throttled (degraded, retrying)",Capacity,689,SES_000200,REQ_00000289,2026-09-11 13:14:33
EVT_000290,IF_PRC_002,PRC,ASM,MsgBus,Async,Failed,PRC_VAL_291,Validation failed for payload from PRC,Validation,640,SES_000200,REQ_00000290,2026-09-11 13:12:59
EVT_000291,IF_DLV_001,DLV,ORD,API,REST,Failed,DLV_EXT_292,External service ORD returned an error response,ExternalService,2617,SES_000201,REQ_00000291,2026-09-15 10:51:18
EVT_000292,IF_ORD_004,ORD,DLV,ESB,Batch,Warning,ORD_CAP_293,"WARNING: Capacity limit reached on ORD: request throttled (degraded, retrying)",Capacity,3416,SES_000201,REQ_00000292,2026-09-15 10:51:57
EVT_000293,IF_ORD_002,ORD,PAY,API,REST,Failed,ORD_EXT_294,External service PAY returned an error response,ExternalService,1306,SES_000201,REQ_00000293,2026-09-15 10:55:39
EVT_000294,IF_MFG_001,MFG,ASM,MsgBus,Async,Warning,MFG_NET_295,"WARNING: Network error contacting ASM: connection reset (degraded, retrying)",Network,3091,SES_000202,REQ_00000294,2026-09-12 15:51:34
EVT_000295,IF_MFG_002,MFG,PRC,API,REST,Failed,MFG_AUTHZ_296,Authorization denied for MFG->PRC request,Authorization,4097,SES_000203,REQ_00000295,2026-09-15 14:36:41
EVT_000296,IF_PRC_001,PRC,MFG,ESB,SOAP,Failed,PRC_VAL_297,Validation failed for payload from PRC,Validation,1470,SES_000203,REQ_00000296,2026-09-15 14:41:04
EVT_000297,IF_MFG_002,MFG,PRC,API,REST,Warning,MFG_INFRA_298,"WARNING: Infrastructure fault on MFG: node unavailable (degraded, retrying)",Infrastructure,4164,SES_000204,REQ_00000297,2026-09-13 12:29:49
EVT_000298,IF_PAY_001,PAY,ORD,API,REST,Failed,PAY_CFG_299,Configuration mismatch on PAY endpoint,Configuration,736,SES_000205,REQ_00000298,2026-09-10 08:46:09
EVT_000299,IF_ORD_001,ORD,MFG,MsgBus,Async,Warning,ORD_NET_300,"WARNING: Network error contacting MFG: connection reset (degraded, retrying)",Network,514,SES_000205,REQ_00000299,2026-09-10 08:46:45
EVT_000300,IF_ORD_002,ORD,PAY,API,REST,Failed,ORD_INFRA_301,Infrastructure fault on ORD: node unavailable,Infrastructure,1063,SES_000205,REQ_00000300,2026-09-10 08:47:06
EVT_000301,IF_PRC_002,PRC,ASM,MsgBus,Async,Warning,PRC_CFG_302,"WARNING: Configuration mismatch on PRC endpoint (degraded, retrying)",Configuration,1407,SES_000206,REQ_00000301,2026-09-14 09:10:21
EVT_000302,IF_ASM_001,ASM,DLV,ESB,Batch,Failed,ASM_CFG_303,Configuration mismatch on ASM endpoint,Configuration,1274,SES_000206,REQ_00000302,2026-09-14 09:10:37
EVT_000303,IF_ASM_002,ASM,MFG,API,REST,Failed,ASM_CFG_304,Configuration mismatch on ASM endpoint,Configuration,1695,SES_000206,REQ_00000303,2026-09-14 09:10:25
EVT_000304,IF_DLV_001,DLV,ORD,API,REST,Failed,DLV_AUTHZ_305,Authorization denied for DLV->ORD request,Authorization,3610,SES_000207,REQ_00000304,2026-09-16 07:06:51
EVT_000305,IF_PAY_001,PAY,ORD,API,REST,Failed,PAY_AUTHZ_306,Authorization denied for PAY->ORD request,Authorization,996,SES_000208,REQ_00000305,2026-09-15 11:24:39
EVT_000306,IF_MFG_001,MFG,ASM,MsgBus,Async,Warning,MFG_AUTHZ_307,"WARNING: Authorization denied for MFG->ASM request (degraded, retrying)",Authorization,591,SES_000209,REQ_00000306,2026-09-15 17:58:39
EVT_000307,IF_ASM_002,ASM,MFG,API,REST,Failed,ASM_CAP_308,Capacity limit reached on ASM: request throttled,Capacity,1959,SES_000209,REQ_00000307,2026-09-15 18:02:15
EVT_000308,IF_ASM_001,ASM,DLV,ESB,Batch,Failed,ASM_INFRA_309,Infrastructure fault on ASM: node unavailable,Infrastructure,1432,SES_000209,REQ_00000308,2026-09-15 18:03:16
EVT_000309,IF_MFG_001,MFG,ASM,MsgBus,Async,Warning,MFG_DB_310,"WARNING: Database MFG operation failed: connection pool exhausted (degraded, retrying)",Database,2281,SES_000210,REQ_00000309,2026-09-11 09:53:28
EVT_000310,IF_MFG_002,MFG,PRC,API,REST,Failed,MFG_TMO_311,Timeout waiting for PRC to respond,Timeout,3766,SES_000211,REQ_00000310,2026-09-14 13:31:26
EVT_000311,IF_ORD_003,ORD,PRC,ESB,SOAP,Warning,ORD_CAP_312,"WARNING: Capacity limit reached on ORD: request throttled (degraded, retrying)",Capacity,1341,SES_000212,REQ_00000311,2026-09-12 05:14:34
EVT_000312,IF_PRC_002,PRC,ASM,MsgBus,Async,Warning,PRC_VAL_313,"WARNING: Validation failed for payload from PRC (degraded, retrying)",Validation,3741,SES_000213,REQ_00000312,2026-09-10 14:17:49
EVT_000313,IF_ASM_001,ASM,DLV,ESB,Batch,Failed,ASM_DB_314,Database ASM operation failed: connection pool exhausted,Database,2181,SES_000214,REQ_00000313,2026-09-13 08:53:41
EVT_000314,IF_DLV_001,DLV,ORD,API,REST,Failed,DLV_CAP_315,Capacity limit reached on DLV: request throttled,Capacity,1633,SES_000215,REQ_00000314,2026-09-13 17:07:49
EVT_000315,IF_ORD_002,ORD,PAY,API,REST,Failed,ORD_DB_316,Database ORD operation failed: connection pool exhausted,Database,1346,SES_000216,REQ_00000315,2026-09-13 09:08:50
EVT_000316,IF_ORD_003,ORD,PRC,ESB,SOAP,Failed,ORD_VAL_317,Validation failed for payload from ORD,Validation,2078,SES_000217,REQ_00000316,2026-09-11 11:45:18
EVT_000317,IF_PRC_001,PRC,MFG,ESB,SOAP,Failed,PRC_INFRA_318,Infrastructure fault on PRC: node unavailable,Infrastructure,2194,SES_000217,REQ_00000317,2026-09-11 11:47:41
EVT_000318,IF_MFG_002,MFG,PRC,API,REST,Failed,MFG_CAP_319,Capacity limit reached on MFG: request throttled,Capacity,3097,SES_000218,REQ_00000318,2026-09-12 17:48:53
EVT_000319,IF_ORD_001,ORD,MFG,MsgBus,Async,Failed,ORD_AUTH_320,Authentication rejected between ORD and MFG,Authentication,875,SES_000219,REQ_00000319,2026-09-10 15:56:49
EVT_000320,IF_ASM_002,ASM,MFG,API,REST,Warning,ASM_TMO_321,"WARNING: Timeout waiting for MFG to respond (degraded, retrying)",Timeout,4515,SES_000220,REQ_00000320,2026-09-13 11:00:55
EVT_000321,IF_DLV_001,DLV,ORD,API,REST,Failed,DLV_AUTHZ_322,Authorization denied for DLV->ORD request,Authorization,1842,SES_000221,REQ_00000321,2026-09-16 13:13:27
EVT_000322,IF_DLV_002,DLV,PAY,MsgBus,Async,Warning,DLV_DB_323,"WARNING: Database DLV operation failed: connection pool exhausted (degraded, retrying)",Database,2367,SES_000222,REQ_00000322,2026-09-14 17:50:21
EVT_000323,IF_PRC_001,PRC,MFG,ESB,SOAP,Warning,PRC_EXT_324,"WARNING: External service MFG returned an error response (degraded, retrying)",ExternalService,1476,SES_000223,REQ_00000323,2026-09-10 19:10:28
EVT_000324,IF_MFG_001,MFG,ASM,MsgBus,Async,Warning,MFG_AUTHZ_325,"WARNING: Authorization denied for MFG->ASM request (degraded, retrying)",Authorization,750,SES_000223,REQ_00000324,2026-09-10 19:12:50
EVT_000325,IF_ORD_003,ORD,PRC,ESB,SOAP,Warning,ORD_CFG_326,"WARNING: Configuration mismatch on ORD endpoint (degraded, retrying)",Configuration,2056,SES_000224,REQ_00000325,2026-09-15 09:25:40
EVT_000326,IF_PRC_002,PRC,ASM,MsgBus,Async,Warning,PRC_TMO_327,"WARNING: Timeout waiting for ASM to respond (degraded, retrying)",Timeout,926,SES_000224,REQ_00000326,2026-09-15 09:27:37
EVT_000327,IF_ASM_001,ASM,DLV,ESB,Batch,Failed,ASM_CFG_328,Configuration mismatch on ASM endpoint,Configuration,1174,SES_000225,REQ_00000327,2026-09-16 09:55:27
EVT_000328,IF_DLV_001,DLV,ORD,API,REST,Warning,DLV_INFRA_329,"WARNING: Infrastructure fault on DLV: node unavailable (degraded, retrying)",Infrastructure,1219,SES_000225,REQ_00000328,2026-09-16 09:58:02
EVT_000329,IF_DLV_002,DLV,PAY,MsgBus,Async,Warning,DLV_DB_330,"WARNING: Database DLV operation failed: connection pool exhausted (degraded, retrying)",Database,5278,SES_000225,REQ_00000329,2026-09-16 09:56:04
EVT_000330,IF_ORD_002,ORD,PAY,API,REST,Failed,ORD_TMO_331,Timeout waiting for PAY to respond,Timeout,1104,SES_000226,REQ_00000330,2026-09-12 16:40:47
EVT_000331,IF_ORD_003,ORD,PRC,ESB,SOAP,Failed,ORD_AUTH_332,Authentication rejected between ORD and PRC,Authentication,1566,SES_000227,REQ_00000331,2026-09-14 16:22:27
EVT_000332,IF_ORD_001,ORD,MFG,MsgBus,Async,Warning,ORD_AUTH_333,"WARNING: Authentication rejected between ORD and MFG (degraded, retrying)",Authentication,371,SES_000228,REQ_00000332,2026-09-15 14:49:44
EVT_000333,IF_MFG_001,MFG,ASM,MsgBus,Async,Failed,MFG_CFG_334,Configuration mismatch on MFG endpoint,Configuration,3148,SES_000228,REQ_00000333,2026-09-15 14:50:13
EVT_000334,IF_MFG_003,MFG,DLV,ESB,CDC,Warning,MFG_DB_335,"WARNING: Database MFG operation failed: connection pool exhausted (degraded, retrying)",Database,7425,SES_000228,REQ_00000334,2026-09-15 14:50:22
EVT_000335,IF_PAY_001,PAY,ORD,API,REST,Failed,PAY_INFRA_336,Infrastructure fault on PAY: node unavailable,Infrastructure,930,SES_000229,REQ_00000335,2026-09-11 12:53:36
EVT_000336,IF_ORD_002,ORD,PAY,API,REST,Warning,ORD_EXT_337,"WARNING: External service PAY returned an error response (degraded, retrying)",ExternalService,1250,SES_000230,REQ_00000336,2026-09-10 14:00:16
EVT_000337,IF_MFG_001,MFG,ASM,MsgBus,Async,Failed,MFG_INFRA_338,Infrastructure fault on MFG: node unavailable,Infrastructure,1016,SES_000231,REQ_00000337,2026-09-13 12:25:05
EVT_000338,IF_PAY_001,PAY,ORD,API,REST,Failed,PAY_NET_339,Network error contacting ORD: connection reset,Network,951,SES_000232,REQ_00000338,2026-09-11 21:09:34
EVT_000339,IF_PAY_001,PAY,ORD,API,REST,Failed,PAY_CAP_340,Capacity limit reached on PAY: request throttled,Capacity,364,SES_000233,REQ_00000339,2026-09-11 06:05:59
EVT_000340,IF_ASM_001,ASM,DLV,ESB,Batch,Failed,ASM_AUTHZ_341,Authorization denied for ASM->DLV request,Authorization,1384,SES_000234,REQ_00000340,2026-09-11 09:45:08
EVT_000341,IF_DLV_001,DLV,ORD,API,REST,Warning,DLV_NET_342,"WARNING: Network error contacting ORD: connection reset (degraded, retrying)",Network,3979,SES_000235,REQ_00000341,2026-09-11 12:47:49
EVT_000342,IF_ORD_004,ORD,DLV,ESB,Batch,Warning,ORD_AUTHZ_343,"WARNING: Authorization denied for ORD->DLV request (degraded, retrying)",Authorization,1721,SES_000235,REQ_00000342,2026-09-11 12:52:05
EVT_000343,IF_ORD_001,ORD,MFG,MsgBus,Async,Failed,ORD_NET_344,Network error contacting MFG: connection reset,Network,827,SES_000236,REQ_00000343,2026-09-11 11:16:49
EVT_000344,IF_MFG_003,MFG,DLV,ESB,CDC,Warning,MFG_EXT_345,"WARNING: External service DLV returned an error response (degraded, retrying)",ExternalService,7045,SES_000236,REQ_00000344,2026-09-11 11:17:14
EVT_000345,IF_ASM_001,ASM,DLV,ESB,Batch,Warning,ASM_CFG_346,"WARNING: Configuration mismatch on ASM endpoint (degraded, retrying)",Configuration,836,SES_000237,REQ_00000345,2026-09-16 06:51:58
EVT_000346,IF_ORD_001,ORD,MFG,MsgBus,Async,Warning,ORD_DB_347,"WARNING: Database ORD operation failed: connection pool exhausted (degraded, retrying)",Database,752,SES_000238,REQ_00000346,2026-09-12 17:36:23
EVT_000347,IF_ORD_003,ORD,PRC,ESB,SOAP,Warning,ORD_AUTHZ_348,"WARNING: Authorization denied for ORD->PRC request (degraded, retrying)",Authorization,553,SES_000239,REQ_00000347,2026-09-13 07:29:55
EVT_000348,IF_MFG_001,MFG,ASM,MsgBus,Async,Failed,MFG_CAP_349,Capacity limit reached on MFG: request throttled,Capacity,2057,SES_000240,REQ_00000348,2026-09-12 14:19:47
EVT_000349,IF_ORD_003,ORD,PRC,ESB,SOAP,Failed,ORD_EXT_350,External service PRC returned an error response,ExternalService,968,SES_000241,REQ_00000349,2026-09-15 18:48:50
EVT_000350,IF_ASM_001,ASM,DLV,ESB,Batch,Failed,ASM_AUTH_351,Authentication rejected between ASM and DLV,Authentication,755,SES_000242,REQ_00000350,2026-09-15 18:21:00
EVT_000351,IF_DLV_001,DLV,ORD,API,REST,Failed,DLV_NET_352,Network error contacting ORD: connection reset,Network,1025,SES_000242,REQ_00000351,2026-09-15 18:22:14
EVT_000352,IF_PAY_001,PAY,ORD,API,REST,Warning,PAY_NET_353,"WARNING: Network error contacting ORD: connection reset (degraded, retrying)",Network,1362,SES_000243,REQ_00000352,2026-09-16 13:44:57
EVT_000353,IF_PAY_001,PAY,ORD,API,REST,Warning,PAY_CFG_354,"WARNING: Configuration mismatch on PAY endpoint (degraded, retrying)",Configuration,426,SES_000244,REQ_00000353,2026-09-13 07:36:03
EVT_000354,IF_PAY_001,PAY,ORD,API,REST,Failed,PAY_NET_355,Network error contacting ORD: connection reset,Network,2069,SES_000245,REQ_00000354,2026-09-13 15:47:20
EVT_000355,IF_ORD_002,ORD,PAY,API,REST,Warning,ORD_NET_356,"WARNING: Network error contacting PAY: connection reset (degraded, retrying)",Network,1294,SES_000245,REQ_00000355,2026-09-13 15:51:20
EVT_000356,IF_ORD_004,ORD,DLV,ESB,Batch,Warning,ORD_TMO_357,"WARNING: Timeout waiting for DLV to respond (degraded, retrying)",Timeout,7418,SES_000245,REQ_00000356,2026-09-13 15:49:08
EVT_000357,IF_MFG_001,MFG,ASM,MsgBus,Async,Failed,MFG_AUTHZ_358,Authorization denied for MFG->ASM request,Authorization,822,SES_000246,REQ_00000357,2026-09-15 11:45:44
EVT_000358,IF_ORD_003,ORD,PRC,ESB,SOAP,Warning,ORD_DB_359,"WARNING: Database ORD operation failed: connection pool exhausted (degraded, retrying)",Database,3613,SES_000247,REQ_00000358,2026-09-13 13:43:19
EVT_000359,IF_DLV_001,DLV,ORD,API,REST,Failed,DLV_DB_360,Database DLV operation failed: connection pool exhausted,Database,1075,SES_000248,REQ_00000359,2026-09-14 10:29:06
EVT_000360,IF_ORD_004,ORD,DLV,ESB,Batch,Failed,ORD_AUTH_361,Authentication rejected between ORD and DLV,Authentication,14974,SES_000248,REQ_00000360,2026-09-14 10:29:51
EVT_000361,IF_ORD_002,ORD,PAY,API,REST,Failed,ORD_TMO_362,Timeout waiting for PAY to respond,Timeout,2180,SES_000248,REQ_00000361,2026-09-14 10:30:49
EVT_000362,IF_ORD_001,ORD,MFG,MsgBus,Async,Warning,ORD_EXT_363,"WARNING: External service MFG returned an error response (degraded, retrying)",ExternalService,1728,SES_000249,REQ_00000362,2026-09-16 11:02:29
EVT_000363,IF_MFG_001,MFG,ASM,MsgBus,Async,Warning,MFG_INFRA_364,"WARNING: Infrastructure fault on MFG: node unavailable (degraded, retrying)",Infrastructure,779,SES_000249,REQ_00000363,2026-09-16 11:05:32
EVT_000364,IF_ORD_003,ORD,PRC,ESB,SOAP,Failed,ORD_EXT_365,External service PRC returned an error response,ExternalService,3415,SES_000250,REQ_00000364,2026-09-11 06:39:39
EVT_000365,IF_PRC_001,PRC,MFG,ESB,SOAP,Warning,PRC_VAL_366,"WARNING: Validation failed for payload from PRC (degraded, retrying)",Validation,748,SES_000250,REQ_00000365,2026-09-11 06:43:15
EVT_000366,IF_ASM_001,ASM,DLV,ESB,Batch,Failed,ASM_TMO_367,Timeout waiting for DLV to respond,Timeout,1880,SES_000251,REQ_00000366,2026-09-14 17:24:50
EVT_000367,IF_DLV_001,DLV,ORD,API,REST,Warning,DLV_CFG_368,"WARNING: Configuration mismatch on DLV endpoint (degraded, retrying)",Configuration,485,SES_000251,REQ_00000367,2026-09-14 17:25:05
EVT_000368,IF_PAY_001,PAY,ORD,API,REST,Failed,PAY_CFG_369,Configuration mismatch on PAY endpoint,Configuration,1905,SES_000252,REQ_00000368,2026-09-12 06:30:33
EVT_000369,IF_ORD_002,ORD,PAY,API,REST,Failed,ORD_EXT_370,External service PAY returned an error response,ExternalService,1019,SES_000252,REQ_00000369,2026-09-12 06:35:29
EVT_000370,IF_PAY_001,PAY,ORD,API,REST,Warning,PAY_AUTHZ_371,"WARNING: Authorization denied for PAY->ORD request (degraded, retrying)",Authorization,1968,SES_000253,REQ_00000370,2026-09-16 09:15:37
EVT_000371,IF_ORD_004,ORD,DLV,ESB,Batch,Warning,ORD_TMO_372,"WARNING: Timeout waiting for DLV to respond (degraded, retrying)",Timeout,8150,SES_000254,REQ_00000371,2026-09-14 09:12:53
EVT_000372,IF_DLV_002,DLV,PAY,MsgBus,Async,Warning,DLV_TMO_373,"WARNING: Timeout waiting for PAY to respond (degraded, retrying)",Timeout,1803,SES_000254,REQ_00000372,2026-09-14 09:14:47
EVT_000373,IF_ORD_002,ORD,PAY,API,REST,Warning,ORD_AUTHZ_374,"WARNING: Authorization denied for ORD->PAY request (degraded, retrying)",Authorization,1974,SES_000255,REQ_00000373,2026-09-11 17:21:45
EVT_000374,IF_PAY_002,PAY,PRC,API,REST,Warning,PAY_EXT_375,"WARNING: External service PRC returned an error response (degraded, retrying)",ExternalService,5140,SES_000255,REQ_00000374,2026-09-11 17:22:24
EVT_000375,IF_PAY_001,PAY,ORD,API,REST,Warning,PAY_INFRA_376,"WARNING: Infrastructure fault on PAY: node unavailable (degraded, retrying)",Infrastructure,708,SES_000255,REQ_00000375,2026-09-11 17:24:32
EVT_000376,IF_ORD_002,ORD,PAY,API,REST,Warning,ORD_CAP_377,"WARNING: Capacity limit reached on ORD: request throttled (degraded, retrying)",Capacity,743,SES_000256,REQ_00000376,2026-09-15 20:41:20
EVT_000377,IF_ORD_003,ORD,PRC,ESB,SOAP,Failed,ORD_DB_378,Database ORD operation failed: connection pool exhausted,Database,3604,SES_000257,REQ_00000377,2026-09-11 12:46:44
EVT_000378,IF_MFG_001,MFG,ASM,MsgBus,Async,Warning,MFG_CAP_379,"WARNING: Capacity limit reached on MFG: request throttled (degraded, retrying)",Capacity,715,SES_000258,REQ_00000378,2026-09-16 21:02:11
EVT_000379,IF_PAY_001,PAY,ORD,API,REST,Failed,PAY_NET_380,Network error contacting ORD: connection reset,Network,1728,SES_000259,REQ_00000379,2026-09-11 11:04:15
EVT_000380,IF_ORD_003,ORD,PRC,ESB,SOAP,Failed,ORD_AUTH_381,Authentication rejected between ORD and PRC,Authentication,1780,SES_000260,REQ_00000380,2026-09-12 12:16:13
EVT_000381,IF_PRC_001,PRC,MFG,ESB,SOAP,Failed,PRC_TMO_382,Timeout waiting for MFG to respond,Timeout,3413,SES_000260,REQ_00000381,2026-09-12 12:17:40
EVT_000382,IF_PRC_002,PRC,ASM,MsgBus,Async,Warning,PRC_TMO_383,"WARNING: Timeout waiting for ASM to respond (degraded, retrying)",Timeout,3147,SES_000260,REQ_00000382,2026-09-12 12:19:27
EVT_000383,IF_ORD_001,ORD,MFG,MsgBus,Async,Warning,ORD_AUTH_384,"WARNING: Authentication rejected between ORD and MFG (degraded, retrying)",Authentication,252,SES_000261,REQ_00000383,2026-09-16 15:10:28
EVT_000384,IF_MFG_001,MFG,ASM,MsgBus,Async,Warning,MFG_NET_385,"WARNING: Network error contacting ASM: connection reset (degraded, retrying)",Network,2459,SES_000261,REQ_00000384,2026-09-16 15:13:42
EVT_000385,IF_PRC_001,PRC,MFG,ESB,SOAP,Failed,PRC_INFRA_386,Infrastructure fault on PRC: node unavailable,Infrastructure,1510,SES_000262,REQ_00000385,2026-09-10 11:39:57
EVT_000386,IF_MFG_001,MFG,ASM,MsgBus,Async,Warning,MFG_VAL_387,"WARNING: Validation failed for payload from MFG (degraded, retrying)",Validation,1316,SES_000262,REQ_00000386,2026-09-10 11:41:36
EVT_000387,IF_ORD_001,ORD,MFG,MsgBus,Async,Failed,ORD_VAL_388,Validation failed for payload from ORD,Validation,991,SES_000263,REQ_00000387,2026-09-12 15:19:15
EVT_000388,IF_MFG_001,MFG,ASM,MsgBus,Async,Failed,MFG_NET_389,Network error contacting ASM: connection reset,Network,973,SES_000264,REQ_00000388,2026-09-13 07:52:42
EVT_000389,IF_ASM_002,ASM,MFG,API,REST,Warning,ASM_EXT_390,"WARNING: External service MFG returned an error response (degraded, retrying)",ExternalService,3736,SES_000264,REQ_00000389,2026-09-13 07:53:43
EVT_000390,IF_ASM_001,ASM,DLV,ESB,Batch,Warning,ASM_VAL_391,"WARNING: Validation failed for payload from ASM (degraded, retrying)",Validation,915,SES_000264,REQ_00000390,2026-09-13 07:54:59
EVT_000391,IF_ORD_003,ORD,PRC,ESB,SOAP,Failed,ORD_CFG_392,Configuration mismatch on ORD endpoint,Configuration,1855,SES_000265,REQ_00000391,2026-09-13 11:28:02
EVT_000392,IF_PRC_002,PRC,ASM,MsgBus,Async,Failed,PRC_EXT_393,External service ASM returned an error response,ExternalService,3666,SES_000265,REQ_00000392,2026-09-13 11:31:00
EVT_000393,IF_PRC_002,PRC,ASM,MsgBus,Async,Warning,PRC_TMO_394,"WARNING: Timeout waiting for ASM to respond (degraded, retrying)",Timeout,2532,SES_000266,REQ_00000393,2026-09-14 06:24:52
EVT_000394,IF_ASM_001,ASM,DLV,ESB,Batch,Failed,ASM_VAL_395,Validation failed for payload from ASM,Validation,1800,SES_000266,REQ_00000394,2026-09-14 06:29:11
EVT_000395,IF_ORD_002,ORD,PAY,API,REST,Warning,ORD_CFG_396,"WARNING: Configuration mismatch on ORD endpoint (degraded, retrying)",Configuration,1569,SES_000267,REQ_00000395,2026-09-14 09:48:28
EVT_000396,IF_ORD_002,ORD,PAY,API,REST,Failed,ORD_AUTHZ_397,Authorization denied for ORD->PAY request,Authorization,1048,SES_000268,REQ_00000396,2026-09-13 09:52:40
EVT_000397,IF_PAY_001,PAY,ORD,API,REST,Warning,PAY_AUTH_398,"WARNING: Authentication rejected between PAY and ORD (degraded, retrying)",Authentication,572,SES_000268,REQ_00000397,2026-09-13 09:57:24
EVT_000398,IF_PAY_002,PAY,PRC,API,REST,Failed,PAY_CAP_399,Capacity limit reached on PAY: request throttled,Capacity,2962,SES_000268,REQ_00000398,2026-09-13 09:52:48
EVT_000399,IF_MFG_001,MFG,ASM,MsgBus,Async,Warning,MFG_NET_400,"WARNING: Network error contacting ASM: connection reset (degraded, retrying)",Network,3536,SES_000269,REQ_00000399,2026-09-10 12:09:36
EVT_000400,IF_ASM_001,ASM,DLV,ESB,Batch,Warning,ASM_TMO_401,"WARNING: Timeout waiting for DLV to respond (degraded, retrying)",Timeout,2530,SES_000269,REQ_00000400,2026-09-10 12:13:08
EVT_000401,IF_ASM_002,ASM,MFG,API,REST,Warning,ASM_INFRA_402,"WARNING: Infrastructure fault on ASM: node unavailable (degraded, retrying)",Infrastructure,1986,SES_000269,REQ_00000401,2026-09-10 12:11:06
EVT_000402,IF_PAY_001,PAY,ORD,API,REST,Failed,PAY_TMO_403,Timeout waiting for ORD to respond,Timeout,1879,SES_000270,REQ_00000402,2026-09-13 06:56:56
EVT_000403,IF_ORD_001,ORD,MFG,MsgBus,Async,Failed,ORD_NET_404,Network error contacting MFG: connection reset,Network,1958,SES_000270,REQ_00000403,2026-09-13 07:01:09
EVT_000404,IF_ORD_004,ORD,DLV,ESB,Batch,Failed,ORD_TMO_405,Timeout waiting for DLV to respond,Timeout,10353,SES_000270,REQ_00000404,2026-09-13 06:59:31
EVT_000405,IF_ORD_002,ORD,PAY,API,REST,Failed,ORD_EXT_406,External service PAY returned an error response,ExternalService,1606,SES_000271,REQ_00000405,2026-09-15 12:41:05
EVT_000406,IF_ORD_001,ORD,MFG,MsgBus,Async,Warning,ORD_EXT_407,"WARNING: External service MFG returned an error response (degraded, retrying)",ExternalService,686,SES_000272,REQ_00000406,2026-09-16 06:50:10
EVT_000407,IF_ORD_002,ORD,PAY,API,REST,Failed,ORD_DB_408,Database ORD operation failed: connection pool exhausted,Database,1173,SES_000273,REQ_00000407,2026-09-10 09:56:53
EVT_000408,IF_PAY_001,PAY,ORD,API,REST,Warning,PAY_DB_409,"WARNING: Database PAY operation failed: connection pool exhausted (degraded, retrying)",Database,847,SES_000274,REQ_00000408,2026-09-12 11:29:32
EVT_000409,IF_PAY_001,PAY,ORD,API,REST,Warning,PAY_AUTH_410,"WARNING: Authentication rejected between PAY and ORD (degraded, retrying)",Authentication,719,SES_000275,REQ_00000409,2026-09-16 13:35:22
EVT_000410,IF_ORD_004,ORD,DLV,ESB,Batch,Failed,ORD_CFG_411,Configuration mismatch on ORD endpoint,Configuration,6285,SES_000275,REQ_00000410,2026-09-16 13:40:16
EVT_000411,IF_PRC_002,PRC,ASM,MsgBus,Async,Warning,PRC_DB_412,"WARNING: Database PRC operation failed: connection pool exhausted (degraded, retrying)",Database,2267,SES_000276,REQ_00000411,2026-09-15 10:41:26
EVT_000412,IF_ASM_001,ASM,DLV,ESB,Batch,Warning,ASM_AUTH_413,"WARNING: Authentication rejected between ASM and DLV (degraded, retrying)",Authentication,958,SES_000277,REQ_00000412,2026-09-11 10:51:19
EVT_000413,IF_DLV_001,DLV,ORD,API,REST,Warning,DLV_VAL_414,"WARNING: Validation failed for payload from DLV (degraded, retrying)",Validation,1439,SES_000277,REQ_00000413,2026-09-11 10:55:19
EVT_000414,IF_DLV_001,DLV,ORD,API,REST,Failed,DLV_CAP_415,Capacity limit reached on DLV: request throttled,Capacity,1513,SES_000278,REQ_00000414,2026-09-10 01:42:53
EVT_000415,IF_ORD_004,ORD,DLV,ESB,Batch,Failed,ORD_AUTH_416,Authentication rejected between ORD and DLV,Authentication,5280,SES_000278,REQ_00000415,2026-09-10 01:45:41
EVT_000416,IF_ORD_002,ORD,PAY,API,REST,Warning,ORD_VAL_417,"WARNING: Validation failed for payload from ORD (degraded, retrying)",Validation,729,SES_000278,REQ_00000416,2026-09-10 01:45:27
EVT_000417,IF_PAY_001,PAY,ORD,API,REST,Failed,PAY_INFRA_418,Infrastructure fault on PAY: node unavailable,Infrastructure,897,SES_000279,REQ_00000417,2026-09-16 17:51:38
EVT_000418,IF_ASM_001,ASM,DLV,ESB,Batch,Failed,ASM_CAP_419,Capacity limit reached on ASM: request throttled,Capacity,1824,SES_000280,REQ_00000418,2026-09-12 19:25:24
EVT_000419,IF_DLV_002,DLV,PAY,MsgBus,Async,Warning,DLV_VAL_420,"WARNING: Validation failed for payload from DLV (degraded, retrying)",Validation,1620,SES_000281,REQ_00000419,2026-09-15 13:50:30
EVT_000420,IF_ORD_002,ORD,PAY,API,REST,Failed,ORD_VAL_421,Validation failed for payload from ORD,Validation,930,SES_000282,REQ_00000420,2026-09-14 09:06:30
EVT_000421,IF_ORD_002,ORD,PAY,API,REST,Warning,ORD_EXT_422,"WARNING: External service PAY returned an error response (degraded, retrying)",ExternalService,1677,SES_000283,REQ_00000421,2026-09-12 15:14:22
EVT_000422,IF_PAY_001,PAY,ORD,API,REST,Warning,PAY_CAP_423,"WARNING: Capacity limit reached on PAY: request throttled (degraded, retrying)",Capacity,611,SES_000283,REQ_00000422,2026-09-12 15:15:24
EVT_000423,IF_PAY_002,PAY,PRC,API,REST,Failed,PAY_VAL_424,Validation failed for payload from PAY,Validation,1559,SES_000283,REQ_00000423,2026-09-12 15:18:25
EVT_000424,IF_DLV_001,DLV,ORD,API,REST,Failed,DLV_CFG_425,Configuration mismatch on DLV endpoint,Configuration,1114,SES_000284,REQ_00000424,2026-09-14 11:03:55
EVT_000425,IF_ORD_002,ORD,PAY,API,REST,Failed,ORD_AUTHZ_426,Authorization denied for ORD->PAY request,Authorization,824,SES_000285,REQ_00000425,2026-09-13 09:55:45
EVT_000426,IF_ASM_002,ASM,MFG,API,REST,Failed,ASM_INFRA_427,Infrastructure fault on ASM: node unavailable,Infrastructure,2223,SES_000286,REQ_00000426,2026-09-10 12:13:48
EVT_000427,IF_MFG_001,MFG,ASM,MsgBus,Async,Warning,MFG_TMO_428,"WARNING: Timeout waiting for ASM to respond (degraded, retrying)",Timeout,2338,SES_000286,REQ_00000427,2026-09-10 12:17:16
EVT_000428,IF_MFG_003,MFG,DLV,ESB,CDC,Failed,MFG_AUTHZ_429,Authorization denied for MFG->DLV request,Authorization,3470,SES_000286,REQ_00000428,2026-09-10 12:17:01
EVT_000429,IF_ORD_003,ORD,PRC,ESB,SOAP,Warning,ORD_AUTHZ_430,"WARNING: Authorization denied for ORD->PRC request (degraded, retrying)",Authorization,3159,SES_000287,REQ_00000429,2026-09-10 15:40:46
EVT_000430,IF_PRC_002,PRC,ASM,MsgBus,Async,Failed,PRC_TMO_431,Timeout waiting for ASM to respond,Timeout,2974,SES_000287,REQ_00000430,2026-09-10 15:43:20
EVT_000431,IF_PAY_001,PAY,ORD,API,REST,Warning,PAY_AUTHZ_432,"WARNING: Authorization denied for PAY->ORD request (degraded, retrying)",Authorization,720,SES_000288,REQ_00000431,2026-09-12 12:43:08
EVT_000432,IF_ASM_001,ASM,DLV,ESB,Batch,Failed,ASM_DB_433,Database ASM operation failed: connection pool exhausted,Database,2580,SES_000289,REQ_00000432,2026-09-16 12:14:14
EVT_000433,IF_MFG_001,MFG,ASM,MsgBus,Async,Warning,MFG_CAP_434,"WARNING: Capacity limit reached on MFG: request throttled (degraded, retrying)",Capacity,508,SES_000290,REQ_00000433,2026-09-15 16:24:56
EVT_000434,IF_ORD_001,ORD,MFG,MsgBus,Async,Failed,ORD_NET_435,Network error contacting MFG: connection reset,Network,1311,SES_000291,REQ_00000434,2026-09-15 17:03:44
EVT_000435,IF_MFG_003,MFG,DLV,ESB,CDC,Failed,MFG_VAL_436,Validation failed for payload from MFG,Validation,2009,SES_000291,REQ_00000435,2026-09-15 17:07:21
EVT_000436,IF_MFG_001,MFG,ASM,MsgBus,Async,Warning,MFG_NET_437,"WARNING: Network error contacting ASM: connection reset (degraded, retrying)",Network,2358,SES_000291,REQ_00000436,2026-09-15 17:04:56
EVT_000437,IF_ORD_002,ORD,PAY,API,REST,Failed,ORD_AUTH_438,Authentication rejected between ORD and PAY,Authentication,985,SES_000292,REQ_00000437,2026-09-12 08:06:31
EVT_000438,IF_PRC_001,PRC,MFG,ESB,SOAP,Failed,PRC_TMO_439,Timeout waiting for MFG to respond,Timeout,3613,SES_000293,REQ_00000438,2026-09-13 11:02:35
EVT_000439,IF_PAY_002,PAY,PRC,API,REST,Warning,PAY_NET_440,"WARNING: Network error contacting PRC: connection reset (degraded, retrying)",Network,4981,SES_000294,REQ_00000439,2026-09-16 14:31:09
EVT_000440,IF_PRC_001,PRC,MFG,ESB,SOAP,Warning,PRC_INFRA_441,"WARNING: Infrastructure fault on PRC: node unavailable (degraded, retrying)",Infrastructure,1498,SES_000294,REQ_00000440,2026-09-16 14:35:08
EVT_000441,IF_PRC_002,PRC,ASM,MsgBus,Async,Failed,PRC_AUTHZ_442,Authorization denied for PRC->ASM request,Authorization,4098,SES_000294,REQ_00000441,2026-09-16 14:34:15
EVT_000442,IF_MFG_001,MFG,ASM,MsgBus,Async,Failed,MFG_TMO_443,Timeout waiting for ASM to respond,Timeout,3622,SES_000295,REQ_00000442,2026-09-10 01:08:42
EVT_000443,IF_PAY_001,PAY,ORD,API,REST,Warning,PAY_AUTH_444,"WARNING: Authentication rejected between PAY and ORD (degraded, retrying)",Authentication,774,SES_000296,REQ_00000443,2026-09-12 17:11:07
EVT_000444,IF_ORD_001,ORD,MFG,MsgBus,Async,Warning,ORD_DB_445,"WARNING: Database ORD operation failed: connection pool exhausted (degraded, retrying)",Database,1971,SES_000297,REQ_00000444,2026-09-13 15:51:10
EVT_000445,IF_MFG_001,MFG,ASM,MsgBus,Async,Failed,MFG_AUTHZ_446,Authorization denied for MFG->ASM request,Authorization,1517,SES_000297,REQ_00000445,2026-09-13 15:52:44
EVT_000446,IF_MFG_003,MFG,DLV,ESB,CDC,Warning,MFG_TMO_447,"WARNING: Timeout waiting for DLV to respond (degraded, retrying)",Timeout,2443,SES_000297,REQ_00000446,2026-09-13 15:52:18
EVT_000447,IF_ORD_001,ORD,MFG,MsgBus,Async,Warning,ORD_VAL_448,"WARNING: Validation failed for payload from ORD (degraded, retrying)",Validation,731,SES_000298,REQ_00000447,2026-09-10 07:41:20
EVT_000448,IF_MFG_002,MFG,PRC,API,REST,Warning,MFG_EXT_449,"WARNING: External service PRC returned an error response (degraded, retrying)",ExternalService,5571,SES_000299,REQ_00000448,2026-09-15 17:33:33
EVT_000449,IF_PRC_001,PRC,MFG,ESB,SOAP,Failed,PRC_CAP_450,Capacity limit reached on PRC: request throttled,Capacity,681,SES_000299,REQ_00000449,2026-09-15 17:38:20
EVT_000450,IF_PRC_001,PRC,MFG,ESB,SOAP,Failed,PRC_TMO_451,Timeout waiting for MFG to respond,Timeout,1813,SES_000300,REQ_00000450,2026-09-11 13:30:54
EVT_000451,IF_MFG_003,MFG,DLV,ESB,CDC,Failed,MFG_NET_452,Network error contacting DLV: connection reset,Network,4416,SES_000300,REQ_00000451,2026-09-11 13:34:22
EVT_000452,IF_MFG_001,MFG,ASM,MsgBus,Async,Warning,MFG_TMO_453,"WARNING: Timeout waiting for ASM to respond (degraded, retrying)",Timeout,3142,SES_000300,REQ_00000452,2026-09-11 13:34:45
EVT_000453,IF_ORD_001,ORD,MFG,MsgBus,Async,Failed,ORD_NET_454,Network error contacting MFG: connection reset,Network,1683,SES_000301,REQ_00000453,2026-09-15 03:25:26
EVT_000454,IF_PRC_001,PRC,MFG,ESB,SOAP,Failed,PRC_DB_455,Database PRC operation failed: connection pool exhausted,Database,3227,SES_000302,REQ_00000454,2026-09-14 14:41:42
EVT_000455,IF_MFG_001,MFG,ASM,MsgBus,Async,Warning,MFG_CFG_456,"WARNING: Configuration mismatch on MFG endpoint (degraded, retrying)",Configuration,452,SES_000302,REQ_00000455,2026-09-14 14:45:35
EVT_000456,IF_MFG_003,MFG,DLV,ESB,CDC,Warning,MFG_AUTHZ_457,"WARNING: Authorization denied for MFG->DLV request (degraded, retrying)",Authorization,4486,SES_000302,REQ_00000456,2026-09-14 14:44:13
EVT_000457,IF_PAY_001,PAY,ORD,API,REST,Failed,PAY_CFG_458,Configuration mismatch on PAY endpoint,Configuration,470,SES_000303,REQ_00000457,2026-09-11 17:47:46
EVT_000458,IF_PAY_001,PAY,ORD,API,REST,Warning,PAY_DB_459,"WARNING: Database PAY operation failed: connection pool exhausted (degraded, retrying)",Database,1888,SES_000304,REQ_00000458,2026-09-13 17:12:45
EVT_000459,IF_MFG_001,MFG,ASM,MsgBus,Async,Failed,MFG_TMO_460,Timeout waiting for ASM to respond,Timeout,912,SES_000305,REQ_00000459,2026-09-16 18:29:42
EVT_000460,IF_PRC_001,PRC,MFG,ESB,SOAP,Warning,PRC_INFRA_461,"WARNING: Infrastructure fault on PRC: node unavailable (degraded, retrying)",Infrastructure,1280,SES_000306,REQ_00000460,2026-09-13 17:30:59
EVT_000461,IF_DLV_002,DLV,PAY,MsgBus,Async,Failed,DLV_EXT_462,External service PAY returned an error response,ExternalService,4186,SES_000307,REQ_00000461,2026-09-10 12:38:38
EVT_000462,IF_PRC_001,PRC,MFG,ESB,SOAP,Failed,PRC_EXT_463,External service MFG returned an error response,ExternalService,2617,SES_000308,REQ_00000462,2026-09-11 10:21:18
EVT_000463,IF_ASM_001,ASM,DLV,ESB,Batch,Warning,ASM_CFG_464,"WARNING: Configuration mismatch on ASM endpoint (degraded, retrying)",Configuration,691,SES_000309,REQ_00000463,2026-09-16 15:55:20
EVT_000464,IF_DLV_001,DLV,ORD,API,REST,Warning,DLV_AUTHZ_465,"WARNING: Authorization denied for DLV->ORD request (degraded, retrying)",Authorization,1302,SES_000309,REQ_00000464,2026-09-16 15:56:53
EVT_000465,IF_ASM_001,ASM,DLV,ESB,Batch,Warning,ASM_VAL_466,"WARNING: Validation failed for payload from ASM (degraded, retrying)",Validation,793,SES_000310,REQ_00000465,2026-09-14 13:36:42
EVT_000466,IF_ORD_001,ORD,MFG,MsgBus,Async,Failed,ORD_AUTH_467,Authentication rejected between ORD and MFG,Authentication,920,SES_000311,REQ_00000466,2026-09-14 08:24:09
EVT_000467,IF_MFG_001,MFG,ASM,MsgBus,Async,Failed,MFG_AUTH_468,Authentication rejected between MFG and ASM,Authentication,906,SES_000311,REQ_00000467,2026-09-14 08:24:42
EVT_000468,IF_DLV_001,DLV,ORD,API,REST,Warning,DLV_CFG_469,"WARNING: Configuration mismatch on DLV endpoint (degraded, retrying)",Configuration,1340,SES_000312,REQ_00000468,2026-09-12 17:06:39
EVT_000469,IF_ORD_001,ORD,MFG,MsgBus,Async,Warning,ORD_AUTHZ_470,"WARNING: Authorization denied for ORD->MFG request (degraded, retrying)",Authorization,2030,SES_000312,REQ_00000469,2026-09-12 17:09:56
EVT_000470,IF_DLV_001,DLV,ORD,API,REST,Warning,DLV_AUTHZ_471,"WARNING: Authorization denied for DLV->ORD request (degraded, retrying)",Authorization,1356,SES_000313,REQ_00000470,2026-09-11 14:49:55
EVT_000471,IF_PRC_001,PRC,MFG,ESB,SOAP,Warning,PRC_NET_472,"WARNING: Network error contacting MFG: connection reset (degraded, retrying)",Network,1432,SES_000314,REQ_00000471,2026-09-16 16:12:18
EVT_000472,IF_ORD_003,ORD,PRC,ESB,SOAP,Failed,ORD_AUTH_473,Authentication rejected between ORD and PRC,Authentication,608,SES_000315,REQ_00000472,2026-09-13 06:17:35
EVT_000473,IF_ORD_001,ORD,MFG,MsgBus,Async,Warning,ORD_CAP_474,"WARNING: Capacity limit reached on ORD: request throttled (degraded, retrying)",Capacity,779,SES_000316,REQ_00000473,2026-09-10 09:20:38
EVT_000474,IF_PAY_001,PAY,ORD,API,REST,Failed,PAY_INFRA_475,Infrastructure fault on PAY: node unavailable,Infrastructure,736,SES_000317,REQ_00000474,2026-09-14 11:50:45
EVT_000475,IF_ORD_001,ORD,MFG,MsgBus,Async,Warning,ORD_CFG_476,"WARNING: Configuration mismatch on ORD endpoint (degraded, retrying)",Configuration,664,SES_000317,REQ_00000475,2026-09-14 11:53:45
EVT_000476,IF_PRC_002,PRC,ASM,MsgBus,Async,Warning,PRC_DB_477,"WARNING: Database PRC operation failed: connection pool exhausted (degraded, retrying)",Database,1226,SES_000318,REQ_00000476,2026-09-12 10:48:39
EVT_000477,IF_ASM_002,ASM,MFG,API,REST,Warning,ASM_NET_478,"WARNING: Network error contacting MFG: connection reset (degraded, retrying)",Network,3332,SES_000318,REQ_00000477,2026-09-12 10:51:25
EVT_000478,IF_ASM_002,ASM,MFG,API,REST,Failed,ASM_VAL_479,Validation failed for payload from ASM,Validation,7042,SES_000319,REQ_00000478,2026-09-12 04:33:52
EVT_000479,IF_MFG_003,MFG,DLV,ESB,CDC,Failed,MFG_VAL_480,Validation failed for payload from MFG,Validation,2799,SES_000319,REQ_00000479,2026-09-12 04:35:19
EVT_000480,IF_DLV_001,DLV,ORD,API,REST,Failed,DLV_NET_481,Network error contacting ORD: connection reset,Network,1485,SES_000320,REQ_00000480,2026-09-11 15:49:13
EVT_000481,IF_MFG_003,MFG,DLV,ESB,CDC,Warning,MFG_INFRA_482,"WARNING: Infrastructure fault on MFG: node unavailable (degraded, retrying)",Infrastructure,957,SES_000321,REQ_00000481,2026-09-15 16:41:52
EVT_000482,IF_DLV_002,DLV,PAY,MsgBus,Async,Failed,DLV_VAL_483,Validation failed for payload from DLV,Validation,1411,SES_000321,REQ_00000482,2026-09-15 16:43:25
EVT_000483,IF_PAY_001,PAY,ORD,API,REST,Failed,PAY_EXT_484,External service ORD returned an error response,ExternalService,1503,SES_000322,REQ_00000483,2026-09-12 12:28:40
EVT_000484,IF_ORD_001,ORD,MFG,MsgBus,Async,Warning,ORD_AUTHZ_485,"WARNING: Authorization denied for ORD->MFG request (degraded, retrying)",Authorization,2093,SES_000323,REQ_00000484,2026-09-14 07:47:37
EVT_000485,IF_MFG_003,MFG,DLV,ESB,CDC,Warning,MFG_DB_486,"WARNING: Database MFG operation failed: connection pool exhausted (degraded, retrying)",Database,4501,SES_000323,REQ_00000485,2026-09-14 07:51:23
EVT_000486,IF_MFG_001,MFG,ASM,MsgBus,Async,Failed,MFG_VAL_487,Validation failed for payload from MFG,Validation,1042,SES_000323,REQ_00000486,2026-09-14 07:48:48
EVT_000487,IF_DLV_001,DLV,ORD,API,REST,Warning,DLV_DB_488,"WARNING: Database DLV operation failed: connection pool exhausted (degraded, retrying)",Database,2477,SES_000324,REQ_00000487,2026-09-12 15:58:50
EVT_000488,IF_ORD_004,ORD,DLV,ESB,Batch,Warning,ORD_AUTHZ_489,"WARNING: Authorization denied for ORD->DLV request (degraded, retrying)",Authorization,2346,SES_000324,REQ_00000488,2026-09-12 16:01:28
EVT_000489,IF_ORD_002,ORD,PAY,API,REST,Warning,ORD_CFG_490,"WARNING: Configuration mismatch on ORD endpoint (degraded, retrying)",Configuration,313,SES_000325,REQ_00000489,2026-09-16 13:10:11
EVT_000490,IF_PRC_001,PRC,MFG,ESB,SOAP,Failed,PRC_AUTH_491,Authentication rejected between PRC and MFG,Authentication,1607,SES_000326,REQ_00000490,2026-09-10 17:59:35
EVT_000491,IF_MFG_001,MFG,ASM,MsgBus,Async,Warning,MFG_CFG_492,"WARNING: Configuration mismatch on MFG endpoint (degraded, retrying)",Configuration,570,SES_000326,REQ_00000491,2026-09-10 18:02:39
EVT_000492,IF_MFG_003,MFG,DLV,ESB,CDC,Warning,MFG_TMO_493,"WARNING: Timeout waiting for DLV to respond (degraded, retrying)",Timeout,3671,SES_000326,REQ_00000492,2026-09-10 18:01:16
EVT_000493,IF_PAY_001,PAY,ORD,API,REST,Failed,PAY_EXT_494,External service ORD returned an error response,ExternalService,736,SES_000327,REQ_00000493,2026-09-15 14:36:36
EVT_000494,IF_DLV_001,DLV,ORD,API,REST,Failed,DLV_AUTHZ_495,Authorization denied for DLV->ORD request,Authorization,1916,SES_000328,REQ_00000494,2026-09-15 16:27:17
EVT_000495,IF_MFG_001,MFG,ASM,MsgBus,Async,Failed,MFG_AUTH_496,Authentication rejected between MFG and ASM,Authentication,3254,SES_000329,REQ_00000495,2026-09-12 13:06:11
EVT_000496,IF_ASM_002,ASM,MFG,API,REST,Failed,ASM_DB_497,Database ASM operation failed: connection pool exhausted,Database,5360,SES_000329,REQ_00000496,2026-09-12 13:06:22
EVT_000497,IF_PRC_002,PRC,ASM,MsgBus,Async,Failed,PRC_VAL_498,Validation failed for payload from PRC,Validation,1308,SES_000330,REQ_00000497,2026-09-16 14:58:02
EVT_000498,IF_DLV_001,DLV,ORD,API,REST,Failed,DLV_VAL_499,Validation failed for payload from DLV,Validation,1365,SES_000331,REQ_00000498,2026-09-11 18:37:46
EVT_000499,IF_MFG_002,MFG,PRC,API,REST,Warning,MFG_INFRA_500,"WARNING: Infrastructure fault on MFG: node unavailable (degraded, retrying)",Infrastructure,1970,SES_000332,REQ_00000499,2026-09-15 10:51:39
EVT_000500,IF_ASM_001,ASM,DLV,ESB,Batch,Warning,ASM_DB_501,"WARNING: Database ASM operation failed: connection pool exhausted (degraded, retrying)",Database,1523,SES_000333,REQ_00000500,2026-09-15 17:09:47
EVT_000501,IF_DLV_001,DLV,ORD,API,REST,Failed,DLV_VAL_502,Validation failed for payload from DLV,Validation,1961,SES_000333,REQ_00000501,2026-09-15 17:10:10
EVT_000502,IF_ORD_001,ORD,MFG,MsgBus,Async,Warning,ORD_NET_503,"WARNING: Network error contacting MFG: connection reset (degraded, retrying)",Network,1549,SES_000334,REQ_00000502,2026-09-13 19:56:02
EVT_000503,IF_PRC_002,PRC,ASM,MsgBus,Async,Failed,PRC_EXT_504,External service ASM returned an error response,ExternalService,1941,SES_000335,REQ_00000503,2026-09-16 16:37:34
EVT_000504,IF_PRC_002,PRC,ASM,MsgBus,Async,Failed,PRC_AUTHZ_505,Authorization denied for PRC->ASM request,Authorization,1330,SES_000336,REQ_00000504,2026-09-14 10:58:14
EVT_000505,IF_ORD_002,ORD,PAY,API,REST,Failed,ORD_AUTH_506,Authentication rejected between ORD and PAY,Authentication,489,SES_000337,REQ_00000505,2026-09-14 18:28:10
EVT_000506,IF_PAY_001,PAY,ORD,API,REST,Failed,PAY_NET_507,Network error contacting ORD: connection reset,Network,1211,SES_000338,REQ_00000506,2026-09-15 17:42:14
EVT_000507,IF_ORD_004,ORD,DLV,ESB,Batch,Warning,ORD_CAP_508,"WARNING: Capacity limit reached on ORD: request throttled (degraded, retrying)",Capacity,10613,SES_000338,REQ_00000507,2026-09-15 17:44:20
EVT_000508,IF_MFG_003,MFG,DLV,ESB,CDC,Failed,MFG_EXT_509,External service DLV returned an error response,ExternalService,5216,SES_000339,REQ_00000508,2026-09-14 09:10:16
EVT_000509,IF_DLV_001,DLV,ORD,API,REST,Warning,DLV_TMO_510,"WARNING: Timeout waiting for ORD to respond (degraded, retrying)",Timeout,3371,SES_000339,REQ_00000509,2026-09-14 09:12:08
EVT_000510,IF_MFG_001,MFG,ASM,MsgBus,Async,Warning,MFG_CAP_511,"WARNING: Capacity limit reached on MFG: request throttled (degraded, retrying)",Capacity,1241,SES_000340,REQ_00000510,2026-09-16 12:09:50
EVT_000511,IF_ORD_001,ORD,MFG,MsgBus,Async,Failed,ORD_INFRA_512,Infrastructure fault on ORD: node unavailable,Infrastructure,406,SES_000341,REQ_00000511,2026-09-12 19:38:37
EVT_000512,IF_MFG_001,MFG,ASM,MsgBus,Async,Failed,MFG_CAP_513,Capacity limit reached on MFG: request throttled,Capacity,1499,SES_000342,REQ_00000512,2026-09-14 15:52:09
EVT_000513,IF_ORD_002,ORD,PAY,API,REST,Warning,ORD_DB_514,"WARNING: Database ORD operation failed: connection pool exhausted (degraded, retrying)",Database,1843,SES_000343,REQ_00000513,2026-09-16 08:30:42
EVT_000514,IF_ASM_001,ASM,DLV,ESB,Batch,Failed,ASM_TMO_515,Timeout waiting for DLV to respond,Timeout,3150,SES_000344,REQ_00000514,2026-09-14 12:55:02
EVT_000515,IF_PRC_002,PRC,ASM,MsgBus,Async,Failed,PRC_AUTH_516,Authentication rejected between PRC and ASM,Authentication,1315,SES_000345,REQ_00000515,2026-09-15 19:53:44
EVT_000516,IF_ORD_003,ORD,PRC,ESB,SOAP,Failed,ORD_DB_517,Database ORD operation failed: connection pool exhausted,Database,1819,SES_000346,REQ_00000516,2026-09-12 14:34:26
EVT_000517,IF_ORD_001,ORD,MFG,MsgBus,Async,Failed,ORD_CAP_518,Capacity limit reached on ORD: request throttled,Capacity,522,SES_000347,REQ_00000517,2026-09-15 17:26:23
EVT_000518,IF_ASM_001,ASM,DLV,ESB,Batch,Failed,ASM_VAL_519,Validation failed for payload from ASM,Validation,1323,SES_000348,REQ_00000518,2026-09-12 14:43:25
EVT_000519,IF_ASM_002,ASM,MFG,API,REST,Failed,ASM_INFRA_520,Infrastructure fault on ASM: node unavailable,Infrastructure,3137,SES_000349,REQ_00000519,2026-09-12 21:36:22
EVT_000520,IF_ORD_002,ORD,PAY,API,REST,Failed,ORD_AUTHZ_521,Authorization denied for ORD->PAY request,Authorization,960,SES_000350,REQ_00000520,2026-09-13 16:10:06
EVT_000521,IF_DLV_001,DLV,ORD,API,REST,Warning,DLV_TMO_522,"WARNING: Timeout waiting for ORD to respond (degraded, retrying)",Timeout,3538,SES_000351,REQ_00000521,2026-09-10 09:40:00
EVT_000522,IF_ORD_004,ORD,DLV,ESB,Batch,Failed,ORD_EXT_523,External service DLV returned an error response,ExternalService,8832,SES_000351,REQ_00000522,2026-09-10 09:40:21
EVT_000523,IF_DLV_001,DLV,ORD,API,REST,Warning,DLV_TMO_524,"WARNING: Timeout waiting for ORD to respond (degraded, retrying)",Timeout,930,SES_000352,REQ_00000523,2026-09-15 21:03:49
EVT_000524,IF_MFG_001,MFG,ASM,MsgBus,Async,Failed,MFG_CFG_525,Configuration mismatch on MFG endpoint,Configuration,1522,SES_000353,REQ_00000524,2026-09-14 10:02:50
EVT_000525,IF_ORD_004,ORD,DLV,ESB,Batch,Warning,ORD_AUTHZ_526,"WARNING: Authorization denied for ORD->DLV request (degraded, retrying)",Authorization,4178,SES_000354,REQ_00000525,2026-09-15 00:10:05
EVT_000526,IF_DLV_002,DLV,PAY,MsgBus,Async,Warning,DLV_VAL_527,"WARNING: Validation failed for payload from DLV (degraded, retrying)",Validation,3096,SES_000354,REQ_00000526,2026-09-15 00:10:53
EVT_000527,IF_PRC_001,PRC,MFG,ESB,SOAP,Failed,PRC_DB_528,Database PRC operation failed: connection pool exhausted,Database,1644,SES_000355,REQ_00000527,2026-09-16 10:38:12
EVT_000528,IF_MFG_003,MFG,DLV,ESB,CDC,Failed,MFG_VAL_529,Validation failed for payload from MFG,Validation,4070,SES_000355,REQ_00000528,2026-09-16 10:41:08
EVT_000529,IF_MFG_001,MFG,ASM,MsgBus,Async,Warning,MFG_TMO_530,"WARNING: Timeout waiting for ASM to respond (degraded, retrying)",Timeout,3653,SES_000355,REQ_00000529,2026-09-16 10:43:08
EVT_000530,IF_PRC_001,PRC,MFG,ESB,SOAP,Failed,PRC_CAP_531,Capacity limit reached on PRC: request throttled,Capacity,1893,SES_000356,REQ_00000530,2026-09-16 10:21:49
EVT_000531,IF_MFG_001,MFG,ASM,MsgBus,Async,Failed,MFG_EXT_532,External service ASM returned an error response,ExternalService,3623,SES_000356,REQ_00000531,2026-09-16 10:23:48
EVT_000532,IF_ORD_003,ORD,PRC,ESB,SOAP,Failed,ORD_AUTHZ_533,Authorization denied for ORD->PRC request,Authorization,714,SES_000357,REQ_00000532,2026-09-10 15:16:15
EVT_000533,IF_ORD_002,ORD,PAY,API,REST,Warning,ORD_CFG_534,"WARNING: Configuration mismatch on ORD endpoint (degraded, retrying)",Configuration,559,SES_000358,REQ_00000533,2026-09-12 10:36:17
EVT_000534,IF_DLV_001,DLV,ORD,API,REST,Warning,DLV_AUTHZ_535,"WARNING: Authorization denied for DLV->ORD request (degraded, retrying)",Authorization,4284,SES_000359,REQ_00000534,2026-09-16 10:14:12
EVT_000535,IF_DLV_001,DLV,ORD,API,REST,Warning,DLV_TMO_536,"WARNING: Timeout waiting for ORD to respond (degraded, retrying)",Timeout,1957,SES_000360,REQ_00000535,2026-09-15 13:00:48
EVT_000536,IF_ORD_004,ORD,DLV,ESB,Batch,Warning,ORD_AUTH_537,"WARNING: Authentication rejected between ORD and DLV (degraded, retrying)",Authentication,3091,SES_000361,REQ_00000536,2026-09-14 17:31:11
EVT_000537,IF_DLV_001,DLV,ORD,API,REST,Warning,DLV_AUTHZ_538,"WARNING: Authorization denied for DLV->ORD request (degraded, retrying)",Authorization,922,SES_000361,REQ_00000537,2026-09-14 17:35:49
EVT_000538,IF_DLV_002,DLV,PAY,MsgBus,Async,Warning,DLV_NET_539,"WARNING: Network error contacting PAY: connection reset (degraded, retrying)",Network,5779,SES_000361,REQ_00000538,2026-09-14 17:32:42
EVT_000539,IF_PAY_001,PAY,ORD,API,REST,Failed,PAY_AUTHZ_540,Authorization denied for PAY->ORD request,Authorization,810,SES_000362,REQ_00000539,2026-09-15 01:43:13
EVT_000540,IF_PAY_001,PAY,ORD,API,REST,Failed,PAY_CFG_541,Configuration mismatch on PAY endpoint,Configuration,655,SES_000363,REQ_00000540,2026-09-11 10:39:21
EVT_000541,IF_ORD_002,ORD,PAY,API,REST,Failed,ORD_CFG_542,Configuration mismatch on ORD endpoint,Configuration,971,SES_000364,REQ_00000541,2026-09-13 10:11:36
EVT_000542,IF_ORD_002,ORD,PAY,API,REST,Warning,ORD_INFRA_543,"WARNING: Infrastructure fault on ORD: node unavailable (degraded, retrying)",Infrastructure,1566,SES_000365,REQ_00000542,2026-09-14 12:24:12
EVT_000543,IF_PAY_001,PAY,ORD,API,REST,Warning,PAY_CAP_544,"WARNING: Capacity limit reached on PAY: request throttled (degraded, retrying)",Capacity,1195,SES_000365,REQ_00000543,2026-09-14 12:26:47
EVT_000544,IF_PAY_002,PAY,PRC,API,REST,Failed,PAY_TMO_545,Timeout waiting for PRC to respond,Timeout,7620,SES_000365,REQ_00000544,2026-09-14 12:26:04
EVT_000545,IF_MFG_003,MFG,DLV,ESB,CDC,Failed,MFG_DB_546,Database MFG operation failed: connection pool exhausted,Database,4147,SES_000366,REQ_00000545,2026-09-12 11:35:35
EVT_000546,IF_MFG_001,MFG,ASM,MsgBus,Async,Failed,MFG_AUTH_547,Authentication rejected between MFG and ASM,Authentication,1132,SES_000367,REQ_00000546,2026-09-14 09:36:41
EVT_000547,IF_MFG_001,MFG,ASM,MsgBus,Async,Failed,MFG_INFRA_548,Infrastructure fault on MFG: node unavailable,Infrastructure,1902,SES_000368,REQ_00000547,2026-09-15 12:05:24
EVT_000548,IF_DLV_001,DLV,ORD,API,REST,Failed,DLV_INFRA_549,Infrastructure fault on DLV: node unavailable,Infrastructure,1115,SES_000369,REQ_00000548,2026-09-13 15:36:25
EVT_000549,IF_ORD_003,ORD,PRC,ESB,SOAP,Failed,ORD_AUTHZ_550,Authorization denied for ORD->PRC request,Authorization,1721,SES_000370,REQ_00000549,2026-09-15 10:41:25
EVT_000550,IF_ASM_001,ASM,DLV,ESB,Batch,Warning,ASM_NET_551,"WARNING: Network error contacting DLV: connection reset (degraded, retrying)",Network,1500,SES_000371,REQ_00000550,2026-09-11 09:01:08
EVT_000551,IF_DLV_001,DLV,ORD,API,REST,Failed,DLV_VAL_552,Validation failed for payload from DLV,Validation,2508,SES_000371,REQ_00000551,2026-09-11 09:01:23
EVT_000552,IF_PAY_001,PAY,ORD,API,REST,Failed,PAY_AUTH_553,Authentication rejected between PAY and ORD,Authentication,1718,SES_000372,REQ_00000552,2026-09-11 07:59:56
EVT_000553,IF_ORD_004,ORD,DLV,ESB,Batch,Warning,ORD_VAL_554,"WARNING: Validation failed for payload from ORD (degraded, retrying)",Validation,5239,SES_000372,REQ_00000553,2026-09-11 08:04:01
EVT_000554,IF_ORD_002,ORD,PAY,API,REST,Failed,ORD_VAL_555,Validation failed for payload from ORD,Validation,461,SES_000372,REQ_00000554,2026-09-11 08:01:07
EVT_000555,IF_PAY_001,PAY,ORD,API,REST,Warning,PAY_VAL_556,"WARNING: Validation failed for payload from PAY (degraded, retrying)",Validation,438,SES_000373,REQ_00000555,2026-09-15 16:56:36
EVT_000556,IF_PAY_001,PAY,ORD,API,REST,Failed,PAY_DB_557,Database PAY operation failed: connection pool exhausted,Database,480,SES_000374,REQ_00000556,2026-09-16 07:19:23
EVT_000557,IF_MFG_002,MFG,PRC,API,REST,Failed,MFG_TMO_558,Timeout waiting for PRC to respond,Timeout,3507,SES_000375,REQ_00000557,2026-09-12 11:34:00
EVT_000558,IF_PAY_001,PAY,ORD,API,REST,Failed,PAY_VAL_559,Validation failed for payload from PAY,Validation,669,SES_000376,REQ_00000558,2026-09-14 10:00:35
EVT_000559,IF_ORD_003,ORD,PRC,ESB,SOAP,Failed,ORD_CFG_560,Configuration mismatch on ORD endpoint,Configuration,1374,SES_000377,REQ_00000559,2026-09-15 12:24:14
EVT_000560,IF_ASM_001,ASM,DLV,ESB,Batch,Warning,ASM_EXT_561,"WARNING: External service DLV returned an error response (degraded, retrying)",ExternalService,2168,SES_000378,REQ_00000560,2026-09-15 15:18:41
EVT_000561,IF_DLV_001,DLV,ORD,API,REST,Failed,DLV_TMO_562,Timeout waiting for ORD to respond,Timeout,1934,SES_000378,REQ_00000561,2026-09-15 15:21:02
EVT_000562,IF_DLV_002,DLV,PAY,MsgBus,Async,Warning,DLV_NET_563,"WARNING: Network error contacting PAY: connection reset (degraded, retrying)",Network,5967,SES_000378,REQ_00000562,2026-09-15 15:23:16
EVT_000563,IF_PRC_001,PRC,MFG,ESB,SOAP,Failed,PRC_AUTH_564,Authentication rejected between PRC and MFG,Authentication,1778,SES_000379,REQ_00000563,2026-09-10 10:09:00
EVT_000564,IF_DLV_001,DLV,ORD,API,REST,Warning,DLV_DB_565,"WARNING: Database DLV operation failed: connection pool exhausted (degraded, retrying)",Database,1659,SES_000380,REQ_00000564,2026-09-15 16:21:05
EVT_000565,IF_DLV_001,DLV,ORD,API,REST,Warning,DLV_NET_566,"WARNING: Network error contacting ORD: connection reset (degraded, retrying)",Network,3677,SES_000381,REQ_00000565,2026-09-11 09:53:16
EVT_000566,IF_PRC_001,PRC,MFG,ESB,SOAP,Warning,PRC_VAL_567,"WARNING: Validation failed for payload from PRC (degraded, retrying)",Validation,1249,SES_000382,REQ_00000566,2026-09-13 10:02:12
EVT_000567,IF_ASM_001,ASM,DLV,ESB,Batch,Warning,ASM_VAL_568,"WARNING: Validation failed for payload from ASM (degraded, retrying)",Validation,1075,SES_000383,REQ_00000567,2026-09-12 20:10:40
EVT_000568,IF_MFG_002,MFG,PRC,API,REST,Warning,MFG_CFG_569,"WARNING: Configuration mismatch on MFG endpoint (degraded, retrying)",Configuration,2418,SES_000384,REQ_00000568,2026-09-11 11:03:55
EVT_000569,IF_PRC_001,PRC,MFG,ESB,SOAP,Failed,PRC_DB_570,Database PRC operation failed: connection pool exhausted,Database,3661,SES_000384,REQ_00000569,2026-09-11 11:07:19
EVT_000570,IF_PAY_001,PAY,ORD,API,REST,Failed,PAY_INFRA_571,Infrastructure fault on PAY: node unavailable,Infrastructure,719,SES_000385,REQ_00000570,2026-09-15 13:38:09
EVT_000571,IF_ORD_002,ORD,PAY,API,REST,Failed,ORD_VAL_572,Validation failed for payload from ORD,Validation,1295,SES_000385,REQ_00000571,2026-09-15 13:41:13
EVT_000572,IF_DLV_001,DLV,ORD,API,REST,Failed,DLV_CFG_573,Configuration mismatch on DLV endpoint,Configuration,632,SES_000386,REQ_00000572,2026-09-14 16:48:22
EVT_000573,IF_PRC_001,PRC,MFG,ESB,SOAP,Failed,PRC_TMO_574,Timeout waiting for MFG to respond,Timeout,1440,SES_000387,REQ_00000573,2026-09-12 18:31:45
EVT_000574,IF_MFG_001,MFG,ASM,MsgBus,Async,Warning,MFG_VAL_575,"WARNING: Validation failed for payload from MFG (degraded, retrying)",Validation,636,SES_000387,REQ_00000574,2026-09-12 18:36:30
EVT_000575,IF_MFG_003,MFG,DLV,ESB,CDC,Warning,MFG_TMO_576,"WARNING: Timeout waiting for DLV to respond (degraded, retrying)",Timeout,1804,SES_000387,REQ_00000575,2026-09-12 18:34:01
EVT_000576,IF_MFG_001,MFG,ASM,MsgBus,Async,Failed,MFG_CAP_577,Capacity limit reached on MFG: request throttled,Capacity,958,SES_000388,REQ_00000576,2026-09-13 16:56:01
EVT_000577,IF_MFG_002,MFG,PRC,API,REST,Warning,MFG_INFRA_578,"WARNING: Infrastructure fault on MFG: node unavailable (degraded, retrying)",Infrastructure,2371,SES_000389,REQ_00000577,2026-09-14 17:12:33
EVT_000578,IF_ORD_001,ORD,MFG,MsgBus,Async,Warning,ORD_INFRA_579,"WARNING: Infrastructure fault on ORD: node unavailable (degraded, retrying)",Infrastructure,799,SES_000390,REQ_00000578,2026-09-10 08:42:04
EVT_000579,IF_PAY_001,PAY,ORD,API,REST,Failed,PAY_CAP_580,Capacity limit reached on PAY: request throttled,Capacity,881,SES_000391,REQ_00000579,2026-09-10 05:41:53
EVT_000580,IF_MFG_003,MFG,DLV,ESB,CDC,Warning,MFG_NET_581,"WARNING: Network error contacting DLV: connection reset (degraded, retrying)",Network,4467,SES_000392,REQ_00000580,2026-09-14 16:00:59
EVT_000581,IF_PAY_001,PAY,ORD,API,REST,Warning,PAY_CAP_582,"WARNING: Capacity limit reached on PAY: request throttled (degraded, retrying)",Capacity,1061,SES_000393,REQ_00000581,2026-09-15 20:26:52
EVT_000582,IF_ORD_002,ORD,PAY,API,REST,Warning,ORD_CFG_583,"WARNING: Configuration mismatch on ORD endpoint (degraded, retrying)",Configuration,363,SES_000393,REQ_00000582,2026-09-15 20:28:52
EVT_000583,IF_ASM_001,ASM,DLV,ESB,Batch,Failed,ASM_NET_584,Network error contacting DLV: connection reset,Network,3083,SES_000394,REQ_00000583,2026-09-14 15:11:35
EVT_000584,IF_ORD_002,ORD,PAY,API,REST,Failed,ORD_EXT_585,External service PAY returned an error response,ExternalService,1247,SES_000395,REQ_00000584,2026-09-15 15:56:06
EVT_000585,IF_ORD_003,ORD,PRC,ESB,SOAP,Warning,ORD_AUTHZ_586,"WARNING: Authorization denied for ORD->PRC request (degraded, retrying)",Authorization,1463,SES_000396,REQ_00000585,2026-09-14 12:22:57
EVT_000586,IF_PRC_002,PRC,ASM,MsgBus,Async,Failed,PRC_VAL_587,Validation failed for payload from PRC,Validation,1989,SES_000397,REQ_00000586,2026-09-16 16:38:15
EVT_000587,IF_ORD_001,ORD,MFG,MsgBus,Async,Failed,ORD_DB_588,Database ORD operation failed: connection pool exhausted,Database,1266,SES_000398,REQ_00000587,2026-09-13 20:00:46
EVT_000588,IF_MFG_001,MFG,ASM,MsgBus,Async,Failed,MFG_DB_589,Database MFG operation failed: connection pool exhausted,Database,3098,SES_000398,REQ_00000588,2026-09-13 20:02:37
EVT_000589,IF_PRC_002,PRC,ASM,MsgBus,Async,Warning,PRC_INFRA_590,"WARNING: Infrastructure fault on PRC: node unavailable (degraded, retrying)",Infrastructure,563,SES_000399,REQ_00000589,2026-09-16 10:35:32
EVT_000590,IF_ASM_001,ASM,DLV,ESB,Batch,Warning,ASM_AUTH_591,"WARNING: Authentication rejected between ASM and DLV (degraded, retrying)",Authentication,2879,SES_000399,REQ_00000590,2026-09-16 10:40:32
EVT_000591,IF_ASM_002,ASM,MFG,API,REST,Failed,ASM_AUTHZ_592,Authorization denied for ASM->MFG request,Authorization,2982,SES_000399,REQ_00000591,2026-09-16 10:37:25
EVT_000592,IF_DLV_001,DLV,ORD,API,REST,Failed,DLV_AUTH_593,Authentication rejected between DLV and ORD,Authentication,656,SES_000400,REQ_00000592,2026-09-16 18:44:36
EVT_000593,IF_PAY_001,PAY,ORD,API,REST,Warning,PAY_EXT_594,"WARNING: External service ORD returned an error response (degraded, retrying)",ExternalService,2069,SES_000401,REQ_00000593,2026-09-16 06:49:21
EVT_000594,IF_ASM_002,ASM,MFG,API,REST,Failed,ASM_AUTH_595,Authentication rejected between ASM and MFG,Authentication,2310,SES_000402,REQ_00000594,2026-09-16 14:00:40
EVT_000595,IF_ORD_001,ORD,MFG,MsgBus,Async,Warning,ORD_EXT_596,"WARNING: External service MFG returned an error response (degraded, retrying)",ExternalService,1955,SES_000403,REQ_00000595,2026-09-12 13:14:09
EVT_000596,IF_PAY_001,PAY,ORD,API,REST,Failed,PAY_NET_597,Network error contacting ORD: connection reset,Network,1203,SES_000404,REQ_00000596,2026-09-10 10:18:50
EVT_000597,IF_ASM_002,ASM,MFG,API,REST,Failed,ASM_INFRA_598,Infrastructure fault on ASM: node unavailable,Infrastructure,2202,SES_000405,REQ_00000597,2026-09-12 07:32:27
EVT_000598,IF_PRC_002,PRC,ASM,MsgBus,Async,Failed,PRC_AUTH_599,Authentication rejected between PRC and ASM,Authentication,1765,SES_000406,REQ_00000598,2026-09-14 09:39:47
EVT_000599,IF_PAY_001,PAY,ORD,API,REST,Failed,PAY_AUTHZ_600,Authorization denied for PAY->ORD request,Authorization,1398,SES_000407,REQ_00000599,2026-09-10 08:26:27
EVT_000600,IF_MFG_001,MFG,ASM,MsgBus,Async,Failed,MFG_CFG_601,Configuration mismatch on MFG endpoint,Configuration,899,SES_000408,REQ_00000600,2026-09-14 17:51:28
EVT_000601,IF_ORD_003,ORD,PRC,ESB,SOAP,Warning,ORD_INFRA_602,"WARNING: Infrastructure fault on ORD: node unavailable (degraded, retrying)",Infrastructure,1492,SES_000409,REQ_00000601,2026-09-16 07:47:03
EVT_000602,IF_PRC_002,PRC,ASM,MsgBus,Async,Warning,PRC_AUTHZ_603,"WARNING: Authorization denied for PRC->ASM request (degraded, retrying)",Authorization,700,SES_000409,REQ_00000602,2026-09-16 07:50:55
EVT_000603,IF_PRC_001,PRC,MFG,ESB,SOAP,Warning,PRC_AUTH_604,"WARNING: Authentication rejected between PRC and MFG (degraded, retrying)",Authentication,1108,SES_000409,REQ_00000603,2026-09-16 07:48:49
EVT_000604,IF_PAY_001,PAY,ORD,API,REST,Warning,PAY_VAL_605,"WARNING: Validation failed for payload from PAY (degraded, retrying)",Validation,267,SES_000410,REQ_00000604,2026-09-11 15:42:01
EVT_000605,IF_ORD_001,ORD,MFG,MsgBus,Async,Failed,ORD_DB_606,Database ORD operation failed: connection pool exhausted,Database,581,SES_000410,REQ_00000605,2026-09-11 15:46:01
EVT_000606,IF_DLV_001,DLV,ORD,API,REST,Failed,DLV_EXT_607,External service ORD returned an error response,ExternalService,1558,SES_000411,REQ_00000606,2026-09-15 17:42:23
EVT_000607,IF_MFG_001,MFG,ASM,MsgBus,Async,Failed,MFG_CFG_608,Configuration mismatch on MFG endpoint,Configuration,1350,SES_000412,REQ_00000607,2026-09-10 18:31:55
EVT_000608,IF_ORD_003,ORD,PRC,ESB,SOAP,Failed,ORD_INFRA_609,Infrastructure fault on ORD: node unavailable,Infrastructure,627,SES_000413,REQ_00000608,2026-09-10 06:59:33
EVT_000609,IF_DLV_001,DLV,ORD,API,REST,Warning,DLV_EXT_610,"WARNING: External service ORD returned an error response (degraded, retrying)",ExternalService,3437,SES_000414,REQ_00000609,2026-09-12 10:32:17
EVT_000610,IF_ORD_001,ORD,MFG,MsgBus,Async,Warning,ORD_EXT_611,"WARNING: External service MFG returned an error response (degraded, retrying)",ExternalService,1510,SES_000414,REQ_00000610,2026-09-12 10:33:36
EVT_000611,IF_ORD_002,ORD,PAY,API,REST,Failed,ORD_INFRA_612,Infrastructure fault on ORD: node unavailable,Infrastructure,661,SES_000415,REQ_00000611,2026-09-15 14:40:43
EVT_000612,IF_ORD_002,ORD,PAY,API,REST,Failed,ORD_CFG_613,Configuration mismatch on ORD endpoint,Configuration,1010,SES_000416,REQ_00000612,2026-09-13 14:13:41
EVT_000613,IF_PAY_002,PAY,PRC,API,REST,Failed,PAY_CAP_614,Capacity limit reached on PAY: request throttled,Capacity,3951,SES_000417,REQ_00000613,2026-09-14 19:27:58
EVT_000614,IF_DLV_002,DLV,PAY,MsgBus,Async,Warning,DLV_AUTHZ_615,"WARNING: Authorization denied for DLV->PAY request (degraded, retrying)",Authorization,3012,SES_000418,REQ_00000614,2026-09-15 09:20:53
EVT_000615,IF_MFG_001,MFG,ASM,MsgBus,Async,Warning,MFG_INFRA_616,"WARNING: Infrastructure fault on MFG: node unavailable (degraded, retrying)",Infrastructure,2298,SES_000419,REQ_00000615,2026-09-13 16:52:57
EVT_000616,IF_MFG_001,MFG,ASM,MsgBus,Async,Failed,MFG_CFG_617,Configuration mismatch on MFG endpoint,Configuration,1631,SES_000420,REQ_00000616,2026-09-14 14:38:36
EVT_000617,IF_PRC_001,PRC,MFG,ESB,SOAP,Warning,PRC_INFRA_618,"WARNING: Infrastructure fault on PRC: node unavailable (degraded, retrying)",Infrastructure,1472,SES_000421,REQ_00000617,2026-09-13 09:54:38
EVT_000618,IF_MFG_003,MFG,DLV,ESB,CDC,Warning,MFG_DB_619,"WARNING: Database MFG operation failed: connection pool exhausted (degraded, retrying)",Database,7074,SES_000421,REQ_00000618,2026-09-13 09:54:56
EVT_000619,IF_ORD_002,ORD,PAY,API,REST,Failed,ORD_TMO_620,Timeout waiting for PAY to respond,Timeout,1798,SES_000422,REQ_00000619,2026-09-11 16:12:48
EVT_000620,IF_PAY_001,PAY,ORD,API,REST,Warning,PAY_DB_621,"WARNING: Database PAY operation failed: connection pool exhausted (degraded, retrying)",Database,1404,SES_000422,REQ_00000620,2026-09-11 16:16:28
EVT_000621,IF_PRC_002,PRC,ASM,MsgBus,Async,Failed,PRC_DB_622,Database PRC operation failed: connection pool exhausted,Database,2383,SES_000423,REQ_00000621,2026-09-15 11:39:47
EVT_000622,IF_PRC_002,PRC,ASM,MsgBus,Async,Warning,PRC_DB_623,"WARNING: Database PRC operation failed: connection pool exhausted (degraded, retrying)",Database,2489,SES_000424,REQ_00000622,2026-09-10 18:15:33
EVT_000623,IF_DLV_002,DLV,PAY,MsgBus,Async,Warning,DLV_AUTH_624,"WARNING: Authentication rejected between DLV and PAY (degraded, retrying)",Authentication,2007,SES_000425,REQ_00000623,2026-09-10 09:28:25
EVT_000624,IF_PRC_001,PRC,MFG,ESB,SOAP,Warning,PRC_NET_625,"WARNING: Network error contacting MFG: connection reset (degraded, retrying)",Network,3902,SES_000426,REQ_00000624,2026-09-10 15:57:09
EVT_000625,IF_PAY_001,PAY,ORD,API,REST,Failed,PAY_TMO_626,Timeout waiting for ORD to respond,Timeout,1377,SES_000427,REQ_00000625,2026-09-15 14:25:26
EVT_000626,IF_ORD_004,ORD,DLV,ESB,Batch,Failed,ORD_INFRA_627,Infrastructure fault on ORD: node unavailable,Infrastructure,7027,SES_000427,REQ_00000626,2026-09-15 14:28:13
EVT_000627,IF_ORD_001,ORD,MFG,MsgBus,Async,Failed,ORD_NET_628,Network error contacting MFG: connection reset,Network,1276,SES_000427,REQ_00000627,2026-09-15 14:29:18
EVT_000628,IF_PAY_001,PAY,ORD,API,REST,Failed,PAY_INFRA_629,Infrastructure fault on PAY: node unavailable,Infrastructure,1049,SES_000428,REQ_00000628,2026-09-16 21:39:10
EVT_000629,IF_ASM_002,ASM,MFG,API,REST,Failed,ASM_AUTH_630,Authentication rejected between ASM and MFG,Authentication,1773,SES_000429,REQ_00000629,2026-09-11 09:09:11
EVT_000630,IF_PAY_002,PAY,PRC,API,REST,Failed,PAY_AUTH_631,Authentication rejected between PAY and PRC,Authentication,1236,SES_000430,REQ_00000630,2026-09-15 09:57:08
EVT_000631,IF_ORD_002,ORD,PAY,API,REST,Failed,ORD_TMO_632,Timeout waiting for PAY to respond,Timeout,1169,SES_000431,REQ_00000631,2026-09-16 01:56:31
EVT_000632,IF_MFG_001,MFG,ASM,MsgBus,Async,Failed,MFG_CFG_633,Configuration mismatch on MFG endpoint,Configuration,3563,SES_000432,REQ_00000632,2026-09-10 10:35:17
EVT_000633,IF_ASM_002,ASM,MFG,API,REST,Failed,ASM_DB_634,Database ASM operation failed: connection pool exhausted,Database,2017,SES_000432,REQ_00000633,2026-09-10 10:38:08
EVT_000634,IF_ASM_001,ASM,DLV,ESB,Batch,Failed,ASM_CAP_635,Capacity limit reached on ASM: request throttled,Capacity,1591,SES_000432,REQ_00000634,2026-09-10 10:36:41
EVT_000635,IF_ASM_001,ASM,DLV,ESB,Batch,Failed,ASM_DB_636,Database ASM operation failed: connection pool exhausted,Database,1165,SES_000433,REQ_00000635,2026-09-14 16:11:29
EVT_000636,IF_DLV_001,DLV,ORD,API,REST,Failed,DLV_TMO_637,Timeout waiting for ORD to respond,Timeout,1283,SES_000434,REQ_00000636,2026-09-13 17:48:27
EVT_000637,IF_ORD_001,ORD,MFG,MsgBus,Async,Failed,ORD_NET_638,Network error contacting MFG: connection reset,Network,1348,SES_000434,REQ_00000637,2026-09-13 17:50:16
EVT_000638,IF_MFG_002,MFG,PRC,API,REST,Warning,MFG_AUTH_639,"WARNING: Authentication rejected between MFG and PRC (degraded, retrying)",Authentication,1924,SES_000435,REQ_00000638,2026-09-14 21:30:46
EVT_000639,IF_PRC_001,PRC,MFG,ESB,SOAP,Warning,PRC_TMO_640,"WARNING: Timeout waiting for MFG to respond (degraded, retrying)",Timeout,2303,SES_000435,REQ_00000639,2026-09-14 21:35:36
EVT_000640,IF_ORD_001,ORD,MFG,MsgBus,Async,Failed,ORD_NET_641,Network error contacting MFG: connection reset,Network,1600,SES_000436,REQ_00000640,2026-09-14 10:18:12
EVT_000641,IF_PRC_002,PRC,ASM,MsgBus,Async,Warning,PRC_DB_642,"WARNING: Database PRC operation failed: connection pool exhausted (degraded, retrying)",Database,2725,SES_000437,REQ_00000641,2026-09-13 12:21:22
EVT_000642,IF_ASM_002,ASM,MFG,API,REST,Warning,ASM_AUTHZ_643,"WARNING: Authorization denied for ASM->MFG request (degraded, retrying)",Authorization,4499,SES_000437,REQ_00000642,2026-09-13 12:23:57
EVT_000643,IF_ASM_001,ASM,DLV,ESB,Batch,Failed,ASM_CAP_644,Capacity limit reached on ASM: request throttled,Capacity,2040,SES_000437,REQ_00000643,2026-09-13 12:24:46
EVT_000644,IF_MFG_002,MFG,PRC,API,REST,Warning,MFG_DB_645,"WARNING: Database MFG operation failed: connection pool exhausted (degraded, retrying)",Database,5480,SES_000438,REQ_00000644,2026-09-11 11:21:59
EVT_000645,IF_ASM_002,ASM,MFG,API,REST,Failed,ASM_DB_646,Database ASM operation failed: connection pool exhausted,Database,5466,SES_000439,REQ_00000645,2026-09-16 13:21:29
EVT_000646,IF_PRC_002,PRC,ASM,MsgBus,Async,Failed,PRC_AUTHZ_647,Authorization denied for PRC->ASM request,Authorization,4069,SES_000440,REQ_00000646,2026-09-12 14:01:13
EVT_000647,IF_ASM_001,ASM,DLV,ESB,Batch,Failed,ASM_INFRA_648,Infrastructure fault on ASM: node unavailable,Infrastructure,1492,SES_000440,REQ_00000647,2026-09-12 14:06:07
EVT_000648,IF_ASM_001,ASM,DLV,ESB,Batch,Failed,ASM_NET_649,Network error contacting DLV: connection reset,Network,2316,SES_000441,REQ_00000648,2026-09-16 11:54:20
EVT_000649,IF_ORD_001,ORD,MFG,MsgBus,Async,Warning,ORD_CFG_650,"WARNING: Configuration mismatch on ORD endpoint (degraded, retrying)",Configuration,824,SES_000442,REQ_00000649,2026-09-12 10:19:11
EVT_000650,IF_MFG_001,MFG,ASM,MsgBus,Async,Warning,MFG_TMO_651,"WARNING: Timeout waiting for ASM to respond (degraded, retrying)",Timeout,2987,SES_000442,REQ_00000650,2026-09-12 10:20:50
EVT_000651,IF_ORD_001,ORD,MFG,MsgBus,Async,Warning,ORD_VAL_652,"WARNING: Validation failed for payload from ORD (degraded, retrying)",Validation,2003,SES_000443,REQ_00000651,2026-09-16 11:49:55
EVT_000652,IF_ORD_003,ORD,PRC,ESB,SOAP,Failed,ORD_CAP_653,Capacity limit reached on ORD: request throttled,Capacity,1907,SES_000444,REQ_00000652,2026-09-15 17:07:00
EVT_000653,IF_ORD_003,ORD,PRC,ESB,SOAP,Failed,ORD_AUTH_654,Authentication rejected between ORD and PRC,Authentication,1558,SES_000445,REQ_00000653,2026-09-10 13:42:47
EVT_000654,IF_PRC_001,PRC,MFG,ESB,SOAP,Warning,PRC_TMO_655,"WARNING: Timeout waiting for MFG to respond (degraded, retrying)",Timeout,2812,SES_000445,REQ_00000654,2026-09-10 13:47:21
EVT_000655,IF_PRC_002,PRC,ASM,MsgBus,Async,Warning,PRC_DB_656,"WARNING: Database PRC operation failed: connection pool exhausted (degraded, retrying)",Database,3631,SES_000445,REQ_00000655,2026-09-10 13:44:09
EVT_000656,IF_PAY_001,PAY,ORD,API,REST,Failed,PAY_AUTH_657,Authentication rejected between PAY and ORD,Authentication,779,SES_000446,REQ_00000656,2026-09-10 10:22:35
EVT_000657,IF_ORD_001,ORD,MFG,MsgBus,Async,Warning,ORD_DB_658,"WARNING: Database ORD operation failed: connection pool exhausted (degraded, retrying)",Database,1574,SES_000446,REQ_00000657,2026-09-10 10:23:43
EVT_000658,IF_MFG_001,MFG,ASM,MsgBus,Async,Warning,MFG_TMO_659,"WARNING: Timeout waiting for ASM to respond (degraded, retrying)",Timeout,2656,SES_000447,REQ_00000658,2026-09-11 15:57:37
EVT_000659,IF_ORD_001,ORD,MFG,MsgBus,Async,Warning,ORD_TMO_660,"WARNING: Timeout waiting for MFG to respond (degraded, retrying)",Timeout,2115,SES_000448,REQ_00000659,2026-09-15 16:51:34
EVT_000660,IF_ASM_001,ASM,DLV,ESB,Batch,Failed,ASM_CFG_661,Configuration mismatch on ASM endpoint,Configuration,4218,SES_000449,REQ_00000660,2026-09-10 13:43:41
EVT_000661,IF_DLV_001,DLV,ORD,API,REST,Failed,DLV_AUTHZ_662,Authorization denied for DLV->ORD request,Authorization,1783,SES_000449,REQ_00000661,2026-09-10 13:45:16
EVT_000662,IF_DLV_002,DLV,PAY,MsgBus,Async,Warning,DLV_NET_663,"WARNING: Network error contacting PAY: connection reset (degraded, retrying)",Network,4509,SES_000449,REQ_00000662,2026-09-10 13:47:35
EVT_000663,IF_PAY_001,PAY,ORD,API,REST,Failed,PAY_VAL_664,Validation failed for payload from PAY,Validation,402,SES_000450,REQ_00000663,2026-09-13 17:18:49
EVT_000664,IF_ORD_003,ORD,PRC,ESB,SOAP,Failed,ORD_CAP_665,Capacity limit reached on ORD: request throttled,Capacity,1220,SES_000451,REQ_00000664,2026-09-12 14:04:50
EVT_000665,IF_DLV_001,DLV,ORD,API,REST,Failed,DLV_EXT_666,External service ORD returned an error response,ExternalService,2516,SES_000452,REQ_00000665,2026-09-13 12:21:13
EVT_000666,IF_MFG_003,MFG,DLV,ESB,CDC,Failed,MFG_TMO_667,Timeout waiting for DLV to respond,Timeout,2451,SES_000453,REQ_00000666,2026-09-11 15:04:47
EVT_000667,IF_DLV_002,DLV,PAY,MsgBus,Async,Warning,DLV_EXT_668,"WARNING: External service PAY returned an error response (degraded, retrying)",ExternalService,7995,SES_000453,REQ_00000667,2026-09-11 15:06:19
EVT_000668,IF_DLV_001,DLV,ORD,API,REST,Warning,DLV_DB_669,"WARNING: Database DLV operation failed: connection pool exhausted (degraded, retrying)",Database,1158,SES_000453,REQ_00000668,2026-09-11 15:08:03
EVT_000669,IF_ORD_001,ORD,MFG,MsgBus,Async,Failed,ORD_INFRA_670,Infrastructure fault on ORD: node unavailable,Infrastructure,682,SES_000454,REQ_00000669,2026-09-14 18:40:51
EVT_000670,IF_PAY_001,PAY,ORD,API,REST,Failed,PAY_AUTH_671,Authentication rejected between PAY and ORD,Authentication,1054,SES_000455,REQ_00000670,2026-09-13 09:43:56
EVT_000671,IF_MFG_001,MFG,ASM,MsgBus,Async,Failed,MFG_INFRA_672,Infrastructure fault on MFG: node unavailable,Infrastructure,4232,SES_000456,REQ_00000671,2026-09-12 22:37:00
EVT_000672,IF_ORD_001,ORD,MFG,MsgBus,Async,Failed,ORD_DB_673,Database ORD operation failed: connection pool exhausted,Database,837,SES_000457,REQ_00000672,2026-09-10 15:52:22
EVT_000673,IF_PAY_001,PAY,ORD,API,REST,Failed,PAY_INFRA_674,Infrastructure fault on PAY: node unavailable,Infrastructure,699,SES_000458,REQ_00000673,2026-09-12 16:25:24
EVT_000674,IF_ORD_004,ORD,DLV,ESB,Batch,Warning,ORD_INFRA_675,"WARNING: Infrastructure fault on ORD: node unavailable (degraded, retrying)",Infrastructure,1546,SES_000459,REQ_00000674,2026-09-12 17:09:18
EVT_000675,IF_DLV_001,DLV,ORD,API,REST,Warning,DLV_EXT_676,"WARNING: External service ORD returned an error response (degraded, retrying)",ExternalService,3351,SES_000459,REQ_00000675,2026-09-12 17:10:29
EVT_000676,IF_DLV_002,DLV,PAY,MsgBus,Async,Failed,DLV_TMO_677,Timeout waiting for PAY to respond,Timeout,4703,SES_000459,REQ_00000676,2026-09-12 17:12:57
EVT_000677,IF_PAY_001,PAY,ORD,API,REST,Failed,PAY_TMO_678,Timeout waiting for ORD to respond,Timeout,1767,SES_000460,REQ_00000677,2026-09-13 12:14:11
EVT_000678,IF_ORD_001,ORD,MFG,MsgBus,Async,Failed,ORD_TMO_679,Timeout waiting for MFG to respond,Timeout,1653,SES_000461,REQ_00000678,2026-09-13 19:36:23
EVT_000679,IF_ORD_004,ORD,DLV,ESB,Batch,Warning,ORD_TMO_680,"WARNING: Timeout waiting for DLV to respond (degraded, retrying)",Timeout,7911,SES_000462,REQ_00000679,2026-09-11 16:33:54
EVT_000680,IF_PAY_002,PAY,PRC,API,REST,Failed,PAY_VAL_681,Validation failed for payload from PAY,Validation,3594,SES_000463,REQ_00000680,2026-09-11 13:47:42
EVT_000681,IF_PRC_001,PRC,MFG,ESB,SOAP,Warning,PRC_TMO_682,"WARNING: Timeout waiting for MFG to respond (degraded, retrying)",Timeout,2535,SES_000463,REQ_00000681,2026-09-11 13:51:44
EVT_000682,IF_ORD_003,ORD,PRC,ESB,SOAP,Failed,ORD_CAP_683,Capacity limit reached on ORD: request throttled,Capacity,1724,SES_000464,REQ_00000682,2026-09-12 20:51:18
EVT_000683,IF_PRC_002,PRC,ASM,MsgBus,Async,Warning,PRC_AUTH_684,"WARNING: Authentication rejected between PRC and ASM (degraded, retrying)",Authentication,1420,SES_000465,REQ_00000683,2026-09-10 15:37:10
EVT_000684,IF_ASM_002,ASM,MFG,API,REST,Warning,ASM_AUTH_685,"WARNING: Authentication rejected between ASM and MFG (degraded, retrying)",Authentication,1254,SES_000465,REQ_00000684,2026-09-10 15:41:30
EVT_000685,IF_ORD_001,ORD,MFG,MsgBus,Async,Failed,ORD_CAP_686,Capacity limit reached on ORD: request throttled,Capacity,911,SES_000466,REQ_00000685,2026-09-12 17:00:47
EVT_000686,IF_PRC_001,PRC,MFG,ESB,SOAP,Warning,PRC_DB_687,"WARNING: Database PRC operation failed: connection pool exhausted (degraded, retrying)",Database,2191,SES_000467,REQ_00000686,2026-09-11 10:44:15
EVT_000687,IF_ASM_002,ASM,MFG,API,REST,Failed,ASM_TMO_688,Timeout waiting for MFG to respond,Timeout,4948,SES_000468,REQ_00000687,2026-09-11 17:48:26
EVT_000688,IF_ASM_001,ASM,DLV,ESB,Batch,Failed,ASM_INFRA_689,Infrastructure fault on ASM: node unavailable,Infrastructure,1296,SES_000469,REQ_00000688,2026-09-16 11:41:16
EVT_000689,IF_MFG_002,MFG,PRC,API,REST,Failed,MFG_AUTH_690,Authentication rejected between MFG and PRC,Authentication,1635,SES_000470,REQ_00000689,2026-09-16 19:14:24
EVT_000690,IF_PRC_001,PRC,MFG,ESB,SOAP,Failed,PRC_DB_691,Database PRC operation failed: connection pool exhausted,Database,1177,SES_000470,REQ_00000690,2026-09-16 19:17:07
EVT_000691,IF_PRC_002,PRC,ASM,MsgBus,Async,Failed,PRC_EXT_692,External service ASM returned an error response,ExternalService,2639,SES_000470,REQ_00000691,2026-09-16 19:17:27
EVT_000692,IF_ORD_001,ORD,MFG,MsgBus,Async,Warning,ORD_EXT_693,"WARNING: External service MFG returned an error response (degraded, retrying)",ExternalService,1180,SES_000471,REQ_00000692,2026-09-12 11:17:51
EVT_000693,IF_MFG_003,MFG,DLV,ESB,CDC,Warning,MFG_DB_694,"WARNING: Database MFG operation failed: connection pool exhausted (degraded, retrying)",Database,5634,SES_000471,REQ_00000693,2026-09-12 11:19:25
EVT_000694,IF_MFG_001,MFG,ASM,MsgBus,Async,Warning,MFG_VAL_695,"WARNING: Validation failed for payload from MFG (degraded, retrying)",Validation,574,SES_000471,REQ_00000694,2026-09-12 11:17:59
EVT_000695,IF_ORD_001,ORD,MFG,MsgBus,Async,Warning,ORD_DB_696,"WARNING: Database ORD operation failed: connection pool exhausted (degraded, retrying)",Database,1906,SES_000472,REQ_00000695,2026-09-11 16:16:12
EVT_000696,IF_ORD_001,ORD,MFG,MsgBus,Async,Warning,ORD_EXT_697,"WARNING: External service MFG returned an error response (degraded, retrying)",ExternalService,1477,SES_000473,REQ_00000696,2026-09-14 15:45:07
EVT_000697,IF_ORD_003,ORD,PRC,ESB,SOAP,Failed,ORD_NET_698,Network error contacting PRC: connection reset,Network,2720,SES_000474,REQ_00000697,2026-09-11 18:44:11
EVT_000698,IF_PRC_001,PRC,MFG,ESB,SOAP,Warning,PRC_NET_699,"WARNING: Network error contacting MFG: connection reset (degraded, retrying)",Network,2849,SES_000474,REQ_00000698,2026-09-11 18:46:24
EVT_000699,IF_PRC_002,PRC,ASM,MsgBus,Async,Warning,PRC_AUTH_700,"WARNING: Authentication rejected between PRC and ASM (degraded, retrying)",Authentication,4444,SES_000474,REQ_00000699,2026-09-11 18:44:43
EVT_000700,IF_PRC_001,PRC,MFG,ESB,SOAP,Failed,PRC_EXT_701,External service MFG returned an error response,ExternalService,1522,SES_000475,REQ_00000700,2026-09-11 14:11:41
EVT_000701,IF_ORD_001,ORD,MFG,MsgBus,Async,Warning,ORD_TMO_702,"WARNING: Timeout waiting for MFG to respond (degraded, retrying)",Timeout,508,SES_000476,REQ_00000701,2026-09-15 10:02:04
EVT_000702,IF_ORD_003,ORD,PRC,ESB,SOAP,Warning,ORD_EXT_703,"WARNING: External service PRC returned an error response (degraded, retrying)",ExternalService,2537,SES_000477,REQ_00000702,2026-09-10 20:42:24
EVT_000703,IF_ASM_001,ASM,DLV,ESB,Batch,Warning,ASM_NET_704,"WARNING: Network error contacting DLV: connection reset (degraded, retrying)",Network,4376,SES_000478,REQ_00000703,2026-09-13 13:25:54
EVT_000704,IF_ORD_004,ORD,DLV,ESB,Batch,Failed,ORD_AUTH_705,Authentication rejected between ORD and DLV,Authentication,4003,SES_000479,REQ_00000704,2026-09-13 09:34:59
EVT_000705,IF_ORD_001,ORD,MFG,MsgBus,Async,Failed,ORD_AUTH_706,Authentication rejected between ORD and MFG,Authentication,838,SES_000480,REQ_00000705,2026-09-10 11:54:21
EVT_000706,IF_MFG_001,MFG,ASM,MsgBus,Async,Failed,MFG_NET_707,Network error contacting ASM: connection reset,Network,2697,SES_000480,REQ_00000706,2026-09-10 11:56:56
EVT_000707,IF_ORD_002,ORD,PAY,API,REST,Failed,ORD_DB_708,Database ORD operation failed: connection pool exhausted,Database,1574,SES_000481,REQ_00000707,2026-09-10 18:28:47
EVT_000708,IF_PRC_001,PRC,MFG,ESB,SOAP,Warning,PRC_TMO_709,"WARNING: Timeout waiting for MFG to respond (degraded, retrying)",Timeout,2716,SES_000482,REQ_00000708,2026-09-10 17:41:19
EVT_000709,IF_MFG_003,MFG,DLV,ESB,CDC,Warning,MFG_VAL_710,"WARNING: Validation failed for payload from MFG (degraded, retrying)",Validation,2000,SES_000482,REQ_00000709,2026-09-10 17:42:21
EVT_000710,IF_MFG_001,MFG,ASM,MsgBus,Async,Warning,MFG_CAP_711,"WARNING: Capacity limit reached on MFG: request throttled (degraded, retrying)",Capacity,3785,SES_000482,REQ_00000710,2026-09-10 17:45:55
EVT_000711,IF_MFG_003,MFG,DLV,ESB,CDC,Failed,MFG_INFRA_712,Infrastructure fault on MFG: node unavailable,Infrastructure,1243,SES_000483,REQ_00000711,2026-09-13 15:30:58
EVT_000712,IF_ORD_002,ORD,PAY,API,REST,Failed,ORD_NET_713,Network error contacting PAY: connection reset,Network,653,SES_000484,REQ_00000712,2026-09-16 17:29:39
EVT_000713,IF_DLV_001,DLV,ORD,API,REST,Warning,DLV_EXT_714,"WARNING: External service ORD returned an error response (degraded, retrying)",ExternalService,1824,SES_000485,REQ_00000713,2026-09-10 17:27:21
EVT_000714,IF_ASM_001,ASM,DLV,ESB,Batch,Failed,ASM_AUTHZ_715,Authorization denied for ASM->DLV request,Authorization,694,SES_000486,REQ_00000714,2026-09-11 11:50:13
EVT_000715,IF_PRC_001,PRC,MFG,ESB,SOAP,Warning,PRC_DB_716,"WARNING: Database PRC operation failed: connection pool exhausted (degraded, retrying)",Database,1280,SES_000487,REQ_00000715,2026-09-11 15:35:10
EVT_000716,IF_PRC_001,PRC,MFG,ESB,SOAP,Failed,PRC_INFRA_717,Infrastructure fault on PRC: node unavailable,Infrastructure,1989,SES_000488,REQ_00000716,2026-09-13 16:01:56
EVT_000717,IF_ASM_002,ASM,MFG,API,REST,Warning,ASM_CFG_718,"WARNING: Configuration mismatch on ASM endpoint (degraded, retrying)",Configuration,1036,SES_000489,REQ_00000717,2026-09-12 12:51:50
EVT_000718,IF_ORD_001,ORD,MFG,MsgBus,Async,Failed,ORD_TMO_719,Timeout waiting for MFG to respond,Timeout,2150,SES_000490,REQ_00000718,2026-09-11 20:39:44
EVT_000719,IF_MFG_001,MFG,ASM,MsgBus,Async,Warning,MFG_NET_720,"WARNING: Network error contacting ASM: connection reset (degraded, retrying)",Network,3711,SES_000490,REQ_00000719,2026-09-11 20:44:31
EVT_000720,IF_PRC_001,PRC,MFG,ESB,SOAP,Failed,PRC_CFG_721,Configuration mismatch on PRC endpoint,Configuration,1014,SES_000491,REQ_00000720,2026-09-14 11:48:34
EVT_000721,IF_PRC_001,PRC,MFG,ESB,SOAP,Failed,PRC_DB_722,Database PRC operation failed: connection pool exhausted,Database,1053,SES_000492,REQ_00000721,2026-09-15 17:58:30
EVT_000722,IF_MFG_001,MFG,ASM,MsgBus,Async,Warning,MFG_DB_723,"WARNING: Database MFG operation failed: connection pool exhausted (degraded, retrying)",Database,3535,SES_000492,REQ_00000722,2026-09-15 18:02:24
EVT_000723,IF_MFG_003,MFG,DLV,ESB,CDC,Warning,MFG_NET_724,"WARNING: Network error contacting DLV: connection reset (degraded, retrying)",Network,2203,SES_000492,REQ_00000723,2026-09-15 17:58:46
EVT_000724,IF_ORD_002,ORD,PAY,API,REST,Warning,ORD_AUTHZ_725,"WARNING: Authorization denied for ORD->PAY request (degraded, retrying)",Authorization,1288,SES_000493,REQ_00000724,2026-09-13 14:20:26
EVT_000725,IF_PAY_001,PAY,ORD,API,REST,Failed,PAY_NET_726,Network error contacting ORD: connection reset,Network,1195,SES_000493,REQ_00000725,2026-09-13 14:23:40
EVT_000726,IF_PRC_001,PRC,MFG,ESB,SOAP,Failed,PRC_INFRA_727,Infrastructure fault on PRC: node unavailable,Infrastructure,1286,SES_000494,REQ_00000726,2026-09-13 09:59:39
EVT_000727,IF_ASM_001,ASM,DLV,ESB,Batch,Failed,ASM_INFRA_728,Infrastructure fault on ASM: node unavailable,Infrastructure,766,SES_000495,REQ_00000727,2026-09-12 09:08:02
EVT_000728,IF_MFG_001,MFG,ASM,MsgBus,Async,Warning,MFG_CAP_729,"WARNING: Capacity limit reached on MFG: request throttled (degraded, retrying)",Capacity,1536,SES_000496,REQ_00000728,2026-09-16 11:56:18
EVT_000729,IF_PRC_001,PRC,MFG,ESB,SOAP,Warning,PRC_CAP_730,"WARNING: Capacity limit reached on PRC: request throttled (degraded, retrying)",Capacity,1018,SES_000497,REQ_00000729,2026-09-11 07:54:33
EVT_000730,IF_MFG_001,MFG,ASM,MsgBus,Async,Warning,MFG_CAP_731,"WARNING: Capacity limit reached on MFG: request throttled (degraded, retrying)",Capacity,716,SES_000497,REQ_00000730,2026-09-11 07:56:41
EVT_000731,IF_PAY_001,PAY,ORD,API,REST,Failed,PAY_TMO_732,Timeout waiting for ORD to respond,Timeout,1594,SES_000498,REQ_00000731,2026-09-11 19:57:00
EVT_000732,IF_DLV_001,DLV,ORD,API,REST,Failed,DLV_CFG_733,Configuration mismatch on DLV endpoint,Configuration,724,SES_000499,REQ_00000732,2026-09-13 13:51:44
EVT_000733,IF_ORD_003,ORD,PRC,ESB,SOAP,Warning,ORD_NET_734,"WARNING: Network error contacting PRC: connection reset (degraded, retrying)",Network,945,SES_000500,REQ_00000733,2026-09-13 20:08:22
EVT_000734,IF_PRC_001,PRC,MFG,ESB,SOAP,Warning,PRC_INFRA_735,"WARNING: Infrastructure fault on PRC: node unavailable (degraded, retrying)",Infrastructure,1499,SES_000500,REQ_00000734,2026-09-13 20:12:16
EVT_000735,IF_ASM_001,ASM,DLV,ESB,Batch,Failed,ASM_NET_736,Network error contacting DLV: connection reset,Network,1996,SES_000501,REQ_00000735,2026-09-16 17:40:29
EVT_000736,IF_MFG_003,MFG,DLV,ESB,CDC,Failed,MFG_CFG_737,Configuration mismatch on MFG endpoint,Configuration,8356,SES_000502,REQ_00000736,2026-09-12 12:17:44
EVT_000737,IF_PAY_001,PAY,ORD,API,REST,Failed,PAY_EXT_738,External service ORD returned an error response,ExternalService,1035,SES_000503,REQ_00000737,2026-09-10 13:58:43
EVT_000738,IF_PRC_002,PRC,ASM,MsgBus,Async,Warning,PRC_INFRA_739,"WARNING: Infrastructure fault on PRC: node unavailable (degraded, retrying)",Infrastructure,1627,SES_000504,REQ_00000738,2026-09-11 15:45:04
EVT_000739,IF_ASM_001,ASM,DLV,ESB,Batch,Warning,ASM_AUTH_740,"WARNING: Authentication rejected between ASM and DLV (degraded, retrying)",Authentication,1054,SES_000504,REQ_00000739,2026-09-11 15:47:01
EVT_000740,IF_PRC_001,PRC,MFG,ESB,SOAP,Failed,PRC_NET_741,Network error contacting MFG: connection reset,Network,2239,SES_000505,REQ_00000740,2026-09-10 07:22:28
EVT_000741,IF_MFG_002,MFG,PRC,API,REST,Warning,MFG_NET_742,"WARNING: Network error contacting PRC: connection reset (degraded, retrying)",Network,2873,SES_000506,REQ_00000741,2026-09-12 12:23:51
EVT_000742,IF_PRC_001,PRC,MFG,ESB,SOAP,Failed,PRC_NET_743,Network error contacting MFG: connection reset,Network,1211,SES_000506,REQ_00000742,2026-09-12 12:26:20
EVT_000743,IF_ORD_002,ORD,PAY,API,REST,Warning,ORD_DB_744,"WARNING: Database ORD operation failed: connection pool exhausted (degraded, retrying)",Database,925,SES_000507,REQ_00000743,2026-09-15 09:09:55
EVT_000744,IF_ASM_001,ASM,DLV,ESB,Batch,Failed,ASM_CFG_745,Configuration mismatch on ASM endpoint,Configuration,694,SES_000508,REQ_00000744,2026-09-11 13:26:28
EVT_000745,IF_DLV_001,DLV,ORD,API,REST,Warning,DLV_AUTHZ_746,"WARNING: Authorization denied for DLV->ORD request (degraded, retrying)",Authorization,1033,SES_000508,REQ_00000745,2026-09-11 13:31:26
EVT_000746,IF_DLV_002,DLV,PAY,MsgBus,Async,Failed,DLV_TMO_747,Timeout waiting for PAY to respond,Timeout,4410,SES_000508,REQ_00000746,2026-09-11 13:31:01
EVT_000747,IF_ORD_002,ORD,PAY,API,REST,Failed,ORD_AUTH_748,Authentication rejected between ORD and PAY,Authentication,1468,SES_000509,REQ_00000747,2026-09-16 11:50:16
EVT_000748,IF_PRC_002,PRC,ASM,MsgBus,Async,Failed,PRC_INFRA_749,Infrastructure fault on PRC: node unavailable,Infrastructure,1858,SES_000510,REQ_00000748,2026-09-11 14:10:45
EVT_000749,IF_ORD_004,ORD,DLV,ESB,Batch,Failed,ORD_TMO_750,Timeout waiting for DLV to respond,Timeout,5473,SES_000511,REQ_00000749,2026-09-11 09:07:02
EVT_000750,IF_PAY_001,PAY,ORD,API,REST,Failed,PAY_INFRA_751,Infrastructure fault on PAY: node unavailable,Infrastructure,995,SES_000512,REQ_00000750,2026-09-10 15:22:09
EVT_000751,IF_PAY_001,PAY,ORD,API,REST,Failed,PAY_VAL_752,Validation failed for payload from PAY,Validation,1100,SES_000513,REQ_00000751,2026-09-16 09:29:59
EVT_000752,IF_MFG_002,MFG,PRC,API,REST,Warning,MFG_TMO_753,"WARNING: Timeout waiting for PRC to respond (degraded, retrying)",Timeout,6186,SES_000514,REQ_00000752,2026-09-13 18:48:36
EVT_000753,IF_PRC_002,PRC,ASM,MsgBus,Async,Warning,PRC_CFG_754,"WARNING: Configuration mismatch on PRC endpoint (degraded, retrying)",Configuration,1948,SES_000514,REQ_00000753,2026-09-13 18:48:50
EVT_000754,IF_PRC_001,PRC,MFG,ESB,SOAP,Failed,PRC_CFG_755,Configuration mismatch on PRC endpoint,Configuration,1771,SES_000514,REQ_00000754,2026-09-13 18:50:17
EVT_000755,IF_PRC_001,PRC,MFG,ESB,SOAP,Warning,PRC_NET_756,"WARNING: Network error contacting MFG: connection reset (degraded, retrying)",Network,3681,SES_000515,REQ_00000755,2026-09-11 04:34:54
EVT_000756,IF_MFG_002,MFG,PRC,API,REST,Failed,MFG_EXT_757,External service PRC returned an error response,ExternalService,3906,SES_000516,REQ_00000756,2026-09-14 14:03:58
EVT_000757,IF_PRC_001,PRC,MFG,ESB,SOAP,Failed,PRC_NET_758,Network error contacting MFG: connection reset,Network,1514,SES_000516,REQ_00000757,2026-09-14 14:07:48
EVT_000758,IF_PRC_002,PRC,ASM,MsgBus,Async,Failed,PRC_AUTH_759,Authentication rejected between PRC and ASM,Authentication,845,SES_000516,REQ_00000758,2026-09-14 14:07:32
EVT_000759,IF_DLV_001,DLV,ORD,API,REST,Failed,DLV_INFRA_760,Infrastructure fault on DLV: node unavailable,Infrastructure,911,SES_000517,REQ_00000759,2026-09-13 16:26:08
EVT_000760,IF_PAY_001,PAY,ORD,API,REST,Failed,PAY_AUTH_761,Authentication rejected between PAY and ORD,Authentication,651,SES_000518,REQ_00000760,2026-09-12 07:37:48
EVT_000761,IF_DLV_001,DLV,ORD,API,REST,Failed,DLV_TMO_762,Timeout waiting for ORD to respond,Timeout,1020,SES_000519,REQ_00000761,2026-09-16 19:12:11
EVT_000762,IF_ORD_002,ORD,PAY,API,REST,Warning,ORD_INFRA_763,"WARNING: Infrastructure fault on ORD: node unavailable (degraded, retrying)",Infrastructure,408,SES_000520,REQ_00000762,2026-09-12 13:47:29
EVT_000763,IF_ORD_003,ORD,PRC,ESB,SOAP,Failed,ORD_CFG_764,Configuration mismatch on ORD endpoint,Configuration,642,SES_000521,REQ_00000763,2026-09-13 09:42:57
EVT_000764,IF_PRC_001,PRC,MFG,ESB,SOAP,Failed,PRC_AUTH_765,Authentication rejected between PRC and MFG,Authentication,1541,SES_000522,REQ_00000764,2026-09-10 14:23:37
EVT_000765,IF_ORD_001,ORD,MFG,MsgBus,Async,Failed,ORD_CAP_766,Capacity limit reached on ORD: request throttled,Capacity,366,SES_000523,REQ_00000765,2026-09-10 12:46:36
EVT_000766,IF_PAY_001,PAY,ORD,API,REST,Warning,PAY_AUTHZ_767,"WARNING: Authorization denied for PAY->ORD request (degraded, retrying)",Authorization,271,SES_000524,REQ_00000766,2026-09-11 11:03:17
EVT_000767,IF_ORD_002,ORD,PAY,API,REST,Failed,ORD_INFRA_768,Infrastructure fault on ORD: node unavailable,Infrastructure,754,SES_000525,REQ_00000767,2026-09-10 13:49:40
EVT_000768,IF_ASM_001,ASM,DLV,ESB,Batch,Failed,ASM_VAL_769,Validation failed for payload from ASM,Validation,1470,SES_000526,REQ_00000768,2026-09-15 17:17:43
EVT_000769,IF_DLV_001,DLV,ORD,API,REST,Warning,DLV_INFRA_770,"WARNING: Infrastructure fault on DLV: node unavailable (degraded, retrying)",Infrastructure,572,SES_000526,REQ_00000769,2026-09-15 17:21:53
EVT_000770,IF_DLV_002,DLV,PAY,MsgBus,Async,Failed,DLV_VAL_771,Validation failed for payload from DLV,Validation,3040,SES_000526,REQ_00000770,2026-09-15 17:19:38
EVT_000771,IF_ASM_001,ASM,DLV,ESB,Batch,Warning,ASM_EXT_772,"WARNING: External service DLV returned an error response (degraded, retrying)",ExternalService,4010,SES_000527,REQ_00000771,2026-09-14 17:45:35
EVT_000772,IF_ORD_002,ORD,PAY,API,REST,Failed,ORD_CAP_773,Capacity limit reached on ORD: request throttled,Capacity,738,SES_000528,REQ_00000772,2026-09-13 11:44:23
EVT_000773,IF_PAY_001,PAY,ORD,API,REST,Warning,PAY_INFRA_774,"WARNING: Infrastructure fault on PAY: node unavailable (degraded, retrying)",Infrastructure,680,SES_000528,REQ_00000773,2026-09-13 11:45:25
EVT_000774,IF_MFG_002,MFG,PRC,API,REST,Warning,MFG_NET_775,"WARNING: Network error contacting PRC: connection reset (degraded, retrying)",Network,1907,SES_000529,REQ_00000774,2026-09-11 09:05:27
EVT_000775,IF_PRC_002,PRC,ASM,MsgBus,Async,Failed,PRC_NET_776,Network error contacting ASM: connection reset,Network,2614,SES_000530,REQ_00000775,2026-09-11 08:50:42
EVT_000776,IF_ASM_002,ASM,MFG,API,REST,Failed,ASM_CFG_777,Configuration mismatch on ASM endpoint,Configuration,1461,SES_000530,REQ_00000776,2026-09-11 08:52:29
EVT_000777,IF_PAY_002,PAY,PRC,API,REST,Failed,PAY_INFRA_778,Infrastructure fault on PAY: node unavailable,Infrastructure,3765,SES_000531,REQ_00000777,2026-09-10 09:47:17
EVT_000778,IF_PRC_002,PRC,ASM,MsgBus,Async,Failed,PRC_CFG_779,Configuration mismatch on PRC endpoint,Configuration,1673,SES_000532,REQ_00000778,2026-09-14 14:06:52
EVT_000779,IF_ASM_002,ASM,MFG,API,REST,Failed,ASM_TMO_780,Timeout waiting for MFG to respond,Timeout,3240,SES_000532,REQ_00000779,2026-09-14 14:08:43
EVT_000780,IF_DLV_001,DLV,ORD,API,REST,Warning,DLV_EXT_781,"WARNING: External service ORD returned an error response (degraded, retrying)",ExternalService,1510,SES_000533,REQ_00000780,2026-09-13 15:06:11
EVT_000781,IF_ORD_004,ORD,DLV,ESB,Batch,Warning,ORD_TMO_782,"WARNING: Timeout waiting for DLV to respond (degraded, retrying)",Timeout,10241,SES_000533,REQ_00000781,2026-09-13 15:07:09
EVT_000782,IF_ORD_001,ORD,MFG,MsgBus,Async,Failed,ORD_NET_783,Network error contacting MFG: connection reset,Network,1368,SES_000533,REQ_00000782,2026-09-13 15:10:58
EVT_000783,IF_PRC_001,PRC,MFG,ESB,SOAP,Failed,PRC_AUTH_784,Authentication rejected between PRC and MFG,Authentication,2077,SES_000534,REQ_00000783,2026-09-14 16:43:53
EVT_000784,IF_ORD_002,ORD,PAY,API,REST,Warning,ORD_TMO_785,"WARNING: Timeout waiting for PAY to respond (degraded, retrying)",Timeout,1501,SES_000535,REQ_00000784,2026-09-16 17:43:23
EVT_000785,IF_PAY_001,PAY,ORD,API,REST,Failed,PAY_NET_786,Network error contacting ORD: connection reset,Network,1606,SES_000536,REQ_00000785,2026-09-15 07:09:25
EVT_000786,IF_ORD_004,ORD,DLV,ESB,Batch,Failed,ORD_EXT_787,External service DLV returned an error response,ExternalService,4166,SES_000536,REQ_00000786,2026-09-15 07:11:09
EVT_000787,IF_ORD_001,ORD,MFG,MsgBus,Async,Warning,ORD_CAP_788,"WARNING: Capacity limit reached on ORD: request throttled (degraded, retrying)",Capacity,619,SES_000536,REQ_00000787,2026-09-15 07:13:42
EVT_000788,IF_PRC_001,PRC,MFG,ESB,SOAP,Warning,PRC_EXT_789,"WARNING: External service MFG returned an error response (degraded, retrying)",ExternalService,3714,SES_000537,REQ_00000788,2026-09-16 15:25:22
EVT_000789,IF_MFG_001,MFG,ASM,MsgBus,Async,Warning,MFG_TMO_790,"WARNING: Timeout waiting for ASM to respond (degraded, retrying)",Timeout,1557,SES_000537,REQ_00000789,2026-09-16 15:26:26
EVT_000790,IF_ORD_001,ORD,MFG,MsgBus,Async,Warning,ORD_INFRA_791,"WARNING: Infrastructure fault on ORD: node unavailable (degraded, retrying)",Infrastructure,484,SES_000538,REQ_00000790,2026-09-10 08:03:53
EVT_000791,IF_MFG_003,MFG,DLV,ESB,CDC,Failed,MFG_TMO_792,Timeout waiting for DLV to respond,Timeout,2951,SES_000538,REQ_00000791,2026-09-10 08:08:21
EVT_000792,IF_DLV_001,DLV,ORD,API,REST,Failed,DLV_DB_793,Database DLV operation failed: connection pool exhausted,Database,2962,SES_000539,REQ_00000792,2026-09-13 13:34:21
EVT_000793,IF_PRC_001,PRC,MFG,ESB,SOAP,Failed,PRC_INFRA_794,Infrastructure fault on PRC: node unavailable,Infrastructure,1434,SES_000540,REQ_00000793,2026-09-13 12:54:24
EVT_000794,IF_MFG_003,MFG,DLV,ESB,CDC,Warning,MFG_EXT_795,"WARNING: External service DLV returned an error response (degraded, retrying)",ExternalService,7245,SES_000540,REQ_00000794,2026-09-13 12:58:06
EVT_000795,IF_MFG_001,MFG,ASM,MsgBus,Async,Failed,MFG_CAP_796,Capacity limit reached on MFG: request throttled,Capacity,1304,SES_000540,REQ_00000795,2026-09-13 12:59:09
EVT_000796,IF_PRC_001,PRC,MFG,ESB,SOAP,Warning,PRC_CAP_797,"WARNING: Capacity limit reached on PRC: request throttled (degraded, retrying)",Capacity,1261,SES_000541,REQ_00000796,2026-09-11 13:25:16
EVT_000797,IF_MFG_003,MFG,DLV,ESB,CDC,Warning,MFG_AUTHZ_798,"WARNING: Authorization denied for MFG->DLV request (degraded, retrying)",Authorization,1737,SES_000541,REQ_00000797,2026-09-11 13:25:41
EVT_000798,IF_PAY_001,PAY,ORD,API,REST,Failed,PAY_AUTHZ_799,Authorization denied for PAY->ORD request,Authorization,1311,SES_000542,REQ_00000798,2026-09-10 16:40:21
EVT_000799,IF_ORD_004,ORD,DLV,ESB,Batch,Warning,ORD_INFRA_800,"WARNING: Infrastructure fault on ORD: node unavailable (degraded, retrying)",Infrastructure,1578,SES_000542,REQ_00000799,2026-09-10 16:42:59
EVT_000800,IF_PRC_002,PRC,ASM,MsgBus,Async,Failed,PRC_DB_801,Database PRC operation failed: connection pool exhausted,Database,2883,SES_000543,REQ_00000800,2026-09-13 15:27:36
EVT_000801,IF_ORD_001,ORD,MFG,MsgBus,Async,Failed,ORD_CFG_802,Configuration mismatch on ORD endpoint,Configuration,588,SES_000544,REQ_00000801,2026-09-13 14:20:36
EVT_000802,IF_PAY_002,PAY,PRC,API,REST,Failed,PAY_NET_803,Network error contacting PRC: connection reset,Network,6590,SES_000545,REQ_00000802,2026-09-12 09:19:23
EVT_000803,IF_PRC_002,PRC,ASM,MsgBus,Async,Warning,PRC_CFG_804,"WARNING: Configuration mismatch on PRC endpoint (degraded, retrying)",Configuration,1199,SES_000545,REQ_00000803,2026-09-12 09:24:18
EVT_000804,IF_PRC_001,PRC,MFG,ESB,SOAP,Warning,PRC_AUTHZ_805,"WARNING: Authorization denied for PRC->MFG request (degraded, retrying)",Authorization,778,SES_000545,REQ_00000804,2026-09-12 09:24:21
EVT_000805,IF_ASM_002,ASM,MFG,API,REST,Warning,ASM_AUTH_806,"WARNING: Authentication rejected between ASM and MFG (degraded, retrying)",Authentication,1759,SES_000546,REQ_00000805,2026-09-14 13:13:22
EVT_000806,IF_MFG_001,MFG,ASM,MsgBus,Async,Failed,MFG_VAL_807,Validation failed for payload from MFG,Validation,3698,SES_000547,REQ_00000806,2026-09-12 09:25:16
EVT_000807,IF_ASM_001,ASM,DLV,ESB,Batch,Failed,ASM_VAL_808,Validation failed for payload from ASM,Validation,1813,SES_000548,REQ_00000807,2026-09-14 13:42:52
EVT_000808,IF_ORD_002,ORD,PAY,API,REST,Failed,ORD_CFG_809,Configuration mismatch on ORD endpoint,Configuration,440,SES_000549,REQ_00000808,2026-09-14 16:03:33
EVT_000809,IF_PAY_001,PAY,ORD,API,REST,Failed,PAY_NET_810,Network error contacting ORD: connection reset,Network,1443,SES_000549,REQ_00000809,2026-09-14 16:06:18
EVT_000810,IF_PAY_002,PAY,PRC,API,REST,Failed,PAY_INFRA_811,Infrastructure fault on PAY: node unavailable,Infrastructure,1969,SES_000549,REQ_00000810,2026-09-14 16:05:51
EVT_000811,IF_ORD_001,ORD,MFG,MsgBus,Async,Warning,ORD_AUTH_812,"WARNING: Authentication rejected between ORD and MFG (degraded, retrying)",Authentication,537,SES_000550,REQ_00000811,2026-09-13 10:09:12
EVT_000812,IF_ORD_003,ORD,PRC,ESB,SOAP,Failed,ORD_AUTH_813,Authentication rejected between ORD and PRC,Authentication,1588,SES_000551,REQ_00000812,2026-09-15 19:12:10
EVT_000813,IF_DLV_001,DLV,ORD,API,REST,Failed,DLV_CAP_814,Capacity limit reached on DLV: request throttled,Capacity,4378,SES_000552,REQ_00000813,2026-09-15 13:01:03
EVT_000814,IF_MFG_003,MFG,DLV,ESB,CDC,Warning,MFG_INFRA_815,"WARNING: Infrastructure fault on MFG: node unavailable (degraded, retrying)",Infrastructure,1466,SES_000553,REQ_00000814,2026-09-15 15:05:25
EVT_000815,IF_PAY_002,PAY,PRC,API,REST,Warning,PAY_AUTH_816,"WARNING: Authentication rejected between PAY and PRC (degraded, retrying)",Authentication,6839,SES_000554,REQ_00000815,2026-09-10 13:53:37
EVT_000816,IF_PAY_001,PAY,ORD,API,REST,Warning,PAY_CFG_817,"WARNING: Configuration mismatch on PAY endpoint (degraded, retrying)",Configuration,838,SES_000555,REQ_00000816,2026-09-12 11:37:47
EVT_000817,IF_ORD_004,ORD,DLV,ESB,Batch,Warning,ORD_CAP_818,"WARNING: Capacity limit reached on ORD: request throttled (degraded, retrying)",Capacity,1723,SES_000555,REQ_00000817,2026-09-12 11:41:18
EVT_000818,IF_ORD_002,ORD,PAY,API,REST,Warning,ORD_EXT_819,"WARNING: External service PAY returned an error response (degraded, retrying)",ExternalService,1201,SES_000555,REQ_00000818,2026-09-12 11:38:46
EVT_000819,IF_PAY_001,PAY,ORD,API,REST,Warning,PAY_AUTH_820,"WARNING: Authentication rejected between PAY and ORD (degraded, retrying)",Authentication,253,SES_000556,REQ_00000819,2026-09-12 18:59:09
EVT_000820,IF_MFG_002,MFG,PRC,API,REST,Warning,MFG_CFG_821,"WARNING: Configuration mismatch on MFG endpoint (degraded, retrying)",Configuration,1507,SES_000557,REQ_00000820,2026-09-16 16:51:03
EVT_000821,IF_ORD_002,ORD,PAY,API,REST,Warning,ORD_TMO_822,"WARNING: Timeout waiting for PAY to respond (degraded, retrying)",Timeout,1070,SES_000558,REQ_00000821,2026-09-15 11:51:43
EVT_000822,IF_ASM_001,ASM,DLV,ESB,Batch,Failed,ASM_INFRA_823,Infrastructure fault on ASM: node unavailable,Infrastructure,1973,SES_000559,REQ_00000822,2026-09-12 11:59:52
EVT_000823,IF_ORD_003,ORD,PRC,ESB,SOAP,Failed,ORD_TMO_824,Timeout waiting for PRC to respond,Timeout,2242,SES_000560,REQ_00000823,2026-09-16 15:50:02
EVT_000824,IF_ORD_001,ORD,MFG,MsgBus,Async,Failed,ORD_AUTH_825,Authentication rejected between ORD and MFG,Authentication,725,SES_000561,REQ_00000824,2026-09-15 12:58:52
EVT_000825,IF_ASM_001,ASM,DLV,ESB,Batch,Warning,ASM_INFRA_826,"WARNING: Infrastructure fault on ASM: node unavailable (degraded, retrying)",Infrastructure,1206,SES_000562,REQ_00000825,2026-09-16 14:20:29
EVT_000826,IF_DLV_001,DLV,ORD,API,REST,Warning,DLV_NET_827,"WARNING: Network error contacting ORD: connection reset (degraded, retrying)",Network,1215,SES_000562,REQ_00000826,2026-09-16 14:23:07
EVT_000827,IF_ASM_001,ASM,DLV,ESB,Batch,Warning,ASM_EXT_828,"WARNING: External service DLV returned an error response (degraded, retrying)",ExternalService,3159,SES_000563,REQ_00000827,2026-09-15 21:53:41
EVT_000828,IF_MFG_001,MFG,ASM,MsgBus,Async,Failed,MFG_AUTH_829,Authentication rejected between MFG and ASM,Authentication,897,SES_000564,REQ_00000828,2026-09-15 09:11:43
EVT_000829,IF_ASM_001,ASM,DLV,ESB,Batch,Failed,ASM_VAL_830,Validation failed for payload from ASM,Validation,1570,SES_000564,REQ_00000829,2026-09-15 09:11:55
EVT_000830,IF_ASM_001,ASM,DLV,ESB,Batch,Failed,ASM_EXT_831,External service DLV returned an error response,ExternalService,2661,SES_000565,REQ_00000830,2026-09-10 21:12:16
EVT_000831,IF_DLV_001,DLV,ORD,API,REST,Warning,DLV_VAL_832,"WARNING: Validation failed for payload from DLV (degraded, retrying)",Validation,972,SES_000565,REQ_00000831,2026-09-10 21:17:08
EVT_000832,IF_ORD_002,ORD,PAY,API,REST,Failed,ORD_AUTH_833,Authentication rejected between ORD and PAY,Authentication,550,SES_000566,REQ_00000832,2026-09-13 17:31:07
EVT_000833,IF_PAY_002,PAY,PRC,API,REST,Failed,PAY_CFG_834,Configuration mismatch on PAY endpoint,Configuration,2454,SES_000566,REQ_00000833,2026-09-13 17:33:33
EVT_000834,IF_MFG_001,MFG,ASM,MsgBus,Async,Warning,MFG_AUTHZ_835,"WARNING: Authorization denied for MFG->ASM request (degraded, retrying)",Authorization,1149,SES_000567,REQ_00000834,2026-09-11 05:16:15
EVT_000835,IF_ASM_001,ASM,DLV,ESB,Batch,Failed,ASM_EXT_836,External service DLV returned an error response,ExternalService,2857,SES_000567,REQ_00000835,2026-09-11 05:19:02
EVT_000836,IF_ORD_001,ORD,MFG,MsgBus,Async,Failed,ORD_DB_837,Database ORD operation failed: connection pool exhausted,Database,985,SES_000568,REQ_00000836,2026-09-15 12:38:16
EVT_000837,IF_ASM_001,ASM,DLV,ESB,Batch,Warning,ASM_DB_838,"WARNING: Database ASM operation failed: connection pool exhausted (degraded, retrying)",Database,1622,SES_000569,REQ_00000837,2026-09-14 20:51:38
EVT_000838,IF_DLV_001,DLV,ORD,API,REST,Failed,DLV_VAL_839,Validation failed for payload from DLV,Validation,661,SES_000569,REQ_00000838,2026-09-14 20:52:47
EVT_000839,IF_DLV_002,DLV,PAY,MsgBus,Async,Warning,DLV_AUTHZ_840,"WARNING: Authorization denied for DLV->PAY request (degraded, retrying)",Authorization,5313,SES_000569,REQ_00000839,2026-09-14 20:53:06
EVT_000840,IF_ORD_003,ORD,PRC,ESB,SOAP,Warning,ORD_TMO_841,"WARNING: Timeout waiting for PRC to respond (degraded, retrying)",Timeout,3384,SES_000570,REQ_00000840,2026-09-14 12:16:07
EVT_000841,IF_MFG_001,MFG,ASM,MsgBus,Async,Warning,MFG_AUTH_842,"WARNING: Authentication rejected between MFG and ASM (degraded, retrying)",Authentication,1070,SES_000571,REQ_00000841,2026-09-13 10:56:16
EVT_000842,IF_ASM_001,ASM,DLV,ESB,Batch,Failed,ASM_TMO_843,Timeout waiting for DLV to respond,Timeout,2420,SES_000571,REQ_00000842,2026-09-13 11:01:02
EVT_000843,IF_PRC_001,PRC,MFG,ESB,SOAP,Failed,PRC_TMO_844,Timeout waiting for MFG to respond,Timeout,1016,SES_000572,REQ_00000843,2026-09-10 13:10:45
EVT_000844,IF_ASM_001,ASM,DLV,ESB,Batch,Failed,ASM_AUTHZ_845,Authorization denied for ASM->DLV request,Authorization,740,SES_000573,REQ_00000844,2026-09-13 13:07:54
EVT_000845,IF_DLV_002,DLV,PAY,MsgBus,Async,Failed,DLV_CAP_846,Capacity limit reached on DLV: request throttled,Capacity,1837,SES_000573,REQ_00000845,2026-09-13 13:12:44
EVT_000846,IF_DLV_001,DLV,ORD,API,REST,Warning,DLV_CAP_847,"WARNING: Capacity limit reached on DLV: request throttled (degraded, retrying)",Capacity,666,SES_000573,REQ_00000846,2026-09-13 13:07:58
EVT_000847,IF_DLV_002,DLV,PAY,MsgBus,Async,Failed,DLV_NET_848,Network error contacting PAY: connection reset,Network,4046,SES_000574,REQ_00000847,2026-09-11 16:43:06
EVT_000848,IF_PRC_001,PRC,MFG,ESB,SOAP,Warning,PRC_TMO_849,"WARNING: Timeout waiting for MFG to respond (degraded, retrying)",Timeout,2194,SES_000575,REQ_00000848,2026-09-16 11:01:05
EVT_000849,IF_MFG_001,MFG,ASM,MsgBus,Async,Failed,MFG_CAP_850,Capacity limit reached on MFG: request throttled,Capacity,793,SES_000576,REQ_00000849,2026-09-10 11:02:41
EVT_000850,IF_ORD_001,ORD,MFG,MsgBus,Async,Warning,ORD_EXT_851,"WARNING: External service MFG returned an error response (degraded, retrying)",ExternalService,620,SES_000577,REQ_00000850,2026-09-12 11:03:47
EVT_000851,IF_MFG_001,MFG,ASM,MsgBus,Async,Failed,MFG_INFRA_852,Infrastructure fault on MFG: node unavailable,Infrastructure,1182,SES_000577,REQ_00000851,2026-09-12 11:03:59
EVT_000852,IF_ORD_001,ORD,MFG,MsgBus,Async,Failed,ORD_EXT_853,External service MFG returned an error response,ExternalService,1598,SES_000578,REQ_00000852,2026-09-15 16:41:09
EVT_000853,IF_DLV_001,DLV,ORD,API,REST,Failed,DLV_TMO_854,Timeout waiting for ORD to respond,Timeout,2169,SES_000579,REQ_00000853,2026-09-14 09:42:06
EVT_000854,IF_ORD_001,ORD,MFG,MsgBus,Async,Failed,ORD_CAP_855,Capacity limit reached on ORD: request throttled,Capacity,469,SES_000579,REQ_00000854,2026-09-14 09:45:44
EVT_000855,IF_MFG_002,MFG,PRC,API,REST,Warning,MFG_INFRA_856,"WARNING: Infrastructure fault on MFG: node unavailable (degraded, retrying)",Infrastructure,3133,SES_000580,REQ_00000855,2026-09-10 06:21:29
EVT_000856,IF_DLV_002,DLV,PAY,MsgBus,Async,Failed,DLV_INFRA_857,Infrastructure fault on DLV: node unavailable,Infrastructure,4152,SES_000581,REQ_00000856,2026-09-10 11:27:05
EVT_000857,IF_PAY_002,PAY,PRC,API,REST,Failed,PAY_VAL_858,Validation failed for payload from PAY,Validation,4181,SES_000581,REQ_00000857,2026-09-10 11:29:38
EVT_000858,IF_PAY_001,PAY,ORD,API,REST,Warning,PAY_TMO_859,"WARNING: Timeout waiting for ORD to respond (degraded, retrying)",Timeout,1484,SES_000581,REQ_00000858,2026-09-10 11:30:44
EVT_000859,IF_ASM_002,ASM,MFG,API,REST,Failed,ASM_TMO_860,Timeout waiting for MFG to respond,Timeout,2352,SES_000582,REQ_00000859,2026-09-12 11:37:05
EVT_000860,IF_ORD_003,ORD,PRC,ESB,SOAP,Warning,ORD_TMO_861,"WARNING: Timeout waiting for PRC to respond (degraded, retrying)",Timeout,2677,SES_000583,REQ_00000860,2026-09-10 12:45:19
EVT_000861,IF_ORD_001,ORD,MFG,MsgBus,Async,Warning,ORD_AUTH_862,"WARNING: Authentication rejected between ORD and MFG (degraded, retrying)",Authentication,1729,SES_000584,REQ_00000861,2026-09-16 17:13:11
EVT_000862,IF_MFG_003,MFG,DLV,ESB,CDC,Failed,MFG_TMO_863,Timeout waiting for DLV to respond,Timeout,5743,SES_000584,REQ_00000862,2026-09-16 17:14:40
EVT_000863,IF_MFG_001,MFG,ASM,MsgBus,Async,Warning,MFG_AUTHZ_864,"WARNING: Authorization denied for MFG->ASM request (degraded, retrying)",Authorization,1278,SES_000585,REQ_00000863,2026-09-15 14:31:19
EVT_000864,IF_ORD_001,ORD,MFG,MsgBus,Async,Failed,ORD_DB_865,Database ORD operation failed: connection pool exhausted,Database,1537,SES_000586,REQ_00000864,2026-09-16 11:08:08
EVT_000865,IF_MFG_001,MFG,ASM,MsgBus,Async,Warning,MFG_VAL_866,"WARNING: Validation failed for payload from MFG (degraded, retrying)",Validation,679,SES_000586,REQ_00000865,2026-09-16 11:10:13
EVT_000866,IF_ORD_001,ORD,MFG,MsgBus,Async,Warning,ORD_TMO_867,"WARNING: Timeout waiting for MFG to respond (degraded, retrying)",Timeout,1945,SES_000587,REQ_00000866,2026-09-13 09:27:01
EVT_000867,IF_DLV_001,DLV,ORD,API,REST,Failed,DLV_AUTHZ_868,Authorization denied for DLV->ORD request,Authorization,611,SES_000588,REQ_00000867,2026-09-14 10:18:36
EVT_000868,IF_MFG_001,MFG,ASM,MsgBus,Async,Failed,MFG_AUTH_869,Authentication rejected between MFG and ASM,Authentication,655,SES_000589,REQ_00000868,2026-09-13 17:47:37
EVT_000869,IF_DLV_001,DLV,ORD,API,REST,Failed,DLV_DB_870,Database DLV operation failed: connection pool exhausted,Database,2405,SES_000590,REQ_00000869,2026-09-15 14:43:57
EVT_000870,IF_ORD_004,ORD,DLV,ESB,Batch,Warning,ORD_CAP_871,"WARNING: Capacity limit reached on ORD: request throttled (degraded, retrying)",Capacity,5255,SES_000590,REQ_00000870,2026-09-15 14:48:01
EVT_000871,IF_ORD_002,ORD,PAY,API,REST,Warning,ORD_AUTH_872,"WARNING: Authentication rejected between ORD and PAY (degraded, retrying)",Authentication,704,SES_000590,REQ_00000871,2026-09-15 14:47:42
EVT_000872,IF_DLV_002,DLV,PAY,MsgBus,Async,Failed,DLV_CAP_873,Capacity limit reached on DLV: request throttled,Capacity,3760,SES_000591,REQ_00000872,2026-09-13 10:14:37
EVT_000873,IF_DLV_001,DLV,ORD,API,REST,Warning,DLV_AUTHZ_874,"WARNING: Authorization denied for DLV->ORD request (degraded, retrying)",Authorization,1405,SES_000592,REQ_00000873,2026-09-12 16:24:26
EVT_000874,IF_ORD_001,ORD,MFG,MsgBus,Async,Failed,ORD_INFRA_875,Infrastructure fault on ORD: node unavailable,Infrastructure,479,SES_000593,REQ_00000874,2026-09-14 10:44:47
EVT_000875,IF_MFG_001,MFG,ASM,MsgBus,Async,Warning,MFG_VAL_876,"WARNING: Validation failed for payload from MFG (degraded, retrying)",Validation,4178,SES_000593,REQ_00000875,2026-09-14 10:47:24
EVT_000876,IF_MFG_003,MFG,DLV,ESB,CDC,Failed,MFG_INFRA_877,Infrastructure fault on MFG: node unavailable,Infrastructure,3683,SES_000593,REQ_00000876,2026-09-14 10:47:51
EVT_000877,IF_ORD_001,ORD,MFG,MsgBus,Async,Failed,ORD_VAL_878,Validation failed for payload from ORD,Validation,499,SES_000594,REQ_00000877,2026-09-10 17:21:27
EVT_000878,IF_MFG_001,MFG,ASM,MsgBus,Async,Warning,MFG_INFRA_879,"WARNING: Infrastructure fault on MFG: node unavailable (degraded, retrying)",Infrastructure,1474,SES_000594,REQ_00000878,2026-09-10 17:26:14
EVT_000879,IF_MFG_003,MFG,DLV,ESB,CDC,Failed,MFG_TMO_880,Timeout waiting for DLV to respond,Timeout,7287,SES_000595,REQ_00000879,2026-09-14 15:45:03
EVT_000880,IF_PAY_002,PAY,PRC,API,REST,Warning,PAY_DB_881,"WARNING: Database PAY operation failed: connection pool exhausted (degraded, retrying)",Database,4691,SES_000596,REQ_00000880,2026-09-16 14:50:54
EVT_000881,IF_PRC_002,PRC,ASM,MsgBus,Async,Failed,PRC_TMO_882,Timeout waiting for ASM to respond,Timeout,3071,SES_000596,REQ_00000881,2026-09-16 14:52:16
EVT_000882,IF_PRC_001,PRC,MFG,ESB,SOAP,Warning,PRC_AUTHZ_883,"WARNING: Authorization denied for PRC->MFG request (degraded, retrying)",Authorization,4091,SES_000596,REQ_00000882,2026-09-16 14:51:46
EVT_000883,IF_ORD_001,ORD,MFG,MsgBus,Async,Warning,ORD_TMO_884,"WARNING: Timeout waiting for MFG to respond (degraded, retrying)",Timeout,998,SES_000597,REQ_00000883,2026-09-13 21:49:49
EVT_000884,IF_MFG_001,MFG,ASM,MsgBus,Async,Failed,MFG_CFG_885,Configuration mismatch on MFG endpoint,Configuration,827,SES_000597,REQ_00000884,2026-09-13 21:52:55
EVT_000885,IF_MFG_003,MFG,DLV,ESB,CDC,Failed,MFG_INFRA_886,Infrastructure fault on MFG: node unavailable,Infrastructure,3605,SES_000597,REQ_00000885,2026-09-13 21:53:26
EVT_000886,IF_ASM_002,ASM,MFG,API,REST,Failed,ASM_DB_887,Database ASM operation failed: connection pool exhausted,Database,3602,SES_000598,REQ_00000886,2026-09-13 18:54:33
EVT_000887,IF_ORD_003,ORD,PRC,ESB,SOAP,Warning,ORD_INFRA_888,"WARNING: Infrastructure fault on ORD: node unavailable (degraded, retrying)",Infrastructure,970,SES_000599,REQ_00000887,2026-09-14 20:05:21
EVT_000888,IF_PRC_002,PRC,ASM,MsgBus,Async,Failed,PRC_EXT_889,External service ASM returned an error response,ExternalService,2045,SES_000599,REQ_00000888,2026-09-14 20:09:49
EVT_000889,IF_ORD_003,ORD,PRC,ESB,SOAP,Failed,ORD_AUTH_890,Authentication rejected between ORD and PRC,Authentication,1950,SES_000600,REQ_00000889,2026-09-14 17:46:47
EVT_000890,IF_PRC_001,PRC,MFG,ESB,SOAP,Failed,PRC_CAP_891,Capacity limit reached on PRC: request throttled,Capacity,1782,SES_000600,REQ_00000890,2026-09-14 17:48:34
EVT_000891,IF_PRC_002,PRC,ASM,MsgBus,Async,Failed,PRC_EXT_892,External service ASM returned an error response,ExternalService,3109,SES_000600,REQ_00000891,2026-09-14 17:49:45
EVT_000892,IF_ASM_001,ASM,DLV,ESB,Batch,Warning,ASM_INFRA_893,"WARNING: Infrastructure fault on ASM: node unavailable (degraded, retrying)",Infrastructure,1074,SES_000601,REQ_00000892,2026-09-10 06:21:24
EVT_000893,IF_DLV_001,DLV,ORD,API,REST,Warning,DLV_VAL_894,"WARNING: Validation failed for payload from DLV (degraded, retrying)",Validation,1161,SES_000601,REQ_00000893,2026-09-10 06:22:47
EVT_000894,IF_DLV_002,DLV,PAY,MsgBus,Async,Failed,DLV_VAL_895,Validation failed for payload from DLV,Validation,5614,SES_000601,REQ_00000894,2026-09-10 06:24:01
EVT_000895,IF_ASM_001,ASM,DLV,ESB,Batch,Warning,ASM_TMO_896,"WARNING: Timeout waiting for DLV to respond (degraded, retrying)",Timeout,1749,SES_000602,REQ_00000895,2026-09-15 13:07:03
EVT_000896,IF_ASM_001,ASM,DLV,ESB,Batch,Warning,ASM_VAL_897,"WARNING: Validation failed for payload from ASM (degraded, retrying)",Validation,1463,SES_000603,REQ_00000896,2026-09-11 17:37:36
EVT_000897,IF_DLV_002,DLV,PAY,MsgBus,Async,Failed,DLV_NET_898,Network error contacting PAY: connection reset,Network,3668,SES_000603,REQ_00000897,2026-09-11 17:42:04
EVT_000898,IF_DLV_001,DLV,ORD,API,REST,Warning,DLV_INFRA_899,"WARNING: Infrastructure fault on DLV: node unavailable (degraded, retrying)",Infrastructure,1303,SES_000603,REQ_00000898,2026-09-11 17:40:42
EVT_000899,IF_ORD_002,ORD,PAY,API,REST,Failed,ORD_NET_900,Network error contacting PAY: connection reset,Network,1041,SES_000604,REQ_00000899,2026-09-10 08:27:56
EVT_000900,IF_MFG_001,MFG,ASM,MsgBus,Async,Warning,MFG_TMO_001,"WARNING: Timeout waiting for ASM to respond (degraded, retrying)",Timeout,2863,SES_000605,REQ_00000900,2026-09-14 16:55:16
EVT_000901,IF_ORD_002,ORD,PAY,API,REST,Warning,ORD_INFRA_002,"WARNING: Infrastructure fault on ORD: node unavailable (degraded, retrying)",Infrastructure,859,SES_000606,REQ_00000901,2026-09-13 17:09:32
EVT_000902,IF_ASM_001,ASM,DLV,ESB,Batch,Warning,ASM_AUTHZ_003,"WARNING: Authorization denied for ASM->DLV request (degraded, retrying)",Authorization,4101,SES_000607,REQ_00000902,2026-09-15 10:30:02
EVT_000903,IF_DLV_001,DLV,ORD,API,REST,Warning,DLV_NET_004,"WARNING: Network error contacting ORD: connection reset (degraded, retrying)",Network,1958,SES_000607,REQ_00000903,2026-09-15 10:30:24
EVT_000904,IF_DLV_002,DLV,PAY,MsgBus,Async,Warning,DLV_DB_005,"WARNING: Database DLV operation failed: connection pool exhausted (degraded, retrying)",Database,6783,SES_000607,REQ_00000904,2026-09-15 10:32:39
EVT_000905,IF_ORD_003,ORD,PRC,ESB,SOAP,Failed,ORD_TMO_006,Timeout waiting for PRC to respond,Timeout,905,SES_000608,REQ_00000905,2026-09-10 20:19:56
EVT_000906,IF_PRC_002,PRC,ASM,MsgBus,Async,Failed,PRC_CAP_007,Capacity limit reached on PRC: request throttled,Capacity,1278,SES_000608,REQ_00000906,2026-09-10 20:24:04
EVT_000907,IF_PRC_001,PRC,MFG,ESB,SOAP,Warning,PRC_CAP_008,"WARNING: Capacity limit reached on PRC: request throttled (degraded, retrying)",Capacity,3518,SES_000608,REQ_00000907,2026-09-10 20:23:11
EVT_000908,IF_DLV_001,DLV,ORD,API,REST,Failed,DLV_CAP_009,Capacity limit reached on DLV: request throttled,Capacity,1596,SES_000609,REQ_00000908,2026-09-16 12:28:09
EVT_000909,IF_ORD_001,ORD,MFG,MsgBus,Async,Failed,ORD_NET_010,Network error contacting MFG: connection reset,Network,1796,SES_000609,REQ_00000909,2026-09-16 12:31:57
EVT_000910,IF_ORD_003,ORD,PRC,ESB,SOAP,Warning,ORD_VAL_011,"WARNING: Validation failed for payload from ORD (degraded, retrying)",Validation,552,SES_000610,REQ_00000910,2026-09-14 15:49:45
EVT_000911,IF_ORD_002,ORD,PAY,API,REST,Failed,ORD_DB_012,Database ORD operation failed: connection pool exhausted,Database,662,SES_000611,REQ_00000911,2026-09-16 06:36:33
EVT_000912,IF_PAY_002,PAY,PRC,API,REST,Warning,PAY_CAP_013,"WARNING: Capacity limit reached on PAY: request throttled (degraded, retrying)",Capacity,1966,SES_000611,REQ_00000912,2026-09-16 06:38:20
EVT_000913,IF_PAY_001,PAY,ORD,API,REST,Warning,PAY_DB_014,"WARNING: Database PAY operation failed: connection pool exhausted (degraded, retrying)",Database,1227,SES_000611,REQ_00000913,2026-09-16 06:39:19
EVT_000914,IF_DLV_001,DLV,ORD,API,REST,Failed,DLV_AUTH_015,Authentication rejected between DLV and ORD,Authentication,736,SES_000612,REQ_00000914,2026-09-12 12:26:01
EVT_000915,IF_ORD_001,ORD,MFG,MsgBus,Async,Failed,ORD_EXT_016,External service MFG returned an error response,ExternalService,2344,SES_000613,REQ_00000915,2026-09-12 09:16:49
EVT_000916,IF_MFG_003,MFG,DLV,ESB,CDC,Warning,MFG_INFRA_017,"WARNING: Infrastructure fault on MFG: node unavailable (degraded, retrying)",Infrastructure,1890,SES_000613,REQ_00000916,2026-09-12 09:20:10
EVT_000917,IF_MFG_001,MFG,ASM,MsgBus,Async,Failed,MFG_NET_018,Network error contacting ASM: connection reset,Network,1047,SES_000613,REQ_00000917,2026-09-12 09:20:03
EVT_000918,IF_ASM_001,ASM,DLV,ESB,Batch,Failed,ASM_NET_019,Network error contacting DLV: connection reset,Network,1667,SES_000614,REQ_00000918,2026-09-14 14:31:32
EVT_000919,IF_ORD_002,ORD,PAY,API,REST,Warning,ORD_AUTH_020,"WARNING: Authentication rejected between ORD and PAY (degraded, retrying)",Authentication,594,SES_000615,REQ_00000919,2026-09-10 13:26:40
EVT_000920,IF_PAY_002,PAY,PRC,API,REST,Warning,PAY_NET_021,"WARNING: Network error contacting PRC: connection reset (degraded, retrying)",Network,6623,SES_000615,REQ_00000920,2026-09-10 13:31:32
EVT_000921,IF_PAY_001,PAY,ORD,API,REST,Warning,PAY_INFRA_022,"WARNING: Infrastructure fault on PAY: node unavailable (degraded, retrying)",Infrastructure,740,SES_000615,REQ_00000921,2026-09-10 13:27:54
EVT_000922,IF_ORD_001,ORD,MFG,MsgBus,Async,Warning,ORD_CAP_023,"WARNING: Capacity limit reached on ORD: request throttled (degraded, retrying)",Capacity,425,SES_000616,REQ_00000922,2026-09-13 21:35:28
EVT_000923,IF_MFG_001,MFG,ASM,MsgBus,Async,Failed,MFG_EXT_024,External service ASM returned an error response,ExternalService,3747,SES_000616,REQ_00000923,2026-09-13 21:37:38
EVT_000924,IF_MFG_003,MFG,DLV,ESB,CDC,Failed,MFG_VAL_025,Validation failed for payload from MFG,Validation,2043,SES_000616,REQ_00000924,2026-09-13 21:37:18
EVT_000925,IF_PAY_001,PAY,ORD,API,REST,Failed,PAY_INFRA_026,Infrastructure fault on PAY: node unavailable,Infrastructure,900,SES_000617,REQ_00000925,2026-09-14 14:19:05
EVT_000926,IF_DLV_002,DLV,PAY,MsgBus,Async,Warning,DLV_AUTH_027,"WARNING: Authentication rejected between DLV and PAY (degraded, retrying)",Authentication,3251,SES_000618,REQ_00000926,2026-09-11 14:51:20
EVT_000927,IF_PAY_001,PAY,ORD,API,REST,Warning,PAY_CAP_028,"WARNING: Capacity limit reached on PAY: request throttled (degraded, retrying)",Capacity,450,SES_000618,REQ_00000927,2026-09-11 14:53:09
EVT_000928,IF_PAY_002,PAY,PRC,API,REST,Failed,PAY_DB_029,Database PAY operation failed: connection pool exhausted,Database,3651,SES_000618,REQ_00000928,2026-09-11 14:52:30
EVT_000929,IF_ASM_001,ASM,DLV,ESB,Batch,Warning,ASM_VAL_030,"WARNING: Validation failed for payload from ASM (degraded, retrying)",Validation,547,SES_000619,REQ_00000929,2026-09-11 12:57:44
EVT_000930,IF_MFG_002,MFG,PRC,API,REST,Warning,MFG_AUTHZ_031,"WARNING: Authorization denied for MFG->PRC request (degraded, retrying)",Authorization,3232,SES_000620,REQ_00000930,2026-09-14 05:53:52
EVT_000931,IF_ASM_001,ASM,DLV,ESB,Batch,Failed,ASM_TMO_032,Timeout waiting for DLV to respond,Timeout,1955,SES_000621,REQ_00000931,2026-09-13 09:49:51
EVT_000932,IF_DLV_002,DLV,PAY,MsgBus,Async,Warning,DLV_CAP_033,"WARNING: Capacity limit reached on DLV: request throttled (degraded, retrying)",Capacity,2400,SES_000621,REQ_00000932,2026-09-13 09:52:56
EVT_000933,IF_DLV_001,DLV,ORD,API,REST,Warning,DLV_TMO_034,"WARNING: Timeout waiting for ORD to respond (degraded, retrying)",Timeout,3130,SES_000621,REQ_00000933,2026-09-13 09:51:46
EVT_000934,IF_ORD_002,ORD,PAY,API,REST,Warning,ORD_EXT_035,"WARNING: External service PAY returned an error response (degraded, retrying)",ExternalService,648,SES_000622,REQ_00000934,2026-09-15 15:13:00
EVT_000935,IF_PRC_002,PRC,ASM,MsgBus,Async,Warning,PRC_CAP_036,"WARNING: Capacity limit reached on PRC: request throttled (degraded, retrying)",Capacity,660,SES_000623,REQ_00000935,2026-09-11 14:42:47
EVT_000936,IF_ORD_002,ORD,PAY,API,REST,Failed,ORD_AUTH_037,Authentication rejected between ORD and PAY,Authentication,473,SES_000624,REQ_00000936,2026-09-11 10:36:54
EVT_000937,IF_MFG_002,MFG,PRC,API,REST,Warning,MFG_DB_038,"WARNING: Database MFG operation failed: connection pool exhausted (degraded, retrying)",Database,7145,SES_000625,REQ_00000937,2026-09-15 15:39:16
EVT_000938,IF_DLV_001,DLV,ORD,API,REST,Failed,DLV_NET_039,Network error contacting ORD: connection reset,Network,2838,SES_000626,REQ_00000938,2026-09-10 17:20:27
EVT_000939,IF_ORD_001,ORD,MFG,MsgBus,Async,Warning,ORD_VAL_040,"WARNING: Validation failed for payload from ORD (degraded, retrying)",Validation,1240,SES_000627,REQ_00000939,2026-09-16 06:46:14
EVT_000940,IF_MFG_003,MFG,DLV,ESB,CDC,Failed,MFG_CFG_041,Configuration mismatch on MFG endpoint,Configuration,1790,SES_000627,REQ_00000940,2026-09-16 06:49:52
EVT_000941,IF_PRC_001,PRC,MFG,ESB,SOAP,Warning,PRC_CAP_042,"WARNING: Capacity limit reached on PRC: request throttled (degraded, retrying)",Capacity,1406,SES_000628,REQ_00000941,2026-09-10 15:06:01
EVT_000942,IF_DLV_001,DLV,ORD,API,REST,Warning,DLV_VAL_043,"WARNING: Validation failed for payload from DLV (degraded, retrying)",Validation,1402,SES_000629,REQ_00000942,2026-09-11 08:15:21
EVT_000943,IF_PRC_001,PRC,MFG,ESB,SOAP,Failed,PRC_DB_044,Database PRC operation failed: connection pool exhausted,Database,3512,SES_000630,REQ_00000943,2026-09-14 12:06:40
EVT_000944,IF_MFG_003,MFG,DLV,ESB,CDC,Failed,MFG_AUTH_045,Authentication rejected between MFG and DLV,Authentication,3032,SES_000631,REQ_00000944,2026-09-15 07:08:03
EVT_000945,IF_DLV_002,DLV,PAY,MsgBus,Async,Failed,DLV_EXT_046,External service PAY returned an error response,ExternalService,2346,SES_000631,REQ_00000945,2026-09-15 07:10:35
EVT_000946,IF_MFG_001,MFG,ASM,MsgBus,Async,Failed,MFG_TMO_047,Timeout waiting for ASM to respond,Timeout,3166,SES_000632,REQ_00000946,2026-09-11 17:50:42
EVT_000947,IF_ORD_001,ORD,MFG,MsgBus,Async,Failed,ORD_CAP_048,Capacity limit reached on ORD: request throttled,Capacity,1817,SES_000633,REQ_00000947,2026-09-12 15:43:50
EVT_000948,IF_MFG_003,MFG,DLV,ESB,CDC,Warning,MFG_EXT_049,"WARNING: External service DLV returned an error response (degraded, retrying)",ExternalService,4543,SES_000633,REQ_00000948,2026-09-12 15:48:12
EVT_000949,IF_ORD_001,ORD,MFG,MsgBus,Async,Failed,ORD_EXT_050,External service MFG returned an error response,ExternalService,1259,SES_000634,REQ_00000949,2026-09-11 10:51:02
EVT_000950,IF_ORD_002,ORD,PAY,API,REST,Failed,ORD_AUTHZ_051,Authorization denied for ORD->PAY request,Authorization,552,SES_000635,REQ_00000950,2026-09-14 18:49:09
EVT_000951,IF_PRC_001,PRC,MFG,ESB,SOAP,Warning,PRC_DB_052,"WARNING: Database PRC operation failed: connection pool exhausted (degraded, retrying)",Database,2102,SES_000636,REQ_00000951,2026-09-15 15:03:15
EVT_000952,IF_MFG_003,MFG,DLV,ESB,CDC,Warning,MFG_TMO_053,"WARNING: Timeout waiting for DLV to respond (degraded, retrying)",Timeout,5760,SES_000636,REQ_00000952,2026-09-15 15:06:11
EVT_000953,IF_PRC_002,PRC,ASM,MsgBus,Async,Failed,PRC_AUTH_054,Authentication rejected between PRC and ASM,Authentication,1228,SES_000637,REQ_00000953,2026-09-14 15:54:37
EVT_000954,IF_MFG_003,MFG,DLV,ESB,CDC,Warning,MFG_CFG_055,"WARNING: Configuration mismatch on MFG endpoint (degraded, retrying)",Configuration,2019,SES_000638,REQ_00000954,2026-09-16 19:31:14
EVT_000955,IF_ASM_001,ASM,DLV,ESB,Batch,Failed,ASM_INFRA_056,Infrastructure fault on ASM: node unavailable,Infrastructure,1826,SES_000639,REQ_00000955,2026-09-16 20:21:51
EVT_000956,IF_ORD_002,ORD,PAY,API,REST,Failed,ORD_AUTHZ_057,Authorization denied for ORD->PAY request,Authorization,1244,SES_000640,REQ_00000956,2026-09-14 08:18:28
EVT_000957,IF_PAY_001,PAY,ORD,API,REST,Failed,PAY_CFG_058,Configuration mismatch on PAY endpoint,Configuration,2173,SES_000640,REQ_00000957,2026-09-14 08:21:23
EVT_000958,IF_PAY_001,PAY,ORD,API,REST,Warning,PAY_NET_059,"WARNING: Network error contacting ORD: connection reset (degraded, retrying)",Network,994,SES_000641,REQ_00000958,2026-09-10 03:43:08
EVT_000959,IF_MFG_003,MFG,DLV,ESB,CDC,Warning,MFG_CAP_060,"WARNING: Capacity limit reached on MFG: request throttled (degraded, retrying)",Capacity,3015,SES_000642,REQ_00000959,2026-09-12 17:42:10
EVT_000960,IF_DLV_002,DLV,PAY,MsgBus,Async,Warning,DLV_EXT_061,"WARNING: External service PAY returned an error response (degraded, retrying)",ExternalService,5757,SES_000642,REQ_00000960,2026-09-12 17:43:49
EVT_000961,IF_ORD_001,ORD,MFG,MsgBus,Async,Warning,ORD_CFG_062,"WARNING: Configuration mismatch on ORD endpoint (degraded, retrying)",Configuration,786,SES_000643,REQ_00000961,2026-09-13 21:15:58
EVT_000962,IF_MFG_003,MFG,DLV,ESB,CDC,Failed,MFG_VAL_063,Validation failed for payload from MFG,Validation,4105,SES_000643,REQ_00000962,2026-09-13 21:18:23
EVT_000963,IF_ASM_002,ASM,MFG,API,REST,Warning,ASM_INFRA_064,"WARNING: Infrastructure fault on ASM: node unavailable (degraded, retrying)",Infrastructure,1767,SES_000644,REQ_00000963,2026-09-11 16:50:30
EVT_000964,IF_ORD_002,ORD,PAY,API,REST,Warning,ORD_VAL_065,"WARNING: Validation failed for payload from ORD (degraded, retrying)",Validation,684,SES_000645,REQ_00000964,2026-09-14 12:33:29
EVT_000965,IF_ASM_002,ASM,MFG,API,REST,Warning,ASM_CFG_066,"WARNING: Configuration mismatch on ASM endpoint (degraded, retrying)",Configuration,1189,SES_000646,REQ_00000965,2026-09-12 14:40:58
EVT_000966,IF_PAY_001,PAY,ORD,API,REST,Failed,PAY_AUTHZ_067,Authorization denied for PAY->ORD request,Authorization,2042,SES_000647,REQ_00000966,2026-09-13 10:27:56
EVT_000967,IF_ORD_001,ORD,MFG,MsgBus,Async,Warning,ORD_VAL_068,"WARNING: Validation failed for payload from ORD (degraded, retrying)",Validation,637,SES_000647,REQ_00000967,2026-09-13 10:32:56
EVT_000968,IF_PRC_001,PRC,MFG,ESB,SOAP,Failed,PRC_DB_069,Database PRC operation failed: connection pool exhausted,Database,1411,SES_000648,REQ_00000968,2026-09-13 12:23:51
EVT_000969,IF_PRC_001,PRC,MFG,ESB,SOAP,Failed,PRC_NET_070,Network error contacting MFG: connection reset,Network,3139,SES_000649,REQ_00000969,2026-09-12 18:18:53
EVT_000970,IF_MFG_003,MFG,DLV,ESB,CDC,Warning,MFG_AUTHZ_071,"WARNING: Authorization denied for MFG->DLV request (degraded, retrying)",Authorization,1371,SES_000649,REQ_00000970,2026-09-12 18:19:14
EVT_000971,IF_MFG_001,MFG,ASM,MsgBus,Async,Failed,MFG_AUTH_072,Authentication rejected between MFG and ASM,Authentication,885,SES_000649,REQ_00000971,2026-09-12 18:21:29
EVT_000972,IF_ASM_001,ASM,DLV,ESB,Batch,Warning,ASM_DB_073,"WARNING: Database ASM operation failed: connection pool exhausted (degraded, retrying)",Database,3094,SES_000650,REQ_00000972,2026-09-11 23:48:45
EVT_000973,IF_DLV_001,DLV,ORD,API,REST,Failed,DLV_DB_074,Database DLV operation failed: connection pool exhausted,Database,2245,SES_000650,REQ_00000973,2026-09-11 23:53:43
EVT_000974,IF_DLV_002,DLV,PAY,MsgBus,Async,Failed,DLV_CFG_075,Configuration mismatch on DLV endpoint,Configuration,1880,SES_000650,REQ_00000974,2026-09-11 23:50:03
EVT_000975,IF_PRC_002,PRC,ASM,MsgBus,Async,Failed,PRC_TMO_076,Timeout waiting for ASM to respond,Timeout,4083,SES_000651,REQ_00000975,2026-09-13 10:37:50
EVT_000976,IF_DLV_001,DLV,ORD,API,REST,Failed,DLV_INFRA_077,Infrastructure fault on DLV: node unavailable,Infrastructure,4347,SES_000652,REQ_00000976,2026-09-15 12:28:28
EVT_000977,IF_ORD_001,ORD,MFG,MsgBus,Async,Warning,ORD_EXT_078,"WARNING: External service MFG returned an error response (degraded, retrying)",ExternalService,1639,SES_000652,REQ_00000977,2026-09-15 12:30:25
EVT_000978,IF_ORD_002,ORD,PAY,API,REST,Warning,ORD_DB_079,"WARNING: Database ORD operation failed: connection pool exhausted (degraded, retrying)",Database,1160,SES_000652,REQ_00000978,2026-09-15 12:31:03
EVT_000979,IF_MFG_003,MFG,DLV,ESB,CDC,Failed,MFG_EXT_080,External service DLV returned an error response,ExternalService,7386,SES_000653,REQ_00000979,2026-09-12 14:51:38
EVT_000980,IF_PAY_001,PAY,ORD,API,REST,Warning,PAY_AUTH_081,"WARNING: Authentication rejected between PAY and ORD (degraded, retrying)",Authentication,1756,SES_000654,REQ_00000980,2026-09-14 12:30:06
EVT_000981,IF_ORD_001,ORD,MFG,MsgBus,Async,Warning,ORD_EXT_082,"WARNING: External service MFG returned an error response (degraded, retrying)",ExternalService,911,SES_000654,REQ_00000981,2026-09-14 12:31:43
EVT_000982,IF_PAY_001,PAY,ORD,API,REST,Failed,PAY_AUTHZ_083,Authorization denied for PAY->ORD request,Authorization,1007,SES_000655,REQ_00000982,2026-09-15 13:29:03
EVT_000983,IF_ORD_002,ORD,PAY,API,REST,Failed,ORD_EXT_084,External service PAY returned an error response,ExternalService,1931,SES_000655,REQ_00000983,2026-09-15 13:33:09
EVT_000984,IF_ORD_004,ORD,DLV,ESB,Batch,Failed,ORD_AUTH_085,Authentication rejected between ORD and DLV,Authentication,4161,SES_000655,REQ_00000984,2026-09-15 13:30:11
EVT_000985,IF_MFG_001,MFG,ASM,MsgBus,Async,Failed,MFG_TMO_086,Timeout waiting for ASM to respond,Timeout,2185,SES_000656,REQ_00000985,2026-09-13 09:36:19
EVT_000986,IF_ASM_001,ASM,DLV,ESB,Batch,Warning,ASM_CAP_087,"WARNING: Capacity limit reached on ASM: request throttled (degraded, retrying)",Capacity,1505,SES_000656,REQ_00000986,2026-09-13 09:40:50
EVT_000987,IF_MFG_001,MFG,ASM,MsgBus,Async,Warning,MFG_AUTHZ_088,"WARNING: Authorization denied for MFG->ASM request (degraded, retrying)",Authorization,1290,SES_000657,REQ_00000987,2026-09-14 06:05:18
EVT_000988,IF_ASM_002,ASM,MFG,API,REST,Warning,ASM_CAP_089,"WARNING: Capacity limit reached on ASM: request throttled (degraded, retrying)",Capacity,2216,SES_000657,REQ_00000988,2026-09-14 06:07:27
EVT_000989,IF_ASM_001,ASM,DLV,ESB,Batch,Failed,ASM_NET_090,Network error contacting DLV: connection reset,Network,2021,SES_000657,REQ_00000989,2026-09-14 06:06:53
EVT_000990,IF_DLV_002,DLV,PAY,MsgBus,Async,Failed,DLV_NET_091,Network error contacting PAY: connection reset,Network,5778,SES_000658,REQ_00000990,2026-09-11 18:10:17
EVT_000991,IF_PAY_001,PAY,ORD,API,REST,Warning,PAY_AUTHZ_092,"WARNING: Authorization denied for PAY->ORD request (degraded, retrying)",Authorization,2063,SES_000658,REQ_00000991,2026-09-11 18:15:02
EVT_000992,IF_PAY_002,PAY,PRC,API,REST,Warning,PAY_INFRA_093,"WARNING: Infrastructure fault on PAY: node unavailable (degraded, retrying)",Infrastructure,1506,SES_000658,REQ_00000992,2026-09-11 18:13:05
EVT_000993,IF_MFG_002,MFG,PRC,API,REST,Failed,MFG_AUTHZ_094,Authorization denied for MFG->PRC request,Authorization,3437,SES_000659,REQ_00000993,2026-09-13 04:40:44
EVT_000994,IF_ORD_002,ORD,PAY,API,REST,Warning,ORD_TMO_095,"WARNING: Timeout waiting for PAY to respond (degraded, retrying)",Timeout,1749,SES_000660,REQ_00000994,2026-09-10 10:45:58
EVT_000995,IF_PAY_001,PAY,ORD,API,REST,Failed,PAY_INFRA_096,Infrastructure fault on PAY: node unavailable,Infrastructure,1104,SES_000660,REQ_00000995,2026-09-10 10:50:01
EVT_000996,IF_ORD_002,ORD,PAY,API,REST,Warning,ORD_DB_097,"WARNING: Database ORD operation failed: connection pool exhausted (degraded, retrying)",Database,1509,SES_000661,REQ_00000996,2026-09-12 09:47:25
EVT_000997,IF_PRC_002,PRC,ASM,MsgBus,Async,Failed,PRC_DB_098,Database PRC operation failed: connection pool exhausted,Database,3284,SES_000662,REQ_00000997,2026-09-11 16:57:43
EVT_000998,IF_MFG_002,MFG,PRC,API,REST,Failed,MFG_CAP_099,Capacity limit reached on MFG: request throttled,Capacity,1213,SES_000663,REQ_00000998,2026-09-15 15:06:24
EVT_000999,IF_ORD_001,ORD,MFG,MsgBus,Async,Failed,ORD_DB_100,Database ORD operation failed: connection pool exhausted,Database,992,SES_000664,REQ_00000999,2026-09-11 12:15:12
EVT_001000,IF_DLV_001,DLV,ORD,API,REST,Warning,DLV_INFRA_101,"WARNING: Infrastructure fault on DLV: node unavailable (degraded, retrying)",Infrastructure,502,SES_000665,REQ_00001000,2026-09-11 20:06:51
EVT_001001,IF_ORD_002,ORD,PAY,API,REST,Failed,ORD_EXT_102,External service PAY returned an error response,ExternalService,663,SES_000666,REQ_00001001,2026-09-12 14:12:39
EVT_001002,IF_ORD_001,ORD,MFG,MsgBus,Async,Failed,ORD_CFG_103,Configuration mismatch on ORD endpoint,Configuration,372,SES_000667,REQ_00001002,2026-09-11 02:41:20
EVT_001003,IF_PAY_001,PAY,ORD,API,REST,Warning,PAY_TMO_104,"WARNING: Timeout waiting for ORD to respond (degraded, retrying)",Timeout,1732,SES_000668,REQ_00001003,2026-09-12 06:56:13
EVT_001004,IF_MFG_001,MFG,ASM,MsgBus,Async,Warning,MFG_EXT_105,"WARNING: External service ASM returned an error response (degraded, retrying)",ExternalService,2832,SES_000669,REQ_00001004,2026-09-16 14:16:06
EVT_001005,IF_MFG_002,MFG,PRC,API,REST,Warning,MFG_TMO_106,"WARNING: Timeout waiting for PRC to respond (degraded, retrying)",Timeout,8525,SES_000670,REQ_00001005,2026-09-12 09:48:56
EVT_001006,IF_MFG_001,MFG,ASM,MsgBus,Async,Warning,MFG_CFG_107,"WARNING: Configuration mismatch on MFG endpoint (degraded, retrying)",Configuration,475,SES_000671,REQ_00001006,2026-09-14 15:14:32
EVT_001007,IF_ASM_002,ASM,MFG,API,REST,Failed,ASM_DB_108,Database ASM operation failed: connection pool exhausted,Database,2153,SES_000671,REQ_00001007,2026-09-14 15:16:38
EVT_001008,IF_ASM_001,ASM,DLV,ESB,Batch,Warning,ASM_CFG_109,"WARNING: Configuration mismatch on ASM endpoint (degraded, retrying)",Configuration,1220,SES_000671,REQ_00001008,2026-09-14 15:16:17
EVT_001009,IF_DLV_002,DLV,PAY,MsgBus,Async,Failed,DLV_AUTHZ_110,Authorization denied for DLV->PAY request,Authorization,3130,SES_000672,REQ_00001009,2026-09-15 14:28:47
EVT_001010,IF_ORD_001,ORD,MFG,MsgBus,Async,Warning,ORD_AUTHZ_111,"WARNING: Authorization denied for ORD->MFG request (degraded, retrying)",Authorization,459,SES_000673,REQ_00001010,2026-09-13 15:18:48
EVT_001011,IF_MFG_003,MFG,DLV,ESB,CDC,Warning,MFG_INFRA_112,"WARNING: Infrastructure fault on MFG: node unavailable (degraded, retrying)",Infrastructure,8297,SES_000673,REQ_00001011,2026-09-13 15:22:05
EVT_001012,IF_ORD_004,ORD,DLV,ESB,Batch,Warning,ORD_INFRA_113,"WARNING: Infrastructure fault on ORD: node unavailable (degraded, retrying)",Infrastructure,1867,SES_000674,REQ_00001012,2026-09-10 20:03:40
EVT_001013,IF_ASM_001,ASM,DLV,ESB,Batch,Failed,ASM_CFG_114,Configuration mismatch on ASM endpoint,Configuration,967,SES_000675,REQ_00001013,2026-09-11 10:05:27
EVT_001014,IF_DLV_001,DLV,ORD,API,REST,Warning,DLV_TMO_115,"WARNING: Timeout waiting for ORD to respond (degraded, retrying)",Timeout,1128,SES_000675,REQ_00001014,2026-09-11 10:07:12
EVT_001015,IF_DLV_002,DLV,PAY,MsgBus,Async,Warning,DLV_TMO_116,"WARNING: Timeout waiting for PAY to respond (degraded, retrying)",Timeout,4315,SES_000675,REQ_00001015,2026-09-11 10:08:52
EVT_001016,IF_PAY_002,PAY,PRC,API,REST,Failed,PAY_EXT_117,External service PRC returned an error response,ExternalService,8494,SES_000676,REQ_00001016,2026-09-15 12:09:52
EVT_001017,IF_PRC_002,PRC,ASM,MsgBus,Async,Warning,PRC_AUTH_118,"WARNING: Authentication rejected between PRC and ASM (degraded, retrying)",Authentication,994,SES_000676,REQ_00001017,2026-09-15 12:12:05
EVT_001018,IF_ASM_001,ASM,DLV,ESB,Batch,Failed,ASM_CFG_119,Configuration mismatch on ASM endpoint,Configuration,606,SES_000677,REQ_00001018,2026-09-14 13:21:08
EVT_001019,IF_MFG_003,MFG,DLV,ESB,CDC,Warning,MFG_AUTHZ_120,"WARNING: Authorization denied for MFG->DLV request (degraded, retrying)",Authorization,1821,SES_000678,REQ_00001019,2026-09-12 13:59:26
EVT_001020,IF_ORD_002,ORD,PAY,API,REST,Warning,ORD_INFRA_121,"WARNING: Infrastructure fault on ORD: node unavailable (degraded, retrying)",Infrastructure,364,SES_000679,REQ_00001020,2026-09-10 12:02:58
EVT_001021,IF_PAY_001,PAY,ORD,API,REST,Failed,PAY_EXT_122,External service ORD returned an error response,ExternalService,1888,SES_000679,REQ_00001021,2026-09-10 12:06:08
EVT_001022,IF_PAY_002,PAY,PRC,API,REST,Warning,PAY_AUTHZ_123,"WARNING: Authorization denied for PAY->PRC request (degraded, retrying)",Authorization,2414,SES_000679,REQ_00001022,2026-09-10 12:05:04
EVT_001023,IF_MFG_001,MFG,ASM,MsgBus,Async,Warning,MFG_INFRA_124,"WARNING: Infrastructure fault on MFG: node unavailable (degraded, retrying)",Infrastructure,755,SES_000680,REQ_00001023,2026-09-15 15:09:16
EVT_001024,IF_ORD_001,ORD,MFG,MsgBus,Async,Warning,ORD_EXT_125,"WARNING: External service MFG returned an error response (degraded, retrying)",ExternalService,1084,SES_000681,REQ_00001024,2026-09-16 09:07:49
EVT_001025,IF_ORD_002,ORD,PAY,API,REST,Failed,ORD_AUTH_126,Authentication rejected between ORD and PAY,Authentication,720,SES_000682,REQ_00001025,2026-09-14 19:56:27
EVT_001026,IF_DLV_002,DLV,PAY,MsgBus,Async,Warning,DLV_NET_127,"WARNING: Network error contacting PAY: connection reset (degraded, retrying)",Network,2422,SES_000683,REQ_00001026,2026-09-14 11:26:48
EVT_001027,IF_MFG_003,MFG,DLV,ESB,CDC,Failed,MFG_AUTH_128,Authentication rejected between MFG and DLV,Authentication,1219,SES_000684,REQ_00001027,2026-09-16 09:47:13
EVT_001028,IF_PRC_002,PRC,ASM,MsgBus,Async,Warning,PRC_EXT_129,"WARNING: External service ASM returned an error response (degraded, retrying)",ExternalService,1386,SES_000685,REQ_00001028,2026-09-10 07:44:26
EVT_001029,IF_PRC_001,PRC,MFG,ESB,SOAP,Warning,PRC_INFRA_130,"WARNING: Infrastructure fault on PRC: node unavailable (degraded, retrying)",Infrastructure,691,SES_000686,REQ_00001029,2026-09-11 13:32:07
EVT_001030,IF_PAY_001,PAY,ORD,API,REST,Warning,PAY_CAP_131,"WARNING: Capacity limit reached on PAY: request throttled (degraded, retrying)",Capacity,309,SES_000687,REQ_00001030,2026-09-11 10:57:55
EVT_001031,IF_ORD_004,ORD,DLV,ESB,Batch,Warning,ORD_DB_132,"WARNING: Database ORD operation failed: connection pool exhausted (degraded, retrying)",Database,8563,SES_000687,REQ_00001031,2026-09-11 11:00:18
EVT_001032,IF_ORD_003,ORD,PRC,ESB,SOAP,Warning,ORD_CAP_133,"WARNING: Capacity limit reached on ORD: request throttled (degraded, retrying)",Capacity,2369,SES_000688,REQ_00001032,2026-09-15 16:00:03
EVT_001033,IF_MFG_003,MFG,DLV,ESB,CDC,Failed,MFG_AUTHZ_134,Authorization denied for MFG->DLV request,Authorization,3013,SES_000689,REQ_00001033,2026-09-13 14:48:17
EVT_001034,IF_MFG_003,MFG,DLV,ESB,CDC,Warning,MFG_EXT_135,"WARNING: External service DLV returned an error response (degraded, retrying)",ExternalService,5281,SES_000690,REQ_00001034,2026-09-12 23:52:15
EVT_001035,IF_ASM_001,ASM,DLV,ESB,Batch,Warning,ASM_INFRA_136,"WARNING: Infrastructure fault on ASM: node unavailable (degraded, retrying)",Infrastructure,3232,SES_000691,REQ_00001035,2026-09-16 08:29:55
EVT_001036,IF_MFG_001,MFG,ASM,MsgBus,Async,Warning,MFG_TMO_137,"WARNING: Timeout waiting for ASM to respond (degraded, retrying)",Timeout,2367,SES_000692,REQ_00001036,2026-09-16 17:23:28
EVT_001037,IF_ASM_001,ASM,DLV,ESB,Batch,Failed,ASM_AUTHZ_138,Authorization denied for ASM->DLV request,Authorization,1616,SES_000692,REQ_00001037,2026-09-16 17:26:34
EVT_001038,IF_ORD_001,ORD,MFG,MsgBus,Async,Failed,ORD_TMO_139,Timeout waiting for MFG to respond,Timeout,1980,SES_000693,REQ_00001038,2026-09-13 12:39:50
EVT_001039,IF_ASM_001,ASM,DLV,ESB,Batch,Warning,ASM_CAP_140,"WARNING: Capacity limit reached on ASM: request throttled (degraded, retrying)",Capacity,1391,SES_000694,REQ_00001039,2026-09-15 12:38:12
EVT_001040,IF_DLV_001,DLV,ORD,API,REST,Failed,DLV_VAL_141,Validation failed for payload from DLV,Validation,2080,SES_000694,REQ_00001040,2026-09-15 12:40:48
EVT_001041,IF_PRC_002,PRC,ASM,MsgBus,Async,Failed,PRC_INFRA_142,Infrastructure fault on PRC: node unavailable,Infrastructure,1729,SES_000695,REQ_00001041,2026-09-13 20:30:42
EVT_001042,IF_ASM_001,ASM,DLV,ESB,Batch,Failed,ASM_AUTHZ_143,Authorization denied for ASM->DLV request,Authorization,1953,SES_000695,REQ_00001042,2026-09-13 20:32:06
EVT_001043,IF_PAY_002,PAY,PRC,API,REST,Warning,PAY_INFRA_144,"WARNING: Infrastructure fault on PAY: node unavailable (degraded, retrying)",Infrastructure,3114,SES_000696,REQ_00001043,2026-09-11 16:42:30
EVT_001044,IF_MFG_003,MFG,DLV,ESB,CDC,Warning,MFG_CAP_145,"WARNING: Capacity limit reached on MFG: request throttled (degraded, retrying)",Capacity,1055,SES_000697,REQ_00001044,2026-09-16 15:55:14
EVT_001045,IF_MFG_001,MFG,ASM,MsgBus,Async,Failed,MFG_EXT_146,External service ASM returned an error response,ExternalService,3204,SES_000698,REQ_00001045,2026-09-15 16:24:41
EVT_001046,IF_ASM_002,ASM,MFG,API,REST,Warning,ASM_CAP_147,"WARNING: Capacity limit reached on ASM: request throttled (degraded, retrying)",Capacity,2624,SES_000698,REQ_00001046,2026-09-15 16:25:28
EVT_001047,IF_ORD_003,ORD,PRC,ESB,SOAP,Failed,ORD_DB_148,Database ORD operation failed: connection pool exhausted,Database,1785,SES_000699,REQ_00001047,2026-09-10 14:08:54
EVT_001048,IF_PRC_001,PRC,MFG,ESB,SOAP,Failed,PRC_INFRA_149,Infrastructure fault on PRC: node unavailable,Infrastructure,1379,SES_000699,REQ_00001048,2026-09-10 14:11:39
EVT_001049,IF_PRC_002,PRC,ASM,MsgBus,Async,Warning,PRC_DB_150,"WARNING: Database PRC operation failed: connection pool exhausted (degraded, retrying)",Database,2434,SES_000699,REQ_00001049,2026-09-10 14:10:49
EVT_001050,IF_ORD_002,ORD,PAY,API,REST,Warning,ORD_INFRA_151,"WARNING: Infrastructure fault on ORD: node unavailable (degraded, retrying)",Infrastructure,1918,SES_000700,REQ_00001050,2026-09-11 17:18:53
EVT_001051,IF_PRC_001,PRC,MFG,ESB,SOAP,Warning,PRC_AUTH_152,"WARNING: Authentication rejected between PRC and MFG (degraded, retrying)",Authentication,1646,SES_000701,REQ_00001051,2026-09-15 06:20:19
EVT_001052,IF_PAY_002,PAY,PRC,API,REST,Failed,PAY_AUTHZ_153,Authorization denied for PAY->PRC request,Authorization,1658,SES_000702,REQ_00001052,2026-09-16 10:18:45
EVT_001053,IF_MFG_003,MFG,DLV,ESB,CDC,Warning,MFG_TMO_154,"WARNING: Timeout waiting for DLV to respond (degraded, retrying)",Timeout,5946,SES_000703,REQ_00001053,2026-09-16 10:47:03
EVT_001054,IF_PAY_001,PAY,ORD,API,REST,Failed,PAY_TMO_155,Timeout waiting for ORD to respond,Timeout,1985,SES_000704,REQ_00001054,2026-09-16 09:01:35
EVT_001055,IF_MFG_003,MFG,DLV,ESB,CDC,Warning,MFG_VAL_156,"WARNING: Validation failed for payload from MFG (degraded, retrying)",Validation,7662,SES_000705,REQ_00001055,2026-09-14 16:18:44
EVT_001056,IF_ORD_003,ORD,PRC,ESB,SOAP,Warning,ORD_CAP_157,"WARNING: Capacity limit reached on ORD: request throttled (degraded, retrying)",Capacity,615,SES_000706,REQ_00001056,2026-09-16 06:59:45
EVT_001057,IF_PRC_002,PRC,ASM,MsgBus,Async,Failed,PRC_CFG_158,Configuration mismatch on PRC endpoint,Configuration,3760,SES_000706,REQ_00001057,2026-09-16 07:01:38
EVT_001058,IF_ORD_002,ORD,PAY,API,REST,Warning,ORD_EXT_159,"WARNING: External service PAY returned an error response (degraded, retrying)",ExternalService,1512,SES_000707,REQ_00001058,2026-09-14 08:50:54
EVT_001059,IF_PAY_001,PAY,ORD,API,REST,Failed,PAY_NET_160,Network error contacting ORD: connection reset,Network,1970,SES_000707,REQ_00001059,2026-09-14 08:52:27
EVT_001060,IF_PAY_002,PAY,PRC,API,REST,Failed,PAY_EXT_161,External service PRC returned an error response,ExternalService,5741,SES_000707,REQ_00001060,2026-09-14 08:54:38
EVT_001061,IF_ASM_001,ASM,DLV,ESB,Batch,Warning,ASM_NET_162,"WARNING: Network error contacting DLV: connection reset (degraded, retrying)",Network,3116,SES_000708,REQ_00001061,2026-09-12 15:11:41
EVT_001062,IF_ORD_001,ORD,MFG,MsgBus,Async,Failed,ORD_NET_163,Network error contacting MFG: connection reset,Network,1223,SES_000709,REQ_00001062,2026-09-12 15:28:23
EVT_001063,IF_ORD_003,ORD,PRC,ESB,SOAP,Warning,ORD_CAP_164,"WARNING: Capacity limit reached on ORD: request throttled (degraded, retrying)",Capacity,667,SES_000710,REQ_00001063,2026-09-10 14:36:30
EVT_001064,IF_PAY_001,PAY,ORD,API,REST,Warning,PAY_VAL_165,"WARNING: Validation failed for payload from PAY (degraded, retrying)",Validation,358,SES_000711,REQ_00001064,2026-09-13 11:08:06
EVT_001065,IF_ORD_001,ORD,MFG,MsgBus,Async,Failed,ORD_VAL_166,Validation failed for payload from ORD,Validation,890,SES_000711,REQ_00001065,2026-09-13 11:12:33
EVT_001066,IF_DLV_002,DLV,PAY,MsgBus,Async,Failed,DLV_CAP_167,Capacity limit reached on DLV: request throttled,Capacity,6015,SES_000712,REQ_00001066,2026-09-10 16:13:42
EVT_001067,IF_PAY_002,PAY,PRC,API,REST,Warning,PAY_INFRA_168,"WARNING: Infrastructure fault on PAY: node unavailable (degraded, retrying)",Infrastructure,1110,SES_000712,REQ_00001067,2026-09-10 16:18:38
EVT_001068,IF_ORD_003,ORD,PRC,ESB,SOAP,Warning,ORD_INFRA_169,"WARNING: Infrastructure fault on ORD: node unavailable (degraded, retrying)",Infrastructure,957,SES_000713,REQ_00001068,2026-09-16 06:07:32
EVT_001069,IF_PRC_001,PRC,MFG,ESB,SOAP,Failed,PRC_AUTH_170,Authentication rejected between PRC and MFG,Authentication,1588,SES_000713,REQ_00001069,2026-09-16 06:11:59
EVT_001070,IF_MFG_003,MFG,DLV,ESB,CDC,Warning,MFG_CAP_171,"WARNING: Capacity limit reached on MFG: request throttled (degraded, retrying)",Capacity,2191,SES_000714,REQ_00001070,2026-09-14 13:20:33
EVT_001071,IF_DLV_002,DLV,PAY,MsgBus,Async,Warning,DLV_AUTH_172,"WARNING: Authentication rejected between DLV and PAY (degraded, retrying)",Authentication,2954,SES_000714,REQ_00001071,2026-09-14 13:20:53
EVT_001072,IF_PAY_001,PAY,ORD,API,REST,Failed,PAY_CAP_173,Capacity limit reached on PAY: request throttled,Capacity,657,SES_000715,REQ_00001072,2026-09-11 14:13:37
EVT_001073,IF_ORD_002,ORD,PAY,API,REST,Warning,ORD_AUTH_174,"WARNING: Authentication rejected between ORD and PAY (degraded, retrying)",Authentication,672,SES_000715,REQ_00001073,2026-09-11 14:17:32
EVT_001074,IF_ORD_001,ORD,MFG,MsgBus,Async,Warning,ORD_NET_175,"WARNING: Network error contacting MFG: connection reset (degraded, retrying)",Network,1436,SES_000715,REQ_00001074,2026-09-11 14:14:52
EVT_001075,IF_PAY_001,PAY,ORD,API,REST,Warning,PAY_VAL_176,"WARNING: Validation failed for payload from PAY (degraded, retrying)",Validation,627,SES_000716,REQ_00001075,2026-09-15 15:12:45
EVT_001076,IF_ORD_001,ORD,MFG,MsgBus,Async,Warning,ORD_NET_177,"WARNING: Network error contacting MFG: connection reset (degraded, retrying)",Network,1287,SES_000716,REQ_00001076,2026-09-15 15:14:53
EVT_001077,IF_PAY_001,PAY,ORD,API,REST,Failed,PAY_AUTH_178,Authentication rejected between PAY and ORD,Authentication,437,SES_000717,REQ_00001077,2026-09-13 07:40:05
EVT_001078,IF_ORD_004,ORD,DLV,ESB,Batch,Failed,ORD_NET_179,Network error contacting DLV: connection reset,Network,4669,SES_000717,REQ_00001078,2026-09-13 07:43:20
EVT_001079,IF_ORD_001,ORD,MFG,MsgBus,Async,Failed,ORD_CAP_180,Capacity limit reached on ORD: request throttled,Capacity,1012,SES_000718,REQ_00001079,2026-09-12 14:51:31
EVT_001080,IF_ORD_002,ORD,PAY,API,REST,Warning,ORD_VAL_181,"WARNING: Validation failed for payload from ORD (degraded, retrying)",Validation,593,SES_000719,REQ_00001080,2026-09-10 09:48:24
EVT_001081,IF_PRC_002,PRC,ASM,MsgBus,Async,Failed,PRC_INFRA_182,Infrastructure fault on PRC: node unavailable,Infrastructure,814,SES_000720,REQ_00001081,2026-09-14 09:00:43
EVT_001082,IF_ASM_001,ASM,DLV,ESB,Batch,Failed,ASM_INFRA_183,Infrastructure fault on ASM: node unavailable,Infrastructure,1258,SES_000720,REQ_00001082,2026-09-14 09:04:19
EVT_001083,IF_PRC_002,PRC,ASM,MsgBus,Async,Warning,PRC_CFG_184,"WARNING: Configuration mismatch on PRC endpoint (degraded, retrying)",Configuration,816,SES_000721,REQ_00001083,2026-09-13 13:17:27
EVT_001084,IF_MFG_001,MFG,ASM,MsgBus,Async,Failed,MFG_CFG_185,Configuration mismatch on MFG endpoint,Configuration,2017,SES_000722,REQ_00001084,2026-09-13 16:54:05
EVT_001085,IF_ASM_001,ASM,DLV,ESB,Batch,Failed,ASM_EXT_186,External service DLV returned an error response,ExternalService,2829,SES_000722,REQ_00001085,2026-09-13 16:54:12
EVT_001086,IF_ASM_002,ASM,MFG,API,REST,Warning,ASM_VAL_187,"WARNING: Validation failed for payload from ASM (degraded, retrying)",Validation,2120,SES_000722,REQ_00001086,2026-09-13 16:55:16
EVT_001087,IF_MFG_001,MFG,ASM,MsgBus,Async,Warning,MFG_DB_188,"WARNING: Database MFG operation failed: connection pool exhausted (degraded, retrying)",Database,2935,SES_000723,REQ_00001087,2026-09-14 15:25:00
EVT_001088,IF_DLV_001,DLV,ORD,API,REST,Warning,DLV_VAL_189,"WARNING: Validation failed for payload from DLV (degraded, retrying)",Validation,3011,SES_000724,REQ_00001088,2026-09-11 22:42:58
EVT_001089,IF_ORD_002,ORD,PAY,API,REST,Warning,ORD_INFRA_190,"WARNING: Infrastructure fault on ORD: node unavailable (degraded, retrying)",Infrastructure,568,SES_000724,REQ_00001089,2026-09-11 22:43:38
EVT_001090,IF_PAY_002,PAY,PRC,API,REST,Failed,PAY_CFG_191,Configuration mismatch on PAY endpoint,Configuration,3695,SES_000725,REQ_00001090,2026-09-13 13:10:23
EVT_001091,IF_ORD_002,ORD,PAY,API,REST,Warning,ORD_CAP_192,"WARNING: Capacity limit reached on ORD: request throttled (degraded, retrying)",Capacity,491,SES_000726,REQ_00001091,2026-09-12 11:18:16
EVT_001092,IF_MFG_003,MFG,DLV,ESB,CDC,Warning,MFG_TMO_193,"WARNING: Timeout waiting for DLV to respond (degraded, retrying)",Timeout,6085,SES_000727,REQ_00001092,2026-09-15 13:57:02
EVT_001093,IF_DLV_002,DLV,PAY,MsgBus,Async,Failed,DLV_INFRA_194,Infrastructure fault on DLV: node unavailable,Infrastructure,5926,SES_000727,REQ_00001093,2026-09-15 14:00:03
EVT_001094,IF_ORD_002,ORD,PAY,API,REST,Failed,ORD_TMO_195,Timeout waiting for PAY to respond,Timeout,490,SES_000728,REQ_00001094,2026-09-11 07:32:57
EVT_001095,IF_PAY_001,PAY,ORD,API,REST,Warning,PAY_EXT_196,"WARNING: External service ORD returned an error response (degraded, retrying)",ExternalService,1836,SES_000728,REQ_00001095,2026-09-11 07:36:10
EVT_001096,IF_PAY_002,PAY,PRC,API,REST,Warning,PAY_TMO_197,"WARNING: Timeout waiting for PRC to respond (degraded, retrying)",Timeout,5540,SES_000728,REQ_00001096,2026-09-11 07:35:16
EVT_001097,IF_PAY_001,PAY,ORD,API,REST,Warning,PAY_CFG_198,"WARNING: Configuration mismatch on PAY endpoint (degraded, retrying)",Configuration,310,SES_000729,REQ_00001097,2026-09-11 11:27:00
EVT_001098,IF_ORD_001,ORD,MFG,MsgBus,Async,Failed,ORD_TMO_199,Timeout waiting for MFG to respond,Timeout,1938,SES_000729,REQ_00001098,2026-09-11 11:28:24
EVT_001099,IF_ASM_002,ASM,MFG,API,REST,Warning,ASM_AUTHZ_200,"WARNING: Authorization denied for ASM->MFG request (degraded, retrying)",Authorization,2252,SES_000730,REQ_00001099,2026-09-10 12:35:31
EVT_001100,IF_PAY_001,PAY,ORD,API,REST,Failed,PAY_NET_201,Network error contacting ORD: connection reset,Network,1455,SES_000731,REQ_00001100,2026-09-15 19:53:52
EVT_001101,IF_ORD_002,ORD,PAY,API,REST,Warning,ORD_CAP_202,"WARNING: Capacity limit reached on ORD: request throttled (degraded, retrying)",Capacity,711,SES_000731,REQ_00001101,2026-09-15 19:56:49
EVT_001102,IF_PAY_001,PAY,ORD,API,REST,Warning,PAY_VAL_203,"WARNING: Validation failed for payload from PAY (degraded, retrying)",Validation,359,SES_000732,REQ_00001102,2026-09-12 10:05:48
EVT_001103,IF_ORD_004,ORD,DLV,ESB,Batch,Warning,ORD_NET_204,"WARNING: Network error contacting DLV: connection reset (degraded, retrying)",Network,9660,SES_000732,REQ_00001103,2026-09-12 10:07:31
EVT_001104,IF_ORD_001,ORD,MFG,MsgBus,Async,Warning,ORD_CAP_205,"WARNING: Capacity limit reached on ORD: request throttled (degraded, retrying)",Capacity,1133,SES_000732,REQ_00001104,2026-09-12 10:07:22
EVT_001105,IF_ORD_002,ORD,PAY,API,REST,Failed,ORD_CFG_206,Configuration mismatch on ORD endpoint,Configuration,1546,SES_000733,REQ_00001105,2026-09-13 06:12:59
EVT_001106,IF_PAY_002,PAY,PRC,API,REST,Warning,PAY_DB_207,"WARNING: Database PAY operation failed: connection pool exhausted (degraded, retrying)",Database,4706,SES_000733,REQ_00001106,2026-09-13 06:15:53
EVT_001107,IF_MFG_003,MFG,DLV,ESB,CDC,Warning,MFG_CFG_208,"WARNING: Configuration mismatch on MFG endpoint (degraded, retrying)",Configuration,3820,SES_000734,REQ_00001107,2026-09-12 08:23:17
EVT_001108,IF_DLV_001,DLV,ORD,API,REST,Warning,DLV_CAP_209,"WARNING: Capacity limit reached on DLV: request throttled (degraded, retrying)",Capacity,570,SES_000734,REQ_00001108,2026-09-12 08:25:45
EVT_001109,IF_ORD_001,ORD,MFG,MsgBus,Async,Failed,ORD_VAL_210,Validation failed for payload from ORD,Validation,1479,SES_000735,REQ_00001109,2026-09-13 11:19:07
EVT_001110,IF_PAY_001,PAY,ORD,API,REST,Warning,PAY_CFG_211,"WARNING: Configuration mismatch on PAY endpoint (degraded, retrying)",Configuration,1113,SES_000736,REQ_00001110,2026-09-15 16:33:38
EVT_001111,IF_DLV_002,DLV,PAY,MsgBus,Async,Warning,DLV_CFG_212,"WARNING: Configuration mismatch on DLV endpoint (degraded, retrying)",Configuration,2591,SES_000737,REQ_00001111,2026-09-14 09:37:58
EVT_001112,IF_PAY_001,PAY,ORD,API,REST,Failed,PAY_CFG_213,Configuration mismatch on PAY endpoint,Configuration,746,SES_000737,REQ_00001112,2026-09-14 09:42:02
EVT_001113,IF_PAY_002,PAY,PRC,API,REST,Warning,PAY_VAL_214,"WARNING: Validation failed for payload from PAY (degraded, retrying)",Validation,2607,SES_000737,REQ_00001113,2026-09-14 09:39:05
EVT_001114,IF_PAY_002,PAY,PRC,API,REST,Warning,PAY_TMO_215,"WARNING: Timeout waiting for PRC to respond (degraded, retrying)",Timeout,5955,SES_000738,REQ_00001114,2026-09-16 17:58:35
EVT_001115,IF_ORD_001,ORD,MFG,MsgBus,Async,Failed,ORD_INFRA_216,Infrastructure fault on ORD: node unavailable,Infrastructure,551,SES_000739,REQ_00001115,2026-09-14 19:32:50
EVT_001116,IF_MFG_003,MFG,DLV,ESB,CDC,Failed,MFG_VAL_217,Validation failed for payload from MFG,Validation,4114,SES_000739,REQ_00001116,2026-09-14 19:37:05
EVT_001117,IF_MFG_001,MFG,ASM,MsgBus,Async,Warning,MFG_EXT_218,"WARNING: External service ASM returned an error response (degraded, retrying)",ExternalService,2042,SES_000739,REQ_00001117,2026-09-14 19:37:12
EVT_001118,IF_MFG_001,MFG,ASM,MsgBus,Async,Failed,MFG_VAL_219,Validation failed for payload from MFG,Validation,1283,SES_000740,REQ_00001118,2026-09-11 00:36:13
EVT_001119,IF_ORD_003,ORD,PRC,ESB,SOAP,Failed,ORD_CFG_220,Configuration mismatch on ORD endpoint,Configuration,668,SES_000741,REQ_00001119,2026-09-12 17:18:45
EVT_001120,IF_PRC_002,PRC,ASM,MsgBus,Async,Warning,PRC_DB_221,"WARNING: Database PRC operation failed: connection pool exhausted (degraded, retrying)",Database,2730,SES_000741,REQ_00001120,2026-09-12 17:19:55
EVT_001121,IF_PRC_001,PRC,MFG,ESB,SOAP,Warning,PRC_DB_222,"WARNING: Database PRC operation failed: connection pool exhausted (degraded, retrying)",Database,2748,SES_000741,REQ_00001121,2026-09-12 17:20:34
EVT_001122,IF_PRC_002,PRC,ASM,MsgBus,Async,Warning,PRC_EXT_223,"WARNING: External service ASM returned an error response (degraded, retrying)",ExternalService,3460,SES_000742,REQ_00001122,2026-09-12 11:45:56
EVT_001123,IF_ORD_002,ORD,PAY,API,REST,Warning,ORD_INFRA_224,"WARNING: Infrastructure fault on ORD: node unavailable (degraded, retrying)",Infrastructure,1906,SES_000743,REQ_00001123,2026-09-15 17:52:22
EVT_001124,IF_MFG_002,MFG,PRC,API,REST,Warning,MFG_AUTH_225,"WARNING: Authentication rejected between MFG and PRC (degraded, retrying)",Authentication,2988,SES_000744,REQ_00001124,2026-09-16 14:46:47
EVT_001125,IF_ORD_002,ORD,PAY,API,REST,Warning,ORD_EXT_226,"WARNING: External service PAY returned an error response (degraded, retrying)",ExternalService,716,SES_000745,REQ_00001125,2026-09-16 12:20:17
EVT_001126,IF_PRC_001,PRC,MFG,ESB,SOAP,Failed,PRC_INFRA_227,Infrastructure fault on PRC: node unavailable,Infrastructure,883,SES_000746,REQ_00001126,2026-09-12 09:30:05
EVT_001127,IF_DLV_002,DLV,PAY,MsgBus,Async,Warning,DLV_CAP_228,"WARNING: Capacity limit reached on DLV: request throttled (degraded, retrying)",Capacity,5902,SES_000747,REQ_00001127,2026-09-15 10:19:10
EVT_001128,IF_PRC_002,PRC,ASM,MsgBus,Async,Warning,PRC_DB_229,"WARNING: Database PRC operation failed: connection pool exhausted (degraded, retrying)",Database,2619,SES_000748,REQ_00001128,2026-09-15 21:06:46
EVT_001129,IF_ASM_002,ASM,MFG,API,REST,Warning,ASM_NET_230,"WARNING: Network error contacting MFG: connection reset (degraded, retrying)",Network,2771,SES_000748,REQ_00001129,2026-09-15 21:07:55
EVT_001130,IF_ORD_001,ORD,MFG,MsgBus,Async,Warning,ORD_AUTHZ_231,"WARNING: Authorization denied for ORD->MFG request (degraded, retrying)",Authorization,1160,SES_000749,REQ_00001130,2026-09-14 02:00:50
EVT_001131,IF_PRC_001,PRC,MFG,ESB,SOAP,Failed,PRC_VAL_232,Validation failed for payload from PRC,Validation,1638,SES_000750,REQ_00001131,2026-09-13 17:19:21
EVT_001132,IF_MFG_003,MFG,DLV,ESB,CDC,Warning,MFG_VAL_233,"WARNING: Validation failed for payload from MFG (degraded, retrying)",Validation,3027,SES_000750,REQ_00001132,2026-09-13 17:24:01
EVT_001133,IF_PAY_001,PAY,ORD,API,REST,Failed,PAY_AUTH_234,Authentication rejected between PAY and ORD,Authentication,500,SES_000751,REQ_00001133,2026-09-10 19:01:14
EVT_001134,IF_ORD_002,ORD,PAY,API,REST,Failed,ORD_NET_235,Network error contacting PAY: connection reset,Network,1933,SES_000752,REQ_00001134,2026-09-15 17:07:31
EVT_001135,IF_PAY_001,PAY,ORD,API,REST,Failed,PAY_NET_236,Network error contacting ORD: connection reset,Network,1841,SES_000752,REQ_00001135,2026-09-15 17:10:37
EVT_001136,IF_ORD_002,ORD,PAY,API,REST,Failed,ORD_AUTH_237,Authentication rejected between ORD and PAY,Authentication,819,SES_000753,REQ_00001136,2026-09-11 12:21:38
EVT_001137,IF_MFG_003,MFG,DLV,ESB,CDC,Warning,MFG_NET_238,"WARNING: Network error contacting DLV: connection reset (degraded, retrying)",Network,6296,SES_000754,REQ_00001137,2026-09-12 19:42:23
EVT_001138,IF_PAY_001,PAY,ORD,API,REST,Warning,PAY_TMO_239,"WARNING: Timeout waiting for ORD to respond (degraded, retrying)",Timeout,1575,SES_000755,REQ_00001138,2026-09-16 15:20:09
EVT_001139,IF_ASM_002,ASM,MFG,API,REST,Failed,ASM_TMO_240,Timeout waiting for MFG to respond,Timeout,3513,SES_000756,REQ_00001139,2026-09-11 08:08:11
EVT_001140,IF_MFG_003,MFG,DLV,ESB,CDC,Warning,MFG_EXT_241,"WARNING: External service DLV returned an error response (degraded, retrying)",ExternalService,4186,SES_000757,REQ_00001140,2026-09-16 15:08:51
EVT_001141,IF_ORD_001,ORD,MFG,MsgBus,Async,Warning,ORD_VAL_242,"WARNING: Validation failed for payload from ORD (degraded, retrying)",Validation,609,SES_000758,REQ_00001141,2026-09-14 13:14:24
EVT_001142,IF_ORD_002,ORD,PAY,API,REST,Warning,ORD_AUTHZ_243,"WARNING: Authorization denied for ORD->PAY request (degraded, retrying)",Authorization,597,SES_000759,REQ_00001142,2026-09-15 07:23:00
EVT_001143,IF_DLV_001,DLV,ORD,API,REST,Warning,DLV_INFRA_244,"WARNING: Infrastructure fault on DLV: node unavailable (degraded, retrying)",Infrastructure,4103,SES_000760,REQ_00001143,2026-09-10 19:23:54
EVT_001144,IF_ORD_001,ORD,MFG,MsgBus,Async,Failed,ORD_INFRA_245,Infrastructure fault on ORD: node unavailable,Infrastructure,2349,SES_000761,REQ_00001144,2026-09-13 10:52:14
EVT_001145,IF_PRC_001,PRC,MFG,ESB,SOAP,Failed,PRC_INFRA_246,Infrastructure fault on PRC: node unavailable,Infrastructure,645,SES_000762,REQ_00001145,2026-09-15 08:37:04
EVT_001146,IF_MFG_003,MFG,DLV,ESB,CDC,Failed,MFG_EXT_247,External service DLV returned an error response,ExternalService,2653,SES_000762,REQ_00001146,2026-09-15 08:41:57
EVT_001147,IF_PAY_002,PAY,PRC,API,REST,Failed,PAY_AUTHZ_248,Authorization denied for PAY->PRC request,Authorization,2531,SES_000763,REQ_00001147,2026-09-15 09:33:44
EVT_001148,IF_PRC_002,PRC,ASM,MsgBus,Async,Failed,PRC_DB_249,Database PRC operation failed: connection pool exhausted,Database,2621,SES_000763,REQ_00001148,2026-09-15 09:34:16
EVT_001149,IF_MFG_002,MFG,PRC,API,REST,Warning,MFG_VAL_250,"WARNING: Validation failed for payload from MFG (degraded, retrying)",Validation,2607,SES_000764,REQ_00001149,2026-09-11 01:53:27
EVT_001150,IF_ORD_002,ORD,PAY,API,REST,Warning,ORD_VAL_251,"WARNING: Validation failed for payload from ORD (degraded, retrying)",Validation,481,SES_000765,REQ_00001150,2026-09-12 16:27:59
EVT_001151,IF_ORD_002,ORD,PAY,API,REST,Warning,ORD_VAL_252,"WARNING: Validation failed for payload from ORD (degraded, retrying)",Validation,1957,SES_000766,REQ_00001151,2026-09-13 14:14:25
EVT_001152,IF_ORD_002,ORD,PAY,API,REST,Warning,ORD_EXT_253,"WARNING: External service PAY returned an error response (degraded, retrying)",ExternalService,1072,SES_000767,REQ_00001152,2026-09-15 15:52:24
EVT_001153,IF_ORD_002,ORD,PAY,API,REST,Failed,ORD_CFG_254,Configuration mismatch on ORD endpoint,Configuration,797,SES_000768,REQ_00001153,2026-09-16 11:15:18
EVT_001154,IF_PAY_002,PAY,PRC,API,REST,Warning,PAY_CAP_255,"WARNING: Capacity limit reached on PAY: request throttled (degraded, retrying)",Capacity,2255,SES_000768,REQ_00001154,2026-09-16 11:17:23
EVT_001155,IF_ORD_001,ORD,MFG,MsgBus,Async,Failed,ORD_AUTHZ_256,Authorization denied for ORD->MFG request,Authorization,921,SES_000769,REQ_00001155,2026-09-16 13:03:20
EVT_001156,IF_PAY_002,PAY,PRC,API,REST,Warning,PAY_NET_257,"WARNING: Network error contacting PRC: connection reset (degraded, retrying)",Network,3688,SES_000770,REQ_00001156,2026-09-12 16:46:22
EVT_001157,IF_MFG_001,MFG,ASM,MsgBus,Async,Failed,MFG_CAP_258,Capacity limit reached on MFG: request throttled,Capacity,2235,SES_000771,REQ_00001157,2026-09-14 17:09:01
EVT_001158,IF_ORD_002,ORD,PAY,API,REST,Failed,ORD_INFRA_259,Infrastructure fault on ORD: node unavailable,Infrastructure,935,SES_000772,REQ_00001158,2026-09-10 18:05:45
EVT_001159,IF_PRC_002,PRC,ASM,MsgBus,Async,Warning,PRC_TMO_260,"WARNING: Timeout waiting for ASM to respond (degraded, retrying)",Timeout,3138,SES_000773,REQ_00001159,2026-09-14 22:38:41
EVT_001160,IF_ASM_001,ASM,DLV,ESB,Batch,Warning,ASM_CFG_261,"WARNING: Configuration mismatch on ASM endpoint (degraded, retrying)",Configuration,700,SES_000774,REQ_00001160,2026-09-16 20:02:57
EVT_001161,IF_DLV_002,DLV,PAY,MsgBus,Async,Failed,DLV_INFRA_262,Infrastructure fault on DLV: node unavailable,Infrastructure,3498,SES_000774,REQ_00001161,2026-09-16 20:03:48
EVT_001162,IF_DLV_001,DLV,ORD,API,REST,Warning,DLV_TMO_263,"WARNING: Timeout waiting for ORD to respond (degraded, retrying)",Timeout,1794,SES_000774,REQ_00001162,2026-09-16 20:03:43
EVT_001163,IF_PAY_001,PAY,ORD,API,REST,Failed,PAY_TMO_264,Timeout waiting for ORD to respond,Timeout,872,SES_000775,REQ_00001163,2026-09-11 07:36:23
EVT_001164,IF_ORD_004,ORD,DLV,ESB,Batch,Warning,ORD_AUTHZ_265,"WARNING: Authorization denied for ORD->DLV request (degraded, retrying)",Authorization,4936,SES_000775,REQ_00001164,2026-09-11 07:41:16
EVT_001165,IF_PRC_001,PRC,MFG,ESB,SOAP,Failed,PRC_CAP_266,Capacity limit reached on PRC: request throttled,Capacity,2028,SES_000776,REQ_00001165,2026-09-16 14:43:08
EVT_001166,IF_ORD_004,ORD,DLV,ESB,Batch,Failed,ORD_DB_267,Database ORD operation failed: connection pool exhausted,Database,10039,SES_000777,REQ_00001166,2026-09-14 12:56:56
EVT_001167,IF_PAY_001,PAY,ORD,API,REST,Failed,PAY_NET_268,Network error contacting ORD: connection reset,Network,819,SES_000778,REQ_00001167,2026-09-10 09:06:18
EVT_001168,IF_DLV_002,DLV,PAY,MsgBus,Async,Failed,DLV_NET_269,Network error contacting PAY: connection reset,Network,8781,SES_000779,REQ_00001168,2026-09-12 13:41:34
EVT_001169,IF_PAY_001,PAY,ORD,API,REST,Warning,PAY_TMO_270,"WARNING: Timeout waiting for ORD to respond (degraded, retrying)",Timeout,803,SES_000780,REQ_00001169,2026-09-13 09:21:04
EVT_001170,IF_ORD_004,ORD,DLV,ESB,Batch,Warning,ORD_CFG_271,"WARNING: Configuration mismatch on ORD endpoint (degraded, retrying)",Configuration,11409,SES_000780,REQ_00001170,2026-09-13 09:25:06
EVT_001171,IF_ASM_002,ASM,MFG,API,REST,Warning,ASM_CFG_272,"WARNING: Configuration mismatch on ASM endpoint (degraded, retrying)",Configuration,858,SES_000781,REQ_00001171,2026-09-13 07:51:23
EVT_001172,IF_ORD_002,ORD,PAY,API,REST,Failed,ORD_AUTH_273,Authentication rejected between ORD and PAY,Authentication,644,SES_000782,REQ_00001172,2026-09-15 12:16:40
EVT_001173,IF_DLV_002,DLV,PAY,MsgBus,Async,Failed,DLV_DB_274,Database DLV operation failed: connection pool exhausted,Database,2326,SES_000783,REQ_00001173,2026-09-16 12:13:42
EVT_001174,IF_PAY_001,PAY,ORD,API,REST,Warning,PAY_EXT_275,"WARNING: External service ORD returned an error response (degraded, retrying)",ExternalService,1212,SES_000783,REQ_00001174,2026-09-16 12:15:25
EVT_001175,IF_PAY_001,PAY,ORD,API,REST,Warning,PAY_EXT_276,"WARNING: External service ORD returned an error response (degraded, retrying)",ExternalService,1730,SES_000784,REQ_00001175,2026-09-16 09:44:27
EVT_001176,IF_MFG_001,MFG,ASM,MsgBus,Async,Failed,MFG_AUTHZ_277,Authorization denied for MFG->ASM request,Authorization,621,SES_000785,REQ_00001176,2026-09-11 07:42:37
EVT_001177,IF_PAY_002,PAY,PRC,API,REST,Failed,PAY_VAL_278,Validation failed for payload from PAY,Validation,3366,SES_000786,REQ_00001177,2026-09-13 17:07:50
EVT_001178,IF_PAY_002,PAY,PRC,API,REST,Failed,PAY_CFG_279,Configuration mismatch on PAY endpoint,Configuration,3437,SES_000787,REQ_00001178,2026-09-16 09:28:40
EVT_001179,IF_PAY_001,PAY,ORD,API,REST,Warning,PAY_CAP_280,"WARNING: Capacity limit reached on PAY: request throttled (degraded, retrying)",Capacity,851,SES_000788,REQ_00001179,2026-09-16 09:24:13
EVT_001180,IF_DLV_001,DLV,ORD,API,REST,Warning,DLV_TMO_281,"WARNING: Timeout waiting for ORD to respond (degraded, retrying)",Timeout,2080,SES_000789,REQ_00001180,2026-09-12 18:32:52
EVT_001181,IF_ORD_001,ORD,MFG,MsgBus,Async,Failed,ORD_EXT_282,External service MFG returned an error response,ExternalService,1047,SES_000790,REQ_00001181,2026-09-13 13:48:21
EVT_001182,IF_MFG_001,MFG,ASM,MsgBus,Async,Failed,MFG_EXT_283,External service ASM returned an error response,ExternalService,2707,SES_000790,REQ_00001182,2026-09-13 13:50:48
EVT_001183,IF_MFG_003,MFG,DLV,ESB,CDC,Failed,MFG_NET_284,Network error contacting DLV: connection reset,Network,8635,SES_000790,REQ_00001183,2026-09-13 13:49:13
EVT_001184,IF_MFG_003,MFG,DLV,ESB,CDC,Failed,MFG_TMO_285,Timeout waiting for DLV to respond,Timeout,4669,SES_000791,REQ_00001184,2026-09-10 13:48:39
EVT_001185,IF_PRC_001,PRC,MFG,ESB,SOAP,Failed,PRC_CFG_286,Configuration mismatch on PRC endpoint,Configuration,1884,SES_000792,REQ_00001185,2026-09-16 12:14:49
EVT_001186,IF_DLV_001,DLV,ORD,API,REST,Warning,DLV_EXT_287,"WARNING: External service ORD returned an error response (degraded, retrying)",ExternalService,921,SES_000793,REQ_00001186,2026-09-16 19:26:58
EVT_001187,IF_ORD_001,ORD,MFG,MsgBus,Async,Failed,ORD_EXT_288,External service MFG returned an error response,ExternalService,2269,SES_000793,REQ_00001187,2026-09-16 19:29:37
EVT_001188,IF_ORD_004,ORD,DLV,ESB,Batch,Warning,ORD_INFRA_289,"WARNING: Infrastructure fault on ORD: node unavailable (degraded, retrying)",Infrastructure,4662,SES_000793,REQ_00001188,2026-09-16 19:27:16
EVT_001189,IF_PAY_001,PAY,ORD,API,REST,Warning,PAY_EXT_290,"WARNING: External service ORD returned an error response (degraded, retrying)",ExternalService,847,SES_000794,REQ_00001189,2026-09-14 17:38:20
EVT_001190,IF_ORD_001,ORD,MFG,MsgBus,Async,Warning,ORD_EXT_291,"WARNING: External service MFG returned an error response (degraded, retrying)",ExternalService,1965,SES_000794,REQ_00001190,2026-09-14 17:43:17
EVT_001191,IF_ORD_001,ORD,MFG,MsgBus,Async,Warning,ORD_VAL_292,"WARNING: Validation failed for payload from ORD (degraded, retrying)",Validation,315,SES_000795,REQ_00001191,2026-09-12 13:27:14
EVT_001192,IF_PRC_002,PRC,ASM,MsgBus,Async,Warning,PRC_CFG_293,"WARNING: Configuration mismatch on PRC endpoint (degraded, retrying)",Configuration,1831,SES_000796,REQ_00001192,2026-09-16 15:16:53
EVT_001193,IF_MFG_003,MFG,DLV,ESB,CDC,Failed,MFG_EXT_294,External service DLV returned an error response,ExternalService,1944,SES_000797,REQ_00001193,2026-09-11 04:45:34
EVT_001194,IF_ORD_002,ORD,PAY,API,REST,Warning,ORD_AUTH_295,"WARNING: Authentication rejected between ORD and PAY (degraded, retrying)",Authentication,364,SES_000798,REQ_00001194,2026-09-15 15:22:11
EVT_001195,IF_MFG_002,MFG,PRC,API,REST,Failed,MFG_INFRA_296,Infrastructure fault on MFG: node unavailable,Infrastructure,3082,SES_000799,REQ_00001195,2026-09-16 16:49:16
EVT_001196,IF_ORD_002,ORD,PAY,API,REST,Failed,ORD_AUTH_297,Authentication rejected between ORD and PAY,Authentication,1671,SES_000800,REQ_00001196,2026-09-10 08:59:38
EVT_001197,IF_ASM_002,ASM,MFG,API,REST,Failed,ASM_TMO_298,Timeout waiting for MFG to respond,Timeout,6093,SES_000801,REQ_00001197,2026-09-16 10:06:31
EVT_001198,IF_ORD_002,ORD,PAY,API,REST,Failed,ORD_INFRA_299,Infrastructure fault on ORD: node unavailable,Infrastructure,847,SES_000802,REQ_00001198,2026-09-12 15:28:51
EVT_001199,IF_ORD_004,ORD,DLV,ESB,Batch,Failed,ORD_DB_300,Database ORD operation failed: connection pool exhausted,Database,4504,SES_000803,REQ_00001199,2026-09-10 21:22:30
EVT_001200,IF_PRC_002,PRC,ASM,MsgBus,Async,Warning,PRC_CFG_301,"WARNING: Configuration mismatch on PRC endpoint (degraded, retrying)",Configuration,2385,SES_000804,REQ_00001200,2026-09-11 14:34:01
EVT_001201,IF_ASM_002,ASM,MFG,API,REST,Warning,ASM_TMO_302,"WARNING: Timeout waiting for MFG to respond (degraded, retrying)",Timeout,6186,SES_000804,REQ_00001201,2026-09-11 14:35:07
EVT_001202,IF_PRC_001,PRC,MFG,ESB,SOAP,Failed,PRC_EXT_303,External service MFG returned an error response,ExternalService,3528,SES_000805,REQ_00001202,2026-09-15 11:47:51
EVT_001203,IF_MFG_001,MFG,ASM,MsgBus,Async,Failed,MFG_CAP_304,Capacity limit reached on MFG: request throttled,Capacity,1067,SES_000805,REQ_00001203,2026-09-15 11:48:45
EVT_001204,IF_MFG_003,MFG,DLV,ESB,CDC,Warning,MFG_TMO_305,"WARNING: Timeout waiting for DLV to respond (degraded, retrying)",Timeout,4215,SES_000805,REQ_00001204,2026-09-15 11:52:02
EVT_001205,IF_PAY_001,PAY,ORD,API,REST,Failed,PAY_AUTHZ_306,Authorization denied for PAY->ORD request,Authorization,619,SES_000806,REQ_00001205,2026-09-16 11:06:38
EVT_001206,IF_ORD_002,ORD,PAY,API,REST,Warning,ORD_VAL_307,"WARNING: Validation failed for payload from ORD (degraded, retrying)",Validation,1219,SES_000806,REQ_00001206,2026-09-16 11:10:09
EVT_001207,IF_ORD_004,ORD,DLV,ESB,Batch,Warning,ORD_INFRA_308,"WARNING: Infrastructure fault on ORD: node unavailable (degraded, retrying)",Infrastructure,11912,SES_000806,REQ_00001207,2026-09-16 11:09:25
EVT_001208,IF_ORD_001,ORD,MFG,MsgBus,Async,Warning,ORD_AUTHZ_309,"WARNING: Authorization denied for ORD->MFG request (degraded, retrying)",Authorization,376,SES_000807,REQ_00001208,2026-09-12 09:20:07
EVT_001209,IF_MFG_003,MFG,DLV,ESB,CDC,Warning,MFG_CFG_310,"WARNING: Configuration mismatch on MFG endpoint (degraded, retrying)",Configuration,5101,SES_000807,REQ_00001209,2026-09-12 09:23:26
EVT_001210,IF_MFG_002,MFG,PRC,API,REST,Failed,MFG_EXT_311,External service PRC returned an error response,ExternalService,5688,SES_000808,REQ_00001210,2026-09-14 20:51:55
EVT_001211,IF_PRC_001,PRC,MFG,ESB,SOAP,Warning,PRC_EXT_312,"WARNING: External service MFG returned an error response (degraded, retrying)",ExternalService,1239,SES_000809,REQ_00001211,2026-09-11 09:51:31
EVT_001212,IF_ORD_003,ORD,PRC,ESB,SOAP,Warning,ORD_CAP_313,"WARNING: Capacity limit reached on ORD: request throttled (degraded, retrying)",Capacity,1635,SES_000810,REQ_00001212,2026-09-14 12:36:01
EVT_001213,IF_PRC_001,PRC,MFG,ESB,SOAP,Failed,PRC_DB_314,Database PRC operation failed: connection pool exhausted,Database,3068,SES_000810,REQ_00001213,2026-09-14 12:40:36
EVT_001214,IF_ORD_003,ORD,PRC,ESB,SOAP,Warning,ORD_EXT_315,"WARNING: External service PRC returned an error response (degraded, retrying)",ExternalService,1127,SES_000811,REQ_00001214,2026-09-16 17:46:19
EVT_001215,IF_PRC_001,PRC,MFG,ESB,SOAP,Warning,PRC_NET_316,"WARNING: Network error contacting MFG: connection reset (degraded, retrying)",Network,3302,SES_000812,REQ_00001215,2026-09-10 12:44:29
EVT_001216,IF_MFG_003,MFG,DLV,ESB,CDC,Warning,MFG_AUTHZ_317,"WARNING: Authorization denied for MFG->DLV request (degraded, retrying)",Authorization,2967,SES_000812,REQ_00001216,2026-09-10 12:44:36
EVT_001217,IF_DLV_002,DLV,PAY,MsgBus,Async,Failed,DLV_VAL_318,Validation failed for payload from DLV,Validation,4168,SES_000813,REQ_00001217,2026-09-11 09:12:46
EVT_001218,IF_ORD_001,ORD,MFG,MsgBus,Async,Failed,ORD_AUTH_319,Authentication rejected between ORD and MFG,Authentication,583,SES_000814,REQ_00001218,2026-09-12 18:02:07
EVT_001219,IF_MFG_001,MFG,ASM,MsgBus,Async,Failed,MFG_AUTHZ_320,Authorization denied for MFG->ASM request,Authorization,1892,SES_000815,REQ_00001219,2026-09-12 15:59:08
EVT_001220,IF_PRC_002,PRC,ASM,MsgBus,Async,Failed,PRC_TMO_321,Timeout waiting for ASM to respond,Timeout,2784,SES_000816,REQ_00001220,2026-09-13 15:42:07
EVT_001221,IF_ASM_001,ASM,DLV,ESB,Batch,Warning,ASM_AUTH_322,"WARNING: Authentication rejected between ASM and DLV (degraded, retrying)",Authentication,1303,SES_000816,REQ_00001221,2026-09-13 15:42:56
EVT_001222,IF_ASM_001,ASM,DLV,ESB,Batch,Failed,ASM_NET_323,Network error contacting DLV: connection reset,Network,1114,SES_000817,REQ_00001222,2026-09-16 17:42:41
EVT_001223,IF_DLV_002,DLV,PAY,MsgBus,Async,Warning,DLV_NET_324,"WARNING: Network error contacting PAY: connection reset (degraded, retrying)",Network,3740,SES_000817,REQ_00001223,2026-09-16 17:46:00
EVT_001224,IF_DLV_001,DLV,ORD,API,REST,Warning,DLV_AUTHZ_325,"WARNING: Authorization denied for DLV->ORD request (degraded, retrying)",Authorization,1362,SES_000817,REQ_00001224,2026-09-16 17:47:13
EVT_001225,IF_ORD_001,ORD,MFG,MsgBus,Async,Failed,ORD_AUTHZ_326,Authorization denied for ORD->MFG request,Authorization,628,SES_000818,REQ_00001225,2026-09-13 15:54:32
EVT_001226,IF_ORD_003,ORD,PRC,ESB,SOAP,Failed,ORD_AUTH_327,Authentication rejected between ORD and PRC,Authentication,2027,SES_000819,REQ_00001226,2026-09-11 16:12:04
EVT_001227,IF_PRC_001,PRC,MFG,ESB,SOAP,Warning,PRC_TMO_328,"WARNING: Timeout waiting for MFG to respond (degraded, retrying)",Timeout,3587,SES_000819,REQ_00001227,2026-09-11 16:13:02
EVT_001228,IF_PRC_002,PRC,ASM,MsgBus,Async,Failed,PRC_CFG_329,Configuration mismatch on PRC endpoint,Configuration,825,SES_000820,REQ_00001228,2026-09-13 11:07:59
EVT_001229,IF_ORD_001,ORD,MFG,MsgBus,Async,Failed,ORD_EXT_330,External service MFG returned an error response,ExternalService,774,SES_000821,REQ_00001229,2026-09-10 12:23:06
EVT_001230,IF_MFG_001,MFG,ASM,MsgBus,Async,Warning,MFG_DB_331,"WARNING: Database MFG operation failed: connection pool exhausted (degraded, retrying)",Database,2742,SES_000821,REQ_00001230,2026-09-10 12:27:33
EVT_001231,IF_MFG_003,MFG,DLV,ESB,CDC,Warning,MFG_DB_332,"WARNING: Database MFG operation failed: connection pool exhausted (degraded, retrying)",Database,5078,SES_000821,REQ_00001231,2026-09-10 12:25:00
EVT_001232,IF_MFG_001,MFG,ASM,MsgBus,Async,Warning,MFG_EXT_333,"WARNING: External service ASM returned an error response (degraded, retrying)",ExternalService,2019,SES_000822,REQ_00001232,2026-09-14 08:14:56
EVT_001233,IF_ASM_002,ASM,MFG,API,REST,Failed,ASM_AUTH_334,Authentication rejected between ASM and MFG,Authentication,2764,SES_000823,REQ_00001233,2026-09-15 10:13:10
EVT_001234,IF_MFG_003,MFG,DLV,ESB,CDC,Failed,MFG_CFG_335,Configuration mismatch on MFG endpoint,Configuration,1710,SES_000823,REQ_00001234,2026-09-15 10:15:48
EVT_001235,IF_MFG_001,MFG,ASM,MsgBus,Async,Warning,MFG_TMO_336,"WARNING: Timeout waiting for ASM to respond (degraded, retrying)",Timeout,3081,SES_000823,REQ_00001235,2026-09-15 10:14:37
EVT_001236,IF_ORD_001,ORD,MFG,MsgBus,Async,Warning,ORD_DB_337,"WARNING: Database ORD operation failed: connection pool exhausted (degraded, retrying)",Database,1382,SES_000824,REQ_00001236,2026-09-12 03:16:56
EVT_001237,IF_ORD_001,ORD,MFG,MsgBus,Async,Failed,ORD_AUTH_338,Authentication rejected between ORD and MFG,Authentication,988,SES_000825,REQ_00001237,2026-09-13 17:30:07
EVT_001238,IF_MFG_003,MFG,DLV,ESB,CDC,Warning,MFG_AUTHZ_339,"WARNING: Authorization denied for MFG->DLV request (degraded, retrying)",Authorization,1986,SES_000825,REQ_00001238,2026-09-13 17:31:00
EVT_001239,IF_PAY_001,PAY,ORD,API,REST,Failed,PAY_AUTHZ_340,Authorization denied for PAY->ORD request,Authorization,560,SES_000826,REQ_00001239,2026-09-14 10:31:16
EVT_001240,IF_MFG_001,MFG,ASM,MsgBus,Async,Failed,MFG_VAL_341,Validation failed for payload from MFG,Validation,4442,SES_000827,REQ_00001240,2026-09-15 17:57:53
EVT_001241,IF_ORD_001,ORD,MFG,MsgBus,Async,Failed,ORD_EXT_342,External service MFG returned an error response,ExternalService,1026,SES_000828,REQ_00001241,2026-09-15 22:22:31
EVT_001242,IF_MFG_001,MFG,ASM,MsgBus,Async,Failed,MFG_VAL_343,Validation failed for payload from MFG,Validation,1948,SES_000828,REQ_00001242,2026-09-15 22:24:53
EVT_001243,IF_PAY_001,PAY,ORD,API,REST,Failed,PAY_CAP_344,Capacity limit reached on PAY: request throttled,Capacity,653,SES_000829,REQ_00001243,2026-09-14 09:58:43
EVT_001244,IF_ORD_004,ORD,DLV,ESB,Batch,Failed,ORD_CAP_345,Capacity limit reached on ORD: request throttled,Capacity,6840,SES_000829,REQ_00001244,2026-09-14 10:02:26
EVT_001245,IF_MFG_003,MFG,DLV,ESB,CDC,Failed,MFG_INFRA_346,Infrastructure fault on MFG: node unavailable,Infrastructure,2769,SES_000830,REQ_00001245,2026-09-12 08:00:31
EVT_001246,IF_ASM_002,ASM,MFG,API,REST,Failed,ASM_DB_347,Database ASM operation failed: connection pool exhausted,Database,2532,SES_000831,REQ_00001246,2026-09-11 11:18:04
EVT_001247,IF_MFG_001,MFG,ASM,MsgBus,Async,Warning,MFG_DB_348,"WARNING: Database MFG operation failed: connection pool exhausted (degraded, retrying)",Database,4172,SES_000831,REQ_00001247,2026-09-11 11:18:08
EVT_001248,IF_MFG_003,MFG,DLV,ESB,CDC,Failed,MFG_VAL_349,Validation failed for payload from MFG,Validation,5061,SES_000831,REQ_00001248,2026-09-11 11:22:23
EVT_001249,IF_ORD_001,ORD,MFG,MsgBus,Async,Failed,ORD_TMO_350,Timeout waiting for MFG to respond,Timeout,1898,SES_000832,REQ_00001249,2026-09-15 09:37:58
EVT_001250,IF_DLV_002,DLV,PAY,MsgBus,Async,Warning,DLV_CAP_351,"WARNING: Capacity limit reached on DLV: request throttled (degraded, retrying)",Capacity,1645,SES_000833,REQ_00001250,2026-09-13 12:57:06
EVT_001251,IF_ASM_002,ASM,MFG,API,REST,Failed,ASM_EXT_352,External service MFG returned an error response,ExternalService,4132,SES_000834,REQ_00001251,2026-09-12 17:08:43
EVT_001252,IF_MFG_001,MFG,ASM,MsgBus,Async,Failed,MFG_EXT_353,External service ASM returned an error response,ExternalService,1173,SES_000834,REQ_00001252,2026-09-12 17:11:57
EVT_001253,IF_ASM_001,ASM,DLV,ESB,Batch,Failed,ASM_EXT_354,External service DLV returned an error response,ExternalService,2229,SES_000835,REQ_00001253,2026-09-15 11:59:43
EVT_001254,IF_ORD_001,ORD,MFG,MsgBus,Async,Failed,ORD_AUTH_355,Authentication rejected between ORD and MFG,Authentication,949,SES_000836,REQ_00001254,2026-09-14 04:49:26
EVT_001255,IF_ORD_003,ORD,PRC,ESB,SOAP,Warning,ORD_EXT_356,"WARNING: External service PRC returned an error response (degraded, retrying)",ExternalService,1258,SES_000837,REQ_00001255,2026-09-14 14:36:56
EVT_001256,IF_ORD_001,ORD,MFG,MsgBus,Async,Failed,ORD_NET_357,Network error contacting MFG: connection reset,Network,1378,SES_000838,REQ_00001256,2026-09-16 17:29:53
EVT_001257,IF_MFG_001,MFG,ASM,MsgBus,Async,Failed,MFG_DB_358,Database MFG operation failed: connection pool exhausted,Database,2899,SES_000839,REQ_00001257,2026-09-12 17:07:47
EVT_001258,IF_MFG_001,MFG,ASM,MsgBus,Async,Failed,MFG_AUTH_359,Authentication rejected between MFG and ASM,Authentication,1678,SES_000840,REQ_00001258,2026-09-13 09:57:43
EVT_001259,IF_ORD_001,ORD,MFG,MsgBus,Async,Warning,ORD_NET_360,"WARNING: Network error contacting MFG: connection reset (degraded, retrying)",Network,1270,SES_000841,REQ_00001259,2026-09-14 15:07:04
EVT_001260,IF_MFG_003,MFG,DLV,ESB,CDC,Warning,MFG_NET_361,"WARNING: Network error contacting DLV: connection reset (degraded, retrying)",Network,3509,SES_000841,REQ_00001260,2026-09-14 15:10:26
EVT_001261,IF_MFG_001,MFG,ASM,MsgBus,Async,Failed,MFG_VAL_362,Validation failed for payload from MFG,Validation,990,SES_000841,REQ_00001261,2026-09-14 15:08:40
EVT_001262,IF_PAY_001,PAY,ORD,API,REST,Warning,PAY_INFRA_363,"WARNING: Infrastructure fault on PAY: node unavailable (degraded, retrying)",Infrastructure,330,SES_000842,REQ_00001262,2026-09-13 17:39:07
EVT_001263,IF_ORD_002,ORD,PAY,API,REST,Warning,ORD_NET_364,"WARNING: Network error contacting PAY: connection reset (degraded, retrying)",Network,1937,SES_000842,REQ_00001263,2026-09-13 17:43:14
EVT_001264,IF_ORD_001,ORD,MFG,MsgBus,Async,Warning,ORD_NET_365,"WARNING: Network error contacting MFG: connection reset (degraded, retrying)",Network,1185,SES_000842,REQ_00001264,2026-09-13 17:41:29
EVT_001265,IF_PRC_002,PRC,ASM,MsgBus,Async,Failed,PRC_AUTH_366,Authentication rejected between PRC and ASM,Authentication,651,SES_000843,REQ_00001265,2026-09-11 04:29:07
EVT_001266,IF_PAY_002,PAY,PRC,API,REST,Failed,PAY_TMO_367,Timeout waiting for PRC to respond,Timeout,3378,SES_000844,REQ_00001266,2026-09-13 06:58:22
EVT_001267,IF_DLV_002,DLV,PAY,MsgBus,Async,Failed,DLV_VAL_368,Validation failed for payload from DLV,Validation,1388,SES_000845,REQ_00001267,2026-09-16 17:13:22
EVT_001268,IF_DLV_001,DLV,ORD,API,REST,Failed,DLV_AUTH_369,Authentication rejected between DLV and ORD,Authentication,4066,SES_000846,REQ_00001268,2026-09-15 14:29:45
EVT_001269,IF_ASM_001,ASM,DLV,ESB,Batch,Failed,ASM_VAL_370,Validation failed for payload from ASM,Validation,988,SES_000847,REQ_00001269,2026-09-13 14:11:36
EVT_001270,IF_PAY_001,PAY,ORD,API,REST,Failed,PAY_INFRA_371,Infrastructure fault on PAY: node unavailable,Infrastructure,505,SES_000848,REQ_00001270,2026-09-14 11:39:53
EVT_001271,IF_PAY_002,PAY,PRC,API,REST,Warning,PAY_CFG_372,"WARNING: Configuration mismatch on PAY endpoint (degraded, retrying)",Configuration,1153,SES_000849,REQ_00001271,2026-09-15 13:48:14
EVT_001272,IF_ORD_001,ORD,MFG,MsgBus,Async,Warning,ORD_NET_373,"WARNING: Network error contacting MFG: connection reset (degraded, retrying)",Network,536,SES_000850,REQ_00001272,2026-09-13 16:26:59
EVT_001273,IF_MFG_003,MFG,DLV,ESB,CDC,Failed,MFG_TMO_374,Timeout waiting for DLV to respond,Timeout,3952,SES_000851,REQ_00001273,2026-09-12 14:53:01
EVT_001274,IF_MFG_002,MFG,PRC,API,REST,Failed,MFG_INFRA_375,Infrastructure fault on MFG: node unavailable,Infrastructure,2502,SES_000852,REQ_00001274,2026-09-11 09:31:28
EVT_001275,IF_ORD_001,ORD,MFG,MsgBus,Async,Failed,ORD_INFRA_376,Infrastructure fault on ORD: node unavailable,Infrastructure,1034,SES_000853,REQ_00001275,2026-09-10 14:40:42
EVT_001276,IF_MFG_002,MFG,PRC,API,REST,Warning,MFG_VAL_377,"WARNING: Validation failed for payload from MFG (degraded, retrying)",Validation,2090,SES_000854,REQ_00001276,2026-09-14 17:21:11
EVT_001277,IF_DLV_002,DLV,PAY,MsgBus,Async,Warning,DLV_NET_378,"WARNING: Network error contacting PAY: connection reset (degraded, retrying)",Network,4301,SES_000855,REQ_00001277,2026-09-13 13:22:39
EVT_001278,IF_ORD_003,ORD,PRC,ESB,SOAP,Failed,ORD_CFG_379,Configuration mismatch on ORD endpoint,Configuration,677,SES_000856,REQ_00001278,2026-09-14 07:50:33
EVT_001279,IF_PRC_001,PRC,MFG,ESB,SOAP,Failed,PRC_NET_380,Network error contacting MFG: connection reset,Network,3386,SES_000856,REQ_00001279,2026-09-14 07:53:54
EVT_001280,IF_PRC_002,PRC,ASM,MsgBus,Async,Warning,PRC_CAP_381,"WARNING: Capacity limit reached on PRC: request throttled (degraded, retrying)",Capacity,739,SES_000856,REQ_00001280,2026-09-14 07:53:02
EVT_001281,IF_ORD_001,ORD,MFG,MsgBus,Async,Warning,ORD_NET_382,"WARNING: Network error contacting MFG: connection reset (degraded, retrying)",Network,1365,SES_000857,REQ_00001281,2026-09-14 13:25:39
EVT_001282,IF_ORD_003,ORD,PRC,ESB,SOAP,Failed,ORD_DB_383,Database ORD operation failed: connection pool exhausted,Database,1296,SES_000858,REQ_00001282,2026-09-15 05:21:26
EVT_001283,IF_ORD_002,ORD,PAY,API,REST,Failed,ORD_CAP_384,Capacity limit reached on ORD: request throttled,Capacity,1043,SES_000859,REQ_00001283,2026-09-16 15:56:03
EVT_001284,IF_MFG_001,MFG,ASM,MsgBus,Async,Warning,MFG_NET_385,"WARNING: Network error contacting ASM: connection reset (degraded, retrying)",Network,3429,SES_000860,REQ_00001284,2026-09-10 11:04:26
EVT_001285,IF_ASM_002,ASM,MFG,API,REST,Warning,ASM_CFG_386,"WARNING: Configuration mismatch on ASM endpoint (degraded, retrying)",Configuration,2050,SES_000860,REQ_00001285,2026-09-10 11:04:46
EVT_001286,IF_ORD_001,ORD,MFG,MsgBus,Async,Failed,ORD_CFG_387,Configuration mismatch on ORD endpoint,Configuration,747,SES_000861,REQ_00001286,2026-09-12 16:56:14
EVT_001287,IF_PAY_001,PAY,ORD,API,REST,Failed,PAY_INFRA_388,Infrastructure fault on PAY: node unavailable,Infrastructure,663,SES_000862,REQ_00001287,2026-09-15 03:30:03
EVT_001288,IF_ORD_004,ORD,DLV,ESB,Batch,Warning,ORD_EXT_389,"WARNING: External service DLV returned an error response (degraded, retrying)",ExternalService,11721,SES_000862,REQ_00001288,2026-09-15 03:33:05
EVT_001289,IF_ORD_001,ORD,MFG,MsgBus,Async,Failed,ORD_CFG_390,Configuration mismatch on ORD endpoint,Configuration,650,SES_000862,REQ_00001289,2026-09-15 03:30:52
EVT_001290,IF_ORD_004,ORD,DLV,ESB,Batch,Failed,ORD_CFG_391,Configuration mismatch on ORD endpoint,Configuration,7140,SES_000863,REQ_00001290,2026-09-16 17:36:02
EVT_001291,IF_DLV_002,DLV,PAY,MsgBus,Async,Failed,DLV_CFG_392,Configuration mismatch on DLV endpoint,Configuration,5748,SES_000863,REQ_00001291,2026-09-16 17:39:03
EVT_001292,IF_DLV_001,DLV,ORD,API,REST,Failed,DLV_NET_393,Network error contacting ORD: connection reset,Network,1613,SES_000863,REQ_00001292,2026-09-16 17:37:06
EVT_001293,IF_DLV_002,DLV,PAY,MsgBus,Async,Warning,DLV_TMO_394,"WARNING: Timeout waiting for PAY to respond (degraded, retrying)",Timeout,5864,SES_000864,REQ_00001293,2026-09-13 15:52:22
EVT_001294,IF_DLV_002,DLV,PAY,MsgBus,Async,Failed,DLV_VAL_395,Validation failed for payload from DLV,Validation,8462,SES_000865,REQ_00001294,2026-09-12 17:15:33
EVT_001295,IF_MFG_003,MFG,DLV,ESB,CDC,Warning,MFG_VAL_396,"WARNING: Validation failed for payload from MFG (degraded, retrying)",Validation,1453,SES_000866,REQ_00001295,2026-09-14 13:05:13
EVT_001296,IF_DLV_001,DLV,ORD,API,REST,Failed,DLV_TMO_397,Timeout waiting for ORD to respond,Timeout,2752,SES_000866,REQ_00001296,2026-09-14 13:05:33
EVT_001297,IF_ORD_003,ORD,PRC,ESB,SOAP,Failed,ORD_AUTH_398,Authentication rejected between ORD and PRC,Authentication,2553,SES_000867,REQ_00001297,2026-09-10 03:53:02
EVT_001298,IF_PRC_001,PRC,MFG,ESB,SOAP,Failed,PRC_EXT_399,External service MFG returned an error response,ExternalService,1425,SES_000868,REQ_00001298,2026-09-13 03:24:24
EVT_001299,IF_MFG_001,MFG,ASM,MsgBus,Async,Failed,MFG_DB_400,Database MFG operation failed: connection pool exhausted,Database,3493,SES_000868,REQ_00001299,2026-09-13 03:29:03
EVT_001300,IF_DLV_001,DLV,ORD,API,REST,Failed,DLV_DB_401,Database DLV operation failed: connection pool exhausted,Database,1871,SES_000869,REQ_00001300,2026-09-12 19:58:16
EVT_001301,IF_ASM_001,ASM,DLV,ESB,Batch,Warning,ASM_VAL_402,"WARNING: Validation failed for payload from ASM (degraded, retrying)",Validation,915,SES_000870,REQ_00001301,2026-09-13 16:59:47
EVT_001302,IF_PAY_001,PAY,ORD,API,REST,Warning,PAY_VAL_403,"WARNING: Validation failed for payload from PAY (degraded, retrying)",Validation,406,SES_000871,REQ_00001302,2026-09-16 22:34:29
EVT_001303,IF_ASM_002,ASM,MFG,API,REST,Warning,ASM_NET_404,"WARNING: Network error contacting MFG: connection reset (degraded, retrying)",Network,6244,SES_000872,REQ_00001303,2026-09-11 09:00:17
EVT_001304,IF_MFG_001,MFG,ASM,MsgBus,Async,Warning,MFG_AUTH_405,"WARNING: Authentication rejected between MFG and ASM (degraded, retrying)",Authentication,1388,SES_000872,REQ_00001304,2026-09-11 09:02:39
EVT_001305,IF_MFG_002,MFG,PRC,API,REST,Warning,MFG_INFRA_406,"WARNING: Infrastructure fault on MFG: node unavailable (degraded, retrying)",Infrastructure,3647,SES_000873,REQ_00001305,2026-09-14 02:19:36
EVT_001306,IF_PRC_001,PRC,MFG,ESB,SOAP,Warning,PRC_DB_407,"WARNING: Database PRC operation failed: connection pool exhausted (degraded, retrying)",Database,4222,SES_000873,REQ_00001306,2026-09-14 02:24:22
EVT_001307,IF_PRC_002,PRC,ASM,MsgBus,Async,Warning,PRC_NET_408,"WARNING: Network error contacting ASM: connection reset (degraded, retrying)",Network,2155,SES_000873,REQ_00001307,2026-09-14 02:24:20
EVT_001308,IF_ORD_002,ORD,PAY,API,REST,Warning,ORD_INFRA_409,"WARNING: Infrastructure fault on ORD: node unavailable (degraded, retrying)",Infrastructure,797,SES_000874,REQ_00001308,2026-09-16 10:55:31
EVT_001309,IF_PAY_002,PAY,PRC,API,REST,Failed,PAY_CAP_410,Capacity limit reached on PAY: request throttled,Capacity,2152,SES_000874,REQ_00001309,2026-09-16 10:59:52
EVT_001310,IF_PAY_002,PAY,PRC,API,REST,Failed,PAY_AUTHZ_411,Authorization denied for PAY->PRC request,Authorization,4867,SES_000875,REQ_00001310,2026-09-11 06:45:16
EVT_001311,IF_PRC_001,PRC,MFG,ESB,SOAP,Warning,PRC_CFG_412,"WARNING: Configuration mismatch on PRC endpoint (degraded, retrying)",Configuration,840,SES_000875,REQ_00001311,2026-09-11 06:49:39
EVT_001312,IF_PAY_001,PAY,ORD,API,REST,Failed,PAY_DB_413,Database PAY operation failed: connection pool exhausted,Database,976,SES_000876,REQ_00001312,2026-09-16 15:04:41
EVT_001313,IF_ORD_001,ORD,MFG,MsgBus,Async,Failed,ORD_INFRA_414,Infrastructure fault on ORD: node unavailable,Infrastructure,614,SES_000876,REQ_00001313,2026-09-16 15:07:13
EVT_001314,IF_ORD_004,ORD,DLV,ESB,Batch,Failed,ORD_DB_415,Database ORD operation failed: connection pool exhausted,Database,4009,SES_000876,REQ_00001314,2026-09-16 15:05:59
EVT_001315,IF_PRC_001,PRC,MFG,ESB,SOAP,Failed,PRC_AUTHZ_416,Authorization denied for PRC->MFG request,Authorization,2009,SES_000877,REQ_00001315,2026-09-12 13:49:47
EVT_001316,IF_ORD_004,ORD,DLV,ESB,Batch,Failed,ORD_NET_417,Network error contacting DLV: connection reset,Network,12106,SES_000878,REQ_00001316,2026-09-15 16:24:48
EVT_001317,IF_PRC_002,PRC,ASM,MsgBus,Async,Failed,PRC_VAL_418,Validation failed for payload from PRC,Validation,1797,SES_000879,REQ_00001317,2026-09-14 15:46:26
EVT_001318,IF_DLV_001,DLV,ORD,API,REST,Failed,DLV_CFG_419,Configuration mismatch on DLV endpoint,Configuration,1093,SES_000880,REQ_00001318,2026-09-14 12:17:12
EVT_001319,IF_ASM_001,ASM,DLV,ESB,Batch,Failed,ASM_EXT_420,External service DLV returned an error response,ExternalService,1931,SES_000881,REQ_00001319,2026-09-11 13:47:07
EVT_001320,IF_PRC_001,PRC,MFG,ESB,SOAP,Failed,PRC_CAP_421,Capacity limit reached on PRC: request throttled,Capacity,1841,SES_000882,REQ_00001320,2026-09-12 15:38:14
EVT_001321,IF_MFG_001,MFG,ASM,MsgBus,Async,Failed,MFG_AUTH_422,Authentication rejected between MFG and ASM,Authentication,1793,SES_000883,REQ_00001321,2026-09-11 16:26:43
EVT_001322,IF_ASM_001,ASM,DLV,ESB,Batch,Failed,ASM_CAP_423,Capacity limit reached on ASM: request throttled,Capacity,1341,SES_000883,REQ_00001322,2026-09-11 16:31:03
EVT_001323,IF_ASM_002,ASM,MFG,API,REST,Failed,ASM_TMO_424,Timeout waiting for MFG to respond,Timeout,4185,SES_000883,REQ_00001323,2026-09-11 16:28:26
EVT_001324,IF_ORD_001,ORD,MFG,MsgBus,Async,Warning,ORD_EXT_425,"WARNING: External service MFG returned an error response (degraded, retrying)",ExternalService,516,SES_000884,REQ_00001324,2026-09-14 16:30:47
EVT_001325,IF_MFG_001,MFG,ASM,MsgBus,Async,Warning,MFG_VAL_426,"WARNING: Validation failed for payload from MFG (degraded, retrying)",Validation,739,SES_000884,REQ_00001325,2026-09-14 16:33:50
EVT_001326,IF_MFG_003,MFG,DLV,ESB,CDC,Failed,MFG_AUTHZ_427,Authorization denied for MFG->DLV request,Authorization,2974,SES_000884,REQ_00001326,2026-09-14 16:33:41
EVT_001327,IF_PAY_001,PAY,ORD,API,REST,Failed,PAY_EXT_428,External service ORD returned an error response,ExternalService,1438,SES_000885,REQ_00001327,2026-09-15 06:47:58
EVT_001328,IF_ORD_002,ORD,PAY,API,REST,Warning,ORD_VAL_429,"WARNING: Validation failed for payload from ORD (degraded, retrying)",Validation,293,SES_000886,REQ_00001328,2026-09-16 13:08:46
EVT_001329,IF_PAY_001,PAY,ORD,API,REST,Failed,PAY_CAP_430,Capacity limit reached on PAY: request throttled,Capacity,543,SES_000887,REQ_00001329,2026-09-12 15:29:24
EVT_001330,IF_ORD_001,ORD,MFG,MsgBus,Async,Warning,ORD_VAL_431,"WARNING: Validation failed for payload from ORD (degraded, retrying)",Validation,611,SES_000887,REQ_00001330,2026-09-12 15:34:14
EVT_001331,IF_ASM_001,ASM,DLV,ESB,Batch,Warning,ASM_DB_432,"WARNING: Database ASM operation failed: connection pool exhausted (degraded, retrying)",Database,3219,SES_000888,REQ_00001331,2026-09-13 10:24:20
EVT_001332,IF_DLV_002,DLV,PAY,MsgBus,Async,Failed,DLV_AUTHZ_433,Authorization denied for DLV->PAY request,Authorization,5078,SES_000889,REQ_00001332,2026-09-11 12:17:36
EVT_001333,IF_ORD_004,ORD,DLV,ESB,Batch,Warning,ORD_CFG_434,"WARNING: Configuration mismatch on ORD endpoint (degraded, retrying)",Configuration,7861,SES_000890,REQ_00001333,2026-09-11 11:58:16
EVT_001334,IF_ORD_001,ORD,MFG,MsgBus,Async,Warning,ORD_VAL_435,"WARNING: Validation failed for payload from ORD (degraded, retrying)",Validation,2158,SES_000891,REQ_00001334,2026-09-16 09:38:57
EVT_001335,IF_MFG_003,MFG,DLV,ESB,CDC,Warning,MFG_TMO_436,"WARNING: Timeout waiting for DLV to respond (degraded, retrying)",Timeout,4769,SES_000891,REQ_00001335,2026-09-16 09:43:51
EVT_001336,IF_MFG_001,MFG,ASM,MsgBus,Async,Failed,MFG_NET_437,Network error contacting ASM: connection reset,Network,2166,SES_000891,REQ_00001336,2026-09-16 09:41:30
EVT_001337,IF_ASM_001,ASM,DLV,ESB,Batch,Failed,ASM_AUTHZ_438,Authorization denied for ASM->DLV request,Authorization,1805,SES_000892,REQ_00001337,2026-09-12 07:08:17
EVT_001338,IF_DLV_002,DLV,PAY,MsgBus,Async,Warning,DLV_AUTH_439,"WARNING: Authentication rejected between DLV and PAY (degraded, retrying)",Authentication,1988,SES_000892,REQ_00001338,2026-09-12 07:09:39
EVT_001339,IF_DLV_001,DLV,ORD,API,REST,Failed,DLV_AUTHZ_440,Authorization denied for DLV->ORD request,Authorization,2071,SES_000892,REQ_00001339,2026-09-12 07:08:56
EVT_001340,IF_DLV_001,DLV,ORD,API,REST,Warning,DLV_DB_441,"WARNING: Database DLV operation failed: connection pool exhausted (degraded, retrying)",Database,3605,SES_000893,REQ_00001340,2026-09-15 17:20:12
EVT_001341,IF_ORD_001,ORD,MFG,MsgBus,Async,Warning,ORD_INFRA_442,"WARNING: Infrastructure fault on ORD: node unavailable (degraded, retrying)",Infrastructure,550,SES_000893,REQ_00001341,2026-09-15 17:21:54
EVT_001342,IF_DLV_002,DLV,PAY,MsgBus,Async,Warning,DLV_CFG_443,"WARNING: Configuration mismatch on DLV endpoint (degraded, retrying)",Configuration,6611,SES_000894,REQ_00001342,2026-09-13 10:12:40
EVT_001343,IF_PAY_002,PAY,PRC,API,REST,Failed,PAY_CAP_444,Capacity limit reached on PAY: request throttled,Capacity,2340,SES_000894,REQ_00001343,2026-09-13 10:16:16
EVT_001344,IF_PAY_002,PAY,PRC,API,REST,Warning,PAY_CFG_445,"WARNING: Configuration mismatch on PAY endpoint (degraded, retrying)",Configuration,3000,SES_000895,REQ_00001344,2026-09-15 11:33:42
EVT_001345,IF_PRC_001,PRC,MFG,ESB,SOAP,Failed,PRC_NET_446,Network error contacting MFG: connection reset,Network,3644,SES_000896,REQ_00001345,2026-09-15 12:22:34
EVT_001346,IF_MFG_002,MFG,PRC,API,REST,Failed,MFG_TMO_447,Timeout waiting for PRC to respond,Timeout,7250,SES_000897,REQ_00001346,2026-09-13 21:20:15
EVT_001347,IF_PRC_001,PRC,MFG,ESB,SOAP,Failed,PRC_TMO_448,Timeout waiting for MFG to respond,Timeout,2613,SES_000897,REQ_00001347,2026-09-13 21:24:24
EVT_001348,IF_DLV_002,DLV,PAY,MsgBus,Async,Warning,DLV_DB_449,"WARNING: Database DLV operation failed: connection pool exhausted (degraded, retrying)",Database,5004,SES_000898,REQ_00001348,2026-09-10 11:32:13
EVT_001349,IF_PAY_001,PAY,ORD,API,REST,Warning,PAY_AUTH_450,"WARNING: Authentication rejected between PAY and ORD (degraded, retrying)",Authentication,550,SES_000899,REQ_00001349,2026-09-13 12:28:27
EVT_001350,IF_PRC_002,PRC,ASM,MsgBus,Async,Failed,PRC_CFG_451,Configuration mismatch on PRC endpoint,Configuration,4414,SES_000900,REQ_00001350,2026-09-10 11:26:14
EVT_001351,IF_ORD_001,ORD,MFG,MsgBus,Async,Failed,ORD_AUTHZ_452,Authorization denied for ORD->MFG request,Authorization,1049,SES_000901,REQ_00001351,2026-09-11 14:01:46
EVT_001352,IF_PRC_002,PRC,ASM,MsgBus,Async,Warning,PRC_VAL_453,"WARNING: Validation failed for payload from PRC (degraded, retrying)",Validation,924,SES_000902,REQ_00001352,2026-09-15 06:13:23
EVT_001353,IF_ASM_002,ASM,MFG,API,REST,Warning,ASM_VAL_454,"WARNING: Validation failed for payload from ASM (degraded, retrying)",Validation,2216,SES_000902,REQ_00001353,2026-09-15 06:16:14
EVT_001354,IF_ASM_001,ASM,DLV,ESB,Batch,Failed,ASM_VAL_455,Validation failed for payload from ASM,Validation,753,SES_000902,REQ_00001354,2026-09-15 06:13:43
EVT_001355,IF_ORD_001,ORD,MFG,MsgBus,Async,Warning,ORD_CFG_456,"WARNING: Configuration mismatch on ORD endpoint (degraded, retrying)",Configuration,261,SES_000903,REQ_00001355,2026-09-13 06:18:19
EVT_001356,IF_ASM_001,ASM,DLV,ESB,Batch,Failed,ASM_NET_457,Network error contacting DLV: connection reset,Network,1118,SES_000904,REQ_00001356,2026-09-13 15:08:52
EVT_001357,IF_DLV_001,DLV,ORD,API,REST,Warning,DLV_INFRA_458,"WARNING: Infrastructure fault on DLV: node unavailable (degraded, retrying)",Infrastructure,564,SES_000905,REQ_00001357,2026-09-15 12:00:47
EVT_001358,IF_PAY_001,PAY,ORD,API,REST,Failed,PAY_DB_459,Database PAY operation failed: connection pool exhausted,Database,939,SES_000906,REQ_00001358,2026-09-16 14:19:50
EVT_001359,IF_ORD_001,ORD,MFG,MsgBus,Async,Warning,ORD_CFG_460,"WARNING: Configuration mismatch on ORD endpoint (degraded, retrying)",Configuration,858,SES_000906,REQ_00001359,2026-09-16 14:22:21
EVT_001360,IF_ORD_002,ORD,PAY,API,REST,Warning,ORD_VAL_461,"WARNING: Validation failed for payload from ORD (degraded, retrying)",Validation,564,SES_000906,REQ_00001360,2026-09-16 14:23:59
EVT_001361,IF_PRC_002,PRC,ASM,MsgBus,Async,Failed,PRC_CFG_462,Configuration mismatch on PRC endpoint,Configuration,3882,SES_000907,REQ_00001361,2026-09-13 16:23:48
EVT_001362,IF_PAY_001,PAY,ORD,API,REST,Warning,PAY_NET_463,"WARNING: Network error contacting ORD: connection reset (degraded, retrying)",Network,624,SES_000908,REQ_00001362,2026-09-13 14:41:19
EVT_001363,IF_PAY_001,PAY,ORD,API,REST,Warning,PAY_VAL_464,"WARNING: Validation failed for payload from PAY (degraded, retrying)",Validation,702,SES_000909,REQ_00001363,2026-09-13 14:05:09
EVT_001364,IF_ORD_001,ORD,MFG,MsgBus,Async,Failed,ORD_INFRA_465,Infrastructure fault on ORD: node unavailable,Infrastructure,349,SES_000909,REQ_00001364,2026-09-13 14:07:50
EVT_001365,IF_ORD_004,ORD,DLV,ESB,Batch,Failed,ORD_AUTH_466,Authentication rejected between ORD and DLV,Authentication,5451,SES_000909,REQ_00001365,2026-09-13 14:08:39
EVT_001366,IF_PAY_002,PAY,PRC,API,REST,Failed,PAY_TMO_467,Timeout waiting for PRC to respond,Timeout,5840,SES_000910,REQ_00001366,2026-09-16 13:31:20
EVT_001367,IF_ASM_001,ASM,DLV,ESB,Batch,Failed,ASM_DB_468,Database ASM operation failed: connection pool exhausted,Database,1361,SES_000911,REQ_00001367,2026-09-15 07:06:27
EVT_001368,IF_DLV_001,DLV,ORD,API,REST,Failed,DLV_TMO_469,Timeout waiting for ORD to respond,Timeout,1386,SES_000911,REQ_00001368,2026-09-15 07:06:48
EVT_001369,IF_PAY_001,PAY,ORD,API,REST,Failed,PAY_NET_470,Network error contacting ORD: connection reset,Network,1141,SES_000912,REQ_00001369,2026-09-13 09:55:35
EVT_001370,IF_DLV_002,DLV,PAY,MsgBus,Async,Failed,DLV_INFRA_471,Infrastructure fault on DLV: node unavailable,Infrastructure,1624,SES_000913,REQ_00001370,2026-09-15 10:20:39
EVT_001371,IF_PAY_001,PAY,ORD,API,REST,Warning,PAY_AUTHZ_472,"WARNING: Authorization denied for PAY->ORD request (degraded, retrying)",Authorization,833,SES_000913,REQ_00001371,2026-09-15 10:24:42
EVT_001372,IF_PAY_002,PAY,PRC,API,REST,Warning,PAY_TMO_473,"WARNING: Timeout waiting for PRC to respond (degraded, retrying)",Timeout,1855,SES_000913,REQ_00001372,2026-09-15 10:21:50
EVT_001373,IF_ASM_001,ASM,DLV,ESB,Batch,Failed,ASM_NET_474,Network error contacting DLV: connection reset,Network,2432,SES_000914,REQ_00001373,2026-09-11 13:00:19
EVT_001374,IF_DLV_001,DLV,ORD,API,REST,Warning,DLV_VAL_475,"WARNING: Validation failed for payload from DLV (degraded, retrying)",Validation,1510,SES_000914,REQ_00001374,2026-09-11 13:00:55
EVT_001375,IF_DLV_001,DLV,ORD,API,REST,Warning,DLV_CAP_476,"WARNING: Capacity limit reached on DLV: request throttled (degraded, retrying)",Capacity,1325,SES_000915,REQ_00001375,2026-09-10 19:17:18
EVT_001376,IF_ORD_002,ORD,PAY,API,REST,Failed,ORD_NET_477,Network error contacting PAY: connection reset,Network,1590,SES_000916,REQ_00001376,2026-09-12 14:41:42
EVT_001377,IF_PAY_002,PAY,PRC,API,REST,Failed,PAY_EXT_478,External service PRC returned an error response,ExternalService,3681,SES_000916,REQ_00001377,2026-09-12 14:46:11
EVT_001378,IF_DLV_001,DLV,ORD,API,REST,Warning,DLV_TMO_479,"WARNING: Timeout waiting for ORD to respond (degraded, retrying)",Timeout,2425,SES_000917,REQ_00001378,2026-09-14 14:51:47
EVT_001379,IF_ORD_002,ORD,PAY,API,REST,Warning,ORD_DB_480,"WARNING: Database ORD operation failed: connection pool exhausted (degraded, retrying)",Database,971,SES_000917,REQ_00001379,2026-09-14 14:53:13
EVT_001380,IF_PAY_001,PAY,ORD,API,REST,Failed,PAY_AUTH_481,Authentication rejected between PAY and ORD,Authentication,1766,SES_000918,REQ_00001380,2026-09-10 09:51:28
EVT_001381,IF_DLV_001,DLV,ORD,API,REST,Failed,DLV_NET_482,Network error contacting ORD: connection reset,Network,3417,SES_000919,REQ_00001381,2026-09-13 15:22:19
EVT_001382,IF_DLV_001,DLV,ORD,API,REST,Failed,DLV_TMO_483,Timeout waiting for ORD to respond,Timeout,2881,SES_000920,REQ_00001382,2026-09-15 17:45:09
EVT_001383,IF_ORD_001,ORD,MFG,MsgBus,Async,Failed,ORD_TMO_484,Timeout waiting for MFG to respond,Timeout,1651,SES_000920,REQ_00001383,2026-09-15 17:45:23
EVT_001384,IF_ORD_004,ORD,DLV,ESB,Batch,Warning,ORD_EXT_485,"WARNING: External service DLV returned an error response (degraded, retrying)",ExternalService,6554,SES_000921,REQ_00001384,2026-09-13 10:35:56
EVT_001385,IF_ORD_001,ORD,MFG,MsgBus,Async,Failed,ORD_NET_486,Network error contacting MFG: connection reset,Network,1864,SES_000922,REQ_00001385,2026-09-11 12:33:12
EVT_001386,IF_ORD_003,ORD,PRC,ESB,SOAP,Failed,ORD_DB_487,Database ORD operation failed: connection pool exhausted,Database,3737,SES_000923,REQ_00001386,2026-09-10 14:02:41
EVT_001387,IF_PRC_002,PRC,ASM,MsgBus,Async,Failed,PRC_TMO_488,Timeout waiting for ASM to respond,Timeout,2297,SES_000923,REQ_00001387,2026-09-10 14:06:44
EVT_001388,IF_ORD_001,ORD,MFG,MsgBus,Async,Failed,ORD_CAP_489,Capacity limit reached on ORD: request throttled,Capacity,1035,SES_000924,REQ_00001388,2026-09-16 15:34:51
EVT_001389,IF_DLV_001,DLV,ORD,API,REST,Failed,DLV_TMO_490,Timeout waiting for ORD to respond,Timeout,2063,SES_000925,REQ_00001389,2026-09-16 17:05:26
EVT_001390,IF_ORD_001,ORD,MFG,MsgBus,Async,Warning,ORD_AUTHZ_491,"WARNING: Authorization denied for ORD->MFG request (degraded, retrying)",Authorization,814,SES_000926,REQ_00001390,2026-09-16 09:39:47
EVT_001391,IF_MFG_003,MFG,DLV,ESB,CDC,Failed,MFG_DB_492,Database MFG operation failed: connection pool exhausted,Database,2170,SES_000927,REQ_00001391,2026-09-15 20:33:00
EVT_001392,IF_ORD_001,ORD,MFG,MsgBus,Async,Warning,ORD_VAL_493,"WARNING: Validation failed for payload from ORD (degraded, retrying)",Validation,501,SES_000928,REQ_00001392,2026-09-15 10:11:28
EVT_001393,IF_ORD_001,ORD,MFG,MsgBus,Async,Failed,ORD_NET_494,Network error contacting MFG: connection reset,Network,1340,SES_000929,REQ_00001393,2026-09-10 11:35:22
EVT_001394,IF_MFG_003,MFG,DLV,ESB,CDC,Warning,MFG_CAP_495,"WARNING: Capacity limit reached on MFG: request throttled (degraded, retrying)",Capacity,4514,SES_000929,REQ_00001394,2026-09-10 11:36:08
EVT_001395,IF_ORD_001,ORD,MFG,MsgBus,Async,Warning,ORD_CFG_496,"WARNING: Configuration mismatch on ORD endpoint (degraded, retrying)",Configuration,436,SES_000930,REQ_00001395,2026-09-10 10:23:29
EVT_001396,IF_ORD_002,ORD,PAY,API,REST,Failed,ORD_AUTH_497,Authentication rejected between ORD and PAY,Authentication,1414,SES_000931,REQ_00001396,2026-09-16 09:48:47
EVT_001397,IF_PAY_002,PAY,PRC,API,REST,Warning,PAY_AUTH_498,"WARNING: Authentication rejected between PAY and PRC (degraded, retrying)",Authentication,1522,SES_000931,REQ_00001397,2026-09-16 09:50:31
EVT_001398,IF_PAY_001,PAY,ORD,API,REST,Warning,PAY_CAP_499,"WARNING: Capacity limit reached on PAY: request throttled (degraded, retrying)",Capacity,472,SES_000931,REQ_00001398,2026-09-16 09:49:36
EVT_001399,IF_DLV_001,DLV,ORD,API,REST,Failed,DLV_CAP_500,Capacity limit reached on DLV: request throttled,Capacity,1178,SES_000932,REQ_00001399,2026-09-14 12:40:43
EVT_001400,IF_ORD_001,ORD,MFG,MsgBus,Async,Warning,ORD_VAL_501,"WARNING: Validation failed for payload from ORD (degraded, retrying)",Validation,593,SES_000932,REQ_00001400,2026-09-14 12:43:12
EVT_001401,IF_ORD_002,ORD,PAY,API,REST,Warning,ORD_CFG_502,"WARNING: Configuration mismatch on ORD endpoint (degraded, retrying)",Configuration,405,SES_000932,REQ_00001401,2026-09-14 12:43:02
EVT_001402,IF_MFG_001,MFG,ASM,MsgBus,Async,Failed,MFG_TMO_503,Timeout waiting for ASM to respond,Timeout,2572,SES_000933,REQ_00001402,2026-09-10 19:33:42
EVT_001403,IF_ORD_001,ORD,MFG,MsgBus,Async,Failed,ORD_DB_504,Database ORD operation failed: connection pool exhausted,Database,721,SES_000934,REQ_00001403,2026-09-14 18:20:44
EVT_001404,IF_MFG_003,MFG,DLV,ESB,CDC,Warning,MFG_TMO_505,"WARNING: Timeout waiting for DLV to respond (degraded, retrying)",Timeout,4916,SES_000934,REQ_00001404,2026-09-14 18:23:49
EVT_001405,IF_PRC_002,PRC,ASM,MsgBus,Async,Failed,PRC_EXT_506,External service ASM returned an error response,ExternalService,2249,SES_000935,REQ_00001405,2026-09-13 17:29:37
EVT_001406,IF_ORD_003,ORD,PRC,ESB,SOAP,Warning,ORD_CFG_507,"WARNING: Configuration mismatch on ORD endpoint (degraded, retrying)",Configuration,1365,SES_000936,REQ_00001406,2026-09-14 11:43:25
EVT_001407,IF_PAY_001,PAY,ORD,API,REST,Failed,PAY_VAL_508,Validation failed for payload from PAY,Validation,453,SES_000937,REQ_00001407,2026-09-13 12:17:36
EVT_001408,IF_ASM_001,ASM,DLV,ESB,Batch,Failed,ASM_AUTHZ_509,Authorization denied for ASM->DLV request,Authorization,2044,SES_000938,REQ_00001408,2026-09-15 20:12:36
EVT_001409,IF_ORD_002,ORD,PAY,API,REST,Failed,ORD_INFRA_510,Infrastructure fault on ORD: node unavailable,Infrastructure,480,SES_000939,REQ_00001409,2026-09-11 17:29:25
EVT_001410,IF_PAY_002,PAY,PRC,API,REST,Warning,PAY_CFG_511,"WARNING: Configuration mismatch on PAY endpoint (degraded, retrying)",Configuration,1269,SES_000939,REQ_00001410,2026-09-11 17:31:11
EVT_001411,IF_PAY_001,PAY,ORD,API,REST,Failed,PAY_EXT_512,External service ORD returned an error response,ExternalService,1542,SES_000940,REQ_00001411,2026-09-16 12:30:10
EVT_001412,IF_MFG_003,MFG,DLV,ESB,CDC,Failed,MFG_AUTHZ_513,Authorization denied for MFG->DLV request,Authorization,7775,SES_000941,REQ_00001412,2026-09-16 13:15:48
EVT_001413,IF_MFG_001,MFG,ASM,MsgBus,Async,Failed,MFG_AUTHZ_514,Authorization denied for MFG->ASM request,Authorization,1332,SES_000942,REQ_00001413,2026-09-16 15:55:27
EVT_001414,IF_ORD_002,ORD,PAY,API,REST,Failed,ORD_VAL_515,Validation failed for payload from ORD,Validation,978,SES_000943,REQ_00001414,2026-09-11 18:11:49
EVT_001415,IF_ORD_002,ORD,PAY,API,REST,Failed,ORD_EXT_516,External service PAY returned an error response,ExternalService,621,SES_000944,REQ_00001415,2026-09-10 15:08:31
EVT_001416,IF_PAY_002,PAY,PRC,API,REST,Warning,PAY_TMO_517,"WARNING: Timeout waiting for PRC to respond (degraded, retrying)",Timeout,1998,SES_000944,REQ_00001416,2026-09-10 15:11:12
EVT_001417,IF_PAY_001,PAY,ORD,API,REST,Warning,PAY_EXT_518,"WARNING: External service ORD returned an error response (degraded, retrying)",ExternalService,1517,SES_000944,REQ_00001417,2026-09-10 15:12:08
EVT_001418,IF_ASM_001,ASM,DLV,ESB,Batch,Warning,ASM_EXT_519,"WARNING: External service DLV returned an error response (degraded, retrying)",ExternalService,2661,SES_000945,REQ_00001418,2026-09-13 17:22:43
EVT_001419,IF_MFG_001,MFG,ASM,MsgBus,Async,Warning,MFG_EXT_520,"WARNING: External service ASM returned an error response (degraded, retrying)",ExternalService,3098,SES_000946,REQ_00001419,2026-09-13 15:00:31
EVT_001420,IF_ASM_002,ASM,MFG,API,REST,Warning,ASM_TMO_521,"WARNING: Timeout waiting for MFG to respond (degraded, retrying)",Timeout,4882,SES_000946,REQ_00001420,2026-09-13 15:04:50
EVT_001421,IF_ASM_001,ASM,DLV,ESB,Batch,Warning,ASM_INFRA_522,"WARNING: Infrastructure fault on ASM: node unavailable (degraded, retrying)",Infrastructure,1626,SES_000946,REQ_00001421,2026-09-13 15:03:39
EVT_001422,IF_ORD_001,ORD,MFG,MsgBus,Async,Warning,ORD_CAP_523,"WARNING: Capacity limit reached on ORD: request throttled (degraded, retrying)",Capacity,405,SES_000947,REQ_00001422,2026-09-13 17:05:09
EVT_001423,IF_ORD_003,ORD,PRC,ESB,SOAP,Failed,ORD_TMO_524,Timeout waiting for PRC to respond,Timeout,3418,SES_000948,REQ_00001423,2026-09-16 12:03:29
EVT_001424,IF_DLV_001,DLV,ORD,API,REST,Failed,DLV_INFRA_525,Infrastructure fault on DLV: node unavailable,Infrastructure,1039,SES_000949,REQ_00001424,2026-09-13 11:18:49
EVT_001425,IF_PAY_001,PAY,ORD,API,REST,Failed,PAY_EXT_526,External service ORD returned an error response,ExternalService,1096,SES_000950,REQ_00001425,2026-09-12 15:38:07
EVT_001426,IF_PAY_001,PAY,ORD,API,REST,Failed,PAY_CAP_527,Capacity limit reached on PAY: request throttled,Capacity,515,SES_000951,REQ_00001426,2026-09-15 13:57:17
EVT_001427,IF_ORD_001,ORD,MFG,MsgBus,Async,Failed,ORD_DB_528,Database ORD operation failed: connection pool exhausted,Database,703,SES_000952,REQ_00001427,2026-09-15 17:36:29
EVT_001428,IF_PAY_001,PAY,ORD,API,REST,Warning,PAY_AUTH_529,"WARNING: Authentication rejected between PAY and ORD (degraded, retrying)",Authentication,2328,SES_000953,REQ_00001428,2026-09-10 12:46:05
EVT_001429,IF_ORD_002,ORD,PAY,API,REST,Failed,ORD_CAP_530,Capacity limit reached on ORD: request throttled,Capacity,528,SES_000953,REQ_00001429,2026-09-10 12:47:06
EVT_001430,IF_ORD_001,ORD,MFG,MsgBus,Async,Warning,ORD_CFG_531,"WARNING: Configuration mismatch on ORD endpoint (degraded, retrying)",Configuration,1785,SES_000953,REQ_00001430,2026-09-10 12:50:30
EVT_001431,IF_ASM_001,ASM,DLV,ESB,Batch,Warning,ASM_AUTH_532,"WARNING: Authentication rejected between ASM and DLV (degraded, retrying)",Authentication,2876,SES_000954,REQ_00001431,2026-09-11 16:27:17
EVT_001432,IF_DLV_001,DLV,ORD,API,REST,Warning,DLV_DB_533,"WARNING: Database DLV operation failed: connection pool exhausted (degraded, retrying)",Database,3128,SES_000954,REQ_00001432,2026-09-11 16:27:21
EVT_001433,IF_DLV_002,DLV,PAY,MsgBus,Async,Warning,DLV_CAP_534,"WARNING: Capacity limit reached on DLV: request throttled (degraded, retrying)",Capacity,2796,SES_000954,REQ_00001433,2026-09-11 16:29:39
EVT_001434,IF_PAY_001,PAY,ORD,API,REST,Failed,PAY_AUTH_535,Authentication rejected between PAY and ORD,Authentication,902,SES_000955,REQ_00001434,2026-09-10 10:01:45
EVT_001435,IF_PAY_001,PAY,ORD,API,REST,Warning,PAY_DB_536,"WARNING: Database PAY operation failed: connection pool exhausted (degraded, retrying)",Database,1001,SES_000956,REQ_00001435,2026-09-13 15:21:34
EVT_001436,IF_ORD_002,ORD,PAY,API,REST,Warning,ORD_EXT_537,"WARNING: External service PAY returned an error response (degraded, retrying)",ExternalService,2187,SES_000957,REQ_00001436,2026-09-11 13:47:31
EVT_001437,IF_ORD_002,ORD,PAY,API,REST,Warning,ORD_AUTHZ_538,"WARNING: Authorization denied for ORD->PAY request (degraded, retrying)",Authorization,434,SES_000958,REQ_00001437,2026-09-15 13:22:05
EVT_001438,IF_ORD_002,ORD,PAY,API,REST,Failed,ORD_EXT_539,External service PAY returned an error response,ExternalService,1111,SES_000959,REQ_00001438,2026-09-13 05:39:37
EVT_001439,IF_PAY_001,PAY,ORD,API,REST,Failed,PAY_EXT_540,External service ORD returned an error response,ExternalService,1402,SES_000960,REQ_00001439,2026-09-12 14:31:15
EVT_001440,IF_ORD_002,ORD,PAY,API,REST,Warning,ORD_INFRA_541,"WARNING: Infrastructure fault on ORD: node unavailable (degraded, retrying)",Infrastructure,730,SES_000960,REQ_00001440,2026-09-12 14:36:09
EVT_001441,IF_ORD_002,ORD,PAY,API,REST,Warning,ORD_AUTH_542,"WARNING: Authentication rejected between ORD and PAY (degraded, retrying)",Authentication,444,SES_000961,REQ_00001441,2026-09-13 14:22:48
EVT_001442,IF_PAY_001,PAY,ORD,API,REST,Failed,PAY_TMO_543,Timeout waiting for ORD to respond,Timeout,1630,SES_000961,REQ_00001442,2026-09-13 14:24:45
EVT_001443,IF_PAY_002,PAY,PRC,API,REST,Warning,PAY_INFRA_544,"WARNING: Infrastructure fault on PAY: node unavailable (degraded, retrying)",Infrastructure,8081,SES_000961,REQ_00001443,2026-09-13 14:26:40
EVT_001444,IF_DLV_002,DLV,PAY,MsgBus,Async,Failed,DLV_EXT_545,External service PAY returned an error response,ExternalService,7353,SES_000962,REQ_00001444,2026-09-16 13:11:43
EVT_001445,IF_PRC_001,PRC,MFG,ESB,SOAP,Failed,PRC_CAP_546,Capacity limit reached on PRC: request throttled,Capacity,1698,SES_000963,REQ_00001445,2026-09-14 10:39:39
EVT_001446,IF_MFG_003,MFG,DLV,ESB,CDC,Failed,MFG_NET_547,Network error contacting DLV: connection reset,Network,6847,SES_000963,REQ_00001446,2026-09-14 10:44:32
EVT_001447,IF_DLV_001,DLV,ORD,API,REST,Warning,DLV_INFRA_548,"WARNING: Infrastructure fault on DLV: node unavailable (degraded, retrying)",Infrastructure,999,SES_000964,REQ_00001447,2026-09-16 15:35:32
EVT_001448,IF_ORD_004,ORD,DLV,ESB,Batch,Warning,ORD_DB_549,"WARNING: Database ORD operation failed: connection pool exhausted (degraded, retrying)",Database,4966,SES_000964,REQ_00001448,2026-09-16 15:36:41
EVT_001449,IF_ORD_001,ORD,MFG,MsgBus,Async,Failed,ORD_TMO_550,Timeout waiting for MFG to respond,Timeout,1984,SES_000964,REQ_00001449,2026-09-16 15:37:39
EVT_001450,IF_MFG_001,MFG,ASM,MsgBus,Async,Failed,MFG_INFRA_551,Infrastructure fault on MFG: node unavailable,Infrastructure,967,SES_000965,REQ_00001450,2026-09-13 13:07:51
EVT_001451,IF_ASM_002,ASM,MFG,API,REST,Failed,ASM_EXT_552,External service MFG returned an error response,ExternalService,1834,SES_000965,REQ_00001451,2026-09-13 13:12:19
EVT_001452,IF_ASM_001,ASM,DLV,ESB,Batch,Failed,ASM_VAL_553,Validation failed for payload from ASM,Validation,781,SES_000965,REQ_00001452,2026-09-13 13:10:06
EVT_001453,IF_PRC_001,PRC,MFG,ESB,SOAP,Warning,PRC_DB_554,"WARNING: Database PRC operation failed: connection pool exhausted (degraded, retrying)",Database,1734,SES_000966,REQ_00001453,2026-09-15 22:45:01
EVT_001454,IF_MFG_003,MFG,DLV,ESB,CDC,Warning,MFG_TMO_555,"WARNING: Timeout waiting for DLV to respond (degraded, retrying)",Timeout,4388,SES_000967,REQ_00001454,2026-09-16 06:25:45
EVT_001455,IF_DLV_002,DLV,PAY,MsgBus,Async,Warning,DLV_AUTHZ_556,"WARNING: Authorization denied for DLV->PAY request (degraded, retrying)",Authorization,1240,SES_000967,REQ_00001455,2026-09-16 06:28:54
EVT_001456,IF_MFG_001,MFG,ASM,MsgBus,Async,Failed,MFG_TMO_557,Timeout waiting for ASM to respond,Timeout,3044,SES_000968,REQ_00001456,2026-09-13 10:06:21
EVT_001457,IF_ASM_001,ASM,DLV,ESB,Batch,Failed,ASM_CAP_558,Capacity limit reached on ASM: request throttled,Capacity,2178,SES_000968,REQ_00001457,2026-09-13 10:10:13
EVT_001458,IF_ASM_002,ASM,MFG,API,REST,Warning,ASM_CFG_559,"WARNING: Configuration mismatch on ASM endpoint (degraded, retrying)",Configuration,2510,SES_000968,REQ_00001458,2026-09-13 10:10:50
EVT_001459,IF_PRC_002,PRC,ASM,MsgBus,Async,Failed,PRC_TMO_560,Timeout waiting for ASM to respond,Timeout,2818,SES_000969,REQ_00001459,2026-09-15 11:45:10
EVT_001460,IF_PAY_001,PAY,ORD,API,REST,Warning,PAY_DB_561,"WARNING: Database PAY operation failed: connection pool exhausted (degraded, retrying)",Database,1773,SES_000970,REQ_00001460,2026-09-11 09:18:54
EVT_001461,IF_ORD_004,ORD,DLV,ESB,Batch,Failed,ORD_VAL_562,Validation failed for payload from ORD,Validation,4029,SES_000970,REQ_00001461,2026-09-11 09:23:16
EVT_001462,IF_ORD_002,ORD,PAY,API,REST,Failed,ORD_INFRA_563,Infrastructure fault on ORD: node unavailable,Infrastructure,789,SES_000970,REQ_00001462,2026-09-11 09:20:23
EVT_001463,IF_PRC_001,PRC,MFG,ESB,SOAP,Failed,PRC_VAL_564,Validation failed for payload from PRC,Validation,1323,SES_000971,REQ_00001463,2026-09-14 12:55:59
EVT_001464,IF_ORD_003,ORD,PRC,ESB,SOAP,Failed,ORD_AUTH_565,Authentication rejected between ORD and PRC,Authentication,1512,SES_000972,REQ_00001464,2026-09-15 20:21:14
EVT_001465,IF_PRC_002,PRC,ASM,MsgBus,Async,Warning,PRC_DB_566,"WARNING: Database PRC operation failed: connection pool exhausted (degraded, retrying)",Database,3293,SES_000972,REQ_00001465,2026-09-15 20:25:31
EVT_001466,IF_PRC_001,PRC,MFG,ESB,SOAP,Failed,PRC_CFG_567,Configuration mismatch on PRC endpoint,Configuration,3491,SES_000972,REQ_00001466,2026-09-15 20:25:44
EVT_001467,IF_PAY_002,PAY,PRC,API,REST,Warning,PAY_VAL_568,"WARNING: Validation failed for payload from PAY (degraded, retrying)",Validation,2994,SES_000973,REQ_00001467,2026-09-12 13:17:35
EVT_001468,IF_PRC_002,PRC,ASM,MsgBus,Async,Failed,PRC_INFRA_569,Infrastructure fault on PRC: node unavailable,Infrastructure,1634,SES_000973,REQ_00001468,2026-09-12 13:19:48
EVT_001469,IF_ORD_002,ORD,PAY,API,REST,Warning,ORD_AUTH_570,"WARNING: Authentication rejected between ORD and PAY (degraded, retrying)",Authentication,1233,SES_000974,REQ_00001469,2026-09-11 10:45:29
EVT_001470,IF_ORD_003,ORD,PRC,ESB,SOAP,Failed,ORD_CFG_571,Configuration mismatch on ORD endpoint,Configuration,1478,SES_000975,REQ_00001470,2026-09-10 19:08:33
EVT_001471,IF_ASM_002,ASM,MFG,API,REST,Failed,ASM_TMO_572,Timeout waiting for MFG to respond,Timeout,3888,SES_000976,REQ_00001471,2026-09-14 18:03:20
EVT_001472,IF_ORD_001,ORD,MFG,MsgBus,Async,Failed,ORD_NET_573,Network error contacting MFG: connection reset,Network,1574,SES_000977,REQ_00001472,2026-09-11 14:19:36
EVT_001473,IF_PRC_001,PRC,MFG,ESB,SOAP,Failed,PRC_EXT_574,External service MFG returned an error response,ExternalService,2613,SES_000978,REQ_00001473,2026-09-14 17:39:48
EVT_001474,IF_MFG_001,MFG,ASM,MsgBus,Async,Warning,MFG_VAL_575,"WARNING: Validation failed for payload from MFG (degraded, retrying)",Validation,748,SES_000978,REQ_00001474,2026-09-14 17:42:23
EVT_001475,IF_MFG_003,MFG,DLV,ESB,CDC,Warning,MFG_TMO_576,"WARNING: Timeout waiting for DLV to respond (degraded, retrying)",Timeout,2435,SES_000978,REQ_00001475,2026-09-14 17:44:37
EVT_001476,IF_PAY_002,PAY,PRC,API,REST,Failed,PAY_INFRA_577,Infrastructure fault on PAY: node unavailable,Infrastructure,1736,SES_000979,REQ_00001476,2026-09-11 13:20:57
EVT_001477,IF_MFG_001,MFG,ASM,MsgBus,Async,Failed,MFG_INFRA_578,Infrastructure fault on MFG: node unavailable,Infrastructure,2425,SES_000980,REQ_00001477,2026-09-10 19:28:21
EVT_001478,IF_ASM_001,ASM,DLV,ESB,Batch,Warning,ASM_AUTH_579,"WARNING: Authentication rejected between ASM and DLV (degraded, retrying)",Authentication,1563,SES_000980,REQ_00001478,2026-09-10 19:32:54
EVT_001479,IF_ASM_002,ASM,MFG,API,REST,Warning,ASM_CFG_580,"WARNING: Configuration mismatch on ASM endpoint (degraded, retrying)",Configuration,2282,SES_000980,REQ_00001479,2026-09-10 19:29:42
EVT_001480,IF_PAY_001,PAY,ORD,API,REST,Failed,PAY_TMO_581,Timeout waiting for ORD to respond,Timeout,1473,SES_000981,REQ_00001480,2026-09-16 09:42:10
EVT_001481,IF_MFG_003,MFG,DLV,ESB,CDC,Warning,MFG_AUTHZ_582,"WARNING: Authorization denied for MFG->DLV request (degraded, retrying)",Authorization,1247,SES_000982,REQ_00001481,2026-09-12 10:16:30
EVT_001482,IF_PRC_002,PRC,ASM,MsgBus,Async,Warning,PRC_DB_583,"WARNING: Database PRC operation failed: connection pool exhausted (degraded, retrying)",Database,3072,SES_000983,REQ_00001482,2026-09-15 11:19:27
EVT_001483,IF_ASM_002,ASM,MFG,API,REST,Failed,ASM_CFG_584,Configuration mismatch on ASM endpoint,Configuration,1521,SES_000984,REQ_00001483,2026-09-12 15:08:29
EVT_001484,IF_MFG_001,MFG,ASM,MsgBus,Async,Warning,MFG_EXT_585,"WARNING: External service ASM returned an error response (degraded, retrying)",ExternalService,1828,SES_000984,REQ_00001484,2026-09-12 15:11:15
EVT_001485,IF_PRC_001,PRC,MFG,ESB,SOAP,Failed,PRC_NET_586,Network error contacting MFG: connection reset,Network,1592,SES_000985,REQ_00001485,2026-09-11 17:39:32
EVT_001486,IF_MFG_002,MFG,PRC,API,REST,Warning,MFG_TMO_587,"WARNING: Timeout waiting for PRC to respond (degraded, retrying)",Timeout,3224,SES_000986,REQ_00001486,2026-09-15 14:02:49
EVT_001487,IF_ORD_003,ORD,PRC,ESB,SOAP,Failed,ORD_AUTH_588,Authentication rejected between ORD and PRC,Authentication,3824,SES_000987,REQ_00001487,2026-09-10 08:40:21
EVT_001488,IF_PRC_001,PRC,MFG,ESB,SOAP,Failed,PRC_CAP_589,Capacity limit reached on PRC: request throttled,Capacity,2462,SES_000987,REQ_00001488,2026-09-10 08:41:40
EVT_001489,IF_PRC_002,PRC,ASM,MsgBus,Async,Warning,PRC_DB_590,"WARNING: Database PRC operation failed: connection pool exhausted (degraded, retrying)",Database,1300,SES_000988,REQ_00001489,2026-09-14 14:42:16
EVT_001490,IF_PAY_001,PAY,ORD,API,REST,Warning,PAY_CFG_591,"WARNING: Configuration mismatch on PAY endpoint (degraded, retrying)",Configuration,357,SES_000989,REQ_00001490,2026-09-15 16:20:54
EVT_001491,IF_ORD_003,ORD,PRC,ESB,SOAP,Warning,ORD_DB_592,"WARNING: Database ORD operation failed: connection pool exhausted (degraded, retrying)",Database,1299,SES_000990,REQ_00001491,2026-09-12 09:45:16
EVT_001492,IF_PRC_002,PRC,ASM,MsgBus,Async,Warning,PRC_VAL_593,"WARNING: Validation failed for payload from PRC (degraded, retrying)",Validation,898,SES_000991,REQ_00001492,2026-09-16 13:03:53
EVT_001493,IF_PRC_002,PRC,ASM,MsgBus,Async,Failed,PRC_AUTHZ_594,Authorization denied for PRC->ASM request,Authorization,1551,SES_000992,REQ_00001493,2026-09-14 17:20:50
EVT_001494,IF_ASM_002,ASM,MFG,API,REST,Warning,ASM_NET_595,"WARNING: Network error contacting MFG: connection reset (degraded, retrying)",Network,4226,SES_000993,REQ_00001494,2026-09-14 16:34:10
EVT_001495,IF_PAY_001,PAY,ORD,API,REST,Failed,PAY_TMO_596,Timeout waiting for ORD to respond,Timeout,1831,SES_000994,REQ_00001495,2026-09-11 16:49:43
EVT_001496,IF_ORD_004,ORD,DLV,ESB,Batch,Warning,ORD_VAL_597,"WARNING: Validation failed for payload from ORD (degraded, retrying)",Validation,4624,SES_000994,REQ_00001496,2026-09-11 16:54:39
EVT_001497,IF_ORD_003,ORD,PRC,ESB,SOAP,Warning,ORD_EXT_598,"WARNING: External service PRC returned an error response (degraded, retrying)",ExternalService,953,SES_000995,REQ_00001497,2026-09-13 18:25:36
EVT_001498,IF_ASM_002,ASM,MFG,API,REST,Failed,ASM_CFG_599,Configuration mismatch on ASM endpoint,Configuration,2924,SES_000996,REQ_00001498,2026-09-12 17:37:43
EVT_001499,IF_ASM_002,ASM,MFG,API,REST,Failed,ASM_INFRA_600,Infrastructure fault on ASM: node unavailable,Infrastructure,1252,SES_000997,REQ_00001499,2026-09-15 17:09:12
EVT_001500,IF_PAY_002,PAY,PRC,API,REST,Failed,PAY_AUTHZ_601,Authorization denied for PAY->PRC request,Authorization,3985,SES_000998,REQ_00001500,2026-09-10 16:34:22
EVT_001501,IF_PRC_002,PRC,ASM,MsgBus,Async,Warning,PRC_CFG_602,"WARNING: Configuration mismatch on PRC endpoint (degraded, retrying)",Configuration,4169,SES_000998,REQ_00001501,2026-09-10 16:36:42
EVT_001502,IF_PRC_001,PRC,MFG,ESB,SOAP,Warning,PRC_EXT_603,"WARNING: External service MFG returned an error response (degraded, retrying)",ExternalService,972,SES_000998,REQ_00001502,2026-09-10 16:38:09
EVT_001503,IF_PRC_001,PRC,MFG,ESB,SOAP,Failed,PRC_CFG_604,Configuration mismatch on PRC endpoint,Configuration,1756,SES_000999,REQ_00001503,2026-09-16 16:24:03
EVT_001504,IF_MFG_003,MFG,DLV,ESB,CDC,Failed,MFG_NET_605,Network error contacting DLV: connection reset,Network,7161,SES_000999,REQ_00001504,2026-09-16 16:25:28
EVT_001505,IF_ORD_002,ORD,PAY,API,REST,Warning,ORD_VAL_606,"WARNING: Validation failed for payload from ORD (degraded, retrying)",Validation,470,SES_001000,REQ_00001505,2026-09-12 16:20:26
EVT_001506,IF_PAY_001,PAY,ORD,API,REST,Warning,PAY_EXT_607,"WARNING: External service ORD returned an error response (degraded, retrying)",ExternalService,1088,SES_001000,REQ_00001506,2026-09-12 16:20:31
EVT_001507,IF_ORD_001,ORD,MFG,MsgBus,Async,Warning,ORD_AUTH_608,"WARNING: Authentication rejected between ORD and MFG (degraded, retrying)",Authentication,386,SES_001001,REQ_00001507,2026-09-12 11:19:53
EVT_001508,IF_PAY_002,PAY,PRC,API,REST,Failed,PAY_AUTHZ_609,Authorization denied for PAY->PRC request,Authorization,1336,SES_001002,REQ_00001508,2026-09-16 12:30:01
EVT_001509,IF_PRC_002,PRC,ASM,MsgBus,Async,Warning,PRC_TMO_610,"WARNING: Timeout waiting for ASM to respond (degraded, retrying)",Timeout,3966,SES_001002,REQ_00001509,2026-09-16 12:34:28
EVT_001510,IF_MFG_001,MFG,ASM,MsgBus,Async,Warning,MFG_EXT_611,"WARNING: External service ASM returned an error response (degraded, retrying)",ExternalService,1391,SES_001003,REQ_00001510,2026-09-16 16:18:23
EVT_001511,IF_PAY_001,PAY,ORD,API,REST,Warning,PAY_INFRA_612,"WARNING: Infrastructure fault on PAY: node unavailable (degraded, retrying)",Infrastructure,259,SES_001004,REQ_00001511,2026-09-15 17:42:11
EVT_001512,IF_PAY_001,PAY,ORD,API,REST,Warning,PAY_AUTHZ_613,"WARNING: Authorization denied for PAY->ORD request (degraded, retrying)",Authorization,258,SES_001005,REQ_00001512,2026-09-12 19:16:39
EVT_001513,IF_PAY_001,PAY,ORD,API,REST,Failed,PAY_VAL_614,Validation failed for payload from PAY,Validation,1462,SES_001006,REQ_00001513,2026-09-11 19:02:34
EVT_001514,IF_ORD_004,ORD,DLV,ESB,Batch,Warning,ORD_EXT_615,"WARNING: External service DLV returned an error response (degraded, retrying)",ExternalService,11133,SES_001006,REQ_00001514,2026-09-11 19:06:39
EVT_001515,IF_ORD_001,ORD,MFG,MsgBus,Async,Failed,ORD_AUTH_616,Authentication rejected between ORD and MFG,Authentication,422,SES_001007,REQ_00001515,2026-09-11 17:51:40
EVT_001516,IF_PRC_001,PRC,MFG,ESB,SOAP,Warning,PRC_CAP_617,"WARNING: Capacity limit reached on PRC: request throttled (degraded, retrying)",Capacity,685,SES_001008,REQ_00001516,2026-09-14 15:06:30
EVT_001517,IF_MFG_003,MFG,DLV,ESB,CDC,Failed,MFG_EXT_618,External service DLV returned an error response,ExternalService,3409,SES_001008,REQ_00001517,2026-09-14 15:07:14
EVT_001518,IF_MFG_002,MFG,PRC,API,REST,Failed,MFG_TMO_619,Timeout waiting for PRC to respond,Timeout,5609,SES_001009,REQ_00001518,2026-09-11 10:11:46
EVT_001519,IF_PAY_001,PAY,ORD,API,REST,Warning,PAY_CAP_620,"WARNING: Capacity limit reached on PAY: request throttled (degraded, retrying)",Capacity,711,SES_001010,REQ_00001519,2026-09-12 16:08:20
EVT_001520,IF_ORD_002,ORD,PAY,API,REST,Failed,ORD_INFRA_621,Infrastructure fault on ORD: node unavailable,Infrastructure,827,SES_001011,REQ_00001520,2026-09-16 12:03:50
EVT_001521,IF_PAY_001,PAY,ORD,API,REST,Failed,PAY_TMO_622,Timeout waiting for ORD to respond,Timeout,1783,SES_001011,REQ_00001521,2026-09-16 12:03:57
EVT_001522,IF_PAY_002,PAY,PRC,API,REST,Warning,PAY_CFG_623,"WARNING: Configuration mismatch on PAY endpoint (degraded, retrying)",Configuration,1987,SES_001011,REQ_00001522,2026-09-16 12:08:47
EVT_001523,IF_ASM_002,ASM,MFG,API,REST,Warning,ASM_AUTHZ_624,"WARNING: Authorization denied for ASM->MFG request (degraded, retrying)",Authorization,2743,SES_001012,REQ_00001523,2026-09-13 08:17:41
EVT_001524,IF_MFG_001,MFG,ASM,MsgBus,Async,Failed,MFG_AUTHZ_625,Authorization denied for MFG->ASM request,Authorization,1744,SES_001012,REQ_00001524,2026-09-13 08:18:32
EVT_001525,IF_MFG_003,MFG,DLV,ESB,CDC,Warning,MFG_DB_626,"WARNING: Database MFG operation failed: connection pool exhausted (degraded, retrying)",Database,4826,SES_001012,REQ_00001525,2026-09-13 08:20:50
EVT_001526,IF_ASM_001,ASM,DLV,ESB,Batch,Failed,ASM_AUTHZ_627,Authorization denied for ASM->DLV request,Authorization,1060,SES_001013,REQ_00001526,2026-09-13 17:07:35
EVT_001527,IF_PAY_001,PAY,ORD,API,REST,Warning,PAY_VAL_628,"WARNING: Validation failed for payload from PAY (degraded, retrying)",Validation,364,SES_001014,REQ_00001527,2026-09-10 21:32:11
EVT_001528,IF_ORD_002,ORD,PAY,API,REST,Failed,ORD_INFRA_629,Infrastructure fault on ORD: node unavailable,Infrastructure,770,SES_001014,REQ_00001528,2026-09-10 21:36:42
EVT_001529,IF_ORD_004,ORD,DLV,ESB,Batch,Failed,ORD_AUTHZ_630,Authorization denied for ORD->DLV request,Authorization,4697,SES_001014,REQ_00001529,2026-09-10 21:32:37
EVT_001530,IF_MFG_002,MFG,PRC,API,REST,Warning,MFG_CAP_631,"WARNING: Capacity limit reached on MFG: request throttled (degraded, retrying)",Capacity,1443,SES_001015,REQ_00001530,2026-09-14 09:10:06
EVT_001531,IF_DLV_001,DLV,ORD,API,REST,Failed,DLV_EXT_632,External service ORD returned an error response,ExternalService,1745,SES_001016,REQ_00001531,2026-09-14 20:39:27
EVT_001532,IF_MFG_003,MFG,DLV,ESB,CDC,Failed,MFG_AUTH_633,Authentication rejected between MFG and DLV,Authentication,3325,SES_001017,REQ_00001532,2026-09-13 13:08:46
EVT_001533,IF_DLV_002,DLV,PAY,MsgBus,Async,Warning,DLV_TMO_634,"WARNING: Timeout waiting for PAY to respond (degraded, retrying)",Timeout,6487,SES_001017,REQ_00001533,2026-09-13 13:12:18
EVT_001534,IF_ASM_002,ASM,MFG,API,REST,Warning,ASM_EXT_635,"WARNING: External service MFG returned an error response (degraded, retrying)",ExternalService,4309,SES_001018,REQ_00001534,2026-09-16 21:15:25
EVT_001535,IF_DLV_002,DLV,PAY,MsgBus,Async,Failed,DLV_CAP_636,Capacity limit reached on DLV: request throttled,Capacity,4033,SES_001019,REQ_00001535,2026-09-11 21:17:08
EVT_001536,IF_MFG_001,MFG,ASM,MsgBus,Async,Failed,MFG_VAL_637,Validation failed for payload from MFG,Validation,753,SES_001020,REQ_00001536,2026-09-15 10:20:00
EVT_001537,IF_PRC_002,PRC,ASM,MsgBus,Async,Warning,PRC_INFRA_638,"WARNING: Infrastructure fault on PRC: node unavailable (degraded, retrying)",Infrastructure,534,SES_001021,REQ_00001537,2026-09-15 12:52:07
EVT_001538,IF_DLV_001,DLV,ORD,API,REST,Failed,DLV_TMO_639,Timeout waiting for ORD to respond,Timeout,2113,SES_001022,REQ_00001538,2026-09-12 17:02:24
EVT_001539,IF_ORD_002,ORD,PAY,API,REST,Failed,ORD_CAP_640,Capacity limit reached on ORD: request throttled,Capacity,1087,SES_001023,REQ_00001539,2026-09-16 17:48:18
EVT_001540,IF_PAY_001,PAY,ORD,API,REST,Warning,PAY_NET_641,"WARNING: Network error contacting ORD: connection reset (degraded, retrying)",Network,1795,SES_001023,REQ_00001540,2026-09-16 17:51:55
EVT_001541,IF_PAY_002,PAY,PRC,API,REST,Failed,PAY_VAL_642,Validation failed for payload from PAY,Validation,2186,SES_001023,REQ_00001541,2026-09-16 17:50:41
EVT_001542,IF_ORD_001,ORD,MFG,MsgBus,Async,Warning,ORD_CFG_643,"WARNING: Configuration mismatch on ORD endpoint (degraded, retrying)",Configuration,614,SES_001024,REQ_00001542,2026-09-12 21:05:00
EVT_001543,IF_ASM_001,ASM,DLV,ESB,Batch,Failed,ASM_CAP_644,Capacity limit reached on ASM: request throttled,Capacity,1163,SES_001025,REQ_00001543,2026-09-12 08:49:52
EVT_001544,IF_DLV_001,DLV,ORD,API,REST,Warning,DLV_NET_645,"WARNING: Network error contacting ORD: connection reset (degraded, retrying)",Network,3862,SES_001026,REQ_00001544,2026-09-13 06:06:37
EVT_001545,IF_DLV_001,DLV,ORD,API,REST,Warning,DLV_DB_646,"WARNING: Database DLV operation failed: connection pool exhausted (degraded, retrying)",Database,1889,SES_001027,REQ_00001545,2026-09-15 16:38:26
EVT_001546,IF_DLV_001,DLV,ORD,API,REST,Warning,DLV_EXT_647,"WARNING: External service ORD returned an error response (degraded, retrying)",ExternalService,3330,SES_001028,REQ_00001546,2026-09-14 17:02:25
EVT_001547,IF_ORD_004,ORD,DLV,ESB,Batch,Failed,ORD_TMO_648,Timeout waiting for DLV to respond,Timeout,11069,SES_001028,REQ_00001547,2026-09-14 17:05:58
EVT_001548,IF_ORD_001,ORD,MFG,MsgBus,Async,Warning,ORD_CFG_649,"WARNING: Configuration mismatch on ORD endpoint (degraded, retrying)",Configuration,417,SES_001028,REQ_00001548,2026-09-14 17:05:23
EVT_001549,IF_ASM_002,ASM,MFG,API,REST,Failed,ASM_VAL_650,Validation failed for payload from ASM,Validation,2927,SES_001029,REQ_00001549,2026-09-12 13:40:16
EVT_001550,IF_MFG_001,MFG,ASM,MsgBus,Async,Failed,MFG_NET_651,Network error contacting ASM: connection reset,Network,1851,SES_001029,REQ_00001550,2026-09-12 13:41:46
EVT_001551,IF_MFG_003,MFG,DLV,ESB,CDC,Warning,MFG_AUTH_652,"WARNING: Authentication rejected between MFG and DLV (degraded, retrying)",Authentication,1143,SES_001029,REQ_00001551,2026-09-12 13:42:14
EVT_001552,IF_MFG_001,MFG,ASM,MsgBus,Async,Warning,MFG_CFG_653,"WARNING: Configuration mismatch on MFG endpoint (degraded, retrying)",Configuration,767,SES_001030,REQ_00001552,2026-09-15 12:39:31
EVT_001553,IF_ORD_002,ORD,PAY,API,REST,Failed,ORD_DB_654,Database ORD operation failed: connection pool exhausted,Database,649,SES_001031,REQ_00001553,2026-09-16 12:23:48
EVT_001554,IF_PRC_002,PRC,ASM,MsgBus,Async,Failed,PRC_CAP_655,Capacity limit reached on PRC: request throttled,Capacity,1643,SES_001032,REQ_00001554,2026-09-15 15:18:48
EVT_001555,IF_ASM_001,ASM,DLV,ESB,Batch,Failed,ASM_VAL_656,Validation failed for payload from ASM,Validation,2840,SES_001032,REQ_00001555,2026-09-15 15:20:04
EVT_001556,IF_ASM_002,ASM,MFG,API,REST,Failed,ASM_NET_657,Network error contacting MFG: connection reset,Network,3038,SES_001032,REQ_00001556,2026-09-15 15:21:20
EVT_001557,IF_MFG_002,MFG,PRC,API,REST,Failed,MFG_TMO_658,Timeout waiting for PRC to respond,Timeout,3079,SES_001033,REQ_00001557,2026-09-16 06:35:09
EVT_001558,IF_PRC_002,PRC,ASM,MsgBus,Async,Warning,PRC_AUTH_659,"WARNING: Authentication rejected between PRC and ASM (degraded, retrying)",Authentication,3452,SES_001033,REQ_00001558,2026-09-16 06:37:01
EVT_001559,IF_PRC_001,PRC,MFG,ESB,SOAP,Warning,PRC_VAL_660,"WARNING: Validation failed for payload from PRC (degraded, retrying)",Validation,1648,SES_001033,REQ_00001559,2026-09-16 06:38:55
EVT_001560,IF_MFG_001,MFG,ASM,MsgBus,Async,Warning,MFG_EXT_661,"WARNING: External service ASM returned an error response (degraded, retrying)",ExternalService,3028,SES_001034,REQ_00001560,2026-09-11 17:37:25
EVT_001561,IF_PAY_001,PAY,ORD,API,REST,Warning,PAY_CFG_662,"WARNING: Configuration mismatch on PAY endpoint (degraded, retrying)",Configuration,444,SES_001035,REQ_00001561,2026-09-16 17:27:23
EVT_001562,IF_ORD_003,ORD,PRC,ESB,SOAP,Failed,ORD_INFRA_663,Infrastructure fault on ORD: node unavailable,Infrastructure,744,SES_001036,REQ_00001562,2026-09-11 11:52:44
EVT_001563,IF_DLV_001,DLV,ORD,API,REST,Warning,DLV_AUTHZ_664,"WARNING: Authorization denied for DLV->ORD request (degraded, retrying)",Authorization,1311,SES_001037,REQ_00001563,2026-09-15 13:20:06
EVT_001564,IF_ORD_001,ORD,MFG,MsgBus,Async,Warning,ORD_TMO_665,"WARNING: Timeout waiting for MFG to respond (degraded, retrying)",Timeout,2393,SES_001038,REQ_00001564,2026-09-11 13:36:53
EVT_001565,IF_MFG_001,MFG,ASM,MsgBus,Async,Warning,MFG_INFRA_666,"WARNING: Infrastructure fault on MFG: node unavailable (degraded, retrying)",Infrastructure,526,SES_001038,REQ_00001565,2026-09-11 13:39:52
EVT_001566,IF_ASM_001,ASM,DLV,ESB,Batch,Warning,ASM_TMO_667,"WARNING: Timeout waiting for DLV to respond (degraded, retrying)",Timeout,2127,SES_001039,REQ_00001566,2026-09-15 10:16:57
EVT_001567,IF_DLV_001,DLV,ORD,API,REST,Warning,DLV_AUTH_668,"WARNING: Authentication rejected between DLV and ORD (degraded, retrying)",Authentication,846,SES_001039,REQ_00001567,2026-09-15 10:20:50
EVT_001568,IF_PRC_002,PRC,ASM,MsgBus,Async,Warning,PRC_AUTHZ_669,"WARNING: Authorization denied for PRC->ASM request (degraded, retrying)",Authorization,1485,SES_001040,REQ_00001568,2026-09-14 20:09:49
EVT_001569,IF_ASM_001,ASM,DLV,ESB,Batch,Failed,ASM_VAL_670,Validation failed for payload from ASM,Validation,1220,SES_001040,REQ_00001569,2026-09-14 20:10:27
EVT_001570,IF_ASM_001,ASM,DLV,ESB,Batch,Failed,ASM_INFRA_671,Infrastructure fault on ASM: node unavailable,Infrastructure,644,SES_001041,REQ_00001570,2026-09-11 10:38:49
EVT_001571,IF_ASM_001,ASM,DLV,ESB,Batch,Warning,ASM_EXT_672,"WARNING: External service DLV returned an error response (degraded, retrying)",ExternalService,1986,SES_001042,REQ_00001571,2026-09-12 07:25:36
EVT_001572,IF_ASM_001,ASM,DLV,ESB,Batch,Warning,ASM_TMO_673,"WARNING: Timeout waiting for DLV to respond (degraded, retrying)",Timeout,1158,SES_001043,REQ_00001572,2026-09-11 08:22:11
EVT_001573,IF_DLV_001,DLV,ORD,API,REST,Warning,DLV_NET_674,"WARNING: Network error contacting ORD: connection reset (degraded, retrying)",Network,3436,SES_001043,REQ_00001573,2026-09-11 08:25:06
EVT_001574,IF_ORD_002,ORD,PAY,API,REST,Warning,ORD_VAL_675,"WARNING: Validation failed for payload from ORD (degraded, retrying)",Validation,248,SES_001044,REQ_00001574,2026-09-14 06:23:06
EVT_001575,IF_PAY_001,PAY,ORD,API,REST,Warning,PAY_CAP_676,"WARNING: Capacity limit reached on PAY: request throttled (degraded, retrying)",Capacity,558,SES_001044,REQ_00001575,2026-09-14 06:24:36
EVT_001576,IF_ORD_002,ORD,PAY,API,REST,Failed,ORD_INFRA_677,Infrastructure fault on ORD: node unavailable,Infrastructure,1033,SES_001045,REQ_00001576,2026-09-12 08:43:58
EVT_001577,IF_PRC_001,PRC,MFG,ESB,SOAP,Warning,PRC_VAL_678,"WARNING: Validation failed for payload from PRC (degraded, retrying)",Validation,1515,SES_001046,REQ_00001577,2026-09-11 13:52:52
EVT_001578,IF_MFG_001,MFG,ASM,MsgBus,Async,Warning,MFG_INFRA_679,"WARNING: Infrastructure fault on MFG: node unavailable (degraded, retrying)",Infrastructure,1158,SES_001046,REQ_00001578,2026-09-11 13:53:49
EVT_001579,IF_MFG_003,MFG,DLV,ESB,CDC,Warning,MFG_CAP_680,"WARNING: Capacity limit reached on MFG: request throttled (degraded, retrying)",Capacity,1272,SES_001046,REQ_00001579,2026-09-11 13:53:45
EVT_001580,IF_PRC_002,PRC,ASM,MsgBus,Async,Failed,PRC_TMO_681,Timeout waiting for ASM to respond,Timeout,3590,SES_001047,REQ_00001580,2026-09-12 20:59:42
EVT_001581,IF_ASM_002,ASM,MFG,API,REST,Warning,ASM_TMO_682,"WARNING: Timeout waiting for MFG to respond (degraded, retrying)",Timeout,2394,SES_001047,REQ_00001581,2026-09-12 21:00:56
EVT_001582,IF_ASM_001,ASM,DLV,ESB,Batch,Warning,ASM_TMO_683,"WARNING: Timeout waiting for DLV to respond (degraded, retrying)",Timeout,3211,SES_001047,REQ_00001582,2026-09-12 21:02:47
EVT_001583,IF_DLV_001,DLV,ORD,API,REST,Failed,DLV_AUTHZ_684,Authorization denied for DLV->ORD request,Authorization,1967,SES_001048,REQ_00001583,2026-09-15 16:37:06
EVT_001584,IF_ORD_002,ORD,PAY,API,REST,Failed,ORD_TMO_685,Timeout waiting for PAY to respond,Timeout,1640,SES_001049,REQ_00001584,2026-09-14 12:34:41
EVT_001585,IF_ORD_001,ORD,MFG,MsgBus,Async,Failed,ORD_VAL_686,Validation failed for payload from ORD,Validation,707,SES_001050,REQ_00001585,2026-09-13 12:05:31
EVT_001586,IF_ASM_001,ASM,DLV,ESB,Batch,Failed,ASM_DB_687,Database ASM operation failed: connection pool exhausted,Database,4208,SES_001051,REQ_00001586,2026-09-16 16:49:43
EVT_001587,IF_ASM_001,ASM,DLV,ESB,Batch,Failed,ASM_DB_688,Database ASM operation failed: connection pool exhausted,Database,3655,SES_001052,REQ_00001587,2026-09-14 14:41:20
EVT_001588,IF_DLV_001,DLV,ORD,API,REST,Warning,DLV_VAL_689,"WARNING: Validation failed for payload from DLV (degraded, retrying)",Validation,1469,SES_001053,REQ_00001588,2026-09-14 06:52:43
EVT_001589,IF_PAY_002,PAY,PRC,API,REST,Warning,PAY_AUTHZ_690,"WARNING: Authorization denied for PAY->PRC request (degraded, retrying)",Authorization,1075,SES_001054,REQ_00001589,2026-09-10 19:06:29
EVT_001590,IF_PRC_002,PRC,ASM,MsgBus,Async,Warning,PRC_NET_691,"WARNING: Network error contacting ASM: connection reset (degraded, retrying)",Network,2449,SES_001054,REQ_00001590,2026-09-10 19:09:46
EVT_001591,IF_ORD_004,ORD,DLV,ESB,Batch,Warning,ORD_AUTHZ_692,"WARNING: Authorization denied for ORD->DLV request (degraded, retrying)",Authorization,5170,SES_001055,REQ_00001591,2026-09-16 19:21:11
EVT_001592,IF_DLV_002,DLV,PAY,MsgBus,Async,Failed,DLV_AUTH_693,Authentication rejected between DLV and PAY,Authentication,1814,SES_001055,REQ_00001592,2026-09-16 19:24:49
EVT_001593,IF_DLV_001,DLV,ORD,API,REST,Warning,DLV_DB_694,"WARNING: Database DLV operation failed: connection pool exhausted (degraded, retrying)",Database,2085,SES_001055,REQ_00001593,2026-09-16 19:23:32
EVT_001594,IF_ASM_002,ASM,MFG,API,REST,Failed,ASM_DB_695,Database ASM operation failed: connection pool exhausted,Database,4476,SES_001056,REQ_00001594,2026-09-12 17:12:52
EVT_001595,IF_ORD_001,ORD,MFG,MsgBus,Async,Failed,ORD_INFRA_696,Infrastructure fault on ORD: node unavailable,Infrastructure,1041,SES_001057,REQ_00001595,2026-09-13 09:44:14
EVT_001596,IF_MFG_001,MFG,ASM,MsgBus,Async,Failed,MFG_EXT_697,External service ASM returned an error response,ExternalService,1711,SES_001057,REQ_00001596,2026-09-13 09:46:27
EVT_001597,IF_ORD_001,ORD,MFG,MsgBus,Async,Warning,ORD_CFG_698,"WARNING: Configuration mismatch on ORD endpoint (degraded, retrying)",Configuration,848,SES_001058,REQ_00001597,2026-09-16 14:06:48
EVT_001598,IF_PRC_001,PRC,MFG,ESB,SOAP,Failed,PRC_DB_699,Database PRC operation failed: connection pool exhausted,Database,3274,SES_001059,REQ_00001598,2026-09-11 13:02:30
EVT_001599,IF_PAY_001,PAY,ORD,API,REST,Warning,PAY_TMO_700,"WARNING: Timeout waiting for ORD to respond (degraded, retrying)",Timeout,2304,SES_001060,REQ_00001599,2026-09-16 07:27:39
EVT_001600,IF_ORD_001,ORD,MFG,MsgBus,Async,Failed,ORD_INFRA_701,Infrastructure fault on ORD: node unavailable,Infrastructure,593,SES_001061,REQ_00001600,2026-09-11 16:46:20
EVT_001601,IF_ORD_001,ORD,MFG,MsgBus,Async,Failed,ORD_AUTH_702,Authentication rejected between ORD and MFG,Authentication,724,SES_001062,REQ_00001601,2026-09-12 13:57:41
EVT_001602,IF_DLV_001,DLV,ORD,API,REST,Failed,DLV_CFG_703,Configuration mismatch on DLV endpoint,Configuration,1502,SES_001063,REQ_00001602,2026-09-12 15:28:01
EVT_001603,IF_ORD_001,ORD,MFG,MsgBus,Async,Failed,ORD_EXT_704,External service MFG returned an error response,ExternalService,1997,SES_001063,REQ_00001603,2026-09-12 15:29:00
EVT_001604,IF_ORD_002,ORD,PAY,API,REST,Failed,ORD_CFG_705,Configuration mismatch on ORD endpoint,Configuration,1044,SES_001064,REQ_00001604,2026-09-15 20:23:02
EVT_001605,IF_MFG_001,MFG,ASM,MsgBus,Async,Failed,MFG_NET_706,Network error contacting ASM: connection reset,Network,956,SES_001065,REQ_00001605,2026-09-14 09:14:48
EVT_001606,IF_MFG_001,MFG,ASM,MsgBus,Async,Failed,MFG_CFG_707,Configuration mismatch on MFG endpoint,Configuration,1624,SES_001066,REQ_00001606,2026-09-14 15:18:43
EVT_001607,IF_ASM_001,ASM,DLV,ESB,Batch,Warning,ASM_AUTHZ_708,"WARNING: Authorization denied for ASM->DLV request (degraded, retrying)",Authorization,718,SES_001066,REQ_00001607,2026-09-14 15:20:03
EVT_001608,IF_ASM_002,ASM,MFG,API,REST,Failed,ASM_EXT_709,External service MFG returned an error response,ExternalService,6245,SES_001066,REQ_00001608,2026-09-14 15:20:14
EVT_001609,IF_ORD_003,ORD,PRC,ESB,SOAP,Failed,ORD_EXT_710,External service PRC returned an error response,ExternalService,2925,SES_001067,REQ_00001609,2026-09-12 16:27:51
EVT_001610,IF_PRC_001,PRC,MFG,ESB,SOAP,Warning,PRC_EXT_711,"WARNING: External service MFG returned an error response (degraded, retrying)",ExternalService,2100,SES_001067,REQ_00001610,2026-09-12 16:30:53
EVT_001611,IF_PAY_001,PAY,ORD,API,REST,Failed,PAY_EXT_712,External service ORD returned an error response,ExternalService,682,SES_001068,REQ_00001611,2026-09-15 12:24:29
EVT_001612,IF_ORD_002,ORD,PAY,API,REST,Failed,ORD_VAL_713,Validation failed for payload from ORD,Validation,1009,SES_001068,REQ_00001612,2026-09-15 12:27:37
EVT_001613,IF_ORD_002,ORD,PAY,API,REST,Failed,ORD_TMO_714,Timeout waiting for PAY to respond,Timeout,936,SES_001069,REQ_00001613,2026-09-12 15:13:25
EVT_001614,IF_PAY_001,PAY,ORD,API,REST,Warning,PAY_EXT_715,"WARNING: External service ORD returned an error response (degraded, retrying)",ExternalService,1904,SES_001070,REQ_00001614,2026-09-14 12:12:13
EVT_001615,IF_MFG_002,MFG,PRC,API,REST,Failed,MFG_CAP_716,Capacity limit reached on MFG: request throttled,Capacity,3507,SES_001071,REQ_00001615,2026-09-10 15:24:36
EVT_001616,IF_PRC_001,PRC,MFG,ESB,SOAP,Warning,PRC_INFRA_717,"WARNING: Infrastructure fault on PRC: node unavailable (degraded, retrying)",Infrastructure,1365,SES_001072,REQ_00001616,2026-09-16 09:26:20
EVT_001617,IF_DLV_002,DLV,PAY,MsgBus,Async,Warning,DLV_NET_718,"WARNING: Network error contacting PAY: connection reset (degraded, retrying)",Network,8256,SES_001073,REQ_00001617,2026-09-16 14:47:40
EVT_001618,IF_PAY_002,PAY,PRC,API,REST,Warning,PAY_INFRA_719,"WARNING: Infrastructure fault on PAY: node unavailable (degraded, retrying)",Infrastructure,3199,SES_001073,REQ_00001618,2026-09-16 14:50:44
EVT_001619,IF_PAY_001,PAY,ORD,API,REST,Warning,PAY_AUTHZ_720,"WARNING: Authorization denied for PAY->ORD request (degraded, retrying)",Authorization,613,SES_001073,REQ_00001619,2026-09-16 14:48:15
EVT_001620,IF_ORD_003,ORD,PRC,ESB,SOAP,Warning,ORD_INFRA_721,"WARNING: Infrastructure fault on ORD: node unavailable (degraded, retrying)",Infrastructure,1530,SES_001074,REQ_00001620,2026-09-13 11:11:18
EVT_001621,IF_PRC_002,PRC,ASM,MsgBus,Async,Warning,PRC_AUTH_722,"WARNING: Authentication rejected between PRC and ASM (degraded, retrying)",Authentication,1277,SES_001075,REQ_00001621,2026-09-14 19:26:10
EVT_001622,IF_ORD_001,ORD,MFG,MsgBus,Async,Failed,ORD_EXT_723,External service MFG returned an error response,ExternalService,1198,SES_001076,REQ_00001622,2026-09-15 20:58:28
EVT_001623,IF_MFG_003,MFG,DLV,ESB,CDC,Failed,MFG_INFRA_724,Infrastructure fault on MFG: node unavailable,Infrastructure,6255,SES_001077,REQ_00001623,2026-09-14 15:52:23
EVT_001624,IF_PAY_001,PAY,ORD,API,REST,Failed,PAY_CAP_725,Capacity limit reached on PAY: request throttled,Capacity,560,SES_001078,REQ_00001624,2026-09-12 18:05:56
EVT_001625,IF_ORD_002,ORD,PAY,API,REST,Failed,ORD_NET_726,Network error contacting PAY: connection reset,Network,1019,SES_001078,REQ_00001625,2026-09-12 18:08:27
EVT_001626,IF_ORD_001,ORD,MFG,MsgBus,Async,Warning,ORD_CAP_727,"WARNING: Capacity limit reached on ORD: request throttled (degraded, retrying)",Capacity,507,SES_001078,REQ_00001626,2026-09-12 18:10:11
EVT_001627,IF_PAY_002,PAY,PRC,API,REST,Warning,PAY_DB_728,"WARNING: Database PAY operation failed: connection pool exhausted (degraded, retrying)",Database,4590,SES_001079,REQ_00001627,2026-09-16 10:32:17
EVT_001628,IF_PRC_002,PRC,ASM,MsgBus,Async,Warning,PRC_EXT_729,"WARNING: External service ASM returned an error response (degraded, retrying)",ExternalService,1861,SES_001079,REQ_00001628,2026-09-16 10:34:33
EVT_001629,IF_PRC_001,PRC,MFG,ESB,SOAP,Failed,PRC_AUTHZ_730,Authorization denied for PRC->MFG request,Authorization,4441,SES_001079,REQ_00001629,2026-09-16 10:36:13
EVT_001630,IF_ORD_003,ORD,PRC,ESB,SOAP,Failed,ORD_TMO_731,Timeout waiting for PRC to respond,Timeout,3614,SES_001080,REQ_00001630,2026-09-14 01:36:01
EVT_001631,IF_ORD_004,ORD,DLV,ESB,Batch,Failed,ORD_AUTHZ_732,Authorization denied for ORD->DLV request,Authorization,2661,SES_001081,REQ_00001631,2026-09-12 11:32:54
EVT_001632,IF_DLV_002,DLV,PAY,MsgBus,Async,Warning,DLV_TMO_733,"WARNING: Timeout waiting for PAY to respond (degraded, retrying)",Timeout,7197,SES_001081,REQ_00001632,2026-09-12 11:35:20
EVT_001633,IF_DLV_001,DLV,ORD,API,REST,Failed,DLV_NET_734,Network error contacting ORD: connection reset,Network,3857,SES_001081,REQ_00001633,2026-09-12 11:35:39
EVT_001634,IF_ORD_002,ORD,PAY,API,REST,Warning,ORD_NET_735,"WARNING: Network error contacting PAY: connection reset (degraded, retrying)",Network,979,SES_001082,REQ_00001634,2026-09-11 07:23:04
EVT_001635,IF_MFG_001,MFG,ASM,MsgBus,Async,Warning,MFG_TMO_736,"WARNING: Timeout waiting for ASM to respond (degraded, retrying)",Timeout,2698,SES_001083,REQ_00001635,2026-09-16 19:04:09
EVT_001636,IF_ORD_002,ORD,PAY,API,REST,Warning,ORD_NET_737,"WARNING: Network error contacting PAY: connection reset (degraded, retrying)",Network,762,SES_001084,REQ_00001636,2026-09-14 09:45:08
EVT_001637,IF_PAY_001,PAY,ORD,API,REST,Warning,PAY_NET_738,"WARNING: Network error contacting ORD: connection reset (degraded, retrying)",Network,1068,SES_001084,REQ_00001637,2026-09-14 09:46:57
EVT_001638,IF_ORD_004,ORD,DLV,ESB,Batch,Warning,ORD_INFRA_739,"WARNING: Infrastructure fault on ORD: node unavailable (degraded, retrying)",Infrastructure,3376,SES_001085,REQ_00001638,2026-09-11 13:12:45
EVT_001639,IF_ORD_001,ORD,MFG,MsgBus,Async,Failed,ORD_CFG_740,Configuration mismatch on ORD endpoint,Configuration,530,SES_001086,REQ_00001639,2026-09-16 06:11:32
EVT_001640,IF_ORD_001,ORD,MFG,MsgBus,Async,Failed,ORD_AUTHZ_741,Authorization denied for ORD->MFG request,Authorization,925,SES_001087,REQ_00001640,2026-09-11 15:44:48
EVT_001641,IF_PRC_001,PRC,MFG,ESB,SOAP,Failed,PRC_EXT_742,External service MFG returned an error response,ExternalService,1615,SES_001088,REQ_00001641,2026-09-16 14:38:26
EVT_001642,IF_MFG_003,MFG,DLV,ESB,CDC,Failed,MFG_NET_743,Network error contacting DLV: connection reset,Network,2151,SES_001088,REQ_00001642,2026-09-16 14:40:52
EVT_001643,IF_MFG_001,MFG,ASM,MsgBus,Async,Failed,MFG_EXT_744,External service ASM returned an error response,ExternalService,1127,SES_001088,REQ_00001643,2026-09-16 14:38:58
EVT_001644,IF_ORD_001,ORD,MFG,MsgBus,Async,Failed,ORD_AUTHZ_745,Authorization denied for ORD->MFG request,Authorization,878,SES_001089,REQ_00001644,2026-09-15 12:47:43
EVT_001645,IF_PRC_001,PRC,MFG,ESB,SOAP,Warning,PRC_TMO_746,"WARNING: Timeout waiting for MFG to respond (degraded, retrying)",Timeout,1955,SES_001090,REQ_00001645,2026-09-14 10:53:20
EVT_001646,IF_MFG_001,MFG,ASM,MsgBus,Async,Failed,MFG_AUTHZ_747,Authorization denied for MFG->ASM request,Authorization,1214,SES_001091,REQ_00001646,2026-09-14 23:12:14
EVT_001647,IF_ASM_001,ASM,DLV,ESB,Batch,Warning,ASM_INFRA_748,"WARNING: Infrastructure fault on ASM: node unavailable (degraded, retrying)",Infrastructure,1335,SES_001091,REQ_00001647,2026-09-14 23:16:13
EVT_001648,IF_ASM_002,ASM,MFG,API,REST,Failed,ASM_AUTHZ_749,Authorization denied for ASM->MFG request,Authorization,1953,SES_001091,REQ_00001648,2026-09-14 23:12:28
EVT_001649,IF_ASM_002,ASM,MFG,API,REST,Warning,ASM_INFRA_750,"WARNING: Infrastructure fault on ASM: node unavailable (degraded, retrying)",Infrastructure,1052,SES_001092,REQ_00001649,2026-09-11 12:00:27
EVT_001650,IF_MFG_003,MFG,DLV,ESB,CDC,Warning,MFG_AUTHZ_751,"WARNING: Authorization denied for MFG->DLV request (degraded, retrying)",Authorization,1374,SES_001092,REQ_00001650,2026-09-11 12:04:30
EVT_001651,IF_MFG_001,MFG,ASM,MsgBus,Async,Warning,MFG_VAL_752,"WARNING: Validation failed for payload from MFG (degraded, retrying)",Validation,783,SES_001092,REQ_00001651,2026-09-11 12:01:50
EVT_001652,IF_PAY_002,PAY,PRC,API,REST,Failed,PAY_DB_753,Database PAY operation failed: connection pool exhausted,Database,8745,SES_001093,REQ_00001652,2026-09-14 16:27:27
EVT_001653,IF_MFG_003,MFG,DLV,ESB,CDC,Warning,MFG_EXT_754,"WARNING: External service DLV returned an error response (degraded, retrying)",ExternalService,4595,SES_001094,REQ_00001653,2026-09-14 11:15:33
EVT_001654,IF_PAY_001,PAY,ORD,API,REST,Failed,PAY_INFRA_755,Infrastructure fault on PAY: node unavailable,Infrastructure,743,SES_001095,REQ_00001654,2026-09-12 15:43:39
EVT_001655,IF_PAY_002,PAY,PRC,API,REST,Failed,PAY_TMO_756,Timeout waiting for PRC to respond,Timeout,3909,SES_001096,REQ_00001655,2026-09-15 17:23:36
EVT_001656,IF_ORD_003,ORD,PRC,ESB,SOAP,Warning,ORD_TMO_757,"WARNING: Timeout waiting for PRC to respond (degraded, retrying)",Timeout,3142,SES_001097,REQ_00001656,2026-09-15 10:55:57
EVT_001657,IF_PAY_002,PAY,PRC,API,REST,Warning,PAY_CAP_758,"WARNING: Capacity limit reached on PAY: request throttled (degraded, retrying)",Capacity,3230,SES_001098,REQ_00001657,2026-09-12 15:57:08
EVT_001658,IF_PRC_002,PRC,ASM,MsgBus,Async,Warning,PRC_AUTHZ_759,"WARNING: Authorization denied for PRC->ASM request (degraded, retrying)",Authorization,3825,SES_001099,REQ_00001658,2026-09-11 17:15:31
EVT_001659,IF_DLV_002,DLV,PAY,MsgBus,Async,Warning,DLV_AUTH_760,"WARNING: Authentication rejected between DLV and PAY (degraded, retrying)",Authentication,1060,SES_001100,REQ_00001659,2026-09-10 13:29:38
EVT_001660,IF_PAY_001,PAY,ORD,API,REST,Failed,PAY_DB_761,Database PAY operation failed: connection pool exhausted,Database,1200,SES_001100,REQ_00001660,2026-09-10 13:32:46
EVT_001661,IF_PRC_001,PRC,MFG,ESB,SOAP,Failed,PRC_AUTH_762,Authentication rejected between PRC and MFG,Authentication,2035,SES_001101,REQ_00001661,2026-09-10 11:52:39
EVT_001662,IF_MFG_003,MFG,DLV,ESB,CDC,Warning,MFG_DB_763,"WARNING: Database MFG operation failed: connection pool exhausted (degraded, retrying)",Database,5992,SES_001101,REQ_00001662,2026-09-10 11:53:42
EVT_001663,IF_PAY_001,PAY,ORD,API,REST,Warning,PAY_DB_764,"WARNING: Database PAY operation failed: connection pool exhausted (degraded, retrying)",Database,933,SES_001102,REQ_00001663,2026-09-16 13:15:50
EVT_001664,IF_ORD_004,ORD,DLV,ESB,Batch,Warning,ORD_INFRA_765,"WARNING: Infrastructure fault on ORD: node unavailable (degraded, retrying)",Infrastructure,3286,SES_001102,REQ_00001664,2026-09-16 13:19:00
EVT_001665,IF_ORD_001,ORD,MFG,MsgBus,Async,Failed,ORD_AUTH_766,Authentication rejected between ORD and MFG,Authentication,478,SES_001103,REQ_00001665,2026-09-11 14:48:20
EVT_001666,IF_MFG_003,MFG,DLV,ESB,CDC,Warning,MFG_AUTHZ_767,"WARNING: Authorization denied for MFG->DLV request (degraded, retrying)",Authorization,2226,SES_001103,REQ_00001666,2026-09-11 14:48:30
EVT_001667,IF_MFG_001,MFG,ASM,MsgBus,Async,Failed,MFG_EXT_768,External service ASM returned an error response,ExternalService,2467,SES_001103,REQ_00001667,2026-09-11 14:51:03
EVT_001668,IF_MFG_001,MFG,ASM,MsgBus,Async,Warning,MFG_AUTH_769,"WARNING: Authentication rejected between MFG and ASM (degraded, retrying)",Authentication,838,SES_001104,REQ_00001668,2026-09-15 11:11:20
EVT_001669,IF_ASM_002,ASM,MFG,API,REST,Warning,ASM_NET_770,"WARNING: Network error contacting MFG: connection reset (degraded, retrying)",Network,3735,SES_001104,REQ_00001669,2026-09-15 11:15:36
EVT_001670,IF_PAY_002,PAY,PRC,API,REST,Failed,PAY_EXT_771,External service PRC returned an error response,ExternalService,5763,SES_001105,REQ_00001670,2026-09-15 10:48:23
EVT_001671,IF_PRC_001,PRC,MFG,ESB,SOAP,Warning,PRC_NET_772,"WARNING: Network error contacting MFG: connection reset (degraded, retrying)",Network,3220,SES_001105,REQ_00001671,2026-09-15 10:49:44
EVT_001672,IF_PRC_002,PRC,ASM,MsgBus,Async,Failed,PRC_AUTH_773,Authentication rejected between PRC and ASM,Authentication,3645,SES_001105,REQ_00001672,2026-09-15 10:49:24
EVT_001673,IF_ORD_002,ORD,PAY,API,REST,Failed,ORD_CFG_774,Configuration mismatch on ORD endpoint,Configuration,926,SES_001106,REQ_00001673,2026-09-10 06:53:44
EVT_001674,IF_ASM_001,ASM,DLV,ESB,Batch,Warning,ASM_DB_775,"WARNING: Database ASM operation failed: connection pool exhausted (degraded, retrying)",Database,2354,SES_001107,REQ_00001674,2026-09-11 13:20:24
EVT_001675,IF_DLV_001,DLV,ORD,API,REST,Warning,DLV_DB_776,"WARNING: Database DLV operation failed: connection pool exhausted (degraded, retrying)",Database,1495,SES_001107,REQ_00001675,2026-09-11 13:20:46
EVT_001676,IF_DLV_002,DLV,PAY,MsgBus,Async,Failed,DLV_INFRA_777,Infrastructure fault on DLV: node unavailable,Infrastructure,2391,SES_001108,REQ_00001676,2026-09-10 11:05:37
EVT_001677,IF_PAY_001,PAY,ORD,API,REST,Warning,PAY_EXT_778,"WARNING: External service ORD returned an error response (degraded, retrying)",ExternalService,722,SES_001108,REQ_00001677,2026-09-10 11:10:23
EVT_001678,IF_PAY_002,PAY,PRC,API,REST,Warning,PAY_AUTHZ_779,"WARNING: Authorization denied for PAY->PRC request (degraded, retrying)",Authorization,3055,SES_001108,REQ_00001678,2026-09-10 11:07:50
EVT_001679,IF_MFG_001,MFG,ASM,MsgBus,Async,Warning,MFG_VAL_780,"WARNING: Validation failed for payload from MFG (degraded, retrying)",Validation,1374,SES_001109,REQ_00001679,2026-09-15 10:01:28
EVT_001680,IF_ASM_001,ASM,DLV,ESB,Batch,Warning,ASM_CAP_781,"WARNING: Capacity limit reached on ASM: request throttled (degraded, retrying)",Capacity,1332,SES_001109,REQ_00001680,2026-09-15 10:03:15
EVT_001681,IF_DLV_001,DLV,ORD,API,REST,Failed,DLV_DB_782,Database DLV operation failed: connection pool exhausted,Database,2746,SES_001110,REQ_00001681,2026-09-15 15:56:37
EVT_001682,IF_ORD_003,ORD,PRC,ESB,SOAP,Failed,ORD_INFRA_783,Infrastructure fault on ORD: node unavailable,Infrastructure,1890,SES_001111,REQ_00001682,2026-09-16 10:32:01
EVT_001683,IF_MFG_001,MFG,ASM,MsgBus,Async,Failed,MFG_TMO_784,Timeout waiting for ASM to respond,Timeout,2268,SES_001112,REQ_00001683,2026-09-13 16:29:25
EVT_001684,IF_MFG_001,MFG,ASM,MsgBus,Async,Warning,MFG_DB_785,"WARNING: Database MFG operation failed: connection pool exhausted (degraded, retrying)",Database,2664,SES_001113,REQ_00001684,2026-09-15 17:15:04
EVT_001685,IF_PRC_002,PRC,ASM,MsgBus,Async,Failed,PRC_DB_786,Database PRC operation failed: connection pool exhausted,Database,1948,SES_001114,REQ_00001685,2026-09-10 11:24:46
EVT_001686,IF_PAY_001,PAY,ORD,API,REST,Failed,PAY_DB_787,Database PAY operation failed: connection pool exhausted,Database,1845,SES_001115,REQ_00001686,2026-09-15 18:04:17
EVT_001687,IF_ORD_002,ORD,PAY,API,REST,Warning,ORD_NET_788,"WARNING: Network error contacting PAY: connection reset (degraded, retrying)",Network,610,SES_001115,REQ_00001687,2026-09-15 18:08:22
EVT_001688,IF_ORD_003,ORD,PRC,ESB,SOAP,Failed,ORD_CAP_789,Capacity limit reached on ORD: request throttled,Capacity,1319,SES_001116,REQ_00001688,2026-09-16 18:44:35
EVT_001689,IF_PRC_002,PRC,ASM,MsgBus,Async,Warning,PRC_TMO_790,"WARNING: Timeout waiting for ASM to respond (degraded, retrying)",Timeout,2132,SES_001116,REQ_00001689,2026-09-16 18:47:50
EVT_001690,IF_PRC_001,PRC,MFG,ESB,SOAP,Failed,PRC_CAP_791,Capacity limit reached on PRC: request throttled,Capacity,1946,SES_001116,REQ_00001690,2026-09-16 18:46:06
EVT_001691,IF_ASM_001,ASM,DLV,ESB,Batch,Failed,ASM_AUTH_792,Authentication rejected between ASM and DLV,Authentication,636,SES_001117,REQ_00001691,2026-09-16 17:45:18
EVT_001692,IF_ORD_004,ORD,DLV,ESB,Batch,Failed,ORD_CAP_793,Capacity limit reached on ORD: request throttled,Capacity,6176,SES_001118,REQ_00001692,2026-09-11 15:51:00
EVT_001693,IF_ASM_001,ASM,DLV,ESB,Batch,Failed,ASM_NET_794,Network error contacting DLV: connection reset,Network,2604,SES_001119,REQ_00001693,2026-09-13 16:45:54
EVT_001694,IF_ASM_001,ASM,DLV,ESB,Batch,Failed,ASM_AUTHZ_795,Authorization denied for ASM->DLV request,Authorization,1702,SES_001120,REQ_00001694,2026-09-11 12:57:23
EVT_001695,IF_DLV_001,DLV,ORD,API,REST,Failed,DLV_AUTH_796,Authentication rejected between DLV and ORD,Authentication,821,SES_001120,REQ_00001695,2026-09-11 13:01:24
EVT_001696,IF_DLV_002,DLV,PAY,MsgBus,Async,Failed,DLV_EXT_797,External service PAY returned an error response,ExternalService,3853,SES_001120,REQ_00001696,2026-09-11 13:01:38
EVT_001697,IF_MFG_003,MFG,DLV,ESB,CDC,Warning,MFG_TMO_798,"WARNING: Timeout waiting for DLV to respond (degraded, retrying)",Timeout,6096,SES_001121,REQ_00001697,2026-09-14 10:08:21
EVT_001698,IF_DLV_002,DLV,PAY,MsgBus,Async,Failed,DLV_INFRA_799,Infrastructure fault on DLV: node unavailable,Infrastructure,2996,SES_001121,REQ_00001698,2026-09-14 10:12:42
EVT_001699,IF_DLV_001,DLV,ORD,API,REST,Failed,DLV_CAP_800,Capacity limit reached on DLV: request throttled,Capacity,809,SES_001121,REQ_00001699,2026-09-14 10:09:44
EVT_001700,IF_DLV_001,DLV,ORD,API,REST,Warning,DLV_VAL_801,"WARNING: Validation failed for payload from DLV (degraded, retrying)",Validation,1102,SES_001122,REQ_00001700,2026-09-11 17:25:05
EVT_001701,IF_ASM_001,ASM,DLV,ESB,Batch,Warning,ASM_AUTHZ_802,"WARNING: Authorization denied for ASM->DLV request (degraded, retrying)",Authorization,1037,SES_001123,REQ_00001701,2026-09-12 20:42:10
EVT_001702,IF_MFG_002,MFG,PRC,API,REST,Failed,MFG_CAP_803,Capacity limit reached on MFG: request throttled,Capacity,2253,SES_001124,REQ_00001702,2026-09-12 14:25:33
EVT_001703,IF_ORD_002,ORD,PAY,API,REST,Warning,ORD_CFG_804,"WARNING: Configuration mismatch on ORD endpoint (degraded, retrying)",Configuration,698,SES_001125,REQ_00001703,2026-09-10 10:41:29
EVT_001704,IF_ORD_001,ORD,MFG,MsgBus,Async,Warning,ORD_CFG_805,"WARNING: Configuration mismatch on ORD endpoint (degraded, retrying)",Configuration,723,SES_001126,REQ_00001704,2026-09-16 08:09:58
EVT_001705,IF_MFG_003,MFG,DLV,ESB,CDC,Warning,MFG_AUTH_806,"WARNING: Authentication rejected between MFG and DLV (degraded, retrying)",Authentication,1190,SES_001126,REQ_00001705,2026-09-16 08:10:12
EVT_001706,IF_PRC_001,PRC,MFG,ESB,SOAP,Failed,PRC_AUTHZ_807,Authorization denied for PRC->MFG request,Authorization,3413,SES_001127,REQ_00001706,2026-09-16 15:04:16
EVT_001707,IF_MFG_001,MFG,ASM,MsgBus,Async,Warning,MFG_CAP_808,"WARNING: Capacity limit reached on MFG: request throttled (degraded, retrying)",Capacity,1553,SES_001127,REQ_00001707,2026-09-16 15:06:53
EVT_001708,IF_PRC_001,PRC,MFG,ESB,SOAP,Failed,PRC_AUTH_809,Authentication rejected between PRC and MFG,Authentication,1650,SES_001128,REQ_00001708,2026-09-14 06:31:02
EVT_001709,IF_MFG_001,MFG,ASM,MsgBus,Async,Warning,MFG_TMO_810,"WARNING: Timeout waiting for ASM to respond (degraded, retrying)",Timeout,3734,SES_001129,REQ_00001709,2026-09-14 16:27:44
EVT_001710,IF_PRC_002,PRC,ASM,MsgBus,Async,Failed,PRC_NET_811,Network error contacting ASM: connection reset,Network,2195,SES_001130,REQ_00001710,2026-09-16 19:30:16
EVT_001711,IF_ASM_001,ASM,DLV,ESB,Batch,Warning,ASM_TMO_812,"WARNING: Timeout waiting for DLV to respond (degraded, retrying)",Timeout,1517,SES_001130,REQ_00001711,2026-09-16 19:33:03
EVT_001712,IF_MFG_002,MFG,PRC,API,REST,Failed,MFG_VAL_813,Validation failed for payload from MFG,Validation,2533,SES_001131,REQ_00001712,2026-09-10 15:37:55
EVT_001713,IF_PRC_002,PRC,ASM,MsgBus,Async,Warning,PRC_AUTH_814,"WARNING: Authentication rejected between PRC and ASM (degraded, retrying)",Authentication,1152,SES_001132,REQ_00001713,2026-09-15 14:51:59
EVT_001714,IF_ORD_003,ORD,PRC,ESB,SOAP,Failed,ORD_NET_815,Network error contacting PRC: connection reset,Network,2857,SES_001133,REQ_00001714,2026-09-13 11:10:02
EVT_001715,IF_PRC_001,PRC,MFG,ESB,SOAP,Warning,PRC_INFRA_816,"WARNING: Infrastructure fault on PRC: node unavailable (degraded, retrying)",Infrastructure,2293,SES_001133,REQ_00001715,2026-09-13 11:12:11
EVT_001716,IF_PRC_002,PRC,ASM,MsgBus,Async,Failed,PRC_CAP_817,Capacity limit reached on PRC: request throttled,Capacity,1868,SES_001133,REQ_00001716,2026-09-13 11:12:58
EVT_001717,IF_ORD_001,ORD,MFG,MsgBus,Async,Failed,ORD_CAP_818,Capacity limit reached on ORD: request throttled,Capacity,770,SES_001134,REQ_00001717,2026-09-13 17:58:07
EVT_001718,IF_DLV_002,DLV,PAY,MsgBus,Async,Failed,DLV_VAL_819,Validation failed for payload from DLV,Validation,1518,SES_001135,REQ_00001718,2026-09-15 12:45:33
EVT_001719,IF_PAY_001,PAY,ORD,API,REST,Warning,PAY_AUTHZ_820,"WARNING: Authorization denied for PAY->ORD request (degraded, retrying)",Authorization,543,SES_001135,REQ_00001719,2026-09-15 12:46:08
EVT_001720,IF_ORD_001,ORD,MFG,MsgBus,Async,Failed,ORD_CAP_821,Capacity limit reached on ORD: request throttled,Capacity,469,SES_001136,REQ_00001720,2026-09-11 19:56:08
EVT_001721,IF_ORD_001,ORD,MFG,MsgBus,Async,Warning,ORD_INFRA_822,"WARNING: Infrastructure fault on ORD: node unavailable (degraded, retrying)",Infrastructure,1017,SES_001137,REQ_00001721,2026-09-14 12:16:30
EVT_001722,IF_MFG_001,MFG,ASM,MsgBus,Async,Warning,MFG_DB_823,"WARNING: Database MFG operation failed: connection pool exhausted (degraded, retrying)",Database,3216,SES_001137,REQ_00001722,2026-09-14 12:19:52
EVT_001723,IF_DLV_002,DLV,PAY,MsgBus,Async,Failed,DLV_CFG_824,Configuration mismatch on DLV endpoint,Configuration,3781,SES_001138,REQ_00001723,2026-09-12 14:00:19
EVT_001724,IF_PAY_001,PAY,ORD,API,REST,Warning,PAY_INFRA_825,"WARNING: Infrastructure fault on PAY: node unavailable (degraded, retrying)",Infrastructure,488,SES_001138,REQ_00001724,2026-09-12 14:04:26
EVT_001725,IF_PAY_002,PAY,PRC,API,REST,Failed,PAY_NET_826,Network error contacting PRC: connection reset,Network,6353,SES_001138,REQ_00001725,2026-09-12 14:04:58
EVT_001726,IF_ORD_004,ORD,DLV,ESB,Batch,Failed,ORD_INFRA_827,Infrastructure fault on ORD: node unavailable,Infrastructure,3235,SES_001139,REQ_00001726,2026-09-16 16:30:32
EVT_001727,IF_PAY_001,PAY,ORD,API,REST,Warning,PAY_DB_828,"WARNING: Database PAY operation failed: connection pool exhausted (degraded, retrying)",Database,1803,SES_001140,REQ_00001727,2026-09-12 20:52:16
EVT_001728,IF_ORD_001,ORD,MFG,MsgBus,Async,Failed,ORD_CFG_829,Configuration mismatch on ORD endpoint,Configuration,1845,SES_001140,REQ_00001728,2026-09-12 20:56:08
EVT_001729,IF_ORD_002,ORD,PAY,API,REST,Failed,ORD_INFRA_830,Infrastructure fault on ORD: node unavailable,Infrastructure,513,SES_001140,REQ_00001729,2026-09-12 20:56:38
EVT_001730,IF_ORD_001,ORD,MFG,MsgBus,Async,Failed,ORD_NET_831,Network error contacting MFG: connection reset,Network,1550,SES_001141,REQ_00001730,2026-09-13 16:27:38
EVT_001731,IF_PRC_001,PRC,MFG,ESB,SOAP,Warning,PRC_AUTHZ_832,"WARNING: Authorization denied for PRC->MFG request (degraded, retrying)",Authorization,814,SES_001142,REQ_00001731,2026-09-10 11:25:17
EVT_001732,IF_MFG_001,MFG,ASM,MsgBus,Async,Warning,MFG_CAP_833,"WARNING: Capacity limit reached on MFG: request throttled (degraded, retrying)",Capacity,1284,SES_001142,REQ_00001732,2026-09-10 11:29:40
EVT_001733,IF_MFG_003,MFG,DLV,ESB,CDC,Warning,MFG_AUTHZ_834,"WARNING: Authorization denied for MFG->DLV request (degraded, retrying)",Authorization,1118,SES_001142,REQ_00001733,2026-09-10 11:30:12
EVT_001734,IF_ORD_001,ORD,MFG,MsgBus,Async,Warning,ORD_AUTH_835,"WARNING: Authentication rejected between ORD and MFG (degraded, retrying)",Authentication,799,SES_001143,REQ_00001734,2026-09-12 13:39:40
EVT_001735,IF_MFG_001,MFG,ASM,MsgBus,Async,Warning,MFG_AUTH_836,"WARNING: Authentication rejected between MFG and ASM (degraded, retrying)",Authentication,680,SES_001143,REQ_00001735,2026-09-12 13:44:31
EVT_001736,IF_PAY_001,PAY,ORD,API,REST,Warning,PAY_CAP_837,"WARNING: Capacity limit reached on PAY: request throttled (degraded, retrying)",Capacity,2068,SES_001144,REQ_00001736,2026-09-15 12:16:38
EVT_001737,IF_ORD_001,ORD,MFG,MsgBus,Async,Failed,ORD_CAP_838,Capacity limit reached on ORD: request throttled,Capacity,2000,SES_001144,REQ_00001737,2026-09-15 12:18:24
EVT_001738,IF_ORD_002,ORD,PAY,API,REST,Failed,ORD_CFG_839,Configuration mismatch on ORD endpoint,Configuration,798,SES_001144,REQ_00001738,2026-09-15 12:19:09
EVT_001739,IF_PRC_001,PRC,MFG,ESB,SOAP,Failed,PRC_TMO_840,Timeout waiting for MFG to respond,Timeout,2943,SES_001145,REQ_00001739,2026-09-12 09:41:51
EVT_001740,IF_ORD_003,ORD,PRC,ESB,SOAP,Warning,ORD_VAL_841,"WARNING: Validation failed for payload from ORD (degraded, retrying)",Validation,2310,SES_001146,REQ_00001740,2026-09-12 09:38:04
EVT_001741,IF_DLV_001,DLV,ORD,API,REST,Failed,DLV_EXT_842,External service ORD returned an error response,ExternalService,2954,SES_001147,REQ_00001741,2026-09-13 12:35:37
EVT_001742,IF_ORD_003,ORD,PRC,ESB,SOAP,Failed,ORD_NET_843,Network error contacting PRC: connection reset,Network,1929,SES_001148,REQ_00001742,2026-09-14 08:27:24
EVT_001743,IF_PRC_002,PRC,ASM,MsgBus,Async,Warning,PRC_AUTH_844,"WARNING: Authentication rejected between PRC and ASM (degraded, retrying)",Authentication,3806,SES_001148,REQ_00001743,2026-09-14 08:28:21
EVT_001744,IF_PRC_001,PRC,MFG,ESB,SOAP,Warning,PRC_CAP_845,"WARNING: Capacity limit reached on PRC: request throttled (degraded, retrying)",Capacity,4437,SES_001148,REQ_00001744,2026-09-14 08:31:02
EVT_001745,IF_ORD_002,ORD,PAY,API,REST,Warning,ORD_CAP_846,"WARNING: Capacity limit reached on ORD: request throttled (degraded, retrying)",Capacity,721,SES_001149,REQ_00001745,2026-09-15 10:27:15
EVT_001746,IF_PAY_001,PAY,ORD,API,REST,Failed,PAY_EXT_847,External service ORD returned an error response,ExternalService,788,SES_001150,REQ_00001746,2026-09-11 09:35:37
EVT_001747,IF_DLV_001,DLV,ORD,API,REST,Failed,DLV_CFG_848,Configuration mismatch on DLV endpoint,Configuration,1868,SES_001151,REQ_00001747,2026-09-10 14:39:17
EVT_001748,IF_ORD_003,ORD,PRC,ESB,SOAP,Failed,ORD_AUTH_849,Authentication rejected between ORD and PRC,Authentication,1252,SES_001152,REQ_00001748,2026-09-11 18:58:14
EVT_001749,IF_ORD_001,ORD,MFG,MsgBus,Async,Warning,ORD_TMO_850,"WARNING: Timeout waiting for MFG to respond (degraded, retrying)",Timeout,708,SES_001153,REQ_00001749,2026-09-13 10:06:54
EVT_001750,IF_ORD_003,ORD,PRC,ESB,SOAP,Warning,ORD_TMO_851,"WARNING: Timeout waiting for PRC to respond (degraded, retrying)",Timeout,2144,SES_001154,REQ_00001750,2026-09-16 12:34:48
EVT_001751,IF_PRC_002,PRC,ASM,MsgBus,Async,Failed,PRC_TMO_852,Timeout waiting for ASM to respond,Timeout,2628,SES_001154,REQ_00001751,2026-09-16 12:39:09
EVT_001752,IF_PRC_001,PRC,MFG,ESB,SOAP,Failed,PRC_EXT_853,External service MFG returned an error response,ExternalService,1379,SES_001154,REQ_00001752,2026-09-16 12:35:29
EVT_001753,IF_ORD_003,ORD,PRC,ESB,SOAP,Failed,ORD_CFG_854,Configuration mismatch on ORD endpoint,Configuration,1169,SES_001155,REQ_00001753,2026-09-11 11:25:17
EVT_001754,IF_ASM_001,ASM,DLV,ESB,Batch,Failed,ASM_DB_855,Database ASM operation failed: connection pool exhausted,Database,2008,SES_001156,REQ_00001754,2026-09-15 20:15:41
EVT_001755,IF_PAY_001,PAY,ORD,API,REST,Failed,PAY_AUTHZ_856,Authorization denied for PAY->ORD request,Authorization,502,SES_001157,REQ_00001755,2026-09-13 12:28:58
EVT_001756,IF_MFG_001,MFG,ASM,MsgBus,Async,Failed,MFG_VAL_857,Validation failed for payload from MFG,Validation,1815,SES_001158,REQ_00001756,2026-09-13 09:14:54
EVT_001757,IF_ASM_001,ASM,DLV,ESB,Batch,Failed,ASM_CAP_858,Capacity limit reached on ASM: request throttled,Capacity,2013,SES_001159,REQ_00001757,2026-09-12 06:14:05
EVT_001758,IF_PAY_001,PAY,ORD,API,REST,Warning,PAY_INFRA_859,"WARNING: Infrastructure fault on PAY: node unavailable (degraded, retrying)",Infrastructure,386,SES_001160,REQ_00001758,2026-09-13 09:09:54
EVT_001759,IF_PRC_002,PRC,ASM,MsgBus,Async,Warning,PRC_INFRA_860,"WARNING: Infrastructure fault on PRC: node unavailable (degraded, retrying)",Infrastructure,795,SES_001161,REQ_00001759,2026-09-11 17:39:03
EVT_001760,IF_MFG_001,MFG,ASM,MsgBus,Async,Failed,MFG_NET_861,Network error contacting ASM: connection reset,Network,1666,SES_001162,REQ_00001760,2026-09-11 10:51:12
EVT_001761,IF_ASM_001,ASM,DLV,ESB,Batch,Failed,ASM_INFRA_862,Infrastructure fault on ASM: node unavailable,Infrastructure,4109,SES_001163,REQ_00001761,2026-09-16 13:48:23
EVT_001762,IF_DLV_002,DLV,PAY,MsgBus,Async,Failed,DLV_INFRA_863,Infrastructure fault on DLV: node unavailable,Infrastructure,1345,SES_001164,REQ_00001762,2026-09-14 17:32:32
EVT_001763,IF_PAY_001,PAY,ORD,API,REST,Warning,PAY_INFRA_864,"WARNING: Infrastructure fault on PAY: node unavailable (degraded, retrying)",Infrastructure,694,SES_001164,REQ_00001763,2026-09-14 17:36:30
EVT_001764,IF_PAY_002,PAY,PRC,API,REST,Failed,PAY_DB_865,Database PAY operation failed: connection pool exhausted,Database,2182,SES_001164,REQ_00001764,2026-09-14 17:33:56
EVT_001765,IF_PRC_001,PRC,MFG,ESB,SOAP,Warning,PRC_VAL_866,"WARNING: Validation failed for payload from PRC (degraded, retrying)",Validation,1099,SES_001165,REQ_00001765,2026-09-10 11:33:51
EVT_001766,IF_MFG_001,MFG,ASM,MsgBus,Async,Warning,MFG_EXT_867,"WARNING: External service ASM returned an error response (degraded, retrying)",ExternalService,3042,SES_001166,REQ_00001766,2026-09-15 20:22:50
EVT_001767,IF_ORD_001,ORD,MFG,MsgBus,Async,Failed,ORD_AUTHZ_868,Authorization denied for ORD->MFG request,Authorization,2261,SES_001167,REQ_00001767,2026-09-14 17:08:51
EVT_001768,IF_ORD_002,ORD,PAY,API,REST,Failed,ORD_EXT_869,External service PAY returned an error response,ExternalService,1658,SES_001168,REQ_00001768,2026-09-12 12:20:31
EVT_001769,IF_MFG_001,MFG,ASM,MsgBus,Async,Failed,MFG_CFG_870,Configuration mismatch on MFG endpoint,Configuration,813,SES_001169,REQ_00001769,2026-09-14 16:47:08
EVT_001770,IF_PRC_001,PRC,MFG,ESB,SOAP,Warning,PRC_TMO_871,"WARNING: Timeout waiting for MFG to respond (degraded, retrying)",Timeout,1271,SES_001170,REQ_00001770,2026-09-12 13:29:45
EVT_001771,IF_MFG_003,MFG,DLV,ESB,CDC,Warning,MFG_AUTHZ_872,"WARNING: Authorization denied for MFG->DLV request (degraded, retrying)",Authorization,2016,SES_001170,REQ_00001771,2026-09-12 13:32:18
EVT_001772,IF_ORD_003,ORD,PRC,ESB,SOAP,Warning,ORD_VAL_873,"WARNING: Validation failed for payload from ORD (degraded, retrying)",Validation,1022,SES_001171,REQ_00001772,2026-09-15 17:04:38
EVT_001773,IF_ORD_003,ORD,PRC,ESB,SOAP,Failed,ORD_DB_874,Database ORD operation failed: connection pool exhausted,Database,3719,SES_001172,REQ_00001773,2026-09-13 07:21:12
EVT_001774,IF_PRC_002,PRC,ASM,MsgBus,Async,Warning,PRC_TMO_875,"WARNING: Timeout waiting for ASM to respond (degraded, retrying)",Timeout,2049,SES_001172,REQ_00001774,2026-09-13 07:25:40
EVT_001775,IF_PAY_001,PAY,ORD,API,REST,Warning,PAY_CAP_876,"WARNING: Capacity limit reached on PAY: request throttled (degraded, retrying)",Capacity,318,SES_001173,REQ_00001775,2026-09-13 11:20:18
EVT_001776,IF_PRC_002,PRC,ASM,MsgBus,Async,Warning,PRC_VAL_877,"WARNING: Validation failed for payload from PRC (degraded, retrying)",Validation,530,SES_001174,REQ_00001776,2026-09-16 13:42:49
EVT_001777,IF_ASM_001,ASM,DLV,ESB,Batch,Warning,ASM_INFRA_878,"WARNING: Infrastructure fault on ASM: node unavailable (degraded, retrying)",Infrastructure,620,SES_001175,REQ_00001777,2026-09-13 11:45:28
EVT_001778,IF_DLV_001,DLV,ORD,API,REST,Warning,DLV_DB_879,"WARNING: Database DLV operation failed: connection pool exhausted (degraded, retrying)",Database,1763,SES_001175,REQ_00001778,2026-09-13 11:48:51
EVT_001779,IF_DLV_002,DLV,PAY,MsgBus,Async,Warning,DLV_CFG_880,"WARNING: Configuration mismatch on DLV endpoint (degraded, retrying)",Configuration,1902,SES_001175,REQ_00001779,2026-09-13 11:47:09
EVT_001780,IF_ORD_004,ORD,DLV,ESB,Batch,Failed,ORD_NET_881,Network error contacting DLV: connection reset,Network,12545,SES_001176,REQ_00001780,2026-09-11 12:36:16
EVT_001781,IF_MFG_002,MFG,PRC,API,REST,Failed,MFG_TMO_882,Timeout waiting for PRC to respond,Timeout,6426,SES_001177,REQ_00001781,2026-09-11 13:10:59
EVT_001782,IF_PRC_002,PRC,ASM,MsgBus,Async,Warning,PRC_AUTHZ_883,"WARNING: Authorization denied for PRC->ASM request (degraded, retrying)",Authorization,1207,SES_001178,REQ_00001782,2026-09-12 17:16:36
EVT_001783,IF_ASM_001,ASM,DLV,ESB,Batch,Failed,ASM_EXT_884,External service DLV returned an error response,ExternalService,2277,SES_001178,REQ_00001783,2026-09-12 17:18:33
EVT_001784,IF_ORD_001,ORD,MFG,MsgBus,Async,Failed,ORD_AUTH_885,Authentication rejected between ORD and MFG,Authentication,1282,SES_001179,REQ_00001784,2026-09-14 11:46:25
EVT_001785,IF_ORD_001,ORD,MFG,MsgBus,Async,Failed,ORD_AUTHZ_886,Authorization denied for ORD->MFG request,Authorization,650,SES_001180,REQ_00001785,2026-09-11 13:09:59
EVT_001786,IF_PRC_001,PRC,MFG,ESB,SOAP,Warning,PRC_NET_887,"WARNING: Network error contacting MFG: connection reset (degraded, retrying)",Network,3108,SES_001181,REQ_00001786,2026-09-12 07:10:39
EVT_001787,IF_MFG_001,MFG,ASM,MsgBus,Async,Warning,MFG_DB_888,"WARNING: Database MFG operation failed: connection pool exhausted (degraded, retrying)",Database,1851,SES_001181,REQ_00001787,2026-09-12 07:11:59
EVT_001788,IF_MFG_003,MFG,DLV,ESB,CDC,Warning,MFG_TMO_889,"WARNING: Timeout waiting for DLV to respond (degraded, retrying)",Timeout,7088,SES_001181,REQ_00001788,2026-09-12 07:13:18
EVT_001789,IF_ORD_003,ORD,PRC,ESB,SOAP,Warning,ORD_INFRA_890,"WARNING: Infrastructure fault on ORD: node unavailable (degraded, retrying)",Infrastructure,853,SES_001182,REQ_00001789,2026-09-11 12:54:15
EVT_001790,IF_ASM_002,ASM,MFG,API,REST,Failed,ASM_VAL_891,Validation failed for payload from ASM,Validation,2071,SES_001183,REQ_00001790,2026-09-16 07:05:05
EVT_001791,IF_ORD_004,ORD,DLV,ESB,Batch,Failed,ORD_INFRA_892,Infrastructure fault on ORD: node unavailable,Infrastructure,2163,SES_001184,REQ_00001791,2026-09-16 17:41:09
EVT_001792,IF_PAY_001,PAY,ORD,API,REST,Failed,PAY_DB_893,Database PAY operation failed: connection pool exhausted,Database,731,SES_001185,REQ_00001792,2026-09-15 15:52:44
EVT_001793,IF_ORD_002,ORD,PAY,API,REST,Failed,ORD_CFG_894,Configuration mismatch on ORD endpoint,Configuration,951,SES_001185,REQ_00001793,2026-09-15 15:52:46
EVT_001794,IF_MFG_001,MFG,ASM,MsgBus,Async,Warning,MFG_VAL_895,"WARNING: Validation failed for payload from MFG (degraded, retrying)",Validation,536,SES_001186,REQ_00001794,2026-09-16 22:06:17
EVT_001795,IF_ASM_001,ASM,DLV,ESB,Batch,Failed,ASM_VAL_896,Validation failed for payload from ASM,Validation,744,SES_001186,REQ_00001795,2026-09-16 22:07:39
EVT_001796,IF_ASM_002,ASM,MFG,API,REST,Warning,ASM_AUTHZ_897,"WARNING: Authorization denied for ASM->MFG request (degraded, retrying)",Authorization,2080,SES_001186,REQ_00001796,2026-09-16 22:08:44
EVT_001797,IF_ORD_003,ORD,PRC,ESB,SOAP,Warning,ORD_EXT_898,"WARNING: External service PRC returned an error response (degraded, retrying)",ExternalService,2091,SES_001187,REQ_00001797,2026-09-16 12:32:19
EVT_001798,IF_ORD_002,ORD,PAY,API,REST,Failed,ORD_INFRA_899,Infrastructure fault on ORD: node unavailable,Infrastructure,2220,SES_001188,REQ_00001798,2026-09-16 11:20:13
EVT_001799,IF_PAY_001,PAY,ORD,API,REST,Failed,PAY_AUTH_900,Authentication rejected between PAY and ORD,Authentication,936,SES_001188,REQ_00001799,2026-09-16 11:21:31
EVT_001800,IF_PAY_001,PAY,ORD,API,REST,Warning,PAY_VAL_001,"WARNING: Validation failed for payload from PAY (degraded, retrying)",Validation,706,SES_001189,REQ_00001800,2026-09-14 10:30:27
EVT_001801,IF_PAY_001,PAY,ORD,API,REST,Failed,PAY_DB_002,Database PAY operation failed: connection pool exhausted,Database,527,SES_001190,REQ_00001801,2026-09-13 15:23:10
EVT_001802,IF_ORD_004,ORD,DLV,ESB,Batch,Failed,ORD_AUTHZ_003,Authorization denied for ORD->DLV request,Authorization,4248,SES_001190,REQ_00001802,2026-09-13 15:26:35
EVT_001803,IF_ORD_002,ORD,PAY,API,REST,Failed,ORD_CAP_004,Capacity limit reached on ORD: request throttled,Capacity,1014,SES_001190,REQ_00001803,2026-09-13 15:26:48
EVT_001804,IF_ORD_001,ORD,MFG,MsgBus,Async,Warning,ORD_AUTHZ_005,"WARNING: Authorization denied for ORD->MFG request (degraded, retrying)",Authorization,334,SES_001191,REQ_00001804,2026-09-16 16:16:26
EVT_001805,IF_MFG_001,MFG,ASM,MsgBus,Async,Failed,MFG_EXT_006,External service ASM returned an error response,ExternalService,2773,SES_001191,REQ_00001805,2026-09-16 16:18:11
EVT_001806,IF_MFG_003,MFG,DLV,ESB,CDC,Failed,MFG_AUTHZ_007,Authorization denied for MFG->DLV request,Authorization,7766,SES_001191,REQ_00001806,2026-09-16 16:19:23
EVT_001807,IF_MFG_002,MFG,PRC,API,REST,Warning,MFG_VAL_008,"WARNING: Validation failed for payload from MFG (degraded, retrying)",Validation,1556,SES_001192,REQ_00001807,2026-09-14 09:09:21
EVT_001808,IF_PAY_001,PAY,ORD,API,REST,Warning,PAY_DB_009,"WARNING: Database PAY operation failed: connection pool exhausted (degraded, retrying)",Database,1171,SES_001193,REQ_00001808,2026-09-14 14:39:12
EVT_001809,IF_ORD_003,ORD,PRC,ESB,SOAP,Failed,ORD_CAP_010,Capacity limit reached on ORD: request throttled,Capacity,1540,SES_001194,REQ_00001809,2026-09-14 23:29:02
EVT_001810,IF_MFG_001,MFG,ASM,MsgBus,Async,Failed,MFG_AUTHZ_011,Authorization denied for MFG->ASM request,Authorization,1852,SES_001195,REQ_00001810,2026-09-13 19:58:56
EVT_001811,IF_ASM_002,ASM,MFG,API,REST,Warning,ASM_AUTH_012,"WARNING: Authentication rejected between ASM and MFG (degraded, retrying)",Authentication,758,SES_001195,REQ_00001811,2026-09-13 20:03:54
EVT_001812,IF_PAY_001,PAY,ORD,API,REST,Failed,PAY_NET_013,Network error contacting ORD: connection reset,Network,1699,SES_001196,REQ_00001812,2026-09-11 20:28:15
EVT_001813,IF_DLV_001,DLV,ORD,API,REST,Warning,DLV_AUTH_014,"WARNING: Authentication rejected between DLV and ORD (degraded, retrying)",Authentication,1372,SES_001197,REQ_00001813,2026-09-14 20:01:32
EVT_001814,IF_ORD_003,ORD,PRC,ESB,SOAP,Failed,ORD_CFG_015,Configuration mismatch on ORD endpoint,Configuration,1988,SES_001198,REQ_00001814,2026-09-14 10:42:35
EVT_001815,IF_MFG_002,MFG,PRC,API,REST,Failed,MFG_CFG_016,Configuration mismatch on MFG endpoint,Configuration,4301,SES_001199,REQ_00001815,2026-09-11 14:12:00
EVT_001816,IF_ORD_003,ORD,PRC,ESB,SOAP,Failed,ORD_EXT_017,External service PRC returned an error response,ExternalService,1481,SES_001200,REQ_00001816,2026-09-12 09:18:42
EVT_001817,IF_PRC_001,PRC,MFG,ESB,SOAP,Failed,PRC_NET_018,Network error contacting MFG: connection reset,Network,1117,SES_001200,REQ_00001817,2026-09-12 09:23:21
EVT_001818,IF_PRC_002,PRC,ASM,MsgBus,Async,Failed,PRC_DB_019,Database PRC operation failed: connection pool exhausted,Database,3879,SES_001200,REQ_00001818,2026-09-12 09:19:46
EVT_001819,IF_ASM_002,ASM,MFG,API,REST,Failed,ASM_VAL_020,Validation failed for payload from ASM,Validation,2914,SES_001201,REQ_00001819,2026-09-16 20:11:07
EVT_001820,IF_ASM_002,ASM,MFG,API,REST,Failed,ASM_NET_021,Network error contacting MFG: connection reset,Network,3177,SES_001202,REQ_00001820,2026-09-10 13:39:17
EVT_001821,IF_MFG_001,MFG,ASM,MsgBus,Async,Failed,MFG_INFRA_022,Infrastructure fault on MFG: node unavailable,Infrastructure,818,SES_001202,REQ_00001821,2026-09-10 13:40:03
EVT_001822,IF_ORD_004,ORD,DLV,ESB,Batch,Warning,ORD_AUTHZ_023,"WARNING: Authorization denied for ORD->DLV request (degraded, retrying)",Authorization,1619,SES_001203,REQ_00001822,2026-09-16 15:12:30
EVT_001823,IF_DLV_001,DLV,ORD,API,REST,Failed,DLV_CFG_024,Configuration mismatch on DLV endpoint,Configuration,1531,SES_001204,REQ_00001823,2026-09-13 08:32:49
EVT_001824,IF_DLV_001,DLV,ORD,API,REST,Warning,DLV_TMO_025,"WARNING: Timeout waiting for ORD to respond (degraded, retrying)",Timeout,2488,SES_001205,REQ_00001824,2026-09-15 07:47:14
EVT_001825,IF_ORD_004,ORD,DLV,ESB,Batch,Warning,ORD_DB_026,"WARNING: Database ORD operation failed: connection pool exhausted (degraded, retrying)",Database,11981,SES_001205,REQ_00001825,2026-09-15 07:47:34
EVT_001826,IF_DLV_001,DLV,ORD,API,REST,Warning,DLV_TMO_027,"WARNING: Timeout waiting for ORD to respond (degraded, retrying)",Timeout,1142,SES_001206,REQ_00001826,2026-09-12 15:26:47
EVT_001827,IF_PRC_001,PRC,MFG,ESB,SOAP,Failed,PRC_VAL_028,Validation failed for payload from PRC,Validation,1688,SES_001207,REQ_00001827,2026-09-14 16:37:08
EVT_001828,IF_ORD_003,ORD,PRC,ESB,SOAP,Failed,ORD_EXT_029,External service PRC returned an error response,ExternalService,1736,SES_001208,REQ_00001828,2026-09-10 16:40:20
EVT_001829,IF_PRC_001,PRC,MFG,ESB,SOAP,Failed,PRC_INFRA_030,Infrastructure fault on PRC: node unavailable,Infrastructure,1021,SES_001208,REQ_00001829,2026-09-10 16:42:34
EVT_001830,IF_PRC_001,PRC,MFG,ESB,SOAP,Warning,PRC_EXT_031,"WARNING: External service MFG returned an error response (degraded, retrying)",ExternalService,964,SES_001209,REQ_00001830,2026-09-10 21:23:04
EVT_001831,IF_MFG_003,MFG,DLV,ESB,CDC,Failed,MFG_NET_032,Network error contacting DLV: connection reset,Network,5026,SES_001209,REQ_00001831,2026-09-10 21:27:34
EVT_001832,IF_PRC_002,PRC,ASM,MsgBus,Async,Failed,PRC_NET_033,Network error contacting ASM: connection reset,Network,1559,SES_001210,REQ_00001832,2026-09-12 11:07:11
EVT_001833,IF_ORD_001,ORD,MFG,MsgBus,Async,Warning,ORD_CAP_034,"WARNING: Capacity limit reached on ORD: request throttled (degraded, retrying)",Capacity,796,SES_001211,REQ_00001833,2026-09-14 16:58:54
EVT_001834,IF_ASM_001,ASM,DLV,ESB,Batch,Failed,ASM_EXT_035,External service DLV returned an error response,ExternalService,1164,SES_001212,REQ_00001834,2026-09-15 11:57:25
EVT_001835,IF_ORD_001,ORD,MFG,MsgBus,Async,Failed,ORD_TMO_036,Timeout waiting for MFG to respond,Timeout,1710,SES_001213,REQ_00001835,2026-09-11 07:37:00
EVT_001836,IF_MFG_003,MFG,DLV,ESB,CDC,Warning,MFG_INFRA_037,"WARNING: Infrastructure fault on MFG: node unavailable (degraded, retrying)",Infrastructure,2456,SES_001213,REQ_00001836,2026-09-11 07:37:43
EVT_001837,IF_PRC_001,PRC,MFG,ESB,SOAP,Warning,PRC_INFRA_038,"WARNING: Infrastructure fault on PRC: node unavailable (degraded, retrying)",Infrastructure,653,SES_001214,REQ_00001837,2026-09-16 08:51:01
EVT_001838,IF_MFG_002,MFG,PRC,API,REST,Warning,MFG_CAP_039,"WARNING: Capacity limit reached on MFG: request throttled (degraded, retrying)",Capacity,2807,SES_001215,REQ_00001838,2026-09-14 10:26:00
EVT_001839,IF_PRC_002,PRC,ASM,MsgBus,Async,Warning,PRC_EXT_040,"WARNING: External service ASM returned an error response (degraded, retrying)",ExternalService,1448,SES_001215,REQ_00001839,2026-09-14 10:29:42
EVT_001840,IF_MFG_003,MFG,DLV,ESB,CDC,Failed,MFG_CFG_041,Configuration mismatch on MFG endpoint,Configuration,3049,SES_001216,REQ_00001840,2026-09-12 09:37:26
EVT_001841,IF_PAY_002,PAY,PRC,API,REST,Failed,PAY_CFG_042,Configuration mismatch on PAY endpoint,Configuration,3440,SES_001217,REQ_00001841,2026-09-12 15:31:00
EVT_001842,IF_ORD_003,ORD,PRC,ESB,SOAP,Warning,ORD_CFG_043,"WARNING: Configuration mismatch on ORD endpoint (degraded, retrying)",Configuration,1647,SES_001218,REQ_00001842,2026-09-16 15:07:42
EVT_001843,IF_PAY_002,PAY,PRC,API,REST,Failed,PAY_CFG_044,Configuration mismatch on PAY endpoint,Configuration,3351,SES_001219,REQ_00001843,2026-09-15 12:13:17
EVT_001844,IF_PRC_002,PRC,ASM,MsgBus,Async,Warning,PRC_INFRA_045,"WARNING: Infrastructure fault on PRC: node unavailable (degraded, retrying)",Infrastructure,1319,SES_001219,REQ_00001844,2026-09-15 12:15:04
EVT_001845,IF_PRC_001,PRC,MFG,ESB,SOAP,Warning,PRC_EXT_046,"WARNING: External service MFG returned an error response (degraded, retrying)",ExternalService,1979,SES_001219,REQ_00001845,2026-09-15 12:16:27
EVT_001846,IF_MFG_001,MFG,ASM,MsgBus,Async,Failed,MFG_AUTHZ_047,Authorization denied for MFG->ASM request,Authorization,882,SES_001220,REQ_00001846,2026-09-12 12:12:54
EVT_001847,IF_ORD_001,ORD,MFG,MsgBus,Async,Failed,ORD_TMO_048,Timeout waiting for MFG to respond,Timeout,721,SES_001221,REQ_00001847,2026-09-11 13:17:27
EVT_001848,IF_PAY_001,PAY,ORD,API,REST,Warning,PAY_INFRA_049,"WARNING: Infrastructure fault on PAY: node unavailable (degraded, retrying)",Infrastructure,421,SES_001222,REQ_00001848,2026-09-15 13:18:13
EVT_001849,IF_MFG_001,MFG,ASM,MsgBus,Async,Failed,MFG_CFG_050,Configuration mismatch on MFG endpoint,Configuration,1274,SES_001223,REQ_00001849,2026-09-13 16:33:04
EVT_001850,IF_ASM_001,ASM,DLV,ESB,Batch,Warning,ASM_CFG_051,"WARNING: Configuration mismatch on ASM endpoint (degraded, retrying)",Configuration,3908,SES_001223,REQ_00001850,2026-09-13 16:35:24
EVT_001851,IF_ASM_002,ASM,MFG,API,REST,Warning,ASM_VAL_052,"WARNING: Validation failed for payload from ASM (degraded, retrying)",Validation,1769,SES_001223,REQ_00001851,2026-09-13 16:37:14
EVT_001852,IF_ORD_003,ORD,PRC,ESB,SOAP,Failed,ORD_VAL_053,Validation failed for payload from ORD,Validation,1799,SES_001224,REQ_00001852,2026-09-10 10:23:33
EVT_001853,IF_PRC_002,PRC,ASM,MsgBus,Async,Warning,PRC_CFG_054,"WARNING: Configuration mismatch on PRC endpoint (degraded, retrying)",Configuration,1359,SES_001224,REQ_00001853,2026-09-10 10:25:59
EVT_001854,IF_MFG_003,MFG,DLV,ESB,CDC,Warning,MFG_TMO_055,"WARNING: Timeout waiting for DLV to respond (degraded, retrying)",Timeout,8776,SES_001225,REQ_00001854,2026-09-14 17:36:51
EVT_001855,IF_DLV_001,DLV,ORD,API,REST,Warning,DLV_INFRA_056,"WARNING: Infrastructure fault on DLV: node unavailable (degraded, retrying)",Infrastructure,580,SES_001225,REQ_00001855,2026-09-14 17:36:53
EVT_001856,IF_DLV_002,DLV,PAY,MsgBus,Async,Warning,DLV_AUTH_057,"WARNING: Authentication rejected between DLV and PAY (degraded, retrying)",Authentication,2306,SES_001225,REQ_00001856,2026-09-14 17:40:30
EVT_001857,IF_PRC_002,PRC,ASM,MsgBus,Async,Failed,PRC_TMO_058,Timeout waiting for ASM to respond,Timeout,2680,SES_001226,REQ_00001857,2026-09-15 17:38:36
EVT_001858,IF_ASM_001,ASM,DLV,ESB,Batch,Failed,ASM_VAL_059,Validation failed for payload from ASM,Validation,1100,SES_001226,REQ_00001858,2026-09-15 17:42:39
EVT_001859,IF_ASM_002,ASM,MFG,API,REST,Warning,ASM_NET_060,"WARNING: Network error contacting MFG: connection reset (degraded, retrying)",Network,1990,SES_001226,REQ_00001859,2026-09-15 17:43:25
EVT_001860,IF_PRC_001,PRC,MFG,ESB,SOAP,Failed,PRC_NET_061,Network error contacting MFG: connection reset,Network,1192,SES_001227,REQ_00001860,2026-09-11 12:02:13
EVT_001861,IF_ORD_002,ORD,PAY,API,REST,Failed,ORD_AUTH_062,Authentication rejected between ORD and PAY,Authentication,329,SES_001228,REQ_00001861,2026-09-15 09:47:13
EVT_001862,IF_PAY_001,PAY,ORD,API,REST,Warning,PAY_CFG_063,"WARNING: Configuration mismatch on PAY endpoint (degraded, retrying)",Configuration,1320,SES_001228,REQ_00001862,2026-09-15 09:49:02
EVT_001863,IF_PAY_002,PAY,PRC,API,REST,Failed,PAY_CFG_064,Configuration mismatch on PAY endpoint,Configuration,1332,SES_001228,REQ_00001863,2026-09-15 09:51:49
EVT_001864,IF_ASM_001,ASM,DLV,ESB,Batch,Warning,ASM_TMO_065,"WARNING: Timeout waiting for DLV to respond (degraded, retrying)",Timeout,3228,SES_001229,REQ_00001864,2026-09-14 09:48:44
EVT_001865,IF_ORD_002,ORD,PAY,API,REST,Failed,ORD_DB_066,Database ORD operation failed: connection pool exhausted,Database,1129,SES_001230,REQ_00001865,2026-09-12 08:32:37
EVT_001866,IF_ASM_001,ASM,DLV,ESB,Batch,Warning,ASM_CAP_067,"WARNING: Capacity limit reached on ASM: request throttled (degraded, retrying)",Capacity,475,SES_001231,REQ_00001866,2026-09-13 14:10:01
EVT_001867,IF_DLV_002,DLV,PAY,MsgBus,Async,Failed,DLV_CFG_068,Configuration mismatch on DLV endpoint,Configuration,3681,SES_001231,REQ_00001867,2026-09-13 14:10:26
EVT_001868,IF_ORD_002,ORD,PAY,API,REST,Failed,ORD_NET_069,Network error contacting PAY: connection reset,Network,1583,SES_001232,REQ_00001868,2026-09-12 13:42:28
EVT_001869,IF_MFG_002,MFG,PRC,API,REST,Failed,MFG_NET_070,Network error contacting PRC: connection reset,Network,6551,SES_001233,REQ_00001869,2026-09-16 18:19:53
EVT_001870,IF_MFG_002,MFG,PRC,API,REST,Warning,MFG_NET_071,"WARNING: Network error contacting PRC: connection reset (degraded, retrying)",Network,2283,SES_001234,REQ_00001870,2026-09-11 12:34:11
EVT_001871,IF_PRC_001,PRC,MFG,ESB,SOAP,Warning,PRC_INFRA_072,"WARNING: Infrastructure fault on PRC: node unavailable (degraded, retrying)",Infrastructure,769,SES_001234,REQ_00001871,2026-09-11 12:37:55
EVT_001872,IF_MFG_003,MFG,DLV,ESB,CDC,Warning,MFG_CAP_073,"WARNING: Capacity limit reached on MFG: request throttled (degraded, retrying)",Capacity,3262,SES_001235,REQ_00001872,2026-09-14 18:33:57
EVT_001873,IF_DLV_002,DLV,PAY,MsgBus,Async,Warning,DLV_TMO_074,"WARNING: Timeout waiting for PAY to respond (degraded, retrying)",Timeout,3391,SES_001235,REQ_00001873,2026-09-14 18:37:36
EVT_001874,IF_DLV_001,DLV,ORD,API,REST,Failed,DLV_DB_075,Database DLV operation failed: connection pool exhausted,Database,1459,SES_001235,REQ_00001874,2026-09-14 18:35:48
EVT_001875,IF_DLV_002,DLV,PAY,MsgBus,Async,Failed,DLV_INFRA_076,Infrastructure fault on DLV: node unavailable,Infrastructure,3902,SES_001236,REQ_00001875,2026-09-16 13:59:05
EVT_001876,IF_DLV_002,DLV,PAY,MsgBus,Async,Failed,DLV_INFRA_077,Infrastructure fault on DLV: node unavailable,Infrastructure,1358,SES_001237,REQ_00001876,2026-09-16 08:30:25
EVT_001877,IF_PRC_001,PRC,MFG,ESB,SOAP,Warning,PRC_NET_078,"WARNING: Network error contacting MFG: connection reset (degraded, retrying)",Network,1588,SES_001238,REQ_00001877,2026-09-16 09:58:03
EVT_001878,IF_MFG_003,MFG,DLV,ESB,CDC,Warning,MFG_INFRA_079,"WARNING: Infrastructure fault on MFG: node unavailable (degraded, retrying)",Infrastructure,6248,SES_001238,REQ_00001878,2026-09-16 10:00:18
EVT_001879,IF_MFG_001,MFG,ASM,MsgBus,Async,Warning,MFG_CFG_080,"WARNING: Configuration mismatch on MFG endpoint (degraded, retrying)",Configuration,2199,SES_001238,REQ_00001879,2026-09-16 09:59:50
EVT_001880,IF_PRC_002,PRC,ASM,MsgBus,Async,Warning,PRC_AUTHZ_081,"WARNING: Authorization denied for PRC->ASM request (degraded, retrying)",Authorization,1003,SES_001239,REQ_00001880,2026-09-13 07:46:40
EVT_001881,IF_ASM_002,ASM,MFG,API,REST,Warning,ASM_DB_082,"WARNING: Database ASM operation failed: connection pool exhausted (degraded, retrying)",Database,5598,SES_001240,REQ_00001881,2026-09-12 05:48:00
EVT_001882,IF_MFG_003,MFG,DLV,ESB,CDC,Failed,MFG_TMO_083,Timeout waiting for DLV to respond,Timeout,7831,SES_001240,REQ_00001882,2026-09-12 05:48:44
EVT_001883,IF_MFG_001,MFG,ASM,MsgBus,Async,Warning,MFG_DB_084,"WARNING: Database MFG operation failed: connection pool exhausted (degraded, retrying)",Database,2949,SES_001241,REQ_00001883,2026-09-14 15:03:50
EVT_001884,IF_ASM_002,ASM,MFG,API,REST,Warning,ASM_NET_085,"WARNING: Network error contacting MFG: connection reset (degraded, retrying)",Network,6006,SES_001241,REQ_00001884,2026-09-14 15:06:21
EVT_001885,IF_ASM_001,ASM,DLV,ESB,Batch,Warning,ASM_TMO_086,"WARNING: Timeout waiting for DLV to respond (degraded, retrying)",Timeout,2388,SES_001241,REQ_00001885,2026-09-14 15:08:28
EVT_001886,IF_PRC_001,PRC,MFG,ESB,SOAP,Warning,PRC_AUTHZ_087,"WARNING: Authorization denied for PRC->MFG request (degraded, retrying)",Authorization,2973,SES_001242,REQ_00001886,2026-09-11 09:48:18
EVT_001887,IF_MFG_003,MFG,DLV,ESB,CDC,Failed,MFG_EXT_088,External service DLV returned an error response,ExternalService,3768,SES_001242,REQ_00001887,2026-09-11 09:50:33
EVT_001888,IF_ORD_002,ORD,PAY,API,REST,Failed,ORD_NET_089,Network error contacting PAY: connection reset,Network,1347,SES_001243,REQ_00001888,2026-09-12 16:17:33
EVT_001889,IF_PAY_001,PAY,ORD,API,REST,Warning,PAY_INFRA_090,"WARNING: Infrastructure fault on PAY: node unavailable (degraded, retrying)",Infrastructure,742,SES_001243,REQ_00001889,2026-09-12 16:18:00
EVT_001890,IF_PAY_002,PAY,PRC,API,REST,Failed,PAY_DB_091,Database PAY operation failed: connection pool exhausted,Database,4722,SES_001243,REQ_00001890,2026-09-12 16:17:56
EVT_001891,IF_PRC_001,PRC,MFG,ESB,SOAP,Failed,PRC_DB_092,Database PRC operation failed: connection pool exhausted,Database,3101,SES_001244,REQ_00001891,2026-09-13 14:39:35
EVT_001892,IF_ORD_001,ORD,MFG,MsgBus,Async,Failed,ORD_DB_093,Database ORD operation failed: connection pool exhausted,Database,1890,SES_001245,REQ_00001892,2026-09-16 19:11:08
EVT_001893,IF_MFG_003,MFG,DLV,ESB,CDC,Failed,MFG_AUTH_094,Authentication rejected between MFG and DLV,Authentication,4086,SES_001245,REQ_00001893,2026-09-16 19:13:23
EVT_001894,IF_MFG_003,MFG,DLV,ESB,CDC,Failed,MFG_EXT_095,External service DLV returned an error response,ExternalService,5893,SES_001246,REQ_00001894,2026-09-14 20:31:56
EVT_001895,IF_ORD_001,ORD,MFG,MsgBus,Async,Warning,ORD_CAP_096,"WARNING: Capacity limit reached on ORD: request throttled (degraded, retrying)",Capacity,673,SES_001247,REQ_00001895,2026-09-13 10:09:43
EVT_001896,IF_PAY_001,PAY,ORD,API,REST,Failed,PAY_CFG_097,Configuration mismatch on PAY endpoint,Configuration,1023,SES_001248,REQ_00001896,2026-09-15 15:46:19
EVT_001897,IF_ORD_001,ORD,MFG,MsgBus,Async,Warning,ORD_AUTH_098,"WARNING: Authentication rejected between ORD and MFG (degraded, retrying)",Authentication,292,SES_001248,REQ_00001897,2026-09-15 15:47:14
EVT_001898,IF_ORD_002,ORD,PAY,API,REST,Warning,ORD_AUTHZ_099,"WARNING: Authorization denied for ORD->PAY request (degraded, retrying)",Authorization,724,SES_001249,REQ_00001898,2026-09-16 12:40:24
EVT_001899,IF_PAY_001,PAY,ORD,API,REST,Warning,PAY_INFRA_100,"WARNING: Infrastructure fault on PAY: node unavailable (degraded, retrying)",Infrastructure,428,SES_001249,REQ_00001899,2026-09-16 12:43:34
EVT_001900,IF_PAY_001,PAY,ORD,API,REST,Failed,PAY_AUTH_101,Authentication rejected between PAY and ORD,Authentication,1010,SES_001250,REQ_00001900,2026-09-15 04:05:30
EVT_001901,IF_ASM_002,ASM,MFG,API,REST,Warning,ASM_AUTHZ_102,"WARNING: Authorization denied for ASM->MFG request (degraded, retrying)",Authorization,1232,SES_001251,REQ_00001901,2026-09-14 13:58:01
EVT_001902,IF_PAY_002,PAY,PRC,API,REST,Failed,PAY_DB_103,Database PAY operation failed: connection pool exhausted,Database,5639,SES_001252,REQ_00001902,2026-09-16 21:21:46
EVT_001903,IF_PRC_002,PRC,ASM,MsgBus,Async,Warning,PRC_CFG_104,"WARNING: Configuration mismatch on PRC endpoint (degraded, retrying)",Configuration,700,SES_001252,REQ_00001903,2026-09-16 21:23:50
EVT_001904,IF_PRC_001,PRC,MFG,ESB,SOAP,Warning,PRC_VAL_105,"WARNING: Validation failed for payload from PRC (degraded, retrying)",Validation,759,SES_001252,REQ_00001904,2026-09-16 21:24:49
EVT_001905,IF_DLV_001,DLV,ORD,API,REST,Warning,DLV_NET_106,"WARNING: Network error contacting ORD: connection reset (degraded, retrying)",Network,1169,SES_001253,REQ_00001905,2026-09-15 09:46:14
EVT_001906,IF_ORD_001,ORD,MFG,MsgBus,Async,Warning,ORD_CFG_107,"WARNING: Configuration mismatch on ORD endpoint (degraded, retrying)",Configuration,619,SES_001254,REQ_00001906,2026-09-15 18:07:34
EVT_001907,IF_MFG_003,MFG,DLV,ESB,CDC,Failed,MFG_CFG_108,Configuration mismatch on MFG endpoint,Configuration,1317,SES_001254,REQ_00001907,2026-09-15 18:11:03
EVT_001908,IF_ASM_001,ASM,DLV,ESB,Batch,Warning,ASM_TMO_109,"WARNING: Timeout waiting for DLV to respond (degraded, retrying)",Timeout,3061,SES_001255,REQ_00001908,2026-09-10 16:05:58
EVT_001909,IF_ASM_002,ASM,MFG,API,REST,Warning,ASM_VAL_110,"WARNING: Validation failed for payload from ASM (degraded, retrying)",Validation,3831,SES_001256,REQ_00001909,2026-09-13 21:54:26
EVT_001910,IF_ASM_002,ASM,MFG,API,REST,Failed,ASM_INFRA_111,Infrastructure fault on ASM: node unavailable,Infrastructure,3093,SES_001257,REQ_00001910,2026-09-16 05:06:21
EVT_001911,IF_MFG_001,MFG,ASM,MsgBus,Async,Failed,MFG_TMO_112,Timeout waiting for ASM to respond,Timeout,1652,SES_001257,REQ_00001911,2026-09-16 05:10:24
EVT_001912,IF_MFG_003,MFG,DLV,ESB,CDC,Failed,MFG_EXT_113,External service DLV returned an error response,ExternalService,7025,SES_001257,REQ_00001912,2026-09-16 05:07:24
EVT_001913,IF_ASM_002,ASM,MFG,API,REST,Failed,ASM_DB_114,Database ASM operation failed: connection pool exhausted,Database,1862,SES_001258,REQ_00001913,2026-09-15 10:23:39
EVT_001914,IF_ORD_003,ORD,PRC,ESB,SOAP,Failed,ORD_CFG_115,Configuration mismatch on ORD endpoint,Configuration,947,SES_001259,REQ_00001914,2026-09-16 13:49:36
EVT_001915,IF_PRC_002,PRC,ASM,MsgBus,Async,Warning,PRC_INFRA_116,"WARNING: Infrastructure fault on PRC: node unavailable (degraded, retrying)",Infrastructure,1579,SES_001259,REQ_00001915,2026-09-16 13:53:06
EVT_001916,IF_ORD_003,ORD,PRC,ESB,SOAP,Failed,ORD_NET_117,Network error contacting PRC: connection reset,Network,1162,SES_001260,REQ_00001916,2026-09-14 09:15:28
EVT_001917,IF_PRC_002,PRC,ASM,MsgBus,Async,Warning,PRC_DB_118,"WARNING: Database PRC operation failed: connection pool exhausted (degraded, retrying)",Database,3264,SES_001261,REQ_00001917,2026-09-16 16:08:33
EVT_001918,IF_PAY_001,PAY,ORD,API,REST,Warning,PAY_DB_119,"WARNING: Database PAY operation failed: connection pool exhausted (degraded, retrying)",Database,2034,SES_001262,REQ_00001918,2026-09-12 10:59:25
EVT_001919,IF_DLV_002,DLV,PAY,MsgBus,Async,Failed,DLV_CFG_120,Configuration mismatch on DLV endpoint,Configuration,2283,SES_001263,REQ_00001919,2026-09-16 03:02:12
EVT_001920,IF_ORD_002,ORD,PAY,API,REST,Failed,ORD_AUTHZ_121,Authorization denied for ORD->PAY request,Authorization,1072,SES_001264,REQ_00001920,2026-09-16 17:01:24
EVT_001921,IF_PAY_001,PAY,ORD,API,REST,Warning,PAY_VAL_122,"WARNING: Validation failed for payload from PAY (degraded, retrying)",Validation,592,SES_001265,REQ_00001921,2026-09-16 10:57:21
EVT_001922,IF_ORD_001,ORD,MFG,MsgBus,Async,Failed,ORD_INFRA_123,Infrastructure fault on ORD: node unavailable,Infrastructure,816,SES_001265,REQ_00001922,2026-09-16 11:02:10
EVT_001923,IF_ORD_002,ORD,PAY,API,REST,Warning,ORD_DB_124,"WARNING: Database ORD operation failed: connection pool exhausted (degraded, retrying)",Database,656,SES_001265,REQ_00001923,2026-09-16 10:59:38
EVT_001924,IF_ASM_002,ASM,MFG,API,REST,Failed,ASM_CFG_125,Configuration mismatch on ASM endpoint,Configuration,2192,SES_001266,REQ_00001924,2026-09-14 00:33:28
EVT_001925,IF_ORD_002,ORD,PAY,API,REST,Failed,ORD_NET_126,Network error contacting PAY: connection reset,Network,561,SES_001267,REQ_00001925,2026-09-14 09:02:13
EVT_001926,IF_PRC_001,PRC,MFG,ESB,SOAP,Warning,PRC_CAP_127,"WARNING: Capacity limit reached on PRC: request throttled (degraded, retrying)",Capacity,1299,SES_001268,REQ_00001926,2026-09-15 03:52:03
EVT_001927,IF_MFG_003,MFG,DLV,ESB,CDC,Failed,MFG_CAP_128,Capacity limit reached on MFG: request throttled,Capacity,3621,SES_001268,REQ_00001927,2026-09-15 03:55:56
EVT_001928,IF_PAY_001,PAY,ORD,API,REST,Warning,PAY_EXT_129,"WARNING: External service ORD returned an error response (degraded, retrying)",ExternalService,1801,SES_001269,REQ_00001928,2026-09-14 15:39:40
EVT_001929,IF_ASM_001,ASM,DLV,ESB,Batch,Warning,ASM_TMO_130,"WARNING: Timeout waiting for DLV to respond (degraded, retrying)",Timeout,1155,SES_001270,REQ_00001929,2026-09-15 14:38:47
EVT_001930,IF_DLV_001,DLV,ORD,API,REST,Warning,DLV_AUTHZ_131,"WARNING: Authorization denied for DLV->ORD request (degraded, retrying)",Authorization,1128,SES_001270,REQ_00001930,2026-09-15 14:43:40
EVT_001931,IF_DLV_002,DLV,PAY,MsgBus,Async,Failed,DLV_CAP_132,Capacity limit reached on DLV: request throttled,Capacity,3056,SES_001270,REQ_00001931,2026-09-15 14:43:05
EVT_001932,IF_ORD_001,ORD,MFG,MsgBus,Async,Warning,ORD_CFG_133,"WARNING: Configuration mismatch on ORD endpoint (degraded, retrying)",Configuration,2355,SES_001271,REQ_00001932,2026-09-11 20:56:12
EVT_001933,IF_MFG_001,MFG,ASM,MsgBus,Async,Failed,MFG_VAL_134,Validation failed for payload from MFG,Validation,1309,SES_001272,REQ_00001933,2026-09-14 20:03:26
EVT_001934,IF_ASM_001,ASM,DLV,ESB,Batch,Warning,ASM_CFG_135,"WARNING: Configuration mismatch on ASM endpoint (degraded, retrying)",Configuration,821,SES_001272,REQ_00001934,2026-09-14 20:07:14
EVT_001935,IF_PAY_001,PAY,ORD,API,REST,Warning,PAY_AUTHZ_136,"WARNING: Authorization denied for PAY->ORD request (degraded, retrying)",Authorization,656,SES_001273,REQ_00001935,2026-09-15 10:38:14
EVT_001936,IF_DLV_001,DLV,ORD,API,REST,Warning,DLV_DB_137,"WARNING: Database DLV operation failed: connection pool exhausted (degraded, retrying)",Database,3457,SES_001274,REQ_00001936,2026-09-15 18:48:01
EVT_001937,IF_PRC_002,PRC,ASM,MsgBus,Async,Failed,PRC_DB_138,Database PRC operation failed: connection pool exhausted,Database,2465,SES_001275,REQ_00001937,2026-09-10 21:57:44
EVT_001938,IF_ASM_001,ASM,DLV,ESB,Batch,Failed,ASM_NET_139,Network error contacting DLV: connection reset,Network,3133,SES_001275,REQ_00001938,2026-09-10 22:01:28
EVT_001939,IF_MFG_003,MFG,DLV,ESB,CDC,Failed,MFG_VAL_140,Validation failed for payload from MFG,Validation,2645,SES_001276,REQ_00001939,2026-09-13 11:40:04
EVT_001940,IF_DLV_001,DLV,ORD,API,REST,Failed,DLV_AUTHZ_141,Authorization denied for DLV->ORD request,Authorization,2070,SES_001277,REQ_00001940,2026-09-15 18:49:12
EVT_001941,IF_ORD_004,ORD,DLV,ESB,Batch,Warning,ORD_CAP_142,"WARNING: Capacity limit reached on ORD: request throttled (degraded, retrying)",Capacity,4685,SES_001277,REQ_00001941,2026-09-15 18:53:51
EVT_001942,IF_ORD_002,ORD,PAY,API,REST,Warning,ORD_DB_143,"WARNING: Database ORD operation failed: connection pool exhausted (degraded, retrying)",Database,1779,SES_001277,REQ_00001942,2026-09-15 18:53:34
EVT_001943,IF_ORD_001,ORD,MFG,MsgBus,Async,Warning,ORD_EXT_144,"WARNING: External service MFG returned an error response (degraded, retrying)",ExternalService,1392,SES_001278,REQ_00001943,2026-09-11 13:14:00
EVT_001944,IF_PRC_001,PRC,MFG,ESB,SOAP,Failed,PRC_CFG_145,Configuration mismatch on PRC endpoint,Configuration,1821,SES_001279,REQ_00001944,2026-09-10 08:48:24
EVT_001945,IF_PRC_002,PRC,ASM,MsgBus,Async,Warning,PRC_AUTH_146,"WARNING: Authentication rejected between PRC and ASM (degraded, retrying)",Authentication,546,SES_001280,REQ_00001945,2026-09-16 04:04:24
EVT_001946,IF_ASM_001,ASM,DLV,ESB,Batch,Warning,ASM_INFRA_147,"WARNING: Infrastructure fault on ASM: node unavailable (degraded, retrying)",Infrastructure,1485,SES_001280,REQ_00001946,2026-09-16 04:08:18
EVT_001947,IF_PAY_001,PAY,ORD,API,REST,Failed,PAY_AUTHZ_148,Authorization denied for PAY->ORD request,Authorization,496,SES_001281,REQ_00001947,2026-09-16 14:28:41
EVT_001948,IF_ORD_001,ORD,MFG,MsgBus,Async,Warning,ORD_DB_149,"WARNING: Database ORD operation failed: connection pool exhausted (degraded, retrying)",Database,1565,SES_001281,REQ_00001948,2026-09-16 14:31:07
EVT_001949,IF_ORD_004,ORD,DLV,ESB,Batch,Failed,ORD_EXT_150,External service DLV returned an error response,ExternalService,9378,SES_001281,REQ_00001949,2026-09-16 14:29:54
EVT_001950,IF_ASM_001,ASM,DLV,ESB,Batch,Failed,ASM_TMO_151,Timeout waiting for DLV to respond,Timeout,3530,SES_001282,REQ_00001950,2026-09-12 03:51:05
EVT_001951,IF_ASM_002,ASM,MFG,API,REST,Failed,ASM_EXT_152,External service MFG returned an error response,ExternalService,5948,SES_001283,REQ_00001951,2026-09-14 15:38:04
EVT_001952,IF_MFG_003,MFG,DLV,ESB,CDC,Warning,MFG_NET_153,"WARNING: Network error contacting DLV: connection reset (degraded, retrying)",Network,7142,SES_001283,REQ_00001952,2026-09-14 15:39:49
EVT_001953,IF_ORD_002,ORD,PAY,API,REST,Warning,ORD_EXT_154,"WARNING: External service PAY returned an error response (degraded, retrying)",ExternalService,645,SES_001284,REQ_00001953,2026-09-12 11:59:10
EVT_001954,IF_PAY_002,PAY,PRC,API,REST,Failed,PAY_NET_155,Network error contacting PRC: connection reset,Network,4208,SES_001284,REQ_00001954,2026-09-12 12:00:36
EVT_001955,IF_PAY_002,PAY,PRC,API,REST,Failed,PAY_TMO_156,Timeout waiting for PRC to respond,Timeout,4625,SES_001285,REQ_00001955,2026-09-16 12:52:32
EVT_001956,IF_PRC_002,PRC,ASM,MsgBus,Async,Warning,PRC_VAL_157,"WARNING: Validation failed for payload from PRC (degraded, retrying)",Validation,806,SES_001285,REQ_00001956,2026-09-16 12:54:25
EVT_001957,IF_PRC_002,PRC,ASM,MsgBus,Async,Failed,PRC_EXT_158,External service ASM returned an error response,ExternalService,4007,SES_001286,REQ_00001957,2026-09-10 16:10:55
EVT_001958,IF_ORD_002,ORD,PAY,API,REST,Failed,ORD_NET_159,Network error contacting PAY: connection reset,Network,1085,SES_001287,REQ_00001958,2026-09-12 23:15:28
EVT_001959,IF_PRC_002,PRC,ASM,MsgBus,Async,Warning,PRC_NET_160,"WARNING: Network error contacting ASM: connection reset (degraded, retrying)",Network,939,SES_001288,REQ_00001959,2026-09-13 16:31:42
EVT_001960,IF_ASM_001,ASM,DLV,ESB,Batch,Failed,ASM_AUTH_161,Authentication rejected between ASM and DLV,Authentication,1379,SES_001288,REQ_00001960,2026-09-13 16:32:36
EVT_001961,IF_DLV_001,DLV,ORD,API,REST,Warning,DLV_CAP_162,"WARNING: Capacity limit reached on DLV: request throttled (degraded, retrying)",Capacity,975,SES_001289,REQ_00001961,2026-09-11 14:21:47
EVT_001962,IF_DLV_002,DLV,PAY,MsgBus,Async,Warning,DLV_INFRA_163,"WARNING: Infrastructure fault on DLV: node unavailable (degraded, retrying)",Infrastructure,2204,SES_001290,REQ_00001962,2026-09-11 17:34:15
EVT_001963,IF_PAY_002,PAY,PRC,API,REST,Failed,PAY_CAP_164,Capacity limit reached on PAY: request throttled,Capacity,2833,SES_001291,REQ_00001963,2026-09-12 10:48:28
EVT_001964,IF_PAY_001,PAY,ORD,API,REST,Warning,PAY_CFG_165,"WARNING: Configuration mismatch on PAY endpoint (degraded, retrying)",Configuration,816,SES_001292,REQ_00001964,2026-09-10 12:44:03
EVT_001965,IF_ORD_001,ORD,MFG,MsgBus,Async,Failed,ORD_NET_166,Network error contacting MFG: connection reset,Network,1481,SES_001293,REQ_00001965,2026-09-16 17:23:48
EVT_001966,IF_MFG_001,MFG,ASM,MsgBus,Async,Warning,MFG_EXT_167,"WARNING: External service ASM returned an error response (degraded, retrying)",ExternalService,2834,SES_001293,REQ_00001966,2026-09-16 17:25:11
EVT_001967,IF_MFG_003,MFG,DLV,ESB,CDC,Failed,MFG_VAL_168,Validation failed for payload from MFG,Validation,4166,SES_001293,REQ_00001967,2026-09-16 17:23:57
EVT_001968,IF_ASM_001,ASM,DLV,ESB,Batch,Failed,ASM_INFRA_169,Infrastructure fault on ASM: node unavailable,Infrastructure,709,SES_001294,REQ_00001968,2026-09-15 10:36:09
EVT_001969,IF_DLV_001,DLV,ORD,API,REST,Failed,DLV_VAL_170,Validation failed for payload from DLV,Validation,1758,SES_001294,REQ_00001969,2026-09-15 10:36:31
EVT_001970,IF_DLV_002,DLV,PAY,MsgBus,Async,Failed,DLV_VAL_171,Validation failed for payload from DLV,Validation,2066,SES_001294,REQ_00001970,2026-09-15 10:39:51
EVT_001971,IF_MFG_003,MFG,DLV,ESB,CDC,Warning,MFG_DB_172,"WARNING: Database MFG operation failed: connection pool exhausted (degraded, retrying)",Database,7222,SES_001295,REQ_00001971,2026-09-10 20:08:57
EVT_001972,IF_DLV_001,DLV,ORD,API,REST,Failed,DLV_INFRA_173,Infrastructure fault on DLV: node unavailable,Infrastructure,1047,SES_001295,REQ_00001972,2026-09-10 20:13:18
EVT_001973,IF_DLV_002,DLV,PAY,MsgBus,Async,Failed,DLV_NET_174,Network error contacting PAY: connection reset,Network,5489,SES_001295,REQ_00001973,2026-09-10 20:13:21
EVT_001974,IF_PAY_002,PAY,PRC,API,REST,Warning,PAY_DB_175,"WARNING: Database PAY operation failed: connection pool exhausted (degraded, retrying)",Database,5763,SES_001296,REQ_00001974,2026-09-13 15:32:29
EVT_001975,IF_PRC_001,PRC,MFG,ESB,SOAP,Failed,PRC_VAL_176,Validation failed for payload from PRC,Validation,1753,SES_001297,REQ_00001975,2026-09-11 10:34:25
EVT_001976,IF_MFG_001,MFG,ASM,MsgBus,Async,Failed,MFG_CAP_177,Capacity limit reached on MFG: request throttled,Capacity,695,SES_001297,REQ_00001976,2026-09-11 10:37:41
EVT_001977,IF_MFG_003,MFG,DLV,ESB,CDC,Warning,MFG_VAL_178,"WARNING: Validation failed for payload from MFG (degraded, retrying)",Validation,2081,SES_001297,REQ_00001977,2026-09-11 10:38:23
EVT_001978,IF_PRC_001,PRC,MFG,ESB,SOAP,Warning,PRC_INFRA_179,"WARNING: Infrastructure fault on PRC: node unavailable (degraded, retrying)",Infrastructure,3193,SES_001298,REQ_00001978,2026-09-16 15:58:27
EVT_001979,IF_MFG_003,MFG,DLV,ESB,CDC,Warning,MFG_INFRA_180,"WARNING: Infrastructure fault on MFG: node unavailable (degraded, retrying)",Infrastructure,2537,SES_001298,REQ_00001979,2026-09-16 16:02:57
EVT_001980,IF_MFG_001,MFG,ASM,MsgBus,Async,Warning,MFG_AUTH_181,"WARNING: Authentication rejected between MFG and ASM (degraded, retrying)",Authentication,1509,SES_001298,REQ_00001980,2026-09-16 16:01:37
EVT_001981,IF_ASM_001,ASM,DLV,ESB,Batch,Failed,ASM_TMO_182,Timeout waiting for DLV to respond,Timeout,2137,SES_001299,REQ_00001981,2026-09-16 11:24:24
EVT_001982,IF_DLV_002,DLV,PAY,MsgBus,Async,Warning,DLV_INFRA_183,"WARNING: Infrastructure fault on DLV: node unavailable (degraded, retrying)",Infrastructure,3142,SES_001299,REQ_00001982,2026-09-16 11:27:37
EVT_001983,IF_DLV_001,DLV,ORD,API,REST,Warning,DLV_AUTHZ_184,"WARNING: Authorization denied for DLV->ORD request (degraded, retrying)",Authorization,1441,SES_001299,REQ_00001983,2026-09-16 11:27:47
EVT_001984,IF_MFG_002,MFG,PRC,API,REST,Warning,MFG_AUTH_185,"WARNING: Authentication rejected between MFG and PRC (degraded, retrying)",Authentication,2794,SES_001300,REQ_00001984,2026-09-11 15:40:08
EVT_001985,IF_PRC_002,PRC,ASM,MsgBus,Async,Warning,PRC_AUTH_186,"WARNING: Authentication rejected between PRC and ASM (degraded, retrying)",Authentication,545,SES_001300,REQ_00001985,2026-09-11 15:43:04
EVT_001986,IF_ASM_001,ASM,DLV,ESB,Batch,Warning,ASM_INFRA_187,"WARNING: Infrastructure fault on ASM: node unavailable (degraded, retrying)",Infrastructure,1546,SES_001301,REQ_00001986,2026-09-12 09:48:21
EVT_001987,IF_DLV_002,DLV,PAY,MsgBus,Async,Failed,DLV_CFG_188,Configuration mismatch on DLV endpoint,Configuration,2229,SES_001301,REQ_00001987,2026-09-12 09:50:16
EVT_001988,IF_DLV_001,DLV,ORD,API,REST,Warning,DLV_VAL_189,"WARNING: Validation failed for payload from DLV (degraded, retrying)",Validation,577,SES_001301,REQ_00001988,2026-09-12 09:51:32
EVT_001989,IF_PRC_002,PRC,ASM,MsgBus,Async,Warning,PRC_VAL_190,"WARNING: Validation failed for payload from PRC (degraded, retrying)",Validation,839,SES_001302,REQ_00001989,2026-09-12 11:41:31
EVT_001990,IF_ORD_002,ORD,PAY,API,REST,Failed,ORD_CAP_191,Capacity limit reached on ORD: request throttled,Capacity,415,SES_001303,REQ_00001990,2026-09-16 15:52:16
EVT_001991,IF_MFG_003,MFG,DLV,ESB,CDC,Failed,MFG_INFRA_192,Infrastructure fault on MFG: node unavailable,Infrastructure,1340,SES_001304,REQ_00001991,2026-09-14 07:53:07
EVT_001992,IF_ORD_001,ORD,MFG,MsgBus,Async,Failed,ORD_EXT_193,External service MFG returned an error response,ExternalService,947,SES_001305,REQ_00001992,2026-09-14 10:50:02
EVT_001993,IF_ORD_002,ORD,PAY,API,REST,Failed,ORD_CAP_194,Capacity limit reached on ORD: request throttled,Capacity,1028,SES_001306,REQ_00001993,2026-09-12 17:12:06
EVT_001994,IF_ASM_002,ASM,MFG,API,REST,Failed,ASM_AUTHZ_195,Authorization denied for ASM->MFG request,Authorization,1114,SES_001307,REQ_00001994,2026-09-16 20:06:15
EVT_001995,IF_MFG_003,MFG,DLV,ESB,CDC,Failed,MFG_NET_196,Network error contacting DLV: connection reset,Network,2000,SES_001307,REQ_00001995,2026-09-16 20:08:42
EVT_001996,IF_ASM_001,ASM,DLV,ESB,Batch,Failed,ASM_VAL_197,Validation failed for payload from ASM,Validation,690,SES_001308,REQ_00001996,2026-09-13 12:33:07
EVT_001997,IF_DLV_001,DLV,ORD,API,REST,Warning,DLV_CFG_198,"WARNING: Configuration mismatch on DLV endpoint (degraded, retrying)",Configuration,1463,SES_001308,REQ_00001997,2026-09-13 12:35:28
EVT_001998,IF_DLV_002,DLV,PAY,MsgBus,Async,Warning,DLV_VAL_199,"WARNING: Validation failed for payload from DLV (degraded, retrying)",Validation,2841,SES_001309,REQ_00001998,2026-09-16 16:25:10
EVT_001999,IF_MFG_001,MFG,ASM,MsgBus,Async,Failed,MFG_TMO_200,Timeout waiting for ASM to respond,Timeout,2435,SES_001310,REQ_00001999,2026-09-10 20:55:49
EVT_002000,IF_PAY_001,PAY,ORD,API,REST,Warning,PAY_AUTH_201,"WARNING: Authentication rejected between PAY and ORD (degraded, retrying)",Authentication,586,SES_001311,REQ_00002000,2026-09-11 13:21:32
EVT_002001,IF_ASM_001,ASM,DLV,ESB,Batch,Warning,ASM_INFRA_202,"WARNING: Infrastructure fault on ASM: node unavailable (degraded, retrying)",Infrastructure,1052,SES_001312,REQ_00002001,2026-09-12 17:20:50
EVT_002002,IF_PAY_001,PAY,ORD,API,REST,Failed,PAY_INFRA_203,Infrastructure fault on PAY: node unavailable,Infrastructure,1016,SES_001313,REQ_00002002,2026-09-10 21:51:44
EVT_002003,IF_ORD_001,ORD,MFG,MsgBus,Async,Warning,ORD_CFG_204,"WARNING: Configuration mismatch on ORD endpoint (degraded, retrying)",Configuration,323,SES_001313,REQ_00002003,2026-09-10 21:53:44
EVT_002004,IF_PAY_001,PAY,ORD,API,REST,Failed,PAY_AUTHZ_205,Authorization denied for PAY->ORD request,Authorization,1253,SES_001314,REQ_00002004,2026-09-16 08:20:55
EVT_002005,IF_ORD_003,ORD,PRC,ESB,SOAP,Failed,ORD_VAL_206,Validation failed for payload from ORD,Validation,1387,SES_001315,REQ_00002005,2026-09-14 16:43:06
EVT_002006,IF_MFG_002,MFG,PRC,API,REST,Warning,MFG_EXT_207,"WARNING: External service PRC returned an error response (degraded, retrying)",ExternalService,4359,SES_001316,REQ_00002006,2026-09-15 13:31:54
EVT_002007,IF_ORD_001,ORD,MFG,MsgBus,Async,Failed,ORD_VAL_208,Validation failed for payload from ORD,Validation,1107,SES_001317,REQ_00002007,2026-09-12 15:09:47
EVT_002008,IF_ORD_002,ORD,PAY,API,REST,Warning,ORD_VAL_209,"WARNING: Validation failed for payload from ORD (degraded, retrying)",Validation,1152,SES_001318,REQ_00002008,2026-09-12 10:04:33
EVT_002009,IF_DLV_001,DLV,ORD,API,REST,Failed,DLV_AUTH_210,Authentication rejected between DLV and ORD,Authentication,3793,SES_001319,REQ_00002009,2026-09-11 09:09:56
EVT_002010,IF_ORD_002,ORD,PAY,API,REST,Warning,ORD_TMO_211,"WARNING: Timeout waiting for PAY to respond (degraded, retrying)",Timeout,1004,SES_001320,REQ_00002010,2026-09-14 10:16:31
EVT_002011,IF_PRC_001,PRC,MFG,ESB,SOAP,Warning,PRC_AUTHZ_212,"WARNING: Authorization denied for PRC->MFG request (degraded, retrying)",Authorization,1026,SES_001321,REQ_00002011,2026-09-13 13:05:42
EVT_002012,IF_ORD_002,ORD,PAY,API,REST,Failed,ORD_CAP_213,Capacity limit reached on ORD: request throttled,Capacity,1073,SES_001322,REQ_00002012,2026-09-12 14:17:30
EVT_002013,IF_ASM_001,ASM,DLV,ESB,Batch,Failed,ASM_VAL_214,Validation failed for payload from ASM,Validation,1943,SES_001323,REQ_00002013,2026-09-14 17:54:42
EVT_002014,IF_PRC_001,PRC,MFG,ESB,SOAP,Failed,PRC_CFG_215,Configuration mismatch on PRC endpoint,Configuration,897,SES_001324,REQ_00002014,2026-09-15 12:07:41
EVT_002015,IF_MFG_003,MFG,DLV,ESB,CDC,Failed,MFG_INFRA_216,Infrastructure fault on MFG: node unavailable,Infrastructure,1665,SES_001325,REQ_00002015,2026-09-14 15:11:53
EVT_002016,IF_PAY_002,PAY,PRC,API,REST,Warning,PAY_AUTHZ_217,"WARNING: Authorization denied for PAY->PRC request (degraded, retrying)",Authorization,2477,SES_001326,REQ_00002016,2026-09-11 16:56:10
EVT_002017,IF_DLV_002,DLV,PAY,MsgBus,Async,Failed,DLV_AUTHZ_218,Authorization denied for DLV->PAY request,Authorization,3307,SES_001327,REQ_00002017,2026-09-11 14:09:15
EVT_002018,IF_ORD_003,ORD,PRC,ESB,SOAP,Failed,ORD_TMO_219,Timeout waiting for PRC to respond,Timeout,3000,SES_001328,REQ_00002018,2026-09-14 10:35:19
EVT_002019,IF_PRC_001,PRC,MFG,ESB,SOAP,Failed,PRC_CAP_220,Capacity limit reached on PRC: request throttled,Capacity,1098,SES_001328,REQ_00002019,2026-09-14 10:37:27
EVT_002020,IF_PRC_002,PRC,ASM,MsgBus,Async,Failed,PRC_TMO_221,Timeout waiting for ASM to respond,Timeout,2641,SES_001328,REQ_00002020,2026-09-14 10:40:16
EVT_002021,IF_DLV_001,DLV,ORD,API,REST,Failed,DLV_DB_222,Database DLV operation failed: connection pool exhausted,Database,1432,SES_001329,REQ_00002021,2026-09-11 18:38:52
EVT_002022,IF_ORD_004,ORD,DLV,ESB,Batch,Failed,ORD_TMO_223,Timeout waiting for DLV to respond,Timeout,9828,SES_001329,REQ_00002022,2026-09-11 18:42:53
EVT_002023,IF_PRC_002,PRC,ASM,MsgBus,Async,Failed,PRC_VAL_224,Validation failed for payload from PRC,Validation,3993,SES_001330,REQ_00002023,2026-09-15 18:20:08
EVT_002024,IF_ASM_001,ASM,DLV,ESB,Batch,Warning,ASM_DB_225,"WARNING: Database ASM operation failed: connection pool exhausted (degraded, retrying)",Database,2461,SES_001331,REQ_00002024,2026-09-10 09:23:25
EVT_002025,IF_DLV_001,DLV,ORD,API,REST,Warning,DLV_TMO_226,"WARNING: Timeout waiting for ORD to respond (degraded, retrying)",Timeout,2378,SES_001332,REQ_00002025,2026-09-12 16:31:38
EVT_002026,IF_ASM_001,ASM,DLV,ESB,Batch,Warning,ASM_VAL_227,"WARNING: Validation failed for payload from ASM (degraded, retrying)",Validation,878,SES_001333,REQ_00002026,2026-09-12 15:44:47
EVT_002027,IF_ASM_002,ASM,MFG,API,REST,Warning,ASM_DB_228,"WARNING: Database ASM operation failed: connection pool exhausted (degraded, retrying)",Database,2459,SES_001334,REQ_00002027,2026-09-10 17:59:48
EVT_002028,IF_MFG_001,MFG,ASM,MsgBus,Async,Failed,MFG_CAP_229,Capacity limit reached on MFG: request throttled,Capacity,1081,SES_001334,REQ_00002028,2026-09-10 18:04:43
EVT_002029,IF_DLV_001,DLV,ORD,API,REST,Failed,DLV_NET_230,Network error contacting ORD: connection reset,Network,3358,SES_001335,REQ_00002029,2026-09-12 17:10:13
EVT_002030,IF_MFG_002,MFG,PRC,API,REST,Failed,MFG_CFG_231,Configuration mismatch on MFG endpoint,Configuration,2633,SES_001336,REQ_00002030,2026-09-15 20:47:22
EVT_002031,IF_MFG_003,MFG,DLV,ESB,CDC,Failed,MFG_TMO_232,Timeout waiting for DLV to respond,Timeout,2271,SES_001337,REQ_00002031,2026-09-11 06:52:12
EVT_002032,IF_ORD_001,ORD,MFG,MsgBus,Async,Failed,ORD_INFRA_233,Infrastructure fault on ORD: node unavailable,Infrastructure,412,SES_001338,REQ_00002032,2026-09-14 21:09:25
EVT_002033,IF_ASM_001,ASM,DLV,ESB,Batch,Failed,ASM_NET_234,Network error contacting DLV: connection reset,Network,2626,SES_001339,REQ_00002033,2026-09-15 20:26:29
EVT_002034,IF_DLV_002,DLV,PAY,MsgBus,Async,Warning,DLV_INFRA_235,"WARNING: Infrastructure fault on DLV: node unavailable (degraded, retrying)",Infrastructure,1000,SES_001339,REQ_00002034,2026-09-15 20:29:57
EVT_002035,IF_DLV_001,DLV,ORD,API,REST,Warning,DLV_AUTHZ_236,"WARNING: Authorization denied for DLV->ORD request (degraded, retrying)",Authorization,1244,SES_001339,REQ_00002035,2026-09-15 20:26:47
EVT_002036,IF_MFG_003,MFG,DLV,ESB,CDC,Warning,MFG_CFG_237,"WARNING: Configuration mismatch on MFG endpoint (degraded, retrying)",Configuration,988,SES_001340,REQ_00002036,2026-09-16 12:15:12
EVT_002037,IF_ORD_002,ORD,PAY,API,REST,Warning,ORD_AUTH_238,"WARNING: Authentication rejected between ORD and PAY (degraded, retrying)",Authentication,2060,SES_001341,REQ_00002037,2026-09-12 10:00:42
EVT_002038,IF_PAY_002,PAY,PRC,API,REST,Warning,PAY_VAL_239,"WARNING: Validation failed for payload from PAY (degraded, retrying)",Validation,2539,SES_001341,REQ_00002038,2026-09-12 10:03:09
EVT_002039,IF_PRC_002,PRC,ASM,MsgBus,Async,Failed,PRC_INFRA_240,Infrastructure fault on PRC: node unavailable,Infrastructure,825,SES_001342,REQ_00002039,2026-09-11 19:55:00
EVT_002040,IF_ASM_002,ASM,MFG,API,REST,Failed,ASM_NET_241,Network error contacting MFG: connection reset,Network,5349,SES_001342,REQ_00002040,2026-09-11 19:58:01
EVT_002041,IF_ASM_001,ASM,DLV,ESB,Batch,Failed,ASM_CFG_242,Configuration mismatch on ASM endpoint,Configuration,1673,SES_001342,REQ_00002041,2026-09-11 19:55:02
EVT_002042,IF_PRC_001,PRC,MFG,ESB,SOAP,Failed,PRC_NET_243,Network error contacting MFG: connection reset,Network,1552,SES_001343,REQ_00002042,2026-09-12 09:44:37
EVT_002043,IF_MFG_003,MFG,DLV,ESB,CDC,Warning,MFG_VAL_244,"WARNING: Validation failed for payload from MFG (degraded, retrying)",Validation,1780,SES_001343,REQ_00002043,2026-09-12 09:47:42
EVT_002044,IF_MFG_001,MFG,ASM,MsgBus,Async,Warning,MFG_DB_245,"WARNING: Database MFG operation failed: connection pool exhausted (degraded, retrying)",Database,3805,SES_001343,REQ_00002044,2026-09-12 09:45:45
EVT_002045,IF_ORD_001,ORD,MFG,MsgBus,Async,Failed,ORD_CAP_246,Capacity limit reached on ORD: request throttled,Capacity,449,SES_001344,REQ_00002045,2026-09-11 04:30:59
EVT_002046,IF_PRC_001,PRC,MFG,ESB,SOAP,Warning,PRC_NET_247,"WARNING: Network error contacting MFG: connection reset (degraded, retrying)",Network,2128,SES_001345,REQ_00002046,2026-09-10 09:39:03
EVT_002047,IF_MFG_003,MFG,DLV,ESB,CDC,Failed,MFG_VAL_248,Validation failed for payload from MFG,Validation,3150,SES_001345,REQ_00002047,2026-09-10 09:40:09
EVT_002048,IF_DLV_001,DLV,ORD,API,REST,Warning,DLV_DB_249,"WARNING: Database DLV operation failed: connection pool exhausted (degraded, retrying)",Database,1532,SES_001346,REQ_00002048,2026-09-12 11:55:10
EVT_002049,IF_ORD_002,ORD,PAY,API,REST,Failed,ORD_EXT_250,External service PAY returned an error response,ExternalService,1934,SES_001346,REQ_00002049,2026-09-12 11:55:20
EVT_002050,IF_DLV_002,DLV,PAY,MsgBus,Async,Failed,DLV_NET_251,Network error contacting PAY: connection reset,Network,3914,SES_001347,REQ_00002050,2026-09-16 15:23:27
EVT_002051,IF_ORD_002,ORD,PAY,API,REST,Failed,ORD_TMO_252,Timeout waiting for PAY to respond,Timeout,2126,SES_001348,REQ_00002051,2026-09-12 12:27:53
EVT_002052,IF_ASM_002,ASM,MFG,API,REST,Warning,ASM_VAL_253,"WARNING: Validation failed for payload from ASM (degraded, retrying)",Validation,995,SES_001349,REQ_00002052,2026-09-10 08:35:03
EVT_002053,IF_ORD_001,ORD,MFG,MsgBus,Async,Failed,ORD_NET_254,Network error contacting MFG: connection reset,Network,1223,SES_001350,REQ_00002053,2026-09-15 17:35:14
EVT_002054,IF_MFG_003,MFG,DLV,ESB,CDC,Warning,MFG_INFRA_255,"WARNING: Infrastructure fault on MFG: node unavailable (degraded, retrying)",Infrastructure,2322,SES_001350,REQ_00002054,2026-09-15 17:38:23
EVT_002055,IF_PRC_001,PRC,MFG,ESB,SOAP,Failed,PRC_DB_256,Database PRC operation failed: connection pool exhausted,Database,1945,SES_001351,REQ_00002055,2026-09-10 21:45:03
EVT_002056,IF_DLV_001,DLV,ORD,API,REST,Failed,DLV_VAL_257,Validation failed for payload from DLV,Validation,2030,SES_001352,REQ_00002056,2026-09-12 07:03:52
EVT_002057,IF_ORD_004,ORD,DLV,ESB,Batch,Warning,ORD_CAP_258,"WARNING: Capacity limit reached on ORD: request throttled (degraded, retrying)",Capacity,3240,SES_001352,REQ_00002057,2026-09-12 07:05:34
EVT_002058,IF_PAY_001,PAY,ORD,API,REST,Failed,PAY_AUTH_259,Authentication rejected between PAY and ORD,Authentication,716,SES_001353,REQ_00002058,2026-09-16 13:22:28
EVT_002059,IF_DLV_001,DLV,ORD,API,REST,Failed,DLV_EXT_260,External service ORD returned an error response,ExternalService,1346,SES_001354,REQ_00002059,2026-09-12 09:42:51
EVT_002060,IF_PAY_001,PAY,ORD,API,REST,Failed,PAY_AUTHZ_261,Authorization denied for PAY->ORD request,Authorization,788,SES_001355,REQ_00002060,2026-09-12 17:56:25
EVT_002061,IF_ORD_001,ORD,MFG,MsgBus,Async,Failed,ORD_EXT_262,External service MFG returned an error response,ExternalService,1126,SES_001356,REQ_00002061,2026-09-15 17:01:02
EVT_002062,IF_MFG_003,MFG,DLV,ESB,CDC,Warning,MFG_CAP_263,"WARNING: Capacity limit reached on MFG: request throttled (degraded, retrying)",Capacity,2065,SES_001356,REQ_00002062,2026-09-15 17:02:03
EVT_002063,IF_ORD_003,ORD,PRC,ESB,SOAP,Failed,ORD_VAL_264,Validation failed for payload from ORD,Validation,701,SES_001357,REQ_00002063,2026-09-12 06:47:41
EVT_002064,IF_PRC_002,PRC,ASM,MsgBus,Async,Failed,PRC_NET_265,Network error contacting ASM: connection reset,Network,1802,SES_001358,REQ_00002064,2026-09-16 15:44:17
EVT_002065,IF_ASM_002,ASM,MFG,API,REST,Failed,ASM_EXT_266,External service MFG returned an error response,ExternalService,5220,SES_001358,REQ_00002065,2026-09-16 15:48:33
EVT_002066,IF_ASM_001,ASM,DLV,ESB,Batch,Failed,ASM_NET_267,Network error contacting DLV: connection reset,Network,1466,SES_001358,REQ_00002066,2026-09-16 15:48:31
EVT_002067,IF_MFG_001,MFG,ASM,MsgBus,Async,Warning,MFG_NET_268,"WARNING: Network error contacting ASM: connection reset (degraded, retrying)",Network,2071,SES_001359,REQ_00002067,2026-09-15 09:26:24
EVT_002068,IF_ASM_002,ASM,MFG,API,REST,Failed,ASM_TMO_269,Timeout waiting for MFG to respond,Timeout,3779,SES_001359,REQ_00002068,2026-09-15 09:28:52
EVT_002069,IF_ASM_001,ASM,DLV,ESB,Batch,Failed,ASM_AUTHZ_270,Authorization denied for ASM->DLV request,Authorization,1255,SES_001359,REQ_00002069,2026-09-15 09:28:25
EVT_002070,IF_MFG_001,MFG,ASM,MsgBus,Async,Failed,MFG_NET_271,Network error contacting ASM: connection reset,Network,3737,SES_001360,REQ_00002070,2026-09-15 21:42:37
EVT_002071,IF_ASM_001,ASM,DLV,ESB,Batch,Failed,ASM_INFRA_272,Infrastructure fault on ASM: node unavailable,Infrastructure,639,SES_001360,REQ_00002071,2026-09-15 21:46:19
EVT_002072,IF_DLV_001,DLV,ORD,API,REST,Failed,DLV_EXT_273,External service ORD returned an error response,ExternalService,1056,SES_001361,REQ_00002072,2026-09-14 13:57:34
EVT_002073,IF_ORD_003,ORD,PRC,ESB,SOAP,Warning,ORD_VAL_274,"WARNING: Validation failed for payload from ORD (degraded, retrying)",Validation,1582,SES_001362,REQ_00002073,2026-09-10 15:42:40
EVT_002074,IF_PRC_001,PRC,MFG,ESB,SOAP,Warning,PRC_TMO_275,"WARNING: Timeout waiting for MFG to respond (degraded, retrying)",Timeout,3643,SES_001362,REQ_00002074,2026-09-10 15:43:39
EVT_002075,IF_MFG_003,MFG,DLV,ESB,CDC,Failed,MFG_NET_276,Network error contacting DLV: connection reset,Network,7331,SES_001363,REQ_00002075,2026-09-14 13:37:18
EVT_002076,IF_ORD_001,ORD,MFG,MsgBus,Async,Warning,ORD_AUTHZ_277,"WARNING: Authorization denied for ORD->MFG request (degraded, retrying)",Authorization,574,SES_001364,REQ_00002076,2026-09-12 13:10:48
EVT_002077,IF_MFG_001,MFG,ASM,MsgBus,Async,Failed,MFG_VAL_278,Validation failed for payload from MFG,Validation,858,SES_001364,REQ_00002077,2026-09-12 13:14:34
EVT_002078,IF_MFG_003,MFG,DLV,ESB,CDC,Warning,MFG_EXT_279,"WARNING: External service DLV returned an error response (degraded, retrying)",ExternalService,4503,SES_001364,REQ_00002078,2026-09-12 13:13:02
EVT_002079,IF_ORD_002,ORD,PAY,API,REST,Failed,ORD_AUTH_280,Authentication rejected between ORD and PAY,Authentication,1893,SES_001365,REQ_00002079,2026-09-10 17:11:53
EVT_002080,IF_PAY_002,PAY,PRC,API,REST,Failed,PAY_CAP_281,Capacity limit reached on PAY: request throttled,Capacity,3211,SES_001365,REQ_00002080,2026-09-10 17:14:13
EVT_002081,IF_PAY_001,PAY,ORD,API,REST,Warning,PAY_EXT_282,"WARNING: External service ORD returned an error response (degraded, retrying)",ExternalService,1359,SES_001365,REQ_00002081,2026-09-10 17:16:13
EVT_002082,IF_ORD_003,ORD,PRC,ESB,SOAP,Failed,ORD_CFG_283,Configuration mismatch on ORD endpoint,Configuration,1670,SES_001366,REQ_00002082,2026-09-16 13:40:03
EVT_002083,IF_PAY_001,PAY,ORD,API,REST,Failed,PAY_VAL_284,Validation failed for payload from PAY,Validation,833,SES_001367,REQ_00002083,2026-09-16 14:07:22
EVT_002084,IF_ORD_002,ORD,PAY,API,REST,Warning,ORD_TMO_285,"WARNING: Timeout waiting for PAY to respond (degraded, retrying)",Timeout,1363,SES_001367,REQ_00002084,2026-09-16 14:10:37
EVT_002085,IF_ORD_001,ORD,MFG,MsgBus,Async,Warning,ORD_DB_286,"WARNING: Database ORD operation failed: connection pool exhausted (degraded, retrying)",Database,1824,SES_001367,REQ_00002085,2026-09-16 14:10:47
EVT_002086,IF_PAY_001,PAY,ORD,API,REST,Failed,PAY_AUTH_287,Authentication rejected between PAY and ORD,Authentication,1068,SES_001368,REQ_00002086,2026-09-15 15:53:39
EVT_002087,IF_ORD_001,ORD,MFG,MsgBus,Async,Warning,ORD_INFRA_288,"WARNING: Infrastructure fault on ORD: node unavailable (degraded, retrying)",Infrastructure,1164,SES_001368,REQ_00002087,2026-09-15 15:54:14
EVT_002088,IF_MFG_001,MFG,ASM,MsgBus,Async,Failed,MFG_VAL_289,Validation failed for payload from MFG,Validation,787,SES_001369,REQ_00002088,2026-09-12 14:15:52
EVT_002089,IF_PAY_001,PAY,ORD,API,REST,Warning,PAY_CFG_290,"WARNING: Configuration mismatch on PAY endpoint (degraded, retrying)",Configuration,633,SES_001370,REQ_00002089,2026-09-16 16:17:34
EVT_002090,IF_ORD_001,ORD,MFG,MsgBus,Async,Failed,ORD_VAL_291,Validation failed for payload from ORD,Validation,676,SES_001370,REQ_00002090,2026-09-16 16:18:53
EVT_002091,IF_ORD_004,ORD,DLV,ESB,Batch,Warning,ORD_NET_292,"WARNING: Network error contacting DLV: connection reset (degraded, retrying)",Network,14988,SES_001370,REQ_00002091,2026-09-16 16:21:13
EVT_002092,IF_ORD_003,ORD,PRC,ESB,SOAP,Warning,ORD_CAP_293,"WARNING: Capacity limit reached on ORD: request throttled (degraded, retrying)",Capacity,1218,SES_001371,REQ_00002092,2026-09-10 14:48:46
EVT_002093,IF_ORD_002,ORD,PAY,API,REST,Warning,ORD_DB_294,"WARNING: Database ORD operation failed: connection pool exhausted (degraded, retrying)",Database,999,SES_001372,REQ_00002093,2026-09-11 16:06:14
EVT_002094,IF_PAY_001,PAY,ORD,API,REST,Warning,PAY_EXT_295,"WARNING: External service ORD returned an error response (degraded, retrying)",ExternalService,985,SES_001372,REQ_00002094,2026-09-11 16:11:00
EVT_002095,IF_PAY_002,PAY,PRC,API,REST,Failed,PAY_AUTHZ_296,Authorization denied for PAY->PRC request,Authorization,3919,SES_001372,REQ_00002095,2026-09-11 16:06:27
EVT_002096,IF_MFG_001,MFG,ASM,MsgBus,Async,Failed,MFG_DB_297,Database MFG operation failed: connection pool exhausted,Database,3388,SES_001373,REQ_00002096,2026-09-12 13:16:07
EVT_002097,IF_ASM_001,ASM,DLV,ESB,Batch,Warning,ASM_TMO_298,"WARNING: Timeout waiting for DLV to respond (degraded, retrying)",Timeout,3455,SES_001373,REQ_00002097,2026-09-12 13:16:41
EVT_002098,IF_ASM_002,ASM,MFG,API,REST,Failed,ASM_INFRA_299,Infrastructure fault on ASM: node unavailable,Infrastructure,2750,SES_001373,REQ_00002098,2026-09-12 13:16:42
EVT_002099,IF_PRC_002,PRC,ASM,MsgBus,Async,Warning,PRC_DB_300,"WARNING: Database PRC operation failed: connection pool exhausted (degraded, retrying)",Database,3368,SES_001374,REQ_00002099,2026-09-14 16:40:02
EVT_002100,IF_PAY_001,PAY,ORD,API,REST,Warning,PAY_NET_301,"WARNING: Network error contacting ORD: connection reset (degraded, retrying)",Network,1676,SES_001375,REQ_00002100,2026-09-10 10:28:17
EVT_002101,IF_PAY_001,PAY,ORD,API,REST,Warning,PAY_CAP_302,"WARNING: Capacity limit reached on PAY: request throttled (degraded, retrying)",Capacity,755,SES_001376,REQ_00002101,2026-09-13 15:16:34
EVT_002102,IF_ORD_003,ORD,PRC,ESB,SOAP,Failed,ORD_CAP_303,Capacity limit reached on ORD: request throttled,Capacity,1068,SES_001377,REQ_00002102,2026-09-13 15:35:28
EVT_002103,IF_PRC_001,PRC,MFG,ESB,SOAP,Failed,PRC_DB_304,Database PRC operation failed: connection pool exhausted,Database,1215,SES_001377,REQ_00002103,2026-09-13 15:38:10
EVT_002104,IF_PRC_002,PRC,ASM,MsgBus,Async,Warning,PRC_TMO_305,"WARNING: Timeout waiting for ASM to respond (degraded, retrying)",Timeout,3734,SES_001377,REQ_00002104,2026-09-13 15:37:02
EVT_002105,IF_ORD_001,ORD,MFG,MsgBus,Async,Failed,ORD_EXT_306,External service MFG returned an error response,ExternalService,2158,SES_001378,REQ_00002105,2026-09-13 18:02:22
EVT_002106,IF_PAY_001,PAY,ORD,API,REST,Failed,PAY_INFRA_307,Infrastructure fault on PAY: node unavailable,Infrastructure,400,SES_001379,REQ_00002106,2026-09-16 14:25:13
EVT_002107,IF_ORD_002,ORD,PAY,API,REST,Warning,ORD_DB_308,"WARNING: Database ORD operation failed: connection pool exhausted (degraded, retrying)",Database,1383,SES_001379,REQ_00002107,2026-09-16 14:29:23
EVT_002108,IF_ORD_001,ORD,MFG,MsgBus,Async,Failed,ORD_AUTH_309,Authentication rejected between ORD and MFG,Authentication,744,SES_001379,REQ_00002108,2026-09-16 14:27:49
EVT_002109,IF_ORD_004,ORD,DLV,ESB,Batch,Warning,ORD_AUTH_310,"WARNING: Authentication rejected between ORD and DLV (degraded, retrying)",Authentication,4642,SES_001380,REQ_00002109,2026-09-11 06:58:24
EVT_002110,IF_PAY_001,PAY,ORD,API,REST,Failed,PAY_INFRA_311,Infrastructure fault on PAY: node unavailable,Infrastructure,331,SES_001381,REQ_00002110,2026-09-13 12:26:03
EVT_002111,IF_ORD_001,ORD,MFG,MsgBus,Async,Warning,ORD_DB_312,"WARNING: Database ORD operation failed: connection pool exhausted (degraded, retrying)",Database,1348,SES_001381,REQ_00002111,2026-09-13 12:29:51
EVT_002112,IF_ORD_004,ORD,DLV,ESB,Batch,Failed,ORD_CFG_313,Configuration mismatch on ORD endpoint,Configuration,2961,SES_001381,REQ_00002112,2026-09-13 12:28:42
EVT_002113,IF_DLV_001,DLV,ORD,API,REST,Failed,DLV_EXT_314,External service ORD returned an error response,ExternalService,3396,SES_001382,REQ_00002113,2026-09-14 05:08:15
EVT_002114,IF_ORD_003,ORD,PRC,ESB,SOAP,Failed,ORD_AUTHZ_315,Authorization denied for ORD->PRC request,Authorization,1505,SES_001383,REQ_00002114,2026-09-11 16:21:44
EVT_002115,IF_ORD_002,ORD,PAY,API,REST,Failed,ORD_INFRA_316,Infrastructure fault on ORD: node unavailable,Infrastructure,441,SES_001384,REQ_00002115,2026-09-10 15:43:27
EVT_002116,IF_ASM_001,ASM,DLV,ESB,Batch,Failed,ASM_EXT_317,External service DLV returned an error response,ExternalService,1282,SES_001385,REQ_00002116,2026-09-13 12:56:30
EVT_002117,IF_DLV_002,DLV,PAY,MsgBus,Async,Warning,DLV_NET_318,"WARNING: Network error contacting PAY: connection reset (degraded, retrying)",Network,2326,SES_001385,REQ_00002117,2026-09-13 12:57:12
EVT_002118,IF_ASM_002,ASM,MFG,API,REST,Warning,ASM_DB_319,"WARNING: Database ASM operation failed: connection pool exhausted (degraded, retrying)",Database,1529,SES_001386,REQ_00002118,2026-09-16 13:16:34
EVT_002119,IF_PRC_001,PRC,MFG,ESB,SOAP,Failed,PRC_VAL_320,Validation failed for payload from PRC,Validation,791,SES_001387,REQ_00002119,2026-09-10 13:33:25
EVT_002120,IF_MFG_001,MFG,ASM,MsgBus,Async,Failed,MFG_AUTH_321,Authentication rejected between MFG and ASM,Authentication,1269,SES_001387,REQ_00002120,2026-09-10 13:33:33
EVT_002121,IF_MFG_003,MFG,DLV,ESB,CDC,Failed,MFG_INFRA_322,Infrastructure fault on MFG: node unavailable,Infrastructure,3115,SES_001387,REQ_00002121,2026-09-10 13:36:56
EVT_002122,IF_ORD_001,ORD,MFG,MsgBus,Async,Failed,ORD_CFG_323,Configuration mismatch on ORD endpoint,Configuration,908,SES_001388,REQ_00002122,2026-09-11 16:58:10
EVT_002123,IF_MFG_001,MFG,ASM,MsgBus,Async,Failed,MFG_VAL_324,Validation failed for payload from MFG,Validation,672,SES_001388,REQ_00002123,2026-09-11 17:01:29
EVT_002124,IF_MFG_003,MFG,DLV,ESB,CDC,Warning,MFG_AUTH_325,"WARNING: Authentication rejected between MFG and DLV (degraded, retrying)",Authentication,3175,SES_001388,REQ_00002124,2026-09-11 16:59:38
EVT_002125,IF_ASM_001,ASM,DLV,ESB,Batch,Failed,ASM_AUTH_326,Authentication rejected between ASM and DLV,Authentication,1143,SES_001389,REQ_00002125,2026-09-11 09:35:44
EVT_002126,IF_ORD_003,ORD,PRC,ESB,SOAP,Failed,ORD_TMO_327,Timeout waiting for PRC to respond,Timeout,2331,SES_001390,REQ_00002126,2026-09-10 05:27:16
EVT_002127,IF_MFG_003,MFG,DLV,ESB,CDC,Warning,MFG_AUTH_328,"WARNING: Authentication rejected between MFG and DLV (degraded, retrying)",Authentication,2747,SES_001391,REQ_00002127,2026-09-10 09:12:09
EVT_002128,IF_DLV_001,DLV,ORD,API,REST,Failed,DLV_TMO_329,Timeout waiting for ORD to respond,Timeout,3468,SES_001392,REQ_00002128,2026-09-13 15:39:46
EVT_002129,IF_ORD_001,ORD,MFG,MsgBus,Async,Warning,ORD_CFG_330,"WARNING: Configuration mismatch on ORD endpoint (degraded, retrying)",Configuration,795,SES_001392,REQ_00002129,2026-09-13 15:43:58
EVT_002130,IF_DLV_002,DLV,PAY,MsgBus,Async,Failed,DLV_DB_331,Database DLV operation failed: connection pool exhausted,Database,8172,SES_001393,REQ_00002130,2026-09-13 15:52:04
EVT_002131,IF_ORD_003,ORD,PRC,ESB,SOAP,Warning,ORD_CFG_332,"WARNING: Configuration mismatch on ORD endpoint (degraded, retrying)",Configuration,489,SES_001394,REQ_00002131,2026-09-13 21:52:02
EVT_002132,IF_DLV_001,DLV,ORD,API,REST,Failed,DLV_CFG_333,Configuration mismatch on DLV endpoint,Configuration,1096,SES_001395,REQ_00002132,2026-09-11 11:34:32
EVT_002133,IF_ORD_002,ORD,PAY,API,REST,Warning,ORD_VAL_334,"WARNING: Validation failed for payload from ORD (degraded, retrying)",Validation,423,SES_001395,REQ_00002133,2026-09-11 11:37:56
EVT_002134,IF_ORD_003,ORD,PRC,ESB,SOAP,Warning,ORD_AUTHZ_335,"WARNING: Authorization denied for ORD->PRC request (degraded, retrying)",Authorization,763,SES_001396,REQ_00002134,2026-09-16 12:11:17
EVT_002135,IF_MFG_002,MFG,PRC,API,REST,Failed,MFG_CAP_336,Capacity limit reached on MFG: request throttled,Capacity,1852,SES_001397,REQ_00002135,2026-09-11 17:56:23
EVT_002136,IF_MFG_003,MFG,DLV,ESB,CDC,Warning,MFG_AUTHZ_337,"WARNING: Authorization denied for MFG->DLV request (degraded, retrying)",Authorization,1478,SES_001398,REQ_00002136,2026-09-10 15:41:48
EVT_002137,IF_DLV_001,DLV,ORD,API,REST,Failed,DLV_CAP_338,Capacity limit reached on DLV: request throttled,Capacity,1451,SES_001398,REQ_00002137,2026-09-10 15:46:25
EVT_002138,IF_DLV_002,DLV,PAY,MsgBus,Async,Warning,DLV_INFRA_339,"WARNING: Infrastructure fault on DLV: node unavailable (degraded, retrying)",Infrastructure,3023,SES_001398,REQ_00002138,2026-09-10 15:46:20
EVT_002139,IF_PRC_002,PRC,ASM,MsgBus,Async,Failed,PRC_TMO_340,Timeout waiting for ASM to respond,Timeout,1198,SES_001399,REQ_00002139,2026-09-14 06:20:30
EVT_002140,IF_ORD_001,ORD,MFG,MsgBus,Async,Warning,ORD_CAP_341,"WARNING: Capacity limit reached on ORD: request throttled (degraded, retrying)",Capacity,585,SES_001400,REQ_00002140,2026-09-12 12:02:51
EVT_002141,IF_DLV_001,DLV,ORD,API,REST,Warning,DLV_CAP_342,"WARNING: Capacity limit reached on DLV: request throttled (degraded, retrying)",Capacity,989,SES_001401,REQ_00002141,2026-09-11 10:57:13
EVT_002142,IF_ORD_002,ORD,PAY,API,REST,Warning,ORD_EXT_343,"WARNING: External service PAY returned an error response (degraded, retrying)",ExternalService,1878,SES_001401,REQ_00002142,2026-09-11 11:01:56
EVT_002143,IF_DLV_001,DLV,ORD,API,REST,Warning,DLV_CAP_344,"WARNING: Capacity limit reached on DLV: request throttled (degraded, retrying)",Capacity,1118,SES_001402,REQ_00002143,2026-09-14 10:11:33
EVT_002144,IF_ORD_002,ORD,PAY,API,REST,Warning,ORD_DB_345,"WARNING: Database ORD operation failed: connection pool exhausted (degraded, retrying)",Database,504,SES_001402,REQ_00002144,2026-09-14 10:13:09
EVT_002145,IF_ORD_001,ORD,MFG,MsgBus,Async,Failed,ORD_CAP_346,Capacity limit reached on ORD: request throttled,Capacity,857,SES_001403,REQ_00002145,2026-09-13 13:24:07
EVT_002146,IF_PRC_002,PRC,ASM,MsgBus,Async,Warning,PRC_CFG_347,"WARNING: Configuration mismatch on PRC endpoint (degraded, retrying)",Configuration,897,SES_001404,REQ_00002146,2026-09-13 16:07:00
EVT_002147,IF_ASM_002,ASM,MFG,API,REST,Failed,ASM_NET_348,Network error contacting MFG: connection reset,Network,4300,SES_001404,REQ_00002147,2026-09-13 16:09:45
EVT_002148,IF_ASM_001,ASM,DLV,ESB,Batch,Warning,ASM_VAL_349,"WARNING: Validation failed for payload from ASM (degraded, retrying)",Validation,1219,SES_001404,REQ_00002148,2026-09-13 16:11:09
EVT_002149,IF_DLV_001,DLV,ORD,API,REST,Warning,DLV_DB_350,"WARNING: Database DLV operation failed: connection pool exhausted (degraded, retrying)",Database,910,SES_001405,REQ_00002149,2026-09-12 12:37:20
EVT_002150,IF_ORD_002,ORD,PAY,API,REST,Failed,ORD_AUTH_351,Authentication rejected between ORD and PAY,Authentication,1074,SES_001406,REQ_00002150,2026-09-13 17:25:58
EVT_002151,IF_DLV_002,DLV,PAY,MsgBus,Async,Failed,DLV_EXT_352,External service PAY returned an error response,ExternalService,7342,SES_001407,REQ_00002151,2026-09-13 17:21:01
EVT_002152,IF_PAY_001,PAY,ORD,API,REST,Failed,PAY_NET_353,Network error contacting ORD: connection reset,Network,1557,SES_001408,REQ_00002152,2026-09-10 07:57:41
EVT_002153,IF_PRC_001,PRC,MFG,ESB,SOAP,Failed,PRC_EXT_354,External service MFG returned an error response,ExternalService,2650,SES_001409,REQ_00002153,2026-09-11 21:00:51
EVT_002154,IF_MFG_001,MFG,ASM,MsgBus,Async,Failed,MFG_VAL_355,Validation failed for payload from MFG,Validation,1740,SES_001410,REQ_00002154,2026-09-16 14:02:33
EVT_002155,IF_ASM_001,ASM,DLV,ESB,Batch,Failed,ASM_EXT_356,External service DLV returned an error response,ExternalService,1354,SES_001411,REQ_00002155,2026-09-12 14:24:34
EVT_002156,IF_PRC_002,PRC,ASM,MsgBus,Async,Warning,PRC_CAP_357,"WARNING: Capacity limit reached on PRC: request throttled (degraded, retrying)",Capacity,591,SES_001412,REQ_00002156,2026-09-14 10:27:35
EVT_002157,IF_PAY_001,PAY,ORD,API,REST,Failed,PAY_CAP_358,Capacity limit reached on PAY: request throttled,Capacity,663,SES_001413,REQ_00002157,2026-09-15 13:39:04
EVT_002158,IF_ASM_001,ASM,DLV,ESB,Batch,Failed,ASM_DB_359,Database ASM operation failed: connection pool exhausted,Database,4179,SES_001414,REQ_00002158,2026-09-14 12:24:01
EVT_002159,IF_PRC_002,PRC,ASM,MsgBus,Async,Warning,PRC_INFRA_360,"WARNING: Infrastructure fault on PRC: node unavailable (degraded, retrying)",Infrastructure,906,SES_001415,REQ_00002159,2026-09-12 12:40:33
EVT_002160,IF_ASM_002,ASM,MFG,API,REST,Failed,ASM_TMO_361,Timeout waiting for MFG to respond,Timeout,3215,SES_001415,REQ_00002160,2026-09-12 12:41:46
EVT_002161,IF_ASM_001,ASM,DLV,ESB,Batch,Warning,ASM_TMO_362,"WARNING: Timeout waiting for DLV to respond (degraded, retrying)",Timeout,3819,SES_001415,REQ_00002161,2026-09-12 12:41:35
EVT_002162,IF_ASM_002,ASM,MFG,API,REST,Failed,ASM_VAL_363,Validation failed for payload from ASM,Validation,6207,SES_001416,REQ_00002162,2026-09-13 11:38:11
EVT_002163,IF_ORD_002,ORD,PAY,API,REST,Warning,ORD_AUTHZ_364,"WARNING: Authorization denied for ORD->PAY request (degraded, retrying)",Authorization,1036,SES_001417,REQ_00002163,2026-09-11 12:11:10
EVT_002164,IF_MFG_003,MFG,DLV,ESB,CDC,Failed,MFG_VAL_365,Validation failed for payload from MFG,Validation,2239,SES_001418,REQ_00002164,2026-09-12 16:23:17
EVT_002165,IF_PRC_001,PRC,MFG,ESB,SOAP,Failed,PRC_CAP_366,Capacity limit reached on PRC: request throttled,Capacity,812,SES_001419,REQ_00002165,2026-09-16 06:27:49
EVT_002166,IF_MFG_003,MFG,DLV,ESB,CDC,Failed,MFG_EXT_367,External service DLV returned an error response,ExternalService,3051,SES_001420,REQ_00002166,2026-09-16 00:36:01
EVT_002167,IF_DLV_001,DLV,ORD,API,REST,Warning,DLV_INFRA_368,"WARNING: Infrastructure fault on DLV: node unavailable (degraded, retrying)",Infrastructure,784,SES_001420,REQ_00002167,2026-09-16 00:39:58
EVT_002168,IF_MFG_001,MFG,ASM,MsgBus,Async,Warning,MFG_AUTH_369,"WARNING: Authentication rejected between MFG and ASM (degraded, retrying)",Authentication,3204,SES_001421,REQ_00002168,2026-09-11 13:58:35
EVT_002169,IF_ORD_003,ORD,PRC,ESB,SOAP,Failed,ORD_NET_370,Network error contacting PRC: connection reset,Network,1288,SES_001422,REQ_00002169,2026-09-16 13:10:44
EVT_002170,IF_PAY_001,PAY,ORD,API,REST,Failed,PAY_DB_371,Database PAY operation failed: connection pool exhausted,Database,1675,SES_001423,REQ_00002170,2026-09-14 19:50:49
EVT_002171,IF_PRC_002,PRC,ASM,MsgBus,Async,Warning,PRC_CAP_372,"WARNING: Capacity limit reached on PRC: request throttled (degraded, retrying)",Capacity,663,SES_001424,REQ_00002171,2026-09-16 20:05:07
EVT_002172,IF_PAY_001,PAY,ORD,API,REST,Warning,PAY_DB_373,"WARNING: Database PAY operation failed: connection pool exhausted (degraded, retrying)",Database,1610,SES_001425,REQ_00002172,2026-09-16 15:20:11
EVT_002173,IF_ORD_002,ORD,PAY,API,REST,Failed,ORD_TMO_374,Timeout waiting for PAY to respond,Timeout,587,SES_001426,REQ_00002173,2026-09-16 12:52:36
EVT_002174,IF_PAY_002,PAY,PRC,API,REST,Warning,PAY_NET_375,"WARNING: Network error contacting PRC: connection reset (degraded, retrying)",Network,6800,SES_001426,REQ_00002174,2026-09-16 12:56:45
EVT_002175,IF_ORD_003,ORD,PRC,ESB,SOAP,Warning,ORD_INFRA_376,"WARNING: Infrastructure fault on ORD: node unavailable (degraded, retrying)",Infrastructure,1406,SES_001427,REQ_00002175,2026-09-12 14:20:44
EVT_002176,IF_PAY_001,PAY,ORD,API,REST,Failed,PAY_AUTH_377,Authentication rejected between PAY and ORD,Authentication,543,SES_001428,REQ_00002176,2026-09-14 14:55:54
EVT_002177,IF_ORD_002,ORD,PAY,API,REST,Warning,ORD_AUTH_378,"WARNING: Authentication rejected between ORD and PAY (degraded, retrying)",Authentication,2258,SES_001428,REQ_00002177,2026-09-14 14:59:58
EVT_002178,IF_PAY_001,PAY,ORD,API,REST,Failed,PAY_VAL_379,Validation failed for payload from PAY,Validation,851,SES_001429,REQ_00002178,2026-09-15 16:02:16
EVT_002179,IF_PAY_002,PAY,PRC,API,REST,Warning,PAY_AUTHZ_380,"WARNING: Authorization denied for PAY->PRC request (degraded, retrying)",Authorization,1950,SES_001430,REQ_00002179,2026-09-10 13:18:13
EVT_002180,IF_PAY_001,PAY,ORD,API,REST,Failed,PAY_AUTH_381,Authentication rejected between PAY and ORD,Authentication,1103,SES_001431,REQ_00002180,2026-09-11 11:58:09
EVT_002181,IF_ORD_004,ORD,DLV,ESB,Batch,Warning,ORD_AUTH_382,"WARNING: Authentication rejected between ORD and DLV (degraded, retrying)",Authentication,5223,SES_001432,REQ_00002181,2026-09-13 09:35:14
EVT_002182,IF_MFG_003,MFG,DLV,ESB,CDC,Warning,MFG_AUTH_383,"WARNING: Authentication rejected between MFG and DLV (degraded, retrying)",Authentication,3856,SES_001433,REQ_00002182,2026-09-11 11:14:24
EVT_002183,IF_DLV_001,DLV,ORD,API,REST,Failed,DLV_EXT_384,External service ORD returned an error response,ExternalService,1926,SES_001433,REQ_00002183,2026-09-11 11:16:47
EVT_002184,IF_DLV_002,DLV,PAY,MsgBus,Async,Warning,DLV_EXT_385,"WARNING: External service PAY returned an error response (degraded, retrying)",ExternalService,2708,SES_001433,REQ_00002184,2026-09-11 11:17:26
EVT_002185,IF_PRC_002,PRC,ASM,MsgBus,Async,Failed,PRC_AUTHZ_386,Authorization denied for PRC->ASM request,Authorization,760,SES_001434,REQ_00002185,2026-09-15 17:38:02
EVT_002186,IF_DLV_002,DLV,PAY,MsgBus,Async,Failed,DLV_NET_387,Network error contacting PAY: connection reset,Network,7481,SES_001435,REQ_00002186,2026-09-15 04:38:06
EVT_002187,IF_ORD_002,ORD,PAY,API,REST,Warning,ORD_TMO_388,"WARNING: Timeout waiting for PAY to respond (degraded, retrying)",Timeout,1971,SES_001436,REQ_00002187,2026-09-13 08:43:01
EVT_002188,IF_PAY_002,PAY,PRC,API,REST,Failed,PAY_AUTHZ_389,Authorization denied for PAY->PRC request,Authorization,3652,SES_001436,REQ_00002188,2026-09-13 08:46:12
EVT_002189,IF_PAY_001,PAY,ORD,API,REST,Failed,PAY_DB_390,Database PAY operation failed: connection pool exhausted,Database,1837,SES_001436,REQ_00002189,2026-09-13 08:43:45
EVT_002190,IF_ASM_002,ASM,MFG,API,REST,Failed,ASM_DB_391,Database ASM operation failed: connection pool exhausted,Database,1550,SES_001437,REQ_00002190,2026-09-11 12:20:50
EVT_002191,IF_ORD_001,ORD,MFG,MsgBus,Async,Failed,ORD_INFRA_392,Infrastructure fault on ORD: node unavailable,Infrastructure,1045,SES_001438,REQ_00002191,2026-09-15 19:05:20
EVT_002192,IF_MFG_001,MFG,ASM,MsgBus,Async,Warning,MFG_DB_393,"WARNING: Database MFG operation failed: connection pool exhausted (degraded, retrying)",Database,4053,SES_001439,REQ_00002192,2026-09-15 15:16:28
EVT_002193,IF_ASM_001,ASM,DLV,ESB,Batch,Warning,ASM_VAL_394,"WARNING: Validation failed for payload from ASM (degraded, retrying)",Validation,509,SES_001439,REQ_00002193,2026-09-15 15:17:36
EVT_002194,IF_ORD_001,ORD,MFG,MsgBus,Async,Failed,ORD_NET_395,Network error contacting MFG: connection reset,Network,553,SES_001440,REQ_00002194,2026-09-15 14:23:41
EVT_002195,IF_MFG_003,MFG,DLV,ESB,CDC,Warning,MFG_CAP_396,"WARNING: Capacity limit reached on MFG: request throttled (degraded, retrying)",Capacity,1184,SES_001440,REQ_00002195,2026-09-15 14:23:49
EVT_002196,IF_MFG_001,MFG,ASM,MsgBus,Async,Failed,MFG_CFG_397,Configuration mismatch on MFG endpoint,Configuration,1242,SES_001440,REQ_00002196,2026-09-15 14:24:47
EVT_002197,IF_ORD_001,ORD,MFG,MsgBus,Async,Failed,ORD_CAP_398,Capacity limit reached on ORD: request throttled,Capacity,1047,SES_001441,REQ_00002197,2026-09-15 21:18:04
EVT_002198,IF_ORD_002,ORD,PAY,API,REST,Failed,ORD_AUTHZ_399,Authorization denied for ORD->PAY request,Authorization,927,SES_001442,REQ_00002198,2026-09-12 18:39:57
EVT_002199,IF_PAY_001,PAY,ORD,API,REST,Failed,PAY_EXT_400,External service ORD returned an error response,ExternalService,1944,SES_001443,REQ_00002199,2026-09-14 11:02:23
EVT_002200,IF_MFG_003,MFG,DLV,ESB,CDC,Warning,MFG_VAL_401,"WARNING: Validation failed for payload from MFG (degraded, retrying)",Validation,1041,SES_001444,REQ_00002200,2026-09-15 03:36:27
EVT_002201,IF_DLV_002,DLV,PAY,MsgBus,Async,Warning,DLV_VAL_402,"WARNING: Validation failed for payload from DLV (degraded, retrying)",Validation,1540,SES_001445,REQ_00002201,2026-09-13 10:49:44
EVT_002202,IF_ORD_003,ORD,PRC,ESB,SOAP,Failed,ORD_AUTHZ_403,Authorization denied for ORD->PRC request,Authorization,2860,SES_001446,REQ_00002202,2026-09-11 15:36:54
EVT_002203,IF_PAY_001,PAY,ORD,API,REST,Failed,PAY_AUTHZ_404,Authorization denied for PAY->ORD request,Authorization,1266,SES_001447,REQ_00002203,2026-09-16 17:10:21
EVT_002204,IF_ORD_003,ORD,PRC,ESB,SOAP,Failed,ORD_AUTH_405,Authentication rejected between ORD and PRC,Authentication,2304,SES_001448,REQ_00002204,2026-09-12 09:25:11
EVT_002205,IF_ORD_002,ORD,PAY,API,REST,Failed,ORD_NET_406,Network error contacting PAY: connection reset,Network,586,SES_001449,REQ_00002205,2026-09-15 16:14:50
EVT_002206,IF_PAY_002,PAY,PRC,API,REST,Warning,PAY_DB_407,"WARNING: Database PAY operation failed: connection pool exhausted (degraded, retrying)",Database,5432,SES_001449,REQ_00002206,2026-09-15 16:15:15
EVT_002207,IF_PAY_001,PAY,ORD,API,REST,Failed,PAY_VAL_408,Validation failed for payload from PAY,Validation,2236,SES_001449,REQ_00002207,2026-09-15 16:19:36
EVT_002208,IF_ORD_002,ORD,PAY,API,REST,Failed,ORD_DB_409,Database ORD operation failed: connection pool exhausted,Database,908,SES_001450,REQ_00002208,2026-09-10 07:25:28
EVT_002209,IF_PRC_002,PRC,ASM,MsgBus,Async,Warning,PRC_TMO_410,"WARNING: Timeout waiting for ASM to respond (degraded, retrying)",Timeout,1821,SES_001451,REQ_00002209,2026-09-13 11:56:36
EVT_002210,IF_ASM_002,ASM,MFG,API,REST,Warning,ASM_DB_411,"WARNING: Database ASM operation failed: connection pool exhausted (degraded, retrying)",Database,2596,SES_001451,REQ_00002210,2026-09-13 11:59:17
EVT_002211,IF_ASM_001,ASM,DLV,ESB,Batch,Failed,ASM_INFRA_412,Infrastructure fault on ASM: node unavailable,Infrastructure,1796,SES_001451,REQ_00002211,2026-09-13 12:00:12
EVT_002212,IF_ORD_002,ORD,PAY,API,REST,Failed,ORD_TMO_413,Timeout waiting for PAY to respond,Timeout,1832,SES_001452,REQ_00002212,2026-09-11 13:22:33
EVT_002213,IF_PAY_001,PAY,ORD,API,REST,Failed,PAY_INFRA_414,Infrastructure fault on PAY: node unavailable,Infrastructure,500,SES_001452,REQ_00002213,2026-09-11 13:23:21
EVT_002214,IF_PAY_002,PAY,PRC,API,REST,Failed,PAY_CAP_415,Capacity limit reached on PAY: request throttled,Capacity,3376,SES_001453,REQ_00002214,2026-09-10 09:27:44
EVT_002215,IF_DLV_002,DLV,PAY,MsgBus,Async,Warning,DLV_AUTHZ_416,"WARNING: Authorization denied for DLV->PAY request (degraded, retrying)",Authorization,2257,SES_001454,REQ_00002215,2026-09-14 16:33:36
EVT_002216,IF_PAY_001,PAY,ORD,API,REST,Failed,PAY_CAP_417,Capacity limit reached on PAY: request throttled,Capacity,1024,SES_001455,REQ_00002216,2026-09-14 12:34:23
EVT_002217,IF_PAY_001,PAY,ORD,API,REST,Failed,PAY_DB_418,Database PAY operation failed: connection pool exhausted,Database,1620,SES_001456,REQ_00002217,2026-09-13 09:44:06
EVT_002218,IF_MFG_001,MFG,ASM,MsgBus,Async,Failed,MFG_VAL_419,Validation failed for payload from MFG,Validation,2068,SES_001457,REQ_00002218,2026-09-13 13:51:44
EVT_002219,IF_ASM_001,ASM,DLV,ESB,Batch,Warning,ASM_AUTH_420,"WARNING: Authentication rejected between ASM and DLV (degraded, retrying)",Authentication,1489,SES_001457,REQ_00002219,2026-09-13 13:56:06
EVT_002220,IF_PRC_001,PRC,MFG,ESB,SOAP,Failed,PRC_INFRA_421,Infrastructure fault on PRC: node unavailable,Infrastructure,1426,SES_001458,REQ_00002220,2026-09-14 09:46:48
EVT_002221,IF_MFG_002,MFG,PRC,API,REST,Failed,MFG_AUTH_422,Authentication rejected between MFG and PRC,Authentication,1466,SES_001459,REQ_00002221,2026-09-15 19:14:08
EVT_002222,IF_ASM_001,ASM,DLV,ESB,Batch,Failed,ASM_NET_423,Network error contacting DLV: connection reset,Network,1088,SES_001460,REQ_00002222,2026-09-15 10:08:59
EVT_002223,IF_ORD_001,ORD,MFG,MsgBus,Async,Failed,ORD_DB_424,Database ORD operation failed: connection pool exhausted,Database,673,SES_001461,REQ_00002223,2026-09-14 14:12:44
EVT_002224,IF_ORD_002,ORD,PAY,API,REST,Failed,ORD_TMO_425,Timeout waiting for PAY to respond,Timeout,1237,SES_001462,REQ_00002224,2026-09-12 20:44:09
EVT_002225,IF_PAY_002,PAY,PRC,API,REST,Failed,PAY_DB_426,Database PAY operation failed: connection pool exhausted,Database,6921,SES_001462,REQ_00002225,2026-09-12 20:47:21
EVT_002226,IF_ORD_001,ORD,MFG,MsgBus,Async,Failed,ORD_CFG_427,Configuration mismatch on ORD endpoint,Configuration,322,SES_001463,REQ_00002226,2026-09-14 08:21:56
EVT_002227,IF_MFG_003,MFG,DLV,ESB,CDC,Warning,MFG_EXT_428,"WARNING: External service DLV returned an error response (degraded, retrying)",ExternalService,6501,SES_001463,REQ_00002227,2026-09-14 08:25:51
EVT_002228,IF_MFG_001,MFG,ASM,MsgBus,Async,Failed,MFG_DB_429,Database MFG operation failed: connection pool exhausted,Database,2757,SES_001463,REQ_00002228,2026-09-14 08:23:05
EVT_002229,IF_MFG_002,MFG,PRC,API,REST,Warning,MFG_TMO_430,"WARNING: Timeout waiting for PRC to respond (degraded, retrying)",Timeout,3501,SES_001464,REQ_00002229,2026-09-10 12:56:52
EVT_002230,IF_PRC_002,PRC,ASM,MsgBus,Async,Failed,PRC_DB_431,Database PRC operation failed: connection pool exhausted,Database,1651,SES_001464,REQ_00002230,2026-09-10 12:57:55
EVT_002231,IF_MFG_001,MFG,ASM,MsgBus,Async,Failed,MFG_INFRA_432,Infrastructure fault on MFG: node unavailable,Infrastructure,1451,SES_001465,REQ_00002231,2026-09-15 14:17:04
EVT_002232,IF_ASM_002,ASM,MFG,API,REST,Warning,ASM_DB_433,"WARNING: Database ASM operation failed: connection pool exhausted (degraded, retrying)",Database,3242,SES_001465,REQ_00002232,2026-09-15 14:21:15
EVT_002233,IF_ASM_001,ASM,DLV,ESB,Batch,Failed,ASM_EXT_434,External service DLV returned an error response,ExternalService,3298,SES_001465,REQ_00002233,2026-09-15 14:20:14
EVT_002234,IF_ORD_001,ORD,MFG,MsgBus,Async,Failed,ORD_EXT_435,External service MFG returned an error response,ExternalService,1697,SES_001466,REQ_00002234,2026-09-13 20:56:57
EVT_002235,IF_ASM_002,ASM,MFG,API,REST,Warning,ASM_AUTH_436,"WARNING: Authentication rejected between ASM and MFG (degraded, retrying)",Authentication,2062,SES_001467,REQ_00002235,2026-09-12 06:37:18
EVT_002236,IF_ORD_002,ORD,PAY,API,REST,Failed,ORD_EXT_437,External service PAY returned an error response,ExternalService,1002,SES_001468,REQ_00002236,2026-09-11 15:38:49
EVT_002237,IF_ORD_002,ORD,PAY,API,REST,Failed,ORD_NET_438,Network error contacting PAY: connection reset,Network,614,SES_001469,REQ_00002237,2026-09-11 12:08:54
EVT_002238,IF_PAY_001,PAY,ORD,API,REST,Failed,PAY_VAL_439,Validation failed for payload from PAY,Validation,876,SES_001469,REQ_00002238,2026-09-11 12:11:51
EVT_002239,IF_PRC_002,PRC,ASM,MsgBus,Async,Warning,PRC_DB_440,"WARNING: Database PRC operation failed: connection pool exhausted (degraded, retrying)",Database,2421,SES_001470,REQ_00002239,2026-09-11 08:32:54
EVT_002240,IF_MFG_003,MFG,DLV,ESB,CDC,Failed,MFG_CFG_441,Configuration mismatch on MFG endpoint,Configuration,3373,SES_001471,REQ_00002240,2026-09-15 14:47:39
EVT_002241,IF_ORD_003,ORD,PRC,ESB,SOAP,Failed,ORD_AUTHZ_442,Authorization denied for ORD->PRC request,Authorization,1807,SES_001472,REQ_00002241,2026-09-15 14:43:24
EVT_002242,IF_PAY_001,PAY,ORD,API,REST,Failed,PAY_VAL_443,Validation failed for payload from PAY,Validation,508,SES_001473,REQ_00002242,2026-09-12 20:11:56
EVT_002243,IF_ORD_001,ORD,MFG,MsgBus,Async,Warning,ORD_AUTHZ_444,"WARNING: Authorization denied for ORD->MFG request (degraded, retrying)",Authorization,782,SES_001474,REQ_00002243,2026-09-16 06:44:15
EVT_002244,IF_DLV_001,DLV,ORD,API,REST,Warning,DLV_EXT_445,"WARNING: External service ORD returned an error response (degraded, retrying)",ExternalService,3510,SES_001475,REQ_00002244,2026-09-12 21:17:23
EVT_002245,IF_ORD_001,ORD,MFG,MsgBus,Async,Failed,ORD_AUTHZ_446,Authorization denied for ORD->MFG request,Authorization,1077,SES_001475,REQ_00002245,2026-09-12 21:19:42
EVT_002246,IF_ORD_004,ORD,DLV,ESB,Batch,Warning,ORD_CAP_447,"WARNING: Capacity limit reached on ORD: request throttled (degraded, retrying)",Capacity,3388,SES_001475,REQ_00002246,2026-09-12 21:19:27
EVT_002247,IF_ASM_002,ASM,MFG,API,REST,Failed,ASM_NET_448,Network error contacting MFG: connection reset,Network,3546,SES_001476,REQ_00002247,2026-09-13 12:46:38
EVT_002248,IF_MFG_003,MFG,DLV,ESB,CDC,Warning,MFG_VAL_449,"WARNING: Validation failed for payload from MFG (degraded, retrying)",Validation,5393,SES_001476,REQ_00002248,2026-09-13 12:49:06
EVT_002249,IF_MFG_001,MFG,ASM,MsgBus,Async,Warning,MFG_AUTHZ_450,"WARNING: Authorization denied for MFG->ASM request (degraded, retrying)",Authorization,672,SES_001476,REQ_00002249,2026-09-13 12:49:16
EVT_002250,IF_PAY_001,PAY,ORD,API,REST,Failed,PAY_TMO_451,Timeout waiting for ORD to respond,Timeout,756,SES_001477,REQ_00002250,2026-09-11 11:23:36
EVT_002251,IF_ORD_001,ORD,MFG,MsgBus,Async,Warning,ORD_CAP_452,"WARNING: Capacity limit reached on ORD: request throttled (degraded, retrying)",Capacity,871,SES_001477,REQ_00002251,2026-09-11 11:25:40
EVT_002252,IF_ORD_001,ORD,MFG,MsgBus,Async,Warning,ORD_AUTH_453,"WARNING: Authentication rejected between ORD and MFG (degraded, retrying)",Authentication,656,SES_001478,REQ_00002252,2026-09-13 09:52:18
EVT_002253,IF_MFG_003,MFG,DLV,ESB,CDC,Warning,MFG_AUTHZ_454,"WARNING: Authorization denied for MFG->DLV request (degraded, retrying)",Authorization,3026,SES_001478,REQ_00002253,2026-09-13 09:53:19
EVT_002254,IF_MFG_001,MFG,ASM,MsgBus,Async,Warning,MFG_EXT_455,"WARNING: External service ASM returned an error response (degraded, retrying)",ExternalService,1527,SES_001478,REQ_00002254,2026-09-13 09:52:48
EVT_002255,IF_DLV_002,DLV,PAY,MsgBus,Async,Failed,DLV_NET_456,Network error contacting PAY: connection reset,Network,4625,SES_001479,REQ_00002255,2026-09-11 08:58:43
EVT_002256,IF_PAY_001,PAY,ORD,API,REST,Failed,PAY_NET_457,Network error contacting ORD: connection reset,Network,1872,SES_001480,REQ_00002256,2026-09-11 09:07:05
EVT_002257,IF_ORD_004,ORD,DLV,ESB,Batch,Warning,ORD_VAL_458,"WARNING: Validation failed for payload from ORD (degraded, retrying)",Validation,4690,SES_001480,REQ_00002257,2026-09-11 09:08:37
EVT_002258,IF_ORD_002,ORD,PAY,API,REST,Warning,ORD_TMO_459,"WARNING: Timeout waiting for PAY to respond (degraded, retrying)",Timeout,774,SES_001480,REQ_00002258,2026-09-11 09:11:22
EVT_002259,IF_ORD_001,ORD,MFG,MsgBus,Async,Failed,ORD_AUTHZ_460,Authorization denied for ORD->MFG request,Authorization,1020,SES_001481,REQ_00002259,2026-09-16 15:52:43
EVT_002260,IF_MFG_001,MFG,ASM,MsgBus,Async,Warning,MFG_EXT_461,"WARNING: External service ASM returned an error response (degraded, retrying)",ExternalService,2040,SES_001481,REQ_00002260,2026-09-16 15:56:36
EVT_002261,IF_MFG_003,MFG,DLV,ESB,CDC,Warning,MFG_DB_462,"WARNING: Database MFG operation failed: connection pool exhausted (degraded, retrying)",Database,2435,SES_001481,REQ_00002261,2026-09-16 15:54:21
EVT_002262,IF_MFG_001,MFG,ASM,MsgBus,Async,Failed,MFG_INFRA_463,Infrastructure fault on MFG: node unavailable,Infrastructure,1820,SES_001482,REQ_00002262,2026-09-15 17:59:48
EVT_002263,IF_ASM_001,ASM,DLV,ESB,Batch,Failed,ASM_DB_464,Database ASM operation failed: connection pool exhausted,Database,1003,SES_001482,REQ_00002263,2026-09-15 18:04:15
EVT_002264,IF_ASM_002,ASM,MFG,API,REST,Failed,ASM_INFRA_465,Infrastructure fault on ASM: node unavailable,Infrastructure,3838,SES_001482,REQ_00002264,2026-09-15 18:03:57
EVT_002265,IF_PAY_001,PAY,ORD,API,REST,Warning,PAY_CFG_466,"WARNING: Configuration mismatch on PAY endpoint (degraded, retrying)",Configuration,859,SES_001483,REQ_00002265,2026-09-13 15:12:07
EVT_002266,IF_ORD_004,ORD,DLV,ESB,Batch,Failed,ORD_DB_467,Database ORD operation failed: connection pool exhausted,Database,4885,SES_001483,REQ_00002266,2026-09-13 15:16:22
EVT_002267,IF_PRC_002,PRC,ASM,MsgBus,Async,Failed,PRC_DB_468,Database PRC operation failed: connection pool exhausted,Database,2612,SES_001484,REQ_00002267,2026-09-14 11:45:09
EVT_002268,IF_ORD_002,ORD,PAY,API,REST,Failed,ORD_CAP_469,Capacity limit reached on ORD: request throttled,Capacity,601,SES_001485,REQ_00002268,2026-09-16 13:15:22
EVT_002269,IF_ORD_002,ORD,PAY,API,REST,Warning,ORD_TMO_470,"WARNING: Timeout waiting for PAY to respond (degraded, retrying)",Timeout,824,SES_001486,REQ_00002269,2026-09-11 19:09:10
EVT_002270,IF_PAY_001,PAY,ORD,API,REST,Failed,PAY_CFG_471,Configuration mismatch on PAY endpoint,Configuration,945,SES_001487,REQ_00002270,2026-09-14 14:00:18
EVT_002271,IF_ORD_004,ORD,DLV,ESB,Batch,Warning,ORD_NET_472,"WARNING: Network error contacting DLV: connection reset (degraded, retrying)",Network,11620,SES_001487,REQ_00002271,2026-09-14 14:00:37
EVT_002272,IF_ORD_001,ORD,MFG,MsgBus,Async,Warning,ORD_INFRA_473,"WARNING: Infrastructure fault on ORD: node unavailable (degraded, retrying)",Infrastructure,489,SES_001487,REQ_00002272,2026-09-14 14:04:15
EVT_002273,IF_DLV_001,DLV,ORD,API,REST,Failed,DLV_DB_474,Database DLV operation failed: connection pool exhausted,Database,1181,SES_001488,REQ_00002273,2026-09-10 16:51:10
EVT_002274,IF_ORD_004,ORD,DLV,ESB,Batch,Failed,ORD_INFRA_475,Infrastructure fault on ORD: node unavailable,Infrastructure,5530,SES_001488,REQ_00002274,2026-09-10 16:55:57
EVT_002275,IF_PAY_001,PAY,ORD,API,REST,Warning,PAY_AUTH_476,"WARNING: Authentication rejected between PAY and ORD (degraded, retrying)",Authentication,581,SES_001489,REQ_00002275,2026-09-13 15:53:40
EVT_002276,IF_ORD_002,ORD,PAY,API,REST,Failed,ORD_CFG_477,Configuration mismatch on ORD endpoint,Configuration,1105,SES_001490,REQ_00002276,2026-09-11 11:48:16
EVT_002277,IF_PAY_002,PAY,PRC,API,REST,Failed,PAY_AUTH_478,Authentication rejected between PAY and PRC,Authentication,1961,SES_001490,REQ_00002277,2026-09-11 11:49:12
EVT_002278,IF_PRC_002,PRC,ASM,MsgBus,Async,Warning,PRC_INFRA_479,"WARNING: Infrastructure fault on PRC: node unavailable (degraded, retrying)",Infrastructure,664,SES_001491,REQ_00002278,2026-09-14 22:54:47
EVT_002279,IF_ORD_004,ORD,DLV,ESB,Batch,Failed,ORD_AUTHZ_480,Authorization denied for ORD->DLV request,Authorization,5280,SES_001492,REQ_00002279,2026-09-13 09:56:39
EVT_002280,IF_DLV_001,DLV,ORD,API,REST,Failed,DLV_NET_481,Network error contacting ORD: connection reset,Network,2414,SES_001492,REQ_00002280,2026-09-13 09:57:15
EVT_002281,IF_DLV_001,DLV,ORD,API,REST,Failed,DLV_AUTHZ_482,Authorization denied for DLV->ORD request,Authorization,943,SES_001493,REQ_00002281,2026-09-15 17:17:06
EVT_002282,IF_ORD_004,ORD,DLV,ESB,Batch,Failed,ORD_NET_483,Network error contacting DLV: connection reset,Network,5087,SES_001493,REQ_00002282,2026-09-15 17:17:14
EVT_002283,IF_ORD_003,ORD,PRC,ESB,SOAP,Failed,ORD_CAP_484,Capacity limit reached on ORD: request throttled,Capacity,1842,SES_001494,REQ_00002283,2026-09-13 15:32:50
EVT_002284,IF_PRC_001,PRC,MFG,ESB,SOAP,Failed,PRC_AUTH_485,Authentication rejected between PRC and MFG,Authentication,1453,SES_001495,REQ_00002284,2026-09-10 11:17:50
EVT_002285,IF_PAY_002,PAY,PRC,API,REST,Failed,PAY_NET_486,Network error contacting PRC: connection reset,Network,5027,SES_001496,REQ_00002285,2026-09-15 07:05:27
EVT_002286,IF_PRC_001,PRC,MFG,ESB,SOAP,Failed,PRC_NET_487,Network error contacting MFG: connection reset,Network,2542,SES_001496,REQ_00002286,2026-09-15 07:05:37
EVT_002287,IF_PRC_002,PRC,ASM,MsgBus,Async,Failed,PRC_TMO_488,Timeout waiting for ASM to respond,Timeout,2459,SES_001496,REQ_00002287,2026-09-15 07:07:17
EVT_002288,IF_DLV_001,DLV,ORD,API,REST,Failed,DLV_INFRA_489,Infrastructure fault on DLV: node unavailable,Infrastructure,1251,SES_001497,REQ_00002288,2026-09-11 06:51:00
EVT_002289,IF_ORD_001,ORD,MFG,MsgBus,Async,Failed,ORD_NET_490,Network error contacting MFG: connection reset,Network,1250,SES_001497,REQ_00002289,2026-09-11 06:52:11
EVT_002290,IF_PAY_002,PAY,PRC,API,REST,Failed,PAY_VAL_491,Validation failed for payload from PAY,Validation,2899,SES_001498,REQ_00002290,2026-09-11 16:27:57
EVT_002291,IF_PRC_001,PRC,MFG,ESB,SOAP,Warning,PRC_TMO_492,"WARNING: Timeout waiting for MFG to respond (degraded, retrying)",Timeout,3445,SES_001498,REQ_00002291,2026-09-11 16:28:36
EVT_002292,IF_ORD_002,ORD,PAY,API,REST,Warning,ORD_DB_493,"WARNING: Database ORD operation failed: connection pool exhausted (degraded, retrying)",Database,1179,SES_001499,REQ_00002292,2026-09-16 14:49:11
EVT_002293,IF_PRC_002,PRC,ASM,MsgBus,Async,Failed,PRC_CFG_494,Configuration mismatch on PRC endpoint,Configuration,2011,SES_001500,REQ_00002293,2026-09-14 13:30:41
EVT_002294,IF_MFG_001,MFG,ASM,MsgBus,Async,Warning,MFG_EXT_495,"WARNING: External service ASM returned an error response (degraded, retrying)",ExternalService,1837,SES_001501,REQ_00002294,2026-09-15 15:12:07
EVT_002295,IF_PAY_001,PAY,ORD,API,REST,Failed,PAY_INFRA_496,Infrastructure fault on PAY: node unavailable,Infrastructure,1059,SES_001502,REQ_00002295,2026-09-15 16:37:40
EVT_002296,IF_ORD_003,ORD,PRC,ESB,SOAP,Failed,ORD_TMO_497,Timeout waiting for PRC to respond,Timeout,3178,SES_001503,REQ_00002296,2026-09-16 11:51:24
EVT_002297,IF_PRC_002,PRC,ASM,MsgBus,Async,Warning,PRC_VAL_498,"WARNING: Validation failed for payload from PRC (degraded, retrying)",Validation,1007,SES_001503,REQ_00002297,2026-09-16 11:52:37
EVT_002298,IF_PAY_001,PAY,ORD,API,REST,Failed,PAY_CAP_499,Capacity limit reached on PAY: request throttled,Capacity,680,SES_001504,REQ_00002298,2026-09-14 15:27:31
EVT_002299,IF_PAY_001,PAY,ORD,API,REST,Warning,PAY_DB_500,"WARNING: Database PAY operation failed: connection pool exhausted (degraded, retrying)",Database,870,SES_001505,REQ_00002299,2026-09-13 17:24:56
EVT_002300,IF_ORD_004,ORD,DLV,ESB,Batch,Warning,ORD_DB_501,"WARNING: Database ORD operation failed: connection pool exhausted (degraded, retrying)",Database,8594,SES_001505,REQ_00002300,2026-09-13 17:26:50
EVT_002301,IF_ORD_002,ORD,PAY,API,REST,Failed,ORD_CAP_502,Capacity limit reached on ORD: request throttled,Capacity,469,SES_001505,REQ_00002301,2026-09-13 17:27:17
EVT_002302,IF_MFG_001,MFG,ASM,MsgBus,Async,Failed,MFG_EXT_503,External service ASM returned an error response,ExternalService,1534,SES_001506,REQ_00002302,2026-09-10 08:40:36
EVT_002303,IF_PAY_001,PAY,ORD,API,REST,Failed,PAY_VAL_504,Validation failed for payload from PAY,Validation,448,SES_001507,REQ_00002303,2026-09-14 13:00:11
EVT_002304,IF_ORD_004,ORD,DLV,ESB,Batch,Failed,ORD_VAL_505,Validation failed for payload from ORD,Validation,5103,SES_001507,REQ_00002304,2026-09-14 13:02:53
EVT_002305,IF_PAY_001,PAY,ORD,API,REST,Failed,PAY_EXT_506,External service ORD returned an error response,ExternalService,856,SES_001508,REQ_00002305,2026-09-14 16:39:25
EVT_002306,IF_ASM_001,ASM,DLV,ESB,Batch,Failed,ASM_AUTH_507,Authentication rejected between ASM and DLV,Authentication,1778,SES_001509,REQ_00002306,2026-09-16 18:59:18
EVT_002307,IF_DLV_002,DLV,PAY,MsgBus,Async,Failed,DLV_CAP_508,Capacity limit reached on DLV: request throttled,Capacity,1933,SES_001509,REQ_00002307,2026-09-16 19:04:11
EVT_002308,IF_DLV_001,DLV,ORD,API,REST,Warning,DLV_TMO_509,"WARNING: Timeout waiting for ORD to respond (degraded, retrying)",Timeout,1712,SES_001509,REQ_00002308,2026-09-16 19:01:32
EVT_002309,IF_PRC_002,PRC,ASM,MsgBus,Async,Warning,PRC_VAL_510,"WARNING: Validation failed for payload from PRC (degraded, retrying)",Validation,655,SES_001510,REQ_00002309,2026-09-12 18:16:01
EVT_002310,IF_PRC_001,PRC,MFG,ESB,SOAP,Warning,PRC_CAP_511,"WARNING: Capacity limit reached on PRC: request throttled (degraded, retrying)",Capacity,1252,SES_001511,REQ_00002310,2026-09-14 12:38:46
EVT_002311,IF_ORD_001,ORD,MFG,MsgBus,Async,Failed,ORD_DB_512,Database ORD operation failed: connection pool exhausted,Database,1996,SES_001512,REQ_00002311,2026-09-14 14:59:17
EVT_002312,IF_PRC_001,PRC,MFG,ESB,SOAP,Failed,PRC_AUTHZ_513,Authorization denied for PRC->MFG request,Authorization,1052,SES_001513,REQ_00002312,2026-09-10 15:07:55
EVT_002313,IF_MFG_001,MFG,ASM,MsgBus,Async,Warning,MFG_CAP_514,"WARNING: Capacity limit reached on MFG: request throttled (degraded, retrying)",Capacity,608,SES_001513,REQ_00002313,2026-09-10 15:11:06
EVT_002314,IF_MFG_003,MFG,DLV,ESB,CDC,Warning,MFG_DB_515,"WARNING: Database MFG operation failed: connection pool exhausted (degraded, retrying)",Database,3520,SES_001513,REQ_00002314,2026-09-10 15:08:16
EVT_002315,IF_ORD_002,ORD,PAY,API,REST,Warning,ORD_CAP_516,"WARNING: Capacity limit reached on ORD: request throttled (degraded, retrying)",Capacity,2252,SES_001514,REQ_00002315,2026-09-16 11:59:04
EVT_002316,IF_ASM_001,ASM,DLV,ESB,Batch,Failed,ASM_EXT_517,External service DLV returned an error response,ExternalService,3363,SES_001515,REQ_00002316,2026-09-10 09:07:13
EVT_002317,IF_MFG_002,MFG,PRC,API,REST,Failed,MFG_DB_518,Database MFG operation failed: connection pool exhausted,Database,4965,SES_001516,REQ_00002317,2026-09-11 11:21:40
EVT_002318,IF_ASM_001,ASM,DLV,ESB,Batch,Failed,ASM_CFG_519,Configuration mismatch on ASM endpoint,Configuration,989,SES_001517,REQ_00002318,2026-09-14 14:04:16
EVT_002319,IF_PRC_002,PRC,ASM,MsgBus,Async,Failed,PRC_CFG_520,Configuration mismatch on PRC endpoint,Configuration,1044,SES_001518,REQ_00002319,2026-09-10 07:59:34
EVT_002320,IF_ORD_001,ORD,MFG,MsgBus,Async,Failed,ORD_AUTH_521,Authentication rejected between ORD and MFG,Authentication,686,SES_001519,REQ_00002320,2026-09-11 20:47:08
EVT_002321,IF_MFG_002,MFG,PRC,API,REST,Warning,MFG_EXT_522,"WARNING: External service PRC returned an error response (degraded, retrying)",ExternalService,4675,SES_001520,REQ_00002321,2026-09-15 08:19:14
EVT_002322,IF_ORD_001,ORD,MFG,MsgBus,Async,Failed,ORD_AUTHZ_523,Authorization denied for ORD->MFG request,Authorization,888,SES_001521,REQ_00002322,2026-09-13 16:34:53
EVT_002323,IF_ORD_002,ORD,PAY,API,REST,Warning,ORD_NET_524,"WARNING: Network error contacting PAY: connection reset (degraded, retrying)",Network,1462,SES_001522,REQ_00002323,2026-09-12 12:37:03
EVT_002324,IF_ORD_004,ORD,DLV,ESB,Batch,Failed,ORD_AUTHZ_525,Authorization denied for ORD->DLV request,Authorization,2292,SES_001523,REQ_00002324,2026-09-12 07:16:12
EVT_002325,IF_ORD_002,ORD,PAY,API,REST,Failed,ORD_AUTH_526,Authentication rejected between ORD and PAY,Authentication,657,SES_001524,REQ_00002325,2026-09-16 11:03:10
EVT_002326,IF_ASM_001,ASM,DLV,ESB,Batch,Failed,ASM_INFRA_527,Infrastructure fault on ASM: node unavailable,Infrastructure,1380,SES_001525,REQ_00002326,2026-09-12 16:48:59
EVT_002327,IF_PAY_001,PAY,ORD,API,REST,Warning,PAY_CFG_528,"WARNING: Configuration mismatch on PAY endpoint (degraded, retrying)",Configuration,991,SES_001526,REQ_00002327,2026-09-10 09:08:21
EVT_002328,IF_ORD_001,ORD,MFG,MsgBus,Async,Failed,ORD_NET_529,Network error contacting MFG: connection reset,Network,1498,SES_001526,REQ_00002328,2026-09-10 09:08:57
EVT_002329,IF_ORD_004,ORD,DLV,ESB,Batch,Warning,ORD_DB_530,"WARNING: Database ORD operation failed: connection pool exhausted (degraded, retrying)",Database,7156,SES_001526,REQ_00002329,2026-09-10 09:12:16
EVT_002330,IF_ASM_001,ASM,DLV,ESB,Batch,Failed,ASM_DB_531,Database ASM operation failed: connection pool exhausted,Database,1394,SES_001527,REQ_00002330,2026-09-16 13:39:22
EVT_002331,IF_DLV_002,DLV,PAY,MsgBus,Async,Failed,DLV_VAL_532,Validation failed for payload from DLV,Validation,3508,SES_001527,REQ_00002331,2026-09-16 13:41:22
EVT_002332,IF_ASM_001,ASM,DLV,ESB,Batch,Warning,ASM_INFRA_533,"WARNING: Infrastructure fault on ASM: node unavailable (degraded, retrying)",Infrastructure,506,SES_001528,REQ_00002332,2026-09-11 10:13:17
EVT_002333,IF_ORD_004,ORD,DLV,ESB,Batch,Warning,ORD_NET_534,"WARNING: Network error contacting DLV: connection reset (degraded, retrying)",Network,7315,SES_001529,REQ_00002333,2026-09-16 14:47:51
EVT_002334,IF_DLV_002,DLV,PAY,MsgBus,Async,Failed,DLV_DB_535,Database DLV operation failed: connection pool exhausted,Database,4304,SES_001529,REQ_00002334,2026-09-16 14:48:19
EVT_002335,IF_DLV_001,DLV,ORD,API,REST,Failed,DLV_AUTH_536,Authentication rejected between DLV and ORD,Authentication,1590,SES_001529,REQ_00002335,2026-09-16 14:51:24
EVT_002336,IF_MFG_003,MFG,DLV,ESB,CDC,Warning,MFG_TMO_537,"WARNING: Timeout waiting for DLV to respond (degraded, retrying)",Timeout,3630,SES_001530,REQ_00002336,2026-09-15 16:06:53
EVT_002337,IF_DLV_002,DLV,PAY,MsgBus,Async,Warning,DLV_VAL_538,"WARNING: Validation failed for payload from DLV (degraded, retrying)",Validation,1445,SES_001530,REQ_00002337,2026-09-15 16:07:20
EVT_002338,IF_DLV_001,DLV,ORD,API,REST,Warning,DLV_TMO_539,"WARNING: Timeout waiting for ORD to respond (degraded, retrying)",Timeout,2692,SES_001530,REQ_00002338,2026-09-15 16:10:40
EVT_002339,IF_PAY_001,PAY,ORD,API,REST,Failed,PAY_CAP_540,Capacity limit reached on PAY: request throttled,Capacity,945,SES_001531,REQ_00002339,2026-09-16 19:11:09
EVT_002340,IF_PRC_001,PRC,MFG,ESB,SOAP,Warning,PRC_CFG_541,"WARNING: Configuration mismatch on PRC endpoint (degraded, retrying)",Configuration,1032,SES_001532,REQ_00002340,2026-09-14 10:16:58
EVT_002341,IF_ORD_001,ORD,MFG,MsgBus,Async,Failed,ORD_DB_542,Database ORD operation failed: connection pool exhausted,Database,661,SES_001533,REQ_00002341,2026-09-16 20:50:11
EVT_002342,IF_PAY_001,PAY,ORD,API,REST,Warning,PAY_CAP_543,"WARNING: Capacity limit reached on PAY: request throttled (degraded, retrying)",Capacity,271,SES_001534,REQ_00002342,2026-09-11 15:44:35
EVT_002343,IF_DLV_001,DLV,ORD,API,REST,Failed,DLV_DB_544,Database DLV operation failed: connection pool exhausted,Database,3174,SES_001535,REQ_00002343,2026-09-10 12:03:55
EVT_002344,IF_ORD_003,ORD,PRC,ESB,SOAP,Failed,ORD_CAP_545,Capacity limit reached on ORD: request throttled,Capacity,1077,SES_001536,REQ_00002344,2026-09-12 08:39:39
EVT_002345,IF_DLV_002,DLV,PAY,MsgBus,Async,Warning,DLV_AUTH_546,"WARNING: Authentication rejected between DLV and PAY (degraded, retrying)",Authentication,1499,SES_001537,REQ_00002345,2026-09-13 08:11:09
EVT_002346,IF_PAY_002,PAY,PRC,API,REST,Warning,PAY_NET_547,"WARNING: Network error contacting PRC: connection reset (degraded, retrying)",Network,3941,SES_001537,REQ_00002346,2026-09-13 08:13:39
EVT_002347,IF_PAY_001,PAY,ORD,API,REST,Failed,PAY_AUTH_548,Authentication rejected between PAY and ORD,Authentication,792,SES_001537,REQ_00002347,2026-09-13 08:13:55
EVT_002348,IF_ASM_001,ASM,DLV,ESB,Batch,Failed,ASM_VAL_549,Validation failed for payload from ASM,Validation,1824,SES_001538,REQ_00002348,2026-09-16 20:58:12
EVT_002349,IF_DLV_001,DLV,ORD,API,REST,Warning,DLV_VAL_550,"WARNING: Validation failed for payload from DLV (degraded, retrying)",Validation,1048,SES_001538,REQ_00002349,2026-09-16 20:58:23
EVT_002350,IF_DLV_002,DLV,PAY,MsgBus,Async,Warning,DLV_TMO_551,"WARNING: Timeout waiting for PAY to respond (degraded, retrying)",Timeout,1918,SES_001538,REQ_00002350,2026-09-16 21:01:03
EVT_002351,IF_ASM_002,ASM,MFG,API,REST,Warning,ASM_NET_552,"WARNING: Network error contacting MFG: connection reset (degraded, retrying)",Network,4407,SES_001539,REQ_00002351,2026-09-16 12:43:24
EVT_002352,IF_MFG_001,MFG,ASM,MsgBus,Async,Failed,MFG_INFRA_553,Infrastructure fault on MFG: node unavailable,Infrastructure,1195,SES_001539,REQ_00002352,2026-09-16 12:45:37
EVT_002353,IF_MFG_003,MFG,DLV,ESB,CDC,Warning,MFG_CAP_554,"WARNING: Capacity limit reached on MFG: request throttled (degraded, retrying)",Capacity,2678,SES_001539,REQ_00002353,2026-09-16 12:45:13
EVT_002354,IF_PRC_001,PRC,MFG,ESB,SOAP,Warning,PRC_INFRA_555,"WARNING: Infrastructure fault on PRC: node unavailable (degraded, retrying)",Infrastructure,1544,SES_001540,REQ_00002354,2026-09-12 09:58:31
EVT_002355,IF_MFG_003,MFG,DLV,ESB,CDC,Warning,MFG_INFRA_556,"WARNING: Infrastructure fault on MFG: node unavailable (degraded, retrying)",Infrastructure,7132,SES_001540,REQ_00002355,2026-09-12 10:01:31
EVT_002356,IF_MFG_001,MFG,ASM,MsgBus,Async,Failed,MFG_INFRA_557,Infrastructure fault on MFG: node unavailable,Infrastructure,826,SES_001540,REQ_00002356,2026-09-12 10:03:26
EVT_002357,IF_ASM_002,ASM,MFG,API,REST,Failed,ASM_INFRA_558,Infrastructure fault on ASM: node unavailable,Infrastructure,2478,SES_001541,REQ_00002357,2026-09-10 11:55:59
EVT_002358,IF_PRC_001,PRC,MFG,ESB,SOAP,Warning,PRC_INFRA_559,"WARNING: Infrastructure fault on PRC: node unavailable (degraded, retrying)",Infrastructure,1224,SES_001542,REQ_00002358,2026-09-14 12:27:15
EVT_002359,IF_PAY_001,PAY,ORD,API,REST,Failed,PAY_AUTH_560,Authentication rejected between PAY and ORD,Authentication,1923,SES_001543,REQ_00002359,2026-09-12 15:11:02
EVT_002360,IF_ORD_002,ORD,PAY,API,REST,Failed,ORD_DB_561,Database ORD operation failed: connection pool exhausted,Database,546,SES_001543,REQ_00002360,2026-09-12 15:12:58
EVT_002361,IF_ORD_002,ORD,PAY,API,REST,Warning,ORD_NET_562,"WARNING: Network error contacting PAY: connection reset (degraded, retrying)",Network,748,SES_001544,REQ_00002361,2026-09-16 17:45:54
EVT_002362,IF_ORD_003,ORD,PRC,ESB,SOAP,Warning,ORD_NET_563,"WARNING: Network error contacting PRC: connection reset (degraded, retrying)",Network,2927,SES_001545,REQ_00002362,2026-09-11 16:23:47
EVT_002363,IF_ORD_003,ORD,PRC,ESB,SOAP,Failed,ORD_CAP_564,Capacity limit reached on ORD: request throttled,Capacity,764,SES_001546,REQ_00002363,2026-09-14 12:31:25
EVT_002364,IF_ORD_002,ORD,PAY,API,REST,Warning,ORD_DB_565,"WARNING: Database ORD operation failed: connection pool exhausted (degraded, retrying)",Database,544,SES_001547,REQ_00002364,2026-09-10 12:19:48
EVT_002365,IF_MFG_001,MFG,ASM,MsgBus,Async,Failed,MFG_AUTHZ_566,Authorization denied for MFG->ASM request,Authorization,1381,SES_001548,REQ_00002365,2026-09-14 19:31:28
EVT_002366,IF_ASM_001,ASM,DLV,ESB,Batch,Warning,ASM_NET_567,"WARNING: Network error contacting DLV: connection reset (degraded, retrying)",Network,2598,SES_001549,REQ_00002366,2026-09-15 12:55:25
EVT_002367,IF_DLV_002,DLV,PAY,MsgBus,Async,Failed,DLV_EXT_568,External service PAY returned an error response,ExternalService,6409,SES_001549,REQ_00002367,2026-09-15 12:56:39
EVT_002368,IF_ORD_001,ORD,MFG,MsgBus,Async,Failed,ORD_CAP_569,Capacity limit reached on ORD: request throttled,Capacity,522,SES_001550,REQ_00002368,2026-09-11 09:19:44
EVT_002369,IF_DLV_002,DLV,PAY,MsgBus,Async,Warning,DLV_NET_570,"WARNING: Network error contacting PAY: connection reset (degraded, retrying)",Network,2313,SES_001551,REQ_00002369,2026-09-12 16:32:58
EVT_002370,IF_MFG_001,MFG,ASM,MsgBus,Async,Warning,MFG_CAP_571,"WARNING: Capacity limit reached on MFG: request throttled (degraded, retrying)",Capacity,2234,SES_001552,REQ_00002370,2026-09-16 16:37:39
EVT_002371,IF_ORD_002,ORD,PAY,API,REST,Failed,ORD_EXT_572,External service PAY returned an error response,ExternalService,511,SES_001553,REQ_00002371,2026-09-10 16:01:03
EVT_002372,IF_PAY_002,PAY,PRC,API,REST,Warning,PAY_CFG_573,"WARNING: Configuration mismatch on PAY endpoint (degraded, retrying)",Configuration,2695,SES_001553,REQ_00002372,2026-09-10 16:01:07
EVT_002373,IF_ORD_001,ORD,MFG,MsgBus,Async,Failed,ORD_DB_574,Database ORD operation failed: connection pool exhausted,Database,976,SES_001554,REQ_00002373,2026-09-11 14:12:55
EVT_002374,IF_MFG_003,MFG,DLV,ESB,CDC,Failed,MFG_INFRA_575,Infrastructure fault on MFG: node unavailable,Infrastructure,3974,SES_001554,REQ_00002374,2026-09-11 14:15:58
EVT_002375,IF_ASM_002,ASM,MFG,API,REST,Failed,ASM_TMO_576,Timeout waiting for MFG to respond,Timeout,3391,SES_001555,REQ_00002375,2026-09-14 09:49:36
EVT_002376,IF_MFG_001,MFG,ASM,MsgBus,Async,Failed,MFG_INFRA_577,Infrastructure fault on MFG: node unavailable,Infrastructure,1865,SES_001555,REQ_00002376,2026-09-14 09:51:42
EVT_002377,IF_MFG_003,MFG,DLV,ESB,CDC,Failed,MFG_VAL_578,Validation failed for payload from MFG,Validation,3028,SES_001555,REQ_00002377,2026-09-14 09:51:23
EVT_002378,IF_DLV_001,DLV,ORD,API,REST,Failed,DLV_NET_579,Network error contacting ORD: connection reset,Network,2341,SES_001556,REQ_00002378,2026-09-16 18:13:13
EVT_002379,IF_ASM_002,ASM,MFG,API,REST,Failed,ASM_TMO_580,Timeout waiting for MFG to respond,Timeout,1997,SES_001557,REQ_00002379,2026-09-14 19:48:52
EVT_002380,IF_MFG_003,MFG,DLV,ESB,CDC,Warning,MFG_VAL_581,"WARNING: Validation failed for payload from MFG (degraded, retrying)",Validation,2798,SES_001557,REQ_00002380,2026-09-14 19:49:32
EVT_002381,IF_MFG_002,MFG,PRC,API,REST,Warning,MFG_CFG_582,"WARNING: Configuration mismatch on MFG endpoint (degraded, retrying)",Configuration,1738,SES_001558,REQ_00002381,2026-09-11 16:09:06
EVT_002382,IF_PAY_001,PAY,ORD,API,REST,Warning,PAY_DB_583,"WARNING: Database PAY operation failed: connection pool exhausted (degraded, retrying)",Database,1097,SES_001559,REQ_00002382,2026-09-15 17:33:30
EVT_002383,IF_MFG_001,MFG,ASM,MsgBus,Async,Failed,MFG_CAP_584,Capacity limit reached on MFG: request throttled,Capacity,850,SES_001560,REQ_00002383,2026-09-10 15:27:48
EVT_002384,IF_ORD_003,ORD,PRC,ESB,SOAP,Warning,ORD_CAP_585,"WARNING: Capacity limit reached on ORD: request throttled (degraded, retrying)",Capacity,602,SES_001561,REQ_00002384,2026-09-14 08:41:52
EVT_002385,IF_ORD_001,ORD,MFG,MsgBus,Async,Warning,ORD_EXT_586,"WARNING: External service MFG returned an error response (degraded, retrying)",ExternalService,1360,SES_001562,REQ_00002385,2026-09-10 13:32:44
EVT_002386,IF_MFG_001,MFG,ASM,MsgBus,Async,Warning,MFG_DB_587,"WARNING: Database MFG operation failed: connection pool exhausted (degraded, retrying)",Database,3723,SES_001562,REQ_00002386,2026-09-10 13:37:00
EVT_002387,IF_MFG_003,MFG,DLV,ESB,CDC,Failed,MFG_EXT_588,External service DLV returned an error response,ExternalService,3901,SES_001562,REQ_00002387,2026-09-10 13:34:03
EVT_002388,IF_MFG_001,MFG,ASM,MsgBus,Async,Failed,MFG_NET_589,Network error contacting ASM: connection reset,Network,1294,SES_001563,REQ_00002388,2026-09-13 13:48:10
EVT_002389,IF_ASM_002,ASM,MFG,API,REST,Warning,ASM_AUTH_590,"WARNING: Authentication rejected between ASM and MFG (degraded, retrying)",Authentication,2092,SES_001563,REQ_00002389,2026-09-13 13:50:58
EVT_002390,IF_ASM_001,ASM,DLV,ESB,Batch,Failed,ASM_AUTH_591,Authentication rejected between ASM and DLV,Authentication,1929,SES_001563,REQ_00002390,2026-09-13 13:48:16
EVT_002391,IF_PRC_001,PRC,MFG,ESB,SOAP,Warning,PRC_EXT_592,"WARNING: External service MFG returned an error response (degraded, retrying)",ExternalService,2105,SES_001564,REQ_00002391,2026-09-14 04:17:40
EVT_002392,IF_MFG_001,MFG,ASM,MsgBus,Async,Warning,MFG_DB_593,"WARNING: Database MFG operation failed: connection pool exhausted (degraded, retrying)",Database,2476,SES_001564,REQ_00002392,2026-09-14 04:21:50
EVT_002393,IF_MFG_003,MFG,DLV,ESB,CDC,Failed,MFG_TMO_594,Timeout waiting for DLV to respond,Timeout,3252,SES_001564,REQ_00002393,2026-09-14 04:20:19
EVT_002394,IF_ORD_003,ORD,PRC,ESB,SOAP,Warning,ORD_CFG_595,"WARNING: Configuration mismatch on ORD endpoint (degraded, retrying)",Configuration,1413,SES_001565,REQ_00002394,2026-09-14 17:18:25
EVT_002395,IF_DLV_001,DLV,ORD,API,REST,Failed,DLV_AUTHZ_596,Authorization denied for DLV->ORD request,Authorization,909,SES_001566,REQ_00002395,2026-09-10 12:15:18
EVT_002396,IF_ASM_002,ASM,MFG,API,REST,Failed,ASM_AUTH_597,Authentication rejected between ASM and MFG,Authentication,5722,SES_001567,REQ_00002396,2026-09-14 08:24:18
EVT_002397,IF_PAY_001,PAY,ORD,API,REST,Failed,PAY_DB_598,Database PAY operation failed: connection pool exhausted,Database,1620,SES_001568,REQ_00002397,2026-09-14 17:56:00
EVT_002398,IF_ORD_001,ORD,MFG,MsgBus,Async,Failed,ORD_AUTH_599,Authentication rejected between ORD and MFG,Authentication,747,SES_001569,REQ_00002398,2026-09-12 14:57:03
EVT_002399,IF_PRC_002,PRC,ASM,MsgBus,Async,Failed,PRC_DB_600,Database PRC operation failed: connection pool exhausted,Database,1840,SES_001570,REQ_00002399,2026-09-16 10:35:56
EVT_002400,IF_PRC_001,PRC,MFG,ESB,SOAP,Warning,PRC_NET_601,"WARNING: Network error contacting MFG: connection reset (degraded, retrying)",Network,2476,SES_001571,REQ_00002400,2026-09-14 10:38:47
EVT_002401,IF_PAY_001,PAY,ORD,API,REST,Failed,PAY_DB_602,Database PAY operation failed: connection pool exhausted,Database,803,SES_001572,REQ_00002401,2026-09-10 09:28:50
EVT_002402,IF_DLV_002,DLV,PAY,MsgBus,Async,Warning,DLV_AUTHZ_603,"WARNING: Authorization denied for DLV->PAY request (degraded, retrying)",Authorization,8828,SES_001573,REQ_00002402,2026-09-16 15:06:37
EVT_002403,IF_PRC_002,PRC,ASM,MsgBus,Async,Warning,PRC_VAL_604,"WARNING: Validation failed for payload from PRC (degraded, retrying)",Validation,1247,SES_001574,REQ_00002403,2026-09-12 08:16:49
EVT_002404,IF_ASM_001,ASM,DLV,ESB,Batch,Failed,ASM_DB_605,Database ASM operation failed: connection pool exhausted,Database,2762,SES_001574,REQ_00002404,2026-09-12 08:21:08
EVT_002405,IF_ORD_001,ORD,MFG,MsgBus,Async,Failed,ORD_CFG_606,Configuration mismatch on ORD endpoint,Configuration,662,SES_001575,REQ_00002405,2026-09-11 12:41:51
EVT_002406,IF_MFG_003,MFG,DLV,ESB,CDC,Warning,MFG_AUTH_607,"WARNING: Authentication rejected between MFG and DLV (degraded, retrying)",Authentication,1215,SES_001575,REQ_00002406,2026-09-11 12:44:24
EVT_002407,IF_MFG_001,MFG,ASM,MsgBus,Async,Warning,MFG_AUTH_608,"WARNING: Authentication rejected between MFG and ASM (degraded, retrying)",Authentication,1248,SES_001575,REQ_00002407,2026-09-11 12:42:15
EVT_002408,IF_MFG_003,MFG,DLV,ESB,CDC,Failed,MFG_DB_609,Database MFG operation failed: connection pool exhausted,Database,3953,SES_001576,REQ_00002408,2026-09-14 18:25:52
EVT_002409,IF_DLV_001,DLV,ORD,API,REST,Failed,DLV_INFRA_610,Infrastructure fault on DLV: node unavailable,Infrastructure,1073,SES_001576,REQ_00002409,2026-09-14 18:29:37
EVT_002410,IF_DLV_002,DLV,PAY,MsgBus,Async,Warning,DLV_INFRA_611,"WARNING: Infrastructure fault on DLV: node unavailable (degraded, retrying)",Infrastructure,4873,SES_001576,REQ_00002410,2026-09-14 18:27:25
EVT_002411,IF_ASM_002,ASM,MFG,API,REST,Failed,ASM_AUTH_612,Authentication rejected between ASM and MFG,Authentication,2201,SES_001577,REQ_00002411,2026-09-15 15:18:28
EVT_002412,IF_ORD_002,ORD,PAY,API,REST,Failed,ORD_INFRA_613,Infrastructure fault on ORD: node unavailable,Infrastructure,397,SES_001578,REQ_00002412,2026-09-15 16:23:38
EVT_002413,IF_PAY_002,PAY,PRC,API,REST,Warning,PAY_NET_614,"WARNING: Network error contacting PRC: connection reset (degraded, retrying)",Network,7325,SES_001578,REQ_00002413,2026-09-15 16:23:43
EVT_002414,IF_PAY_001,PAY,ORD,API,REST,Warning,PAY_INFRA_615,"WARNING: Infrastructure fault on PAY: node unavailable (degraded, retrying)",Infrastructure,688,SES_001578,REQ_00002414,2026-09-15 16:26:38
EVT_002415,IF_PAY_001,PAY,ORD,API,REST,Warning,PAY_NET_616,"WARNING: Network error contacting ORD: connection reset (degraded, retrying)",Network,1992,SES_001579,REQ_00002415,2026-09-14 06:47:15
EVT_002416,IF_PRC_001,PRC,MFG,ESB,SOAP,Failed,PRC_AUTH_617,Authentication rejected between PRC and MFG,Authentication,1404,SES_001580,REQ_00002416,2026-09-16 15:40:29
EVT_002417,IF_MFG_001,MFG,ASM,MsgBus,Async,Failed,MFG_INFRA_618,Infrastructure fault on MFG: node unavailable,Infrastructure,871,SES_001580,REQ_00002417,2026-09-16 15:43:15
EVT_002418,IF_MFG_003,MFG,DLV,ESB,CDC,Failed,MFG_AUTHZ_619,Authorization denied for MFG->DLV request,Authorization,1619,SES_001580,REQ_00002418,2026-09-16 15:41:58
EVT_002419,IF_PRC_001,PRC,MFG,ESB,SOAP,Warning,PRC_TMO_620,"WARNING: Timeout waiting for MFG to respond (degraded, retrying)",Timeout,1089,SES_001581,REQ_00002419,2026-09-10 12:32:20
EVT_002420,IF_MFG_003,MFG,DLV,ESB,CDC,Failed,MFG_AUTH_621,Authentication rejected between MFG and DLV,Authentication,2544,SES_001581,REQ_00002420,2026-09-10 12:34:59
EVT_002421,IF_MFG_001,MFG,ASM,MsgBus,Async,Warning,MFG_AUTHZ_622,"WARNING: Authorization denied for MFG->ASM request (degraded, retrying)",Authorization,1216,SES_001581,REQ_00002421,2026-09-10 12:36:23
EVT_002422,IF_ASM_001,ASM,DLV,ESB,Batch,Warning,ASM_AUTH_623,"WARNING: Authentication rejected between ASM and DLV (degraded, retrying)",Authentication,584,SES_001582,REQ_00002422,2026-09-11 11:55:33
EVT_002423,IF_PAY_002,PAY,PRC,API,REST,Failed,PAY_AUTH_624,Authentication rejected between PAY and PRC,Authentication,2068,SES_001583,REQ_00002423,2026-09-12 14:44:51
EVT_002424,IF_PRC_001,PRC,MFG,ESB,SOAP,Warning,PRC_DB_625,"WARNING: Database PRC operation failed: connection pool exhausted (degraded, retrying)",Database,2387,SES_001583,REQ_00002424,2026-09-12 14:49:03
EVT_002425,IF_ORD_002,ORD,PAY,API,REST,Warning,ORD_VAL_626,"WARNING: Validation failed for payload from ORD (degraded, retrying)",Validation,827,SES_001584,REQ_00002425,2026-09-10 17:04:44
EVT_002426,IF_DLV_002,DLV,PAY,MsgBus,Async,Warning,DLV_VAL_627,"WARNING: Validation failed for payload from DLV (degraded, retrying)",Validation,1063,SES_001585,REQ_00002426,2026-09-10 13:32:34
EVT_002427,IF_PRC_002,PRC,ASM,MsgBus,Async,Failed,PRC_NET_628,Network error contacting ASM: connection reset,Network,3667,SES_001586,REQ_00002427,2026-09-13 09:18:52
EVT_002428,IF_ASM_001,ASM,DLV,ESB,Batch,Failed,ASM_VAL_629,Validation failed for payload from ASM,Validation,675,SES_001587,REQ_00002428,2026-09-16 15:59:20
EVT_002429,IF_ORD_003,ORD,PRC,ESB,SOAP,Warning,ORD_TMO_630,"WARNING: Timeout waiting for PRC to respond (degraded, retrying)",Timeout,1149,SES_001588,REQ_00002429,2026-09-12 12:30:12
EVT_002430,IF_MFG_003,MFG,DLV,ESB,CDC,Warning,MFG_CFG_631,"WARNING: Configuration mismatch on MFG endpoint (degraded, retrying)",Configuration,1403,SES_001589,REQ_00002430,2026-09-11 14:25:37
EVT_002431,IF_ASM_002,ASM,MFG,API,REST,Failed,ASM_AUTHZ_632,Authorization denied for ASM->MFG request,Authorization,1131,SES_001590,REQ_00002431,2026-09-14 10:24:40
EVT_002432,IF_PRC_002,PRC,ASM,MsgBus,Async,Failed,PRC_TMO_633,Timeout waiting for ASM to respond,Timeout,4245,SES_001591,REQ_00002432,2026-09-10 15:07:03
EVT_002433,IF_ASM_001,ASM,DLV,ESB,Batch,Failed,ASM_EXT_634,External service DLV returned an error response,ExternalService,2791,SES_001592,REQ_00002433,2026-09-15 16:10:06
EVT_002434,IF_DLV_001,DLV,ORD,API,REST,Failed,DLV_VAL_635,Validation failed for payload from DLV,Validation,1764,SES_001592,REQ_00002434,2026-09-15 16:12:29
EVT_002435,IF_DLV_002,DLV,PAY,MsgBus,Async,Failed,DLV_TMO_636,Timeout waiting for PAY to respond,Timeout,2772,SES_001592,REQ_00002435,2026-09-15 16:14:02
EVT_002436,IF_PAY_001,PAY,ORD,API,REST,Warning,PAY_AUTHZ_637,"WARNING: Authorization denied for PAY->ORD request (degraded, retrying)",Authorization,1706,SES_001593,REQ_00002436,2026-09-12 17:56:31
EVT_002437,IF_ORD_002,ORD,PAY,API,REST,Warning,ORD_CAP_638,"WARNING: Capacity limit reached on ORD: request throttled (degraded, retrying)",Capacity,536,SES_001593,REQ_00002437,2026-09-12 17:57:46
EVT_002438,IF_DLV_001,DLV,ORD,API,REST,Warning,DLV_AUTH_639,"WARNING: Authentication rejected between DLV and ORD (degraded, retrying)",Authentication,1084,SES_001594,REQ_00002438,2026-09-15 18:54:40
EVT_002439,IF_ORD_001,ORD,MFG,MsgBus,Async,Failed,ORD_CAP_640,Capacity limit reached on ORD: request throttled,Capacity,743,SES_001595,REQ_00002439,2026-09-16 12:05:29
EVT_002440,IF_MFG_001,MFG,ASM,MsgBus,Async,Failed,MFG_CFG_641,Configuration mismatch on MFG endpoint,Configuration,1238,SES_001595,REQ_00002440,2026-09-16 12:07:47
EVT_002441,IF_ORD_001,ORD,MFG,MsgBus,Async,Failed,ORD_CFG_642,Configuration mismatch on ORD endpoint,Configuration,830,SES_001596,REQ_00002441,2026-09-11 13:25:33
EVT_002442,IF_ASM_002,ASM,MFG,API,REST,Failed,ASM_CAP_643,Capacity limit reached on ASM: request throttled,Capacity,3465,SES_001597,REQ_00002442,2026-09-16 12:34:07
EVT_002443,IF_ORD_001,ORD,MFG,MsgBus,Async,Warning,ORD_CAP_644,"WARNING: Capacity limit reached on ORD: request throttled (degraded, retrying)",Capacity,660,SES_001598,REQ_00002443,2026-09-12 20:21:36
EVT_002444,IF_ORD_001,ORD,MFG,MsgBus,Async,Failed,ORD_DB_645,Database ORD operation failed: connection pool exhausted,Database,2200,SES_001599,REQ_00002444,2026-09-14 15:10:53
EVT_002445,IF_PAY_001,PAY,ORD,API,REST,Warning,PAY_AUTHZ_646,"WARNING: Authorization denied for PAY->ORD request (degraded, retrying)",Authorization,716,SES_001600,REQ_00002445,2026-09-14 10:52:50
EVT_002446,IF_ORD_001,ORD,MFG,MsgBus,Async,Warning,ORD_EXT_647,"WARNING: External service MFG returned an error response (degraded, retrying)",ExternalService,510,SES_001600,REQ_00002446,2026-09-14 10:55:35
EVT_002447,IF_ORD_001,ORD,MFG,MsgBus,Async,Failed,ORD_VAL_648,Validation failed for payload from ORD,Validation,420,SES_001601,REQ_00002447,2026-09-10 14:50:37
EVT_002448,IF_ORD_001,ORD,MFG,MsgBus,Async,Warning,ORD_DB_649,"WARNING: Database ORD operation failed: connection pool exhausted (degraded, retrying)",Database,1352,SES_001602,REQ_00002448,2026-09-11 15:20:22
EVT_002449,IF_MFG_003,MFG,DLV,ESB,CDC,Warning,MFG_DB_650,"WARNING: Database MFG operation failed: connection pool exhausted (degraded, retrying)",Database,6812,SES_001602,REQ_00002449,2026-09-11 15:20:45
EVT_002450,IF_DLV_002,DLV,PAY,MsgBus,Async,Warning,DLV_VAL_651,"WARNING: Validation failed for payload from DLV (degraded, retrying)",Validation,2090,SES_001603,REQ_00002450,2026-09-15 13:25:04
EVT_002451,IF_PRC_001,PRC,MFG,ESB,SOAP,Failed,PRC_CAP_652,Capacity limit reached on PRC: request throttled,Capacity,968,SES_001604,REQ_00002451,2026-09-13 07:44:22
EVT_002452,IF_PRC_002,PRC,ASM,MsgBus,Async,Warning,PRC_EXT_653,"WARNING: External service ASM returned an error response (degraded, retrying)",ExternalService,1157,SES_001605,REQ_00002452,2026-09-10 15:40:21
EVT_002453,IF_ASM_002,ASM,MFG,API,REST,Failed,ASM_EXT_654,External service MFG returned an error response,ExternalService,2637,SES_001605,REQ_00002453,2026-09-10 15:43:14
EVT_002454,IF_ORD_001,ORD,MFG,MsgBus,Async,Failed,ORD_CFG_655,Configuration mismatch on ORD endpoint,Configuration,634,SES_001606,REQ_00002454,2026-09-11 11:50:56
EVT_002455,IF_MFG_003,MFG,DLV,ESB,CDC,Warning,MFG_TMO_656,"WARNING: Timeout waiting for DLV to respond (degraded, retrying)",Timeout,1960,SES_001606,REQ_00002455,2026-09-11 11:54:59
EVT_002456,IF_PAY_001,PAY,ORD,API,REST,Failed,PAY_CFG_657,Configuration mismatch on PAY endpoint,Configuration,555,SES_001607,REQ_00002456,2026-09-14 12:49:41
EVT_002457,IF_MFG_002,MFG,PRC,API,REST,Failed,MFG_NET_658,Network error contacting PRC: connection reset,Network,5353,SES_001608,REQ_00002457,2026-09-12 10:52:45
EVT_002458,IF_PRC_002,PRC,ASM,MsgBus,Async,Warning,PRC_AUTH_659,"WARNING: Authentication rejected between PRC and ASM (degraded, retrying)",Authentication,941,SES_001609,REQ_00002458,2026-09-12 15:13:21
EVT_002459,IF_PRC_002,PRC,ASM,MsgBus,Async,Failed,PRC_CFG_660,Configuration mismatch on PRC endpoint,Configuration,2933,SES_001610,REQ_00002459,2026-09-10 06:42:35
EVT_002460,IF_MFG_001,MFG,ASM,MsgBus,Async,Warning,MFG_TMO_661,"WARNING: Timeout waiting for ASM to respond (degraded, retrying)",Timeout,1230,SES_001611,REQ_00002460,2026-09-16 13:06:16
EVT_002461,IF_ASM_001,ASM,DLV,ESB,Batch,Failed,ASM_CAP_662,Capacity limit reached on ASM: request throttled,Capacity,1795,SES_001611,REQ_00002461,2026-09-16 13:06:29
EVT_002462,IF_MFG_003,MFG,DLV,ESB,CDC,Warning,MFG_DB_663,"WARNING: Database MFG operation failed: connection pool exhausted (degraded, retrying)",Database,5047,SES_001612,REQ_00002462,2026-09-13 10:48:55
EVT_002463,IF_PRC_001,PRC,MFG,ESB,SOAP,Failed,PRC_AUTHZ_664,Authorization denied for PRC->MFG request,Authorization,1731,SES_001613,REQ_00002463,2026-09-16 10:39:32
EVT_002464,IF_PRC_002,PRC,ASM,MsgBus,Async,Warning,PRC_INFRA_665,"WARNING: Infrastructure fault on PRC: node unavailable (degraded, retrying)",Infrastructure,2517,SES_001614,REQ_00002464,2026-09-11 17:49:21
EVT_002465,IF_ASM_001,ASM,DLV,ESB,Batch,Failed,ASM_AUTH_666,Authentication rejected between ASM and DLV,Authentication,1763,SES_001614,REQ_00002465,2026-09-11 17:50:17
EVT_002466,IF_PRC_001,PRC,MFG,ESB,SOAP,Failed,PRC_NET_667,Network error contacting MFG: connection reset,Network,2345,SES_001615,REQ_00002466,2026-09-10 10:13:37
EVT_002467,IF_ASM_001,ASM,DLV,ESB,Batch,Failed,ASM_AUTH_668,Authentication rejected between ASM and DLV,Authentication,1741,SES_001616,REQ_00002467,2026-09-15 16:32:14
EVT_002468,IF_ORD_001,ORD,MFG,MsgBus,Async,Warning,ORD_AUTHZ_669,"WARNING: Authorization denied for ORD->MFG request (degraded, retrying)",Authorization,363,SES_001617,REQ_00002468,2026-09-10 10:00:38
EVT_002469,IF_ORD_002,ORD,PAY,API,REST,Failed,ORD_INFRA_670,Infrastructure fault on ORD: node unavailable,Infrastructure,1095,SES_001618,REQ_00002469,2026-09-10 09:08:25
EVT_002470,IF_PAY_002,PAY,PRC,API,REST,Failed,PAY_AUTHZ_671,Authorization denied for PAY->PRC request,Authorization,5050,SES_001618,REQ_00002470,2026-09-10 09:09:10
EVT_002471,IF_MFG_002,MFG,PRC,API,REST,Warning,MFG_AUTH_672,"WARNING: Authentication rejected between MFG and PRC (degraded, retrying)",Authentication,1139,SES_001619,REQ_00002471,2026-09-12 07:03:45
EVT_002472,IF_PRC_002,PRC,ASM,MsgBus,Async,Failed,PRC_CAP_673,Capacity limit reached on PRC: request throttled,Capacity,1064,SES_001619,REQ_00002472,2026-09-12 07:04:17
EVT_002473,IF_PAY_002,PAY,PRC,API,REST,Failed,PAY_VAL_674,Validation failed for payload from PAY,Validation,2624,SES_001620,REQ_00002473,2026-09-11 09:17:34
EVT_002474,IF_ORD_002,ORD,PAY,API,REST,Failed,ORD_TMO_675,Timeout waiting for PAY to respond,Timeout,1759,SES_001621,REQ_00002474,2026-09-16 20:26:13
EVT_002475,IF_PAY_002,PAY,PRC,API,REST,Warning,PAY_NET_676,"WARNING: Network error contacting PRC: connection reset (degraded, retrying)",Network,2414,SES_001621,REQ_00002475,2026-09-16 20:28:04
EVT_002476,IF_PAY_001,PAY,ORD,API,REST,Warning,PAY_AUTH_677,"WARNING: Authentication rejected between PAY and ORD (degraded, retrying)",Authentication,484,SES_001621,REQ_00002476,2026-09-16 20:26:41
EVT_002477,IF_ORD_001,ORD,MFG,MsgBus,Async,Failed,ORD_TMO_678,Timeout waiting for MFG to respond,Timeout,1535,SES_001622,REQ_00002477,2026-09-15 12:03:30
EVT_002478,IF_PAY_001,PAY,ORD,API,REST,Warning,PAY_EXT_679,"WARNING: External service ORD returned an error response (degraded, retrying)",ExternalService,1837,SES_001623,REQ_00002478,2026-09-11 16:02:38
EVT_002479,IF_ORD_001,ORD,MFG,MsgBus,Async,Failed,ORD_CAP_680,Capacity limit reached on ORD: request throttled,Capacity,344,SES_001623,REQ_00002479,2026-09-11 16:06:09
EVT_002480,IF_ORD_001,ORD,MFG,MsgBus,Async,Failed,ORD_AUTHZ_681,Authorization denied for ORD->MFG request,Authorization,1084,SES_001624,REQ_00002480,2026-09-13 14:01:03
EVT_002481,IF_MFG_001,MFG,ASM,MsgBus,Async,Warning,MFG_DB_682,"WARNING: Database MFG operation failed: connection pool exhausted (degraded, retrying)",Database,2764,SES_001624,REQ_00002481,2026-09-13 14:05:01
EVT_002482,IF_PAY_001,PAY,ORD,API,REST,Failed,PAY_VAL_683,Validation failed for payload from PAY,Validation,1521,SES_001625,REQ_00002482,2026-09-10 08:34:52
EVT_002483,IF_ORD_002,ORD,PAY,API,REST,Failed,ORD_AUTH_684,Authentication rejected between ORD and PAY,Authentication,914,SES_001625,REQ_00002483,2026-09-10 08:37:35
EVT_002484,IF_ORD_004,ORD,DLV,ESB,Batch,Warning,ORD_INFRA_685,"WARNING: Infrastructure fault on ORD: node unavailable (degraded, retrying)",Infrastructure,3688,SES_001625,REQ_00002484,2026-09-10 08:39:07
EVT_002485,IF_ORD_003,ORD,PRC,ESB,SOAP,Failed,ORD_DB_686,Database ORD operation failed: connection pool exhausted,Database,2409,SES_001626,REQ_00002485,2026-09-10 13:00:29
EVT_002486,IF_PRC_002,PRC,ASM,MsgBus,Async,Warning,PRC_EXT_687,"WARNING: External service ASM returned an error response (degraded, retrying)",ExternalService,943,SES_001626,REQ_00002486,2026-09-10 13:03:35
EVT_002487,IF_ORD_001,ORD,MFG,MsgBus,Async,Warning,ORD_DB_688,"WARNING: Database ORD operation failed: connection pool exhausted (degraded, retrying)",Database,1366,SES_001627,REQ_00002487,2026-09-11 19:17:48
EVT_002488,IF_PAY_001,PAY,ORD,API,REST,Failed,PAY_INFRA_689,Infrastructure fault on PAY: node unavailable,Infrastructure,656,SES_001628,REQ_00002488,2026-09-16 17:56:11
EVT_002489,IF_ORD_002,ORD,PAY,API,REST,Warning,ORD_TMO_690,"WARNING: Timeout waiting for PAY to respond (degraded, retrying)",Timeout,1396,SES_001628,REQ_00002489,2026-09-16 17:59:42
EVT_002490,IF_ORD_004,ORD,DLV,ESB,Batch,Warning,ORD_INFRA_691,"WARNING: Infrastructure fault on ORD: node unavailable (degraded, retrying)",Infrastructure,2581,SES_001628,REQ_00002490,2026-09-16 18:00:58
EVT_002491,IF_ORD_001,ORD,MFG,MsgBus,Async,Failed,ORD_NET_692,Network error contacting MFG: connection reset,Network,641,SES_001629,REQ_00002491,2026-09-15 11:34:22
EVT_002492,IF_MFG_003,MFG,DLV,ESB,CDC,Warning,MFG_EXT_693,"WARNING: External service DLV returned an error response (degraded, retrying)",ExternalService,7462,SES_001629,REQ_00002492,2026-09-15 11:38:04
EVT_002493,IF_PAY_001,PAY,ORD,API,REST,Failed,PAY_EXT_694,External service ORD returned an error response,ExternalService,1682,SES_001630,REQ_00002493,2026-09-15 14:34:56
EVT_002494,IF_ORD_004,ORD,DLV,ESB,Batch,Warning,ORD_VAL_695,"WARNING: Validation failed for payload from ORD (degraded, retrying)",Validation,3602,SES_001631,REQ_00002494,2026-09-13 09:29:24
EVT_002495,IF_DLV_002,DLV,PAY,MsgBus,Async,Failed,DLV_CAP_696,Capacity limit reached on DLV: request throttled,Capacity,5174,SES_001631,REQ_00002495,2026-09-13 09:34:11
EVT_002496,IF_DLV_001,DLV,ORD,API,REST,Warning,DLV_EXT_697,"WARNING: External service ORD returned an error response (degraded, retrying)",ExternalService,3342,SES_001631,REQ_00002496,2026-09-13 09:34:16
EVT_002497,IF_ASM_002,ASM,MFG,API,REST,Warning,ASM_CFG_698,"WARNING: Configuration mismatch on ASM endpoint (degraded, retrying)",Configuration,1536,SES_001632,REQ_00002497,2026-09-15 16:59:52
EVT_002498,IF_ORD_003,ORD,PRC,ESB,SOAP,Failed,ORD_EXT_699,External service PRC returned an error response,ExternalService,1670,SES_001633,REQ_00002498,2026-09-16 09:20:14
EVT_002499,IF_PRC_002,PRC,ASM,MsgBus,Async,Failed,PRC_VAL_700,Validation failed for payload from PRC,Validation,1215,SES_001633,REQ_00002499,2026-09-16 09:22:10
EVT_002500,IF_ORD_002,ORD,PAY,API,REST,Warning,ORD_CFG_701,"WARNING: Configuration mismatch on ORD endpoint (degraded, retrying)",Configuration,715,SES_001634,REQ_00002500,2026-09-11 09:54:00
EVT_002501,IF_PAY_001,PAY,ORD,API,REST,Warning,PAY_CFG_702,"WARNING: Configuration mismatch on PAY endpoint (degraded, retrying)",Configuration,1749,SES_001635,REQ_00002501,2026-09-11 17:22:57
EVT_002502,IF_PRC_001,PRC,MFG,ESB,SOAP,Failed,PRC_CAP_703,Capacity limit reached on PRC: request throttled,Capacity,607,SES_001636,REQ_00002502,2026-09-16 11:45:25
EVT_002503,IF_ORD_003,ORD,PRC,ESB,SOAP,Failed,ORD_DB_704,Database ORD operation failed: connection pool exhausted,Database,965,SES_001637,REQ_00002503,2026-09-16 14:05:07
EVT_002504,IF_ORD_002,ORD,PAY,API,REST,Failed,ORD_TMO_705,Timeout waiting for PAY to respond,Timeout,786,SES_001638,REQ_00002504,2026-09-13 14:47:40
EVT_002505,IF_ASM_001,ASM,DLV,ESB,Batch,Warning,ASM_CAP_706,"WARNING: Capacity limit reached on ASM: request throttled (degraded, retrying)",Capacity,3946,SES_001639,REQ_00002505,2026-09-15 13:49:36
EVT_002506,IF_DLV_002,DLV,PAY,MsgBus,Async,Failed,DLV_EXT_707,External service PAY returned an error response,ExternalService,8575,SES_001639,REQ_00002506,2026-09-15 13:53:43
EVT_002507,IF_DLV_001,DLV,ORD,API,REST,Warning,DLV_CFG_708,"WARNING: Configuration mismatch on DLV endpoint (degraded, retrying)",Configuration,2061,SES_001639,REQ_00002507,2026-09-15 13:54:01
EVT_002508,IF_MFG_003,MFG,DLV,ESB,CDC,Failed,MFG_NET_709,Network error contacting DLV: connection reset,Network,3614,SES_001640,REQ_00002508,2026-09-16 10:28:05
EVT_002509,IF_ORD_002,ORD,PAY,API,REST,Failed,ORD_AUTH_710,Authentication rejected between ORD and PAY,Authentication,1875,SES_001641,REQ_00002509,2026-09-12 15:21:32
EVT_002510,IF_PAY_001,PAY,ORD,API,REST,Failed,PAY_EXT_711,External service ORD returned an error response,ExternalService,1104,SES_001642,REQ_00002510,2026-09-15 02:23:13
EVT_002511,IF_PRC_002,PRC,ASM,MsgBus,Async,Warning,PRC_EXT_712,"WARNING: External service ASM returned an error response (degraded, retrying)",ExternalService,1944,SES_001643,REQ_00002511,2026-09-14 14:16:18
EVT_002512,IF_ASM_002,ASM,MFG,API,REST,Failed,ASM_VAL_713,Validation failed for payload from ASM,Validation,3275,SES_001643,REQ_00002512,2026-09-14 14:16:28
EVT_002513,IF_ASM_001,ASM,DLV,ESB,Batch,Failed,ASM_CFG_714,Configuration mismatch on ASM endpoint,Configuration,1370,SES_001643,REQ_00002513,2026-09-14 14:17:37
EVT_002514,IF_PAY_002,PAY,PRC,API,REST,Failed,PAY_DB_715,Database PAY operation failed: connection pool exhausted,Database,4826,SES_001644,REQ_00002514,2026-09-16 11:00:09
EVT_002515,IF_PRC_001,PRC,MFG,ESB,SOAP,Warning,PRC_AUTHZ_716,"WARNING: Authorization denied for PRC->MFG request (degraded, retrying)",Authorization,1214,SES_001644,REQ_00002515,2026-09-16 11:01:20
EVT_002516,IF_PRC_002,PRC,ASM,MsgBus,Async,Warning,PRC_CFG_717,"WARNING: Configuration mismatch on PRC endpoint (degraded, retrying)",Configuration,863,SES_001644,REQ_00002516,2026-09-16 11:02:50
EVT_002517,IF_ORD_001,ORD,MFG,MsgBus,Async,Warning,ORD_INFRA_718,"WARNING: Infrastructure fault on ORD: node unavailable (degraded, retrying)",Infrastructure,593,SES_001645,REQ_00002517,2026-09-10 11:10:39
EVT_002518,IF_ORD_002,ORD,PAY,API,REST,Warning,ORD_AUTHZ_719,"WARNING: Authorization denied for ORD->PAY request (degraded, retrying)",Authorization,1918,SES_001646,REQ_00002518,2026-09-15 12:04:40
EVT_002519,IF_MFG_001,MFG,ASM,MsgBus,Async,Failed,MFG_AUTH_720,Authentication rejected between MFG and ASM,Authentication,2030,SES_001647,REQ_00002519,2026-09-10 18:03:29
EVT_002520,IF_ORD_001,ORD,MFG,MsgBus,Async,Warning,ORD_INFRA_721,"WARNING: Infrastructure fault on ORD: node unavailable (degraded, retrying)",Infrastructure,368,SES_001648,REQ_00002520,2026-09-14 09:05:01
EVT_002521,IF_ORD_002,ORD,PAY,API,REST,Warning,ORD_AUTH_722,"WARNING: Authentication rejected between ORD and PAY (degraded, retrying)",Authentication,845,SES_001649,REQ_00002521,2026-09-15 12:22:05
EVT_002522,IF_PAY_001,PAY,ORD,API,REST,Warning,PAY_AUTH_723,"WARNING: Authentication rejected between PAY and ORD (degraded, retrying)",Authentication,439,SES_001649,REQ_00002522,2026-09-15 12:24:53
EVT_002523,IF_PAY_002,PAY,PRC,API,REST,Failed,PAY_INFRA_724,Infrastructure fault on PAY: node unavailable,Infrastructure,4135,SES_001649,REQ_00002523,2026-09-15 12:24:43
EVT_002524,IF_DLV_001,DLV,ORD,API,REST,Failed,DLV_CAP_725,Capacity limit reached on DLV: request throttled,Capacity,732,SES_001650,REQ_00002524,2026-09-11 17:19:24
EVT_002525,IF_PAY_002,PAY,PRC,API,REST,Failed,PAY_INFRA_726,Infrastructure fault on PAY: node unavailable,Infrastructure,1978,SES_001651,REQ_00002525,2026-09-15 16:40:13
EVT_002526,IF_ORD_002,ORD,PAY,API,REST,Warning,ORD_NET_727,"WARNING: Network error contacting PAY: connection reset (degraded, retrying)",Network,1620,SES_001652,REQ_00002526,2026-09-10 13:26:34
EVT_002527,IF_PAY_001,PAY,ORD,API,REST,Failed,PAY_EXT_728,External service ORD returned an error response,ExternalService,1901,SES_001653,REQ_00002527,2026-09-13 12:00:32
EVT_002528,IF_PAY_002,PAY,PRC,API,REST,Warning,PAY_TMO_729,"WARNING: Timeout waiting for PRC to respond (degraded, retrying)",Timeout,6838,SES_001654,REQ_00002528,2026-09-11 17:17:04
EVT_002529,IF_MFG_001,MFG,ASM,MsgBus,Async,Failed,MFG_NET_730,Network error contacting ASM: connection reset,Network,2787,SES_001655,REQ_00002529,2026-09-14 17:17:50
EVT_002530,IF_ORD_001,ORD,MFG,MsgBus,Async,Failed,ORD_VAL_731,Validation failed for payload from ORD,Validation,772,SES_001656,REQ_00002530,2026-09-12 02:26:59
EVT_002531,IF_DLV_001,DLV,ORD,API,REST,Failed,DLV_AUTH_732,Authentication rejected between DLV and ORD,Authentication,1689,SES_001657,REQ_00002531,2026-09-11 10:55:17
EVT_002532,IF_ORD_001,ORD,MFG,MsgBus,Async,Warning,ORD_EXT_733,"WARNING: External service MFG returned an error response (degraded, retrying)",ExternalService,1762,SES_001658,REQ_00002532,2026-09-14 09:07:09
EVT_002533,IF_ORD_002,ORD,PAY,API,REST,Warning,ORD_AUTH_734,"WARNING: Authentication rejected between ORD and PAY (degraded, retrying)",Authentication,752,SES_001659,REQ_00002533,2026-09-11 11:36:50
EVT_002534,IF_PAY_002,PAY,PRC,API,REST,Failed,PAY_VAL_735,Validation failed for payload from PAY,Validation,2851,SES_001659,REQ_00002534,2026-09-11 11:41:04
EVT_002535,IF_PAY_001,PAY,ORD,API,REST,Failed,PAY_AUTHZ_736,Authorization denied for PAY->ORD request,Authorization,861,SES_001660,REQ_00002535,2026-09-13 10:54:42
EVT_002536,IF_ORD_001,ORD,MFG,MsgBus,Async,Failed,ORD_CAP_737,Capacity limit reached on ORD: request throttled,Capacity,961,SES_001661,REQ_00002536,2026-09-16 13:11:46
EVT_002537,IF_PAY_001,PAY,ORD,API,REST,Failed,PAY_NET_738,Network error contacting ORD: connection reset,Network,1989,SES_001662,REQ_00002537,2026-09-13 10:49:01
EVT_002538,IF_ORD_001,ORD,MFG,MsgBus,Async,Warning,ORD_INFRA_739,"WARNING: Infrastructure fault on ORD: node unavailable (degraded, retrying)",Infrastructure,1979,SES_001662,REQ_00002538,2026-09-13 10:51:25
EVT_002539,IF_PAY_001,PAY,ORD,API,REST,Warning,PAY_CFG_740,"WARNING: Configuration mismatch on PAY endpoint (degraded, retrying)",Configuration,2011,SES_001663,REQ_00002539,2026-09-10 11:47:33
EVT_002540,IF_ORD_002,ORD,PAY,API,REST,Warning,ORD_CFG_741,"WARNING: Configuration mismatch on ORD endpoint (degraded, retrying)",Configuration,307,SES_001664,REQ_00002540,2026-09-13 06:03:12
EVT_002541,IF_ORD_001,ORD,MFG,MsgBus,Async,Failed,ORD_DB_742,Database ORD operation failed: connection pool exhausted,Database,798,SES_001665,REQ_00002541,2026-09-14 14:03:05
EVT_002542,IF_PRC_001,PRC,MFG,ESB,SOAP,Failed,PRC_TMO_743,Timeout waiting for MFG to respond,Timeout,3071,SES_001666,REQ_00002542,2026-09-10 10:48:44
EVT_002543,IF_MFG_003,MFG,DLV,ESB,CDC,Failed,MFG_AUTHZ_744,Authorization denied for MFG->DLV request,Authorization,3251,SES_001666,REQ_00002543,2026-09-10 10:50:05
EVT_002544,IF_MFG_001,MFG,ASM,MsgBus,Async,Failed,MFG_AUTH_745,Authentication rejected between MFG and ASM,Authentication,747,SES_001666,REQ_00002544,2026-09-10 10:49:12
EVT_002545,IF_PRC_002,PRC,ASM,MsgBus,Async,Warning,PRC_DB_746,"WARNING: Database PRC operation failed: connection pool exhausted (degraded, retrying)",Database,4387,SES_001667,REQ_00002545,2026-09-16 21:29:52
EVT_002546,IF_ASM_001,ASM,DLV,ESB,Batch,Warning,ASM_INFRA_747,"WARNING: Infrastructure fault on ASM: node unavailable (degraded, retrying)",Infrastructure,1119,SES_001667,REQ_00002546,2026-09-16 21:30:55
EVT_002547,IF_PRC_001,PRC,MFG,ESB,SOAP,Warning,PRC_CAP_748,"WARNING: Capacity limit reached on PRC: request throttled (degraded, retrying)",Capacity,1362,SES_001668,REQ_00002547,2026-09-16 12:47:00
EVT_002548,IF_MFG_002,MFG,PRC,API,REST,Failed,MFG_CAP_749,Capacity limit reached on MFG: request throttled,Capacity,2609,SES_001669,REQ_00002548,2026-09-13 08:01:35
EVT_002549,IF_PRC_002,PRC,ASM,MsgBus,Async,Warning,PRC_NET_750,"WARNING: Network error contacting ASM: connection reset (degraded, retrying)",Network,2426,SES_001669,REQ_00002549,2026-09-13 08:03:45
EVT_002550,IF_PRC_001,PRC,MFG,ESB,SOAP,Warning,PRC_EXT_751,"WARNING: External service MFG returned an error response (degraded, retrying)",ExternalService,4237,SES_001669,REQ_00002550,2026-09-13 08:03:33
EVT_002551,IF_MFG_002,MFG,PRC,API,REST,Warning,MFG_AUTHZ_752,"WARNING: Authorization denied for MFG->PRC request (degraded, retrying)",Authorization,2782,SES_001670,REQ_00002551,2026-09-11 17:35:00
EVT_002552,IF_MFG_002,MFG,PRC,API,REST,Failed,MFG_INFRA_753,Infrastructure fault on MFG: node unavailable,Infrastructure,1839,SES_001671,REQ_00002552,2026-09-10 02:41:16
EVT_002553,IF_PRC_002,PRC,ASM,MsgBus,Async,Failed,PRC_EXT_754,External service ASM returned an error response,ExternalService,2617,SES_001671,REQ_00002553,2026-09-10 02:41:37
EVT_002554,IF_PRC_001,PRC,MFG,ESB,SOAP,Warning,PRC_TMO_755,"WARNING: Timeout waiting for MFG to respond (degraded, retrying)",Timeout,1639,SES_001671,REQ_00002554,2026-09-10 02:46:00
EVT_002555,IF_MFG_002,MFG,PRC,API,REST,Failed,MFG_CAP_756,Capacity limit reached on MFG: request throttled,Capacity,3270,SES_001672,REQ_00002555,2026-09-10 12:28:43
EVT_002556,IF_ORD_001,ORD,MFG,MsgBus,Async,Failed,ORD_NET_757,Network error contacting MFG: connection reset,Network,1754,SES_001673,REQ_00002556,2026-09-12 15:56:09
EVT_002557,IF_ORD_001,ORD,MFG,MsgBus,Async,Failed,ORD_DB_758,Database ORD operation failed: connection pool exhausted,Database,1968,SES_001674,REQ_00002557,2026-09-13 07:30:59
EVT_002558,IF_ORD_003,ORD,PRC,ESB,SOAP,Failed,ORD_NET_759,Network error contacting PRC: connection reset,Network,2667,SES_001675,REQ_00002558,2026-09-16 10:50:10
EVT_002559,IF_ORD_001,ORD,MFG,MsgBus,Async,Failed,ORD_AUTH_760,Authentication rejected between ORD and MFG,Authentication,1050,SES_001676,REQ_00002559,2026-09-12 14:18:32
EVT_002560,IF_DLV_001,DLV,ORD,API,REST,Failed,DLV_NET_761,Network error contacting ORD: connection reset,Network,3085,SES_001677,REQ_00002560,2026-09-16 07:00:20
EVT_002561,IF_ORD_003,ORD,PRC,ESB,SOAP,Warning,ORD_CFG_762,"WARNING: Configuration mismatch on ORD endpoint (degraded, retrying)",Configuration,727,SES_001678,REQ_00002561,2026-09-16 16:24:44
EVT_002562,IF_ORD_001,ORD,MFG,MsgBus,Async,Failed,ORD_NET_763,Network error contacting MFG: connection reset,Network,1818,SES_001679,REQ_00002562,2026-09-12 10:35:05
EVT_002563,IF_PRC_001,PRC,MFG,ESB,SOAP,Warning,PRC_EXT_764,"WARNING: External service MFG returned an error response (degraded, retrying)",ExternalService,3075,SES_001680,REQ_00002563,2026-09-12 16:09:31
EVT_002564,IF_ORD_001,ORD,MFG,MsgBus,Async,Failed,ORD_NET_765,Network error contacting MFG: connection reset,Network,1856,SES_001681,REQ_00002564,2026-09-12 16:58:55
EVT_002565,IF_MFG_003,MFG,DLV,ESB,CDC,Failed,MFG_CAP_766,Capacity limit reached on MFG: request throttled,Capacity,5556,SES_001681,REQ_00002565,2026-09-12 17:00:56
EVT_002566,IF_ASM_001,ASM,DLV,ESB,Batch,Warning,ASM_TMO_767,"WARNING: Timeout waiting for DLV to respond (degraded, retrying)",Timeout,1358,SES_001682,REQ_00002566,2026-09-11 12:40:02
EVT_002567,IF_DLV_001,DLV,ORD,API,REST,Failed,DLV_AUTHZ_768,Authorization denied for DLV->ORD request,Authorization,1757,SES_001682,REQ_00002567,2026-09-11 12:43:46
EVT_002568,IF_DLV_002,DLV,PAY,MsgBus,Async,Warning,DLV_DB_769,"WARNING: Database DLV operation failed: connection pool exhausted (degraded, retrying)",Database,3841,SES_001682,REQ_00002568,2026-09-11 12:44:00
EVT_002569,IF_PRC_001,PRC,MFG,ESB,SOAP,Failed,PRC_EXT_770,External service MFG returned an error response,ExternalService,3195,SES_001683,REQ_00002569,2026-09-10 13:03:52
EVT_002570,IF_ASM_001,ASM,DLV,ESB,Batch,Failed,ASM_TMO_771,Timeout waiting for DLV to respond,Timeout,1806,SES_001684,REQ_00002570,2026-09-15 16:30:42
EVT_002571,IF_DLV_001,DLV,ORD,API,REST,Warning,DLV_VAL_772,"WARNING: Validation failed for payload from DLV (degraded, retrying)",Validation,1466,SES_001685,REQ_00002571,2026-09-16 09:28:18
EVT_002572,IF_PAY_001,PAY,ORD,API,REST,Warning,PAY_EXT_773,"WARNING: External service ORD returned an error response (degraded, retrying)",ExternalService,1521,SES_001686,REQ_00002572,2026-09-13 06:36:11
EVT_002573,IF_ORD_004,ORD,DLV,ESB,Batch,Warning,ORD_EXT_774,"WARNING: External service DLV returned an error response (degraded, retrying)",ExternalService,11874,SES_001686,REQ_00002573,2026-09-13 06:36:36
EVT_002574,IF_ORD_001,ORD,MFG,MsgBus,Async,Failed,ORD_INFRA_775,Infrastructure fault on ORD: node unavailable,Infrastructure,2162,SES_001686,REQ_00002574,2026-09-13 06:39:26
EVT_002575,IF_PRC_002,PRC,ASM,MsgBus,Async,Warning,PRC_TMO_776,"WARNING: Timeout waiting for ASM to respond (degraded, retrying)",Timeout,3430,SES_001687,REQ_00002575,2026-09-11 20:13:46
EVT_002576,IF_ASM_001,ASM,DLV,ESB,Batch,Warning,ASM_DB_777,"WARNING: Database ASM operation failed: connection pool exhausted (degraded, retrying)",Database,3172,SES_001687,REQ_00002576,2026-09-11 20:14:14
EVT_002577,IF_ASM_002,ASM,MFG,API,REST,Failed,ASM_CAP_778,Capacity limit reached on ASM: request throttled,Capacity,2698,SES_001687,REQ_00002577,2026-09-11 20:18:15
EVT_002578,IF_ORD_002,ORD,PAY,API,REST,Failed,ORD_DB_779,Database ORD operation failed: connection pool exhausted,Database,1524,SES_001688,REQ_00002578,2026-09-15 11:23:49
EVT_002579,IF_ASM_001,ASM,DLV,ESB,Batch,Warning,ASM_AUTHZ_780,"WARNING: Authorization denied for ASM->DLV request (degraded, retrying)",Authorization,1165,SES_001689,REQ_00002579,2026-09-11 13:36:26
EVT_002580,IF_MFG_002,MFG,PRC,API,REST,Failed,MFG_TMO_781,Timeout waiting for PRC to respond,Timeout,2129,SES_001690,REQ_00002580,2026-09-16 01:12:43
EVT_002581,IF_ORD_003,ORD,PRC,ESB,SOAP,Failed,ORD_NET_782,Network error contacting PRC: connection reset,Network,2572,SES_001691,REQ_00002581,2026-09-13 13:21:22
EVT_002582,IF_PRC_001,PRC,MFG,ESB,SOAP,Warning,PRC_EXT_783,"WARNING: External service MFG returned an error response (degraded, retrying)",ExternalService,3767,SES_001691,REQ_00002582,2026-09-13 13:22:56
EVT_002583,IF_MFG_003,MFG,DLV,ESB,CDC,Failed,MFG_NET_784,Network error contacting DLV: connection reset,Network,6109,SES_001692,REQ_00002583,2026-09-11 06:11:11
EVT_002584,IF_ORD_001,ORD,MFG,MsgBus,Async,Failed,ORD_AUTH_785,Authentication rejected between ORD and MFG,Authentication,446,SES_001693,REQ_00002584,2026-09-13 12:07:31
EVT_002585,IF_PRC_002,PRC,ASM,MsgBus,Async,Failed,PRC_AUTHZ_786,Authorization denied for PRC->ASM request,Authorization,2947,SES_001694,REQ_00002585,2026-09-12 10:35:25
EVT_002586,IF_ORD_002,ORD,PAY,API,REST,Warning,ORD_EXT_787,"WARNING: External service PAY returned an error response (degraded, retrying)",ExternalService,1992,SES_001695,REQ_00002586,2026-09-11 14:51:11
EVT_002587,IF_ORD_002,ORD,PAY,API,REST,Failed,ORD_TMO_788,Timeout waiting for PAY to respond,Timeout,1746,SES_001696,REQ_00002587,2026-09-10 08:56:17
EVT_002588,IF_ORD_001,ORD,MFG,MsgBus,Async,Failed,ORD_NET_789,Network error contacting MFG: connection reset,Network,1088,SES_001697,REQ_00002588,2026-09-13 13:56:48
EVT_002589,IF_MFG_003,MFG,DLV,ESB,CDC,Failed,MFG_CFG_790,Configuration mismatch on MFG endpoint,Configuration,1826,SES_001698,REQ_00002589,2026-09-10 18:43:00
EVT_002590,IF_ORD_002,ORD,PAY,API,REST,Failed,ORD_TMO_791,Timeout waiting for PAY to respond,Timeout,723,SES_001699,REQ_00002590,2026-09-12 19:24:36
EVT_002591,IF_ORD_002,ORD,PAY,API,REST,Failed,ORD_EXT_792,External service PAY returned an error response,ExternalService,1629,SES_001700,REQ_00002591,2026-09-11 19:00:34
EVT_002592,IF_PAY_001,PAY,ORD,API,REST,Failed,PAY_CFG_793,Configuration mismatch on PAY endpoint,Configuration,910,SES_001700,REQ_00002592,2026-09-11 19:01:31
EVT_002593,IF_PAY_002,PAY,PRC,API,REST,Failed,PAY_TMO_794,Timeout waiting for PRC to respond,Timeout,2827,SES_001700,REQ_00002593,2026-09-11 19:04:32
EVT_002594,IF_PAY_001,PAY,ORD,API,REST,Failed,PAY_DB_795,Database PAY operation failed: connection pool exhausted,Database,933,SES_001701,REQ_00002594,2026-09-11 18:07:52
EVT_002595,IF_PAY_001,PAY,ORD,API,REST,Failed,PAY_AUTHZ_796,Authorization denied for PAY->ORD request,Authorization,979,SES_001702,REQ_00002595,2026-09-10 09:27:45
EVT_002596,IF_ORD_001,ORD,MFG,MsgBus,Async,Failed,ORD_AUTH_797,Authentication rejected between ORD and MFG,Authentication,818,SES_001702,REQ_00002596,2026-09-10 09:29:32
EVT_002597,IF_ORD_002,ORD,PAY,API,REST,Warning,ORD_DB_798,"WARNING: Database ORD operation failed: connection pool exhausted (degraded, retrying)",Database,1248,SES_001702,REQ_00002597,2026-09-10 09:30:58
EVT_002598,IF_PRC_001,PRC,MFG,ESB,SOAP,Failed,PRC_EXT_799,External service MFG returned an error response,ExternalService,1920,SES_001703,REQ_00002598,2026-09-12 17:26:47
EVT_002599,IF_MFG_003,MFG,DLV,ESB,CDC,Warning,MFG_NET_800,"WARNING: Network error contacting DLV: connection reset (degraded, retrying)",Network,6953,SES_001703,REQ_00002599,2026-09-12 17:27:12
EVT_002600,IF_ORD_001,ORD,MFG,MsgBus,Async,Failed,ORD_CAP_801,Capacity limit reached on ORD: request throttled,Capacity,1051,SES_001704,REQ_00002600,2026-09-12 18:15:39
EVT_002601,IF_MFG_003,MFG,DLV,ESB,CDC,Warning,MFG_INFRA_802,"WARNING: Infrastructure fault on MFG: node unavailable (degraded, retrying)",Infrastructure,915,SES_001704,REQ_00002601,2026-09-12 18:17:19
EVT_002602,IF_MFG_001,MFG,ASM,MsgBus,Async,Warning,MFG_INFRA_803,"WARNING: Infrastructure fault on MFG: node unavailable (degraded, retrying)",Infrastructure,1421,SES_001704,REQ_00002602,2026-09-12 18:18:44
EVT_002603,IF_ORD_001,ORD,MFG,MsgBus,Async,Warning,ORD_CFG_804,"WARNING: Configuration mismatch on ORD endpoint (degraded, retrying)",Configuration,873,SES_001705,REQ_00002603,2026-09-16 11:54:03
EVT_002604,IF_PAY_001,PAY,ORD,API,REST,Failed,PAY_VAL_805,Validation failed for payload from PAY,Validation,966,SES_001706,REQ_00002604,2026-09-15 18:14:54
EVT_002605,IF_ORD_002,ORD,PAY,API,REST,Failed,ORD_CFG_806,Configuration mismatch on ORD endpoint,Configuration,635,SES_001707,REQ_00002605,2026-09-14 09:49:15
EVT_002606,IF_PRC_002,PRC,ASM,MsgBus,Async,Warning,PRC_CFG_807,"WARNING: Configuration mismatch on PRC endpoint (degraded, retrying)",Configuration,596,SES_001708,REQ_00002606,2026-09-10 17:01:22
EVT_002607,IF_PRC_002,PRC,ASM,MsgBus,Async,Failed,PRC_AUTHZ_808,Authorization denied for PRC->ASM request,Authorization,1727,SES_001709,REQ_00002607,2026-09-16 10:10:56
EVT_002608,IF_ORD_001,ORD,MFG,MsgBus,Async,Failed,ORD_TMO_809,Timeout waiting for MFG to respond,Timeout,1622,SES_001710,REQ_00002608,2026-09-14 14:08:03
EVT_002609,IF_PAY_001,PAY,ORD,API,REST,Failed,PAY_AUTH_810,Authentication rejected between PAY and ORD,Authentication,832,SES_001711,REQ_00002609,2026-09-12 09:58:00
EVT_002610,IF_MFG_001,MFG,ASM,MsgBus,Async,Failed,MFG_TMO_811,Timeout waiting for ASM to respond,Timeout,1116,SES_001712,REQ_00002610,2026-09-12 14:50:06
EVT_002611,IF_DLV_001,DLV,ORD,API,REST,Failed,DLV_AUTHZ_812,Authorization denied for DLV->ORD request,Authorization,826,SES_001713,REQ_00002611,2026-09-11 16:08:27
EVT_002612,IF_DLV_002,DLV,PAY,MsgBus,Async,Warning,DLV_CAP_813,"WARNING: Capacity limit reached on DLV: request throttled (degraded, retrying)",Capacity,1921,SES_001714,REQ_00002612,2026-09-13 10:06:57
EVT_002613,IF_MFG_002,MFG,PRC,API,REST,Warning,MFG_AUTH_814,"WARNING: Authentication rejected between MFG and PRC (degraded, retrying)",Authentication,3929,SES_001715,REQ_00002613,2026-09-10 00:37:10
EVT_002614,IF_PRC_002,PRC,ASM,MsgBus,Async,Failed,PRC_AUTHZ_815,Authorization denied for PRC->ASM request,Authorization,1131,SES_001715,REQ_00002614,2026-09-10 00:40:13
EVT_002615,IF_ORD_001,ORD,MFG,MsgBus,Async,Warning,ORD_AUTH_816,"WARNING: Authentication rejected between ORD and MFG (degraded, retrying)",Authentication,392,SES_001716,REQ_00002615,2026-09-12 10:49:08
EVT_002616,IF_MFG_001,MFG,ASM,MsgBus,Async,Failed,MFG_CAP_817,Capacity limit reached on MFG: request throttled,Capacity,2060,SES_001717,REQ_00002616,2026-09-13 13:37:29
EVT_002617,IF_PRC_002,PRC,ASM,MsgBus,Async,Warning,PRC_AUTH_818,"WARNING: Authentication rejected between PRC and ASM (degraded, retrying)",Authentication,1203,SES_001718,REQ_00002617,2026-09-16 09:05:32
EVT_002618,IF_ASM_001,ASM,DLV,ESB,Batch,Warning,ASM_AUTH_819,"WARNING: Authentication rejected between ASM and DLV (degraded, retrying)",Authentication,1375,SES_001719,REQ_00002618,2026-09-14 16:37:11
EVT_002619,IF_DLV_001,DLV,ORD,API,REST,Warning,DLV_CFG_820,"WARNING: Configuration mismatch on DLV endpoint (degraded, retrying)",Configuration,1506,SES_001719,REQ_00002619,2026-09-14 16:42:07
EVT_002620,IF_DLV_002,DLV,PAY,MsgBus,Async,Warning,DLV_NET_821,"WARNING: Network error contacting PAY: connection reset (degraded, retrying)",Network,3840,SES_001719,REQ_00002620,2026-09-14 16:41:58
EVT_002621,IF_PRC_002,PRC,ASM,MsgBus,Async,Failed,PRC_EXT_822,External service ASM returned an error response,ExternalService,1683,SES_001720,REQ_00002621,2026-09-10 09:29:45
EVT_002622,IF_ASM_001,ASM,DLV,ESB,Batch,Warning,ASM_AUTHZ_823,"WARNING: Authorization denied for ASM->DLV request (degraded, retrying)",Authorization,1289,SES_001720,REQ_00002622,2026-09-10 09:34:24
EVT_002623,IF_ORD_001,ORD,MFG,MsgBus,Async,Failed,ORD_EXT_824,External service MFG returned an error response,ExternalService,1213,SES_001721,REQ_00002623,2026-09-13 09:50:11
EVT_002624,IF_ASM_002,ASM,MFG,API,REST,Warning,ASM_AUTHZ_825,"WARNING: Authorization denied for ASM->MFG request (degraded, retrying)",Authorization,910,SES_001722,REQ_00002624,2026-09-12 11:13:55
EVT_002625,IF_MFG_003,MFG,DLV,ESB,CDC,Failed,MFG_DB_826,Database MFG operation failed: connection pool exhausted,Database,6103,SES_001722,REQ_00002625,2026-09-12 11:15:30
EVT_002626,IF_MFG_001,MFG,ASM,MsgBus,Async,Failed,MFG_AUTH_827,Authentication rejected between MFG and ASM,Authentication,1270,SES_001723,REQ_00002626,2026-09-12 16:42:59
EVT_002627,IF_ASM_001,ASM,DLV,ESB,Batch,Warning,ASM_INFRA_828,"WARNING: Infrastructure fault on ASM: node unavailable (degraded, retrying)",Infrastructure,1401,SES_001723,REQ_00002627,2026-09-12 16:43:07
EVT_002628,IF_ORD_002,ORD,PAY,API,REST,Failed,ORD_DB_829,Database ORD operation failed: connection pool exhausted,Database,1400,SES_001724,REQ_00002628,2026-09-12 07:36:36
EVT_002629,IF_PAY_001,PAY,ORD,API,REST,Failed,PAY_AUTHZ_830,Authorization denied for PAY->ORD request,Authorization,1796,SES_001725,REQ_00002629,2026-09-16 15:02:08
EVT_002630,IF_MFG_001,MFG,ASM,MsgBus,Async,Failed,MFG_CFG_831,Configuration mismatch on MFG endpoint,Configuration,3852,SES_001726,REQ_00002630,2026-09-11 07:53:18
EVT_002631,IF_MFG_001,MFG,ASM,MsgBus,Async,Failed,MFG_AUTH_832,Authentication rejected between MFG and ASM,Authentication,4364,SES_001727,REQ_00002631,2026-09-11 11:12:34
EVT_002632,IF_ASM_002,ASM,MFG,API,REST,Failed,ASM_VAL_833,Validation failed for payload from ASM,Validation,1358,SES_001727,REQ_00002632,2026-09-11 11:16:10
EVT_002633,IF_ORD_001,ORD,MFG,MsgBus,Async,Warning,ORD_EXT_834,"WARNING: External service MFG returned an error response (degraded, retrying)",ExternalService,2364,SES_001728,REQ_00002633,2026-09-10 11:17:25
EVT_002634,IF_ASM_001,ASM,DLV,ESB,Batch,Failed,ASM_DB_835,Database ASM operation failed: connection pool exhausted,Database,2531,SES_001729,REQ_00002634,2026-09-13 10:45:33
EVT_002635,IF_DLV_001,DLV,ORD,API,REST,Warning,DLV_EXT_836,"WARNING: External service ORD returned an error response (degraded, retrying)",ExternalService,2778,SES_001729,REQ_00002635,2026-09-13 10:46:21
EVT_002636,IF_DLV_002,DLV,PAY,MsgBus,Async,Warning,DLV_CFG_837,"WARNING: Configuration mismatch on DLV endpoint (degraded, retrying)",Configuration,7071,SES_001729,REQ_00002636,2026-09-13 10:46:31
EVT_002637,IF_ORD_001,ORD,MFG,MsgBus,Async,Failed,ORD_INFRA_838,Infrastructure fault on ORD: node unavailable,Infrastructure,1070,SES_001730,REQ_00002637,2026-09-16 14:18:45
EVT_002638,IF_MFG_003,MFG,DLV,ESB,CDC,Failed,MFG_INFRA_839,Infrastructure fault on MFG: node unavailable,Infrastructure,2591,SES_001731,REQ_00002638,2026-09-12 18:18:07
EVT_002639,IF_MFG_003,MFG,DLV,ESB,CDC,Failed,MFG_CFG_840,Configuration mismatch on MFG endpoint,Configuration,3570,SES_001732,REQ_00002639,2026-09-12 13:26:57
EVT_002640,IF_DLV_002,DLV,PAY,MsgBus,Async,Failed,DLV_TMO_841,Timeout waiting for PAY to respond,Timeout,3668,SES_001732,REQ_00002640,2026-09-12 13:30:38
EVT_002641,IF_DLV_001,DLV,ORD,API,REST,Failed,DLV_DB_842,Database DLV operation failed: connection pool exhausted,Database,3744,SES_001732,REQ_00002641,2026-09-12 13:31:20
EVT_002642,IF_ORD_002,ORD,PAY,API,REST,Warning,ORD_DB_843,"WARNING: Database ORD operation failed: connection pool exhausted (degraded, retrying)",Database,1820,SES_001733,REQ_00002642,2026-09-13 14:36:12
EVT_002643,IF_PAY_001,PAY,ORD,API,REST,Warning,PAY_TMO_844,"WARNING: Timeout waiting for ORD to respond (degraded, retrying)",Timeout,735,SES_001733,REQ_00002643,2026-09-13 14:38:30
EVT_002644,IF_PAY_002,PAY,PRC,API,REST,Failed,PAY_CFG_845,Configuration mismatch on PAY endpoint,Configuration,2702,SES_001733,REQ_00002644,2026-09-13 14:39:53
EVT_002645,IF_ORD_002,ORD,PAY,API,REST,Warning,ORD_VAL_846,"WARNING: Validation failed for payload from ORD (degraded, retrying)",Validation,476,SES_001734,REQ_00002645,2026-09-12 12:48:00
EVT_002646,IF_ORD_003,ORD,PRC,ESB,SOAP,Failed,ORD_CFG_847,Configuration mismatch on ORD endpoint,Configuration,1373,SES_001735,REQ_00002646,2026-09-11 12:36:02
EVT_002647,IF_PRC_002,PRC,ASM,MsgBus,Async,Warning,PRC_AUTHZ_848,"WARNING: Authorization denied for PRC->ASM request (degraded, retrying)",Authorization,1200,SES_001735,REQ_00002647,2026-09-11 12:38:57
EVT_002648,IF_PAY_001,PAY,ORD,API,REST,Failed,PAY_AUTHZ_849,Authorization denied for PAY->ORD request,Authorization,944,SES_001736,REQ_00002648,2026-09-15 20:11:05
EVT_002649,IF_PRC_002,PRC,ASM,MsgBus,Async,Failed,PRC_EXT_850,External service ASM returned an error response,ExternalService,1042,SES_001737,REQ_00002649,2026-09-10 14:14:30
EVT_002650,IF_PRC_001,PRC,MFG,ESB,SOAP,Warning,PRC_VAL_851,"WARNING: Validation failed for payload from PRC (degraded, retrying)",Validation,764,SES_001738,REQ_00002650,2026-09-13 16:18:14
EVT_002651,IF_MFG_001,MFG,ASM,MsgBus,Async,Failed,MFG_AUTHZ_852,Authorization denied for MFG->ASM request,Authorization,1917,SES_001738,REQ_00002651,2026-09-13 16:22:53
EVT_002652,IF_DLV_002,DLV,PAY,MsgBus,Async,Warning,DLV_EXT_853,"WARNING: External service PAY returned an error response (degraded, retrying)",ExternalService,4954,SES_001739,REQ_00002652,2026-09-13 17:08:43
EVT_002653,IF_ASM_001,ASM,DLV,ESB,Batch,Failed,ASM_VAL_854,Validation failed for payload from ASM,Validation,1719,SES_001740,REQ_00002653,2026-09-10 11:19:56
EVT_002654,IF_ORD_002,ORD,PAY,API,REST,Warning,ORD_DB_855,"WARNING: Database ORD operation failed: connection pool exhausted (degraded, retrying)",Database,1661,SES_001741,REQ_00002654,2026-09-11 12:59:44
EVT_002655,IF_PAY_001,PAY,ORD,API,REST,Warning,PAY_CFG_856,"WARNING: Configuration mismatch on PAY endpoint (degraded, retrying)",Configuration,472,SES_001741,REQ_00002655,2026-09-11 12:59:56
EVT_002656,IF_PAY_002,PAY,PRC,API,REST,Warning,PAY_DB_857,"WARNING: Database PAY operation failed: connection pool exhausted (degraded, retrying)",Database,3098,SES_001741,REQ_00002656,2026-09-11 13:03:25
EVT_002657,IF_ORD_003,ORD,PRC,ESB,SOAP,Failed,ORD_TMO_858,Timeout waiting for PRC to respond,Timeout,2737,SES_001742,REQ_00002657,2026-09-12 19:37:32
EVT_002658,IF_PRC_001,PRC,MFG,ESB,SOAP,Warning,PRC_INFRA_859,"WARNING: Infrastructure fault on PRC: node unavailable (degraded, retrying)",Infrastructure,669,SES_001742,REQ_00002658,2026-09-12 19:38:35
EVT_002659,IF_PRC_002,PRC,ASM,MsgBus,Async,Failed,PRC_TMO_860,Timeout waiting for ASM to respond,Timeout,3496,SES_001742,REQ_00002659,2026-09-12 19:41:04
EVT_002660,IF_PRC_002,PRC,ASM,MsgBus,Async,Failed,PRC_VAL_861,Validation failed for payload from PRC,Validation,1246,SES_001743,REQ_00002660,2026-09-16 07:01:49
EVT_002661,IF_PAY_001,PAY,ORD,API,REST,Warning,PAY_CAP_862,"WARNING: Capacity limit reached on PAY: request throttled (degraded, retrying)",Capacity,505,SES_001744,REQ_00002661,2026-09-15 14:52:02
EVT_002662,IF_DLV_001,DLV,ORD,API,REST,Warning,DLV_EXT_863,"WARNING: External service ORD returned an error response (degraded, retrying)",ExternalService,968,SES_001745,REQ_00002662,2026-09-15 13:39:55
EVT_002663,IF_MFG_002,MFG,PRC,API,REST,Failed,MFG_INFRA_864,Infrastructure fault on MFG: node unavailable,Infrastructure,6059,SES_001746,REQ_00002663,2026-09-15 11:01:54
EVT_002664,IF_PRC_001,PRC,MFG,ESB,SOAP,Failed,PRC_TMO_865,Timeout waiting for MFG to respond,Timeout,984,SES_001746,REQ_00002664,2026-09-15 11:06:35
EVT_002665,IF_PAY_001,PAY,ORD,API,REST,Failed,PAY_DB_866,Database PAY operation failed: connection pool exhausted,Database,1201,SES_001747,REQ_00002665,2026-09-11 17:48:04
EVT_002666,IF_MFG_001,MFG,ASM,MsgBus,Async,Warning,MFG_CAP_867,"WARNING: Capacity limit reached on MFG: request throttled (degraded, retrying)",Capacity,1429,SES_001748,REQ_00002666,2026-09-11 16:32:53
EVT_002667,IF_PAY_002,PAY,PRC,API,REST,Warning,PAY_CFG_868,"WARNING: Configuration mismatch on PAY endpoint (degraded, retrying)",Configuration,2012,SES_001749,REQ_00002667,2026-09-14 09:44:20
EVT_002668,IF_ORD_003,ORD,PRC,ESB,SOAP,Failed,ORD_EXT_869,External service PRC returned an error response,ExternalService,2573,SES_001750,REQ_00002668,2026-09-10 13:52:53
EVT_002669,IF_PRC_002,PRC,ASM,MsgBus,Async,Failed,PRC_AUTH_870,Authentication rejected between PRC and ASM,Authentication,1630,SES_001750,REQ_00002669,2026-09-10 13:54:56
EVT_002670,IF_ASM_002,ASM,MFG,API,REST,Warning,ASM_EXT_871,"WARNING: External service MFG returned an error response (degraded, retrying)",ExternalService,3635,SES_001751,REQ_00002670,2026-09-15 03:18:22
EVT_002671,IF_PRC_001,PRC,MFG,ESB,SOAP,Failed,PRC_AUTH_872,Authentication rejected between PRC and MFG,Authentication,2094,SES_001752,REQ_00002671,2026-09-10 14:52:34
EVT_002672,IF_ASM_001,ASM,DLV,ESB,Batch,Failed,ASM_CFG_873,Configuration mismatch on ASM endpoint,Configuration,1817,SES_001753,REQ_00002672,2026-09-12 10:58:32
EVT_002673,IF_PRC_001,PRC,MFG,ESB,SOAP,Failed,PRC_EXT_874,External service MFG returned an error response,ExternalService,2243,SES_001754,REQ_00002673,2026-09-15 15:47:04
EVT_002674,IF_MFG_001,MFG,ASM,MsgBus,Async,Failed,MFG_AUTHZ_875,Authorization denied for MFG->ASM request,Authorization,1924,SES_001754,REQ_00002674,2026-09-15 15:48:59
EVT_002675,IF_MFG_003,MFG,DLV,ESB,CDC,Warning,MFG_AUTH_876,"WARNING: Authentication rejected between MFG and DLV (degraded, retrying)",Authentication,3017,SES_001754,REQ_00002675,2026-09-15 15:47:32
EVT_002676,IF_MFG_001,MFG,ASM,MsgBus,Async,Failed,MFG_DB_877,Database MFG operation failed: connection pool exhausted,Database,1469,SES_001755,REQ_00002676,2026-09-15 15:57:54
EVT_002677,IF_ASM_001,ASM,DLV,ESB,Batch,Warning,ASM_AUTH_878,"WARNING: Authentication rejected between ASM and DLV (degraded, retrying)",Authentication,501,SES_001755,REQ_00002677,2026-09-15 15:59:15
EVT_002678,IF_ORD_001,ORD,MFG,MsgBus,Async,Warning,ORD_NET_879,"WARNING: Network error contacting MFG: connection reset (degraded, retrying)",Network,1170,SES_001756,REQ_00002678,2026-09-11 05:40:34
EVT_002679,IF_MFG_001,MFG,ASM,MsgBus,Async,Warning,MFG_AUTH_880,"WARNING: Authentication rejected between MFG and ASM (degraded, retrying)",Authentication,1460,SES_001757,REQ_00002679,2026-09-14 20:35:11
EVT_002680,IF_PRC_002,PRC,ASM,MsgBus,Async,Warning,PRC_AUTHZ_881,"WARNING: Authorization denied for PRC->ASM request (degraded, retrying)",Authorization,1591,SES_001758,REQ_00002680,2026-09-15 17:29:09
EVT_002681,IF_PRC_002,PRC,ASM,MsgBus,Async,Failed,PRC_CAP_882,Capacity limit reached on PRC: request throttled,Capacity,1628,SES_001759,REQ_00002681,2026-09-15 10:04:26
EVT_002682,IF_PRC_001,PRC,MFG,ESB,SOAP,Failed,PRC_DB_883,Database PRC operation failed: connection pool exhausted,Database,2488,SES_001760,REQ_00002682,2026-09-13 17:10:51
EVT_002683,IF_MFG_001,MFG,ASM,MsgBus,Async,Warning,MFG_EXT_884,"WARNING: External service ASM returned an error response (degraded, retrying)",ExternalService,1454,SES_001761,REQ_00002683,2026-09-11 15:29:03
EVT_002684,IF_ASM_001,ASM,DLV,ESB,Batch,Failed,ASM_EXT_885,External service DLV returned an error response,ExternalService,2696,SES_001761,REQ_00002684,2026-09-11 15:31:51
EVT_002685,IF_DLV_001,DLV,ORD,API,REST,Failed,DLV_DB_886,Database DLV operation failed: connection pool exhausted,Database,3815,SES_001762,REQ_00002685,2026-09-12 11:33:43
EVT_002686,IF_DLV_002,DLV,PAY,MsgBus,Async,Failed,DLV_CAP_887,Capacity limit reached on DLV: request throttled,Capacity,8600,SES_001763,REQ_00002686,2026-09-15 09:10:42
EVT_002687,IF_PRC_002,PRC,ASM,MsgBus,Async,Failed,PRC_TMO_888,Timeout waiting for ASM to respond,Timeout,2054,SES_001764,REQ_00002687,2026-09-13 11:00:11
EVT_002688,IF_PRC_001,PRC,MFG,ESB,SOAP,Failed,PRC_AUTH_889,Authentication rejected between PRC and MFG,Authentication,963,SES_001765,REQ_00002688,2026-09-11 14:41:48
EVT_002689,IF_ORD_002,ORD,PAY,API,REST,Warning,ORD_AUTH_890,"WARNING: Authentication rejected between ORD and PAY (degraded, retrying)",Authentication,1727,SES_001766,REQ_00002689,2026-09-15 11:22:22
EVT_002690,IF_ORD_001,ORD,MFG,MsgBus,Async,Failed,ORD_EXT_891,External service MFG returned an error response,ExternalService,1737,SES_001767,REQ_00002690,2026-09-12 16:17:43
EVT_002691,IF_DLV_002,DLV,PAY,MsgBus,Async,Failed,DLV_TMO_892,Timeout waiting for PAY to respond,Timeout,3217,SES_001768,REQ_00002691,2026-09-14 14:07:22
EVT_002692,IF_ORD_002,ORD,PAY,API,REST,Failed,ORD_EXT_893,External service PAY returned an error response,ExternalService,1706,SES_001769,REQ_00002692,2026-09-13 12:12:08
EVT_002693,IF_ORD_002,ORD,PAY,API,REST,Failed,ORD_CAP_894,Capacity limit reached on ORD: request throttled,Capacity,973,SES_001770,REQ_00002693,2026-09-14 12:37:04
EVT_002694,IF_ORD_001,ORD,MFG,MsgBus,Async,Failed,ORD_CAP_895,Capacity limit reached on ORD: request throttled,Capacity,739,SES_001771,REQ_00002694,2026-09-15 19:08:47
EVT_002695,IF_PAY_001,PAY,ORD,API,REST,Failed,PAY_TMO_896,Timeout waiting for ORD to respond,Timeout,1921,SES_001772,REQ_00002695,2026-09-14 14:00:24
EVT_002696,IF_ORD_004,ORD,DLV,ESB,Batch,Warning,ORD_CAP_897,"WARNING: Capacity limit reached on ORD: request throttled (degraded, retrying)",Capacity,4129,SES_001773,REQ_00002696,2026-09-11 18:24:39
EVT_002697,IF_ORD_003,ORD,PRC,ESB,SOAP,Failed,ORD_VAL_898,Validation failed for payload from ORD,Validation,1702,SES_001774,REQ_00002697,2026-09-14 16:46:35
EVT_002698,IF_MFG_001,MFG,ASM,MsgBus,Async,Failed,MFG_EXT_899,External service ASM returned an error response,ExternalService,2487,SES_001775,REQ_00002698,2026-09-14 13:31:28
EVT_002699,IF_ASM_001,ASM,DLV,ESB,Batch,Warning,ASM_CAP_900,"WARNING: Capacity limit reached on ASM: request throttled (degraded, retrying)",Capacity,1083,SES_001775,REQ_00002699,2026-09-14 13:32:18
EVT_002700,IF_PAY_001,PAY,ORD,API,REST,Failed,PAY_NET_001,Network error contacting ORD: connection reset,Network,2369,SES_001776,REQ_00002700,2026-09-16 14:09:08
EVT_002701,IF_ASM_001,ASM,DLV,ESB,Batch,Failed,ASM_AUTH_002,Authentication rejected between ASM and DLV,Authentication,1711,SES_001777,REQ_00002701,2026-09-13 09:39:46
EVT_002702,IF_ORD_001,ORD,MFG,MsgBus,Async,Failed,ORD_DB_003,Database ORD operation failed: connection pool exhausted,Database,790,SES_001778,REQ_00002702,2026-09-16 10:59:36
EVT_002703,IF_PRC_001,PRC,MFG,ESB,SOAP,Failed,PRC_CAP_004,Capacity limit reached on PRC: request throttled,Capacity,1410,SES_001779,REQ_00002703,2026-09-11 18:53:34
EVT_002704,IF_MFG_002,MFG,PRC,API,REST,Warning,MFG_AUTH_005,"WARNING: Authentication rejected between MFG and PRC (degraded, retrying)",Authentication,3080,SES_001780,REQ_00002704,2026-09-13 11:47:50
EVT_002705,IF_ORD_002,ORD,PAY,API,REST,Warning,ORD_DB_006,"WARNING: Database ORD operation failed: connection pool exhausted (degraded, retrying)",Database,1346,SES_001781,REQ_00002705,2026-09-15 09:33:11
EVT_002706,IF_MFG_003,MFG,DLV,ESB,CDC,Failed,MFG_CAP_007,Capacity limit reached on MFG: request throttled,Capacity,2402,SES_001782,REQ_00002706,2026-09-14 20:06:39
EVT_002707,IF_ORD_001,ORD,MFG,MsgBus,Async,Warning,ORD_AUTHZ_008,"WARNING: Authorization denied for ORD->MFG request (degraded, retrying)",Authorization,966,SES_001783,REQ_00002707,2026-09-16 16:58:52
EVT_002708,IF_PRC_001,PRC,MFG,ESB,SOAP,Failed,PRC_NET_009,Network error contacting MFG: connection reset,Network,3568,SES_001784,REQ_00002708,2026-09-12 10:59:00
EVT_002709,IF_MFG_001,MFG,ASM,MsgBus,Async,Failed,MFG_DB_010,Database MFG operation failed: connection pool exhausted,Database,1782,SES_001784,REQ_00002709,2026-09-12 11:01:30
EVT_002710,IF_ORD_002,ORD,PAY,API,REST,Failed,ORD_NET_011,Network error contacting PAY: connection reset,Network,1478,SES_001785,REQ_00002710,2026-09-12 13:07:45
EVT_002711,IF_PRC_001,PRC,MFG,ESB,SOAP,Failed,PRC_INFRA_012,Infrastructure fault on PRC: node unavailable,Infrastructure,709,SES_001786,REQ_00002711,2026-09-16 12:00:03
EVT_002712,IF_MFG_003,MFG,DLV,ESB,CDC,Failed,MFG_INFRA_013,Infrastructure fault on MFG: node unavailable,Infrastructure,5401,SES_001786,REQ_00002712,2026-09-16 12:00:49
EVT_002713,IF_MFG_001,MFG,ASM,MsgBus,Async,Failed,MFG_NET_014,Network error contacting ASM: connection reset,Network,2583,SES_001786,REQ_00002713,2026-09-16 12:05:03
EVT_002714,IF_ORD_003,ORD,PRC,ESB,SOAP,Failed,ORD_AUTH_015,Authentication rejected between ORD and PRC,Authentication,1877,SES_001787,REQ_00002714,2026-09-11 10:02:12
EVT_002715,IF_ORD_003,ORD,PRC,ESB,SOAP,Failed,ORD_TMO_016,Timeout waiting for PRC to respond,Timeout,3036,SES_001788,REQ_00002715,2026-09-12 14:00:49
EVT_002716,IF_PAY_002,PAY,PRC,API,REST,Failed,PAY_TMO_017,Timeout waiting for PRC to respond,Timeout,7688,SES_001789,REQ_00002716,2026-09-16 10:04:59
EVT_002717,IF_PRC_001,PRC,MFG,ESB,SOAP,Failed,PRC_AUTHZ_018,Authorization denied for PRC->MFG request,Authorization,734,SES_001789,REQ_00002717,2026-09-16 10:09:46
EVT_002718,IF_PAY_001,PAY,ORD,API,REST,Failed,PAY_EXT_019,External service ORD returned an error response,ExternalService,772,SES_001790,REQ_00002718,2026-09-15 09:34:37
EVT_002719,IF_ORD_001,ORD,MFG,MsgBus,Async,Failed,ORD_NET_020,Network error contacting MFG: connection reset,Network,1587,SES_001791,REQ_00002719,2026-09-10 14:22:32
EVT_002720,IF_MFG_001,MFG,ASM,MsgBus,Async,Failed,MFG_CAP_021,Capacity limit reached on MFG: request throttled,Capacity,1188,SES_001791,REQ_00002720,2026-09-10 14:24:52
EVT_002721,IF_MFG_003,MFG,DLV,ESB,CDC,Failed,MFG_DB_022,Database MFG operation failed: connection pool exhausted,Database,5485,SES_001791,REQ_00002721,2026-09-10 14:23:33
EVT_002722,IF_ORD_003,ORD,PRC,ESB,SOAP,Warning,ORD_DB_023,"WARNING: Database ORD operation failed: connection pool exhausted (degraded, retrying)",Database,2942,SES_001792,REQ_00002722,2026-09-10 06:00:37
EVT_002723,IF_PRC_001,PRC,MFG,ESB,SOAP,Failed,PRC_VAL_024,Validation failed for payload from PRC,Validation,3256,SES_001792,REQ_00002723,2026-09-10 06:02:46
EVT_002724,IF_ASM_002,ASM,MFG,API,REST,Warning,ASM_DB_025,"WARNING: Database ASM operation failed: connection pool exhausted (degraded, retrying)",Database,2633,SES_001793,REQ_00002724,2026-09-15 10:24:25
EVT_002725,IF_PAY_002,PAY,PRC,API,REST,Warning,PAY_TMO_026,"WARNING: Timeout waiting for PRC to respond (degraded, retrying)",Timeout,5715,SES_001794,REQ_00002725,2026-09-14 12:17:40
EVT_002726,IF_PRC_001,PRC,MFG,ESB,SOAP,Warning,PRC_EXT_027,"WARNING: External service MFG returned an error response (degraded, retrying)",ExternalService,2921,SES_001794,REQ_00002726,2026-09-14 12:20:57
EVT_002727,IF_PAY_001,PAY,ORD,API,REST,Failed,PAY_CFG_028,Configuration mismatch on PAY endpoint,Configuration,803,SES_001795,REQ_00002727,2026-09-11 16:21:46
EVT_002728,IF_ORD_002,ORD,PAY,API,REST,Warning,ORD_CAP_029,"WARNING: Capacity limit reached on ORD: request throttled (degraded, retrying)",Capacity,597,SES_001795,REQ_00002728,2026-09-11 16:25:57
EVT_002729,IF_ORD_004,ORD,DLV,ESB,Batch,Failed,ORD_DB_030,Database ORD operation failed: connection pool exhausted,Database,12300,SES_001795,REQ_00002729,2026-09-11 16:22:09
EVT_002730,IF_DLV_001,DLV,ORD,API,REST,Warning,DLV_AUTH_031,"WARNING: Authentication rejected between DLV and ORD (degraded, retrying)",Authentication,2339,SES_001796,REQ_00002730,2026-09-14 15:05:34
EVT_002731,IF_ORD_001,ORD,MFG,MsgBus,Async,Failed,ORD_VAL_032,Validation failed for payload from ORD,Validation,1194,SES_001797,REQ_00002731,2026-09-11 17:24:06
EVT_002732,IF_MFG_002,MFG,PRC,API,REST,Failed,MFG_TMO_033,Timeout waiting for PRC to respond,Timeout,6352,SES_001798,REQ_00002732,2026-09-11 15:07:38
EVT_002733,IF_PRC_002,PRC,ASM,MsgBus,Async,Failed,PRC_TMO_034,Timeout waiting for ASM to respond,Timeout,2832,SES_001798,REQ_00002733,2026-09-11 15:09:35
EVT_002734,IF_PRC_001,PRC,MFG,ESB,SOAP,Warning,PRC_AUTH_035,"WARNING: Authentication rejected between PRC and MFG (degraded, retrying)",Authentication,805,SES_001798,REQ_00002734,2026-09-11 15:09:59
EVT_002735,IF_DLV_002,DLV,PAY,MsgBus,Async,Warning,DLV_CFG_036,"WARNING: Configuration mismatch on DLV endpoint (degraded, retrying)",Configuration,1091,SES_001799,REQ_00002735,2026-09-16 06:34:43
EVT_002736,IF_PAY_002,PAY,PRC,API,REST,Failed,PAY_EXT_037,External service PRC returned an error response,ExternalService,6795,SES_001799,REQ_00002736,2026-09-16 06:36:49
EVT_002737,IF_PAY_001,PAY,ORD,API,REST,Failed,PAY_INFRA_038,Infrastructure fault on PAY: node unavailable,Infrastructure,1018,SES_001799,REQ_00002737,2026-09-16 06:38:03
EVT_002738,IF_MFG_003,MFG,DLV,ESB,CDC,Failed,MFG_DB_039,Database MFG operation failed: connection pool exhausted,Database,2585,SES_001800,REQ_00002738,2026-09-12 15:36:24
EVT_002739,IF_DLV_001,DLV,ORD,API,REST,Warning,DLV_DB_040,"WARNING: Database DLV operation failed: connection pool exhausted (degraded, retrying)",Database,1515,SES_001801,REQ_00002739,2026-09-12 02:23:31
EVT_002740,IF_ORD_002,ORD,PAY,API,REST,Failed,ORD_CFG_041,Configuration mismatch on ORD endpoint,Configuration,1023,SES_001802,REQ_00002740,2026-09-12 19:03:25
EVT_002741,IF_ORD_003,ORD,PRC,ESB,SOAP,Failed,ORD_VAL_042,Validation failed for payload from ORD,Validation,2384,SES_001803,REQ_00002741,2026-09-15 07:40:27
EVT_002742,IF_PRC_002,PRC,ASM,MsgBus,Async,Failed,PRC_CFG_043,Configuration mismatch on PRC endpoint,Configuration,2165,SES_001803,REQ_00002742,2026-09-15 07:40:59
EVT_002743,IF_ORD_002,ORD,PAY,API,REST,Warning,ORD_AUTHZ_044,"WARNING: Authorization denied for ORD->PAY request (degraded, retrying)",Authorization,603,SES_001804,REQ_00002743,2026-09-14 10:10:44
EVT_002744,IF_ORD_002,ORD,PAY,API,REST,Failed,ORD_DB_045,Database ORD operation failed: connection pool exhausted,Database,1427,SES_001805,REQ_00002744,2026-09-16 08:41:52
EVT_002745,IF_PAY_001,PAY,ORD,API,REST,Failed,PAY_AUTHZ_046,Authorization denied for PAY->ORD request,Authorization,526,SES_001805,REQ_00002745,2026-09-16 08:46:06
EVT_002746,IF_PAY_002,PAY,PRC,API,REST,Warning,PAY_AUTH_047,"WARNING: Authentication rejected between PAY and PRC (degraded, retrying)",Authentication,2693,SES_001805,REQ_00002746,2026-09-16 08:43:04
EVT_002747,IF_ORD_002,ORD,PAY,API,REST,Failed,ORD_VAL_048,Validation failed for payload from ORD,Validation,333,SES_001806,REQ_00002747,2026-09-12 15:59:21
EVT_002748,IF_PRC_002,PRC,ASM,MsgBus,Async,Failed,PRC_AUTH_049,Authentication rejected between PRC and ASM,Authentication,1743,SES_001807,REQ_00002748,2026-09-14 12:40:22
EVT_002749,IF_PAY_001,PAY,ORD,API,REST,Failed,PAY_CAP_050,Capacity limit reached on PAY: request throttled,Capacity,716,SES_001808,REQ_00002749,2026-09-16 09:50:43
EVT_002750,IF_ORD_001,ORD,MFG,MsgBus,Async,Failed,ORD_INFRA_051,Infrastructure fault on ORD: node unavailable,Infrastructure,567,SES_001809,REQ_00002750,2026-09-10 10:51:26
EVT_002751,IF_ASM_001,ASM,DLV,ESB,Batch,Warning,ASM_EXT_052,"WARNING: External service DLV returned an error response (degraded, retrying)",ExternalService,945,SES_001810,REQ_00002751,2026-09-12 12:40:09
EVT_002752,IF_ORD_001,ORD,MFG,MsgBus,Async,Warning,ORD_DB_053,"WARNING: Database ORD operation failed: connection pool exhausted (degraded, retrying)",Database,583,SES_001811,REQ_00002752,2026-09-10 11:23:01
EVT_002753,IF_PAY_001,PAY,ORD,API,REST,Failed,PAY_VAL_054,Validation failed for payload from PAY,Validation,1145,SES_001812,REQ_00002753,2026-09-10 12:51:06
EVT_002754,IF_ORD_002,ORD,PAY,API,REST,Warning,ORD_CAP_055,"WARNING: Capacity limit reached on ORD: request throttled (degraded, retrying)",Capacity,409,SES_001812,REQ_00002754,2026-09-10 12:53:55
EVT_002755,IF_ORD_001,ORD,MFG,MsgBus,Async,Warning,ORD_TMO_056,"WARNING: Timeout waiting for MFG to respond (degraded, retrying)",Timeout,1366,SES_001813,REQ_00002755,2026-09-12 16:23:13
EVT_002756,IF_MFG_001,MFG,ASM,MsgBus,Async,Failed,MFG_CAP_057,Capacity limit reached on MFG: request throttled,Capacity,1397,SES_001814,REQ_00002756,2026-09-14 20:05:48
EVT_002757,IF_ORD_002,ORD,PAY,API,REST,Failed,ORD_NET_058,Network error contacting PAY: connection reset,Network,1321,SES_001815,REQ_00002757,2026-09-12 17:25:37
EVT_002758,IF_PAY_001,PAY,ORD,API,REST,Warning,PAY_VAL_059,"WARNING: Validation failed for payload from PAY (degraded, retrying)",Validation,851,SES_001815,REQ_00002758,2026-09-12 17:30:25
EVT_002759,IF_PAY_002,PAY,PRC,API,REST,Warning,PAY_INFRA_060,"WARNING: Infrastructure fault on PAY: node unavailable (degraded, retrying)",Infrastructure,3229,SES_001815,REQ_00002759,2026-09-12 17:29:38
EVT_002760,IF_ASM_001,ASM,DLV,ESB,Batch,Failed,ASM_CFG_061,Configuration mismatch on ASM endpoint,Configuration,1883,SES_001816,REQ_00002760,2026-09-15 13:30:51
EVT_002761,IF_DLV_002,DLV,PAY,MsgBus,Async,Failed,DLV_EXT_062,External service PAY returned an error response,ExternalService,4586,SES_001816,REQ_00002761,2026-09-15 13:31:06
EVT_002762,IF_MFG_001,MFG,ASM,MsgBus,Async,Failed,MFG_INFRA_063,Infrastructure fault on MFG: node unavailable,Infrastructure,915,SES_001817,REQ_00002762,2026-09-16 17:44:45
EVT_002763,IF_MFG_003,MFG,DLV,ESB,CDC,Failed,MFG_INFRA_064,Infrastructure fault on MFG: node unavailable,Infrastructure,3646,SES_001818,REQ_00002763,2026-09-12 06:55:35
EVT_002764,IF_MFG_001,MFG,ASM,MsgBus,Async,Failed,MFG_TMO_065,Timeout waiting for ASM to respond,Timeout,2249,SES_001819,REQ_00002764,2026-09-13 12:55:37
EVT_002765,IF_PAY_001,PAY,ORD,API,REST,Failed,PAY_INFRA_066,Infrastructure fault on PAY: node unavailable,Infrastructure,510,SES_001820,REQ_00002765,2026-09-11 10:34:55
EVT_002766,IF_PAY_001,PAY,ORD,API,REST,Failed,PAY_INFRA_067,Infrastructure fault on PAY: node unavailable,Infrastructure,733,SES_001821,REQ_00002766,2026-09-12 15:00:04
EVT_002767,IF_ORD_001,ORD,MFG,MsgBus,Async,Warning,ORD_CAP_068,"WARNING: Capacity limit reached on ORD: request throttled (degraded, retrying)",Capacity,245,SES_001821,REQ_00002767,2026-09-12 15:04:34
EVT_002768,IF_PAY_001,PAY,ORD,API,REST,Failed,PAY_AUTHZ_069,Authorization denied for PAY->ORD request,Authorization,421,SES_001822,REQ_00002768,2026-09-12 17:55:05
EVT_002769,IF_MFG_001,MFG,ASM,MsgBus,Async,Failed,MFG_VAL_070,Validation failed for payload from MFG,Validation,1810,SES_001823,REQ_00002769,2026-09-13 11:36:44
EVT_002770,IF_MFG_002,MFG,PRC,API,REST,Failed,MFG_EXT_071,External service PRC returned an error response,ExternalService,7459,SES_001824,REQ_00002770,2026-09-16 10:15:13
EVT_002771,IF_PRC_002,PRC,ASM,MsgBus,Async,Warning,PRC_CFG_072,"WARNING: Configuration mismatch on PRC endpoint (degraded, retrying)",Configuration,4194,SES_001824,REQ_00002771,2026-09-16 10:19:05
EVT_002772,IF_PRC_001,PRC,MFG,ESB,SOAP,Failed,PRC_DB_073,Database PRC operation failed: connection pool exhausted,Database,3621,SES_001824,REQ_00002772,2026-09-16 10:19:34
EVT_002773,IF_DLV_001,DLV,ORD,API,REST,Failed,DLV_VAL_074,Validation failed for payload from DLV,Validation,1142,SES_001825,REQ_00002773,2026-09-12 16:01:59
EVT_002774,IF_PRC_001,PRC,MFG,ESB,SOAP,Failed,PRC_AUTH_075,Authentication rejected between PRC and MFG,Authentication,727,SES_001826,REQ_00002774,2026-09-12 14:10:39
EVT_002775,IF_ORD_002,ORD,PAY,API,REST,Failed,ORD_DB_076,Database ORD operation failed: connection pool exhausted,Database,1506,SES_001827,REQ_00002775,2026-09-16 16:46:03
EVT_002776,IF_PRC_001,PRC,MFG,ESB,SOAP,Failed,PRC_CAP_077,Capacity limit reached on PRC: request throttled,Capacity,1989,SES_001828,REQ_00002776,2026-09-16 11:10:27
EVT_002777,IF_ASM_001,ASM,DLV,ESB,Batch,Failed,ASM_VAL_078,Validation failed for payload from ASM,Validation,1593,SES_001829,REQ_00002777,2026-09-11 02:02:15
EVT_002778,IF_ORD_003,ORD,PRC,ESB,SOAP,Failed,ORD_NET_079,Network error contacting PRC: connection reset,Network,1705,SES_001830,REQ_00002778,2026-09-16 20:56:50
EVT_002779,IF_PRC_001,PRC,MFG,ESB,SOAP,Warning,PRC_CFG_080,"WARNING: Configuration mismatch on PRC endpoint (degraded, retrying)",Configuration,1627,SES_001830,REQ_00002779,2026-09-16 20:57:45
EVT_002780,IF_DLV_001,DLV,ORD,API,REST,Warning,DLV_CAP_081,"WARNING: Capacity limit reached on DLV: request throttled (degraded, retrying)",Capacity,1397,SES_001831,REQ_00002780,2026-09-14 15:47:36
EVT_002781,IF_MFG_001,MFG,ASM,MsgBus,Async,Failed,MFG_AUTHZ_082,Authorization denied for MFG->ASM request,Authorization,621,SES_001832,REQ_00002781,2026-09-14 12:37:47
EVT_002782,IF_ASM_002,ASM,MFG,API,REST,Failed,ASM_CFG_083,Configuration mismatch on ASM endpoint,Configuration,1318,SES_001833,REQ_00002782,2026-09-15 10:52:26
EVT_002783,IF_ORD_001,ORD,MFG,MsgBus,Async,Warning,ORD_CAP_084,"WARNING: Capacity limit reached on ORD: request throttled (degraded, retrying)",Capacity,690,SES_001834,REQ_00002783,2026-09-12 18:06:08
EVT_002784,IF_PAY_001,PAY,ORD,API,REST,Failed,PAY_AUTHZ_085,Authorization denied for PAY->ORD request,Authorization,1967,SES_001835,REQ_00002784,2026-09-10 15:58:06
EVT_002785,IF_ORD_001,ORD,MFG,MsgBus,Async,Failed,ORD_CAP_086,Capacity limit reached on ORD: request throttled,Capacity,1097,SES_001835,REQ_00002785,2026-09-10 15:59:18
EVT_002786,IF_DLV_001,DLV,ORD,API,REST,Warning,DLV_INFRA_087,"WARNING: Infrastructure fault on DLV: node unavailable (degraded, retrying)",Infrastructure,859,SES_001836,REQ_00002786,2026-09-12 20:19:11
EVT_002787,IF_ASM_002,ASM,MFG,API,REST,Failed,ASM_INFRA_088,Infrastructure fault on ASM: node unavailable,Infrastructure,1512,SES_001837,REQ_00002787,2026-09-15 13:54:32
EVT_002788,IF_PAY_002,PAY,PRC,API,REST,Failed,PAY_EXT_089,External service PRC returned an error response,ExternalService,4776,SES_001838,REQ_00002788,2026-09-13 06:42:34
EVT_002789,IF_PRC_002,PRC,ASM,MsgBus,Async,Failed,PRC_EXT_090,External service ASM returned an error response,ExternalService,1771,SES_001838,REQ_00002789,2026-09-13 06:47:30
EVT_002790,IF_PRC_001,PRC,MFG,ESB,SOAP,Failed,PRC_AUTH_091,Authentication rejected between PRC and MFG,Authentication,1187,SES_001838,REQ_00002790,2026-09-13 06:47:30
EVT_002791,IF_MFG_001,MFG,ASM,MsgBus,Async,Failed,MFG_EXT_092,External service ASM returned an error response,ExternalService,1449,SES_001839,REQ_00002791,2026-09-12 13:43:28
EVT_002792,IF_ASM_002,ASM,MFG,API,REST,Warning,ASM_NET_093,"WARNING: Network error contacting MFG: connection reset (degraded, retrying)",Network,1740,SES_001839,REQ_00002792,2026-09-12 13:44:48
EVT_002793,IF_ASM_001,ASM,DLV,ESB,Batch,Failed,ASM_EXT_094,External service DLV returned an error response,ExternalService,1138,SES_001839,REQ_00002793,2026-09-12 13:48:23
EVT_002794,IF_DLV_002,DLV,PAY,MsgBus,Async,Warning,DLV_VAL_095,"WARNING: Validation failed for payload from DLV (degraded, retrying)",Validation,1875,SES_001840,REQ_00002794,2026-09-10 08:20:22
EVT_002795,IF_ASM_001,ASM,DLV,ESB,Batch,Failed,ASM_TMO_096,Timeout waiting for DLV to respond,Timeout,1903,SES_001841,REQ_00002795,2026-09-14 20:20:20
EVT_002796,IF_DLV_001,DLV,ORD,API,REST,Warning,DLV_DB_097,"WARNING: Database DLV operation failed: connection pool exhausted (degraded, retrying)",Database,2001,SES_001841,REQ_00002796,2026-09-14 20:22:42
EVT_002797,IF_DLV_002,DLV,PAY,MsgBus,Async,Failed,DLV_EXT_098,External service PAY returned an error response,ExternalService,6407,SES_001841,REQ_00002797,2026-09-14 20:24:48
EVT_002798,IF_PAY_001,PAY,ORD,API,REST,Failed,PAY_AUTHZ_099,Authorization denied for PAY->ORD request,Authorization,405,SES_001842,REQ_00002798,2026-09-12 15:22:04
EVT_002799,IF_ORD_001,ORD,MFG,MsgBus,Async,Failed,ORD_TMO_100,Timeout waiting for MFG to respond,Timeout,2114,SES_001842,REQ_00002799,2026-09-12 15:26:28
EVT_002800,IF_MFG_003,MFG,DLV,ESB,CDC,Warning,MFG_DB_101,"WARNING: Database MFG operation failed: connection pool exhausted (degraded, retrying)",Database,4721,SES_001843,REQ_00002800,2026-09-16 09:33:26
EVT_002801,IF_DLV_001,DLV,ORD,API,REST,Warning,DLV_CFG_102,"WARNING: Configuration mismatch on DLV endpoint (degraded, retrying)",Configuration,3479,SES_001843,REQ_00002801,2026-09-16 09:34:00
EVT_002802,IF_ORD_002,ORD,PAY,API,REST,Warning,ORD_DB_103,"WARNING: Database ORD operation failed: connection pool exhausted (degraded, retrying)",Database,743,SES_001844,REQ_00002802,2026-09-16 20:09:58
EVT_002803,IF_PAY_002,PAY,PRC,API,REST,Failed,PAY_AUTH_104,Authentication rejected between PAY and PRC,Authentication,3440,SES_001844,REQ_00002803,2026-09-16 20:10:15
EVT_002804,IF_PAY_001,PAY,ORD,API,REST,Failed,PAY_CAP_105,Capacity limit reached on PAY: request throttled,Capacity,700,SES_001845,REQ_00002804,2026-09-15 14:37:49
EVT_002805,IF_ORD_002,ORD,PAY,API,REST,Failed,ORD_INFRA_106,Infrastructure fault on ORD: node unavailable,Infrastructure,1482,SES_001846,REQ_00002805,2026-09-16 18:56:31
EVT_002806,IF_ORD_001,ORD,MFG,MsgBus,Async,Failed,ORD_EXT_107,External service MFG returned an error response,ExternalService,1622,SES_001847,REQ_00002806,2026-09-14 02:20:58
EVT_002807,IF_MFG_001,MFG,ASM,MsgBus,Async,Failed,MFG_AUTH_108,Authentication rejected between MFG and ASM,Authentication,1615,SES_001848,REQ_00002807,2026-09-10 14:31:40
EVT_002808,IF_MFG_002,MFG,PRC,API,REST,Failed,MFG_INFRA_109,Infrastructure fault on MFG: node unavailable,Infrastructure,3351,SES_001849,REQ_00002808,2026-09-15 16:02:08
EVT_002809,IF_PRC_002,PRC,ASM,MsgBus,Async,Warning,PRC_VAL_110,"WARNING: Validation failed for payload from PRC (degraded, retrying)",Validation,1170,SES_001849,REQ_00002809,2026-09-15 16:02:56
EVT_002810,IF_DLV_001,DLV,ORD,API,REST,Failed,DLV_AUTH_111,Authentication rejected between DLV and ORD,Authentication,830,SES_001850,REQ_00002810,2026-09-12 13:39:53
EVT_002811,IF_PRC_002,PRC,ASM,MsgBus,Async,Failed,PRC_CAP_112,Capacity limit reached on PRC: request throttled,Capacity,1147,SES_001851,REQ_00002811,2026-09-13 15:30:18
EVT_002812,IF_ORD_003,ORD,PRC,ESB,SOAP,Warning,ORD_VAL_113,"WARNING: Validation failed for payload from ORD (degraded, retrying)",Validation,1315,SES_001852,REQ_00002812,2026-09-10 13:27:47
EVT_002813,IF_PAY_001,PAY,ORD,API,REST,Warning,PAY_EXT_114,"WARNING: External service ORD returned an error response (degraded, retrying)",ExternalService,1538,SES_001853,REQ_00002813,2026-09-16 16:53:38
EVT_002814,IF_ORD_001,ORD,MFG,MsgBus,Async,Failed,ORD_CFG_115,Configuration mismatch on ORD endpoint,Configuration,454,SES_001853,REQ_00002814,2026-09-16 16:55:45
EVT_002815,IF_PRC_002,PRC,ASM,MsgBus,Async,Warning,PRC_AUTH_116,"WARNING: Authentication rejected between PRC and ASM (degraded, retrying)",Authentication,648,SES_001854,REQ_00002815,2026-09-10 16:23:46
EVT_002816,IF_ORD_002,ORD,PAY,API,REST,Failed,ORD_EXT_117,External service PAY returned an error response,ExternalService,756,SES_001855,REQ_00002816,2026-09-14 10:54:28
EVT_002817,IF_ORD_001,ORD,MFG,MsgBus,Async,Warning,ORD_NET_118,"WARNING: Network error contacting MFG: connection reset (degraded, retrying)",Network,1192,SES_001856,REQ_00002817,2026-09-15 19:05:23
EVT_002818,IF_MFG_003,MFG,DLV,ESB,CDC,Failed,MFG_CAP_119,Capacity limit reached on MFG: request throttled,Capacity,2137,SES_001856,REQ_00002818,2026-09-15 19:08:30
EVT_002819,IF_MFG_001,MFG,ASM,MsgBus,Async,Failed,MFG_INFRA_120,Infrastructure fault on MFG: node unavailable,Infrastructure,953,SES_001856,REQ_00002819,2026-09-15 19:05:36
EVT_002820,IF_PRC_001,PRC,MFG,ESB,SOAP,Failed,PRC_CAP_121,Capacity limit reached on PRC: request throttled,Capacity,640,SES_001857,REQ_00002820,2026-09-11 10:30:07
EVT_002821,IF_MFG_001,MFG,ASM,MsgBus,Async,Failed,MFG_EXT_122,External service ASM returned an error response,ExternalService,1801,SES_001857,REQ_00002821,2026-09-11 10:30:27
EVT_002822,IF_PRC_001,PRC,MFG,ESB,SOAP,Warning,PRC_VAL_123,"WARNING: Validation failed for payload from PRC (degraded, retrying)",Validation,786,SES_001858,REQ_00002822,2026-09-16 16:40:40
EVT_002823,IF_ASM_002,ASM,MFG,API,REST,Failed,ASM_AUTHZ_124,Authorization denied for ASM->MFG request,Authorization,1784,SES_001859,REQ_00002823,2026-09-12 15:04:40
EVT_002824,IF_MFG_003,MFG,DLV,ESB,CDC,Warning,MFG_NET_125,"WARNING: Network error contacting DLV: connection reset (degraded, retrying)",Network,6268,SES_001859,REQ_00002824,2026-09-12 15:06:29
EVT_002825,IF_MFG_001,MFG,ASM,MsgBus,Async,Failed,MFG_AUTH_126,Authentication rejected between MFG and ASM,Authentication,1154,SES_001859,REQ_00002825,2026-09-12 15:05:11
EVT_002826,IF_PAY_001,PAY,ORD,API,REST,Failed,PAY_VAL_127,Validation failed for payload from PAY,Validation,530,SES_001860,REQ_00002826,2026-09-16 16:24:10
EVT_002827,IF_MFG_002,MFG,PRC,API,REST,Failed,MFG_INFRA_128,Infrastructure fault on MFG: node unavailable,Infrastructure,1913,SES_001861,REQ_00002827,2026-09-14 04:09:01
EVT_002828,IF_PRC_002,PRC,ASM,MsgBus,Async,Failed,PRC_VAL_129,Validation failed for payload from PRC,Validation,1917,SES_001861,REQ_00002828,2026-09-14 04:11:53
EVT_002829,IF_PRC_002,PRC,ASM,MsgBus,Async,Warning,PRC_NET_130,"WARNING: Network error contacting ASM: connection reset (degraded, retrying)",Network,3982,SES_001862,REQ_00002829,2026-09-11 19:41:50
EVT_002830,IF_ASM_001,ASM,DLV,ESB,Batch,Warning,ASM_CAP_131,"WARNING: Capacity limit reached on ASM: request throttled (degraded, retrying)",Capacity,3027,SES_001863,REQ_00002830,2026-09-13 01:25:24
EVT_002831,IF_DLV_001,DLV,ORD,API,REST,Warning,DLV_VAL_132,"WARNING: Validation failed for payload from DLV (degraded, retrying)",Validation,1178,SES_001863,REQ_00002831,2026-09-13 01:30:10
EVT_002832,IF_MFG_003,MFG,DLV,ESB,CDC,Failed,MFG_AUTH_133,Authentication rejected between MFG and DLV,Authentication,3022,SES_001864,REQ_00002832,2026-09-12 19:32:42
EVT_002833,IF_DLV_001,DLV,ORD,API,REST,Warning,DLV_TMO_134,"WARNING: Timeout waiting for ORD to respond (degraded, retrying)",Timeout,2356,SES_001864,REQ_00002833,2026-09-12 19:36:19
EVT_002834,IF_ORD_004,ORD,DLV,ESB,Batch,Failed,ORD_AUTHZ_135,Authorization denied for ORD->DLV request,Authorization,10381,SES_001865,REQ_00002834,2026-09-14 16:55:14
EVT_002835,IF_DLV_002,DLV,PAY,MsgBus,Async,Warning,DLV_AUTHZ_136,"WARNING: Authorization denied for DLV->PAY request (degraded, retrying)",Authorization,8158,SES_001865,REQ_00002835,2026-09-14 16:57:07
EVT_002836,IF_PAY_001,PAY,ORD,API,REST,Warning,PAY_VAL_137,"WARNING: Validation failed for payload from PAY (degraded, retrying)",Validation,546,SES_001866,REQ_00002836,2026-09-12 12:57:02
EVT_002837,IF_ORD_003,ORD,PRC,ESB,SOAP,Failed,ORD_AUTHZ_138,Authorization denied for ORD->PRC request,Authorization,2072,SES_001867,REQ_00002837,2026-09-11 13:45:52
EVT_002838,IF_PRC_002,PRC,ASM,MsgBus,Async,Warning,PRC_TMO_139,"WARNING: Timeout waiting for ASM to respond (degraded, retrying)",Timeout,3610,SES_001867,REQ_00002838,2026-09-11 13:46:26
EVT_002839,IF_PRC_001,PRC,MFG,ESB,SOAP,Failed,PRC_CFG_140,Configuration mismatch on PRC endpoint,Configuration,2066,SES_001867,REQ_00002839,2026-09-11 13:46:46
EVT_002840,IF_ORD_004,ORD,DLV,ESB,Batch,Failed,ORD_EXT_141,External service DLV returned an error response,ExternalService,10781,SES_001868,REQ_00002840,2026-09-16 06:25:34
EVT_002841,IF_DLV_002,DLV,PAY,MsgBus,Async,Failed,DLV_TMO_142,Timeout waiting for PAY to respond,Timeout,4865,SES_001869,REQ_00002841,2026-09-15 06:40:28
EVT_002842,IF_PAY_001,PAY,ORD,API,REST,Warning,PAY_AUTH_143,"WARNING: Authentication rejected between PAY and ORD (degraded, retrying)",Authentication,408,SES_001869,REQ_00002842,2026-09-15 06:43:32
EVT_002843,IF_PAY_002,PAY,PRC,API,REST,Failed,PAY_DB_144,Database PAY operation failed: connection pool exhausted,Database,7015,SES_001869,REQ_00002843,2026-09-15 06:45:24
EVT_002844,IF_PAY_001,PAY,ORD,API,REST,Failed,PAY_DB_145,Database PAY operation failed: connection pool exhausted,Database,580,SES_001870,REQ_00002844,2026-09-16 16:46:54
EVT_002845,IF_ORD_001,ORD,MFG,MsgBus,Async,Warning,ORD_CFG_146,"WARNING: Configuration mismatch on ORD endpoint (degraded, retrying)",Configuration,795,SES_001870,REQ_00002845,2026-09-16 16:51:11
EVT_002846,IF_ORD_002,ORD,PAY,API,REST,Warning,ORD_INFRA_147,"WARNING: Infrastructure fault on ORD: node unavailable (degraded, retrying)",Infrastructure,664,SES_001871,REQ_00002846,2026-09-13 11:45:58
EVT_002847,IF_ORD_001,ORD,MFG,MsgBus,Async,Failed,ORD_NET_148,Network error contacting MFG: connection reset,Network,983,SES_001872,REQ_00002847,2026-09-14 16:13:45
EVT_002848,IF_ORD_002,ORD,PAY,API,REST,Failed,ORD_EXT_149,External service PAY returned an error response,ExternalService,1778,SES_001873,REQ_00002848,2026-09-12 15:52:14
EVT_002849,IF_PAY_001,PAY,ORD,API,REST,Warning,PAY_EXT_150,"WARNING: External service ORD returned an error response (degraded, retrying)",ExternalService,1631,SES_001873,REQ_00002849,2026-09-12 15:56:51
EVT_002850,IF_PAY_002,PAY,PRC,API,REST,Warning,PAY_EXT_151,"WARNING: External service PRC returned an error response (degraded, retrying)",ExternalService,6625,SES_001873,REQ_00002850,2026-09-12 15:54:02
EVT_002851,IF_ASM_001,ASM,DLV,ESB,Batch,Failed,ASM_VAL_152,Validation failed for payload from ASM,Validation,3493,SES_001874,REQ_00002851,2026-09-13 09:07:22
EVT_002852,IF_DLV_002,DLV,PAY,MsgBus,Async,Warning,DLV_AUTHZ_153,"WARNING: Authorization denied for DLV->PAY request (degraded, retrying)",Authorization,931,SES_001874,REQ_00002852,2026-09-13 09:07:56
EVT_002853,IF_DLV_001,DLV,ORD,API,REST,Warning,DLV_NET_154,"WARNING: Network error contacting ORD: connection reset (degraded, retrying)",Network,2052,SES_001874,REQ_00002853,2026-09-13 09:08:48
EVT_002854,IF_ORD_004,ORD,DLV,ESB,Batch,Failed,ORD_AUTH_155,Authentication rejected between ORD and DLV,Authentication,6188,SES_001875,REQ_00002854,2026-09-15 17:18:57
EVT_002855,IF_PRC_002,PRC,ASM,MsgBus,Async,Warning,PRC_TMO_156,"WARNING: Timeout waiting for ASM to respond (degraded, retrying)",Timeout,1720,SES_001876,REQ_00002855,2026-09-10 15:16:52
EVT_002856,IF_ASM_002,ASM,MFG,API,REST,Failed,ASM_CFG_157,Configuration mismatch on ASM endpoint,Configuration,3427,SES_001876,REQ_00002856,2026-09-10 15:19:21
EVT_002857,IF_ASM_001,ASM,DLV,ESB,Batch,Failed,ASM_EXT_158,External service DLV returned an error response,ExternalService,3640,SES_001876,REQ_00002857,2026-09-10 15:17:08
EVT_002858,IF_MFG_001,MFG,ASM,MsgBus,Async,Warning,MFG_INFRA_159,"WARNING: Infrastructure fault on MFG: node unavailable (degraded, retrying)",Infrastructure,589,SES_001877,REQ_00002858,2026-09-15 05:46:41
EVT_002859,IF_PAY_001,PAY,ORD,API,REST,Failed,PAY_EXT_160,External service ORD returned an error response,ExternalService,2396,SES_001878,REQ_00002859,2026-09-13 13:38:47
EVT_002860,IF_ORD_001,ORD,MFG,MsgBus,Async,Warning,ORD_INFRA_161,"WARNING: Infrastructure fault on ORD: node unavailable (degraded, retrying)",Infrastructure,325,SES_001879,REQ_00002860,2026-09-11 10:51:58
EVT_002861,IF_MFG_003,MFG,DLV,ESB,CDC,Failed,MFG_EXT_162,External service DLV returned an error response,ExternalService,4956,SES_001879,REQ_00002861,2026-09-11 10:53:46
EVT_002862,IF_ORD_001,ORD,MFG,MsgBus,Async,Warning,ORD_CAP_163,"WARNING: Capacity limit reached on ORD: request throttled (degraded, retrying)",Capacity,1398,SES_001880,REQ_00002862,2026-09-13 11:47:01
EVT_002863,IF_ORD_002,ORD,PAY,API,REST,Failed,ORD_AUTHZ_164,Authorization denied for ORD->PAY request,Authorization,370,SES_001881,REQ_00002863,2026-09-10 10:01:39
EVT_002864,IF_DLV_001,DLV,ORD,API,REST,Failed,DLV_DB_165,Database DLV operation failed: connection pool exhausted,Database,1213,SES_001882,REQ_00002864,2026-09-12 12:19:08
EVT_002865,IF_MFG_001,MFG,ASM,MsgBus,Async,Warning,MFG_EXT_166,"WARNING: External service ASM returned an error response (degraded, retrying)",ExternalService,3446,SES_001883,REQ_00002865,2026-09-11 12:04:36
EVT_002866,IF_MFG_002,MFG,PRC,API,REST,Failed,MFG_AUTH_167,Authentication rejected between MFG and PRC,Authentication,3635,SES_001884,REQ_00002866,2026-09-16 09:11:31
EVT_002867,IF_PRC_002,PRC,ASM,MsgBus,Async,Failed,PRC_AUTHZ_168,Authorization denied for PRC->ASM request,Authorization,1114,SES_001884,REQ_00002867,2026-09-16 09:11:34
EVT_002868,IF_PRC_001,PRC,MFG,ESB,SOAP,Failed,PRC_AUTH_169,Authentication rejected between PRC and MFG,Authentication,1769,SES_001884,REQ_00002868,2026-09-16 09:13:19
EVT_002869,IF_ORD_002,ORD,PAY,API,REST,Failed,ORD_VAL_170,Validation failed for payload from ORD,Validation,1635,SES_001885,REQ_00002869,2026-09-12 17:25:30
EVT_002870,IF_PAY_002,PAY,PRC,API,REST,Failed,PAY_AUTH_171,Authentication rejected between PAY and PRC,Authentication,2333,SES_001885,REQ_00002870,2026-09-12 17:27:41
EVT_002871,IF_PRC_002,PRC,ASM,MsgBus,Async,Failed,PRC_AUTHZ_172,Authorization denied for PRC->ASM request,Authorization,739,SES_001886,REQ_00002871,2026-09-10 12:30:18
EVT_002872,IF_DLV_001,DLV,ORD,API,REST,Failed,DLV_INFRA_173,Infrastructure fault on DLV: node unavailable,Infrastructure,1837,SES_001887,REQ_00002872,2026-09-13 13:29:37
EVT_002873,IF_ORD_004,ORD,DLV,ESB,Batch,Warning,ORD_VAL_174,"WARNING: Validation failed for payload from ORD (degraded, retrying)",Validation,2277,SES_001887,REQ_00002873,2026-09-13 13:33:21
EVT_002874,IF_ORD_002,ORD,PAY,API,REST,Warning,ORD_DB_175,"WARNING: Database ORD operation failed: connection pool exhausted (degraded, retrying)",Database,631,SES_001887,REQ_00002874,2026-09-13 13:32:50
EVT_002875,IF_ORD_002,ORD,PAY,API,REST,Failed,ORD_NET_176,Network error contacting PAY: connection reset,Network,1906,SES_001888,REQ_00002875,2026-09-13 21:05:19
EVT_002876,IF_MFG_003,MFG,DLV,ESB,CDC,Failed,MFG_VAL_177,Validation failed for payload from MFG,Validation,1432,SES_001889,REQ_00002876,2026-09-14 12:40:06
EVT_002877,IF_DLV_001,DLV,ORD,API,REST,Warning,DLV_AUTHZ_178,"WARNING: Authorization denied for DLV->ORD request (degraded, retrying)",Authorization,1363,SES_001889,REQ_00002877,2026-09-14 12:43:44
EVT_002878,IF_DLV_002,DLV,PAY,MsgBus,Async,Failed,DLV_DB_179,Database DLV operation failed: connection pool exhausted,Database,2613,SES_001889,REQ_00002878,2026-09-14 12:43:36
EVT_002879,IF_DLV_001,DLV,ORD,API,REST,Failed,DLV_AUTH_180,Authentication rejected between DLV and ORD,Authentication,868,SES_001890,REQ_00002879,2026-09-14 15:15:59
EVT_002880,IF_ORD_002,ORD,PAY,API,REST,Warning,ORD_VAL_181,"WARNING: Validation failed for payload from ORD (degraded, retrying)",Validation,516,SES_001890,REQ_00002880,2026-09-14 15:17:40
EVT_002881,IF_ASM_001,ASM,DLV,ESB,Batch,Warning,ASM_INFRA_182,"WARNING: Infrastructure fault on ASM: node unavailable (degraded, retrying)",Infrastructure,651,SES_001891,REQ_00002881,2026-09-15 15:21:58
EVT_002882,IF_DLV_002,DLV,PAY,MsgBus,Async,Warning,DLV_DB_183,"WARNING: Database DLV operation failed: connection pool exhausted (degraded, retrying)",Database,5326,SES_001891,REQ_00002882,2026-09-15 15:25:26
EVT_002883,IF_ORD_004,ORD,DLV,ESB,Batch,Failed,ORD_CFG_184,Configuration mismatch on ORD endpoint,Configuration,3029,SES_001892,REQ_00002883,2026-09-14 14:01:06
EVT_002884,IF_DLV_002,DLV,PAY,MsgBus,Async,Warning,DLV_AUTHZ_185,"WARNING: Authorization denied for DLV->PAY request (degraded, retrying)",Authorization,1457,SES_001892,REQ_00002884,2026-09-14 14:03:30
EVT_002885,IF_PAY_001,PAY,ORD,API,REST,Failed,PAY_DB_186,Database PAY operation failed: connection pool exhausted,Database,625,SES_001893,REQ_00002885,2026-09-11 09:11:03
EVT_002886,IF_ORD_002,ORD,PAY,API,REST,Failed,ORD_CFG_187,Configuration mismatch on ORD endpoint,Configuration,1288,SES_001894,REQ_00002886,2026-09-10 17:07:48
EVT_002887,IF_PAY_002,PAY,PRC,API,REST,Failed,PAY_INFRA_188,Infrastructure fault on PAY: node unavailable,Infrastructure,1929,SES_001894,REQ_00002887,2026-09-10 17:08:49
EVT_002888,IF_PAY_001,PAY,ORD,API,REST,Failed,PAY_EXT_189,External service ORD returned an error response,ExternalService,1512,SES_001894,REQ_00002888,2026-09-10 17:10:41
EVT_002889,IF_ORD_003,ORD,PRC,ESB,SOAP,Warning,ORD_CAP_190,"WARNING: Capacity limit reached on ORD: request throttled (degraded, retrying)",Capacity,981,SES_001895,REQ_00002889,2026-09-11 11:32:25
EVT_002890,IF_PRC_001,PRC,MFG,ESB,SOAP,Warning,PRC_DB_191,"WARNING: Database PRC operation failed: connection pool exhausted (degraded, retrying)",Database,2979,SES_001895,REQ_00002890,2026-09-11 11:34:05
EVT_002891,IF_PRC_002,PRC,ASM,MsgBus,Async,Warning,PRC_TMO_192,"WARNING: Timeout waiting for ASM to respond (degraded, retrying)",Timeout,2714,SES_001895,REQ_00002891,2026-09-11 11:35:29
EVT_002892,IF_PRC_002,PRC,ASM,MsgBus,Async,Warning,PRC_AUTHZ_193,"WARNING: Authorization denied for PRC->ASM request (degraded, retrying)",Authorization,662,SES_001896,REQ_00002892,2026-09-16 17:17:42
EVT_002893,IF_ASM_001,ASM,DLV,ESB,Batch,Failed,ASM_EXT_194,External service DLV returned an error response,ExternalService,3698,SES_001896,REQ_00002893,2026-09-16 17:20:35
EVT_002894,IF_ORD_003,ORD,PRC,ESB,SOAP,Warning,ORD_EXT_195,"WARNING: External service PRC returned an error response (degraded, retrying)",ExternalService,3637,SES_001897,REQ_00002894,2026-09-16 11:54:04
EVT_002895,IF_PRC_002,PRC,ASM,MsgBus,Async,Warning,PRC_AUTH_196,"WARNING: Authentication rejected between PRC and ASM (degraded, retrying)",Authentication,1017,SES_001897,REQ_00002895,2026-09-16 11:57:39
EVT_002896,IF_PRC_001,PRC,MFG,ESB,SOAP,Warning,PRC_CAP_197,"WARNING: Capacity limit reached on PRC: request throttled (degraded, retrying)",Capacity,1287,SES_001897,REQ_00002896,2026-09-16 11:55:58
EVT_002897,IF_ASM_002,ASM,MFG,API,REST,Failed,ASM_AUTHZ_198,Authorization denied for ASM->MFG request,Authorization,2667,SES_001898,REQ_00002897,2026-09-13 16:17:59
EVT_002898,IF_ORD_002,ORD,PAY,API,REST,Warning,ORD_CAP_199,"WARNING: Capacity limit reached on ORD: request throttled (degraded, retrying)",Capacity,592,SES_001899,REQ_00002898,2026-09-15 15:59:26
EVT_002899,IF_PAY_001,PAY,ORD,API,REST,Warning,PAY_CAP_200,"WARNING: Capacity limit reached on PAY: request throttled (degraded, retrying)",Capacity,1643,SES_001899,REQ_00002899,2026-09-15 16:02:46
EVT_002900,IF_ASM_001,ASM,DLV,ESB,Batch,Failed,ASM_CFG_201,Configuration mismatch on ASM endpoint,Configuration,1717,SES_001900,REQ_00002900,2026-09-11 15:55:41
EVT_002901,IF_DLV_001,DLV,ORD,API,REST,Warning,DLV_AUTHZ_202,"WARNING: Authorization denied for DLV->ORD request (degraded, retrying)",Authorization,1050,SES_001900,REQ_00002901,2026-09-11 15:58:09
EVT_002902,IF_ORD_001,ORD,MFG,MsgBus,Async,Warning,ORD_INFRA_203,"WARNING: Infrastructure fault on ORD: node unavailable (degraded, retrying)",Infrastructure,429,SES_001901,REQ_00002902,2026-09-15 14:26:50
EVT_002903,IF_PRC_002,PRC,ASM,MsgBus,Async,Warning,PRC_EXT_204,"WARNING: External service ASM returned an error response (degraded, retrying)",ExternalService,1174,SES_001902,REQ_00002903,2026-09-14 14:56:48
EVT_002904,IF_ASM_002,ASM,MFG,API,REST,Warning,ASM_TMO_205,"WARNING: Timeout waiting for MFG to respond (degraded, retrying)",Timeout,1919,SES_001903,REQ_00002904,2026-09-14 07:25:57
EVT_002905,IF_PRC_001,PRC,MFG,ESB,SOAP,Failed,PRC_DB_206,Database PRC operation failed: connection pool exhausted,Database,3587,SES_001904,REQ_00002905,2026-09-11 13:24:03
EVT_002906,IF_ASM_001,ASM,DLV,ESB,Batch,Failed,ASM_INFRA_207,Infrastructure fault on ASM: node unavailable,Infrastructure,1179,SES_001905,REQ_00002906,2026-09-16 13:35:57
EVT_002907,IF_DLV_002,DLV,PAY,MsgBus,Async,Warning,DLV_CFG_208,"WARNING: Configuration mismatch on DLV endpoint (degraded, retrying)",Configuration,2321,SES_001905,REQ_00002907,2026-09-16 13:38:25
EVT_002908,IF_MFG_001,MFG,ASM,MsgBus,Async,Warning,MFG_CAP_209,"WARNING: Capacity limit reached on MFG: request throttled (degraded, retrying)",Capacity,1639,SES_001906,REQ_00002908,2026-09-16 12:11:20
EVT_002909,IF_ORD_002,ORD,PAY,API,REST,Warning,ORD_CAP_210,"WARNING: Capacity limit reached on ORD: request throttled (degraded, retrying)",Capacity,2300,SES_001907,REQ_00002909,2026-09-15 11:48:25
EVT_002910,IF_ORD_002,ORD,PAY,API,REST,Warning,ORD_AUTH_211,"WARNING: Authentication rejected between ORD and PAY (degraded, retrying)",Authentication,563,SES_001908,REQ_00002910,2026-09-14 15:19:00
EVT_002911,IF_MFG_003,MFG,DLV,ESB,CDC,Warning,MFG_CAP_212,"WARNING: Capacity limit reached on MFG: request throttled (degraded, retrying)",Capacity,2004,SES_001909,REQ_00002911,2026-09-10 09:26:44
EVT_002912,IF_PRC_002,PRC,ASM,MsgBus,Async,Failed,PRC_CFG_213,Configuration mismatch on PRC endpoint,Configuration,4381,SES_001910,REQ_00002912,2026-09-15 04:43:56
EVT_002913,IF_ASM_001,ASM,DLV,ESB,Batch,Warning,ASM_CFG_214,"WARNING: Configuration mismatch on ASM endpoint (degraded, retrying)",Configuration,1131,SES_001910,REQ_00002913,2026-09-15 04:44:56
EVT_002914,IF_ORD_002,ORD,PAY,API,REST,Failed,ORD_AUTH_215,Authentication rejected between ORD and PAY,Authentication,492,SES_001911,REQ_00002914,2026-09-14 06:48:05
EVT_002915,IF_ORD_003,ORD,PRC,ESB,SOAP,Warning,ORD_AUTH_216,"WARNING: Authentication rejected between ORD and PRC (degraded, retrying)",Authentication,504,SES_001912,REQ_00002915,2026-09-13 15:13:43
EVT_002916,IF_DLV_001,DLV,ORD,API,REST,Failed,DLV_CFG_217,Configuration mismatch on DLV endpoint,Configuration,656,SES_001913,REQ_00002916,2026-09-12 07:03:04
EVT_002917,IF_PRC_002,PRC,ASM,MsgBus,Async,Warning,PRC_NET_218,"WARNING: Network error contacting ASM: connection reset (degraded, retrying)",Network,2641,SES_001914,REQ_00002917,2026-09-10 08:00:18
EVT_002918,IF_PRC_002,PRC,ASM,MsgBus,Async,Warning,PRC_EXT_219,"WARNING: External service ASM returned an error response (degraded, retrying)",ExternalService,3331,SES_001915,REQ_00002918,2026-09-11 18:02:09
EVT_002919,IF_DLV_002,DLV,PAY,MsgBus,Async,Warning,DLV_CFG_220,"WARNING: Configuration mismatch on DLV endpoint (degraded, retrying)",Configuration,8166,SES_001916,REQ_00002919,2026-09-14 23:47:04
EVT_002920,IF_PAY_001,PAY,ORD,API,REST,Warning,PAY_INFRA_221,"WARNING: Infrastructure fault on PAY: node unavailable (degraded, retrying)",Infrastructure,877,SES_001916,REQ_00002920,2026-09-14 23:51:49
EVT_002921,IF_PAY_002,PAY,PRC,API,REST,Warning,PAY_DB_222,"WARNING: Database PAY operation failed: connection pool exhausted (degraded, retrying)",Database,5763,SES_001916,REQ_00002921,2026-09-14 23:48:47
EVT_002922,IF_MFG_001,MFG,ASM,MsgBus,Async,Failed,MFG_VAL_223,Validation failed for payload from MFG,Validation,3925,SES_001917,REQ_00002922,2026-09-15 08:53:59
EVT_002923,IF_ASM_002,ASM,MFG,API,REST,Warning,ASM_INFRA_224,"WARNING: Infrastructure fault on ASM: node unavailable (degraded, retrying)",Infrastructure,6068,SES_001917,REQ_00002923,2026-09-15 08:55:00
EVT_002924,IF_ASM_001,ASM,DLV,ESB,Batch,Failed,ASM_AUTH_225,Authentication rejected between ASM and DLV,Authentication,1959,SES_001917,REQ_00002924,2026-09-15 08:54:09
EVT_002925,IF_PRC_002,PRC,ASM,MsgBus,Async,Warning,PRC_AUTH_226,"WARNING: Authentication rejected between PRC and ASM (degraded, retrying)",Authentication,3240,SES_001918,REQ_00002925,2026-09-10 09:59:33
EVT_002926,IF_MFG_003,MFG,DLV,ESB,CDC,Failed,MFG_CAP_227,Capacity limit reached on MFG: request throttled,Capacity,1839,SES_001919,REQ_00002926,2026-09-12 11:58:31
EVT_002927,IF_PAY_001,PAY,ORD,API,REST,Warning,PAY_CFG_228,"WARNING: Configuration mismatch on PAY endpoint (degraded, retrying)",Configuration,594,SES_001920,REQ_00002927,2026-09-12 13:18:55
EVT_002928,IF_ORD_001,ORD,MFG,MsgBus,Async,Failed,ORD_EXT_229,External service MFG returned an error response,ExternalService,665,SES_001920,REQ_00002928,2026-09-12 13:19:53
EVT_002929,IF_ORD_002,ORD,PAY,API,REST,Warning,ORD_INFRA_230,"WARNING: Infrastructure fault on ORD: node unavailable (degraded, retrying)",Infrastructure,316,SES_001920,REQ_00002929,2026-09-12 13:21:23
EVT_002930,IF_MFG_003,MFG,DLV,ESB,CDC,Failed,MFG_DB_231,Database MFG operation failed: connection pool exhausted,Database,4142,SES_001921,REQ_00002930,2026-09-10 07:15:05
EVT_002931,IF_ORD_003,ORD,PRC,ESB,SOAP,Failed,ORD_INFRA_232,Infrastructure fault on ORD: node unavailable,Infrastructure,2097,SES_001922,REQ_00002931,2026-09-11 12:26:35
EVT_002932,IF_ORD_002,ORD,PAY,API,REST,Failed,ORD_TMO_233,Timeout waiting for PAY to respond,Timeout,1978,SES_001923,REQ_00002932,2026-09-15 11:04:00
EVT_002933,IF_PRC_002,PRC,ASM,MsgBus,Async,Warning,PRC_EXT_234,"WARNING: External service ASM returned an error response (degraded, retrying)",ExternalService,2012,SES_001924,REQ_00002933,2026-09-14 15:17:33
EVT_002934,IF_PAY_001,PAY,ORD,API,REST,Failed,PAY_AUTHZ_235,Authorization denied for PAY->ORD request,Authorization,666,SES_001925,REQ_00002934,2026-09-14 10:03:01
EVT_002935,IF_PRC_001,PRC,MFG,ESB,SOAP,Warning,PRC_INFRA_236,"WARNING: Infrastructure fault on PRC: node unavailable (degraded, retrying)",Infrastructure,987,SES_001926,REQ_00002935,2026-09-13 10:23:49
EVT_002936,IF_PAY_001,PAY,ORD,API,REST,Failed,PAY_AUTH_237,Authentication rejected between PAY and ORD,Authentication,992,SES_001927,REQ_00002936,2026-09-13 12:48:41
EVT_002937,IF_ORD_001,ORD,MFG,MsgBus,Async,Warning,ORD_EXT_238,"WARNING: External service MFG returned an error response (degraded, retrying)",ExternalService,1254,SES_001927,REQ_00002937,2026-09-13 12:50:36
EVT_002938,IF_ASM_002,ASM,MFG,API,REST,Failed,ASM_NET_239,Network error contacting MFG: connection reset,Network,5871,SES_001928,REQ_00002938,2026-09-13 17:16:02
EVT_002939,IF_ORD_003,ORD,PRC,ESB,SOAP,Warning,ORD_NET_240,"WARNING: Network error contacting PRC: connection reset (degraded, retrying)",Network,2284,SES_001929,REQ_00002939,2026-09-13 14:03:43
EVT_002940,IF_PRC_001,PRC,MFG,ESB,SOAP,Warning,PRC_NET_241,"WARNING: Network error contacting MFG: connection reset (degraded, retrying)",Network,1246,SES_001929,REQ_00002940,2026-09-13 14:05:23
EVT_002941,IF_PRC_002,PRC,ASM,MsgBus,Async,Failed,PRC_VAL_242,Validation failed for payload from PRC,Validation,2549,SES_001930,REQ_00002941,2026-09-15 09:14:09
EVT_002942,IF_ASM_002,ASM,MFG,API,REST,Failed,ASM_CAP_243,Capacity limit reached on ASM: request throttled,Capacity,4228,SES_001930,REQ_00002942,2026-09-15 09:17:14
EVT_002943,IF_PRC_001,PRC,MFG,ESB,SOAP,Warning,PRC_CFG_244,"WARNING: Configuration mismatch on PRC endpoint (degraded, retrying)",Configuration,897,SES_001931,REQ_00002943,2026-09-10 16:35:17
EVT_002944,IF_DLV_001,DLV,ORD,API,REST,Warning,DLV_CFG_245,"WARNING: Configuration mismatch on DLV endpoint (degraded, retrying)",Configuration,832,SES_001932,REQ_00002944,2026-09-11 11:01:52
EVT_002945,IF_MFG_001,MFG,ASM,MsgBus,Async,Warning,MFG_DB_246,"WARNING: Database MFG operation failed: connection pool exhausted (degraded, retrying)",Database,3155,SES_001933,REQ_00002945,2026-09-11 09:41:33
EVT_002946,IF_ASM_001,ASM,DLV,ESB,Batch,Failed,ASM_CAP_247,Capacity limit reached on ASM: request throttled,Capacity,1738,SES_001933,REQ_00002946,2026-09-11 09:46:19
EVT_002947,IF_ASM_002,ASM,MFG,API,REST,Warning,ASM_VAL_248,"WARNING: Validation failed for payload from ASM (degraded, retrying)",Validation,7027,SES_001933,REQ_00002947,2026-09-11 09:41:49
EVT_002948,IF_ASM_001,ASM,DLV,ESB,Batch,Failed,ASM_AUTH_249,Authentication rejected between ASM and DLV,Authentication,715,SES_001934,REQ_00002948,2026-09-10 14:58:55
EVT_002949,IF_ORD_001,ORD,MFG,MsgBus,Async,Warning,ORD_AUTH_250,"WARNING: Authentication rejected between ORD and MFG (degraded, retrying)",Authentication,540,SES_001935,REQ_00002949,2026-09-16 16:48:58
EVT_002950,IF_ORD_001,ORD,MFG,MsgBus,Async,Failed,ORD_VAL_251,Validation failed for payload from ORD,Validation,859,SES_001936,REQ_00002950,2026-09-15 18:08:35
EVT_002951,IF_MFG_001,MFG,ASM,MsgBus,Async,Warning,MFG_VAL_252,"WARNING: Validation failed for payload from MFG (degraded, retrying)",Validation,1220,SES_001936,REQ_00002951,2026-09-15 18:11:33
EVT_002952,IF_MFG_001,MFG,ASM,MsgBus,Async,Failed,MFG_INFRA_253,Infrastructure fault on MFG: node unavailable,Infrastructure,746,SES_001937,REQ_00002952,2026-09-15 23:29:35
EVT_002953,IF_DLV_002,DLV,PAY,MsgBus,Async,Warning,DLV_EXT_254,"WARNING: External service PAY returned an error response (degraded, retrying)",ExternalService,7997,SES_001938,REQ_00002953,2026-09-15 12:59:58
EVT_002954,IF_MFG_001,MFG,ASM,MsgBus,Async,Failed,MFG_DB_255,Database MFG operation failed: connection pool exhausted,Database,2452,SES_001939,REQ_00002954,2026-09-12 19:50:23
EVT_002955,IF_PAY_002,PAY,PRC,API,REST,Failed,PAY_DB_256,Database PAY operation failed: connection pool exhausted,Database,5729,SES_001940,REQ_00002955,2026-09-15 00:26:38
EVT_002956,IF_PRC_001,PRC,MFG,ESB,SOAP,Warning,PRC_DB_257,"WARNING: Database PRC operation failed: connection pool exhausted (degraded, retrying)",Database,2007,SES_001940,REQ_00002956,2026-09-15 00:29:53
EVT_002957,IF_PAY_001,PAY,ORD,API,REST,Warning,PAY_NET_258,"WARNING: Network error contacting ORD: connection reset (degraded, retrying)",Network,1556,SES_001941,REQ_00002957,2026-09-11 10:48:17
EVT_002958,IF_MFG_001,MFG,ASM,MsgBus,Async,Failed,MFG_INFRA_259,Infrastructure fault on MFG: node unavailable,Infrastructure,1136,SES_001942,REQ_00002958,2026-09-13 15:04:19
EVT_002959,IF_MFG_001,MFG,ASM,MsgBus,Async,Warning,MFG_EXT_260,"WARNING: External service ASM returned an error response (degraded, retrying)",ExternalService,1742,SES_001943,REQ_00002959,2026-09-11 13:25:39
EVT_002960,IF_DLV_001,DLV,ORD,API,REST,Warning,DLV_VAL_261,"WARNING: Validation failed for payload from DLV (degraded, retrying)",Validation,788,SES_001944,REQ_00002960,2026-09-13 17:11:20
EVT_002961,IF_ORD_001,ORD,MFG,MsgBus,Async,Failed,ORD_NET_262,Network error contacting MFG: connection reset,Network,1119,SES_001945,REQ_00002961,2026-09-12 09:19:32
EVT_002962,IF_MFG_003,MFG,DLV,ESB,CDC,Warning,MFG_AUTHZ_263,"WARNING: Authorization denied for MFG->DLV request (degraded, retrying)",Authorization,1656,SES_001945,REQ_00002962,2026-09-12 09:20:29
EVT_002963,IF_MFG_001,MFG,ASM,MsgBus,Async,Warning,MFG_TMO_264,"WARNING: Timeout waiting for ASM to respond (degraded, retrying)",Timeout,2504,SES_001945,REQ_00002963,2026-09-12 09:19:48
EVT_002964,IF_ORD_001,ORD,MFG,MsgBus,Async,Warning,ORD_CFG_265,"WARNING: Configuration mismatch on ORD endpoint (degraded, retrying)",Configuration,2104,SES_001946,REQ_00002964,2026-09-11 10:23:28
EVT_002965,IF_DLV_001,DLV,ORD,API,REST,Failed,DLV_VAL_266,Validation failed for payload from DLV,Validation,2844,SES_001947,REQ_00002965,2026-09-12 11:59:14
EVT_002966,IF_ORD_002,ORD,PAY,API,REST,Warning,ORD_CAP_267,"WARNING: Capacity limit reached on ORD: request throttled (degraded, retrying)",Capacity,624,SES_001947,REQ_00002966,2026-09-12 12:02:36
EVT_002967,IF_ORD_004,ORD,DLV,ESB,Batch,Warning,ORD_INFRA_268,"WARNING: Infrastructure fault on ORD: node unavailable (degraded, retrying)",Infrastructure,3900,SES_001947,REQ_00002967,2026-09-12 12:00:06
EVT_002968,IF_PRC_002,PRC,ASM,MsgBus,Async,Warning,PRC_NET_269,"WARNING: Network error contacting ASM: connection reset (degraded, retrying)",Network,1923,SES_001948,REQ_00002968,2026-09-10 11:26:29
EVT_002969,IF_ASM_001,ASM,DLV,ESB,Batch,Warning,ASM_DB_270,"WARNING: Database ASM operation failed: connection pool exhausted (degraded, retrying)",Database,2029,SES_001948,REQ_00002969,2026-09-10 11:28:18
EVT_002970,IF_ASM_002,ASM,MFG,API,REST,Failed,ASM_CFG_271,Configuration mismatch on ASM endpoint,Configuration,1302,SES_001948,REQ_00002970,2026-09-10 11:29:32
EVT_002971,IF_ASM_002,ASM,MFG,API,REST,Warning,ASM_DB_272,"WARNING: Database ASM operation failed: connection pool exhausted (degraded, retrying)",Database,3428,SES_001949,REQ_00002971,2026-09-11 13:19:34
EVT_002972,IF_ORD_002,ORD,PAY,API,REST,Warning,ORD_TMO_273,"WARNING: Timeout waiting for PAY to respond (degraded, retrying)",Timeout,1048,SES_001950,REQ_00002972,2026-09-10 14:41:15
EVT_002973,IF_PAY_002,PAY,PRC,API,REST,Failed,PAY_EXT_274,External service PRC returned an error response,ExternalService,8145,SES_001950,REQ_00002973,2026-09-10 14:46:14
EVT_002974,IF_ASM_001,ASM,DLV,ESB,Batch,Failed,ASM_AUTHZ_275,Authorization denied for ASM->DLV request,Authorization,1130,SES_001951,REQ_00002974,2026-09-13 16:43:17
EVT_002975,IF_DLV_001,DLV,ORD,API,REST,Warning,DLV_AUTHZ_276,"WARNING: Authorization denied for DLV->ORD request (degraded, retrying)",Authorization,1322,SES_001951,REQ_00002975,2026-09-13 16:45:15
EVT_002976,IF_MFG_001,MFG,ASM,MsgBus,Async,Failed,MFG_VAL_277,Validation failed for payload from MFG,Validation,1752,SES_001952,REQ_00002976,2026-09-11 16:05:24
EVT_002977,IF_PRC_001,PRC,MFG,ESB,SOAP,Warning,PRC_NET_278,"WARNING: Network error contacting MFG: connection reset (degraded, retrying)",Network,2652,SES_001953,REQ_00002977,2026-09-13 16:53:15
EVT_002978,IF_MFG_003,MFG,DLV,ESB,CDC,Warning,MFG_TMO_279,"WARNING: Timeout waiting for DLV to respond (degraded, retrying)",Timeout,4239,SES_001954,REQ_00002978,2026-09-15 14:58:06
EVT_002979,IF_MFG_001,MFG,ASM,MsgBus,Async,Warning,MFG_NET_280,"WARNING: Network error contacting ASM: connection reset (degraded, retrying)",Network,1256,SES_001955,REQ_00002979,2026-09-10 11:42:30
EVT_002980,IF_ASM_002,ASM,MFG,API,REST,Warning,ASM_EXT_281,"WARNING: External service MFG returned an error response (degraded, retrying)",ExternalService,4645,SES_001955,REQ_00002980,2026-09-10 11:46:36
EVT_002981,IF_ASM_001,ASM,DLV,ESB,Batch,Warning,ASM_CFG_282,"WARNING: Configuration mismatch on ASM endpoint (degraded, retrying)",Configuration,3091,SES_001955,REQ_00002981,2026-09-10 11:43:02
EVT_002982,IF_PAY_001,PAY,ORD,API,REST,Warning,PAY_EXT_283,"WARNING: External service ORD returned an error response (degraded, retrying)",ExternalService,790,SES_001956,REQ_00002982,2026-09-14 15:28:01
EVT_002983,IF_ORD_001,ORD,MFG,MsgBus,Async,Warning,ORD_INFRA_284,"WARNING: Infrastructure fault on ORD: node unavailable (degraded, retrying)",Infrastructure,2138,SES_001956,REQ_00002983,2026-09-14 15:32:39
EVT_002984,IF_PAY_001,PAY,ORD,API,REST,Failed,PAY_TMO_285,Timeout waiting for ORD to respond,Timeout,607,SES_001957,REQ_00002984,2026-09-14 16:41:32
EVT_002985,IF_ORD_004,ORD,DLV,ESB,Batch,Warning,ORD_CFG_286,"WARNING: Configuration mismatch on ORD endpoint (degraded, retrying)",Configuration,3314,SES_001957,REQ_00002985,2026-09-14 16:41:54
EVT_002986,IF_DLV_002,DLV,PAY,MsgBus,Async,Failed,DLV_CFG_287,Configuration mismatch on DLV endpoint,Configuration,4373,SES_001958,REQ_00002986,2026-09-11 14:34:36
EVT_002987,IF_PAY_001,PAY,ORD,API,REST,Warning,PAY_INFRA_288,"WARNING: Infrastructure fault on PAY: node unavailable (degraded, retrying)",Infrastructure,861,SES_001959,REQ_00002987,2026-09-14 15:32:54
EVT_002988,IF_ORD_002,ORD,PAY,API,REST,Warning,ORD_EXT_289,"WARNING: External service PAY returned an error response (degraded, retrying)",ExternalService,2379,SES_001960,REQ_00002988,2026-09-12 08:42:35
EVT_002989,IF_ASM_002,ASM,MFG,API,REST,Warning,ASM_DB_290,"WARNING: Database ASM operation failed: connection pool exhausted (degraded, retrying)",Database,5368,SES_001961,REQ_00002989,2026-09-14 09:06:06
EVT_002990,IF_MFG_001,MFG,ASM,MsgBus,Async,Warning,MFG_TMO_291,"WARNING: Timeout waiting for ASM to respond (degraded, retrying)",Timeout,3367,SES_001961,REQ_00002990,2026-09-14 09:08:37
EVT_002991,IF_MFG_003,MFG,DLV,ESB,CDC,Warning,MFG_INFRA_292,"WARNING: Infrastructure fault on MFG: node unavailable (degraded, retrying)",Infrastructure,2070,SES_001961,REQ_00002991,2026-09-14 09:09:16
EVT_002992,IF_DLV_002,DLV,PAY,MsgBus,Async,Failed,DLV_AUTHZ_293,Authorization denied for DLV->PAY request,Authorization,3217,SES_001962,REQ_00002992,2026-09-12 20:14:51
EVT_002993,IF_PRC_002,PRC,ASM,MsgBus,Async,Failed,PRC_CAP_294,Capacity limit reached on PRC: request throttled,Capacity,1238,SES_001963,REQ_00002993,2026-09-14 13:26:16
EVT_002994,IF_ORD_001,ORD,MFG,MsgBus,Async,Failed,ORD_INFRA_295,Infrastructure fault on ORD: node unavailable,Infrastructure,571,SES_001964,REQ_00002994,2026-09-14 11:23:53
EVT_002995,IF_MFG_003,MFG,DLV,ESB,CDC,Warning,MFG_INFRA_296,"WARNING: Infrastructure fault on MFG: node unavailable (degraded, retrying)",Infrastructure,5877,SES_001965,REQ_00002995,2026-09-14 12:24:34
EVT_002996,IF_DLV_001,DLV,ORD,API,REST,Warning,DLV_CFG_297,"WARNING: Configuration mismatch on DLV endpoint (degraded, retrying)",Configuration,1337,SES_001965,REQ_00002996,2026-09-14 12:28:48
EVT_002997,IF_DLV_002,DLV,PAY,MsgBus,Async,Failed,DLV_CFG_298,Configuration mismatch on DLV endpoint,Configuration,1972,SES_001965,REQ_00002997,2026-09-14 12:28:21
EVT_002998,IF_ORD_001,ORD,MFG,MsgBus,Async,Failed,ORD_AUTHZ_299,Authorization denied for ORD->MFG request,Authorization,1040,SES_001966,REQ_00002998,2026-09-16 09:08:36
EVT_002999,IF_ORD_004,ORD,DLV,ESB,Batch,Warning,ORD_DB_300,"WARNING: Database ORD operation failed: connection pool exhausted (degraded, retrying)",Database,5725,SES_001967,REQ_00002999,2026-09-12 18:29:35
EVT_003000,IF_PAY_001,PAY,ORD,API,REST,Warning,PAY_AUTH_301,"WARNING: Authentication rejected between PAY and ORD (degraded, retrying)",Authentication,994,SES_001968,REQ_00003000,2026-09-14 13:56:08
